District,Year,Week,Humidity
CHAKE-CHAKE,2018,1,89.87142857142858
CHAKE-CHAKE,2018,2,90.2
CHAKE-CHAKE,2018,3,89.94285714285715
CHAKE-CHAKE,2018,4,90.64285714285714
CHAKE-CHAKE,2018,5,90.0
CHAKE-CHAKE,2018,6,90.78571428571429
CHAKE-CHAKE,2018,7,90.98571428571428
CHAKE-CHAKE,2018,8,89.84285714285714
CHAKE-CHAKE,2018,9,91.62857142857142
CHAKE-CHAKE,2018,10,91.87142857142858
CHAKE-CHAKE,2018,11,91.18571428571428
CHAKE-CHAKE,2018,12,91.3
CHAKE-CHAKE,2018,13,92.31428571428572
CHAKE-CHAKE,2018,14,96.61428571428571
CHAKE-CHAKE,2018,15,94.1
CHAKE-CHAKE,2018,16,95.71428571428571
CHAKE-CHAKE,2018,17,95.18571428571428
CHAKE-CHAKE,2018,18,94.47142857142856
CHAKE-CHAKE,2018,19,92.91428571428571
CHAKE-CHAKE,2018,20,93.94285714285715
CHAKE-CHAKE,2018,21,93.24285714285715
CHAKE-CHAKE,2018,22,91.39999999999999
CHAKE-CHAKE,2018,23,88.05714285714285
CHAKE-CHAKE,2018,24,88.85714285714286
CHAKE-CHAKE,2018,25,88.11428571428571
CHAKE-CHAKE,2018,26,87.57142857142857
CHAKE-CHAKE,2018,27,85.41428571428571
CHAKE-CHAKE,2018,28,86.44285714285715
CHAKE-CHAKE,2018,29,85.98571428571428
CHAKE-CHAKE,2018,30,85.02857142857144
CHAKE-CHAKE,2018,31,84.62857142857142
CHAKE-CHAKE,2018,32,83.87142857142858
CHAKE-CHAKE,2018,33,84.44285714285715
CHAKE-CHAKE,2018,34,84.54285714285713
CHAKE-CHAKE,2018,35,83.37142857142858
CHAKE-CHAKE,2018,36,84.68571428571428
CHAKE-CHAKE,2018,37,83.82857142857142
CHAKE-CHAKE,2018,38,84.82857142857142
CHAKE-CHAKE,2018,39,85.18571428571428
CHAKE-CHAKE,2018,40,88.24285714285715
CHAKE-CHAKE,2018,41,89.12857142857142
CHAKE-CHAKE,2018,42,89.22857142857143
CHAKE-CHAKE,2018,43,89.10000000000001
CHAKE-CHAKE,2018,44,92.60000000000001
CHAKE-CHAKE,2018,45,94.38571428571429
CHAKE-CHAKE,2018,46,92.87142857142858
CHAKE-CHAKE,2018,47,94.42857142857143
CHAKE-CHAKE,2018,48,93.31428571428572
CHAKE-CHAKE,2018,49,92.54285714285713
CHAKE-CHAKE,2018,50,93.27142857142857
CHAKE-CHAKE,2018,51,93.41428571428571
CHAKE-CHAKE,2018,52,92.89999999999999
CHAKE-CHAKE,2019,1,89.34285714285714
CHAKE-CHAKE,2019,2,88.67142857142858
CHAKE-CHAKE,2019,3,87.57142857142857
CHAKE-CHAKE,2019,4,88.78571428571429
CHAKE-CHAKE,2019,5,87.85714285714286
CHAKE-CHAKE,2019,6,87.77142857142857
CHAKE-CHAKE,2019,7,87.89999999999999
CHAKE-CHAKE,2019,8,88.05714285714285
CHAKE-CHAKE,2019,9,89.12857142857142
CHAKE-CHAKE,2019,10,92.48571428571428
CHAKE-CHAKE,2019,11,93.01428571428572
CHAKE-CHAKE,2019,12,91.31428571428572
CHAKE-CHAKE,2019,13,91.81428571428572
CHAKE-CHAKE,2019,14,93.25714285714285
CHAKE-CHAKE,2019,15,94.18571428571428
CHAKE-CHAKE,2019,16,93.82857142857142
CHAKE-CHAKE,2019,17,94.14285714285714
CHAKE-CHAKE,2019,18,95.44285714285715
CHAKE-CHAKE,2019,19,95.77142857142857
CHAKE-CHAKE,2019,20,93.82857142857142
CHAKE-CHAKE,2019,21,95.34285714285714
CHAKE-CHAKE,2019,22,92.3
CHAKE-CHAKE,2019,23,85.98571428571428
CHAKE-CHAKE,2019,24,86.44285714285715
CHAKE-CHAKE,2019,25,85.55714285714285
CHAKE-CHAKE,2019,26,86.74285714285715
CHAKE-CHAKE,2019,27,89.45714285714287
CHAKE-CHAKE,2019,28,89.45714285714287
CHAKE-CHAKE,2019,29,89.25714285714285
CHAKE-CHAKE,2019,30,89.48571428571428
CHAKE-CHAKE,2019,31,89.04285714285713
CHAKE-CHAKE,2019,32,90.98571428571428
CHAKE-CHAKE,2019,33,90.27142857142857
CHAKE-CHAKE,2019,34,91.14285714285714
CHAKE-CHAKE,2019,35,91.61428571428571
CHAKE-CHAKE,2019,36,88.42857142857143
CHAKE-CHAKE,2019,37,89.02857142857144
CHAKE-CHAKE,2019,38,89.32857142857144
CHAKE-CHAKE,2019,39,88.31428571428572
CHAKE-CHAKE,2019,40,94.75714285714285
CHAKE-CHAKE,2019,41,93.98571428571428
CHAKE-CHAKE,2019,42,94.55714285714285
CHAKE-CHAKE,2019,43,95.2
CHAKE-CHAKE,2019,44,94.52857142857144
CHAKE-CHAKE,2019,45,94.44285714285715
CHAKE-CHAKE,2019,46,94.64285714285714
CHAKE-CHAKE,2019,47,93.67142857142858
CHAKE-CHAKE,2019,48,95.11428571428571
CHAKE-CHAKE,2019,49,92.05714285714285
CHAKE-CHAKE,2019,50,93.61428571428571
CHAKE-CHAKE,2019,51,92.47142857142856
CHAKE-CHAKE,2019,52,93.87142857142858
CHAKE-CHAKE,2020,1,88.15714285714286
CHAKE-CHAKE,2020,2,85.89999999999999
CHAKE-CHAKE,2020,3,85.3
CHAKE-CHAKE,2020,4,86.04285714285713
CHAKE-CHAKE,2020,5,87.82857142857142
CHAKE-CHAKE,2020,6,93.0
CHAKE-CHAKE,2020,7,93.34285714285714
CHAKE-CHAKE,2020,8,92.60000000000001
CHAKE-CHAKE,2020,9,92.34285714285714
CHAKE-CHAKE,2020,10,92.48571428571428
CHAKE-CHAKE,2020,11,93.12857142857142
CHAKE-CHAKE,2020,12,93.15714285714286
CHAKE-CHAKE,2020,13,92.3
CHAKE-CHAKE,2020,14,87.65714285714286
CHAKE-CHAKE,2020,15,85.38571428571429
CHAKE-CHAKE,2020,16,84.98571428571428
CHAKE-CHAKE,2020,17,84.88571428571429
CHAKE-CHAKE,2020,18,87.67142857142858
CHAKE-CHAKE,2020,19,90.17142857142858
CHAKE-CHAKE,2020,20,91.32857142857142
CHAKE-CHAKE,2020,21,90.65714285714286
CHAKE-CHAKE,2020,22,92.31428571428572
CHAKE-CHAKE,2020,23,86.62857142857142
CHAKE-CHAKE,2020,24,86.38571428571429
CHAKE-CHAKE,2020,25,86.52857142857144
CHAKE-CHAKE,2020,26,87.12857142857142
CHAKE-CHAKE,2020,27,81.11428571428571
CHAKE-CHAKE,2020,28,80.12857142857142
CHAKE-CHAKE,2020,29,79.72857142857143
CHAKE-CHAKE,2020,30,81.12857142857142
CHAKE-CHAKE,2020,31,81.28571428571429
CHAKE-CHAKE,2020,32,85.91428571428571
CHAKE-CHAKE,2020,33,84.78571428571429
CHAKE-CHAKE,2020,34,85.74285714285715
CHAKE-CHAKE,2020,35,85.64285714285714
CHAKE-CHAKE,2020,36,87.85714285714286
CHAKE-CHAKE,2020,37,88.0
CHAKE-CHAKE,2020,38,87.1857142857143
CHAKE-CHAKE,2020,39,89.10000000000001
CHAKE-CHAKE,2020,40,88.8142857142857
CHAKE-CHAKE,2020,41,90.32857142857142
CHAKE-CHAKE,2020,42,89.60000000000001
CHAKE-CHAKE,2020,43,90.68571428571428
CHAKE-CHAKE,2020,44,90.34285714285714
CHAKE-CHAKE,2020,45,91.0
CHAKE-CHAKE,2020,46,90.51428571428572
CHAKE-CHAKE,2020,47,90.21428571428571
CHAKE-CHAKE,2020,48,91.08571428571429
CHAKE-CHAKE,2020,49,89.25714285714285
CHAKE-CHAKE,2020,50,90.34285714285714
CHAKE-CHAKE,2020,51,89.84285714285714
CHAKE-CHAKE,2020,52,90.25714285714285
CHAKE-CHAKE,2021,1,89.07142857142857
CHAKE-CHAKE,2021,2,90.21428571428571
CHAKE-CHAKE,2021,3,90.05714285714285
CHAKE-CHAKE,2021,4,89.97142857142858
CHAKE-CHAKE,2021,5,88.51428571428572
CHAKE-CHAKE,2021,6,90.52857142857144
CHAKE-CHAKE,2021,7,90.24285714285715
CHAKE-CHAKE,2021,8,89.75714285714285
CHAKE-CHAKE,2021,9,69.04285714285714
CHAKE-CHAKE,2021,10,69.32857142857144
CHAKE-CHAKE,2021,11,69.07142857142857
CHAKE-CHAKE,2021,12,69.61428571428571
CHAKE-CHAKE,2021,13,77.98571428571428
CHAKE-CHAKE,2021,14,85.14285714285714
CHAKE-CHAKE,2021,15,84.72857142857143
CHAKE-CHAKE,2021,16,84.74285714285715
CHAKE-CHAKE,2021,17,86.0
CHAKE-CHAKE,2021,18,86.61428571428571
CHAKE-CHAKE,2021,19,87.37142857142858
CHAKE-CHAKE,2021,20,87.68571428571428
CHAKE-CHAKE,2021,21,88.38571428571429
CHAKE-CHAKE,2021,22,86.51428571428572
CHAKE-CHAKE,2021,23,85.61428571428571
CHAKE-CHAKE,2021,24,85.42857142857143
CHAKE-CHAKE,2021,25,84.81428571428572
CHAKE-CHAKE,2021,26,83.2
CHAKE-CHAKE,2021,27,82.89999999999999
CHAKE-CHAKE,2021,28,82.65714285714286
CHAKE-CHAKE,2021,29,83.28571428571429
CHAKE-CHAKE,2021,30,83.07142857142857
CHAKE-CHAKE,2021,31,86.07142857142857
CHAKE-CHAKE,2021,32,85.91428571428571
CHAKE-CHAKE,2021,33,86.07142857142857
CHAKE-CHAKE,2021,34,85.87142857142858
CHAKE-CHAKE,2021,35,84.84285714285714
CHAKE-CHAKE,2021,36,85.18571428571428
CHAKE-CHAKE,2021,37,83.88571428571429
CHAKE-CHAKE,2021,38,84.77142857142857
CHAKE-CHAKE,2021,39,84.88571428571429
CHAKE-CHAKE,2021,40,87.48571428571428
CHAKE-CHAKE,2021,41,88.01428571428572
CHAKE-CHAKE,2021,42,87.27142857142857
CHAKE-CHAKE,2021,43,86.5
CHAKE-CHAKE,2021,44,88.97142857142856
CHAKE-CHAKE,2021,45,89.27142857142857
CHAKE-CHAKE,2021,46,89.35714285714286
CHAKE-CHAKE,2021,47,89.61428571428571
CHAKE-CHAKE,2021,48,91.1857142857143
CHAKE-CHAKE,2021,49,92.5
CHAKE-CHAKE,2021,50,90.84285714285714
CHAKE-CHAKE,2021,51,90.78571428571429
CHAKE-CHAKE,2021,52,86.15714285714286
CHAKE-CHAKE,2022,1,76.52857142857144
CHAKE-CHAKE,2022,2,75.98571428571428
CHAKE-CHAKE,2022,3,75.6857142857143
CHAKE-CHAKE,2022,4,76.7
CHAKE-CHAKE,2022,5,76.78571428571429
CHAKE-CHAKE,2022,6,77.68571428571428
CHAKE-CHAKE,2022,7,77.07142857142857
CHAKE-CHAKE,2022,8,76.94285714285715
CHAKE-CHAKE,2022,9,69.98571428571428
CHAKE-CHAKE,2022,10,68.87142857142858
CHAKE-CHAKE,2022,11,68.92857142857143
CHAKE-CHAKE,2022,12,68.64285714285714
CHAKE-CHAKE,2022,13,73.55714285714285
CHAKE-CHAKE,2022,14,81.91428571428571
CHAKE-CHAKE,2022,15,79.12857142857142
CHAKE-CHAKE,2022,16,79.18571428571428
CHAKE-CHAKE,2022,17,81.57142857142857
CHAKE-CHAKE,2022,18,85.15714285714286
CHAKE-CHAKE,2022,19,86.32857142857142
CHAKE-CHAKE,2022,20,86.0
CHAKE-CHAKE,2022,21,86.02857142857144
CHAKE-CHAKE,2022,22,30.585714285714285
CHAKE-CHAKE,2022,23,9.957142857142857
CHAKE-CHAKE,2022,24,9.285714285714286
CHAKE-CHAKE,2022,25,8.742857142857144
CHAKE-CHAKE,2022,26,45.642857142857146
CHAKE-CHAKE,2022,27,93.55714285714285
CHAKE-CHAKE,2022,28,94.39999999999999
CHAKE-CHAKE,2022,29,94.60000000000001
CHAKE-CHAKE,2022,30,94.61428571428571
CHAKE-CHAKE,2022,31,89.39999999999999
CHAKE-CHAKE,2022,32,89.55714285714285
CHAKE-CHAKE,2022,33,89.07142857142857
CHAKE-CHAKE,2022,34,88.34285714285714
CHAKE-CHAKE,2022,35,89.62857142857142
CHAKE-CHAKE,2022,36,88.52857142857144
CHAKE-CHAKE,2022,37,87.35714285714286
CHAKE-CHAKE,2022,38,87.4
CHAKE-CHAKE,2022,39,88.61428571428571
CHAKE-CHAKE,2022,40,90.68571428571428
CHAKE-CHAKE,2022,41,90.24285714285715
CHAKE-CHAKE,2022,42,90.02857142857144
CHAKE-CHAKE,2022,43,89.84285714285714
CHAKE-CHAKE,2022,44,92.42857142857143
CHAKE-CHAKE,2022,45,92.34285714285714
CHAKE-CHAKE,2022,46,92.92857142857143
CHAKE-CHAKE,2022,47,93.38571428571429
CHAKE-CHAKE,2022,48,93.92857142857143
CHAKE-CHAKE,2022,49,94.02857142857144
CHAKE-CHAKE,2022,50,94.25714285714285
CHAKE-CHAKE,2022,51,94.68571428571428
CHAKE-CHAKE,2022,52,93.02857142857144
CHAKE-CHAKE,2023,1,86.38571428571429
CHAKE-CHAKE,2023,2,86.74285714285715
CHAKE-CHAKE,2023,3,87.47142857142856
CHAKE-CHAKE,2023,4,86.24285714285715
CHAKE-CHAKE,2023,5,89.28571428571429
CHAKE-CHAKE,2023,6,90.98571428571428
CHAKE-CHAKE,2023,7,89.97142857142856
CHAKE-CHAKE,2023,8,91.15714285714286
CHAKE-CHAKE,2023,9,92.08571428571429
CHAKE-CHAKE,2023,10,92.2
CHAKE-CHAKE,2023,11,92.08571428571429
CHAKE-CHAKE,2023,12,91.68571428571428
CHAKE-CHAKE,2023,13,91.47142857142856
CHAKE-CHAKE,2023,14,89.2
CHAKE-CHAKE,2023,15,90.35714285714286
CHAKE-CHAKE,2023,16,89.88571428571429
CHAKE-CHAKE,2023,17,90.34285714285714
CHAKE-CHAKE,2023,18,96.54285714285713
CHAKE-CHAKE,2023,19,95.58571428571429
CHAKE-CHAKE,2023,20,95.17142857142858
CHAKE-CHAKE,2023,21,95.04285714285713
CHAKE-CHAKE,2023,22,93.67142857142858
CHAKE-CHAKE,2023,23,90.8
CHAKE-CHAKE,2023,24,90.58571428571429
CHAKE-CHAKE,2023,25,90.05714285714285
CHAKE-CHAKE,2023,26,87.91428571428571
CHAKE-CHAKE,2023,27,84.92857142857143
CHAKE-CHAKE,2023,28,84.78571428571429
CHAKE-CHAKE,2023,29,84.89999999999999
CHAKE-CHAKE,2023,30,85.02857142857144
CHAKE-CHAKE,2023,31,85.88571428571429
CHAKE-CHAKE,2023,32,87.34285714285714
CHAKE-CHAKE,2023,33,85.82857142857142
CHAKE-CHAKE,2023,34,87.38571428571427
CHAKE-CHAKE,2023,35,88.04285714285713
CHAKE-CHAKE,2023,36,88.81428571428572
CHAKE-CHAKE,2023,37,87.74285714285715
CHAKE-CHAKE,2023,38,88.7
CHAKE-CHAKE,2023,39,89.17142857142858
CHAKE-CHAKE,2023,40,90.97142857142856
CHAKE-CHAKE,2023,41,92.05714285714285
CHAKE-CHAKE,2023,42,92.51428571428572
CHAKE-CHAKE,2023,43,92.11428571428571
CHAKE-CHAKE,2023,44,94.31428571428572
CHAKE-CHAKE,2023,45,94.44285714285715
CHAKE-CHAKE,2023,46,96.11428571428571
CHAKE-CHAKE,2023,47,94.91428571428571
CHAKE-CHAKE,2023,48,92.37142857142858
CHAKE-CHAKE,2023,49,90.55714285714285
CHAKE-CHAKE,2023,50,89.89999999999999
CHAKE-CHAKE,2023,51,90.22857142857143
CHAKE-CHAKE,2023,52,90.38571428571429
KASKAZINI A,2018,1,70.55714285714285
KASKAZINI A,2018,2,71.18571428571428
KASKAZINI A,2018,3,71.85714285714286
KASKAZINI A,2018,4,71.85714285714286
KASKAZINI A,2018,5,67.0
KASKAZINI A,2018,6,63.199999999999996
KASKAZINI A,2018,7,63.1
KASKAZINI A,2018,8,63.57142857142857
KASKAZINI A,2018,9,65.65714285714286
KASKAZINI A,2018,10,67.78571428571429
KASKAZINI A,2018,11,67.78571428571429
KASKAZINI A,2018,12,68.88571428571429
KASKAZINI A,2018,13,71.51428571428572
KASKAZINI A,2018,14,88.27142857142857
KASKAZINI A,2018,15,88.45714285714287
KASKAZINI A,2018,16,88.24285714285715
KASKAZINI A,2018,17,87.91428571428571
KASKAZINI A,2018,18,86.61428571428571
KASKAZINI A,2018,19,86.17142857142858
KASKAZINI A,2018,20,85.84285714285714
KASKAZINI A,2018,21,85.58571428571429
KASKAZINI A,2018,22,75.58571428571429
KASKAZINI A,2018,23,63.75714285714286
KASKAZINI A,2018,24,62.18571428571429
KASKAZINI A,2018,25,63.75714285714286
KASKAZINI A,2018,26,63.08571428571429
KASKAZINI A,2018,27,61.74285714285714
KASKAZINI A,2018,28,61.75714285714286
KASKAZINI A,2018,29,61.48571428571428
KASKAZINI A,2018,30,61.84285714285714
KASKAZINI A,2018,31,67.58571428571429
KASKAZINI A,2018,32,69.47142857142856
KASKAZINI A,2018,33,69.34285714285714
KASKAZINI A,2018,34,68.14285714285714
KASKAZINI A,2018,35,65.45714285714286
KASKAZINI A,2018,36,58.18571428571429
KASKAZINI A,2018,37,58.65714285714286
KASKAZINI A,2018,38,58.05714285714286
KASKAZINI A,2018,39,58.91428571428571
KASKAZINI A,2018,40,69.32857142857144
KASKAZINI A,2018,41,67.57142857142857
KASKAZINI A,2018,42,68.92857142857143
KASKAZINI A,2018,43,68.31428571428572
KASKAZINI A,2018,44,69.04285714285714
KASKAZINI A,2018,45,70.51428571428572
KASKAZINI A,2018,46,71.32857142857144
KASKAZINI A,2018,47,70.67142857142856
KASKAZINI A,2018,48,70.78571428571429
KASKAZINI A,2018,49,69.62857142857142
KASKAZINI A,2018,50,68.92857142857143
KASKAZINI A,2018,51,68.88571428571429
KASKAZINI A,2018,52,68.7
KASKAZINI A,2019,1,68.08571428571429
KASKAZINI A,2019,2,67.98571428571428
KASKAZINI A,2019,3,67.54285714285714
KASKAZINI A,2019,4,67.45714285714286
KASKAZINI A,2019,5,69.81428571428572
KASKAZINI A,2019,6,71.85714285714286
KASKAZINI A,2019,7,71.47142857142858
KASKAZINI A,2019,8,72.07142857142857
KASKAZINI A,2019,9,74.98571428571428
KASKAZINI A,2019,10,77.71428571428571
KASKAZINI A,2019,11,76.22857142857143
KASKAZINI A,2019,12,77.39999999999999
KASKAZINI A,2019,13,77.52857142857144
KASKAZINI A,2019,14,85.8
KASKAZINI A,2019,15,84.62857142857142
KASKAZINI A,2019,16,85.74285714285715
KASKAZINI A,2019,17,84.68571428571428
KASKAZINI A,2019,18,86.52857142857144
KASKAZINI A,2019,19,87.22857142857143
KASKAZINI A,2019,20,87.8
KASKAZINI A,2019,21,87.34285714285714
KASKAZINI A,2019,22,84.82857142857142
KASKAZINI A,2019,23,80.32857142857142
KASKAZINI A,2019,24,80.74285714285715
KASKAZINI A,2019,25,80.05714285714285
KASKAZINI A,2019,26,80.05714285714285
KASKAZINI A,2019,27,75.45714285714287
KASKAZINI A,2019,28,76.32857142857142
KASKAZINI A,2019,29,76.88571428571429
KASKAZINI A,2019,30,76.77142857142857
KASKAZINI A,2019,31,77.51428571428572
KASKAZINI A,2019,32,77.8
KASKAZINI A,2019,33,78.89999999999999
KASKAZINI A,2019,34,76.38571428571429
KASKAZINI A,2019,35,79.84285714285714
KASKAZINI A,2019,36,87.52857142857144
KASKAZINI A,2019,37,88.18571428571428
KASKAZINI A,2019,38,87.7
KASKAZINI A,2019,39,87.28571428571429
KASKAZINI A,2019,40,85.98571428571428
KASKAZINI A,2019,41,86.98571428571428
KASKAZINI A,2019,42,86.04285714285713
KASKAZINI A,2019,43,85.57142857142857
KASKAZINI A,2019,44,84.42857142857143
KASKAZINI A,2019,45,84.15714285714286
KASKAZINI A,2019,46,85.68571428571428
KASKAZINI A,2019,47,83.68571428571428
KASKAZINI A,2019,48,84.44285714285715
KASKAZINI A,2019,49,81.38571428571429
KASKAZINI A,2019,50,80.48571428571428
KASKAZINI A,2019,51,81.77142857142857
KASKAZINI A,2019,52,81.52857142857144
KASKAZINI A,2020,1,81.01428571428572
KASKAZINI A,2020,2,81.74285714285715
KASKAZINI A,2020,3,81.58571428571429
KASKAZINI A,2020,4,81.91428571428571
KASKAZINI A,2020,5,81.0
KASKAZINI A,2020,6,79.38571428571429
KASKAZINI A,2020,7,79.25714285714285
KASKAZINI A,2020,8,79.74285714285715
KASKAZINI A,2020,9,79.47142857142856
KASKAZINI A,2020,10,80.65714285714286
KASKAZINI A,2020,11,80.17142857142858
KASKAZINI A,2020,12,79.71428571428571
KASKAZINI A,2020,13,81.10000000000001
KASKAZINI A,2020,14,84.92857142857143
KASKAZINI A,2020,15,87.21428571428571
KASKAZINI A,2020,16,87.0
KASKAZINI A,2020,17,86.37142857142858
KASKAZINI A,2020,18,83.22857142857143
KASKAZINI A,2020,19,79.8
KASKAZINI A,2020,20,79.85714285714286
KASKAZINI A,2020,21,80.64285714285714
KASKAZINI A,2020,22,80.87142857142858
KASKAZINI A,2020,23,74.17142857142858
KASKAZINI A,2020,24,75.61428571428571
KASKAZINI A,2020,25,73.60000000000001
KASKAZINI A,2020,26,74.72857142857143
KASKAZINI A,2020,27,71.91428571428573
KASKAZINI A,2020,28,73.2
KASKAZINI A,2020,29,72.64285714285714
KASKAZINI A,2020,30,72.4
KASKAZINI A,2020,31,74.10000000000001
KASKAZINI A,2020,32,76.89999999999999
KASKAZINI A,2020,33,77.48571428571428
KASKAZINI A,2020,34,76.2
KASKAZINI A,2020,35,75.51428571428572
KASKAZINI A,2020,36,76.34285714285714
KASKAZINI A,2020,37,74.68571428571428
KASKAZINI A,2020,38,76.68571428571428
KASKAZINI A,2020,39,76.11428571428571
KASKAZINI A,2020,40,77.17142857142858
KASKAZINI A,2020,41,78.77142857142857
KASKAZINI A,2020,42,78.74285714285715
KASKAZINI A,2020,43,77.71428571428571
KASKAZINI A,2020,44,78.37142857142858
KASKAZINI A,2020,45,81.42857142857143
KASKAZINI A,2020,46,81.15714285714286
KASKAZINI A,2020,47,81.82857142857142
KASKAZINI A,2020,48,82.67142857142858
KASKAZINI A,2020,49,79.89999999999999
KASKAZINI A,2020,50,78.94285714285715
KASKAZINI A,2020,51,79.38571428571429
KASKAZINI A,2020,52,79.21428571428571
KASKAZINI A,2021,1,77.52857142857144
KASKAZINI A,2021,2,76.87142857142858
KASKAZINI A,2021,3,76.07142857142857
KASKAZINI A,2021,4,75.81428571428572
KASKAZINI A,2021,5,77.35714285714286
KASKAZINI A,2021,6,78.39999999999999
KASKAZINI A,2021,7,78.14285714285714
KASKAZINI A,2021,8,78.04285714285713
KASKAZINI A,2021,9,74.58571428571429
KASKAZINI A,2021,10,74.3
KASKAZINI A,2021,11,75.08571428571429
KASKAZINI A,2021,12,75.01428571428572
KASKAZINI A,2021,13,77.67142857142858
KASKAZINI A,2021,14,82.3
KASKAZINI A,2021,15,82.48571428571428
KASKAZINI A,2021,16,82.85714285714286
KASKAZINI A,2021,17,80.41428571428571
KASKAZINI A,2021,18,77.77142857142857
KASKAZINI A,2021,19,77.35714285714286
KASKAZINI A,2021,20,76.87142857142858
KASKAZINI A,2021,21,76.92857142857143
KASKAZINI A,2021,22,75.17142857142858
KASKAZINI A,2021,23,74.3
KASKAZINI A,2021,24,74.77142857142857
KASKAZINI A,2021,25,75.45714285714287
KASKAZINI A,2021,26,73.42857142857143
KASKAZINI A,2021,27,73.45714285714287
KASKAZINI A,2021,28,74.35714285714286
KASKAZINI A,2021,29,73.25714285714285
KASKAZINI A,2021,30,73.14285714285714
KASKAZINI A,2021,31,75.18571428571428
KASKAZINI A,2021,32,76.51428571428572
KASKAZINI A,2021,33,75.18571428571428
KASKAZINI A,2021,34,75.91428571428571
KASKAZINI A,2021,35,74.94285714285715
KASKAZINI A,2021,36,73.39999999999999
KASKAZINI A,2021,37,74.60000000000001
KASKAZINI A,2021,38,73.91428571428571
KASKAZINI A,2021,39,73.68571428571428
KASKAZINI A,2021,40,75.05714285714285
KASKAZINI A,2021,41,75.12857142857142
KASKAZINI A,2021,42,74.67142857142858
KASKAZINI A,2021,43,73.1
KASKAZINI A,2021,44,73.62857142857142
KASKAZINI A,2021,45,73.95714285714287
KASKAZINI A,2021,46,73.95714285714287
KASKAZINI A,2021,47,74.07142857142857
KASKAZINI A,2021,48,79.41428571428571
KASKAZINI A,2021,49,82.01428571428572
KASKAZINI A,2021,50,82.01428571428572
KASKAZINI A,2021,51,82.31428571428572
KASKAZINI A,2021,52,81.15714285714286
KASKAZINI A,2022,1,80.24285714285715
KASKAZINI A,2022,2,79.54285714285713
KASKAZINI A,2022,3,79.7
KASKAZINI A,2022,4,79.38571428571429
KASKAZINI A,2022,5,82.89999999999999
KASKAZINI A,2022,6,83.11428571428571
KASKAZINI A,2022,7,82.38571428571429
KASKAZINI A,2022,8,83.87142857142858
KASKAZINI A,2022,9,81.22857142857143
KASKAZINI A,2022,10,80.5
KASKAZINI A,2022,11,80.47142857142856
KASKAZINI A,2022,12,79.97142857142856
KASKAZINI A,2022,13,82.58571428571429
KASKAZINI A,2022,14,85.32857142857142
KASKAZINI A,2022,15,85.22857142857143
KASKAZINI A,2022,16,84.81428571428572
KASKAZINI A,2022,17,84.74285714285715
KASKAZINI A,2022,18,84.08571428571429
KASKAZINI A,2022,19,84.27142857142857
KASKAZINI A,2022,20,85.21428571428571
KASKAZINI A,2022,21,84.65714285714286
KASKAZINI A,2022,22,83.8
KASKAZINI A,2022,23,83.81428571428572
KASKAZINI A,2022,24,83.61428571428571
KASKAZINI A,2022,25,84.45714285714287
KASKAZINI A,2022,26,86.41428571428571
KASKAZINI A,2022,27,88.2
KASKAZINI A,2022,28,88.11428571428571
KASKAZINI A,2022,29,87.60000000000001
KASKAZINI A,2022,30,88.17142857142858
KASKAZINI A,2022,31,84.05714285714285
KASKAZINI A,2022,32,84.45714285714287
KASKAZINI A,2022,33,85.78571428571429
KASKAZINI A,2022,34,84.39999999999999
KASKAZINI A,2022,35,79.21428571428571
KASKAZINI A,2022,36,74.98571428571428
KASKAZINI A,2022,37,75.72857142857143
KASKAZINI A,2022,38,75.91428571428571
KASKAZINI A,2022,39,75.68571428571428
KASKAZINI A,2022,40,71.68571428571428
KASKAZINI A,2022,41,71.5
KASKAZINI A,2022,42,71.57142857142857
KASKAZINI A,2022,43,72.37142857142858
KASKAZINI A,2022,44,75.28571428571429
KASKAZINI A,2022,45,76.72857142857143
KASKAZINI A,2022,46,75.24285714285715
KASKAZINI A,2022,47,76.42857142857143
KASKAZINI A,2022,48,74.05714285714285
KASKAZINI A,2022,49,73.97142857142858
KASKAZINI A,2022,50,74.91428571428571
KASKAZINI A,2022,51,74.27142857142857
KASKAZINI A,2022,52,74.55714285714285
KASKAZINI A,2023,1,79.87142857142858
KASKAZINI A,2023,2,79.87142857142858
KASKAZINI A,2023,3,80.21428571428571
KASKAZINI A,2023,4,79.17142857142858
KASKAZINI A,2023,5,76.35714285714286
KASKAZINI A,2023,6,74.61428571428571
KASKAZINI A,2023,7,74.88571428571429
KASKAZINI A,2023,8,75.98571428571428
KASKAZINI A,2023,9,76.28571428571429
KASKAZINI A,2023,10,77.89999999999999
KASKAZINI A,2023,11,78.15714285714286
KASKAZINI A,2023,12,77.98571428571428
KASKAZINI A,2023,13,82.12857142857142
KASKAZINI A,2023,14,90.67142857142858
KASKAZINI A,2023,15,90.39999999999999
KASKAZINI A,2023,16,90.31428571428572
KASKAZINI A,2023,17,90.38571428571429
KASKAZINI A,2023,18,85.6
KASKAZINI A,2023,19,85.81428571428572
KASKAZINI A,2023,20,86.5
KASKAZINI A,2023,21,86.17142857142858
KASKAZINI A,2023,22,86.31428571428572
KASKAZINI A,2023,23,86.21428571428571
KASKAZINI A,2023,24,85.65714285714286
KASKAZINI A,2023,25,86.14285714285714
KASKAZINI A,2023,26,86.15714285714286
KASKAZINI A,2023,27,87.71428571428571
KASKAZINI A,2023,28,88.42857142857143
KASKAZINI A,2023,29,87.98571428571428
KASKAZINI A,2023,30,87.88571428571429
KASKAZINI A,2023,31,86.72857142857143
KASKAZINI A,2023,32,85.75714285714285
KASKAZINI A,2023,33,84.05714285714285
KASKAZINI A,2023,34,83.38571428571429
KASKAZINI A,2023,35,82.24285714285715
KASKAZINI A,2023,36,80.68571428571428
KASKAZINI A,2023,37,80.89999999999999
KASKAZINI A,2023,38,80.45714285714287
KASKAZINI A,2023,39,79.39999999999999
KASKAZINI A,2023,40,70.27142857142857
KASKAZINI A,2023,41,69.38571428571429
KASKAZINI A,2023,42,69.1
KASKAZINI A,2023,43,69.54285714285714
KASKAZINI A,2023,44,74.71428571428571
KASKAZINI A,2023,45,76.35714285714286
KASKAZINI A,2023,46,76.95714285714287
KASKAZINI A,2023,47,77.15714285714286
KASKAZINI A,2023,48,77.67142857142858
KASKAZINI A,2023,49,77.34285714285714
KASKAZINI A,2023,50,78.5
KASKAZINI A,2023,51,78.47142857142856
KASKAZINI A,2023,52,77.84285714285714
KASKAZINI B,2018,1,70.55714285714285
KASKAZINI B,2018,2,71.18571428571428
KASKAZINI B,2018,3,71.85714285714286
KASKAZINI B,2018,4,71.85714285714286
KASKAZINI B,2018,5,67.0
KASKAZINI B,2018,6,63.199999999999996
KASKAZINI B,2018,7,63.1
KASKAZINI B,2018,8,63.57142857142857
KASKAZINI B,2018,9,65.65714285714286
KASKAZINI B,2018,10,67.78571428571429
KASKAZINI B,2018,11,67.78571428571429
KASKAZINI B,2018,12,68.88571428571429
KASKAZINI B,2018,13,71.51428571428572
KASKAZINI B,2018,14,88.27142857142857
KASKAZINI B,2018,15,88.45714285714287
KASKAZINI B,2018,16,88.24285714285715
KASKAZINI B,2018,17,87.91428571428571
KASKAZINI B,2018,18,86.61428571428571
KASKAZINI B,2018,19,86.17142857142858
KASKAZINI B,2018,20,85.84285714285714
KASKAZINI B,2018,21,85.58571428571429
KASKAZINI B,2018,22,75.58571428571429
KASKAZINI B,2018,23,63.75714285714286
KASKAZINI B,2018,24,62.18571428571429
KASKAZINI B,2018,25,63.75714285714286
KASKAZINI B,2018,26,63.08571428571429
KASKAZINI B,2018,27,61.74285714285714
KASKAZINI B,2018,28,61.75714285714286
KASKAZINI B,2018,29,61.48571428571428
KASKAZINI B,2018,30,61.84285714285714
KASKAZINI B,2018,31,67.58571428571429
KASKAZINI B,2018,32,69.47142857142856
KASKAZINI B,2018,33,69.34285714285714
KASKAZINI B,2018,34,68.14285714285714
KASKAZINI B,2018,35,65.45714285714286
KASKAZINI B,2018,36,58.18571428571429
KASKAZINI B,2018,37,58.65714285714286
KASKAZINI B,2018,38,58.05714285714286
KASKAZINI B,2018,39,58.91428571428571
KASKAZINI B,2018,40,69.32857142857144
KASKAZINI B,2018,41,67.57142857142857
KASKAZINI B,2018,42,68.92857142857143
KASKAZINI B,2018,43,68.31428571428572
KASKAZINI B,2018,44,69.04285714285714
KASKAZINI B,2018,45,70.51428571428572
KASKAZINI B,2018,46,71.32857142857144
KASKAZINI B,2018,47,70.67142857142856
KASKAZINI B,2018,48,70.78571428571429
KASKAZINI B,2018,49,69.62857142857142
KASKAZINI B,2018,50,68.92857142857143
KASKAZINI B,2018,51,68.88571428571429
KASKAZINI B,2018,52,68.7
KASKAZINI B,2019,1,68.08571428571429
KASKAZINI B,2019,2,67.98571428571428
KASKAZINI B,2019,3,67.54285714285714
KASKAZINI B,2019,4,67.45714285714286
KASKAZINI B,2019,5,69.81428571428572
KASKAZINI B,2019,6,71.85714285714286
KASKAZINI B,2019,7,71.47142857142858
KASKAZINI B,2019,8,72.07142857142857
KASKAZINI B,2019,9,74.98571428571428
KASKAZINI B,2019,10,77.71428571428571
KASKAZINI B,2019,11,76.22857142857143
KASKAZINI B,2019,12,77.39999999999999
KASKAZINI B,2019,13,77.52857142857144
KASKAZINI B,2019,14,85.8
KASKAZINI B,2019,15,84.62857142857142
KASKAZINI B,2019,16,85.74285714285715
KASKAZINI B,2019,17,84.68571428571428
KASKAZINI B,2019,18,86.52857142857144
KASKAZINI B,2019,19,87.22857142857143
KASKAZINI B,2019,20,87.8
KASKAZINI B,2019,21,87.34285714285714
KASKAZINI B,2019,22,84.82857142857142
KASKAZINI B,2019,23,80.32857142857142
KASKAZINI B,2019,24,80.74285714285715
KASKAZINI B,2019,25,80.05714285714285
KASKAZINI B,2019,26,80.05714285714285
KASKAZINI B,2019,27,75.45714285714287
KASKAZINI B,2019,28,76.32857142857142
KASKAZINI B,2019,29,76.88571428571429
KASKAZINI B,2019,30,76.77142857142857
KASKAZINI B,2019,31,77.51428571428572
KASKAZINI B,2019,32,77.8
KASKAZINI B,2019,33,78.89999999999999
KASKAZINI B,2019,34,76.38571428571429
KASKAZINI B,2019,35,79.84285714285714
KASKAZINI B,2019,36,87.52857142857144
KASKAZINI B,2019,37,88.18571428571428
KASKAZINI B,2019,38,87.7
KASKAZINI B,2019,39,87.28571428571429
KASKAZINI B,2019,40,85.98571428571428
KASKAZINI B,2019,41,86.98571428571428
KASKAZINI B,2019,42,86.04285714285713
KASKAZINI B,2019,43,85.57142857142857
KASKAZINI B,2019,44,84.42857142857143
KASKAZINI B,2019,45,84.15714285714286
KASKAZINI B,2019,46,85.68571428571428
KASKAZINI B,2019,47,83.68571428571428
KASKAZINI B,2019,48,84.44285714285715
KASKAZINI B,2019,49,81.38571428571429
KASKAZINI B,2019,50,80.48571428571428
KASKAZINI B,2019,51,81.77142857142857
KASKAZINI B,2019,52,81.52857142857144
KASKAZINI B,2020,1,81.01428571428572
KASKAZINI B,2020,2,81.74285714285715
KASKAZINI B,2020,3,81.58571428571429
KASKAZINI B,2020,4,81.91428571428571
KASKAZINI B,2020,5,81.0
KASKAZINI B,2020,6,79.38571428571429
KASKAZINI B,2020,7,79.25714285714285
KASKAZINI B,2020,8,79.74285714285715
KASKAZINI B,2020,9,79.47142857142856
KASKAZINI B,2020,10,80.65714285714286
KASKAZINI B,2020,11,80.17142857142858
KASKAZINI B,2020,12,79.71428571428571
KASKAZINI B,2020,13,81.10000000000001
KASKAZINI B,2020,14,84.92857142857143
KASKAZINI B,2020,15,87.21428571428571
KASKAZINI B,2020,16,87.0
KASKAZINI B,2020,17,86.37142857142858
KASKAZINI B,2020,18,83.22857142857143
KASKAZINI B,2020,19,79.8
KASKAZINI B,2020,20,79.85714285714286
KASKAZINI B,2020,21,80.64285714285714
KASKAZINI B,2020,22,80.87142857142858
KASKAZINI B,2020,23,74.17142857142858
KASKAZINI B,2020,24,75.61428571428571
KASKAZINI B,2020,25,73.60000000000001
KASKAZINI B,2020,26,74.72857142857143
KASKAZINI B,2020,27,71.91428571428573
KASKAZINI B,2020,28,73.2
KASKAZINI B,2020,29,72.64285714285714
KASKAZINI B,2020,30,72.4
KASKAZINI B,2020,31,74.10000000000001
KASKAZINI B,2020,32,76.89999999999999
KASKAZINI B,2020,33,77.48571428571428
KASKAZINI B,2020,34,76.2
KASKAZINI B,2020,35,75.51428571428572
KASKAZINI B,2020,36,76.34285714285714
KASKAZINI B,2020,37,74.68571428571428
KASKAZINI B,2020,38,76.68571428571428
KASKAZINI B,2020,39,76.11428571428571
KASKAZINI B,2020,40,77.17142857142858
KASKAZINI B,2020,41,78.77142857142857
KASKAZINI B,2020,42,78.74285714285715
KASKAZINI B,2020,43,77.71428571428571
KASKAZINI B,2020,44,78.37142857142858
KASKAZINI B,2020,45,81.42857142857143
KASKAZINI B,2020,46,81.15714285714286
KASKAZINI B,2020,47,81.82857142857142
KASKAZINI B,2020,48,82.67142857142858
KASKAZINI B,2020,49,79.89999999999999
KASKAZINI B,2020,50,78.94285714285715
KASKAZINI B,2020,51,79.38571428571429
KASKAZINI B,2020,52,79.21428571428571
KASKAZINI B,2021,1,77.52857142857144
KASKAZINI B,2021,2,76.87142857142858
KASKAZINI B,2021,3,76.07142857142857
KASKAZINI B,2021,4,75.81428571428572
KASKAZINI B,2021,5,77.35714285714286
KASKAZINI B,2021,6,78.39999999999999
KASKAZINI B,2021,7,78.14285714285714
KASKAZINI B,2021,8,78.04285714285713
KASKAZINI B,2021,9,74.58571428571429
KASKAZINI B,2021,10,74.3
KASKAZINI B,2021,11,75.08571428571429
KASKAZINI B,2021,12,75.01428571428572
KASKAZINI B,2021,13,77.67142857142858
KASKAZINI B,2021,14,82.3
KASKAZINI B,2021,15,82.48571428571428
KASKAZINI B,2021,16,82.85714285714286
KASKAZINI B,2021,17,80.41428571428571
KASKAZINI B,2021,18,77.77142857142857
KASKAZINI B,2021,19,77.35714285714286
KASKAZINI B,2021,20,76.87142857142858
KASKAZINI B,2021,21,76.92857142857143
KASKAZINI B,2021,22,75.17142857142858
KASKAZINI B,2021,23,74.3
KASKAZINI B,2021,24,74.77142857142857
KASKAZINI B,2021,25,75.45714285714287
KASKAZINI B,2021,26,73.42857142857143
KASKAZINI B,2021,27,73.45714285714287
KASKAZINI B,2021,28,74.35714285714286
KASKAZINI B,2021,29,73.25714285714285
KASKAZINI B,2021,30,73.14285714285714
KASKAZINI B,2021,31,75.18571428571428
KASKAZINI B,2021,32,76.51428571428572
KASKAZINI B,2021,33,75.18571428571428
KASKAZINI B,2021,34,75.91428571428571
KASKAZINI B,2021,35,74.94285714285715
KASKAZINI B,2021,36,73.39999999999999
KASKAZINI B,2021,37,74.60000000000001
KASKAZINI B,2021,38,73.91428571428571
KASKAZINI B,2021,39,73.68571428571428
KASKAZINI B,2021,40,75.05714285714285
KASKAZINI B,2021,41,75.12857142857142
KASKAZINI B,2021,42,74.67142857142858
KASKAZINI B,2021,43,73.1
KASKAZINI B,2021,44,73.62857142857142
KASKAZINI B,2021,45,73.95714285714287
KASKAZINI B,2021,46,73.95714285714287
KASKAZINI B,2021,47,74.07142857142857
KASKAZINI B,2021,48,79.41428571428571
KASKAZINI B,2021,49,82.01428571428572
KASKAZINI B,2021,50,82.01428571428572
KASKAZINI B,2021,51,82.31428571428572
KASKAZINI B,2021,52,81.15714285714286
KASKAZINI B,2022,1,80.24285714285715
KASKAZINI B,2022,2,79.54285714285713
KASKAZINI B,2022,3,79.7
KASKAZINI B,2022,4,79.38571428571429
KASKAZINI B,2022,5,82.89999999999999
KASKAZINI B,2022,6,83.11428571428571
KASKAZINI B,2022,7,82.38571428571429
KASKAZINI B,2022,8,83.87142857142858
KASKAZINI B,2022,9,81.22857142857143
KASKAZINI B,2022,10,80.5
KASKAZINI B,2022,11,80.47142857142856
KASKAZINI B,2022,12,79.97142857142856
KASKAZINI B,2022,13,82.58571428571429
KASKAZINI B,2022,14,85.32857142857142
KASKAZINI B,2022,15,85.22857142857143
KASKAZINI B,2022,16,84.81428571428572
KASKAZINI B,2022,17,84.74285714285715
KASKAZINI B,2022,18,84.08571428571429
KASKAZINI B,2022,19,84.27142857142857
KASKAZINI B,2022,20,85.21428571428571
KASKAZINI B,2022,21,84.65714285714286
KASKAZINI B,2022,22,83.8
KASKAZINI B,2022,23,83.81428571428572
KASKAZINI B,2022,24,83.61428571428571
KASKAZINI B,2022,25,84.45714285714287
KASKAZINI B,2022,26,86.41428571428571
KASKAZINI B,2022,27,88.2
KASKAZINI B,2022,28,88.11428571428571
KASKAZINI B,2022,29,87.60000000000001
KASKAZINI B,2022,30,88.17142857142858
KASKAZINI B,2022,31,84.05714285714285
KASKAZINI B,2022,32,84.45714285714287
KASKAZINI B,2022,33,85.78571428571429
KASKAZINI B,2022,34,84.39999999999999
KASKAZINI B,2022,35,79.21428571428571
KASKAZINI B,2022,36,74.98571428571428
KASKAZINI B,2022,37,75.72857142857143
KASKAZINI B,2022,38,75.91428571428571
KASKAZINI B,2022,39,75.68571428571428
KASKAZINI B,2022,40,71.68571428571428
KASKAZINI B,2022,41,71.5
KASKAZINI B,2022,42,71.57142857142857
KASKAZINI B,2022,43,72.37142857142858
KASKAZINI B,2022,44,75.28571428571429
KASKAZINI B,2022,45,76.72857142857143
KASKAZINI B,2022,46,75.24285714285715
KASKAZINI B,2022,47,76.42857142857143
KASKAZINI B,2022,48,74.05714285714285
KASKAZINI B,2022,49,73.97142857142858
KASKAZINI B,2022,50,74.91428571428571
KASKAZINI B,2022,51,74.27142857142857
KASKAZINI B,2022,52,74.55714285714285
KASKAZINI B,2023,1,79.87142857142858
KASKAZINI B,2023,2,79.87142857142858
KASKAZINI B,2023,3,80.21428571428571
KASKAZINI B,2023,4,79.17142857142858
KASKAZINI B,2023,5,76.35714285714286
KASKAZINI B,2023,6,74.61428571428571
KASKAZINI B,2023,7,74.88571428571429
KASKAZINI B,2023,8,75.98571428571428
KASKAZINI B,2023,9,76.28571428571429
KASKAZINI B,2023,10,77.89999999999999
KASKAZINI B,2023,11,78.15714285714286
KASKAZINI B,2023,12,77.98571428571428
KASKAZINI B,2023,13,82.12857142857142
KASKAZINI B,2023,14,90.67142857142858
KASKAZINI B,2023,15,90.39999999999999
KASKAZINI B,2023,16,90.31428571428572
KASKAZINI B,2023,17,90.38571428571429
KASKAZINI B,2023,18,85.6
KASKAZINI B,2023,19,85.81428571428572
KASKAZINI B,2023,20,86.5
KASKAZINI B,2023,21,86.17142857142858
KASKAZINI B,2023,22,86.31428571428572
KASKAZINI B,2023,23,86.21428571428571
KASKAZINI B,2023,24,85.65714285714286
KASKAZINI B,2023,25,86.14285714285714
KASKAZINI B,2023,26,86.15714285714286
KASKAZINI B,2023,27,87.71428571428571
KASKAZINI B,2023,28,88.42857142857143
KASKAZINI B,2023,29,87.98571428571428
KASKAZINI B,2023,30,87.88571428571429
KASKAZINI B,2023,31,86.72857142857143
KASKAZINI B,2023,32,85.75714285714285
KASKAZINI B,2023,33,84.05714285714285
KASKAZINI B,2023,34,83.38571428571429
KASKAZINI B,2023,35,82.24285714285715
KASKAZINI B,2023,36,80.68571428571428
KASKAZINI B,2023,37,80.89999999999999
KASKAZINI B,2023,38,80.45714285714287
KASKAZINI B,2023,39,79.39999999999999
KASKAZINI B,2023,40,70.27142857142857
KASKAZINI B,2023,41,69.38571428571429
KASKAZINI B,2023,42,69.1
KASKAZINI B,2023,43,69.54285714285714
KASKAZINI B,2023,44,74.71428571428571
KASKAZINI B,2023,45,76.35714285714286
KASKAZINI B,2023,46,76.95714285714287
KASKAZINI B,2023,47,77.15714285714286
KASKAZINI B,2023,48,77.67142857142858
KASKAZINI B,2023,49,77.34285714285714
KASKAZINI B,2023,50,78.5
KASKAZINI B,2023,51,78.47142857142856
KASKAZINI B,2023,52,77.84285714285714
KATI,2018,1,70.55714285714285
KATI,2018,2,71.18571428571428
KATI,2018,3,71.85714285714286
KATI,2018,4,71.85714285714286
KATI,2018,5,67.0
KATI,2018,6,63.199999999999996
KATI,2018,7,63.1
KATI,2018,8,63.57142857142857
KATI,2018,9,65.65714285714286
KATI,2018,10,67.78571428571429
KATI,2018,11,67.78571428571429
KATI,2018,12,68.88571428571429
KATI,2018,13,71.51428571428572
KATI,2018,14,88.27142857142857
KATI,2018,15,88.45714285714287
KATI,2018,16,88.24285714285715
KATI,2018,17,87.91428571428571
KATI,2018,18,86.61428571428571
KATI,2018,19,86.17142857142858
KATI,2018,20,85.84285714285714
KATI,2018,21,85.58571428571429
KATI,2018,22,75.58571428571429
KATI,2018,23,63.75714285714286
KATI,2018,24,62.18571428571429
KATI,2018,25,63.75714285714286
KATI,2018,26,63.08571428571429
KATI,2018,27,61.74285714285714
KATI,2018,28,61.75714285714286
KATI,2018,29,61.48571428571428
KATI,2018,30,61.84285714285714
KATI,2018,31,67.58571428571429
KATI,2018,32,69.47142857142856
KATI,2018,33,69.34285714285714
KATI,2018,34,68.14285714285714
KATI,2018,35,65.45714285714286
KATI,2018,36,58.18571428571429
KATI,2018,37,58.65714285714286
KATI,2018,38,58.05714285714286
KATI,2018,39,58.91428571428571
KATI,2018,40,69.32857142857144
KATI,2018,41,67.57142857142857
KATI,2018,42,68.92857142857143
KATI,2018,43,68.31428571428572
KATI,2018,44,69.04285714285714
KATI,2018,45,70.51428571428572
KATI,2018,46,71.32857142857144
KATI,2018,47,70.67142857142856
KATI,2018,48,70.78571428571429
KATI,2018,49,69.62857142857142
KATI,2018,50,68.92857142857143
KATI,2018,51,68.88571428571429
KATI,2018,52,68.7
KATI,2019,1,68.08571428571429
KATI,2019,2,67.98571428571428
KATI,2019,3,67.54285714285714
KATI,2019,4,67.45714285714286
KATI,2019,5,69.81428571428572
KATI,2019,6,71.85714285714286
KATI,2019,7,71.47142857142858
KATI,2019,8,72.07142857142857
KATI,2019,9,74.98571428571428
KATI,2019,10,77.71428571428571
KATI,2019,11,76.22857142857143
KATI,2019,12,77.39999999999999
KATI,2019,13,77.52857142857144
KATI,2019,14,85.8
KATI,2019,15,84.62857142857142
KATI,2019,16,85.74285714285715
KATI,2019,17,84.68571428571428
KATI,2019,18,86.52857142857144
KATI,2019,19,87.22857142857143
KATI,2019,20,87.8
KATI,2019,21,87.34285714285714
KATI,2019,22,84.82857142857142
KATI,2019,23,80.32857142857142
KATI,2019,24,80.74285714285715
KATI,2019,25,80.05714285714285
KATI,2019,26,80.05714285714285
KATI,2019,27,75.45714285714287
KATI,2019,28,76.32857142857142
KATI,2019,29,76.88571428571429
KATI,2019,30,76.77142857142857
KATI,2019,31,77.51428571428572
KATI,2019,32,77.8
KATI,2019,33,78.89999999999999
KATI,2019,34,76.38571428571429
KATI,2019,35,79.84285714285714
KATI,2019,36,87.52857142857144
KATI,2019,37,88.18571428571428
KATI,2019,38,87.7
KATI,2019,39,87.28571428571429
KATI,2019,40,85.98571428571428
KATI,2019,41,86.98571428571428
KATI,2019,42,86.04285714285713
KATI,2019,43,85.57142857142857
KATI,2019,44,84.42857142857143
KATI,2019,45,84.15714285714286
KATI,2019,46,85.68571428571428
KATI,2019,47,83.68571428571428
KATI,2019,48,84.44285714285715
KATI,2019,49,81.38571428571429
KATI,2019,50,80.48571428571428
KATI,2019,51,81.77142857142857
KATI,2019,52,81.52857142857144
KATI,2020,1,81.01428571428572
KATI,2020,2,81.74285714285715
KATI,2020,3,81.58571428571429
KATI,2020,4,81.91428571428571
KATI,2020,5,81.0
KATI,2020,6,79.38571428571429
KATI,2020,7,79.25714285714285
KATI,2020,8,79.74285714285715
KATI,2020,9,79.47142857142856
KATI,2020,10,80.65714285714286
KATI,2020,11,80.17142857142858
KATI,2020,12,79.71428571428571
KATI,2020,13,81.10000000000001
KATI,2020,14,84.92857142857143
KATI,2020,15,87.21428571428571
KATI,2020,16,87.0
KATI,2020,17,86.37142857142858
KATI,2020,18,83.22857142857143
KATI,2020,19,79.8
KATI,2020,20,79.85714285714286
KATI,2020,21,80.64285714285714
KATI,2020,22,80.87142857142858
KATI,2020,23,74.17142857142858
KATI,2020,24,75.61428571428571
KATI,2020,25,73.60000000000001
KATI,2020,26,74.72857142857143
KATI,2020,27,71.91428571428573
KATI,2020,28,73.2
KATI,2020,29,72.64285714285714
KATI,2020,30,72.4
KATI,2020,31,74.10000000000001
KATI,2020,32,76.89999999999999
KATI,2020,33,77.48571428571428
KATI,2020,34,76.2
KATI,2020,35,75.51428571428572
KATI,2020,36,76.34285714285714
KATI,2020,37,74.68571428571428
KATI,2020,38,76.68571428571428
KATI,2020,39,76.11428571428571
KATI,2020,40,77.17142857142858
KATI,2020,41,78.77142857142857
KATI,2020,42,78.74285714285715
KATI,2020,43,77.71428571428571
KATI,2020,44,78.37142857142858
KATI,2020,45,81.42857142857143
KATI,2020,46,81.15714285714286
KATI,2020,47,81.82857142857142
KATI,2020,48,82.67142857142858
KATI,2020,49,79.89999999999999
KATI,2020,50,78.94285714285715
KATI,2020,51,79.38571428571429
KATI,2020,52,79.21428571428571
KATI,2021,1,77.52857142857144
KATI,2021,2,76.87142857142858
KATI,2021,3,76.07142857142857
KATI,2021,4,75.81428571428572
KATI,2021,5,77.35714285714286
KATI,2021,6,78.39999999999999
KATI,2021,7,78.14285714285714
KATI,2021,8,78.04285714285713
KATI,2021,9,74.58571428571429
KATI,2021,10,74.3
KATI,2021,11,75.08571428571429
KATI,2021,12,75.01428571428572
KATI,2021,13,77.67142857142858
KATI,2021,14,82.3
KATI,2021,15,82.48571428571428
KATI,2021,16,82.85714285714286
KATI,2021,17,80.41428571428571
KATI,2021,18,77.77142857142857
KATI,2021,19,77.35714285714286
KATI,2021,20,76.87142857142858
KATI,2021,21,76.92857142857143
KATI,2021,22,75.17142857142858
KATI,2021,23,74.3
KATI,2021,24,74.77142857142857
KATI,2021,25,75.45714285714287
KATI,2021,26,73.42857142857143
KATI,2021,27,73.45714285714287
KATI,2021,28,74.35714285714286
KATI,2021,29,73.25714285714285
KATI,2021,30,73.14285714285714
KATI,2021,31,75.18571428571428
KATI,2021,32,76.51428571428572
KATI,2021,33,75.18571428571428
KATI,2021,34,75.91428571428571
KATI,2021,35,74.94285714285715
KATI,2021,36,73.39999999999999
KATI,2021,37,74.60000000000001
KATI,2021,38,73.91428571428571
KATI,2021,39,73.68571428571428
KATI,2021,40,75.05714285714285
KATI,2021,41,75.12857142857142
KATI,2021,42,74.67142857142858
KATI,2021,43,73.1
KATI,2021,44,73.62857142857142
KATI,2021,45,73.95714285714287
KATI,2021,46,73.95714285714287
KATI,2021,47,74.07142857142857
KATI,2021,48,79.41428571428571
KATI,2021,49,82.01428571428572
KATI,2021,50,82.01428571428572
KATI,2021,51,82.31428571428572
KATI,2021,52,81.15714285714286
KATI,2022,1,80.24285714285715
KATI,2022,2,79.54285714285713
KATI,2022,3,79.7
KATI,2022,4,79.38571428571429
KATI,2022,5,82.89999999999999
KATI,2022,6,83.11428571428571
KATI,2022,7,82.38571428571429
KATI,2022,8,83.87142857142858
KATI,2022,9,81.22857142857143
KATI,2022,10,80.5
KATI,2022,11,80.47142857142856
KATI,2022,12,79.97142857142856
KATI,2022,13,82.58571428571429
KATI,2022,14,85.32857142857142
KATI,2022,15,85.22857142857143
KATI,2022,16,84.81428571428572
KATI,2022,17,84.74285714285715
KATI,2022,18,84.08571428571429
KATI,2022,19,84.27142857142857
KATI,2022,20,85.21428571428571
KATI,2022,21,84.65714285714286
KATI,2022,22,83.8
KATI,2022,23,83.81428571428572
KATI,2022,24,83.61428571428571
KATI,2022,25,84.45714285714287
KATI,2022,26,86.41428571428571
KATI,2022,27,88.2
KATI,2022,28,88.11428571428571
KATI,2022,29,87.60000000000001
KATI,2022,30,88.17142857142858
KATI,2022,31,84.05714285714285
KATI,2022,32,84.45714285714287
KATI,2022,33,85.78571428571429
KATI,2022,34,84.39999999999999
KATI,2022,35,79.21428571428571
KATI,2022,36,74.98571428571428
KATI,2022,37,75.72857142857143
KATI,2022,38,75.91428571428571
KATI,2022,39,75.68571428571428
KATI,2022,40,71.68571428571428
KATI,2022,41,71.5
KATI,2022,42,71.57142857142857
KATI,2022,43,72.37142857142858
KATI,2022,44,75.28571428571429
KATI,2022,45,76.72857142857143
KATI,2022,46,75.24285714285715
KATI,2022,47,76.42857142857143
KATI,2022,48,74.05714285714285
KATI,2022,49,73.97142857142858
KATI,2022,50,74.91428571428571
KATI,2022,51,74.27142857142857
KATI,2022,52,74.55714285714285
KATI,2023,1,79.87142857142858
KATI,2023,2,79.87142857142858
KATI,2023,3,80.21428571428571
KATI,2023,4,79.17142857142858
KATI,2023,5,76.35714285714286
KATI,2023,6,74.61428571428571
KATI,2023,7,74.88571428571429
KATI,2023,8,75.98571428571428
KATI,2023,9,76.28571428571429
KATI,2023,10,77.89999999999999
KATI,2023,11,78.15714285714286
KATI,2023,12,77.98571428571428
KATI,2023,13,82.12857142857142
KATI,2023,14,90.67142857142858
KATI,2023,15,90.39999999999999
KATI,2023,16,90.31428571428572
KATI,2023,17,90.38571428571429
KATI,2023,18,85.6
KATI,2023,19,85.81428571428572
KATI,2023,20,86.5
KATI,2023,21,86.17142857142858
KATI,2023,22,86.31428571428572
KATI,2023,23,86.21428571428571
KATI,2023,24,85.65714285714286
KATI,2023,25,86.14285714285714
KATI,2023,26,86.15714285714286
KATI,2023,27,87.71428571428571
KATI,2023,28,88.42857142857143
KATI,2023,29,87.98571428571428
KATI,2023,30,87.88571428571429
KATI,2023,31,86.72857142857143
KATI,2023,32,85.75714285714285
KATI,2023,33,84.05714285714285
KATI,2023,34,83.38571428571429
KATI,2023,35,82.24285714285715
KATI,2023,36,80.68571428571428
KATI,2023,37,80.89999999999999
KATI,2023,38,80.45714285714287
KATI,2023,39,79.39999999999999
KATI,2023,40,70.27142857142857
KATI,2023,41,69.38571428571429
KATI,2023,42,69.1
KATI,2023,43,69.54285714285714
KATI,2023,44,74.71428571428571
KATI,2023,45,76.35714285714286
KATI,2023,46,76.95714285714287
KATI,2023,47,77.15714285714286
KATI,2023,48,77.67142857142858
KATI,2023,49,77.34285714285714
KATI,2023,50,78.5
KATI,2023,51,78.47142857142856
KATI,2023,52,77.84285714285714
KUSINI,2018,1,70.55714285714285
KUSINI,2018,2,71.18571428571428
KUSINI,2018,3,71.85714285714286
KUSINI,2018,4,71.85714285714286
KUSINI,2018,5,67.0
KUSINI,2018,6,63.199999999999996
KUSINI,2018,7,63.1
KUSINI,2018,8,63.57142857142857
KUSINI,2018,9,65.65714285714286
KUSINI,2018,10,67.78571428571429
KUSINI,2018,11,67.78571428571429
KUSINI,2018,12,68.88571428571429
KUSINI,2018,13,71.51428571428572
KUSINI,2018,14,88.27142857142857
KUSINI,2018,15,88.45714285714287
KUSINI,2018,16,88.24285714285715
KUSINI,2018,17,87.91428571428571
KUSINI,2018,18,86.61428571428571
KUSINI,2018,19,86.17142857142858
KUSINI,2018,20,85.84285714285714
KUSINI,2018,21,85.58571428571429
KUSINI,2018,22,75.58571428571429
KUSINI,2018,23,63.75714285714286
KUSINI,2018,24,62.18571428571429
KUSINI,2018,25,63.75714285714286
KUSINI,2018,26,63.08571428571429
KUSINI,2018,27,61.74285714285714
KUSINI,2018,28,61.75714285714286
KUSINI,2018,29,61.48571428571428
KUSINI,2018,30,61.84285714285714
KUSINI,2018,31,67.58571428571429
KUSINI,2018,32,69.47142857142856
KUSINI,2018,33,69.34285714285714
KUSINI,2018,34,68.14285714285714
KUSINI,2018,35,65.45714285714286
KUSINI,2018,36,58.18571428571429
KUSINI,2018,37,58.65714285714286
KUSINI,2018,38,58.05714285714286
KUSINI,2018,39,58.91428571428571
KUSINI,2018,40,69.32857142857144
KUSINI,2018,41,67.57142857142857
KUSINI,2018,42,68.92857142857143
KUSINI,2018,43,68.31428571428572
KUSINI,2018,44,69.04285714285714
KUSINI,2018,45,70.51428571428572
KUSINI,2018,46,71.32857142857144
KUSINI,2018,47,70.67142857142856
KUSINI,2018,48,70.78571428571429
KUSINI,2018,49,69.62857142857142
KUSINI,2018,50,68.92857142857143
KUSINI,2018,51,68.88571428571429
KUSINI,2018,52,68.7
KUSINI,2019,1,68.08571428571429
KUSINI,2019,2,67.98571428571428
KUSINI,2019,3,67.54285714285714
KUSINI,2019,4,67.45714285714286
KUSINI,2019,5,69.81428571428572
KUSINI,2019,6,71.85714285714286
KUSINI,2019,7,71.47142857142858
KUSINI,2019,8,72.07142857142857
KUSINI,2019,9,74.98571428571428
KUSINI,2019,10,77.71428571428571
KUSINI,2019,11,76.22857142857143
KUSINI,2019,12,77.39999999999999
KUSINI,2019,13,77.52857142857144
KUSINI,2019,14,85.8
KUSINI,2019,15,84.62857142857142
KUSINI,2019,16,85.74285714285715
KUSINI,2019,17,84.68571428571428
KUSINI,2019,18,86.52857142857144
KUSINI,2019,19,87.22857142857143
KUSINI,2019,20,87.8
KUSINI,2019,21,87.34285714285714
KUSINI,2019,22,84.82857142857142
KUSINI,2019,23,80.32857142857142
KUSINI,2019,24,80.74285714285715
KUSINI,2019,25,80.05714285714285
KUSINI,2019,26,80.05714285714285
KUSINI,2019,27,75.45714285714287
KUSINI,2019,28,76.32857142857142
KUSINI,2019,29,76.88571428571429
KUSINI,2019,30,76.77142857142857
KUSINI,2019,31,77.51428571428572
KUSINI,2019,32,77.8
KUSINI,2019,33,78.89999999999999
KUSINI,2019,34,76.38571428571429
KUSINI,2019,35,79.84285714285714
KUSINI,2019,36,87.52857142857144
KUSINI,2019,37,88.18571428571428
KUSINI,2019,38,87.7
KUSINI,2019,39,87.28571428571429
KUSINI,2019,40,85.98571428571428
KUSINI,2019,41,86.98571428571428
KUSINI,2019,42,86.04285714285713
KUSINI,2019,43,85.57142857142857
KUSINI,2019,44,84.42857142857143
KUSINI,2019,45,84.15714285714286
KUSINI,2019,46,85.68571428571428
KUSINI,2019,47,83.68571428571428
KUSINI,2019,48,84.44285714285715
KUSINI,2019,49,81.38571428571429
KUSINI,2019,50,80.48571428571428
KUSINI,2019,51,81.77142857142857
KUSINI,2019,52,81.52857142857144
KUSINI,2020,1,81.01428571428572
KUSINI,2020,2,81.74285714285715
KUSINI,2020,3,81.58571428571429
KUSINI,2020,4,81.91428571428571
KUSINI,2020,5,81.0
KUSINI,2020,6,79.38571428571429
KUSINI,2020,7,79.25714285714285
KUSINI,2020,8,79.74285714285715
KUSINI,2020,9,79.47142857142856
KUSINI,2020,10,80.65714285714286
KUSINI,2020,11,80.17142857142858
KUSINI,2020,12,79.71428571428571
KUSINI,2020,13,81.10000000000001
KUSINI,2020,14,84.92857142857143
KUSINI,2020,15,87.21428571428571
KUSINI,2020,16,87.0
KUSINI,2020,17,86.37142857142858
KUSINI,2020,18,83.22857142857143
KUSINI,2020,19,79.8
KUSINI,2020,20,79.85714285714286
KUSINI,2020,21,80.64285714285714
KUSINI,2020,22,80.87142857142858
KUSINI,2020,23,74.17142857142858
KUSINI,2020,24,75.61428571428571
KUSINI,2020,25,73.60000000000001
KUSINI,2020,26,74.72857142857143
KUSINI,2020,27,71.91428571428573
KUSINI,2020,28,73.2
KUSINI,2020,29,72.64285714285714
KUSINI,2020,30,72.4
KUSINI,2020,31,74.10000000000001
KUSINI,2020,32,76.89999999999999
KUSINI,2020,33,77.48571428571428
KUSINI,2020,34,76.2
KUSINI,2020,35,75.51428571428572
KUSINI,2020,36,76.34285714285714
KUSINI,2020,37,74.68571428571428
KUSINI,2020,38,76.68571428571428
KUSINI,2020,39,76.11428571428571
KUSINI,2020,40,77.17142857142858
KUSINI,2020,41,78.77142857142857
KUSINI,2020,42,78.74285714285715
KUSINI,2020,43,77.71428571428571
KUSINI,2020,44,78.37142857142858
KUSINI,2020,45,81.42857142857143
KUSINI,2020,46,81.15714285714286
KUSINI,2020,47,81.82857142857142
KUSINI,2020,48,82.67142857142858
KUSINI,2020,49,79.89999999999999
KUSINI,2020,50,78.94285714285715
KUSINI,2020,51,79.38571428571429
KUSINI,2020,52,79.21428571428571
KUSINI,2021,1,77.52857142857144
KUSINI,2021,2,76.87142857142858
KUSINI,2021,3,76.07142857142857
KUSINI,2021,4,75.81428571428572
KUSINI,2021,5,77.35714285714286
KUSINI,2021,6,78.39999999999999
KUSINI,2021,7,78.14285714285714
KUSINI,2021,8,78.04285714285713
KUSINI,2021,9,74.58571428571429
KUSINI,2021,10,74.3
KUSINI,2021,11,75.08571428571429
KUSINI,2021,12,75.01428571428572
KUSINI,2021,13,77.67142857142858
KUSINI,2021,14,82.3
KUSINI,2021,15,82.48571428571428
KUSINI,2021,16,82.85714285714286
KUSINI,2021,17,80.41428571428571
KUSINI,2021,18,77.77142857142857
KUSINI,2021,19,77.35714285714286
KUSINI,2021,20,76.87142857142858
KUSINI,2021,21,76.92857142857143
KUSINI,2021,22,75.17142857142858
KUSINI,2021,23,74.3
KUSINI,2021,24,74.77142857142857
KUSINI,2021,25,75.45714285714287
KUSINI,2021,26,73.42857142857143
KUSINI,2021,27,73.45714285714287
KUSINI,2021,28,74.35714285714286
KUSINI,2021,29,73.25714285714285
KUSINI,2021,30,73.14285714285714
KUSINI,2021,31,75.18571428571428
KUSINI,2021,32,76.51428571428572
KUSINI,2021,33,75.18571428571428
KUSINI,2021,34,75.91428571428571
KUSINI,2021,35,74.94285714285715
KUSINI,2021,36,73.39999999999999
KUSINI,2021,37,74.60000000000001
KUSINI,2021,38,73.91428571428571
KUSINI,2021,39,73.68571428571428
KUSINI,2021,40,75.05714285714285
KUSINI,2021,41,75.12857142857142
KUSINI,2021,42,74.67142857142858
KUSINI,2021,43,73.1
KUSINI,2021,44,73.62857142857142
KUSINI,2021,45,73.95714285714287
KUSINI,2021,46,73.95714285714287
KUSINI,2021,47,74.07142857142857
KUSINI,2021,48,79.41428571428571
KUSINI,2021,49,82.01428571428572
KUSINI,2021,50,82.01428571428572
KUSINI,2021,51,82.31428571428572
KUSINI,2021,52,81.15714285714286
KUSINI,2022,1,80.24285714285715
KUSINI,2022,2,79.54285714285713
KUSINI,2022,3,79.7
KUSINI,2022,4,79.38571428571429
KUSINI,2022,5,82.89999999999999
KUSINI,2022,6,83.11428571428571
KUSINI,2022,7,82.38571428571429
KUSINI,2022,8,83.87142857142858
KUSINI,2022,9,81.22857142857143
KUSINI,2022,10,80.5
KUSINI,2022,11,80.47142857142856
KUSINI,2022,12,79.97142857142856
KUSINI,2022,13,82.58571428571429
KUSINI,2022,14,85.32857142857142
KUSINI,2022,15,85.22857142857143
KUSINI,2022,16,84.81428571428572
KUSINI,2022,17,84.74285714285715
KUSINI,2022,18,84.08571428571429
KUSINI,2022,19,84.27142857142857
KUSINI,2022,20,85.21428571428571
KUSINI,2022,21,84.65714285714286
KUSINI,2022,22,83.8
KUSINI,2022,23,83.81428571428572
KUSINI,2022,24,83.61428571428571
KUSINI,2022,25,84.45714285714287
KUSINI,2022,26,86.41428571428571
KUSINI,2022,27,88.2
KUSINI,2022,28,88.11428571428571
KUSINI,2022,29,87.60000000000001
KUSINI,2022,30,88.17142857142858
KUSINI,2022,31,84.05714285714285
KUSINI,2022,32,84.45714285714287
KUSINI,2022,33,85.78571428571429
KUSINI,2022,34,84.39999999999999
KUSINI,2022,35,79.21428571428571
KUSINI,2022,36,74.98571428571428
KUSINI,2022,37,75.72857142857143
KUSINI,2022,38,75.91428571428571
KUSINI,2022,39,75.68571428571428
KUSINI,2022,40,71.68571428571428
KUSINI,2022,41,71.5
KUSINI,2022,42,71.57142857142857
KUSINI,2022,43,72.37142857142858
KUSINI,2022,44,75.28571428571429
KUSINI,2022,45,76.72857142857143
KUSINI,2022,46,75.24285714285715
KUSINI,2022,47,76.42857142857143
KUSINI,2022,48,74.05714285714285
KUSINI,2022,49,73.97142857142858
KUSINI,2022,50,74.91428571428571
KUSINI,2022,51,74.27142857142857
KUSINI,2022,52,74.55714285714285
KUSINI,2023,1,79.87142857142858
KUSINI,2023,2,79.87142857142858
KUSINI,2023,3,80.21428571428571
KUSINI,2023,4,79.17142857142858
KUSINI,2023,5,76.35714285714286
KUSINI,2023,6,74.61428571428571
KUSINI,2023,7,74.88571428571429
KUSINI,2023,8,75.98571428571428
KUSINI,2023,9,76.28571428571429
KUSINI,2023,10,77.89999999999999
KUSINI,2023,11,78.15714285714286
KUSINI,2023,12,77.98571428571428
KUSINI,2023,13,82.12857142857142
KUSINI,2023,14,90.67142857142858
KUSINI,2023,15,90.39999999999999
KUSINI,2023,16,90.31428571428572
KUSINI,2023,17,90.38571428571429
KUSINI,2023,18,85.6
KUSINI,2023,19,85.81428571428572
KUSINI,2023,20,86.5
KUSINI,2023,21,86.17142857142858
KUSINI,2023,22,86.31428571428572
KUSINI,2023,23,86.21428571428571
KUSINI,2023,24,85.65714285714286
KUSINI,2023,25,86.14285714285714
KUSINI,2023,26,86.15714285714286
KUSINI,2023,27,87.71428571428571
KUSINI,2023,28,88.42857142857143
KUSINI,2023,29,87.98571428571428
KUSINI,2023,30,87.88571428571429
KUSINI,2023,31,86.72857142857143
KUSINI,2023,32,85.75714285714285
KUSINI,2023,33,84.05714285714285
KUSINI,2023,34,83.38571428571429
KUSINI,2023,35,82.24285714285715
KUSINI,2023,36,80.68571428571428
KUSINI,2023,37,80.89999999999999
KUSINI,2023,38,80.45714285714287
KUSINI,2023,39,79.39999999999999
KUSINI,2023,40,70.27142857142857
KUSINI,2023,41,69.38571428571429
KUSINI,2023,42,69.1
KUSINI,2023,43,69.54285714285714
KUSINI,2023,44,74.71428571428571
KUSINI,2023,45,76.35714285714286
KUSINI,2023,46,76.95714285714287
KUSINI,2023,47,77.15714285714286
KUSINI,2023,48,77.67142857142858
KUSINI,2023,49,77.34285714285714
KUSINI,2023,50,78.5
KUSINI,2023,51,78.47142857142856
KUSINI,2023,52,77.84285714285714
MAGHARIBI  A,2018,1,70.55714285714285
MAGHARIBI  A,2018,2,71.18571428571428
MAGHARIBI  A,2018,3,71.85714285714286
MAGHARIBI  A,2018,4,71.85714285714286
MAGHARIBI  A,2018,5,67.0
MAGHARIBI  A,2018,6,63.199999999999996
MAGHARIBI  A,2018,7,63.1
MAGHARIBI  A,2018,8,63.57142857142857
MAGHARIBI  A,2018,9,65.65714285714286
MAGHARIBI  A,2018,10,67.78571428571429
MAGHARIBI  A,2018,11,67.78571428571429
MAGHARIBI  A,2018,12,68.88571428571429
MAGHARIBI  A,2018,13,71.51428571428572
MAGHARIBI  A,2018,14,88.27142857142857
MAGHARIBI  A,2018,15,88.45714285714287
MAGHARIBI  A,2018,16,88.24285714285715
MAGHARIBI  A,2018,17,87.91428571428571
MAGHARIBI  A,2018,18,86.61428571428571
MAGHARIBI  A,2018,19,86.17142857142858
MAGHARIBI  A,2018,20,85.84285714285714
MAGHARIBI  A,2018,21,85.58571428571429
MAGHARIBI  A,2018,22,75.58571428571429
MAGHARIBI  A,2018,23,63.75714285714286
MAGHARIBI  A,2018,24,62.18571428571429
MAGHARIBI  A,2018,25,63.75714285714286
MAGHARIBI  A,2018,26,63.08571428571429
MAGHARIBI  A,2018,27,61.74285714285714
MAGHARIBI  A,2018,28,61.75714285714286
MAGHARIBI  A,2018,29,61.48571428571428
MAGHARIBI  A,2018,30,61.84285714285714
MAGHARIBI  A,2018,31,67.58571428571429
MAGHARIBI  A,2018,32,69.47142857142856
MAGHARIBI  A,2018,33,69.34285714285714
MAGHARIBI  A,2018,34,68.14285714285714
MAGHARIBI  A,2018,35,65.45714285714286
MAGHARIBI  A,2018,36,58.18571428571429
MAGHARIBI  A,2018,37,58.65714285714286
MAGHARIBI  A,2018,38,58.05714285714286
MAGHARIBI  A,2018,39,58.91428571428571
MAGHARIBI  A,2018,40,69.32857142857144
MAGHARIBI  A,2018,41,67.57142857142857
MAGHARIBI  A,2018,42,68.92857142857143
MAGHARIBI  A,2018,43,68.31428571428572
MAGHARIBI  A,2018,44,69.04285714285714
MAGHARIBI  A,2018,45,70.51428571428572
MAGHARIBI  A,2018,46,71.32857142857144
MAGHARIBI  A,2018,47,70.67142857142856
MAGHARIBI  A,2018,48,70.78571428571429
MAGHARIBI  A,2018,49,69.62857142857142
MAGHARIBI  A,2018,50,68.92857142857143
MAGHARIBI  A,2018,51,68.88571428571429
MAGHARIBI  A,2018,52,68.7
MAGHARIBI  A,2019,1,68.08571428571429
MAGHARIBI  A,2019,2,67.98571428571428
MAGHARIBI  A,2019,3,67.54285714285714
MAGHARIBI  A,2019,4,67.45714285714286
MAGHARIBI  A,2019,5,69.81428571428572
MAGHARIBI  A,2019,6,71.85714285714286
MAGHARIBI  A,2019,7,71.47142857142858
MAGHARIBI  A,2019,8,72.07142857142857
MAGHARIBI  A,2019,9,74.98571428571428
MAGHARIBI  A,2019,10,77.71428571428571
MAGHARIBI  A,2019,11,76.22857142857143
MAGHARIBI  A,2019,12,77.39999999999999
MAGHARIBI  A,2019,13,77.52857142857144
MAGHARIBI  A,2019,14,85.8
MAGHARIBI  A,2019,15,84.62857142857142
MAGHARIBI  A,2019,16,85.74285714285715
MAGHARIBI  A,2019,17,84.68571428571428
MAGHARIBI  A,2019,18,86.52857142857144
MAGHARIBI  A,2019,19,87.22857142857143
MAGHARIBI  A,2019,20,87.8
MAGHARIBI  A,2019,21,87.34285714285714
MAGHARIBI  A,2019,22,84.82857142857142
MAGHARIBI  A,2019,23,80.32857142857142
MAGHARIBI  A,2019,24,80.74285714285715
MAGHARIBI  A,2019,25,80.05714285714285
MAGHARIBI  A,2019,26,80.05714285714285
MAGHARIBI  A,2019,27,75.45714285714287
MAGHARIBI  A,2019,28,76.32857142857142
MAGHARIBI  A,2019,29,76.88571428571429
MAGHARIBI  A,2019,30,76.77142857142857
MAGHARIBI  A,2019,31,77.51428571428572
MAGHARIBI  A,2019,32,77.8
MAGHARIBI  A,2019,33,78.89999999999999
MAGHARIBI  A,2019,34,76.38571428571429
MAGHARIBI  A,2019,35,79.84285714285714
MAGHARIBI  A,2019,36,87.52857142857144
MAGHARIBI  A,2019,37,88.18571428571428
MAGHARIBI  A,2019,38,87.7
MAGHARIBI  A,2019,39,87.28571428571429
MAGHARIBI  A,2019,40,85.98571428571428
MAGHARIBI  A,2019,41,86.98571428571428
MAGHARIBI  A,2019,42,86.04285714285713
MAGHARIBI  A,2019,43,85.57142857142857
MAGHARIBI  A,2019,44,84.42857142857143
MAGHARIBI  A,2019,45,84.15714285714286
MAGHARIBI  A,2019,46,85.68571428571428
MAGHARIBI  A,2019,47,83.68571428571428
MAGHARIBI  A,2019,48,84.44285714285715
MAGHARIBI  A,2019,49,81.38571428571429
MAGHARIBI  A,2019,50,80.48571428571428
MAGHARIBI  A,2019,51,81.77142857142857
MAGHARIBI  A,2019,52,81.52857142857144
MAGHARIBI  A,2020,1,81.01428571428572
MAGHARIBI  A,2020,2,81.74285714285715
MAGHARIBI  A,2020,3,81.58571428571429
MAGHARIBI  A,2020,4,81.91428571428571
MAGHARIBI  A,2020,5,81.0
MAGHARIBI  A,2020,6,79.38571428571429
MAGHARIBI  A,2020,7,79.25714285714285
MAGHARIBI  A,2020,8,79.74285714285715
MAGHARIBI  A,2020,9,79.47142857142856
MAGHARIBI  A,2020,10,80.65714285714286
MAGHARIBI  A,2020,11,80.17142857142858
MAGHARIBI  A,2020,12,79.71428571428571
MAGHARIBI  A,2020,13,81.10000000000001
MAGHARIBI  A,2020,14,84.92857142857143
MAGHARIBI  A,2020,15,87.21428571428571
MAGHARIBI  A,2020,16,87.0
MAGHARIBI  A,2020,17,86.37142857142858
MAGHARIBI  A,2020,18,83.22857142857143
MAGHARIBI  A,2020,19,79.8
MAGHARIBI  A,2020,20,79.85714285714286
MAGHARIBI  A,2020,21,80.64285714285714
MAGHARIBI  A,2020,22,80.87142857142858
MAGHARIBI  A,2020,23,74.17142857142858
MAGHARIBI  A,2020,24,75.61428571428571
MAGHARIBI  A,2020,25,73.60000000000001
MAGHARIBI  A,2020,26,74.72857142857143
MAGHARIBI  A,2020,27,71.91428571428573
MAGHARIBI  A,2020,28,73.2
MAGHARIBI  A,2020,29,72.64285714285714
MAGHARIBI  A,2020,30,72.4
MAGHARIBI  A,2020,31,74.10000000000001
MAGHARIBI  A,2020,32,76.89999999999999
MAGHARIBI  A,2020,33,77.48571428571428
MAGHARIBI  A,2020,34,76.2
MAGHARIBI  A,2020,35,75.51428571428572
MAGHARIBI  A,2020,36,76.34285714285714
MAGHARIBI  A,2020,37,74.68571428571428
MAGHARIBI  A,2020,38,76.68571428571428
MAGHARIBI  A,2020,39,76.11428571428571
MAGHARIBI  A,2020,40,77.17142857142858
MAGHARIBI  A,2020,41,78.77142857142857
MAGHARIBI  A,2020,42,78.74285714285715
MAGHARIBI  A,2020,43,77.71428571428571
MAGHARIBI  A,2020,44,78.37142857142858
MAGHARIBI  A,2020,45,81.42857142857143
MAGHARIBI  A,2020,46,81.15714285714286
MAGHARIBI  A,2020,47,81.82857142857142
MAGHARIBI  A,2020,48,82.67142857142858
MAGHARIBI  A,2020,49,79.89999999999999
MAGHARIBI  A,2020,50,78.94285714285715
MAGHARIBI  A,2020,51,79.38571428571429
MAGHARIBI  A,2020,52,79.21428571428571
MAGHARIBI  A,2021,1,77.52857142857144
MAGHARIBI  A,2021,2,76.87142857142858
MAGHARIBI  A,2021,3,76.07142857142857
MAGHARIBI  A,2021,4,75.81428571428572
MAGHARIBI  A,2021,5,77.35714285714286
MAGHARIBI  A,2021,6,78.39999999999999
MAGHARIBI  A,2021,7,78.14285714285714
MAGHARIBI  A,2021,8,78.04285714285713
MAGHARIBI  A,2021,9,74.58571428571429
MAGHARIBI  A,2021,10,74.3
MAGHARIBI  A,2021,11,75.08571428571429
MAGHARIBI  A,2021,12,75.01428571428572
MAGHARIBI  A,2021,13,77.67142857142858
MAGHARIBI  A,2021,14,82.3
MAGHARIBI  A,2021,15,82.48571428571428
MAGHARIBI  A,2021,16,82.85714285714286
MAGHARIBI  A,2021,17,80.41428571428571
MAGHARIBI  A,2021,18,77.77142857142857
MAGHARIBI  A,2021,19,77.35714285714286
MAGHARIBI  A,2021,20,76.87142857142858
MAGHARIBI  A,2021,21,76.92857142857143
MAGHARIBI  A,2021,22,75.17142857142858
MAGHARIBI  A,2021,23,74.3
MAGHARIBI  A,2021,24,74.77142857142857
MAGHARIBI  A,2021,25,75.45714285714287
MAGHARIBI  A,2021,26,73.42857142857143
MAGHARIBI  A,2021,27,73.45714285714287
MAGHARIBI  A,2021,28,74.35714285714286
MAGHARIBI  A,2021,29,73.25714285714285
MAGHARIBI  A,2021,30,73.14285714285714
MAGHARIBI  A,2021,31,75.18571428571428
MAGHARIBI  A,2021,32,76.51428571428572
MAGHARIBI  A,2021,33,75.18571428571428
MAGHARIBI  A,2021,34,75.91428571428571
MAGHARIBI  A,2021,35,74.94285714285715
MAGHARIBI  A,2021,36,73.39999999999999
MAGHARIBI  A,2021,37,74.60000000000001
MAGHARIBI  A,2021,38,73.91428571428571
MAGHARIBI  A,2021,39,73.68571428571428
MAGHARIBI  A,2021,40,75.05714285714285
MAGHARIBI  A,2021,41,75.12857142857142
MAGHARIBI  A,2021,42,74.67142857142858
MAGHARIBI  A,2021,43,73.1
MAGHARIBI  A,2021,44,73.62857142857142
MAGHARIBI  A,2021,45,73.95714285714287
MAGHARIBI  A,2021,46,73.95714285714287
MAGHARIBI  A,2021,47,74.07142857142857
MAGHARIBI  A,2021,48,79.41428571428571
MAGHARIBI  A,2021,49,82.01428571428572
MAGHARIBI  A,2021,50,82.01428571428572
MAGHARIBI  A,2021,51,82.31428571428572
MAGHARIBI  A,2021,52,81.15714285714286
MAGHARIBI  A,2022,1,80.24285714285715
MAGHARIBI  A,2022,2,79.54285714285713
MAGHARIBI  A,2022,3,79.7
MAGHARIBI  A,2022,4,79.38571428571429
MAGHARIBI  A,2022,5,82.89999999999999
MAGHARIBI  A,2022,6,83.11428571428571
MAGHARIBI  A,2022,7,82.38571428571429
MAGHARIBI  A,2022,8,83.87142857142858
MAGHARIBI  A,2022,9,81.22857142857143
MAGHARIBI  A,2022,10,80.5
MAGHARIBI  A,2022,11,80.47142857142856
MAGHARIBI  A,2022,12,79.97142857142856
MAGHARIBI  A,2022,13,82.58571428571429
MAGHARIBI  A,2022,14,85.32857142857142
MAGHARIBI  A,2022,15,85.22857142857143
MAGHARIBI  A,2022,16,84.81428571428572
MAGHARIBI  A,2022,17,84.74285714285715
MAGHARIBI  A,2022,18,84.08571428571429
MAGHARIBI  A,2022,19,84.27142857142857
MAGHARIBI  A,2022,20,85.21428571428571
MAGHARIBI  A,2022,21,84.65714285714286
MAGHARIBI  A,2022,22,83.8
MAGHARIBI  A,2022,23,83.81428571428572
MAGHARIBI  A,2022,24,83.61428571428571
MAGHARIBI  A,2022,25,84.45714285714287
MAGHARIBI  A,2022,26,86.41428571428571
MAGHARIBI  A,2022,27,88.2
MAGHARIBI  A,2022,28,88.11428571428571
MAGHARIBI  A,2022,29,87.60000000000001
MAGHARIBI  A,2022,30,88.17142857142858
MAGHARIBI  A,2022,31,84.05714285714285
MAGHARIBI  A,2022,32,84.45714285714287
MAGHARIBI  A,2022,33,85.78571428571429
MAGHARIBI  A,2022,34,84.39999999999999
MAGHARIBI  A,2022,35,79.21428571428571
MAGHARIBI  A,2022,36,74.98571428571428
MAGHARIBI  A,2022,37,75.72857142857143
MAGHARIBI  A,2022,38,75.91428571428571
MAGHARIBI  A,2022,39,75.68571428571428
MAGHARIBI  A,2022,40,71.68571428571428
MAGHARIBI  A,2022,41,71.5
MAGHARIBI  A,2022,42,71.57142857142857
MAGHARIBI  A,2022,43,72.37142857142858
MAGHARIBI  A,2022,44,75.28571428571429
MAGHARIBI  A,2022,45,76.72857142857143
MAGHARIBI  A,2022,46,75.24285714285715
MAGHARIBI  A,2022,47,76.42857142857143
MAGHARIBI  A,2022,48,74.05714285714285
MAGHARIBI  A,2022,49,73.97142857142858
MAGHARIBI  A,2022,50,74.91428571428571
MAGHARIBI  A,2022,51,74.27142857142857
MAGHARIBI  A,2022,52,74.55714285714285
MAGHARIBI  A,2023,1,79.87142857142858
MAGHARIBI  A,2023,2,79.87142857142858
MAGHARIBI  A,2023,3,80.21428571428571
MAGHARIBI  A,2023,4,79.17142857142858
MAGHARIBI  A,2023,5,76.35714285714286
MAGHARIBI  A,2023,6,74.61428571428571
MAGHARIBI  A,2023,7,74.88571428571429
MAGHARIBI  A,2023,8,75.98571428571428
MAGHARIBI  A,2023,9,76.28571428571429
MAGHARIBI  A,2023,10,77.89999999999999
MAGHARIBI  A,2023,11,78.15714285714286
MAGHARIBI  A,2023,12,77.98571428571428
MAGHARIBI  A,2023,13,82.12857142857142
MAGHARIBI  A,2023,14,90.67142857142858
MAGHARIBI  A,2023,15,90.39999999999999
MAGHARIBI  A,2023,16,90.31428571428572
MAGHARIBI  A,2023,17,90.38571428571429
MAGHARIBI  A,2023,18,85.6
MAGHARIBI  A,2023,19,85.81428571428572
MAGHARIBI  A,2023,20,86.5
MAGHARIBI  A,2023,21,86.17142857142858
MAGHARIBI  A,2023,22,86.31428571428572
MAGHARIBI  A,2023,23,86.21428571428571
MAGHARIBI  A,2023,24,85.65714285714286
MAGHARIBI  A,2023,25,86.14285714285714
MAGHARIBI  A,2023,26,86.15714285714286
MAGHARIBI  A,2023,27,87.71428571428571
MAGHARIBI  A,2023,28,88.42857142857143
MAGHARIBI  A,2023,29,87.98571428571428
MAGHARIBI  A,2023,30,87.88571428571429
MAGHARIBI  A,2023,31,86.72857142857143
MAGHARIBI  A,2023,32,85.75714285714285
MAGHARIBI  A,2023,33,84.05714285714285
MAGHARIBI  A,2023,34,83.38571428571429
MAGHARIBI  A,2023,35,82.24285714285715
MAGHARIBI  A,2023,36,80.68571428571428
MAGHARIBI  A,2023,37,80.89999999999999
MAGHARIBI  A,2023,38,80.45714285714287
MAGHARIBI  A,2023,39,79.39999999999999
MAGHARIBI  A,2023,40,70.27142857142857
MAGHARIBI  A,2023,41,69.38571428571429
MAGHARIBI  A,2023,42,69.1
MAGHARIBI  A,2023,43,69.54285714285714
MAGHARIBI  A,2023,44,74.71428571428571
MAGHARIBI  A,2023,45,76.35714285714286
MAGHARIBI  A,2023,46,76.95714285714287
MAGHARIBI  A,2023,47,77.15714285714286
MAGHARIBI  A,2023,48,77.67142857142858
MAGHARIBI  A,2023,49,77.34285714285714
MAGHARIBI  A,2023,50,78.5
MAGHARIBI  A,2023,51,78.47142857142856
MAGHARIBI  A,2023,52,77.84285714285714
MAGHARIBI  B,2018,1,78.8
MAGHARIBI  B,2018,2,76.44285714285715
MAGHARIBI  B,2018,3,77.02857142857144
MAGHARIBI  B,2018,4,76.18571428571428
MAGHARIBI  B,2018,5,79.0
MAGHARIBI  B,2018,6,82.98571428571428
MAGHARIBI  B,2018,7,82.2
MAGHARIBI  B,2018,8,82.91428571428571
MAGHARIBI  B,2018,9,83.39999999999999
MAGHARIBI  B,2018,10,85.75714285714285
MAGHARIBI  B,2018,11,83.27142857142857
MAGHARIBI  B,2018,12,84.02857142857144
MAGHARIBI  B,2018,13,83.91428571428571
MAGHARIBI  B,2018,14,85.78571428571429
MAGHARIBI  B,2018,15,84.91428571428571
MAGHARIBI  B,2018,16,84.02857142857144
MAGHARIBI  B,2018,17,84.24285714285715
MAGHARIBI  B,2018,18,80.68571428571428
MAGHARIBI  B,2018,19,80.35714285714286
MAGHARIBI  B,2018,20,80.10000000000001
MAGHARIBI  B,2018,21,79.81428571428572
MAGHARIBI  B,2018,22,82.18571428571428
MAGHARIBI  B,2018,23,83.58571428571429
MAGHARIBI  B,2018,24,84.02857142857144
MAGHARIBI  B,2018,25,83.3
MAGHARIBI  B,2018,26,84.58571428571429
MAGHARIBI  B,2018,27,78.78571428571429
MAGHARIBI  B,2018,28,79.85714285714286
MAGHARIBI  B,2018,29,79.2
MAGHARIBI  B,2018,30,79.8
MAGHARIBI  B,2018,31,80.04285714285713
MAGHARIBI  B,2018,32,79.92857142857143
MAGHARIBI  B,2018,33,79.84285714285714
MAGHARIBI  B,2018,34,78.78571428571429
MAGHARIBI  B,2018,35,78.87142857142858
MAGHARIBI  B,2018,36,78.10000000000001
MAGHARIBI  B,2018,37,77.11428571428571
MAGHARIBI  B,2018,38,77.95714285714287
MAGHARIBI  B,2018,39,77.61428571428571
MAGHARIBI  B,2018,40,79.85714285714286
MAGHARIBI  B,2018,41,79.12857142857142
MAGHARIBI  B,2018,42,79.41428571428571
MAGHARIBI  B,2018,43,78.89999999999999
MAGHARIBI  B,2018,44,80.45714285714287
MAGHARIBI  B,2018,45,82.14285714285714
MAGHARIBI  B,2018,46,82.8
MAGHARIBI  B,2018,47,82.62857142857142
MAGHARIBI  B,2018,48,83.85714285714286
MAGHARIBI  B,2018,49,84.07142857142857
MAGHARIBI  B,2018,50,83.45714285714287
MAGHARIBI  B,2018,51,84.92857142857143
MAGHARIBI  B,2018,52,83.52857142857144
MAGHARIBI  B,2019,1,72.3
MAGHARIBI  B,2019,2,70.08571428571429
MAGHARIBI  B,2019,3,70.44285714285715
MAGHARIBI  B,2019,4,71.58571428571429
MAGHARIBI  B,2019,5,67.9
MAGHARIBI  B,2019,6,63.94285714285714
MAGHARIBI  B,2019,7,63.25714285714286
MAGHARIBI  B,2019,8,62.642857142857146
MAGHARIBI  B,2019,9,66.01428571428572
MAGHARIBI  B,2019,10,68.44285714285714
MAGHARIBI  B,2019,11,69.21428571428571
MAGHARIBI  B,2019,12,69.64285714285714
MAGHARIBI  B,2019,13,69.45714285714286
MAGHARIBI  B,2019,14,88.0
MAGHARIBI  B,2019,15,86.35714285714286
MAGHARIBI  B,2019,16,87.81428571428572
MAGHARIBI  B,2019,17,87.22857142857143
MAGHARIBI  B,2019,18,86.8
MAGHARIBI  B,2019,19,85.24285714285715
MAGHARIBI  B,2019,20,86.51428571428572
MAGHARIBI  B,2019,21,87.22857142857143
MAGHARIBI  B,2019,22,79.81428571428572
MAGHARIBI  B,2019,23,63.05714285714286
MAGHARIBI  B,2019,24,63.24285714285714
MAGHARIBI  B,2019,25,63.41428571428571
MAGHARIBI  B,2019,26,62.785714285714285
MAGHARIBI  B,2019,27,62.128571428571426
MAGHARIBI  B,2019,28,61.528571428571425
MAGHARIBI  B,2019,29,60.67142857142857
MAGHARIBI  B,2019,30,61.58571428571429
MAGHARIBI  B,2019,31,65.47142857142858
MAGHARIBI  B,2019,32,68.72857142857143
MAGHARIBI  B,2019,33,68.52857142857144
MAGHARIBI  B,2019,34,69.34285714285714
MAGHARIBI  B,2019,35,67.34285714285714
MAGHARIBI  B,2019,36,59.5
MAGHARIBI  B,2019,37,59.385714285714286
MAGHARIBI  B,2019,38,58.08571428571429
MAGHARIBI  B,2019,39,58.07142857142857
MAGHARIBI  B,2019,40,67.11428571428571
MAGHARIBI  B,2019,41,69.11428571428571
MAGHARIBI  B,2019,42,69.38571428571429
MAGHARIBI  B,2019,43,69.27142857142857
MAGHARIBI  B,2019,44,69.31428571428572
MAGHARIBI  B,2019,45,70.64285714285714
MAGHARIBI  B,2019,46,70.55714285714285
MAGHARIBI  B,2019,47,70.95714285714287
MAGHARIBI  B,2019,48,70.14285714285714
MAGHARIBI  B,2019,49,69.32857142857144
MAGHARIBI  B,2019,50,68.97142857142858
MAGHARIBI  B,2019,51,68.18571428571428
MAGHARIBI  B,2019,52,68.97142857142858
MAGHARIBI  B,2020,1,69.1
MAGHARIBI  B,2020,2,68.2
MAGHARIBI  B,2020,3,68.7
MAGHARIBI  B,2020,4,68.44285714285715
MAGHARIBI  B,2020,5,70.12857142857142
MAGHARIBI  B,2020,6,71.7
MAGHARIBI  B,2020,7,72.18571428571428
MAGHARIBI  B,2020,8,71.58571428571429
MAGHARIBI  B,2020,9,72.72857142857143
MAGHARIBI  B,2020,10,77.18571428571428
MAGHARIBI  B,2020,11,77.12857142857142
MAGHARIBI  B,2020,12,76.74285714285715
MAGHARIBI  B,2020,13,76.92857142857143
MAGHARIBI  B,2020,14,83.44285714285715
MAGHARIBI  B,2020,15,86.54285714285713
MAGHARIBI  B,2020,16,85.62857142857142
MAGHARIBI  B,2020,17,86.17142857142858
MAGHARIBI  B,2020,18,86.57142857142857
MAGHARIBI  B,2020,19,86.71428571428571
MAGHARIBI  B,2020,20,87.61428571428571
MAGHARIBI  B,2020,21,86.75714285714285
MAGHARIBI  B,2020,22,88.45714285714287
MAGHARIBI  B,2020,23,79.62857142857142
MAGHARIBI  B,2020,24,80.42857142857143
MAGHARIBI  B,2020,25,79.95714285714287
MAGHARIBI  B,2020,26,80.37142857142858
MAGHARIBI  B,2020,27,77.39999999999999
MAGHARIBI  B,2020,28,77.02857142857144
MAGHARIBI  B,2020,29,75.88571428571429
MAGHARIBI  B,2020,30,75.97142857142856
MAGHARIBI  B,2020,31,76.54285714285713
MAGHARIBI  B,2020,32,77.67142857142858
MAGHARIBI  B,2020,33,77.77142857142857
MAGHARIBI  B,2020,34,78.31428571428572
MAGHARIBI  B,2020,35,79.2
MAGHARIBI  B,2020,36,86.14285714285714
MAGHARIBI  B,2020,37,87.10000000000001
MAGHARIBI  B,2020,38,87.91428571428571
MAGHARIBI  B,2020,39,88.55714285714285
MAGHARIBI  B,2020,40,86.3
MAGHARIBI  B,2020,41,85.75714285714285
MAGHARIBI  B,2020,42,85.52857142857144
MAGHARIBI  B,2020,43,86.31428571428572
MAGHARIBI  B,2020,44,86.2
MAGHARIBI  B,2020,45,83.44285714285715
MAGHARIBI  B,2020,46,83.24285714285715
MAGHARIBI  B,2020,47,84.94285714285715
MAGHARIBI  B,2020,48,82.72857142857143
MAGHARIBI  B,2020,49,82.65714285714286
MAGHARIBI  B,2020,50,81.55714285714285
MAGHARIBI  B,2020,51,82.07142857142857
MAGHARIBI  B,2020,52,82.81428571428572
MAGHARIBI  B,2021,1,80.92857142857143
MAGHARIBI  B,2021,2,81.07142857142857
MAGHARIBI  B,2021,3,81.8
MAGHARIBI  B,2021,4,80.55714285714285
MAGHARIBI  B,2021,5,79.5
MAGHARIBI  B,2021,6,78.60000000000001
MAGHARIBI  B,2021,7,79.21428571428571
MAGHARIBI  B,2021,8,78.91428571428571
MAGHARIBI  B,2021,9,78.35714285714286
MAGHARIBI  B,2021,10,79.94285714285715
MAGHARIBI  B,2021,11,80.67142857142858
MAGHARIBI  B,2021,12,78.98571428571428
MAGHARIBI  B,2021,13,84.18571428571428
MAGHARIBI  B,2021,14,86.7
MAGHARIBI  B,2021,15,87.52857142857144
MAGHARIBI  B,2021,16,87.28571428571429
MAGHARIBI  B,2021,17,84.2
MAGHARIBI  B,2021,18,80.84285714285714
MAGHARIBI  B,2021,19,80.47142857142856
MAGHARIBI  B,2021,20,78.52857142857144
MAGHARIBI  B,2021,21,79.3
MAGHARIBI  B,2021,22,74.97142857142856
MAGHARIBI  B,2021,23,74.85714285714286
MAGHARIBI  B,2021,24,75.37142857142858
MAGHARIBI  B,2021,25,74.78571428571429
MAGHARIBI  B,2021,26,73.78571428571429
MAGHARIBI  B,2021,27,73.08571428571429
MAGHARIBI  B,2021,28,73.57142857142857
MAGHARIBI  B,2021,29,72.14285714285714
MAGHARIBI  B,2021,30,73.27142857142857
MAGHARIBI  B,2021,31,76.55714285714285
MAGHARIBI  B,2021,32,76.7
MAGHARIBI  B,2021,33,76.84285714285714
MAGHARIBI  B,2021,34,76.67142857142858
MAGHARIBI  B,2021,35,75.65714285714286
MAGHARIBI  B,2021,36,75.81428571428572
MAGHARIBI  B,2021,37,75.87142857142858
MAGHARIBI  B,2021,38,76.18571428571428
MAGHARIBI  B,2021,39,76.62857142857142
MAGHARIBI  B,2021,40,78.32857142857142
MAGHARIBI  B,2021,41,77.92857142857143
MAGHARIBI  B,2021,42,77.97142857142856
MAGHARIBI  B,2021,43,77.24285714285715
MAGHARIBI  B,2021,44,82.14285714285714
MAGHARIBI  B,2021,45,82.08571428571429
MAGHARIBI  B,2021,46,82.41428571428571
MAGHARIBI  B,2021,47,81.5
MAGHARIBI  B,2021,48,80.24285714285715
MAGHARIBI  B,2021,49,78.92857142857143
MAGHARIBI  B,2021,50,78.07142857142857
MAGHARIBI  B,2021,51,78.91428571428571
MAGHARIBI  B,2021,52,78.45714285714287
MAGHARIBI  B,2022,1,77.45714285714287
MAGHARIBI  B,2022,2,76.51428571428572
MAGHARIBI  B,2022,3,77.04285714285713
MAGHARIBI  B,2022,4,76.68571428571428
MAGHARIBI  B,2022,5,77.75714285714285
MAGHARIBI  B,2022,6,79.01428571428572
MAGHARIBI  B,2022,7,77.32857142857142
MAGHARIBI  B,2022,8,76.21428571428571
MAGHARIBI  B,2022,9,75.34285714285714
MAGHARIBI  B,2022,10,75.47142857142856
MAGHARIBI  B,2022,11,74.60000000000001
MAGHARIBI  B,2022,12,75.10000000000001
MAGHARIBI  B,2022,13,78.02857142857144
MAGHARIBI  B,2022,14,82.31428571428572
MAGHARIBI  B,2022,15,81.78571428571429
MAGHARIBI  B,2022,16,81.52857142857144
MAGHARIBI  B,2022,17,81.7
MAGHARIBI  B,2022,18,76.82857142857142
MAGHARIBI  B,2022,19,77.27142857142857
MAGHARIBI  B,2022,20,76.95714285714284
MAGHARIBI  B,2022,21,76.85714285714286
MAGHARIBI  B,2022,22,75.35714285714286
MAGHARIBI  B,2022,23,75.34285714285714
MAGHARIBI  B,2022,24,75.08571428571429
MAGHARIBI  B,2022,25,75.2
MAGHARIBI  B,2022,26,72.92857142857143
MAGHARIBI  B,2022,27,73.15714285714286
MAGHARIBI  B,2022,28,72.78571428571429
MAGHARIBI  B,2022,29,72.4
MAGHARIBI  B,2022,30,73.68571428571428
MAGHARIBI  B,2022,31,75.82857142857142
MAGHARIBI  B,2022,32,75.68571428571428
MAGHARIBI  B,2022,33,75.54285714285713
MAGHARIBI  B,2022,34,75.77142857142857
MAGHARIBI  B,2022,35,74.85714285714286
MAGHARIBI  B,2022,36,73.65714285714286
MAGHARIBI  B,2022,37,73.71428571428571
MAGHARIBI  B,2022,38,73.52857142857144
MAGHARIBI  B,2022,39,74.85714285714286
MAGHARIBI  B,2022,40,74.5
MAGHARIBI  B,2022,41,74.82857142857142
MAGHARIBI  B,2022,42,74.02857142857142
MAGHARIBI  B,2022,43,73.0142857142857
MAGHARIBI  B,2022,44,73.62857142857142
MAGHARIBI  B,2022,45,73.91428571428571
MAGHARIBI  B,2022,46,74.15714285714286
MAGHARIBI  B,2022,47,74.87142857142858
MAGHARIBI  B,2022,48,78.75714285714285
MAGHARIBI  B,2022,49,80.81428571428572
MAGHARIBI  B,2022,50,81.57142857142857
MAGHARIBI  B,2022,51,82.88571428571429
MAGHARIBI  B,2022,52,81.64285714285714
MAGHARIBI  B,2023,1,74.8
MAGHARIBI  B,2023,2,74.64285714285714
MAGHARIBI  B,2023,3,75.15714285714286
MAGHARIBI  B,2023,4,75.5
MAGHARIBI  B,2023,5,75.97142857142856
MAGHARIBI  B,2023,6,76.4
MAGHARIBI  B,2023,7,75.81428571428572
MAGHARIBI  B,2023,8,76.92857142857143
MAGHARIBI  B,2023,9,76.57142857142857
MAGHARIBI  B,2023,10,74.32857142857142
MAGHARIBI  B,2023,11,74.84285714285714
MAGHARIBI  B,2023,12,75.68571428571428
MAGHARIBI  B,2023,13,77.85714285714286
MAGHARIBI  B,2023,14,83.71428571428571
MAGHARIBI  B,2023,15,82.21428571428571
MAGHARIBI  B,2023,16,83.11428571428571
MAGHARIBI  B,2023,17,83.10000000000001
MAGHARIBI  B,2023,18,78.12857142857142
MAGHARIBI  B,2023,19,78.42857142857143
MAGHARIBI  B,2023,20,79.08571428571429
MAGHARIBI  B,2023,21,79.72857142857143
MAGHARIBI  B,2023,22,79.42857142857143
MAGHARIBI  B,2023,23,78.54285714285713
MAGHARIBI  B,2023,24,78.82857142857142
MAGHARIBI  B,2023,25,79.18571428571428
MAGHARIBI  B,2023,26,78.5
MAGHARIBI  B,2023,27,79.82857142857142
MAGHARIBI  B,2023,28,80.12857142857142
MAGHARIBI  B,2023,29,79.2
MAGHARIBI  B,2023,30,79.41428571428571
MAGHARIBI  B,2023,31,78.28571428571429
MAGHARIBI  B,2023,32,77.24285714285713
MAGHARIBI  B,2023,33,78.22857142857143
MAGHARIBI  B,2023,34,78.15714285714286
MAGHARIBI  B,2023,35,76.08571428571429
MAGHARIBI  B,2023,36,72.41428571428571
MAGHARIBI  B,2023,37,73.8
MAGHARIBI  B,2023,38,74.45714285714287
MAGHARIBI  B,2023,39,73.45714285714287
MAGHARIBI  B,2023,40,79.75714285714285
MAGHARIBI  B,2023,41,80.82857142857142
MAGHARIBI  B,2023,42,79.28571428571429
MAGHARIBI  B,2023,43,79.87142857142858
MAGHARIBI  B,2023,44,85.58571428571429
MAGHARIBI  B,2023,45,87.64285714285714
MAGHARIBI  B,2023,46,87.04285714285713
MAGHARIBI  B,2023,47,88.34285714285714
MAGHARIBI  B,2023,48,85.31428571428572
MAGHARIBI  B,2023,49,84.61428571428571
MAGHARIBI  B,2023,50,84.41428571428571
MAGHARIBI  B,2023,51,84.38571428571429
MAGHARIBI  B,2023,52,83.85714285714286
MICHEWENI,2018,1,89.87142857142858
MICHEWENI,2018,2,90.2
MICHEWENI,2018,3,89.94285714285715
MICHEWENI,2018,4,90.64285714285714
MICHEWENI,2018,5,90.0
MICHEWENI,2018,6,90.78571428571429
MICHEWENI,2018,7,90.98571428571428
MICHEWENI,2018,8,89.84285714285714
MICHEWENI,2018,9,91.62857142857142
MICHEWENI,2018,10,91.87142857142858
MICHEWENI,2018,11,91.18571428571428
MICHEWENI,2018,12,91.3
MICHEWENI,2018,13,92.31428571428572
MICHEWENI,2018,14,96.61428571428571
MICHEWENI,2018,15,94.1
MICHEWENI,2018,16,95.71428571428571
MICHEWENI,2018,17,95.18571428571428
MICHEWENI,2018,18,94.47142857142856
MICHEWENI,2018,19,92.91428571428571
MICHEWENI,2018,20,93.94285714285715
MICHEWENI,2018,21,93.24285714285715
MICHEWENI,2018,22,91.39999999999999
MICHEWENI,2018,23,88.05714285714285
MICHEWENI,2018,24,88.85714285714286
MICHEWENI,2018,25,88.11428571428571
MICHEWENI,2018,26,87.57142857142857
MICHEWENI,2018,27,85.41428571428571
MICHEWENI,2018,28,86.44285714285715
MICHEWENI,2018,29,85.98571428571428
MICHEWENI,2018,30,85.02857142857144
MICHEWENI,2018,31,84.62857142857142
MICHEWENI,2018,32,83.87142857142858
MICHEWENI,2018,33,84.44285714285715
MICHEWENI,2018,34,84.54285714285713
MICHEWENI,2018,35,83.37142857142858
MICHEWENI,2018,36,84.68571428571428
MICHEWENI,2018,37,83.82857142857142
MICHEWENI,2018,38,84.82857142857142
MICHEWENI,2018,39,85.18571428571428
MICHEWENI,2018,40,88.24285714285715
MICHEWENI,2018,41,89.12857142857142
MICHEWENI,2018,42,89.22857142857143
MICHEWENI,2018,43,89.10000000000001
MICHEWENI,2018,44,92.60000000000001
MICHEWENI,2018,45,94.38571428571429
MICHEWENI,2018,46,92.87142857142858
MICHEWENI,2018,47,94.42857142857143
MICHEWENI,2018,48,93.31428571428572
MICHEWENI,2018,49,92.54285714285713
MICHEWENI,2018,50,93.27142857142857
MICHEWENI,2018,51,93.41428571428571
MICHEWENI,2018,52,92.89999999999999
MICHEWENI,2019,1,89.34285714285714
MICHEWENI,2019,2,88.67142857142858
MICHEWENI,2019,3,87.57142857142857
MICHEWENI,2019,4,88.78571428571429
MICHEWENI,2019,5,87.85714285714286
MICHEWENI,2019,6,87.77142857142857
MICHEWENI,2019,7,87.89999999999999
MICHEWENI,2019,8,88.05714285714285
MICHEWENI,2019,9,89.12857142857142
MICHEWENI,2019,10,92.48571428571428
MICHEWENI,2019,11,93.01428571428572
MICHEWENI,2019,12,91.31428571428572
MICHEWENI,2019,13,91.81428571428572
MICHEWENI,2019,14,93.25714285714285
MICHEWENI,2019,15,94.18571428571428
MICHEWENI,2019,16,93.82857142857142
MICHEWENI,2019,17,94.14285714285714
MICHEWENI,2019,18,95.44285714285715
MICHEWENI,2019,19,95.77142857142857
MICHEWENI,2019,20,93.82857142857142
MICHEWENI,2019,21,95.34285714285714
MICHEWENI,2019,22,92.3
MICHEWENI,2019,23,85.98571428571428
MICHEWENI,2019,24,86.44285714285715
MICHEWENI,2019,25,85.55714285714285
MICHEWENI,2019,26,86.74285714285715
MICHEWENI,2019,27,89.45714285714287
MICHEWENI,2019,28,89.45714285714287
MICHEWENI,2019,29,89.25714285714285
MICHEWENI,2019,30,89.48571428571428
MICHEWENI,2019,31,89.04285714285713
MICHEWENI,2019,32,90.98571428571428
MICHEWENI,2019,33,90.27142857142857
MICHEWENI,2019,34,91.14285714285714
MICHEWENI,2019,35,91.61428571428571
MICHEWENI,2019,36,88.42857142857143
MICHEWENI,2019,37,89.02857142857144
MICHEWENI,2019,38,89.32857142857144
MICHEWENI,2019,39,88.31428571428572
MICHEWENI,2019,40,94.75714285714285
MICHEWENI,2019,41,93.98571428571428
MICHEWENI,2019,42,94.55714285714285
MICHEWENI,2019,43,95.2
MICHEWENI,2019,44,94.52857142857144
MICHEWENI,2019,45,94.44285714285715
MICHEWENI,2019,46,94.64285714285714
MICHEWENI,2019,47,93.67142857142858
MICHEWENI,2019,48,95.11428571428571
MICHEWENI,2019,49,92.05714285714285
MICHEWENI,2019,50,93.61428571428571
MICHEWENI,2019,51,92.47142857142856
MICHEWENI,2019,52,93.87142857142858
MICHEWENI,2020,1,88.15714285714286
MICHEWENI,2020,2,85.89999999999999
MICHEWENI,2020,3,85.3
MICHEWENI,2020,4,86.04285714285713
MICHEWENI,2020,5,87.82857142857142
MICHEWENI,2020,6,93.0
MICHEWENI,2020,7,93.34285714285714
MICHEWENI,2020,8,92.60000000000001
MICHEWENI,2020,9,92.34285714285714
MICHEWENI,2020,10,92.48571428571428
MICHEWENI,2020,11,93.12857142857142
MICHEWENI,2020,12,93.15714285714286
MICHEWENI,2020,13,92.3
MICHEWENI,2020,14,87.65714285714286
MICHEWENI,2020,15,85.38571428571429
MICHEWENI,2020,16,84.98571428571428
MICHEWENI,2020,17,84.88571428571429
MICHEWENI,2020,18,87.67142857142858
MICHEWENI,2020,19,90.17142857142858
MICHEWENI,2020,20,91.32857142857142
MICHEWENI,2020,21,90.65714285714286
MICHEWENI,2020,22,92.31428571428572
MICHEWENI,2020,23,86.62857142857142
MICHEWENI,2020,24,86.38571428571429
MICHEWENI,2020,25,86.52857142857144
MICHEWENI,2020,26,87.12857142857142
MICHEWENI,2020,27,81.11428571428571
MICHEWENI,2020,28,80.12857142857142
MICHEWENI,2020,29,79.72857142857143
MICHEWENI,2020,30,81.12857142857142
MICHEWENI,2020,31,81.28571428571429
MICHEWENI,2020,32,85.91428571428571
MICHEWENI,2020,33,84.78571428571429
MICHEWENI,2020,34,85.74285714285715
MICHEWENI,2020,35,85.64285714285714
MICHEWENI,2020,36,87.85714285714286
MICHEWENI,2020,37,88.0
MICHEWENI,2020,38,87.1857142857143
MICHEWENI,2020,39,89.10000000000001
MICHEWENI,2020,40,88.8142857142857
MICHEWENI,2020,41,90.32857142857142
MICHEWENI,2020,42,89.60000000000001
MICHEWENI,2020,43,90.68571428571428
MICHEWENI,2020,44,90.34285714285714
MICHEWENI,2020,45,91.0
MICHEWENI,2020,46,90.51428571428572
MICHEWENI,2020,47,90.21428571428571
MICHEWENI,2020,48,91.08571428571429
MICHEWENI,2020,49,89.25714285714285
MICHEWENI,2020,50,90.34285714285714
MICHEWENI,2020,51,89.84285714285714
MICHEWENI,2020,52,90.25714285714285
MICHEWENI,2021,1,89.07142857142857
MICHEWENI,2021,2,90.21428571428571
MICHEWENI,2021,3,90.05714285714285
MICHEWENI,2021,4,89.97142857142858
MICHEWENI,2021,5,88.51428571428572
MICHEWENI,2021,6,90.52857142857144
MICHEWENI,2021,7,90.24285714285715
MICHEWENI,2021,8,89.75714285714285
MICHEWENI,2021,9,69.04285714285714
MICHEWENI,2021,10,69.32857142857144
MICHEWENI,2021,11,69.07142857142857
MICHEWENI,2021,12,69.61428571428571
MICHEWENI,2021,13,77.98571428571428
MICHEWENI,2021,14,85.14285714285714
MICHEWENI,2021,15,84.72857142857143
MICHEWENI,2021,16,84.74285714285715
MICHEWENI,2021,17,86.0
MICHEWENI,2021,18,86.61428571428571
MICHEWENI,2021,19,87.37142857142858
MICHEWENI,2021,20,87.68571428571428
MICHEWENI,2021,21,88.38571428571429
MICHEWENI,2021,22,86.51428571428572
MICHEWENI,2021,23,85.61428571428571
MICHEWENI,2021,24,85.42857142857143
MICHEWENI,2021,25,84.81428571428572
MICHEWENI,2021,26,83.2
MICHEWENI,2021,27,82.89999999999999
MICHEWENI,2021,28,82.65714285714286
MICHEWENI,2021,29,83.28571428571429
MICHEWENI,2021,30,83.07142857142857
MICHEWENI,2021,31,86.07142857142857
MICHEWENI,2021,32,85.91428571428571
MICHEWENI,2021,33,86.07142857142857
MICHEWENI,2021,34,85.87142857142858
MICHEWENI,2021,35,84.84285714285714
MICHEWENI,2021,36,85.18571428571428
MICHEWENI,2021,37,83.88571428571429
MICHEWENI,2021,38,84.77142857142857
MICHEWENI,2021,39,84.88571428571429
MICHEWENI,2021,40,87.48571428571428
MICHEWENI,2021,41,88.01428571428572
MICHEWENI,2021,42,87.27142857142857
MICHEWENI,2021,43,86.5
MICHEWENI,2021,44,88.97142857142856
MICHEWENI,2021,45,89.27142857142857
MICHEWENI,2021,46,89.35714285714286
MICHEWENI,2021,47,89.61428571428571
MICHEWENI,2021,48,91.1857142857143
MICHEWENI,2021,49,92.5
MICHEWENI,2021,50,90.84285714285714
MICHEWENI,2021,51,90.78571428571429
MICHEWENI,2021,52,86.15714285714286
MICHEWENI,2022,1,76.52857142857144
MICHEWENI,2022,2,75.98571428571428
MICHEWENI,2022,3,75.6857142857143
MICHEWENI,2022,4,76.7
MICHEWENI,2022,5,76.78571428571429
MICHEWENI,2022,6,77.68571428571428
MICHEWENI,2022,7,77.07142857142857
MICHEWENI,2022,8,76.94285714285715
MICHEWENI,2022,9,69.98571428571428
MICHEWENI,2022,10,68.87142857142858
MICHEWENI,2022,11,68.92857142857143
MICHEWENI,2022,12,68.64285714285714
MICHEWENI,2022,13,73.55714285714285
MICHEWENI,2022,14,81.91428571428571
MICHEWENI,2022,15,79.12857142857142
MICHEWENI,2022,16,79.18571428571428
MICHEWENI,2022,17,81.57142857142857
MICHEWENI,2022,18,85.15714285714286
MICHEWENI,2022,19,86.32857142857142
MICHEWENI,2022,20,86.0
MICHEWENI,2022,21,86.02857142857144
MICHEWENI,2022,22,30.585714285714285
MICHEWENI,2022,23,9.957142857142857
MICHEWENI,2022,24,9.285714285714286
MICHEWENI,2022,25,8.742857142857144
MICHEWENI,2022,26,45.642857142857146
MICHEWENI,2022,27,93.55714285714285
MICHEWENI,2022,28,94.39999999999999
MICHEWENI,2022,29,94.60000000000001
MICHEWENI,2022,30,94.61428571428571
MICHEWENI,2022,31,89.39999999999999
MICHEWENI,2022,32,89.55714285714285
MICHEWENI,2022,33,89.07142857142857
MICHEWENI,2022,34,88.34285714285714
MICHEWENI,2022,35,89.62857142857142
MICHEWENI,2022,36,88.52857142857144
MICHEWENI,2022,37,87.35714285714286
MICHEWENI,2022,38,87.4
MICHEWENI,2022,39,88.61428571428571
MICHEWENI,2022,40,90.68571428571428
MICHEWENI,2022,41,90.24285714285715
MICHEWENI,2022,42,90.02857142857144
MICHEWENI,2022,43,89.84285714285714
MICHEWENI,2022,44,92.42857142857143
MICHEWENI,2022,45,92.34285714285714
MICHEWENI,2022,46,92.92857142857143
MICHEWENI,2022,47,93.38571428571429
MICHEWENI,2022,48,93.92857142857143
MICHEWENI,2022,49,94.02857142857144
MICHEWENI,2022,50,94.25714285714285
MICHEWENI,2022,51,94.68571428571428
MICHEWENI,2022,52,93.02857142857144
MICHEWENI,2023,1,86.38571428571429
MICHEWENI,2023,2,86.74285714285715
MICHEWENI,2023,3,87.47142857142856
MICHEWENI,2023,4,86.24285714285715
MICHEWENI,2023,5,89.28571428571429
MICHEWENI,2023,6,90.98571428571428
MICHEWENI,2023,7,89.97142857142856
MICHEWENI,2023,8,91.15714285714286
MICHEWENI,2023,9,92.08571428571429
MICHEWENI,2023,10,92.2
MICHEWENI,2023,11,92.08571428571429
MICHEWENI,2023,12,91.68571428571428
MICHEWENI,2023,13,91.47142857142856
MICHEWENI,2023,14,89.2
MICHEWENI,2023,15,90.35714285714286
MICHEWENI,2023,16,89.88571428571429
MICHEWENI,2023,17,90.34285714285714
MICHEWENI,2023,18,96.54285714285713
MICHEWENI,2023,19,95.58571428571429
MICHEWENI,2023,20,95.17142857142858
MICHEWENI,2023,21,95.04285714285713
MICHEWENI,2023,22,93.67142857142858
MICHEWENI,2023,23,90.8
MICHEWENI,2023,24,90.58571428571429
MICHEWENI,2023,25,90.05714285714285
MICHEWENI,2023,26,87.91428571428571
MICHEWENI,2023,27,84.92857142857143
MICHEWENI,2023,28,84.78571428571429
MICHEWENI,2023,29,84.89999999999999
MICHEWENI,2023,30,85.02857142857144
MICHEWENI,2023,31,85.88571428571429
MICHEWENI,2023,32,87.34285714285714
MICHEWENI,2023,33,85.82857142857142
MICHEWENI,2023,34,87.38571428571427
MICHEWENI,2023,35,88.04285714285713
MICHEWENI,2023,36,88.81428571428572
MICHEWENI,2023,37,87.74285714285715
MICHEWENI,2023,38,88.7
MICHEWENI,2023,39,89.17142857142858
MICHEWENI,2023,40,90.97142857142856
MICHEWENI,2023,41,92.05714285714285
MICHEWENI,2023,42,92.51428571428572
MICHEWENI,2023,43,92.11428571428571
MICHEWENI,2023,44,94.31428571428572
MICHEWENI,2023,45,94.44285714285715
MICHEWENI,2023,46,96.11428571428571
MICHEWENI,2023,47,94.91428571428571
MICHEWENI,2023,48,92.37142857142858
MICHEWENI,2023,49,90.55714285714285
MICHEWENI,2023,50,89.89999999999999
MICHEWENI,2023,51,90.22857142857143
MICHEWENI,2023,52,90.38571428571429
MJINI,2018,1,70.55714285714285
MJINI,2018,2,71.18571428571428
MJINI,2018,3,71.85714285714286
MJINI,2018,4,71.85714285714286
MJINI,2018,5,67.0
MJINI,2018,6,63.199999999999996
MJINI,2018,7,63.1
MJINI,2018,8,63.57142857142857
MJINI,2018,9,65.65714285714286
MJINI,2018,10,67.78571428571429
MJINI,2018,11,67.78571428571429
MJINI,2018,12,68.88571428571429
MJINI,2018,13,71.51428571428572
MJINI,2018,14,88.27142857142857
MJINI,2018,15,88.45714285714287
MJINI,2018,16,88.24285714285715
MJINI,2018,17,87.91428571428571
MJINI,2018,18,86.61428571428571
MJINI,2018,19,86.17142857142858
MJINI,2018,20,85.84285714285714
MJINI,2018,21,85.58571428571429
MJINI,2018,22,75.58571428571429
MJINI,2018,23,63.75714285714286
MJINI,2018,24,62.18571428571429
MJINI,2018,25,63.75714285714286
MJINI,2018,26,63.08571428571429
MJINI,2018,27,61.74285714285714
MJINI,2018,28,61.75714285714286
MJINI,2018,29,61.48571428571428
MJINI,2018,30,61.84285714285714
MJINI,2018,31,67.58571428571429
MJINI,2018,32,69.47142857142856
MJINI,2018,33,69.34285714285714
MJINI,2018,34,68.14285714285714
MJINI,2018,35,65.45714285714286
MJINI,2018,36,58.18571428571429
MJINI,2018,37,58.65714285714286
MJINI,2018,38,58.05714285714286
MJINI,2018,39,58.91428571428571
MJINI,2018,40,69.32857142857144
MJINI,2018,41,67.57142857142857
MJINI,2018,42,68.92857142857143
MJINI,2018,43,68.31428571428572
MJINI,2018,44,69.04285714285714
MJINI,2018,45,70.51428571428572
MJINI,2018,46,71.32857142857144
MJINI,2018,47,70.67142857142856
MJINI,2018,48,70.78571428571429
MJINI,2018,49,69.62857142857142
MJINI,2018,50,68.92857142857143
MJINI,2018,51,68.88571428571429
MJINI,2018,52,68.7
MJINI,2019,1,68.08571428571429
MJINI,2019,2,67.98571428571428
MJINI,2019,3,67.54285714285714
MJINI,2019,4,67.45714285714286
MJINI,2019,5,69.81428571428572
MJINI,2019,6,71.85714285714286
MJINI,2019,7,71.47142857142858
MJINI,2019,8,72.07142857142857
MJINI,2019,9,74.98571428571428
MJINI,2019,10,77.71428571428571
MJINI,2019,11,76.22857142857143
MJINI,2019,12,77.39999999999999
MJINI,2019,13,77.52857142857144
MJINI,2019,14,85.8
MJINI,2019,15,84.62857142857142
MJINI,2019,16,85.74285714285715
MJINI,2019,17,84.68571428571428
MJINI,2019,18,86.52857142857144
MJINI,2019,19,87.22857142857143
MJINI,2019,20,87.8
MJINI,2019,21,87.34285714285714
MJINI,2019,22,84.82857142857142
MJINI,2019,23,80.32857142857142
MJINI,2019,24,80.74285714285715
MJINI,2019,25,80.05714285714285
MJINI,2019,26,80.05714285714285
MJINI,2019,27,75.45714285714287
MJINI,2019,28,76.32857142857142
MJINI,2019,29,76.88571428571429
MJINI,2019,30,76.77142857142857
MJINI,2019,31,77.51428571428572
MJINI,2019,32,77.8
MJINI,2019,33,78.89999999999999
MJINI,2019,34,76.38571428571429
MJINI,2019,35,79.84285714285714
MJINI,2019,36,87.52857142857144
MJINI,2019,37,88.18571428571428
MJINI,2019,38,87.7
MJINI,2019,39,87.28571428571429
MJINI,2019,40,85.98571428571428
MJINI,2019,41,86.98571428571428
MJINI,2019,42,86.04285714285713
MJINI,2019,43,85.57142857142857
MJINI,2019,44,84.42857142857143
MJINI,2019,45,84.15714285714286
MJINI,2019,46,85.68571428571428
MJINI,2019,47,83.68571428571428
MJINI,2019,48,84.44285714285715
MJINI,2019,49,81.38571428571429
MJINI,2019,50,80.48571428571428
MJINI,2019,51,81.77142857142857
MJINI,2019,52,81.52857142857144
MJINI,2020,1,81.01428571428572
MJINI,2020,2,81.74285714285715
MJINI,2020,3,81.58571428571429
MJINI,2020,4,81.91428571428571
MJINI,2020,5,81.0
MJINI,2020,6,79.38571428571429
MJINI,2020,7,79.25714285714285
MJINI,2020,8,79.74285714285715
MJINI,2020,9,79.47142857142856
MJINI,2020,10,80.65714285714286
MJINI,2020,11,80.17142857142858
MJINI,2020,12,79.71428571428571
MJINI,2020,13,81.10000000000001
MJINI,2020,14,84.92857142857143
MJINI,2020,15,87.21428571428571
MJINI,2020,16,87.0
MJINI,2020,17,86.37142857142858
MJINI,2020,18,83.22857142857143
MJINI,2020,19,79.8
MJINI,2020,20,79.85714285714286
MJINI,2020,21,80.64285714285714
MJINI,2020,22,80.87142857142858
MJINI,2020,23,74.17142857142858
MJINI,2020,24,75.61428571428571
MJINI,2020,25,73.60000000000001
MJINI,2020,26,74.72857142857143
MJINI,2020,27,71.91428571428573
MJINI,2020,28,73.2
MJINI,2020,29,72.64285714285714
MJINI,2020,30,72.4
MJINI,2020,31,74.10000000000001
MJINI,2020,32,76.89999999999999
MJINI,2020,33,77.48571428571428
MJINI,2020,34,76.2
MJINI,2020,35,75.51428571428572
MJINI,2020,36,76.34285714285714
MJINI,2020,37,74.68571428571428
MJINI,2020,38,76.68571428571428
MJINI,2020,39,76.11428571428571
MJINI,2020,40,77.17142857142858
MJINI,2020,41,78.77142857142857
MJINI,2020,42,78.74285714285715
MJINI,2020,43,77.71428571428571
MJINI,2020,44,78.37142857142858
MJINI,2020,45,81.42857142857143
MJINI,2020,46,81.15714285714286
MJINI,2020,47,81.82857142857142
MJINI,2020,48,82.67142857142858
MJINI,2020,49,79.89999999999999
MJINI,2020,50,78.94285714285715
MJINI,2020,51,79.38571428571429
MJINI,2020,52,79.21428571428571
MJINI,2021,1,77.52857142857144
MJINI,2021,2,76.87142857142858
MJINI,2021,3,76.07142857142857
MJINI,2021,4,75.81428571428572
MJINI,2021,5,77.35714285714286
MJINI,2021,6,78.39999999999999
MJINI,2021,7,78.14285714285714
MJINI,2021,8,78.04285714285713
MJINI,2021,9,74.58571428571429
MJINI,2021,10,74.3
MJINI,2021,11,75.08571428571429
MJINI,2021,12,75.01428571428572
MJINI,2021,13,77.67142857142858
MJINI,2021,14,82.3
MJINI,2021,15,82.48571428571428
MJINI,2021,16,82.85714285714286
MJINI,2021,17,80.41428571428571
MJINI,2021,18,77.77142857142857
MJINI,2021,19,77.35714285714286
MJINI,2021,20,76.87142857142858
MJINI,2021,21,76.92857142857143
MJINI,2021,22,75.17142857142858
MJINI,2021,23,74.3
MJINI,2021,24,74.77142857142857
MJINI,2021,25,75.45714285714287
MJINI,2021,26,73.42857142857143
MJINI,2021,27,73.45714285714287
MJINI,2021,28,74.35714285714286
MJINI,2021,29,73.25714285714285
MJINI,2021,30,73.14285714285714
MJINI,2021,31,75.18571428571428
MJINI,2021,32,76.51428571428572
MJINI,2021,33,75.18571428571428
MJINI,2021,34,75.91428571428571
MJINI,2021,35,74.94285714285715
MJINI,2021,36,73.39999999999999
MJINI,2021,37,74.60000000000001
MJINI,2021,38,73.91428571428571
MJINI,2021,39,73.68571428571428
MJINI,2021,40,75.05714285714285
MJINI,2021,41,75.12857142857142
MJINI,2021,42,74.67142857142858
MJINI,2021,43,73.1
MJINI,2021,44,73.62857142857142
MJINI,2021,45,73.95714285714287
MJINI,2021,46,73.95714285714287
MJINI,2021,47,74.07142857142857
MJINI,2021,48,79.41428571428571
MJINI,2021,49,82.01428571428572
MJINI,2021,50,82.01428571428572
MJINI,2021,51,82.31428571428572
MJINI,2021,52,81.15714285714286
MJINI,2022,1,80.24285714285715
MJINI,2022,2,79.54285714285713
MJINI,2022,3,79.7
MJINI,2022,4,79.38571428571429
MJINI,2022,5,82.89999999999999
MJINI,2022,6,83.11428571428571
MJINI,2022,7,82.38571428571429
MJINI,2022,8,83.87142857142858
MJINI,2022,9,81.22857142857143
MJINI,2022,10,80.5
MJINI,2022,11,80.47142857142856
MJINI,2022,12,79.97142857142856
MJINI,2022,13,82.58571428571429
MJINI,2022,14,85.32857142857142
MJINI,2022,15,85.22857142857143
MJINI,2022,16,84.81428571428572
MJINI,2022,17,84.74285714285715
MJINI,2022,18,84.08571428571429
MJINI,2022,19,84.27142857142857
MJINI,2022,20,85.21428571428571
MJINI,2022,21,84.65714285714286
MJINI,2022,22,83.8
MJINI,2022,23,83.81428571428572
MJINI,2022,24,83.61428571428571
MJINI,2022,25,84.45714285714287
MJINI,2022,26,86.41428571428571
MJINI,2022,27,88.2
MJINI,2022,28,88.11428571428571
MJINI,2022,29,87.60000000000001
MJINI,2022,30,88.17142857142858
MJINI,2022,31,84.05714285714285
MJINI,2022,32,84.45714285714287
MJINI,2022,33,85.78571428571429
MJINI,2022,34,84.39999999999999
MJINI,2022,35,79.21428571428571
MJINI,2022,36,74.98571428571428
MJINI,2022,37,75.72857142857143
MJINI,2022,38,75.91428571428571
MJINI,2022,39,75.68571428571428
MJINI,2022,40,71.68571428571428
MJINI,2022,41,71.5
MJINI,2022,42,71.57142857142857
MJINI,2022,43,72.37142857142858
MJINI,2022,44,75.28571428571429
MJINI,2022,45,76.72857142857143
MJINI,2022,46,75.24285714285715
MJINI,2022,47,76.42857142857143
MJINI,2022,48,74.05714285714285
MJINI,2022,49,73.97142857142858
MJINI,2022,50,74.91428571428571
MJINI,2022,51,74.27142857142857
MJINI,2022,52,74.55714285714285
MJINI,2023,1,79.87142857142858
MJINI,2023,2,79.87142857142858
MJINI,2023,3,80.21428571428571
MJINI,2023,4,79.17142857142858
MJINI,2023,5,76.35714285714286
MJINI,2023,6,74.61428571428571
MJINI,2023,7,74.88571428571429
MJINI,2023,8,75.98571428571428
MJINI,2023,9,76.28571428571429
MJINI,2023,10,77.89999999999999
MJINI,2023,11,78.15714285714286
MJINI,2023,12,77.98571428571428
MJINI,2023,13,82.12857142857142
MJINI,2023,14,90.67142857142858
MJINI,2023,15,90.39999999999999
MJINI,2023,16,90.31428571428572
MJINI,2023,17,90.38571428571429
MJINI,2023,18,85.6
MJINI,2023,19,85.81428571428572
MJINI,2023,20,86.5
MJINI,2023,21,86.17142857142858
MJINI,2023,22,86.31428571428572
MJINI,2023,23,86.21428571428571
MJINI,2023,24,85.65714285714286
MJINI,2023,25,86.14285714285714
MJINI,2023,26,86.15714285714286
MJINI,2023,27,87.71428571428571
MJINI,2023,28,88.42857142857143
MJINI,2023,29,87.98571428571428
MJINI,2023,30,87.88571428571429
MJINI,2023,31,86.72857142857143
MJINI,2023,32,85.75714285714285
MJINI,2023,33,84.05714285714285
MJINI,2023,34,83.38571428571429
MJINI,2023,35,82.24285714285715
MJINI,2023,36,80.68571428571428
MJINI,2023,37,80.89999999999999
MJINI,2023,38,80.45714285714287
MJINI,2023,39,79.39999999999999
MJINI,2023,40,70.27142857142857
MJINI,2023,41,69.38571428571429
MJINI,2023,42,69.1
MJINI,2023,43,69.54285714285714
MJINI,2023,44,74.71428571428571
MJINI,2023,45,76.35714285714286
MJINI,2023,46,76.95714285714287
MJINI,2023,47,77.15714285714286
MJINI,2023,48,77.67142857142858
MJINI,2023,49,77.34285714285714
MJINI,2023,50,78.5
MJINI,2023,51,78.47142857142856
MJINI,2023,52,77.84285714285714
MKOANI,2018,1,89.87142857142858
MKOANI,2018,2,90.2
MKOANI,2018,3,89.94285714285715
MKOANI,2018,4,90.64285714285714
MKOANI,2018,5,90.0
MKOANI,2018,6,90.78571428571429
MKOANI,2018,7,90.98571428571428
MKOANI,2018,8,89.84285714285714
MKOANI,2018,9,91.62857142857142
MKOANI,2018,10,91.87142857142858
MKOANI,2018,11,91.18571428571428
MKOANI,2018,12,91.3
MKOANI,2018,13,92.31428571428572
MKOANI,2018,14,96.61428571428571
MKOANI,2018,15,94.1
MKOANI,2018,16,95.71428571428571
MKOANI,2018,17,95.18571428571428
MKOANI,2018,18,94.47142857142856
MKOANI,2018,19,92.91428571428571
MKOANI,2018,20,93.94285714285715
MKOANI,2018,21,93.24285714285715
MKOANI,2018,22,91.39999999999999
MKOANI,2018,23,88.05714285714285
MKOANI,2018,24,88.85714285714286
MKOANI,2018,25,88.11428571428571
MKOANI,2018,26,87.57142857142857
MKOANI,2018,27,85.41428571428571
MKOANI,2018,28,86.44285714285715
MKOANI,2018,29,85.98571428571428
MKOANI,2018,30,85.02857142857144
MKOANI,2018,31,84.62857142857142
MKOANI,2018,32,83.87142857142858
MKOANI,2018,33,84.44285714285715
MKOANI,2018,34,84.54285714285713
MKOANI,2018,35,83.37142857142858
MKOANI,2018,36,84.68571428571428
MKOANI,2018,37,83.82857142857142
MKOANI,2018,38,84.82857142857142
MKOANI,2018,39,85.18571428571428
MKOANI,2018,40,88.24285714285715
MKOANI,2018,41,89.12857142857142
MKOANI,2018,42,89.22857142857143
MKOANI,2018,43,89.10000000000001
MKOANI,2018,44,92.60000000000001
MKOANI,2018,45,94.38571428571429
MKOANI,2018,46,92.87142857142858
MKOANI,2018,47,94.42857142857143
MKOANI,2018,48,93.31428571428572
MKOANI,2018,49,92.54285714285713
MKOANI,2018,50,93.27142857142857
MKOANI,2018,51,93.41428571428571
MKOANI,2018,52,92.89999999999999
MKOANI,2019,1,89.34285714285714
MKOANI,2019,2,88.67142857142858
MKOANI,2019,3,87.57142857142857
MKOANI,2019,4,88.78571428571429
MKOANI,2019,5,87.85714285714286
MKOANI,2019,6,87.77142857142857
MKOANI,2019,7,87.89999999999999
MKOANI,2019,8,88.05714285714285
MKOANI,2019,9,89.12857142857142
MKOANI,2019,10,92.48571428571428
MKOANI,2019,11,93.01428571428572
MKOANI,2019,12,91.31428571428572
MKOANI,2019,13,91.81428571428572
MKOANI,2019,14,93.25714285714285
MKOANI,2019,15,94.18571428571428
MKOANI,2019,16,93.82857142857142
MKOANI,2019,17,94.14285714285714
MKOANI,2019,18,95.44285714285715
MKOANI,2019,19,95.77142857142857
MKOANI,2019,20,93.82857142857142
MKOANI,2019,21,95.34285714285714
MKOANI,2019,22,92.3
MKOANI,2019,23,85.98571428571428
MKOANI,2019,24,86.44285714285715
MKOANI,2019,25,85.55714285714285
MKOANI,2019,26,86.74285714285715
MKOANI,2019,27,89.45714285714287
MKOANI,2019,28,89.45714285714287
MKOANI,2019,29,89.25714285714285
MKOANI,2019,30,89.48571428571428
MKOANI,2019,31,89.04285714285713
MKOANI,2019,32,90.98571428571428
MKOANI,2019,33,90.27142857142857
MKOANI,2019,34,91.14285714285714
MKOANI,2019,35,91.61428571428571
MKOANI,2019,36,88.42857142857143
MKOANI,2019,37,89.02857142857144
MKOANI,2019,38,89.32857142857144
MKOANI,2019,39,88.31428571428572
MKOANI,2019,40,94.75714285714285
MKOANI,2019,41,93.98571428571428
MKOANI,2019,42,94.55714285714285
MKOANI,2019,43,95.2
MKOANI,2019,44,94.52857142857144
MKOANI,2019,45,94.44285714285715
MKOANI,2019,46,94.64285714285714
MKOANI,2019,47,93.67142857142858
MKOANI,2019,48,95.11428571428571
MKOANI,2019,49,92.05714285714285
MKOANI,2019,50,93.61428571428571
MKOANI,2019,51,92.47142857142856
MKOANI,2019,52,93.87142857142858
MKOANI,2020,1,88.15714285714286
MKOANI,2020,2,85.89999999999999
MKOANI,2020,3,85.3
MKOANI,2020,4,86.04285714285713
MKOANI,2020,5,87.82857142857142
MKOANI,2020,6,93.0
MKOANI,2020,7,93.34285714285714
MKOANI,2020,8,92.60000000000001
MKOANI,2020,9,92.34285714285714
MKOANI,2020,10,92.48571428571428
MKOANI,2020,11,93.12857142857142
MKOANI,2020,12,93.15714285714286
MKOANI,2020,13,92.3
MKOANI,2020,14,87.65714285714286
MKOANI,2020,15,85.38571428571429
MKOANI,2020,16,84.98571428571428
MKOANI,2020,17,84.88571428571429
MKOANI,2020,18,87.67142857142858
MKOANI,2020,19,90.17142857142858
MKOANI,2020,20,91.32857142857142
MKOANI,2020,21,90.65714285714286
MKOANI,2020,22,92.31428571428572
MKOANI,2020,23,86.62857142857142
MKOANI,2020,24,86.38571428571429
MKOANI,2020,25,86.52857142857144
MKOANI,2020,26,87.12857142857142
MKOANI,2020,27,81.11428571428571
MKOANI,2020,28,80.12857142857142
MKOANI,2020,29,79.72857142857143
MKOANI,2020,30,81.12857142857142
MKOANI,2020,31,81.28571428571429
MKOANI,2020,32,85.91428571428571
MKOANI,2020,33,84.78571428571429
MKOANI,2020,34,85.74285714285715
MKOANI,2020,35,85.64285714285714
MKOANI,2020,36,87.85714285714286
MKOANI,2020,37,88.0
MKOANI,2020,38,87.1857142857143
MKOANI,2020,39,89.10000000000001
MKOANI,2020,40,88.8142857142857
MKOANI,2020,41,90.32857142857142
MKOANI,2020,42,89.60000000000001
MKOANI,2020,43,90.68571428571428
MKOANI,2020,44,90.34285714285714
MKOANI,2020,45,91.0
MKOANI,2020,46,90.51428571428572
MKOANI,2020,47,90.21428571428571
MKOANI,2020,48,91.08571428571429
MKOANI,2020,49,89.25714285714285
MKOANI,2020,50,90.34285714285714
MKOANI,2020,51,89.84285714285714
MKOANI,2020,52,90.25714285714285
MKOANI,2021,1,89.07142857142857
MKOANI,2021,2,90.21428571428571
MKOANI,2021,3,90.05714285714285
MKOANI,2021,4,89.97142857142858
MKOANI,2021,5,88.51428571428572
MKOANI,2021,6,90.52857142857144
MKOANI,2021,7,90.24285714285715
MKOANI,2021,8,89.75714285714285
MKOANI,2021,9,69.04285714285714
MKOANI,2021,10,69.32857142857144
MKOANI,2021,11,69.07142857142857
MKOANI,2021,12,69.61428571428571
MKOANI,2021,13,77.98571428571428
MKOANI,2021,14,85.14285714285714
MKOANI,2021,15,84.72857142857143
MKOANI,2021,16,84.74285714285715
MKOANI,2021,17,86.0
MKOANI,2021,18,86.61428571428571
MKOANI,2021,19,87.37142857142858
MKOANI,2021,20,87.68571428571428
MKOANI,2021,21,88.38571428571429
MKOANI,2021,22,86.51428571428572
MKOANI,2021,23,85.61428571428571
MKOANI,2021,24,85.42857142857143
MKOANI,2021,25,84.81428571428572
MKOANI,2021,26,83.2
MKOANI,2021,27,82.89999999999999
MKOANI,2021,28,82.65714285714286
MKOANI,2021,29,83.28571428571429
MKOANI,2021,30,83.07142857142857
MKOANI,2021,31,86.07142857142857
MKOANI,2021,32,85.91428571428571
MKOANI,2021,33,86.07142857142857
MKOANI,2021,34,85.87142857142858
MKOANI,2021,35,84.84285714285714
MKOANI,2021,36,85.18571428571428
MKOANI,2021,37,83.88571428571429
MKOANI,2021,38,84.77142857142857
MKOANI,2021,39,84.88571428571429
MKOANI,2021,40,87.48571428571428
MKOANI,2021,41,88.01428571428572
MKOANI,2021,42,87.27142857142857
MKOANI,2021,43,86.5
MKOANI,2021,44,88.97142857142856
MKOANI,2021,45,89.27142857142857
MKOANI,2021,46,89.35714285714286
MKOANI,2021,47,89.61428571428571
MKOANI,2021,48,91.1857142857143
MKOANI,2021,49,92.5
MKOANI,2021,50,90.84285714285714
MKOANI,2021,51,90.78571428571429
MKOANI,2021,52,86.15714285714286
MKOANI,2022,1,76.52857142857144
MKOANI,2022,2,75.98571428571428
MKOANI,2022,3,75.6857142857143
MKOANI,2022,4,76.7
MKOANI,2022,5,76.78571428571429
MKOANI,2022,6,77.68571428571428
MKOANI,2022,7,77.07142857142857
MKOANI,2022,8,76.94285714285715
MKOANI,2022,9,69.98571428571428
MKOANI,2022,10,68.87142857142858
MKOANI,2022,11,68.92857142857143
MKOANI,2022,12,68.64285714285714
MKOANI,2022,13,73.55714285714285
MKOANI,2022,14,81.91428571428571
MKOANI,2022,15,79.12857142857142
MKOANI,2022,16,79.18571428571428
MKOANI,2022,17,81.57142857142857
MKOANI,2022,18,85.15714285714286
MKOANI,2022,19,86.32857142857142
MKOANI,2022,20,86.0
MKOANI,2022,21,86.02857142857144
MKOANI,2022,22,30.585714285714285
MKOANI,2022,23,9.957142857142857
MKOANI,2022,24,9.285714285714286
MKOANI,2022,25,8.742857142857144
MKOANI,2022,26,45.642857142857146
MKOANI,2022,27,93.55714285714285
MKOANI,2022,28,94.39999999999999
MKOANI,2022,29,94.60000000000001
MKOANI,2022,30,94.61428571428571
MKOANI,2022,31,89.39999999999999
MKOANI,2022,32,89.55714285714285
MKOANI,2022,33,89.07142857142857
MKOANI,2022,34,88.34285714285714
MKOANI,2022,35,89.62857142857142
MKOANI,2022,36,88.52857142857144
MKOANI,2022,37,87.35714285714286
MKOANI,2022,38,87.4
MKOANI,2022,39,88.61428571428571
MKOANI,2022,40,90.68571428571428
MKOANI,2022,41,90.24285714285715
MKOANI,2022,42,90.02857142857144
MKOANI,2022,43,89.84285714285714
MKOANI,2022,44,92.42857142857143
MKOANI,2022,45,92.34285714285714
MKOANI,2022,46,92.92857142857143
MKOANI,2022,47,93.38571428571429
MKOANI,2022,48,93.92857142857143
MKOANI,2022,49,94.02857142857144
MKOANI,2022,50,94.25714285714285
MKOANI,2022,51,94.68571428571428
MKOANI,2022,52,93.02857142857144
MKOANI,2023,1,86.38571428571429
MKOANI,2023,2,86.74285714285715
MKOANI,2023,3,87.47142857142856
MKOANI,2023,4,86.24285714285715
MKOANI,2023,5,89.28571428571429
MKOANI,2023,6,90.98571428571428
MKOANI,2023,7,89.97142857142856
MKOANI,2023,8,91.15714285714286
MKOANI,2023,9,92.08571428571429
MKOANI,2023,10,92.2
MKOANI,2023,11,92.08571428571429
MKOANI,2023,12,91.68571428571428
MKOANI,2023,13,91.47142857142856
MKOANI,2023,14,89.2
MKOANI,2023,15,90.35714285714286
MKOANI,2023,16,89.88571428571429
MKOANI,2023,17,90.34285714285714
MKOANI,2023,18,96.54285714285713
MKOANI,2023,19,95.58571428571429
MKOANI,2023,20,95.17142857142858
MKOANI,2023,21,95.04285714285713
MKOANI,2023,22,93.67142857142858
MKOANI,2023,23,90.8
MKOANI,2023,24,90.58571428571429
MKOANI,2023,25,90.05714285714285
MKOANI,2023,26,87.91428571428571
MKOANI,2023,27,84.92857142857143
MKOANI,2023,28,84.78571428571429
MKOANI,2023,29,84.89999999999999
MKOANI,2023,30,85.02857142857144
MKOANI,2023,31,85.88571428571429
MKOANI,2023,32,87.34285714285714
MKOANI,2023,33,85.82857142857142
MKOANI,2023,34,87.38571428571427
MKOANI,2023,35,88.04285714285713
MKOANI,2023,36,88.81428571428572
MKOANI,2023,37,87.74285714285715
MKOANI,2023,38,88.7
MKOANI,2023,39,89.17142857142858
MKOANI,2023,40,90.97142857142856
MKOANI,2023,41,92.05714285714285
MKOANI,2023,42,92.51428571428572
MKOANI,2023,43,92.11428571428571
MKOANI,2023,44,94.31428571428572
MKOANI,2023,45,94.44285714285715
MKOANI,2023,46,96.11428571428571
MKOANI,2023,47,94.91428571428571
MKOANI,2023,48,92.37142857142858
MKOANI,2023,49,90.55714285714285
MKOANI,2023,50,89.89999999999999
MKOANI,2023,51,90.22857142857143
MKOANI,2023,52,90.38571428571429
WETE,2018,1,89.87142857142858
WETE,2018,2,90.2
WETE,2018,3,89.94285714285715
WETE,2018,4,90.64285714285714
WETE,2018,5,90.0
WETE,2018,6,90.78571428571429
WETE,2018,7,90.98571428571428
WETE,2018,8,89.84285714285714
WETE,2018,9,91.62857142857142
WETE,2018,10,91.87142857142858
WETE,2018,11,91.18571428571428
WETE,2018,12,91.3
WETE,2018,13,92.31428571428572
WETE,2018,14,96.61428571428571
WETE,2018,15,94.1
WETE,2018,16,95.71428571428571
WETE,2018,17,95.18571428571428
WETE,2018,18,94.47142857142856
WETE,2018,19,92.91428571428571
WETE,2018,20,93.94285714285715
WETE,2018,21,93.24285714285715
WETE,2018,22,91.39999999999999
WETE,2018,23,88.05714285714285
WETE,2018,24,88.85714285714286
WETE,2018,25,88.11428571428571
WETE,2018,26,87.57142857142857
WETE,2018,27,85.41428571428571
WETE,2018,28,86.44285714285715
WETE,2018,29,85.98571428571428
WETE,2018,30,85.02857142857144
WETE,2018,31,84.62857142857142
WETE,2018,32,83.87142857142858
WETE,2018,33,84.44285714285715
WETE,2018,34,84.54285714285713
WETE,2018,35,83.37142857142858
WETE,2018,36,84.68571428571428
WETE,2018,37,83.82857142857142
WETE,2018,38,84.82857142857142
WETE,2018,39,85.18571428571428
WETE,2018,40,88.24285714285715
WETE,2018,41,89.12857142857142
WETE,2018,42,89.22857142857143
WETE,2018,43,89.10000000000001
WETE,2018,44,92.60000000000001
WETE,2018,45,94.38571428571429
WETE,2018,46,92.87142857142858
WETE,2018,47,94.42857142857143
WETE,2018,48,93.31428571428572
WETE,2018,49,92.54285714285713
WETE,2018,50,93.27142857142857
WETE,2018,51,93.41428571428571
WETE,2018,52,92.89999999999999
WETE,2019,1,89.34285714285714
WETE,2019,2,88.67142857142858
WETE,2019,3,87.57142857142857
WETE,2019,4,88.78571428571429
WETE,2019,5,87.85714285714286
WETE,2019,6,87.77142857142857
WETE,2019,7,87.89999999999999
WETE,2019,8,88.05714285714285
WETE,2019,9,89.12857142857142
WETE,2019,10,92.48571428571428
WETE,2019,11,93.01428571428572
WETE,2019,12,91.31428571428572
WETE,2019,13,91.81428571428572
WETE,2019,14,93.25714285714285
WETE,2019,15,94.18571428571428
WETE,2019,16,93.82857142857142
WETE,2019,17,94.14285714285714
WETE,2019,18,95.44285714285715
WETE,2019,19,95.77142857142857
WETE,2019,20,93.82857142857142
WETE,2019,21,95.34285714285714
WETE,2019,22,92.3
WETE,2019,23,85.98571428571428
WETE,2019,24,86.44285714285715
WETE,2019,25,85.55714285714285
WETE,2019,26,86.74285714285715
WETE,2019,27,89.45714285714287
WETE,2019,28,89.45714285714287
WETE,2019,29,89.25714285714285
WETE,2019,30,89.48571428571428
WETE,2019,31,89.04285714285713
WETE,2019,32,90.98571428571428
WETE,2019,33,90.27142857142857
WETE,2019,34,91.14285714285714
WETE,2019,35,91.61428571428571
WETE,2019,36,88.42857142857143
WETE,2019,37,89.02857142857144
WETE,2019,38,89.32857142857144
WETE,2019,39,88.31428571428572
WETE,2019,40,94.75714285714285
WETE,2019,41,93.98571428571428
WETE,2019,42,94.55714285714285
WETE,2019,43,95.2
WETE,2019,44,94.52857142857144
WETE,2019,45,94.44285714285715
WETE,2019,46,94.64285714285714
WETE,2019,47,93.67142857142858
WETE,2019,48,95.11428571428571
WETE,2019,49,92.05714285714285
WETE,2019,50,93.61428571428571
WETE,2019,51,92.47142857142856
WETE,2019,52,93.87142857142858
WETE,2020,1,88.15714285714286
WETE,2020,2,85.89999999999999
WETE,2020,3,85.3
WETE,2020,4,86.04285714285713
WETE,2020,5,87.82857142857142
WETE,2020,6,93.0
WETE,2020,7,93.34285714285714
WETE,2020,8,92.60000000000001
WETE,2020,9,92.34285714285714
WETE,2020,10,92.48571428571428
WETE,2020,11,93.12857142857142
WETE,2020,12,93.15714285714286
WETE,2020,13,92.3
WETE,2020,14,87.65714285714286
WETE,2020,15,85.38571428571429
WETE,2020,16,84.98571428571428
WETE,2020,17,84.88571428571429
WETE,2020,18,87.67142857142858
WETE,2020,19,90.17142857142858
WETE,2020,20,91.32857142857142
WETE,2020,21,90.65714285714286
WETE,2020,22,92.31428571428572
WETE,2020,23,86.62857142857142
WETE,2020,24,86.38571428571429
WETE,2020,25,86.52857142857144
WETE,2020,26,87.12857142857142
WETE,2020,27,81.11428571428571
WETE,2020,28,80.12857142857142
WETE,2020,29,79.72857142857143
WETE,2020,30,81.12857142857142
WETE,2020,31,81.28571428571429
WETE,2020,32,85.91428571428571
WETE,2020,33,84.78571428571429
WETE,2020,34,85.74285714285715
WETE,2020,35,85.64285714285714
WETE,2020,36,87.85714285714286
WETE,2020,37,88.0
WETE,2020,38,87.1857142857143
WETE,2020,39,89.10000000000001
WETE,2020,40,88.8142857142857
WETE,2020,41,90.32857142857142
WETE,2020,42,89.60000000000001
WETE,2020,43,90.68571428571428
WETE,2020,44,90.34285714285714
WETE,2020,45,91.0
WETE,2020,46,90.51428571428572
WETE,2020,47,90.21428571428571
WETE,2020,48,91.08571428571429
WETE,2020,49,89.25714285714285
WETE,2020,50,90.34285714285714
WETE,2020,51,89.84285714285714
WETE,2020,52,90.25714285714285
WETE,2021,1,89.07142857142857
WETE,2021,2,90.21428571428571
WETE,2021,3,90.05714285714285
WETE,2021,4,89.97142857142858
WETE,2021,5,88.51428571428572
WETE,2021,6,90.52857142857144
WETE,2021,7,90.24285714285715
WETE,2021,8,89.75714285714285
WETE,2021,9,69.04285714285714
WETE,2021,10,69.32857142857144
WETE,2021,11,69.07142857142857
WETE,2021,12,69.61428571428571
WETE,2021,13,77.98571428571428
WETE,2021,14,85.14285714285714
WETE,2021,15,84.72857142857143
WETE,2021,16,84.74285714285715
WETE,2021,17,86.0
WETE,2021,18,86.61428571428571
WETE,2021,19,87.37142857142858
WETE,2021,20,87.68571428571428
WETE,2021,21,88.38571428571429
WETE,2021,22,86.51428571428572
WETE,2021,23,85.61428571428571
WETE,2021,24,85.42857142857143
WETE,2021,25,84.81428571428572
WETE,2021,26,83.2
WETE,2021,27,82.89999999999999
WETE,2021,28,82.65714285714286
WETE,2021,29,83.28571428571429
WETE,2021,30,83.07142857142857
WETE,2021,31,86.07142857142857
WETE,2021,32,85.91428571428571
WETE,2021,33,86.07142857142857
WETE,2021,34,85.87142857142858
WETE,2021,35,84.84285714285714
WETE,2021,36,85.18571428571428
WETE,2021,37,83.88571428571429
WETE,2021,38,84.77142857142857
WETE,2021,39,84.88571428571429
WETE,2021,40,87.48571428571428
WETE,2021,41,88.01428571428572
WETE,2021,42,87.27142857142857
WETE,2021,43,86.5
WETE,2021,44,88.97142857142856
WETE,2021,45,89.27142857142857
WETE,2021,46,89.35714285714286
WETE,2021,47,89.61428571428571
WETE,2021,48,91.1857142857143
WETE,2021,49,92.5
WETE,2021,50,90.84285714285714
WETE,2021,51,90.78571428571429
WETE,2021,52,86.15714285714286
WETE,2022,1,76.52857142857144
WETE,2022,2,75.98571428571428
WETE,2022,3,75.6857142857143
WETE,2022,4,76.7
WETE,2022,5,76.78571428571429
WETE,2022,6,77.68571428571428
WETE,2022,7,77.07142857142857
WETE,2022,8,76.94285714285715
WETE,2022,9,69.98571428571428
WETE,2022,10,68.87142857142858
WETE,2022,11,68.92857142857143
WETE,2022,12,68.64285714285714
WETE,2022,13,73.55714285714285
WETE,2022,14,81.91428571428571
WETE,2022,15,79.12857142857142
WETE,2022,16,79.18571428571428
WETE,2022,17,81.57142857142857
WETE,2022,18,85.15714285714286
WETE,2022,19,86.32857142857142
WETE,2022,20,86.0
WETE,2022,21,86.02857142857144
WETE,2022,22,30.585714285714285
WETE,2022,23,9.957142857142857
WETE,2022,24,9.285714285714286
WETE,2022,25,8.742857142857144
WETE,2022,26,45.642857142857146
WETE,2022,27,93.55714285714285
WETE,2022,28,94.39999999999999
WETE,2022,29,94.60000000000001
WETE,2022,30,94.61428571428571
WETE,2022,31,89.39999999999999
WETE,2022,32,89.55714285714285
WETE,2022,33,89.07142857142857
WETE,2022,34,88.34285714285714
WETE,2022,35,89.62857142857142
WETE,2022,36,88.52857142857144
WETE,2022,37,87.35714285714286
WETE,2022,38,87.4
WETE,2022,39,88.61428571428571
WETE,2022,40,90.68571428571428
WETE,2022,41,90.24285714285715
WETE,2022,42,90.02857142857144
WETE,2022,43,89.84285714285714
WETE,2022,44,92.42857142857143
WETE,2022,45,92.34285714285714
WETE,2022,46,92.92857142857143
WETE,2022,47,93.38571428571429
WETE,2022,48,93.92857142857143
WETE,2022,49,94.02857142857144
WETE,2022,50,94.25714285714285
WETE,2022,51,94.68571428571428
WETE,2022,52,93.02857142857144
WETE,2023,1,86.38571428571429
WETE,2023,2,86.74285714285715
WETE,2023,3,87.47142857142856
WETE,2023,4,86.24285714285715
WETE,2023,5,89.28571428571429
WETE,2023,6,90.98571428571428
WETE,2023,7,89.97142857142856
WETE,2023,8,91.15714285714286
WETE,2023,9,92.08571428571429
WETE,2023,10,92.2
WETE,2023,11,92.08571428571429
WETE,2023,12,91.68571428571428
WETE,2023,13,91.47142857142856
WETE,2023,14,89.2
WETE,2023,15,90.35714285714286
WETE,2023,16,89.88571428571429
WETE,2023,17,90.34285714285714
WETE,2023,18,96.54285714285713
WETE,2023,19,95.58571428571429
WETE,2023,20,95.17142857142858
WETE,2023,21,95.04285714285713
WETE,2023,22,93.67142857142858
WETE,2023,23,90.8
WETE,2023,24,90.58571428571429
WETE,2023,25,90.05714285714285
WETE,2023,26,87.91428571428571
WETE,2023,27,84.92857142857143
WETE,2023,28,84.78571428571429
WETE,2023,29,84.89999999999999
WETE,2023,30,85.02857142857144
WETE,2023,31,85.88571428571429
WETE,2023,32,87.34285714285714
WETE,2023,33,85.82857142857142
WETE,2023,34,87.38571428571427
WETE,2023,35,88.04285714285713
WETE,2023,36,88.81428571428572
WETE,2023,37,87.74285714285715
WETE,2023,38,88.7
WETE,2023,39,89.17142857142858
WETE,2023,40,90.97142857142856
WETE,2023,41,92.05714285714285
WETE,2023,42,92.51428571428572
WETE,2023,43,92.11428571428571
WETE,2023,44,94.31428571428572
WETE,2023,45,94.44285714285715
WETE,2023,46,96.11428571428571
WETE,2023,47,94.91428571428571
WETE,2023,48,92.37142857142858
WETE,2023,49,90.55714285714285
WETE,2023,50,89.89999999999999
WETE,2023,51,90.22857142857143
WETE,2023,52,90.38571428571429
