District,Station,Year,Month,Week,Rainfall,Week_Num,Min Temperature,Max Temperature,Island,Humidity
CHAKE-CHAKE,Karume airport Pemba,2018,1,1st week,14.1,1,,,Pemba,90.0
CHAKE-CHAKE,Karume airport Pemba,2018,1,2nd week,1.1,2,,,Pemba,90.0
CHAKE-CHAKE,Karume airport Pemba,2018,1,3rd week,0.0,3,,,Pemba,90.0
CHAKE-CHAKE,Karume airport Pemba,2018,1,4th week,0.0,4,,,Pemba,90.0
CHAKE-CHAKE,Karume airport Pemba,2018,2,1st week,0.0,1,,,Pemba,90.0
CHAKE-CHAKE,Karume airport Pemba,2018,2,2nd week,0.0,2,,,Pemba,90.0
CHAKE-CHAKE,Karume airport Pemba,2018,2,3rd week,0.0,3,,,Pemba,90.0
CHAKE-CHAKE,Karume airport Pemba,2018,2,4th week,0.0,4,,,Pemba,90.0
CHAKE-CHAKE,Karume airport Pemba,2018,3,1st week,130.8,1,,,Pemba,92.0
CHAKE-CHAKE,Karume airport Pemba,2018,3,2nd week,61.2,2,,,Pemba,92.0
CHAKE-CHAKE,Karume airport Pemba,2018,3,3rd week,50.0,3,,,Pemba,92.0
CHAKE-CHAKE,Karume airport Pemba,2018,3,4th week,64.7,4,,,Pemba,92.0
CHAKE-CHAKE,Karume airport Pemba,2018,4,1st week,66.1,1,,,Pemba,95.0
CHAKE-CHAKE,Karume airport Pemba,2018,4,2nd week,152.5,2,,,Pemba,95.0
CHAKE-CHAKE,Karume airport Pemba,2018,4,3rd week,131.7,3,,,Pemba,95.0
CHAKE-CHAKE,Karume airport Pemba,2018,4,4th week,44.4,4,,,Pemba,95.0
CHAKE-CHAKE,Karume airport Pemba,2018,5,1st week,321.6,1,,,Pemba,94.0
CHAKE-CHAKE,Karume airport Pemba,2018,5,2nd week,210.5,2,,,Pemba,94.0
CHAKE-CHAKE,Karume airport Pemba,2018,5,3rd week,65.39999999999999,3,,,Pemba,94.0
CHAKE-CHAKE,Karume airport Pemba,2018,5,4th week,83.89999999999999,4,,,Pemba,94.0
CHAKE-CHAKE,Karume airport Pemba,2018,6,1st week,50.2,1,,,Pemba,88.0
CHAKE-CHAKE,Karume airport Pemba,2018,6,2nd week,19.1,2,,,Pemba,88.0
CHAKE-CHAKE,Karume airport Pemba,2018,6,3rd week,0.2,3,,,Pemba,88.0
CHAKE-CHAKE,Karume airport Pemba,2018,6,4th week,16.999999999999996,4,,,Pemba,88.0
CHAKE-CHAKE,Karume airport Pemba,2018,7,1st week,14.8,1,,,Pemba,86.0
CHAKE-CHAKE,Karume airport Pemba,2018,7,2nd week,4.9,2,,,Pemba,86.0
CHAKE-CHAKE,Karume airport Pemba,2018,7,3rd week,10.4,3,,,Pemba,86.0
CHAKE-CHAKE,Karume airport Pemba,2018,7,4th week,11.400000000000002,4,,,Pemba,86.0
CHAKE-CHAKE,Karume airport Pemba,2018,8,1st week,0.0,1,,,Pemba,84.0
CHAKE-CHAKE,Karume airport Pemba,2018,8,2nd week,0.0,2,,,Pemba,84.0
CHAKE-CHAKE,Karume airport Pemba,2018,8,3rd week,0.0,3,,,Pemba,84.0
CHAKE-CHAKE,Karume airport Pemba,2018,8,4th week,0.0,4,,,Pemba,84.0
CHAKE-CHAKE,Karume airport Pemba,2018,9,1st week,7.0,1,,,Pemba,84.0
CHAKE-CHAKE,Karume airport Pemba,2018,9,2nd week,4.2,2,,,Pemba,84.0
CHAKE-CHAKE,Karume airport Pemba,2018,9,3rd week,5.0,3,,,Pemba,84.0
CHAKE-CHAKE,Karume airport Pemba,2018,9,4th week,38.5,4,,,Pemba,84.0
CHAKE-CHAKE,Karume airport Pemba,2018,10,1st week,0.0,1,,,Pemba,89.0
CHAKE-CHAKE,Karume airport Pemba,2018,10,2nd week,1.6,2,,,Pemba,89.0
CHAKE-CHAKE,Karume airport Pemba,2018,10,3rd week,5.1000000000000005,3,,,Pemba,89.0
CHAKE-CHAKE,Karume airport Pemba,2018,10,4th week,61.3,4,,,Pemba,89.0
CHAKE-CHAKE,Karume airport Pemba,2018,11,1st week,0.0,1,,,Pemba,94.0
CHAKE-CHAKE,Karume airport Pemba,2018,11,2nd week,13.5,2,,,Pemba,94.0
CHAKE-CHAKE,Karume airport Pemba,2018,11,3rd week,16.8,3,,,Pemba,94.0
CHAKE-CHAKE,Karume airport Pemba,2018,11,4th week,3.3000000000000003,4,,,Pemba,94.0
CHAKE-CHAKE,Karume airport Pemba,2018,12,1st week,0.0,1,,,Pemba,93.0
CHAKE-CHAKE,Karume airport Pemba,2018,12,2nd week,34.400000000000006,2,,,Pemba,93.0
CHAKE-CHAKE,Karume airport Pemba,2018,12,3rd week,13.7,3,,,Pemba,93.0
CHAKE-CHAKE,Karume airport Pemba,2018,12,4th week,0.6,4,,,Pemba,93.0
CHAKE-CHAKE,Karume airport Pemba,2019,1,1st week,9.0,1,,,Pemba,89.0
CHAKE-CHAKE,Karume airport Pemba,2019,1,2nd week,0.0,2,,,Pemba,89.0
CHAKE-CHAKE,Karume airport Pemba,2019,1,3rd week,1.0,3,,,Pemba,89.0
CHAKE-CHAKE,Karume airport Pemba,2019,1,4th week,0.0,4,,,Pemba,89.0
CHAKE-CHAKE,Karume airport Pemba,2019,2,1st week,1.0,1,,,Pemba,88.0
CHAKE-CHAKE,Karume airport Pemba,2019,2,2nd week,0.5,2,,,Pemba,88.0
CHAKE-CHAKE,Karume airport Pemba,2019,2,3rd week,6.8,3,,,Pemba,88.0
CHAKE-CHAKE,Karume airport Pemba,2019,2,4th week,33.0,4,,,Pemba,88.0
CHAKE-CHAKE,Karume airport Pemba,2019,3,1st week,0.0,1,,,Pemba,92.0
CHAKE-CHAKE,Karume airport Pemba,2019,3,2nd week,0.0,2,,,Pemba,92.0
CHAKE-CHAKE,Karume airport Pemba,2019,3,3rd week,0.0,3,,,Pemba,92.0
CHAKE-CHAKE,Karume airport Pemba,2019,3,4th week,5.1,4,,,Pemba,92.0
CHAKE-CHAKE,Karume airport Pemba,2019,4,1st week,45.5,1,,,Pemba,94.0
CHAKE-CHAKE,Karume airport Pemba,2019,4,2nd week,2.3,2,,,Pemba,94.0
CHAKE-CHAKE,Karume airport Pemba,2019,4,3rd week,17.6,3,,,Pemba,94.0
CHAKE-CHAKE,Karume airport Pemba,2019,4,4th week,68.5,4,,,Pemba,94.0
CHAKE-CHAKE,Karume airport Pemba,2019,5,1st week,385.8,1,,,Pemba,95.0
CHAKE-CHAKE,Karume airport Pemba,2019,5,2nd week,339.0,2,,,Pemba,95.0
CHAKE-CHAKE,Karume airport Pemba,2019,5,3rd week,57.7,3,,,Pemba,95.0
CHAKE-CHAKE,Karume airport Pemba,2019,5,4th week,263.2,4,,,Pemba,95.0
CHAKE-CHAKE,Karume airport Pemba,2019,6,1st week,13.5,1,,,Pemba,86.0
CHAKE-CHAKE,Karume airport Pemba,2019,6,2nd week,5.5,2,,,Pemba,86.0
CHAKE-CHAKE,Karume airport Pemba,2019,6,3rd week,14.4,3,,,Pemba,86.0
CHAKE-CHAKE,Karume airport Pemba,2019,6,4th week,0.0,4,,,Pemba,86.0
CHAKE-CHAKE,Karume airport Pemba,2019,7,1st week,0.0,1,,,Pemba,89.0
CHAKE-CHAKE,Karume airport Pemba,2019,7,2nd week,3.7,2,,,Pemba,89.0
CHAKE-CHAKE,Karume airport Pemba,2019,7,3rd week,12.7,3,,,Pemba,89.0
CHAKE-CHAKE,Karume airport Pemba,2019,7,4th week,0.1,4,,,Pemba,89.0
CHAKE-CHAKE,Karume airport Pemba,2019,8,1st week,14.0,1,,,Pemba,91.0
CHAKE-CHAKE,Karume airport Pemba,2019,8,2nd week,0.4,2,,,Pemba,91.0
CHAKE-CHAKE,Karume airport Pemba,2019,8,3rd week,5.4,3,,,Pemba,91.0
CHAKE-CHAKE,Karume airport Pemba,2019,8,4th week,7.1,4,,,Pemba,91.0
CHAKE-CHAKE,Karume airport Pemba,2019,9,1st week,0.0,1,,,Pemba,89.0
CHAKE-CHAKE,Karume airport Pemba,2019,9,2nd week,16.700000000000003,2,,,Pemba,89.0
CHAKE-CHAKE,Karume airport Pemba,2019,9,3rd week,0.0,3,,,Pemba,89.0
CHAKE-CHAKE,Karume airport Pemba,2019,9,4th week,6.9,4,,,Pemba,89.0
CHAKE-CHAKE,Karume airport Pemba,2019,10,1st week,29.1,1,,,Pemba,95.0
CHAKE-CHAKE,Karume airport Pemba,2019,10,2nd week,188.7,2,,,Pemba,95.0
CHAKE-CHAKE,Karume airport Pemba,2019,10,3rd week,137.1,3,,,Pemba,95.0
CHAKE-CHAKE,Karume airport Pemba,2019,10,4th week,126.3,4,,,Pemba,95.0
CHAKE-CHAKE,Karume airport Pemba,2019,11,1st week,28.0,1,,,Pemba,95.0
CHAKE-CHAKE,Karume airport Pemba,2019,11,2nd week,10.7,2,,,Pemba,95.0
CHAKE-CHAKE,Karume airport Pemba,2019,11,3rd week,50.3,3,,,Pemba,95.0
CHAKE-CHAKE,Karume airport Pemba,2019,11,4th week,61.0,4,,,Pemba,95.0
CHAKE-CHAKE,Karume airport Pemba,2019,12,1st week,7.699999999999999,1,,,Pemba,93.0
CHAKE-CHAKE,Karume airport Pemba,2019,12,2nd week,5.199999999999999,2,,,Pemba,93.0
CHAKE-CHAKE,Karume airport Pemba,2019,12,3rd week,215.6,3,,,Pemba,93.0
CHAKE-CHAKE,Karume airport Pemba,2019,12,4th week,44.00000000000001,4,,,Pemba,93.0
CHAKE-CHAKE,Karume airport Pemba,2020,1,1st week,6.0,1,,,Pemba,86.0
CHAKE-CHAKE,Karume airport Pemba,2020,1,2nd week,75.7,2,,,Pemba,86.0
CHAKE-CHAKE,Karume airport Pemba,2020,1,3rd week,0.0,3,,,Pemba,86.0
CHAKE-CHAKE,Karume airport Pemba,2020,1,4th week,15.8,4,,,Pemba,86.0
CHAKE-CHAKE,Karume airport Pemba,2020,2,1st week,0.0,1,,,Pemba,93.0
CHAKE-CHAKE,Karume airport Pemba,2020,2,2nd week,18.2,2,,,Pemba,93.0
CHAKE-CHAKE,Karume airport Pemba,2020,2,3rd week,0.0,3,,,Pemba,93.0
CHAKE-CHAKE,Karume airport Pemba,2020,2,4th week,12.5,4,,,Pemba,93.0
CHAKE-CHAKE,Karume airport Pemba,2020,3,1st week,0.0,1,,,Pemba,93.0
CHAKE-CHAKE,Karume airport Pemba,2020,3,2nd week,0.0,2,,,Pemba,93.0
CHAKE-CHAKE,Karume airport Pemba,2020,3,3rd week,15.3,3,,,Pemba,93.0
CHAKE-CHAKE,Karume airport Pemba,2020,3,4th week,61.6,4,,,Pemba,93.0
CHAKE-CHAKE,Karume airport Pemba,2020,4,1st week,88.1,1,,,Pemba,85.0
CHAKE-CHAKE,Karume airport Pemba,2020,4,2nd week,85.20000000000002,2,,,Pemba,85.0
CHAKE-CHAKE,Karume airport Pemba,2020,4,3rd week,149.49999999999997,3,,,Pemba,85.0
CHAKE-CHAKE,Karume airport Pemba,2020,4,4th week,56.7,4,,,Pemba,85.0
CHAKE-CHAKE,Karume airport Pemba,2020,5,1st week,177.10000000000002,1,,,Pemba,91.0
CHAKE-CHAKE,Karume airport Pemba,2020,5,2nd week,0.0,2,,,Pemba,91.0
CHAKE-CHAKE,Karume airport Pemba,2020,5,3rd week,1.6,3,,,Pemba,91.0
CHAKE-CHAKE,Karume airport Pemba,2020,5,4th week,5.8,4,,,Pemba,91.0
CHAKE-CHAKE,Karume airport Pemba,2020,6,1st week,19.1,1,,,Pemba,87.0
CHAKE-CHAKE,Karume airport Pemba,2020,6,2nd week,10.8,2,,,Pemba,87.0
CHAKE-CHAKE,Karume airport Pemba,2020,6,3rd week,1.5,3,,,Pemba,87.0
CHAKE-CHAKE,Karume airport Pemba,2020,6,4th week,31.6,4,,,Pemba,87.0
CHAKE-CHAKE,Karume airport Pemba,2020,7,1st week,1.7,1,,,Pemba,80.0
CHAKE-CHAKE,Karume airport Pemba,2020,7,2nd week,4.8,2,,,Pemba,80.0
CHAKE-CHAKE,Karume airport Pemba,2020,7,3rd week,7.5,3,,,Pemba,80.0
CHAKE-CHAKE,Karume airport Pemba,2020,7,4th week,2.2,4,,,Pemba,80.0
CHAKE-CHAKE,Karume airport Pemba,2020,8,1st week,5.8,1,,,Pemba,86.0
CHAKE-CHAKE,Karume airport Pemba,2020,8,2nd week,0.0,2,,,Pemba,86.0
CHAKE-CHAKE,Karume airport Pemba,2020,8,3rd week,15.7,3,,,Pemba,86.0
CHAKE-CHAKE,Karume airport Pemba,2020,8,4th week,2.4000000000000004,4,,,Pemba,86.0
CHAKE-CHAKE,Karume airport Pemba,2020,9,1st week,1.0,1,,,Pemba,88.0
CHAKE-CHAKE,Karume airport Pemba,2020,9,2nd week,14.3,2,,,Pemba,88.0
CHAKE-CHAKE,Karume airport Pemba,2020,9,3rd week,5.6,3,,,Pemba,88.0
CHAKE-CHAKE,Karume airport Pemba,2020,9,4th week,2.7,4,,,Pemba,88.0
CHAKE-CHAKE,Karume airport Pemba,2020,10,1st week,0.0,1,,,Pemba,90.0
CHAKE-CHAKE,Karume airport Pemba,2020,10,2nd week,0.0,2,,,Pemba,90.0
CHAKE-CHAKE,Karume airport Pemba,2020,10,3rd week,18.7,3,,,Pemba,90.0
CHAKE-CHAKE,Karume airport Pemba,2020,10,4th week,2.0,4,,,Pemba,90.0
CHAKE-CHAKE,Karume airport Pemba,2020,11,1st week,0.9,1,,,Pemba,91.0
CHAKE-CHAKE,Karume airport Pemba,2020,11,2nd week,0.0,2,,,Pemba,91.0
CHAKE-CHAKE,Karume airport Pemba,2020,11,3rd week,0.0,3,,,Pemba,91.0
CHAKE-CHAKE,Karume airport Pemba,2020,11,4th week,0.4,4,,,Pemba,91.0
CHAKE-CHAKE,Karume airport Pemba,2020,12,1st week,31.700000000000003,1,,,Pemba,90.0
CHAKE-CHAKE,Karume airport Pemba,2020,12,2nd week,25.6,2,,,Pemba,90.0
CHAKE-CHAKE,Karume airport Pemba,2020,12,3rd week,26.7,3,,,Pemba,90.0
CHAKE-CHAKE,Karume airport Pemba,2020,12,4th week,17.0,4,,,Pemba,90.0
CHAKE-CHAKE,Karume airport Pemba,2021,1,1st week,6.0,1,,,Pemba,90.0
CHAKE-CHAKE,Karume airport Pemba,2021,1,2nd week,75.7,2,,,Pemba,90.0
CHAKE-CHAKE,Karume airport Pemba,2021,1,3rd week,0.0,3,,,Pemba,90.0
CHAKE-CHAKE,Karume airport Pemba,2021,1,4th week,15.8,4,,,Pemba,90.0
CHAKE-CHAKE,Karume airport Pemba,2021,2,1st week,0.0,1,,,Pemba,90.0
CHAKE-CHAKE,Karume airport Pemba,2021,2,2nd week,18.2,2,,,Pemba,90.0
CHAKE-CHAKE,Karume airport Pemba,2021,2,3rd week,0.0,3,,,Pemba,90.0
CHAKE-CHAKE,Karume airport Pemba,2021,2,4th week,12.5,4,,,Pemba,90.0
CHAKE-CHAKE,Karume airport Pemba,2021,3,1st week,0.0,1,,,Pemba,69.0
CHAKE-CHAKE,Karume airport Pemba,2021,3,2nd week,0.0,2,,,Pemba,69.0
CHAKE-CHAKE,Karume airport Pemba,2021,3,3rd week,15.3,3,,,Pemba,69.0
CHAKE-CHAKE,Karume airport Pemba,2021,3,4th week,61.6,4,,,Pemba,69.0
CHAKE-CHAKE,Karume airport Pemba,2021,4,1st week,88.1,1,,,Pemba,85.0
CHAKE-CHAKE,Karume airport Pemba,2021,4,2nd week,85.20000000000002,2,,,Pemba,85.0
CHAKE-CHAKE,Karume airport Pemba,2021,4,3rd week,149.49999999999997,3,,,Pemba,85.0
CHAKE-CHAKE,Karume airport Pemba,2021,4,4th week,56.7,4,,,Pemba,85.0
CHAKE-CHAKE,Karume airport Pemba,2021,5,1st week,177.10000000000002,1,,,Pemba,87.0
CHAKE-CHAKE,Karume airport Pemba,2021,5,2nd week,0.0,2,,,Pemba,87.0
CHAKE-CHAKE,Karume airport Pemba,2021,5,3rd week,1.6,3,,,Pemba,87.0
CHAKE-CHAKE,Karume airport Pemba,2021,5,4th week,5.8,4,,,Pemba,87.0
CHAKE-CHAKE,Karume airport Pemba,2021,6,1st week,19.1,1,,,Pemba,85.0
CHAKE-CHAKE,Karume airport Pemba,2021,6,2nd week,10.8,2,,,Pemba,85.0
CHAKE-CHAKE,Karume airport Pemba,2021,6,3rd week,1.5,3,,,Pemba,85.0
CHAKE-CHAKE,Karume airport Pemba,2021,6,4th week,31.6,4,,,Pemba,85.0
CHAKE-CHAKE,Karume airport Pemba,2021,7,1st week,1.7,1,,,Pemba,83.0
CHAKE-CHAKE,Karume airport Pemba,2021,7,2nd week,4.8,2,,,Pemba,83.0
CHAKE-CHAKE,Karume airport Pemba,2021,7,3rd week,7.5,3,,,Pemba,83.0
CHAKE-CHAKE,Karume airport Pemba,2021,7,4th week,2.2,4,,,Pemba,83.0
CHAKE-CHAKE,Karume airport Pemba,2021,8,1st week,5.8,1,,,Pemba,86.0
CHAKE-CHAKE,Karume airport Pemba,2021,8,2nd week,0.0,2,,,Pemba,86.0
CHAKE-CHAKE,Karume airport Pemba,2021,8,3rd week,15.7,3,,,Pemba,86.0
CHAKE-CHAKE,Karume airport Pemba,2021,8,4th week,2.4000000000000004,4,,,Pemba,86.0
CHAKE-CHAKE,Karume airport Pemba,2021,9,1st week,1.0,1,,,Pemba,85.0
CHAKE-CHAKE,Karume airport Pemba,2021,9,2nd week,14.3,2,,,Pemba,85.0
CHAKE-CHAKE,Karume airport Pemba,2021,9,3rd week,5.6,3,,,Pemba,85.0
CHAKE-CHAKE,Karume airport Pemba,2021,9,4th week,2.7,4,,,Pemba,85.0
CHAKE-CHAKE,Karume airport Pemba,2021,10,1st week,0.0,1,,,Pemba,88.0
CHAKE-CHAKE,Karume airport Pemba,2021,10,2nd week,0.0,2,,,Pemba,88.0
CHAKE-CHAKE,Karume airport Pemba,2021,10,3rd week,18.7,3,,,Pemba,88.0
CHAKE-CHAKE,Karume airport Pemba,2021,10,4th week,2.0,4,,,Pemba,88.0
CHAKE-CHAKE,Karume airport Pemba,2021,11,1st week,0.9,1,,,Pemba,89.0
CHAKE-CHAKE,Karume airport Pemba,2021,11,2nd week,0.0,2,,,Pemba,89.0
CHAKE-CHAKE,Karume airport Pemba,2021,11,3rd week,0.0,3,,,Pemba,89.0
CHAKE-CHAKE,Karume airport Pemba,2021,11,4th week,0.4,4,,,Pemba,89.0
CHAKE-CHAKE,Karume airport Pemba,2021,12,1st week,31.700000000000003,1,,,Pemba,92.0
CHAKE-CHAKE,Karume airport Pemba,2021,12,2nd week,25.6,2,,,Pemba,92.0
CHAKE-CHAKE,Karume airport Pemba,2021,12,3rd week,26.7,3,,,Pemba,92.0
CHAKE-CHAKE,Karume airport Pemba,2021,12,4th week,17.0,4,,,Pemba,92.0
CHAKE-CHAKE,Karume airport Pemba,2022,1,1st week,0.0,1,,,Pemba,76.0
CHAKE-CHAKE,Karume airport Pemba,2022,1,2nd week,0.9,2,,,Pemba,76.0
CHAKE-CHAKE,Karume airport Pemba,2022,1,3rd week,51.7,3,,,Pemba,76.0
CHAKE-CHAKE,Karume airport Pemba,2022,1,4th week,0.0,4,,,Pemba,76.0
CHAKE-CHAKE,Karume airport Pemba,2022,2,1st week,9.5,1,,,Pemba,77.0
CHAKE-CHAKE,Karume airport Pemba,2022,2,2nd week,0.0,2,,,Pemba,77.0
CHAKE-CHAKE,Karume airport Pemba,2022,2,3rd week,6.1,3,,,Pemba,77.0
CHAKE-CHAKE,Karume airport Pemba,2022,2,4th week,20.4,4,,,Pemba,77.0
CHAKE-CHAKE,Karume airport Pemba,2022,3,1st week,0.0,1,,,Pemba,69.0
CHAKE-CHAKE,Karume airport Pemba,2022,3,2nd week,0.0,2,,,Pemba,69.0
CHAKE-CHAKE,Karume airport Pemba,2022,3,3rd week,0.0,3,,,Pemba,69.0
CHAKE-CHAKE,Karume airport Pemba,2022,3,4th week,21.200000000000003,4,,,Pemba,69.0
CHAKE-CHAKE,Karume airport Pemba,2022,4,1st week,6.6,1,,,Pemba,80.0
CHAKE-CHAKE,Karume airport Pemba,2022,4,2nd week,25.3,2,,,Pemba,80.0
CHAKE-CHAKE,Karume airport Pemba,2022,4,3rd week,185.40000000000003,3,,,Pemba,80.0
CHAKE-CHAKE,Karume airport Pemba,2022,4,4th week,110.6,4,,,Pemba,80.0
CHAKE-CHAKE,Karume airport Pemba,2022,5,1st week,88.2,1,,,Pemba,86.0
CHAKE-CHAKE,Karume airport Pemba,2022,5,2nd week,0.7,2,,,Pemba,86.0
CHAKE-CHAKE,Karume airport Pemba,2022,5,3rd week,6.1,3,,,Pemba,86.0
CHAKE-CHAKE,Karume airport Pemba,2022,5,4th week,6.8,4,,,Pemba,86.0
CHAKE-CHAKE,Karume airport Pemba,2022,6,1st week,77.2,1,,,Pemba,8.8
CHAKE-CHAKE,Karume airport Pemba,2022,6,2nd week,18.5,2,,,Pemba,8.8
CHAKE-CHAKE,Karume airport Pemba,2022,6,3rd week,1.6,3,,,Pemba,8.8
CHAKE-CHAKE,Karume airport Pemba,2022,6,4th week,7.399999999999999,4,,,Pemba,8.8
CHAKE-CHAKE,Karume airport Pemba,2022,7,1st week,28.4,1,,,Pemba,94.0
CHAKE-CHAKE,Karume airport Pemba,2022,7,2nd week,21.9,2,,,Pemba,94.0
CHAKE-CHAKE,Karume airport Pemba,2022,7,3rd week,22.7,3,,,Pemba,94.0
CHAKE-CHAKE,Karume airport Pemba,2022,7,4th week,0.5,4,,,Pemba,94.0
CHAKE-CHAKE,Karume airport Pemba,2022,8,1st week,2.0,1,,,Pemba,89.0
CHAKE-CHAKE,Karume airport Pemba,2022,8,2nd week,10.6,2,,,Pemba,89.0
CHAKE-CHAKE,Karume airport Pemba,2022,8,3rd week,1.4,3,,,Pemba,89.0
CHAKE-CHAKE,Karume airport Pemba,2022,8,4th week,8.7,4,,,Pemba,89.0
CHAKE-CHAKE,Karume airport Pemba,2022,9,1st week,0.6,1,,,Pemba,88.0
CHAKE-CHAKE,Karume airport Pemba,2022,9,2nd week,2.0,2,,,Pemba,88.0
CHAKE-CHAKE,Karume airport Pemba,2022,9,3rd week,3.4,3,,,Pemba,88.0
CHAKE-CHAKE,Karume airport Pemba,2022,9,4th week,8.8,4,,,Pemba,88.0
CHAKE-CHAKE,Karume airport Pemba,2022,10,1st week,0.0,1,,,Pemba,90.0
CHAKE-CHAKE,Karume airport Pemba,2022,10,2nd week,1.4,2,,,Pemba,90.0
CHAKE-CHAKE,Karume airport Pemba,2022,10,3rd week,0.0,3,,,Pemba,90.0
CHAKE-CHAKE,Karume airport Pemba,2022,10,4th week,20.8,4,,,Pemba,90.0
CHAKE-CHAKE,Karume airport Pemba,2022,11,1st week,0.0,1,,,Pemba,93.0
CHAKE-CHAKE,Karume airport Pemba,2022,11,2nd week,3.7,2,,,Pemba,93.0
CHAKE-CHAKE,Karume airport Pemba,2022,11,3rd week,21.8,3,,,Pemba,93.0
CHAKE-CHAKE,Karume airport Pemba,2022,11,4th week,7.3,4,,,Pemba,93.0
CHAKE-CHAKE,Karume airport Pemba,2022,12,1st week,0.0,1,,,Pemba,94.0
CHAKE-CHAKE,Karume airport Pemba,2022,12,2nd week,0.0,2,,,Pemba,94.0
CHAKE-CHAKE,Karume airport Pemba,2022,12,3rd week,0.0,3,,,Pemba,94.0
CHAKE-CHAKE,Karume airport Pemba,2022,12,4th week,9.1,4,,,Pemba,94.0
CHAKE-CHAKE,Karume airport Pemba,2023,1,1st week,5.2,1,,,Pemba,87.0
CHAKE-CHAKE,Karume airport Pemba,2023,1,2nd week,29.5,2,,,Pemba,87.0
CHAKE-CHAKE,Karume airport Pemba,2023,1,3rd week,4.7,3,,,Pemba,87.0
CHAKE-CHAKE,Karume airport Pemba,2023,1,4th week,4.4,4,,,Pemba,87.0
CHAKE-CHAKE,Karume airport Pemba,2023,2,1st week,7.2,1,,,Pemba,90.0
CHAKE-CHAKE,Karume airport Pemba,2023,2,2nd week,16.5,2,,,Pemba,90.0
CHAKE-CHAKE,Karume airport Pemba,2023,2,3rd week,0.0,3,,,Pemba,90.0
CHAKE-CHAKE,Karume airport Pemba,2023,2,4th week,0.0,4,,,Pemba,90.0
CHAKE-CHAKE,Karume airport Pemba,2023,3,1st week,0.0,1,,,Pemba,92.0
CHAKE-CHAKE,Karume airport Pemba,2023,3,2nd week,0.6,2,,,Pemba,92.0
CHAKE-CHAKE,Karume airport Pemba,2023,3,3rd week,3.8000000000000007,3,,,Pemba,92.0
CHAKE-CHAKE,Karume airport Pemba,2023,3,4th week,22.5,4,,,Pemba,92.0
CHAKE-CHAKE,Karume airport Pemba,2023,4,1st week,37.99999999999999,1,,,Pemba,90.0
CHAKE-CHAKE,Karume airport Pemba,2023,4,2nd week,20.7,2,,,Pemba,90.0
CHAKE-CHAKE,Karume airport Pemba,2023,4,3rd week,433.7,3,,,Pemba,90.0
CHAKE-CHAKE,Karume airport Pemba,2023,4,4th week,237.7,4,,,Pemba,90.0
CHAKE-CHAKE,Karume airport Pemba,2023,5,1st week,15.1,1,,,Pemba,96.0
CHAKE-CHAKE,Karume airport Pemba,2023,5,2nd week,29.5,2,,,Pemba,96.0
CHAKE-CHAKE,Karume airport Pemba,2023,5,3rd week,9.4,3,,,Pemba,96.0
CHAKE-CHAKE,Karume airport Pemba,2023,5,4th week,90.9,4,,,Pemba,96.0
CHAKE-CHAKE,Karume airport Pemba,2023,6,1st week,147.1,1,,,Pemba,90.0
CHAKE-CHAKE,Karume airport Pemba,2023,6,2nd week,66.8,2,,,Pemba,90.0
CHAKE-CHAKE,Karume airport Pemba,2023,6,3rd week,0.0,3,,,Pemba,90.0
CHAKE-CHAKE,Karume airport Pemba,2023,6,4th week,10.6,4,,,Pemba,90.0
CHAKE-CHAKE,Karume airport Pemba,2023,7,1st week,22.5,1,,,Pemba,85.0
CHAKE-CHAKE,Karume airport Pemba,2023,7,2nd week,7.0,2,,,Pemba,85.0
CHAKE-CHAKE,Karume airport Pemba,2023,7,3rd week,1.5,3,,,Pemba,85.0
CHAKE-CHAKE,Karume airport Pemba,2023,7,4th week,6.9,4,,,Pemba,85.0
CHAKE-CHAKE,Karume airport Pemba,2023,8,1st week,8.4,1,,,Pemba,87.0
CHAKE-CHAKE,Karume airport Pemba,2023,8,2nd week,8.399999999999999,2,,,Pemba,87.0
CHAKE-CHAKE,Karume airport Pemba,2023,8,3rd week,9.1,3,,,Pemba,87.0
CHAKE-CHAKE,Karume airport Pemba,2023,8,4th week,0.0,4,,,Pemba,87.0
CHAKE-CHAKE,Karume airport Pemba,2023,9,1st week,0.0,1,,,Pemba,89.0
CHAKE-CHAKE,Karume airport Pemba,2023,9,2nd week,0.6,2,,,Pemba,89.0
CHAKE-CHAKE,Karume airport Pemba,2023,9,3rd week,0.0,3,,,Pemba,89.0
CHAKE-CHAKE,Karume airport Pemba,2023,9,4th week,9.1,4,,,Pemba,89.0
CHAKE-CHAKE,Karume airport Pemba,2023,10,1st week,5.3,1,,,Pemba,92.0
CHAKE-CHAKE,Karume airport Pemba,2023,10,2nd week,0.0,2,,,Pemba,92.0
CHAKE-CHAKE,Karume airport Pemba,2023,10,3rd week,63.0,3,,,Pemba,92.0
CHAKE-CHAKE,Karume airport Pemba,2023,10,4th week,3.6,4,,,Pemba,92.0
CHAKE-CHAKE,Karume airport Pemba,2023,11,1st week,168.79999999999998,1,,,Pemba,95.0
CHAKE-CHAKE,Karume airport Pemba,2023,11,2nd week,94.3,2,,,Pemba,95.0
CHAKE-CHAKE,Karume airport Pemba,2023,11,3rd week,92.7,3,,,Pemba,95.0
CHAKE-CHAKE,Karume airport Pemba,2023,11,4th week,108.1,4,,,Pemba,95.0
CHAKE-CHAKE,Karume airport Pemba,2023,12,1st week,39.0,1,,,Pemba,90.0
CHAKE-CHAKE,Karume airport Pemba,2023,12,2nd week,16.7,2,,,Pemba,90.0
CHAKE-CHAKE,Karume airport Pemba,2023,12,3rd week,37.900000000000006,3,,,Pemba,90.0
CHAKE-CHAKE,Karume airport Pemba,2023,12,4th week,0.0,4,,,Pemba,90.0
KASKAZINI A,MKOKOTONI-Zanzibar,2018,1,1st week,15.0,1,,,,
KASKAZINI A,MKOKOTONI-Zanzibar,2018,1,2nd week,0.0,2,,,,
KASKAZINI A,MKOKOTONI-Zanzibar,2018,1,3rd week,0.0,3,,,,
KASKAZINI A,MKOKOTONI-Zanzibar,2018,1,4th week,0.0,4,,,,
KASKAZINI A,MKOKOTONI-Zanzibar,2018,2,1st week,0.0,1,,,,
KASKAZINI A,MKOKOTONI-Zanzibar,2018,2,2nd week,0.0,2,,,,
KASKAZINI A,MKOKOTONI-Zanzibar,2018,2,3rd week,19.0,3,,,,
KASKAZINI A,MKOKOTONI-Zanzibar,2018,2,4th week,0.0,4,,,,
KASKAZINI A,MKOKOTONI-Zanzibar,2018,3,1st week,23.0,1,,,,
KASKAZINI A,MKOKOTONI-Zanzibar,2018,3,2nd week,31.5,2,,,,
KASKAZINI A,MKOKOTONI-Zanzibar,2018,3,3rd week,61.6,3,,,,
KASKAZINI A,MKOKOTONI-Zanzibar,2018,3,4th week,116.4,4,,,,
KASKAZINI A,MKOKOTONI-Zanzibar,2018,4,1st week,0.0,1,,,,
KASKAZINI A,MKOKOTONI-Zanzibar,2018,4,2nd week,147.29999999999998,2,,,,
KASKAZINI A,MKOKOTONI-Zanzibar,2018,4,3rd week,95.7,3,,,,
KASKAZINI A,MKOKOTONI-Zanzibar,2018,4,4th week,15.2,4,,,,
KASKAZINI A,MKOKOTONI-Zanzibar,2018,5,1st week,183.9,1,,,,
KASKAZINI A,MKOKOTONI-Zanzibar,2018,5,2nd week,273.5,2,,,,
KASKAZINI A,MKOKOTONI-Zanzibar,2018,5,3rd week,104.9,3,,,,
KASKAZINI A,MKOKOTONI-Zanzibar,2018,5,4th week,41.0,4,,,,
KASKAZINI A,MKOKOTONI-Zanzibar,2018,6,1st week,0.0,1,,,,
KASKAZINI A,MKOKOTONI-Zanzibar,2018,6,2nd week,34.3,2,,,,
KASKAZINI A,MKOKOTONI-Zanzibar,2018,6,3rd week,2.2,3,,,,
KASKAZINI A,MKOKOTONI-Zanzibar,2018,6,4th week,0.0,4,,,,
KASKAZINI A,MKOKOTONI-Zanzibar,2018,7,1st week,45.3,1,,,,
KASKAZINI A,MKOKOTONI-Zanzibar,2018,7,2nd week,0.0,2,,,,
KASKAZINI A,MKOKOTONI-Zanzibar,2018,7,3rd week,0.0,3,,,,
KASKAZINI A,MKOKOTONI-Zanzibar,2018,7,4th week,32.3,4,,,,
KASKAZINI A,MKOKOTONI-Zanzibar,2018,8,1st week,0.0,1,,,,
KASKAZINI A,MKOKOTONI-Zanzibar,2018,8,2nd week,0.0,2,,,,
KASKAZINI A,MKOKOTONI-Zanzibar,2018,8,3rd week,5.3,3,,,,
KASKAZINI A,MKOKOTONI-Zanzibar,2018,8,4th week,10.0,4,,,,
KASKAZINI A,MKOKOTONI-Zanzibar,2018,9,1st week,8.3,1,,,,
KASKAZINI A,MKOKOTONI-Zanzibar,2018,9,2nd week,12.8,2,,,,
KASKAZINI A,MKOKOTONI-Zanzibar,2018,9,3rd week,6.2,3,,,,
KASKAZINI A,MKOKOTONI-Zanzibar,2018,9,4th week,0.0,4,,,,
KASKAZINI A,MKOKOTONI-Zanzibar,2018,10,1st week,0.0,1,,,,
KASKAZINI A,MKOKOTONI-Zanzibar,2018,10,2nd week,0.0,2,,,,
KASKAZINI A,MKOKOTONI-Zanzibar,2018,10,3rd week,48.2,3,,,,
KASKAZINI A,MKOKOTONI-Zanzibar,2018,10,4th week,22.2,4,,,,
KASKAZINI A,MKOKOTONI-Zanzibar,2018,11,1st week,35.3,1,,,,
KASKAZINI A,MKOKOTONI-Zanzibar,2018,11,2nd week,0.0,2,,,,
KASKAZINI A,MKOKOTONI-Zanzibar,2018,11,3rd week,46.0,3,,,,
KASKAZINI A,MKOKOTONI-Zanzibar,2018,11,4th week,76.3,4,,,,
KASKAZINI A,MKOKOTONI-Zanzibar,2018,12,1st week,8.6,1,,,,
KASKAZINI A,MKOKOTONI-Zanzibar,2018,12,2nd week,0.0,2,,,,
KASKAZINI A,MKOKOTONI-Zanzibar,2018,12,3rd week,64.0,3,,,,
KASKAZINI A,MKOKOTONI-Zanzibar,2018,12,4th week,0.0,4,,,,
KASKAZINI A,MKOKOTONI-Zanzibar,2019,1,1st week,9.4,1,,,,
KASKAZINI A,MKOKOTONI-Zanzibar,2019,1,2nd week,5.5,2,,,,
KASKAZINI A,MKOKOTONI-Zanzibar,2019,1,3rd week,8.6,3,,,,
KASKAZINI A,MKOKOTONI-Zanzibar,2019,1,4th week,0.0,4,,,,
KASKAZINI A,MKOKOTONI-Zanzibar,2019,2,1st week,0.0,1,,,,
KASKAZINI A,MKOKOTONI-Zanzibar,2019,2,2nd week,0.0,2,,,,
KASKAZINI A,MKOKOTONI-Zanzibar,2019,2,3rd week,0.0,3,,,,
KASKAZINI A,MKOKOTONI-Zanzibar,2019,2,4th week,41.0,4,,,,
KASKAZINI A,MKOKOTONI-Zanzibar,2019,3,1st week,33.5,1,,,,
KASKAZINI A,MKOKOTONI-Zanzibar,2019,3,2nd week,5.4,2,,,,
KASKAZINI A,MKOKOTONI-Zanzibar,2019,3,3rd week,23.0,3,,,,
KASKAZINI A,MKOKOTONI-Zanzibar,2019,3,4th week,28.0,4,,,,
KASKAZINI A,MKOKOTONI-Zanzibar,2019,4,1st week,123.8,1,,,,
KASKAZINI A,MKOKOTONI-Zanzibar,2019,4,2nd week,7.0,2,,,,
KASKAZINI A,MKOKOTONI-Zanzibar,2019,4,3rd week,19.3,3,,,,
KASKAZINI A,MKOKOTONI-Zanzibar,2019,4,4th week,52.2,4,,,,
KASKAZINI A,MKOKOTONI-Zanzibar,2019,5,1st week,73.80000000000001,1,,,,
KASKAZINI A,MKOKOTONI-Zanzibar,2019,5,2nd week,100.6,2,,,,
KASKAZINI A,MKOKOTONI-Zanzibar,2019,5,3rd week,16.0,3,,,,
KASKAZINI A,MKOKOTONI-Zanzibar,2019,5,4th week,7.5,4,,,,
KASKAZINI A,MKOKOTONI-Zanzibar,2019,6,1st week,0.0,1,,,,
KASKAZINI A,MKOKOTONI-Zanzibar,2019,6,2nd week,1.1,2,,,,
KASKAZINI A,MKOKOTONI-Zanzibar,2019,6,3rd week,13.4,3,,,,
KASKAZINI A,MKOKOTONI-Zanzibar,2019,6,4th week,34.6,4,,,,
KASKAZINI A,MKOKOTONI-Zanzibar,2019,7,1st week,0.0,1,,,,
KASKAZINI A,MKOKOTONI-Zanzibar,2019,7,2nd week,13.2,2,,,,
KASKAZINI A,MKOKOTONI-Zanzibar,2019,7,3rd week,10.3,3,,,,
KASKAZINI A,MKOKOTONI-Zanzibar,2019,7,4th week,0.0,4,,,,
KASKAZINI A,MKOKOTONI-Zanzibar,2019,8,1st week,1.5,1,,,,
KASKAZINI A,MKOKOTONI-Zanzibar,2019,8,2nd week,8.3,2,,,,
KASKAZINI A,MKOKOTONI-Zanzibar,2019,8,3rd week,9.2,3,,,,
KASKAZINI A,MKOKOTONI-Zanzibar,2019,8,4th week,12.7,4,,,,
KASKAZINI A,MKOKOTONI-Zanzibar,2019,9,1st week,28.3,1,,,,
KASKAZINI A,MKOKOTONI-Zanzibar,2019,9,2nd week,10.5,2,,,,
KASKAZINI A,MKOKOTONI-Zanzibar,2019,9,3rd week,0.0,3,,,,
KASKAZINI A,MKOKOTONI-Zanzibar,2019,9,4th week,73.2,4,,,,
KASKAZINI A,MKOKOTONI-Zanzibar,2019,10,1st week,0.0,1,,,,
KASKAZINI A,MKOKOTONI-Zanzibar,2019,10,2nd week,11.0,2,,,,
KASKAZINI A,MKOKOTONI-Zanzibar,2019,10,3rd week,0.0,3,,,,
KASKAZINI A,MKOKOTONI-Zanzibar,2019,10,4th week,0.0,4,,,,
KASKAZINI A,MKOKOTONI-Zanzibar,2019,11,1st week,30.2,1,,,,
KASKAZINI A,MKOKOTONI-Zanzibar,2019,11,2nd week,26.3,2,,,,
KASKAZINI A,MKOKOTONI-Zanzibar,2019,11,3rd week,15.6,3,,,,
KASKAZINI A,MKOKOTONI-Zanzibar,2019,11,4th week,48.2,4,,,,
KASKAZINI A,MKOKOTONI-Zanzibar,2019,12,1st week,3.0,1,,,,
KASKAZINI A,MKOKOTONI-Zanzibar,2019,12,2nd week,0.0,2,,,,
KASKAZINI A,MKOKOTONI-Zanzibar,2019,12,3rd week,6.2,3,,,,
KASKAZINI A,MKOKOTONI-Zanzibar,2019,12,4th week,3.2,4,,,,
KASKAZINI A,MKOKOTONI-Zanzibar,2020,1,1st week,0.0,1,,,,
KASKAZINI A,MKOKOTONI-Zanzibar,2020,1,2nd week,20.0,2,,,,
KASKAZINI A,MKOKOTONI-Zanzibar,2020,1,3rd week,71.5,3,,,,
KASKAZINI A,MKOKOTONI-Zanzibar,2020,1,4th week,20.0,4,,,,
KASKAZINI A,MKOKOTONI-Zanzibar,2020,2,1st week,0.0,1,,,,
KASKAZINI A,MKOKOTONI-Zanzibar,2020,2,2nd week,13.2,2,,,,
KASKAZINI A,MKOKOTONI-Zanzibar,2020,2,3rd week,3.0,3,,,,
KASKAZINI A,MKOKOTONI-Zanzibar,2020,2,4th week,0.0,4,,,,
KASKAZINI A,MKOKOTONI-Zanzibar,2020,3,1st week,92.2,1,,,,
KASKAZINI A,MKOKOTONI-Zanzibar,2020,3,2nd week,73.2,2,,,,
KASKAZINI A,MKOKOTONI-Zanzibar,2020,3,3rd week,70.3,3,,,,
KASKAZINI A,MKOKOTONI-Zanzibar,2020,3,4th week,75.0,4,,,,
KASKAZINI A,MKOKOTONI-Zanzibar,2020,4,1st week,74.0,1,,,,
KASKAZINI A,MKOKOTONI-Zanzibar,2020,4,2nd week,243.6,2,,,,
KASKAZINI A,MKOKOTONI-Zanzibar,2020,4,3rd week,315.4,3,,,,
KASKAZINI A,MKOKOTONI-Zanzibar,2020,4,4th week,191.2,4,,,,
KASKAZINI A,MKOKOTONI-Zanzibar,2020,5,1st week,212.5,1,,,,
KASKAZINI A,MKOKOTONI-Zanzibar,2020,5,2nd week,15.7,2,,,,
KASKAZINI A,MKOKOTONI-Zanzibar,2020,5,3rd week,42.2,3,,,,
KASKAZINI A,MKOKOTONI-Zanzibar,2020,5,4th week,6.4,4,,,,
KASKAZINI A,MKOKOTONI-Zanzibar,2020,6,1st week,0.0,1,,,,
KASKAZINI A,MKOKOTONI-Zanzibar,2020,6,2nd week,3.0,2,,,,
KASKAZINI A,MKOKOTONI-Zanzibar,2020,6,3rd week,0.0,3,,,,
KASKAZINI A,MKOKOTONI-Zanzibar,2020,6,4th week,5.0,4,,,,
KASKAZINI A,MKOKOTONI-Zanzibar,2020,7,1st week,2.3,1,,,,
KASKAZINI A,MKOKOTONI-Zanzibar,2020,7,2nd week,11.6,2,,,,
KASKAZINI A,MKOKOTONI-Zanzibar,2020,7,3rd week,40.0,3,,,,
KASKAZINI A,MKOKOTONI-Zanzibar,2020,7,4th week,3.2,4,,,,
KASKAZINI A,MKOKOTONI-Zanzibar,2020,8,1st week,2.3,1,,,,
KASKAZINI A,MKOKOTONI-Zanzibar,2020,8,2nd week,0.0,2,,,,
KASKAZINI A,MKOKOTONI-Zanzibar,2020,8,3rd week,29.7,3,,,,
KASKAZINI A,MKOKOTONI-Zanzibar,2020,8,4th week,9.0,4,,,,
KASKAZINI A,MKOKOTONI-Zanzibar,2020,9,1st week,0.0,1,,,,
KASKAZINI A,MKOKOTONI-Zanzibar,2020,9,2nd week,0.0,2,,,,
KASKAZINI A,MKOKOTONI-Zanzibar,2020,9,3rd week,0.0,3,,,,
KASKAZINI A,MKOKOTONI-Zanzibar,2020,9,4th week,25.5,4,,,,
KASKAZINI A,MKOKOTONI-Zanzibar,2020,10,1st week,15.5,1,,,,
KASKAZINI A,MKOKOTONI-Zanzibar,2020,10,2nd week,29.5,2,,,,
KASKAZINI A,MKOKOTONI-Zanzibar,2020,10,3rd week,0.0,3,,,,
KASKAZINI A,MKOKOTONI-Zanzibar,2020,10,4th week,19.3,4,,,,
KASKAZINI A,MKOKOTONI-Zanzibar,2020,11,1st week,50.0,1,,,,
KASKAZINI A,MKOKOTONI-Zanzibar,2020,11,2nd week,109.6,2,,,,
KASKAZINI A,MKOKOTONI-Zanzibar,2020,11,3rd week,71.0,3,,,,
KASKAZINI A,MKOKOTONI-Zanzibar,2020,11,4th week,16.2,4,,,,
KASKAZINI A,MKOKOTONI-Zanzibar,2020,12,1st week,10.0,1,,,,
KASKAZINI A,MKOKOTONI-Zanzibar,2020,12,2nd week,0.0,2,,,,
KASKAZINI A,MKOKOTONI-Zanzibar,2020,12,3rd week,24.0,3,,,,
KASKAZINI A,MKOKOTONI-Zanzibar,2020,12,4th week,27.2,4,,,,
KASKAZINI A,MKOKOTONI-Zanzibar,2021,1,1st week,25.2,1,,,,
KASKAZINI A,MKOKOTONI-Zanzibar,2021,1,2nd week,51.2,2,,,,
KASKAZINI A,MKOKOTONI-Zanzibar,2021,1,3rd week,0.0,3,,,,
KASKAZINI A,MKOKOTONI-Zanzibar,2021,1,4th week,19.3,4,,,,
KASKAZINI A,MKOKOTONI-Zanzibar,2021,2,1st week,0.0,1,,,,
KASKAZINI A,MKOKOTONI-Zanzibar,2021,2,2nd week,9.8,2,,,,
KASKAZINI A,MKOKOTONI-Zanzibar,2021,2,3rd week,0.0,3,,,,
KASKAZINI A,MKOKOTONI-Zanzibar,2021,2,4th week,64.0,4,,,,
KASKAZINI A,MKOKOTONI-Zanzibar,2021,3,1st week,0.0,1,,,,
KASKAZINI A,MKOKOTONI-Zanzibar,2021,3,2nd week,0.0,2,,,,
KASKAZINI A,MKOKOTONI-Zanzibar,2021,3,3rd week,0.0,3,,,,
KASKAZINI A,MKOKOTONI-Zanzibar,2021,3,4th week,20.0,4,,,,
KASKAZINI A,MKOKOTONI-Zanzibar,2021,4,1st week,96.3,1,,,,
KASKAZINI A,MKOKOTONI-Zanzibar,2021,4,2nd week,69.4,2,,,,
KASKAZINI A,MKOKOTONI-Zanzibar,2021,4,3rd week,126.6,3,,,,
KASKAZINI A,MKOKOTONI-Zanzibar,2021,4,4th week,58.1,4,,,,
KASKAZINI A,MKOKOTONI-Zanzibar,2021,5,1st week,81.8,1,,,,
KASKAZINI A,MKOKOTONI-Zanzibar,2021,5,2nd week,0.0,2,,,,
KASKAZINI A,MKOKOTONI-Zanzibar,2021,5,3rd week,0.0,3,,,,
KASKAZINI A,MKOKOTONI-Zanzibar,2021,5,4th week,0.0,4,,,,
KASKAZINI A,MKOKOTONI-Zanzibar,2021,6,1st week,0.0,1,,,,
KASKAZINI A,MKOKOTONI-Zanzibar,2021,6,2nd week,0.0,2,,,,
KASKAZINI A,MKOKOTONI-Zanzibar,2021,6,3rd week,2.5,3,,,,
KASKAZINI A,MKOKOTONI-Zanzibar,2021,6,4th week,4.2,4,,,,
KASKAZINI A,MKOKOTONI-Zanzibar,2021,7,1st week,0.0,1,,,,
KASKAZINI A,MKOKOTONI-Zanzibar,2021,7,2nd week,41.6,2,,,,
KASKAZINI A,MKOKOTONI-Zanzibar,2021,7,3rd week,0.0,3,,,,
KASKAZINI A,MKOKOTONI-Zanzibar,2021,7,4th week,0.0,4,,,,
KASKAZINI A,MKOKOTONI-Zanzibar,2021,8,1st week,0.0,1,,,,
KASKAZINI A,MKOKOTONI-Zanzibar,2021,8,2nd week,0.0,2,,,,
KASKAZINI A,MKOKOTONI-Zanzibar,2021,8,3rd week,6.3,3,,,,
KASKAZINI A,MKOKOTONI-Zanzibar,2021,8,4th week,3.4,4,,,,
KASKAZINI A,MKOKOTONI-Zanzibar,2021,9,1st week,0.0,1,,,,
KASKAZINI A,MKOKOTONI-Zanzibar,2021,9,2nd week,0.0,2,,,,
KASKAZINI A,MKOKOTONI-Zanzibar,2021,9,3rd week,0.0,3,,,,
KASKAZINI A,MKOKOTONI-Zanzibar,2021,9,4th week,0.0,4,,,,
KASKAZINI A,MKOKOTONI-Zanzibar,2021,10,1st week,0.0,1,,,,
KASKAZINI A,MKOKOTONI-Zanzibar,2021,10,2nd week,0.0,2,,,,
KASKAZINI A,MKOKOTONI-Zanzibar,2021,10,3rd week,18.0,3,,,,
KASKAZINI A,MKOKOTONI-Zanzibar,2021,10,4th week,8.6,4,,,,
KASKAZINI A,MKOKOTONI-Zanzibar,2021,11,1st week,0.0,1,,,,
KASKAZINI A,MKOKOTONI-Zanzibar,2021,11,2nd week,0.0,2,,,,
KASKAZINI A,MKOKOTONI-Zanzibar,2021,11,3rd week,0.0,3,,,,
KASKAZINI A,MKOKOTONI-Zanzibar,2021,11,4th week,30.5,4,,,,
KASKAZINI A,MKOKOTONI-Zanzibar,2021,12,1st week,0.0,1,,,,
KASKAZINI A,MKOKOTONI-Zanzibar,2021,12,2nd week,34.3,2,,,,
KASKAZINI A,MKOKOTONI-Zanzibar,2021,12,3rd week,25.0,3,,,,
KASKAZINI A,MKOKOTONI-Zanzibar,2021,12,4th week,0.0,4,,,,
KASKAZINI A,MKOKOTONI-Zanzibar,2022,1,1st week,0.0,1,,,,
KASKAZINI A,MKOKOTONI-Zanzibar,2022,1,2nd week,0.0,2,,,,
KASKAZINI A,MKOKOTONI-Zanzibar,2022,1,3rd week,81.5,3,,,,
KASKAZINI A,MKOKOTONI-Zanzibar,2022,1,4th week,45.6,4,,,,
KASKAZINI A,MKOKOTONI-Zanzibar,2022,2,1st week,47.7,1,,,,
KASKAZINI A,MKOKOTONI-Zanzibar,2022,2,2nd week,0.0,2,,,,
KASKAZINI A,MKOKOTONI-Zanzibar,2022,2,3rd week,70.5,3,,,,
KASKAZINI A,MKOKOTONI-Zanzibar,2022,2,4th week,20.7,4,,,,
KASKAZINI A,MKOKOTONI-Zanzibar,2022,3,1st week,0.0,1,,,,
KASKAZINI A,MKOKOTONI-Zanzibar,2022,3,2nd week,0.0,2,,,,
KASKAZINI A,MKOKOTONI-Zanzibar,2022,3,3rd week,0.0,3,,,,
KASKAZINI A,MKOKOTONI-Zanzibar,2022,3,4th week,35.3,4,,,,
KASKAZINI A,MKOKOTONI-Zanzibar,2022,4,1st week,0.0,1,,,,
KASKAZINI A,MKOKOTONI-Zanzibar,2022,4,2nd week,109.3,2,,,,
KASKAZINI A,MKOKOTONI-Zanzibar,2022,4,3rd week,310.2,3,,,,
KASKAZINI A,MKOKOTONI-Zanzibar,2022,4,4th week,111.5,4,,,,
KASKAZINI A,MKOKOTONI-Zanzibar,2022,5,1st week,38.7,1,,,,
KASKAZINI A,MKOKOTONI-Zanzibar,2022,5,2nd week,0.0,2,,,,
KASKAZINI A,MKOKOTONI-Zanzibar,2022,5,3rd week,25.7,3,,,,
KASKAZINI A,MKOKOTONI-Zanzibar,2022,5,4th week,12.3,4,,,,
KASKAZINI A,MKOKOTONI-Zanzibar,2022,6,1st week,17.0,1,,,,
KASKAZINI A,MKOKOTONI-Zanzibar,2022,6,2nd week,0.0,2,,,,
KASKAZINI A,MKOKOTONI-Zanzibar,2022,6,3rd week,17.0,3,,,,
KASKAZINI A,MKOKOTONI-Zanzibar,2022,6,4th week,20.3,4,,,,
KASKAZINI A,MKOKOTONI-Zanzibar,2022,7,1st week,0.0,1,,,,
KASKAZINI A,MKOKOTONI-Zanzibar,2022,7,2nd week,26.7,2,,,,
KASKAZINI A,MKOKOTONI-Zanzibar,2022,7,3rd week,7.0,3,,,,
KASKAZINI A,MKOKOTONI-Zanzibar,2022,7,4th week,0.0,4,,,,
KASKAZINI A,MKOKOTONI-Zanzibar,2022,8,1st week,7.0,1,,,,
KASKAZINI A,MKOKOTONI-Zanzibar,2022,8,2nd week,20.0,2,,,,
KASKAZINI A,MKOKOTONI-Zanzibar,2022,8,3rd week,0.0,3,,,,
KASKAZINI A,MKOKOTONI-Zanzibar,2022,8,4th week,28.0,4,,,,
KASKAZINI A,MKOKOTONI-Zanzibar,2022,9,1st week,0.0,1,,,,
KASKAZINI A,MKOKOTONI-Zanzibar,2022,9,2nd week,4.0,2,,,,
KASKAZINI A,MKOKOTONI-Zanzibar,2022,9,3rd week,0.0,3,,,,
KASKAZINI A,MKOKOTONI-Zanzibar,2022,9,4th week,0.0,4,,,,
KASKAZINI A,MKOKOTONI-Zanzibar,2022,10,1st week,0.0,1,,,,
KASKAZINI A,MKOKOTONI-Zanzibar,2022,10,2nd week,18.5,2,,,,
KASKAZINI A,MKOKOTONI-Zanzibar,2022,10,3rd week,0.0,3,,,,
KASKAZINI A,MKOKOTONI-Zanzibar,2022,10,4th week,0.0,4,,,,
KASKAZINI A,MKOKOTONI-Zanzibar,2022,11,1st week,36.0,1,,,,
KASKAZINI A,MKOKOTONI-Zanzibar,2022,11,2nd week,0.0,2,,,,
KASKAZINI A,MKOKOTONI-Zanzibar,2022,11,3rd week,6.3,3,,,,
KASKAZINI A,MKOKOTONI-Zanzibar,2022,11,4th week,68.9,4,,,,
KASKAZINI A,MKOKOTONI-Zanzibar,2022,12,1st week,0.0,1,,,,
KASKAZINI A,MKOKOTONI-Zanzibar,2022,12,2nd week,28.6,2,,,,
KASKAZINI A,MKOKOTONI-Zanzibar,2022,12,3rd week,0.0,3,,,,
KASKAZINI A,MKOKOTONI-Zanzibar,2022,12,4th week,12.4,4,,,,
KASKAZINI A,MKOKOTONI-Zanzibar,2023,1,1st week,4.0,1,,,,
KASKAZINI A,MKOKOTONI-Zanzibar,2023,1,2nd week,4.0,2,,,,
KASKAZINI A,MKOKOTONI-Zanzibar,2023,1,3rd week,6.0,3,,,,
KASKAZINI A,MKOKOTONI-Zanzibar,2023,1,4th week,0.0,4,,,,
KASKAZINI A,MKOKOTONI-Zanzibar,2023,2,1st week,0.0,1,,,,
KASKAZINI A,MKOKOTONI-Zanzibar,2023,2,2nd week,0.0,2,,,,
KASKAZINI A,MKOKOTONI-Zanzibar,2023,2,3rd week,0.0,3,,,,
KASKAZINI A,MKOKOTONI-Zanzibar,2023,2,4th week,0.0,4,,,,
KASKAZINI A,MKOKOTONI-Zanzibar,2023,3,1st week,0.0,1,,,,
KASKAZINI A,MKOKOTONI-Zanzibar,2023,3,2nd week,0.0,2,,,,
KASKAZINI A,MKOKOTONI-Zanzibar,2023,3,3rd week,85.0,3,,,,
KASKAZINI A,MKOKOTONI-Zanzibar,2023,3,4th week,48.2,4,,,,
KASKAZINI A,MKOKOTONI-Zanzibar,2023,4,1st week,24.0,1,,,,
KASKAZINI A,MKOKOTONI-Zanzibar,2023,4,2nd week,20.0,2,,,,
KASKAZINI A,MKOKOTONI-Zanzibar,2023,4,3rd week,209.0,3,,,,
KASKAZINI A,MKOKOTONI-Zanzibar,2023,4,4th week,125.2,4,,,,
KASKAZINI A,MKOKOTONI-Zanzibar,2023,5,1st week,18.0,1,,,,
KASKAZINI A,MKOKOTONI-Zanzibar,2023,5,2nd week,140.3,2,,,,
KASKAZINI A,MKOKOTONI-Zanzibar,2023,5,3rd week,10.0,3,,,,
KASKAZINI A,MKOKOTONI-Zanzibar,2023,5,4th week,25.0,4,,,,
KASKAZINI A,MKOKOTONI-Zanzibar,2023,6,1st week,108.3,1,,,,
KASKAZINI A,MKOKOTONI-Zanzibar,2023,6,2nd week,0.0,2,,,,
KASKAZINI A,MKOKOTONI-Zanzibar,2023,6,3rd week,0.0,3,,,,
KASKAZINI A,MKOKOTONI-Zanzibar,2023,6,4th week,0.0,4,,,,
KASKAZINI A,MKOKOTONI-Zanzibar,2023,7,1st week,22.5,1,,,,
KASKAZINI A,MKOKOTONI-Zanzibar,2023,7,2nd week,31.0,2,,,,
KASKAZINI A,MKOKOTONI-Zanzibar,2023,7,3rd week,10.8,3,,,,
KASKAZINI A,MKOKOTONI-Zanzibar,2023,7,4th week,13.0,4,,,,
KASKAZINI A,MKOKOTONI-Zanzibar,2023,8,1st week,0.0,1,,,,
KASKAZINI A,MKOKOTONI-Zanzibar,2023,8,2nd week,24.5,2,,,,
KASKAZINI A,MKOKOTONI-Zanzibar,2023,8,3rd week,6.0,3,,,,
KASKAZINI A,MKOKOTONI-Zanzibar,2023,8,4th week,2.0,4,,,,
KASKAZINI A,MKOKOTONI-Zanzibar,2023,9,1st week,0.0,1,,,,
KASKAZINI A,MKOKOTONI-Zanzibar,2023,9,2nd week,0.0,2,,,,
KASKAZINI A,MKOKOTONI-Zanzibar,2023,9,3rd week,0.0,3,,,,
KASKAZINI A,MKOKOTONI-Zanzibar,2023,9,4th week,7.0,4,,,,
KASKAZINI A,MKOKOTONI-Zanzibar,2023,10,1st week,0.0,1,,,,
KASKAZINI A,MKOKOTONI-Zanzibar,2023,10,2nd week,0.0,2,,,,
KASKAZINI A,MKOKOTONI-Zanzibar,2023,10,3rd week,0.0,3,,,,
KASKAZINI A,MKOKOTONI-Zanzibar,2023,10,4th week,29.6,4,,,,
KASKAZINI A,MKOKOTONI-Zanzibar,2023,11,1st week,284.6,1,,,,
KASKAZINI A,MKOKOTONI-Zanzibar,2023,11,2nd week,156.0,2,,,,
KASKAZINI A,MKOKOTONI-Zanzibar,2023,11,3rd week,52.5,3,,,,
KASKAZINI A,MKOKOTONI-Zanzibar,2023,11,4th week,47.2,4,,,,
KASKAZINI A,MKOKOTONI-Zanzibar,2023,12,1st week,52.0,1,,,,
KASKAZINI A,MKOKOTONI-Zanzibar,2023,12,2nd week,15.5,2,,,,
KASKAZINI A,MKOKOTONI-Zanzibar,2023,12,3rd week,40.6,3,,,,
KASKAZINI A,MKOKOTONI-Zanzibar,2023,12,4th week,0.0,4,,,,
KASKAZINI B,Mahonda,2018,1,1st week,5.3,1,,,,
KASKAZINI B,Mahonda,2018,1,2nd week,0.0,2,,,,
KASKAZINI B,Mahonda,2018,1,3rd week,0.0,3,,,,
KASKAZINI B,Mahonda,2018,1,4th week,0.0,4,,,,
KASKAZINI B,Mahonda,2018,2,1st week,0.0,1,,,,
KASKAZINI B,Mahonda,2018,2,2nd week,0.0,2,,,,
KASKAZINI B,Mahonda,2018,2,3rd week,25.0,3,,,,
KASKAZINI B,Mahonda,2018,2,4th week,0.0,4,,,,
KASKAZINI B,Mahonda,2018,3,1st week,32.7,1,,,,
KASKAZINI B,Mahonda,2018,3,2nd week,58.7,2,,,,
KASKAZINI B,Mahonda,2018,3,3rd week,92.1,3,,,,
KASKAZINI B,Mahonda,2018,3,4th week,31.9,4,,,,
KASKAZINI B,Mahonda,2018,4,1st week,63.0,1,,,,
KASKAZINI B,Mahonda,2018,4,2nd week,75.3,2,,,,
KASKAZINI B,Mahonda,2018,4,3rd week,171.5,3,,,,
KASKAZINI B,Mahonda,2018,4,4th week,15.4,4,,,,
KASKAZINI B,Mahonda,2018,5,1st week,206.0,1,,,,
KASKAZINI B,Mahonda,2018,5,2nd week,192.3,2,,,,
KASKAZINI B,Mahonda,2018,5,3rd week,72.0,3,,,,
KASKAZINI B,Mahonda,2018,5,4th week,45.0,4,,,,
KASKAZINI B,Mahonda,2018,6,1st week,0.0,1,,,,
KASKAZINI B,Mahonda,2018,6,2nd week,22.7,2,,,,
KASKAZINI B,Mahonda,2018,6,3rd week,0.0,3,,,,
KASKAZINI B,Mahonda,2018,6,4th week,16.599999999999998,4,,,,
KASKAZINI B,Mahonda,2018,7,1st week,63.8,1,,,,
KASKAZINI B,Mahonda,2018,7,2nd week,0.0,2,,,,
KASKAZINI B,Mahonda,2018,7,3rd week,0.0,3,,,,
KASKAZINI B,Mahonda,2018,7,4th week,0.0,4,,,,
KASKAZINI B,Mahonda,2018,8,1st week,0.0,1,,,,
KASKAZINI B,Mahonda,2018,8,2nd week,0.0,2,,,,
KASKAZINI B,Mahonda,2018,8,3rd week,5.4,3,,,,
KASKAZINI B,Mahonda,2018,8,4th week,2.5,4,,,,
KASKAZINI B,Mahonda,2018,9,1st week,15.2,1,,,,
KASKAZINI B,Mahonda,2018,9,2nd week,11.5,2,,,,
KASKAZINI B,Mahonda,2018,9,3rd week,18.6,3,,,,
KASKAZINI B,Mahonda,2018,9,4th week,41.0,4,,,,
KASKAZINI B,Mahonda,2018,10,1st week,4.3,1,,,,
KASKAZINI B,Mahonda,2018,10,2nd week,0.0,2,,,,
KASKAZINI B,Mahonda,2018,10,3rd week,0.0,3,,,,
KASKAZINI B,Mahonda,2018,10,4th week,59.900000000000006,4,,,,
KASKAZINI B,Mahonda,2018,11,1st week,0.0,1,,,,
KASKAZINI B,Mahonda,2018,11,2nd week,11.4,2,,,,
KASKAZINI B,Mahonda,2018,11,3rd week,47.2,3,,,,
KASKAZINI B,Mahonda,2018,11,4th week,32.4,4,,,,
KASKAZINI B,Mahonda,2018,12,1st week,2.9,1,,,,
KASKAZINI B,Mahonda,2018,12,2nd week,35.6,2,,,,
KASKAZINI B,Mahonda,2018,12,3rd week,49.1,3,,,,
KASKAZINI B,Mahonda,2018,12,4th week,0.0,4,,,,
KASKAZINI B,Mahonda,2019,1,1st week,21.7,1,,,,
KASKAZINI B,Mahonda,2019,1,2nd week,0.0,2,,,,
KASKAZINI B,Mahonda,2019,1,3rd week,22.0,3,,,,
KASKAZINI B,Mahonda,2019,1,4th week,7.0,4,,,,
KASKAZINI B,Mahonda,2019,2,1st week,13.6,1,,,,
KASKAZINI B,Mahonda,2019,2,2nd week,0.0,2,,,,
KASKAZINI B,Mahonda,2019,2,3rd week,42.0,3,,,,
KASKAZINI B,Mahonda,2019,2,4th week,10.0,4,,,,
KASKAZINI B,Mahonda,2019,3,1st week,8.4,1,,,,
KASKAZINI B,Mahonda,2019,3,2nd week,0.0,2,,,,
KASKAZINI B,Mahonda,2019,3,3rd week,0.0,3,,,,
KASKAZINI B,Mahonda,2019,3,4th week,39.0,4,,,,
KASKAZINI B,Mahonda,2019,4,1st week,29.7,1,,,,
KASKAZINI B,Mahonda,2019,4,2nd week,40.4,2,,,,
KASKAZINI B,Mahonda,2019,4,3rd week,4.0,3,,,,
KASKAZINI B,Mahonda,2019,4,4th week,0.0,4,,,,
KASKAZINI B,Mahonda,2019,5,1st week,259.7,1,,,,
KASKAZINI B,Mahonda,2019,5,2nd week,226.3,2,,,,
KASKAZINI B,Mahonda,2019,5,3rd week,98.0,3,,,,
KASKAZINI B,Mahonda,2019,5,4th week,0.0,4,,,,
KASKAZINI B,Mahonda,2019,6,1st week,0.0,1,,,,
KASKAZINI B,Mahonda,2019,6,2nd week,3.1,2,,,,
KASKAZINI B,Mahonda,2019,6,3rd week,0.0,3,,,,
KASKAZINI B,Mahonda,2019,6,4th week,0.0,4,,,,
KASKAZINI B,Mahonda,2019,7,1st week,0.0,1,,,,
KASKAZINI B,Mahonda,2019,7,2nd week,0.0,2,,,,
KASKAZINI B,Mahonda,2019,7,3rd week,15.8,3,,,,
KASKAZINI B,Mahonda,2019,7,4th week,0.0,4,,,,
KASKAZINI B,Mahonda,2019,8,1st week,0.0,1,,,,
KASKAZINI B,Mahonda,2019,8,2nd week,20.0,2,,,,
KASKAZINI B,Mahonda,2019,8,3rd week,7.0,3,,,,
KASKAZINI B,Mahonda,2019,8,4th week,0.0,4,,,,
KASKAZINI B,Mahonda,2019,9,1st week,2.0,1,,,,
KASKAZINI B,Mahonda,2019,9,2nd week,21.1,2,,,,
KASKAZINI B,Mahonda,2019,9,3rd week,31.3,3,,,,
KASKAZINI B,Mahonda,2019,9,4th week,20.9,4,,,,
KASKAZINI B,Mahonda,2019,10,1st week,99.5,1,,,,
KASKAZINI B,Mahonda,2019,10,2nd week,177.2,2,,,,
KASKAZINI B,Mahonda,2019,10,3rd week,98.4,3,,,,
KASKAZINI B,Mahonda,2019,10,4th week,74.6,4,,,,
KASKAZINI B,Mahonda,2019,11,1st week,117.7,1,,,,
KASKAZINI B,Mahonda,2019,11,2nd week,41.8,2,,,,
KASKAZINI B,Mahonda,2019,11,3rd week,82.0,3,,,,
KASKAZINI B,Mahonda,2019,11,4th week,25.7,4,,,,
KASKAZINI B,Mahonda,2019,12,1st week,73.5,1,,,,
KASKAZINI B,Mahonda,2019,12,2nd week,3.3,2,,,,
KASKAZINI B,Mahonda,2019,12,3rd week,94.0,3,,,,
KASKAZINI B,Mahonda,2019,12,4th week,21.3,4,,,,
KASKAZINI B,Mahonda,2020,1,1st week,0.0,1,,,,
KASKAZINI B,Mahonda,2020,1,2nd week,42.5,2,,,,
KASKAZINI B,Mahonda,2020,1,3rd week,188.3,3,,,,
KASKAZINI B,Mahonda,2020,1,4th week,36.1,4,,,,
KASKAZINI B,Mahonda,2020,2,1st week,2.6,1,,,,
KASKAZINI B,Mahonda,2020,2,2nd week,9.7,2,,,,
KASKAZINI B,Mahonda,2020,2,3rd week,16.4,3,,,,
KASKAZINI B,Mahonda,2020,2,4th week,0.0,4,,,,
KASKAZINI B,Mahonda,2020,3,1st week,29.8,1,,,,
KASKAZINI B,Mahonda,2020,3,2nd week,45.9,2,,,,
KASKAZINI B,Mahonda,2020,3,3rd week,18.1,3,,,,
KASKAZINI B,Mahonda,2020,3,4th week,41.5,4,,,,
KASKAZINI B,Mahonda,2020,4,1st week,62.1,1,,,,
KASKAZINI B,Mahonda,2020,4,2nd week,223.2,2,,,,
KASKAZINI B,Mahonda,2020,4,3rd week,384.4,3,,,,
KASKAZINI B,Mahonda,2020,4,4th week,210.5,4,,,,
KASKAZINI B,Mahonda,2020,5,1st week,98.1,1,,,,
KASKAZINI B,Mahonda,2020,5,2nd week,0.0,2,,,,
KASKAZINI B,Mahonda,2020,5,3rd week,38.3,3,,,,
KASKAZINI B,Mahonda,2020,5,4th week,0.0,4,,,,
KASKAZINI B,Mahonda,2020,6,1st week,0.0,1,,,,
KASKAZINI B,Mahonda,2020,6,2nd week,2.3,2,,,,
KASKAZINI B,Mahonda,2020,6,3rd week,0.0,3,,,,
KASKAZINI B,Mahonda,2020,6,4th week,3.1,4,,,,
KASKAZINI B,Mahonda,2020,7,1st week,0.0,1,,,,
KASKAZINI B,Mahonda,2020,7,2nd week,18.3,2,,,,
KASKAZINI B,Mahonda,2020,7,3rd week,10.4,3,,,,
KASKAZINI B,Mahonda,2020,7,4th week,1.5,4,,,,
KASKAZINI B,Mahonda,2020,8,1st week,2.3,1,,,,
KASKAZINI B,Mahonda,2020,8,2nd week,0.0,2,,,,
KASKAZINI B,Mahonda,2020,8,3rd week,34.3,3,,,,
KASKAZINI B,Mahonda,2020,8,4th week,7.5,4,,,,
KASKAZINI B,Mahonda,2020,9,1st week,31.0,1,,,,
KASKAZINI B,Mahonda,2020,9,2nd week,13.0,2,,,,
KASKAZINI B,Mahonda,2020,9,3rd week,20.1,3,,,,
KASKAZINI B,Mahonda,2020,9,4th week,24.0,4,,,,
KASKAZINI B,Mahonda,2020,10,1st week,0.0,1,,,,
KASKAZINI B,Mahonda,2020,10,2nd week,5.0,2,,,,
KASKAZINI B,Mahonda,2020,10,3rd week,65.4,3,,,,
KASKAZINI B,Mahonda,2020,10,4th week,36.3,4,,,,
KASKAZINI B,Mahonda,2020,11,1st week,170.8,1,,,,
KASKAZINI B,Mahonda,2020,11,2nd week,176.4,2,,,,
KASKAZINI B,Mahonda,2020,11,3rd week,30.3,3,,,,
KASKAZINI B,Mahonda,2020,11,4th week,121.2,4,,,,
KASKAZINI B,Mahonda,2020,12,1st week,51.5,1,,,,
KASKAZINI B,Mahonda,2020,12,2nd week,0.0,2,,,,
KASKAZINI B,Mahonda,2020,12,3rd week,15.9,3,,,,
KASKAZINI B,Mahonda,2020,12,4th week,7.7,4,,,,
KASKAZINI B,Mahonda,2021,1,1st week,14.0,1,,,,
KASKAZINI B,Mahonda,2021,1,2nd week,11.2,2,,,,
KASKAZINI B,Mahonda,2021,1,3rd week,0.0,3,,,,
KASKAZINI B,Mahonda,2021,1,4th week,0.0,4,,,,
KASKAZINI B,Mahonda,2021,2,1st week,0.0,1,,,,
KASKAZINI B,Mahonda,2021,2,2nd week,4.5,2,,,,
KASKAZINI B,Mahonda,2021,2,3rd week,0.0,3,,,,
KASKAZINI B,Mahonda,2021,2,4th week,9.6,4,,,,
KASKAZINI B,Mahonda,2021,3,1st week,0.0,1,,,,
KASKAZINI B,Mahonda,2021,3,2nd week,0.0,2,,,,
KASKAZINI B,Mahonda,2021,3,3rd week,15.1,3,,,,
KASKAZINI B,Mahonda,2021,3,4th week,41.8,4,,,,
KASKAZINI B,Mahonda,2021,4,1st week,23.6,1,,,,
KASKAZINI B,Mahonda,2021,4,2nd week,48.8,2,,,,
KASKAZINI B,Mahonda,2021,4,3rd week,83.9,3,,,,
KASKAZINI B,Mahonda,2021,4,4th week,62.7,4,,,,
KASKAZINI B,Mahonda,2021,5,1st week,75.0,1,,,,
KASKAZINI B,Mahonda,2021,5,2nd week,0.0,2,,,,
KASKAZINI B,Mahonda,2021,5,3rd week,0.0,3,,,,
KASKAZINI B,Mahonda,2021,5,4th week,0.0,4,,,,
KASKAZINI B,Mahonda,2021,6,1st week,16.6,1,,,,
KASKAZINI B,Mahonda,2021,6,2nd week,0.0,2,,,,
KASKAZINI B,Mahonda,2021,6,3rd week,4.4,3,,,,
KASKAZINI B,Mahonda,2021,6,4th week,13.6,4,,,,
KASKAZINI B,Mahonda,2021,7,1st week,1.6,1,,,,
KASKAZINI B,Mahonda,2021,7,2nd week,17.2,2,,,,
KASKAZINI B,Mahonda,2021,7,3rd week,2.0,3,,,,
KASKAZINI B,Mahonda,2021,7,4th week,4.8,4,,,,
KASKAZINI B,Mahonda,2021,8,1st week,5.9,1,,,,
KASKAZINI B,Mahonda,2021,8,2nd week,0.0,2,,,,
KASKAZINI B,Mahonda,2021,8,3rd week,40.900000000000006,3,,,,
KASKAZINI B,Mahonda,2021,8,4th week,9.6,4,,,,
KASKAZINI B,Mahonda,2021,9,1st week,0.0,1,,,,
KASKAZINI B,Mahonda,2021,9,2nd week,30.9,2,,,,
KASKAZINI B,Mahonda,2021,9,3rd week,1.2,3,,,,
KASKAZINI B,Mahonda,2021,9,4th week,24.2,4,,,,
KASKAZINI B,Mahonda,2021,10,1st week,2.2,1,,,,
KASKAZINI B,Mahonda,2021,10,2nd week,0.0,2,,,,
KASKAZINI B,Mahonda,2021,10,3rd week,22.7,3,,,,
KASKAZINI B,Mahonda,2021,10,4th week,5.0,4,,,,
KASKAZINI B,Mahonda,2021,11,1st week,3.4,1,,,,
KASKAZINI B,Mahonda,2021,11,2nd week,0.0,2,,,,
KASKAZINI B,Mahonda,2021,11,3rd week,5.4,3,,,,
KASKAZINI B,Mahonda,2021,11,4th week,0.0,4,,,,
KASKAZINI B,Mahonda,2021,12,1st week,93.6,1,,,,
KASKAZINI B,Mahonda,2021,12,2nd week,60.2,2,,,,
KASKAZINI B,Mahonda,2021,12,3rd week,25.8,3,,,,
KASKAZINI B,Mahonda,2021,12,4th week,70.2,4,,,,
KASKAZINI B,Mahonda,2022,1,1st week,0.0,1,,,,
KASKAZINI B,Mahonda,2022,1,2nd week,0.0,2,,,,
KASKAZINI B,Mahonda,2022,1,3rd week,82.5,3,,,,
KASKAZINI B,Mahonda,2022,1,4th week,23.9,4,,,,
KASKAZINI B,Mahonda,2022,2,1st week,64.5,1,,,,
KASKAZINI B,Mahonda,2022,2,2nd week,4.5,2,,,,
KASKAZINI B,Mahonda,2022,2,3rd week,52.0,3,,,,
KASKAZINI B,Mahonda,2022,2,4th week,14.8,4,,,,
KASKAZINI B,Mahonda,2022,3,1st week,0.0,1,,,,
KASKAZINI B,Mahonda,2022,3,2nd week,0.0,2,,,,
KASKAZINI B,Mahonda,2022,3,3rd week,0.0,3,,,,
KASKAZINI B,Mahonda,2022,3,4th week,24.700000000000003,4,,,,
KASKAZINI B,Mahonda,2022,4,1st week,22.3,1,,,,
KASKAZINI B,Mahonda,2022,4,2nd week,45.3,2,,,,
KASKAZINI B,Mahonda,2022,4,3rd week,91.1,3,,,,
KASKAZINI B,Mahonda,2022,4,4th week,146.00000000000003,4,,,,
KASKAZINI B,Mahonda,2022,5,1st week,32.3,1,,,,
KASKAZINI B,Mahonda,2022,5,2nd week,0.0,2,,,,
KASKAZINI B,Mahonda,2022,5,3rd week,3.7,3,,,,
KASKAZINI B,Mahonda,2022,5,4th week,7.0,4,,,,
KASKAZINI B,Mahonda,2022,6,1st week,31.5,1,,,,
KASKAZINI B,Mahonda,2022,6,2nd week,0.0,2,,,,
KASKAZINI B,Mahonda,2022,6,3rd week,0.0,3,,,,
KASKAZINI B,Mahonda,2022,6,4th week,18.8,4,,,,
KASKAZINI B,Mahonda,2022,7,1st week,2.8,1,,,,
KASKAZINI B,Mahonda,2022,7,2nd week,13.599999999999998,2,,,,
KASKAZINI B,Mahonda,2022,7,3rd week,16.8,3,,,,
KASKAZINI B,Mahonda,2022,7,4th week,8.3,4,,,,
KASKAZINI B,Mahonda,2022,8,1st week,0.0,1,,,,
KASKAZINI B,Mahonda,2022,8,2nd week,18.4,2,,,,
KASKAZINI B,Mahonda,2022,8,3rd week,2.3,3,,,,
KASKAZINI B,Mahonda,2022,8,4th week,7.4,4,,,,
KASKAZINI B,Mahonda,2022,9,1st week,1.2,1,,,,
KASKAZINI B,Mahonda,2022,9,2nd week,6.0,2,,,,
KASKAZINI B,Mahonda,2022,9,3rd week,4.6,3,,,,
KASKAZINI B,Mahonda,2022,9,4th week,7.3,4,,,,
KASKAZINI B,Mahonda,2022,10,1st week,1.9,1,,,,
KASKAZINI B,Mahonda,2022,10,2nd week,3.9,2,,,,
KASKAZINI B,Mahonda,2022,10,3rd week,7.300000000000001,3,,,,
KASKAZINI B,Mahonda,2022,10,4th week,2.5,4,,,,
KASKAZINI B,Mahonda,2022,11,1st week,28.0,1,,,,
KASKAZINI B,Mahonda,2022,11,2nd week,0.0,2,,,,
KASKAZINI B,Mahonda,2022,11,3rd week,26.3,3,,,,
KASKAZINI B,Mahonda,2022,11,4th week,39.0,4,,,,
KASKAZINI B,Mahonda,2022,12,1st week,0.0,1,,,,
KASKAZINI B,Mahonda,2022,12,2nd week,2.4,2,,,,
KASKAZINI B,Mahonda,2022,12,3rd week,26.6,3,,,,
KASKAZINI B,Mahonda,2022,12,4th week,67.7,4,,,,
KASKAZINI B,Mahonda,2023,1,1st week,0.0,1,,,,
KASKAZINI B,Mahonda,2023,1,2nd week,0.0,2,,,,
KASKAZINI B,Mahonda,2023,1,3rd week,2.5,3,,,,
KASKAZINI B,Mahonda,2023,1,4th week,5.1,4,,,,
KASKAZINI B,Mahonda,2023,2,1st week,0.0,1,,,,
KASKAZINI B,Mahonda,2023,2,2nd week,2.1,2,,,,
KASKAZINI B,Mahonda,2023,2,3rd week,0.0,3,,,,
KASKAZINI B,Mahonda,2023,2,4th week,0.0,4,,,,
KASKAZINI B,Mahonda,2023,3,1st week,0.0,1,,,,
KASKAZINI B,Mahonda,2023,3,2nd week,0.0,2,,,,
KASKAZINI B,Mahonda,2023,3,3rd week,93.8,3,,,,
KASKAZINI B,Mahonda,2023,3,4th week,8.3,4,,,,
KASKAZINI B,Mahonda,2023,4,1st week,33.1,1,,,,
KASKAZINI B,Mahonda,2023,4,2nd week,42.6,2,,,,
KASKAZINI B,Mahonda,2023,4,3rd week,104.2,3,,,,
KASKAZINI B,Mahonda,2023,4,4th week,109.8,4,,,,
KASKAZINI B,Mahonda,2023,5,1st week,21.7,1,,,,
KASKAZINI B,Mahonda,2023,5,2nd week,88.3,2,,,,
KASKAZINI B,Mahonda,2023,5,3rd week,3.7,3,,,,
KASKAZINI B,Mahonda,2023,5,4th week,43.8,4,,,,
KASKAZINI B,Mahonda,2023,6,1st week,56.3,1,,,,
KASKAZINI B,Mahonda,2023,6,2nd week,2.8,2,,,,
KASKAZINI B,Mahonda,2023,6,3rd week,5.9,3,,,,
KASKAZINI B,Mahonda,2023,6,4th week,0.0,4,,,,
KASKAZINI B,Mahonda,2023,7,1st week,13.4,1,,,,
KASKAZINI B,Mahonda,2023,7,2nd week,0.0,2,,,,
KASKAZINI B,Mahonda,2023,7,3rd week,0.0,3,,,,
KASKAZINI B,Mahonda,2023,7,4th week,29.3,4,,,,
KASKAZINI B,Mahonda,2023,8,1st week,9.5,1,,,,
KASKAZINI B,Mahonda,2023,8,2nd week,7.3,2,,,,
KASKAZINI B,Mahonda,2023,8,3rd week,3.7,3,,,,
KASKAZINI B,Mahonda,2023,8,4th week,9.3,4,,,,
KASKAZINI B,Mahonda,2023,9,1st week,19.3,1,,,,
KASKAZINI B,Mahonda,2023,9,2nd week,7.7,2,,,,
KASKAZINI B,Mahonda,2023,9,3rd week,18.2,3,,,,
KASKAZINI B,Mahonda,2023,9,4th week,27.8,4,,,,
KASKAZINI B,Mahonda,2023,10,1st week,26.8,1,,,,
KASKAZINI B,Mahonda,2023,10,2nd week,0.0,2,,,,
KASKAZINI B,Mahonda,2023,10,3rd week,0.0,3,,,,
KASKAZINI B,Mahonda,2023,10,4th week,66.9,4,,,,
KASKAZINI B,Mahonda,2023,11,1st week,302.2,1,,,,
KASKAZINI B,Mahonda,2023,11,2nd week,126.7,2,,,,
KASKAZINI B,Mahonda,2023,11,3rd week,82.6,3,,,,
KASKAZINI B,Mahonda,2023,11,4th week,57.3,4,,,,
KASKAZINI B,Mahonda,2023,12,1st week,23.9,1,,,,
KASKAZINI B,Mahonda,2023,12,2nd week,56.5,2,,,,
KASKAZINI B,Mahonda,2023,12,3rd week,51.4,3,,,,
KASKAZINI B,Mahonda,2023,12,4th week,12.0,4,,,,
KUSINI,Makunduchi,2018,1,1st week,63.1,1,,,,
KUSINI,Makunduchi,2018,1,2nd week,4.1,2,,,,
KUSINI,Makunduchi,2018,1,3rd week,0.0,3,,,,
KUSINI,Makunduchi,2018,1,4th week,0.0,4,,,,
KUSINI,Makunduchi,2018,2,1st week,0.0,1,,,,
KUSINI,Makunduchi,2018,2,2nd week,0.0,2,,,,
KUSINI,Makunduchi,2018,2,3rd week,0.0,3,,,,
KUSINI,Makunduchi,2018,2,4th week,0.0,4,,,,
KUSINI,Makunduchi,2018,3,1st week,30.6,1,,,,
KUSINI,Makunduchi,2018,3,2nd week,6.5,2,,,,
KUSINI,Makunduchi,2018,3,3rd week,10.0,3,,,,
KUSINI,Makunduchi,2018,3,4th week,61.8,4,,,,
KUSINI,Makunduchi,2018,4,1st week,112.6,1,,,,
KUSINI,Makunduchi,2018,4,2nd week,96.9,2,,,,
KUSINI,Makunduchi,2018,4,3rd week,244.6,3,,,,
KUSINI,Makunduchi,2018,4,4th week,20.1,4,,,,
KUSINI,Makunduchi,2018,5,1st week,454.5,1,,,,
KUSINI,Makunduchi,2018,5,2nd week,209.3,2,,,,
KUSINI,Makunduchi,2018,5,3rd week,76.7,3,,,,
KUSINI,Makunduchi,2018,5,4th week,119.6,4,,,,
KUSINI,Makunduchi,2018,6,1st week,13.7,1,,,,
KUSINI,Makunduchi,2018,6,2nd week,12.6,2,,,,
KUSINI,Makunduchi,2018,6,3rd week,0.0,3,,,,
KUSINI,Makunduchi,2018,6,4th week,0.0,4,,,,
KUSINI,Makunduchi,2018,7,1st week,92.6,1,,,,
KUSINI,Makunduchi,2018,7,2nd week,4.6,2,,,,
KUSINI,Makunduchi,2018,7,3rd week,0.0,3,,,,
KUSINI,Makunduchi,2018,7,4th week,5.5,4,,,,
KUSINI,Makunduchi,2018,8,1st week,0.0,1,,,,
KUSINI,Makunduchi,2018,8,2nd week,0.0,2,,,,
KUSINI,Makunduchi,2018,8,3rd week,0.0,3,,,,
KUSINI,Makunduchi,2018,8,4th week,12.0,4,,,,
KUSINI,Makunduchi,2018,9,1st week,11.1,1,,,,
KUSINI,Makunduchi,2018,9,2nd week,0.0,2,,,,
KUSINI,Makunduchi,2018,9,3rd week,20.5,3,,,,
KUSINI,Makunduchi,2018,9,4th week,5.7,4,,,,
KUSINI,Makunduchi,2018,10,1st week,0.0,1,,,,
KUSINI,Makunduchi,2018,10,2nd week,0.0,2,,,,
KUSINI,Makunduchi,2018,10,3rd week,0.0,3,,,,
KUSINI,Makunduchi,2018,10,4th week,46.7,4,,,,
KUSINI,Makunduchi,2018,11,1st week,0.0,1,,,,
KUSINI,Makunduchi,2018,11,2nd week,0.0,2,,,,
KUSINI,Makunduchi,2018,11,3rd week,31.200000000000003,3,,,,
KUSINI,Makunduchi,2018,11,4th week,33.4,4,,,,
KUSINI,Makunduchi,2018,12,1st week,0.0,1,,,,
KUSINI,Makunduchi,2018,12,2nd week,41.3,2,,,,
KUSINI,Makunduchi,2018,12,3rd week,35.8,3,,,,
KUSINI,Makunduchi,2018,12,4th week,0.0,4,,,,
KUSINI,Makunduchi,2019,1,1st week,10.8,1,,,,
KUSINI,Makunduchi,2019,1,2nd week,0.0,2,,,,
KUSINI,Makunduchi,2019,1,3rd week,0.0,3,,,,
KUSINI,Makunduchi,2019,1,4th week,0.0,4,,,,
KUSINI,Makunduchi,2019,2,1st week,0.0,1,,,,
KUSINI,Makunduchi,2019,2,2nd week,0.0,2,,,,
KUSINI,Makunduchi,2019,2,3rd week,0.0,3,,,,
KUSINI,Makunduchi,2019,2,4th week,25.4,4,,,,
KUSINI,Makunduchi,2019,3,1st week,20.7,1,,,,
KUSINI,Makunduchi,2019,3,2nd week,0.0,2,,,,
KUSINI,Makunduchi,2019,3,3rd week,0.0,3,,,,
KUSINI,Makunduchi,2019,3,4th week,25.0,4,,,,
KUSINI,Makunduchi,2019,4,1st week,160.39999999999998,1,,,,
KUSINI,Makunduchi,2019,4,2nd week,90.0,2,,,,
KUSINI,Makunduchi,2019,4,3rd week,0.0,3,,,,
KUSINI,Makunduchi,2019,4,4th week,31.5,4,,,,
KUSINI,Makunduchi,2019,5,1st week,199.4,1,,,,
KUSINI,Makunduchi,2019,5,2nd week,237.1,2,,,,
KUSINI,Makunduchi,2019,5,3rd week,52.2,3,,,,
KUSINI,Makunduchi,2019,5,4th week,141.9,4,,,,
KUSINI,Makunduchi,2019,6,1st week,0.0,1,,,,
KUSINI,Makunduchi,2019,6,2nd week,0.0,2,,,,
KUSINI,Makunduchi,2019,6,3rd week,0.0,3,,,,
KUSINI,Makunduchi,2019,6,4th week,0.0,4,,,,
KUSINI,Makunduchi,2019,7,1st week,0.0,1,,,,
KUSINI,Makunduchi,2019,7,2nd week,3.5,2,,,,
KUSINI,Makunduchi,2019,7,3rd week,4.4,3,,,,
KUSINI,Makunduchi,2019,7,4th week,0.0,4,,,,
KUSINI,Makunduchi,2019,8,1st week,16.0,1,,,,
KUSINI,Makunduchi,2019,8,2nd week,0.0,2,,,,
KUSINI,Makunduchi,2019,8,3rd week,0.0,3,,,,
KUSINI,Makunduchi,2019,8,4th week,0.0,4,,,,
KUSINI,Makunduchi,2019,9,1st week,0.0,1,,,,
KUSINI,Makunduchi,2019,9,2nd week,0.0,2,,,,
KUSINI,Makunduchi,2019,9,3rd week,0.0,3,,,,
KUSINI,Makunduchi,2019,9,4th week,6.2,4,,,,
KUSINI,Makunduchi,2019,10,1st week,46.4,1,,,,
KUSINI,Makunduchi,2019,10,2nd week,157.0,2,,,,
KUSINI,Makunduchi,2019,10,3rd week,54.6,3,,,,
KUSINI,Makunduchi,2019,10,4th week,19.2,4,,,,
KUSINI,Makunduchi,2019,11,1st week,35.1,1,,,,
KUSINI,Makunduchi,2019,11,2nd week,32.4,2,,,,
KUSINI,Makunduchi,2019,11,3rd week,30.0,3,,,,
KUSINI,Makunduchi,2019,11,4th week,18.5,4,,,,
KUSINI,Makunduchi,2019,12,1st week,75.2,1,,,,
KUSINI,Makunduchi,2019,12,2nd week,8.9,2,,,,
KUSINI,Makunduchi,2019,12,3rd week,235.3,3,,,,
KUSINI,Makunduchi,2019,12,4th week,2.7,4,,,,
KUSINI,Makunduchi,2020,1,1st week,61.7,1,,,,
KUSINI,Makunduchi,2020,1,2nd week,0.0,2,,,,
KUSINI,Makunduchi,2020,1,3rd week,10.5,3,,,,
KUSINI,Makunduchi,2020,1,4th week,62.4,4,,,,
KUSINI,Makunduchi,2020,2,1st week,66.7,1,,,,
KUSINI,Makunduchi,2020,2,2nd week,34.4,2,,,,
KUSINI,Makunduchi,2020,2,3rd week,0.0,3,,,,
KUSINI,Makunduchi,2020,2,4th week,0.0,4,,,,
KUSINI,Makunduchi,2020,3,1st week,41.5,1,,,,
KUSINI,Makunduchi,2020,3,2nd week,101.1,2,,,,
KUSINI,Makunduchi,2020,3,3rd week,40.6,3,,,,
KUSINI,Makunduchi,2020,3,4th week,8.4,4,,,,
KUSINI,Makunduchi,2020,4,1st week,92.5,1,,,,
KUSINI,Makunduchi,2020,4,2nd week,271.5,2,,,,
KUSINI,Makunduchi,2020,4,3rd week,273.2,3,,,,
KUSINI,Makunduchi,2020,4,4th week,232.9,4,,,,
KUSINI,Makunduchi,2020,5,1st week,179.5,1,,,,
KUSINI,Makunduchi,2020,5,2nd week,9.6,2,,,,
KUSINI,Makunduchi,2020,5,3rd week,86.9,3,,,,
KUSINI,Makunduchi,2020,5,4th week,0.0,4,,,,
KUSINI,Makunduchi,2020,6,1st week,0.0,1,,,,
KUSINI,Makunduchi,2020,6,2nd week,22.2,2,,,,
KUSINI,Makunduchi,2020,6,3rd week,0.0,3,,,,
KUSINI,Makunduchi,2020,6,4th week,18.5,4,,,,
KUSINI,Makunduchi,2020,7,1st week,15.8,1,,,,
KUSINI,Makunduchi,2020,7,2nd week,18.3,2,,,,
KUSINI,Makunduchi,2020,7,3rd week,29.1,3,,,,
KUSINI,Makunduchi,2020,7,4th week,0.0,4,,,,
KUSINI,Makunduchi,2020,8,1st week,5.6,1,,,,
KUSINI,Makunduchi,2020,8,2nd week,0.0,2,,,,
KUSINI,Makunduchi,2020,8,3rd week,19.5,3,,,,
KUSINI,Makunduchi,2020,8,4th week,3.2,4,,,,
KUSINI,Makunduchi,2020,9,1st week,0.0,1,,,,
KUSINI,Makunduchi,2020,9,2nd week,0.0,2,,,,
KUSINI,Makunduchi,2020,9,3rd week,0.0,3,,,,
KUSINI,Makunduchi,2020,9,4th week,8.3,4,,,,
KUSINI,Makunduchi,2020,10,1st week,0.0,1,,,,
KUSINI,Makunduchi,2020,10,2nd week,2.3,2,,,,
KUSINI,Makunduchi,2020,10,3rd week,30.0,3,,,,
KUSINI,Makunduchi,2020,10,4th week,13.6,4,,,,
KUSINI,Makunduchi,2020,11,1st week,0.0,1,,,,
KUSINI,Makunduchi,2020,11,2nd week,82.6,2,,,,
KUSINI,Makunduchi,2020,11,3rd week,23.3,3,,,,
KUSINI,Makunduchi,2020,11,4th week,15.1,4,,,,
KUSINI,Makunduchi,2020,12,1st week,0.0,1,,,,
KUSINI,Makunduchi,2020,12,2nd week,0.0,2,,,,
KUSINI,Makunduchi,2020,12,3rd week,0.0,3,,,,
KUSINI,Makunduchi,2020,12,4th week,0.0,4,,,,
KUSINI,Makunduchi,2021,1,1st week,0.0,1,,,,
KUSINI,Makunduchi,2021,1,2nd week,100.5,2,,,,
KUSINI,Makunduchi,2021,1,3rd week,0.0,3,,,,
KUSINI,Makunduchi,2021,1,4th week,0.0,4,,,,
KUSINI,Makunduchi,2021,2,1st week,0.0,1,,,,
KUSINI,Makunduchi,2021,2,2nd week,55.9,2,,,,
KUSINI,Makunduchi,2021,2,3rd week,0.0,3,,,,
KUSINI,Makunduchi,2021,2,4th week,5.5,4,,,,
KUSINI,Makunduchi,2021,3,1st week,0.0,1,,,,
KUSINI,Makunduchi,2021,3,2nd week,0.0,2,,,,
KUSINI,Makunduchi,2021,3,3rd week,32.1,3,,,,
KUSINI,Makunduchi,2021,3,4th week,18.2,4,,,,
KUSINI,Makunduchi,2021,4,1st week,61.0,1,,,,
KUSINI,Makunduchi,2021,4,2nd week,189.0,2,,,,
KUSINI,Makunduchi,2021,4,3rd week,117.3,3,,,,
KUSINI,Makunduchi,2021,4,4th week,72.4,4,,,,
KUSINI,Makunduchi,2021,5,1st week,169.9,1,,,,
KUSINI,Makunduchi,2021,5,2nd week,0.0,2,,,,
KUSINI,Makunduchi,2021,5,3rd week,18.6,3,,,,
KUSINI,Makunduchi,2021,5,4th week,0.0,4,,,,
KUSINI,Makunduchi,2021,6,1st week,18.9,1,,,,
KUSINI,Makunduchi,2021,6,2nd week,0.0,2,,,,
KUSINI,Makunduchi,2021,6,3rd week,14.4,3,,,,
KUSINI,Makunduchi,2021,6,4th week,6.3,4,,,,
KUSINI,Makunduchi,2021,7,1st week,0.0,1,,,,
KUSINI,Makunduchi,2021,7,2nd week,44.4,2,,,,
KUSINI,Makunduchi,2021,7,3rd week,0.0,3,,,,
KUSINI,Makunduchi,2021,7,4th week,0.0,4,,,,
KUSINI,Makunduchi,2021,8,1st week,0.0,1,,,,
KUSINI,Makunduchi,2021,8,2nd week,7.4,2,,,,
KUSINI,Makunduchi,2021,8,3rd week,12.7,3,,,,
KUSINI,Makunduchi,2021,8,4th week,8.4,4,,,,
KUSINI,Makunduchi,2021,9,1st week,0.0,1,,,,
KUSINI,Makunduchi,2021,9,2nd week,11.0,2,,,,
KUSINI,Makunduchi,2021,9,3rd week,1.2,3,,,,
KUSINI,Makunduchi,2021,9,4th week,0.0,4,,,,
KUSINI,Makunduchi,2021,10,1st week,0.0,1,,,,
KUSINI,Makunduchi,2021,10,2nd week,0.0,2,,,,
KUSINI,Makunduchi,2021,10,3rd week,0.0,3,,,,
KUSINI,Makunduchi,2021,10,4th week,9.5,4,,,,
KUSINI,Makunduchi,2021,11,1st week,0.0,1,,,,
KUSINI,Makunduchi,2021,11,2nd week,0.0,2,,,,
KUSINI,Makunduchi,2021,11,3rd week,0.0,3,,,,
KUSINI,Makunduchi,2021,11,4th week,12.2,4,,,,
KUSINI,Makunduchi,2021,12,1st week,40.5,1,,,,
KUSINI,Makunduchi,2021,12,2nd week,36.1,2,,,,
KUSINI,Makunduchi,2021,12,3rd week,38.0,3,,,,
KUSINI,Makunduchi,2021,12,4th week,0.0,4,,,,
KUSINI,Makunduchi,2022,1,1st week,0.0,1,,,,
KUSINI,Makunduchi,2022,1,2nd week,0.0,2,,,,
KUSINI,Makunduchi,2022,1,3rd week,41.9,3,,,,
KUSINI,Makunduchi,2022,1,4th week,44.1,4,,,,
KUSINI,Makunduchi,2022,2,1st week,30.1,1,,,,
KUSINI,Makunduchi,2022,2,2nd week,12.8,2,,,,
KUSINI,Makunduchi,2022,2,3rd week,11.3,3,,,,
KUSINI,Makunduchi,2022,2,4th week,46.6,4,,,,
KUSINI,Makunduchi,2022,3,1st week,0.0,1,,,,
KUSINI,Makunduchi,2022,3,2nd week,0.0,2,,,,
KUSINI,Makunduchi,2022,3,3rd week,2.3,3,,,,
KUSINI,Makunduchi,2022,3,4th week,0.0,4,,,,
KUSINI,Makunduchi,2022,4,1st week,0.0,1,,,,
KUSINI,Makunduchi,2022,4,2nd week,82.4,2,,,,
KUSINI,Makunduchi,2022,4,3rd week,123.0,3,,,,
KUSINI,Makunduchi,2022,4,4th week,83.7,4,,,,
KUSINI,Makunduchi,2022,5,1st week,76.0,1,,,,
KUSINI,Makunduchi,2022,5,2nd week,0.0,2,,,,
KUSINI,Makunduchi,2022,5,3rd week,0.0,3,,,,
KUSINI,Makunduchi,2022,5,4th week,32.2,4,,,,
KUSINI,Makunduchi,2022,6,1st week,80.1,1,,,,
KUSINI,Makunduchi,2022,6,2nd week,0.0,2,,,,
KUSINI,Makunduchi,2022,6,3rd week,0.0,3,,,,
KUSINI,Makunduchi,2022,6,4th week,0.0,4,,,,
KUSINI,Makunduchi,2022,7,1st week,26.5,1,,,,
KUSINI,Makunduchi,2022,7,2nd week,12.8,2,,,,
KUSINI,Makunduchi,2022,7,3rd week,35.3,3,,,,
KUSINI,Makunduchi,2022,7,4th week,0.0,4,,,,
KUSINI,Makunduchi,2022,8,1st week,0.0,1,,,,
KUSINI,Makunduchi,2022,8,2nd week,1.5,2,,,,
KUSINI,Makunduchi,2022,8,3rd week,9.5,3,,,,
KUSINI,Makunduchi,2022,8,4th week,0.0,4,,,,
KUSINI,Makunduchi,2022,9,1st week,0.0,1,,,,
KUSINI,Makunduchi,2022,9,2nd week,0.0,2,,,,
KUSINI,Makunduchi,2022,9,3rd week,0.0,3,,,,
KUSINI,Makunduchi,2022,9,4th week,0.0,4,,,,
KUSINI,Makunduchi,2022,10,1st week,0.0,1,,,,
KUSINI,Makunduchi,2022,10,2nd week,0.0,2,,,,
KUSINI,Makunduchi,2022,10,3rd week,0.0,3,,,,
KUSINI,Makunduchi,2022,10,4th week,0.0,4,,,,
KUSINI,Makunduchi,2022,11,1st week,0.0,1,,,,
KUSINI,Makunduchi,2022,11,2nd week,0.0,2,,,,
KUSINI,Makunduchi,2022,11,3rd week,22.7,3,,,,
KUSINI,Makunduchi,2022,11,4th week,36.6,4,,,,
KUSINI,Makunduchi,2022,12,1st week,0.0,1,,,,
KUSINI,Makunduchi,2022,12,2nd week,0.0,2,,,,
KUSINI,Makunduchi,2022,12,3rd week,0.0,3,,,,
KUSINI,Makunduchi,2022,12,4th week,13.3,4,,,,
KUSINI,Makunduchi,2023,1,1st week,9.4,1,,,,
KUSINI,Makunduchi,2023,1,2nd week,0.0,2,,,,
KUSINI,Makunduchi,2023,1,3rd week,6.6,3,,,,
KUSINI,Makunduchi,2023,1,4th week,0.0,4,,,,
KUSINI,Makunduchi,2023,2,1st week,28.9,1,,,,
KUSINI,Makunduchi,2023,2,2nd week,38.9,2,,,,
KUSINI,Makunduchi,2023,2,3rd week,0.0,3,,,,
KUSINI,Makunduchi,2023,2,4th week,0.0,4,,,,
KUSINI,Makunduchi,2023,3,1st week,3.3,1,,,,
KUSINI,Makunduchi,2023,3,2nd week,30.5,2,,,,
KUSINI,Makunduchi,2023,3,3rd week,16.5,3,,,,
KUSINI,Makunduchi,2023,3,4th week,25.2,4,,,,
KUSINI,Makunduchi,2023,4,1st week,38.2,1,,,,
KUSINI,Makunduchi,2023,4,2nd week,57.900000000000006,2,,,,
KUSINI,Makunduchi,2023,4,3rd week,151.1,3,,,,
KUSINI,Makunduchi,2023,4,4th week,150.6,4,,,,
KUSINI,Makunduchi,2023,5,1st week,86.3,1,,,,
KUSINI,Makunduchi,2023,5,2nd week,30.5,2,,,,
KUSINI,Makunduchi,2023,5,3rd week,16.5,3,,,,
KUSINI,Makunduchi,2023,5,4th week,25.2,4,,,,
KUSINI,Makunduchi,2023,6,1st week,68.0,1,,,,
KUSINI,Makunduchi,2023,6,2nd week,0.0,2,,,,
KUSINI,Makunduchi,2023,6,3rd week,0.0,3,,,,
KUSINI,Makunduchi,2023,6,4th week,22.6,4,,,,
KUSINI,Makunduchi,2023,7,1st week,62.5,1,,,,
KUSINI,Makunduchi,2023,7,2nd week,0.0,2,,,,
KUSINI,Makunduchi,2023,7,3rd week,0.0,3,,,,
KUSINI,Makunduchi,2023,7,4th week,0.0,4,,,,
KUSINI,Makunduchi,2023,8,1st week,0.0,1,,,,
KUSINI,Makunduchi,2023,8,2nd week,10.5,2,,,,
KUSINI,Makunduchi,2023,8,3rd week,28.3,3,,,,
KUSINI,Makunduchi,2023,8,4th week,0.0,4,,,,
KUSINI,Makunduchi,2023,9,1st week,0.0,1,,,,
KUSINI,Makunduchi,2023,9,2nd week,0.0,2,,,,
KUSINI,Makunduchi,2023,9,3rd week,0.0,3,,,,
KUSINI,Makunduchi,2023,9,4th week,0.0,4,,,,
KUSINI,Makunduchi,2023,10,1st week,18.0,1,,,,
KUSINI,Makunduchi,2023,10,2nd week,0.0,2,,,,
KUSINI,Makunduchi,2023,10,3rd week,0.0,3,,,,
KUSINI,Makunduchi,2023,10,4th week,0.0,4,,,,
KUSINI,Makunduchi,2023,11,1st week,77.7,1,,,,
KUSINI,Makunduchi,2023,11,2nd week,97.8,2,,,,
KUSINI,Makunduchi,2023,11,3rd week,42.7,3,,,,
KUSINI,Makunduchi,2023,11,4th week,16.1,4,,,,
KUSINI,Makunduchi,2023,12,1st week,23.200000000000003,1,,,,
KUSINI,Makunduchi,2023,12,2nd week,19.6,2,,,,
KUSINI,Makunduchi,2023,12,3rd week,7.4,3,,,,
KUSINI,Makunduchi,2023,12,4th week,30.1,4,,,,
MAGHARIBI  A,KIZIMBANI-Zanzibar,2018,1,1st week,11.8,1,,,UNKNOWN,71.0
MAGHARIBI  A,KIZIMBANI-Zanzibar,2018,1,2nd week,3.0,2,,,UNKNOWN,71.0
MAGHARIBI  A,KIZIMBANI-Zanzibar,2018,1,3rd week,0.0,3,,,UNKNOWN,71.0
MAGHARIBI  A,KIZIMBANI-Zanzibar,2018,1,4th week,0.0,4,,,UNKNOWN,71.0
MAGHARIBI  A,KIZIMBANI-Zanzibar,2018,2,1st week,0.0,1,,,UNKNOWN,63.0
MAGHARIBI  A,KIZIMBANI-Zanzibar,2018,2,2nd week,0.0,2,,,UNKNOWN,63.0
MAGHARIBI  A,KIZIMBANI-Zanzibar,2018,2,3rd week,15.5,3,,,UNKNOWN,63.0
MAGHARIBI  A,KIZIMBANI-Zanzibar,2018,2,4th week,0.0,4,,,UNKNOWN,63.0
MAGHARIBI  A,KIZIMBANI-Zanzibar,2018,3,1st week,5.199999999999999,1,,,UNKNOWN,69.0
MAGHARIBI  A,KIZIMBANI-Zanzibar,2018,3,2nd week,32.1,2,,,UNKNOWN,69.0
MAGHARIBI  A,KIZIMBANI-Zanzibar,2018,3,3rd week,53.3,3,,,UNKNOWN,69.0
MAGHARIBI  A,KIZIMBANI-Zanzibar,2018,3,4th week,89.7,4,,,UNKNOWN,69.0
MAGHARIBI  A,KIZIMBANI-Zanzibar,2018,4,1st week,148.29999999999998,1,,,UNKNOWN,88.0
MAGHARIBI  A,KIZIMBANI-Zanzibar,2018,4,2nd week,68.0,2,,,UNKNOWN,88.0
MAGHARIBI  A,KIZIMBANI-Zanzibar,2018,4,3rd week,206.7,3,,,UNKNOWN,88.0
MAGHARIBI  A,KIZIMBANI-Zanzibar,2018,4,4th week,0.0,4,,,UNKNOWN,88.0
MAGHARIBI  A,KIZIMBANI-Zanzibar,2018,5,1st week,218.2,1,,,UNKNOWN,86.0
MAGHARIBI  A,KIZIMBANI-Zanzibar,2018,5,2nd week,220.3,2,,,UNKNOWN,86.0
MAGHARIBI  A,KIZIMBANI-Zanzibar,2018,5,3rd week,58.8,3,,,UNKNOWN,86.0
MAGHARIBI  A,KIZIMBANI-Zanzibar,2018,5,4th week,43.9,4,,,UNKNOWN,86.0
MAGHARIBI  A,KIZIMBANI-Zanzibar,2018,6,1st week,0.0,1,,,UNKNOWN,63.0
MAGHARIBI  A,KIZIMBANI-Zanzibar,2018,6,2nd week,23.500000000000004,2,,,UNKNOWN,63.0
MAGHARIBI  A,KIZIMBANI-Zanzibar,2018,6,3rd week,0.0,3,,,UNKNOWN,63.0
MAGHARIBI  A,KIZIMBANI-Zanzibar,2018,6,4th week,5.5,4,,,UNKNOWN,63.0
MAGHARIBI  A,KIZIMBANI-Zanzibar,2018,7,1st week,71.3,1,,,UNKNOWN,62.0
MAGHARIBI  A,KIZIMBANI-Zanzibar,2018,7,2nd week,4.0,2,,,UNKNOWN,62.0
MAGHARIBI  A,KIZIMBANI-Zanzibar,2018,7,3rd week,0.0,3,,,UNKNOWN,62.0
MAGHARIBI  A,KIZIMBANI-Zanzibar,2018,7,4th week,3.5,4,,,UNKNOWN,62.0
MAGHARIBI  A,KIZIMBANI-Zanzibar,2018,8,1st week,0.0,1,,,UNKNOWN,69.0
MAGHARIBI  A,KIZIMBANI-Zanzibar,2018,8,2nd week,3.2,2,,,UNKNOWN,69.0
MAGHARIBI  A,KIZIMBANI-Zanzibar,2018,8,3rd week,1.0,3,,,UNKNOWN,69.0
MAGHARIBI  A,KIZIMBANI-Zanzibar,2018,8,4th week,20.3,4,,,UNKNOWN,69.0
MAGHARIBI  A,KIZIMBANI-Zanzibar,2018,9,1st week,7.1,1,,,UNKNOWN,59.0
MAGHARIBI  A,KIZIMBANI-Zanzibar,2018,9,2nd week,3.8,2,,,UNKNOWN,59.0
MAGHARIBI  A,KIZIMBANI-Zanzibar,2018,9,3rd week,26.3,3,,,UNKNOWN,59.0
MAGHARIBI  A,KIZIMBANI-Zanzibar,2018,9,4th week,9.6,4,,,UNKNOWN,59.0
MAGHARIBI  A,KIZIMBANI-Zanzibar,2018,10,1st week,18.4,1,,,UNKNOWN,69.0
MAGHARIBI  A,KIZIMBANI-Zanzibar,2018,10,2nd week,0.0,2,,,UNKNOWN,69.0
MAGHARIBI  A,KIZIMBANI-Zanzibar,2018,10,3rd week,12.9,3,,,UNKNOWN,69.0
MAGHARIBI  A,KIZIMBANI-Zanzibar,2018,10,4th week,47.2,4,,,UNKNOWN,69.0
MAGHARIBI  A,KIZIMBANI-Zanzibar,2018,11,1st week,0.0,1,,,UNKNOWN,71.0
MAGHARIBI  A,KIZIMBANI-Zanzibar,2018,11,2nd week,4.9,2,,,UNKNOWN,71.0
MAGHARIBI  A,KIZIMBANI-Zanzibar,2018,11,3rd week,41.4,3,,,UNKNOWN,71.0
MAGHARIBI  A,KIZIMBANI-Zanzibar,2018,11,4th week,28.8,4,,,UNKNOWN,71.0
MAGHARIBI  A,KIZIMBANI-Zanzibar,2018,12,1st week,10.1,1,,,UNKNOWN,69.0
MAGHARIBI  A,KIZIMBANI-Zanzibar,2018,12,2nd week,12.1,2,,,UNKNOWN,69.0
MAGHARIBI  A,KIZIMBANI-Zanzibar,2018,12,3rd week,27.7,3,,,UNKNOWN,69.0
MAGHARIBI  A,KIZIMBANI-Zanzibar,2018,12,4th week,0.0,4,,,UNKNOWN,69.0
MAGHARIBI  A,KIZIMBANI-Zanzibar,2019,1,1st week,8.600000000000001,1,,,UNKNOWN,68.0
MAGHARIBI  A,KIZIMBANI-Zanzibar,2019,1,2nd week,0.0,2,,,UNKNOWN,68.0
MAGHARIBI  A,KIZIMBANI-Zanzibar,2019,1,3rd week,12.9,3,,,UNKNOWN,68.0
MAGHARIBI  A,KIZIMBANI-Zanzibar,2019,1,4th week,0.0,4,,,UNKNOWN,68.0
MAGHARIBI  A,KIZIMBANI-Zanzibar,2019,2,1st week,0.0,1,,,UNKNOWN,72.0
MAGHARIBI  A,KIZIMBANI-Zanzibar,2019,2,2nd week,10.0,2,,,UNKNOWN,72.0
MAGHARIBI  A,KIZIMBANI-Zanzibar,2019,2,3rd week,2.6,3,,,UNKNOWN,72.0
MAGHARIBI  A,KIZIMBANI-Zanzibar,2019,2,4th week,32.8,4,,,UNKNOWN,72.0
MAGHARIBI  A,KIZIMBANI-Zanzibar,2019,3,1st week,12.9,1,,,UNKNOWN,77.0
MAGHARIBI  A,KIZIMBANI-Zanzibar,2019,3,2nd week,0.0,2,,,UNKNOWN,77.0
MAGHARIBI  A,KIZIMBANI-Zanzibar,2019,3,3rd week,0.0,3,,,UNKNOWN,77.0
MAGHARIBI  A,KIZIMBANI-Zanzibar,2019,3,4th week,8.2,4,,,UNKNOWN,77.0
MAGHARIBI  A,KIZIMBANI-Zanzibar,2019,4,1st week,112.6,1,,,UNKNOWN,86.0
MAGHARIBI  A,KIZIMBANI-Zanzibar,2019,4,2nd week,96.8,2,,,UNKNOWN,86.0
MAGHARIBI  A,KIZIMBANI-Zanzibar,2019,4,3rd week,19.2,3,,,UNKNOWN,86.0
MAGHARIBI  A,KIZIMBANI-Zanzibar,2019,4,4th week,1.6,4,,,UNKNOWN,86.0
MAGHARIBI  A,KIZIMBANI-Zanzibar,2019,5,1st week,319.0,1,,,UNKNOWN,87.0
MAGHARIBI  A,KIZIMBANI-Zanzibar,2019,5,2nd week,232.7,2,,,UNKNOWN,87.0
MAGHARIBI  A,KIZIMBANI-Zanzibar,2019,5,3rd week,54.7,3,,,UNKNOWN,87.0
MAGHARIBI  A,KIZIMBANI-Zanzibar,2019,5,4th week,158.29999999999998,4,,,UNKNOWN,87.0
MAGHARIBI  A,KIZIMBANI-Zanzibar,2019,6,1st week,0.0,1,,,UNKNOWN,80.0
MAGHARIBI  A,KIZIMBANI-Zanzibar,2019,6,2nd week,2.0,2,,,UNKNOWN,80.0
MAGHARIBI  A,KIZIMBANI-Zanzibar,2019,6,3rd week,0.0,3,,,UNKNOWN,80.0
MAGHARIBI  A,KIZIMBANI-Zanzibar,2019,6,4th week,0.0,4,,,UNKNOWN,80.0
MAGHARIBI  A,KIZIMBANI-Zanzibar,2019,7,1st week,2.7,1,,,UNKNOWN,76.0
MAGHARIBI  A,KIZIMBANI-Zanzibar,2019,7,2nd week,1.4,2,,,UNKNOWN,76.0
MAGHARIBI  A,KIZIMBANI-Zanzibar,2019,7,3rd week,35.8,3,,,UNKNOWN,76.0
MAGHARIBI  A,KIZIMBANI-Zanzibar,2019,7,4th week,0.0,4,,,UNKNOWN,76.0
MAGHARIBI  A,KIZIMBANI-Zanzibar,2019,8,1st week,16.7,1,,,UNKNOWN,78.0
MAGHARIBI  A,KIZIMBANI-Zanzibar,2019,8,2nd week,12.8,2,,,UNKNOWN,78.0
MAGHARIBI  A,KIZIMBANI-Zanzibar,2019,8,3rd week,9.6,3,,,UNKNOWN,78.0
MAGHARIBI  A,KIZIMBANI-Zanzibar,2019,8,4th week,9.1,4,,,UNKNOWN,78.0
MAGHARIBI  A,KIZIMBANI-Zanzibar,2019,9,1st week,5.9,1,,,UNKNOWN,88.0
MAGHARIBI  A,KIZIMBANI-Zanzibar,2019,9,2nd week,62.3,2,,,UNKNOWN,88.0
MAGHARIBI  A,KIZIMBANI-Zanzibar,2019,9,3rd week,4.0,3,,,UNKNOWN,88.0
MAGHARIBI  A,KIZIMBANI-Zanzibar,2019,9,4th week,44.1,4,,,UNKNOWN,88.0
MAGHARIBI  A,KIZIMBANI-Zanzibar,2019,10,1st week,78.0,1,,,UNKNOWN,86.0
MAGHARIBI  A,KIZIMBANI-Zanzibar,2019,10,2nd week,210.9,2,,,UNKNOWN,86.0
MAGHARIBI  A,KIZIMBANI-Zanzibar,2019,10,3rd week,90.6,3,,,UNKNOWN,86.0
MAGHARIBI  A,KIZIMBANI-Zanzibar,2019,10,4th week,31.4,4,,,UNKNOWN,86.0
MAGHARIBI  A,KIZIMBANI-Zanzibar,2019,11,1st week,119.4,1,,,UNKNOWN,84.0
MAGHARIBI  A,KIZIMBANI-Zanzibar,2019,11,2nd week,4.8,2,,,UNKNOWN,84.0
MAGHARIBI  A,KIZIMBANI-Zanzibar,2019,11,3rd week,62.900000000000006,3,,,UNKNOWN,84.0
MAGHARIBI  A,KIZIMBANI-Zanzibar,2019,11,4th week,23.3,4,,,UNKNOWN,84.0
MAGHARIBI  A,KIZIMBANI-Zanzibar,2019,12,1st week,100.4,1,,,UNKNOWN,82.0
MAGHARIBI  A,KIZIMBANI-Zanzibar,2019,12,2nd week,58.2,2,,,UNKNOWN,82.0
MAGHARIBI  A,KIZIMBANI-Zanzibar,2019,12,3rd week,160.5,3,,,UNKNOWN,82.0
MAGHARIBI  A,KIZIMBANI-Zanzibar,2019,12,4th week,27.6,4,,,UNKNOWN,82.0
MAGHARIBI  A,KIZIMBANI-Zanzibar,2020,1,1st week,0.0,1,,,UNKNOWN,81.0
MAGHARIBI  A,KIZIMBANI-Zanzibar,2020,1,2nd week,5.2,2,,,UNKNOWN,81.0
MAGHARIBI  A,KIZIMBANI-Zanzibar,2020,1,3rd week,194.79999999999995,3,,,UNKNOWN,81.0
MAGHARIBI  A,KIZIMBANI-Zanzibar,2020,1,4th week,34.89999999999999,4,,,UNKNOWN,81.0
MAGHARIBI  A,KIZIMBANI-Zanzibar,2020,2,1st week,50.7,1,,,UNKNOWN,79.0
MAGHARIBI  A,KIZIMBANI-Zanzibar,2020,2,2nd week,22.5,2,,,UNKNOWN,79.0
MAGHARIBI  A,KIZIMBANI-Zanzibar,2020,2,3rd week,21.4,3,,,UNKNOWN,79.0
MAGHARIBI  A,KIZIMBANI-Zanzibar,2020,2,4th week,13.3,4,,,UNKNOWN,79.0
MAGHARIBI  A,KIZIMBANI-Zanzibar,2020,3,1st week,13.1,1,,,UNKNOWN,80.0
MAGHARIBI  A,KIZIMBANI-Zanzibar,2020,3,2nd week,35.1,2,,,UNKNOWN,80.0
MAGHARIBI  A,KIZIMBANI-Zanzibar,2020,3,3rd week,64.3,3,,,UNKNOWN,80.0
MAGHARIBI  A,KIZIMBANI-Zanzibar,2020,3,4th week,95.1,4,,,UNKNOWN,80.0
MAGHARIBI  A,KIZIMBANI-Zanzibar,2020,4,1st week,115.3,1,,,UNKNOWN,87.0
MAGHARIBI  A,KIZIMBANI-Zanzibar,2020,4,2nd week,261.90000000000003,2,,,UNKNOWN,87.0
MAGHARIBI  A,KIZIMBANI-Zanzibar,2020,4,3rd week,488.3,3,,,UNKNOWN,87.0
MAGHARIBI  A,KIZIMBANI-Zanzibar,2020,4,4th week,41.39999999999999,4,,,UNKNOWN,87.0
MAGHARIBI  A,KIZIMBANI-Zanzibar,2020,5,1st week,169.5,1,,,UNKNOWN,80.0
MAGHARIBI  A,KIZIMBANI-Zanzibar,2020,5,2nd week,12.9,2,,,UNKNOWN,80.0
MAGHARIBI  A,KIZIMBANI-Zanzibar,2020,5,3rd week,40.8,3,,,UNKNOWN,80.0
MAGHARIBI  A,KIZIMBANI-Zanzibar,2020,5,4th week,9.4,4,,,UNKNOWN,80.0
MAGHARIBI  A,KIZIMBANI-Zanzibar,2020,6,1st week,0.0,1,,,UNKNOWN,75.0
MAGHARIBI  A,KIZIMBANI-Zanzibar,2020,6,2nd week,1.3,2,,,UNKNOWN,75.0
MAGHARIBI  A,KIZIMBANI-Zanzibar,2020,6,3rd week,0.4,3,,,UNKNOWN,75.0
MAGHARIBI  A,KIZIMBANI-Zanzibar,2020,6,4th week,2.0,4,,,UNKNOWN,75.0
MAGHARIBI  A,KIZIMBANI-Zanzibar,2020,7,1st week,0.0,1,,,UNKNOWN,73.0
MAGHARIBI  A,KIZIMBANI-Zanzibar,2020,7,2nd week,5.8,2,,,UNKNOWN,73.0
MAGHARIBI  A,KIZIMBANI-Zanzibar,2020,7,3rd week,15.8,3,,,UNKNOWN,73.0
MAGHARIBI  A,KIZIMBANI-Zanzibar,2020,7,4th week,2.9,4,,,UNKNOWN,73.0
MAGHARIBI  A,KIZIMBANI-Zanzibar,2020,8,1st week,3.7,1,,,UNKNOWN,77.0
MAGHARIBI  A,KIZIMBANI-Zanzibar,2020,8,2nd week,0.0,2,,,UNKNOWN,77.0
MAGHARIBI  A,KIZIMBANI-Zanzibar,2020,8,3rd week,10.0,3,,,UNKNOWN,77.0
MAGHARIBI  A,KIZIMBANI-Zanzibar,2020,8,4th week,2.9000000000000004,4,,,UNKNOWN,77.0
MAGHARIBI  A,KIZIMBANI-Zanzibar,2020,9,1st week,1.9,1,,,UNKNOWN,76.0
MAGHARIBI  A,KIZIMBANI-Zanzibar,2020,9,2nd week,0.0,2,,,UNKNOWN,76.0
MAGHARIBI  A,KIZIMBANI-Zanzibar,2020,9,3rd week,19.1,3,,,UNKNOWN,76.0
MAGHARIBI  A,KIZIMBANI-Zanzibar,2020,9,4th week,3.4000000000000004,4,,,UNKNOWN,76.0
MAGHARIBI  A,KIZIMBANI-Zanzibar,2020,10,1st week,40.1,1,,,UNKNOWN,78.0
MAGHARIBI  A,KIZIMBANI-Zanzibar,2020,10,2nd week,33.6,2,,,UNKNOWN,78.0
MAGHARIBI  A,KIZIMBANI-Zanzibar,2020,10,3rd week,59.5,3,,,UNKNOWN,78.0
MAGHARIBI  A,KIZIMBANI-Zanzibar,2020,10,4th week,44.8,4,,,UNKNOWN,78.0
MAGHARIBI  A,KIZIMBANI-Zanzibar,2020,11,1st week,45.8,1,,,UNKNOWN,82.0
MAGHARIBI  A,KIZIMBANI-Zanzibar,2020,11,2nd week,102.1,2,,,UNKNOWN,82.0
MAGHARIBI  A,KIZIMBANI-Zanzibar,2020,11,3rd week,41.3,3,,,UNKNOWN,82.0
MAGHARIBI  A,KIZIMBANI-Zanzibar,2020,11,4th week,36.0,4,,,UNKNOWN,82.0
MAGHARIBI  A,KIZIMBANI-Zanzibar,2020,12,1st week,35.0,1,,,UNKNOWN,79.0
MAGHARIBI  A,KIZIMBANI-Zanzibar,2020,12,2nd week,0.0,2,,,UNKNOWN,79.0
MAGHARIBI  A,KIZIMBANI-Zanzibar,2020,12,3rd week,55.8,3,,,UNKNOWN,79.0
MAGHARIBI  A,KIZIMBANI-Zanzibar,2020,12,4th week,71.8,4,,,UNKNOWN,79.0
MAGHARIBI  A,KIZIMBANI-Zanzibar,2021,1,1st week,19.7,1,,,UNKNOWN,77.0
MAGHARIBI  A,KIZIMBANI-Zanzibar,2021,1,2nd week,21.2,2,,,UNKNOWN,77.0
MAGHARIBI  A,KIZIMBANI-Zanzibar,2021,1,3rd week,0.0,3,,,UNKNOWN,77.0
MAGHARIBI  A,KIZIMBANI-Zanzibar,2021,1,4th week,1.1,4,,,UNKNOWN,77.0
MAGHARIBI  A,KIZIMBANI-Zanzibar,2021,2,1st week,0.0,1,,,UNKNOWN,77.0
MAGHARIBI  A,KIZIMBANI-Zanzibar,2021,2,2nd week,12.1,2,,,UNKNOWN,77.0
MAGHARIBI  A,KIZIMBANI-Zanzibar,2021,2,3rd week,2.4,3,,,UNKNOWN,77.0
MAGHARIBI  A,KIZIMBANI-Zanzibar,2021,2,4th week,2.2,4,,,UNKNOWN,77.0
MAGHARIBI  A,KIZIMBANI-Zanzibar,2021,3,1st week,6.0,1,,,UNKNOWN,75.0
MAGHARIBI  A,KIZIMBANI-Zanzibar,2021,3,2nd week,10.8,2,,,UNKNOWN,75.0
MAGHARIBI  A,KIZIMBANI-Zanzibar,2021,3,3rd week,106.3,3,,,UNKNOWN,75.0
MAGHARIBI  A,KIZIMBANI-Zanzibar,2021,3,4th week,9.6,4,,,UNKNOWN,75.0
MAGHARIBI  A,KIZIMBANI-Zanzibar,2021,4,1st week,76.30000000000001,1,,,UNKNOWN,82.0
MAGHARIBI  A,KIZIMBANI-Zanzibar,2021,4,2nd week,89.6,2,,,UNKNOWN,82.0
MAGHARIBI  A,KIZIMBANI-Zanzibar,2021,4,3rd week,70.4,3,,,UNKNOWN,82.0
MAGHARIBI  A,KIZIMBANI-Zanzibar,2021,4,4th week,84.1,4,,,UNKNOWN,82.0
MAGHARIBI  A,KIZIMBANI-Zanzibar,2021,5,1st week,87.2,1,,,UNKNOWN,77.0
MAGHARIBI  A,KIZIMBANI-Zanzibar,2021,5,2nd week,0.0,2,,,UNKNOWN,77.0
MAGHARIBI  A,KIZIMBANI-Zanzibar,2021,5,3rd week,12.6,3,,,UNKNOWN,77.0
MAGHARIBI  A,KIZIMBANI-Zanzibar,2021,5,4th week,0.0,4,,,UNKNOWN,77.0
MAGHARIBI  A,KIZIMBANI-Zanzibar,2021,6,1st week,6.8,1,,,UNKNOWN,75.0
MAGHARIBI  A,KIZIMBANI-Zanzibar,2021,6,2nd week,4.4,2,,,UNKNOWN,75.0
MAGHARIBI  A,KIZIMBANI-Zanzibar,2021,6,3rd week,21.7,3,,,UNKNOWN,75.0
MAGHARIBI  A,KIZIMBANI-Zanzibar,2021,6,4th week,0.0,4,,,UNKNOWN,75.0
MAGHARIBI  A,KIZIMBANI-Zanzibar,2021,7,1st week,2.9000000000000004,1,,,UNKNOWN,73.0
MAGHARIBI  A,KIZIMBANI-Zanzibar,2021,7,2nd week,24.7,2,,,UNKNOWN,73.0
MAGHARIBI  A,KIZIMBANI-Zanzibar,2021,7,3rd week,10.1,3,,,UNKNOWN,73.0
MAGHARIBI  A,KIZIMBANI-Zanzibar,2021,7,4th week,7.3,4,,,UNKNOWN,73.0
MAGHARIBI  A,KIZIMBANI-Zanzibar,2021,8,1st week,0.0,1,,,UNKNOWN,76.0
MAGHARIBI  A,KIZIMBANI-Zanzibar,2021,8,2nd week,0.0,2,,,UNKNOWN,76.0
MAGHARIBI  A,KIZIMBANI-Zanzibar,2021,8,3rd week,8.5,3,,,UNKNOWN,76.0
MAGHARIBI  A,KIZIMBANI-Zanzibar,2021,8,4th week,9.4,4,,,UNKNOWN,76.0
MAGHARIBI  A,KIZIMBANI-Zanzibar,2021,9,1st week,8.600000000000001,1,,,UNKNOWN,74.0
MAGHARIBI  A,KIZIMBANI-Zanzibar,2021,9,2nd week,14.8,2,,,UNKNOWN,74.0
MAGHARIBI  A,KIZIMBANI-Zanzibar,2021,9,3rd week,5.6,3,,,UNKNOWN,74.0
MAGHARIBI  A,KIZIMBANI-Zanzibar,2021,9,4th week,23.1,4,,,UNKNOWN,74.0
MAGHARIBI  A,KIZIMBANI-Zanzibar,2021,10,1st week,6.6,1,,,UNKNOWN,74.0
MAGHARIBI  A,KIZIMBANI-Zanzibar,2021,10,2nd week,5.7,2,,,UNKNOWN,74.0
MAGHARIBI  A,KIZIMBANI-Zanzibar,2021,10,3rd week,1.0,3,,,UNKNOWN,74.0
MAGHARIBI  A,KIZIMBANI-Zanzibar,2021,10,4th week,8.2,4,,,UNKNOWN,74.0
MAGHARIBI  A,KIZIMBANI-Zanzibar,2021,11,1st week,4.2,1,,,UNKNOWN,74.0
MAGHARIBI  A,KIZIMBANI-Zanzibar,2021,11,2nd week,2.6,2,,,UNKNOWN,74.0
MAGHARIBI  A,KIZIMBANI-Zanzibar,2021,11,3rd week,8.1,3,,,UNKNOWN,74.0
MAGHARIBI  A,KIZIMBANI-Zanzibar,2021,11,4th week,47.8,4,,,UNKNOWN,74.0
MAGHARIBI  A,KIZIMBANI-Zanzibar,2021,12,1st week,56.4,1,,,UNKNOWN,82.0
MAGHARIBI  A,KIZIMBANI-Zanzibar,2021,12,2nd week,142.7,2,,,UNKNOWN,82.0
MAGHARIBI  A,KIZIMBANI-Zanzibar,2021,12,3rd week,11.3,3,,,UNKNOWN,82.0
MAGHARIBI  A,KIZIMBANI-Zanzibar,2021,12,4th week,43.5,4,,,UNKNOWN,82.0
MAGHARIBI  A,KIZIMBANI-Zanzibar,2022,1,1st week,0.0,1,,,UNKNOWN,80.0
MAGHARIBI  A,KIZIMBANI-Zanzibar,2022,1,2nd week,0.0,2,,,UNKNOWN,80.0
MAGHARIBI  A,KIZIMBANI-Zanzibar,2022,1,3rd week,62.2,3,,,UNKNOWN,80.0
MAGHARIBI  A,KIZIMBANI-Zanzibar,2022,1,4th week,29.7,4,,,UNKNOWN,80.0
MAGHARIBI  A,KIZIMBANI-Zanzibar,2022,2,1st week,42.8,1,,,UNKNOWN,83.0
MAGHARIBI  A,KIZIMBANI-Zanzibar,2022,2,2nd week,0.0,2,,,UNKNOWN,83.0
MAGHARIBI  A,KIZIMBANI-Zanzibar,2022,2,3rd week,45.4,3,,,UNKNOWN,83.0
MAGHARIBI  A,KIZIMBANI-Zanzibar,2022,2,4th week,3.2,4,,,UNKNOWN,83.0
MAGHARIBI  A,KIZIMBANI-Zanzibar,2022,3,1st week,0.0,1,,,UNKNOWN,80.0
MAGHARIBI  A,KIZIMBANI-Zanzibar,2022,3,2nd week,0.0,2,,,UNKNOWN,80.0
MAGHARIBI  A,KIZIMBANI-Zanzibar,2022,3,3rd week,0.0,3,,,UNKNOWN,80.0
MAGHARIBI  A,KIZIMBANI-Zanzibar,2022,3,4th week,10.6,4,,,UNKNOWN,80.0
MAGHARIBI  A,KIZIMBANI-Zanzibar,2022,4,1st week,38.3,1,,,UNKNOWN,85.0
MAGHARIBI  A,KIZIMBANI-Zanzibar,2022,4,2nd week,41.0,2,,,UNKNOWN,85.0
MAGHARIBI  A,KIZIMBANI-Zanzibar,2022,4,3rd week,117.6,3,,,UNKNOWN,85.0
MAGHARIBI  A,KIZIMBANI-Zanzibar,2022,4,4th week,76.60000000000001,4,,,UNKNOWN,85.0
MAGHARIBI  A,KIZIMBANI-Zanzibar,2022,5,1st week,63.5,1,,,UNKNOWN,85.0
MAGHARIBI  A,KIZIMBANI-Zanzibar,2022,5,2nd week,0.0,2,,,UNKNOWN,85.0
MAGHARIBI  A,KIZIMBANI-Zanzibar,2022,5,3rd week,15.9,3,,,UNKNOWN,85.0
MAGHARIBI  A,KIZIMBANI-Zanzibar,2022,5,4th week,5.8,4,,,UNKNOWN,85.0
MAGHARIBI  A,KIZIMBANI-Zanzibar,2022,6,1st week,22.0,1,,,UNKNOWN,84.0
MAGHARIBI  A,KIZIMBANI-Zanzibar,2022,6,2nd week,0.0,2,,,UNKNOWN,84.0
MAGHARIBI  A,KIZIMBANI-Zanzibar,2022,6,3rd week,7.5,3,,,UNKNOWN,84.0
MAGHARIBI  A,KIZIMBANI-Zanzibar,2022,6,4th week,13.1,4,,,UNKNOWN,84.0
MAGHARIBI  A,KIZIMBANI-Zanzibar,2022,7,1st week,12.1,1,,,UNKNOWN,88.0
MAGHARIBI  A,KIZIMBANI-Zanzibar,2022,7,2nd week,27.4,2,,,UNKNOWN,88.0
MAGHARIBI  A,KIZIMBANI-Zanzibar,2022,7,3rd week,22.8,3,,,UNKNOWN,88.0
MAGHARIBI  A,KIZIMBANI-Zanzibar,2022,7,4th week,32.2,4,,,UNKNOWN,88.0
MAGHARIBI  A,KIZIMBANI-Zanzibar,2022,8,1st week,6.1,1,,,UNKNOWN,84.0
MAGHARIBI  A,KIZIMBANI-Zanzibar,2022,8,2nd week,12.4,2,,,UNKNOWN,84.0
MAGHARIBI  A,KIZIMBANI-Zanzibar,2022,8,3rd week,10.2,3,,,UNKNOWN,84.0
MAGHARIBI  A,KIZIMBANI-Zanzibar,2022,8,4th week,1.2,4,,,UNKNOWN,84.0
MAGHARIBI  A,KIZIMBANI-Zanzibar,2022,9,1st week,8.4,1,,,UNKNOWN,76.0
MAGHARIBI  A,KIZIMBANI-Zanzibar,2022,9,2nd week,0.0,2,,,UNKNOWN,76.0
MAGHARIBI  A,KIZIMBANI-Zanzibar,2022,9,3rd week,0.0,3,,,UNKNOWN,76.0
MAGHARIBI  A,KIZIMBANI-Zanzibar,2022,9,4th week,0.0,4,,,UNKNOWN,76.0
MAGHARIBI  A,KIZIMBANI-Zanzibar,2022,10,1st week,2.8,1,,,UNKNOWN,72.0
MAGHARIBI  A,KIZIMBANI-Zanzibar,2022,10,2nd week,0.0,2,,,UNKNOWN,72.0
MAGHARIBI  A,KIZIMBANI-Zanzibar,2022,10,3rd week,2.4,3,,,UNKNOWN,72.0
MAGHARIBI  A,KIZIMBANI-Zanzibar,2022,10,4th week,0.0,4,,,UNKNOWN,72.0
MAGHARIBI  A,KIZIMBANI-Zanzibar,2022,11,1st week,11.3,1,,,UNKNOWN,76.0
MAGHARIBI  A,KIZIMBANI-Zanzibar,2022,11,2nd week,9.9,2,,,UNKNOWN,76.0
MAGHARIBI  A,KIZIMBANI-Zanzibar,2022,11,3rd week,22.7,3,,,UNKNOWN,76.0
MAGHARIBI  A,KIZIMBANI-Zanzibar,2022,11,4th week,16.7,4,,,UNKNOWN,76.0
MAGHARIBI  A,KIZIMBANI-Zanzibar,2022,12,1st week,1.2,1,,,UNKNOWN,74.0
MAGHARIBI  A,KIZIMBANI-Zanzibar,2022,12,2nd week,57.400000000000006,2,,,UNKNOWN,74.0
MAGHARIBI  A,KIZIMBANI-Zanzibar,2022,12,3rd week,0.0,3,,,UNKNOWN,74.0
MAGHARIBI  A,KIZIMBANI-Zanzibar,2022,12,4th week,97.1,4,,,UNKNOWN,74.0
MAGHARIBI  A,KIZIMBANI-Zanzibar,2023,1,1st week,0.0,1,,,UNKNOWN,80.0
MAGHARIBI  A,KIZIMBANI-Zanzibar,2023,1,2nd week,65.0,2,,,UNKNOWN,80.0
MAGHARIBI  A,KIZIMBANI-Zanzibar,2023,1,3rd week,0.0,3,,,UNKNOWN,80.0
MAGHARIBI  A,KIZIMBANI-Zanzibar,2023,1,4th week,3.4,4,,,UNKNOWN,80.0
MAGHARIBI  A,KIZIMBANI-Zanzibar,2023,2,1st week,1.1,1,,,UNKNOWN,75.0
MAGHARIBI  A,KIZIMBANI-Zanzibar,2023,2,2nd week,4.7,2,,,UNKNOWN,75.0
MAGHARIBI  A,KIZIMBANI-Zanzibar,2023,2,3rd week,0.0,3,,,UNKNOWN,75.0
MAGHARIBI  A,KIZIMBANI-Zanzibar,2023,2,4th week,0.0,4,,,UNKNOWN,75.0
MAGHARIBI  A,KIZIMBANI-Zanzibar,2023,3,1st week,0.0,1,,,UNKNOWN,78.0
MAGHARIBI  A,KIZIMBANI-Zanzibar,2023,3,2nd week,0.0,2,,,UNKNOWN,78.0
MAGHARIBI  A,KIZIMBANI-Zanzibar,2023,3,3rd week,30.7,3,,,UNKNOWN,78.0
MAGHARIBI  A,KIZIMBANI-Zanzibar,2023,3,4th week,10.0,4,,,UNKNOWN,78.0
MAGHARIBI  A,KIZIMBANI-Zanzibar,2023,4,1st week,73.60000000000001,1,,,UNKNOWN,90.0
MAGHARIBI  A,KIZIMBANI-Zanzibar,2023,4,2nd week,65.9,2,,,UNKNOWN,90.0
MAGHARIBI  A,KIZIMBANI-Zanzibar,2023,4,3rd week,186.4,3,,,UNKNOWN,90.0
MAGHARIBI  A,KIZIMBANI-Zanzibar,2023,4,4th week,167.29999999999998,4,,,UNKNOWN,90.0
MAGHARIBI  A,KIZIMBANI-Zanzibar,2023,5,1st week,27.6,1,,,UNKNOWN,86.0
MAGHARIBI  A,KIZIMBANI-Zanzibar,2023,5,2nd week,79.69999999999999,2,,,UNKNOWN,86.0
MAGHARIBI  A,KIZIMBANI-Zanzibar,2023,5,3rd week,12.2,3,,,UNKNOWN,86.0
MAGHARIBI  A,KIZIMBANI-Zanzibar,2023,5,4th week,19.0,4,,,UNKNOWN,86.0
MAGHARIBI  A,KIZIMBANI-Zanzibar,2023,6,1st week,97.6,1,,,UNKNOWN,86.0
MAGHARIBI  A,KIZIMBANI-Zanzibar,2023,6,2nd week,5.4,2,,,UNKNOWN,86.0
MAGHARIBI  A,KIZIMBANI-Zanzibar,2023,6,3rd week,0.5,3,,,UNKNOWN,86.0
MAGHARIBI  A,KIZIMBANI-Zanzibar,2023,6,4th week,0.0,4,,,UNKNOWN,86.0
MAGHARIBI  A,KIZIMBANI-Zanzibar,2023,7,1st week,27.7,1,,,UNKNOWN,88.0
MAGHARIBI  A,KIZIMBANI-Zanzibar,2023,7,2nd week,11.0,2,,,UNKNOWN,88.0
MAGHARIBI  A,KIZIMBANI-Zanzibar,2023,7,3rd week,0.6,3,,,UNKNOWN,88.0
MAGHARIBI  A,KIZIMBANI-Zanzibar,2023,7,4th week,27.6,4,,,UNKNOWN,88.0
MAGHARIBI  A,KIZIMBANI-Zanzibar,2023,8,1st week,5.5,1,,,UNKNOWN,85.0
MAGHARIBI  A,KIZIMBANI-Zanzibar,2023,8,2nd week,0.0,2,,,UNKNOWN,85.0
MAGHARIBI  A,KIZIMBANI-Zanzibar,2023,8,3rd week,5.4,3,,,UNKNOWN,85.0
MAGHARIBI  A,KIZIMBANI-Zanzibar,2023,8,4th week,12.7,4,,,UNKNOWN,85.0
MAGHARIBI  A,KIZIMBANI-Zanzibar,2023,9,1st week,0.0,1,,,UNKNOWN,81.0
MAGHARIBI  A,KIZIMBANI-Zanzibar,2023,9,2nd week,3.0,2,,,UNKNOWN,81.0
MAGHARIBI  A,KIZIMBANI-Zanzibar,2023,9,3rd week,0.0,3,,,UNKNOWN,81.0
MAGHARIBI  A,KIZIMBANI-Zanzibar,2023,9,4th week,18.8,4,,,UNKNOWN,81.0
MAGHARIBI  A,KIZIMBANI-Zanzibar,2023,10,1st week,33.7,1,,,UNKNOWN,70.0
MAGHARIBI  A,KIZIMBANI-Zanzibar,2023,10,2nd week,0.0,2,,,UNKNOWN,70.0
MAGHARIBI  A,KIZIMBANI-Zanzibar,2023,10,3rd week,2.7,3,,,UNKNOWN,70.0
MAGHARIBI  A,KIZIMBANI-Zanzibar,2023,10,4th week,46.4,4,,,UNKNOWN,70.0
MAGHARIBI  A,KIZIMBANI-Zanzibar,2023,11,1st week,325.1,1,,,UNKNOWN,77.0
MAGHARIBI  A,KIZIMBANI-Zanzibar,2023,11,2nd week,71.5,2,,,UNKNOWN,77.0
MAGHARIBI  A,KIZIMBANI-Zanzibar,2023,11,3rd week,96.5,3,,,UNKNOWN,77.0
MAGHARIBI  A,KIZIMBANI-Zanzibar,2023,11,4th week,29.6,4,,,UNKNOWN,77.0
MAGHARIBI  A,KIZIMBANI-Zanzibar,2023,12,1st week,48.0,1,,,UNKNOWN,78.0
MAGHARIBI  A,KIZIMBANI-Zanzibar,2023,12,2nd week,114.4,2,,,UNKNOWN,78.0
MAGHARIBI  A,KIZIMBANI-Zanzibar,2023,12,3rd week,44.6,3,,,UNKNOWN,78.0
MAGHARIBI  A,KIZIMBANI-Zanzibar,2023,12,4th week,18.2,4,,,UNKNOWN,78.0
MAGHARIBI  B,Zanzibar Airport,2018,1,1st week,53.8,1,,,UNKNOWN,76.75
MAGHARIBI  B,Zanzibar Airport,2018,1,2nd week,6.3,2,,,UNKNOWN,76.75
MAGHARIBI  B,Zanzibar Airport,2018,1,3rd week,0.0,3,,,UNKNOWN,76.75
MAGHARIBI  B,Zanzibar Airport,2018,1,4th week,0.0,4,,,UNKNOWN,76.75
MAGHARIBI  B,Zanzibar Airport,2018,2,1st week,0.0,1,,,UNKNOWN,82.625
MAGHARIBI  B,Zanzibar Airport,2018,2,2nd week,0.0,2,,,UNKNOWN,82.625
MAGHARIBI  B,Zanzibar Airport,2018,2,3rd week,39.6,3,,,UNKNOWN,82.625
MAGHARIBI  B,Zanzibar Airport,2018,2,4th week,0.0,4,,,UNKNOWN,82.625
MAGHARIBI  B,Zanzibar Airport,2018,3,1st week,12.1,1,,,UNKNOWN,84.0
MAGHARIBI  B,Zanzibar Airport,2018,3,2nd week,35.5,2,,,UNKNOWN,84.0
MAGHARIBI  B,Zanzibar Airport,2018,3,3rd week,68.5,3,,,UNKNOWN,84.0
MAGHARIBI  B,Zanzibar Airport,2018,3,4th week,3.4000000000000004,4,,,UNKNOWN,84.0
MAGHARIBI  B,Zanzibar Airport,2018,4,1st week,34.599999999999994,1,,,UNKNOWN,84.75
MAGHARIBI  B,Zanzibar Airport,2018,4,2nd week,222.0,2,,,UNKNOWN,84.75
MAGHARIBI  B,Zanzibar Airport,2018,4,3rd week,329.5999999999999,3,,,UNKNOWN,84.75
MAGHARIBI  B,Zanzibar Airport,2018,4,4th week,4.5,4,,,UNKNOWN,84.75
MAGHARIBI  B,Zanzibar Airport,2018,5,1st week,191.6,1,,,UNKNOWN,80.0
MAGHARIBI  B,Zanzibar Airport,2018,5,2nd week,213.2,2,,,UNKNOWN,80.0
MAGHARIBI  B,Zanzibar Airport,2018,5,3rd week,108.1,3,,,UNKNOWN,80.0
MAGHARIBI  B,Zanzibar Airport,2018,5,4th week,11.6,4,,,UNKNOWN,80.0
MAGHARIBI  B,Zanzibar Airport,2018,6,1st week,17.1,1,,,UNKNOWN,84.0
MAGHARIBI  B,Zanzibar Airport,2018,6,2nd week,1.0,2,,,UNKNOWN,84.0
MAGHARIBI  B,Zanzibar Airport,2018,6,3rd week,0.7,3,,,UNKNOWN,84.0
MAGHARIBI  B,Zanzibar Airport,2018,6,4th week,8.8,4,,,UNKNOWN,84.0
MAGHARIBI  B,Zanzibar Airport,2018,7,1st week,119.5,1,,,UNKNOWN,80.0
MAGHARIBI  B,Zanzibar Airport,2018,7,2nd week,1.0,2,,,UNKNOWN,80.0
MAGHARIBI  B,Zanzibar Airport,2018,7,3rd week,1.0,3,,,UNKNOWN,80.0
MAGHARIBI  B,Zanzibar Airport,2018,7,4th week,0.0,4,,,UNKNOWN,80.0
MAGHARIBI  B,Zanzibar Airport,2018,8,1st week,0.8,1,,,UNKNOWN,79.5
MAGHARIBI  B,Zanzibar Airport,2018,8,2nd week,0.0,2,,,UNKNOWN,79.5
MAGHARIBI  B,Zanzibar Airport,2018,8,3rd week,2.7,3,,,UNKNOWN,79.5
MAGHARIBI  B,Zanzibar Airport,2018,8,4th week,13.0,4,,,UNKNOWN,79.5
MAGHARIBI  B,Zanzibar Airport,2018,9,1st week,15.4,1,,,UNKNOWN,77.625
MAGHARIBI  B,Zanzibar Airport,2018,9,2nd week,7.1,2,,,UNKNOWN,77.625
MAGHARIBI  B,Zanzibar Airport,2018,9,3rd week,2.6,3,,,UNKNOWN,77.625
MAGHARIBI  B,Zanzibar Airport,2018,9,4th week,5.5,4,,,UNKNOWN,77.625
MAGHARIBI  B,Zanzibar Airport,2018,10,1st week,6.9,1,,,UNKNOWN,79.125
MAGHARIBI  B,Zanzibar Airport,2018,10,2nd week,5.7,2,,,UNKNOWN,79.125
MAGHARIBI  B,Zanzibar Airport,2018,10,3rd week,27.0,3,,,UNKNOWN,79.125
MAGHARIBI  B,Zanzibar Airport,2018,10,4th week,58.10000000000001,4,,,UNKNOWN,79.125
MAGHARIBI  B,Zanzibar Airport,2018,11,1st week,0.0,1,,,UNKNOWN,82.5
MAGHARIBI  B,Zanzibar Airport,2018,11,2nd week,0.0,2,,,UNKNOWN,82.5
MAGHARIBI  B,Zanzibar Airport,2018,11,3rd week,22.7,3,,,UNKNOWN,82.5
MAGHARIBI  B,Zanzibar Airport,2018,11,4th week,22.700000000000003,4,,,UNKNOWN,82.5
MAGHARIBI  B,Zanzibar Airport,2018,12,1st week,34.300000000000004,1,,,UNKNOWN,83.875
MAGHARIBI  B,Zanzibar Airport,2018,12,2nd week,38.0,2,,,UNKNOWN,83.875
MAGHARIBI  B,Zanzibar Airport,2018,12,3rd week,93.6,3,,,UNKNOWN,83.875
MAGHARIBI  B,Zanzibar Airport,2018,12,4th week,2.5,4,,,UNKNOWN,83.875
MAGHARIBI  B,Zanzibar Airport,2019,1,1st week,12.2,1,,,UNKNOWN,71.0
MAGHARIBI  B,Zanzibar Airport,2019,1,2nd week,0.0,2,,,UNKNOWN,71.0
MAGHARIBI  B,Zanzibar Airport,2019,1,3rd week,6.800000000000001,3,,,UNKNOWN,71.0
MAGHARIBI  B,Zanzibar Airport,2019,1,4th week,0.0,4,,,UNKNOWN,71.0
MAGHARIBI  B,Zanzibar Airport,2019,2,1st week,0.0,1,,,UNKNOWN,63.0
MAGHARIBI  B,Zanzibar Airport,2019,2,2nd week,3.3,2,,,UNKNOWN,63.0
MAGHARIBI  B,Zanzibar Airport,2019,2,3rd week,29.5,3,,,UNKNOWN,63.0
MAGHARIBI  B,Zanzibar Airport,2019,2,4th week,72.6,4,,,UNKNOWN,63.0
MAGHARIBI  B,Zanzibar Airport,2019,3,1st week,13.7,1,,,UNKNOWN,69.0
MAGHARIBI  B,Zanzibar Airport,2019,3,2nd week,0.0,2,,,UNKNOWN,69.0
MAGHARIBI  B,Zanzibar Airport,2019,3,3rd week,0.0,3,,,UNKNOWN,69.0
MAGHARIBI  B,Zanzibar Airport,2019,3,4th week,3.8,4,,,UNKNOWN,69.0
MAGHARIBI  B,Zanzibar Airport,2019,4,1st week,100.8,1,,,UNKNOWN,88.0
MAGHARIBI  B,Zanzibar Airport,2019,4,2nd week,45.3,2,,,UNKNOWN,88.0
MAGHARIBI  B,Zanzibar Airport,2019,4,3rd week,19.1,3,,,UNKNOWN,88.0
MAGHARIBI  B,Zanzibar Airport,2019,4,4th week,0.0,4,,,UNKNOWN,88.0
MAGHARIBI  B,Zanzibar Airport,2019,5,1st week,368.1,1,,,UNKNOWN,86.0
MAGHARIBI  B,Zanzibar Airport,2019,5,2nd week,275.70000000000005,2,,,UNKNOWN,86.0
MAGHARIBI  B,Zanzibar Airport,2019,5,3rd week,62.1,3,,,UNKNOWN,86.0
MAGHARIBI  B,Zanzibar Airport,2019,5,4th week,133.0,4,,,UNKNOWN,86.0
MAGHARIBI  B,Zanzibar Airport,2019,6,1st week,0.0,1,,,UNKNOWN,63.0
MAGHARIBI  B,Zanzibar Airport,2019,6,2nd week,0.0,2,,,UNKNOWN,63.0
MAGHARIBI  B,Zanzibar Airport,2019,6,3rd week,0.0,3,,,UNKNOWN,63.0
MAGHARIBI  B,Zanzibar Airport,2019,6,4th week,0.0,4,,,UNKNOWN,63.0
MAGHARIBI  B,Zanzibar Airport,2019,7,1st week,0.0,1,,,UNKNOWN,62.0
MAGHARIBI  B,Zanzibar Airport,2019,7,2nd week,0.0,2,,,UNKNOWN,62.0
MAGHARIBI  B,Zanzibar Airport,2019,7,3rd week,0.1,3,,,UNKNOWN,62.0
MAGHARIBI  B,Zanzibar Airport,2019,7,4th week,0.0,4,,,UNKNOWN,62.0
MAGHARIBI  B,Zanzibar Airport,2019,8,1st week,13.8,1,,,UNKNOWN,69.0
MAGHARIBI  B,Zanzibar Airport,2019,8,2nd week,24.9,2,,,UNKNOWN,69.0
MAGHARIBI  B,Zanzibar Airport,2019,8,3rd week,0.0,3,,,UNKNOWN,69.0
MAGHARIBI  B,Zanzibar Airport,2019,8,4th week,1.9,4,,,UNKNOWN,69.0
MAGHARIBI  B,Zanzibar Airport,2019,9,1st week,13.7,1,,,UNKNOWN,59.0
MAGHARIBI  B,Zanzibar Airport,2019,9,2nd week,36.1,2,,,UNKNOWN,59.0
MAGHARIBI  B,Zanzibar Airport,2019,9,3rd week,0.3,3,,,UNKNOWN,59.0
MAGHARIBI  B,Zanzibar Airport,2019,9,4th week,6.2,4,,,UNKNOWN,59.0
MAGHARIBI  B,Zanzibar Airport,2019,10,1st week,39.0,1,,,UNKNOWN,69.0
MAGHARIBI  B,Zanzibar Airport,2019,10,2nd week,206.5,2,,,UNKNOWN,69.0
MAGHARIBI  B,Zanzibar Airport,2019,10,3rd week,128.1,3,,,UNKNOWN,69.0
MAGHARIBI  B,Zanzibar Airport,2019,10,4th week,144.8,4,,,UNKNOWN,69.0
MAGHARIBI  B,Zanzibar Airport,2019,11,1st week,13.6,1,,,UNKNOWN,71.0
MAGHARIBI  B,Zanzibar Airport,2019,11,2nd week,80.3,2,,,UNKNOWN,71.0
MAGHARIBI  B,Zanzibar Airport,2019,11,3rd week,80.7,3,,,UNKNOWN,71.0
MAGHARIBI  B,Zanzibar Airport,2019,11,4th week,9.2,4,,,UNKNOWN,71.0
MAGHARIBI  B,Zanzibar Airport,2019,12,1st week,108.0,1,,,UNKNOWN,69.0
MAGHARIBI  B,Zanzibar Airport,2019,12,2nd week,10.6,2,,,UNKNOWN,69.0
MAGHARIBI  B,Zanzibar Airport,2019,12,3rd week,137.0,3,,,UNKNOWN,69.0
MAGHARIBI  B,Zanzibar Airport,2019,12,4th week,11.6,4,,,UNKNOWN,69.0
MAGHARIBI  B,Zanzibar Airport,2020,1,1st week,0.0,1,,,UNKNOWN,68.0
MAGHARIBI  B,Zanzibar Airport,2020,1,2nd week,41.1,2,,,UNKNOWN,68.0
MAGHARIBI  B,Zanzibar Airport,2020,1,3rd week,141.0,3,,,UNKNOWN,68.0
MAGHARIBI  B,Zanzibar Airport,2020,1,4th week,27.9,4,,,UNKNOWN,68.0
MAGHARIBI  B,Zanzibar Airport,2020,2,1st week,21.6,1,,,UNKNOWN,72.0
MAGHARIBI  B,Zanzibar Airport,2020,2,2nd week,6.8,2,,,UNKNOWN,72.0
MAGHARIBI  B,Zanzibar Airport,2020,2,3rd week,8.1,3,,,UNKNOWN,72.0
MAGHARIBI  B,Zanzibar Airport,2020,2,4th week,2.3,4,,,UNKNOWN,72.0
MAGHARIBI  B,Zanzibar Airport,2020,3,1st week,41.1,1,,,UNKNOWN,77.0
MAGHARIBI  B,Zanzibar Airport,2020,3,2nd week,84.7,2,,,UNKNOWN,77.0
MAGHARIBI  B,Zanzibar Airport,2020,3,3rd week,14.4,3,,,UNKNOWN,77.0
MAGHARIBI  B,Zanzibar Airport,2020,3,4th week,10.8,4,,,UNKNOWN,77.0
MAGHARIBI  B,Zanzibar Airport,2020,4,1st week,42.7,1,,,UNKNOWN,86.0
MAGHARIBI  B,Zanzibar Airport,2020,4,2nd week,225.1,2,,,UNKNOWN,86.0
MAGHARIBI  B,Zanzibar Airport,2020,4,3rd week,365.2,3,,,UNKNOWN,86.0
MAGHARIBI  B,Zanzibar Airport,2020,4,4th week,45.4,4,,,UNKNOWN,86.0
MAGHARIBI  B,Zanzibar Airport,2020,5,1st week,101.8,1,,,UNKNOWN,87.0
MAGHARIBI  B,Zanzibar Airport,2020,5,2nd week,5.4,2,,,UNKNOWN,87.0
MAGHARIBI  B,Zanzibar Airport,2020,5,3rd week,54.8,3,,,UNKNOWN,87.0
MAGHARIBI  B,Zanzibar Airport,2020,5,4th week,3.4,4,,,UNKNOWN,87.0
MAGHARIBI  B,Zanzibar Airport,2020,6,1st week,0.0,1,,,UNKNOWN,80.0
MAGHARIBI  B,Zanzibar Airport,2020,6,2nd week,1.1,2,,,UNKNOWN,80.0
MAGHARIBI  B,Zanzibar Airport,2020,6,3rd week,0.0,3,,,UNKNOWN,80.0
MAGHARIBI  B,Zanzibar Airport,2020,6,4th week,0.0,4,,,UNKNOWN,80.0
MAGHARIBI  B,Zanzibar Airport,2020,7,1st week,0.0,1,,,UNKNOWN,76.0
MAGHARIBI  B,Zanzibar Airport,2020,7,2nd week,36.5,2,,,UNKNOWN,76.0
MAGHARIBI  B,Zanzibar Airport,2020,7,3rd week,1.0,3,,,UNKNOWN,76.0
MAGHARIBI  B,Zanzibar Airport,2020,7,4th week,4.3,4,,,UNKNOWN,76.0
MAGHARIBI  B,Zanzibar Airport,2020,8,1st week,0.0,1,,,UNKNOWN,78.0
MAGHARIBI  B,Zanzibar Airport,2020,8,2nd week,0.0,2,,,UNKNOWN,78.0
MAGHARIBI  B,Zanzibar Airport,2020,8,3rd week,39.1,3,,,UNKNOWN,78.0
MAGHARIBI  B,Zanzibar Airport,2020,8,4th week,7.6,4,,,UNKNOWN,78.0
MAGHARIBI  B,Zanzibar Airport,2020,9,1st week,0.5,1,,,UNKNOWN,88.0
MAGHARIBI  B,Zanzibar Airport,2020,9,2nd week,1.1,2,,,UNKNOWN,88.0
MAGHARIBI  B,Zanzibar Airport,2020,9,3rd week,3.7,3,,,UNKNOWN,88.0
MAGHARIBI  B,Zanzibar Airport,2020,9,4th week,2.5,4,,,UNKNOWN,88.0
MAGHARIBI  B,Zanzibar Airport,2020,10,1st week,14.9,1,,,UNKNOWN,86.0
MAGHARIBI  B,Zanzibar Airport,2020,10,2nd week,31.8,2,,,UNKNOWN,86.0
MAGHARIBI  B,Zanzibar Airport,2020,10,3rd week,32.2,3,,,UNKNOWN,86.0
MAGHARIBI  B,Zanzibar Airport,2020,10,4th week,49.6,4,,,UNKNOWN,86.0
MAGHARIBI  B,Zanzibar Airport,2020,11,1st week,45.00000000000001,1,,,UNKNOWN,84.0
MAGHARIBI  B,Zanzibar Airport,2020,11,2nd week,107.1,2,,,UNKNOWN,84.0
MAGHARIBI  B,Zanzibar Airport,2020,11,3rd week,14.9,3,,,UNKNOWN,84.0
MAGHARIBI  B,Zanzibar Airport,2020,11,4th week,91.2,4,,,UNKNOWN,84.0
MAGHARIBI  B,Zanzibar Airport,2020,12,1st week,57.4,1,,,UNKNOWN,82.0
MAGHARIBI  B,Zanzibar Airport,2020,12,2nd week,23.8,2,,,UNKNOWN,82.0
MAGHARIBI  B,Zanzibar Airport,2020,12,3rd week,45.400000000000006,3,,,UNKNOWN,82.0
MAGHARIBI  B,Zanzibar Airport,2020,12,4th week,59.9,4,,,UNKNOWN,82.0
MAGHARIBI  B,Zanzibar Airport,2021,1,1st week,10.7,1,,,UNKNOWN,81.0
MAGHARIBI  B,Zanzibar Airport,2021,1,2nd week,5.7,2,,,UNKNOWN,81.0
MAGHARIBI  B,Zanzibar Airport,2021,1,3rd week,0.0,3,,,UNKNOWN,81.0
MAGHARIBI  B,Zanzibar Airport,2021,1,4th week,11.9,4,,,UNKNOWN,81.0
MAGHARIBI  B,Zanzibar Airport,2021,2,1st week,6.8,1,,,UNKNOWN,79.0
MAGHARIBI  B,Zanzibar Airport,2021,2,2nd week,18.3,2,,,UNKNOWN,79.0
MAGHARIBI  B,Zanzibar Airport,2021,2,3rd week,0.0,3,,,UNKNOWN,79.0
MAGHARIBI  B,Zanzibar Airport,2021,2,4th week,12.0,4,,,UNKNOWN,79.0
MAGHARIBI  B,Zanzibar Airport,2021,3,1st week,0.0,1,,,UNKNOWN,80.0
MAGHARIBI  B,Zanzibar Airport,2021,3,2nd week,1.1,2,,,UNKNOWN,80.0
MAGHARIBI  B,Zanzibar Airport,2021,3,3rd week,25.200000000000003,3,,,UNKNOWN,80.0
MAGHARIBI  B,Zanzibar Airport,2021,3,4th week,4.2,4,,,UNKNOWN,80.0
MAGHARIBI  B,Zanzibar Airport,2021,4,1st week,16.2,1,,,UNKNOWN,87.0
MAGHARIBI  B,Zanzibar Airport,2021,4,2nd week,82.60000000000001,2,,,UNKNOWN,87.0
MAGHARIBI  B,Zanzibar Airport,2021,4,3rd week,72.9,3,,,UNKNOWN,87.0
MAGHARIBI  B,Zanzibar Airport,2021,4,4th week,57.0,4,,,UNKNOWN,87.0
MAGHARIBI  B,Zanzibar Airport,2021,5,1st week,70.80000000000001,1,,,UNKNOWN,80.0
MAGHARIBI  B,Zanzibar Airport,2021,5,2nd week,0.0,2,,,UNKNOWN,80.0
MAGHARIBI  B,Zanzibar Airport,2021,5,3rd week,0.0,3,,,UNKNOWN,80.0
MAGHARIBI  B,Zanzibar Airport,2021,5,4th week,0.0,4,,,UNKNOWN,80.0
MAGHARIBI  B,Zanzibar Airport,2021,6,1st week,41.5,1,,,UNKNOWN,75.0
MAGHARIBI  B,Zanzibar Airport,2021,6,2nd week,7.8,2,,,UNKNOWN,75.0
MAGHARIBI  B,Zanzibar Airport,2021,6,3rd week,1.3,3,,,UNKNOWN,75.0
MAGHARIBI  B,Zanzibar Airport,2021,6,4th week,9.7,4,,,UNKNOWN,75.0
MAGHARIBI  B,Zanzibar Airport,2021,7,1st week,0.0,1,,,UNKNOWN,73.0
MAGHARIBI  B,Zanzibar Airport,2021,7,2nd week,17.1,2,,,UNKNOWN,73.0
MAGHARIBI  B,Zanzibar Airport,2021,7,3rd week,0.0,3,,,UNKNOWN,73.0
MAGHARIBI  B,Zanzibar Airport,2021,7,4th week,2.9,4,,,UNKNOWN,73.0
MAGHARIBI  B,Zanzibar Airport,2021,8,1st week,0.0,1,,,UNKNOWN,77.0
MAGHARIBI  B,Zanzibar Airport,2021,8,2nd week,2.2,2,,,UNKNOWN,77.0
MAGHARIBI  B,Zanzibar Airport,2021,8,3rd week,10.4,3,,,UNKNOWN,77.0
MAGHARIBI  B,Zanzibar Airport,2021,8,4th week,3.6,4,,,UNKNOWN,77.0
MAGHARIBI  B,Zanzibar Airport,2021,9,1st week,0.0,1,,,UNKNOWN,76.0
MAGHARIBI  B,Zanzibar Airport,2021,9,2nd week,6.0,2,,,UNKNOWN,76.0
MAGHARIBI  B,Zanzibar Airport,2021,9,3rd week,0.8,3,,,UNKNOWN,76.0
MAGHARIBI  B,Zanzibar Airport,2021,9,4th week,4.6,4,,,UNKNOWN,76.0
MAGHARIBI  B,Zanzibar Airport,2021,10,1st week,0.0,1,,,UNKNOWN,78.0
MAGHARIBI  B,Zanzibar Airport,2021,10,2nd week,4.800000000000001,2,,,UNKNOWN,78.0
MAGHARIBI  B,Zanzibar Airport,2021,10,3rd week,13.0,3,,,UNKNOWN,78.0
MAGHARIBI  B,Zanzibar Airport,2021,10,4th week,0.1,4,,,UNKNOWN,78.0
MAGHARIBI  B,Zanzibar Airport,2021,11,1st week,0.0,1,,,UNKNOWN,82.0
MAGHARIBI  B,Zanzibar Airport,2021,11,2nd week,1.2,2,,,UNKNOWN,82.0
MAGHARIBI  B,Zanzibar Airport,2021,11,3rd week,0.0,3,,,UNKNOWN,82.0
MAGHARIBI  B,Zanzibar Airport,2021,11,4th week,6.2,4,,,UNKNOWN,82.0
MAGHARIBI  B,Zanzibar Airport,2021,12,1st week,90.3,1,,,UNKNOWN,79.0
MAGHARIBI  B,Zanzibar Airport,2021,12,2nd week,70.60000000000001,2,,,UNKNOWN,79.0
MAGHARIBI  B,Zanzibar Airport,2021,12,3rd week,63.9,3,,,UNKNOWN,79.0
MAGHARIBI  B,Zanzibar Airport,2021,12,4th week,62.10000000000001,4,,,UNKNOWN,79.0
MAGHARIBI  B,Zanzibar Airport,2022,1,1st week,0.0,1,,,UNKNOWN,77.0
MAGHARIBI  B,Zanzibar Airport,2022,1,2nd week,58.39999999999999,2,,,UNKNOWN,77.0
MAGHARIBI  B,Zanzibar Airport,2022,1,3rd week,1.4,3,,,UNKNOWN,77.0
MAGHARIBI  B,Zanzibar Airport,2022,1,4th week,0.0,4,,,UNKNOWN,77.0
MAGHARIBI  B,Zanzibar Airport,2022,2,1st week,60.50000000000001,1,,,UNKNOWN,77.0
MAGHARIBI  B,Zanzibar Airport,2022,2,2nd week,7.8,2,,,UNKNOWN,77.0
MAGHARIBI  B,Zanzibar Airport,2022,2,3rd week,0.1,3,,,UNKNOWN,77.0
MAGHARIBI  B,Zanzibar Airport,2022,2,4th week,0.0,4,,,UNKNOWN,77.0
MAGHARIBI  B,Zanzibar Airport,2022,3,1st week,0.0,1,,,UNKNOWN,75.0
MAGHARIBI  B,Zanzibar Airport,2022,3,2nd week,0.0,2,,,UNKNOWN,75.0
MAGHARIBI  B,Zanzibar Airport,2022,3,3rd week,64.2,3,,,UNKNOWN,75.0
MAGHARIBI  B,Zanzibar Airport,2022,3,4th week,26.9,4,,,UNKNOWN,75.0
MAGHARIBI  B,Zanzibar Airport,2022,4,1st week,2.8000000000000003,1,,,UNKNOWN,82.0
MAGHARIBI  B,Zanzibar Airport,2022,4,2nd week,6.000000000000001,2,,,UNKNOWN,82.0
MAGHARIBI  B,Zanzibar Airport,2022,4,3rd week,156.7,3,,,UNKNOWN,82.0
MAGHARIBI  B,Zanzibar Airport,2022,4,4th week,67.8,4,,,UNKNOWN,82.0
MAGHARIBI  B,Zanzibar Airport,2022,5,1st week,34.7,1,,,UNKNOWN,77.0
MAGHARIBI  B,Zanzibar Airport,2022,5,2nd week,35.0,2,,,UNKNOWN,77.0
MAGHARIBI  B,Zanzibar Airport,2022,5,3rd week,0.0,3,,,UNKNOWN,77.0
MAGHARIBI  B,Zanzibar Airport,2022,5,4th week,9.1,4,,,UNKNOWN,77.0
MAGHARIBI  B,Zanzibar Airport,2022,6,1st week,3.0,1,,,UNKNOWN,75.0
MAGHARIBI  B,Zanzibar Airport,2022,6,2nd week,21.8,2,,,UNKNOWN,75.0
MAGHARIBI  B,Zanzibar Airport,2022,6,3rd week,0.0,3,,,UNKNOWN,75.0
MAGHARIBI  B,Zanzibar Airport,2022,6,4th week,0.0,4,,,UNKNOWN,75.0
MAGHARIBI  B,Zanzibar Airport,2022,7,1st week,18.9,1,,,UNKNOWN,73.0
MAGHARIBI  B,Zanzibar Airport,2022,7,2nd week,1.6,2,,,UNKNOWN,73.0
MAGHARIBI  B,Zanzibar Airport,2022,7,3rd week,4.9,3,,,UNKNOWN,73.0
MAGHARIBI  B,Zanzibar Airport,2022,7,4th week,8.1,4,,,UNKNOWN,73.0
MAGHARIBI  B,Zanzibar Airport,2022,8,1st week,2.4,1,,,UNKNOWN,76.0
MAGHARIBI  B,Zanzibar Airport,2022,8,2nd week,1.2,2,,,UNKNOWN,76.0
MAGHARIBI  B,Zanzibar Airport,2022,8,3rd week,0.5,3,,,UNKNOWN,76.0
MAGHARIBI  B,Zanzibar Airport,2022,8,4th week,0.3,4,,,UNKNOWN,76.0
MAGHARIBI  B,Zanzibar Airport,2022,9,1st week,0.0,1,,,UNKNOWN,74.0
MAGHARIBI  B,Zanzibar Airport,2022,9,2nd week,3.4,2,,,UNKNOWN,74.0
MAGHARIBI  B,Zanzibar Airport,2022,9,3rd week,2.1,3,,,UNKNOWN,74.0
MAGHARIBI  B,Zanzibar Airport,2022,9,4th week,10.1,4,,,UNKNOWN,74.0
MAGHARIBI  B,Zanzibar Airport,2022,10,1st week,3.5,1,,,UNKNOWN,74.0
MAGHARIBI  B,Zanzibar Airport,2022,10,2nd week,0.0,2,,,UNKNOWN,74.0
MAGHARIBI  B,Zanzibar Airport,2022,10,3rd week,7.699999999999999,3,,,UNKNOWN,74.0
MAGHARIBI  B,Zanzibar Airport,2022,10,4th week,33.4,4,,,UNKNOWN,74.0
MAGHARIBI  B,Zanzibar Airport,2022,11,1st week,18.0,1,,,UNKNOWN,74.0
MAGHARIBI  B,Zanzibar Airport,2022,11,2nd week,146.5,2,,,UNKNOWN,74.0
MAGHARIBI  B,Zanzibar Airport,2022,11,3rd week,129.89999999999998,3,,,UNKNOWN,74.0
MAGHARIBI  B,Zanzibar Airport,2022,11,4th week,24.7,4,,,UNKNOWN,74.0
MAGHARIBI  B,Zanzibar Airport,2022,12,1st week,0.0,1,,,UNKNOWN,82.0
MAGHARIBI  B,Zanzibar Airport,2022,12,2nd week,59.5,2,,,UNKNOWN,82.0
MAGHARIBI  B,Zanzibar Airport,2022,12,3rd week,49.0,3,,,UNKNOWN,82.0
MAGHARIBI  B,Zanzibar Airport,2022,12,4th week,54.8,4,,,UNKNOWN,82.0
MAGHARIBI  B,Zanzibar Airport,2023,1,1st week,3.8,1,,,UNKNOWN,76.0
MAGHARIBI  B,Zanzibar Airport,2023,1,2nd week,58.39999999999999,2,,,UNKNOWN,76.0
MAGHARIBI  B,Zanzibar Airport,2023,1,3rd week,1.4,3,,,UNKNOWN,76.0
MAGHARIBI  B,Zanzibar Airport,2023,1,4th week,0.0,4,,,UNKNOWN,76.0
MAGHARIBI  B,Zanzibar Airport,2023,2,1st week,0.0,1,,,UNKNOWN,76.0
MAGHARIBI  B,Zanzibar Airport,2023,2,2nd week,7.8,2,,,UNKNOWN,76.0
MAGHARIBI  B,Zanzibar Airport,2023,2,3rd week,0.1,3,,,UNKNOWN,76.0
MAGHARIBI  B,Zanzibar Airport,2023,2,4th week,0.0,4,,,UNKNOWN,76.0
MAGHARIBI  B,Zanzibar Airport,2023,3,1st week,0.0,1,,,UNKNOWN,75.0
MAGHARIBI  B,Zanzibar Airport,2023,3,2nd week,0.0,2,,,UNKNOWN,75.0
MAGHARIBI  B,Zanzibar Airport,2023,3,3rd week,64.2,3,,,UNKNOWN,75.0
MAGHARIBI  B,Zanzibar Airport,2023,3,4th week,26.9,4,,,UNKNOWN,75.0
MAGHARIBI  B,Zanzibar Airport,2023,4,1st week,51.6,1,,,UNKNOWN,83.0
MAGHARIBI  B,Zanzibar Airport,2023,4,2nd week,6.000000000000001,2,,,UNKNOWN,83.0
MAGHARIBI  B,Zanzibar Airport,2023,4,3rd week,156.7,3,,,UNKNOWN,83.0
MAGHARIBI  B,Zanzibar Airport,2023,4,4th week,67.8,4,,,UNKNOWN,83.0
MAGHARIBI  B,Zanzibar Airport,2023,5,1st week,69.6,1,,,UNKNOWN,79.0
MAGHARIBI  B,Zanzibar Airport,2023,5,2nd week,35.0,2,,,UNKNOWN,79.0
MAGHARIBI  B,Zanzibar Airport,2023,5,3rd week,0.0,3,,,UNKNOWN,79.0
MAGHARIBI  B,Zanzibar Airport,2023,5,4th week,9.1,4,,,UNKNOWN,79.0
MAGHARIBI  B,Zanzibar Airport,2023,6,1st week,96.9,1,,,UNKNOWN,79.0
MAGHARIBI  B,Zanzibar Airport,2023,6,2nd week,21.8,2,,,UNKNOWN,79.0
MAGHARIBI  B,Zanzibar Airport,2023,6,3rd week,0.0,3,,,UNKNOWN,79.0
MAGHARIBI  B,Zanzibar Airport,2023,6,4th week,0.0,4,,,UNKNOWN,79.0
MAGHARIBI  B,Zanzibar Airport,2023,7,1st week,51.1,1,,,UNKNOWN,79.0
MAGHARIBI  B,Zanzibar Airport,2023,7,2nd week,1.6,2,,,UNKNOWN,79.0
MAGHARIBI  B,Zanzibar Airport,2023,7,3rd week,4.9,3,,,UNKNOWN,79.0
MAGHARIBI  B,Zanzibar Airport,2023,7,4th week,8.1,4,,,UNKNOWN,79.0
MAGHARIBI  B,Zanzibar Airport,2023,8,1st week,2.8000000000000003,1,,,UNKNOWN,78.0
MAGHARIBI  B,Zanzibar Airport,2023,8,2nd week,1.2,2,,,UNKNOWN,78.0
MAGHARIBI  B,Zanzibar Airport,2023,8,3rd week,0.5,3,,,UNKNOWN,78.0
MAGHARIBI  B,Zanzibar Airport,2023,8,4th week,0.3,4,,,UNKNOWN,78.0
MAGHARIBI  B,Zanzibar Airport,2023,9,1st week,0.0,1,,,UNKNOWN,73.0
MAGHARIBI  B,Zanzibar Airport,2023,9,2nd week,3.4,2,,,UNKNOWN,73.0
MAGHARIBI  B,Zanzibar Airport,2023,9,3rd week,2.1,3,,,UNKNOWN,73.0
MAGHARIBI  B,Zanzibar Airport,2023,9,4th week,10.1,4,,,UNKNOWN,73.0
MAGHARIBI  B,Zanzibar Airport,2023,10,1st week,12.2,1,,,UNKNOWN,80.0
MAGHARIBI  B,Zanzibar Airport,2023,10,2nd week,0.0,2,,,UNKNOWN,80.0
MAGHARIBI  B,Zanzibar Airport,2023,10,3rd week,7.699999999999999,3,,,UNKNOWN,80.0
MAGHARIBI  B,Zanzibar Airport,2023,10,4th week,33.4,4,,,UNKNOWN,80.0
MAGHARIBI  B,Zanzibar Airport,2023,11,1st week,487.9,1,,,UNKNOWN,88.0
MAGHARIBI  B,Zanzibar Airport,2023,11,2nd week,146.5,2,,,UNKNOWN,88.0
MAGHARIBI  B,Zanzibar Airport,2023,11,3rd week,129.89999999999998,3,,,UNKNOWN,88.0
MAGHARIBI  B,Zanzibar Airport,2023,11,4th week,24.7,4,,,UNKNOWN,88.0
MAGHARIBI  B,Zanzibar Airport,2023,12,1st week,55.9,1,,,UNKNOWN,84.0
MAGHARIBI  B,Zanzibar Airport,2023,12,2nd week,59.5,2,,,UNKNOWN,84.0
MAGHARIBI  B,Zanzibar Airport,2023,12,3rd week,49.0,3,,,UNKNOWN,84.0
MAGHARIBI  B,Zanzibar Airport,2023,12,4th week,54.8,4,,,UNKNOWN,84.0
MICHEWENI,Matangatuani,2018,1,1st week,6.1,1,,,,
MICHEWENI,Matangatuani,2018,1,2nd week,3.6,2,,,,
MICHEWENI,Matangatuani,2018,1,3rd week,0.0,3,,,,
MICHEWENI,Matangatuani,2018,1,4th week,0.0,4,,,,
MICHEWENI,Matangatuani,2018,2,1st week,0.0,1,,,,
MICHEWENI,Matangatuani,2018,2,2nd week,28.0,2,,,,
MICHEWENI,Matangatuani,2018,2,3rd week,0.8,3,,,,
MICHEWENI,Matangatuani,2018,2,4th week,28.9,4,,,,
MICHEWENI,Matangatuani,2018,3,1st week,85.5,1,,,,
MICHEWENI,Matangatuani,2018,3,2nd week,1.4,2,,,,
MICHEWENI,Matangatuani,2018,3,3rd week,28.1,3,,,,
MICHEWENI,Matangatuani,2018,3,4th week,78.9,4,,,,
MICHEWENI,Matangatuani,2018,4,1st week,85.5,1,,,,
MICHEWENI,Matangatuani,2018,4,2nd week,130.6,2,,,,
MICHEWENI,Matangatuani,2018,4,3rd week,104.5,3,,,,
MICHEWENI,Matangatuani,2018,4,4th week,132.0,4,,,,
MICHEWENI,Matangatuani,2018,5,1st week,186.3,1,,,,
MICHEWENI,Matangatuani,2018,5,2nd week,87.7,2,,,,
MICHEWENI,Matangatuani,2018,5,3rd week,117.9,3,,,,
MICHEWENI,Matangatuani,2018,5,4th week,217.4,4,,,,
MICHEWENI,Matangatuani,2018,6,1st week,8.5,1,,,,
MICHEWENI,Matangatuani,2018,6,2nd week,59.4,2,,,,
MICHEWENI,Matangatuani,2018,6,3rd week,50.3,3,,,,
MICHEWENI,Matangatuani,2018,6,4th week,13.2,4,,,,
MICHEWENI,Matangatuani,2018,7,1st week,14.9,1,,,,
MICHEWENI,Matangatuani,2018,7,2nd week,2.8,2,,,,
MICHEWENI,Matangatuani,2018,7,3rd week,25.1,3,,,,
MICHEWENI,Matangatuani,2018,7,4th week,8.8,4,,,,
MICHEWENI,Matangatuani,2018,8,1st week,7.2,1,,,,
MICHEWENI,Matangatuani,2018,8,2nd week,5.4,2,,,,
MICHEWENI,Matangatuani,2018,8,3rd week,3.5,3,,,,
MICHEWENI,Matangatuani,2018,8,4th week,3.5,4,,,,
MICHEWENI,Matangatuani,2018,9,1st week,8.2,1,,,,
MICHEWENI,Matangatuani,2018,9,2nd week,6.1,2,,,,
MICHEWENI,Matangatuani,2018,9,3rd week,3.5,3,,,,
MICHEWENI,Matangatuani,2018,9,4th week,0.9,4,,,,
MICHEWENI,Matangatuani,2018,10,1st week,0.0,1,,,,
MICHEWENI,Matangatuani,2018,10,2nd week,0.0,2,,,,
MICHEWENI,Matangatuani,2018,10,3rd week,4.7,3,,,,
MICHEWENI,Matangatuani,2018,10,4th week,30.0,4,,,,
MICHEWENI,Matangatuani,2018,11,1st week,41.5,1,,,,
MICHEWENI,Matangatuani,2018,11,2nd week,19.3,2,,,,
MICHEWENI,Matangatuani,2018,11,3rd week,13.5,3,,,,
MICHEWENI,Matangatuani,2018,11,4th week,0.0,4,,,,
MICHEWENI,Matangatuani,2018,12,1st week,0.0,1,,,,
MICHEWENI,Matangatuani,2018,12,2nd week,0.0,2,,,,
MICHEWENI,Matangatuani,2018,12,3rd week,7.0,3,,,,
MICHEWENI,Matangatuani,2018,12,4th week,3.8,4,,,,
MICHEWENI,Matangatuani,2019,1,1st week,0.0,1,,,,
MICHEWENI,Matangatuani,2019,1,2nd week,0.0,2,,,,
MICHEWENI,Matangatuani,2019,1,3rd week,0.0,3,,,,
MICHEWENI,Matangatuani,2019,1,4th week,0.0,4,,,,
MICHEWENI,Matangatuani,2019,2,1st week,0.0,1,,,,
MICHEWENI,Matangatuani,2019,2,2nd week,0.0,2,,,,
MICHEWENI,Matangatuani,2019,2,3rd week,0.0,3,,,,
MICHEWENI,Matangatuani,2019,2,4th week,6.3,4,,,,
MICHEWENI,Matangatuani,2019,3,1st week,0.0,1,,,,
MICHEWENI,Matangatuani,2019,3,2nd week,0.0,2,,,,
MICHEWENI,Matangatuani,2019,3,3rd week,0.0,3,,,,
MICHEWENI,Matangatuani,2019,3,4th week,44.5,4,,,,
MICHEWENI,Matangatuani,2019,4,1st week,36.2,1,,,,
MICHEWENI,Matangatuani,2019,4,2nd week,45.2,2,,,,
MICHEWENI,Matangatuani,2019,4,3rd week,63.4,3,,,,
MICHEWENI,Matangatuani,2019,4,4th week,68.6,4,,,,
MICHEWENI,Matangatuani,2019,5,1st week,37.1,1,,,,
MICHEWENI,Matangatuani,2019,5,2nd week,147.8,2,,,,
MICHEWENI,Matangatuani,2019,5,3rd week,36.1,3,,,,
MICHEWENI,Matangatuani,2019,5,4th week,11.2,4,,,,
MICHEWENI,Matangatuani,2019,6,1st week,17.0,1,,,,
MICHEWENI,Matangatuani,2019,6,2nd week,0.0,2,,,,
MICHEWENI,Matangatuani,2019,6,3rd week,21.1,3,,,,
MICHEWENI,Matangatuani,2019,6,4th week,1.0,4,,,,
MICHEWENI,Matangatuani,2019,7,1st week,29.1,1,,,,
MICHEWENI,Matangatuani,2019,7,2nd week,9.1,2,,,,
MICHEWENI,Matangatuani,2019,7,3rd week,2.1,3,,,,
MICHEWENI,Matangatuani,2019,7,4th week,1.4,4,,,,
MICHEWENI,Matangatuani,2019,8,1st week,0.0,1,,,,
MICHEWENI,Matangatuani,2019,8,2nd week,14.8,2,,,,
MICHEWENI,Matangatuani,2019,8,3rd week,47.0,3,,,,
MICHEWENI,Matangatuani,2019,8,4th week,0.5,4,,,,
MICHEWENI,Matangatuani,2019,9,1st week,1.6,1,,,,
MICHEWENI,Matangatuani,2019,9,2nd week,2.3,2,,,,
MICHEWENI,Matangatuani,2019,9,3rd week,0.3,3,,,,
MICHEWENI,Matangatuani,2019,9,4th week,7.7,4,,,,
MICHEWENI,Matangatuani,2019,10,1st week,3.3,1,,,,
MICHEWENI,Matangatuani,2019,10,2nd week,52.2,2,,,,
MICHEWENI,Matangatuani,2019,10,3rd week,1.1,3,,,,
MICHEWENI,Matangatuani,2019,10,4th week,2.2,4,,,,
MICHEWENI,Matangatuani,2019,11,1st week,10.2,1,,,,
MICHEWENI,Matangatuani,2019,11,2nd week,23.1,2,,,,
MICHEWENI,Matangatuani,2019,11,3rd week,7.2,3,,,,
MICHEWENI,Matangatuani,2019,11,4th week,50.4,4,,,,
MICHEWENI,Matangatuani,2019,12,1st week,27.7,1,,,,
MICHEWENI,Matangatuani,2019,12,2nd week,62.3,2,,,,
MICHEWENI,Matangatuani,2019,12,3rd week,18.3,3,,,,
MICHEWENI,Matangatuani,2019,12,4th week,67.5,4,,,,
MICHEWENI,Matangatuani,2020,1,1st week,17.5,1,,,,
MICHEWENI,Matangatuani,2020,1,2nd week,0.0,2,,,,
MICHEWENI,Matangatuani,2020,1,3rd week,0.0,3,,,,
MICHEWENI,Matangatuani,2020,1,4th week,0.0,4,,,,
MICHEWENI,Matangatuani,2020,2,1st week,0.0,1,,,,
MICHEWENI,Matangatuani,2020,2,2nd week,11.7,2,,,,
MICHEWENI,Matangatuani,2020,2,3rd week,0.0,3,,,,
MICHEWENI,Matangatuani,2020,2,4th week,41.3,4,,,,
MICHEWENI,Matangatuani,2020,3,1st week,0.0,1,,,,
MICHEWENI,Matangatuani,2020,3,2nd week,0.0,2,,,,
MICHEWENI,Matangatuani,2020,3,3rd week,0.0,3,,,,
MICHEWENI,Matangatuani,2020,3,4th week,1.0,4,,,,
MICHEWENI,Matangatuani,2020,4,1st week,61.1,1,,,,
MICHEWENI,Matangatuani,2020,4,2nd week,88.8,2,,,,
MICHEWENI,Matangatuani,2020,4,3rd week,58.2,3,,,,
MICHEWENI,Matangatuani,2020,4,4th week,54.3,4,,,,
MICHEWENI,Matangatuani,2020,5,1st week,76.7,1,,,,
MICHEWENI,Matangatuani,2020,5,2nd week,220.0,2,,,,
MICHEWENI,Matangatuani,2020,5,3rd week,99.0,3,,,,
MICHEWENI,Matangatuani,2020,5,4th week,398.5,4,,,,
MICHEWENI,Matangatuani,2020,6,1st week,7.9,1,,,,
MICHEWENI,Matangatuani,2020,6,2nd week,1.5,2,,,,
MICHEWENI,Matangatuani,2020,6,3rd week,13.4,3,,,,
MICHEWENI,Matangatuani,2020,6,4th week,0.0,4,,,,
MICHEWENI,Matangatuani,2020,7,1st week,7.2,1,,,,
MICHEWENI,Matangatuani,2020,7,2nd week,0.0,2,,,,
MICHEWENI,Matangatuani,2020,7,3rd week,31.7,3,,,,
MICHEWENI,Matangatuani,2020,7,4th week,0.0,4,,,,
MICHEWENI,Matangatuani,2020,8,1st week,28.0,1,,,,
MICHEWENI,Matangatuani,2020,8,2nd week,0.0,2,,,,
MICHEWENI,Matangatuani,2020,8,3rd week,0.0,3,,,,
MICHEWENI,Matangatuani,2020,8,4th week,14.8,4,,,,
MICHEWENI,Matangatuani,2020,9,1st week,0.0,1,,,,
MICHEWENI,Matangatuani,2020,9,2nd week,30.0,2,,,,
MICHEWENI,Matangatuani,2020,9,3rd week,0.0,3,,,,
MICHEWENI,Matangatuani,2020,9,4th week,18.0,4,,,,
MICHEWENI,Matangatuani,2020,10,1st week,40.9,1,,,,
MICHEWENI,Matangatuani,2020,10,2nd week,151.9,2,,,,
MICHEWENI,Matangatuani,2020,10,3rd week,64.3,3,,,,
MICHEWENI,Matangatuani,2020,10,4th week,93.5,4,,,,
MICHEWENI,Matangatuani,2020,11,1st week,16.6,1,,,,
MICHEWENI,Matangatuani,2020,11,2nd week,83.4,2,,,,
MICHEWENI,Matangatuani,2020,11,3rd week,16.7,3,,,,
MICHEWENI,Matangatuani,2020,11,4th week,67.1,4,,,,
MICHEWENI,Matangatuani,2020,12,1st week,77.4,1,,,,
MICHEWENI,Matangatuani,2020,12,2nd week,6.5,2,,,,
MICHEWENI,Matangatuani,2020,12,3rd week,48.0,3,,,,
MICHEWENI,Matangatuani,2020,12,4th week,0.0,4,,,,
MICHEWENI,Matangatuani,2021,1,1st week,0.0,1,,,,
MICHEWENI,Matangatuani,2021,1,2nd week,0.0,2,,,,
MICHEWENI,Matangatuani,2021,1,3rd week,0.0,3,,,,
MICHEWENI,Matangatuani,2021,1,4th week,10.5,4,,,,
MICHEWENI,Matangatuani,2021,2,1st week,0.0,1,,,,
MICHEWENI,Matangatuani,2021,2,2nd week,0.0,2,,,,
MICHEWENI,Matangatuani,2021,2,3rd week,0.0,3,,,,
MICHEWENI,Matangatuani,2021,2,4th week,35.8,4,,,,
MICHEWENI,Matangatuani,2021,3,1st week,6.8,1,,,,
MICHEWENI,Matangatuani,2021,3,2nd week,0.0,2,,,,
MICHEWENI,Matangatuani,2021,3,3rd week,30.3,3,,,,
MICHEWENI,Matangatuani,2021,3,4th week,89.9,4,,,,
MICHEWENI,Matangatuani,2021,4,1st week,72.8,1,,,,
MICHEWENI,Matangatuani,2021,4,2nd week,77.2,2,,,,
MICHEWENI,Matangatuani,2021,4,3rd week,92.3,3,,,,
MICHEWENI,Matangatuani,2021,4,4th week,88.5,4,,,,
MICHEWENI,Matangatuani,2021,5,1st week,367.4,1,,,,
MICHEWENI,Matangatuani,2021,5,2nd week,336.0,2,,,,
MICHEWENI,Matangatuani,2021,5,3rd week,138.9,3,,,,
MICHEWENI,Matangatuani,2021,5,4th week,156.9,4,,,,
MICHEWENI,Matangatuani,2021,6,1st week,13.4,1,,,,
MICHEWENI,Matangatuani,2021,6,2nd week,14.0,2,,,,
MICHEWENI,Matangatuani,2021,6,3rd week,32.5,3,,,,
MICHEWENI,Matangatuani,2021,6,4th week,43.3,4,,,,
MICHEWENI,Matangatuani,2021,7,1st week,8.5,1,,,,
MICHEWENI,Matangatuani,2021,7,2nd week,4.4,2,,,,
MICHEWENI,Matangatuani,2021,7,3rd week,0.0,3,,,,
MICHEWENI,Matangatuani,2021,7,4th week,0.0,4,,,,
MICHEWENI,Matangatuani,2021,8,1st week,25.5,1,,,,
MICHEWENI,Matangatuani,2021,8,2nd week,1.0,2,,,,
MICHEWENI,Matangatuani,2021,8,3rd week,13.5,3,,,,
MICHEWENI,Matangatuani,2021,8,4th week,0.0,4,,,,
MICHEWENI,Matangatuani,2021,9,1st week,0.0,1,,,,
MICHEWENI,Matangatuani,2021,9,2nd week,3.3,2,,,,
MICHEWENI,Matangatuani,2021,9,3rd week,13.0,3,,,,
MICHEWENI,Matangatuani,2021,9,4th week,0.0,4,,,,
MICHEWENI,Matangatuani,2021,10,1st week,1.6,1,,,,
MICHEWENI,Matangatuani,2021,10,2nd week,0.0,2,,,,
MICHEWENI,Matangatuani,2021,10,3rd week,0.0,3,,,,
MICHEWENI,Matangatuani,2021,10,4th week,116.9,4,,,,
MICHEWENI,Matangatuani,2021,11,1st week,67.9,1,,,,
MICHEWENI,Matangatuani,2021,11,2nd week,4.2,2,,,,
MICHEWENI,Matangatuani,2021,11,3rd week,15.0,3,,,,
MICHEWENI,Matangatuani,2021,11,4th week,31.8,4,,,,
MICHEWENI,Matangatuani,2021,12,1st week,56.5,1,,,,
MICHEWENI,Matangatuani,2021,12,2nd week,103.2,2,,,,
MICHEWENI,Matangatuani,2021,12,3rd week,2.0,3,,,,
MICHEWENI,Matangatuani,2021,12,4th week,0.0,4,,,,
MICHEWENI,Matangatuani,2022,1,1st week,0.0,1,,,,
MICHEWENI,Matangatuani,2022,1,2nd week,0.0,2,,,,
MICHEWENI,Matangatuani,2022,1,3rd week,27.0,3,,,,
MICHEWENI,Matangatuani,2022,1,4th week,0.0,4,,,,
MICHEWENI,Matangatuani,2022,2,1st week,0.0,1,,,,
MICHEWENI,Matangatuani,2022,2,2nd week,0.0,2,,,,
MICHEWENI,Matangatuani,2022,2,3rd week,30.5,3,,,,
MICHEWENI,Matangatuani,2022,2,4th week,0.5,4,,,,
MICHEWENI,Matangatuani,2022,3,1st week,0.0,1,,,,
MICHEWENI,Matangatuani,2022,3,2nd week,0.0,2,,,,
MICHEWENI,Matangatuani,2022,3,3rd week,0.0,3,,,,
MICHEWENI,Matangatuani,2022,3,4th week,43.6,4,,,,
MICHEWENI,Matangatuani,2022,4,1st week,54.9,1,,,,
MICHEWENI,Matangatuani,2022,4,2nd week,12.5,2,,,,
MICHEWENI,Matangatuani,2022,4,3rd week,260.4,3,,,,
MICHEWENI,Matangatuani,2022,4,4th week,154.5,4,,,,
MICHEWENI,Matangatuani,2022,5,1st week,135.7,1,,,,
MICHEWENI,Matangatuani,2022,5,2nd week,8.3,2,,,,
MICHEWENI,Matangatuani,2022,5,3rd week,55.1,3,,,,
MICHEWENI,Matangatuani,2022,5,4th week,12.5,4,,,,
MICHEWENI,Matangatuani,2022,6,1st week,58.0,1,,,,
MICHEWENI,Matangatuani,2022,6,2nd week,24.4,2,,,,
MICHEWENI,Matangatuani,2022,6,3rd week,21.7,3,,,,
MICHEWENI,Matangatuani,2022,6,4th week,16.7,4,,,,
MICHEWENI,Matangatuani,2022,7,1st week,34.6,1,,,,
MICHEWENI,Matangatuani,2022,7,2nd week,49.9,2,,,,
MICHEWENI,Matangatuani,2022,7,3rd week,10.1,3,,,,
MICHEWENI,Matangatuani,2022,7,4th week,0.0,4,,,,
MICHEWENI,Matangatuani,2022,8,1st week,0.0,1,,,,
MICHEWENI,Matangatuani,2022,8,2nd week,7.5,2,,,,
MICHEWENI,Matangatuani,2022,8,3rd week,3.0,3,,,,
MICHEWENI,Matangatuani,2022,8,4th week,11.1,4,,,,
MICHEWENI,Matangatuani,2022,9,1st week,0.0,1,,,,
MICHEWENI,Matangatuani,2022,9,2nd week,0.0,2,,,,
MICHEWENI,Matangatuani,2022,9,3rd week,1.0,3,,,,
MICHEWENI,Matangatuani,2022,9,4th week,26.9,4,,,,
MICHEWENI,Matangatuani,2022,10,1st week,1.5,1,,,,
MICHEWENI,Matangatuani,2022,10,2nd week,2.0,2,,,,
MICHEWENI,Matangatuani,2022,10,3rd week,16.1,3,,,,
MICHEWENI,Matangatuani,2022,10,4th week,13.0,4,,,,
MICHEWENI,Matangatuani,2022,11,1st week,12.0,1,,,,
MICHEWENI,Matangatuani,2022,11,2nd week,34.7,2,,,,
MICHEWENI,Matangatuani,2022,11,3rd week,44.9,3,,,,
MICHEWENI,Matangatuani,2022,11,4th week,20.4,4,,,,
MICHEWENI,Matangatuani,2022,12,1st week,0.0,1,,,,
MICHEWENI,Matangatuani,2022,12,2nd week,23.8,2,,,,
MICHEWENI,Matangatuani,2022,12,3rd week,9.8,3,,,,
MICHEWENI,Matangatuani,2022,12,4th week,3.7,4,,,,
MICHEWENI,Matangatuani,2023,1,1st week,5.6,1,,,,
MICHEWENI,Matangatuani,2023,1,2nd week,3.5,2,,,,
MICHEWENI,Matangatuani,2023,1,3rd week,1.0,3,,,,
MICHEWENI,Matangatuani,2023,1,4th week,0.0,4,,,,
MICHEWENI,Matangatuani,2023,2,1st week,0.0,1,,,,
MICHEWENI,Matangatuani,2023,2,2nd week,0.0,2,,,,
MICHEWENI,Matangatuani,2023,2,3rd week,0.0,3,,,,
MICHEWENI,Matangatuani,2023,2,4th week,0.0,4,,,,
MICHEWENI,Matangatuani,2023,3,1st week,0.0,1,,,,
MICHEWENI,Matangatuani,2023,3,2nd week,0.0,2,,,,
MICHEWENI,Matangatuani,2023,3,3rd week,130.8,3,,,,
MICHEWENI,Matangatuani,2023,3,4th week,74.0,4,,,,
MICHEWENI,Matangatuani,2023,4,1st week,43.3,1,,,,
MICHEWENI,Matangatuani,2023,4,2nd week,105.6,2,,,,
MICHEWENI,Matangatuani,2023,4,3rd week,212.8,3,,,,
MICHEWENI,Matangatuani,2023,4,4th week,125.4,4,,,,
MICHEWENI,Matangatuani,2023,5,1st week,122.7,1,,,,
MICHEWENI,Matangatuani,2023,5,2nd week,95.4,2,,,,
MICHEWENI,Matangatuani,2023,5,3rd week,1.6,3,,,,
MICHEWENI,Matangatuani,2023,5,4th week,35.1,4,,,,
MICHEWENI,Matangatuani,2023,6,1st week,153.8,1,,,,
MICHEWENI,Matangatuani,2023,6,2nd week,36.8,2,,,,
MICHEWENI,Matangatuani,2023,6,3rd week,5.1,3,,,,
MICHEWENI,Matangatuani,2023,6,4th week,9.7,4,,,,
MICHEWENI,Matangatuani,2023,7,1st week,34.2,1,,,,
MICHEWENI,Matangatuani,2023,7,2nd week,20.3,2,,,,
MICHEWENI,Matangatuani,2023,7,3rd week,35.8,3,,,,
MICHEWENI,Matangatuani,2023,7,4th week,9.2,4,,,,
MICHEWENI,Matangatuani,2023,8,1st week,10.4,1,,,,
MICHEWENI,Matangatuani,2023,8,2nd week,5.5,2,,,,
MICHEWENI,Matangatuani,2023,8,3rd week,5.7,3,,,,
MICHEWENI,Matangatuani,2023,8,4th week,3.8,4,,,,
MICHEWENI,Matangatuani,2023,9,1st week,0.0,1,,,,
MICHEWENI,Matangatuani,2023,9,2nd week,2.3,2,,,,
MICHEWENI,Matangatuani,2023,9,3rd week,1.6,3,,,,
MICHEWENI,Matangatuani,2023,9,4th week,35.4,4,,,,
MICHEWENI,Matangatuani,2023,10,1st week,14.6,1,,,,
MICHEWENI,Matangatuani,2023,10,2nd week,0.0,2,,,,
MICHEWENI,Matangatuani,2023,10,3rd week,68.0,3,,,,
MICHEWENI,Matangatuani,2023,10,4th week,59.1,4,,,,
MICHEWENI,Matangatuani,2023,11,1st week,273.2,1,,,,
MICHEWENI,Matangatuani,2023,11,2nd week,110.6,2,,,,
MICHEWENI,Matangatuani,2023,11,3rd week,176.6,3,,,,
MICHEWENI,Matangatuani,2023,11,4th week,208.9,4,,,,
MICHEWENI,Matangatuani,2023,12,1st week,3.4,1,,,,
MICHEWENI,Matangatuani,2023,12,2nd week,26.4,2,,,,
MICHEWENI,Matangatuani,2023,12,3rd week,34.8,3,,,,
MICHEWENI,Matangatuani,2023,12,4th week,1.3,4,,,,
MJINI,VICTORIA GARDEN,2018,1,1st week,28.1,1,,,,
MJINI,VICTORIA GARDEN,2018,1,2nd week,0.5,2,,,,
MJINI,VICTORIA GARDEN,2018,1,3rd week,0.0,3,,,,
MJINI,VICTORIA GARDEN,2018,1,4th week,0.0,4,,,,
MJINI,VICTORIA GARDEN,2018,2,1st week,0.0,1,,,,
MJINI,VICTORIA GARDEN,2018,2,2nd week,0.0,2,,,,
MJINI,VICTORIA GARDEN,2018,2,3rd week,19.9,3,,,,
MJINI,VICTORIA GARDEN,2018,2,4th week,0.0,4,,,,
MJINI,VICTORIA GARDEN,2018,3,1st week,6.6,1,,,,
MJINI,VICTORIA GARDEN,2018,3,2nd week,13.3,2,,,,
MJINI,VICTORIA GARDEN,2018,3,3rd week,71.5,3,,,,
MJINI,VICTORIA GARDEN,2018,3,4th week,31.6,4,,,,
MJINI,VICTORIA GARDEN,2018,4,1st week,61.7,1,,,,
MJINI,VICTORIA GARDEN,2018,4,2nd week,175.2,2,,,,
MJINI,VICTORIA GARDEN,2018,4,3rd week,194.8,3,,,,
MJINI,VICTORIA GARDEN,2018,4,4th week,8.1,4,,,,
MJINI,VICTORIA GARDEN,2018,5,1st week,226.1,1,,,,
MJINI,VICTORIA GARDEN,2018,5,2nd week,194.3,2,,,,
MJINI,VICTORIA GARDEN,2018,5,3rd week,96.6,3,,,,
MJINI,VICTORIA GARDEN,2018,5,4th week,9.6,4,,,,
MJINI,VICTORIA GARDEN,2018,6,1st week,0.0,1,,,,
MJINI,VICTORIA GARDEN,2018,6,2nd week,0.8,2,,,,
MJINI,VICTORIA GARDEN,2018,6,3rd week,3.7,3,,,,
MJINI,VICTORIA GARDEN,2018,6,4th week,14.9,4,,,,
MJINI,VICTORIA GARDEN,2018,7,1st week,84.6,1,,,,
MJINI,VICTORIA GARDEN,2018,7,2nd week,4.6,2,,,,
MJINI,VICTORIA GARDEN,2018,7,3rd week,1.0,3,,,,
MJINI,VICTORIA GARDEN,2018,7,4th week,0.0,4,,,,
MJINI,VICTORIA GARDEN,2018,8,1st week,0.0,1,,,,
MJINI,VICTORIA GARDEN,2018,8,2nd week,1.2,2,,,,
MJINI,VICTORIA GARDEN,2018,8,3rd week,1.3,3,,,,
MJINI,VICTORIA GARDEN,2018,8,4th week,15.0,4,,,,
MJINI,VICTORIA GARDEN,2018,9,1st week,0.0,1,,,,
MJINI,VICTORIA GARDEN,2018,9,2nd week,9.8,2,,,,
MJINI,VICTORIA GARDEN,2018,9,3rd week,3.7,3,,,,
MJINI,VICTORIA GARDEN,2018,9,4th week,4.5,4,,,,
MJINI,VICTORIA GARDEN,2018,10,1st week,29.4,1,,,,
MJINI,VICTORIA GARDEN,2018,10,2nd week,4.1,2,,,,
MJINI,VICTORIA GARDEN,2018,10,3rd week,17.8,3,,,,
MJINI,VICTORIA GARDEN,2018,10,4th week,35.8,4,,,,
MJINI,VICTORIA GARDEN,2018,11,1st week,0.0,1,,,,
MJINI,VICTORIA GARDEN,2018,11,2nd week,1.0,2,,,,
MJINI,VICTORIA GARDEN,2018,11,3rd week,103.3,3,,,,
MJINI,VICTORIA GARDEN,2018,11,4th week,44.6,4,,,,
MJINI,VICTORIA GARDEN,2018,12,1st week,32.5,1,,,,
MJINI,VICTORIA GARDEN,2018,12,2nd week,8.6,2,,,,
MJINI,VICTORIA GARDEN,2018,12,3rd week,60.2,3,,,,
MJINI,VICTORIA GARDEN,2018,12,4th week,0.5,4,,,,
MJINI,VICTORIA GARDEN,2019,1,1st week,0.0,1,,,,
MJINI,VICTORIA GARDEN,2019,1,2nd week,0.0,2,,,,
MJINI,VICTORIA GARDEN,2019,1,3rd week,0.0,3,,,,
MJINI,VICTORIA GARDEN,2019,1,4th week,0.0,4,,,,
MJINI,VICTORIA GARDEN,2019,2,1st week,0.7,1,,,,
MJINI,VICTORIA GARDEN,2019,2,2nd week,0.0,2,,,,
MJINI,VICTORIA GARDEN,2019,2,3rd week,2.8,3,,,,
MJINI,VICTORIA GARDEN,2019,2,4th week,83.9,4,,,,
MJINI,VICTORIA GARDEN,2019,3,1st week,26.4,1,,,,
MJINI,VICTORIA GARDEN,2019,3,2nd week,0.0,2,,,,
MJINI,VICTORIA GARDEN,2019,3,3rd week,0.0,3,,,,
MJINI,VICTORIA GARDEN,2019,3,4th week,4.2,4,,,,
MJINI,VICTORIA GARDEN,2019,4,1st week,53.9,1,,,,
MJINI,VICTORIA GARDEN,2019,4,2nd week,40.4,2,,,,
MJINI,VICTORIA GARDEN,2019,4,3rd week,20.6,3,,,,
MJINI,VICTORIA GARDEN,2019,4,4th week,0.0,4,,,,
MJINI,VICTORIA GARDEN,2019,5,1st week,379.5,1,,,,
MJINI,VICTORIA GARDEN,2019,5,2nd week,199.9,2,,,,
MJINI,VICTORIA GARDEN,2019,5,3rd week,51.0,3,,,,
MJINI,VICTORIA GARDEN,2019,5,4th week,114.3,4,,,,
MJINI,VICTORIA GARDEN,2019,6,1st week,0.0,1,,,,
MJINI,VICTORIA GARDEN,2019,6,2nd week,0.0,2,,,,
MJINI,VICTORIA GARDEN,2019,6,3rd week,0.0,3,,,,
MJINI,VICTORIA GARDEN,2019,6,4th week,0.0,4,,,,
MJINI,VICTORIA GARDEN,2019,7,1st week,0.0,1,,,,
MJINI,VICTORIA GARDEN,2019,7,2nd week,0.0,2,,,,
MJINI,VICTORIA GARDEN,2019,7,3rd week,0.6,3,,,,
MJINI,VICTORIA GARDEN,2019,7,4th week,0.0,4,,,,
MJINI,VICTORIA GARDEN,2019,8,1st week,22.7,1,,,,
MJINI,VICTORIA GARDEN,2019,8,2nd week,11.4,2,,,,
MJINI,VICTORIA GARDEN,2019,8,3rd week,0.0,3,,,,
MJINI,VICTORIA GARDEN,2019,8,4th week,11.3,4,,,,
MJINI,VICTORIA GARDEN,2019,9,1st week,0.2,1,,,,
MJINI,VICTORIA GARDEN,2019,9,2nd week,22.000000000000004,2,,,,
MJINI,VICTORIA GARDEN,2019,9,3rd week,0.0,3,,,,
MJINI,VICTORIA GARDEN,2019,9,4th week,10.0,4,,,,
MJINI,VICTORIA GARDEN,2019,10,1st week,83.1,1,,,,
MJINI,VICTORIA GARDEN,2019,10,2nd week,225.00000000000003,2,,,,
MJINI,VICTORIA GARDEN,2019,10,3rd week,199.3,3,,,,
MJINI,VICTORIA GARDEN,2019,10,4th week,129.8,4,,,,
MJINI,VICTORIA GARDEN,2019,11,1st week,45.9,1,,,,
MJINI,VICTORIA GARDEN,2019,11,2nd week,86.4,2,,,,
MJINI,VICTORIA GARDEN,2019,11,3rd week,57.2,3,,,,
MJINI,VICTORIA GARDEN,2019,11,4th week,14.7,4,,,,
MJINI,VICTORIA GARDEN,2019,12,1st week,93.9,1,,,,
MJINI,VICTORIA GARDEN,2019,12,2nd week,0.0,2,,,,
MJINI,VICTORIA GARDEN,2019,12,3rd week,133.5,3,,,,
MJINI,VICTORIA GARDEN,2019,12,4th week,9.9,4,,,,
MJINI,VICTORIA GARDEN,2020,1,1st week,0.0,1,,,,
MJINI,VICTORIA GARDEN,2020,1,2nd week,5.699999999999999,2,,,,
MJINI,VICTORIA GARDEN,2020,1,3rd week,130.49999999999997,3,,,,
MJINI,VICTORIA GARDEN,2020,1,4th week,22.1,4,,,,
MJINI,VICTORIA GARDEN,2020,2,1st week,0.6,1,,,,
MJINI,VICTORIA GARDEN,2020,2,2nd week,0.0,2,,,,
MJINI,VICTORIA GARDEN,2020,2,3rd week,32.4,3,,,,
MJINI,VICTORIA GARDEN,2020,2,4th week,0.6,4,,,,
MJINI,VICTORIA GARDEN,2020,3,1st week,39.1,1,,,,
MJINI,VICTORIA GARDEN,2020,3,2nd week,80.0,2,,,,
MJINI,VICTORIA GARDEN,2020,3,3rd week,13.5,3,,,,
MJINI,VICTORIA GARDEN,2020,3,4th week,10.8,4,,,,
MJINI,VICTORIA GARDEN,2020,4,1st week,7.899999999999999,1,,,,
MJINI,VICTORIA GARDEN,2020,4,2nd week,172.6,2,,,,
MJINI,VICTORIA GARDEN,2020,4,3rd week,351.5,3,,,,
MJINI,VICTORIA GARDEN,2020,4,4th week,187.8,4,,,,
MJINI,VICTORIA GARDEN,2020,5,1st week,90.9,1,,,,
MJINI,VICTORIA GARDEN,2020,5,2nd week,4.4,2,,,,
MJINI,VICTORIA GARDEN,2020,5,3rd week,41.6,3,,,,
MJINI,VICTORIA GARDEN,2020,5,4th week,4.6,4,,,,
MJINI,VICTORIA GARDEN,2020,6,1st week,0.0,1,,,,
MJINI,VICTORIA GARDEN,2020,6,2nd week,0.2,2,,,,
MJINI,VICTORIA GARDEN,2020,6,3rd week,0.0,3,,,,
MJINI,VICTORIA GARDEN,2020,6,4th week,0.0,4,,,,
MJINI,VICTORIA GARDEN,2020,7,1st week,0.0,1,,,,
MJINI,VICTORIA GARDEN,2020,7,2nd week,31.2,2,,,,
MJINI,VICTORIA GARDEN,2020,7,3rd week,0.9,3,,,,
MJINI,VICTORIA GARDEN,2020,7,4th week,6.5,4,,,,
MJINI,VICTORIA GARDEN,2020,8,1st week,0.0,1,,,,
MJINI,VICTORIA GARDEN,2020,8,2nd week,0.0,2,,,,
MJINI,VICTORIA GARDEN,2020,8,3rd week,20.9,3,,,,
MJINI,VICTORIA GARDEN,2020,8,4th week,13.7,4,,,,
MJINI,VICTORIA GARDEN,2020,9,1st week,1.0,1,,,,
MJINI,VICTORIA GARDEN,2020,9,2nd week,1.2,2,,,,
MJINI,VICTORIA GARDEN,2020,9,3rd week,3.4,3,,,,
MJINI,VICTORIA GARDEN,2020,9,4th week,7.0,4,,,,
MJINI,VICTORIA GARDEN,2020,10,1st week,11.0,1,,,,
MJINI,VICTORIA GARDEN,2020,10,2nd week,3.6,2,,,,
MJINI,VICTORIA GARDEN,2020,10,3rd week,56.7,3,,,,
MJINI,VICTORIA GARDEN,2020,10,4th week,33.0,4,,,,
MJINI,VICTORIA GARDEN,2020,11,1st week,41.6,1,,,,
MJINI,VICTORIA GARDEN,2020,11,2nd week,89.7,2,,,,
MJINI,VICTORIA GARDEN,2020,11,3rd week,37.2,3,,,,
MJINI,VICTORIA GARDEN,2020,11,4th week,170.0,4,,,,
MJINI,VICTORIA GARDEN,2020,12,1st week,20.0,1,,,,
MJINI,VICTORIA GARDEN,2020,12,2nd week,3.5,2,,,,
MJINI,VICTORIA GARDEN,2020,12,3rd week,8.1,3,,,,
MJINI,VICTORIA GARDEN,2020,12,4th week,19.1,4,,,,
MJINI,VICTORIA GARDEN,2021,1,1st week,9.6,1,,,,
MJINI,VICTORIA GARDEN,2021,1,2nd week,14.1,2,,,,
MJINI,VICTORIA GARDEN,2021,1,3rd week,0.0,3,,,,
MJINI,VICTORIA GARDEN,2021,1,4th week,0.0,4,,,,
MJINI,VICTORIA GARDEN,2021,2,1st week,0.0,1,,,,
MJINI,VICTORIA GARDEN,2021,2,2nd week,15.3,2,,,,
MJINI,VICTORIA GARDEN,2021,2,3rd week,0.0,3,,,,
MJINI,VICTORIA GARDEN,2021,2,4th week,6.1,4,,,,
MJINI,VICTORIA GARDEN,2021,3,1st week,0.0,1,,,,
MJINI,VICTORIA GARDEN,2021,3,2nd week,0.0,2,,,,
MJINI,VICTORIA GARDEN,2021,3,3rd week,13.8,3,,,,
MJINI,VICTORIA GARDEN,2021,3,4th week,0.6,4,,,,
MJINI,VICTORIA GARDEN,2021,4,1st week,30.9,1,,,,
MJINI,VICTORIA GARDEN,2021,4,2nd week,153.7,2,,,,
MJINI,VICTORIA GARDEN,2021,4,3rd week,68.5,3,,,,
MJINI,VICTORIA GARDEN,2021,4,4th week,88.2,4,,,,
MJINI,VICTORIA GARDEN,2021,5,1st week,56.4,1,,,,
MJINI,VICTORIA GARDEN,2021,5,2nd week,3.2,2,,,,
MJINI,VICTORIA GARDEN,2021,5,3rd week,0.0,3,,,,
MJINI,VICTORIA GARDEN,2021,5,4th week,0.0,4,,,,
MJINI,VICTORIA GARDEN,2021,6,1st week,2.1,1,,,,
MJINI,VICTORIA GARDEN,2021,6,2nd week,8.9,2,,,,
MJINI,VICTORIA GARDEN,2021,6,3rd week,6.3,3,,,,
MJINI,VICTORIA GARDEN,2021,6,4th week,0.6,4,,,,
MJINI,VICTORIA GARDEN,2021,7,1st week,0.0,1,,,,
MJINI,VICTORIA GARDEN,2021,7,2nd week,19.7,2,,,,
MJINI,VICTORIA GARDEN,2021,7,3rd week,0.0,3,,,,
MJINI,VICTORIA GARDEN,2021,7,4th week,3.5,4,,,,
MJINI,VICTORIA GARDEN,2021,8,1st week,0.2,1,,,,
MJINI,VICTORIA GARDEN,2021,8,2nd week,0.0,2,,,,
MJINI,VICTORIA GARDEN,2021,8,3rd week,24.0,3,,,,
MJINI,VICTORIA GARDEN,2021,8,4th week,3.9,4,,,,
MJINI,VICTORIA GARDEN,2021,9,1st week,0.0,1,,,,
MJINI,VICTORIA GARDEN,2021,9,2nd week,13.3,2,,,,
MJINI,VICTORIA GARDEN,2021,9,3rd week,0.5,3,,,,
MJINI,VICTORIA GARDEN,2021,9,4th week,0.4,4,,,,
MJINI,VICTORIA GARDEN,2021,10,1st week,0.0,1,,,,
MJINI,VICTORIA GARDEN,2021,10,2nd week,3.8,2,,,,
MJINI,VICTORIA GARDEN,2021,10,3rd week,40.3,3,,,,
MJINI,VICTORIA GARDEN,2021,10,4th week,0.0,4,,,,
MJINI,VICTORIA GARDEN,2021,11,1st week,0.0,1,,,,
MJINI,VICTORIA GARDEN,2021,11,2nd week,0.0,2,,,,
MJINI,VICTORIA GARDEN,2021,11,3rd week,0.0,3,,,,
MJINI,VICTORIA GARDEN,2021,11,4th week,4.4,4,,,,
MJINI,VICTORIA GARDEN,2021,12,1st week,45.1,1,,,,
MJINI,VICTORIA GARDEN,2021,12,2nd week,81.89999999999999,2,,,,
MJINI,VICTORIA GARDEN,2021,12,3rd week,28.2,3,,,,
MJINI,VICTORIA GARDEN,2021,12,4th week,30.5,4,,,,
MJINI,VICTORIA GARDEN,2022,1,1st week,0.0,1,,,,
MJINI,VICTORIA GARDEN,2022,1,2nd week,0.0,2,,,,
MJINI,VICTORIA GARDEN,2022,1,3rd week,215.3,3,,,,
MJINI,VICTORIA GARDEN,2022,1,4th week,110.2,4,,,,
MJINI,VICTORIA GARDEN,2022,2,1st week,38.6,1,,,,
MJINI,VICTORIA GARDEN,2022,2,2nd week,0.1,2,,,,
MJINI,VICTORIA GARDEN,2022,2,3rd week,27.3,3,,,,
MJINI,VICTORIA GARDEN,2022,2,4th week,4.5,4,,,,
MJINI,VICTORIA GARDEN,2022,3,1st week,0.0,1,,,,
MJINI,VICTORIA GARDEN,2022,3,2nd week,0.0,2,,,,
MJINI,VICTORIA GARDEN,2022,3,3rd week,0.0,3,,,,
MJINI,VICTORIA GARDEN,2022,3,4th week,15.6,4,,,,
MJINI,VICTORIA GARDEN,2022,4,1st week,0.0,1,,,,
MJINI,VICTORIA GARDEN,2022,4,2nd week,55.3,2,,,,
MJINI,VICTORIA GARDEN,2022,4,3rd week,130.1,3,,,,
MJINI,VICTORIA GARDEN,2022,4,4th week,47.6,4,,,,
MJINI,VICTORIA GARDEN,2022,5,1st week,39.8,1,,,,
MJINI,VICTORIA GARDEN,2022,5,2nd week,0.0,2,,,,
MJINI,VICTORIA GARDEN,2022,5,3rd week,6.5,3,,,,
MJINI,VICTORIA GARDEN,2022,5,4th week,1.2,4,,,,
MJINI,VICTORIA GARDEN,2022,6,1st week,11.2,1,,,,
MJINI,VICTORIA GARDEN,2022,6,2nd week,0.0,2,,,,
MJINI,VICTORIA GARDEN,2022,6,3rd week,5.8,3,,,,
MJINI,VICTORIA GARDEN,2022,6,4th week,1.5,4,,,,
MJINI,VICTORIA GARDEN,2022,7,1st week,12.2,1,,,,
MJINI,VICTORIA GARDEN,2022,7,2nd week,8.0,2,,,,
MJINI,VICTORIA GARDEN,2022,7,3rd week,21.3,3,,,,
MJINI,VICTORIA GARDEN,2022,7,4th week,12.1,4,,,,
MJINI,VICTORIA GARDEN,2022,8,1st week,4.9,1,,,,
MJINI,VICTORIA GARDEN,2022,8,2nd week,17.7,2,,,,
MJINI,VICTORIA GARDEN,2022,8,3rd week,0.0,3,,,,
MJINI,VICTORIA GARDEN,2022,8,4th week,7.4,4,,,,
MJINI,VICTORIA GARDEN,2022,9,1st week,0.0,1,,,,
MJINI,VICTORIA GARDEN,2022,9,2nd week,1.9,2,,,,
MJINI,VICTORIA GARDEN,2022,9,3rd week,2.6,3,,,,
MJINI,VICTORIA GARDEN,2022,9,4th week,3.5,4,,,,
MJINI,VICTORIA GARDEN,2022,10,1st week,4.0,1,,,,
MJINI,VICTORIA GARDEN,2022,10,2nd week,0.0,2,,,,
MJINI,VICTORIA GARDEN,2022,10,3rd week,0.0,3,,,,
MJINI,VICTORIA GARDEN,2022,10,4th week,6.4,4,,,,
MJINI,VICTORIA GARDEN,2022,11,1st week,0.0,1,,,,
MJINI,VICTORIA GARDEN,2022,11,2nd week,11.0,2,,,,
MJINI,VICTORIA GARDEN,2022,11,3rd week,48.0,3,,,,
MJINI,VICTORIA GARDEN,2022,11,4th week,19.700000000000003,4,,,,
MJINI,VICTORIA GARDEN,2022,12,1st week,1.2,1,,,,
MJINI,VICTORIA GARDEN,2022,12,2nd week,25.4,2,,,,
MJINI,VICTORIA GARDEN,2022,12,3rd week,27.2,3,,,,
MJINI,VICTORIA GARDEN,2022,12,4th week,65.5,4,,,,
MJINI,VICTORIA GARDEN,2023,1,1st week,5.2,1,,,,
MJINI,VICTORIA GARDEN,2023,1,2nd week,19.5,2,,,,
MJINI,VICTORIA GARDEN,2023,1,3rd week,0.0,3,,,,
MJINI,VICTORIA GARDEN,2023,1,4th week,0.0,4,,,,
MJINI,VICTORIA GARDEN,2023,2,1st week,0.0,1,,,,
MJINI,VICTORIA GARDEN,2023,2,2nd week,33.0,2,,,,
MJINI,VICTORIA GARDEN,2023,2,3rd week,0.0,3,,,,
MJINI,VICTORIA GARDEN,2023,2,4th week,0.0,4,,,,
MJINI,VICTORIA GARDEN,2023,3,1st week,0.0,1,,,,
MJINI,VICTORIA GARDEN,2023,3,2nd week,0.0,2,,,,
MJINI,VICTORIA GARDEN,2023,3,3rd week,62.2,3,,,,
MJINI,VICTORIA GARDEN,2023,3,4th week,19.6,4,,,,
MJINI,VICTORIA GARDEN,2023,4,1st week,46.1,1,,,,
MJINI,VICTORIA GARDEN,2023,4,2nd week,35.8,2,,,,
MJINI,VICTORIA GARDEN,2023,4,3rd week,178.7,3,,,,
MJINI,VICTORIA GARDEN,2023,4,4th week,73.0,4,,,,
MJINI,VICTORIA GARDEN,2023,5,1st week,60.2,1,,,,
MJINI,VICTORIA GARDEN,2023,5,2nd week,26.0,2,,,,
MJINI,VICTORIA GARDEN,2023,5,3rd week,15.1,3,,,,
MJINI,VICTORIA GARDEN,2023,5,4th week,7.2,4,,,,
MJINI,VICTORIA GARDEN,2023,6,1st week,107.6,1,,,,
MJINI,VICTORIA GARDEN,2023,6,2nd week,0.0,2,,,,
MJINI,VICTORIA GARDEN,2023,6,3rd week,0.0,3,,,,
MJINI,VICTORIA GARDEN,2023,6,4th week,0.0,4,,,,
MJINI,VICTORIA GARDEN,2023,7,1st week,47.5,1,,,,
MJINI,VICTORIA GARDEN,2023,7,2nd week,0.0,2,,,,
MJINI,VICTORIA GARDEN,2023,7,3rd week,0.0,3,,,,
MJINI,VICTORIA GARDEN,2023,7,4th week,12.1,4,,,,
MJINI,VICTORIA GARDEN,2023,8,1st week,14.3,1,,,,
MJINI,VICTORIA GARDEN,2023,8,2nd week,6.9,2,,,,
MJINI,VICTORIA GARDEN,2023,8,3rd week,8.3,3,,,,
MJINI,VICTORIA GARDEN,2023,8,4th week,0.0,4,,,,
MJINI,VICTORIA GARDEN,2023,9,1st week,1.3,1,,,,
MJINI,VICTORIA GARDEN,2023,9,2nd week,0.0,2,,,,
MJINI,VICTORIA GARDEN,2023,9,3rd week,0.0,3,,,,
MJINI,VICTORIA GARDEN,2023,9,4th week,5.1,4,,,,
MJINI,VICTORIA GARDEN,2023,10,1st week,14.1,1,,,,
MJINI,VICTORIA GARDEN,2023,10,2nd week,0.0,2,,,,
MJINI,VICTORIA GARDEN,2023,10,3rd week,0.0,3,,,,
MJINI,VICTORIA GARDEN,2023,10,4th week,34.4,4,,,,
MJINI,VICTORIA GARDEN,2023,11,1st week,503.2,1,,,,
MJINI,VICTORIA GARDEN,2023,11,2nd week,141.4,2,,,,
MJINI,VICTORIA GARDEN,2023,11,3rd week,93.1,3,,,,
MJINI,VICTORIA GARDEN,2023,11,4th week,78.6,4,,,,
MJINI,VICTORIA GARDEN,2023,12,1st week,51.3,1,,,,
MJINI,VICTORIA GARDEN,2023,12,2nd week,27.7,2,,,,
MJINI,VICTORIA GARDEN,2023,12,3rd week,25.3,3,,,,
MJINI,VICTORIA GARDEN,2023,12,4th week,22.8,4,,,,
MKOANI,Abdalla mzee-Mkoani,2018,1,1st week,,1,,,,
MKOANI,Abdalla mzee-Mkoani,2018,1,2nd week,,2,,,,
MKOANI,Abdalla mzee-Mkoani,2018,1,3rd week,,3,,,,
MKOANI,Abdalla mzee-Mkoani,2018,1,4th week,,4,,,,
MKOANI,Abdalla mzee-Mkoani,2018,2,1st week,,1,,,,
MKOANI,Abdalla mzee-Mkoani,2018,2,2nd week,,2,,,,
MKOANI,Abdalla mzee-Mkoani,2018,2,3rd week,,3,,,,
MKOANI,Abdalla mzee-Mkoani,2018,2,4th week,,4,,,,
MKOANI,Abdalla mzee-Mkoani,2018,3,1st week,,1,,,,
MKOANI,Abdalla mzee-Mkoani,2018,3,2nd week,,2,,,,
MKOANI,Abdalla mzee-Mkoani,2018,3,3rd week,,3,,,,
MKOANI,Abdalla mzee-Mkoani,2018,3,4th week,,4,,,,
MKOANI,Abdalla mzee-Mkoani,2018,4,1st week,,1,,,,
MKOANI,Abdalla mzee-Mkoani,2018,4,2nd week,,2,,,,
MKOANI,Abdalla mzee-Mkoani,2018,4,3rd week,,3,,,,
MKOANI,Abdalla mzee-Mkoani,2018,4,4th week,,4,,,,
MKOANI,Abdalla mzee-Mkoani,2018,5,1st week,,1,,,,
MKOANI,Abdalla mzee-Mkoani,2018,5,2nd week,,2,,,,
MKOANI,Abdalla mzee-Mkoani,2018,5,3rd week,,3,,,,
MKOANI,Abdalla mzee-Mkoani,2018,5,4th week,,4,,,,
MKOANI,Abdalla mzee-Mkoani,2018,6,1st week,,1,,,,
MKOANI,Abdalla mzee-Mkoani,2018,6,2nd week,,2,,,,
MKOANI,Abdalla mzee-Mkoani,2018,6,3rd week,,3,,,,
MKOANI,Abdalla mzee-Mkoani,2018,6,4th week,,4,,,,
MKOANI,Abdalla mzee-Mkoani,2018,7,1st week,,1,,,,
MKOANI,Abdalla mzee-Mkoani,2018,7,2nd week,,2,,,,
MKOANI,Abdalla mzee-Mkoani,2018,7,3rd week,,3,,,,
MKOANI,Abdalla mzee-Mkoani,2018,7,4th week,,4,,,,
MKOANI,Abdalla mzee-Mkoani,2018,8,1st week,,1,,,,
MKOANI,Abdalla mzee-Mkoani,2018,8,2nd week,,2,,,,
MKOANI,Abdalla mzee-Mkoani,2018,8,3rd week,,3,,,,
MKOANI,Abdalla mzee-Mkoani,2018,8,4th week,,4,,,,
MKOANI,Abdalla mzee-Mkoani,2018,9,1st week,,1,,,,
MKOANI,Abdalla mzee-Mkoani,2018,9,2nd week,,2,,,,
MKOANI,Abdalla mzee-Mkoani,2018,9,3rd week,,3,,,,
MKOANI,Abdalla mzee-Mkoani,2018,9,4th week,,4,,,,
MKOANI,Abdalla mzee-Mkoani,2018,10,1st week,,1,,,,
MKOANI,Abdalla mzee-Mkoani,2018,10,2nd week,,2,,,,
MKOANI,Abdalla mzee-Mkoani,2018,10,3rd week,,3,,,,
MKOANI,Abdalla mzee-Mkoani,2018,10,4th week,,4,,,,
MKOANI,Abdalla mzee-Mkoani,2018,11,1st week,,1,,,,
MKOANI,Abdalla mzee-Mkoani,2018,11,2nd week,,2,,,,
MKOANI,Abdalla mzee-Mkoani,2018,11,3rd week,,3,,,,
MKOANI,Abdalla mzee-Mkoani,2018,11,4th week,,4,,,,
MKOANI,Abdalla mzee-Mkoani,2018,12,1st week,,1,,,,
MKOANI,Abdalla mzee-Mkoani,2018,12,2nd week,,2,,,,
MKOANI,Abdalla mzee-Mkoani,2018,12,3rd week,,3,,,,
MKOANI,Abdalla mzee-Mkoani,2018,12,4th week,,4,,,,
MKOANI,Abdalla mzee-Mkoani,2019,1,1st week,,1,,,,
MKOANI,Abdalla mzee-Mkoani,2019,1,2nd week,,2,,,,
MKOANI,Abdalla mzee-Mkoani,2019,1,3rd week,,3,,,,
MKOANI,Abdalla mzee-Mkoani,2019,1,4th week,,4,,,,
MKOANI,Abdalla mzee-Mkoani,2019,2,1st week,,1,,,,
MKOANI,Abdalla mzee-Mkoani,2019,2,2nd week,,2,,,,
MKOANI,Abdalla mzee-Mkoani,2019,2,3rd week,,3,,,,
MKOANI,Abdalla mzee-Mkoani,2019,2,4th week,,4,,,,
MKOANI,Abdalla mzee-Mkoani,2019,3,1st week,,1,,,,
MKOANI,Abdalla mzee-Mkoani,2019,3,2nd week,,2,,,,
MKOANI,Abdalla mzee-Mkoani,2019,3,3rd week,,3,,,,
MKOANI,Abdalla mzee-Mkoani,2019,3,4th week,,4,,,,
MKOANI,Abdalla mzee-Mkoani,2019,4,1st week,,1,,,,
MKOANI,Abdalla mzee-Mkoani,2019,4,2nd week,,2,,,,
MKOANI,Abdalla mzee-Mkoani,2019,4,3rd week,,3,,,,
MKOANI,Abdalla mzee-Mkoani,2019,4,4th week,,4,,,,
MKOANI,Abdalla mzee-Mkoani,2019,5,1st week,,1,,,,
MKOANI,Abdalla mzee-Mkoani,2019,5,2nd week,,2,,,,
MKOANI,Abdalla mzee-Mkoani,2019,5,3rd week,,3,,,,
MKOANI,Abdalla mzee-Mkoani,2019,5,4th week,,4,,,,
MKOANI,Abdalla mzee-Mkoani,2019,6,1st week,,1,,,,
MKOANI,Abdalla mzee-Mkoani,2019,6,2nd week,,2,,,,
MKOANI,Abdalla mzee-Mkoani,2019,6,3rd week,,3,,,,
MKOANI,Abdalla mzee-Mkoani,2019,6,4th week,,4,,,,
MKOANI,Abdalla mzee-Mkoani,2019,7,1st week,,1,,,,
MKOANI,Abdalla mzee-Mkoani,2019,7,2nd week,,2,,,,
MKOANI,Abdalla mzee-Mkoani,2019,7,3rd week,,3,,,,
MKOANI,Abdalla mzee-Mkoani,2019,7,4th week,,4,,,,
MKOANI,Abdalla mzee-Mkoani,2019,8,1st week,,1,,,,
MKOANI,Abdalla mzee-Mkoani,2019,8,2nd week,,2,,,,
MKOANI,Abdalla mzee-Mkoani,2019,8,3rd week,,3,,,,
MKOANI,Abdalla mzee-Mkoani,2019,8,4th week,,4,,,,
MKOANI,Abdalla mzee-Mkoani,2019,9,1st week,,1,,,,
MKOANI,Abdalla mzee-Mkoani,2019,9,2nd week,,2,,,,
MKOANI,Abdalla mzee-Mkoani,2019,9,3rd week,,3,,,,
MKOANI,Abdalla mzee-Mkoani,2019,9,4th week,,4,,,,
MKOANI,Abdalla mzee-Mkoani,2019,10,1st week,,1,,,,
MKOANI,Abdalla mzee-Mkoani,2019,10,2nd week,,2,,,,
MKOANI,Abdalla mzee-Mkoani,2019,10,3rd week,,3,,,,
MKOANI,Abdalla mzee-Mkoani,2019,10,4th week,,4,,,,
MKOANI,Abdalla mzee-Mkoani,2019,11,1st week,,1,,,,
MKOANI,Abdalla mzee-Mkoani,2019,11,2nd week,,2,,,,
MKOANI,Abdalla mzee-Mkoani,2019,11,3rd week,,3,,,,
MKOANI,Abdalla mzee-Mkoani,2019,11,4th week,,4,,,,
MKOANI,Abdalla mzee-Mkoani,2019,12,1st week,,1,,,,
MKOANI,Abdalla mzee-Mkoani,2019,12,2nd week,,2,,,,
MKOANI,Abdalla mzee-Mkoani,2019,12,3rd week,,3,,,,
MKOANI,Abdalla mzee-Mkoani,2019,12,4th week,,4,,,,
MKOANI,Abdalla mzee-Mkoani,2020,1,1st week,10.1,1,,,,
MKOANI,Abdalla mzee-Mkoani,2020,1,2nd week,20.7,2,,,,
MKOANI,Abdalla mzee-Mkoani,2020,1,3rd week,46.2,3,,,,
MKOANI,Abdalla mzee-Mkoani,2020,1,4th week,25.8,4,,,,
MKOANI,Abdalla mzee-Mkoani,2020,2,1st week,55.5,1,,,,
MKOANI,Abdalla mzee-Mkoani,2020,2,2nd week,13.9,2,,,,
MKOANI,Abdalla mzee-Mkoani,2020,2,3rd week,24.4,3,,,,
MKOANI,Abdalla mzee-Mkoani,2020,2,4th week,4.4,4,,,,
MKOANI,Abdalla mzee-Mkoani,2020,3,1st week,135.20000000000002,1,,,,
MKOANI,Abdalla mzee-Mkoani,2020,3,2nd week,37.5,2,,,,
MKOANI,Abdalla mzee-Mkoani,2020,3,3rd week,12.7,3,,,,
MKOANI,Abdalla mzee-Mkoani,2020,3,4th week,138.8,4,,,,
MKOANI,Abdalla mzee-Mkoani,2020,4,1st week,223.5,1,,,,
MKOANI,Abdalla mzee-Mkoani,2020,4,2nd week,311.90000000000003,2,,,,
MKOANI,Abdalla mzee-Mkoani,2020,4,3rd week,210.7,3,,,,
MKOANI,Abdalla mzee-Mkoani,2020,4,4th week,304.5,4,,,,
MKOANI,Abdalla mzee-Mkoani,2020,5,1st week,329.4,1,,,,
MKOANI,Abdalla mzee-Mkoani,2020,5,2nd week,256.2,2,,,,
MKOANI,Abdalla mzee-Mkoani,2020,5,3rd week,14.6,3,,,,
MKOANI,Abdalla mzee-Mkoani,2020,5,4th week,85.30000000000001,4,,,,
MKOANI,Abdalla mzee-Mkoani,2020,6,1st week,46.1,1,,,,
MKOANI,Abdalla mzee-Mkoani,2020,6,2nd week,48.3,2,,,,
MKOANI,Abdalla mzee-Mkoani,2020,6,3rd week,18.0,3,,,,
MKOANI,Abdalla mzee-Mkoani,2020,6,4th week,7.3,4,,,,
MKOANI,Abdalla mzee-Mkoani,2020,7,1st week,9.1,1,,,,
MKOANI,Abdalla mzee-Mkoani,2020,7,2nd week,55.3,2,,,,
MKOANI,Abdalla mzee-Mkoani,2020,7,3rd week,37.400000000000006,3,,,,
MKOANI,Abdalla mzee-Mkoani,2020,7,4th week,11.5,4,,,,
MKOANI,Abdalla mzee-Mkoani,2020,8,1st week,14.900000000000002,1,,,,
MKOANI,Abdalla mzee-Mkoani,2020,8,2nd week,14.6,2,,,,
MKOANI,Abdalla mzee-Mkoani,2020,8,3rd week,5.5,3,,,,
MKOANI,Abdalla mzee-Mkoani,2020,8,4th week,6.4,4,,,,
MKOANI,Abdalla mzee-Mkoani,2020,9,1st week,2.8,1,,,,
MKOANI,Abdalla mzee-Mkoani,2020,9,2nd week,1.3,2,,,,
MKOANI,Abdalla mzee-Mkoani,2020,9,3rd week,0.0,3,,,,
MKOANI,Abdalla mzee-Mkoani,2020,9,4th week,6.8,4,,,,
MKOANI,Abdalla mzee-Mkoani,2020,10,1st week,5.0,1,,,,
MKOANI,Abdalla mzee-Mkoani,2020,10,2nd week,6.6,2,,,,
MKOANI,Abdalla mzee-Mkoani,2020,10,3rd week,24.1,3,,,,
MKOANI,Abdalla mzee-Mkoani,2020,10,4th week,5.4,4,,,,
MKOANI,Abdalla mzee-Mkoani,2020,11,1st week,4.4,1,,,,
MKOANI,Abdalla mzee-Mkoani,2020,11,2nd week,108.5,2,,,,
MKOANI,Abdalla mzee-Mkoani,2020,11,3rd week,20.5,3,,,,
MKOANI,Abdalla mzee-Mkoani,2020,11,4th week,68.30000000000001,4,,,,
MKOANI,Abdalla mzee-Mkoani,2020,12,1st week,14.2,1,,,,
MKOANI,Abdalla mzee-Mkoani,2020,12,2nd week,28.0,2,,,,
MKOANI,Abdalla mzee-Mkoani,2020,12,3rd week,42.4,3,,,,
MKOANI,Abdalla mzee-Mkoani,2020,12,4th week,24.6,4,,,,
MKOANI,Abdalla mzee-Mkoani,2021,1,1st week,0.0,1,,,,
MKOANI,Abdalla mzee-Mkoani,2021,1,2nd week,17.8,2,,,,
MKOANI,Abdalla mzee-Mkoani,2021,1,3rd week,0.0,3,,,,
MKOANI,Abdalla mzee-Mkoani,2021,1,4th week,0.0,4,,,,
MKOANI,Abdalla mzee-Mkoani,2021,2,1st week,0.0,1,,,,
MKOANI,Abdalla mzee-Mkoani,2021,2,2nd week,29.2,2,,,,
MKOANI,Abdalla mzee-Mkoani,2021,2,3rd week,0.0,3,,,,
MKOANI,Abdalla mzee-Mkoani,2021,2,4th week,4.3,4,,,,
MKOANI,Abdalla mzee-Mkoani,2021,3,1st week,0.0,1,,,,
MKOANI,Abdalla mzee-Mkoani,2021,3,2nd week,12.1,2,,,,
MKOANI,Abdalla mzee-Mkoani,2021,3,3rd week,15.2,3,,,,
MKOANI,Abdalla mzee-Mkoani,2021,3,4th week,108.6,4,,,,
MKOANI,Abdalla mzee-Mkoani,2021,4,1st week,50.0,1,,,,
MKOANI,Abdalla mzee-Mkoani,2021,4,2nd week,178.39999999999998,2,,,,
MKOANI,Abdalla mzee-Mkoani,2021,4,3rd week,425.3,3,,,,
MKOANI,Abdalla mzee-Mkoani,2021,4,4th week,197.4,4,,,,
MKOANI,Abdalla mzee-Mkoani,2021,5,1st week,258.29999999999995,1,,,,
MKOANI,Abdalla mzee-Mkoani,2021,5,2nd week,19.0,2,,,,
MKOANI,Abdalla mzee-Mkoani,2021,5,3rd week,11.8,3,,,,
MKOANI,Abdalla mzee-Mkoani,2021,5,4th week,10.6,4,,,,
MKOANI,Abdalla mzee-Mkoani,2021,6,1st week,0.0,1,,,,
MKOANI,Abdalla mzee-Mkoani,2021,6,2nd week,29.2,2,,,,
MKOANI,Abdalla mzee-Mkoani,2021,6,3rd week,7.999999999999999,3,,,,
MKOANI,Abdalla mzee-Mkoani,2021,6,4th week,25.700000000000003,4,,,,
MKOANI,Abdalla mzee-Mkoani,2021,7,1st week,13.4,1,,,,
MKOANI,Abdalla mzee-Mkoani,2021,7,2nd week,3.8,2,,,,
MKOANI,Abdalla mzee-Mkoani,2021,7,3rd week,32.6,3,,,,
MKOANI,Abdalla mzee-Mkoani,2021,7,4th week,8.2,4,,,,
MKOANI,Abdalla mzee-Mkoani,2021,8,1st week,16.3,1,,,,
MKOANI,Abdalla mzee-Mkoani,2021,8,2nd week,24.4,2,,,,
MKOANI,Abdalla mzee-Mkoani,2021,8,3rd week,16.2,3,,,,
MKOANI,Abdalla mzee-Mkoani,2021,8,4th week,31.2,4,,,,
MKOANI,Abdalla mzee-Mkoani,2021,9,1st week,33.1,1,,,,
MKOANI,Abdalla mzee-Mkoani,2021,9,2nd week,20.0,2,,,,
MKOANI,Abdalla mzee-Mkoani,2021,9,3rd week,26.4,3,,,,
MKOANI,Abdalla mzee-Mkoani,2021,9,4th week,14.5,4,,,,
MKOANI,Abdalla mzee-Mkoani,2021,10,1st week,8.0,1,,,,
MKOANI,Abdalla mzee-Mkoani,2021,10,2nd week,16.0,2,,,,
MKOANI,Abdalla mzee-Mkoani,2021,10,3rd week,0.0,3,,,,
MKOANI,Abdalla mzee-Mkoani,2021,10,4th week,26.4,4,,,,
MKOANI,Abdalla mzee-Mkoani,2021,11,1st week,7.7,1,,,,
MKOANI,Abdalla mzee-Mkoani,2021,11,2nd week,5.4,2,,,,
MKOANI,Abdalla mzee-Mkoani,2021,11,3rd week,3.1,3,,,,
MKOANI,Abdalla mzee-Mkoani,2021,11,4th week,44.7,4,,,,
MKOANI,Abdalla mzee-Mkoani,2021,12,1st week,129.3,1,,,,
MKOANI,Abdalla mzee-Mkoani,2021,12,2nd week,137.3,2,,,,
MKOANI,Abdalla mzee-Mkoani,2021,12,3rd week,222.4,3,,,,
MKOANI,Abdalla mzee-Mkoani,2021,12,4th week,70.3,4,,,,
MKOANI,Abdalla mzee-Mkoani,2022,1,1st week,0.0,1,,,,
MKOANI,Abdalla mzee-Mkoani,2022,1,2nd week,0.0,2,,,,
MKOANI,Abdalla mzee-Mkoani,2022,1,3rd week,97.2,3,,,,
MKOANI,Abdalla mzee-Mkoani,2022,1,4th week,17.7,4,,,,
MKOANI,Abdalla mzee-Mkoani,2022,2,1st week,0.0,1,,,,
MKOANI,Abdalla mzee-Mkoani,2022,2,2nd week,8.9,2,,,,
MKOANI,Abdalla mzee-Mkoani,2022,2,3rd week,0.0,3,,,,
MKOANI,Abdalla mzee-Mkoani,2022,2,4th week,0.0,4,,,,
MKOANI,Abdalla mzee-Mkoani,2022,3,1st week,0.0,1,,,,
MKOANI,Abdalla mzee-Mkoani,2022,3,2nd week,0.0,2,,,,
MKOANI,Abdalla mzee-Mkoani,2022,3,3rd week,18.1,3,,,,
MKOANI,Abdalla mzee-Mkoani,2022,3,4th week,6.9,4,,,,
MKOANI,Abdalla mzee-Mkoani,2022,4,1st week,4.1,1,,,,
MKOANI,Abdalla mzee-Mkoani,2022,4,2nd week,11.1,2,,,,
MKOANI,Abdalla mzee-Mkoani,2022,4,3rd week,144.40000000000003,3,,,,
MKOANI,Abdalla mzee-Mkoani,2022,4,4th week,231.7,4,,,,
MKOANI,Abdalla mzee-Mkoani,2022,5,1st week,179.79999999999995,1,,,,
MKOANI,Abdalla mzee-Mkoani,2022,5,2nd week,159.89999999999998,2,,,,
MKOANI,Abdalla mzee-Mkoani,2022,5,3rd week,65.3,3,,,,
MKOANI,Abdalla mzee-Mkoani,2022,5,4th week,77.4,4,,,,
MKOANI,Abdalla mzee-Mkoani,2022,6,1st week,0.0,1,,,,
MKOANI,Abdalla mzee-Mkoani,2022,6,2nd week,34.3,2,,,,
MKOANI,Abdalla mzee-Mkoani,2022,6,3rd week,9.6,3,,,,
MKOANI,Abdalla mzee-Mkoani,2022,6,4th week,19.3,4,,,,
MKOANI,Abdalla mzee-Mkoani,2022,7,1st week,51.5,1,,,,
MKOANI,Abdalla mzee-Mkoani,2022,7,2nd week,26.700000000000003,2,,,,
MKOANI,Abdalla mzee-Mkoani,2022,7,3rd week,36.1,3,,,,
MKOANI,Abdalla mzee-Mkoani,2022,7,4th week,28.9,4,,,,
MKOANI,Abdalla mzee-Mkoani,2022,8,1st week,37.1,1,,,,
MKOANI,Abdalla mzee-Mkoani,2022,8,2nd week,20.8,2,,,,
MKOANI,Abdalla mzee-Mkoani,2022,8,3rd week,14.2,3,,,,
MKOANI,Abdalla mzee-Mkoani,2022,8,4th week,34.5,4,,,,
MKOANI,Abdalla mzee-Mkoani,2022,9,1st week,13.1,1,,,,
MKOANI,Abdalla mzee-Mkoani,2022,9,2nd week,25.3,2,,,,
MKOANI,Abdalla mzee-Mkoani,2022,9,3rd week,3.8,3,,,,
MKOANI,Abdalla mzee-Mkoani,2022,9,4th week,15.6,4,,,,
MKOANI,Abdalla mzee-Mkoani,2022,10,1st week,27.5,1,,,,
MKOANI,Abdalla mzee-Mkoani,2022,10,2nd week,18.7,2,,,,
MKOANI,Abdalla mzee-Mkoani,2022,10,3rd week,55.3,3,,,,
MKOANI,Abdalla mzee-Mkoani,2022,10,4th week,32.6,4,,,,
MKOANI,Abdalla mzee-Mkoani,2022,11,1st week,65.0,1,,,,
MKOANI,Abdalla mzee-Mkoani,2022,11,2nd week,10.7,2,,,,
MKOANI,Abdalla mzee-Mkoani,2022,11,3rd week,135.9,3,,,,
MKOANI,Abdalla mzee-Mkoani,2022,11,4th week,50.6,4,,,,
MKOANI,Abdalla mzee-Mkoani,2022,12,1st week,51.1,1,,,,
MKOANI,Abdalla mzee-Mkoani,2022,12,2nd week,124.3,2,,,,
MKOANI,Abdalla mzee-Mkoani,2022,12,3rd week,70.80000000000001,3,,,,
MKOANI,Abdalla mzee-Mkoani,2022,12,4th week,44.2,4,,,,
MKOANI,Abdalla mzee-Mkoani,2023,1,1st week,2.4,1,,,,
MKOANI,Abdalla mzee-Mkoani,2023,1,2nd week,46.3,2,,,,
MKOANI,Abdalla mzee-Mkoani,2023,1,3rd week,2.6,3,,,,
MKOANI,Abdalla mzee-Mkoani,2023,1,4th week,36.0,4,,,,
MKOANI,Abdalla mzee-Mkoani,2023,2,1st week,22.9,1,,,,
MKOANI,Abdalla mzee-Mkoani,2023,2,2nd week,14.7,2,,,,
MKOANI,Abdalla mzee-Mkoani,2023,2,3rd week,2.8,3,,,,
MKOANI,Abdalla mzee-Mkoani,2023,2,4th week,11.8,4,,,,
MKOANI,Abdalla mzee-Mkoani,2023,3,1st week,9.3,1,,,,
MKOANI,Abdalla mzee-Mkoani,2023,3,2nd week,13.8,2,,,,
MKOANI,Abdalla mzee-Mkoani,2023,3,3rd week,50.8,3,,,,
MKOANI,Abdalla mzee-Mkoani,2023,3,4th week,57.3,4,,,,
MKOANI,Abdalla mzee-Mkoani,2023,4,1st week,205.9,1,,,,
MKOANI,Abdalla mzee-Mkoani,2023,4,2nd week,114.8,2,,,,
MKOANI,Abdalla mzee-Mkoani,2023,4,3rd week,489.69999999999993,3,,,,
MKOANI,Abdalla mzee-Mkoani,2023,4,4th week,482.1,4,,,,
MKOANI,Abdalla mzee-Mkoani,2023,5,1st week,178.4,1,,,,
MKOANI,Abdalla mzee-Mkoani,2023,5,2nd week,306.3,2,,,,
MKOANI,Abdalla mzee-Mkoani,2023,5,3rd week,43.4,3,,,,
MKOANI,Abdalla mzee-Mkoani,2023,5,4th week,103.0,4,,,,
MKOANI,Abdalla mzee-Mkoani,2023,6,1st week,91.20000000000002,1,,,,
MKOANI,Abdalla mzee-Mkoani,2023,6,2nd week,33.9,2,,,,
MKOANI,Abdalla mzee-Mkoani,2023,6,3rd week,50.2,3,,,,
MKOANI,Abdalla mzee-Mkoani,2023,6,4th week,34.400000000000006,4,,,,
MKOANI,Abdalla mzee-Mkoani,2023,7,1st week,35.8,1,,,,
MKOANI,Abdalla mzee-Mkoani,2023,7,2nd week,12.2,2,,,,
MKOANI,Abdalla mzee-Mkoani,2023,7,3rd week,13.1,3,,,,
MKOANI,Abdalla mzee-Mkoani,2023,7,4th week,19.8,4,,,,
MKOANI,Abdalla mzee-Mkoani,2023,8,1st week,8.600000000000001,1,,,,
MKOANI,Abdalla mzee-Mkoani,2023,8,2nd week,12.5,2,,,,
MKOANI,Abdalla mzee-Mkoani,2023,8,3rd week,4.3,3,,,,
MKOANI,Abdalla mzee-Mkoani,2023,8,4th week,8.6,4,,,,
MKOANI,Abdalla mzee-Mkoani,2023,9,1st week,4.1,1,,,,
MKOANI,Abdalla mzee-Mkoani,2023,9,2nd week,21.700000000000003,2,,,,
MKOANI,Abdalla mzee-Mkoani,2023,9,3rd week,11.7,3,,,,
MKOANI,Abdalla mzee-Mkoani,2023,9,4th week,11.7,4,,,,
MKOANI,Abdalla mzee-Mkoani,2023,10,1st week,2.3,1,,,,
MKOANI,Abdalla mzee-Mkoani,2023,10,2nd week,20.0,2,,,,
MKOANI,Abdalla mzee-Mkoani,2023,10,3rd week,37.5,3,,,,
MKOANI,Abdalla mzee-Mkoani,2023,10,4th week,70.89999999999999,4,,,,
MKOANI,Abdalla mzee-Mkoani,2023,11,1st week,390.4,1,,,,
MKOANI,Abdalla mzee-Mkoani,2023,11,2nd week,282.70000000000005,2,,,,
MKOANI,Abdalla mzee-Mkoani,2023,11,3rd week,295.79999999999995,3,,,,
MKOANI,Abdalla mzee-Mkoani,2023,11,4th week,148.6,4,,,,
MKOANI,Abdalla mzee-Mkoani,2023,12,1st week,68.30000000000001,1,,,,
MKOANI,Abdalla mzee-Mkoani,2023,12,2nd week,94.0,2,,,,
MKOANI,Abdalla mzee-Mkoani,2023,12,3rd week,50.6,3,,,,
MKOANI,Abdalla mzee-Mkoani,2023,12,4th week,0.0,4,,,,
PEMBA,Pemba,2018,1,1st week,,1,24.3428571428571,29.8166666666667,,
PEMBA,Pemba,2018,1,2nd week,,2,23.8,29.6428571428571,,
PEMBA,Pemba,2018,1,3rd week,,3,23.3571428571429,30.2285714285714,,
PEMBA,Pemba,2018,1,4th week,,4,22.8285714285714,30.4428571428571,,
PEMBA,Pemba,2018,2,1st week,,1,23.8571428571429,31.4142857142857,,
PEMBA,Pemba,2018,2,2nd week,,2,24.5714285714286,31.5428571428571,,
PEMBA,Pemba,2018,2,3rd week,,3,24.4,32.1,,
PEMBA,Pemba,2018,2,4th week,,4,23.7428571428571,32.4714285714286,,
PEMBA,Pemba,2018,3,1st week,,1,23.7714285714286,31.5333333333333,,
PEMBA,Pemba,2018,3,2nd week,,2,23.8428571428571,30.3,,
PEMBA,Pemba,2018,3,3rd week,,3,24.4428571428571,31.9714285714286,,
PEMBA,Pemba,2018,3,4th week,,4,24.0285714285714,31.4,,
PEMBA,Pemba,2018,4,1st week,,1,24.5857142857143,31.8714285714286,,
PEMBA,Pemba,2018,4,2nd week,,2,24.1857142857143,30.9142857142857,,
PEMBA,Pemba,2018,4,3rd week,,3,23.7142857142857,28.5714285714286,,
PEMBA,Pemba,2018,4,4th week,,4,24.7714285714286,29.8,,
PEMBA,Pemba,2018,5,1st week,,1,22.8714285714286,28.3285714285714,,
PEMBA,Pemba,2018,5,2nd week,,2,23.4285714285714,29.4571428571429,,
PEMBA,Pemba,2018,5,3rd week,,3,24.1142857142857,29.6428571428571,,
PEMBA,Pemba,2018,5,4th week,,4,23.9571428571429,29.7285714285714,,
PEMBA,Pemba,2018,6,1st week,,1,23.9714285714286,28.9571428571429,,
PEMBA,Pemba,2018,6,2nd week,,2,22.8714285714286,29.2714285714286,,
PEMBA,Pemba,2018,6,3rd week,,3,23.1857142857143,29.4714285714286,,
PEMBA,Pemba,2018,6,4th week,,4,23.5714285714286,28.6285714285714,,
PEMBA,Pemba,2018,7,1st week,,1,22.7714285714286,28.4285714285714,,
PEMBA,Pemba,2018,7,2nd week,,2,23.0857142857143,28.7428571428571,,
PEMBA,Pemba,2018,7,3rd week,,3,22.9285714285714,28.3,,
PEMBA,Pemba,2018,7,4th week,,4,23.2142857142857,27.5285714285714,,
PEMBA,Pemba,2018,8,1st week,,1,22.9857142857143,27.6142857142857,,
PEMBA,Pemba,2018,8,2nd week,,2,23.5714285714286,28.6428571428571,,
PEMBA,Pemba,2018,8,3rd week,,3,24.0142857142857,29.1571428571429,,
PEMBA,Pemba,2018,8,4th week,,4,24.6714285714286,28.6571428571429,,
PEMBA,Pemba,2018,9,1st week,,1,23.3142857142857,29.2,,
PEMBA,Pemba,2018,9,2nd week,,2,23.6571428571429,29.6428571428571,,
PEMBA,Pemba,2018,9,3rd week,,3,22.2,29.7285714285714,,
PEMBA,Pemba,2018,9,4th week,,4,23.2,29.3714285714286,,
PEMBA,Pemba,2018,10,1st week,,1,23.2,28.8,,
PEMBA,Pemba,2018,10,2nd week,,2,23.5428571428571,29.3,,
PEMBA,Pemba,2018,10,3rd week,,3,23.2285714285714,30.3857142857143,,
PEMBA,Pemba,2018,10,4th week,,4,23.7571428571429,29.6714285714286,,
PEMBA,Pemba,2018,11,1st week,,1,22.9857142857143,30.8285714285714,,
PEMBA,Pemba,2018,11,2nd week,,2,23.5714285714286,30.4714285714286,,
PEMBA,Pemba,2018,11,3rd week,,3,24.0142857142857,30.7142857142857,,
PEMBA,Pemba,2018,11,4th week,,4,24.6714285714286,31.4857142857143,,
PEMBA,Pemba,2018,12,1st week,,1,24.3166666666667,30.7857142857143,,
PEMBA,Pemba,2018,12,2nd week,,2,24.35,30.0714285714286,,
PEMBA,Pemba,2018,12,3rd week,,3,24.7714285714286,30.5714285714286,,
PEMBA,Pemba,2018,12,4th week,,4,24.8428571428571,30.7714285714286,,
PEMBA,Pemba,2019,1,1st week,,1,25.5571428571429,32.3285714285714,,
PEMBA,Pemba,2019,1,2nd week,,2,25.7,32.3571428571429,,
PEMBA,Pemba,2019,1,3rd week,,3,24.4857142857143,32.3,,
PEMBA,Pemba,2019,1,4th week,,4,25.725,31.825,,
PEMBA,Pemba,2019,2,1st week,,1,24.7857142857143,30.7142857142857,,
PEMBA,Pemba,2019,2,2nd week,,2,24.6857142857143,31.2428571428571,,
PEMBA,Pemba,2019,2,3rd week,,3,25.2571428571429,31.6571428571429,,
PEMBA,Pemba,2019,2,4th week,,4,25.6,32.3625,,
PEMBA,Pemba,2019,3,1st week,,1,25.0142857142857,33.1142857142857,,
PEMBA,Pemba,2019,3,2nd week,,2,25.1142857142857,32.5714285714286,,
PEMBA,Pemba,2019,3,3rd week,,3,24.1714285714286,32.7,,
PEMBA,Pemba,2019,3,4th week,,4,24.5125,32.9125,,
PEMBA,Pemba,2019,4,1st week,,1,24.9428571428571,31.8142857142857,,
PEMBA,Pemba,2019,4,2nd week,,2,25.0142857142857,31.0714285714286,,
PEMBA,Pemba,2019,4,3rd week,,3,25.6428571428571,32.3571428571429,,
PEMBA,Pemba,2019,4,4th week,,4,25.2125,32.125,,
PEMBA,Pemba,2019,5,1st week,,1,24.8285714285714,29.4142857142857,,
PEMBA,Pemba,2019,5,2nd week,,2,25.0428571428571,28.1428571428571,,
PEMBA,Pemba,2019,5,3rd week,,3,24.4428571428571,29.2285714285714,,
PEMBA,Pemba,2019,5,4th week,,4,24.55,28.75,,
PEMBA,Pemba,2019,6,1st week,,1,24.1571428571429,29.4142857142857,,
PEMBA,Pemba,2019,6,2nd week,,2,23.7714285714286,29.1428571428571,,
PEMBA,Pemba,2019,6,3rd week,,3,24.3,28.8714285714286,,
PEMBA,Pemba,2019,6,4th week,,4,24.175,29.1875,,
PEMBA,Pemba,2019,7,1st week,,1,24.1857142857143,29.3571428571429,,
PEMBA,Pemba,2019,7,2nd week,,2,24.6428571428571,29.0857142857143,,
PEMBA,Pemba,2019,7,3rd week,,3,23.5,28.3857142857143,,
PEMBA,Pemba,2019,7,4th week,,4,24.4,28.2375,,
PEMBA,Pemba,2019,8,1st week,,1,23.7571428571429,28.9571428571429,,
PEMBA,Pemba,2019,8,2nd week,,2,24.0428571428571,28.9285714285714,,
PEMBA,Pemba,2019,8,3rd week,,3,24.3,28.8571428571429,,
PEMBA,Pemba,2019,8,4th week,,4,23.8375,29.0375,,
PEMBA,Pemba,2019,9,1st week,,1,23.1857142857143,29.4428571428571,,
PEMBA,Pemba,2019,9,2nd week,,2,23.9285714285714,28.9714285714286,,
PEMBA,Pemba,2019,9,3rd week,,3,23.5428571428571,29.6571428571429,,
PEMBA,Pemba,2019,9,4th week,,4,24.2375,29.875,,
PEMBA,Pemba,2019,10,1st week,,1,23.8,29.5285714285714,,
PEMBA,Pemba,2019,10,2nd week,,2,24.0857142857143,28.8285714285714,,
PEMBA,Pemba,2019,10,3rd week,,3,23.6428571428571,29.3,,
PEMBA,Pemba,2019,10,4th week,,4,24.6375,30.0,,
PEMBA,Pemba,2019,11,1st week,,1,24.6857142857143,30.4285714285714,,
PEMBA,Pemba,2019,11,2nd week,,2,24.6285714285714,30.5571428571429,,
PEMBA,Pemba,2019,11,3rd week,,3,25.6714285714286,31.1857142857143,,
PEMBA,Pemba,2019,11,4th week,,4,24.6875,30.8625,,
PEMBA,Pemba,2019,12,1st week,,1,25.1428571428571,32.1,,
PEMBA,Pemba,2019,12,2nd week,,2,24.8285714285714,31.9857142857143,,
PEMBA,Pemba,2019,12,3rd week,,3,24.2857142857143,32.2,,
PEMBA,Pemba,2019,12,4th week,,4,25.375,32.0375,,
PEMBA,Pemba,2020,1,1st week,,1,25.8142857142857,32.0714285714286,,
PEMBA,Pemba,2020,1,2nd week,,2,25.6,31.7714285714286,,
PEMBA,Pemba,2020,1,3rd week,,3,26.0142857142857,30.6714285714286,,
PEMBA,Pemba,2020,1,4th week,,4,25.8428571428571,30.725,,
PEMBA,Pemba,2020,2,1st week,,1,24.7857142857143,30.7142857142857,,
PEMBA,Pemba,2020,2,2nd week,,2,24.8625,31.2428571428571,,
PEMBA,Pemba,2020,2,3rd week,,3,25.1428571428571,31.6571428571429,,
PEMBA,Pemba,2020,2,4th week,,4,25.6428571428571,32.3625,,
PEMBA,Pemba,2020,3,1st week,,1,25.5857142857143,31.8714285714286,,
PEMBA,Pemba,2020,3,2nd week,,2,25.7625,31.7428571428571,,
PEMBA,Pemba,2020,3,3rd week,,3,25.4285714285714,31.6714285714286,,
PEMBA,Pemba,2020,3,4th week,,4,25.0142857142857,31.425,,
PEMBA,Pemba,2020,4,1st week,,1,25.5,31.5,,
PEMBA,Pemba,2020,4,2nd week,,2,24.9,29.6571428571429,,
PEMBA,Pemba,2020,4,3rd week,,3,23.9857142857143,29.0,,
PEMBA,Pemba,2020,4,4th week,,4,24.5142857142857,29.25,,
PEMBA,Pemba,2020,5,1st week,,1,24.4,28.9714285714286,,
PEMBA,Pemba,2020,5,2nd week,,2,24.3625,29.2857142857143,,
PEMBA,Pemba,2020,5,3rd week,,3,24.2142857142857,29.2714285714286,,
PEMBA,Pemba,2020,5,4th week,,4,24.5428571428571,29.7125,,
PEMBA,Pemba,2020,6,1st week,,1,25.1285714285714,29.0857142857143,,
PEMBA,Pemba,2020,6,2nd week,,2,24.5625,28.9714285714286,,
PEMBA,Pemba,2020,6,3rd week,,3,24.8,27.9142857142857,,
PEMBA,Pemba,2020,6,4th week,,4,23.7,28.2375,,
PEMBA,Pemba,2020,7,1st week,,1,24.1428571428571,27.7571428571429,,
PEMBA,Pemba,2020,7,2nd week,,2,23.4625,28.2571428571429,,
PEMBA,Pemba,2020,7,3rd week,,3,23.3857142857143,27.5,,
PEMBA,Pemba,2020,7,4th week,,4,24.3142857142857,27.65,,
PEMBA,Pemba,2020,8,1st week,,1,23.2142857142857,27.9714285714286,,
PEMBA,Pemba,2020,8,2nd week,,2,22.3625,27.6428571428571,,
PEMBA,Pemba,2020,8,3rd week,,3,23.7,28.2,,
PEMBA,Pemba,2020,8,4th week,,4,23.2428571428571,28.2875,,
PEMBA,Pemba,2020,9,1st week,,1,23.0,28.0714285714286,,
PEMBA,Pemba,2020,9,2nd week,,2,22.5625,28.8,,
PEMBA,Pemba,2020,9,3rd week,,3,22.8,28.5285714285714,,
PEMBA,Pemba,2020,9,4th week,,4,22.9142857142857,28.7625,,
PEMBA,Pemba,2020,10,1st week,,1,22.6142857142857,29.6,,
PEMBA,Pemba,2020,10,2nd week,,2,23.8,30.4428571428571,,
PEMBA,Pemba,2020,10,3rd week,,3,23.2428571428571,30.0428571428571,,
PEMBA,Pemba,2020,10,4th week,,4,24.7714285714286,30.5,,
PEMBA,Pemba,2020,11,1st week,,1,25.0142857142857,30.0428571428571,,
PEMBA,Pemba,2020,11,2nd week,,2,24.1125,29.7571428571429,,
PEMBA,Pemba,2020,11,3rd week,,3,25.3285714285714,30.3142857142857,,
PEMBA,Pemba,2020,11,4th week,,4,24.4857142857143,31.025,,
PEMBA,Pemba,2020,12,1st week,,1,24.4857142857143,31.2285714285714,,
PEMBA,Pemba,2020,12,2nd week,,2,24.8375,31.4857142857143,,
PEMBA,Pemba,2020,12,3rd week,,3,25.1571428571429,31.1142857142857,,
PEMBA,Pemba,2020,12,4th week,,4,26.3142857142857,31.2125,,
PEMBA,Pemba,2021,1,1st week,,1,24.4714285714286,30.6857142857143,,
PEMBA,Pemba,2021,1,2nd week,,2,24.5428571428571,29.625,,
PEMBA,Pemba,2021,1,3rd week,,3,23.7571428571429,30.6857142857143,,
PEMBA,Pemba,2021,1,4th week,,4,24.4571428571429,30.4333333333333,,
PEMBA,Pemba,2021,2,1st week,,1,23.5,31.0142857142857,,
PEMBA,Pemba,2021,2,2nd week,,2,25.3714285714286,30.4125,,
PEMBA,Pemba,2021,2,3rd week,,3,24.6142857142857,30.9142857142857,,
PEMBA,Pemba,2021,2,4th week,,4,24.4142857142857,31.5833333333333,,
PEMBA,Pemba,2021,3,1st week,,1,24.3571428571429,31.8571428571429,,
PEMBA,Pemba,2021,3,2nd week,,2,24.1285714285714,31.4625,,
PEMBA,Pemba,2021,3,3rd week,,3,23.9714285714286,31.9571428571429,,
PEMBA,Pemba,2021,3,4th week,,4,23.9714285714286,30.9666666666667,,
PEMBA,Pemba,2021,4,1st week,,1,25.2571428571429,30.7571428571429,,
PEMBA,Pemba,2021,4,2nd week,,2,24.6714285714286,29.75,,
PEMBA,Pemba,2021,4,3rd week,,3,24.4571428571429,28.2,,
PEMBA,Pemba,2021,4,4th week,,4,24.9,30.4666666666667,,
PEMBA,Pemba,2021,5,1st week,,1,23.8714285714286,28.3285714285714,,
PEMBA,Pemba,2021,5,2nd week,,2,25.0571428571429,29.625,,
PEMBA,Pemba,2021,5,3rd week,,3,24.7857142857143,29.7,,
PEMBA,Pemba,2021,5,4th week,,4,25.2285714285714,29.2166666666667,,
PEMBA,Pemba,2021,6,1st week,,1,23.9714285714286,29.0714285714286,,
PEMBA,Pemba,2021,6,2nd week,,2,24.4,28.25,,
PEMBA,Pemba,2021,6,3rd week,,3,23.4285714285714,28.2857142857143,,
PEMBA,Pemba,2021,6,4th week,,4,23.0142857142857,27.7,,
PEMBA,Pemba,2021,7,1st week,,1,23.5,27.9571428571429,,
PEMBA,Pemba,2021,7,2nd week,,2,24.1,27.925,,
PEMBA,Pemba,2021,7,3rd week,,3,24.2285714285714,27.8285714285714,,
PEMBA,Pemba,2021,7,4th week,,4,23.5714285714286,27.3,,
PEMBA,Pemba,2021,8,1st week,,1,22.4428571428571,27.4142857142857,,
PEMBA,Pemba,2021,8,2nd week,,2,22.2,27.9875,,
PEMBA,Pemba,2021,8,3rd week,,3,22.9142857142857,27.9142857142857,,
PEMBA,Pemba,2021,8,4th week,,4,22.2714285714286,27.85,,
PEMBA,Pemba,2021,9,1st week,,1,24.1428571428571,27.4142857142857,,
PEMBA,Pemba,2021,9,2nd week,,2,23.6857142857143,27.9875,,
PEMBA,Pemba,2021,9,3rd week,,3,23.4,27.9142857142857,,
PEMBA,Pemba,2021,9,4th week,,4,23.1142857142857,27.85,,
PEMBA,Pemba,2021,10,1st week,,1,23.1714285714286,29.1142857142857,,
PEMBA,Pemba,2021,10,2nd week,,2,23.9428571428571,29.5125,,
PEMBA,Pemba,2021,10,3rd week,,3,24.5285714285714,29.4,,
PEMBA,Pemba,2021,10,4th week,,4,22.5142857142857,30.1833333333333,,
PEMBA,Pemba,2021,11,1st week,,1,24.4285714285714,30.6714285714286,,
PEMBA,Pemba,2021,11,2nd week,,2,23.5857142857143,31.075,,
PEMBA,Pemba,2021,11,3rd week,,3,23.8428571428571,31.1714285714286,,
PEMBA,Pemba,2021,11,4th week,,4,25.0857142857143,31.5666666666667,,
PEMBA,Pemba,2021,12,1st week,,1,24.5571428571429,30.8857142857143,,
PEMBA,Pemba,2021,12,2nd week,,2,24.4714285714286,31.0,,
PEMBA,Pemba,2021,12,3rd week,,3,24.6857142857143,31.1428571428571,,
PEMBA,Pemba,2021,12,4th week,,4,24.7571428571429,31.6,,
PEMBA,Pemba,2022,1,1st week,,1,25.4428571428571,32.3428571428571,,
PEMBA,Pemba,2022,1,2nd week,,2,26.0428571428571,31.9285714285714,,
PEMBA,Pemba,2022,1,3rd week,,3,24.0571428571429,31.2857142857143,,
PEMBA,Pemba,2022,1,4th week,,4,25.0714285714286,30.3142857142857,,
PEMBA,Pemba,2022,2,1st week,,1,24.0714285714286,31.2142857142857,,
PEMBA,Pemba,2022,2,2nd week,,2,24.5571428571429,31.1428571428571,,
PEMBA,Pemba,2022,2,3rd week,,3,24.1428571428571,31.8,,
PEMBA,Pemba,2022,2,4th week,,4,25.3,31.1714285714286,,
PEMBA,Pemba,2022,3,1st week,,1,24.2714285714286,31.3285714285714,,
PEMBA,Pemba,2022,3,2nd week,,2,24.4571428571429,32.0,,
PEMBA,Pemba,2022,3,3rd week,,3,24.3,31.7142857142857,,
PEMBA,Pemba,2022,3,4th week,,4,25.6428571428571,32.0428571428571,,
PEMBA,Pemba,2022,4,1st week,,1,25.2,31.8714285714286,,
PEMBA,Pemba,2022,4,2nd week,,2,25.5142857142857,30.9142857142857,,
PEMBA,Pemba,2022,4,3rd week,,3,24.5428571428571,29.5714285714286,,
PEMBA,Pemba,2022,4,4th week,,4,24.8857142857143,30.6571428571429,,
PEMBA,Pemba,2022,5,1st week,,1,24.3428571428571,29.2285714285714,,
PEMBA,Pemba,2022,5,2nd week,,2,25.9714285714286,29.9714285714286,,
PEMBA,Pemba,2022,5,3rd week,,3,25.8,29.9571428571429,,
PEMBA,Pemba,2022,5,4th week,,4,26.3142857142857,30.2,,
PEMBA,Pemba,2022,6,1st week,,1,23.7,27.7428571428571,,
PEMBA,Pemba,2022,6,2nd week,,2,24.3857142857143,28.8428571428571,,
PEMBA,Pemba,2022,6,3rd week,,3,24.8142857142857,28.7857142857143,,
PEMBA,Pemba,2022,6,4th week,,4,24.5428571428571,28.1714285714286,,
PEMBA,Pemba,2022,7,1st week,,1,22.9571428571429,27.0285714285714,,
PEMBA,Pemba,2022,7,2nd week,,2,22.5142857142857,27.1571428571429,,
PEMBA,Pemba,2022,7,3rd week,,3,22.9714285714286,27.4285714285714,,
PEMBA,Pemba,2022,7,4th week,,4,23.2142857142857,27.2285714285714,,
PEMBA,Pemba,2022,8,1st week,,1,21.3714285714286,27.2285714285714,,
PEMBA,Pemba,2022,8,2nd week,,2,22.6142857142857,27.3714285714286,,
PEMBA,Pemba,2022,8,3rd week,,3,21.7571428571429,27.6428571428571,,
PEMBA,Pemba,2022,8,4th week,,4,22.4857142857143,27.4714285714286,,
PEMBA,Pemba,2022,9,1st week,,1,21.5571428571429,27.7285714285714,,
PEMBA,Pemba,2022,9,2nd week,,2,21.7285714285714,28.0571428571429,,
PEMBA,Pemba,2022,9,3rd week,,3,22.9714285714286,28.1142857142857,,
PEMBA,Pemba,2022,9,4th week,,4,23.4857142857143,28.4857142857143,,
PEMBA,Pemba,2022,10,1st week,,1,22.8428571428571,28.1857142857143,,
PEMBA,Pemba,2022,10,2nd week,,2,23.5,28.4428571428571,,
PEMBA,Pemba,2022,10,3rd week,,3,22.9142857142857,28.7,,
PEMBA,Pemba,2022,10,4th week,,4,23.6714285714286,28.8285714285714,,
PEMBA,Pemba,2022,11,1st week,,1,23.2428571428571,29.9857142857143,,
PEMBA,Pemba,2022,11,2nd week,,2,24.0142857142857,30.3571428571429,,
PEMBA,Pemba,2022,11,3rd week,,3,24.1142857142857,30.2857142857143,,
PEMBA,Pemba,2022,11,4th week,,4,24.3571428571429,30.6428571428571,,
PEMBA,Pemba,2022,12,1st week,,1,24.4,31.4857142857143,,
PEMBA,Pemba,2022,12,2nd week,,2,24.0857142857143,31.8,,
PEMBA,Pemba,2022,12,3rd week,,3,25.4714285714286,31.8142857142857,,
PEMBA,Pemba,2022,12,4th week,,4,26.0285714285714,31.3428571428571,,
PEMBA,Pemba,2023,1,1st week,,1,25.2,32.1142857142857,,
PEMBA,Pemba,2023,1,2nd week,,2,24.6571428571429,31.85,,
PEMBA,Pemba,2023,1,3rd week,,3,24.7,31.7333333333333,,
PEMBA,Pemba,2023,1,4th week,,4,25.6857142857143,30.8571428571429,,
PEMBA,Pemba,2023,2,1st week,,1,24.2571428571429,31.8571428571429,,
PEMBA,Pemba,2023,2,2nd week,,2,25.0142857142857,31.1875,,
PEMBA,Pemba,2023,2,3rd week,,3,25.3,31.5,,
PEMBA,Pemba,2023,2,4th week,,4,23.5714285714286,31.6857142857143,,
PEMBA,Pemba,2023,3,1st week,,1,24.2571428571429,31.9571428571429,,
PEMBA,Pemba,2023,3,2nd week,,2,25.0142857142857,32.3875,,
PEMBA,Pemba,2023,3,3rd week,,3,25.3,31.6666666666667,,
PEMBA,Pemba,2023,3,4th week,,4,23.5714285714286,31.0571428571429,,
PEMBA,Pemba,2023,4,1st week,,1,25.3142857142857,31.4857142857143,,
PEMBA,Pemba,2023,4,2nd week,,2,25.5714285714286,31.6625,,
PEMBA,Pemba,2023,4,3rd week,,3,25.1857142857143,28.7333333333333,,
PEMBA,Pemba,2023,4,4th week,,4,25.1,29.2857142857143,,
PEMBA,Pemba,2023,5,1st week,,1,25.2285714285714,30.1428571428571,,
PEMBA,Pemba,2023,5,2nd week,,2,25.3714285714286,30.075,,
PEMBA,Pemba,2023,5,3rd week,,3,25.5142857142857,30.45,,
PEMBA,Pemba,2023,5,4th week,,4,24.5142857142857,29.2714285714286,,
PEMBA,Pemba,2023,6,1st week,,1,23.0,28.9571428571429,,
PEMBA,Pemba,2023,6,2nd week,,2,23.7857142857143,29.3125,,
PEMBA,Pemba,2023,6,3rd week,,3,23.8142857142857,29.4333333333333,,
PEMBA,Pemba,2023,6,4th week,,4,23.9714285714286,28.7,,
PEMBA,Pemba,2023,7,1st week,,1,23.6,28.4285714285714,,
PEMBA,Pemba,2023,7,2nd week,,2,23.1714285714286,28.675,,
PEMBA,Pemba,2023,7,3rd week,,3,24.4,28.8,,
PEMBA,Pemba,2023,7,4th week,,4,24.1714285714286,28.5142857142857,,
PEMBA,Pemba,2023,8,1st week,,1,23.8285714285714,28.4285714285714,,
PEMBA,Pemba,2023,8,2nd week,,2,23.7142857142857,28.675,,
PEMBA,Pemba,2023,8,3rd week,,3,22.8285714285714,28.8,,
PEMBA,Pemba,2023,8,4th week,,4,23.3857142857143,28.5142857142857,,
PEMBA,Pemba,2023,9,1st week,,1,23.2857142857143,29.1714285714286,,
PEMBA,Pemba,2023,9,2nd week,,2,23.8285714285714,29.5,,
PEMBA,Pemba,2023,9,3rd week,,3,23.9857142857143,29.8666666666667,,
PEMBA,Pemba,2023,9,4th week,,4,24.3857142857143,30.2142857142857,,
PEMBA,Pemba,2023,10,1st week,,1,23.9714285714286,30.4857142857143,,
PEMBA,Pemba,2023,10,2nd week,,2,23.7285714285714,31.0375,,
PEMBA,Pemba,2023,10,3rd week,,3,25.2142857142857,31.1166666666667,,
PEMBA,Pemba,2023,10,4th week,,4,24.6285714285714,31.1857142857143,,
PEMBA,Pemba,2023,11,1st week,,1,24.0857142857143,28.7428571428571,,
PEMBA,Pemba,2023,11,2nd week,,2,24.5571428571429,30.5,,
PEMBA,Pemba,2023,11,3rd week,,3,24.9714285714286,30.0833333333333,,
PEMBA,Pemba,2023,11,4th week,,4,24.3428571428571,30.5571428571429,,
PEMBA,Pemba,2023,12,1st week,,1,25.5714285714286,31.3142857142857,,
PEMBA,Pemba,2023,12,2nd week,,2,24.5285714285714,31.3625,,
PEMBA,Pemba,2023,12,3rd week,,3,25.4142857142857,31.5833333333333,,
PEMBA,Pemba,2023,12,4th week,,4,26.1857142857143,31.7285714285714,,
WETE,Weni,2018,1,1st week,69.1,1,,,,
WETE,Weni,2018,1,2nd week,1.5,2,,,,
WETE,Weni,2018,1,3rd week,0.2,3,,,,
WETE,Weni,2018,1,4th week,0.0,4,,,,
WETE,Weni,2018,2,1st week,0.0,1,,,,
WETE,Weni,2018,2,2nd week,0.0,2,,,,
WETE,Weni,2018,2,3rd week,0.0,3,,,,
WETE,Weni,2018,2,4th week,0.0,4,,,,
WETE,Weni,2018,3,1st week,19.5,1,,,,
WETE,Weni,2018,3,2nd week,44.0,2,,,,
WETE,Weni,2018,3,3rd week,51.2,3,,,,
WETE,Weni,2018,3,4th week,81.7,4,,,,
WETE,Weni,2018,4,1st week,45.2,1,,,,
WETE,Weni,2018,4,2nd week,121.5,2,,,,
WETE,Weni,2018,4,3rd week,130.4,3,,,,
WETE,Weni,2018,4,4th week,34.0,4,,,,
WETE,Weni,2018,5,1st week,201.2,1,,,,
WETE,Weni,2018,5,2nd week,265.5,2,,,,
WETE,Weni,2018,5,3rd week,16.9,3,,,,
WETE,Weni,2018,5,4th week,6.0,4,,,,
WETE,Weni,2018,6,1st week,1.0,1,,,,
WETE,Weni,2018,6,2nd week,32.0,2,,,,
WETE,Weni,2018,6,3rd week,32.3,3,,,,
WETE,Weni,2018,6,4th week,31.5,4,,,,
WETE,Weni,2018,7,1st week,34.5,1,,,,
WETE,Weni,2018,7,2nd week,20.9,2,,,,
WETE,Weni,2018,7,3rd week,3.0,3,,,,
WETE,Weni,2018,7,4th week,8.0,4,,,,
WETE,Weni,2018,8,1st week,0.0,1,,,,
WETE,Weni,2018,8,2nd week,8.7,2,,,,
WETE,Weni,2018,8,3rd week,0.0,3,,,,
WETE,Weni,2018,8,4th week,6.0,4,,,,
WETE,Weni,2018,9,1st week,14.0,1,,,,
WETE,Weni,2018,9,2nd week,0.0,2,,,,
WETE,Weni,2018,9,3rd week,19.0,3,,,,
WETE,Weni,2018,9,4th week,45.0,4,,,,
WETE,Weni,2018,10,1st week,1.5,1,,,,
WETE,Weni,2018,10,2nd week,0.0,2,,,,
WETE,Weni,2018,10,3rd week,32.5,3,,,,
WETE,Weni,2018,10,4th week,186.0,4,,,,
WETE,Weni,2018,11,1st week,0.0,1,,,,
WETE,Weni,2018,11,2nd week,15.0,2,,,,
WETE,Weni,2018,11,3rd week,75.39999999999999,3,,,,
WETE,Weni,2018,11,4th week,67.3,4,,,,
WETE,Weni,2018,12,1st week,9.0,1,,,,
WETE,Weni,2018,12,2nd week,43.8,2,,,,
WETE,Weni,2018,12,3rd week,34.800000000000004,3,,,,
WETE,Weni,2018,12,4th week,29.2,4,,,,
WETE,Weni,2019,1,1st week,17.5,1,,,,
WETE,Weni,2019,1,2nd week,0.0,2,,,,
WETE,Weni,2019,1,3rd week,0.0,3,,,,
WETE,Weni,2019,1,4th week,0.0,4,,,,
WETE,Weni,2019,2,1st week,0.0,1,,,,
WETE,Weni,2019,2,2nd week,11.7,2,,,,
WETE,Weni,2019,2,3rd week,0.0,3,,,,
WETE,Weni,2019,2,4th week,41.3,4,,,,
WETE,Weni,2019,3,1st week,0.0,1,,,,
WETE,Weni,2019,3,2nd week,0.0,2,,,,
WETE,Weni,2019,3,3rd week,0.0,3,,,,
WETE,Weni,2019,3,4th week,1.0,4,,,,
WETE,Weni,2019,4,1st week,61.1,1,,,,
WETE,Weni,2019,4,2nd week,88.3,2,,,,
WETE,Weni,2019,4,3rd week,58.7,3,,,,
WETE,Weni,2019,4,4th week,54.3,4,,,,
WETE,Weni,2019,5,1st week,76.7,1,,,,
WETE,Weni,2019,5,2nd week,219.0,2,,,,
WETE,Weni,2019,5,3rd week,100.0,3,,,,
WETE,Weni,2019,5,4th week,398.5,4,,,,
WETE,Weni,2019,6,1st week,7.9,1,,,,
WETE,Weni,2019,6,2nd week,1.5,2,,,,
WETE,Weni,2019,6,3rd week,13.4,3,,,,
WETE,Weni,2019,6,4th week,0.0,4,,,,
WETE,Weni,2019,7,1st week,7.2,1,,,,
WETE,Weni,2019,7,2nd week,0.0,2,,,,
WETE,Weni,2019,7,3rd week,31.7,3,,,,
WETE,Weni,2019,7,4th week,0.0,4,,,,
WETE,Weni,2019,8,1st week,28.0,1,,,,
WETE,Weni,2019,8,2nd week,0.0,2,,,,
WETE,Weni,2019,8,3rd week,0.0,3,,,,
WETE,Weni,2019,8,4th week,14.8,4,,,,
WETE,Weni,2019,9,1st week,0.0,1,,,,
WETE,Weni,2019,9,2nd week,30.0,2,,,,
WETE,Weni,2019,9,3rd week,0.0,3,,,,
WETE,Weni,2019,9,4th week,18.0,4,,,,
WETE,Weni,2019,10,1st week,40.9,1,,,,
WETE,Weni,2019,10,2nd week,148.9,2,,,,
WETE,Weni,2019,10,3rd week,67.3,3,,,,
WETE,Weni,2019,10,4th week,93.5,4,,,,
WETE,Weni,2019,11,1st week,16.6,1,,,,
WETE,Weni,2019,11,2nd week,83.4,2,,,,
WETE,Weni,2019,11,3rd week,16.7,3,,,,
WETE,Weni,2019,11,4th week,67.1,4,,,,
WETE,Weni,2019,12,1st week,77.4,1,,,,
WETE,Weni,2019,12,2nd week,6.5,2,,,,
WETE,Weni,2019,12,3rd week,48.0,3,,,,
WETE,Weni,2019,12,4th week,0.0,4,,,,
WETE,Weni,2020,1,1st week,0.0,1,,,,
WETE,Weni,2020,1,2nd week,0.0,2,,,,
WETE,Weni,2020,1,3rd week,32.0,3,,,,
WETE,Weni,2020,1,4th week,9.0,4,,,,
WETE,Weni,2020,2,1st week,0.0,1,,,,
WETE,Weni,2020,2,2nd week,0.0,2,,,,
WETE,Weni,2020,2,3rd week,0.0,3,,,,
WETE,Weni,2020,2,4th week,10.5,4,,,,
WETE,Weni,2020,3,1st week,66.5,1,,,,
WETE,Weni,2020,3,2nd week,26.5,2,,,,
WETE,Weni,2020,3,3rd week,43.8,3,,,,
WETE,Weni,2020,3,4th week,71.0,4,,,,
WETE,Weni,2020,4,1st week,113.0,1,,,,
WETE,Weni,2020,4,2nd week,343.5,2,,,,
WETE,Weni,2020,4,3rd week,99.5,3,,,,
WETE,Weni,2020,4,4th week,163.5,4,,,,
WETE,Weni,2020,5,1st week,193.9,1,,,,
WETE,Weni,2020,5,2nd week,92.4,2,,,,
WETE,Weni,2020,5,3rd week,52.0,3,,,,
WETE,Weni,2020,5,4th week,6.0,4,,,,
WETE,Weni,2020,6,1st week,27.5,1,,,,
WETE,Weni,2020,6,2nd week,23.2,2,,,,
WETE,Weni,2020,6,3rd week,5.2,3,,,,
WETE,Weni,2020,6,4th week,20.0,4,,,,
WETE,Weni,2020,7,1st week,15.0,1,,,,
WETE,Weni,2020,7,2nd week,10.5,2,,,,
WETE,Weni,2020,7,3rd week,7.7,3,,,,
WETE,Weni,2020,7,4th week,5.0,4,,,,
WETE,Weni,2020,8,1st week,0.0,1,,,,
WETE,Weni,2020,8,2nd week,0.0,2,,,,
WETE,Weni,2020,8,3rd week,10.5,3,,,,
WETE,Weni,2020,8,4th week,0.0,4,,,,
WETE,Weni,2020,9,1st week,0.0,1,,,,
WETE,Weni,2020,9,2nd week,0.0,2,,,,
WETE,Weni,2020,9,3rd week,30.5,3,,,,
WETE,Weni,2020,9,4th week,11.5,4,,,,
WETE,Weni,2020,10,1st week,0.0,1,,,,
WETE,Weni,2020,10,2nd week,18.5,2,,,,
WETE,Weni,2020,10,3rd week,16.0,3,,,,
WETE,Weni,2020,10,4th week,5.5,4,,,,
WETE,Weni,2020,11,1st week,0.0,1,,,,
WETE,Weni,2020,11,2nd week,50.5,2,,,,
WETE,Weni,2020,11,3rd week,15.0,3,,,,
WETE,Weni,2020,11,4th week,10.0,4,,,,
WETE,Weni,2020,12,1st week,62.3,1,,,,
WETE,Weni,2020,12,2nd week,0.0,2,,,,
WETE,Weni,2020,12,3rd week,44.0,3,,,,
WETE,Weni,2020,12,4th week,0.0,4,,,,
WETE,Weni,2021,1,1st week,70.0,1,,,,
WETE,Weni,2021,1,2nd week,68.0,2,,,,
WETE,Weni,2021,1,3rd week,0.0,3,,,,
WETE,Weni,2021,1,4th week,0.0,4,,,,
WETE,Weni,2021,2,1st week,8.0,1,,,,
WETE,Weni,2021,2,2nd week,0.0,2,,,,
WETE,Weni,2021,2,3rd week,0.0,3,,,,
WETE,Weni,2021,2,4th week,0.0,4,,,,
WETE,Weni,2021,3,1st week,0.0,1,,,,
WETE,Weni,2021,3,2nd week,0.0,2,,,,
WETE,Weni,2021,3,3rd week,25.5,3,,,,
WETE,Weni,2021,3,4th week,65.0,4,,,,
WETE,Weni,2021,4,1st week,46.0,1,,,,
WETE,Weni,2021,4,2nd week,72.5,2,,,,
WETE,Weni,2021,4,3rd week,123.5,3,,,,
WETE,Weni,2021,4,4th week,69.0,4,,,,
WETE,Weni,2021,5,1st week,135.0,1,,,,
WETE,Weni,2021,5,2nd week,0.0,2,,,,
WETE,Weni,2021,5,3rd week,4.0,3,,,,
WETE,Weni,2021,5,4th week,0.0,4,,,,
WETE,Weni,2021,6,1st week,5.0,1,,,,
WETE,Weni,2021,6,2nd week,36.0,2,,,,
WETE,Weni,2021,6,3rd week,0.0,3,,,,
WETE,Weni,2021,6,4th week,24.5,4,,,,
WETE,Weni,2021,7,1st week,0.0,1,,,,
WETE,Weni,2021,7,2nd week,2.5,2,,,,
WETE,Weni,2021,7,3rd week,0.0,3,,,,
WETE,Weni,2021,7,4th week,0.0,4,,,,
WETE,Weni,2021,8,1st week,19.0,1,,,,
WETE,Weni,2021,8,2nd week,0.0,2,,,,
WETE,Weni,2021,8,3rd week,5.0,3,,,,
WETE,Weni,2021,8,4th week,2.0,4,,,,
WETE,Weni,2021,9,1st week,2.0,1,,,,
WETE,Weni,2021,9,2nd week,8.0,2,,,,
WETE,Weni,2021,9,3rd week,2.0,3,,,,
WETE,Weni,2021,9,4th week,0.0,4,,,,
WETE,Weni,2021,10,1st week,0.0,1,,,,
WETE,Weni,2021,10,2nd week,0.0,2,,,,
WETE,Weni,2021,10,3rd week,10.5,3,,,,
WETE,Weni,2021,10,4th week,2.0,4,,,,
WETE,Weni,2021,11,1st week,0.0,1,,,,
WETE,Weni,2021,11,2nd week,0.0,2,,,,
WETE,Weni,2021,11,3rd week,0.0,3,,,,
WETE,Weni,2021,11,4th week,40.0,4,,,,
WETE,Weni,2021,12,1st week,57.0,1,,,,
WETE,Weni,2021,12,2nd week,115.0,2,,,,
WETE,Weni,2021,12,3rd week,30.5,3,,,,
WETE,Weni,2021,12,4th week,14.0,4,,,,
WETE,Weni,2022,1,1st week,0.0,1,,,,
WETE,Weni,2022,1,2nd week,0.0,2,,,,
WETE,Weni,2022,1,3rd week,11.0,3,,,,
WETE,Weni,2022,1,4th week,0.0,4,,,,
WETE,Weni,2022,2,1st week,0.0,1,,,,
WETE,Weni,2022,2,2nd week,0.0,2,,,,
WETE,Weni,2022,2,3rd week,53.0,3,,,,
WETE,Weni,2022,2,4th week,0.0,4,,,,
WETE,Weni,2022,3,1st week,0.0,1,,,,
WETE,Weni,2022,3,2nd week,0.0,2,,,,
WETE,Weni,2022,3,3rd week,0.0,3,,,,
WETE,Weni,2022,3,4th week,25.0,4,,,,
WETE,Weni,2022,4,1st week,10.0,1,,,,
WETE,Weni,2022,4,2nd week,20.0,2,,,,
WETE,Weni,2022,4,3rd week,159.0,3,,,,
WETE,Weni,2022,4,4th week,114.0,4,,,,
WETE,Weni,2022,5,1st week,80.0,1,,,,
WETE,Weni,2022,5,2nd week,4.0,2,,,,
WETE,Weni,2022,5,3rd week,30.0,3,,,,
WETE,Weni,2022,5,4th week,29.0,4,,,,
WETE,Weni,2022,6,1st week,59.0,1,,,,
WETE,Weni,2022,6,2nd week,15.0,2,,,,
WETE,Weni,2022,6,3rd week,3.0,3,,,,
WETE,Weni,2022,6,4th week,13.0,4,,,,
WETE,Weni,2022,7,1st week,27.0,1,,,,
WETE,Weni,2022,7,2nd week,20.0,2,,,,
WETE,Weni,2022,7,3rd week,14.0,3,,,,
WETE,Weni,2022,7,4th week,0.0,4,,,,
WETE,Weni,2022,8,1st week,0.0,1,,,,
WETE,Weni,2022,8,2nd week,0.0,2,,,,
WETE,Weni,2022,8,3rd week,0.0,3,,,,
WETE,Weni,2022,8,4th week,0.0,4,,,,
WETE,Weni,2022,9,1st week,0.0,1,,,,
WETE,Weni,2022,9,2nd week,0.0,2,,,,
WETE,Weni,2022,9,3rd week,2.0,3,,,,
WETE,Weni,2022,9,4th week,5.0,4,,,,
WETE,Weni,2022,10,1st week,0.0,1,,,,
WETE,Weni,2022,10,2nd week,0.0,2,,,,
WETE,Weni,2022,10,3rd week,10.0,3,,,,
WETE,Weni,2022,10,4th week,45.0,4,,,,
WETE,Weni,2022,11,1st week,0.0,1,,,,
WETE,Weni,2022,11,2nd week,19.0,2,,,,
WETE,Weni,2022,11,3rd week,21.0,3,,,,
WETE,Weni,2022,11,4th week,90.0,4,,,,
WETE,Weni,2022,12,1st week,0.0,1,,,,
WETE,Weni,2022,12,2nd week,12.0,2,,,,
WETE,Weni,2022,12,3rd week,10.0,3,,,,
WETE,Weni,2022,12,4th week,10.0,4,,,,
WETE,Weni,2023,1,1st week,25.0,1,,,,
WETE,Weni,2023,1,2nd week,14.0,2,,,,
WETE,Weni,2023,1,3rd week,0.0,3,,,,
WETE,Weni,2023,1,4th week,10.0,4,,,,
WETE,Weni,2023,2,1st week,0.0,1,,,,
WETE,Weni,2023,2,2nd week,0.0,2,,,,
WETE,Weni,2023,2,3rd week,0.0,3,,,,
WETE,Weni,2023,2,4th week,0.0,4,,,,
WETE,Weni,2023,3,1st week,0.0,1,,,,
WETE,Weni,2023,3,2nd week,0.0,2,,,,
WETE,Weni,2023,3,3rd week,43.0,3,,,,
WETE,Weni,2023,3,4th week,29.5,4,,,,
WETE,Weni,2023,4,1st week,25.0,1,,,,
WETE,Weni,2023,4,2nd week,55.0,2,,,,
WETE,Weni,2023,4,3rd week,182.0,3,,,,
WETE,Weni,2023,4,4th week,164.0,4,,,,
WETE,Weni,2023,5,1st week,0.0,1,,,,
WETE,Weni,2023,5,2nd week,13.0,2,,,,
WETE,Weni,2023,5,3rd week,0.0,3,,,,
WETE,Weni,2023,5,4th week,107.0,4,,,,
WETE,Weni,2023,6,1st week,0.0,1,,,,
WETE,Weni,2023,6,2nd week,172.0,2,,,,
WETE,Weni,2023,6,3rd week,0.0,3,,,,
WETE,Weni,2023,6,4th week,9.0,4,,,,
WETE,Weni,2023,7,1st week,31.0,1,,,,
WETE,Weni,2023,7,2nd week,12.0,2,,,,
WETE,Weni,2023,7,3rd week,14.0,3,,,,
WETE,Weni,2023,7,4th week,3.0,4,,,,
WETE,Weni,2023,8,1st week,0.0,1,,,,
WETE,Weni,2023,8,2nd week,0.0,2,,,,
WETE,Weni,2023,8,3rd week,4.0,3,,,,
WETE,Weni,2023,8,4th week,19.0,4,,,,
WETE,Weni,2023,9,1st week,0.0,1,,,,
WETE,Weni,2023,9,2nd week,0.0,2,,,,
WETE,Weni,2023,9,3rd week,0.0,3,,,,
WETE,Weni,2023,9,4th week,0.0,4,,,,
WETE,Weni,2023,10,1st week,24.0,1,,,,
WETE,Weni,2023,10,2nd week,0.0,2,,,,
WETE,Weni,2023,10,3rd week,75.0,3,,,,
WETE,Weni,2023,10,4th week,33.0,4,,,,
WETE,Weni,2023,11,1st week,160.89999999999998,1,,,,
WETE,Weni,2023,11,2nd week,99.1,2,,,,
WETE,Weni,2023,11,3rd week,95.4,3,,,,
WETE,Weni,2023,11,4th week,85.8,4,,,,
WETE,Weni,2023,12,1st week,10.0,1,,,,
WETE,Weni,2023,12,2nd week,63.0,2,,,,
WETE,Weni,2023,12,3rd week,28.0,3,,,,
WETE,Weni,2023,12,4th week,25.0,4,,,,
ZANZIBAR,Zanzibar,2019,1,1st week,,1,26.8857142857143,33.0571428571429,,
ZANZIBAR,Zanzibar,2019,1,2nd week,,2,26.0714285714286,33.8142857142857,,
ZANZIBAR,Zanzibar,2019,1,3rd week,,3,25.7285714285714,33.6,,
ZANZIBAR,Zanzibar,2019,1,4th week,,4,25.5428571428571,33.2571428571429,,
ZANZIBAR,Zanzibar,2019,2,1st week,,1,25.0428571428571,34.5142857142857,,
ZANZIBAR,Zanzibar,2019,2,2nd week,,2,24.3571428571429,31.9857142857143,,
ZANZIBAR,Zanzibar,2019,2,3rd week,,3,25.1857142857143,31.3285714285714,,
ZANZIBAR,Zanzibar,2019,2,4th week,,4,24.1142857142857,32.7285714285714,,
ZANZIBAR,Zanzibar,2019,3,1st week,,1,24.7714285714286,33.8,,
ZANZIBAR,Zanzibar,2019,3,2nd week,,2,25.5714285714286,34.1285714285714,,
ZANZIBAR,Zanzibar,2019,3,3rd week,,3,26.0142857142857,35.2714285714286,,
ZANZIBAR,Zanzibar,2019,3,4th week,,4,25.9857142857143,34.8285714285714,,
ZANZIBAR,Zanzibar,2019,4,1st week,,1,25.5285714285714,32.4714285714286,,
ZANZIBAR,Zanzibar,2019,4,2nd week,,2,25.3,32.0428571428571,,
ZANZIBAR,Zanzibar,2019,4,3rd week,,3,24.8714285714286,31.4142857142857,,
ZANZIBAR,Zanzibar,2019,4,4th week,,4,24.7,30.2,,
ZANZIBAR,Zanzibar,2019,5,1st week,,1,24.6571428571429,31.4142857142857,,
ZANZIBAR,Zanzibar,2019,5,2nd week,,2,24.9571428571429,30.7285714285714,,
ZANZIBAR,Zanzibar,2019,5,3rd week,,3,25.3571428571429,31.4714285714286,,
ZANZIBAR,Zanzibar,2019,5,4th week,,4,24.3,30.6571428571429,,
ZANZIBAR,Zanzibar,2019,6,1st week,,1,23.8714285714286,30.3285714285714,,
ZANZIBAR,Zanzibar,2019,6,2nd week,,2,23.9714285714286,30.3142857142857,,
ZANZIBAR,Zanzibar,2019,6,3rd week,,3,23.1,29.9,,
ZANZIBAR,Zanzibar,2019,6,4th week,,4,23.6142857142857,29.6857142857143,,
ZANZIBAR,Zanzibar,2019,7,1st week,,1,23.2,30.8,,
ZANZIBAR,Zanzibar,2019,7,2nd week,,2,22.8142857142857,30.2571428571429,,
ZANZIBAR,Zanzibar,2019,7,3rd week,,3,22.6714285714286,29.5,,
ZANZIBAR,Zanzibar,2019,7,4th week,,4,22.0142857142857,30.3714285714286,,
ZANZIBAR,Zanzibar,2019,8,1st week,,1,22.4428571428571,30.3285714285714,,
ZANZIBAR,Zanzibar,2019,8,2nd week,,2,22.4,29.8857142857143,,
ZANZIBAR,Zanzibar,2019,8,3rd week,,3,22.5714285714286,30.6714285714286,,
ZANZIBAR,Zanzibar,2019,8,4th week,,4,22.4285714285714,30.1857142857143,,
ZANZIBAR,Zanzibar,2019,9,1st week,,1,21.2285714285714,29.2142857142857,,
ZANZIBAR,Zanzibar,2019,9,2nd week,,2,20.9857142857143,30.3,,
ZANZIBAR,Zanzibar,2019,9,3rd week,,3,20.4285714285714,30.7142857142857,,
ZANZIBAR,Zanzibar,2019,9,4th week,,4,22.1571428571429,30.5285714285714,,
ZANZIBAR,Zanzibar,2019,10,1st week,,1,24.8714285714286,29.9142857142857,,
ZANZIBAR,Zanzibar,2019,10,2nd week,,2,24.2,29.0,,
ZANZIBAR,Zanzibar,2019,10,3rd week,,3,24.0,29.7428571428571,,
ZANZIBAR,Zanzibar,2019,10,4th week,,4,24.1,30.6,,
ZANZIBAR,Zanzibar,2019,11,1st week,,1,25.0142857142857,32.0285714285714,,
ZANZIBAR,Zanzibar,2019,11,2nd week,,2,24.3857142857143,31.2428571428571,,
ZANZIBAR,Zanzibar,2019,11,3rd week,,3,24.1428571428571,31.1857142857143,,
ZANZIBAR,Zanzibar,2019,11,4th week,,4,24.7,31.9285714285714,,
ZANZIBAR,Zanzibar,2019,12,1st week,,1,23.6857142857143,32.6571428571429,,
ZANZIBAR,Zanzibar,2019,12,2nd week,,2,25.0714285714286,33.3142857142857,,
ZANZIBAR,Zanzibar,2019,12,3rd week,,3,25.1142857142857,31.8714285714286,,
ZANZIBAR,Zanzibar,2019,12,4th week,,4,25.6428571428571,33.8,,
ZANZIBAR,Zanzibar,2020,1,1st week,,1,25.8428571428571,33.7,,
ZANZIBAR,Zanzibar,2020,1,2nd week,,2,25.4857142857143,33.1285714285714,,
ZANZIBAR,Zanzibar,2020,1,3rd week,,3,24.9285714285714,31.6714285714286,,
ZANZIBAR,Zanzibar,2020,1,4th week,,4,25.8,30.7571428571429,,
ZANZIBAR,Zanzibar,2020,2,1st week,,1,25.0571428571429,34.5142857142857,,
ZANZIBAR,Zanzibar,2020,2,2nd week,,2,25.1428571428571,31.9857142857143,,
ZANZIBAR,Zanzibar,2020,2,3rd week,,3,25.9714285714286,31.3285714285714,,
ZANZIBAR,Zanzibar,2020,2,4th week,,4,26.375,32.7285714285714,,
ZANZIBAR,Zanzibar,2020,3,1st week,,1,25.4,32.2571428571429,,
ZANZIBAR,Zanzibar,2020,3,2nd week,,2,24.9428571428571,32.1857142857143,,
ZANZIBAR,Zanzibar,2020,3,3rd week,,3,25.8428571428571,32.0571428571429,,
ZANZIBAR,Zanzibar,2020,3,4th week,,4,25.5375,31.8714285714286,,
ZANZIBAR,Zanzibar,2020,4,1st week,,1,25.7714285714286,32.8857142857143,,
ZANZIBAR,Zanzibar,2020,4,2nd week,,2,24.3857142857143,30.1571428571429,,
ZANZIBAR,Zanzibar,2020,4,3rd week,,3,24.6571428571429,29.1857142857143,,
ZANZIBAR,Zanzibar,2020,4,4th week,,4,25.0,30.9571428571429,,
ZANZIBAR,Zanzibar,2020,5,1st week,,1,24.9285714285714,30.2142857142857,,
ZANZIBAR,Zanzibar,2020,5,2nd week,,2,25.7285714285714,30.4571428571429,,
ZANZIBAR,Zanzibar,2020,5,3rd week,,3,24.5142857142857,29.9285714285714,,
ZANZIBAR,Zanzibar,2020,5,4th week,,4,24.325,30.7714285714286,,
ZANZIBAR,Zanzibar,2020,6,1st week,,1,24.9428571428571,30.4571428571429,,
ZANZIBAR,Zanzibar,2020,6,2nd week,,2,24.2428571428571,30.6428571428571,,
ZANZIBAR,Zanzibar,2020,6,3rd week,,3,23.5,30.3857142857143,,
ZANZIBAR,Zanzibar,2020,6,4th week,,4,24.225,29.8714285714286,,
ZANZIBAR,Zanzibar,2020,7,1st week,,1,23.5857142857143,29.7714285714286,,
ZANZIBAR,Zanzibar,2020,7,2nd week,,2,23.1,29.6,,
ZANZIBAR,Zanzibar,2020,7,3rd week,,3,22.7285714285714,28.8285714285714,,
ZANZIBAR,Zanzibar,2020,7,4th week,,4,22.75,29.3428571428571,,
ZANZIBAR,Zanzibar,2020,8,1st week,,1,23.0285714285714,29.8571428571429,,
ZANZIBAR,Zanzibar,2020,8,2nd week,,2,22.0571428571429,29.3285714285714,,
ZANZIBAR,Zanzibar,2020,8,3rd week,,3,22.6857142857143,29.2285714285714,,
ZANZIBAR,Zanzibar,2020,8,4th week,,4,21.95,29.5,,
ZANZIBAR,Zanzibar,2020,9,1st week,,1,23.0428571428571,29.9,,
ZANZIBAR,Zanzibar,2020,9,2nd week,,2,23.7142857142857,30.7,,
ZANZIBAR,Zanzibar,2020,9,3rd week,,3,22.1857142857143,31.0714285714286,,
ZANZIBAR,Zanzibar,2020,9,4th week,,4,23.1,30.6857142857143,,
ZANZIBAR,Zanzibar,2020,10,1st week,,1,24.0857142857143,31.7857142857143,,
ZANZIBAR,Zanzibar,2020,10,2nd week,,2,23.4857142857143,32.1142857142857,,
ZANZIBAR,Zanzibar,2020,10,3rd week,,3,23.5285714285714,31.3428571428571,,
ZANZIBAR,Zanzibar,2020,10,4th week,,4,23.875,31.3142857142857,,
ZANZIBAR,Zanzibar,2020,11,1st week,,1,22.8,30.0428571428571,,
ZANZIBAR,Zanzibar,2020,11,2nd week,,2,24.1857142857143,29.9428571428571,,
ZANZIBAR,Zanzibar,2020,11,3rd week,,3,24.6285714285714,30.9714285714286,,
ZANZIBAR,Zanzibar,2020,11,4th week,,4,24.7875,30.6714285714286,,
ZANZIBAR,Zanzibar,2020,12,1st week,,1,24.5285714285714,31.5285714285714,,
ZANZIBAR,Zanzibar,2020,12,2nd week,,2,25.0571428571429,31.9428571428571,,
ZANZIBAR,Zanzibar,2020,12,3rd week,,3,24.5428571428571,31.7,,
ZANZIBAR,Zanzibar,2020,12,4th week,,4,25.55,31.8,,
ZANZIBAR,Zanzibar,2021,1,1st week,,1,25.3142857142857,31.4571428571429,,
ZANZIBAR,Zanzibar,2021,1,2nd week,,2,25.2714285714286,31.2,,
ZANZIBAR,Zanzibar,2021,1,3rd week,,3,25.0714285714286,33.2428571428572,,
ZANZIBAR,Zanzibar,2021,1,4th week,,4,25.0857142857143,32.9428571428571,,
ZANZIBAR,Zanzibar,2021,2,1st week,,1,24.9571428571429,32.9428571428571,,
ZANZIBAR,Zanzibar,2021,2,2nd week,,2,25.7285714285714,31.3714285714286,,
ZANZIBAR,Zanzibar,2021,2,3rd week,,3,25.0857142857143,32.5,,
ZANZIBAR,Zanzibar,2021,2,4th week,,4,25.2428571428571,33.2428571428572,,
ZANZIBAR,Zanzibar,2021,3,1st week,,1,26.1571428571429,33.9,,
ZANZIBAR,Zanzibar,2021,3,2nd week,,2,25.0428571428571,33.5285714285714,,
ZANZIBAR,Zanzibar,2021,3,3rd week,,3,25.0,32.8714285714286,,
ZANZIBAR,Zanzibar,2021,3,4th week,,4,25.7714285714286,32.8571428571429,,
ZANZIBAR,Zanzibar,2021,4,1st week,,1,25.5285714285714,31.9142857142857,,
ZANZIBAR,Zanzibar,2021,4,2nd week,,2,24.3571428571429,29.5857142857143,,
ZANZIBAR,Zanzibar,2021,4,3rd week,,3,24.5428571428571,29.9571428571429,,
ZANZIBAR,Zanzibar,2021,4,4th week,,4,25.5428571428571,31.2571428571429,,
ZANZIBAR,Zanzibar,2021,5,1st week,,1,24.9142857142857,28.9142857142857,,
ZANZIBAR,Zanzibar,2021,5,2nd week,,2,24.8,30.9857142857143,,
ZANZIBAR,Zanzibar,2021,5,3rd week,,3,24.7142857142857,31.2285714285714,,
ZANZIBAR,Zanzibar,2021,5,4th week,,4,24.3428571428571,30.7857142857143,,
ZANZIBAR,Zanzibar,2021,6,1st week,,1,23.9,30.1714285714286,,
ZANZIBAR,Zanzibar,2021,6,2nd week,,2,23.3428571428571,29.2,,
ZANZIBAR,Zanzibar,2021,6,3rd week,,3,23.3714285714286,29.1571428571429,,
ZANZIBAR,Zanzibar,2021,6,4th week,,4,21.8428571428571,29.5142857142857,,
ZANZIBAR,Zanzibar,2021,7,1st week,,1,23.1571428571429,29.7857142857143,,
ZANZIBAR,Zanzibar,2021,7,2nd week,,2,23.7142857142857,29.6428571428571,,
ZANZIBAR,Zanzibar,2021,7,3rd week,,3,23.4857142857143,30.0571428571429,,
ZANZIBAR,Zanzibar,2021,7,4th week,,4,23.2857142857143,29.5571428571429,,
ZANZIBAR,Zanzibar,2021,8,1st week,,1,22.8571428571429,29.4,,
ZANZIBAR,Zanzibar,2021,8,2nd week,,2,21.6571428571429,29.3714285714286,,
ZANZIBAR,Zanzibar,2021,8,3rd week,,3,22.7571428571429,29.3714285714286,,
ZANZIBAR,Zanzibar,2021,8,4th week,,4,21.5285714285714,30.1,,
ZANZIBAR,Zanzibar,2021,9,1st week,,1,23.1428571428571,30.2571428571429,,
ZANZIBAR,Zanzibar,2021,9,2nd week,,2,22.9,30.0285714285714,,
ZANZIBAR,Zanzibar,2021,9,3rd week,,3,22.3714285714286,30.8,,
ZANZIBAR,Zanzibar,2021,9,4th week,,4,22.8714285714286,30.7,,
ZANZIBAR,Zanzibar,2021,10,1st week,,1,22.9,31.8857142857143,,
ZANZIBAR,Zanzibar,2021,10,2nd week,,2,23.5142857142857,31.6,,
ZANZIBAR,Zanzibar,2021,10,3rd week,,3,22.9,31.0714285714286,,
ZANZIBAR,Zanzibar,2021,10,4th week,,4,23.5285714285714,31.8571428571429,,
ZANZIBAR,Zanzibar,2021,11,1st week,,1,24.8571428571429,33.0428571428571,,
ZANZIBAR,Zanzibar,2021,11,2nd week,,2,24.1428571428571,32.7142857142857,,
ZANZIBAR,Zanzibar,2021,11,3rd week,,3,24.0714285714286,32.9714285714286,,
ZANZIBAR,Zanzibar,2021,11,4th week,,4,25.6571428571429,32.6833333333333,,
ZANZIBAR,Zanzibar,2021,12,1st week,,1,25.5285714285714,31.1714285714286,,
ZANZIBAR,Zanzibar,2021,12,2nd week,,2,24.3571428571429,30.7428571428571,,
ZANZIBAR,Zanzibar,2021,12,3rd week,,3,25.1142857142857,31.3714285714286,,
ZANZIBAR,Zanzibar,2021,12,4th week,,4,25.0571428571429,31.5285714285714,,
ZANZIBAR,Zanzibar,2022,1,1st week,,1,26.0,33.6142857142857,,
ZANZIBAR,Zanzibar,2022,1,2nd week,,2,26.2142857142857,33.7571428571429,,
ZANZIBAR,Zanzibar,2022,1,3rd week,,3,25.3142857142857,33.0285714285714,,
ZANZIBAR,Zanzibar,2022,1,4th week,,4,24.4714285714286,31.0571428571429,,
ZANZIBAR,Zanzibar,2022,2,1st week,,1,24.8285714285714,31.3714285714286,,
ZANZIBAR,Zanzibar,2022,2,2nd week,,2,25.7142857142857,32.2714285714286,,
ZANZIBAR,Zanzibar,2022,2,3rd week,,3,25.6285714285714,33.3428571428571,,
ZANZIBAR,Zanzibar,2022,2,4th week,,4,25.7857142857143,32.1285714285714,,
ZANZIBAR,Zanzibar,2022,3,1st week,,1,25.5714285714286,33.8571428571429,,
ZANZIBAR,Zanzibar,2022,3,2nd week,,2,25.7714285714286,33.7285714285714,,
ZANZIBAR,Zanzibar,2022,3,3rd week,,3,26.1714285714286,33.8714285714286,,
ZANZIBAR,Zanzibar,2022,3,4th week,,4,25.5857142857143,32.8714285714286,,
ZANZIBAR,Zanzibar,2022,4,1st week,,1,25.7571428571429,32.9285714285714,,
ZANZIBAR,Zanzibar,2022,4,2nd week,,2,25.4142857142857,31.5285714285714,,
ZANZIBAR,Zanzibar,2022,4,3rd week,,3,24.8285714285714,30.4,,
ZANZIBAR,Zanzibar,2022,4,4th week,,4,25.1857142857143,29.9714285714286,,
ZANZIBAR,Zanzibar,2022,5,1st week,,1,24.8142857142857,30.4,,
ZANZIBAR,Zanzibar,2022,5,2nd week,,2,25.7285714285714,31.5285714285714,,
ZANZIBAR,Zanzibar,2022,5,3rd week,,3,25.1714285714286,31.2428571428571,,
ZANZIBAR,Zanzibar,2022,5,4th week,,4,24.9857142857143,31.7571428571429,,
ZANZIBAR,Zanzibar,2022,6,1st week,,1,23.6142857142857,30.8142857142857,,
ZANZIBAR,Zanzibar,2022,6,2nd week,,2,24.6428571428571,30.9714285714286,,
ZANZIBAR,Zanzibar,2022,6,3rd week,,3,23.6,30.2285714285714,,
ZANZIBAR,Zanzibar,2022,6,4th week,,4,24.1142857142857,29.6571428571429,,
ZANZIBAR,Zanzibar,2022,7,1st week,,1,22.2428571428571,28.6857142857143,,
ZANZIBAR,Zanzibar,2022,7,2nd week,,2,22.1285714285714,29.0428571428571,,
ZANZIBAR,Zanzibar,2022,7,3rd week,,3,22.4857142857143,28.4428571428571,,
ZANZIBAR,Zanzibar,2022,7,4th week,,4,21.9571428571429,28.6571428571429,,
ZANZIBAR,Zanzibar,2022,8,1st week,,1,21.7428571428571,29.0857142857143,,
ZANZIBAR,Zanzibar,2022,8,2nd week,,2,21.8285714285714,28.6857142857143,,
ZANZIBAR,Zanzibar,2022,8,3rd week,,3,20.5285714285714,29.5571428571429,,
ZANZIBAR,Zanzibar,2022,8,4th week,,4,21.6,28.9857142857143,,
ZANZIBAR,Zanzibar,2022,9,1st week,,1,22.2571428571429,30.0285714285714,,
ZANZIBAR,Zanzibar,2022,9,2nd week,,2,21.7285714285714,30.2571428571429,,
ZANZIBAR,Zanzibar,2022,9,3rd week,,3,23.0857142857143,30.5714285714286,,
ZANZIBAR,Zanzibar,2022,9,4th week,,4,23.0,30.8714285714286,,
ZANZIBAR,Zanzibar,2022,10,1st week,,1,22.5285714285714,30.6714285714286,,
ZANZIBAR,Zanzibar,2022,10,2nd week,,2,22.2714285714286,31.2428571428571,,
ZANZIBAR,Zanzibar,2022,10,3rd week,,3,22.4142857142857,31.0428571428571,,
ZANZIBAR,Zanzibar,2022,10,4th week,,4,23.0714285714286,30.5714285714286,,
ZANZIBAR,Zanzibar,2022,11,1st week,,1,23.4142857142857,31.4,,
ZANZIBAR,Zanzibar,2022,11,2nd week,,2,24.4,31.3,,
ZANZIBAR,Zanzibar,2022,11,3rd week,,3,24.4714285714286,31.2,,
ZANZIBAR,Zanzibar,2022,11,4th week,,4,24.4285714285714,30.5714285714286,,
ZANZIBAR,Zanzibar,2022,12,1st week,,1,24.4,32.1,,
ZANZIBAR,Zanzibar,2022,12,2nd week,,2,24.4428571428571,31.9857142857143,,
ZANZIBAR,Zanzibar,2022,12,3rd week,,3,25.2857142857143,32.2857142857143,,
ZANZIBAR,Zanzibar,2022,12,4th week,,4,24.9571428571429,31.4,,
ZANZIBAR,Zanzibar,2023,1,1st week,,1,26.8857142857143,32.1428571428571,,
ZANZIBAR,Zanzibar,2023,1,2nd week,,2,26.0714285714286,31.3285714285714,,
ZANZIBAR,Zanzibar,2023,1,3rd week,,3,25.7285714285714,32.4142857142857,,
ZANZIBAR,Zanzibar,2023,1,4th week,,4,25.5428571428571,32.7142857142857,,
ZANZIBAR,Zanzibar,2023,2,1st week,,1,25.0428571428571,33.3571428571429,,
ZANZIBAR,Zanzibar,2023,2,2nd week,,2,24.3571428571429,33.2571428571429,,
ZANZIBAR,Zanzibar,2023,2,3rd week,,3,25.1857142857143,33.4714285714286,,
ZANZIBAR,Zanzibar,2023,2,4th week,,4,24.1142857142857,33.5142857142857,,
ZANZIBAR,Zanzibar,2023,3,1st week,,1,24.7714285714286,33.9142857142857,,
ZANZIBAR,Zanzibar,2023,3,2nd week,,2,25.5714285714286,34.1428571428571,,
ZANZIBAR,Zanzibar,2023,3,3rd week,,3,26.0142857142857,31.7571428571429,,
ZANZIBAR,Zanzibar,2023,3,4th week,,4,25.9857142857143,31.3,,
ZANZIBAR,Zanzibar,2023,4,1st week,,1,25.5285714285714,31.5857142857143,,
ZANZIBAR,Zanzibar,2023,4,2nd week,,2,25.3,31.2714285714286,,
ZANZIBAR,Zanzibar,2023,4,3rd week,,3,24.8714285714286,28.8142857142857,,
ZANZIBAR,Zanzibar,2023,4,4th week,,4,24.7,30.0571428571429,,
ZANZIBAR,Zanzibar,2023,5,1st week,,1,24.6571428571429,30.8857142857143,,
ZANZIBAR,Zanzibar,2023,5,2nd week,,2,24.9571428571429,30.5142857142857,,
ZANZIBAR,Zanzibar,2023,5,3rd week,,3,25.3571428571429,31.0714285714286,,
ZANZIBAR,Zanzibar,2023,5,4th week,,4,24.3,29.9,,
ZANZIBAR,Zanzibar,2023,6,1st week,,1,23.8714285714286,28.7571428571429,,
ZANZIBAR,Zanzibar,2023,6,2nd week,,2,23.9714285714286,29.6714285714286,,
ZANZIBAR,Zanzibar,2023,6,3rd week,,3,23.1,30.1285714285714,,
ZANZIBAR,Zanzibar,2023,6,4th week,,4,23.6142857142857,29.6,,
ZANZIBAR,Zanzibar,2023,7,1st week,,1,23.2,28.4428571428571,,
ZANZIBAR,Zanzibar,2023,7,2nd week,,2,22.8142857142857,29.1571428571429,,
ZANZIBAR,Zanzibar,2023,7,3rd week,,3,22.6714285714286,29.6285714285714,,
ZANZIBAR,Zanzibar,2023,7,4th week,,4,22.0142857142857,28.5857142857143,,
ZANZIBAR,Zanzibar,2023,8,1st week,,1,22.4428571428571,29.3857142857143,,
ZANZIBAR,Zanzibar,2023,8,2nd week,,2,22.4,29.9428571428571,,
ZANZIBAR,Zanzibar,2023,8,3rd week,,3,22.5714285714286,30.6571428571429,,
ZANZIBAR,Zanzibar,2023,8,4th week,,4,22.4285714285714,30.4285714285714,,
ZANZIBAR,Zanzibar,2023,9,1st week,,1,21.2285714285714,31.2428571428571,,
ZANZIBAR,Zanzibar,2023,9,2nd week,,2,20.9857142857143,31.0571428571429,,
ZANZIBAR,Zanzibar,2023,9,3rd week,,3,20.4285714285714,31.4285714285714,,
ZANZIBAR,Zanzibar,2023,9,4th week,,4,22.1571428571429,30.8857142857143,,
ZANZIBAR,Zanzibar,2023,10,1st week,,1,24.8714285714286,30.7142857142857,,
ZANZIBAR,Zanzibar,2023,10,2nd week,,2,24.2,31.5285714285714,,
ZANZIBAR,Zanzibar,2023,10,3rd week,,3,24.0,32.1571428571429,,
ZANZIBAR,Zanzibar,2023,10,4th week,,4,24.1,31.3285714285714,,
ZANZIBAR,Zanzibar,2023,11,1st week,,1,25.0142857142857,27.8714285714286,,
ZANZIBAR,Zanzibar,2023,11,2nd week,,2,24.3857142857143,29.7,,
ZANZIBAR,Zanzibar,2023,11,3rd week,,3,24.1428571428571,30.1,,
ZANZIBAR,Zanzibar,2023,11,4th week,,4,24.7,30.3714285714286,,
ZANZIBAR,Zanzibar,2023,12,1st week,,1,23.6857142857143,30.7142857142857,,
ZANZIBAR,Zanzibar,2023,12,2nd week,,2,25.0714285714286,31.5285714285714,,
ZANZIBAR,Zanzibar,2023,12,3rd week,,3,25.1142857142857,32.1571428571429,,
ZANZIBAR,Zanzibar,2023,12,4th week,,4,25.6428571428571,31.3285714285714,,
