District,Year,Week,true_malaria_cases,prop_male,prop_female,prop_<5_age,prop_5_14_age,prop_15_29_age,prop_30_44_age,prop_45+_age,is_index,is_additional_index,is_other_member,is_private,is_public,average_latitude,average_longitude,occ_student,occ_health_worker,occ_police_officer,occ_watchman,occ_farmer,occ_fisherman,occ_unemployed,occ_housewife,occ_business_owner,Month
MJINI,2018,1,24,0.4583333333333333,0.20833333333333334,0.041666666666666664,0.16666666666666666,0.2916666666666667,0.16666666666666666,0.0,20,0,4,10,10,-6.169768344444445,39.21014584444444,0,0,0,0,0,0,0,0,0,1.0
MJINI,2018,2,34,0.2647058823529412,0.35294117647058826,0.058823529411764705,0.23529411764705882,0.20588235294117646,0.08823529411764706,0.029411764705882353,29,0,5,8,21,-6.169777028571429,39.211799628571434,0,0,0,0,0,0,0,0,0,1.0
MJINI,2018,3,37,0.43243243243243246,0.32432432432432434,0.13513513513513514,0.2702702702702703,0.24324324324324326,0.08108108108108109,0.02702702702702703,32,0,5,13,17,-6.16435190909091,39.21167387272727,0,0,0,0,0,0,0,0,0,1.0
MJINI,2018,4,37,0.2702702702702703,0.2702702702702703,0.08108108108108109,0.16216216216216217,0.21621621621621623,0.08108108108108109,0.0,30,0,7,16,14,-6.16033528125,39.216943275,0,0,0,0,0,0,0,0,0,1.0
MJINI,2018,5,31,0.6129032258064516,0.25806451612903225,0.06451612903225806,0.3548387096774194,0.1935483870967742,0.16129032258064516,0.0967741935483871,18,0,13,9,9,-6.174617843478261,39.217687821739126,0,0,0,0,0,0,0,0,0,1.0
MJINI,2018,6,9,0.3333333333333333,0.4444444444444444,0.1111111111111111,0.2222222222222222,0.3333333333333333,0.0,0.1111111111111111,9,0,0,7,2,-6.168521766666667,39.21787626666667,0,0,0,0,0,0,0,0,0,2.0
MJINI,2018,7,23,0.30434782608695654,0.5217391304347826,0.08695652173913043,0.13043478260869565,0.5217391304347826,0.08695652173913043,0.0,22,0,1,14,8,-6.16913116875,39.21133185,0,0,0,0,0,0,0,0,0,2.0
MJINI,2018,8,19,0.3157894736842105,0.42105263157894735,0.05263157894736842,0.05263157894736842,0.3157894736842105,0.21052631578947367,0.10526315789473684,16,0,3,9,7,-6.16020907,39.2086147,0,0,0,0,0,0,0,0,0,2.0
MJINI,2018,9,18,0.3333333333333333,0.1111111111111111,0.1111111111111111,0.05555555555555555,0.2777777777777778,0.0,0.0,17,0,1,13,4,-6.1117436666666665,39.2317927,0,0,0,0,0,0,0,0,0,3.0
MJINI,2018,10,10,0.4,0.5,0.2,0.1,0.1,0.2,0.3,10,0,0,5,5,-6.176450625,39.2179544875,0,0,0,0,0,0,0,0,0,3.0
MJINI,2018,11,16,0.4375,0.1875,0.0625,0.0625,0.1875,0.3125,0.0,16,0,0,11,5,-6.1710506,39.222348679999996,0,0,0,0,0,0,0,0,0,3.0
MJINI,2018,12,18,0.2222222222222222,0.05555555555555555,0.0,0.05555555555555555,0.2222222222222222,0.0,0.0,18,0,0,4,14,-6.175941125,39.219411875,0,0,0,0,0,0,0,0,0,3.0
MJINI,2018,13,15,0.26666666666666666,0.7333333333333333,0.2,0.13333333333333333,0.4,0.26666666666666666,0.0,15,0,0,8,7,-6.1755348733333335,39.21272416666667,0,0,0,0,0,0,0,0,0,3.0
MJINI,2018,14,16,0.625,0.1875,0.0,0.0,0.4375,0.25,0.125,14,0,2,9,5,-6.169356523076923,39.21384053846154,0,0,0,0,0,0,0,0,0,4.0
MJINI,2018,15,19,0.3684210526315789,0.631578947368421,0.15789473684210525,0.15789473684210525,0.47368421052631576,0.15789473684210525,0.05263157894736842,15,0,4,7,8,-6.166990826315789,39.21489705789474,0,0,0,0,0,0,0,0,0,4.0
MJINI,2018,16,17,0.5294117647058824,0.4117647058823529,0.0,0.11764705882352941,0.47058823529411764,0.23529411764705882,0.11764705882352941,17,0,0,10,7,-6.16931338,39.21229835333334,0,0,0,0,0,0,0,0,0,4.0
MJINI,2018,17,15,0.6,0.4,0.06666666666666667,0.2,0.4666666666666667,0.13333333333333333,0.13333333333333333,11,0,4,6,5,-6.17028185,39.21746916428572,0,0,0,0,0,0,0,0,0,4.0
MJINI,2018,18,11,0.45454545454545453,0.36363636363636365,0.0,0.18181818181818182,0.36363636363636365,0.2727272727272727,0.0,11,0,0,8,3,-6.171555514285714,39.2107767,0,0,0,0,0,0,0,0,0,4.0
MJINI,2018,19,18,0.3333333333333333,0.6666666666666666,0.2222222222222222,0.2222222222222222,0.4444444444444444,0.1111111111111111,0.0,18,0,0,11,7,-6.170272488235294,39.21579678235294,0,0,0,0,0,0,0,0,0,5.0
MJINI,2018,20,47,0.48936170212765956,0.2765957446808511,0.0851063829787234,0.0425531914893617,0.3404255319148936,0.23404255319148937,0.06382978723404255,44,0,3,17,27,-6.161556355555556,39.209687208333335,0,0,0,0,0,0,0,0,0,5.0
MJINI,2018,21,40,0.375,0.3,0.075,0.05,0.4,0.1,0.05,39,0,1,15,21,-6.1550277115384615,39.21208227307692,0,0,0,0,0,0,0,0,0,5.0
MJINI,2018,22,21,0.23809523809523808,0.47619047619047616,0.0,0.09523809523809523,0.5238095238095238,0.09523809523809523,0.0,21,0,0,8,13,-6.168136313333333,39.22314094666667,0,0,0,0,0,0,0,0,0,5.0
MJINI,2018,23,23,0.6086956521739131,0.13043478260869565,0.043478260869565216,0.08695652173913043,0.43478260869565216,0.08695652173913043,0.08695652173913043,20,0,3,12,7,-6.16502002,39.20518288,0,0,0,0,0,0,0,0,0,6.0
MJINI,2018,24,35,0.45714285714285713,0.14285714285714285,0.08571428571428572,0.11428571428571428,0.2571428571428571,0.11428571428571428,0.02857142857142857,34,0,1,20,14,-6.16828970625,39.2084724625,0,0,0,0,0,0,0,0,0,6.0
MJINI,2018,25,46,0.021739130434782608,0.021739130434782608,0.0,0.0,0.043478260869565216,0.0,0.0,45,0,1,12,29,-6.175293549999999,39.212702500000006,0,0,0,0,0,0,0,0,0,6.0
MJINI,2018,26,53,0.09433962264150944,0.07547169811320754,0.018867924528301886,0.018867924528301886,0.07547169811320754,0.03773584905660377,0.018867924528301886,53,0,0,18,35,-6.1718047625,39.2101846375,0,0,0,0,0,0,0,0,0,6.0
MJINI,2018,27,56,0.17857142857142858,0.125,0.0,0.05357142857142857,0.125,0.08928571428571429,0.03571428571428571,55,0,1,15,40,-6.138008992517677,39.21624967031376,0,0,0,0,0,0,0,0,0,7.0
MJINI,2018,28,63,0.09523809523809523,0.1111111111111111,0.0,0.047619047619047616,0.09523809523809523,0.015873015873015872,0.047619047619047616,61,0,2,25,36,-6.164301276923077,39.21103557692308,0,0,0,0,0,0,0,0,0,7.0
MJINI,2018,29,45,0.2,0.2,0.022222222222222223,0.08888888888888889,0.17777777777777778,0.08888888888888889,0.022222222222222223,40,0,5,10,30,-6.168197652941177,39.21267180588236,0,0,0,0,0,0,0,0,0,7.0
MJINI,2018,30,31,0.16129032258064516,0.22580645161290322,0.12903225806451613,0.0967741935483871,0.06451612903225806,0.03225806451612903,0.06451612903225806,29,0,2,13,16,-6.159209072727273,39.210474536363634,0,0,0,0,0,0,0,0,0,7.0
MJINI,2018,31,27,0.2222222222222222,0.07407407407407407,0.037037037037037035,0.0,0.25925925925925924,0.0,0.0,25,0,2,8,17,-6.1666423375,39.210858,0,0,0,0,0,0,0,0,0,8.0
MJINI,2018,32,28,0.17857142857142858,0.21428571428571427,0.03571428571428571,0.0,0.25,0.10714285714285714,0.0,28,0,0,9,19,-6.16559574,39.20635091,0,0,0,0,0,0,0,0,0,8.0
MJINI,2018,33,24,0.25,0.125,0.08333333333333333,0.041666666666666664,0.16666666666666666,0.08333333333333333,0.0,23,0,1,12,10,-6.11524205,39.221771037500005,0,0,0,0,0,0,0,0,0,8.0
MJINI,2018,34,27,0.2222222222222222,0.07407407407407407,0.0,0.0,0.2222222222222222,0.037037037037037035,0.037037037037037035,27,0,0,14,13,-6.104691742857143,39.22355302857142,0,0,0,0,0,0,0,0,0,8.0
MJINI,2018,35,11,0.09090909090909091,0.2727272727272727,0.18181818181818182,0.0,0.18181818181818182,0.0,0.0,8,0,3,4,4,-6.1634742,39.20539235,0,0,0,0,0,0,0,0,0,8.0
MJINI,2018,36,23,0.0,0.0,0.0,0.0,0.0,0.0,0.0,23,0,0,12,11,,,0,0,0,0,0,0,0,0,0,9.0
MJINI,2018,37,16,0.0,0.0,0.0,0.0,0.0,0.0,0.0,16,0,0,7,9,,,0,0,0,0,0,0,0,0,0,9.0
MJINI,2018,38,25,0.0,0.0,0.0,0.0,0.0,0.0,0.0,25,0,0,8,17,,,0,0,0,0,0,0,0,0,0,9.0
MJINI,2018,39,11,0.0,0.0,0.0,0.0,0.0,0.0,0.0,11,0,0,7,2,,,0,0,0,0,0,0,0,0,0,9.0
MJINI,2018,40,7,0.0,0.0,0.0,0.0,0.0,0.0,0.0,7,0,0,3,3,,,0,0,0,0,0,0,0,0,0,10.0
MJINI,2018,41,20,0.05,0.1,0.0,0.0,0.1,0.05,0.0,20,0,0,12,7,-6.1589796,39.221342750000005,0,0,0,0,0,0,0,0,0,10.0
MJINI,2018,42,8,0.125,0.125,0.125,0.0,0.125,0.0,0.0,8,0,0,3,5,-6.1710519,39.2175691,0,0,0,0,0,0,0,0,0,10.0
MJINI,2018,43,9,0.2222222222222222,0.1111111111111111,0.0,0.1111111111111111,0.0,0.2222222222222222,0.0,9,0,0,6,3,-6.1775882,39.2230877,0,0,0,0,0,0,0,0,0,10.0
MJINI,2018,44,21,0.09523809523809523,0.23809523809523808,0.047619047619047616,0.047619047619047616,0.19047619047619047,0.047619047619047616,0.0,20,0,1,7,13,-6.1640631500000005,39.21704866666667,0,0,0,0,0,0,0,0,0,11.0
MJINI,2018,45,11,0.18181818181818182,0.18181818181818182,0.09090909090909091,0.0,0.0,0.18181818181818182,0.09090909090909091,11,0,0,6,5,-6.1732230333333336,39.20837783333334,0,0,0,0,0,0,0,0,0,11.0
MJINI,2018,46,9,0.3333333333333333,0.2222222222222222,0.0,0.1111111111111111,0.2222222222222222,0.2222222222222222,0.0,9,0,0,5,4,-6.1655022,39.21168216666667,0,0,0,0,0,0,0,0,0,11.0
MJINI,2018,47,12,0.3333333333333333,0.3333333333333333,0.0,0.16666666666666666,0.3333333333333333,0.16666666666666666,0.0,12,0,0,8,4,-6.1665923000000005,39.21141188888889,0,0,0,0,0,0,0,0,0,11.0
MJINI,2018,48,11,0.0,0.36363636363636365,0.18181818181818182,0.0,0.09090909090909091,0.09090909090909091,0.0,11,0,0,6,5,-6.177896420000001,39.2164493,0,0,0,0,0,0,0,0,0,11.0
MJINI,2018,49,10,0.5,0.2,0.2,0.2,0.1,0.2,0.0,9,0,1,3,6,-6.176960571428571,39.225839528571434,0,0,0,0,0,0,0,0,0,12.0
MJINI,2018,50,16,0.25,0.5625,0.1875,0.0625,0.375,0.0625,0.125,13,0,3,6,7,-6.165997433333334,39.21291870833333,0,0,0,0,0,0,0,0,0,12.0
MJINI,2018,51,21,0.42857142857142855,0.09523809523809523,0.047619047619047616,0.19047619047619047,0.09523809523809523,0.09523809523809523,0.09523809523809523,20,0,1,7,13,-6.169967183333333,39.21340163333333,0,0,0,0,0,0,0,0,0,12.0
MJINI,2018,52,16,0.5625,0.25,0.0625,0.125,0.5,0.125,0.0,16,0,0,12,4,-6.173834025,39.21171255,0,0,0,0,0,0,0,0,0,12.0
MJINI,2019,1,15,0.8666666666666667,0.06666666666666667,0.06666666666666667,0.2,0.4,0.26666666666666666,0.0,15,0,0,9,6,-6.15586826,39.21516303,0,0,0,0,0,0,0,0,0,1.0
MJINI,2019,2,48,0.4791666666666667,0.4166666666666667,0.10416666666666667,0.25,0.3333333333333333,0.16666666666666666,0.041666666666666664,42,0,6,17,25,-6.166275054054054,39.21373061621622,0,0,0,0,0,0,0,0,0,1.0
MJINI,2019,3,37,0.4594594594594595,0.43243243243243246,0.21621621621621623,0.21621621621621623,0.21621621621621623,0.21621621621621623,0.02702702702702703,33,0,4,12,21,-6.16492541,39.211909445,0,0,0,0,0,0,0,0,0,1.0
MJINI,2019,4,37,0.40540540540540543,0.4864864864864865,0.0,0.16216216216216217,0.5675675675675675,0.13513513513513514,0.02702702702702703,34,0,3,17,17,-6.16600633125,39.21003299375,0,0,0,0,0,0,0,0,0,1.0
MJINI,2019,5,14,0.6428571428571429,0.35714285714285715,0.07142857142857142,0.21428571428571427,0.42857142857142855,0.2857142857142857,0.0,12,0,2,5,7,-6.16715739,39.21119739,0,0,0,0,0,0,0,0,0,1.0
MJINI,2019,6,12,0.5833333333333334,0.3333333333333333,0.08333333333333333,0.08333333333333333,0.4166666666666667,0.25,0.08333333333333333,12,0,0,6,6,-6.162589700000001,39.21482793333333,0,0,0,0,0,0,0,0,0,2.0
MJINI,2019,7,23,0.5652173913043478,0.30434782608695654,0.0,0.043478260869565216,0.391304347826087,0.30434782608695654,0.13043478260869565,22,0,1,10,12,-6.17399382,39.213486360000005,0,0,0,0,0,0,0,0,0,2.0
MJINI,2019,8,22,0.5,0.4090909090909091,0.09090909090909091,0.18181818181818182,0.2727272727272727,0.3181818181818182,0.045454545454545456,19,0,3,6,13,-6.171925957142856,39.21454435714286,0,0,0,0,0,0,0,0,0,2.0
MJINI,2019,9,23,0.4782608695652174,0.5217391304347826,0.21739130434782608,0.13043478260869565,0.30434782608695654,0.21739130434782608,0.13043478260869565,23,0,0,12,11,-6.165651322727272,39.20819246363636,0,0,0,0,0,0,0,0,0,2.0
MJINI,2019,10,15,0.6666666666666666,0.3333333333333333,0.06666666666666667,0.13333333333333333,0.4,0.3333333333333333,0.06666666666666667,15,0,0,10,5,-6.1646497615384614,39.21361527692308,0,0,0,0,0,0,0,0,0,3.0
MJINI,2019,11,14,0.35714285714285715,0.6428571428571429,0.35714285714285715,0.07142857142857142,0.35714285714285715,0.14285714285714285,0.07142857142857142,11,0,3,8,3,-6.1644157,39.21338598,0,0,0,0,0,0,0,0,0,3.0
MJINI,2019,12,21,0.47619047619047616,0.47619047619047616,0.09523809523809523,0.09523809523809523,0.47619047619047616,0.19047619047619047,0.09523809523809523,18,0,3,8,10,-6.173101614285714,39.21418886428571,0,0,0,0,0,0,0,0,0,3.0
MJINI,2019,13,19,0.5263157894736842,0.47368421052631576,0.05263157894736842,0.10526315789473684,0.5789473684210527,0.15789473684210525,0.10526315789473684,17,0,2,5,12,-6.132535418181818,39.21543984545455,0,0,0,0,0,0,0,0,0,3.0
MJINI,2019,14,9,0.7777777777777778,0.1111111111111111,0.1111111111111111,0.0,0.7777777777777778,0.0,0.0,8,0,1,4,3,-6.163596600000001,39.2007058,0,0,0,0,0,0,0,0,0,4.0
MJINI,2019,15,18,0.6111111111111112,0.2777777777777778,0.05555555555555555,0.1111111111111111,0.6666666666666666,0.0,0.05555555555555555,17,0,1,9,8,-6.1703281599999995,39.21351957,0,0,0,0,0,0,0,0,0,4.0
MJINI,2019,16,16,0.4375,0.4375,0.125,0.0625,0.4375,0.125,0.125,15,0,1,9,5,-6.1692836799999995,39.21123007,0,0,0,0,0,0,0,0,0,4.0
MJINI,2019,17,13,0.3076923076923077,0.46153846153846156,0.0,0.0,0.46153846153846156,0.3076923076923077,0.0,13,0,0,9,4,-6.1647989625,39.2046045875,0,0,0,0,0,0,0,0,0,4.0
MJINI,2019,18,12,0.5,0.08333333333333333,0.0,0.08333333333333333,0.16666666666666666,0.16666666666666666,0.16666666666666666,12,0,0,5,7,-6.15595195,39.213873825,0,0,0,0,0,0,0,0,0,4.0
MJINI,2019,19,18,0.6666666666666666,0.2222222222222222,0.16666666666666666,0.2777777777777778,0.2777777777777778,0.05555555555555555,0.1111111111111111,15,0,3,10,5,-6.158704614285715,39.21062209285714,0,0,0,0,0,0,0,0,0,5.0
MJINI,2019,20,14,0.5,0.35714285714285715,0.07142857142857142,0.14285714285714285,0.14285714285714285,0.21428571428571427,0.2857142857142857,11,0,3,7,4,-6.16273853,39.20443633,0,0,0,0,0,0,0,0,0,5.0
MJINI,2019,21,13,0.46153846153846156,0.5384615384615384,0.15384615384615385,0.0,0.46153846153846156,0.3076923076923077,0.07692307692307693,12,0,1,5,7,-6.165523315384615,39.208261246153846,0,0,0,0,0,0,0,0,0,5.0
MJINI,2019,22,19,0.5263157894736842,0.3157894736842105,0.10526315789473684,0.05263157894736842,0.3157894736842105,0.10526315789473684,0.2631578947368421,17,0,2,10,7,-6.1562272714285715,39.21340573571428,0,0,0,0,0,0,0,0,0,5.0
MJINI,2019,23,23,0.21739130434782608,0.34782608695652173,0.0,0.17391304347826086,0.21739130434782608,0.13043478260869565,0.043478260869565216,22,0,1,10,11,-6.154822218181818,39.21340452727273,0,0,0,0,0,0,0,0,0,6.0
MJINI,2019,24,25,0.56,0.28,0.04,0.04,0.48,0.2,0.08,24,0,1,8,16,-6.13296025625,39.21681275,0,0,0,0,0,0,0,0,0,6.0
MJINI,2019,25,41,0.5121951219512195,0.2926829268292683,0.0975609756097561,0.07317073170731707,0.4878048780487805,0.0975609756097561,0.04878048780487805,39,0,2,18,20,-6.171359990909091,39.20683231363636,1,0,0,0,0,0,0,0,0,6.0
MJINI,2019,26,45,0.7555555555555555,0.2,0.022222222222222223,0.24444444444444444,0.4222222222222222,0.2,0.06666666666666667,41,0,4,20,20,-6.16927984375,39.21143825,1,0,0,0,0,0,0,0,0,6.0
MJINI,2019,27,57,0.7017543859649122,0.22807017543859648,0.03508771929824561,0.15789473684210525,0.5087719298245614,0.22807017543859648,0.0,52,0,5,23,28,-6.165708582222222,39.21083145111111,12,0,0,0,0,2,0,0,0,7.0
MJINI,2019,28,37,0.40540540540540543,0.24324324324324326,0.02702702702702703,0.08108108108108109,0.3783783783783784,0.08108108108108109,0.10810810810810811,35,0,2,17,18,-6.164184335,39.22167666,3,0,0,0,0,0,0,0,0,7.0
MJINI,2019,29,31,0.6129032258064516,0.3548387096774194,0.12903225806451613,0.12903225806451613,0.5806451612903226,0.0967741935483871,0.03225806451612903,30,0,1,11,16,-6.169607165517241,39.21030500689655,11,0,0,2,0,0,0,0,0,7.0
MJINI,2019,30,47,0.5531914893617021,0.40425531914893614,0.1276595744680851,0.0425531914893617,0.44680851063829785,0.2127659574468085,0.1276595744680851,32,0,15,24,7,-6.156121288636364,39.21547121136364,3,1,0,1,0,0,0,0,0,7.0
MJINI,2019,31,36,0.6666666666666666,0.3333333333333333,0.1388888888888889,0.08333333333333333,0.3888888888888889,0.2222222222222222,0.16666666666666666,30,0,6,20,10,-6.1672927294117645,39.209184570588235,8,0,0,0,0,0,0,0,0,7.0
MJINI,2019,32,24,0.5416666666666666,0.4583333333333333,0.08333333333333333,0.25,0.4166666666666667,0.20833333333333334,0.041666666666666664,21,0,3,9,10,-6.159672408695652,39.209978665217385,5,0,0,4,0,0,0,0,0,8.0
MJINI,2019,33,19,0.7368421052631579,0.2631578947368421,0.21052631578947367,0.10526315789473684,0.3684210526315789,0.2631578947368421,0.05263157894736842,17,0,2,6,10,-6.161614583333334,39.20740381666667,2,0,0,1,0,2,0,0,0,8.0
MJINI,2019,34,16,0.6875,0.25,0.0,0.0625,0.5625,0.25,0.0625,16,0,0,7,8,-6.171178186666666,39.207588539999996,2,0,0,0,0,1,0,0,0,8.0
MJINI,2019,35,28,0.6785714285714286,0.25,0.03571428571428571,0.21428571428571427,0.32142857142857145,0.2857142857142857,0.14285714285714285,26,0,2,14,10,-6.167476838461539,39.205060665384615,6,0,0,1,0,2,0,0,0,8.0
MJINI,2019,36,21,0.5714285714285714,0.38095238095238093,0.23809523809523808,0.09523809523809523,0.23809523809523808,0.38095238095238093,0.047619047619047616,18,0,3,9,9,-6.164383015,39.210245615,0,0,0,1,0,0,0,0,0,9.0
MJINI,2019,37,30,0.8,0.2,0.1,0.13333333333333333,0.3,0.4,0.06666666666666667,27,0,3,7,19,-6.168598607407407,39.20638926666667,2,0,0,1,0,0,0,0,0,9.0
MJINI,2019,38,25,0.68,0.2,0.28,0.0,0.52,0.08,0.12,21,0,4,6,15,-6.15094787368421,39.21428675789474,2,0,0,0,0,3,0,0,0,9.0
MJINI,2019,39,17,0.6470588235294118,0.23529411764705882,0.0,0.058823529411764705,0.6470588235294118,0.11764705882352941,0.17647058823529413,16,0,1,4,12,-6.173441175,39.20772376666667,2,0,0,0,0,1,0,0,0,9.0
MJINI,2019,40,9,0.3333333333333333,0.5555555555555556,0.0,0.2222222222222222,0.5555555555555556,0.2222222222222222,0.0,7,0,2,5,2,-6.1658722125,39.2072323375,4,0,0,0,0,0,0,0,0,10.0
MJINI,2019,41,9,0.3333333333333333,0.6666666666666666,0.2222222222222222,0.2222222222222222,0.2222222222222222,0.2222222222222222,0.1111111111111111,7,0,2,3,4,-6.172949344444444,39.227296933333335,3,0,0,0,0,0,0,0,0,10.0
MJINI,2019,42,17,0.7058823529411765,0.23529411764705882,0.0,0.17647058823529413,0.5882352941176471,0.0,0.23529411764705882,16,0,1,8,8,-6.16281758,39.20033576,1,0,0,1,0,0,0,0,0,10.0
MJINI,2019,43,14,0.7142857142857143,0.21428571428571427,0.14285714285714285,0.14285714285714285,0.42857142857142855,0.07142857142857142,0.21428571428571427,14,0,0,5,9,-6.167484391666666,39.20744125833333,1,0,0,0,0,0,0,0,0,10.0
MJINI,2019,44,15,0.4666666666666667,0.5333333333333333,0.06666666666666667,0.13333333333333333,0.4666666666666667,0.26666666666666666,0.06666666666666667,13,0,2,6,7,-6.156483526666666,39.21293276666667,2,0,0,0,0,2,0,0,0,10.0
MJINI,2019,45,26,0.5384615384615384,0.4230769230769231,0.038461538461538464,0.19230769230769232,0.5,0.19230769230769232,0.07692307692307693,22,0,4,5,17,-6.168476058333333,39.210068166666666,7,0,0,1,0,0,0,0,0,11.0
MJINI,2019,46,27,0.6296296296296297,0.3333333333333333,0.07407407407407407,0.07407407407407407,0.5185185185185185,0.18518518518518517,0.14814814814814814,26,0,1,12,14,-6.15972072,39.209088272,5,0,0,3,0,0,0,0,0,11.0
MJINI,2019,47,42,0.7380952380952381,0.2619047619047619,0.0,0.16666666666666666,0.47619047619047616,0.2857142857142857,0.07142857142857142,38,0,4,18,20,-6.170467548780488,39.21010967560976,8,0,0,6,0,1,0,0,0,11.0
MJINI,2019,48,88,0.5340909090909091,0.2159090909090909,0.022727272727272728,0.10227272727272728,0.5568181818181818,0.22727272727272727,0.07954545454545454,85,0,3,24,61,-6.167443928571428,39.20624924920635,8,0,0,10,0,4,0,0,0,11.0
MJINI,2019,49,84,0.4642857142857143,0.19047619047619047,0.047619047619047616,0.05952380952380952,0.5357142857142857,0.11904761904761904,0.20238095238095238,82,0,2,31,51,-6.1683591812500005,39.207338720833334,10,0,0,2,0,2,0,0,0,12.0
MJINI,2019,50,163,0.3558282208588957,0.09815950920245399,0.15337423312883436,0.09202453987730061,0.4723926380368098,0.15950920245398773,0.06748466257668712,156,0,7,52,104,-6.161114396666666,39.206363108333335,21,0,0,0,0,13,0,0,0,12.0
MJINI,2019,51,230,0.28695652173913044,0.1,0.09130434782608696,0.15217391304347827,0.391304347826087,0.20434782608695654,0.12608695652173912,224,0,6,68,156,-6.156340181333333,39.20907518,21,0,0,1,0,6,0,0,0,12.0
MJINI,2019,52,236,0.2457627118644068,0.08050847457627118,0.1483050847457627,0.16101694915254236,0.3855932203389831,0.1694915254237288,0.1016949152542373,234,0,2,88,146,-6.162847065753425,39.20985527671233,14,0,0,5,0,12,0,0,0,12.0
MJINI,2020,1,130,0.2692307692307692,0.06923076923076923,0.15384615384615385,0.15384615384615385,0.4,0.18461538461538463,0.06153846153846154,130,0,0,51,79,-6.164046423076923,39.21365117692307,10,0,0,3,0,3,0,0,0,1.0
MJINI,2020,2,292,0.273972602739726,0.11986301369863013,0.18835616438356165,0.1541095890410959,0.3767123287671233,0.1506849315068493,0.1095890410958904,288,0,4,93,195,-6.15385514680851,39.212118885106385,18,0,0,5,0,13,0,0,0,1.0
MJINI,2020,3,313,0.3226837060702875,0.13099041533546327,0.2268370607028754,0.1501597444089457,0.3769968051118211,0.15335463258785942,0.07028753993610223,304,0,9,109,195,-6.156782048799999,39.2172365688,31,0,0,11,0,12,0,0,0,1.0
MJINI,2020,4,275,0.3236363636363636,0.12363636363636364,0.15272727272727274,0.16,0.4109090909090909,0.18545454545454546,0.08727272727272728,273,0,2,73,198,-6.168331999122807,39.20819261842105,27,0,0,11,0,11,0,0,0,1.0
MJINI,2020,5,163,0.25766871165644173,0.1411042944785276,0.26993865030674846,0.09202453987730061,0.37423312883435583,0.15950920245398773,0.10429447852760736,159,0,4,52,107,-6.165046960377358,39.20830221509434,13,0,0,3,0,4,0,0,0,1.0
MJINI,2020,6,155,0.3096774193548387,0.14193548387096774,0.4129032258064516,0.05806451612903226,0.36129032258064514,0.11612903225806452,0.05161290322580645,153,0,2,58,95,-6.165137953225806,39.213607193548384,17,0,0,5,0,3,0,0,0,2.0
MJINI,2020,7,102,0.3431372549019608,0.058823529411764705,0.27450980392156865,0.13725490196078433,0.3431372549019608,0.18627450980392157,0.058823529411764705,99,1,3,39,58,-6.156610351219512,39.22302791219512,4,0,0,2,0,6,0,0,0,2.0
MJINI,2020,8,158,0.25316455696202533,0.056962025316455694,0.35443037974683544,0.13924050632911392,0.33544303797468356,0.10759493670886076,0.06329113924050633,154,0,4,70,84,-6.175351235555556,39.22140515111111,6,0,0,1,0,9,0,0,0,2.0
MJINI,2020,9,112,0.2857142857142857,0.0625,0.16964285714285715,0.125,0.41964285714285715,0.1875,0.09821428571428571,111,0,1,40,71,-6.150715729411765,39.2207479382353,11,0,0,0,0,0,0,0,0,2.0
MJINI,2020,10,77,0.4675324675324675,0.23376623376623376,0.18181818181818182,0.12987012987012986,0.35064935064935066,0.2727272727272727,0.06493506493506493,75,0,2,26,49,-6.165965045283019,39.22014588301887,11,1,0,3,0,3,0,0,0,3.0
MJINI,2020,11,56,0.32142857142857145,0.17857142857142858,0.19642857142857142,0.14285714285714285,0.4642857142857143,0.16071428571428573,0.03571428571428571,55,0,1,28,27,-6.169764577777777,39.21676049259259,3,0,0,4,0,2,0,0,0,3.0
MJINI,2020,12,37,0.7567567567567568,0.21621621621621623,0.02702702702702703,0.13513513513513514,0.5405405405405406,0.21621621621621623,0.08108108108108109,33,0,4,14,19,-6.1601794,39.21584311142857,10,0,0,1,0,0,0,0,0,3.0
MJINI,2020,13,72,0.6111111111111112,0.2638888888888889,0.06944444444444445,0.041666666666666664,0.4583333333333333,0.2361111111111111,0.19444444444444445,71,0,1,23,48,-6.166293203333334,39.211454956666664,10,0,0,5,0,0,0,0,0,3.0
MJINI,2020,14,68,0.7205882352941176,0.23529411764705882,0.04411764705882353,0.07352941176470588,0.5147058823529411,0.25,0.11764705882352941,62,0,6,31,31,-6.1642644838709675,39.21654330161291,10,1,0,6,0,0,0,0,0,3.0
MJINI,2020,15,91,0.6923076923076923,0.23076923076923078,0.04395604395604396,0.13186813186813187,0.5274725274725275,0.23076923076923078,0.06593406593406594,88,0,3,29,59,-6.163853092682927,39.21531571097561,14,0,0,8,0,8,0,0,0,4.0
MJINI,2020,16,84,0.75,0.23809523809523808,0.023809523809523808,0.10714285714285714,0.4166666666666667,0.34523809523809523,0.10714285714285714,81,0,3,25,56,-6.159318469135802,39.216017887654324,16,0,0,7,0,5,0,0,0,4.0
MJINI,2020,17,71,0.8028169014084507,0.19718309859154928,0.028169014084507043,0.08450704225352113,0.5211267605633803,0.2535211267605634,0.11267605633802817,67,1,4,25,41,-6.170670057746479,39.218104853521126,10,0,0,4,0,3,0,0,0,4.0
MJINI,2020,18,70,0.7285714285714285,0.2714285714285714,0.1,0.05714285714285714,0.5285714285714286,0.18571428571428572,0.12857142857142856,65,0,5,24,41,-6.174975750000001,39.21493659285714,7,0,0,3,0,2,0,0,0,4.0
MJINI,2020,19,61,0.5737704918032787,0.4262295081967213,0.03278688524590164,0.16393442622950818,0.5081967213114754,0.18032786885245902,0.11475409836065574,57,0,4,19,38,-6.171735358333334,39.21379813333333,9,0,0,2,0,1,0,0,0,5.0
MJINI,2020,20,85,0.8117647058823529,0.17647058823529413,0.0,0.16470588235294117,0.5647058823529412,0.21176470588235294,0.058823529411764705,82,0,3,50,32,-6.170478528395062,39.21658788765432,15,1,0,2,0,1,0,0,0,5.0
MJINI,2020,21,141,0.6950354609929078,0.2553191489361702,0.014184397163120567,0.14893617021276595,0.5602836879432624,0.19858156028368795,0.07801418439716312,134,0,7,64,70,-6.175090554477612,39.22223004253731,18,0,0,12,0,3,0,0,0,5.0
MJINI,2020,22,158,0.7088607594936709,0.13291139240506328,0.04430379746835443,0.10126582278481013,0.45569620253164556,0.31645569620253167,0.08227848101265822,154,0,4,54,100,-6.163936603076923,39.21209938076923,24,0,0,12,0,4,0,0,0,5.0
MJINI,2020,23,190,0.5842105263157895,0.19473684210526315,0.08421052631578947,0.03684210526315789,0.48947368421052634,0.2631578947368421,0.11052631578947368,190,0,0,56,134,-6.154915157246377,39.21372023985508,13,0,0,9,0,16,0,0,0,6.0
MJINI,2020,24,202,0.6732673267326733,0.2376237623762376,0.06930693069306931,0.04950495049504951,0.5,0.27722772277227725,0.09405940594059406,200,0,2,68,132,-6.150376805263158,39.218501535672516,14,0,0,13,0,13,0,0,0,6.0
MJINI,2020,25,121,0.7272727272727273,0.2231404958677686,0.05785123966942149,0.05785123966942149,0.49586776859504134,0.24793388429752067,0.1322314049586777,121,0,0,38,83,-6.160451667256637,39.2123492,11,0,0,11,0,4,0,0,0,6.0
MJINI,2020,26,172,0.7674418604651163,0.19767441860465115,0.046511627906976744,0.08139534883720931,0.5058139534883721,0.2441860465116279,0.12209302325581395,168,0,4,45,123,-6.1609642653846155,39.206891346153846,27,0,0,17,0,10,0,0,0,6.0
MJINI,2020,27,121,0.5867768595041323,0.3305785123966942,0.08264462809917356,0.11570247933884298,0.45454545454545453,0.21487603305785125,0.1322314049586777,117,0,4,43,74,-6.162674735294117,39.207238233333335,27,1,0,6,0,6,0,0,0,7.0
MJINI,2020,28,90,0.6666666666666666,0.28888888888888886,0.1,0.14444444444444443,0.5,0.2111111111111111,0.044444444444444446,83,0,7,19,64,-6.163896367857143,39.20784058452381,23,0,0,4,0,3,0,0,0,7.0
MJINI,2020,29,61,0.7377049180327869,0.21311475409836064,0.16393442622950818,0.09836065573770492,0.5573770491803278,0.11475409836065574,0.06557377049180328,60,1,1,19,40,-6.166102633928571,39.20662165535714,14,0,0,11,0,2,0,0,0,7.0
MJINI,2020,30,46,0.6086956521739131,0.32608695652173914,0.043478260869565216,0.1956521739130435,0.3695652173913043,0.3695652173913043,0.021739130434782608,45,0,1,17,28,-6.161680523809523,39.20907009047619,9,0,0,4,0,0,0,0,0,7.0
MJINI,2020,31,41,0.6097560975609756,0.34146341463414637,0.04878048780487805,0.12195121951219512,0.5121951219512195,0.21951219512195122,0.0975609756097561,38,0,3,10,28,-6.164113705128205,39.21141458205128,7,0,0,1,0,0,0,0,0,7.0
MJINI,2020,32,32,0.75,0.25,0.0625,0.1875,0.34375,0.21875,0.1875,30,0,2,11,19,-6.163171734375,39.209149509375,3,1,0,0,0,0,0,0,0,8.0
MJINI,2020,33,23,0.6521739130434783,0.34782608695652173,0.13043478260869565,0.13043478260869565,0.391304347826087,0.17391304347826086,0.17391304347826086,23,0,0,10,13,-6.166875026086957,39.209147900000005,4,0,0,1,0,0,0,0,0,8.0
MJINI,2020,34,29,0.6551724137931034,0.3448275862068966,0.13793103448275862,0.1724137931034483,0.3448275862068966,0.2413793103448276,0.10344827586206896,29,0,0,13,16,-6.165922607142858,39.2081187,4,0,0,1,0,2,0,0,0,8.0
MJINI,2020,35,24,0.4166666666666667,0.5416666666666666,0.125,0.125,0.25,0.4166666666666667,0.08333333333333333,22,0,2,8,14,-6.168016147826087,39.210640500000004,3,0,0,4,0,0,0,0,0,8.0
MJINI,2020,36,45,0.7111111111111111,0.28888888888888886,0.13333333333333333,0.3111111111111111,0.26666666666666666,0.2,0.08888888888888889,40,0,5,14,26,-6.166673184444445,39.20661454,16,0,0,1,0,2,0,0,0,9.0
MJINI,2020,37,35,0.6857142857142857,0.3142857142857143,0.11428571428571428,0.08571428571428572,0.4857142857142857,0.2571428571428571,0.05714285714285714,34,0,1,9,25,-6.164131245714286,39.20756619428572,7,0,0,5,0,0,0,0,0,9.0
MJINI,2020,38,24,0.625,0.3333333333333333,0.08333333333333333,0.16666666666666666,0.4583333333333333,0.25,0.041666666666666664,23,0,1,10,13,-6.167122171428572,39.20599008571429,6,0,0,0,0,0,0,0,0,9.0
MJINI,2020,39,30,0.7,0.3,0.06666666666666667,0.06666666666666667,0.5666666666666667,0.26666666666666666,0.03333333333333333,28,0,2,10,18,-6.168433756666667,39.21034263666666,7,1,0,2,0,2,0,0,0,9.0
MJINI,2020,40,48,0.5625,0.4375,0.14583333333333334,0.25,0.3958333333333333,0.14583333333333334,0.0625,35,0,13,9,26,-6.171179314583333,39.214302545833334,15,0,0,0,0,1,0,0,0,9.0
MJINI,2020,41,22,0.6818181818181818,0.3181818181818182,0.0,0.13636363636363635,0.6818181818181818,0.13636363636363635,0.045454545454545456,20,0,2,8,12,-6.166468472727273,39.213123113636364,9,0,0,0,0,1,0,0,0,10.0
MJINI,2020,42,22,0.6363636363636364,0.36363636363636365,0.09090909090909091,0.09090909090909091,0.5,0.22727272727272727,0.09090909090909091,17,0,5,7,10,-6.17055782,39.21230736,4,0,0,0,0,2,0,0,0,10.0
MJINI,2020,43,19,0.631578947368421,0.3684210526315789,0.0,0.0,0.5789473684210527,0.3684210526315789,0.05263157894736842,18,0,1,7,11,-6.16710405,39.210061655555556,3,0,0,2,0,2,0,0,0,10.0
MJINI,2020,44,11,0.7272727272727273,0.2727272727272727,0.09090909090909091,0.09090909090909091,0.5454545454545454,0.18181818181818182,0.09090909090909091,11,0,0,8,3,-6.168237109090909,39.21526954545455,2,0,0,1,0,0,0,0,0,10.0
MJINI,2020,45,15,0.8666666666666667,0.13333333333333333,0.0,0.13333333333333333,0.5333333333333333,0.26666666666666666,0.06666666666666667,15,0,0,7,8,-6.164320128571428,39.21437319285714,5,0,0,1,0,2,0,0,0,11.0
MJINI,2020,46,11,0.9090909090909091,0.09090909090909091,0.0,0.0,0.7272727272727273,0.18181818181818182,0.09090909090909091,11,0,0,4,7,-6.1637697000000005,39.21673984545455,3,0,0,2,0,1,0,0,0,11.0
MJINI,2020,47,9,0.6666666666666666,0.3333333333333333,0.1111111111111111,0.1111111111111111,0.3333333333333333,0.3333333333333333,0.1111111111111111,9,0,0,6,3,-6.166041688888889,39.21186867777778,1,0,0,0,0,1,0,0,0,11.0
MJINI,2020,48,29,0.6896551724137931,0.27586206896551724,0.13793103448275862,0.034482758620689655,0.5862068965517241,0.20689655172413793,0.034482758620689655,27,0,2,10,17,-6.163478525,39.212545060714284,7,0,0,3,0,1,0,0,0,11.0
MJINI,2020,49,59,0.6440677966101694,0.3559322033898305,0.15254237288135594,0.288135593220339,0.3389830508474576,0.13559322033898305,0.0847457627118644,58,0,1,17,41,-6.1709546345454545,39.21450076363636,18,0,0,4,0,1,0,0,0,12.0
MJINI,2020,50,56,0.5892857142857143,0.375,0.0,0.21428571428571427,0.375,0.25,0.16071428571428573,56,0,0,24,32,-6.167033073469388,39.21052645306123,17,0,0,3,0,1,0,0,0,12.0
MJINI,2020,51,99,0.6666666666666666,0.31313131313131315,0.08080808080808081,0.1414141414141414,0.47474747474747475,0.20202020202020202,0.10101010101010101,91,0,8,24,67,-6.167911211458333,39.216200379166665,26,0,0,2,0,1,0,0,0,12.0
MJINI,2020,52,88,0.7272727272727273,0.26136363636363635,0.045454545454545456,0.07954545454545454,0.625,0.18181818181818182,0.06818181818181818,86,0,2,25,61,-6.167682969047619,39.209761183333335,14,0,0,6,0,5,0,0,0,12.0
MJINI,2021,1,12,0.6666666666666666,0.3333333333333333,0.08333333333333333,0.0,0.6666666666666666,0.16666666666666666,0.08333333333333333,12,0,0,4,8,-6.1679740249999995,39.2104169,1,0,0,3,0,0,0,0,0,1.0
MJINI,2021,2,95,0.631578947368421,0.3684210526315789,0.042105263157894736,0.17894736842105263,0.4,0.22105263157894736,0.15789473684210525,92,0,3,28,64,-6.168327941304348,39.20929480652174,27,0,0,12,0,2,0,0,0,1.0
MJINI,2021,3,62,0.7419354838709677,0.25806451612903225,0.0967741935483871,0.16129032258064516,0.41935483870967744,0.22580645161290322,0.0967741935483871,62,0,0,20,42,-6.169033347540983,39.21180698032787,8,0,0,2,0,1,0,0,0,1.0
MJINI,2021,4,84,0.6309523809523809,0.36904761904761907,0.03571428571428571,0.13095238095238096,0.42857142857142855,0.27380952380952384,0.13095238095238096,77,0,7,22,55,-6.16570566626506,39.20883835662651,18,0,0,2,0,1,0,0,0,1.0
MJINI,2021,5,53,0.6226415094339622,0.37735849056603776,0.09433962264150944,0.1509433962264151,0.5283018867924528,0.16981132075471697,0.05660377358490566,47,0,6,8,39,-6.167963728301887,39.21059123396227,5,0,0,0,0,4,0,0,0,1.0
MJINI,2021,6,39,0.5384615384615384,0.46153846153846156,0.07692307692307693,0.07692307692307693,0.5641025641025641,0.15384615384615385,0.1282051282051282,38,0,1,14,24,-6.162921605128205,39.20988711794872,8,0,0,1,0,1,0,0,0,2.0
MJINI,2021,7,15,0.4666666666666667,0.5333333333333333,0.0,0.26666666666666666,0.4666666666666667,0.2,0.06666666666666667,13,0,2,1,12,-6.170052999999999,39.21018499333333,4,0,0,0,0,1,0,0,0,2.0
MJINI,2021,8,32,0.5625,0.40625,0.125,0.125,0.625,0.125,0.0,30,0,2,15,15,-6.169636212903225,39.20559131935484,10,0,0,1,0,1,0,0,0,2.0
MJINI,2021,9,25,0.4,0.6,0.04,0.24,0.48,0.16,0.08,24,0,1,10,14,-6.169612164,39.205871576,6,0,0,1,0,0,0,0,0,2.0
MJINI,2021,10,34,0.6764705882352942,0.3235294117647059,0.08823529411764706,0.058823529411764705,0.47058823529411764,0.29411764705882354,0.08823529411764706,32,0,2,12,20,-6.1678431393939395,39.207790424242425,3,0,0,1,0,0,0,0,0,3.0
MJINI,2021,11,48,0.6666666666666666,0.3333333333333333,0.041666666666666664,0.16666666666666666,0.4583333333333333,0.22916666666666666,0.10416666666666667,45,0,3,13,32,-6.1685487624999995,39.20852822291666,9,1,0,5,0,1,0,0,0,3.0
MJINI,2021,12,35,0.8571428571428571,0.11428571428571428,0.08571428571428572,0.14285714285714285,0.5142857142857142,0.2,0.05714285714285714,35,0,0,9,26,-6.164397885294117,39.20395149117647,7,0,0,3,0,2,0,0,0,3.0
MJINI,2021,13,30,0.43333333333333335,0.5666666666666667,0.0,0.1,0.4666666666666667,0.3,0.13333333333333333,29,0,1,15,14,-6.167318124137931,39.20743977931034,5,0,0,3,0,3,0,0,0,3.0
MJINI,2021,14,10,0.6,0.4,0.1,0.0,0.5,0.4,0.0,10,0,0,2,8,-6.170180289999999,39.20615297,1,0,0,1,0,0,0,0,0,3.0
MJINI,2021,15,8,0.625,0.375,0.125,0.0,0.375,0.375,0.125,8,0,0,4,4,-6.1637584,39.2078729,0,0,0,0,0,0,0,0,0,4.0
MJINI,2021,16,19,0.7368421052631579,0.2631578947368421,0.15789473684210525,0.05263157894736842,0.5789473684210527,0.10526315789473684,0.10526315789473684,19,0,0,5,14,-6.1516842947368415,39.21338782105263,1,0,0,1,0,0,1,0,0,4.0
MJINI,2021,17,27,0.5925925925925926,0.4074074074074074,0.14814814814814814,0.0,0.5555555555555556,0.25925925925925924,0.037037037037037035,25,0,2,8,17,-6.165347318518519,39.202355440740746,5,0,0,0,0,1,1,0,0,4.0
MJINI,2021,18,22,0.5,0.5,0.09090909090909091,0.09090909090909091,0.2727272727272727,0.36363636363636365,0.18181818181818182,20,0,2,10,10,-6.166310313636364,39.20759936818182,2,0,0,1,0,0,0,0,0,4.0
MJINI,2021,19,25,0.76,0.24,0.08,0.08,0.48,0.36,0.0,25,0,0,9,16,-6.166646556,39.205764616,7,0,0,3,0,0,0,0,0,5.0
MJINI,2021,20,26,0.7692307692307693,0.19230769230769232,0.07692307692307693,0.23076923076923078,0.4230769230769231,0.11538461538461539,0.11538461538461539,25,0,1,8,17,-6.163465512,39.206941532,8,0,0,1,0,0,0,2,0,5.0
MJINI,2021,21,35,0.7142857142857143,0.2857142857142857,0.17142857142857143,0.02857142857142857,0.5428571428571428,0.2,0.05714285714285714,31,0,4,8,23,-6.167701034285714,39.20684668857143,4,0,0,4,0,1,0,1,0,5.0
MJINI,2021,22,26,0.6153846153846154,0.34615384615384615,0.038461538461538464,0.07692307692307693,0.5769230769230769,0.11538461538461539,0.15384615384615385,26,0,0,7,19,-6.164586744000001,39.205901784000005,2,0,0,2,1,1,1,0,0,5.0
MJINI,2021,23,28,0.6071428571428571,0.35714285714285715,0.07142857142857142,0.10714285714285714,0.5,0.17857142857142858,0.10714285714285714,27,0,1,11,16,-6.167936880769231,39.20750301923077,3,0,0,0,0,2,0,1,0,6.0
MJINI,2021,24,35,0.6,0.34285714285714286,0.08571428571428572,0.02857142857142857,0.5142857142857142,0.17142857142857143,0.14285714285714285,33,0,2,14,19,-6.165836239393939,39.205927242424245,4,0,0,5,1,1,0,2,0,6.0
MJINI,2021,25,22,0.5454545454545454,0.2727272727272727,0.045454545454545456,0.045454545454545456,0.45454545454545453,0.09090909090909091,0.18181818181818182,21,0,1,12,9,-6.16488335,39.20459419444445,1,0,0,0,0,0,2,0,0,6.0
MJINI,2021,26,36,0.6944444444444444,0.1388888888888889,0.05555555555555555,0.08333333333333333,0.4444444444444444,0.1388888888888889,0.1111111111111111,36,0,0,6,30,-6.168445514285715,39.204853674999995,4,0,0,2,0,0,0,1,0,6.0
MJINI,2021,27,28,0.4642857142857143,0.4642857142857143,0.21428571428571427,0.14285714285714285,0.32142857142857145,0.10714285714285714,0.14285714285714285,27,1,1,4,22,-6.167890157692308,39.208586826923074,4,0,0,2,1,0,0,4,0,6.0
MJINI,2021,28,26,0.6923076923076923,0.23076923076923078,0.07692307692307693,0.07692307692307693,0.5384615384615384,0.07692307692307693,0.15384615384615385,25,0,1,7,18,-6.163276170833334,39.20821987083333,2,1,0,1,0,2,0,0,0,7.0
MJINI,2021,29,35,0.6,0.4,0.11428571428571428,0.2857142857142857,0.3142857142857143,0.17142857142857143,0.11428571428571428,27,0,8,9,18,-6.166620928571429,39.21154674,8,0,0,2,0,2,0,3,0,7.0
MJINI,2021,30,17,0.5882352941176471,0.4117647058823529,0.058823529411764705,0.0,0.5882352941176471,0.35294117647058826,0.0,15,1,2,8,6,-6.1693789125,39.21155741875,1,1,0,0,0,0,0,1,0,7.0
MJINI,2021,31,20,0.7,0.2,0.0,0.15,0.4,0.3,0.05,19,0,1,11,8,-6.166381283333333,39.20962077777778,5,0,0,0,0,0,0,1,0,7.0
MJINI,2021,32,8,0.25,0.75,0.125,0.25,0.5,0.0,0.125,7,0,1,3,4,-6.1687214,39.210856525,2,0,0,0,0,0,0,1,0,8.0
MJINI,2021,33,16,0.5,0.4375,0.0625,0.0625,0.5625,0.0625,0.1875,15,0,1,7,8,-6.164914846666666,39.21240809333334,0,0,0,1,0,0,0,2,0,8.0
MJINI,2021,34,12,0.5,0.3333333333333333,0.0,0.0,0.5,0.16666666666666666,0.16666666666666666,12,0,0,3,9,-6.16584475,39.20958852,1,0,0,0,0,0,0,1,0,8.0
MJINI,2021,35,11,0.8181818181818182,0.09090909090909091,0.2727272727272727,0.0,0.2727272727272727,0.18181818181818182,0.18181818181818182,11,0,0,1,10,-6.16272896,39.21072654,0,0,0,1,0,1,0,0,0,8.0
MJINI,2021,36,9,0.5555555555555556,0.3333333333333333,0.0,0.0,0.5555555555555556,0.2222222222222222,0.1111111111111111,9,0,0,1,8,-6.1580310125,39.213697375,1,0,0,0,0,0,0,1,0,8.0
MJINI,2021,37,25,0.48,0.44,0.28,0.0,0.36,0.2,0.08,22,0,3,3,19,-6.155072817391304,39.213958069565216,4,0,0,0,0,0,0,2,0,9.0
MJINI,2021,38,12,0.4166666666666667,0.5833333333333334,0.08333333333333333,0.08333333333333333,0.3333333333333333,0.4166666666666667,0.08333333333333333,11,0,1,4,7,-6.172171575,39.2093015,0,1,0,2,0,0,0,2,0,9.0
MJINI,2021,39,7,0.5714285714285714,0.42857142857142855,0.0,0.42857142857142855,0.42857142857142855,0.14285714285714285,0.0,7,0,0,0,7,-6.173108157142857,39.21354424285715,3,0,0,1,0,0,0,1,0,9.0
MJINI,2021,40,10,0.4,0.6,0.2,0.2,0.4,0.2,0.0,10,0,0,3,7,-6.16488819,39.20892548,2,0,0,0,0,0,0,3,0,9.0
MJINI,2021,41,10,0.6,0.4,0.0,0.1,0.8,0.1,0.0,9,0,1,2,7,-6.166034160000001,39.20399149,1,0,0,1,0,1,0,0,0,10.0
MJINI,2021,42,9,0.5555555555555556,0.4444444444444444,0.0,0.1111111111111111,0.5555555555555556,0.2222222222222222,0.1111111111111111,8,0,1,3,5,-6.164908233333334,39.21219321111111,0,0,0,1,0,0,0,2,0,10.0
MJINI,2021,43,13,0.46153846153846156,0.5384615384615384,0.23076923076923078,0.0,0.5384615384615384,0.15384615384615385,0.07692307692307693,12,0,1,6,6,-6.169733099999999,39.2132686,0,0,0,0,0,0,0,2,0,10.0
MJINI,2021,44,12,0.3333333333333333,0.6666666666666666,0.08333333333333333,0.3333333333333333,0.5,0.08333333333333333,0.0,12,0,0,2,10,-6.171764433333333,39.20850045,2,0,0,0,0,0,1,0,0,10.0
MJINI,2021,45,6,0.16666666666666666,0.5,0.16666666666666666,0.0,0.5,0.0,0.0,6,0,0,2,3,-6.163492925,39.21799875,0,0,0,0,0,0,0,2,0,11.0
MJINI,2021,46,11,0.5454545454545454,0.45454545454545453,0.09090909090909091,0.36363636363636365,0.18181818181818182,0.36363636363636365,0.0,8,0,3,3,5,-6.168846563636364,39.21245695454545,1,0,0,0,0,0,0,1,0,11.0
MJINI,2021,47,19,0.631578947368421,0.3684210526315789,0.15789473684210525,0.10526315789473684,0.6842105263157895,0.0,0.05263157894736842,18,0,1,3,14,-6.163162182352941,39.21648046470588,4,0,0,0,0,0,0,3,0,11.0
MJINI,2021,48,16,0.5,0.5,0.1875,0.125,0.375,0.3125,0.0,15,0,1,4,11,-6.1558165625,39.21281470625,5,0,0,1,0,0,0,1,0,11.0
MJINI,2021,49,7,0.42857142857142855,0.5714285714285714,0.14285714285714285,0.2857142857142857,0.42857142857142855,0.14285714285714285,0.0,6,0,1,2,4,-6.170549983333333,39.21328486666666,2,0,0,1,0,0,0,1,0,12.0
MJINI,2021,50,11,0.6363636363636364,0.2727272727272727,0.0,0.2727272727272727,0.36363636363636365,0.09090909090909091,0.18181818181818182,11,0,0,1,10,-6.1583966199999995,39.21332508,2,0,0,1,0,0,0,1,0,12.0
MJINI,2021,51,10,0.7,0.2,0.2,0.2,0.3,0.2,0.0,9,0,1,3,6,-6.1667830875,39.2055415125,2,0,0,0,0,0,0,0,0,12.0
MJINI,2021,52,10,0.5,0.5,0.0,0.2,0.5,0.3,0.0,10,0,0,3,7,-6.1641876,39.21049364,2,0,0,0,0,0,0,1,0,12.0
MJINI,2022,1,3,0.0,1.0,0.0,0.3333333333333333,0.3333333333333333,0.0,0.3333333333333333,2,0,1,1,1,-6.1681038,39.2102542,2,0,0,0,0,0,0,0,0,1.0
MJINI,2022,2,44,0.6136363636363636,0.38636363636363635,0.045454545454545456,0.3181818181818182,0.3409090909090909,0.20454545454545456,0.09090909090909091,40,0,4,13,26,-6.1701888651162795,39.21272796976744,16,0,0,1,0,0,1,3,0,1.0
MJINI,2022,3,38,0.47368421052631576,0.5263157894736842,0.07894736842105263,0.34210526315789475,0.39473684210526316,0.10526315789473684,0.07894736842105263,35,0,3,7,27,-6.167940124324324,39.21184224864865,15,0,0,0,0,1,0,3,0,1.0
MJINI,2022,4,32,0.53125,0.46875,0.125,0.125,0.28125,0.34375,0.125,25,0,7,10,15,-6.167853746875,39.211105146875,8,0,0,2,0,0,1,4,0,1.0
MJINI,2022,5,24,0.625,0.3333333333333333,0.08333333333333333,0.2916666666666667,0.375,0.125,0.08333333333333333,24,0,0,4,20,-6.167071113043478,39.21098955652174,7,0,0,2,0,1,0,1,0,1.0
MJINI,2022,6,15,0.5333333333333333,0.4666666666666667,0.13333333333333333,0.06666666666666667,0.6,0.13333333333333333,0.06666666666666667,12,0,3,6,6,-6.1658316357142855,39.21033068571428,1,0,0,0,0,0,0,2,0,2.0
MJINI,2022,7,15,0.6,0.4,0.26666666666666666,0.06666666666666667,0.5333333333333333,0.06666666666666667,0.06666666666666667,15,0,0,4,11,-6.168609142857143,39.20622455,2,0,0,1,0,0,0,1,0,2.0
MJINI,2022,8,15,0.6666666666666666,0.3333333333333333,0.13333333333333333,0.06666666666666667,0.5333333333333333,0.2,0.06666666666666667,14,0,1,7,7,-6.164966085714285,39.20947028571429,2,0,0,2,0,0,0,1,0,2.0
MJINI,2022,9,8,0.75,0.125,0.0,0.0,0.375,0.375,0.125,8,0,0,2,6,-6.1625141999999995,39.209820657142856,2,0,0,1,0,0,0,0,0,2.0
MJINI,2022,10,14,0.42857142857142855,0.5714285714285714,0.07142857142857142,0.14285714285714285,0.42857142857142855,0.21428571428571427,0.14285714285714285,14,0,0,6,8,-6.1655400642857145,39.21210919285714,3,0,0,0,0,0,1,2,0,3.0
MJINI,2022,11,20,0.7,0.3,0.0,0.05,0.65,0.2,0.1,19,0,1,6,13,-6.168219384210526,39.20841832631579,5,0,0,1,0,0,0,0,0,3.0
MJINI,2022,12,22,0.4090909090909091,0.5909090909090909,0.09090909090909091,0.0,0.4090909090909091,0.22727272727272727,0.2727272727272727,20,0,2,6,14,-6.164995222727273,39.208296986363635,2,0,0,2,0,0,2,3,0,3.0
MJINI,2022,13,12,0.75,0.25,0.16666666666666666,0.0,0.3333333333333333,0.25,0.25,12,0,0,4,8,-6.168643074999999,39.210202075000005,0,0,0,1,0,0,0,0,0,3.0
MJINI,2022,14,16,0.5,0.5,0.25,0.0625,0.4375,0.1875,0.0625,14,0,2,6,8,-6.16992880625,39.2115849,1,0,0,0,0,0,0,1,0,3.0
MJINI,2022,15,22,0.5454545454545454,0.45454545454545453,0.18181818181818182,0.09090909090909091,0.5909090909090909,0.09090909090909091,0.045454545454545456,20,0,2,5,15,-6.172552035000001,39.21615525,2,0,0,1,0,1,1,0,0,4.0
MJINI,2022,16,9,0.6666666666666666,0.3333333333333333,0.0,0.0,0.2222222222222222,0.5555555555555556,0.2222222222222222,8,0,1,3,5,-6.1655813111111115,39.21319408888889,0,0,0,0,0,0,0,2,0,4.0
MJINI,2022,17,14,0.6428571428571429,0.35714285714285715,0.0,0.07142857142857142,0.5714285714285714,0.2857142857142857,0.07142857142857142,14,0,0,5,9,-6.166776228571429,39.206188250000004,1,0,0,1,1,0,0,1,0,4.0
MJINI,2022,18,8,0.75,0.25,0.25,0.375,0.125,0.25,0.0,7,0,1,2,5,-6.1628243000000005,39.20594775,2,0,0,0,0,0,0,0,0,4.0
MJINI,2022,19,22,0.6818181818181818,0.3181818181818182,0.0,0.09090909090909091,0.6363636363636364,0.22727272727272727,0.045454545454545456,21,0,1,7,14,-6.168845050000001,39.20707037727273,2,0,0,1,0,0,1,0,0,5.0
MJINI,2022,20,9,0.5555555555555556,0.4444444444444444,0.1111111111111111,0.1111111111111111,0.5555555555555556,0.2222222222222222,0.0,8,0,1,2,6,-6.167308144444444,39.20760362222222,0,0,0,1,0,0,0,1,0,5.0
MJINI,2022,21,30,0.5,0.5,0.26666666666666666,0.13333333333333333,0.4666666666666667,0.1,0.03333333333333333,24,0,6,6,18,-6.1673747033333335,39.211237483333335,6,0,0,1,0,0,1,4,0,5.0
MJINI,2022,22,25,0.56,0.36,0.12,0.12,0.48,0.16,0.04,25,0,0,8,17,-6.165394204761905,39.207970080952386,4,0,0,1,0,1,0,4,0,5.0
MJINI,2022,23,17,0.7058823529411765,0.29411764705882354,0.0,0.058823529411764705,0.47058823529411764,0.35294117647058826,0.11764705882352941,17,0,0,8,9,-6.166401264705883,39.20648548235294,0,0,0,1,0,2,1,2,0,5.0
MJINI,2022,24,25,0.56,0.32,0.0,0.32,0.4,0.12,0.04,22,0,3,4,18,-6.169165081818182,39.20692196818182,7,0,0,0,0,1,0,1,0,6.0
MJINI,2022,25,22,0.4090909090909091,0.5,0.13636363636363635,0.18181818181818182,0.3181818181818182,0.22727272727272727,0.045454545454545456,20,0,2,7,13,-6.1674271473684215,39.20704661052632,1,0,0,0,0,0,0,3,0,6.0
MJINI,2022,26,7,0.2857142857142857,0.42857142857142855,0.14285714285714285,0.0,0.5714285714285714,0.0,0.0,7,0,0,1,6,-6.16390448,39.21062586,0,0,0,0,1,1,0,1,0,6.0
MJINI,2022,27,17,0.7058823529411765,0.23529411764705882,0.17647058823529413,0.058823529411764705,0.35294117647058826,0.17647058823529413,0.17647058823529413,17,0,0,4,11,-6.171123966666666,39.212365006666666,0,0,0,0,0,2,1,0,0,6.0
MJINI,2022,28,2,0.5,0.0,0.0,0.0,0.0,0.5,0.0,2,0,0,1,1,,,0,0,0,0,0,0,0,0,0,7.0
MJINI,2022,29,10,0.7,0.3,0.1,0.1,0.3,0.4,0.1,10,0,0,2,6,-6.174473114285715,39.21015852857143,0,0,0,0,0,0,0,2,0,7.0
MJINI,2022,30,10,0.7,0.3,0.1,0.2,0.3,0.4,0.0,10,0,0,4,5,-6.167200283333333,39.20783105,2,2,0,0,0,1,0,0,0,7.0
MJINI,2022,31,7,0.8571428571428571,0.14285714285714285,0.2857142857142857,0.14285714285714285,0.42857142857142855,0.0,0.14285714285714285,7,0,0,0,7,-6.171116433333334,39.20905183333333,0,0,0,0,0,0,0,0,0,7.0
MJINI,2022,32,4,0.75,0.25,0.5,0.0,0.25,0.25,0.0,3,0,1,1,2,-6.168333100000001,39.209911266666666,0,0,0,0,0,0,0,1,0,8.0
MJINI,2022,33,14,0.7142857142857143,0.2857142857142857,0.07142857142857142,0.0,0.5,0.35714285714285715,0.07142857142857142,14,0,0,3,10,-6.166725630769231,39.20294146923077,0,0,0,1,0,1,1,0,0,8.0
MJINI,2022,34,9,0.7777777777777778,0.2222222222222222,0.2222222222222222,0.0,0.4444444444444444,0.2222222222222222,0.1111111111111111,9,0,0,2,6,-6.169902366666666,39.21058768333334,0,0,0,0,0,0,0,0,0,8.0
MJINI,2022,35,9,0.6666666666666666,0.3333333333333333,0.1111111111111111,0.0,0.6666666666666666,0.2222222222222222,0.0,8,0,1,2,4,-6.1680154,39.21481278571429,0,0,0,0,0,1,0,1,0,8.0
MJINI,2022,36,11,0.8181818181818182,0.18181818181818182,0.09090909090909091,0.0,0.18181818181818182,0.36363636363636365,0.36363636363636365,10,0,1,1,9,-6.153680700000001,39.21092190909091,1,0,0,0,0,1,0,2,0,8.0
MJINI,2022,37,8,0.75,0.25,0.125,0.25,0.375,0.125,0.125,8,0,0,3,3,-6.1723043,39.2142486,1,1,0,0,0,1,0,0,0,9.0
MJINI,2022,38,6,0.8333333333333334,0.16666666666666666,0.0,0.0,0.6666666666666666,0.3333333333333333,0.0,6,0,0,3,2,-6.16364004,39.20793418,0,0,0,0,0,0,0,0,0,9.0
MJINI,2022,39,11,0.5454545454545454,0.45454545454545453,0.09090909090909091,0.0,0.36363636363636365,0.36363636363636365,0.18181818181818182,11,0,0,4,6,-6.1555793272727275,39.228939472727276,1,0,0,0,0,0,0,1,0,9.0
MJINI,2022,40,8,0.625,0.375,0.0,0.25,0.375,0.25,0.125,5,0,3,0,5,-6.16572945,39.2051548625,4,0,0,0,0,0,1,1,0,9.0
MJINI,2022,41,6,0.8333333333333334,0.16666666666666666,0.0,0.16666666666666666,0.3333333333333333,0.16666666666666666,0.3333333333333333,5,0,1,1,3,-6.16287886,39.205380860000005,0,0,0,0,0,0,0,1,0,10.0
MJINI,2022,42,2,0.5,0.5,0.0,0.0,0.0,0.5,0.5,2,0,0,1,1,-6.16378845,39.20653005,0,0,0,0,0,0,0,1,0,10.0
MJINI,2022,43,8,0.875,0.125,0.125,0.25,0.625,0.0,0.0,8,0,0,6,1,-6.164733142857143,39.20270337142857,1,0,0,0,0,0,0,0,0,10.0
MJINI,2022,44,11,0.5454545454545454,0.45454545454545453,0.09090909090909091,0.09090909090909091,0.36363636363636365,0.36363636363636365,0.09090909090909091,10,0,1,4,6,-6.16741926,39.20337706,0,0,0,0,0,0,0,1,0,10.0
MJINI,2022,45,4,1.0,0.0,0.25,0.25,0.25,0.25,0.0,4,0,0,0,3,-6.169206733333333,39.2100462,1,0,0,0,0,0,0,0,0,10.0
MJINI,2022,46,7,0.5714285714285714,0.42857142857142855,0.0,0.14285714285714285,0.7142857142857143,0.14285714285714285,0.0,7,0,0,2,5,-6.168145611439346,39.2084055928629,0,0,0,0,0,1,0,0,0,11.0
MJINI,2022,47,7,0.8571428571428571,0.14285714285714285,0.0,0.5714285714285714,0.2857142857142857,0.14285714285714285,0.0,7,0,0,3,4,-6.169037980000001,39.20805024,1,0,0,0,0,2,0,0,0,11.0
MJINI,2022,48,5,0.6,0.4,0.6,0.2,0.2,0.0,0.0,5,0,0,2,3,-6.1722927,39.2167393,1,0,0,0,0,0,0,0,0,11.0
MJINI,2022,49,6,0.16666666666666666,0.8333333333333334,0.16666666666666666,0.0,0.16666666666666666,0.6666666666666666,0.0,6,0,0,2,1,-6.163606333333334,39.2133145,1,0,0,0,0,0,0,0,0,11.0
MJINI,2022,50,15,0.4666666666666667,0.5333333333333333,0.2,0.13333333333333333,0.4,0.26666666666666666,0.0,14,0,1,4,10,-6.166262363636363,39.20435556363636,3,0,0,1,0,0,0,2,0,12.0
MJINI,2022,51,8,0.75,0.25,0.0,0.125,0.625,0.125,0.125,8,0,0,1,5,-6.173039283333334,39.215960833333334,0,0,0,0,0,0,1,0,0,12.0
MJINI,2022,52,12,0.5833333333333334,0.4166666666666667,0.08333333333333333,0.25,0.5,0.08333333333333333,0.08333333333333333,11,0,1,2,8,-6.166285311111111,39.20974026666667,3,0,0,0,0,0,0,0,0,12.0
MJINI,2023,1,18,0.7222222222222222,0.2777777777777778,0.0,0.1111111111111111,0.4444444444444444,0.2777777777777778,0.16666666666666666,18,0,0,1,10,-6.172476328571428,39.20576934285714,1,0,0,0,0,0,1,1,0,1.0
MJINI,2023,2,45,0.5555555555555556,0.4444444444444444,0.022222222222222223,0.4,0.28888888888888886,0.2222222222222222,0.06666666666666667,37,0,8,10,24,-6.169786197435897,39.21205266153846,19,0,0,1,0,0,0,5,0,1.0
MJINI,2023,3,33,0.6363636363636364,0.36363636363636365,0.09090909090909091,0.3333333333333333,0.30303030303030304,0.24242424242424243,0.030303030303030304,30,0,3,7,23,-6.153475313043478,39.211926060869565,7,0,0,2,0,3,0,2,0,1.0
MJINI,2023,4,22,0.7727272727272727,0.22727272727272727,0.09090909090909091,0.09090909090909091,0.5454545454545454,0.22727272727272727,0.045454545454545456,21,0,1,4,17,-6.16556537,39.208182145,4,0,0,2,0,0,1,2,0,1.0
MJINI,2023,5,12,0.9166666666666666,0.08333333333333333,0.16666666666666666,0.08333333333333333,0.6666666666666666,0.0,0.08333333333333333,11,0,1,0,10,-6.168480467160235,39.21085786013577,2,0,0,3,0,0,0,0,0,2.0
MJINI,2023,6,21,0.5714285714285714,0.42857142857142855,0.14285714285714285,0.047619047619047616,0.42857142857142855,0.2857142857142857,0.09523809523809523,20,0,1,7,13,-6.167803652941177,39.20854462352941,1,0,0,1,0,1,2,4,0,2.0
MJINI,2023,7,22,0.5,0.5,0.18181818181818182,0.18181818181818182,0.5454545454545454,0.09090909090909091,0.0,20,1,2,3,14,-6.162785447368421,39.21154383157895,3,0,0,2,0,0,0,3,0,2.0
MJINI,2023,8,19,0.7368421052631579,0.2631578947368421,0.15789473684210525,0.05263157894736842,0.5263157894736842,0.21052631578947367,0.05263157894736842,19,0,0,3,15,-6.167831793333334,39.21041058,3,0,0,1,0,0,1,0,0,2.0
MJINI,2023,9,19,0.5789473684210527,0.42105263157894735,0.15789473684210525,0.05263157894736842,0.5263157894736842,0.21052631578947367,0.05263157894736842,18,0,1,5,12,-6.157074214285714,39.212534592857146,1,0,0,1,1,0,0,1,0,2.0
MJINI,2023,10,14,0.5714285714285714,0.42857142857142855,0.0,0.14285714285714285,0.5,0.2857142857142857,0.07142857142857142,10,0,4,1,8,-6.164483781818182,39.21530138181818,1,0,0,0,0,0,2,0,0,3.0
MJINI,2023,11,7,0.8571428571428571,0.14285714285714285,0.0,0.14285714285714285,0.7142857142857143,0.0,0.14285714285714285,7,0,0,0,7,-6.171533,39.2058721,0,0,0,1,0,0,0,1,0,3.0
MJINI,2023,12,12,0.8333333333333334,0.16666666666666666,0.25,0.08333333333333333,0.3333333333333333,0.25,0.08333333333333333,12,0,0,4,7,-6.1557932399999995,39.214093860000006,2,0,0,0,0,1,2,0,0,3.0
MJINI,2023,13,25,0.64,0.36,0.36,0.0,0.4,0.16,0.08,23,0,2,1,19,-6.162609984615385,39.21251536153846,0,0,0,2,0,0,1,2,0,3.0
MJINI,2023,14,6,0.5,0.5,0.0,0.0,0.5,0.16666666666666666,0.3333333333333333,5,0,1,3,2,-6.16494874,39.20135558,0,0,0,0,0,0,0,1,0,4.0
MJINI,2023,15,16,0.75,0.25,0.0625,0.0,0.6875,0.125,0.125,16,0,0,4,12,-6.166795241666667,39.209636775,1,0,0,0,0,0,2,1,0,4.0
MJINI,2023,16,9,0.7777777777777778,0.2222222222222222,0.1111111111111111,0.2222222222222222,0.3333333333333333,0.3333333333333333,0.0,9,0,0,4,5,-6.166057471428571,39.21207427142857,1,0,0,1,0,0,1,0,0,4.0
MJINI,2023,17,13,0.7692307692307693,0.23076923076923078,0.0,0.07692307692307693,0.5384615384615384,0.23076923076923078,0.15384615384615385,13,0,0,3,9,-6.169407191666667,39.21010503333333,1,0,0,2,0,1,0,0,0,4.0
MJINI,2023,18,18,0.6111111111111112,0.3888888888888889,0.05555555555555555,0.1111111111111111,0.6111111111111112,0.2222222222222222,0.0,17,0,1,2,14,-6.165148635714286,39.212976121428575,3,0,0,1,0,0,1,2,0,5.0
MJINI,2023,19,15,0.8,0.2,0.0,0.06666666666666667,0.4666666666666667,0.4,0.06666666666666667,14,0,1,4,8,-6.161995575,39.208222299999996,3,0,0,0,0,1,0,0,0,5.0
MJINI,2023,20,33,0.7272727272727273,0.2727272727272727,0.0,0.12121212121212122,0.5454545454545454,0.24242424242424243,0.09090909090909091,33,0,0,10,23,-4.330785872,43.243811812000004,4,0,0,1,0,0,5,2,0,5.0
MJINI,2023,21,23,0.6956521739130435,0.30434782608695654,0.0,0.043478260869565216,0.4782608695652174,0.30434782608695654,0.17391304347826086,22,0,1,12,10,-6.166708965,39.208548815,2,0,0,2,0,0,2,2,0,5.0
MJINI,2023,22,34,0.7941176470588235,0.20588235294117646,0.029411764705882353,0.14705882352941177,0.5588235294117647,0.17647058823529413,0.08823529411764706,31,0,3,13,18,-6.163136986666667,39.20347321333334,8,0,0,3,0,0,1,1,0,5.0
MJINI,2023,23,19,0.7368421052631579,0.2631578947368421,0.10526315789473684,0.21052631578947367,0.3684210526315789,0.21052631578947367,0.10526315789473684,19,0,0,8,11,-3.7501093368421055,44.52162196842105,5,0,0,3,1,0,0,0,0,6.0
MJINI,2023,24,49,0.7346938775510204,0.2653061224489796,0.061224489795918366,0.061224489795918366,0.40816326530612246,0.32653061224489793,0.14285714285714285,46,0,3,12,32,-6.168171676744186,39.21330817906977,4,0,0,9,0,3,2,4,0,6.0
MJINI,2023,25,94,0.8085106382978723,0.19148936170212766,0.05319148936170213,0.10638297872340426,0.4574468085106383,0.2553191489361702,0.1276595744680851,89,0,5,21,56,-6.166197256944445,39.20789605416667,14,0,0,6,1,5,10,1,0,6.0
MJINI,2023,26,67,0.6716417910447762,0.3283582089552239,0.029850746268656716,0.08955223880597014,0.4626865671641791,0.2835820895522388,0.13432835820895522,66,0,1,17,45,-6.164688423728813,39.20522400677966,10,0,0,3,0,1,2,3,0,6.0
MJINI,2023,27,44,0.5909090909090909,0.4090909090909091,0.09090909090909091,0.13636363636363635,0.4772727272727273,0.22727272727272727,0.06818181818181818,37,0,7,14,23,-6.162350131578948,39.21227063947369,5,0,0,3,0,1,2,5,0,7.0
MJINI,2023,28,64,0.71875,0.28125,0.0625,0.109375,0.390625,0.28125,0.15625,61,0,3,18,43,-6.1647002200328025,39.206745373028596,10,0,0,4,1,1,4,2,0,7.0
MJINI,2023,29,87,0.8160919540229885,0.1839080459770115,0.05747126436781609,0.10344827586206896,0.47126436781609193,0.21839080459770116,0.14942528735632185,79,0,8,21,57,-6.165619177777778,39.206359343209876,19,0,0,8,0,4,5,4,0,7.0
MJINI,2023,30,98,0.8877551020408163,0.11224489795918367,0.030612244897959183,0.11224489795918367,0.5102040816326531,0.22448979591836735,0.12244897959183673,96,0,2,11,79,-6.15917812159091,39.20465712840909,17,0,0,8,1,1,12,3,0,7.0
MJINI,2023,31,99,0.696969696969697,0.30303030303030304,0.020202020202020204,0.18181818181818182,0.46464646464646464,0.1717171717171717,0.16161616161616163,89,0,10,23,63,-6.163098102325582,39.20569765232558,17,0,0,12,0,0,8,8,0,8.0
MJINI,2023,32,82,0.7682926829268293,0.23170731707317074,0.024390243902439025,0.18292682926829268,0.4634146341463415,0.14634146341463414,0.18292682926829268,79,1,3,14,60,-6.167782763235294,39.20995171617648,17,0,0,6,0,1,7,5,0,8.0
MJINI,2023,33,92,0.7608695652173914,0.2391304347826087,0.05434782608695652,0.08695652173913043,0.5108695652173914,0.18478260869565216,0.16304347826086957,87,1,5,30,52,-6.164639529333333,39.205370218666665,14,0,0,6,0,2,7,3,0,8.0
MJINI,2023,34,81,0.8024691358024691,0.19753086419753085,0.037037037037037035,0.08641975308641975,0.5061728395061729,0.2345679012345679,0.13580246913580246,81,0,0,19,57,-6.1622811480071435,39.20427019729573,12,0,0,7,0,2,12,4,0,8.0
MJINI,2023,35,84,0.8095238095238095,0.19047619047619047,0.07142857142857142,0.10714285714285714,0.4166666666666667,0.2261904761904762,0.17857142857142858,78,1,6,20,55,-6.162805581428572,39.20666549,16,0,0,4,0,3,7,3,0,8.0
MJINI,2023,36,94,0.7978723404255319,0.20212765957446807,0.031914893617021274,0.11702127659574468,0.5319148936170213,0.18085106382978725,0.13829787234042554,91,0,3,22,68,-6.164203162790698,39.20473808372093,19,0,0,5,0,1,11,1,0,9.0
MJINI,2023,37,81,0.8148148148148148,0.18518518518518517,0.06172839506172839,0.18518518518518517,0.345679012345679,0.25925925925925924,0.14814814814814814,78,0,3,16,59,-6.163467511267605,39.202797356338024,17,0,0,4,0,4,1,2,0,9.0
MJINI,2023,38,79,0.7721518987341772,0.22784810126582278,0.08860759493670886,0.06329113924050633,0.5443037974683544,0.20253164556962025,0.10126582278481013,73,0,6,13,56,-6.162836988059701,39.201705876119405,20,0,0,4,0,2,7,2,0,9.0
MJINI,2023,39,72,0.8333333333333334,0.16666666666666666,0.041666666666666664,0.18055555555555555,0.4027777777777778,0.20833333333333334,0.16666666666666666,68,0,4,18,50,-6.165653220338983,39.202578688135596,12,0,0,2,1,5,6,3,0,9.0
MJINI,2023,40,67,0.8208955223880597,0.1791044776119403,0.014925373134328358,0.11940298507462686,0.47761194029850745,0.23880597014925373,0.14925373134328357,64,0,3,15,45,-6.165658838181818,39.201039781818174,11,2,0,3,1,2,14,0,0,10.0
MJINI,2023,41,80,0.75,0.25,0.05,0.15,0.3875,0.25,0.1625,77,0,3,18,57,-6.163728095714286,39.20471896857143,17,1,0,8,0,0,9,3,0,10.0
MJINI,2023,42,89,0.797752808988764,0.20224719101123595,0.011235955056179775,0.15730337078651685,0.5393258426966292,0.23595505617977527,0.056179775280898875,86,0,3,14,69,-6.164655972151898,39.20132631772152,24,0,0,9,0,1,6,3,0,10.0
MJINI,2023,43,84,0.8333333333333334,0.16666666666666666,0.023809523809523808,0.17857142857142858,0.4523809523809524,0.20238095238095238,0.14285714285714285,80,0,4,19,50,-6.163648746969697,39.20531864848485,15,0,0,11,0,2,1,2,0,10.0
MJINI,2023,44,81,0.7777777777777778,0.2222222222222222,0.012345679012345678,0.1111111111111111,0.4567901234567901,0.2716049382716049,0.14814814814814814,74,0,7,8,53,-6.164464579310344,39.202898999999995,17,0,0,4,0,3,0,3,0,10.0
MJINI,2023,45,230,0.7869565217391304,0.2,0.02608695652173913,0.13478260869565217,0.5043478260869565,0.19130434782608696,0.13043478260869565,229,0,1,36,96,-6.163205425233644,39.20188659813084,28,0,0,9,0,0,13,2,0,11.0
MJINI,2023,46,360,0.8027777777777778,0.19722222222222222,0.019444444444444445,0.13055555555555556,0.5055555555555555,0.20833333333333334,0.1361111111111111,352,0,8,33,100,-6.164113327522936,39.20387737706422,32,0,0,4,1,8,10,4,0,11.0
MJINI,2023,47,365,0.821917808219178,0.1780821917808219,0.0136986301369863,0.11506849315068493,0.5041095890410959,0.2191780821917808,0.14794520547945206,360,0,5,19,67,-6.1659269403225805,39.20558013548387,13,0,0,6,2,2,12,4,0,11.0
MJINI,2023,48,428,0.822429906542056,0.17757009345794392,0.02102803738317757,0.1308411214953271,0.45560747663551404,0.21728971962616822,0.17523364485981308,421,0,7,24,163,-6.164707669281046,39.203787657516344,35,0,0,12,0,6,8,9,0,11.0
MJINI,2023,49,781,0.8130601792573624,0.1856594110115237,0.016645326504481434,0.08450704225352113,0.49167733674775926,0.22151088348271447,0.18437900128040974,760,0,21,49,209,-6.1634969849056604,39.20407124292453,35,2,0,17,0,16,27,11,0,12.0
MJINI,2023,50,900,0.8144444444444444,0.18444444444444444,0.013333333333333334,0.10111111111111111,0.5,0.2311111111111111,0.15444444444444444,885,0,15,30,104,-6.163295637796993,39.204500457203416,15,0,0,3,0,5,9,4,0,12.0
MJINI,2023,51,1641,0.8110907982937233,0.18769043266301036,0.014625228519195612,0.10847044485070079,0.46861669713589277,0.22973796465569774,0.1785496648385131,1629,0,12,45,127,-6.160721161538461,39.20188431978022,19,0,0,3,0,8,8,7,0,12.0
MJINI,2023,52,1580,0.7835443037974683,0.2139240506329114,0.013924050632911392,0.10443037974683544,0.4962025316455696,0.23544303797468355,0.14936708860759493,1573,0,7,40,79,-6.168040417910448,39.20338331044776,10,0,0,4,0,9,5,2,0,12.0
KATI,2018,1,13,0.3076923076923077,0.07692307692307693,0.0,0.3076923076923077,0.07692307692307693,0.0,0.0,13,0,0,5,8,-6.2059244499999995,39.27514895,0,0,0,0,0,0,0,0,0,1.0
KATI,2018,2,12,0.3333333333333333,0.25,0.25,0.0,0.3333333333333333,0.0,0.0,11,0,1,4,7,-6.2200832,39.366068025000004,0,0,0,0,0,0,0,0,0,1.0
KATI,2018,3,16,0.0,0.375,0.0,0.0625,0.25,0.0625,0.0,15,0,1,1,14,-6.190784400000001,39.37856346666667,0,0,0,0,0,0,0,0,0,1.0
KATI,2018,4,12,0.3333333333333333,0.3333333333333333,0.16666666666666666,0.16666666666666666,0.25,0.08333333333333333,0.0,12,0,0,0,12,-6.238135775,39.397756425,0,0,0,0,0,0,0,0,0,1.0
KATI,2018,5,19,0.15789473684210525,0.10526315789473684,0.0,0.05263157894736842,0.10526315789473684,0.05263157894736842,0.05263157894736842,18,0,1,2,16,-6.204085125,39.362399125,0,0,0,0,0,0,0,0,0,2.0
KATI,2018,6,10,0.5,0.5,0.1,0.1,0.6,0.2,0.0,9,0,1,0,8,-6.252937057142857,39.353356500000004,0,0,0,0,0,0,0,0,0,2.0
KATI,2018,7,6,0.3333333333333333,0.3333333333333333,0.16666666666666666,0.0,0.16666666666666666,0.3333333333333333,0.0,6,0,0,2,4,-6.160469475,39.314050949999995,0,0,0,0,0,0,0,0,0,2.0
KATI,2018,8,2,1.0,0.0,0.0,0.0,0.5,0.5,0.0,2,0,0,0,2,,,0,0,0,0,0,0,0,0,0,2.0
KATI,2018,9,9,0.5555555555555556,0.3333333333333333,0.3333333333333333,0.2222222222222222,0.2222222222222222,0.1111111111111111,0.0,7,0,2,1,6,-6.1725829857142855,39.32401824285715,0,0,0,0,0,0,0,0,0,3.0
KATI,2018,10,4,0.5,0.5,0.25,0.5,0.25,0.0,0.0,4,0,0,1,3,-6.3088096,39.3760625,0,0,0,0,0,0,0,0,0,3.0
KATI,2018,11,11,0.2727272727272727,0.7272727272727273,0.2727272727272727,0.09090909090909091,0.2727272727272727,0.2727272727272727,0.09090909090909091,10,0,1,0,10,-6.1093828199999995,39.320647459999996,0,0,0,0,0,0,0,0,0,3.0
KATI,2018,12,3,0.6666666666666666,0.3333333333333333,0.0,0.0,1.0,0.0,0.0,3,0,0,1,2,-6.1907503,39.218487,0,0,0,0,0,0,0,0,0,3.0
KATI,2018,13,4,0.0,0.75,0.0,0.25,0.25,0.25,0.0,4,0,0,1,3,-6.3085337500000005,39.372060399999995,0,0,0,0,0,0,0,0,0,3.0
KATI,2018,14,10,0.3,0.4,0.1,0.0,0.2,0.2,0.2,8,0,2,1,7,-6.213533585714286,39.356257171428574,0,0,0,0,0,0,0,0,0,4.0
KATI,2018,15,9,0.3333333333333333,0.5555555555555556,0.2222222222222222,0.3333333333333333,0.1111111111111111,0.1111111111111111,0.1111111111111111,8,0,1,0,7,-6.1979934666666665,39.35970593333334,0,0,0,0,0,0,0,0,0,4.0
KATI,2018,16,12,0.5,0.4166666666666667,0.16666666666666666,0.25,0.4166666666666667,0.08333333333333333,0.0,12,0,0,2,10,-6.166556772727272,39.32929462727273,0,0,0,0,0,0,0,0,0,4.0
KATI,2018,17,16,0.3125,0.375,0.0625,0.375,0.125,0.125,0.0,14,0,2,4,10,-6.1800114100000005,39.340509860000004,0,0,0,0,0,0,0,0,0,4.0
KATI,2018,18,8,0.5,0.375,0.0,0.125,0.625,0.0,0.125,7,0,1,3,4,-6.202190025,39.36471525,0,0,0,0,0,0,0,0,0,5.0
KATI,2018,19,14,0.5714285714285714,0.35714285714285715,0.07142857142857142,0.42857142857142855,0.35714285714285715,0.0,0.07142857142857142,13,0,1,0,12,-6.1776761,39.315911209090906,0,0,0,0,0,0,0,0,0,5.0
KATI,2018,20,20,0.35,0.5,0.25,0.25,0.2,0.0,0.15,17,0,3,4,13,-6.192524657142857,39.359127564285714,0,0,0,0,0,0,0,0,0,5.0
KATI,2018,21,20,0.35,0.35,0.05,0.3,0.3,0.05,0.0,15,0,5,4,11,-6.150865564285715,39.32557231428571,0,0,0,0,0,0,0,0,0,5.0
KATI,2018,22,13,0.46153846153846156,0.15384615384615385,0.07692307692307693,0.15384615384615385,0.23076923076923078,0.07692307692307693,0.07692307692307693,12,0,1,2,10,-6.205733285714286,39.34557837142857,0,0,0,0,0,0,0,0,0,5.0
KATI,2018,23,11,0.6363636363636364,0.36363636363636365,0.18181818181818182,0.36363636363636365,0.18181818181818182,0.09090909090909091,0.18181818181818182,11,0,0,3,8,-6.15798384,39.35775791,0,0,0,0,0,0,0,0,0,6.0
KATI,2018,24,15,0.4,0.3333333333333333,0.06666666666666667,0.13333333333333333,0.26666666666666666,0.13333333333333333,0.13333333333333333,14,0,1,3,11,-6.21533394,39.3344551,0,0,0,0,0,0,0,0,0,6.0
KATI,2018,25,28,0.35714285714285715,0.17857142857142858,0.10714285714285714,0.14285714285714285,0.21428571428571427,0.0,0.07142857142857142,27,0,1,10,17,-6.111458054545454,39.329118245454545,0,0,0,0,0,0,0,0,0,6.0
KATI,2018,26,43,0.32558139534883723,0.20930232558139536,0.0,0.09302325581395349,0.37209302325581395,0.046511627906976744,0.023255813953488372,42,0,1,14,28,-6.149493158333333,39.337393875,0,0,0,0,0,0,0,0,0,6.0
KATI,2018,27,16,0.25,0.0625,0.0,0.1875,0.0,0.125,0.0,15,0,1,6,8,-6.18950658,39.33780872,0,0,0,0,0,0,0,0,0,7.0
KATI,2018,28,31,0.16129032258064516,0.16129032258064516,0.03225806451612903,0.06451612903225806,0.12903225806451613,0.0967741935483871,0.0,29,0,2,7,22,-6.2226208,39.375044,0,0,0,0,0,0,0,0,0,7.0
KATI,2018,29,17,0.058823529411764705,0.35294117647058826,0.0,0.11764705882352941,0.23529411764705882,0.058823529411764705,0.0,17,0,0,9,8,-6.2051693000000006,39.365042075000005,0,0,0,0,0,0,0,0,0,7.0
KATI,2018,30,14,0.2857142857142857,0.07142857142857142,0.07142857142857142,0.07142857142857142,0.14285714285714285,0.07142857142857142,0.0,14,0,0,8,6,-6.1733266,39.34275704,0,0,0,0,0,0,0,0,0,7.0
KATI,2018,31,45,0.2,0.24444444444444444,0.044444444444444446,0.2222222222222222,0.13333333333333333,0.044444444444444446,0.0,37,0,8,20,17,-6.2184530166666665,39.3528225,0,0,0,0,0,0,0,0,0,8.0
KATI,2018,32,14,0.07142857142857142,0.14285714285714285,0.07142857142857142,0.07142857142857142,0.0,0.07142857142857142,0.0,13,0,1,9,4,-6.19773015,39.29422685,0,0,0,0,0,0,0,0,0,8.0
KATI,2018,33,21,0.3333333333333333,0.19047619047619047,0.19047619047619047,0.09523809523809523,0.14285714285714285,0.047619047619047616,0.047619047619047616,19,0,2,8,11,-6.2383462199999995,39.33940935,0,0,0,0,0,0,0,0,0,8.0
KATI,2018,34,6,0.5,0.3333333333333333,0.16666666666666666,0.16666666666666666,0.16666666666666666,0.3333333333333333,0.0,6,0,0,0,6,-6.1543403,39.321419925,0,0,0,0,0,0,0,0,0,8.0
KATI,2018,35,12,0.4166666666666667,0.25,0.0,0.16666666666666666,0.16666666666666666,0.3333333333333333,0.0,12,0,0,9,3,-6.18464222,39.34676348,0,0,0,0,0,0,0,0,0,8.0
KATI,2018,36,14,0.6428571428571429,0.14285714285714285,0.2857142857142857,0.21428571428571427,0.21428571428571427,0.07142857142857142,0.0,12,0,2,3,9,-6.232886290000001,39.33063146,0,0,0,0,0,0,0,0,0,9.0
KATI,2018,37,16,0.625,0.375,0.3125,0.1875,0.25,0.125,0.125,11,0,5,3,8,-6.181604421428572,39.316282421428575,0,0,0,0,0,0,0,0,0,9.0
KATI,2018,38,13,0.23076923076923078,0.46153846153846156,0.15384615384615385,0.07692307692307693,0.38461538461538464,0.0,0.07692307692307693,13,0,0,4,7,-6.143266614285714,39.3349202,0,0,0,0,0,0,0,0,0,9.0
KATI,2018,39,19,0.2631578947368421,0.21052631578947367,0.05263157894736842,0.21052631578947367,0.15789473684210525,0.05263157894736842,0.0,16,0,3,7,9,-6.1870008375,39.376748775,0,0,0,0,0,0,0,0,0,9.0
KATI,2018,40,15,0.2,0.5333333333333333,0.13333333333333333,0.0,0.4,0.2,0.0,15,0,0,7,7,-6.164857100000001,39.3219376,0,0,0,0,0,0,0,0,0,10.0
KATI,2018,41,6,0.5,0.5,0.0,0.16666666666666666,0.5,0.3333333333333333,0.0,6,0,0,0,6,-6.1410438166666665,39.33357591666667,0,0,0,0,0,0,0,0,0,10.0
KATI,2018,42,7,0.7142857142857143,0.2857142857142857,0.2857142857142857,0.14285714285714285,0.14285714285714285,0.2857142857142857,0.14285714285714285,6,0,1,0,5,-6.1499472666666675,39.33351426666667,0,0,0,0,0,0,0,0,0,10.0
KATI,2018,43,13,0.6923076923076923,0.15384615384615385,0.38461538461538464,0.0,0.46153846153846156,0.0,0.0,13,0,0,4,9,-6.2039948222222225,39.351913188888894,0,0,0,0,0,0,0,0,0,10.0
KATI,2018,44,11,0.18181818181818182,0.7272727272727273,0.18181818181818182,0.09090909090909091,0.45454545454545453,0.09090909090909091,0.09090909090909091,8,0,3,4,4,-6.190327271428571,39.34440122857143,0,0,0,0,0,0,0,0,0,10.0
KATI,2018,45,17,0.5294117647058824,0.35294117647058826,0.11764705882352941,0.23529411764705882,0.35294117647058826,0.11764705882352941,0.058823529411764705,15,0,2,3,12,-6.107629792307692,39.32287965384615,0,0,0,0,0,0,0,0,0,11.0
KATI,2018,46,11,0.6363636363636364,0.18181818181818182,0.36363636363636365,0.18181818181818182,0.18181818181818182,0.09090909090909091,0.0,9,0,2,3,6,-6.1069539875,39.2959710125,0,0,0,0,0,0,0,0,0,11.0
KATI,2018,47,5,1.0,0.0,0.0,0.2,0.2,0.2,0.4,5,0,0,1,4,-6.159013466666667,39.3720903,0,0,0,0,0,0,0,0,0,11.0
KATI,2018,48,8,0.375,0.5,0.125,0.125,0.375,0.0,0.25,8,0,0,2,6,-6.1844019333333335,39.334655133333335,0,0,0,0,0,0,0,0,0,11.0
KATI,2018,49,18,0.6666666666666666,0.3333333333333333,0.1111111111111111,0.2222222222222222,0.3888888888888889,0.16666666666666666,0.1111111111111111,18,0,0,1,17,-6.1423281625,39.326456362500004,0,0,0,0,0,0,0,0,0,12.0
KATI,2018,50,17,0.29411764705882354,0.6470588235294118,0.17647058823529413,0.23529411764705882,0.29411764705882354,0.11764705882352941,0.11764705882352941,17,0,0,5,12,-6.150838192857143,39.308702492857144,0,0,0,0,0,0,0,0,0,12.0
KATI,2018,51,19,0.7894736842105263,0.21052631578947367,0.05263157894736842,0.21052631578947367,0.5789473684210527,0.0,0.15789473684210525,18,0,1,3,15,-6.14611935,39.34255698333333,0,0,0,0,0,0,0,0,0,12.0
KATI,2018,52,22,0.45454545454545453,0.3181818181818182,0.045454545454545456,0.3181818181818182,0.2727272727272727,0.09090909090909091,0.045454545454545456,20,0,2,12,8,-6.16163994375,39.3072699375,0,0,0,0,0,0,0,0,0,12.0
KATI,2019,1,6,0.5,0.5,0.0,0.3333333333333333,0.6666666666666666,0.0,0.0,6,0,0,1,5,-6.113836,39.30963495,0,0,0,0,0,0,0,0,0,1.0
KATI,2019,2,22,0.4090909090909091,0.5454545454545454,0.09090909090909091,0.3181818181818182,0.3181818181818182,0.18181818181818182,0.045454545454545456,22,0,0,5,16,-6.115540395238095,39.32441956190476,0,0,0,0,0,0,0,0,0,1.0
KATI,2019,3,22,0.2727272727272727,0.45454545454545453,0.18181818181818182,0.13636363636363635,0.18181818181818182,0.18181818181818182,0.045454545454545456,19,0,3,6,13,-6.142114106666667,39.33362178,0,0,0,0,0,0,0,0,0,1.0
KATI,2019,4,21,0.5238095238095238,0.47619047619047616,0.14285714285714285,0.14285714285714285,0.6190476190476191,0.09523809523809523,0.0,18,0,3,1,17,-6.1358186619047625,39.35181169047619,0,0,0,0,0,0,0,0,0,1.0
KATI,2019,5,10,0.7,0.3,0.1,0.2,0.2,0.2,0.3,9,0,1,0,9,-6.090761944444444,39.312007333333334,0,0,0,0,0,0,0,0,0,2.0
KATI,2019,6,8,0.375,0.625,0.125,0.125,0.25,0.375,0.125,7,0,1,1,6,-6.123845925,39.3100162625,0,0,0,0,0,0,0,0,0,2.0
KATI,2019,7,14,0.5,0.35714285714285715,0.07142857142857142,0.07142857142857142,0.35714285714285715,0.2857142857142857,0.07142857142857142,13,0,1,4,9,-6.118766772727272,39.3131099,0,0,0,0,0,0,0,0,0,2.0
KATI,2019,8,17,0.4117647058823529,0.5294117647058824,0.11764705882352941,0.17647058823529413,0.35294117647058826,0.17647058823529413,0.11764705882352941,13,0,4,4,9,-6.16180385,39.329458314285716,0,0,0,0,0,0,0,0,0,2.0
KATI,2019,9,6,0.5,0.5,0.0,0.16666666666666666,0.5,0.0,0.3333333333333333,6,0,0,2,4,-6.10949952,39.37690648,0,0,0,0,0,0,0,0,0,2.0
KATI,2019,10,4,0.75,0.25,0.5,0.0,0.25,0.0,0.25,3,0,1,0,3,-6.1316328,39.35934965,0,0,0,0,0,0,0,0,0,3.0
KATI,2019,11,9,0.7777777777777778,0.2222222222222222,0.3333333333333333,0.2222222222222222,0.2222222222222222,0.2222222222222222,0.0,7,0,2,1,6,-6.113801488888889,39.343920999999995,0,0,0,0,0,0,0,0,0,3.0
KATI,2019,12,7,0.5714285714285714,0.42857142857142855,0.0,0.42857142857142855,0.2857142857142857,0.2857142857142857,0.0,5,0,2,2,3,-6.149835980000001,39.32092728,0,0,0,0,0,0,0,0,0,3.0
KATI,2019,13,9,0.8888888888888888,0.1111111111111111,0.1111111111111111,0.2222222222222222,0.3333333333333333,0.2222222222222222,0.1111111111111111,8,0,1,4,4,-6.162157083333334,39.301748016666664,0,0,0,0,0,0,0,0,0,3.0
KATI,2019,14,10,0.7,0.3,0.4,0.3,0.1,0.2,0.0,8,0,2,0,8,-6.119685233333333,39.315639922222225,0,0,0,0,0,0,0,0,0,4.0
KATI,2019,15,2,0.5,0.5,0.0,0.0,0.5,0.5,0.0,2,0,0,1,1,,,0,0,0,0,0,0,0,0,0,4.0
KATI,2019,16,4,0.5,0.5,0.25,0.25,0.5,0.0,0.0,4,0,0,1,3,-6.142020925,39.343110525,0,0,0,0,0,0,0,0,0,4.0
KATI,2019,17,7,0.2857142857142857,0.42857142857142855,0.0,0.14285714285714285,0.5714285714285714,0.0,0.14285714285714285,7,0,0,4,3,-6.165217125,39.294942575,0,0,0,0,0,0,0,0,0,4.0
KATI,2019,18,7,0.2857142857142857,0.7142857142857143,0.2857142857142857,0.14285714285714285,0.42857142857142855,0.14285714285714285,0.0,7,0,0,2,5,-6.1982081,39.3486922,0,0,0,0,0,0,0,0,0,4.0
KATI,2019,19,12,0.25,0.4166666666666667,0.08333333333333333,0.16666666666666666,0.25,0.08333333333333333,0.08333333333333333,11,0,1,3,8,-6.1852388666666664,39.344506966666664,0,0,0,0,0,0,0,0,0,5.0
KATI,2019,20,10,0.8,0.2,0.0,0.2,0.1,0.5,0.2,9,0,1,1,8,-6.17022025,39.298246899999995,0,0,0,0,0,0,0,0,0,5.0
KATI,2019,21,20,0.4,0.6,0.15,0.25,0.3,0.25,0.05,19,0,1,3,16,-6.159659616666667,39.365909216666665,0,0,0,0,0,0,0,0,0,5.0
KATI,2019,22,16,0.5,0.4375,0.0625,0.1875,0.5625,0.0625,0.0625,15,0,1,4,11,-6.174270991666667,39.3332012,0,0,0,0,0,0,0,0,0,5.0
KATI,2019,23,13,0.7692307692307693,0.23076923076923078,0.07692307692307693,0.38461538461538464,0.38461538461538464,0.15384615384615385,0.0,11,0,2,3,8,-6.159251633333334,39.367052175,0,0,0,0,0,0,0,0,0,6.0
KATI,2019,24,18,0.3888888888888889,0.6111111111111112,0.2222222222222222,0.2222222222222222,0.5,0.05555555555555555,0.0,14,0,4,1,13,-6.19353532,39.339824560000004,0,0,0,0,0,0,0,0,0,6.0
KATI,2019,25,35,0.45714285714285713,0.4857142857142857,0.17142857142857143,0.22857142857142856,0.4857142857142857,0.05714285714285714,0.0,21,0,14,5,14,-6.1991859781250005,39.369444790625,0,0,0,0,0,0,0,0,0,6.0
KATI,2019,26,27,0.37037037037037035,0.2222222222222222,0.037037037037037035,0.18518518518518517,0.2962962962962963,0.037037037037037035,0.037037037037037035,27,0,0,10,17,-6.164717625000001,39.35930904166667,0,0,0,0,0,0,0,0,0,6.0
KATI,2019,27,34,0.23529411764705882,0.11764705882352941,0.058823529411764705,0.11764705882352941,0.08823529411764706,0.058823529411764705,0.029411764705882353,34,0,0,6,28,-6.1437119,39.3374485,0,0,0,0,0,0,0,0,0,7.0
KATI,2019,28,41,0.4146341463414634,0.36585365853658536,0.0975609756097561,0.14634146341463414,0.34146341463414637,0.0975609756097561,0.0975609756097561,40,0,1,11,29,-6.179818051851852,39.3467788037037,6,1,0,1,0,0,0,0,0,7.0
KATI,2019,29,42,0.6428571428571429,0.2857142857142857,0.11904761904761904,0.09523809523809523,0.38095238095238093,0.16666666666666666,0.16666666666666666,35,1,7,7,27,-6.173590371428571,39.349082848571435,8,0,0,1,0,3,0,0,0,7.0
KATI,2019,30,29,0.6206896551724138,0.3793103448275862,0.06896551724137931,0.1724137931034483,0.5172413793103449,0.13793103448275862,0.10344827586206896,25,0,4,9,16,-6.139256928571429,39.33522454285714,5,0,0,0,0,0,0,0,0,7.0
KATI,2019,31,25,0.64,0.28,0.28,0.24,0.16,0.2,0.04,19,0,6,6,13,-6.159478808695652,39.36014272173913,3,0,0,1,0,1,0,0,0,8.0
KATI,2019,32,21,0.47619047619047616,0.5238095238095238,0.19047619047619047,0.0,0.38095238095238093,0.2857142857142857,0.14285714285714285,16,0,5,7,9,-6.152113257894737,39.352692694736845,0,0,0,1,0,0,0,0,0,8.0
KATI,2019,33,21,0.6190476190476191,0.3333333333333333,0.0,0.19047619047619047,0.47619047619047616,0.23809523809523808,0.09523809523809523,20,0,1,9,11,-6.154690105555556,39.3497681,2,0,0,3,0,1,0,0,0,8.0
KATI,2019,34,18,0.7777777777777778,0.2222222222222222,0.16666666666666666,0.05555555555555555,0.5555555555555556,0.1111111111111111,0.1111111111111111,15,0,3,4,11,-6.1654733055555555,39.31892387222222,2,0,0,0,0,0,0,0,0,8.0
KATI,2019,35,17,0.5294117647058824,0.47058823529411764,0.17647058823529413,0.11764705882352941,0.5294117647058824,0.11764705882352941,0.058823529411764705,17,0,0,3,14,-6.13778785,39.3280169,5,0,0,0,0,0,0,0,0,8.0
KATI,2019,36,13,0.7692307692307693,0.15384615384615385,0.07692307692307693,0.15384615384615385,0.3076923076923077,0.3076923076923077,0.15384615384615385,13,0,0,4,9,-6.201973054545454,39.303639881818185,3,0,0,0,0,0,0,0,0,9.0
KATI,2019,37,10,0.5,0.5,0.0,0.4,0.2,0.3,0.1,8,0,2,3,5,-6.1625978,39.318616666666664,3,0,0,0,0,0,0,0,0,9.0
KATI,2019,38,12,0.4166666666666667,0.5,0.16666666666666666,0.4166666666666667,0.16666666666666666,0.25,0.0,12,0,0,3,9,-6.1457472625,39.319351425,4,0,0,0,0,1,0,0,0,9.0
KATI,2019,39,14,0.5,0.2857142857142857,0.21428571428571427,0.14285714285714285,0.42857142857142855,0.07142857142857142,0.14285714285714285,14,0,0,5,9,-6.1858892625,39.283950925,1,0,0,0,0,1,0,0,0,9.0
KATI,2019,40,22,0.3181818181818182,0.6818181818181818,0.18181818181818182,0.36363636363636365,0.22727272727272727,0.13636363636363635,0.09090909090909091,19,0,3,1,15,-6.15930938,39.34822835,4,0,0,0,0,0,0,0,0,10.0
KATI,2019,41,17,0.5882352941176471,0.4117647058823529,0.17647058823529413,0.29411764705882354,0.17647058823529413,0.11764705882352941,0.23529411764705882,13,0,4,2,11,-6.234961425,39.3366671125,3,0,0,0,0,2,0,0,0,10.0
KATI,2019,42,9,0.7777777777777778,0.2222222222222222,0.0,0.4444444444444444,0.4444444444444444,0.1111111111111111,0.0,7,0,2,2,5,-6.145567333333333,39.32533645,2,0,0,0,0,0,0,0,0,10.0
KATI,2019,43,12,0.6666666666666666,0.3333333333333333,0.25,0.4166666666666667,0.25,0.08333333333333333,0.0,9,0,3,2,7,-6.1751030700000005,39.33497377,1,0,0,0,0,0,0,0,0,10.0
KATI,2019,44,9,0.4444444444444444,0.3333333333333333,0.2222222222222222,0.0,0.4444444444444444,0.3333333333333333,0.0,9,0,0,1,8,-6.17088828,39.32564748,0,0,0,0,0,0,0,0,0,10.0
KATI,2019,45,11,0.6363636363636364,0.36363636363636365,0.09090909090909091,0.09090909090909091,0.5454545454545454,0.2727272727272727,0.0,11,0,0,2,9,-6.148746954545455,39.3293326,1,0,0,0,0,0,0,0,0,11.0
KATI,2019,46,14,0.5,0.42857142857142855,0.07142857142857142,0.14285714285714285,0.35714285714285715,0.21428571428571427,0.21428571428571427,12,0,2,1,11,-6.1618030416666665,39.34201641666667,2,1,0,0,0,0,0,0,0,11.0
KATI,2019,47,14,0.6428571428571429,0.35714285714285715,0.35714285714285715,0.21428571428571427,0.35714285714285715,0.07142857142857142,0.0,11,0,3,4,7,-6.1448499,39.30198033333333,3,0,0,0,0,0,0,0,0,11.0
KATI,2019,48,26,0.5769230769230769,0.38461538461538464,0.15384615384615385,0.34615384615384615,0.15384615384615385,0.34615384615384615,0.0,22,0,4,6,16,-6.1586142,39.30817617333334,5,0,0,0,0,0,0,0,0,11.0
KATI,2019,49,24,0.5416666666666666,0.2916666666666667,0.16666666666666666,0.08333333333333333,0.5,0.25,0.0,22,0,2,3,19,-6.199587772222222,39.334358788888885,4,0,0,1,0,3,0,0,0,12.0
KATI,2019,50,33,0.5454545454545454,0.3939393939393939,0.12121212121212122,0.15151515151515152,0.42424242424242425,0.18181818181818182,0.12121212121212122,27,0,6,9,18,-6.1473883250000005,39.34108502142857,3,0,0,2,0,1,0,0,0,12.0
KATI,2019,51,43,0.5813953488372093,0.37209302325581395,0.09302325581395349,0.20930232558139536,0.2558139534883721,0.37209302325581395,0.06976744186046512,38,0,5,11,27,-6.180298775000001,39.33523828055556,8,1,0,2,0,0,0,0,0,12.0
KATI,2019,52,51,0.45098039215686275,0.37254901960784315,0.19607843137254902,0.19607843137254902,0.27450980392156865,0.23529411764705882,0.0784313725490196,49,0,2,21,28,-6.166973416129032,39.3414527483871,9,0,0,2,0,0,0,0,0,12.0
KATI,2020,1,24,0.4583333333333333,0.375,0.041666666666666664,0.20833333333333334,0.4166666666666667,0.25,0.041666666666666664,19,0,5,8,11,-6.143848511764706,39.316858182352945,4,0,0,1,0,0,0,0,0,1.0
KATI,2020,2,48,0.4791666666666667,0.3958333333333333,0.16666666666666666,0.2916666666666667,0.3125,0.125,0.10416666666666667,41,0,7,9,32,-6.152578708333333,39.31660486944444,10,0,0,2,0,0,0,0,0,1.0
KATI,2020,3,73,0.6164383561643836,0.273972602739726,0.1232876712328767,0.1643835616438356,0.4246575342465753,0.1917808219178082,0.0958904109589041,65,0,8,10,55,-6.176568026530613,39.331612961224494,11,0,0,2,0,7,0,0,0,1.0
KATI,2020,4,90,0.32222222222222224,0.37777777777777777,0.13333333333333333,0.2222222222222222,0.36666666666666664,0.17777777777777778,0.1,81,0,9,18,63,-6.153364564705883,39.33002864509804,13,0,0,2,0,6,0,0,0,1.0
KATI,2020,5,71,0.3380281690140845,0.15492957746478872,0.2112676056338028,0.15492957746478872,0.43661971830985913,0.1267605633802817,0.07042253521126761,68,0,3,11,57,-6.215918403571429,39.34168025,6,0,0,0,0,1,0,0,0,1.0
KATI,2020,6,29,0.5517241379310345,0.41379310344827586,0.13793103448275862,0.27586206896551724,0.41379310344827586,0.10344827586206896,0.06896551724137931,29,0,0,5,24,-6.155572345454545,39.324491200000004,6,0,0,2,0,1,0,0,0,2.0
KATI,2020,7,34,0.38235294117647056,0.47058823529411764,0.23529411764705882,0.2647058823529412,0.29411764705882354,0.11764705882352941,0.08823529411764706,33,0,1,4,29,-6.162153099999999,39.3191303,5,0,0,1,0,0,0,0,0,2.0
KATI,2020,8,51,0.5098039215686274,0.43137254901960786,0.11764705882352941,0.27450980392156865,0.27450980392156865,0.23529411764705882,0.09803921568627451,45,0,6,6,39,-6.167580989473684,39.33413115,16,0,0,1,0,1,0,0,0,2.0
KATI,2020,9,59,0.6271186440677966,0.3220338983050847,0.06779661016949153,0.2542372881355932,0.4915254237288136,0.06779661016949153,0.11864406779661017,51,0,8,14,37,-6.149162795652173,39.29962014347826,15,0,0,0,0,5,0,0,0,2.0
KATI,2020,10,42,0.5,0.35714285714285715,0.023809523809523808,0.35714285714285715,0.40476190476190477,0.09523809523809523,0.11904761904761904,37,1,5,9,27,-6.155790304545454,39.361989145454544,11,0,0,2,0,0,0,0,0,3.0
KATI,2020,11,17,0.5294117647058824,0.35294117647058826,0.058823529411764705,0.23529411764705882,0.5882352941176471,0.11764705882352941,0.0,14,0,3,3,11,-6.129848246666667,39.340816653333334,4,0,0,0,0,0,0,0,0,3.0
KATI,2020,12,19,0.5263157894736842,0.47368421052631576,0.15789473684210525,0.3157894736842105,0.3684210526315789,0.15789473684210525,0.0,18,0,1,3,15,-6.161434964705883,39.33503393529412,6,0,0,1,0,0,0,0,0,3.0
KATI,2020,13,16,0.5625,0.375,0.0,0.125,0.6875,0.125,0.0625,14,0,2,3,11,-6.169848807692308,39.332957300000004,2,0,0,1,0,0,0,0,0,3.0
KATI,2020,14,15,0.7333333333333333,0.26666666666666666,0.0,0.2,0.4,0.26666666666666666,0.13333333333333333,14,0,1,8,6,-6.1710535,39.28711071333333,2,0,0,3,0,0,0,0,0,4.0
KATI,2020,15,14,0.5714285714285714,0.42857142857142855,0.07142857142857142,0.21428571428571427,0.35714285714285715,0.2857142857142857,0.07142857142857142,13,0,1,5,8,-6.167359742857143,39.305678542857144,3,0,0,0,0,1,0,0,0,4.0
KATI,2020,16,22,0.5,0.45454545454545453,0.22727272727272727,0.09090909090909091,0.18181818181818182,0.2727272727272727,0.22727272727272727,19,0,3,8,11,-6.157425614285715,39.30861837619047,3,0,0,0,0,1,0,0,0,4.0
KATI,2020,17,26,0.6923076923076923,0.2692307692307692,0.11538461538461539,0.11538461538461539,0.5384615384615384,0.11538461538461539,0.11538461538461539,23,0,3,5,18,-6.10005954,39.319159664,4,0,0,0,0,0,0,0,0,4.0
KATI,2020,18,10,0.6,0.4,0.0,0.2,0.4,0.1,0.3,9,0,1,1,8,-6.119886922222222,39.31425626666666,2,0,0,1,0,0,0,0,0,4.0
KATI,2020,19,7,0.7142857142857143,0.2857142857142857,0.0,0.7142857142857143,0.14285714285714285,0.14285714285714285,0.0,7,0,0,0,7,-6.082065640000001,39.32246282,5,0,0,0,0,0,0,0,0,5.0
KATI,2020,20,29,0.6896551724137931,0.3103448275862069,0.10344827586206896,0.3448275862068966,0.3448275862068966,0.10344827586206896,0.10344827586206896,28,0,1,10,18,-6.161044874074075,39.318787633333336,12,0,0,0,0,1,0,0,0,5.0
KATI,2020,21,18,0.6111111111111112,0.3333333333333333,0.05555555555555555,0.16666666666666666,0.5,0.1111111111111111,0.16666666666666666,16,0,2,2,14,-6.11285075,39.3390275375,4,0,0,1,0,0,0,0,0,5.0
KATI,2020,22,25,0.6,0.36,0.2,0.16,0.32,0.2,0.12,24,0,1,11,13,-6.203719904347826,39.309767004347826,5,0,0,0,0,0,0,0,0,5.0
KATI,2020,23,32,0.5625,0.375,0.0625,0.46875,0.1875,0.25,0.03125,28,0,4,11,17,-6.166746603703704,39.30989286296296,13,0,0,1,0,0,0,0,0,6.0
KATI,2020,24,36,0.7222222222222222,0.2777777777777778,0.08333333333333333,0.3055555555555556,0.2777777777777778,0.25,0.08333333333333333,30,0,6,15,15,-6.171663883870967,39.32112747096774,11,0,0,1,0,1,0,0,0,6.0
KATI,2020,25,22,0.7727272727272727,0.22727272727272727,0.045454545454545456,0.3181818181818182,0.5,0.13636363636363635,0.0,21,0,1,10,11,-6.159118352380953,39.321791890476185,9,0,0,2,0,0,0,0,0,6.0
KATI,2020,26,22,0.6818181818181818,0.2727272727272727,0.09090909090909091,0.2727272727272727,0.45454545454545453,0.09090909090909091,0.09090909090909091,20,0,2,6,14,-6.1545361142857145,39.333127752380946,6,0,0,2,0,0,0,0,0,6.0
KATI,2020,27,43,0.5116279069767442,0.46511627906976744,0.18604651162790697,0.13953488372093023,0.4418604651162791,0.11627906976744186,0.11627906976744186,37,0,6,13,24,-6.181584557894737,39.33305758421053,11,0,0,0,0,1,0,0,0,6.0
KATI,2020,28,33,0.5454545454545454,0.45454545454545453,0.12121212121212122,0.30303030303030304,0.3333333333333333,0.18181818181818182,0.06060606060606061,29,0,4,6,23,-6.149480213333334,39.32367051333333,12,0,0,0,0,0,0,0,0,7.0
KATI,2020,29,30,0.7,0.26666666666666666,0.13333333333333333,0.13333333333333333,0.36666666666666664,0.13333333333333333,0.23333333333333334,25,0,5,6,19,-6.183154614814815,39.33689178888889,2,0,0,0,0,1,0,0,0,7.0
KATI,2020,30,46,0.5,0.43478260869565216,0.08695652173913043,0.21739130434782608,0.32608695652173914,0.1956521739130435,0.17391304347826086,45,0,1,15,30,-6.1712636052631575,39.33146680789474,6,0,0,0,0,2,0,0,0,7.0
KATI,2020,31,38,0.7105263157894737,0.2894736842105263,0.02631578947368421,0.18421052631578946,0.5,0.18421052631578946,0.10526315789473684,32,0,6,8,24,-6.189253552941176,39.34674884705882,9,0,0,0,0,1,0,0,0,7.0
KATI,2020,32,33,0.5151515151515151,0.48484848484848486,0.24242424242424243,0.15151515151515152,0.3333333333333333,0.06060606060606061,0.21212121212121213,27,0,6,8,19,-6.17162276,39.34405454333333,5,0,0,1,0,0,0,0,0,8.0
KATI,2020,33,22,0.6818181818181818,0.3181818181818182,0.13636363636363635,0.13636363636363635,0.45454545454545453,0.22727272727272727,0.045454545454545456,19,0,3,2,17,-6.137576033333334,39.3340787952381,2,0,0,1,0,0,0,0,0,8.0
KATI,2020,34,16,0.5625,0.375,0.125,0.1875,0.1875,0.125,0.375,16,0,0,1,15,-6.1943886133333335,39.312530406666674,3,0,0,0,0,0,0,0,0,8.0
KATI,2020,35,23,0.5217391304347826,0.4782608695652174,0.2608695652173913,0.17391304347826086,0.4782608695652174,0.0,0.08695652173913043,22,0,1,8,14,-6.1606757299999995,39.3226636,3,0,0,0,0,1,0,0,0,8.0
KATI,2020,36,21,0.6190476190476191,0.38095238095238093,0.23809523809523808,0.19047619047619047,0.42857142857142855,0.047619047619047616,0.09523809523809523,17,0,4,3,14,-6.142859755,39.324871945,4,0,0,0,0,0,0,0,0,8.0
KATI,2020,37,17,0.4117647058823529,0.5294117647058824,0.11764705882352941,0.29411764705882354,0.17647058823529413,0.23529411764705882,0.17647058823529413,14,0,3,3,11,-6.138819606666667,39.33655998,3,0,0,0,0,0,0,0,0,9.0
KATI,2020,38,34,0.5882352941176471,0.38235294117647056,0.20588235294117646,0.29411764705882354,0.35294117647058826,0.14705882352941177,0.0,27,0,7,7,20,-6.14399895625,39.342322571875,10,0,0,0,0,1,0,0,0,9.0
KATI,2020,39,36,0.6666666666666666,0.3333333333333333,0.05555555555555555,0.2222222222222222,0.4444444444444444,0.1388888888888889,0.1388888888888889,27,0,9,7,20,-6.17630353939394,39.3400148969697,8,0,0,1,0,0,0,0,0,9.0
KATI,2020,40,11,0.45454545454545453,0.45454545454545453,0.18181818181818182,0.18181818181818182,0.5454545454545454,0.09090909090909091,0.0,10,0,1,3,7,-6.181543366666666,39.330087899999995,2,0,0,0,0,0,0,0,0,9.0
KATI,2020,41,25,0.56,0.44,0.16,0.2,0.32,0.2,0.12,22,0,3,6,16,-6.145108780952381,39.33533163809524,2,0,0,0,0,0,0,0,0,10.0
KATI,2020,42,22,0.5909090909090909,0.4090909090909091,0.22727272727272727,0.0,0.22727272727272727,0.18181818181818182,0.36363636363636365,22,0,0,3,19,-6.156461671428572,39.340148533333334,1,0,0,0,0,0,0,0,0,10.0
KATI,2020,43,16,0.375,0.625,0.3125,0.0625,0.3125,0.25,0.0625,15,0,1,3,12,-6.19700058,39.36430941333333,2,0,0,0,0,1,0,0,0,10.0
KATI,2020,44,11,0.45454545454545453,0.5454545454545454,0.09090909090909091,0.18181818181818182,0.36363636363636365,0.18181818181818182,0.18181818181818182,11,0,0,0,11,-6.13668104,39.31821128,2,0,0,0,0,0,0,0,0,10.0
KATI,2020,45,13,0.15384615384615385,0.7692307692307693,0.07692307692307693,0.23076923076923078,0.38461538461538464,0.07692307692307693,0.23076923076923078,10,0,3,0,9,-6.144525916666667,39.356798266666665,3,0,0,0,0,0,0,0,0,11.0
KATI,2020,46,8,0.5,0.5,0.25,0.125,0.375,0.25,0.0,8,0,0,0,8,-6.1715373375,39.327431925,1,0,0,0,0,0,0,0,0,11.0
KATI,2020,47,24,0.4166666666666667,0.5833333333333334,0.08333333333333333,0.16666666666666666,0.4166666666666667,0.25,0.08333333333333333,22,0,2,2,20,-6.148869429166666,39.3426859375,5,0,0,0,0,0,0,0,0,11.0
KATI,2020,48,25,0.52,0.48,0.2,0.2,0.4,0.08,0.12,19,0,6,2,17,-6.145277704,39.328704984,5,0,0,0,0,0,0,0,0,11.0
KATI,2020,49,25,0.48,0.52,0.28,0.12,0.32,0.12,0.16,20,0,5,2,18,-6.143317733333333,39.31830215,3,0,0,0,0,0,0,0,0,12.0
KATI,2020,50,28,0.7142857142857143,0.2857142857142857,0.17857142857142858,0.07142857142857142,0.5357142857142857,0.14285714285714285,0.07142857142857142,28,0,0,9,19,-6.1689821642857146,39.33497932142858,6,0,0,0,0,0,0,0,0,12.0
KATI,2020,51,32,0.53125,0.46875,0.125,0.25,0.46875,0.15625,0.0,30,0,2,6,24,-6.163269841935484,39.31697655483871,9,0,0,3,0,1,0,0,0,12.0
KATI,2020,52,25,0.64,0.36,0.08,0.32,0.36,0.08,0.16,22,0,3,5,17,-6.190748908000001,39.34721346,9,0,0,1,0,1,0,0,0,12.0
KATI,2021,1,3,0.6666666666666666,0.3333333333333333,0.0,0.0,0.3333333333333333,0.3333333333333333,0.3333333333333333,3,0,0,2,1,-6.150869766666666,39.30449253333333,0,0,0,0,0,0,0,0,0,1.0
KATI,2021,2,51,0.39215686274509803,0.6078431372549019,0.11764705882352941,0.27450980392156865,0.2549019607843137,0.27450980392156865,0.0784313725490196,46,0,5,8,38,-6.154150904166666,39.316331325,15,0,0,3,0,0,0,0,0,1.0
KATI,2021,3,37,0.5945945945945946,0.40540540540540543,0.02702702702702703,0.2702702702702703,0.2702702702702703,0.32432432432432434,0.10810810810810811,33,0,4,8,25,-6.149902529729729,39.33195136216216,10,0,0,2,0,0,0,0,0,1.0
KATI,2021,4,35,0.5714285714285714,0.42857142857142855,0.17142857142857143,0.22857142857142856,0.45714285714285713,0.14285714285714285,0.0,32,0,3,3,29,-6.1630202885714285,39.353642897142855,7,0,0,0,0,1,0,0,0,1.0
KATI,2021,5,30,0.4666666666666667,0.5333333333333333,0.03333333333333333,0.16666666666666666,0.6,0.06666666666666667,0.13333333333333333,28,0,2,9,19,-6.13097829,39.31336360333333,6,0,0,2,0,0,0,0,0,1.0
KATI,2021,6,32,0.5,0.46875,0.21875,0.0625,0.375,0.21875,0.125,29,0,3,6,23,-6.160041137931034,39.326036662068965,4,0,0,0,0,0,0,0,0,2.0
KATI,2021,7,16,0.6875,0.3125,0.1875,0.0625,0.5,0.125,0.125,14,0,2,3,11,-6.1745189625,39.3260523875,2,0,0,0,0,1,0,0,0,2.0
KATI,2021,8,21,0.47619047619047616,0.5238095238095238,0.047619047619047616,0.23809523809523808,0.5238095238095238,0.14285714285714285,0.047619047619047616,20,0,1,7,13,-6.155187923809525,39.33010376666667,6,0,0,0,0,0,0,0,0,2.0
KATI,2021,9,22,0.7272727272727273,0.2727272727272727,0.18181818181818182,0.13636363636363635,0.3181818181818182,0.22727272727272727,0.13636363636363635,19,0,3,3,16,-6.15991769047619,39.34689231428571,3,0,0,1,0,0,0,0,0,2.0
KATI,2021,10,26,0.6538461538461539,0.34615384615384615,0.19230769230769232,0.11538461538461539,0.38461538461538464,0.2692307692307692,0.038461538461538464,25,0,1,6,19,-6.137745361538462,39.32521093846154,3,0,0,1,0,0,0,0,0,3.0
KATI,2021,11,23,0.782608695652174,0.21739130434782608,0.0,0.17391304347826086,0.6956521739130435,0.13043478260869565,0.0,18,0,5,1,17,-6.157435486956523,39.34730582608695,3,0,0,1,0,0,0,0,0,3.0
KATI,2021,12,18,0.6666666666666666,0.2777777777777778,0.0,0.3333333333333333,0.3888888888888889,0.2222222222222222,0.05555555555555555,18,0,0,4,14,-6.161945323529412,39.32840025294118,6,0,0,1,0,0,0,0,0,3.0
KATI,2021,13,18,0.5,0.5,0.2222222222222222,0.1111111111111111,0.4444444444444444,0.16666666666666666,0.05555555555555555,17,0,1,5,12,-6.161155972222222,39.334475233333336,3,0,0,0,1,0,0,1,0,3.0
KATI,2021,14,22,0.7272727272727273,0.2727272727272727,0.09090909090909091,0.13636363636363635,0.6818181818181818,0.045454545454545456,0.045454545454545456,18,0,4,5,13,-6.121026015,39.324773155,2,0,0,1,9,0,2,2,0,4.0
KATI,2021,15,13,0.5384615384615384,0.46153846153846156,0.07692307692307693,0.07692307692307693,0.46153846153846156,0.3076923076923077,0.07692307692307693,12,0,1,5,7,-6.133411323076923,39.332617430769226,0,0,0,0,1,0,0,3,0,4.0
KATI,2021,16,12,0.5833333333333334,0.4166666666666667,0.16666666666666666,0.0,0.5833333333333334,0.16666666666666666,0.08333333333333333,10,0,2,1,9,-6.101931154545454,39.3362743,0,0,0,0,5,0,1,1,0,4.0
KATI,2021,17,11,0.6363636363636364,0.2727272727272727,0.18181818181818182,0.2727272727272727,0.18181818181818182,0.18181818181818182,0.09090909090909091,11,0,0,2,9,-6.18221622,39.32774513,4,0,0,0,3,0,0,1,0,4.0
KATI,2021,18,26,0.6538461538461539,0.34615384615384615,0.11538461538461539,0.19230769230769232,0.46153846153846156,0.15384615384615385,0.07692307692307693,25,0,1,3,22,-6.226537388461538,39.35763446153846,6,0,0,1,6,5,0,3,0,4.0
KATI,2021,19,29,0.896551724137931,0.10344827586206896,0.10344827586206896,0.034482758620689655,0.5172413793103449,0.1724137931034483,0.1724137931034483,22,0,7,3,19,-6.171482344444445,39.364262466666666,0,0,0,1,16,2,3,1,0,5.0
KATI,2021,20,32,0.6875,0.28125,0.0625,0.125,0.53125,0.1875,0.0625,26,0,6,7,19,-6.202126932258064,39.337216445161296,4,0,0,0,4,3,2,7,0,5.0
KATI,2021,21,16,0.625,0.375,0.0625,0.0625,0.4375,0.0625,0.375,14,0,2,3,11,-6.2033661066666665,39.359811459999996,1,0,0,1,7,0,0,2,0,5.0
KATI,2021,22,19,0.42105263157894735,0.5789473684210527,0.05263157894736842,0.15789473684210525,0.47368421052631576,0.2631578947368421,0.05263157894736842,16,0,3,1,15,-6.145060715789474,39.3292304368421,4,0,0,0,7,0,1,6,0,5.0
KATI,2021,23,19,0.47368421052631576,0.42105263157894735,0.3157894736842105,0.05263157894736842,0.3157894736842105,0.21052631578947367,0.0,18,0,1,5,13,-6.164872482352941,39.33123448235295,3,0,0,0,2,0,0,3,0,6.0
KATI,2021,24,26,0.34615384615384615,0.6153846153846154,0.23076923076923078,0.11538461538461539,0.5,0.11538461538461539,0.0,23,0,3,4,19,-6.15128991904762,39.340440695238094,2,0,0,0,2,0,3,4,0,6.0
KATI,2021,25,21,0.47619047619047616,0.38095238095238093,0.23809523809523808,0.047619047619047616,0.42857142857142855,0.14285714285714285,0.0,20,0,1,3,17,-6.184274182352942,39.357657411764706,1,0,0,1,2,1,0,4,0,6.0
KATI,2021,26,14,0.7857142857142857,0.21428571428571427,0.14285714285714285,0.0,0.6428571428571429,0.14285714285714285,0.07142857142857142,14,0,0,4,10,-6.166953446153846,39.35286340769231,1,0,0,1,4,0,1,0,0,6.0
KATI,2021,27,25,0.64,0.28,0.2,0.04,0.44,0.2,0.04,23,0,2,3,19,-6.193912669565218,39.374226030434784,2,0,0,0,4,1,1,5,0,6.0
KATI,2021,28,17,0.47058823529411764,0.5294117647058824,0.11764705882352941,0.17647058823529413,0.5294117647058824,0.058823529411764705,0.11764705882352941,14,0,3,6,8,-6.172990705882353,39.331895200000005,4,0,0,2,1,0,0,4,0,7.0
KATI,2021,29,30,0.6,0.4,0.16666666666666666,0.2,0.36666666666666664,0.2,0.06666666666666667,25,1,5,2,22,-6.130424782758621,39.32841423448276,5,0,0,1,8,0,1,4,0,7.0
KATI,2021,30,21,0.5238095238095238,0.47619047619047616,0.047619047619047616,0.38095238095238093,0.2857142857142857,0.23809523809523808,0.047619047619047616,21,0,0,7,14,-6.180864431578947,39.33828964736842,7,0,0,0,2,0,0,2,0,7.0
KATI,2021,31,13,0.5384615384615384,0.46153846153846156,0.38461538461538464,0.15384615384615385,0.3076923076923077,0.15384615384615385,0.0,6,0,7,2,4,-6.168326507692308,39.319993546153846,2,0,0,0,1,0,0,1,0,7.0
KATI,2021,32,17,0.5294117647058824,0.47058823529411764,0.058823529411764705,0.17647058823529413,0.35294117647058826,0.17647058823529413,0.23529411764705882,17,0,0,5,12,-6.157070394117647,39.31411200588235,0,0,0,1,1,0,0,3,0,8.0
KATI,2021,33,14,0.35714285714285715,0.6428571428571429,0.14285714285714285,0.2857142857142857,0.35714285714285715,0.07142857142857142,0.14285714285714285,12,0,2,3,9,-6.1458428000000005,39.352185133333336,2,0,0,0,3,0,0,0,0,8.0
KATI,2021,34,14,0.7142857142857143,0.2857142857142857,0.35714285714285715,0.07142857142857142,0.2857142857142857,0.21428571428571427,0.07142857142857142,13,0,1,2,11,-6.165711721428572,39.32876169285714,1,0,0,1,3,0,0,0,0,8.0
KATI,2021,35,19,0.42105263157894735,0.5789473684210527,0.10526315789473684,0.15789473684210525,0.42105263157894735,0.2631578947368421,0.05263157894736842,16,0,3,4,12,-6.1785403210526315,39.330744168421056,3,0,0,1,5,2,0,2,0,8.0
KATI,2021,36,10,0.5,0.5,0.0,0.1,0.6,0.2,0.1,10,0,0,5,5,-6.13892218,39.30435719,1,0,0,0,3,0,1,1,0,9.0
KATI,2021,37,15,0.4,0.4666666666666667,0.2,0.26666666666666666,0.4,0.0,0.0,15,0,0,2,12,-6.125984769230769,39.327944361538464,4,0,0,0,3,0,1,0,0,9.0
KATI,2021,38,24,0.625,0.3333333333333333,0.20833333333333334,0.4166666666666667,0.20833333333333334,0.125,0.0,20,0,4,3,15,-6.172097552173913,39.35713547826087,9,0,0,0,1,0,0,4,0,9.0
KATI,2021,39,11,0.7272727272727273,0.18181818181818182,0.09090909090909091,0.2727272727272727,0.45454545454545453,0.09090909090909091,0.0,10,0,1,3,7,-6.14320301,39.32315878,1,0,0,0,3,0,1,1,0,9.0
KATI,2021,40,14,0.35714285714285715,0.6428571428571429,0.14285714285714285,0.2857142857142857,0.21428571428571427,0.35714285714285715,0.0,12,0,2,1,11,-6.169380378571428,39.31731865,4,0,0,1,1,0,1,2,0,9.0
KATI,2021,41,26,0.5769230769230769,0.4230769230769231,0.23076923076923078,0.2692307692307692,0.34615384615384615,0.15384615384615385,0.0,22,0,4,2,20,-6.167699530769231,39.33990798076923,7,0,0,0,2,0,0,5,0,10.0
KATI,2021,42,10,0.7,0.3,0.2,0.0,0.6,0.2,0.0,10,0,0,6,4,-6.12272147,39.32205227,0,0,0,0,3,0,0,1,0,10.0
KATI,2021,43,12,0.3333333333333333,0.6666666666666666,0.0,0.4166666666666667,0.25,0.16666666666666666,0.16666666666666666,9,0,3,1,8,-6.140588824999999,39.35998996666667,3,0,0,0,2,0,0,3,0,10.0
KATI,2021,44,18,0.6666666666666666,0.3333333333333333,0.2222222222222222,0.1111111111111111,0.4444444444444444,0.16666666666666666,0.05555555555555555,16,0,2,5,11,-6.1477921166666665,39.32839203333333,2,0,0,1,4,0,0,2,0,10.0
KATI,2021,45,16,0.5625,0.4375,0.0625,0.1875,0.5,0.125,0.125,14,0,2,3,11,-6.2134644,39.345839242857146,3,0,0,0,5,0,0,1,0,11.0
KATI,2021,46,10,0.6,0.3,0.1,0.1,0.4,0.3,0.0,9,0,1,2,7,-6.186916,39.37511773333333,1,0,0,0,5,0,0,1,0,11.0
KATI,2021,47,8,0.125,0.5,0.25,0.0,0.25,0.125,0.0,7,0,1,4,3,-6.1406541599999995,39.34594954,0,0,0,0,1,0,0,0,0,11.0
KATI,2021,48,5,0.4,0.6,0.4,0.0,0.4,0.0,0.2,4,0,1,0,4,-6.18139782,39.37030962,1,0,0,0,0,0,0,0,0,11.0
KATI,2021,49,6,0.3333333333333333,0.6666666666666666,0.0,0.0,0.3333333333333333,0.5,0.16666666666666666,6,0,0,0,6,-6.10468964,39.31377936,0,0,0,0,1,0,1,1,0,12.0
KATI,2021,50,11,0.45454545454545453,0.5454545454545454,0.09090909090909091,0.09090909090909091,0.5454545454545454,0.18181818181818182,0.09090909090909091,11,0,0,4,7,-6.1980626800000005,39.33241569,0,0,0,0,3,0,0,1,0,12.0
KATI,2021,51,7,0.42857142857142855,0.42857142857142855,0.2857142857142857,0.14285714285714285,0.0,0.14285714285714285,0.14285714285714285,7,0,0,2,5,-6.141666825,39.30065785,1,0,0,0,0,0,0,1,0,12.0
KATI,2021,52,11,0.8181818181818182,0.18181818181818182,0.0,0.0,0.7272727272727273,0.2727272727272727,0.0,11,0,0,2,9,-6.13155217,39.33552581,0,0,0,0,5,0,2,1,0,12.0
KATI,2022,1,2,0.5,0.5,0.0,0.0,1.0,0.0,0.0,2,0,0,1,1,-6.1461499,39.2716227,1,0,0,0,0,0,0,0,0,1.0
KATI,2022,2,28,0.7857142857142857,0.21428571428571427,0.07142857142857142,0.17857142857142858,0.4642857142857143,0.21428571428571427,0.07142857142857142,24,0,4,4,20,-6.166660213043478,39.32865935652174,6,0,0,2,2,0,0,1,0,1.0
KATI,2022,3,38,0.47368421052631576,0.5263157894736842,0.10526315789473684,0.39473684210526316,0.3684210526315789,0.07894736842105263,0.05263157894736842,28,1,10,6,21,-6.13201883125,39.324081525000004,14,0,0,0,4,0,0,5,0,1.0
KATI,2022,4,24,0.5416666666666666,0.4583333333333333,0.16666666666666666,0.4166666666666667,0.2916666666666667,0.125,0.0,19,0,5,4,15,-6.174925639130435,39.31610490869565,11,0,0,0,2,0,0,2,0,1.0
KATI,2022,5,26,0.38461538461538464,0.5384615384615384,0.11538461538461539,0.15384615384615385,0.5,0.15384615384615385,0.0,17,0,9,4,13,-6.192623541666666,39.382390020833334,5,0,0,1,5,0,0,0,0,1.0
KATI,2022,6,15,0.4,0.4666666666666667,0.2,0.06666666666666667,0.26666666666666666,0.13333333333333333,0.2,15,0,0,3,12,-6.210421,39.32309573846154,1,0,0,0,3,0,0,4,0,2.0
KATI,2022,7,16,0.75,0.25,0.125,0.375,0.4375,0.0,0.0625,13,0,3,4,9,-6.146050364285714,39.326279635714286,5,0,0,0,0,0,0,1,0,2.0
KATI,2022,8,16,0.5,0.5,0.25,0.25,0.5,0.0,0.0,12,0,4,1,11,-6.12539380625,39.3148265625,4,0,0,0,4,0,0,2,0,2.0
KATI,2022,9,14,0.42857142857142855,0.5714285714285714,0.14285714285714285,0.14285714285714285,0.6428571428571429,0.07142857142857142,0.0,11,0,3,1,10,-6.136004450000001,39.36450320833333,2,0,0,0,3,0,2,3,0,2.0
KATI,2022,10,11,0.6363636363636364,0.36363636363636365,0.18181818181818182,0.09090909090909091,0.5454545454545454,0.09090909090909091,0.09090909090909091,10,0,1,3,7,-6.1234705875,39.3378571125,1,0,0,0,0,1,0,3,0,3.0
KATI,2022,11,15,0.6,0.4,0.2,0.13333333333333333,0.4666666666666667,0.13333333333333333,0.06666666666666667,12,0,3,2,10,-6.133320153846153,39.331678230769235,1,0,0,0,2,0,0,2,0,3.0
KATI,2022,12,11,0.6363636363636364,0.2727272727272727,0.09090909090909091,0.0,0.5454545454545454,0.2727272727272727,0.0,11,0,0,1,10,-6.196145633333334,39.352541300000006,0,0,0,1,2,0,0,2,0,3.0
KATI,2022,13,18,0.6111111111111112,0.2777777777777778,0.1111111111111111,0.1111111111111111,0.4444444444444444,0.1111111111111111,0.05555555555555555,13,0,5,3,10,-6.14852456,39.34499498,2,0,0,0,5,0,0,2,0,3.0
KATI,2022,14,11,0.5454545454545454,0.2727272727272727,0.18181818181818182,0.0,0.36363636363636365,0.09090909090909091,0.18181818181818182,10,0,1,5,5,-6.155614533333333,39.31181208888889,0,0,0,0,2,0,0,1,0,4.0
KATI,2022,15,10,0.7,0.3,0.1,0.1,0.6,0.1,0.1,10,0,0,3,7,-6.173760533333333,39.342836500000004,2,0,0,0,3,0,0,1,0,4.0
KATI,2022,16,11,0.6363636363636364,0.18181818181818182,0.0,0.18181818181818182,0.45454545454545453,0.18181818181818182,0.0,9,0,2,1,8,-6.165164575,39.345016475,2,0,0,0,2,0,0,2,0,4.0
KATI,2022,17,17,0.4117647058823529,0.5294117647058824,0.35294117647058826,0.11764705882352941,0.47058823529411764,0.0,0.0,12,0,5,2,10,-6.154387807142856,39.33166607857142,1,0,0,0,2,0,0,3,0,4.0
KATI,2022,18,14,0.5,0.35714285714285715,0.21428571428571427,0.2857142857142857,0.2857142857142857,0.07142857142857142,0.0,11,0,3,3,7,-6.176304818181818,39.33126382727273,3,0,0,0,3,1,0,0,0,4.0
KATI,2022,19,8,0.5,0.5,0.0,0.125,0.625,0.125,0.125,8,0,0,0,8,-6.13954265,39.341868775,0,0,0,0,4,0,0,2,0,5.0
KATI,2022,20,13,0.6923076923076923,0.23076923076923078,0.0,0.07692307692307693,0.6153846153846154,0.23076923076923078,0.0,13,0,0,4,9,-6.1257845799999995,39.322252909999996,0,0,0,1,1,0,3,1,0,5.0
KATI,2022,21,20,0.6,0.3,0.15,0.1,0.4,0.15,0.1,19,0,1,2,17,-6.154724958823529,39.329569794117646,4,0,0,0,4,0,0,3,0,5.0
KATI,2022,22,18,0.5,0.5,0.2222222222222222,0.2222222222222222,0.4444444444444444,0.1111111111111111,0.0,16,0,2,4,12,-6.143209726666667,39.34743167333333,3,0,0,0,4,0,0,3,0,5.0
KATI,2022,23,18,0.5,0.3888888888888889,0.05555555555555555,0.16666666666666666,0.3888888888888889,0.2222222222222222,0.0,17,0,1,3,14,-6.165527607142857,39.34556666428572,4,0,0,0,4,0,0,0,0,5.0
KATI,2022,24,9,0.7777777777777778,0.1111111111111111,0.1111111111111111,0.0,0.2222222222222222,0.4444444444444444,0.1111111111111111,9,0,0,4,5,-6.118338266666666,39.301855466666666,0,0,0,1,1,0,0,0,0,6.0
KATI,2022,25,22,0.36363636363636365,0.6363636363636364,0.045454545454545456,0.2727272727272727,0.45454545454545453,0.18181818181818182,0.045454545454545456,16,0,6,4,12,-6.1765545500000005,39.33548748,6,0,0,0,2,0,1,4,0,6.0
KATI,2022,26,33,0.3939393939393939,0.5151515151515151,0.24242424242424243,0.18181818181818182,0.2727272727272727,0.15151515151515152,0.06060606060606061,28,0,5,8,20,-6.171265776923077,39.35592335,7,0,0,2,6,2,0,1,0,6.0
KATI,2022,27,16,0.375,0.5,0.1875,0.125,0.3125,0.1875,0.0625,14,0,2,2,10,-6.129951990909091,39.33239519090909,2,0,0,0,3,0,1,2,0,6.0
KATI,2022,28,28,0.5357142857142857,0.32142857142857145,0.21428571428571427,0.03571428571428571,0.5,0.07142857142857142,0.03571428571428571,26,0,2,2,21,-6.172921783333333,39.310779305555556,1,1,0,1,2,1,2,3,0,7.0
KATI,2022,29,16,0.375,0.625,0.125,0.125,0.5,0.25,0.0,11,0,5,3,7,-6.173423353333334,39.32885878,3,0,0,1,4,0,0,2,0,7.0
KATI,2022,30,6,0.6666666666666666,0.3333333333333333,0.16666666666666666,0.3333333333333333,0.16666666666666666,0.16666666666666666,0.16666666666666666,5,0,1,0,5,-6.1942137,39.352580100000004,2,0,0,0,0,2,0,0,0,7.0
KATI,2022,31,6,0.8333333333333334,0.16666666666666666,0.3333333333333333,0.16666666666666666,0.5,0.0,0.0,5,0,1,0,5,-6.0731477400000005,39.315644580000004,2,0,0,0,0,0,0,1,0,7.0
KATI,2022,32,8,0.625,0.375,0.125,0.0,0.125,0.5,0.25,8,0,0,2,6,-6.159472714285714,39.337563257142854,0,0,0,0,2,0,0,2,0,8.0
KATI,2022,33,10,0.4,0.6,0.2,0.2,0.2,0.1,0.3,9,0,1,0,8,-6.191834925,39.3674029875,2,0,0,1,3,0,0,0,0,8.0
KATI,2022,34,5,1.0,0.0,0.2,0.0,0.6,0.2,0.0,5,0,0,0,3,-6.234387566666666,39.338564166666664,0,0,0,0,1,0,0,0,0,8.0
KATI,2022,35,12,0.3333333333333333,0.6666666666666666,0.25,0.16666666666666666,0.5,0.08333333333333333,0.0,8,0,4,0,7,-6.139545711111111,39.38277576666667,1,0,0,0,0,0,0,2,0,8.0
KATI,2022,36,14,0.6428571428571429,0.35714285714285715,0.07142857142857142,0.2857142857142857,0.5,0.0,0.14285714285714285,13,0,1,2,9,-6.175348445454546,39.34114446363637,3,0,0,0,2,0,0,1,0,9.0
KATI,2022,37,10,0.7,0.3,0.1,0.2,0.5,0.2,0.0,10,0,0,0,8,-6.1868019571428565,39.337012914285715,1,0,0,0,1,0,0,0,0,9.0
KATI,2022,38,10,0.4,0.6,0.2,0.2,0.4,0.2,0.0,8,0,2,1,6,-6.1715996111111115,39.338571599999995,1,0,0,0,4,0,0,0,0,9.0
KATI,2022,39,8,0.5,0.5,0.5,0.125,0.375,0.0,0.0,5,0,3,1,4,-6.1716343,39.3063479,0,0,0,0,1,0,0,1,0,9.0
KATI,2022,40,8,0.5,0.5,0.125,0.25,0.375,0.125,0.125,7,0,1,1,5,-6.141901900000001,39.327548,0,0,0,0,2,0,0,1,0,9.0
KATI,2022,41,3,0.6666666666666666,0.3333333333333333,0.3333333333333333,0.0,0.3333333333333333,0.3333333333333333,0.0,2,0,1,0,2,-6.1335953,39.3309788,0,0,0,0,0,0,0,0,0,10.0
KATI,2022,42,6,1.0,0.0,0.6666666666666666,0.0,0.16666666666666666,0.16666666666666666,0.0,4,0,2,0,4,-6.2024903,39.32175038333333,0,0,0,1,1,0,0,0,0,10.0
KATI,2022,43,7,0.7142857142857143,0.2857142857142857,0.14285714285714285,0.14285714285714285,0.5714285714285714,0.0,0.14285714285714285,7,0,0,1,6,-6.1808649,39.34520178571428,0,0,0,0,3,0,0,0,0,10.0
KATI,2022,44,6,1.0,0.0,0.3333333333333333,0.0,0.3333333333333333,0.0,0.3333333333333333,6,0,0,1,5,-6.1174417000000005,39.3293592,0,0,0,0,2,0,0,0,0,10.0
KATI,2022,45,8,0.25,0.75,0.125,0.25,0.375,0.0,0.25,7,0,1,1,6,-6.1221034625,39.3289580375,0,0,0,0,2,0,0,1,0,10.0
KATI,2022,46,11,0.36363636363636365,0.6363636363636364,0.0,0.09090909090909091,0.6363636363636364,0.18181818181818182,0.09090909090909091,11,0,0,0,11,-6.139472322222222,39.37836344444444,2,0,0,0,4,0,0,1,0,11.0
KATI,2022,47,6,0.6666666666666666,0.3333333333333333,0.16666666666666666,0.3333333333333333,0.3333333333333333,0.16666666666666666,0.0,5,0,1,0,4,-6.0788065,39.32781955,1,0,0,0,1,0,1,0,0,11.0
KATI,2022,48,11,0.5454545454545454,0.45454545454545453,0.09090909090909091,0.45454545454545453,0.36363636363636365,0.09090909090909091,0.0,10,0,1,2,6,-6.130292916666666,39.33608545,2,0,0,0,1,0,0,0,0,11.0
KATI,2022,49,14,0.5,0.5,0.07142857142857142,0.42857142857142855,0.35714285714285715,0.14285714285714285,0.0,10,0,4,0,10,-6.127124435714286,39.31182821428571,6,0,0,0,2,0,1,0,0,12.0
KATI,2022,50,17,0.17647058823529413,0.8235294117647058,0.17647058823529413,0.11764705882352941,0.4117647058823529,0.29411764705882354,0.0,11,0,6,0,9,-6.1050804,39.2968285,2,0,0,0,5,0,1,3,0,12.0
KATI,2022,51,14,0.7857142857142857,0.21428571428571427,0.14285714285714285,0.14285714285714285,0.6428571428571429,0.07142857142857142,0.0,13,0,1,0,13,-6.1498184,39.330121016666666,3,0,0,0,2,0,0,0,0,12.0
KATI,2022,52,14,0.7142857142857143,0.2857142857142857,0.14285714285714285,0.35714285714285715,0.42857142857142855,0.07142857142857142,0.0,13,0,1,0,11,-6.161894063636364,39.32700873636364,5,0,0,0,4,0,0,0,0,12.0
KATI,2023,1,20,0.25,0.75,0.3,0.15,0.2,0.3,0.05,15,0,5,2,13,-6.13886345,39.325586975,4,0,0,0,2,0,0,3,0,1.0
KATI,2023,2,20,0.55,0.45,0.15,0.35,0.35,0.1,0.05,16,0,4,5,10,-6.15433520625,39.3001740875,5,0,0,0,2,0,0,2,0,1.0
KATI,2023,3,16,0.5625,0.4375,0.125,0.125,0.5,0.25,0.0,14,0,2,1,13,-6.150323093333333,39.333995693333335,1,0,0,0,6,0,0,3,0,1.0
KATI,2023,4,19,0.6842105263157895,0.3157894736842105,0.05263157894736842,0.21052631578947367,0.47368421052631576,0.15789473684210525,0.10526315789473684,19,0,0,5,14,-6.142028533333333,39.320280813333326,4,0,0,0,4,2,0,1,0,1.0
KATI,2023,5,17,0.5294117647058824,0.47058823529411764,0.17647058823529413,0.17647058823529413,0.5294117647058824,0.0,0.11764705882352941,13,0,4,3,10,-6.166492605882353,39.3149699882353,4,0,0,0,0,0,3,0,0,2.0
KATI,2023,6,22,0.7727272727272727,0.22727272727272727,0.045454545454545456,0.0,0.6818181818181818,0.22727272727272727,0.045454545454545456,17,0,5,5,10,-6.140502255555556,39.33364821111111,1,0,0,1,3,0,0,2,0,2.0
KATI,2023,7,17,0.47058823529411764,0.5294117647058824,0.0,0.23529411764705882,0.4117647058823529,0.11764705882352941,0.23529411764705882,14,0,3,1,13,-6.1654071625,39.30890469375,5,0,0,1,3,0,0,4,0,2.0
KATI,2023,8,11,0.7272727272727273,0.2727272727272727,0.0,0.2727272727272727,0.45454545454545453,0.2727272727272727,0.0,11,0,0,2,9,-6.163899450000001,39.306651790000004,3,0,0,0,0,0,0,2,0,2.0
KATI,2023,9,11,0.6363636363636364,0.36363636363636365,0.0,0.0,0.8181818181818182,0.0,0.18181818181818182,11,0,0,3,8,-6.163880572727273,39.337572927272724,0,0,0,1,6,0,0,1,0,3.0
KATI,2023,10,9,0.7777777777777778,0.2222222222222222,0.1111111111111111,0.1111111111111111,0.4444444444444444,0.2222222222222222,0.1111111111111111,9,0,0,3,6,-6.2038657125,39.3453576875,1,0,0,0,4,0,0,0,0,3.0
KATI,2023,11,14,0.5714285714285714,0.42857142857142855,0.35714285714285715,0.2857142857142857,0.07142857142857142,0.2857142857142857,0.0,9,0,5,2,7,-6.166961381818182,39.30942902727273,3,0,0,0,1,0,0,1,0,3.0
KATI,2023,12,13,0.6153846153846154,0.38461538461538464,0.0,0.0,0.5384615384615384,0.38461538461538464,0.07692307692307693,10,0,3,3,6,-6.1182568375,39.3145547375,0,0,0,0,3,0,0,2,0,3.0
KATI,2023,13,5,0.6,0.4,0.2,0.2,0.4,0.2,0.0,5,0,0,1,4,-6.16311635,39.3507368,0,0,0,0,0,0,0,1,0,3.0
KATI,2023,14,1,0.0,1.0,0.0,0.0,1.0,0.0,0.0,1,0,0,0,1,-6.1195161,39.2890882,0,0,0,0,0,0,0,1,0,4.0
KATI,2023,15,8,0.5,0.5,0.125,0.125,0.5,0.25,0.0,7,0,1,1,6,-6.23748100625,39.37151549166666,2,0,0,0,1,2,0,2,0,4.0
KATI,2023,16,9,0.6666666666666666,0.3333333333333333,0.0,0.2222222222222222,0.3333333333333333,0.4444444444444444,0.0,9,0,0,3,6,-6.11877485,39.343819266666664,1,0,0,1,4,0,0,0,0,4.0
KATI,2023,17,8,0.75,0.25,0.125,0.0,0.25,0.375,0.25,8,0,0,0,8,-6.1181404,39.3380661125,0,0,0,1,3,0,0,1,0,4.0
KATI,2023,18,16,0.625,0.375,0.0625,0.125,0.625,0.125,0.0625,16,0,0,2,14,-6.182981553333334,39.33960628,3,0,0,0,3,1,2,1,0,5.0
KATI,2023,19,19,0.5789473684210527,0.42105263157894735,0.05263157894736842,0.10526315789473684,0.47368421052631576,0.2631578947368421,0.10526315789473684,18,0,1,2,16,-6.171511716666667,39.33611837222222,2,0,0,1,4,0,2,3,0,5.0
KATI,2023,20,18,0.7222222222222222,0.2777777777777778,0.16666666666666666,0.2777777777777778,0.3333333333333333,0.16666666666666666,0.05555555555555555,15,0,3,1,14,-6.20403163125,39.34068308125,5,0,0,0,3,1,0,2,0,5.0
KATI,2023,21,31,0.5161290322580645,0.4838709677419355,0.03225806451612903,0.16129032258064516,0.3870967741935484,0.25806451612903225,0.16129032258064516,26,0,5,7,16,-6.192150988888888,39.35888677430555,4,0,0,1,7,0,1,4,0,5.0
KATI,2023,22,17,0.6470588235294118,0.35294117647058826,0.17647058823529413,0.11764705882352941,0.35294117647058826,0.35294117647058826,0.0,15,0,2,3,12,-6.187809853333333,39.346953740000004,0,0,0,0,2,2,0,3,0,5.0
KATI,2023,23,35,0.6,0.4,0.17142857142857143,0.05714285714285714,0.42857142857142855,0.2,0.14285714285714285,27,0,8,2,25,-6.192087261290323,39.34289571290323,4,0,0,0,6,2,3,5,0,6.0
KATI,2023,24,30,0.6333333333333333,0.36666666666666664,0.06666666666666667,0.23333333333333334,0.5666666666666667,0.03333333333333333,0.1,26,0,4,6,20,-6.213053169230769,39.346622303846154,8,0,0,0,7,0,2,1,0,6.0
KATI,2023,25,37,0.5945945945945946,0.40540540540540543,0.02702702702702703,0.21621621621621623,0.4594594594594595,0.2972972972972973,0.0,34,0,3,1,33,-6.176097291666667,39.355436677777774,9,0,0,3,7,2,4,3,0,6.0
KATI,2023,26,28,0.6428571428571429,0.35714285714285715,0.14285714285714285,0.17857142857142858,0.21428571428571427,0.21428571428571427,0.25,24,0,4,4,20,-6.191507685714286,39.3577933047619,5,0,0,0,4,3,0,0,0,6.0
KATI,2023,27,17,0.47058823529411764,0.5294117647058824,0.11764705882352941,0.058823529411764705,0.7647058823529411,0.0,0.058823529411764705,17,0,0,5,12,-6.18615472,39.31882386666667,2,0,0,1,5,0,1,1,0,7.0
KATI,2023,28,33,0.48484848484848486,0.5151515151515151,0.09090909090909091,0.12121212121212122,0.6060606060606061,0.15151515151515152,0.030303030303030304,29,0,4,4,25,-6.197498725,39.35697148928572,3,0,0,2,6,0,3,5,0,7.0
KATI,2023,29,25,0.64,0.36,0.12,0.16,0.36,0.12,0.24,22,0,3,3,19,-6.159007515,39.330140855,1,0,0,2,4,1,2,1,0,7.0
KATI,2023,30,33,0.5757575757575758,0.42424242424242425,0.15151515151515152,0.15151515151515152,0.42424242424242425,0.24242424242424243,0.030303030303030304,25,0,8,3,21,-6.182573296551724,39.328832920689656,4,0,0,2,8,0,3,3,0,7.0
KATI,2023,31,34,0.5882352941176471,0.4117647058823529,0.058823529411764705,0.14705882352941177,0.5882352941176471,0.20588235294117646,0.0,28,0,6,4,23,-6.165813361538462,39.34779372307692,4,0,0,3,3,2,2,5,0,8.0
KATI,2023,32,29,0.5862068965517241,0.41379310344827586,0.0,0.034482758620689655,0.41379310344827586,0.3448275862068966,0.20689655172413793,28,0,1,5,23,-6.183622308,39.33666664,2,0,0,2,10,1,0,5,0,8.0
KATI,2023,33,28,0.6071428571428571,0.39285714285714285,0.14285714285714285,0.07142857142857142,0.6071428571428571,0.14285714285714285,0.03571428571428571,23,0,5,1,22,-6.152082906666666,39.34966396666667,1,0,0,1,7,1,0,2,0,8.0
KATI,2023,34,24,0.5833333333333334,0.4166666666666667,0.08333333333333333,0.125,0.375,0.3333333333333333,0.08333333333333333,22,0,2,3,18,-6.1911959588235295,39.34577374705882,3,0,0,1,3,0,2,4,0,8.0
KATI,2023,35,14,0.7857142857142857,0.21428571428571427,0.14285714285714285,0.0,0.42857142857142855,0.2857142857142857,0.14285714285714285,12,0,2,0,11,-6.144931241666666,39.358326758333334,1,0,0,1,7,0,0,0,0,8.0
KATI,2023,36,16,0.625,0.375,0.0,0.25,0.4375,0.125,0.1875,16,0,0,2,14,-6.152135464285714,39.334255985714286,1,0,0,0,5,0,1,2,0,9.0
KATI,2023,37,14,0.5714285714285714,0.42857142857142855,0.14285714285714285,0.07142857142857142,0.5,0.14285714285714285,0.14285714285714285,11,0,3,2,9,-6.163296676923077,39.34254604615384,2,0,0,1,2,0,1,1,0,9.0
KATI,2023,38,12,0.5833333333333334,0.4166666666666667,0.16666666666666666,0.0,0.5,0.16666666666666666,0.16666666666666666,11,0,1,1,9,-6.19602855,39.3316893625,1,0,0,1,0,0,0,2,0,9.0
KATI,2023,39,7,0.5714285714285714,0.42857142857142855,0.0,0.14285714285714285,0.2857142857142857,0.2857142857142857,0.2857142857142857,7,0,0,0,7,-6.18430368,39.36967262,0,0,0,1,2,0,0,1,0,9.0
KATI,2023,40,16,0.625,0.375,0.1875,0.125,0.3125,0.25,0.125,15,0,1,0,15,-6.14427599375,39.3538425125,3,0,0,4,2,1,1,1,0,10.0
KATI,2023,41,32,0.40625,0.59375,0.15625,0.15625,0.53125,0.125,0.03125,22,0,10,4,17,-6.15997205909091,39.350849236363636,4,0,0,1,2,0,2,4,0,10.0
KATI,2023,42,11,0.6363636363636364,0.36363636363636365,0.09090909090909091,0.0,0.7272727272727273,0.0,0.18181818181818182,11,0,0,2,9,-6.11513875,39.34208973,1,1,0,1,2,0,0,2,0,10.0
KATI,2023,43,17,0.4117647058823529,0.5882352941176471,0.058823529411764705,0.17647058823529413,0.35294117647058826,0.35294117647058826,0.058823529411764705,16,0,1,2,14,-6.156323714285714,39.331165657142854,2,0,0,2,2,0,2,5,0,10.0
KATI,2023,44,17,0.5882352941176471,0.4117647058823529,0.058823529411764705,0.058823529411764705,0.35294117647058826,0.23529411764705882,0.29411764705882354,15,0,2,6,8,-6.1638225,39.33145173636364,0,0,0,1,4,0,1,1,0,10.0
KATI,2023,45,21,0.3333333333333333,0.6666666666666666,0.09523809523809523,0.14285714285714285,0.38095238095238093,0.23809523809523808,0.14285714285714285,19,0,2,7,11,-6.138644427777778,39.326431222222226,3,0,0,2,2,0,0,4,0,11.0
KATI,2023,46,20,0.55,0.45,0.0,0.15,0.35,0.35,0.15,19,0,1,7,12,-6.14338259375,39.3303525125,2,0,0,4,3,0,1,4,0,11.0
KATI,2023,47,22,0.6818181818181818,0.3181818181818182,0.045454545454545456,0.045454545454545456,0.5909090909090909,0.09090909090909091,0.22727272727272727,21,0,1,7,13,-6.172165676470589,39.3245054,3,0,0,4,3,0,1,1,0,11.0
KATI,2023,48,22,0.7272727272727273,0.2727272727272727,0.0,0.22727272727272727,0.5909090909090909,0.13636363636363635,0.045454545454545456,19,0,3,3,15,-6.18569444375,39.32310995,4,0,0,0,5,0,1,0,0,11.0
KATI,2023,49,35,0.8,0.2,0.0,0.17142857142857143,0.42857142857142855,0.14285714285714285,0.2571428571428571,34,0,1,13,19,-6.178604314285714,39.32886478571429,7,1,0,5,0,0,1,2,0,12.0
KATI,2023,50,54,0.7407407407407407,0.25925925925925924,0.07407407407407407,0.2037037037037037,0.37037037037037035,0.2962962962962963,0.05555555555555555,47,0,7,7,33,-6.135535978048781,39.31315521219512,9,0,0,9,3,0,1,4,0,12.0
KATI,2023,51,111,0.6576576576576577,0.34234234234234234,0.009009009009009009,0.2882882882882883,0.36936936936936937,0.25225225225225223,0.08108108108108109,104,0,7,19,62,-6.165773098734177,39.32518052151899,27,0,0,9,9,0,4,8,0,12.0
KATI,2023,52,90,0.6666666666666666,0.3333333333333333,0.07777777777777778,0.14444444444444443,0.4666666666666667,0.18888888888888888,0.12222222222222222,82,0,8,20,41,-6.1635338796875,39.326101671875,17,0,0,3,6,0,6,8,0,12.0
KASKAZINI A,2018,1,12,0.5833333333333334,0.4166666666666667,0.0,0.3333333333333333,0.3333333333333333,0.16666666666666666,0.16666666666666666,9,0,3,2,7,-5.87106822,39.29750481,0,0,0,0,0,0,0,0,0,1.0
KASKAZINI A,2018,2,6,0.6666666666666666,0.3333333333333333,0.0,0.3333333333333333,0.6666666666666666,0.0,0.0,6,0,0,1,5,-5.87329202,39.31481558,0,0,0,0,0,0,0,0,0,1.0
KASKAZINI A,2018,3,16,0.6875,0.3125,0.0,0.5,0.25,0.125,0.125,14,0,2,2,12,-5.8216322666666676,39.30827801666667,0,0,0,0,0,0,0,0,0,1.0
KASKAZINI A,2018,4,9,0.3333333333333333,0.6666666666666666,0.0,0.2222222222222222,0.5555555555555556,0.2222222222222222,0.0,8,0,1,0,8,-5.887431985714286,39.290908928571426,0,0,0,0,0,0,0,0,0,1.0
KASKAZINI A,2018,5,5,0.4,0.4,0.0,0.0,0.8,0.0,0.0,5,0,0,0,5,-5.882854925,39.32056155,0,0,0,0,0,0,0,0,0,2.0
KASKAZINI A,2018,6,5,0.4,0.6,0.0,0.2,0.2,0.4,0.2,4,0,1,0,4,-5.87281084,39.28793044,0,0,0,0,0,0,0,0,0,2.0
KASKAZINI A,2018,7,3,0.6666666666666666,0.3333333333333333,0.3333333333333333,0.0,0.6666666666666666,0.0,0.0,3,0,0,0,3,-5.870986966666667,39.3022255,0,0,0,0,0,0,0,0,0,2.0
KASKAZINI A,2018,8,3,0.6666666666666666,0.3333333333333333,0.0,0.0,0.6666666666666666,0.3333333333333333,0.0,2,0,1,1,1,-5.7594419666666665,39.31416923333333,0,0,0,0,0,0,0,0,0,2.0
KASKAZINI A,2018,9,6,0.6666666666666666,0.16666666666666666,0.0,0.0,0.6666666666666666,0.0,0.16666666666666666,6,0,0,1,5,-5.912212739999999,39.27730722,0,0,0,0,0,0,0,0,0,2.0
KASKAZINI A,2018,10,5,0.6,0.4,0.2,0.0,0.8,0.0,0.0,4,0,1,0,4,-5.858719880000001,39.26830838,0,0,0,0,0,0,0,0,0,3.0
KASKAZINI A,2018,11,4,0.0,0.75,0.0,0.0,0.5,0.25,0.0,4,0,0,0,4,-5.95956005,39.2440905,0,0,0,0,0,0,0,0,0,3.0
KASKAZINI A,2018,12,8,0.375,0.625,0.0,0.25,0.625,0.125,0.0,8,0,0,2,6,-5.869342628571429,39.30866231428571,0,0,0,0,0,0,0,0,0,3.0
KASKAZINI A,2018,13,4,0.75,0.25,0.5,0.0,0.5,0.0,0.0,3,0,1,2,1,-5.94460735,39.324142875,0,0,0,0,0,0,0,0,0,3.0
KASKAZINI A,2018,14,4,0.0,1.0,0.5,0.0,0.5,0.0,0.0,2,0,2,0,2,-5.97914275,39.255863825,0,0,0,0,0,0,0,0,0,4.0
KASKAZINI A,2018,15,17,0.5882352941176471,0.35294117647058826,0.17647058823529413,0.23529411764705882,0.29411764705882354,0.058823529411764705,0.17647058823529413,15,0,2,0,15,-5.91282938125,39.2801417375,0,0,0,0,0,0,0,0,0,4.0
KASKAZINI A,2018,16,9,0.5555555555555556,0.4444444444444444,0.2222222222222222,0.0,0.5555555555555556,0.2222222222222222,0.0,9,0,0,4,5,-5.800521688888889,39.285579355555555,0,0,0,0,0,0,0,0,0,4.0
KASKAZINI A,2018,17,3,0.3333333333333333,0.6666666666666666,0.0,0.3333333333333333,0.6666666666666666,0.0,0.0,3,0,0,0,3,-5.892632866666666,39.2994412,0,0,0,0,0,0,0,0,0,4.0
KASKAZINI A,2018,18,11,0.45454545454545453,0.5454545454545454,0.18181818181818182,0.09090909090909091,0.5454545454545454,0.18181818181818182,0.0,10,0,1,1,9,-5.910303590909091,39.270602136363635,0,0,0,0,0,0,0,0,0,5.0
KASKAZINI A,2018,19,15,0.6666666666666666,0.3333333333333333,0.06666666666666667,0.4,0.3333333333333333,0.06666666666666667,0.13333333333333333,15,0,0,1,14,-5.899416386666667,39.28832829333333,0,0,0,0,0,0,0,0,0,5.0
KASKAZINI A,2018,20,24,0.8333333333333334,0.125,0.0,0.08333333333333333,0.5833333333333334,0.20833333333333334,0.08333333333333333,23,0,1,2,21,-5.935158504761905,39.29232664761905,0,0,0,0,0,0,0,0,0,5.0
KASKAZINI A,2018,21,17,0.7647058823529411,0.17647058823529413,0.058823529411764705,0.11764705882352941,0.5294117647058824,0.17647058823529413,0.058823529411764705,17,0,0,3,14,-5.862612246666667,39.304508393333336,0,0,0,0,0,0,0,0,0,5.0
KASKAZINI A,2018,22,6,1.0,0.0,0.0,0.16666666666666666,0.16666666666666666,0.6666666666666666,0.0,6,0,0,1,5,-5.809389,39.2864814,0,0,0,0,0,0,0,0,0,5.0
KASKAZINI A,2018,23,12,0.75,0.25,0.08333333333333333,0.16666666666666666,0.6666666666666666,0.08333333333333333,0.0,12,0,0,0,12,-5.8792057,39.3094453,0,0,0,0,0,0,0,0,0,6.0
KASKAZINI A,2018,24,16,0.625,0.375,0.125,0.1875,0.3125,0.375,0.0,16,0,0,6,10,-5.843678586666667,39.29403573333333,0,0,0,0,0,0,0,0,0,6.0
KASKAZINI A,2018,25,25,0.48,0.4,0.12,0.08,0.44,0.12,0.12,24,0,1,4,20,-5.893361431818182,39.29039748181818,0,0,0,0,0,0,0,0,0,6.0
KASKAZINI A,2018,26,15,0.4,0.26666666666666666,0.0,0.06666666666666667,0.4666666666666667,0.13333333333333333,0.0,15,0,0,5,10,-5.7992016444444445,39.31093211111111,0,0,0,0,0,0,0,0,0,6.0
KASKAZINI A,2018,27,18,0.6111111111111112,0.2777777777777778,0.1111111111111111,0.2222222222222222,0.4444444444444444,0.1111111111111111,0.0,17,0,1,1,16,-5.917069546666666,39.3039735,0,0,0,0,0,0,0,0,0,7.0
KASKAZINI A,2018,28,14,0.6428571428571429,0.14285714285714285,0.07142857142857142,0.21428571428571427,0.35714285714285715,0.14285714285714285,0.0,14,0,0,3,11,-5.933559114285714,39.28804232857143,0,0,0,0,0,0,0,0,0,7.0
KASKAZINI A,2018,29,16,0.6875,0.3125,0.125,0.4375,0.3125,0.125,0.0,16,0,0,1,15,-5.879111853846154,39.28689536923077,0,0,0,0,0,0,0,0,0,7.0
KASKAZINI A,2018,30,9,0.6666666666666666,0.2222222222222222,0.1111111111111111,0.2222222222222222,0.3333333333333333,0.2222222222222222,0.0,8,0,1,1,7,-5.9188568625,39.300394025,0,0,0,0,0,0,0,0,0,7.0
KASKAZINI A,2018,31,8,0.625,0.25,0.25,0.0,0.125,0.375,0.125,8,0,0,2,6,-5.847786816666667,39.28729881666667,0,0,0,0,0,0,0,0,0,7.0
KASKAZINI A,2018,32,10,0.7,0.3,0.0,0.1,0.8,0.1,0.0,10,0,0,0,10,-5.9153864625,39.2740608,0,0,0,0,0,0,0,0,0,8.0
KASKAZINI A,2018,33,18,0.6666666666666666,0.16666666666666666,0.05555555555555555,0.05555555555555555,0.5,0.16666666666666666,0.05555555555555555,18,0,0,1,16,-5.876067363636364,39.277259845454545,0,0,0,0,0,0,0,0,0,8.0
KASKAZINI A,2018,34,18,0.8333333333333334,0.1111111111111111,0.05555555555555555,0.05555555555555555,0.5,0.16666666666666666,0.16666666666666666,16,0,2,5,11,-5.86676775,39.29676345714286,0,0,0,0,0,0,0,0,0,8.0
KASKAZINI A,2018,35,0,0.0,0.0,0.0,0.0,0.0,0.0,0.0,0,0,0,0,0,0.0,0.0,0,0,0,0,0,0,0,0,0,8.0
KASKAZINI A,2018,36,7,0.8571428571428571,0.0,0.0,0.2857142857142857,0.2857142857142857,0.0,0.2857142857142857,7,0,0,1,6,-5.968050016666666,39.321484950000006,0,0,0,0,0,0,0,0,0,9.0
KASKAZINI A,2018,37,7,0.5714285714285714,0.42857142857142855,0.14285714285714285,0.0,0.7142857142857143,0.14285714285714285,0.0,7,0,0,3,4,-5.791565442857142,39.28361644285714,0,0,0,0,0,0,0,0,0,9.0
KASKAZINI A,2018,38,13,0.5384615384615384,0.46153846153846156,0.15384615384615385,0.07692307692307693,0.6153846153846154,0.15384615384615385,0.0,13,0,0,1,12,-5.9035737,39.3078887,0,0,0,0,0,0,0,0,0,9.0
KASKAZINI A,2018,39,11,0.6363636363636364,0.36363636363636365,0.09090909090909091,0.18181818181818182,0.6363636363636364,0.09090909090909091,0.0,10,0,1,1,9,-5.915592463636363,39.30183682727273,0,0,0,0,0,0,0,0,0,9.0
KASKAZINI A,2018,40,7,0.42857142857142855,0.5714285714285714,0.14285714285714285,0.0,0.8571428571428571,0.0,0.0,4,0,3,1,3,-5.8643654142857145,39.25806395714286,0,0,0,0,0,0,0,0,0,9.0
KASKAZINI A,2018,41,8,0.75,0.25,0.5,0.125,0.25,0.0,0.125,6,0,2,1,5,-5.89387285,39.293605925,0,0,0,0,0,0,0,0,0,10.0
KASKAZINI A,2018,42,7,0.8571428571428571,0.14285714285714285,0.0,0.0,0.7142857142857143,0.2857142857142857,0.0,7,0,0,2,5,-5.9129095,39.28783512857143,0,0,0,0,0,0,0,0,0,10.0
KASKAZINI A,2018,43,9,0.5555555555555556,0.4444444444444444,0.0,0.2222222222222222,0.4444444444444444,0.2222222222222222,0.1111111111111111,8,0,1,1,7,-5.874791328571428,39.30661188571428,0,0,0,0,0,0,0,0,0,10.0
KASKAZINI A,2018,44,4,0.5,0.5,0.25,0.0,0.5,0.25,0.0,3,0,1,0,3,-5.85463985,39.26136775,0,0,0,0,0,0,0,0,0,10.0
KASKAZINI A,2018,45,5,0.4,0.2,0.0,0.0,0.0,0.4,0.2,5,0,0,2,3,,,0,0,0,0,0,0,0,0,0,11.0
KASKAZINI A,2018,46,7,0.7142857142857143,0.2857142857142857,0.14285714285714285,0.0,0.2857142857142857,0.2857142857142857,0.2857142857142857,7,0,0,0,7,-5.872700133333333,39.32664913333333,0,0,0,0,0,0,0,0,0,11.0
KASKAZINI A,2018,47,10,0.6,0.4,0.0,0.0,0.7,0.3,0.0,10,0,0,1,9,-5.856139377777778,39.29809558888889,0,0,0,0,0,0,0,0,0,11.0
KASKAZINI A,2018,48,4,0.75,0.25,0.5,0.0,0.25,0.0,0.25,4,0,0,0,4,-5.914161733333334,39.255803,0,0,0,0,0,0,0,0,0,11.0
KASKAZINI A,2018,49,12,0.5,0.5,0.16666666666666666,0.08333333333333333,0.3333333333333333,0.25,0.16666666666666666,10,0,2,1,9,-5.888501627272728,39.304432954545454,0,0,0,0,0,0,0,0,0,12.0
KASKAZINI A,2018,50,11,0.5454545454545454,0.45454545454545453,0.0,0.45454545454545453,0.36363636363636365,0.09090909090909091,0.09090909090909091,8,0,3,0,8,-5.879895363636364,39.28051186363636,0,0,0,0,0,0,0,0,0,12.0
KASKAZINI A,2018,51,9,0.4444444444444444,0.5555555555555556,0.2222222222222222,0.2222222222222222,0.4444444444444444,0.1111111111111111,0.0,9,0,0,1,8,-5.854564077777778,39.28280206666667,0,0,0,0,0,0,0,0,0,12.0
KASKAZINI A,2018,52,16,0.5,0.5,0.0625,0.25,0.625,0.0625,0.0,10,0,6,0,10,-5.886693187500001,39.2737121125,0,0,0,0,0,0,0,0,0,12.0
KASKAZINI A,2019,1,5,0.6,0.4,0.2,0.0,0.6,0.0,0.2,5,0,0,0,5,-5.86920512,39.31932992,0,0,0,0,0,0,0,0,0,1.0
KASKAZINI A,2019,2,16,0.75,0.1875,0.0625,0.25,0.3125,0.25,0.0625,12,0,4,3,9,-5.85049605,39.30004566666667,0,0,0,0,0,0,0,0,0,1.0
KASKAZINI A,2019,3,5,0.8,0.2,0.0,0.4,0.6,0.0,0.0,4,0,1,2,2,-5.82092458,39.29150884,0,0,0,0,0,0,0,0,0,1.0
KASKAZINI A,2019,4,16,0.6875,0.3125,0.25,0.25,0.4375,0.0625,0.0,14,0,2,0,14,-5.861542125,39.30112134375,0,0,0,0,0,0,0,0,0,1.0
KASKAZINI A,2019,5,0,0.0,0.0,0.0,0.0,0.0,0.0,0.0,0,0,0,0,0,0.0,0.0,0,0,0,0,0,0,0,0,0,1.0
KASKAZINI A,2019,6,9,0.7777777777777778,0.2222222222222222,0.1111111111111111,0.2222222222222222,0.4444444444444444,0.2222222222222222,0.0,8,0,1,0,8,-5.93269035,39.2988961625,0,0,0,0,0,0,0,0,0,2.0
KASKAZINI A,2019,7,2,0.5,0.5,0.0,0.5,0.5,0.0,0.0,2,0,0,0,2,-5.9456935,39.33290015,0,0,0,0,0,0,0,0,0,2.0
KASKAZINI A,2019,8,8,0.625,0.375,0.125,0.0,0.5,0.25,0.125,8,0,0,2,6,-5.86052285,39.286639025,0,0,0,0,0,0,0,0,0,2.0
KASKAZINI A,2019,9,2,0.5,0.5,0.0,0.0,1.0,0.0,0.0,1,0,1,0,1,-5.92402695,39.2969511,0,0,0,0,0,0,0,0,0,2.0
KASKAZINI A,2019,10,2,0.0,1.0,0.0,0.0,0.0,1.0,0.0,2,0,0,0,2,-5.841278,39.2683806,0,0,0,0,0,0,0,0,0,3.0
KASKAZINI A,2019,11,3,0.6666666666666666,0.3333333333333333,0.3333333333333333,0.0,0.0,0.3333333333333333,0.3333333333333333,3,0,0,0,3,-5.906804766666667,39.29442246666667,0,0,0,0,0,0,0,0,0,3.0
KASKAZINI A,2019,12,3,1.0,0.0,0.0,0.0,0.6666666666666666,0.3333333333333333,0.0,3,0,0,1,2,-5.9268518666666665,39.26078793333333,0,0,0,0,0,0,0,0,0,3.0
KASKAZINI A,2019,13,11,0.6363636363636364,0.36363636363636365,0.09090909090909091,0.0,0.45454545454545453,0.36363636363636365,0.09090909090909091,11,0,0,2,9,-5.858149018181819,39.276725636363636,0,0,0,0,0,0,0,0,0,3.0
KASKAZINI A,2019,14,2,0.5,0.5,0.0,0.0,0.5,0.5,0.0,1,0,1,0,1,-5.90828595,39.2634464,0,0,0,0,0,0,0,0,0,4.0
KASKAZINI A,2019,15,3,1.0,0.0,0.0,0.3333333333333333,0.6666666666666666,0.0,0.0,3,0,0,0,3,-5.941393333333333,39.2987909,0,0,0,0,0,0,0,0,0,4.0
KASKAZINI A,2019,16,3,0.3333333333333333,0.6666666666666666,0.3333333333333333,0.0,0.3333333333333333,0.3333333333333333,0.0,3,0,0,2,1,-5.9211579,39.3288919,0,0,0,0,0,0,0,0,0,4.0
KASKAZINI A,2019,17,1,0.0,1.0,0.0,0.0,0.0,1.0,0.0,1,0,0,0,1,,,0,0,0,0,0,0,0,0,0,4.0
KASKAZINI A,2019,18,11,0.5454545454545454,0.45454545454545453,0.18181818181818182,0.2727272727272727,0.2727272727272727,0.2727272727272727,0.0,8,0,3,1,7,-5.8747368571428575,39.27669204285714,0,0,0,0,0,0,0,0,0,5.0
KASKAZINI A,2019,19,6,0.3333333333333333,0.6666666666666666,0.3333333333333333,0.0,0.6666666666666666,0.0,0.0,6,0,0,1,5,-5.88346155,39.25865711666666,0,0,0,0,0,0,0,0,0,5.0
KASKAZINI A,2019,20,4,0.75,0.25,0.25,0.0,0.25,0.5,0.0,4,0,0,0,4,-5.851154666666666,39.29826463333333,0,0,0,0,0,0,0,0,0,5.0
KASKAZINI A,2019,21,2,0.5,0.0,0.0,0.0,0.0,0.5,0.0,2,0,0,1,1,-5.9295628,39.2328253,0,0,0,0,0,0,0,0,0,5.0
KASKAZINI A,2019,22,6,0.16666666666666666,0.5,0.0,0.0,0.16666666666666666,0.3333333333333333,0.16666666666666666,6,0,0,4,2,-5.874593233333333,39.300974133333334,0,0,0,0,0,0,0,0,0,5.0
KASKAZINI A,2019,23,4,0.5,0.5,0.0,0.0,0.75,0.0,0.25,4,0,0,3,1,-5.813782775,39.27323625,0,0,0,0,0,0,0,0,0,6.0
KASKAZINI A,2019,24,7,0.5714285714285714,0.42857142857142855,0.0,0.0,0.5714285714285714,0.42857142857142855,0.0,7,0,0,2,5,-5.8466437,39.299357914285714,0,0,0,0,0,0,0,0,0,6.0
KASKAZINI A,2019,25,15,0.5333333333333333,0.4,0.06666666666666667,0.26666666666666666,0.13333333333333333,0.3333333333333333,0.13333333333333333,11,0,4,3,8,-5.795936457142857,39.29375960714286,0,0,0,0,0,0,0,0,0,6.0
KASKAZINI A,2019,26,10,0.5,0.1,0.0,0.0,0.5,0.1,0.0,10,0,0,2,7,-5.89891246,39.2905939,0,0,0,0,0,0,0,0,0,6.0
KASKAZINI A,2019,27,25,0.44,0.12,0.04,0.04,0.2,0.2,0.08,25,0,0,8,17,-5.913162499999999,39.28689895714285,0,0,0,0,0,0,0,0,0,7.0
KASKAZINI A,2019,28,13,0.5384615384615384,0.23076923076923078,0.07692307692307693,0.07692307692307693,0.46153846153846156,0.0,0.15384615384615385,13,0,0,2,11,-5.8782113375,39.2848464375,1,0,0,0,0,1,0,0,0,7.0
KASKAZINI A,2019,29,18,0.5,0.3888888888888889,0.05555555555555555,0.0,0.5,0.2222222222222222,0.16666666666666666,15,0,3,4,11,-5.85912570625,39.2797978,1,0,0,0,0,1,0,0,0,7.0
KASKAZINI A,2019,30,15,0.8666666666666667,0.13333333333333333,0.2,0.0,0.6,0.2,0.0,15,0,0,2,13,-5.894704126666666,39.27226707333333,1,0,0,0,0,5,0,0,0,7.0
KASKAZINI A,2019,31,10,0.5,0.4,0.1,0.1,0.7,0.0,0.0,9,0,1,2,7,-5.860840257142857,39.27993167142857,2,0,0,0,0,1,0,0,0,7.0
KASKAZINI A,2019,32,12,1.0,0.0,0.08333333333333333,0.0,0.5,0.08333333333333333,0.3333333333333333,12,0,0,5,7,-5.84237299090909,39.28676397272727,1,0,0,2,0,0,0,0,0,8.0
KASKAZINI A,2019,33,17,0.7647058823529411,0.17647058823529413,0.11764705882352941,0.058823529411764705,0.5882352941176471,0.17647058823529413,0.0,17,0,0,4,13,-5.83975285,39.29329653125,1,0,0,0,0,0,0,0,0,8.0
KASKAZINI A,2019,34,19,0.8421052631578947,0.15789473684210525,0.15789473684210525,0.05263157894736842,0.42105263157894735,0.3684210526315789,0.0,19,0,0,2,17,-5.895663005555556,39.29971758333333,1,0,0,0,0,1,0,0,0,8.0
KASKAZINI A,2019,35,15,0.4,0.6,0.06666666666666667,0.0,0.6666666666666666,0.2,0.06666666666666667,11,0,4,3,8,-5.887259792857143,39.278872871428575,0,0,0,0,0,0,0,0,0,8.0
KASKAZINI A,2019,36,11,0.5454545454545454,0.45454545454545453,0.09090909090909091,0.0,0.6363636363636364,0.2727272727272727,0.0,11,0,0,1,10,-5.845886372727273,39.2822061,0,0,0,0,0,0,0,0,0,9.0
KASKAZINI A,2019,37,14,0.7857142857142857,0.14285714285714285,0.14285714285714285,0.07142857142857142,0.42857142857142855,0.21428571428571427,0.14285714285714285,12,0,2,2,10,-5.870648891666668,39.26521433333333,0,0,0,0,0,3,0,0,0,9.0
KASKAZINI A,2019,38,15,0.6666666666666666,0.26666666666666666,0.4,0.06666666666666667,0.26666666666666666,0.13333333333333333,0.13333333333333333,15,0,0,2,13,-5.8832740785714295,39.26695832142857,1,0,0,0,0,2,0,0,0,9.0
KASKAZINI A,2019,39,8,0.5,0.5,0.125,0.125,0.375,0.25,0.125,8,0,0,1,7,-5.884049,39.26003478333333,1,0,0,0,0,1,0,0,0,9.0
KASKAZINI A,2019,40,7,0.5714285714285714,0.42857142857142855,0.14285714285714285,0.0,0.2857142857142857,0.42857142857142855,0.14285714285714285,6,0,1,1,5,-5.799872471428571,39.26214592857143,0,0,0,0,0,2,0,0,0,10.0
KASKAZINI A,2019,41,6,0.8333333333333334,0.16666666666666666,0.0,0.0,0.3333333333333333,0.3333333333333333,0.3333333333333333,6,0,0,1,5,-5.9311794,39.26128415,1,0,0,0,0,2,0,0,0,10.0
KASKAZINI A,2019,42,1,1.0,0.0,0.0,0.0,1.0,0.0,0.0,1,0,0,1,0,-5.8813655,39.2403701,0,0,0,0,0,1,0,0,0,10.0
KASKAZINI A,2019,43,10,0.5,0.5,0.2,0.2,0.5,0.1,0.0,10,0,0,2,8,-5.889305877777778,39.26976536666667,2,0,0,0,0,1,0,0,0,10.0
KASKAZINI A,2019,44,7,0.8571428571428571,0.0,0.14285714285714285,0.14285714285714285,0.7142857142857143,0.0,0.0,7,0,0,0,7,-5.87240148,39.258971,0,0,0,0,0,4,0,0,0,11.0
KASKAZINI A,2019,45,11,0.8181818181818182,0.18181818181818182,0.0,0.18181818181818182,0.45454545454545453,0.36363636363636365,0.0,11,0,0,4,7,-5.8589424999999995,39.27102662,3,0,0,1,0,4,0,0,0,11.0
KASKAZINI A,2019,46,6,0.5,0.5,0.0,0.0,0.3333333333333333,0.16666666666666666,0.5,6,0,0,2,4,-5.8732744,39.284095666666666,0,0,0,1,0,2,0,0,0,11.0
KASKAZINI A,2019,47,9,0.6666666666666666,0.3333333333333333,0.1111111111111111,0.0,0.4444444444444444,0.3333333333333333,0.1111111111111111,7,0,2,0,7,-5.886712488888889,39.28091808888889,0,0,0,0,0,1,0,0,0,11.0
KASKAZINI A,2019,48,19,0.5789473684210527,0.3684210526315789,0.15789473684210525,0.10526315789473684,0.631578947368421,0.05263157894736842,0.05263157894736842,19,0,0,5,14,-5.869462577777778,39.2703562,5,0,0,2,0,4,0,0,0,11.0
KASKAZINI A,2019,49,28,0.6428571428571429,0.32142857142857145,0.03571428571428571,0.17857142857142858,0.5,0.17857142857142858,0.10714285714285714,24,0,4,8,16,-5.881463556,39.27610316,4,0,0,0,0,11,0,0,0,12.0
KASKAZINI A,2019,50,36,0.6388888888888888,0.3333333333333333,0.19444444444444445,0.2222222222222222,0.4444444444444444,0.08333333333333333,0.05555555555555555,29,0,7,4,25,-5.905556070967742,39.27500840967742,5,0,0,0,0,4,0,0,0,12.0
KASKAZINI A,2019,51,42,0.6190476190476191,0.38095238095238093,0.09523809523809523,0.2619047619047619,0.35714285714285715,0.21428571428571427,0.07142857142857142,40,0,2,6,34,-5.847741705263158,39.28791897368421,12,0,0,3,0,3,0,0,0,12.0
KASKAZINI A,2019,52,43,0.627906976744186,0.32558139534883723,0.11627906976744186,0.09302325581395349,0.4883720930232558,0.2558139534883721,0.046511627906976744,40,0,3,3,37,-5.865917205405405,39.28221139189189,5,0,0,3,0,8,0,0,0,12.0
KASKAZINI A,2020,1,25,0.72,0.24,0.08,0.08,0.6,0.24,0.0,24,0,1,4,20,-5.862552340909091,39.27890897272727,4,0,0,3,0,7,0,0,0,1.0
KASKAZINI A,2020,2,24,0.7916666666666666,0.20833333333333334,0.08333333333333333,0.16666666666666666,0.5416666666666666,0.20833333333333334,0.0,19,0,5,1,18,-5.848062708695652,39.27653493478261,1,0,0,1,0,8,0,0,0,1.0
KASKAZINI A,2020,3,41,0.6341463414634146,0.36585365853658536,0.14634146341463414,0.3170731707317073,0.21951219512195122,0.2926829268292683,0.024390243902439025,34,0,7,4,30,-5.85982507027027,39.31482548918919,9,0,0,3,0,4,0,0,0,1.0
KASKAZINI A,2020,4,46,0.5217391304347826,0.43478260869565216,0.10869565217391304,0.1956521739130435,0.41304347826086957,0.2608695652173913,0.021739130434782608,45,0,1,10,35,-5.8405697075,39.289810695,9,0,0,1,0,5,0,0,0,1.0
KASKAZINI A,2020,5,47,0.3617021276595745,0.23404255319148937,0.2127659574468085,0.06382978723404255,0.425531914893617,0.23404255319148937,0.06382978723404255,46,0,1,5,41,-5.848460525,39.29232880714286,3,0,0,3,0,3,0,0,0,1.0
KASKAZINI A,2020,6,45,0.7111111111111111,0.15555555555555556,0.13333333333333333,0.06666666666666667,0.5333333333333333,0.2222222222222222,0.044444444444444446,44,0,1,14,30,-5.846133183870967,39.29584525806452,2,0,0,10,0,2,0,0,0,2.0
KASKAZINI A,2020,7,27,0.6296296296296297,0.25925925925925924,0.07407407407407407,0.1111111111111111,0.3333333333333333,0.2962962962962963,0.18518518518518517,25,0,2,3,22,-5.882774478947368,39.271050200000005,2,0,0,0,0,3,0,0,0,2.0
KASKAZINI A,2020,8,29,0.4827586206896552,0.27586206896551724,0.1724137931034483,0.2413793103448276,0.4482758620689655,0.10344827586206896,0.034482758620689655,29,0,0,6,23,-5.843619944444445,39.28913618888889,3,0,0,3,0,1,0,0,0,2.0
KASKAZINI A,2020,9,44,0.7727272727272727,0.18181818181818182,0.09090909090909091,0.11363636363636363,0.4090909090909091,0.3409090909090909,0.045454545454545456,36,0,8,6,30,-5.87044815,39.2865709825,5,0,0,1,0,7,0,0,0,2.0
KASKAZINI A,2020,10,26,0.6153846153846154,0.3076923076923077,0.11538461538461539,0.038461538461538464,0.4230769230769231,0.3076923076923077,0.11538461538461539,24,0,2,2,22,-5.882176758333333,39.288434275,0,0,0,1,0,2,0,0,0,3.0
KASKAZINI A,2020,11,15,0.6,0.4,0.06666666666666667,0.13333333333333333,0.5333333333333333,0.26666666666666666,0.0,14,0,1,3,11,-5.8603257428571425,39.30660505714286,3,0,0,2,0,3,0,0,0,3.0
KASKAZINI A,2020,12,8,0.75,0.25,0.125,0.125,0.5,0.25,0.0,7,0,1,1,6,-5.8077125,39.28075675,1,0,0,0,0,0,0,0,0,3.0
KASKAZINI A,2020,13,13,0.7692307692307693,0.15384615384615385,0.07692307692307693,0.0,0.6153846153846154,0.23076923076923078,0.07692307692307693,13,0,0,4,9,-5.858180718181819,39.27870396363637,0,0,0,1,0,3,0,0,0,3.0
KASKAZINI A,2020,14,9,0.8888888888888888,0.1111111111111111,0.0,0.1111111111111111,0.5555555555555556,0.3333333333333333,0.0,7,0,2,1,6,-5.880623122222222,39.264581677777784,1,0,0,1,0,0,0,0,0,3.0
KASKAZINI A,2020,15,7,1.0,0.0,0.0,0.0,0.5714285714285714,0.2857142857142857,0.14285714285714285,7,0,0,1,5,-5.899638716666666,39.26410765,0,0,0,0,0,1,0,0,0,4.0
KASKAZINI A,2020,16,12,0.75,0.16666666666666666,0.0,0.0,0.3333333333333333,0.5,0.16666666666666666,12,0,0,2,10,-5.8728619090909095,39.27429072727273,0,0,0,3,0,3,0,0,0,4.0
KASKAZINI A,2020,17,6,0.8333333333333334,0.16666666666666666,0.16666666666666666,0.0,0.6666666666666666,0.0,0.16666666666666666,6,0,0,0,6,-5.919828983333333,39.272200766666664,0,0,0,0,0,0,0,0,0,4.0
KASKAZINI A,2020,18,9,0.6666666666666666,0.3333333333333333,0.2222222222222222,0.2222222222222222,0.1111111111111111,0.3333333333333333,0.1111111111111111,9,0,0,2,7,-5.858744788888889,39.289973522222226,2,0,0,0,0,3,0,0,0,4.0
KASKAZINI A,2020,19,3,1.0,0.0,0.0,0.0,1.0,0.0,0.0,3,0,0,0,3,-5.9219584,39.28051953333333,0,0,0,1,0,0,0,0,0,5.0
KASKAZINI A,2020,20,10,0.9,0.1,0.0,0.0,0.7,0.2,0.1,8,0,2,0,8,-5.88987486,39.28763248,1,0,0,1,0,2,0,0,0,5.0
KASKAZINI A,2020,21,7,0.42857142857142855,0.5714285714285714,0.0,0.2857142857142857,0.42857142857142855,0.2857142857142857,0.0,7,0,0,0,7,-5.863295214285714,39.2848641,1,0,0,1,0,0,0,0,0,5.0
KASKAZINI A,2020,22,13,0.6153846153846154,0.07692307692307693,0.15384615384615385,0.15384615384615385,0.23076923076923078,0.3076923076923077,0.07692307692307693,13,0,0,2,11,-5.88554685,39.2738256,1,0,0,0,0,4,0,0,0,5.0
KASKAZINI A,2020,23,8,0.75,0.25,0.0,0.125,0.25,0.5,0.125,8,0,0,0,8,-5.8867504625,39.293524625,1,0,0,0,0,1,0,0,0,6.0
KASKAZINI A,2020,24,31,0.7419354838709677,0.25806451612903225,0.06451612903225806,0.2903225806451613,0.3225806451612903,0.22580645161290322,0.0967741935483871,28,0,3,6,22,-5.8769783870967744,39.30225752580645,5,0,0,4,0,2,0,0,0,6.0
KASKAZINI A,2020,25,16,0.625,0.375,0.0,0.0625,0.4375,0.4375,0.0625,15,0,1,3,12,-5.84910456875,39.27112556875,0,1,0,1,0,2,0,0,0,6.0
KASKAZINI A,2020,26,23,0.7391304347826086,0.21739130434782608,0.08695652173913043,0.13043478260869565,0.4782608695652174,0.21739130434782608,0.08695652173913043,18,0,5,4,14,-5.880537172727273,39.29795925909091,0,0,0,2,0,2,0,0,0,6.0
KASKAZINI A,2020,27,18,0.6111111111111112,0.3888888888888889,0.05555555555555555,0.05555555555555555,0.7777777777777778,0.1111111111111111,0.0,17,0,1,3,14,-5.8611718999999995,39.271743811111115,0,0,0,2,0,1,0,0,0,7.0
KASKAZINI A,2020,28,21,0.7142857142857143,0.23809523809523808,0.14285714285714285,0.0,0.6666666666666666,0.19047619047619047,0.0,20,0,1,5,15,-5.841172115,39.288119715,4,0,0,2,0,1,0,0,0,7.0
KASKAZINI A,2020,29,31,0.7419354838709677,0.25806451612903225,0.03225806451612903,0.25806451612903225,0.4838709677419355,0.16129032258064516,0.06451612903225806,29,0,2,4,25,-5.874541264516129,39.29277426774193,9,0,0,0,0,4,0,0,0,7.0
KASKAZINI A,2020,30,22,0.5454545454545454,0.45454545454545453,0.13636363636363635,0.36363636363636365,0.36363636363636365,0.13636363636363635,0.0,20,0,2,2,18,-5.855666840909091,39.3012472,10,0,0,1,0,3,0,0,0,7.0
KASKAZINI A,2020,31,14,0.5,0.5,0.14285714285714285,0.21428571428571427,0.21428571428571427,0.42857142857142855,0.0,12,0,2,0,12,-5.867227114285714,39.29488387857143,2,0,0,0,0,3,0,0,0,7.0
KASKAZINI A,2020,32,22,0.6818181818181818,0.3181818181818182,0.13636363636363635,0.18181818181818182,0.22727272727272727,0.36363636363636365,0.09090909090909091,17,0,5,1,16,-5.867213618181818,39.29258540909091,3,0,0,1,0,4,0,0,0,8.0
KASKAZINI A,2020,33,12,0.75,0.25,0.0,0.25,0.25,0.3333333333333333,0.16666666666666666,12,0,0,2,10,-5.866713175,39.282413016666666,2,0,0,0,0,3,0,0,0,8.0
KASKAZINI A,2020,34,8,0.875,0.125,0.0,0.125,0.625,0.25,0.0,8,0,0,2,6,-5.8607186625,39.296013574999996,1,0,0,0,0,0,0,0,0,8.0
KASKAZINI A,2020,35,10,0.5,0.5,0.2,0.2,0.4,0.1,0.1,9,0,1,1,8,-5.89060745,39.296565199999996,0,0,0,0,0,0,0,0,0,8.0
KASKAZINI A,2020,36,8,0.25,0.75,0.25,0.125,0.625,0.0,0.0,6,0,2,0,6,-5.8338446875,39.2830224375,0,0,0,0,0,0,0,0,0,9.0
KASKAZINI A,2020,37,19,0.3684210526315789,0.631578947368421,0.2631578947368421,0.10526315789473684,0.3684210526315789,0.21052631578947367,0.05263157894736842,16,0,3,1,15,-5.850761261111111,39.2956134,2,0,0,2,0,0,0,0,0,9.0
KASKAZINI A,2020,38,16,0.625,0.375,0.125,0.0,0.6875,0.125,0.0625,15,0,1,3,12,-5.84786345625,39.28156463125,0,0,0,1,0,2,0,0,0,9.0
KASKAZINI A,2020,39,11,0.6363636363636364,0.36363636363636365,0.09090909090909091,0.2727272727272727,0.36363636363636365,0.18181818181818182,0.09090909090909091,11,0,0,1,10,-5.886026045454545,39.31993261818182,3,0,0,0,0,0,0,0,0,9.0
KASKAZINI A,2020,40,20,0.4,0.6,0.2,0.15,0.4,0.2,0.05,18,0,2,0,18,-5.90283817,39.306961905,6,0,0,0,0,0,0,0,0,10.0
KASKAZINI A,2020,41,9,0.2222222222222222,0.7777777777777778,0.1111111111111111,0.3333333333333333,0.3333333333333333,0.1111111111111111,0.1111111111111111,9,0,0,0,9,-5.9175857,39.29456793333333,3,0,0,0,0,1,0,0,0,10.0
KASKAZINI A,2020,42,7,0.2857142857142857,0.7142857142857143,0.2857142857142857,0.0,0.42857142857142855,0.2857142857142857,0.0,5,0,2,0,5,-5.880768000000001,39.28129644285714,0,0,0,0,0,0,0,0,0,10.0
KASKAZINI A,2020,43,7,0.7142857142857143,0.2857142857142857,0.14285714285714285,0.0,0.5714285714285714,0.14285714285714285,0.14285714285714285,5,0,2,0,5,-5.849967957142858,39.27656218571428,0,0,0,0,0,0,0,0,0,10.0
KASKAZINI A,2020,44,2,1.0,0.0,0.0,0.0,1.0,0.0,0.0,1,0,1,0,1,-5.9519689,39.2963388,0,0,0,0,0,0,0,0,0,10.0
KASKAZINI A,2020,45,9,0.7777777777777778,0.2222222222222222,0.2222222222222222,0.0,0.5555555555555556,0.2222222222222222,0.0,8,0,1,0,8,-5.896508033333333,39.289920566666666,1,0,0,1,0,2,0,0,0,11.0
KASKAZINI A,2020,46,3,0.3333333333333333,0.6666666666666666,0.0,0.3333333333333333,0.6666666666666666,0.0,0.0,3,0,0,0,3,-5.8845027666666665,39.301802,1,0,0,0,0,0,0,0,0,11.0
KASKAZINI A,2020,47,6,0.3333333333333333,0.6666666666666666,0.0,0.16666666666666666,0.6666666666666666,0.16666666666666666,0.0,5,0,1,0,5,-5.903703283333333,39.290413816666664,0,0,0,0,0,0,0,0,0,11.0
KASKAZINI A,2020,48,13,0.5384615384615384,0.46153846153846156,0.15384615384615385,0.15384615384615385,0.46153846153846156,0.07692307692307693,0.15384615384615385,10,0,3,1,9,-5.845049784615385,39.29731766153846,1,0,0,1,0,1,0,0,0,11.0
KASKAZINI A,2020,49,26,0.8076923076923077,0.19230769230769232,0.07692307692307693,0.11538461538461539,0.46153846153846156,0.19230769230769232,0.15384615384615385,20,0,6,4,16,-5.8733523519999995,39.30005534,0,0,0,0,0,4,0,0,0,12.0
KASKAZINI A,2020,50,22,0.6363636363636364,0.36363636363636365,0.045454545454545456,0.09090909090909091,0.45454545454545453,0.4090909090909091,0.0,22,0,0,2,20,-5.87581982590909,39.28654016454545,0,0,0,3,0,4,0,0,0,12.0
KASKAZINI A,2020,51,30,0.6333333333333333,0.36666666666666664,0.03333333333333333,0.1,0.4666666666666667,0.26666666666666666,0.13333333333333333,30,0,0,4,26,-5.877965928571428,39.28350042714286,2,0,0,2,0,8,0,0,0,12.0
KASKAZINI A,2020,52,35,0.6,0.37142857142857144,0.11428571428571428,0.2,0.5142857142857142,0.11428571428571428,0.05714285714285714,33,0,2,7,26,-5.831607250285714,39.29398409028571,9,0,0,1,0,2,0,0,0,12.0
KASKAZINI A,2021,1,4,0.5,0.5,0.25,0.0,0.25,0.25,0.25,4,0,0,1,3,-5.845917625,39.297126975,0,0,0,0,0,1,0,0,0,1.0
KASKAZINI A,2021,2,25,0.56,0.44,0.16,0.24,0.44,0.16,0.0,24,0,1,2,22,-5.853924468,39.28249652,5,0,0,0,0,2,0,0,0,1.0
KASKAZINI A,2021,3,22,0.5909090909090909,0.4090909090909091,0.18181818181818182,0.36363636363636365,0.36363636363636365,0.09090909090909091,0.0,20,0,2,3,17,-5.876531377272727,39.3015597,2,0,0,2,0,0,0,0,0,1.0
KASKAZINI A,2021,4,13,0.6153846153846154,0.38461538461538464,0.23076923076923078,0.0,0.6923076923076923,0.0,0.07692307692307693,12,0,1,3,9,-5.823368146153846,39.313526238461534,0,0,0,1,0,0,0,0,0,1.0
KASKAZINI A,2021,5,23,0.6521739130434783,0.34782608695652173,0.17391304347826086,0.13043478260869565,0.43478260869565216,0.13043478260869565,0.13043478260869565,21,0,2,1,20,-5.871708452173913,39.28254411304348,5,0,0,1,0,3,0,0,0,1.0
KASKAZINI A,2021,6,16,0.6875,0.3125,0.125,0.0625,0.5,0.25,0.0625,15,0,1,4,11,-5.90160820625,39.296667075,2,0,0,0,0,1,0,0,0,2.0
KASKAZINI A,2021,7,9,0.5555555555555556,0.4444444444444444,0.2222222222222222,0.1111111111111111,0.4444444444444444,0.0,0.2222222222222222,8,0,1,1,7,-5.845737644444444,39.29924112222222,0,0,0,1,0,2,0,0,0,2.0
KASKAZINI A,2021,8,15,0.7333333333333333,0.26666666666666666,0.06666666666666667,0.0,0.4666666666666667,0.26666666666666666,0.2,15,0,0,4,11,-5.836918853333333,39.288761226666665,2,0,0,5,0,0,0,0,0,2.0
KASKAZINI A,2021,9,8,0.5,0.5,0.0,0.25,0.25,0.375,0.125,8,0,0,1,7,-5.8539849125,39.309257349999996,1,0,0,0,0,0,0,0,0,2.0
KASKAZINI A,2021,10,8,1.0,0.0,0.0,0.0,0.5,0.5,0.0,8,0,0,4,4,-5.901044325,39.2850707375,0,0,0,2,0,1,0,0,0,3.0
KASKAZINI A,2021,11,12,0.5,0.5,0.25,0.0,0.3333333333333333,0.3333333333333333,0.08333333333333333,9,0,3,1,8,-5.8794246333333335,39.27568838333333,0,0,0,0,0,1,0,0,0,3.0
KASKAZINI A,2021,12,6,0.5,0.5,0.0,0.0,0.8333333333333334,0.16666666666666666,0.0,6,0,0,2,4,-5.8887346166666665,39.274389,0,0,0,0,0,0,0,0,0,3.0
KASKAZINI A,2021,13,10,0.8,0.2,0.0,0.2,0.4,0.4,0.0,10,0,0,0,10,-5.89111501,39.28472154,3,0,0,0,0,0,0,0,0,3.0
KASKAZINI A,2021,14,11,0.6363636363636364,0.36363636363636365,0.2727272727272727,0.09090909090909091,0.36363636363636365,0.18181818181818182,0.09090909090909091,8,0,3,2,6,-5.85398451,39.28525551,0,0,0,0,1,4,0,1,0,3.0
KASKAZINI A,2021,15,8,0.625,0.375,0.0,0.0,0.875,0.125,0.0,8,0,0,4,4,-5.8778741,39.2678031125,0,0,0,0,3,0,0,0,0,4.0
KASKAZINI A,2021,16,5,0.6,0.4,0.2,0.4,0.2,0.2,0.0,5,0,0,0,5,-5.8422912,39.292907660000004,0,0,0,0,0,0,0,1,0,4.0
KASKAZINI A,2021,17,11,0.9090909090909091,0.09090909090909091,0.09090909090909091,0.0,0.7272727272727273,0.09090909090909091,0.09090909090909091,9,0,2,2,7,-5.892205718181819,39.26716127272727,0,1,0,1,6,1,0,0,0,4.0
KASKAZINI A,2021,18,8,0.5,0.5,0.125,0.0,0.375,0.375,0.125,8,0,0,2,6,-5.88843775,39.273133825,0,0,0,0,1,1,0,3,0,4.0
KASKAZINI A,2021,19,6,0.3333333333333333,0.6666666666666666,0.16666666666666666,0.16666666666666666,0.5,0.16666666666666666,0.0,5,0,1,0,5,-5.903626816666667,39.249344549999996,0,0,0,1,1,0,0,2,0,5.0
KASKAZINI A,2021,20,10,0.4,0.6,0.1,0.2,0.4,0.1,0.2,8,0,2,1,7,-5.86896045,39.27843884,0,0,0,0,4,1,0,1,0,5.0
KASKAZINI A,2021,21,14,0.8571428571428571,0.14285714285714285,0.0,0.07142857142857142,0.42857142857142855,0.42857142857142855,0.07142857142857142,13,0,1,7,6,-5.855117242857142,39.29309296428572,0,0,0,0,1,2,0,1,0,5.0
KASKAZINI A,2021,22,7,0.5714285714285714,0.42857142857142855,0.0,0.0,0.5714285714285714,0.2857142857142857,0.14285714285714285,7,0,0,2,5,-5.881401285714285,39.30270658571429,0,0,0,0,0,0,1,2,0,5.0
KASKAZINI A,2021,23,7,0.5714285714285714,0.42857142857142855,0.0,0.14285714285714285,0.42857142857142855,0.14285714285714285,0.2857142857142857,7,0,0,2,5,-5.817369357142858,39.29764985714286,0,0,0,1,0,0,0,1,0,6.0
KASKAZINI A,2021,24,9,0.3333333333333333,0.6666666666666666,0.1111111111111111,0.1111111111111111,0.5555555555555556,0.2222222222222222,0.0,9,0,0,4,5,-5.817224855555555,39.28550766666667,0,0,0,0,2,0,0,1,0,6.0
KASKAZINI A,2021,25,5,0.8,0.2,0.0,0.2,0.4,0.2,0.2,5,0,0,2,3,-5.8226083,39.2993946,1,0,0,0,0,2,0,0,0,6.0
KASKAZINI A,2021,26,10,0.8,0.2,0.4,0.3,0.2,0.1,0.0,9,0,1,2,7,-5.82790827,39.31035651,4,0,0,0,1,0,0,0,0,6.0
KASKAZINI A,2021,27,10,0.6,0.4,0.0,0.0,0.8,0.1,0.1,9,0,1,1,8,-5.85413573,39.29427108,0,0,0,0,0,0,0,3,0,6.0
KASKAZINI A,2021,28,4,1.0,0.0,0.5,0.25,0.25,0.0,0.0,4,0,0,1,3,-5.950990975,39.3040381,0,0,0,0,0,0,0,0,0,7.0
KASKAZINI A,2021,29,8,0.875,0.125,0.25,0.0,0.5,0.25,0.0,7,0,1,0,7,-5.8691000125,39.300243075,0,0,0,0,0,0,0,0,0,7.0
KASKAZINI A,2021,30,7,0.5714285714285714,0.42857142857142855,0.42857142857142855,0.14285714285714285,0.42857142857142855,0.0,0.0,6,0,1,0,6,-5.893222142857143,39.29105688571428,0,0,0,0,0,0,0,2,0,7.0
KASKAZINI A,2021,31,10,0.4,0.5,0.2,0.1,0.3,0.3,0.0,9,0,1,1,8,-5.877939911111111,39.288911122222224,0,0,0,0,0,0,0,2,0,7.0
KASKAZINI A,2021,32,6,1.0,0.0,0.0,0.6666666666666666,0.16666666666666666,0.16666666666666666,0.0,6,0,0,1,5,-5.885455666666666,39.29579795,0,0,0,0,0,0,0,0,0,8.0
KASKAZINI A,2021,33,2,0.5,0.5,0.0,0.0,1.0,0.0,0.0,2,0,0,0,2,-5.92429435,39.2698156,0,0,0,0,0,0,0,1,0,8.0
KASKAZINI A,2021,34,14,0.5714285714285714,0.2857142857142857,0.14285714285714285,0.0,0.2857142857142857,0.21428571428571427,0.14285714285714285,13,0,1,5,8,-5.87543143,39.27804952,0,0,0,0,1,0,0,2,0,8.0
KASKAZINI A,2021,35,8,0.625,0.25,0.0,0.0,0.375,0.375,0.125,8,0,0,3,5,-5.880417942857143,39.306852785714284,0,0,0,0,0,1,0,2,0,8.0
KASKAZINI A,2021,36,4,0.75,0.25,0.0,0.0,0.5,0.5,0.0,3,0,1,1,2,-5.8773996,39.326019575000004,2,0,0,1,0,0,0,0,0,8.0
KASKAZINI A,2021,37,3,0.3333333333333333,0.6666666666666666,0.3333333333333333,0.0,0.3333333333333333,0.3333333333333333,0.0,3,0,0,1,2,-5.879026199999999,39.321926366666666,0,0,0,0,0,0,0,1,0,9.0
KASKAZINI A,2021,38,7,0.14285714285714285,0.8571428571428571,0.0,0.2857142857142857,0.42857142857142855,0.2857142857142857,0.0,6,0,1,0,6,-5.807819628571429,39.29596274285715,0,0,0,0,0,0,0,0,0,9.0
KASKAZINI A,2021,39,2,0.5,0.5,0.0,0.0,1.0,0.0,0.0,2,0,0,0,2,-5.8471087,39.3381361,0,0,0,0,0,0,0,1,0,9.0
KASKAZINI A,2021,40,1,0.0,1.0,0.0,0.0,1.0,0.0,0.0,1,0,0,0,1,-5.879647,39.2732261,0,0,0,0,0,0,0,0,0,10.0
KASKAZINI A,2021,41,6,0.3333333333333333,0.6666666666666666,0.0,0.3333333333333333,0.6666666666666666,0.0,0.0,5,0,1,1,4,-5.8379551166666666,39.29199596666667,0,0,0,0,0,0,0,1,0,10.0
KASKAZINI A,2021,42,4,1.0,0.0,0.0,0.0,0.5,0.0,0.5,3,0,1,0,3,-5.8778483999999995,39.33238995,0,0,0,0,0,0,0,0,0,10.0
KASKAZINI A,2021,43,5,0.6,0.4,0.2,0.2,0.6,0.0,0.0,5,0,0,0,5,-5.82542896,39.28085396,1,0,0,0,0,0,0,2,0,10.0
KASKAZINI A,2021,44,1,0.0,1.0,0.0,0.0,1.0,0.0,0.0,1,0,0,0,1,-5.7348131,39.3032746,0,0,0,0,0,0,0,0,0,10.0
KASKAZINI A,2021,45,8,0.375,0.375,0.125,0.125,0.5,0.0,0.0,8,0,0,2,4,-5.88258015,39.30779871666667,0,0,0,0,0,0,0,2,0,11.0
KASKAZINI A,2021,46,3,0.6666666666666666,0.3333333333333333,0.3333333333333333,0.3333333333333333,0.3333333333333333,0.0,0.0,2,0,1,0,2,-5.885203033333333,39.27074273333333,0,0,0,0,0,0,0,1,0,11.0
KASKAZINI A,2021,47,3,0.3333333333333333,0.6666666666666666,0.0,0.3333333333333333,0.3333333333333333,0.3333333333333333,0.0,3,0,0,1,2,-5.9623532,39.29759953333333,0,0,0,0,0,0,0,0,0,11.0
KASKAZINI A,2021,48,12,0.25,0.75,0.16666666666666666,0.3333333333333333,0.4166666666666667,0.08333333333333333,0.0,8,0,4,1,7,-5.863600541666667,39.31989285833333,2,0,0,0,0,1,1,3,0,11.0
KASKAZINI A,2021,49,3,0.3333333333333333,0.6666666666666666,0.3333333333333333,0.3333333333333333,0.3333333333333333,0.0,0.0,3,0,0,0,3,-5.887745633333334,39.260722933333334,0,0,0,0,1,0,0,1,0,12.0
KASKAZINI A,2021,50,0,0.0,0.0,0.0,0.0,0.0,0.0,0.0,0,0,0,0,0,0.0,0.0,0,0,0,0,0,0,0,0,0,
KASKAZINI A,2021,51,5,0.4,0.6,0.2,0.2,0.6,0.0,0.0,5,0,0,0,5,-5.83200886,39.272274620000005,2,0,0,0,1,0,0,1,0,12.0
KASKAZINI A,2021,52,6,0.6666666666666666,0.16666666666666666,0.3333333333333333,0.16666666666666666,0.3333333333333333,0.0,0.0,6,0,0,2,3,-5.9057185,39.26792324,1,0,0,0,1,0,0,0,0,12.0
KASKAZINI A,2022,1,1,0.0,1.0,0.0,1.0,0.0,0.0,0.0,1,0,0,0,1,-5.8780324,39.2544675,0,0,0,0,0,0,0,0,0,1.0
KASKAZINI A,2022,2,15,0.6,0.3333333333333333,0.2,0.2,0.3333333333333333,0.2,0.0,14,0,1,3,11,-5.818897514285714,39.28753233571428,0,0,0,0,0,1,0,2,0,1.0
KASKAZINI A,2022,3,19,0.631578947368421,0.3684210526315789,0.15789473684210525,0.2631578947368421,0.10526315789473684,0.42105263157894735,0.05263157894736842,16,0,3,2,14,-5.825984289473684,39.294911305263156,5,0,0,0,0,4,0,3,0,1.0
KASKAZINI A,2022,4,11,0.45454545454545453,0.5454545454545454,0.2727272727272727,0.2727272727272727,0.2727272727272727,0.18181818181818182,0.0,9,0,2,1,8,-5.866673727272727,39.29364658181818,3,0,0,0,0,1,0,0,0,1.0
KASKAZINI A,2022,5,24,0.5,0.5,0.20833333333333334,0.16666666666666666,0.25,0.3333333333333333,0.041666666666666664,18,0,6,3,15,-5.847638466666666,39.289358970833334,3,0,0,1,2,1,0,3,0,1.0
KASKAZINI A,2022,6,8,0.375,0.625,0.125,0.25,0.375,0.125,0.125,8,0,0,1,7,-5.877664325,39.2912152625,2,0,0,1,0,1,0,1,0,2.0
KASKAZINI A,2022,7,13,0.46153846153846156,0.38461538461538464,0.15384615384615385,0.07692307692307693,0.46153846153846156,0.07692307692307693,0.07692307692307693,12,0,1,0,12,-5.841369390909091,39.29142686363636,3,0,0,0,0,1,0,1,0,2.0
KASKAZINI A,2022,8,13,0.5384615384615384,0.46153846153846156,0.07692307692307693,0.0,0.6923076923076923,0.23076923076923078,0.0,12,0,1,1,11,-5.859854775,39.297943116666666,0,0,0,0,0,1,0,4,0,2.0
KASKAZINI A,2022,9,5,0.6,0.2,0.0,0.4,0.4,0.0,0.0,5,0,0,1,4,-5.857461366666667,39.320277233333336,2,0,0,0,0,0,0,0,0,2.0
KASKAZINI A,2022,10,5,0.8,0.2,0.0,0.6,0.2,0.0,0.2,5,0,0,1,4,-5.842439225,39.278080475,2,0,0,0,0,1,0,0,0,3.0
KASKAZINI A,2022,11,8,0.5,0.375,0.25,0.0,0.375,0.125,0.125,8,0,0,0,8,-5.8460672,39.316797099999995,0,0,0,0,2,1,0,2,0,3.0
KASKAZINI A,2022,12,4,0.25,0.5,0.0,0.0,0.25,0.25,0.25,4,0,0,0,3,-5.852363566666667,39.24532563333333,0,0,0,0,0,1,0,1,0,3.0
KASKAZINI A,2022,13,8,0.625,0.375,0.375,0.125,0.375,0.125,0.0,7,0,1,1,6,-5.8285631625,39.3018574,2,0,0,0,0,1,0,0,0,3.0
KASKAZINI A,2022,14,9,0.3333333333333333,0.6666666666666666,0.2222222222222222,0.2222222222222222,0.4444444444444444,0.0,0.1111111111111111,8,0,1,1,7,-5.856445422222222,39.28007158888889,1,0,0,0,1,0,0,3,0,3.0
KASKAZINI A,2022,15,7,0.8571428571428571,0.14285714285714285,0.14285714285714285,0.0,0.5714285714285714,0.2857142857142857,0.0,7,0,0,0,7,-5.870786816666667,39.281029933333336,0,0,0,0,2,0,0,0,0,4.0
KASKAZINI A,2022,16,3,0.3333333333333333,0.6666666666666666,0.0,0.0,0.6666666666666666,0.3333333333333333,0.0,2,0,1,0,2,-5.833234966666666,39.292524500000006,0,0,0,0,0,0,0,1,0,4.0
KASKAZINI A,2022,17,4,0.5,0.5,0.25,0.25,0.5,0.0,0.0,4,0,0,1,3,-5.8973283,39.268786750000004,1,0,0,0,1,0,0,1,0,4.0
KASKAZINI A,2022,18,7,0.2857142857142857,0.7142857142857143,0.5714285714285714,0.14285714285714285,0.14285714285714285,0.14285714285714285,0.0,6,0,1,1,5,-5.903652728571428,39.26529055714286,0,0,0,0,1,0,0,1,0,4.0
KASKAZINI A,2022,19,4,0.75,0.25,0.5,0.25,0.0,0.25,0.0,4,0,0,0,4,-5.803572,39.281121375,0,0,0,0,1,0,0,1,0,5.0
KASKAZINI A,2022,20,9,0.3333333333333333,0.6666666666666666,0.3333333333333333,0.0,0.4444444444444444,0.2222222222222222,0.0,9,0,0,1,8,-5.804628611111111,39.29363771111111,0,0,0,0,0,2,0,2,0,5.0
KASKAZINI A,2022,21,6,0.3333333333333333,0.6666666666666666,0.16666666666666666,0.16666666666666666,0.5,0.16666666666666666,0.0,5,0,1,2,3,-5.880249533333333,39.28471388333333,0,0,0,0,1,0,0,3,0,5.0
KASKAZINI A,2022,22,12,0.5833333333333334,0.3333333333333333,0.0,0.0,0.5833333333333334,0.25,0.0,12,0,0,1,11,-5.86419962,39.28942984,0,0,0,0,3,0,0,3,0,5.0
KASKAZINI A,2022,23,7,0.8571428571428571,0.14285714285714285,0.0,0.0,0.42857142857142855,0.5714285714285714,0.0,7,0,0,1,6,-5.880499657142857,39.31685487142857,1,0,0,0,1,1,0,1,0,6.0
KASKAZINI A,2022,24,15,0.5333333333333333,0.4666666666666667,0.0,0.06666666666666667,0.7333333333333333,0.13333333333333333,0.06666666666666667,12,0,3,1,11,-5.925612753333334,39.29053554666667,2,0,0,0,3,1,1,2,0,6.0
KASKAZINI A,2022,25,5,1.0,0.0,0.2,0.0,0.6,0.2,0.0,5,0,0,3,2,-5.80885358,39.29052142,0,0,0,0,0,1,0,0,0,6.0
KASKAZINI A,2022,26,11,0.5454545454545454,0.45454545454545453,0.0,0.09090909090909091,0.2727272727272727,0.45454545454545453,0.18181818181818182,9,0,2,2,7,-5.867512154545454,39.26907683636364,0,0,0,0,0,2,0,1,0,6.0
KASKAZINI A,2022,27,9,0.4444444444444444,0.3333333333333333,0.0,0.0,0.4444444444444444,0.3333333333333333,0.0,9,0,0,0,9,-5.880036014285714,39.26404292857143,0,0,0,0,0,3,0,0,0,6.0
KASKAZINI A,2022,28,12,0.5833333333333334,0.16666666666666666,0.16666666666666666,0.0,0.16666666666666666,0.3333333333333333,0.08333333333333333,11,0,1,0,11,-5.941012866666666,39.24454618888889,1,0,0,1,1,4,0,1,0,7.0
KASKAZINI A,2022,29,5,0.4,0.6,0.0,0.0,0.6,0.4,0.0,4,0,1,1,3,-5.79577516,39.29261522,0,0,0,0,0,1,0,0,0,7.0
KASKAZINI A,2022,30,0,0.0,0.0,0.0,0.0,0.0,0.0,0.0,0,0,0,0,0,0.0,0.0,0,0,0,0,0,0,0,0,0,7.0
KASKAZINI A,2022,31,6,0.5,0.5,0.16666666666666666,0.0,0.5,0.3333333333333333,0.0,6,0,0,0,4,-5.76627135,39.29000795,0,0,0,1,0,0,0,1,0,7.0
KASKAZINI A,2022,32,4,0.75,0.25,0.0,0.0,0.75,0.25,0.0,4,0,0,0,3,-5.886190766666666,39.34121593333333,0,0,0,0,0,0,0,1,0,8.0
KASKAZINI A,2022,33,3,0.6666666666666666,0.3333333333333333,0.0,0.0,0.6666666666666666,0.3333333333333333,0.0,3,0,0,0,3,-5.911931266666667,39.2594349,0,0,0,0,1,0,0,1,0,8.0
KASKAZINI A,2022,34,4,0.5,0.5,0.25,0.0,0.5,0.25,0.0,4,0,0,0,4,-5.8903660250000005,39.244369475,0,0,0,0,1,0,0,1,0,8.0
KASKAZINI A,2022,35,2,0.0,1.0,0.5,0.0,0.5,0.0,0.0,2,0,0,0,2,-5.91027255,39.29084375,0,0,0,0,0,0,0,1,0,8.0
KASKAZINI A,2022,36,11,0.8181818181818182,0.18181818181818182,0.09090909090909091,0.09090909090909091,0.5454545454545454,0.2727272727272727,0.0,8,0,3,2,6,-5.850237390909092,39.27300717272727,1,0,0,0,0,1,0,0,0,8.0
KASKAZINI A,2022,37,3,0.3333333333333333,0.6666666666666666,0.0,0.6666666666666666,0.3333333333333333,0.0,0.0,3,0,0,1,2,-5.859480966666666,39.274277266666665,1,0,0,0,0,0,0,0,0,9.0
KASKAZINI A,2022,38,4,0.5,0.5,0.25,0.0,0.25,0.0,0.5,3,0,1,0,3,-5.90081905,39.278131925,0,0,0,0,1,0,0,2,0,9.0
KASKAZINI A,2022,39,0,0.0,0.0,0.0,0.0,0.0,0.0,0.0,0,0,0,0,0,0.0,0.0,0,0,0,0,0,0,0,0,0,
KASKAZINI A,2022,40,4,0.5,0.5,0.0,0.25,0.25,0.25,0.25,4,0,0,1,3,-5.84555905,39.30558585,1,0,0,0,0,0,0,1,0,9.0
KASKAZINI A,2022,41,6,0.5,0.5,0.16666666666666666,0.0,0.5,0.16666666666666666,0.16666666666666666,6,0,0,1,5,-5.9130471,39.268872625,0,0,0,0,1,0,0,1,0,10.0
KASKAZINI A,2022,42,1,1.0,0.0,1.0,0.0,0.0,0.0,0.0,1,0,0,0,1,-5.929476,39.2326882,0,0,0,0,0,0,0,0,0,10.0
KASKAZINI A,2022,43,4,0.0,1.0,0.0,0.0,0.75,0.25,0.0,4,0,0,1,3,-5.8984888333333325,39.3353496,0,0,0,0,0,0,0,1,0,10.0
KASKAZINI A,2022,44,3,0.6666666666666666,0.3333333333333333,0.3333333333333333,0.0,0.6666666666666666,0.0,0.0,3,0,0,0,3,-5.8927833000000005,39.330764433333336,0,0,0,0,0,0,0,1,0,10.0
KASKAZINI A,2022,45,7,0.5714285714285714,0.42857142857142855,0.42857142857142855,0.14285714285714285,0.42857142857142855,0.0,0.0,7,0,0,0,7,-5.896191142857143,39.3086952,1,0,0,1,0,1,0,0,0,11.0
KASKAZINI A,2022,46,2,0.5,0.5,0.5,0.0,0.0,0.5,0.0,2,0,0,1,1,-5.76375935,39.30029015,0,0,0,0,0,0,0,0,0,11.0
KASKAZINI A,2022,47,4,0.5,0.5,0.0,0.0,1.0,0.0,0.0,4,0,0,0,4,-5.8762691,39.3205626,0,0,0,1,0,0,0,2,0,11.0
KASKAZINI A,2022,48,3,0.6666666666666666,0.3333333333333333,0.0,0.0,1.0,0.0,0.0,3,0,0,1,2,-5.8989202,39.3189586,0,0,0,0,0,0,0,0,0,11.0
KASKAZINI A,2022,49,6,0.6666666666666666,0.3333333333333333,0.0,0.16666666666666666,0.5,0.16666666666666666,0.16666666666666666,5,0,1,0,5,-5.84964576,39.26843838,1,0,0,0,2,0,0,0,0,12.0
KASKAZINI A,2022,50,3,0.3333333333333333,0.6666666666666666,0.0,0.0,0.6666666666666666,0.3333333333333333,0.0,3,0,0,0,3,-5.862537800000001,39.25718586666667,0,0,0,0,2,0,0,0,0,12.0
KASKAZINI A,2022,51,2,0.5,0.5,0.0,0.0,0.5,0.0,0.5,2,0,0,1,1,-5.813947300000001,39.27339525,0,0,0,0,0,0,0,0,0,12.0
KASKAZINI A,2022,52,8,0.625,0.375,0.25,0.0,0.375,0.25,0.125,8,0,0,1,7,-5.88244975,39.2892232875,2,0,0,0,1,0,0,1,0,12.0
KASKAZINI A,2023,1,14,0.5,0.42857142857142855,0.21428571428571427,0.2857142857142857,0.2857142857142857,0.14285714285714285,0.0,11,0,3,0,11,-5.861278053846154,39.30732374615384,3,0,0,0,0,0,0,4,0,1.0
KASKAZINI A,2023,2,16,0.375,0.625,0.125,0.3125,0.5,0.0625,0.0,14,0,2,4,10,-5.86471684,39.28635046,4,0,0,0,0,0,0,4,0,1.0
KASKAZINI A,2023,3,18,0.4444444444444444,0.5555555555555556,0.3333333333333333,0.05555555555555555,0.4444444444444444,0.16666666666666666,0.0,15,0,3,1,14,-5.864325133333334,39.29036815833333,0,0,0,0,0,0,0,4,0,1.0
KASKAZINI A,2023,4,2,1.0,0.0,0.0,0.0,1.0,0.0,0.0,2,0,0,0,2,-5.84856045,39.30684275,0,0,0,0,0,0,0,0,0,1.0
KASKAZINI A,2023,5,8,0.75,0.25,0.0,0.0,0.625,0.125,0.25,8,0,0,1,7,-5.8809308625,39.3023045625,0,0,0,0,0,1,0,2,0,2.0
KASKAZINI A,2023,6,6,0.6666666666666666,0.3333333333333333,0.0,0.16666666666666666,0.5,0.16666666666666666,0.16666666666666666,6,0,0,1,5,-5.865258819999999,39.2960368,0,0,0,0,0,0,0,1,0,2.0
KASKAZINI A,2023,7,6,0.6666666666666666,0.3333333333333333,0.16666666666666666,0.16666666666666666,0.3333333333333333,0.3333333333333333,0.0,5,0,1,1,4,-5.9051152,39.30731728333333,0,0,0,0,0,1,0,1,0,2.0
KASKAZINI A,2023,8,6,0.6666666666666666,0.3333333333333333,0.16666666666666666,0.0,0.5,0.3333333333333333,0.0,5,0,1,0,5,-5.863608633333333,39.27677833333333,0,0,0,0,1,1,0,1,0,2.0
KASKAZINI A,2023,9,3,1.0,0.0,0.0,0.0,0.3333333333333333,0.3333333333333333,0.3333333333333333,3,0,0,1,2,-5.912706133333333,39.294910333333334,0,0,0,0,1,0,0,0,0,2.0
KASKAZINI A,2023,10,1,1.0,0.0,0.0,0.0,0.0,1.0,0.0,1,0,0,0,1,-5.7620978,39.2991365,0,0,0,0,0,0,0,0,0,3.0
KASKAZINI A,2023,11,4,0.75,0.25,0.0,0.0,0.25,0.25,0.5,4,0,0,0,4,-5.922082575,39.294391825,0,0,0,0,1,0,0,0,0,3.0
KASKAZINI A,2023,12,7,0.42857142857142855,0.5714285714285714,0.14285714285714285,0.2857142857142857,0.42857142857142855,0.14285714285714285,0.0,4,0,3,0,4,-5.868927142857143,39.31900677142857,2,0,0,0,0,0,0,2,0,3.0
KASKAZINI A,2023,13,6,0.6666666666666666,0.3333333333333333,0.16666666666666666,0.16666666666666666,0.3333333333333333,0.16666666666666666,0.16666666666666666,6,0,0,1,5,-5.788269420000001,39.28574556,0,0,0,0,0,2,0,2,0,3.0
KASKAZINI A,2023,14,2,0.0,1.0,0.0,0.0,0.5,0.5,0.0,2,0,0,0,2,-5.92604785,39.35601555,0,0,0,0,0,0,0,0,0,4.0
KASKAZINI A,2023,15,3,1.0,0.0,0.0,0.0,0.6666666666666666,0.3333333333333333,0.0,3,0,0,0,3,-5.833982,39.257669449999995,0,0,0,0,0,1,0,0,0,4.0
KASKAZINI A,2023,16,6,0.6666666666666666,0.3333333333333333,0.0,0.0,0.8333333333333334,0.0,0.16666666666666666,6,0,0,0,6,-5.907059533333334,39.2493502,0,0,0,0,2,1,1,1,0,4.0
KASKAZINI A,2023,17,4,0.75,0.25,0.0,0.0,0.25,0.5,0.25,4,0,0,0,4,-5.944407925,39.252786900000004,0,0,0,1,1,2,0,0,0,4.0
KASKAZINI A,2023,18,6,1.0,0.0,0.0,0.0,0.8333333333333334,0.16666666666666666,0.0,6,0,0,2,4,-5.8746187713213205,39.2844071960475,0,0,0,0,2,1,0,0,0,5.0
KASKAZINI A,2023,19,7,0.7142857142857143,0.2857142857142857,0.2857142857142857,0.0,0.5714285714285714,0.14285714285714285,0.0,7,0,0,1,6,-5.890348437709136,39.26506447285749,0,0,0,0,2,0,0,0,0,5.0
KASKAZINI A,2023,20,8,0.75,0.25,0.0,0.0,0.625,0.125,0.25,8,0,0,2,6,-5.795562151689189,39.30269840114225,0,0,0,2,0,0,0,0,0,5.0
KASKAZINI A,2023,21,10,0.6,0.4,0.2,0.1,0.2,0.5,0.0,10,0,0,0,9,-5.900176302702701,39.2736181932284,2,0,0,0,0,1,0,1,0,5.0
KASKAZINI A,2023,22,12,0.8333333333333334,0.16666666666666666,0.0,0.16666666666666666,0.5,0.16666666666666666,0.16666666666666666,12,0,0,2,10,-5.880543564114113,39.284882436159535,3,0,0,0,2,1,0,0,0,5.0
KASKAZINI A,2023,23,14,0.7857142857142857,0.21428571428571427,0.0,0.0,0.42857142857142855,0.2857142857142857,0.2857142857142857,14,0,0,5,9,-5.832146926705277,39.27701620969122,0,1,0,1,3,0,0,0,0,6.0
KASKAZINI A,2023,24,16,0.8125,0.1875,0.0625,0.1875,0.5,0.25,0.0,15,0,1,2,12,-5.881331419433718,39.296027157609664,3,0,0,2,1,2,0,1,0,6.0
KASKAZINI A,2023,25,16,0.625,0.375,0.125,0.0,0.5625,0.1875,0.125,14,0,2,1,13,-5.92462061875,39.293005475,1,0,0,1,1,1,0,3,0,6.0
KASKAZINI A,2023,26,11,0.9090909090909091,0.09090909090909091,0.09090909090909091,0.18181818181818182,0.18181818181818182,0.2727272727272727,0.2727272727272727,11,0,0,1,10,-5.98534084,39.26222736,1,0,0,0,1,1,0,1,0,6.0
KASKAZINI A,2023,27,6,0.5,0.5,0.0,0.16666666666666666,0.5,0.16666666666666666,0.16666666666666666,6,0,0,0,6,-5.885736366666666,39.255980683333334,0,0,0,0,1,1,0,2,0,7.0
KASKAZINI A,2023,28,15,0.8666666666666667,0.13333333333333333,0.0,0.13333333333333333,0.6,0.13333333333333333,0.13333333333333333,13,0,2,0,12,-5.958250694851995,39.29409779873534,1,1,0,0,5,0,0,1,0,7.0
KASKAZINI A,2023,29,17,0.5294117647058824,0.47058823529411764,0.11764705882352941,0.17647058823529413,0.47058823529411764,0.17647058823529413,0.058823529411764705,14,0,3,2,12,-5.90803365882353,39.27814229411765,0,0,0,0,2,1,0,3,0,7.0
KASKAZINI A,2023,30,24,0.5416666666666666,0.4583333333333333,0.125,0.16666666666666666,0.375,0.3333333333333333,0.0,16,0,8,3,13,-5.850586695833333,39.29410074166667,1,0,0,2,2,0,0,4,0,7.0
KASKAZINI A,2023,31,9,0.6666666666666666,0.3333333333333333,0.0,0.2222222222222222,0.4444444444444444,0.3333333333333333,0.0,9,0,0,0,9,-5.902420342857143,39.29836818571429,1,0,0,0,0,1,0,1,0,7.0
KASKAZINI A,2023,32,10,0.7,0.3,0.1,0.0,0.3,0.5,0.1,10,0,0,2,8,-5.904437233333334,39.28276717777778,0,0,0,1,1,0,1,2,0,8.0
KASKAZINI A,2023,33,12,0.6666666666666666,0.3333333333333333,0.16666666666666666,0.0,0.3333333333333333,0.16666666666666666,0.3333333333333333,10,0,2,5,5,-5.823360125,39.283314125,0,0,0,2,2,0,0,1,0,8.0
KASKAZINI A,2023,34,11,0.6363636363636364,0.36363636363636365,0.0,0.2727272727272727,0.36363636363636365,0.2727272727272727,0.09090909090909091,11,0,0,1,10,-5.867715666666666,39.288751544444445,0,1,0,0,2,0,0,0,0,8.0
KASKAZINI A,2023,35,13,0.6153846153846154,0.38461538461538464,0.15384615384615385,0.07692307692307693,0.5384615384615384,0.15384615384615385,0.07692307692307693,13,0,0,2,10,-5.844576309090908,39.30733466363636,2,0,0,0,0,0,0,2,0,8.0
KASKAZINI A,2023,36,3,1.0,0.0,0.0,0.0,1.0,0.0,0.0,2,0,1,0,2,-5.8331001,39.3063149,0,0,0,2,0,0,0,0,0,9.0
KASKAZINI A,2023,37,3,0.6666666666666666,0.3333333333333333,0.3333333333333333,0.0,0.6666666666666666,0.0,0.0,3,0,0,0,3,-5.9476735000000005,39.25879763333334,0,0,0,0,1,1,0,1,0,9.0
KASKAZINI A,2023,38,5,1.0,0.0,0.2,0.0,0.2,0.4,0.2,5,0,0,2,3,-5.85473034,39.29766646,0,0,0,1,0,0,0,1,0,9.0
KASKAZINI A,2023,39,7,0.5714285714285714,0.42857142857142855,0.14285714285714285,0.14285714285714285,0.42857142857142855,0.14285714285714285,0.14285714285714285,7,0,0,0,7,-5.924214283333334,39.28971255,0,0,0,0,1,1,0,1,0,9.0
KASKAZINI A,2023,40,8,0.75,0.25,0.0,0.5,0.375,0.0,0.125,8,0,0,0,7,-5.876878228571428,39.271054,4,0,0,0,0,0,0,2,0,10.0
KASKAZINI A,2023,41,4,0.25,0.75,0.0,0.0,0.25,0.5,0.25,4,0,0,1,3,-5.825960475,39.28501665,0,0,0,0,0,0,0,2,0,10.0
KASKAZINI A,2023,42,4,0.5,0.5,0.0,0.0,1.0,0.0,0.0,4,0,0,0,4,-5.8567248,39.270099175,1,0,0,0,0,0,0,0,0,10.0
KASKAZINI A,2023,43,4,0.5,0.5,0.0,0.5,0.25,0.0,0.25,4,0,0,0,4,-5.893390825,39.295748875,0,0,0,1,0,0,0,1,0,10.0
KASKAZINI A,2023,44,2,0.5,0.5,0.0,0.0,0.5,0.5,0.0,2,0,0,0,2,-5.8418826500000005,39.27302015,0,0,0,0,0,0,0,1,0,11.0
KASKAZINI A,2023,45,9,0.8888888888888888,0.1111111111111111,0.1111111111111111,0.2222222222222222,0.2222222222222222,0.2222222222222222,0.2222222222222222,9,0,0,2,6,-5.82877795,39.2970869625,2,0,0,1,0,0,0,1,0,11.0
KASKAZINI A,2023,46,9,0.8888888888888888,0.1111111111111111,0.2222222222222222,0.1111111111111111,0.5555555555555556,0.1111111111111111,0.0,9,0,0,2,7,-5.837980812500001,39.2782423,1,0,0,1,0,1,0,1,0,11.0
KASKAZINI A,2023,47,10,0.8,0.2,0.2,0.0,0.6,0.1,0.1,10,0,0,0,9,-5.9056138375,39.2796980125,0,0,0,1,1,1,0,1,0,11.0
KASKAZINI A,2023,48,13,0.38461538461538464,0.6153846153846154,0.07692307692307693,0.23076923076923078,0.23076923076923078,0.38461538461538464,0.07692307692307693,10,0,3,0,10,-5.847767161538461,39.30251612307693,3,0,0,1,1,0,0,1,0,12.0
KASKAZINI A,2023,49,21,0.8571428571428571,0.14285714285714285,0.047619047619047616,0.23809523809523808,0.23809523809523808,0.2857142857142857,0.19047619047619047,19,0,2,3,15,-5.86569260625,39.27375283125,3,1,0,2,0,1,0,0,0,12.0
KASKAZINI A,2023,50,35,0.9142857142857143,0.08571428571428572,0.11428571428571428,0.17142857142857143,0.4857142857142857,0.11428571428571428,0.11428571428571428,29,0,6,7,18,-5.8108959551724135,39.28952822758621,4,2,0,3,0,4,0,2,0,12.0
KASKAZINI A,2023,51,47,0.7872340425531915,0.2127659574468085,0.06382978723404255,0.06382978723404255,0.44680851063829785,0.2553191489361702,0.1702127659574468,47,0,0,8,31,-5.834789085714285,39.29655261142857,3,0,0,6,0,3,0,4,0,12.0
KASKAZINI A,2023,52,69,0.8405797101449275,0.15942028985507245,0.014492753623188406,0.11594202898550725,0.4492753623188406,0.3188405797101449,0.10144927536231885,66,0,3,9,48,-5.849653998181818,39.2959440890909,8,0,0,5,2,2,0,5,0,12.0
WETE,2018,1,5,0.4,0.6,0.0,0.2,0.6,0.2,0.0,3,0,2,0,3,-5.084737616818542,39.73866757279164,0,0,0,0,0,0,0,0,0,1.0
WETE,2018,2,2,0.5,0.5,0.5,0.0,0.0,0.5,0.0,2,0,0,0,1,-5.08826,39.755268599999994,0,0,0,0,0,0,0,0,0,1.0
WETE,2018,3,17,0.5294117647058824,0.35294117647058826,0.058823529411764705,0.5294117647058824,0.11764705882352941,0.11764705882352941,0.058823529411764705,14,0,3,2,12,-5.102893366666667,39.75105536666667,0,0,0,0,0,0,0,0,0,1.0
WETE,2018,4,12,0.5,0.25,0.0,0.3333333333333333,0.25,0.08333333333333333,0.08333333333333333,12,0,0,2,10,-5.293508166666666,39.74389118888889,0,0,0,0,0,0,0,0,0,1.0
WETE,2018,5,7,0.5714285714285714,0.42857142857142855,0.14285714285714285,0.7142857142857143,0.0,0.14285714285714285,0.0,6,0,1,2,4,-5.110023233333333,39.756062433333334,0,0,0,0,0,0,0,0,0,1.0
WETE,2018,6,4,1.0,0.0,0.0,0.5,0.5,0.0,0.0,2,0,2,0,2,-5.12364515,39.764478350000005,0,0,0,0,0,0,0,0,0,2.0
WETE,2018,7,14,0.5,0.5,0.2857142857142857,0.21428571428571427,0.5,0.0,0.0,13,0,1,0,13,-5.164641321428571,39.795281692857145,0,0,0,0,0,0,0,0,0,2.0
WETE,2018,8,6,0.6666666666666666,0.16666666666666666,0.16666666666666666,0.16666666666666666,0.3333333333333333,0.16666666666666666,0.0,5,0,1,1,4,-5.14011255,39.78496735,0,0,0,0,0,0,0,0,0,2.0
WETE,2018,9,6,0.5,0.3333333333333333,0.0,0.3333333333333333,0.3333333333333333,0.16666666666666666,0.0,2,0,4,0,2,-5.1897187,39.81028772,0,0,0,0,0,0,0,0,0,2.0
WETE,2018,10,1,1.0,0.0,1.0,0.0,0.0,0.0,0.0,1,0,0,0,1,-5.0364083,39.69464,0,0,0,0,0,0,0,0,0,3.0
WETE,2018,11,1,0.0,1.0,0.0,1.0,0.0,0.0,0.0,1,0,0,0,1,-5.1900804,39.8056487,0,0,0,0,0,0,0,0,0,3.0
WETE,2018,12,5,0.8,0.2,0.2,0.4,0.0,0.4,0.0,4,0,1,0,4,-5.154565119999999,39.78528394,0,0,0,0,0,0,0,0,0,3.0
WETE,2018,13,0,0.0,0.0,0.0,0.0,0.0,0.0,0.0,0,0,0,0,0,0.0,0.0,0,0,0,0,0,0,0,0,0,
WETE,2018,14,4,0.25,0.75,0.0,0.0,0.75,0.25,0.0,4,0,0,1,3,-5.09294115,39.740638525,0,0,0,0,0,0,0,0,0,4.0
WETE,2018,15,10,0.8,0.2,0.2,0.4,0.1,0.2,0.1,7,0,3,1,6,-5.11210206,39.761996620000005,0,0,0,0,0,0,0,0,0,4.0
WETE,2018,16,4,0.0,1.0,0.0,0.5,0.25,0.0,0.25,3,0,1,0,3,-5.0344742,39.7110371,0,0,0,0,0,0,0,0,0,4.0
WETE,2018,17,17,0.7058823529411765,0.29411764705882354,0.11764705882352941,0.47058823529411764,0.35294117647058826,0.058823529411764705,0.0,15,0,2,1,14,-5.03227128125,39.7315960375,0,0,0,0,0,0,0,0,0,4.0
WETE,2018,18,14,0.6428571428571429,0.35714285714285715,0.14285714285714285,0.5,0.14285714285714285,0.14285714285714285,0.07142857142857142,9,0,5,1,8,-5.051658809090909,39.73570913636364,0,0,0,0,0,0,0,0,0,5.0
WETE,2018,19,16,0.4375,0.375,0.0625,0.25,0.3125,0.125,0.0625,15,0,1,2,13,-5.052097675,39.72629628333333,0,0,0,0,0,0,0,0,0,5.0
WETE,2018,20,15,0.6666666666666666,0.2,0.06666666666666667,0.26666666666666666,0.3333333333333333,0.13333333333333333,0.06666666666666667,10,0,5,0,10,-5.155211536363637,39.780919372727276,0,0,0,0,0,0,0,0,0,5.0
WETE,2018,21,10,0.5,0.3,0.1,0.4,0.2,0.0,0.1,10,0,0,1,9,-5.147295066666667,39.787061933333334,0,0,0,0,0,0,0,0,0,5.0
WETE,2018,22,13,0.3076923076923077,0.6923076923076923,0.15384615384615385,0.3076923076923077,0.46153846153846156,0.0,0.07692307692307693,13,0,0,1,11,-5.0753500916666665,39.735497425,0,0,0,0,0,0,0,0,0,5.0
WETE,2018,23,7,0.2857142857142857,0.5714285714285714,0.14285714285714285,0.42857142857142855,0.14285714285714285,0.14285714285714285,0.0,6,0,1,1,5,-5.060491883333333,39.741758,0,0,0,0,0,0,0,0,0,6.0
WETE,2018,24,5,0.6,0.4,0.2,0.2,0.0,0.6,0.0,5,0,0,2,3,-5.1434809,39.77672713333333,0,0,0,0,0,0,0,0,0,6.0
WETE,2018,25,12,0.5833333333333334,0.16666666666666666,0.0,0.4166666666666667,0.25,0.0,0.08333333333333333,11,0,1,1,10,-5.124591475,39.7809960625,0,0,0,0,0,0,0,0,0,6.0
WETE,2018,26,11,0.45454545454545453,0.45454545454545453,0.0,0.36363636363636365,0.45454545454545453,0.09090909090909091,0.0,10,0,1,1,9,-5.12256881,39.764085890000004,0,0,0,0,0,0,0,0,0,6.0
WETE,2018,27,6,0.5,0.5,0.0,0.0,0.6666666666666666,0.3333333333333333,0.0,5,0,1,0,5,-5.1149747,39.75895583333334,0,0,0,0,0,0,0,0,0,7.0
WETE,2018,28,6,0.8333333333333334,0.16666666666666666,0.0,0.3333333333333333,0.5,0.16666666666666666,0.0,6,0,0,0,6,-5.139757516666667,39.775925199999996,0,0,0,0,0,0,0,0,0,7.0
WETE,2018,29,1,0.0,1.0,0.0,1.0,0.0,0.0,0.0,1,0,0,0,1,-5.1866895,39.8095097,0,0,0,0,0,0,0,0,0,7.0
WETE,2018,30,1,1.0,0.0,0.0,0.0,1.0,0.0,0.0,1,0,0,0,1,-5.1913726,39.8056487,0,0,0,0,0,0,0,0,0,7.0
WETE,2018,31,1,1.0,0.0,0.0,0.0,0.0,0.0,1.0,1,0,0,1,0,-5.1800236,39.8141743,0,0,0,0,0,0,0,0,0,8.0
WETE,2018,32,4,0.0,0.75,0.5,0.0,0.25,0.0,0.0,4,0,0,1,3,-5.1847289666666665,39.808541866666665,0,0,0,0,0,0,0,0,0,8.0
WETE,2018,33,6,0.6666666666666666,0.3333333333333333,0.0,0.16666666666666666,0.6666666666666666,0.16666666666666666,0.0,5,0,1,0,5,-5.14192596,39.77118524,0,0,0,0,0,0,0,0,0,8.0
WETE,2018,34,4,0.25,0.5,0.0,0.0,0.25,0.5,0.0,4,0,0,0,3,-5.1801044,39.8145992,0,0,0,0,0,0,0,0,0,8.0
WETE,2018,35,6,0.5,0.16666666666666666,0.0,0.0,0.0,0.6666666666666666,0.0,6,0,0,2,3,-5.089474775,39.760804425,0,0,0,0,0,0,0,0,0,8.0
WETE,2018,36,1,1.0,0.0,0.0,0.0,0.0,1.0,0.0,1,0,0,0,1,-5.1843227,39.806614,0,0,0,0,0,0,0,0,0,9.0
WETE,2018,37,1,0.0,0.0,0.0,0.0,0.0,0.0,0.0,1,0,0,0,1,,,0,0,0,0,0,0,0,0,0,9.0
WETE,2018,38,0,0.0,0.0,0.0,0.0,0.0,0.0,0.0,0,0,0,0,0,0.0,0.0,0,0,0,0,0,0,0,0,0,
WETE,2018,39,8,0.5,0.375,0.375,0.125,0.25,0.0,0.125,7,0,1,0,7,-5.086062075,39.735422125,0,0,0,0,0,0,0,0,0,9.0
WETE,2018,40,5,0.2,0.6,0.2,0.2,0.4,0.0,0.0,4,0,1,1,2,-5.109161800000001,39.75069815,0,0,0,0,0,0,0,0,0,10.0
WETE,2018,41,4,0.5,0.0,0.0,0.0,0.25,0.0,0.25,4,0,0,0,4,-5.0561042,39.7224525,0,0,0,0,0,0,0,0,0,10.0
WETE,2018,42,1,1.0,0.0,1.0,0.0,0.0,0.0,0.0,1,0,0,0,1,-5.0538857,39.7690955,0,0,0,0,0,0,0,0,0,10.0
WETE,2018,43,0,0.0,0.0,0.0,0.0,0.0,0.0,0.0,0,0,0,0,0,0.0,0.0,0,0,0,0,0,0,0,0,0,
WETE,2018,44,9,0.6666666666666666,0.1111111111111111,0.0,0.5555555555555556,0.2222222222222222,0.0,0.0,9,0,0,2,7,-5.052486728571429,39.728184857142864,0,0,0,0,0,0,0,0,0,11.0
WETE,2018,45,2,0.0,0.0,0.0,0.0,0.0,0.0,0.0,2,0,0,0,2,,,0,0,0,0,0,0,0,0,0,11.0
WETE,2018,46,0,0.0,0.0,0.0,0.0,0.0,0.0,0.0,0,0,0,0,0,0.0,0.0,0,0,0,0,0,0,0,0,0,
WETE,2018,47,2,0.5,0.0,0.0,0.5,0.0,0.0,0.0,2,0,0,0,2,-5.18383,39.8062923,0,0,0,0,0,0,0,0,0,11.0
WETE,2018,48,2,1.0,0.0,0.5,0.5,0.0,0.0,0.0,2,0,0,0,2,-5.037603000000001,39.71052065,0,0,0,0,0,0,0,0,0,11.0
WETE,2018,49,6,0.6666666666666666,0.16666666666666666,0.0,0.16666666666666666,0.16666666666666666,0.5,0.0,5,0,1,0,5,-5.050507260000001,39.71853711999999,0,0,0,0,0,0,0,0,0,12.0
WETE,2018,50,2,1.0,0.0,0.0,0.0,1.0,0.0,0.0,2,0,0,0,2,-5.01528465,39.707068899999996,0,0,0,0,0,0,0,0,0,12.0
WETE,2018,51,1,0.0,0.0,0.0,0.0,0.0,0.0,0.0,1,0,0,0,1,,,0,0,0,0,0,0,0,0,0,12.0
WETE,2018,52,3,0.0,1.0,0.6666666666666666,0.0,0.3333333333333333,0.0,0.0,2,0,1,0,2,-5.185407533333334,39.80479063333333,0,0,0,0,0,0,0,0,0,12.0
WETE,2019,1,1,1.0,0.0,0.0,1.0,0.0,0.0,0.0,0,0,1,0,0,-5.1711828,39.7992133,0,0,0,0,0,0,0,0,0,1.0
WETE,2019,2,4,0.5,0.25,0.0,0.0,0.5,0.0,0.25,4,0,0,0,4,-5.174227966666667,39.80457606666667,0,0,0,0,0,0,0,0,0,1.0
WETE,2019,3,13,0.3076923076923077,0.6153846153846154,0.23076923076923078,0.15384615384615385,0.3076923076923077,0.07692307692307693,0.15384615384615385,11,0,2,0,11,-5.1749366,39.71829865833333,0,0,0,0,0,0,0,0,0,1.0
WETE,2019,4,4,0.25,0.75,0.25,0.0,0.5,0.25,0.0,3,0,1,0,3,-5.2775205,39.64930875,0,0,0,0,0,0,0,0,0,1.0
WETE,2019,5,4,0.25,0.75,0.25,0.5,0.25,0.0,0.0,1,0,3,0,1,-5.07548165,39.7688069,0,0,0,0,0,0,0,0,0,1.0
WETE,2019,6,4,0.75,0.25,0.0,0.25,0.75,0.0,0.0,3,0,1,0,3,-5.024642,39.725936725,0,0,0,0,0,0,0,0,0,2.0
WETE,2019,7,5,0.6,0.4,0.0,0.0,0.8,0.2,0.0,5,0,0,0,5,-5.04805486,39.74241616,0,0,0,0,0,0,0,0,0,2.0
WETE,2019,8,1,1.0,0.0,0.0,0.0,1.0,0.0,0.0,1,0,0,0,1,-5.025569,39.8057921,0,0,0,0,0,0,0,0,0,2.0
WETE,2019,9,3,0.6666666666666666,0.0,0.6666666666666666,0.0,0.0,0.0,0.0,3,0,0,0,3,-5.060465799999999,39.7213625,0,0,0,0,0,0,0,0,0,2.0
WETE,2019,10,1,1.0,0.0,1.0,0.0,0.0,0.0,0.0,1,0,0,0,1,-5.095235,39.7013017,0,0,0,0,0,0,0,0,0,3.0
WETE,2019,11,6,0.6666666666666666,0.3333333333333333,0.16666666666666666,0.16666666666666666,0.6666666666666666,0.0,0.0,4,0,2,0,4,-5.103413983333334,39.745396766666666,0,0,0,0,0,0,0,0,0,3.0
WETE,2019,12,0,0.0,0.0,0.0,0.0,0.0,0.0,0.0,0,0,0,0,0,0.0,0.0,0,0,0,0,0,0,0,0,0,3.0
WETE,2019,13,1,1.0,0.0,0.0,0.0,0.0,0.0,1.0,1,0,0,0,1,-4.99438,39.743105,0,0,0,0,0,0,0,0,0,3.0
WETE,2019,14,5,0.6,0.4,0.0,0.6,0.4,0.0,0.0,4,0,1,0,4,-5.0376549,39.72643332,0,0,0,0,0,0,0,0,0,4.0
WETE,2019,15,2,1.0,0.0,0.5,0.0,0.0,0.5,0.0,2,0,0,0,2,-5.1339065,39.751833950000005,0,0,0,0,0,0,0,0,0,4.0
WETE,2019,16,2,0.0,0.5,0.0,0.5,0.0,0.0,0.0,2,0,0,0,2,-5.1859938,39.8050052,0,0,0,0,0,0,0,0,0,4.0
WETE,2019,17,4,0.75,0.0,0.0,0.75,0.0,0.25,0.0,4,0,0,0,4,-5.0767035,39.705959433333334,0,0,0,0,0,0,0,0,0,4.0
WETE,2019,18,10,0.5,0.4,0.1,0.2,0.5,0.0,0.1,9,0,1,4,5,-5.0774985,39.75349212857143,0,0,0,0,0,0,0,0,0,5.0
WETE,2019,19,6,0.5,0.5,0.0,0.5,0.3333333333333333,0.16666666666666666,0.0,5,0,1,1,4,-5.15223685,39.792794066666666,0,0,0,0,0,0,0,0,0,5.0
WETE,2019,20,13,0.7692307692307693,0.23076923076923078,0.07692307692307693,0.23076923076923078,0.3076923076923077,0.23076923076923078,0.15384615384615385,12,0,1,4,8,-5.081212307692307,39.75129574615384,0,0,0,0,0,0,0,0,0,5.0
WETE,2019,21,15,0.4666666666666667,0.5333333333333333,0.0,0.7333333333333333,0.0,0.06666666666666667,0.2,8,0,7,3,5,-5.09592724,39.779884726666666,2,0,0,0,0,1,0,0,0,5.0
WETE,2019,22,7,0.7142857142857143,0.14285714285714285,0.0,0.0,0.7142857142857143,0.14285714285714285,0.0,5,0,2,0,5,-5.1466071,39.80329093333334,0,0,0,0,0,0,0,0,0,5.0
WETE,2019,23,2,1.0,0.0,0.0,0.0,1.0,0.0,0.0,2,0,0,1,1,-5.1273118,39.76433295,0,0,0,0,0,0,0,0,0,6.0
WETE,2019,24,10,0.6,0.4,0.0,0.5,0.3,0.0,0.2,9,0,1,2,7,-5.118172899999999,39.77138873,0,0,0,0,0,0,0,0,0,6.0
WETE,2019,25,10,0.6,0.4,0.0,0.4,0.0,0.4,0.2,7,0,3,2,5,-5.111622022222222,39.772327600000004,1,0,0,0,0,0,0,0,0,6.0
WETE,2019,26,6,0.5,0.3333333333333333,0.0,0.5,0.3333333333333333,0.0,0.0,6,0,0,1,5,-5.066546325,39.739516025,1,0,0,0,0,0,0,0,0,6.0
WETE,2019,27,18,0.7222222222222222,0.2777777777777778,0.0,0.4444444444444444,0.3333333333333333,0.1111111111111111,0.1111111111111111,17,0,1,1,15,-5.1334915125,39.78032045625,10,0,0,0,0,2,0,0,0,7.0
WETE,2019,28,11,1.0,0.0,0.0,0.0,0.9090909090909091,0.09090909090909091,0.0,11,0,0,0,11,-5.140266700000001,39.789719677777775,2,0,0,0,0,7,0,0,0,7.0
WETE,2019,29,15,0.6,0.3333333333333333,0.0,0.2,0.4666666666666667,0.06666666666666667,0.2,14,0,1,1,11,-5.116564114285715,39.78664952142857,4,0,0,0,0,4,0,0,0,7.0
WETE,2019,30,16,0.625,0.375,0.0,0.25,0.6875,0.0625,0.0,14,0,2,0,14,-5.0740469125,39.74989365625,1,0,0,0,0,6,0,0,0,7.0
WETE,2019,31,9,0.4444444444444444,0.5555555555555556,0.1111111111111111,0.2222222222222222,0.4444444444444444,0.2222222222222222,0.0,9,0,0,1,8,-5.099026211111111,39.76583355555555,1,0,0,0,0,1,0,0,0,7.0
WETE,2019,32,1,1.0,0.0,0.0,0.0,1.0,0.0,0.0,1,0,0,0,1,-5.0386017,39.770065,1,0,0,0,0,0,0,0,0,8.0
WETE,2019,33,6,0.8333333333333334,0.16666666666666666,0.16666666666666666,0.5,0.0,0.3333333333333333,0.0,5,0,1,0,5,-5.021024883333333,39.71198115,3,0,0,0,0,1,0,0,0,8.0
WETE,2019,34,1,1.0,0.0,0.0,0.0,1.0,0.0,0.0,1,0,0,1,0,-5.0605649,39.7195174,0,0,0,0,0,0,0,0,0,8.0
WETE,2019,35,1,0.0,0.0,0.0,0.0,1.0,0.0,0.0,1,0,0,1,0,,,0,0,0,0,0,0,0,0,0,8.0
WETE,2019,36,4,1.0,0.0,0.0,0.25,0.75,0.0,0.0,3,0,1,0,3,-5.087673725,39.793855,1,0,0,0,0,1,0,0,0,9.0
WETE,2019,37,4,0.75,0.25,0.0,0.25,0.75,0.0,0.0,4,0,0,2,2,-5.128070966666667,39.7809996,0,0,0,0,0,2,0,0,0,9.0
WETE,2019,38,5,1.0,0.0,0.0,0.2,0.2,0.4,0.2,4,0,1,0,4,-5.009668850000001,39.699996275000004,0,0,0,0,0,0,0,0,0,9.0
WETE,2019,39,5,0.8,0.2,0.2,0.0,0.6,0.0,0.2,5,0,0,0,5,-5.27568786,39.69528598,1,0,0,0,0,1,0,0,0,9.0
WETE,2019,40,2,0.5,0.5,0.5,0.0,0.5,0.0,0.0,2,0,0,1,1,-5.1198452,39.7965901,0,0,0,0,0,0,0,0,0,9.0
WETE,2019,41,15,0.3333333333333333,0.6666666666666666,0.26666666666666666,0.3333333333333333,0.13333333333333333,0.13333333333333333,0.13333333333333333,8,0,7,1,7,-5.039218366666666,39.72656808,3,0,0,0,0,0,0,0,0,10.0
WETE,2019,42,4,0.75,0.25,0.25,0.0,0.5,0.0,0.25,4,0,0,0,4,-5.078487,39.782418500000006,2,0,0,0,0,0,0,0,0,10.0
WETE,2019,43,9,0.7777777777777778,0.2222222222222222,0.4444444444444444,0.2222222222222222,0.0,0.1111111111111111,0.2222222222222222,5,0,4,0,5,-5.158597366666667,39.79995751111111,1,0,0,0,0,0,0,0,0,10.0
WETE,2019,44,4,1.0,0.0,0.0,0.0,0.5,0.5,0.0,4,0,0,2,2,-5.141811499999999,39.81295545,0,0,0,0,0,0,0,0,0,10.0
WETE,2019,45,2,1.0,0.0,0.0,0.0,0.5,0.0,0.5,2,0,0,1,1,-5.10044525,39.7667271,0,0,0,0,0,0,0,0,0,11.0
WETE,2019,46,0,0.0,0.0,0.0,0.0,0.0,0.0,0.0,0,0,0,0,0,0.0,0.0,0,0,0,0,0,0,0,0,0,
WETE,2019,47,4,0.5,0.5,0.5,0.5,0.0,0.0,0.0,4,0,0,0,4,-5.003294425,39.7342492,3,0,0,0,0,0,0,0,0,11.0
WETE,2019,48,4,1.0,0.0,0.0,0.0,1.0,0.0,0.0,4,0,0,0,4,-5.143574299999999,39.8173438,2,0,0,0,0,2,0,0,0,11.0
WETE,2019,49,3,0.3333333333333333,0.6666666666666666,0.0,0.0,1.0,0.0,0.0,3,0,0,2,1,-5.078054033333333,39.79061853333334,0,0,0,0,0,0,0,0,0,12.0
WETE,2019,50,9,1.0,0.0,0.1111111111111111,0.1111111111111111,0.5555555555555556,0.1111111111111111,0.1111111111111111,8,0,1,1,7,-5.087603566666667,39.808489200000004,3,0,0,0,0,2,0,0,0,12.0
WETE,2019,51,19,0.6842105263157895,0.2631578947368421,0.10526315789473684,0.3684210526315789,0.3684210526315789,0.10526315789473684,0.05263157894736842,18,0,1,4,14,-5.094574325,39.75807694375,8,0,0,0,0,1,0,0,0,12.0
WETE,2019,52,21,0.5238095238095238,0.42857142857142855,0.14285714285714285,0.09523809523809523,0.42857142857142855,0.23809523809523808,0.09523809523809523,20,0,1,3,17,-5.09032336875,39.7759736375,5,0,0,0,0,0,0,0,0,12.0
WETE,2020,1,12,0.6666666666666666,0.3333333333333333,0.0,0.3333333333333333,0.3333333333333333,0.3333333333333333,0.0,10,0,2,2,8,-5.053299325,39.76571575,2,0,0,0,0,4,0,0,0,1.0
WETE,2020,2,28,0.5714285714285714,0.35714285714285715,0.0,0.17857142857142858,0.6071428571428571,0.14285714285714285,0.07142857142857142,28,0,0,6,22,-5.0570597,39.73152112631579,2,0,0,0,0,3,0,0,0,1.0
WETE,2020,3,60,0.5333333333333333,0.4,0.1,0.35,0.4166666666666667,0.11666666666666667,0.0,56,0,4,5,50,-5.079909391836734,39.75826867346939,14,0,0,0,0,16,0,0,0,1.0
WETE,2020,4,49,0.42857142857142855,0.30612244897959184,0.08163265306122448,0.3673469387755102,0.3877551020408163,0.12244897959183673,0.04081632653061224,46,0,3,6,40,-5.099468699999999,39.758539857692305,16,0,0,0,0,0,0,0,0,1.0
WETE,2020,5,52,0.28846153846153844,0.07692307692307693,0.3269230769230769,0.21153846153846154,0.3269230769230769,0.07692307692307693,0.057692307692307696,51,0,1,11,40,-5.114116227777778,39.76823082777778,6,0,0,0,0,2,0,0,0,1.0
WETE,2020,6,24,0.5416666666666666,0.20833333333333334,0.2916666666666667,0.16666666666666666,0.375,0.125,0.041666666666666664,23,0,1,0,23,-5.1226245875,39.7695881125,4,0,0,0,0,4,0,0,0,2.0
WETE,2020,7,12,0.4166666666666667,0.08333333333333333,0.25,0.3333333333333333,0.25,0.16666666666666666,0.0,12,0,0,2,10,-5.17984805,39.814196775,4,0,0,0,0,0,0,0,0,2.0
WETE,2020,8,23,0.5652173913043478,0.30434782608695654,0.17391304347826086,0.34782608695652173,0.34782608695652173,0.08695652173913043,0.043478260869565216,20,0,3,3,17,-5.066191488235294,39.74115661764706,8,0,0,0,0,0,0,0,0,2.0
WETE,2020,9,15,0.8,0.06666666666666667,0.06666666666666667,0.2,0.6666666666666666,0.0,0.06666666666666667,15,0,0,2,13,-5.115901963636364,39.77458872727273,4,0,0,0,0,3,0,0,0,2.0
WETE,2020,10,10,0.9,0.1,0.0,0.1,0.4,0.3,0.2,9,0,1,0,9,-5.11272214,39.74941351,2,0,0,0,0,4,0,0,0,3.0
WETE,2020,11,18,0.6666666666666666,0.3333333333333333,0.05555555555555555,0.16666666666666666,0.6666666666666666,0.05555555555555555,0.05555555555555555,18,0,0,2,16,-5.0777198142857145,39.729466249999994,6,0,0,0,0,3,0,0,0,3.0
WETE,2020,12,6,0.16666666666666666,0.16666666666666666,0.5,0.0,0.3333333333333333,0.0,0.16666666666666666,5,0,1,0,5,,,0,0,0,0,0,0,0,0,0,3.0
WETE,2020,13,19,0.5789473684210527,0.3684210526315789,0.21052631578947367,0.5263157894736842,0.15789473684210525,0.05263157894736842,0.05263157894736842,15,0,4,0,14,-5.065285592857143,39.73202092857143,8,0,0,0,0,1,0,0,0,3.0
WETE,2020,14,24,0.7083333333333334,0.2916666666666667,0.041666666666666664,0.2916666666666667,0.5416666666666666,0.08333333333333333,0.041666666666666664,22,0,2,0,22,-5.072322691666667,39.7330067625,11,0,0,0,0,1,0,0,0,3.0
WETE,2020,15,4,0.5,0.5,0.0,0.5,0.25,0.0,0.25,4,0,0,0,4,-5.0220537,39.704744999999996,2,0,0,0,0,0,0,0,0,4.0
WETE,2020,16,4,1.0,0.0,0.0,0.5,0.5,0.0,0.0,4,0,0,1,3,-5.052670825,39.708456975000004,4,0,0,0,0,0,0,0,0,4.0
WETE,2020,17,21,0.6666666666666666,0.3333333333333333,0.09523809523809523,0.7619047619047619,0.09523809523809523,0.0,0.047619047619047616,14,0,7,1,13,-5.0328073,39.71535072857143,12,0,0,0,0,0,0,0,0,4.0
WETE,2020,18,18,0.6666666666666666,0.3333333333333333,0.16666666666666666,0.3333333333333333,0.3888888888888889,0.1111111111111111,0.0,15,0,3,0,15,-5.048002972222222,39.74039277222222,7,0,0,0,0,4,0,0,0,4.0
WETE,2020,19,18,0.8333333333333334,0.16666666666666666,0.0,0.3888888888888889,0.3333333333333333,0.16666666666666666,0.1111111111111111,15,0,3,1,14,-5.118605027777778,39.735088561111105,7,0,0,0,0,4,0,0,0,5.0
WETE,2020,20,10,0.7,0.3,0.1,0.5,0.4,0.0,0.0,10,0,0,0,10,-5.11998269,39.767289319999996,4,0,0,0,0,3,0,0,0,5.0
WETE,2020,21,15,0.7333333333333333,0.2,0.13333333333333333,0.2,0.4,0.2,0.06666666666666667,15,0,0,1,14,-5.114714671428572,39.77064803571428,2,0,0,0,0,2,0,0,0,5.0
WETE,2020,22,5,1.0,0.0,0.2,0.0,0.8,0.0,0.0,4,0,1,0,4,-5.06565578,39.79934016,0,0,0,0,0,3,0,0,0,5.0
WETE,2020,23,4,0.75,0.25,0.25,0.0,0.75,0.0,0.0,2,0,2,0,2,-5.104240875,39.790427975,0,0,0,0,0,2,0,0,0,6.0
WETE,2020,24,7,0.7142857142857143,0.2857142857142857,0.14285714285714285,0.0,0.7142857142857143,0.14285714285714285,0.0,6,0,1,0,6,-5.1499327571428575,39.79204468571429,1,0,0,0,0,0,0,0,0,6.0
WETE,2020,25,6,1.0,0.0,0.0,0.16666666666666666,0.3333333333333333,0.5,0.0,4,0,2,1,3,-5.179884283333333,39.81427671666667,1,0,0,0,0,1,0,0,0,6.0
WETE,2020,26,5,0.6,0.4,0.0,0.4,0.2,0.4,0.0,4,0,1,0,4,-5.126877179999999,39.776497840000005,0,0,0,0,0,0,0,0,0,6.0
WETE,2020,27,8,0.875,0.125,0.0,0.0,0.5,0.375,0.125,8,0,0,1,7,-5.103716257142858,39.788343485714286,3,0,0,0,0,1,0,0,0,7.0
WETE,2020,28,6,0.5,0.5,0.0,0.6666666666666666,0.16666666666666666,0.0,0.16666666666666666,6,0,0,0,6,-5.18005565,39.814189766666665,4,0,0,0,0,0,0,0,0,7.0
WETE,2020,29,8,0.625,0.375,0.375,0.125,0.375,0.125,0.0,6,0,2,0,6,-5.1427359428571435,39.786846142857144,0,0,0,0,0,1,0,0,0,7.0
WETE,2020,30,8,1.0,0.0,0.125,0.0,0.875,0.0,0.0,8,0,0,1,7,-5.10986575,39.7685456125,3,0,0,0,0,1,0,0,0,7.0
WETE,2020,31,5,0.6,0.4,0.0,0.6,0.2,0.0,0.2,5,0,0,2,3,-5.1327112,39.78597938,3,0,0,0,0,1,0,0,0,7.0
WETE,2020,32,19,1.0,0.0,0.0,0.0,0.8947368421052632,0.10526315789473684,0.0,12,0,7,2,10,-5.172526310526315,39.80912840526315,1,0,0,0,0,16,0,0,0,8.0
WETE,2020,33,9,0.5555555555555556,0.4444444444444444,0.0,0.3333333333333333,0.4444444444444444,0.1111111111111111,0.1111111111111111,9,0,0,1,8,-5.0902707000000005,39.76236277777778,2,0,0,0,0,3,0,0,0,8.0
WETE,2020,34,11,0.6363636363636364,0.36363636363636365,0.09090909090909091,0.18181818181818182,0.5454545454545454,0.09090909090909091,0.09090909090909091,8,0,3,1,7,-5.123479245454546,39.77358423636363,2,0,0,0,0,1,0,0,0,8.0
WETE,2020,35,10,0.4,0.6,0.0,0.4,0.3,0.3,0.0,5,0,5,0,5,-5.15543553,39.79759283,3,0,0,0,0,1,0,0,0,8.0
WETE,2020,36,10,0.8,0.2,0.3,0.4,0.3,0.0,0.0,8,0,2,1,7,-5.109735177777778,39.77371592222222,3,0,0,0,0,0,0,0,0,9.0
WETE,2020,37,1,1.0,0.0,0.0,1.0,0.0,0.0,0.0,1,0,0,0,1,-5.0387128,39.6931273,1,0,0,0,0,0,0,0,0,9.0
WETE,2020,38,2,1.0,0.0,0.0,0.5,0.5,0.0,0.0,2,0,0,0,2,-5.09352745,39.7589982,0,0,0,0,0,0,0,0,0,9.0
WETE,2020,39,5,0.8,0.2,0.4,0.0,0.6,0.0,0.0,4,0,1,1,3,-5.02552234,39.738061540000004,1,0,0,0,0,0,0,0,0,9.0
WETE,2020,40,1,1.0,0.0,0.0,1.0,0.0,0.0,0.0,1,0,0,0,1,-5.0523156,39.7360731,1,0,0,0,0,0,0,0,0,9.0
WETE,2020,41,7,0.8571428571428571,0.14285714285714285,0.2857142857142857,0.0,0.7142857142857143,0.0,0.0,5,0,2,1,4,-5.089045485714286,39.77804814285714,1,0,0,0,0,2,0,0,0,10.0
WETE,2020,42,6,0.6666666666666666,0.3333333333333333,0.3333333333333333,0.0,0.6666666666666666,0.0,0.0,4,0,2,0,4,-5.11336245,39.7866823,2,0,0,0,0,0,0,0,0,10.0
WETE,2020,43,0,0.0,0.0,0.0,0.0,0.0,0.0,0.0,0,0,0,0,0,0.0,0.0,0,0,0,0,0,0,0,0,0,
WETE,2020,44,2,0.0,1.0,0.5,0.0,0.5,0.0,0.0,2,0,0,1,1,-5.0201542,39.73205945,0,0,0,0,0,0,0,0,0,10.0
WETE,2020,45,1,1.0,0.0,1.0,0.0,0.0,0.0,0.0,0,0,1,0,0,-5.0372242,39.7575504,0,0,0,0,0,0,0,0,0,11.0
WETE,2020,46,1,0.0,1.0,0.0,1.0,0.0,0.0,0.0,1,0,0,0,1,-5.0576972,39.7335165,1,0,0,0,0,0,0,0,0,11.0
WETE,2020,47,2,1.0,0.0,1.0,0.0,0.0,0.0,0.0,2,0,0,0,2,-5.01615895,39.727477449999995,0,0,0,0,0,0,0,0,0,11.0
WETE,2020,48,5,0.4,0.6,0.2,0.2,0.4,0.2,0.0,5,0,0,0,5,-5.084434,39.74657918,2,0,0,0,0,1,0,0,0,11.0
WETE,2020,49,6,0.5,0.5,0.5,0.16666666666666666,0.16666666666666666,0.16666666666666666,0.0,4,0,2,0,4,-5.1120725333333334,39.762107566666664,0,0,0,0,0,0,0,0,0,12.0
WETE,2020,50,10,0.7,0.3,0.2,0.4,0.2,0.1,0.1,9,0,1,1,8,-5.2265195888888885,39.72758017777778,2,0,0,0,0,0,0,0,0,12.0
WETE,2020,51,14,0.6428571428571429,0.35714285714285715,0.0,0.21428571428571427,0.35714285714285715,0.35714285714285715,0.07142857142857142,12,0,2,5,7,-5.0817682642857145,39.763649199999996,4,0,0,0,0,0,0,0,0,12.0
WETE,2020,52,2,1.0,0.0,0.0,0.0,0.5,0.0,0.5,2,0,0,0,2,-5.0346733,39.71814535,0,0,0,0,0,0,0,0,0,12.0
WETE,2021,1,0,0.0,0.0,0.0,0.0,0.0,0.0,0.0,0,0,0,0,0,0.0,0.0,0,0,0,0,0,0,0,0,0,1.0
WETE,2021,2,14,0.6428571428571429,0.35714285714285715,0.07142857142857142,0.21428571428571427,0.35714285714285715,0.35714285714285715,0.0,10,0,4,1,9,-5.191675469230769,39.74271598461539,2,0,0,0,0,0,0,0,0,1.0
WETE,2021,3,6,0.8333333333333334,0.16666666666666666,0.0,0.16666666666666666,0.5,0.16666666666666666,0.16666666666666666,6,0,0,0,6,-5.0690787833333335,39.74263855,0,0,0,1,0,1,0,0,0,1.0
WETE,2021,4,4,0.5,0.5,0.0,0.25,0.75,0.0,0.0,4,0,0,1,3,-5.1159326499999995,39.7566546,3,0,0,0,0,0,0,0,0,1.0
WETE,2021,5,1,1.0,0.0,0.0,0.0,1.0,0.0,0.0,1,0,0,0,1,-5.1809997,39.8157374,1,0,0,0,0,0,0,0,0,1.0
WETE,2021,6,6,0.6666666666666666,0.3333333333333333,0.16666666666666666,0.0,0.5,0.16666666666666666,0.16666666666666666,6,0,0,2,4,-5.081724333333334,39.75410251666667,1,0,0,0,0,1,0,0,0,2.0
WETE,2021,7,2,0.5,0.5,0.0,0.0,0.5,0.5,0.0,2,0,0,0,2,-5.15415325,39.788561,0,0,0,0,0,1,0,0,0,2.0
WETE,2021,8,13,0.6923076923076923,0.3076923076923077,0.07692307692307693,0.07692307692307693,0.7692307692307693,0.07692307692307693,0.0,11,0,2,1,10,-5.134102741666667,39.779720866666665,2,0,0,0,0,3,0,0,0,2.0
WETE,2021,9,10,0.6,0.4,0.3,0.2,0.4,0.0,0.1,8,0,2,3,5,-5.06506318,39.73300533,2,0,0,0,0,1,0,0,0,2.0
WETE,2021,10,0,0.0,0.0,0.0,0.0,0.0,0.0,0.0,0,0,0,0,0,0.0,0.0,0,0,0,0,0,0,0,0,0,2.0
WETE,2021,11,1,1.0,0.0,0.0,0.0,0.0,1.0,0.0,1,0,0,0,1,-5.0899012,39.7124906,0,0,0,0,0,0,0,0,0,3.0
WETE,2021,12,13,0.5384615384615384,0.46153846153846156,0.07692307692307693,0.38461538461538464,0.5384615384615384,0.0,0.0,9,0,4,0,9,-5.086315861538461,39.752144469230764,3,0,0,0,0,1,0,0,0,3.0
WETE,2021,13,1,1.0,0.0,0.0,0.0,1.0,0.0,0.0,1,0,0,0,1,-5.0626133,39.72008,0,0,0,0,0,0,0,0,0,3.0
WETE,2021,14,6,1.0,0.0,0.0,0.5,0.5,0.0,0.0,4,0,2,0,4,-5.094526666666667,39.77779701666667,0,0,0,0,0,2,0,0,0,3.0
WETE,2021,15,6,0.6666666666666666,0.3333333333333333,0.0,0.0,1.0,0.0,0.0,4,0,2,1,3,-5.067707116666667,39.760375116666665,0,0,0,1,0,1,0,1,0,4.0
WETE,2021,16,3,0.6666666666666666,0.3333333333333333,0.0,0.0,1.0,0.0,0.0,3,0,0,0,3,-5.170102666666666,39.80318286666667,0,0,0,0,0,2,0,1,0,4.0
WETE,2021,17,13,0.6923076923076923,0.3076923076923077,0.15384615384615385,0.3076923076923077,0.3076923076923077,0.15384615384615385,0.07692307692307693,13,0,0,1,12,-5.080600053846154,39.75713207692308,6,0,0,0,2,3,0,0,0,4.0
WETE,2021,18,6,0.6666666666666666,0.3333333333333333,0.16666666666666666,0.16666666666666666,0.0,0.6666666666666666,0.0,6,0,0,0,6,-5.05989615,39.75640168333334,0,0,0,0,0,2,0,0,0,4.0
WETE,2021,19,11,0.8181818181818182,0.09090909090909091,0.0,0.0,0.7272727272727273,0.09090909090909091,0.09090909090909091,10,0,1,0,10,-5.102263890000001,39.79314168,1,0,0,0,1,6,1,1,0,5.0
WETE,2021,20,3,1.0,0.0,0.0,0.0,0.6666666666666666,0.0,0.3333333333333333,1,0,2,1,0,-5.0960984,39.8374368,0,0,0,0,0,2,0,0,0,5.0
WETE,2021,21,14,0.7857142857142857,0.21428571428571427,0.0,0.14285714285714285,0.7142857142857143,0.07142857142857142,0.07142857142857142,11,0,3,0,11,-5.087187892307692,39.772038769230775,2,0,0,0,0,7,0,2,0,5.0
WETE,2021,22,5,0.8,0.2,0.2,0.0,0.6,0.2,0.0,5,0,0,0,5,-5.1289985399999996,39.79809164,0,0,0,0,0,2,0,0,0,5.0
WETE,2021,23,10,0.6,0.4,0.4,0.0,0.3,0.2,0.1,7,0,3,0,7,-5.0616775,39.74742451,2,0,0,0,0,0,1,0,0,6.0
WETE,2021,24,5,0.6,0.4,0.2,0.4,0.4,0.0,0.0,4,0,1,2,2,-5.117916660000001,39.78128052,0,0,0,0,0,1,0,0,0,6.0
WETE,2021,25,4,0.75,0.25,0.0,0.0,0.75,0.0,0.25,4,0,0,0,4,-5.0926022500000006,39.81769785,1,0,0,0,1,1,0,0,0,6.0
WETE,2021,26,9,0.7777777777777778,0.2222222222222222,0.2222222222222222,0.1111111111111111,0.5555555555555556,0.0,0.1111111111111111,9,0,0,1,8,-5.0604581125,39.7600529375,2,0,0,0,0,1,0,1,0,6.0
WETE,2021,27,4,0.75,0.25,0.0,0.0,0.5,0.5,0.0,4,0,0,2,2,-5.085521625,39.75564935,0,0,0,0,0,0,0,1,0,6.0
WETE,2021,28,5,1.0,0.0,0.2,0.2,0.2,0.2,0.2,5,0,0,0,5,-5.07369636,39.746369,1,0,0,0,0,1,1,0,0,7.0
WETE,2021,29,3,0.6666666666666666,0.3333333333333333,0.0,0.3333333333333333,0.3333333333333333,0.0,0.3333333333333333,3,0,0,0,3,-5.0701421,39.7431527,0,0,0,0,1,0,0,0,0,7.0
WETE,2021,30,8,0.625,0.375,0.0,0.5,0.375,0.0,0.125,4,0,4,0,4,-5.12818135,39.758239025,4,0,0,0,0,1,0,1,0,7.0
WETE,2021,31,6,0.6666666666666666,0.3333333333333333,0.3333333333333333,0.0,0.3333333333333333,0.3333333333333333,0.0,6,0,0,0,6,-5.095902316666667,39.780679516666666,0,0,0,0,1,1,0,2,0,7.0
WETE,2021,32,8,0.875,0.125,0.125,0.0,0.5,0.25,0.125,5,0,3,1,4,-5.12418555,39.814402025,0,0,0,0,0,4,0,0,0,8.0
WETE,2021,33,8,0.625,0.375,0.25,0.125,0.25,0.25,0.125,5,0,3,0,5,-5.088472475,39.7389720125,0,0,0,0,3,0,0,0,0,8.0
WETE,2021,34,4,0.5,0.5,0.25,0.0,0.5,0.25,0.0,3,0,1,0,3,-5.084530225,39.76987835,0,0,0,0,0,1,0,0,0,8.0
WETE,2021,35,0,0.0,0.0,0.0,0.0,0.0,0.0,0.0,0,0,0,0,0,0.0,0.0,0,0,0,0,0,0,0,0,0,
WETE,2021,36,4,0.75,0.25,0.0,0.25,0.5,0.0,0.25,3,0,1,0,3,-5.086048725,39.74207015,1,0,0,0,2,1,0,0,0,9.0
WETE,2021,37,0,0.0,0.0,0.0,0.0,0.0,0.0,0.0,0,0,0,0,0,0.0,0.0,0,0,0,0,0,0,0,0,0,9.0
WETE,2021,38,3,0.3333333333333333,0.6666666666666666,0.0,0.0,1.0,0.0,0.0,3,0,0,0,3,-5.0910798,39.75885846666667,0,0,0,0,0,0,0,0,0,9.0
WETE,2021,39,0,0.0,0.0,0.0,0.0,0.0,0.0,0.0,0,0,0,0,0,0.0,0.0,0,0,0,0,0,0,0,0,0,
WETE,2021,40,0,0.0,0.0,0.0,0.0,0.0,0.0,0.0,0,0,0,0,0,0.0,0.0,0,0,0,0,0,0,0,0,0,10.0
WETE,2021,41,0,0.0,0.0,0.0,0.0,0.0,0.0,0.0,0,0,0,0,0,0.0,0.0,0,0,0,0,0,0,0,0,0,10.0
WETE,2021,42,2,1.0,0.0,0.0,0.0,0.0,0.5,0.5,2,0,0,0,2,-5.13120365,39.77627805,0,0,0,0,0,0,0,0,0,10.0
WETE,2021,43,1,0.0,1.0,1.0,0.0,0.0,0.0,0.0,1,0,0,0,1,-5.0869362,39.7409413,0,0,0,0,0,0,0,0,0,10.0
WETE,2021,44,0,0.0,0.0,0.0,0.0,0.0,0.0,0.0,0,0,0,0,0,0.0,0.0,0,0,0,0,0,0,0,0,0,
WETE,2021,45,5,0.8,0.2,0.4,0.0,0.6,0.0,0.0,4,0,1,0,4,-5.11512346,39.74172744,0,0,0,0,1,0,1,0,0,11.0
WETE,2021,46,3,0.3333333333333333,0.6666666666666666,0.3333333333333333,0.0,0.3333333333333333,0.0,0.3333333333333333,2,0,1,1,1,-5.022010000000001,39.714316966666665,0,0,0,0,2,0,0,0,0,11.0
WETE,2021,47,0,0.0,0.0,0.0,0.0,0.0,0.0,0.0,0,0,0,0,0,0.0,0.0,0,0,0,0,0,0,0,0,0,11.0
WETE,2021,48,1,1.0,0.0,0.0,0.0,0.0,0.0,1.0,1,0,0,1,0,-5.0387275,39.686732,0,0,0,0,0,0,0,0,0,11.0
WETE,2021,49,0,0.0,0.0,0.0,0.0,0.0,0.0,0.0,0,0,0,0,0,0.0,0.0,0,0,0,0,0,0,0,0,0,
WETE,2021,50,3,1.0,0.0,0.0,0.6666666666666666,0.3333333333333333,0.0,0.0,3,0,0,0,3,-5.0677688000000005,39.74826636666666,2,0,0,0,1,0,0,0,0,12.0
WETE,2021,51,4,1.0,0.0,0.0,0.25,0.75,0.0,0.0,3,0,1,0,3,-5.1099617,39.76175146666667,1,0,0,0,0,0,1,0,0,12.0
WETE,2021,52,9,0.7777777777777778,0.2222222222222222,0.0,0.2222222222222222,0.4444444444444444,0.3333333333333333,0.0,6,0,3,2,4,-5.056293022222222,39.71512679999999,2,0,0,0,4,0,0,1,0,12.0
WETE,2022,1,0,0.0,0.0,0.0,0.0,0.0,0.0,0.0,0,0,0,0,0,0.0,0.0,0,0,0,0,0,0,0,0,0,
WETE,2022,2,9,0.3333333333333333,0.6666666666666666,0.2222222222222222,0.5555555555555556,0.1111111111111111,0.1111111111111111,0.0,8,0,1,3,5,-5.054307022222222,39.72482868888889,5,0,0,0,0,0,0,0,0,1.0
WETE,2022,3,10,0.9,0.1,0.1,0.3,0.3,0.2,0.1,9,0,1,1,8,-5.09618029,39.76563064,3,0,0,0,0,1,0,1,0,1.0
WETE,2022,4,9,0.5555555555555556,0.4444444444444444,0.0,0.3333333333333333,0.4444444444444444,0.1111111111111111,0.1111111111111111,9,0,0,0,9,-5.083672488888889,39.755202311111105,5,0,0,0,2,0,0,1,0,1.0
WETE,2022,5,6,0.8333333333333334,0.16666666666666666,0.16666666666666666,0.3333333333333333,0.3333333333333333,0.16666666666666666,0.0,5,0,1,1,4,-5.0984386,39.765451399999996,3,0,0,0,1,1,0,0,0,1.0
WETE,2022,6,3,0.3333333333333333,0.6666666666666666,0.0,0.6666666666666666,0.0,0.3333333333333333,0.0,3,0,0,0,3,-5.048900266666667,39.712642100000004,1,0,0,0,0,0,0,0,0,2.0
WETE,2022,7,7,0.5714285714285714,0.42857142857142855,0.0,0.14285714285714285,0.42857142857142855,0.14285714285714285,0.2857142857142857,6,0,1,3,3,-5.0493282142857145,39.71179792857142,2,0,0,0,1,0,1,1,0,2.0
WETE,2022,8,4,1.0,0.0,0.0,0.0,0.25,0.5,0.25,4,0,0,0,4,-5.0578972,39.75038015,0,0,0,0,1,2,0,0,0,2.0
WETE,2022,9,6,0.6666666666666666,0.16666666666666666,0.16666666666666666,0.16666666666666666,0.0,0.3333333333333333,0.16666666666666666,5,0,1,0,5,-5.0491426399999995,39.73312186,1,0,0,0,0,1,0,0,0,2.0
WETE,2022,10,3,1.0,0.0,0.0,0.3333333333333333,0.3333333333333333,0.3333333333333333,0.0,3,0,0,0,3,-5.0722638,39.7462778,1,0,0,0,0,2,0,0,0,3.0
WETE,2022,11,11,0.5454545454545454,0.45454545454545453,0.09090909090909091,0.18181818181818182,0.36363636363636365,0.18181818181818182,0.18181818181818182,8,0,3,1,7,-5.050908499999999,39.71542412727273,2,0,0,0,3,0,0,2,0,3.0
WETE,2022,12,4,0.5,0.5,0.0,0.25,0.75,0.0,0.0,4,0,0,1,3,-5.05087945,39.737430325,1,0,0,0,1,0,0,0,0,3.0
WETE,2022,13,8,0.75,0.25,0.125,0.125,0.5,0.25,0.0,6,0,2,0,6,-5.092212225,39.7712470875,0,0,0,0,1,3,0,0,0,3.0
WETE,2022,14,5,0.8,0.2,0.2,0.2,0.6,0.0,0.0,5,0,0,1,4,-5.07649376,39.79575862,0,0,0,0,0,3,0,1,0,4.0
WETE,2022,15,12,0.9166666666666666,0.08333333333333333,0.0,0.0,0.8333333333333334,0.0,0.16666666666666666,12,0,0,0,12,-5.100796166666666,39.824943075,2,0,0,0,0,9,0,1,0,4.0
WETE,2022,16,11,1.0,0.0,0.0,0.0,0.9090909090909091,0.09090909090909091,0.0,10,0,1,0,10,-5.103080145454546,39.80508163636363,1,0,0,0,0,10,0,0,0,4.0
WETE,2022,17,17,0.9411764705882353,0.058823529411764705,0.0,0.058823529411764705,0.8235294117647058,0.058823529411764705,0.058823529411764705,14,0,3,0,14,-5.088321452941177,39.80454882352941,1,0,0,0,2,14,0,0,0,4.0
WETE,2022,18,6,0.5,0.5,0.3333333333333333,0.16666666666666666,0.5,0.0,0.0,6,0,0,0,6,-5.059720633469438,39.7548524215049,0,0,0,0,0,2,0,0,0,4.0
WETE,2022,19,9,1.0,0.0,0.3333333333333333,0.0,0.5555555555555556,0.0,0.1111111111111111,7,0,2,1,6,-5.065259895706941,39.76211045394474,0,0,0,0,0,5,0,0,0,5.0
WETE,2022,20,12,0.5833333333333334,0.4166666666666667,0.08333333333333333,0.25,0.5,0.16666666666666666,0.0,9,0,3,1,8,-5.102830283333334,39.79132534166667,3,0,0,0,0,3,0,4,0,5.0
WETE,2022,21,11,0.6363636363636364,0.36363636363636365,0.09090909090909091,0.09090909090909091,0.8181818181818182,0.0,0.0,9,0,2,0,9,-5.07947318,39.79187076,2,0,0,0,1,4,0,1,0,5.0
WETE,2022,22,9,0.6666666666666666,0.3333333333333333,0.1111111111111111,0.1111111111111111,0.5555555555555556,0.1111111111111111,0.1111111111111111,9,0,0,1,8,-5.073098433333333,39.77725611111111,2,0,0,0,1,4,0,1,0,5.0
WETE,2022,23,4,0.5,0.0,0.25,0.0,0.0,0.0,0.25,4,0,0,0,4,-5.0682472,39.72322765,0,0,0,0,0,0,1,0,0,6.0
WETE,2022,24,3,0.3333333333333333,0.6666666666666666,0.3333333333333333,0.3333333333333333,0.0,0.3333333333333333,0.0,2,0,1,0,2,-5.065440566666666,39.743742399999995,1,0,0,0,0,1,0,0,0,6.0
WETE,2022,25,2,1.0,0.0,0.0,0.0,1.0,0.0,0.0,2,0,0,0,2,-5.06028595,39.7222905,0,0,0,0,0,0,0,0,0,6.0
WETE,2022,26,7,0.5714285714285714,0.42857142857142855,0.2857142857142857,0.2857142857142857,0.2857142857142857,0.14285714285714285,0.0,7,0,0,0,7,-5.085618871428571,39.763695199999994,0,0,0,0,1,0,0,0,0,6.0
WETE,2022,27,4,1.0,0.0,0.0,0.5,0.25,0.0,0.25,4,0,0,0,4,-4.989512189020433,39.691751098572674,3,0,0,0,0,0,0,0,0,6.0
WETE,2022,28,6,0.6666666666666666,0.16666666666666666,0.3333333333333333,0.0,0.3333333333333333,0.16666666666666666,0.0,5,0,1,0,5,-5.13540066,39.77517024,0,0,0,0,1,2,0,0,0,7.0
WETE,2022,29,2,1.0,0.0,0.0,0.0,0.5,0.5,0.0,2,0,0,2,0,-5.0846242,39.73847215,0,0,0,0,0,0,0,0,0,7.0
WETE,2022,30,5,0.6,0.4,0.4,0.2,0.2,0.0,0.2,4,0,1,0,4,-5.1173893800000005,39.78481404,0,0,0,0,0,1,0,0,0,7.0
WETE,2022,31,3,1.0,0.0,0.0,0.3333333333333333,0.3333333333333333,0.3333333333333333,0.0,3,0,0,0,3,-5.110525333333333,39.73616513333334,1,0,0,0,0,1,0,0,0,7.0
WETE,2022,32,3,0.3333333333333333,0.6666666666666666,0.0,0.0,0.3333333333333333,0.6666666666666666,0.0,3,0,0,0,3,-5.16066335,39.809164499999994,0,0,0,0,1,1,0,0,0,8.0
WETE,2022,33,3,1.0,0.0,0.0,0.0,0.3333333333333333,0.6666666666666666,0.0,3,0,0,0,3,-5.069272633333333,39.76621446666667,0,0,0,0,0,1,0,0,0,8.0
WETE,2022,34,0,0.0,0.0,0.0,0.0,0.0,0.0,0.0,0,0,0,0,0,0.0,0.0,0,0,0,0,0,0,0,0,0,8.0
WETE,2022,35,0,0.0,0.0,0.0,0.0,0.0,0.0,0.0,0,0,0,0,0,0.0,0.0,0,0,0,0,0,0,0,0,0,
WETE,2022,36,0,0.0,0.0,0.0,0.0,0.0,0.0,0.0,0,0,0,0,0,0.0,0.0,0,0,0,0,0,0,0,0,0,
WETE,2022,37,2,0.0,1.0,0.0,0.5,0.5,0.0,0.0,2,0,0,0,1,-5.0882091,39.7018172,0,0,0,0,0,0,0,0,0,9.0
WETE,2022,38,2,0.5,0.5,0.0,0.5,0.5,0.0,0.0,2,0,0,0,2,-5.2235022,39.7751096,2,0,0,0,0,0,0,0,0,9.0
WETE,2022,39,0,0.0,0.0,0.0,0.0,0.0,0.0,0.0,0,0,0,0,0,0.0,0.0,0,0,0,0,0,0,0,0,0,
WETE,2022,40,1,0.0,1.0,0.0,0.0,1.0,0.0,0.0,1,0,0,0,1,-5.1395634,39.7111404,0,0,0,0,1,0,0,0,0,9.0
WETE,2022,41,0,0.0,0.0,0.0,0.0,0.0,0.0,0.0,0,0,0,0,0,0.0,0.0,0,0,0,0,0,0,0,0,0,
WETE,2022,42,1,0.0,1.0,0.0,0.0,1.0,0.0,0.0,1,0,0,0,1,-5.1708167,39.81915,0,0,0,0,0,0,0,0,0,10.0
WETE,2022,43,3,1.0,0.0,0.3333333333333333,0.3333333333333333,0.0,0.0,0.3333333333333333,2,0,1,0,2,-5.039207333333334,39.707204866666665,1,0,0,0,1,0,0,0,0,10.0
WETE,2022,44,0,0.0,0.0,0.0,0.0,0.0,0.0,0.0,0,0,0,0,0,0.0,0.0,0,0,0,0,0,0,0,0,0,
WETE,2022,45,5,0.6,0.4,0.0,0.0,0.8,0.0,0.2,4,0,1,0,4,-5.0832029400000005,39.75314434,0,0,0,0,0,0,0,1,0,11.0
WETE,2022,46,4,0.0,1.0,0.0,0.25,0.75,0.0,0.0,4,0,0,0,4,-5.09942535,39.722353549999994,1,1,0,0,0,0,0,0,0,11.0
WETE,2022,47,5,0.2,0.8,0.0,0.2,0.8,0.0,0.0,4,0,1,0,4,-5.073791699999999,39.77311972,2,0,0,0,2,0,0,0,0,11.0
WETE,2022,48,4,0.5,0.5,0.25,0.0,0.5,0.25,0.0,4,0,0,0,4,-5.03606845,39.753094000000004,0,0,0,0,3,0,0,0,0,11.0
WETE,2022,49,1,1.0,0.0,0.0,0.0,1.0,0.0,0.0,1,0,0,0,1,-4.9864901,39.695999,0,0,0,1,0,0,0,0,0,11.0
WETE,2022,50,0,0.0,0.0,0.0,0.0,0.0,0.0,0.0,0,0,0,0,0,0.0,0.0,0,0,0,0,0,0,0,0,0,
WETE,2022,51,1,0.0,1.0,0.0,0.0,0.0,1.0,0.0,1,0,0,0,1,-5.1798199,39.8140781,0,0,0,0,0,0,0,1,0,12.0
WETE,2022,52,4,0.75,0.25,0.0,0.0,0.75,0.25,0.0,4,0,0,0,4,-5.052776375,39.731706225,2,0,0,0,0,0,0,1,0,12.0
WETE,2023,1,0,0.0,0.0,0.0,0.0,0.0,0.0,0.0,0,0,0,0,0,0.0,0.0,0,0,0,0,0,0,0,0,0,
WETE,2023,2,3,1.0,0.0,0.0,0.0,0.3333333333333333,0.3333333333333333,0.3333333333333333,3,0,0,0,3,-5.092449266666667,39.758746,0,0,0,2,0,0,0,0,0,1.0
WETE,2023,3,3,0.0,1.0,0.3333333333333333,0.3333333333333333,0.3333333333333333,0.0,0.0,3,0,0,0,3,-5.0382327,39.7073756,1,0,0,0,1,0,0,0,0,1.0
WETE,2023,4,2,0.5,0.5,0.0,0.5,0.0,0.5,0.0,2,0,0,0,1,-5.0617927,39.7295489,1,0,0,0,0,0,0,0,0,1.0
WETE,2023,5,3,1.0,0.0,0.0,0.0,0.3333333333333333,0.6666666666666666,0.0,3,0,0,1,2,-5.0558771,39.76002233333333,0,0,0,0,3,0,0,0,0,1.0
WETE,2023,6,1,1.0,0.0,0.0,0.0,0.0,1.0,0.0,1,0,0,0,1,-5.0713355,39.7088146,0,0,0,0,0,0,0,0,0,2.0
WETE,2023,7,4,0.25,0.75,0.0,0.25,0.5,0.0,0.25,4,0,0,0,4,-5.05362035,39.762489125,2,0,0,0,0,0,0,1,0,2.0
WETE,2023,8,5,0.6,0.4,0.2,0.4,0.2,0.2,0.0,4,0,1,0,4,-5.06491374,39.748509260000006,1,0,0,1,0,1,0,0,0,2.0
WETE,2023,9,4,0.5,0.5,0.0,0.25,0.5,0.25,0.0,4,0,0,2,1,-5.112656833333333,39.790984566666666,0,0,0,0,0,2,1,0,0,3.0
WETE,2023,10,2,1.0,0.0,0.0,0.0,0.5,0.5,0.0,2,0,0,0,2,-5.1066994999999995,39.76368635,0,0,0,0,1,0,0,0,0,3.0
WETE,2023,11,0,0.0,0.0,0.0,0.0,0.0,0.0,0.0,0,0,0,0,0,0.0,0.0,0,0,0,0,0,0,0,0,0,
WETE,2023,12,2,1.0,0.0,0.0,0.0,1.0,0.0,0.0,2,0,0,0,2,-5.0352561,39.698012,0,0,0,0,0,0,0,0,0,3.0
WETE,2023,13,2,0.5,0.5,0.5,0.0,0.0,0.0,0.5,2,0,0,0,2,-5.1436691,39.75702165,0,0,0,0,0,1,0,0,0,3.0
WETE,2023,14,0,0.0,0.0,0.0,0.0,0.0,0.0,0.0,0,0,0,0,0,0.0,0.0,0,0,0,0,0,0,0,0,0,4.0
WETE,2023,15,3,1.0,0.0,0.0,0.0,1.0,0.0,0.0,3,0,0,1,2,-5.090825766666666,39.822222133333334,0,0,0,0,0,2,0,0,0,4.0
WETE,2023,16,1,1.0,0.0,0.0,0.0,0.0,1.0,0.0,1,0,0,0,1,-5.1368652,39.7145505,0,0,0,0,1,0,0,0,0,4.0
WETE,2023,17,2,1.0,0.0,0.0,0.0,0.5,0.5,0.0,2,0,0,0,2,-5.0507374,39.709269899999995,0,0,0,0,0,1,0,0,0,4.0
WETE,2023,18,2,1.0,0.0,0.0,0.0,0.0,1.0,0.0,2,0,0,1,1,-5.0156668,39.75440195,0,0,0,0,1,0,0,0,0,5.0
WETE,2023,19,3,1.0,0.0,0.0,0.0,0.6666666666666666,0.0,0.3333333333333333,3,0,0,1,2,-5.114273900000001,39.7797244,1,0,0,0,0,0,0,0,0,5.0
WETE,2023,20,0,0.0,0.0,0.0,0.0,0.0,0.0,0.0,0,0,0,0,0,0.0,0.0,0,0,0,0,0,0,0,0,0,5.0
WETE,2023,21,6,0.5,0.5,0.16666666666666666,0.0,0.8333333333333334,0.0,0.0,6,0,0,0,6,-5.061604916666667,39.736077099999996,0,1,0,0,2,1,1,0,0,5.0
WETE,2023,22,3,0.6666666666666666,0.3333333333333333,0.0,0.0,0.6666666666666666,0.0,0.3333333333333333,3,0,0,0,3,-5.0322968,39.71229700000001,0,0,0,0,1,0,0,0,0,5.0
WETE,2023,23,6,0.6666666666666666,0.3333333333333333,0.0,0.16666666666666666,0.5,0.0,0.3333333333333333,6,0,0,0,6,-5.0846944,39.76314383333334,3,0,0,0,0,1,0,0,0,6.0
WETE,2023,24,0,0.0,0.0,0.0,0.0,0.0,0.0,0.0,0,0,0,0,0,0.0,0.0,0,0,0,0,0,0,0,0,0,6.0
WETE,2023,25,5,0.2,0.8,0.0,0.2,0.4,0.2,0.2,5,0,0,1,4,-5.0825510000000005,39.71066588,1,0,0,0,2,1,0,0,0,6.0
WETE,2023,26,4,1.0,0.0,0.25,0.0,0.25,0.5,0.0,4,0,0,0,4,-5.042687175,39.72528185,0,0,0,0,2,0,0,0,0,6.0
WETE,2023,27,1,1.0,0.0,0.0,0.0,0.0,1.0,0.0,1,0,0,1,0,,,0,0,0,0,0,0,0,0,0,7.0
WETE,2023,28,4,0.5,0.5,0.0,0.0,0.75,0.0,0.25,4,0,0,1,3,-5.0899754,39.769054374999996,0,0,0,0,1,2,0,0,0,7.0
WETE,2023,29,3,0.3333333333333333,0.6666666666666666,0.3333333333333333,0.3333333333333333,0.0,0.3333333333333333,0.0,3,0,0,1,2,-5.0783464,39.74480723333334,1,0,0,0,0,0,0,0,0,7.0
WETE,2023,30,4,1.0,0.0,0.0,0.25,0.25,0.25,0.25,4,0,0,0,4,-5.065798625,39.767394075,0,0,0,0,1,1,0,0,0,7.0
WETE,2023,31,6,0.8333333333333334,0.16666666666666666,0.16666666666666666,0.3333333333333333,0.5,0.0,0.0,6,0,0,0,4,-5.103806175,39.757750725,2,0,0,0,1,0,0,1,0,8.0
WETE,2023,32,2,0.5,0.5,0.0,0.5,0.5,0.0,0.0,2,0,0,0,2,-5.1426666,39.77757325,2,0,0,0,0,0,0,0,0,8.0
WETE,2023,33,10,0.5,0.5,0.1,0.1,0.2,0.3,0.3,9,0,1,3,6,-5.098570137499999,39.784790900000004,0,0,0,0,1,0,0,3,0,8.0
WETE,2023,34,6,0.3333333333333333,0.6666666666666666,0.3333333333333333,0.0,0.16666666666666666,0.16666666666666666,0.3333333333333333,6,0,0,0,6,-5.0547792,39.728952316666664,1,0,0,0,0,1,0,0,0,8.0
WETE,2023,35,4,1.0,0.0,0.0,0.0,0.5,0.25,0.25,4,0,0,0,4,-5.07664095,39.733735625,1,0,0,0,1,0,0,0,0,8.0
WETE,2023,36,1,1.0,0.0,0.0,0.0,0.0,1.0,0.0,1,0,0,1,0,-5.1107689,39.7464371,0,0,0,0,0,0,0,0,0,9.0
WETE,2023,37,2,1.0,0.0,0.0,0.0,0.5,0.5,0.0,2,0,0,0,2,-5.10065615,39.829647,0,0,0,0,0,1,0,0,0,9.0
WETE,2023,38,2,1.0,0.0,0.0,0.5,0.5,0.0,0.0,2,0,0,0,1,-5.0509514,39.7374723,0,0,0,0,0,1,0,0,0,9.0
WETE,2023,39,3,0.0,1.0,0.0,0.6666666666666666,0.3333333333333333,0.0,0.0,3,0,0,0,2,-5.05988135,39.7320578,2,0,0,0,0,0,0,0,0,9.0
WETE,2023,40,0,0.0,0.0,0.0,0.0,0.0,0.0,0.0,0,0,0,0,0,0.0,0.0,0,0,0,0,0,0,0,0,0,10.0
WETE,2023,41,2,0.0,1.0,0.0,0.5,0.5,0.0,0.0,2,0,0,0,2,-5.1060578,39.8070889,1,0,0,0,0,0,0,0,0,10.0
WETE,2023,42,3,1.0,0.0,0.0,0.3333333333333333,0.6666666666666666,0.0,0.0,3,0,0,1,2,-5.099305566666667,39.7609503,1,0,0,0,1,0,1,0,0,10.0
WETE,2023,43,2,0.5,0.5,0.0,0.0,0.5,0.0,0.5,2,0,0,1,1,-5.54876635,39.4871206,0,0,0,0,2,0,0,0,0,10.0
WETE,2023,44,5,0.8,0.2,0.0,0.0,0.0,0.6,0.4,5,0,0,1,3,-5.083588375,39.75753075,0,0,0,0,1,0,0,0,0,11.0
WETE,2023,45,1,1.0,0.0,0.0,0.0,0.0,1.0,0.0,1,0,0,0,1,-5.0515086,39.7323145,0,0,0,0,0,0,0,0,0,11.0
WETE,2023,46,6,0.3333333333333333,0.6666666666666666,0.16666666666666666,0.0,0.3333333333333333,0.3333333333333333,0.16666666666666666,6,0,0,1,5,-5.07434626,39.73231886,1,0,0,0,0,0,0,0,0,11.0
WETE,2023,47,5,0.8,0.2,0.0,0.0,0.8,0.2,0.0,5,0,0,0,5,-5.07536322,39.77726786,0,0,0,0,0,1,1,0,0,11.0
WETE,2023,48,5,0.6,0.4,0.0,0.0,0.6,0.2,0.2,5,0,0,0,4,-5.0871908,39.747298075,1,0,0,1,0,0,0,1,0,11.0
WETE,2023,49,15,0.8666666666666667,0.13333333333333333,0.0,0.0,0.5333333333333333,0.3333333333333333,0.13333333333333333,15,0,0,1,11,-5.0598013,39.73532514166667,0,0,0,1,1,1,0,2,0,12.0
WETE,2023,50,10,0.5,0.5,0.0,0.3,0.3,0.2,0.2,9,0,1,1,8,-5.05942086,39.73996774,2,0,0,0,1,1,0,2,0,12.0
WETE,2023,51,26,0.8846153846153846,0.11538461538461539,0.0,0.15384615384615385,0.6538461538461539,0.15384615384615385,0.038461538461538464,26,0,0,6,18,-5.061732105882353,39.747592288235296,4,0,0,1,0,5,1,0,0,12.0
WETE,2023,52,39,0.7692307692307693,0.23076923076923078,0.0,0.02564102564102564,0.6923076923076923,0.1794871794871795,0.10256410256410256,35,0,4,5,22,-5.084261184615385,39.77987424230769,3,0,0,0,5,8,2,3,0,12.0
MAGHARIBI A,2018,1,20,0.4,0.15,0.0,0.25,0.1,0.1,0.1,18,0,2,9,9,-6.095133114285714,39.2456477,0,0,0,0,0,0,0,0,0,1.0
MAGHARIBI A,2018,2,8,0.375,0.375,0.0,0.375,0.25,0.125,0.0,8,0,0,2,6,-6.119427133333333,39.23412473333334,0,0,0,0,0,0,0,0,0,1.0
MAGHARIBI A,2018,3,10,0.6,0.2,0.0,0.2,0.2,0.4,0.0,10,0,0,6,4,-6.11768028,39.2376191,0,0,0,0,0,0,0,0,0,1.0
MAGHARIBI A,2018,4,13,0.3076923076923077,0.5384615384615384,0.23076923076923078,0.38461538461538464,0.0,0.07692307692307693,0.15384615384615385,13,0,0,4,9,-6.117218790909091,39.22923208181818,0,0,0,0,0,0,0,0,0,1.0
MAGHARIBI A,2018,5,10,0.3,0.3,0.0,0.3,0.1,0.1,0.1,8,0,2,7,1,-6.105160175,39.23612345,0,0,0,0,0,0,0,0,0,1.0
MAGHARIBI A,2018,6,9,0.5555555555555556,0.4444444444444444,0.2222222222222222,0.2222222222222222,0.4444444444444444,0.1111111111111111,0.0,6,0,3,4,2,-6.096635,39.231398283333334,0,0,0,0,0,0,0,0,0,2.0
MAGHARIBI A,2018,7,3,0.6666666666666666,0.0,0.0,0.0,0.3333333333333333,0.3333333333333333,0.0,3,0,0,2,1,-6.1588558,39.218489,0,0,0,0,0,0,0,0,0,2.0
MAGHARIBI A,2018,8,6,0.5,0.3333333333333333,0.16666666666666666,0.0,0.3333333333333333,0.16666666666666666,0.16666666666666666,6,0,0,4,2,-6.150953250000001,39.2335449,0,0,0,0,0,0,0,0,0,2.0
MAGHARIBI A,2018,9,6,0.3333333333333333,0.5,0.0,0.3333333333333333,0.5,0.0,0.0,5,0,1,1,4,-6.110949,39.243379825,0,0,0,0,0,0,0,0,0,2.0
MAGHARIBI A,2018,10,7,0.5714285714285714,0.42857142857142855,0.0,0.14285714285714285,0.2857142857142857,0.0,0.5714285714285714,5,0,2,4,1,-6.151101928571429,39.2232394,0,0,0,0,0,0,0,0,0,3.0
MAGHARIBI A,2018,11,6,0.5,0.3333333333333333,0.0,0.16666666666666666,0.5,0.16666666666666666,0.0,6,0,0,4,2,-6.12522032,39.23076526,0,0,0,0,0,0,0,0,0,3.0
MAGHARIBI A,2018,12,6,0.6666666666666666,0.16666666666666666,0.16666666666666666,0.16666666666666666,0.3333333333333333,0.16666666666666666,0.0,6,0,0,5,1,-6.115769625,39.222504400000005,0,0,0,0,0,0,0,0,0,3.0
MAGHARIBI A,2018,13,3,1.0,0.0,0.0,0.3333333333333333,0.3333333333333333,0.3333333333333333,0.0,3,0,0,3,0,-6.187050666666667,39.2264274,0,0,0,0,0,0,0,0,0,3.0
MAGHARIBI A,2018,14,18,0.3888888888888889,0.4444444444444444,0.2222222222222222,0.2777777777777778,0.2222222222222222,0.1111111111111111,0.0,15,0,3,8,7,-6.127391678571429,39.2266365,0,0,0,0,0,0,0,0,0,4.0
MAGHARIBI A,2018,15,7,0.7142857142857143,0.14285714285714285,0.0,0.2857142857142857,0.2857142857142857,0.2857142857142857,0.0,7,0,0,3,4,-6.077191066666667,39.24843826666667,0,0,0,0,0,0,0,0,0,4.0
MAGHARIBI A,2018,16,10,0.6,0.1,0.1,0.1,0.4,0.1,0.0,9,0,1,5,3,-6.114461542857143,39.223954371428576,0,0,0,0,0,0,0,0,0,4.0
MAGHARIBI A,2018,17,4,0.75,0.25,0.0,0.25,0.25,0.5,0.0,4,0,0,3,1,-6.133541,39.233344450000004,0,0,0,0,0,0,0,0,0,4.0
MAGHARIBI A,2018,18,11,0.36363636363636365,0.2727272727272727,0.0,0.2727272727272727,0.18181818181818182,0.18181818181818182,0.0,11,0,0,5,6,-6.120792875,39.228738825,0,0,0,0,0,0,0,0,0,4.0
MAGHARIBI A,2018,19,23,0.5217391304347826,0.30434782608695654,0.043478260869565216,0.08695652173913043,0.5217391304347826,0.13043478260869565,0.043478260869565216,22,0,1,9,13,-6.104256144444445,39.236417683333336,0,0,0,0,0,0,0,0,0,5.0
MAGHARIBI A,2018,20,21,0.6190476190476191,0.19047619047619047,0.09523809523809523,0.14285714285714285,0.3333333333333333,0.09523809523809523,0.14285714285714285,21,0,0,6,15,-6.128783833333333,39.22614823333333,0,0,0,0,0,0,0,0,0,5.0
MAGHARIBI A,2018,21,19,0.5789473684210527,0.2631578947368421,0.0,0.15789473684210525,0.3684210526315789,0.15789473684210525,0.15789473684210525,19,0,0,11,8,-6.122934746666667,39.22012998,0,0,0,0,0,0,0,0,0,5.0
MAGHARIBI A,2018,22,10,0.3,0.2,0.1,0.0,0.2,0.1,0.1,10,0,0,4,6,-6.086189419999999,39.22772106,0,0,0,0,0,0,0,0,0,5.0
MAGHARIBI A,2018,23,16,0.5625,0.125,0.0,0.1875,0.375,0.0625,0.0625,14,0,2,10,4,-6.10326476,39.23767355,0,0,0,0,0,0,0,0,0,6.0
MAGHARIBI A,2018,24,22,0.13636363636363635,0.2727272727272727,0.0,0.09090909090909091,0.18181818181818182,0.13636363636363635,0.0,15,0,7,10,5,-6.12039445,39.218109562500004,0,0,0,0,0,0,0,0,0,6.0
MAGHARIBI A,2018,25,29,0.20689655172413793,0.10344827586206896,0.0,0.034482758620689655,0.1724137931034483,0.034482758620689655,0.06896551724137931,28,0,1,15,13,-6.118980585714286,39.2348278,0,0,0,0,0,0,0,0,0,6.0
MAGHARIBI A,2018,26,39,0.15384615384615385,0.02564102564102564,0.02564102564102564,0.0,0.05128205128205128,0.05128205128205128,0.05128205128205128,38,0,1,18,20,-6.105876742857142,39.23055521428572,0,0,0,0,0,0,0,0,0,6.0
MAGHARIBI A,2018,27,18,0.16666666666666666,0.05555555555555555,0.0,0.0,0.05555555555555555,0.16666666666666666,0.0,18,0,0,10,8,-6.11084395,39.247103100000004,0,0,0,0,0,0,0,0,0,7.0
MAGHARIBI A,2018,28,35,0.2857142857142857,0.08571428571428572,0.08571428571428572,0.05714285714285714,0.14285714285714285,0.02857142857142857,0.05714285714285714,34,0,1,14,20,-6.1026547461538465,39.23519813846154,0,0,0,0,0,0,0,0,0,7.0
MAGHARIBI A,2018,29,23,0.5652173913043478,0.043478260869565216,0.0,0.08695652173913043,0.30434782608695654,0.21739130434782608,0.0,21,0,2,9,12,-6.103573064285714,39.23017832857143,0,0,0,0,0,0,0,0,0,7.0
MAGHARIBI A,2018,30,16,0.1875,0.375,0.0,0.3125,0.1875,0.0625,0.0,13,0,3,7,6,-6.0957349333333335,39.22883608888889,0,0,0,0,0,0,0,0,0,7.0
MAGHARIBI A,2018,31,22,0.22727272727272727,0.09090909090909091,0.045454545454545456,0.0,0.18181818181818182,0.09090909090909091,0.0,21,0,1,14,7,-6.12359392,39.2334903,0,0,0,0,0,0,0,0,0,8.0
MAGHARIBI A,2018,32,16,0.3125,0.0,0.0,0.0,0.1875,0.125,0.0,16,0,0,10,6,-6.130747875,39.22346535,0,0,0,0,0,0,0,0,0,8.0
MAGHARIBI A,2018,33,12,0.4166666666666667,0.25,0.08333333333333333,0.0,0.5,0.0,0.08333333333333333,11,0,1,8,3,-6.1156457571428575,39.245905642857146,0,0,0,0,0,0,0,0,0,8.0
MAGHARIBI A,2018,34,15,0.06666666666666667,0.06666666666666667,0.0,0.0,0.13333333333333333,0.0,0.0,15,0,0,7,8,-6.115331599999999,39.24564025,0,0,0,0,0,0,0,0,0,8.0
MAGHARIBI A,2018,35,13,0.23076923076923078,0.07692307692307693,0.07692307692307693,0.0,0.07692307692307693,0.15384615384615385,0.0,12,0,1,8,4,-6.071831466666667,39.2207639,0,0,0,0,0,0,0,0,0,8.0
MAGHARIBI A,2018,36,23,0.13043478260869565,0.17391304347826086,0.0,0.0,0.17391304347826086,0.043478260869565216,0.08695652173913043,23,0,0,18,5,-6.117632657142857,39.2267658,0,0,0,0,0,0,0,0,0,9.0
MAGHARIBI A,2018,37,12,0.16666666666666666,0.25,0.0,0.0,0.08333333333333333,0.25,0.08333333333333333,12,0,0,11,1,-6.14009665,39.2426071,0,0,0,0,0,0,0,0,0,9.0
MAGHARIBI A,2018,38,15,0.06666666666666667,0.2,0.06666666666666667,0.06666666666666667,0.13333333333333333,0.0,0.0,14,0,1,13,1,-6.118585366666667,39.250436900000004,0,0,0,0,0,0,0,0,0,9.0
MAGHARIBI A,2018,39,11,0.09090909090909091,0.2727272727272727,0.0,0.0,0.18181818181818182,0.0,0.18181818181818182,11,0,0,7,3,-6.112002175,39.225532975,0,0,0,0,0,0,0,0,0,9.0
MAGHARIBI A,2018,40,10,0.1,0.1,0.1,0.1,0.0,0.0,0.0,10,0,0,7,3,-6.12975685,39.229847750000005,0,0,0,0,0,0,0,0,0,10.0
MAGHARIBI A,2018,41,8,0.25,0.0,0.0,0.25,0.0,0.0,0.0,8,0,0,6,2,-6.1467588,39.2195917,0,0,0,0,0,0,0,0,0,10.0
MAGHARIBI A,2018,42,10,0.7,0.0,0.1,0.2,0.0,0.4,0.0,8,0,2,3,5,-6.117135771428571,39.23919578571429,0,0,0,0,0,0,0,0,0,10.0
MAGHARIBI A,2018,43,9,0.8888888888888888,0.1111111111111111,0.0,0.1111111111111111,0.4444444444444444,0.3333333333333333,0.1111111111111111,8,0,1,1,7,-6.1065297,39.239967660000005,0,0,0,0,0,0,0,0,0,10.0
MAGHARIBI A,2018,44,7,0.5714285714285714,0.2857142857142857,0.14285714285714285,0.14285714285714285,0.2857142857142857,0.14285714285714285,0.14285714285714285,7,0,0,4,3,-6.11862592,39.24302968,0,0,0,0,0,0,0,0,0,10.0
MAGHARIBI A,2018,45,7,0.14285714285714285,0.2857142857142857,0.2857142857142857,0.0,0.14285714285714285,0.0,0.0,7,0,0,4,3,-6.0495805,39.2339719,0,0,0,0,0,0,0,0,0,11.0
MAGHARIBI A,2018,46,11,0.09090909090909091,0.0,0.0,0.0,0.0,0.09090909090909091,0.0,11,0,0,8,3,-6.12217315,39.22264,0,0,0,0,0,0,0,0,0,11.0
MAGHARIBI A,2018,47,6,0.5,0.16666666666666666,0.0,0.0,0.5,0.0,0.16666666666666666,6,0,0,3,3,-6.124826275,39.2173389,0,0,0,0,0,0,0,0,0,11.0
MAGHARIBI A,2018,48,10,0.1,0.2,0.0,0.2,0.1,0.0,0.0,9,0,1,4,5,-6.108038366666666,39.24714253333333,0,0,0,0,0,0,0,0,0,11.0
MAGHARIBI A,2018,49,12,0.6666666666666666,0.16666666666666666,0.08333333333333333,0.08333333333333333,0.3333333333333333,0.25,0.08333333333333333,11,0,1,7,4,-6.104076142857143,39.249901585714284,0,0,0,0,0,0,0,0,0,12.0
MAGHARIBI A,2018,50,10,0.5,0.1,0.1,0.2,0.0,0.3,0.0,10,0,0,8,2,-6.16823605,39.25024715,0,0,0,0,0,0,0,0,0,12.0
MAGHARIBI A,2018,51,13,0.5384615384615384,0.07692307692307693,0.0,0.07692307692307693,0.46153846153846156,0.0,0.07692307692307693,13,0,0,3,10,-6.13461105,39.2350551,0,0,0,0,0,0,0,0,0,12.0
MAGHARIBI A,2018,52,16,0.375,0.1875,0.0,0.0,0.5,0.0625,0.0,16,0,0,7,9,-6.1353880400000005,39.24449952,0,0,0,0,0,0,0,0,0,12.0
MAGHARIBI A,2019,1,4,0.75,0.0,0.25,0.0,0.0,0.5,0.0,4,0,0,2,2,-6.1095976,39.233472,0,0,0,0,0,0,0,0,0,1.0
MAGHARIBI A,2019,2,27,0.4074074074074074,0.5925925925925926,0.2962962962962963,0.37037037037037035,0.3333333333333333,0.0,0.0,23,0,4,13,10,-6.131693363636364,39.24868555454545,0,0,0,0,0,0,0,0,0,1.0
MAGHARIBI A,2019,3,20,0.2,0.45,0.1,0.3,0.15,0.1,0.0,18,0,2,6,12,-6.141622733333333,39.235930583333335,0,0,0,0,0,0,0,0,0,1.0
MAGHARIBI A,2019,4,17,0.29411764705882354,0.35294117647058826,0.0,0.4117647058823529,0.11764705882352941,0.11764705882352941,0.0,14,0,3,10,4,-6.137632966666668,39.22923375,0,0,0,0,0,0,0,0,0,1.0
MAGHARIBI A,2019,5,15,0.5333333333333333,0.4,0.13333333333333333,0.26666666666666666,0.13333333333333333,0.13333333333333333,0.26666666666666666,12,0,3,5,7,-6.1169563714285715,39.24189076428571,0,0,0,0,0,0,0,0,0,1.0
MAGHARIBI A,2019,6,10,0.7,0.3,0.2,0.3,0.3,0.0,0.2,7,0,3,4,3,-6.112827255555556,39.242256411111114,0,0,0,0,0,0,0,0,0,2.0
MAGHARIBI A,2019,7,11,0.6363636363636364,0.36363636363636365,0.09090909090909091,0.09090909090909091,0.36363636363636365,0.2727272727272727,0.18181818181818182,9,0,2,5,4,-6.11888006,39.23365196,0,0,0,0,0,0,0,0,0,2.0
MAGHARIBI A,2019,8,6,0.6666666666666666,0.16666666666666666,0.16666666666666666,0.0,0.16666666666666666,0.16666666666666666,0.3333333333333333,6,0,0,1,5,-6.078357225,39.246138800000004,0,0,0,0,0,0,0,0,0,2.0
MAGHARIBI A,2019,9,7,0.5714285714285714,0.14285714285714285,0.0,0.0,0.2857142857142857,0.42857142857142855,0.0,7,0,0,4,3,-6.175002533333334,39.22864053333333,0,0,0,0,0,0,0,0,0,2.0
MAGHARIBI A,2019,10,5,0.4,0.4,0.0,0.0,0.4,0.2,0.2,5,0,0,2,3,-6.1471648000000005,39.27792945,0,0,0,0,0,0,0,0,0,3.0
MAGHARIBI A,2019,11,5,0.8,0.0,0.0,0.4,0.4,0.0,0.0,3,0,2,2,1,-6.1452979,39.2466318,0,0,0,0,0,0,0,0,0,3.0
MAGHARIBI A,2019,12,4,0.5,0.5,0.0,0.5,0.5,0.0,0.0,4,0,0,3,1,-6.15462265,39.239930799999996,0,0,0,0,0,0,0,0,0,3.0
MAGHARIBI A,2019,13,4,0.75,0.25,0.25,0.0,0.25,0.5,0.0,4,0,0,4,0,-6.1569303,39.230598400000005,0,0,0,0,0,0,0,0,0,3.0
MAGHARIBI A,2019,14,8,0.5,0.5,0.125,0.625,0.0,0.25,0.0,5,0,3,0,5,-6.1309518,39.28359545,0,0,0,0,0,0,0,0,0,4.0
MAGHARIBI A,2019,15,5,0.4,0.4,0.2,0.2,0.2,0.2,0.0,5,0,0,3,2,-6.143956525,39.24481745,0,0,0,0,0,0,0,0,0,4.0
MAGHARIBI A,2019,16,9,0.1111111111111111,0.7777777777777778,0.1111111111111111,0.3333333333333333,0.3333333333333333,0.1111111111111111,0.0,7,0,2,5,2,-6.1169169125,39.24301095,0,0,0,0,0,0,0,0,0,4.0
MAGHARIBI A,2019,17,4,0.5,0.25,0.25,0.0,0.25,0.0,0.25,4,0,0,0,4,-6.1014275,39.2527896,0,0,0,0,0,0,0,0,0,4.0
MAGHARIBI A,2019,18,11,0.36363636363636365,0.5454545454545454,0.45454545454545453,0.0,0.36363636363636365,0.09090909090909091,0.0,9,0,2,1,8,-6.1242323,39.2544083,0,0,0,0,0,0,0,0,0,5.0
MAGHARIBI A,2019,19,10,0.6,0.4,0.0,0.2,0.3,0.2,0.3,10,0,0,4,6,-6.11619336,39.2238428,0,0,0,0,0,0,0,0,0,5.0
MAGHARIBI A,2019,20,16,0.8125,0.0625,0.0,0.125,0.5,0.1875,0.0625,16,0,0,6,10,-6.119677338461538,39.23659547692308,0,0,0,0,0,0,0,0,0,5.0
MAGHARIBI A,2019,21,11,0.7272727272727273,0.09090909090909091,0.09090909090909091,0.09090909090909091,0.5454545454545454,0.0,0.09090909090909091,11,0,0,5,6,-6.128172157142857,39.24086612857143,0,0,0,0,0,0,0,0,0,5.0
MAGHARIBI A,2019,22,20,0.55,0.25,0.2,0.1,0.35,0.1,0.05,18,0,2,6,12,-6.107429514285714,39.23673290714286,0,0,0,0,0,0,0,0,0,5.0
MAGHARIBI A,2019,23,12,0.5833333333333334,0.25,0.08333333333333333,0.25,0.16666666666666666,0.16666666666666666,0.16666666666666666,10,0,2,4,6,-6.103066142857143,39.23745688571429,0,0,0,0,0,0,0,0,0,6.0
MAGHARIBI A,2019,24,13,0.46153846153846156,0.46153846153846156,0.15384615384615385,0.07692307692307693,0.38461538461538464,0.15384615384615385,0.15384615384615385,12,0,1,8,4,-6.1108212,39.2383697,0,0,0,0,0,0,0,0,0,6.0
MAGHARIBI A,2019,25,16,0.625,0.25,0.125,0.0625,0.375,0.25,0.0625,14,0,2,8,6,-6.121460392857143,39.24144364285714,0,0,0,0,0,0,0,0,0,6.0
MAGHARIBI A,2019,26,33,0.30303030303030304,0.15151515151515152,0.0,0.12121212121212122,0.18181818181818182,0.15151515151515152,0.0,31,0,2,7,24,-6.12620244,39.242788606666664,0,0,0,1,0,0,0,0,0,6.0
MAGHARIBI A,2019,27,26,0.38461538461538464,0.23076923076923078,0.07692307692307693,0.23076923076923078,0.23076923076923078,0.07692307692307693,0.0,22,0,4,5,17,-6.0687959750000005,39.24013465,4,0,0,0,0,0,0,0,0,7.0
MAGHARIBI A,2019,28,28,0.6071428571428571,0.21428571428571427,0.03571428571428571,0.10714285714285714,0.5357142857142857,0.14285714285714285,0.0,25,0,3,10,15,-6.110174980952381,39.23186107619048,3,0,0,0,0,0,0,0,0,7.0
MAGHARIBI A,2019,29,17,0.4117647058823529,0.5294117647058824,0.23529411764705882,0.17647058823529413,0.23529411764705882,0.11764705882352941,0.17647058823529413,13,0,4,3,9,-6.124031628571428,39.2756126,3,0,0,0,0,0,0,0,0,7.0
MAGHARIBI A,2019,30,39,0.5897435897435898,0.38461538461538464,0.10256410256410256,0.1794871794871795,0.41025641025641024,0.1794871794871795,0.10256410256410256,21,0,18,9,11,-6.109139264705882,39.24080502058823,11,0,0,2,0,0,0,0,0,7.0
MAGHARIBI A,2019,31,18,0.5555555555555556,0.3333333333333333,0.05555555555555555,0.05555555555555555,0.5,0.16666666666666666,0.1111111111111111,15,0,3,6,8,-6.11396165625,39.2342834125,1,0,0,0,0,0,0,0,0,7.0
MAGHARIBI A,2019,32,13,0.5384615384615384,0.38461538461538464,0.0,0.07692307692307693,0.46153846153846156,0.3076923076923077,0.07692307692307693,13,0,0,5,8,-6.125395041666667,39.253423483333336,1,0,0,0,0,1,0,0,0,8.0
MAGHARIBI A,2019,33,7,0.42857142857142855,0.5714285714285714,0.0,0.42857142857142855,0.42857142857142855,0.14285714285714285,0.0,6,0,1,5,1,-6.124266014285714,39.24038094285714,1,0,0,0,0,0,0,0,0,8.0
MAGHARIBI A,2019,34,8,0.25,0.625,0.375,0.125,0.25,0.25,0.0,8,0,0,3,5,-6.1205688857142855,39.23200825714286,1,0,0,0,0,0,0,0,0,8.0
MAGHARIBI A,2019,35,12,0.6666666666666666,0.16666666666666666,0.16666666666666666,0.08333333333333333,0.5,0.25,0.0,12,0,0,7,4,-6.13114244,39.245916890000004,1,0,0,0,0,0,0,0,0,8.0
MAGHARIBI A,2019,36,5,0.8,0.2,0.0,0.0,0.6,0.4,0.0,4,0,1,2,2,-6.128761819999999,39.22481798,1,0,0,0,0,0,0,0,0,9.0
MAGHARIBI A,2019,37,13,0.6923076923076923,0.23076923076923078,0.15384615384615385,0.07692307692307693,0.3076923076923077,0.23076923076923078,0.23076923076923078,12,0,1,7,5,-6.12525341,39.2337759,2,0,0,0,0,0,0,0,0,9.0
MAGHARIBI A,2019,38,21,0.5714285714285714,0.3333333333333333,0.38095238095238093,0.23809523809523808,0.19047619047619047,0.09523809523809523,0.09523809523809523,17,0,4,5,12,-6.0529328399999995,39.25345423333333,1,0,0,1,0,0,0,0,0,9.0
MAGHARIBI A,2019,39,11,0.36363636363636365,0.36363636363636365,0.18181818181818182,0.18181818181818182,0.45454545454545453,0.09090909090909091,0.09090909090909091,11,0,0,7,4,-6.109079357142858,39.23149742857142,3,0,0,0,0,0,0,0,0,9.0
MAGHARIBI A,2019,40,6,0.5,0.3333333333333333,0.0,0.16666666666666666,0.5,0.16666666666666666,0.16666666666666666,6,0,0,5,1,-6.0524242,39.24699066,1,0,0,1,0,0,0,0,0,9.0
MAGHARIBI A,2019,41,6,0.3333333333333333,0.6666666666666666,0.16666666666666666,0.5,0.16666666666666666,0.0,0.16666666666666666,6,0,0,4,2,-6.115998533333333,39.22112228333334,3,0,0,0,0,0,0,0,0,10.0
MAGHARIBI A,2019,42,9,0.6666666666666666,0.2222222222222222,0.3333333333333333,0.2222222222222222,0.3333333333333333,0.1111111111111111,0.0,9,0,0,6,3,-6.116307900000001,39.23303165714286,3,0,0,0,0,0,0,0,0,10.0
MAGHARIBI A,2019,43,9,0.4444444444444444,0.4444444444444444,0.1111111111111111,0.2222222222222222,0.2222222222222222,0.3333333333333333,0.1111111111111111,9,0,0,2,7,-6.119550725,39.2370468375,3,0,0,0,0,0,0,0,0,10.0
MAGHARIBI A,2019,44,19,0.3684210526315789,0.42105263157894735,0.42105263157894735,0.21052631578947367,0.15789473684210525,0.21052631578947367,0.0,17,0,2,7,10,-6.115775221428572,39.239884942857145,3,0,0,0,0,0,0,0,0,10.0
MAGHARIBI A,2019,45,12,0.5,0.3333333333333333,0.16666666666666666,0.0,0.4166666666666667,0.3333333333333333,0.08333333333333333,12,0,0,7,5,-6.092641722222222,39.232150133333334,2,0,0,0,0,0,0,0,0,11.0
MAGHARIBI A,2019,46,15,0.5333333333333333,0.3333333333333333,0.13333333333333333,0.13333333333333333,0.4,0.26666666666666666,0.06666666666666667,14,0,1,6,8,-6.102091555555556,39.23015816666666,2,0,0,0,0,0,0,0,0,11.0
MAGHARIBI A,2019,47,12,0.6666666666666666,0.25,0.16666666666666666,0.0,0.25,0.3333333333333333,0.25,12,0,0,8,4,-6.1208462,39.239859089999996,0,0,0,1,0,0,0,0,0,11.0
MAGHARIBI A,2019,48,27,0.7037037037037037,0.18518518518518517,0.07407407407407407,0.0,0.5555555555555556,0.3333333333333333,0.037037037037037035,25,0,2,9,15,-6.0827524,39.25505243181818,4,0,0,3,0,1,0,0,0,11.0
MAGHARIBI A,2019,49,28,0.6071428571428571,0.21428571428571427,0.07142857142857142,0.14285714285714285,0.35714285714285715,0.25,0.10714285714285714,26,0,2,5,20,-6.0698711761904764,39.261664695238096,5,0,0,4,0,1,0,0,0,12.0
MAGHARIBI A,2019,50,53,0.5660377358490566,0.1320754716981132,0.09433962264150944,0.1509433962264151,0.4528301886792453,0.16981132075471697,0.09433962264150944,51,0,2,18,33,-6.095265018918919,39.23105236216217,10,0,0,4,0,2,0,0,0,12.0
MAGHARIBI A,2019,51,78,0.47435897435897434,0.21794871794871795,0.07692307692307693,0.1794871794871795,0.3717948717948718,0.2692307692307692,0.10256410256410256,77,0,1,29,48,-6.100834327272727,39.22813675909091,14,0,0,5,0,2,0,0,0,12.0
MAGHARIBI A,2019,52,91,0.4835164835164835,0.2087912087912088,0.08791208791208792,0.2087912087912088,0.45054945054945056,0.16483516483516483,0.08791208791208792,87,0,4,27,60,-6.105198683783784,39.233346110810814,15,0,0,2,0,1,0,0,0,12.0
MAGHARIBI A,2020,1,34,0.47058823529411764,0.029411764705882353,0.029411764705882353,0.20588235294117646,0.35294117647058826,0.29411764705882354,0.11764705882352941,34,0,0,8,26,-6.0970599,39.22190557857142,2,0,0,4,0,0,0,0,0,1.0
MAGHARIBI A,2020,2,74,0.4594594594594595,0.24324324324324326,0.14864864864864866,0.14864864864864866,0.3918918918918919,0.22972972972972974,0.08108108108108109,74,0,0,25,49,-6.1048630658536585,39.229496624390244,16,0,0,5,0,1,0,0,0,1.0
MAGHARIBI A,2020,3,76,0.3815789473684211,0.2894736842105263,0.25,0.19736842105263158,0.34210526315789475,0.15789473684210525,0.039473684210526314,75,0,1,26,49,-6.104363533333334,39.231892316666666,14,0,0,3,0,1,0,0,0,1.0
MAGHARIBI A,2020,4,61,0.3770491803278688,0.19672131147540983,0.19672131147540983,0.11475409836065574,0.4262295081967213,0.22950819672131148,0.03278688524590164,61,0,0,17,44,-6.098003137931035,39.2316924,7,0,0,0,0,2,0,0,0,1.0
MAGHARIBI A,2020,5,46,0.43478260869565216,0.34782608695652173,0.13043478260869565,0.10869565217391304,0.45652173913043476,0.21739130434782608,0.08695652173913043,44,0,2,12,32,-6.110632880645161,39.23136406451613,9,0,0,2,0,1,0,0,0,1.0
MAGHARIBI A,2020,6,34,0.4117647058823529,0.20588235294117646,0.23529411764705882,0.14705882352941177,0.3235294117647059,0.20588235294117646,0.08823529411764706,34,0,0,17,17,-6.120135182352941,39.227595799999996,8,0,0,2,0,0,0,0,0,2.0
MAGHARIBI A,2020,7,30,0.4666666666666667,0.06666666666666667,0.26666666666666666,0.13333333333333333,0.43333333333333335,0.1,0.06666666666666667,30,0,0,14,16,-6.117883827272727,39.224708018181815,1,0,0,2,0,0,0,0,0,2.0
MAGHARIBI A,2020,8,23,0.4782608695652174,0.34782608695652173,0.17391304347826086,0.0,0.5652173913043478,0.08695652173913043,0.17391304347826086,23,0,0,10,13,-6.105781733333333,39.227449891666666,3,0,0,1,0,1,0,0,0,2.0
MAGHARIBI A,2020,9,32,0.46875,0.21875,0.03125,0.125,0.71875,0.09375,0.03125,30,0,2,7,23,-6.093487415,39.231052445,3,0,0,1,0,0,0,0,0,2.0
MAGHARIBI A,2020,10,22,0.5,0.18181818181818182,0.36363636363636365,0.13636363636363635,0.3181818181818182,0.13636363636363635,0.045454545454545456,22,0,0,10,12,-6.145525441666667,39.22114658333333,1,0,0,1,0,1,0,0,0,3.0
MAGHARIBI A,2020,11,14,0.5714285714285714,0.35714285714285715,0.07142857142857142,0.21428571428571427,0.42857142857142855,0.2857142857142857,0.0,14,0,0,3,11,-6.131810375,39.2223411,1,0,0,0,0,0,0,0,0,3.0
MAGHARIBI A,2020,12,13,0.46153846153846156,0.3076923076923077,0.15384615384615385,0.15384615384615385,0.3076923076923077,0.38461538461538464,0.0,13,0,0,3,10,-6.0978213142857145,39.22448687142857,1,0,0,1,0,0,0,0,0,3.0
MAGHARIBI A,2020,13,22,0.7727272727272727,0.13636363636363635,0.09090909090909091,0.045454545454545456,0.4090909090909091,0.3181818181818182,0.13636363636363635,22,0,0,11,11,-6.1281735,39.229802472222225,1,0,0,1,0,1,0,0,0,3.0
MAGHARIBI A,2020,14,17,0.6470588235294118,0.29411764705882354,0.17647058823529413,0.0,0.5294117647058824,0.23529411764705882,0.058823529411764705,17,0,0,6,11,-6.11054966875,39.22689558125,2,0,0,2,0,1,0,0,0,4.0
MAGHARIBI A,2020,15,13,0.9230769230769231,0.07692307692307693,0.0,0.07692307692307693,0.46153846153846156,0.38461538461538464,0.07692307692307693,13,0,0,3,10,-6.109348446153846,39.22414935384615,2,0,0,2,0,0,0,0,0,4.0
MAGHARIBI A,2020,16,15,0.6,0.2,0.13333333333333333,0.2,0.2,0.26666666666666666,0.2,15,0,0,8,7,-6.101442011111111,39.22568796666667,3,0,0,1,0,1,0,0,0,4.0
MAGHARIBI A,2020,17,12,0.8333333333333334,0.16666666666666666,0.0,0.16666666666666666,0.4166666666666667,0.4166666666666667,0.0,12,0,0,7,5,-6.08925646,39.2335572,4,0,0,0,0,1,0,0,0,4.0
MAGHARIBI A,2020,18,14,0.9285714285714286,0.07142857142857142,0.07142857142857142,0.07142857142857142,0.42857142857142855,0.42857142857142855,0.0,13,0,1,7,6,-6.10464335,39.23307656666667,3,0,0,4,0,0,0,0,0,4.0
MAGHARIBI A,2020,19,15,0.6666666666666666,0.2,0.13333333333333333,0.0,0.4666666666666667,0.26666666666666666,0.13333333333333333,15,0,0,9,6,-6.1141399000000005,39.23971783636364,1,0,0,1,0,0,0,0,0,5.0
MAGHARIBI A,2020,20,21,0.6190476190476191,0.23809523809523808,0.09523809523809523,0.09523809523809523,0.5714285714285714,0.19047619047619047,0.047619047619047616,19,0,2,5,14,-6.102935061111111,39.23578021666666,4,0,0,6,0,0,0,0,0,5.0
MAGHARIBI A,2020,21,16,0.8125,0.125,0.0,0.0625,0.4375,0.375,0.125,15,0,1,5,10,-6.114688646666666,39.22657412,1,0,0,6,0,1,0,0,0,5.0
MAGHARIBI A,2020,22,24,0.8333333333333334,0.125,0.041666666666666664,0.041666666666666664,0.5,0.375,0.041666666666666664,24,0,0,18,6,-6.123448995238094,39.22142119047619,3,0,0,3,0,2,0,0,0,5.0
MAGHARIBI A,2020,23,31,0.8064516129032258,0.06451612903225806,0.03225806451612903,0.12903225806451613,0.4838709677419355,0.22580645161290322,0.12903225806451613,31,0,0,9,22,-6.118887948,39.223435784,6,0,0,4,0,0,0,0,0,6.0
MAGHARIBI A,2020,24,38,0.8157894736842105,0.05263157894736842,0.02631578947368421,0.07894736842105263,0.5,0.21052631578947367,0.15789473684210525,38,0,0,7,31,-6.125398651515152,39.22281848484849,4,0,0,7,0,3,0,0,0,6.0
MAGHARIBI A,2020,25,39,0.7692307692307693,0.20512820512820512,0.02564102564102564,0.07692307692307693,0.46153846153846156,0.28205128205128205,0.15384615384615385,39,0,0,12,27,-6.111720275675676,39.22929904054054,6,0,0,7,0,3,0,0,0,6.0
MAGHARIBI A,2020,26,28,0.6785714285714286,0.17857142857142858,0.17857142857142858,0.14285714285714285,0.5,0.17857142857142858,0.0,28,0,0,10,18,-6.11735962,39.234857899999994,5,1,0,5,0,1,0,0,0,6.0
MAGHARIBI A,2020,27,32,0.78125,0.09375,0.09375,0.03125,0.4375,0.3125,0.125,32,0,0,7,25,-6.106963762962963,39.22462319259259,3,0,0,4,0,2,0,0,0,7.0
MAGHARIBI A,2020,28,35,0.7142857142857143,0.2571428571428571,0.02857142857142857,0.14285714285714285,0.42857142857142855,0.2571428571428571,0.14285714285714285,35,0,0,19,16,-6.118863376666667,39.23043891666667,7,0,0,9,0,0,0,0,0,7.0
MAGHARIBI A,2020,29,25,0.56,0.32,0.32,0.0,0.4,0.24,0.0,25,0,0,11,14,-6.105787868421053,39.225397831578945,4,0,0,3,0,1,0,0,0,7.0
MAGHARIBI A,2020,30,17,0.5882352941176471,0.35294117647058826,0.11764705882352941,0.23529411764705882,0.17647058823529413,0.35294117647058826,0.11764705882352941,17,0,0,8,9,-6.110173730769231,39.236131669230765,2,0,0,1,0,1,0,0,0,7.0
MAGHARIBI A,2020,31,14,0.7857142857142857,0.14285714285714285,0.14285714285714285,0.07142857142857142,0.5,0.2857142857142857,0.0,14,0,0,3,11,-6.096765954545455,39.231864154545455,3,0,0,0,0,0,0,0,0,7.0
MAGHARIBI A,2020,32,18,0.5555555555555556,0.4444444444444444,0.05555555555555555,0.0,0.4444444444444444,0.2777777777777778,0.2222222222222222,18,0,0,7,11,-6.110314976470588,39.22641848235294,0,0,0,2,0,1,0,0,0,8.0
MAGHARIBI A,2020,33,15,0.7333333333333333,0.26666666666666666,0.0,0.13333333333333333,0.6,0.13333333333333333,0.13333333333333333,15,0,0,3,12,-6.089974242857143,39.234643721428576,1,0,0,2,0,1,0,0,0,8.0
MAGHARIBI A,2020,34,28,0.7142857142857143,0.2857142857142857,0.07142857142857142,0.17857142857142858,0.42857142857142855,0.2857142857142857,0.03571428571428571,22,1,6,7,14,-6.092233934615384,39.234856353846155,5,0,0,0,0,0,0,0,0,8.0
MAGHARIBI A,2020,35,18,0.3888888888888889,0.6111111111111112,0.2222222222222222,0.2777777777777778,0.3888888888888889,0.1111111111111111,0.0,18,0,0,4,14,-6.115715852941176,39.23833350588235,5,0,0,0,0,0,0,0,0,8.0
MAGHARIBI A,2020,36,17,0.6470588235294118,0.35294117647058826,0.11764705882352941,0.11764705882352941,0.47058823529411764,0.17647058823529413,0.11764705882352941,13,0,4,4,9,-6.101281588235294,39.23315564705882,2,0,0,1,0,0,0,0,0,9.0
MAGHARIBI A,2020,37,11,0.6363636363636364,0.36363636363636365,0.09090909090909091,0.2727272727272727,0.36363636363636365,0.18181818181818182,0.09090909090909091,11,0,0,3,8,-6.110336318181819,39.2339165,3,0,0,0,0,0,0,0,0,9.0
MAGHARIBI A,2020,38,16,0.5,0.5,0.1875,0.125,0.5,0.125,0.0625,13,0,3,5,8,-6.10331338,39.23174430666666,1,0,0,0,0,0,0,0,0,9.0
MAGHARIBI A,2020,39,7,0.7142857142857143,0.2857142857142857,0.2857142857142857,0.42857142857142855,0.2857142857142857,0.0,0.0,7,0,0,1,6,-6.127485549999999,39.25908305,3,0,0,0,0,0,0,0,0,9.0
MAGHARIBI A,2020,40,6,0.5,0.5,0.0,0.0,0.6666666666666666,0.16666666666666666,0.16666666666666666,6,0,0,2,4,-6.1381755,39.2360858,0,0,0,0,0,0,0,0,0,9.0
MAGHARIBI A,2020,41,8,0.75,0.25,0.25,0.125,0.5,0.125,0.0,8,0,0,3,5,-6.1403059,39.241945183333335,2,0,0,0,0,0,0,0,0,10.0
MAGHARIBI A,2020,42,11,0.45454545454545453,0.45454545454545453,0.09090909090909091,0.09090909090909091,0.45454545454545453,0.2727272727272727,0.09090909090909091,11,0,0,6,5,-6.148959042857143,39.24008354285714,3,0,0,0,0,0,0,0,0,10.0
MAGHARIBI A,2020,43,10,0.6,0.4,0.0,0.0,0.6,0.3,0.1,10,0,0,5,5,-6.061174733333334,39.2358014,2,0,0,0,0,1,0,0,0,10.0
MAGHARIBI A,2020,44,11,0.5454545454545454,0.45454545454545453,0.0,0.2727272727272727,0.36363636363636365,0.36363636363636365,0.0,11,0,0,7,4,-6.121752709090909,39.23030137272727,4,0,0,0,0,0,0,0,0,10.0
MAGHARIBI A,2020,45,16,0.75,0.25,0.0625,0.1875,0.4375,0.3125,0.0,14,0,2,6,8,-6.108109775,39.23534193125,3,0,0,3,0,0,0,0,0,11.0
MAGHARIBI A,2020,46,14,0.7857142857142857,0.21428571428571427,0.2857142857142857,0.07142857142857142,0.2857142857142857,0.35714285714285715,0.0,14,1,0,5,8,-6.120701508333333,39.230112358333336,3,0,0,0,0,0,0,0,0,11.0
MAGHARIBI A,2020,47,6,0.6666666666666666,0.3333333333333333,0.16666666666666666,0.0,0.16666666666666666,0.16666666666666666,0.5,6,0,0,3,3,-6.10156746,39.24963948,1,0,0,0,0,0,0,0,0,11.0
MAGHARIBI A,2020,48,14,0.42857142857142855,0.5714285714285714,0.21428571428571427,0.0,0.42857142857142855,0.35714285714285715,0.0,14,0,0,8,6,-6.132162415384615,39.22782346923077,1,0,0,2,0,0,0,0,0,11.0
MAGHARIBI A,2020,49,19,0.47368421052631576,0.5263157894736842,0.0,0.15789473684210525,0.42105263157894735,0.3157894736842105,0.10526315789473684,18,0,1,7,11,-6.125900194736842,39.24326512105263,4,0,0,1,0,0,0,0,0,12.0
MAGHARIBI A,2020,50,34,0.6176470588235294,0.38235294117647056,0.08823529411764706,0.058823529411764705,0.5882352941176471,0.14705882352941177,0.11764705882352941,34,0,0,14,20,-6.11490745,39.23043723125,5,0,0,1,0,2,0,0,0,12.0
MAGHARIBI A,2020,51,43,0.7441860465116279,0.23255813953488372,0.06976744186046512,0.16279069767441862,0.5581395348837209,0.18604651162790697,0.023255813953488372,42,0,1,13,29,-6.12153393902439,39.23114802926829,11,0,0,0,0,0,0,0,0,12.0
MAGHARIBI A,2020,52,45,0.6888888888888889,0.28888888888888886,0.08888888888888889,0.13333333333333333,0.4666666666666667,0.2222222222222222,0.08888888888888889,45,0,0,19,26,-6.109027135714285,39.23547049047619,7,0,0,0,0,0,0,0,0,12.0
MAGHARIBI A,2021,1,3,0.6666666666666666,0.3333333333333333,0.0,0.3333333333333333,0.3333333333333333,0.0,0.3333333333333333,3,0,0,2,1,-6.105591100000001,39.23378093333333,1,0,0,0,0,0,0,0,0,1.0
MAGHARIBI A,2021,2,40,0.625,0.35,0.1,0.125,0.525,0.2,0.05,40,0,0,12,28,-6.096894674358974,39.23498962820513,4,0,0,1,0,1,0,0,0,1.0
MAGHARIBI A,2021,3,30,0.5666666666666667,0.43333333333333335,0.06666666666666667,0.26666666666666666,0.4,0.13333333333333333,0.13333333333333333,30,0,0,7,23,-6.106180803333333,39.2395329,7,0,0,2,0,1,0,0,0,1.0
MAGHARIBI A,2021,4,43,0.6046511627906976,0.3953488372093023,0.09302325581395349,0.20930232558139536,0.46511627906976744,0.20930232558139536,0.023255813953488372,43,0,0,11,32,-6.114748344444445,39.23206584166667,9,0,0,2,0,0,0,0,0,1.0
MAGHARIBI A,2021,5,50,0.62,0.38,0.04,0.24,0.44,0.22,0.06,48,0,2,15,33,-6.122711322222221,39.23720615333333,13,1,0,3,0,2,0,0,0,1.0
MAGHARIBI A,2021,6,22,0.6818181818181818,0.2727272727272727,0.0,0.13636363636363635,0.4090909090909091,0.36363636363636365,0.09090909090909091,22,0,0,8,14,-6.1075246631578946,39.232160389473684,4,0,0,2,0,1,0,0,0,2.0
MAGHARIBI A,2021,7,14,0.2857142857142857,0.7142857142857143,0.14285714285714285,0.14285714285714285,0.35714285714285715,0.2857142857142857,0.07142857142857142,13,0,1,5,8,-6.114787946153846,39.24477778461539,2,0,0,0,0,0,0,0,0,2.0
MAGHARIBI A,2021,8,16,0.4375,0.5625,0.125,0.1875,0.5625,0.125,0.0,16,0,0,1,15,-6.1170998999999995,39.24306215,5,0,0,0,0,0,0,0,0,2.0
MAGHARIBI A,2021,9,19,0.5789473684210527,0.42105263157894735,0.05263157894736842,0.21052631578947367,0.42105263157894735,0.2631578947368421,0.05263157894736842,19,0,0,5,14,-6.112632338888889,39.24837111666667,3,0,0,1,0,0,0,0,0,2.0
MAGHARIBI A,2021,10,14,0.8571428571428571,0.14285714285714285,0.0,0.21428571428571427,0.5,0.2857142857142857,0.0,14,0,0,6,8,-6.168668228571429,39.22710599285715,2,0,0,1,0,0,0,0,0,3.0
MAGHARIBI A,2021,11,24,0.6666666666666666,0.3333333333333333,0.08333333333333333,0.16666666666666666,0.5,0.20833333333333334,0.041666666666666664,24,0,0,7,17,-6.1241278,39.23624635416667,6,0,0,0,0,0,0,0,0,3.0
MAGHARIBI A,2021,12,18,0.5555555555555556,0.3888888888888889,0.16666666666666666,0.1111111111111111,0.4444444444444444,0.1111111111111111,0.16666666666666666,18,0,0,3,15,-6.115342992857143,39.228585357142855,1,0,0,0,0,1,0,0,0,3.0
MAGHARIBI A,2021,13,8,0.75,0.25,0.0,0.125,0.625,0.25,0.0,8,0,0,5,3,-6.10407665,39.222306175,1,0,0,0,0,0,0,0,0,3.0
MAGHARIBI A,2021,14,18,0.4444444444444444,0.5,0.16666666666666666,0.16666666666666666,0.2777777777777778,0.3333333333333333,0.05555555555555555,16,0,2,6,9,-6.1296092,39.2365137375,2,0,0,0,2,0,3,1,0,3.0
MAGHARIBI A,2021,15,9,0.4444444444444444,0.5555555555555556,0.2222222222222222,0.1111111111111111,0.1111111111111111,0.3333333333333333,0.2222222222222222,9,0,0,4,5,-6.114550366666666,39.24193987777778,1,0,0,2,0,0,0,2,0,4.0
MAGHARIBI A,2021,16,14,0.6428571428571429,0.35714285714285715,0.07142857142857142,0.07142857142857142,0.42857142857142855,0.21428571428571427,0.21428571428571427,13,0,1,3,10,-6.1245568214285715,39.24551289285714,2,0,0,1,3,0,0,1,0,4.0
MAGHARIBI A,2021,17,21,0.3333333333333333,0.6666666666666666,0.19047619047619047,0.14285714285714285,0.38095238095238093,0.14285714285714285,0.14285714285714285,18,0,3,1,17,-6.1214142238095235,39.24128949523809,2,0,0,1,2,0,0,4,0,4.0
MAGHARIBI A,2021,18,13,0.46153846153846156,0.5384615384615384,0.15384615384615385,0.15384615384615385,0.5384615384615384,0.15384615384615385,0.0,13,0,0,4,9,-6.1183874846153845,39.23147459230769,4,0,0,0,1,0,0,0,0,5.0
MAGHARIBI A,2021,19,15,0.7333333333333333,0.26666666666666666,0.0,0.13333333333333333,0.3333333333333333,0.4666666666666667,0.06666666666666667,15,0,0,6,9,-6.121799428571428,39.23376398571429,2,0,0,1,0,0,0,1,0,5.0
MAGHARIBI A,2021,20,11,0.6363636363636364,0.2727272727272727,0.0,0.0,0.6363636363636364,0.2727272727272727,0.0,11,0,0,5,6,-6.1138918,39.23306735,0,0,0,0,2,0,0,1,0,5.0
MAGHARIBI A,2021,21,19,0.5263157894736842,0.47368421052631576,0.10526315789473684,0.15789473684210525,0.47368421052631576,0.15789473684210525,0.10526315789473684,19,0,0,8,11,-6.121771152631578,39.24451349473684,5,0,0,0,1,0,0,2,0,5.0
MAGHARIBI A,2021,22,18,0.6111111111111112,0.3888888888888889,0.16666666666666666,0.0,0.3333333333333333,0.3333333333333333,0.16666666666666666,18,0,0,5,13,-6.1030154625,39.23584664375,0,0,0,1,1,1,0,0,0,5.0
MAGHARIBI A,2021,23,14,0.5,0.42857142857142855,0.21428571428571427,0.21428571428571427,0.21428571428571427,0.2857142857142857,0.0,13,0,1,3,10,-6.128466415384616,39.23645771538462,3,0,0,0,0,0,1,1,0,6.0
MAGHARIBI A,2021,24,15,0.6,0.4,0.2,0.13333333333333333,0.06666666666666667,0.4,0.2,15,0,0,7,8,-6.1003379,39.242452914285714,2,0,0,0,2,0,0,2,0,6.0
MAGHARIBI A,2021,25,13,0.5384615384615384,0.38461538461538464,0.15384615384615385,0.07692307692307693,0.5384615384615384,0.15384615384615385,0.0,13,0,0,4,8,-6.105952563636364,39.24837207272728,2,0,0,0,1,0,1,1,0,6.0
MAGHARIBI A,2021,26,17,0.47058823529411764,0.35294117647058826,0.058823529411764705,0.11764705882352941,0.4117647058823529,0.11764705882352941,0.11764705882352941,17,0,0,6,11,-6.119477328571429,39.23960960714286,2,0,0,0,1,0,1,2,0,6.0
MAGHARIBI A,2021,27,13,0.5384615384615384,0.38461538461538464,0.07692307692307693,0.15384615384615385,0.15384615384615385,0.5384615384615384,0.0,13,0,0,7,6,-6.103480333333334,39.229109425,2,0,0,0,1,0,0,1,0,6.0
MAGHARIBI A,2021,28,19,0.3157894736842105,0.5789473684210527,0.05263157894736842,0.2631578947368421,0.3684210526315789,0.15789473684210525,0.05263157894736842,18,0,1,10,8,-6.114618476470588,39.2441423,6,0,0,1,2,0,0,2,0,7.0
MAGHARIBI A,2021,29,10,0.2,0.7,0.1,0.1,0.3,0.2,0.2,9,0,1,4,5,-6.119599866666666,39.23178234444444,0,0,0,0,0,0,0,2,0,7.0
MAGHARIBI A,2021,30,16,0.25,0.75,0.375,0.125,0.3125,0.1875,0.0,14,0,2,5,8,-6.13192765,39.2345056375,2,0,0,1,1,0,0,1,0,7.0
MAGHARIBI A,2021,31,8,0.625,0.375,0.0,0.5,0.25,0.0,0.25,8,0,0,3,5,-6.13604885,39.23852415,2,0,0,0,0,0,0,0,0,7.0
MAGHARIBI A,2021,32,8,0.125,0.625,0.0,0.0,0.5,0.125,0.125,8,0,0,4,4,-6.095302316666667,39.240909183333336,0,0,0,1,0,0,0,3,0,8.0
MAGHARIBI A,2021,33,17,0.47058823529411764,0.4117647058823529,0.058823529411764705,0.058823529411764705,0.47058823529411764,0.23529411764705882,0.058823529411764705,14,0,3,6,8,-6.131001246666667,39.2390076,0,0,0,1,0,0,0,2,0,8.0
MAGHARIBI A,2021,34,11,0.36363636363636365,0.6363636363636364,0.2727272727272727,0.0,0.45454545454545453,0.09090909090909091,0.18181818181818182,11,0,0,1,10,-6.108005672727273,39.240769581818185,1,0,0,1,0,0,0,1,0,8.0
MAGHARIBI A,2021,35,4,0.5,0.5,0.25,0.0,0.0,0.5,0.25,4,0,0,1,3,-6.124655925,39.243622025,0,0,0,0,0,0,0,1,0,8.0
MAGHARIBI A,2021,36,9,0.5555555555555556,0.3333333333333333,0.1111111111111111,0.1111111111111111,0.3333333333333333,0.0,0.3333333333333333,9,0,0,3,4,-6.1255376,39.2286380625,2,0,0,0,1,1,0,1,0,9.0
MAGHARIBI A,2021,37,12,0.5833333333333334,0.3333333333333333,0.08333333333333333,0.08333333333333333,0.6666666666666666,0.08333333333333333,0.0,12,0,0,1,10,-6.102047563636364,39.23342086363636,3,0,0,0,0,0,0,2,0,9.0
MAGHARIBI A,2021,38,11,0.5454545454545454,0.45454545454545453,0.09090909090909091,0.09090909090909091,0.5454545454545454,0.18181818181818182,0.09090909090909091,11,0,0,0,9,-6.097800816666667,39.26068605,1,0,0,0,0,0,0,1,0,9.0
MAGHARIBI A,2021,39,11,0.5454545454545454,0.45454545454545453,0.36363636363636365,0.18181818181818182,0.18181818181818182,0.2727272727272727,0.0,10,0,1,1,8,-6.092235700000001,39.248657900000005,3,0,0,0,1,0,0,0,0,9.0
MAGHARIBI A,2021,40,12,0.5,0.5,0.16666666666666666,0.5,0.3333333333333333,0.0,0.0,10,0,2,4,6,-6.117668418181818,39.23384936363636,2,0,0,0,0,0,0,0,0,9.0
MAGHARIBI A,2021,41,14,0.5714285714285714,0.35714285714285715,0.2857142857142857,0.2857142857142857,0.2857142857142857,0.07142857142857142,0.0,13,0,1,3,10,-6.103425230769231,39.24075520769231,4,0,0,0,1,0,0,1,0,10.0
MAGHARIBI A,2021,42,10,0.4,0.6,0.3,0.3,0.3,0.1,0.0,10,0,0,3,7,-6.11739958,39.245782070000004,1,0,0,0,0,0,0,1,0,10.0
MAGHARIBI A,2021,43,14,0.9285714285714286,0.07142857142857142,0.14285714285714285,0.35714285714285715,0.14285714285714285,0.21428571428571427,0.14285714285714285,12,0,2,2,8,-6.1357376769230765,39.24408806153846,0,0,0,0,1,0,0,0,0,10.0
MAGHARIBI A,2021,44,9,0.4444444444444444,0.5555555555555556,0.1111111111111111,0.2222222222222222,0.4444444444444444,0.2222222222222222,0.0,9,0,0,1,8,-6.123317388888889,39.23954745555555,2,0,0,1,0,0,0,1,0,10.0
MAGHARIBI A,2021,45,23,0.6086956521739131,0.34782608695652173,0.17391304347826086,0.2608695652173913,0.30434782608695654,0.17391304347826086,0.043478260869565216,20,0,3,3,15,-6.117630690476191,39.23471368571428,4,0,0,0,2,0,0,1,0,11.0
MAGHARIBI A,2021,46,13,0.15384615384615385,0.8461538461538461,0.0,0.07692307692307693,0.23076923076923078,0.5384615384615384,0.15384615384615385,11,0,2,5,5,-6.1324635545454536,39.251201481818185,1,0,0,0,0,0,0,2,0,11.0
MAGHARIBI A,2021,47,7,0.5714285714285714,0.2857142857142857,0.14285714285714285,0.0,0.42857142857142855,0.14285714285714285,0.14285714285714285,7,0,0,3,4,-6.129351866666667,39.232710149999996,0,0,0,0,0,0,0,1,0,11.0
MAGHARIBI A,2021,48,7,0.2857142857142857,0.7142857142857143,0.42857142857142855,0.0,0.2857142857142857,0.14285714285714285,0.14285714285714285,7,0,0,3,4,-6.080297842857143,39.235939557142856,1,0,0,0,1,0,0,1,0,11.0
MAGHARIBI A,2021,49,13,0.46153846153846156,0.5384615384615384,0.07692307692307693,0.23076923076923078,0.5384615384615384,0.15384615384615385,0.0,11,0,2,2,9,-6.120690253846154,39.22586930769231,3,0,0,0,0,0,0,0,0,12.0
MAGHARIBI A,2021,50,8,0.75,0.25,0.125,0.125,0.25,0.0,0.5,8,0,0,0,8,-6.10898985,39.2367338375,1,0,0,0,0,0,0,1,0,12.0
MAGHARIBI A,2021,51,5,0.6,0.4,0.0,0.0,0.4,0.2,0.4,4,0,1,1,2,-6.095379925,39.226584375,0,0,0,0,0,0,0,0,0,12.0
MAGHARIBI A,2021,52,12,0.4166666666666667,0.5,0.0,0.25,0.25,0.25,0.16666666666666666,12,0,0,3,8,-6.110088729999999,39.247150219999995,3,1,0,0,1,1,0,0,0,12.0
MAGHARIBI A,2022,1,2,0.0,0.5,0.0,0.0,0.5,0.0,0.0,2,0,0,0,2,-6.0579957,39.2516334,0,0,0,0,0,0,0,0,0,1.0
MAGHARIBI A,2022,2,37,0.43243243243243246,0.43243243243243246,0.10810810810810811,0.21621621621621623,0.24324324324324326,0.21621621621621623,0.08108108108108109,34,0,3,10,23,-6.1134002645161285,39.23496749032258,9,0,0,0,2,2,0,3,0,1.0
MAGHARIBI A,2022,3,34,0.6176470588235294,0.23529411764705882,0.08823529411764706,0.14705882352941177,0.4117647058823529,0.11764705882352941,0.08823529411764706,29,0,5,5,24,-6.116661499999999,39.24034354074074,10,0,0,0,1,0,0,3,0,1.0
MAGHARIBI A,2022,4,32,0.5625,0.03125,0.03125,0.125,0.25,0.15625,0.03125,31,0,1,8,22,-6.108832126315789,39.234849321052636,4,0,0,1,1,0,0,0,0,1.0
MAGHARIBI A,2022,5,22,0.5,0.2727272727272727,0.09090909090909091,0.22727272727272727,0.18181818181818182,0.13636363636363635,0.13636363636363635,22,0,0,8,14,-6.100313793333333,39.2477786,5,0,0,0,1,0,0,4,0,1.0
MAGHARIBI A,2022,6,17,0.5882352941176471,0.23529411764705882,0.11764705882352941,0.11764705882352941,0.29411764705882354,0.29411764705882354,0.0,17,0,0,11,6,-6.11564816923077,39.23203196923077,1,0,0,1,0,2,0,0,0,2.0
MAGHARIBI A,2022,7,15,0.4666666666666667,0.4,0.06666666666666667,0.26666666666666666,0.4,0.0,0.13333333333333333,14,0,1,2,12,-6.079475230769232,39.24128773076923,7,0,0,0,2,0,0,0,0,2.0
MAGHARIBI A,2022,8,7,0.2857142857142857,0.2857142857142857,0.0,0.14285714285714285,0.42857142857142855,0.0,0.0,7,0,0,0,7,-6.064028075,39.2346025,1,0,0,0,0,1,0,1,0,2.0
MAGHARIBI A,2022,9,11,0.7272727272727273,0.2727272727272727,0.09090909090909091,0.18181818181818182,0.5454545454545454,0.18181818181818182,0.0,11,0,0,3,8,-6.105702936363636,39.23476391818182,2,0,0,1,0,0,0,2,0,2.0
MAGHARIBI A,2022,10,14,0.42857142857142855,0.5714285714285714,0.2857142857142857,0.21428571428571427,0.2857142857142857,0.14285714285714285,0.07142857142857142,14,0,0,1,13,-6.088743678571428,39.232750442857146,4,0,0,1,0,1,0,2,0,3.0
MAGHARIBI A,2022,11,27,0.5555555555555556,0.4074074074074074,0.037037037037037035,0.18518518518518517,0.4444444444444444,0.2962962962962963,0.0,27,0,0,3,23,-6.089144592,39.233658324,5,0,0,1,2,2,0,1,0,3.0
MAGHARIBI A,2022,12,31,0.6129032258064516,0.3225806451612903,0.16129032258064516,0.0967741935483871,0.45161290322580644,0.16129032258064516,0.06451612903225806,29,0,2,9,20,-6.110310917857142,39.23005312142857,5,0,0,0,0,1,0,4,0,3.0
MAGHARIBI A,2022,13,13,0.6153846153846154,0.38461538461538464,0.07692307692307693,0.07692307692307693,0.38461538461538464,0.38461538461538464,0.07692307692307693,12,0,1,2,10,-6.115750883333334,39.237090525,1,0,0,0,0,1,0,3,0,3.0
MAGHARIBI A,2022,14,16,0.6875,0.3125,0.1875,0.125,0.5,0.1875,0.0,16,0,0,6,9,-6.112943725,39.23591015625,2,0,0,0,1,0,0,0,0,3.0
MAGHARIBI A,2022,15,19,0.7368421052631579,0.2631578947368421,0.05263157894736842,0.10526315789473684,0.631578947368421,0.10526315789473684,0.10526315789473684,19,0,0,8,11,-6.12577215,39.23741901875,3,0,0,0,1,0,0,1,0,4.0
MAGHARIBI A,2022,16,14,0.7142857142857143,0.2857142857142857,0.07142857142857142,0.0,0.2857142857142857,0.35714285714285715,0.2857142857142857,13,0,1,3,10,-6.1088232357142855,39.23567597857143,0,0,0,0,2,0,1,0,0,4.0
MAGHARIBI A,2022,17,9,0.8888888888888888,0.1111111111111111,0.1111111111111111,0.0,0.5555555555555556,0.1111111111111111,0.2222222222222222,9,0,0,4,4,-6.135622177777778,39.239346222222224,0,0,0,0,0,2,0,0,0,4.0
MAGHARIBI A,2022,18,9,0.5555555555555556,0.4444444444444444,0.2222222222222222,0.0,0.6666666666666666,0.1111111111111111,0.0,9,0,0,6,3,-6.1143043375,39.2240685,0,0,0,0,0,0,0,1,0,4.0
MAGHARIBI A,2022,19,9,0.5555555555555556,0.4444444444444444,0.0,0.2222222222222222,0.3333333333333333,0.3333333333333333,0.1111111111111111,9,0,0,7,2,-6.135791542857143,39.22749947142857,0,0,0,0,0,0,0,1,0,5.0
MAGHARIBI A,2022,20,14,0.6428571428571429,0.35714285714285715,0.2857142857142857,0.07142857142857142,0.42857142857142855,0.14285714285714285,0.07142857142857142,13,0,1,5,7,-6.118925828571428,39.238090657142855,0,0,0,0,1,0,0,0,0,5.0
MAGHARIBI A,2022,21,10,0.6,0.4,0.0,0.1,0.6,0.3,0.0,10,0,0,2,8,-6.101466,39.228663929999996,1,0,0,1,0,0,2,0,0,5.0
MAGHARIBI A,2022,22,9,0.3333333333333333,0.6666666666666666,0.0,0.1111111111111111,0.5555555555555556,0.2222222222222222,0.1111111111111111,9,0,0,2,7,-6.114266,39.23695805555556,2,0,0,0,0,0,2,1,0,5.0
MAGHARIBI A,2022,23,12,0.6666666666666666,0.3333333333333333,0.08333333333333333,0.16666666666666666,0.5,0.16666666666666666,0.08333333333333333,12,0,0,1,11,-6.104814458333333,39.23245415,1,0,0,0,0,0,0,2,0,6.0
MAGHARIBI A,2022,24,18,0.3888888888888889,0.5,0.05555555555555555,0.16666666666666666,0.5555555555555556,0.1111111111111111,0.0,17,0,1,4,13,-6.0947409625,39.24131103125,4,0,0,0,0,0,4,1,0,6.0
MAGHARIBI A,2022,25,11,0.5454545454545454,0.36363636363636365,0.09090909090909091,0.09090909090909091,0.45454545454545453,0.09090909090909091,0.18181818181818182,11,0,0,1,10,-6.084434977777778,39.23739066666666,1,0,0,0,1,1,0,2,0,6.0
MAGHARIBI A,2022,26,15,0.6,0.13333333333333333,0.06666666666666667,0.06666666666666667,0.4,0.06666666666666667,0.13333333333333333,15,0,0,3,12,-6.108741454545455,39.236396590909095,1,0,0,0,1,1,1,0,0,6.0
MAGHARIBI A,2022,27,15,0.4,0.3333333333333333,0.2,0.0,0.4,0.13333333333333333,0.0,14,0,1,6,8,-6.121158371428572,39.234288142857146,1,0,0,1,0,1,0,0,0,6.0
MAGHARIBI A,2022,28,16,0.375,0.25,0.0625,0.125,0.1875,0.1875,0.0625,16,0,0,5,8,-6.120243977777778,39.237329044444444,1,0,0,0,0,0,0,1,0,7.0
MAGHARIBI A,2022,29,9,0.5555555555555556,0.4444444444444444,0.3333333333333333,0.1111111111111111,0.3333333333333333,0.1111111111111111,0.1111111111111111,9,0,0,1,6,-6.109898442857143,39.239726742857144,1,0,0,0,0,0,0,0,0,7.0
MAGHARIBI A,2022,30,6,1.0,0.0,0.0,0.0,0.3333333333333333,0.6666666666666666,0.0,6,0,0,3,2,-6.124068360000001,39.233155520000004,0,0,0,0,0,0,0,0,0,7.0
MAGHARIBI A,2022,31,6,0.6666666666666666,0.3333333333333333,0.0,0.0,0.3333333333333333,0.3333333333333333,0.3333333333333333,6,0,0,0,6,-6.11550552,39.225437219999996,0,0,0,0,1,0,0,1,0,7.0
MAGHARIBI A,2022,32,8,0.625,0.375,0.125,0.375,0.125,0.25,0.125,8,0,0,0,7,-6.106558914285714,39.232234842857146,3,0,0,0,0,0,0,0,0,8.0
MAGHARIBI A,2022,33,10,0.6,0.4,0.1,0.0,0.8,0.1,0.0,10,0,0,3,6,-6.131667955555556,39.2368941,1,0,0,0,0,0,1,1,0,8.0
MAGHARIBI A,2022,34,8,0.625,0.375,0.0,0.375,0.375,0.125,0.125,7,0,1,0,6,-6.119880928571428,39.243614085714285,3,0,0,0,1,0,1,0,0,8.0
MAGHARIBI A,2022,35,5,0.6,0.4,0.0,0.2,0.6,0.2,0.0,5,0,0,0,4,-6.082170175,39.2413224,2,0,0,2,0,0,0,0,0,8.0
MAGHARIBI A,2022,36,7,0.42857142857142855,0.5714285714285714,0.0,0.14285714285714285,0.7142857142857143,0.14285714285714285,0.0,7,0,0,2,4,-6.132463633333334,39.24680908333334,1,0,0,0,0,0,0,1,0,8.0
MAGHARIBI A,2022,37,6,0.6666666666666666,0.3333333333333333,0.16666666666666666,0.0,0.3333333333333333,0.3333333333333333,0.16666666666666666,6,0,0,1,3,-6.083762699999999,39.2284802,0,0,0,0,0,0,0,0,0,9.0
MAGHARIBI A,2022,38,3,0.6666666666666666,0.3333333333333333,0.0,0.0,1.0,0.0,0.0,3,0,0,1,2,-6.107583733333333,39.22758936666667,0,0,0,0,0,1,0,0,0,9.0
MAGHARIBI A,2022,39,9,0.3333333333333333,0.6666666666666666,0.3333333333333333,0.1111111111111111,0.4444444444444444,0.1111111111111111,0.0,8,0,1,1,4,-6.119217249999999,39.24618013333333,0,0,0,0,0,1,0,1,0,9.0
MAGHARIBI A,2022,40,6,0.3333333333333333,0.6666666666666666,0.0,0.16666666666666666,0.6666666666666666,0.16666666666666666,0.0,6,0,0,0,4,-6.10539178,39.2474435,2,0,0,0,1,0,0,1,0,9.0
MAGHARIBI A,2022,41,8,0.375,0.625,0.125,0.25,0.125,0.25,0.25,8,0,0,1,5,-6.130393183333333,39.24908096666667,2,0,0,0,0,0,0,0,0,10.0
MAGHARIBI A,2022,42,10,0.5,0.5,0.2,0.1,0.5,0.0,0.2,9,0,1,1,8,-6.112119244444445,39.260929488888884,2,0,0,0,2,0,0,1,0,10.0
MAGHARIBI A,2022,43,11,0.45454545454545453,0.5454545454545454,0.09090909090909091,0.18181818181818182,0.5454545454545454,0.18181818181818182,0.0,11,0,0,2,8,-6.1403536999999995,39.24770937142858,3,0,0,1,0,0,0,0,0,10.0
MAGHARIBI A,2022,44,6,0.6666666666666666,0.3333333333333333,0.0,0.3333333333333333,0.3333333333333333,0.16666666666666666,0.16666666666666666,6,0,0,2,4,-6.118223983333333,39.24460998333333,1,0,0,1,0,0,0,0,0,10.0
MAGHARIBI A,2022,45,5,0.2,0.8,0.0,0.2,0.2,0.4,0.2,5,0,0,2,3,-6.12673306,39.22986288,1,0,0,0,0,1,0,1,0,11.0
MAGHARIBI A,2022,46,8,0.5,0.5,0.125,0.125,0.25,0.375,0.125,8,0,0,5,3,-6.09699825,39.2310352375,1,0,0,0,0,0,0,1,0,11.0
MAGHARIBI A,2022,47,8,0.75,0.25,0.25,0.0,0.125,0.5,0.125,8,0,0,3,5,-6.1102789,39.235028,0,0,0,0,0,0,0,0,0,11.0
MAGHARIBI A,2022,48,5,0.6,0.4,0.2,0.2,0.4,0.2,0.0,2,0,3,0,2,-6.11263222,39.23232236,1,0,0,0,0,0,0,1,0,11.0
MAGHARIBI A,2022,49,11,0.5454545454545454,0.45454545454545453,0.0,0.09090909090909091,0.5454545454545454,0.09090909090909091,0.2727272727272727,11,0,0,2,6,-6.1113429375,39.24020705,1,0,0,0,0,0,0,2,0,12.0
MAGHARIBI A,2022,50,3,1.0,0.0,0.3333333333333333,0.0,0.6666666666666666,0.0,0.0,3,0,0,0,3,-6.109098533333333,39.2245951,0,0,0,0,0,0,0,0,0,12.0
MAGHARIBI A,2022,51,12,0.5833333333333334,0.4166666666666667,0.25,0.16666666666666666,0.4166666666666667,0.08333333333333333,0.08333333333333333,11,0,1,2,9,-6.110111766666667,39.23860980833333,4,0,0,0,0,0,0,1,0,12.0
MAGHARIBI A,2022,52,12,0.6666666666666666,0.3333333333333333,0.0,0.08333333333333333,0.6666666666666666,0.08333333333333333,0.16666666666666666,10,0,2,0,9,-6.132445677777778,39.247048400000004,1,0,0,1,0,0,0,2,0,12.0
MAGHARIBI A,2023,1,29,0.6896551724137931,0.3103448275862069,0.034482758620689655,0.3793103448275862,0.3793103448275862,0.13793103448275862,0.06896551724137931,27,0,2,8,16,-6.111320475,39.2317326375,9,0,0,1,1,0,0,2,0,1.0
MAGHARIBI A,2023,2,25,0.56,0.44,0.2,0.12,0.48,0.12,0.08,22,0,3,3,14,-6.079511226666667,39.23890906,2,0,0,0,0,0,1,3,0,1.0
MAGHARIBI A,2023,3,24,0.4166666666666667,0.5833333333333334,0.041666666666666664,0.125,0.4166666666666667,0.2916666666666667,0.125,23,0,1,3,18,-6.1094891,39.237687275,5,0,0,0,0,0,0,4,0,1.0
MAGHARIBI A,2023,4,28,0.5714285714285714,0.42857142857142855,0.10714285714285714,0.10714285714285714,0.4642857142857143,0.25,0.07142857142857142,28,0,0,7,18,-6.11317968,39.232554320000006,3,0,0,1,0,0,0,3,0,1.0
MAGHARIBI A,2023,5,36,0.5,0.4722222222222222,0.1388888888888889,0.2222222222222222,0.4166666666666667,0.16666666666666666,0.027777777777777776,31,0,5,8,16,-6.124167622727273,39.233677877272726,4,0,0,2,1,0,0,2,0,2.0
MAGHARIBI A,2023,6,16,0.5,0.5,0.125,0.0,0.5,0.1875,0.1875,16,0,0,5,11,-6.080133318181819,39.23906372727273,1,0,0,0,0,1,0,2,0,2.0
MAGHARIBI A,2023,7,12,0.5,0.5,0.08333333333333333,0.16666666666666666,0.4166666666666667,0.16666666666666666,0.16666666666666666,11,0,1,4,6,-6.1335432,39.26945831818182,2,0,0,0,1,1,0,0,0,2.0
MAGHARIBI A,2023,8,9,0.6666666666666666,0.3333333333333333,0.0,0.1111111111111111,0.5555555555555556,0.2222222222222222,0.1111111111111111,9,0,0,0,6,-6.086736728571429,39.245742285714286,2,0,0,1,0,0,0,1,0,2.0
MAGHARIBI A,2023,9,18,0.6111111111111112,0.3888888888888889,0.2222222222222222,0.05555555555555555,0.5,0.2222222222222222,0.0,18,0,0,3,14,-6.100325664705883,39.23097885294118,1,0,0,1,1,0,0,0,0,2.0
MAGHARIBI A,2023,10,29,0.6206896551724138,0.3793103448275862,0.13793103448275862,0.06896551724137931,0.5862068965517241,0.13793103448275862,0.06896551724137931,27,0,2,5,17,-6.114125404545455,39.244764486363636,2,0,0,1,1,2,0,5,0,3.0
MAGHARIBI A,2023,11,13,0.6153846153846154,0.38461538461538464,0.3076923076923077,0.07692307692307693,0.23076923076923078,0.38461538461538464,0.0,13,0,0,2,9,-6.111641654545455,39.23856417272727,1,0,0,0,0,2,0,2,0,3.0
MAGHARIBI A,2023,12,8,0.875,0.125,0.125,0.0,0.25,0.5,0.125,8,0,0,0,7,-6.137449749999999,39.239487233333335,0,0,0,0,1,0,1,1,0,3.0
MAGHARIBI A,2023,13,9,0.3333333333333333,0.6666666666666666,0.0,0.0,0.5555555555555556,0.4444444444444444,0.0,7,0,2,1,5,-6.1015704,39.242670411111106,0,0,0,0,0,1,3,4,0,3.0
MAGHARIBI A,2023,14,11,0.45454545454545453,0.5454545454545454,0.18181818181818182,0.09090909090909091,0.36363636363636365,0.18181818181818182,0.18181818181818182,11,0,0,3,8,-6.0997091090909095,39.22739677272727,0,0,0,0,0,0,4,2,0,4.0
MAGHARIBI A,2023,15,18,0.5555555555555556,0.4444444444444444,0.1111111111111111,0.1111111111111111,0.5,0.2777777777777778,0.0,17,0,1,5,9,-6.082763764285715,39.23408194285714,3,0,0,0,2,0,0,2,0,4.0
MAGHARIBI A,2023,16,11,0.7272727272727273,0.2727272727272727,0.0,0.18181818181818182,0.36363636363636365,0.45454545454545453,0.0,11,0,0,4,5,-6.1118448,39.23206,0,1,0,0,0,1,1,1,0,4.0
MAGHARIBI A,2023,17,15,0.5333333333333333,0.4666666666666667,0.2,0.13333333333333333,0.4,0.0,0.26666666666666666,14,0,1,5,9,-6.1112663666666664,39.23484395333333,5,0,0,1,1,1,2,0,0,4.0
MAGHARIBI A,2023,18,20,0.65,0.35,0.0,0.2,0.35,0.35,0.1,20,0,0,4,14,-6.1055550117647055,39.23916640588236,3,0,0,1,0,2,1,1,0,5.0
MAGHARIBI A,2023,19,15,0.6666666666666666,0.3333333333333333,0.0,0.2,0.5333333333333333,0.2,0.06666666666666667,15,0,0,5,8,-6.121767623076924,39.23551623846154,3,0,0,1,2,1,3,0,0,5.0
MAGHARIBI A,2023,20,22,0.7727272727272727,0.22727272727272727,0.22727272727272727,0.18181818181818182,0.4090909090909091,0.18181818181818182,0.0,21,0,1,8,11,-6.106041757894737,39.231405642105265,4,0,0,2,0,1,0,1,0,5.0
MAGHARIBI A,2023,21,17,0.5882352941176471,0.4117647058823529,0.058823529411764705,0.058823529411764705,0.47058823529411764,0.29411764705882354,0.11764705882352941,17,0,0,2,15,-6.110509525,39.23790648125,2,0,0,1,0,1,3,2,0,5.0
MAGHARIBI A,2023,22,27,0.7777777777777778,0.2222222222222222,0.037037037037037035,0.037037037037037035,0.37037037037037035,0.3333333333333333,0.2222222222222222,27,0,0,11,13,-6.1215154045454545,39.23470079545455,0,0,0,4,4,0,3,3,0,5.0
MAGHARIBI A,2023,23,38,0.9473684210526315,0.05263157894736842,0.02631578947368421,0.10526315789473684,0.47368421052631576,0.2894736842105263,0.10526315789473684,38,0,0,3,27,-6.109129594117647,39.22876316470588,4,0,0,2,3,3,4,0,0,6.0
MAGHARIBI A,2023,24,26,0.7307692307692307,0.2692307692307692,0.038461538461538464,0.15384615384615385,0.5,0.19230769230769232,0.11538461538461539,24,0,2,6,17,-6.110560156,39.23808012,3,0,0,1,1,0,2,4,0,6.0
MAGHARIBI A,2023,25,32,0.71875,0.28125,0.03125,0.21875,0.46875,0.21875,0.0625,31,0,1,4,21,-6.114209088,39.232970756,5,0,0,2,0,2,3,1,0,6.0
MAGHARIBI A,2023,26,36,0.75,0.25,0.05555555555555555,0.08333333333333333,0.4166666666666667,0.25,0.19444444444444445,36,0,0,8,24,-6.10479998125,39.2331547125,3,0,0,5,2,0,4,2,0,6.0
MAGHARIBI A,2023,27,33,0.7272727272727273,0.2727272727272727,0.030303030303030304,0.030303030303030304,0.6363636363636364,0.21212121212121213,0.09090909090909091,30,0,3,10,19,-6.105558276666667,39.23149949333333,1,0,0,4,0,2,5,4,0,7.0
MAGHARIBI A,2023,28,29,0.7586206896551724,0.2413793103448276,0.13793103448275862,0.0,0.6896551724137931,0.13793103448275862,0.034482758620689655,28,0,1,8,18,-6.105884735714286,39.23362707857143,4,0,0,3,1,2,5,1,0,7.0
MAGHARIBI A,2023,29,28,0.8571428571428571,0.14285714285714285,0.07142857142857142,0.14285714285714285,0.5,0.10714285714285714,0.17857142857142858,28,0,0,5,22,-6.111625058333334,39.22597860416666,1,0,0,4,0,0,1,2,0,7.0
MAGHARIBI A,2023,30,31,0.9032258064516129,0.0967741935483871,0.0967741935483871,0.03225806451612903,0.5483870967741935,0.16129032258064516,0.16129032258064516,31,0,0,7,17,-6.107062891304348,39.23777993478261,2,0,0,7,0,4,3,0,0,7.0
MAGHARIBI A,2023,31,33,0.6363636363636364,0.36363636363636365,0.18181818181818182,0.09090909090909091,0.48484848484848486,0.21212121212121213,0.030303030303030304,31,0,2,8,22,-6.107714148275862,39.239528513793104,3,0,0,2,1,1,4,7,0,8.0
MAGHARIBI A,2023,32,23,0.6521739130434783,0.34782608695652173,0.08695652173913043,0.043478260869565216,0.43478260869565216,0.391304347826087,0.043478260869565216,22,0,1,5,15,-6.128498280952381,39.23790340952381,1,0,0,5,0,1,1,4,0,8.0
MAGHARIBI A,2023,33,39,0.6666666666666666,0.3333333333333333,0.07692307692307693,0.07692307692307693,0.5641025641025641,0.15384615384615385,0.1282051282051282,38,0,1,8,26,-6.112008833333333,39.23555368181818,6,0,0,6,1,0,6,5,0,8.0
MAGHARIBI A,2023,34,33,0.696969696969697,0.30303030303030304,0.0,0.030303030303030304,0.5757575757575758,0.30303030303030304,0.09090909090909091,32,0,1,4,26,-6.10933198275862,39.231139120689654,2,0,0,5,2,1,6,2,0,8.0
MAGHARIBI A,2023,35,22,0.9090909090909091,0.09090909090909091,0.0,0.09090909090909091,0.5,0.3181818181818182,0.09090909090909091,22,0,0,6,14,-6.128106454999999,39.23360125,2,0,0,6,1,0,3,1,0,8.0
MAGHARIBI A,2023,36,35,0.8,0.2,0.05714285714285714,0.11428571428571428,0.37142857142857144,0.4,0.05714285714285714,35,0,0,10,23,-6.115722006451613,39.23373344838709,3,0,0,4,3,1,4,3,0,9.0
MAGHARIBI A,2023,37,22,0.7272727272727273,0.2727272727272727,0.09090909090909091,0.0,0.5909090909090909,0.2727272727272727,0.045454545454545456,22,0,0,2,18,-6.092519805263158,39.2363648,2,0,0,2,0,0,5,0,0,9.0
MAGHARIBI A,2023,38,24,0.7916666666666666,0.20833333333333334,0.08333333333333333,0.041666666666666664,0.5833333333333334,0.2916666666666667,0.0,24,0,0,9,14,-6.119348504761906,39.23953563333333,5,0,0,1,0,0,2,2,0,9.0
MAGHARIBI A,2023,39,20,0.9,0.1,0.1,0.0,0.25,0.6,0.05,20,0,0,3,16,-6.095391423076923,39.22841981538461,0,0,0,2,1,0,2,0,0,9.0
MAGHARIBI A,2023,40,32,0.875,0.125,0.09375,0.09375,0.5,0.1875,0.125,32,0,0,7,23,-6.112875921052631,39.23254198421053,3,0,0,6,0,1,0,0,0,10.0
MAGHARIBI A,2023,41,28,0.6428571428571429,0.35714285714285715,0.03571428571428571,0.07142857142857142,0.5357142857142857,0.21428571428571427,0.14285714285714285,26,0,2,8,15,-6.106394627272727,39.23608575909091,3,0,0,2,0,0,5,2,0,10.0
MAGHARIBI A,2023,42,25,0.72,0.28,0.0,0.08,0.64,0.08,0.2,25,0,0,4,19,-6.114555661111111,39.23610656111111,1,0,0,4,2,1,0,4,0,10.0
MAGHARIBI A,2023,43,27,0.6296296296296297,0.37037037037037035,0.07407407407407407,0.07407407407407407,0.2962962962962963,0.3333333333333333,0.2222222222222222,27,0,0,6,17,-6.11253733,39.2401521,0,0,0,5,0,0,5,2,0,10.0
MAGHARIBI A,2023,44,33,0.8484848484848485,0.15151515151515152,0.0,0.09090909090909091,0.48484848484848486,0.21212121212121213,0.21212121212121213,33,0,0,3,23,-6.103980286956522,39.22631562608696,3,0,0,6,0,0,3,1,0,11.0
MAGHARIBI A,2023,45,56,0.8571428571428571,0.14285714285714285,0.017857142857142856,0.14285714285714285,0.5714285714285714,0.14285714285714285,0.125,55,0,1,11,39,-6.111681097619048,39.2306953,14,0,0,9,3,1,4,2,0,11.0
MAGHARIBI A,2023,46,74,0.8108108108108109,0.1891891891891892,0.02702702702702703,0.0945945945945946,0.43243243243243246,0.35135135135135137,0.0945945945945946,72,0,2,10,53,-6.1039791375000005,39.23245301875,10,1,0,7,3,1,5,1,0,11.0
MAGHARIBI A,2023,47,110,0.7818181818181819,0.21818181818181817,0.01818181818181818,0.09090909090909091,0.4636363636363636,0.2545454545454545,0.17272727272727273,108,0,2,10,71,-6.095717804838709,39.23281225806452,12,0,0,14,4,1,3,7,0,11.0
MAGHARIBI A,2023,48,70,0.8857142857142857,0.11428571428571428,0.014285714285714285,0.04285714285714286,0.5571428571428572,0.2714285714285714,0.11428571428571428,69,0,1,12,37,-6.1083820243243245,39.23119965405406,5,0,0,9,0,3,4,1,0,11.0
MAGHARIBI A,2023,49,156,0.8076923076923077,0.19230769230769232,0.03205128205128205,0.07692307692307693,0.5256410256410257,0.24358974358974358,0.12179487179487179,152,0,4,19,79,-6.101989398648649,39.23371234189189,13,0,0,19,1,3,4,5,0,12.0
MAGHARIBI A,2023,50,214,0.8644859813084113,0.13551401869158877,0.018691588785046728,0.07009345794392523,0.4439252336448598,0.2803738317757009,0.18691588785046728,214,0,0,22,80,-6.100850951999263,39.23186220128663,8,0,0,19,3,3,9,1,0,12.0
MAGHARIBI A,2023,51,360,0.8333333333333334,0.16666666666666666,0.011111111111111112,0.09722222222222222,0.48333333333333334,0.21388888888888888,0.19444444444444445,357,0,3,14,59,-6.089165260784314,39.23281022941176,8,0,0,14,1,7,2,1,0,12.0
MAGHARIBI A,2023,52,423,0.8416075650118203,0.15130023640661938,0.02127659574468085,0.1111111111111111,0.4444444444444444,0.2624113475177305,0.15602836879432624,419,0,4,14,60,-6.081573266,39.233150686,14,0,0,8,4,3,2,1,0,12.0
KASKAZINI B,2018,1,3,1.0,0.0,0.3333333333333333,0.0,0.6666666666666666,0.0,0.0,3,0,0,2,1,-6.1776568,39.2231804,0,0,0,0,0,0,0,0,0,1.0
KASKAZINI B,2018,2,9,0.5555555555555556,0.4444444444444444,0.1111111111111111,0.1111111111111111,0.5555555555555556,0.1111111111111111,0.1111111111111111,7,0,2,0,5,-5.996404544444444,39.20716467777778,0,0,0,0,0,0,0,0,0,1.0
KASKAZINI B,2018,3,6,0.3333333333333333,0.3333333333333333,0.16666666666666666,0.16666666666666666,0.16666666666666666,0.16666666666666666,0.0,6,0,0,1,3,-5.9559829,39.19374965,0,0,0,0,0,0,0,0,0,1.0
KASKAZINI B,2018,4,18,0.3888888888888889,0.5,0.16666666666666666,0.2222222222222222,0.2222222222222222,0.1111111111111111,0.16666666666666666,16,0,2,2,14,-6.0121209875,39.249315675,0,0,0,0,0,0,0,0,0,1.0
KASKAZINI B,2018,5,3,0.0,1.0,0.3333333333333333,0.3333333333333333,0.3333333333333333,0.0,0.0,1,0,2,0,1,-5.952932000000001,39.26847853333334,0,0,0,0,0,0,0,0,0,1.0
KASKAZINI B,2018,6,6,0.6666666666666666,0.3333333333333333,0.16666666666666666,0.3333333333333333,0.5,0.0,0.0,6,0,0,1,5,-5.992429125,39.204087375,0,0,0,0,0,0,0,0,0,2.0
KASKAZINI B,2018,7,4,0.25,0.75,0.0,0.5,0.5,0.0,0.0,3,0,1,0,3,-5.9705239,39.262002175,0,0,0,0,0,0,0,0,0,2.0
KASKAZINI B,2018,8,4,0.5,0.5,0.25,0.25,0.5,0.0,0.0,4,0,0,1,3,-5.9813008750000005,39.246402575,0,0,0,0,0,0,0,0,0,2.0
KASKAZINI B,2018,9,3,0.6666666666666666,0.3333333333333333,0.3333333333333333,0.0,0.3333333333333333,0.3333333333333333,0.0,3,0,0,2,1,-5.989651166666667,39.292404633333334,0,0,0,0,0,0,0,0,0,2.0
KASKAZINI B,2018,10,7,0.7142857142857143,0.2857142857142857,0.0,0.2857142857142857,0.2857142857142857,0.14285714285714285,0.2857142857142857,7,0,0,1,6,-6.030968328571428,39.266587057142864,0,0,0,0,0,0,0,0,0,3.0
KASKAZINI B,2018,11,1,1.0,0.0,0.0,0.0,1.0,0.0,0.0,1,0,0,1,0,-5.992313,39.2520149,0,0,0,0,0,0,0,0,0,3.0
KASKAZINI B,2018,12,4,0.75,0.25,0.25,0.5,0.0,0.25,0.0,4,0,0,1,3,-5.98137465,39.235678175000004,0,0,0,0,0,0,0,0,0,3.0
KASKAZINI B,2018,13,4,0.75,0.25,0.0,0.75,0.25,0.0,0.0,4,0,0,0,3,-5.95239195,39.246650575,0,0,0,0,0,0,0,0,0,3.0
KASKAZINI B,2018,14,12,0.5833333333333334,0.4166666666666667,0.25,0.16666666666666666,0.4166666666666667,0.08333333333333333,0.08333333333333333,11,0,1,1,7,-5.9864836,39.227815525000004,0,0,0,0,0,0,0,0,0,4.0
KASKAZINI B,2018,15,13,0.5384615384615384,0.46153846153846156,0.07692307692307693,0.46153846153846156,0.3076923076923077,0.07692307692307693,0.07692307692307693,10,0,3,1,9,-5.994545683333333,39.24752885,0,0,0,0,0,0,0,0,0,4.0
KASKAZINI B,2018,16,5,0.8,0.2,0.2,0.2,0.4,0.2,0.0,4,0,1,0,4,-5.99254494,39.2623168,0,0,0,0,0,0,0,0,0,4.0
KASKAZINI B,2018,17,4,0.25,0.5,0.0,0.25,0.5,0.0,0.0,4,0,0,0,2,-5.988446433333333,39.23412066666666,0,0,0,0,0,0,0,0,0,4.0
KASKAZINI B,2018,18,10,0.4,0.6,0.2,0.0,0.3,0.5,0.0,10,0,0,2,8,-5.970054033333334,39.22368216666667,0,0,0,0,0,0,0,0,0,5.0
KASKAZINI B,2018,19,12,0.5,0.5,0.16666666666666666,0.3333333333333333,0.3333333333333333,0.16666666666666666,0.0,10,0,2,0,6,-5.97985769,39.20437046,0,0,0,0,0,0,0,0,0,5.0
KASKAZINI B,2018,20,13,0.6153846153846154,0.23076923076923078,0.0,0.38461538461538464,0.23076923076923078,0.07692307692307693,0.15384615384615385,13,0,0,1,7,-5.995911255555556,39.2179652,0,0,0,0,0,0,0,0,0,5.0
KASKAZINI B,2018,21,17,0.47058823529411764,0.29411764705882354,0.11764705882352941,0.17647058823529413,0.35294117647058826,0.058823529411764705,0.058823529411764705,17,0,0,2,13,-6.038497646153846,39.2610419076923,0,0,0,0,0,0,0,0,0,5.0
KASKAZINI B,2018,22,13,0.5384615384615384,0.15384615384615385,0.07692307692307693,0.23076923076923078,0.23076923076923078,0.07692307692307693,0.07692307692307693,13,0,0,4,9,-5.99894761111111,39.23810031111111,0,0,0,0,0,0,0,0,0,5.0
KASKAZINI B,2018,23,14,0.35714285714285715,0.6428571428571429,0.07142857142857142,0.42857142857142855,0.07142857142857142,0.2857142857142857,0.14285714285714285,13,0,1,3,9,-5.990884446153847,39.277017,0,0,0,0,0,0,0,0,0,6.0
KASKAZINI B,2018,24,8,0.75,0.125,0.0,0.375,0.5,0.0,0.0,8,0,0,0,8,-6.002075414285714,39.24252241428571,0,0,0,0,0,0,0,0,0,6.0
KASKAZINI B,2018,25,17,0.29411764705882354,0.4117647058823529,0.0,0.23529411764705882,0.29411764705882354,0.058823529411764705,0.11764705882352941,16,0,1,4,10,-5.97883445,39.281041783333336,0,0,0,0,0,0,0,0,0,6.0
KASKAZINI B,2018,26,17,0.4117647058823529,0.47058823529411764,0.17647058823529413,0.35294117647058826,0.23529411764705882,0.058823529411764705,0.058823529411764705,13,0,4,2,8,-5.997381107142857,39.23338464285714,0,0,0,0,0,0,0,0,0,6.0
KASKAZINI B,2018,27,25,0.36,0.32,0.12,0.36,0.12,0.04,0.04,25,0,0,1,20,-5.987498975,39.25582011875,0,0,0,0,0,0,0,0,0,7.0
KASKAZINI B,2018,28,15,0.5333333333333333,0.4666666666666667,0.06666666666666667,0.26666666666666666,0.3333333333333333,0.26666666666666666,0.06666666666666667,8,0,7,0,7,-6.003661660000001,39.23481723333334,0,0,0,0,0,0,0,0,0,7.0
KASKAZINI B,2018,29,8,0.5,0.25,0.125,0.25,0.25,0.125,0.0,8,0,0,0,6,-5.969936166666667,39.2645719,0,0,0,0,0,0,0,0,0,7.0
KASKAZINI B,2018,30,16,0.375,0.375,0.125,0.25,0.375,0.0,0.0,16,0,0,3,12,-5.999674916666667,39.261655625,0,0,0,0,0,0,0,0,0,7.0
KASKAZINI B,2018,31,12,0.6666666666666666,0.3333333333333333,0.0,0.0,0.6666666666666666,0.25,0.08333333333333333,10,0,2,0,7,-5.986565109090909,39.25274517272727,0,0,0,0,0,0,0,0,0,8.0
KASKAZINI B,2018,32,7,0.2857142857142857,0.42857142857142855,0.14285714285714285,0.2857142857142857,0.2857142857142857,0.0,0.0,7,0,0,0,5,-5.9783775,39.2217216,0,0,0,0,0,0,0,0,0,8.0
KASKAZINI B,2018,33,26,0.6153846153846154,0.38461538461538464,0.2692307692307692,0.15384615384615385,0.38461538461538464,0.038461538461538464,0.15384615384615385,26,0,0,0,26,-5.984327515384615,39.253163923076926,0,0,0,0,0,0,0,0,0,8.0
KASKAZINI B,2018,34,9,0.5555555555555556,0.4444444444444444,0.1111111111111111,0.1111111111111111,0.3333333333333333,0.4444444444444444,0.0,9,0,0,0,7,-5.988983244444444,39.23641717777778,0,0,0,0,0,0,0,0,0,8.0
KASKAZINI B,2018,35,24,0.375,0.5416666666666666,0.2916666666666667,0.20833333333333334,0.3333333333333333,0.08333333333333333,0.0,12,0,12,5,6,-5.976875604545455,39.26077982727273,0,0,0,0,0,0,0,0,0,8.0
KASKAZINI B,2018,36,11,0.2727272727272727,0.45454545454545453,0.09090909090909091,0.0,0.45454545454545453,0.09090909090909091,0.09090909090909091,9,0,2,0,7,-5.9835683374999995,39.2426112625,0,0,0,0,0,0,0,0,0,9.0
KASKAZINI B,2018,37,10,0.7,0.3,0.2,0.1,0.7,0.0,0.0,8,0,2,2,6,-5.99555702,39.246736909999996,0,0,0,0,0,0,0,0,0,9.0
KASKAZINI B,2018,38,6,0.16666666666666666,0.6666666666666666,0.16666666666666666,0.0,0.5,0.0,0.16666666666666666,4,0,2,1,2,-5.98575256,39.2203567,0,0,0,0,0,0,0,0,0,9.0
KASKAZINI B,2018,39,9,0.5555555555555556,0.2222222222222222,0.1111111111111111,0.1111111111111111,0.3333333333333333,0.1111111111111111,0.1111111111111111,9,0,0,4,3,-5.997546842857143,39.21946375714286,0,0,0,0,0,0,0,0,0,9.0
KASKAZINI B,2018,40,14,0.5,0.5,0.21428571428571427,0.42857142857142855,0.35714285714285715,0.0,0.0,6,0,8,0,4,-6.005656553846153,39.23537679230769,0,0,0,0,0,0,0,0,0,10.0
KASKAZINI B,2018,41,4,0.5,0.0,0.0,0.0,0.5,0.0,0.0,4,0,0,3,1,-5.99543365,39.226286900000005,0,0,0,0,0,0,0,0,0,10.0
KASKAZINI B,2018,42,11,0.36363636363636365,0.5454545454545454,0.18181818181818182,0.18181818181818182,0.2727272727272727,0.18181818181818182,0.09090909090909091,10,0,1,4,5,-5.98947441,39.24958838,0,0,0,0,0,0,0,0,0,10.0
KASKAZINI B,2018,43,8,0.375,0.5,0.125,0.0,0.25,0.5,0.0,8,0,0,4,4,-5.998066485714285,39.253498642857146,0,0,0,0,0,0,0,0,0,10.0
KASKAZINI B,2018,44,10,0.4,0.6,0.1,0.2,0.6,0.1,0.0,10,0,0,4,5,-5.978247355555556,39.29083251111111,0,0,0,0,0,0,0,0,0,10.0
KASKAZINI B,2018,45,11,0.6363636363636364,0.36363636363636365,0.18181818181818182,0.09090909090909091,0.5454545454545454,0.18181818181818182,0.0,10,0,1,0,9,-6.005023736363636,39.23570602727273,0,0,0,0,0,0,0,0,0,11.0
KASKAZINI B,2018,46,4,0.5,0.25,0.0,0.5,0.25,0.0,0.0,4,0,0,0,4,-5.992985166666667,39.28714866666667,0,0,0,0,0,0,0,0,0,11.0
KASKAZINI B,2018,47,8,0.75,0.25,0.0,0.5,0.25,0.125,0.125,5,0,3,1,3,-6.0008798125,39.2398990625,0,0,0,0,0,0,0,0,0,11.0
KASKAZINI B,2018,48,4,0.25,0.75,0.5,0.0,0.25,0.25,0.0,2,0,2,0,2,-6.0171986749999995,39.266376550000004,0,0,0,0,0,0,0,0,0,11.0
KASKAZINI B,2018,49,9,0.6666666666666666,0.3333333333333333,0.0,0.1111111111111111,0.5555555555555556,0.1111111111111111,0.2222222222222222,9,0,0,2,5,-6.0014135,39.241981422222224,0,0,0,0,0,0,0,0,0,12.0
KASKAZINI B,2018,50,5,0.6,0.2,0.2,0.2,0.4,0.0,0.0,5,0,0,3,1,-5.985970825,39.215996499999996,0,0,0,0,0,0,0,0,0,12.0
KASKAZINI B,2018,51,4,0.75,0.25,0.0,0.5,0.25,0.25,0.0,4,0,0,1,3,-5.974972375,39.27082825,0,0,0,0,0,0,0,0,0,12.0
KASKAZINI B,2018,52,12,0.6666666666666666,0.25,0.16666666666666666,0.08333333333333333,0.5,0.16666666666666666,0.0,12,0,0,5,6,-5.99107684,39.24040078,0,0,0,0,0,0,0,0,0,12.0
KASKAZINI B,2019,1,6,0.5,0.5,0.16666666666666666,0.16666666666666666,0.16666666666666666,0.5,0.0,6,0,0,1,3,-5.9851095,39.22568395,0,0,0,0,0,0,0,0,0,1.0
KASKAZINI B,2019,2,10,0.9,0.1,0.0,0.2,0.4,0.4,0.0,10,0,0,2,7,-5.97532485,39.241746840000005,0,0,0,0,0,0,0,0,0,1.0
KASKAZINI B,2019,3,5,0.8,0.2,0.2,0.0,0.6,0.2,0.0,4,0,1,0,4,-6.0678327,39.211507440000005,0,0,0,0,0,0,0,0,0,1.0
KASKAZINI B,2019,4,13,0.5384615384615384,0.38461538461538464,0.15384615384615385,0.15384615384615385,0.38461538461538464,0.15384615384615385,0.07692307692307693,11,0,2,4,6,-5.998272316666667,39.25373895833334,0,0,0,0,0,0,0,0,0,1.0
KASKAZINI B,2019,5,8,0.75,0.25,0.125,0.0,0.75,0.125,0.0,8,0,0,1,6,-5.9952092285714285,39.25775892857143,0,0,0,0,0,0,0,0,0,1.0
KASKAZINI B,2019,6,7,0.5714285714285714,0.42857142857142855,0.0,0.2857142857142857,0.7142857142857143,0.0,0.0,7,0,0,2,4,-5.980809685714285,39.257728057142856,0,0,0,0,0,0,0,0,0,2.0
KASKAZINI B,2019,7,10,0.8,0.2,0.4,0.1,0.5,0.0,0.0,9,0,1,0,7,-5.98473818,39.233877,0,0,0,0,0,0,0,0,0,2.0
KASKAZINI B,2019,8,0,0.0,0.0,0.0,0.0,0.0,0.0,0.0,0,0,0,0,0,0.0,0.0,0,0,0,0,0,0,0,0,0,2.0
KASKAZINI B,2019,9,3,0.6666666666666666,0.3333333333333333,0.3333333333333333,0.0,0.3333333333333333,0.3333333333333333,0.0,3,0,0,0,2,-5.978766866666667,39.22768043333333,0,0,0,0,0,0,0,0,0,2.0
KASKAZINI B,2019,10,3,0.3333333333333333,0.6666666666666666,0.3333333333333333,0.3333333333333333,0.3333333333333333,0.0,0.0,3,0,0,0,2,-5.978720366666667,39.240911266666664,0,0,0,0,0,0,0,0,0,3.0
KASKAZINI B,2019,11,4,0.0,1.0,0.5,0.0,0.5,0.0,0.0,3,0,1,1,2,-5.96426805,39.24120105,0,0,0,0,0,0,0,0,0,3.0
KASKAZINI B,2019,12,2,1.0,0.0,0.0,0.0,1.0,0.0,0.0,2,0,0,0,2,-6.00707925,39.28950185,0,0,0,0,0,0,0,0,0,3.0
KASKAZINI B,2019,13,4,0.75,0.25,0.0,0.5,0.25,0.0,0.25,4,0,0,0,3,-5.9771048,39.238458675000004,0,0,0,0,0,0,0,0,0,3.0
KASKAZINI B,2019,14,2,1.0,0.0,0.0,0.0,0.5,0.0,0.5,2,0,0,1,1,-6.006728,39.2034619,0,0,0,0,0,0,0,0,0,4.0
KASKAZINI B,2019,15,1,1.0,0.0,0.0,0.0,1.0,0.0,0.0,1,0,0,1,0,-6.0179593,39.2484582,0,0,0,0,0,0,0,0,0,4.0
KASKAZINI B,2019,16,3,0.6666666666666666,0.3333333333333333,0.0,0.0,1.0,0.0,0.0,3,0,0,0,2,-5.978787233333333,39.24867356666667,0,0,0,0,0,0,0,0,0,4.0
KASKAZINI B,2019,17,4,0.75,0.25,0.25,0.0,0.5,0.0,0.25,4,0,0,2,2,-6.05805705,39.24810255,0,0,0,0,0,0,0,0,0,4.0
KASKAZINI B,2019,18,3,0.3333333333333333,0.6666666666666666,0.3333333333333333,0.0,0.3333333333333333,0.3333333333333333,0.0,3,0,0,0,3,-6.072717233333333,39.23366643333333,0,0,0,0,0,0,0,0,0,5.0
KASKAZINI B,2019,19,8,0.75,0.25,0.0,0.0,0.75,0.0,0.25,7,0,1,0,7,-5.9970604,39.25477781666667,0,0,0,0,0,0,0,0,0,5.0
KASKAZINI B,2019,20,4,0.75,0.25,0.0,0.5,0.5,0.0,0.0,4,0,0,2,2,-5.967187433333334,39.25824753333333,0,0,0,0,0,0,0,0,0,5.0
KASKAZINI B,2019,21,9,0.7777777777777778,0.2222222222222222,0.1111111111111111,0.0,0.6666666666666666,0.0,0.2222222222222222,9,0,0,0,5,-5.9660728,39.2399166875,0,0,0,0,0,0,0,0,0,5.0
KASKAZINI B,2019,22,3,1.0,0.0,0.0,0.0,1.0,0.0,0.0,3,0,0,0,3,-5.9932887,39.30046436666667,0,0,0,0,0,0,0,0,0,5.0
KASKAZINI B,2019,23,9,0.4444444444444444,0.2222222222222222,0.1111111111111111,0.0,0.3333333333333333,0.1111111111111111,0.1111111111111111,8,0,1,2,5,-5.966693733333333,39.274119266666666,0,0,0,0,0,0,0,0,0,6.0
KASKAZINI B,2019,24,8,0.625,0.375,0.25,0.125,0.25,0.25,0.125,8,0,0,1,5,-6.0104150125,39.2331277875,0,0,0,0,0,0,0,0,0,6.0
KASKAZINI B,2019,25,8,0.75,0.125,0.0,0.125,0.375,0.0,0.375,8,0,0,1,7,-5.959451357142858,39.2311767,0,0,0,0,0,0,0,0,0,6.0
KASKAZINI B,2019,26,9,0.5555555555555556,0.3333333333333333,0.1111111111111111,0.1111111111111111,0.4444444444444444,0.2222222222222222,0.0,9,0,0,1,6,-6.027484950000001,39.25701563333333,0,0,0,0,0,0,0,0,0,6.0
KASKAZINI B,2019,27,28,0.75,0.21428571428571427,0.0,0.21428571428571427,0.39285714285714285,0.14285714285714285,0.21428571428571427,28,0,0,2,24,-5.972696340000001,39.247618205,8,0,0,1,0,3,0,0,0,7.0
KASKAZINI B,2019,28,10,0.7,0.3,0.1,0.1,0.5,0.3,0.0,10,0,0,4,5,-5.99154183,39.24192368,2,0,0,2,0,0,0,0,0,7.0
KASKAZINI B,2019,29,17,0.47058823529411764,0.47058823529411764,0.0,0.23529411764705882,0.6470588235294118,0.0,0.058823529411764705,15,0,2,3,12,-5.984975825,39.25962368125,5,0,0,1,0,0,0,0,0,7.0
KASKAZINI B,2019,30,12,0.5,0.5,0.25,0.0,0.4166666666666667,0.25,0.08333333333333333,11,0,1,1,8,-6.007418390909091,39.27791023636364,0,0,0,1,0,0,0,0,0,7.0
KASKAZINI B,2019,31,18,0.4444444444444444,0.5555555555555556,0.2222222222222222,0.16666666666666666,0.4444444444444444,0.1111111111111111,0.05555555555555555,16,0,2,5,11,-5.999718455555556,39.26078901666667,5,0,0,0,0,1,0,0,0,7.0
KASKAZINI B,2019,32,8,0.75,0.125,0.125,0.125,0.25,0.25,0.125,7,0,1,0,5,-6.012133971428571,39.24901664285714,0,0,0,1,0,0,0,0,0,8.0
KASKAZINI B,2019,33,6,1.0,0.0,0.3333333333333333,0.0,0.16666666666666666,0.3333333333333333,0.16666666666666666,6,0,0,3,3,-6.00300975,39.2597545,0,1,0,0,0,0,0,0,0,8.0
KASKAZINI B,2019,34,8,0.875,0.125,0.0,0.0,0.5,0.25,0.25,8,0,0,3,5,-6.00668565,39.2903813625,0,0,0,0,0,0,0,0,0,8.0
KASKAZINI B,2019,35,4,0.5,0.5,0.5,0.0,0.0,0.5,0.0,4,0,0,0,4,-6.012702474999999,39.239517725,0,0,0,0,0,0,0,0,0,8.0
KASKAZINI B,2019,36,6,0.6666666666666666,0.3333333333333333,0.0,0.16666666666666666,0.6666666666666666,0.16666666666666666,0.0,5,0,1,3,1,-5.98514092,39.23538814,1,0,0,0,0,0,0,0,0,9.0
KASKAZINI B,2019,37,4,0.5,0.5,0.0,0.75,0.25,0.0,0.0,4,0,0,0,4,-5.978191633333334,39.215934000000004,2,0,0,0,0,0,0,0,0,9.0
KASKAZINI B,2019,38,2,0.0,1.0,0.0,0.0,1.0,0.0,0.0,2,0,0,0,2,-5.9629996,39.1950183,0,0,0,0,0,0,0,0,0,9.0
KASKAZINI B,2019,39,4,0.0,1.0,0.5,0.0,0.25,0.25,0.0,4,0,0,3,1,-6.0007472,39.240389175,0,0,0,0,0,0,0,0,0,9.0
KASKAZINI B,2019,40,1,0.0,1.0,1.0,0.0,0.0,0.0,0.0,1,0,0,0,1,-6.0160232,39.2604365,0,0,0,0,0,0,0,0,0,9.0
KASKAZINI B,2019,41,9,0.7777777777777778,0.1111111111111111,0.0,0.2222222222222222,0.4444444444444444,0.3333333333333333,0.0,8,0,1,2,6,-6.0153839428571425,39.31223881428571,1,0,0,0,0,0,0,0,0,10.0
KASKAZINI B,2019,42,6,1.0,0.0,0.0,0.16666666666666666,0.5,0.0,0.3333333333333333,6,0,0,1,5,-6.012942216666667,39.23523718333333,2,0,0,0,0,1,0,0,0,10.0
KASKAZINI B,2019,43,7,0.5714285714285714,0.42857142857142855,0.0,0.2857142857142857,0.42857142857142855,0.0,0.2857142857142857,7,0,0,0,5,-6.005501985714285,39.24597755714286,0,0,0,0,0,0,0,0,0,10.0
KASKAZINI B,2019,44,4,1.0,0.0,0.0,0.25,0.5,0.25,0.0,4,0,0,1,3,-6.020359925,39.23382875,0,0,0,0,0,1,0,0,0,10.0
KASKAZINI B,2019,45,11,0.6363636363636364,0.36363636363636365,0.0,0.45454545454545453,0.2727272727272727,0.2727272727272727,0.0,9,0,2,0,7,-6.0051517363636355,39.22174584545455,4,0,0,0,0,0,0,0,0,11.0
KASKAZINI B,2019,46,4,1.0,0.0,0.0,0.0,0.5,0.5,0.0,4,0,0,0,4,-5.98384485,39.30032055,0,0,0,1,0,0,0,0,0,11.0
KASKAZINI B,2019,47,2,1.0,0.0,0.0,0.0,0.5,0.5,0.0,1,0,1,0,1,-5.98921685,39.227605499999996,0,0,0,1,0,0,0,0,0,11.0
KASKAZINI B,2019,48,19,0.42105263157894735,0.5263157894736842,0.3684210526315789,0.21052631578947367,0.3684210526315789,0.05263157894736842,0.0,18,0,1,1,17,-5.988852705555555,39.29062644444444,3,0,0,0,0,0,0,0,0,11.0
KASKAZINI B,2019,49,17,0.5294117647058824,0.47058823529411764,0.23529411764705882,0.0,0.4117647058823529,0.17647058823529413,0.17647058823529413,16,0,1,4,10,-5.983209333333334,39.26405436,1,0,0,0,0,0,0,0,0,12.0
KASKAZINI B,2019,50,32,0.71875,0.25,0.125,0.375,0.125,0.28125,0.09375,26,0,6,12,14,-6.004498584615384,39.261542434615386,7,0,0,1,0,1,0,0,0,12.0
KASKAZINI B,2019,51,35,0.42857142857142855,0.42857142857142855,0.11428571428571428,0.2857142857142857,0.45714285714285713,0.08571428571428572,0.02857142857142857,25,0,10,2,23,-5.998913665384616,39.250942153846154,11,0,0,1,0,2,0,0,0,12.0
KASKAZINI B,2019,52,23,0.6086956521739131,0.391304347826087,0.30434782608695654,0.17391304347826086,0.2608695652173913,0.2608695652173913,0.0,23,0,0,3,20,-5.9951099947368425,39.251847594736844,6,0,0,1,0,0,0,0,0,12.0
KASKAZINI B,2020,1,16,0.5,0.3125,0.0,0.1875,0.375,0.3125,0.125,12,0,4,5,7,-6.006847318181818,39.229894563636364,3,0,0,3,0,1,0,0,0,1.0
KASKAZINI B,2020,2,37,0.6756756756756757,0.1891891891891892,0.05405405405405406,0.43243243243243246,0.32432432432432434,0.13513513513513514,0.05405405405405406,32,0,5,2,30,-6.000659851724138,39.251575165517245,16,0,0,2,0,0,0,0,0,1.0
KASKAZINI B,2020,3,41,0.5609756097560976,0.3902439024390244,0.14634146341463414,0.1951219512195122,0.5121951219512195,0.0975609756097561,0.04878048780487805,36,0,5,9,27,-5.99623664,39.26996063666666,11,0,0,1,0,0,0,0,0,1.0
KASKAZINI B,2020,4,35,0.6,0.2857142857142857,0.05714285714285714,0.22857142857142856,0.5428571428571428,0.08571428571428572,0.08571428571428572,33,0,2,6,27,-5.983485467857143,39.264236860714284,5,0,0,1,0,1,0,0,0,1.0
KASKAZINI B,2020,5,40,0.525,0.375,0.05,0.4,0.3,0.125,0.125,39,0,1,4,35,-5.980797511764706,39.251970605882356,6,0,0,1,0,0,0,0,0,1.0
KASKAZINI B,2020,6,24,0.625,0.3333333333333333,0.16666666666666666,0.16666666666666666,0.4166666666666667,0.08333333333333333,0.16666666666666666,23,1,1,6,16,-5.993116647368422,39.243825226315785,6,0,0,1,0,0,0,0,0,2.0
KASKAZINI B,2020,7,14,0.42857142857142855,0.35714285714285715,0.0,0.35714285714285715,0.35714285714285715,0.21428571428571427,0.07142857142857142,13,0,1,3,10,-5.9710285818181825,39.23737854545455,1,0,0,0,0,0,0,0,0,2.0
KASKAZINI B,2020,8,13,0.8461538461538461,0.15384615384615385,0.15384615384615385,0.07692307692307693,0.38461538461538464,0.3076923076923077,0.07692307692307693,13,0,0,2,10,-5.992623646153846,39.22331483076923,0,0,0,0,0,0,0,0,0,2.0
KASKAZINI B,2020,9,24,0.625,0.08333333333333333,0.08333333333333333,0.08333333333333333,0.5,0.2916666666666667,0.041666666666666664,24,0,0,7,17,-5.98219368,39.22470631333333,0,0,0,0,0,0,0,0,0,2.0
KASKAZINI B,2020,10,9,0.4444444444444444,0.3333333333333333,0.0,0.1111111111111111,0.1111111111111111,0.6666666666666666,0.1111111111111111,9,0,0,2,7,-5.9997197571428575,39.241682471428575,1,0,0,0,0,0,0,0,0,3.0
KASKAZINI B,2020,11,11,0.7272727272727273,0.2727272727272727,0.2727272727272727,0.2727272727272727,0.18181818181818182,0.18181818181818182,0.09090909090909091,10,0,1,0,10,-5.989071533333334,39.279062655555556,1,0,0,0,0,0,0,0,0,3.0
KASKAZINI B,2020,12,6,0.3333333333333333,0.5,0.3333333333333333,0.16666666666666666,0.3333333333333333,0.16666666666666666,0.0,6,0,0,1,5,-5.98562408,39.24674814,1,0,0,0,0,0,0,0,0,3.0
KASKAZINI B,2020,13,10,0.7,0.3,0.0,0.1,0.4,0.4,0.1,10,0,0,0,10,-5.96484197,39.22061524,1,0,0,0,0,0,0,0,0,3.0
KASKAZINI B,2020,14,21,0.6190476190476191,0.38095238095238093,0.2857142857142857,0.19047619047619047,0.2857142857142857,0.23809523809523808,0.0,16,0,5,2,11,-5.9770945157894735,39.21764924210526,5,0,0,0,0,1,0,0,0,4.0
KASKAZINI B,2020,15,9,0.8888888888888888,0.1111111111111111,0.0,0.0,0.7777777777777778,0.0,0.2222222222222222,9,0,0,0,8,-5.9681598625,39.237086175,0,0,0,0,0,0,0,0,0,4.0
KASKAZINI B,2020,16,10,0.8,0.2,0.0,0.2,0.6,0.2,0.0,9,0,1,3,6,-5.9739363,39.23077436,2,0,0,2,0,0,0,0,0,4.0
KASKAZINI B,2020,17,15,0.8666666666666667,0.13333333333333333,0.0,0.4666666666666667,0.3333333333333333,0.13333333333333333,0.06666666666666667,10,0,5,3,7,-5.989546706666667,39.242927173333335,7,0,0,1,0,1,0,0,0,4.0
KASKAZINI B,2020,18,7,0.8571428571428571,0.14285714285714285,0.0,0.0,0.7142857142857143,0.2857142857142857,0.0,7,0,0,1,6,-5.9762002857142855,39.29230701428571,2,0,0,0,0,0,0,0,0,4.0
KASKAZINI B,2020,19,10,0.8,0.2,0.0,0.4,0.2,0.2,0.2,10,0,0,1,9,-5.9651825625,39.242985875,3,0,0,2,0,0,0,0,0,5.0
KASKAZINI B,2020,20,9,0.6666666666666666,0.3333333333333333,0.0,0.1111111111111111,0.7777777777777778,0.1111111111111111,0.0,8,0,1,1,7,-5.991934766666667,39.268533444444444,2,0,0,1,0,1,0,0,0,5.0
KASKAZINI B,2020,21,17,0.5882352941176471,0.29411764705882354,0.11764705882352941,0.35294117647058826,0.29411764705882354,0.11764705882352941,0.058823529411764705,14,0,3,2,12,-5.979945006666667,39.22672023333334,7,0,0,0,0,1,0,0,0,5.0
KASKAZINI B,2020,22,13,0.46153846153846156,0.38461538461538464,0.0,0.23076923076923078,0.5384615384615384,0.23076923076923078,0.0,13,0,0,1,12,-5.97722713,39.23109278,2,0,0,1,0,0,0,0,0,5.0
KASKAZINI B,2020,23,22,0.5909090909090909,0.36363636363636365,0.045454545454545456,0.2727272727272727,0.5,0.09090909090909091,0.09090909090909091,20,0,2,1,19,-5.970374919999999,39.227048079999996,7,0,0,1,0,6,0,0,0,6.0
KASKAZINI B,2020,24,11,0.45454545454545453,0.5454545454545454,0.0,0.09090909090909091,0.5454545454545454,0.09090909090909091,0.2727272727272727,11,0,0,2,9,-5.9988525818181815,39.2244983,0,0,0,3,0,1,0,0,0,6.0
KASKAZINI B,2020,25,12,0.75,0.25,0.08333333333333333,0.25,0.4166666666666667,0.16666666666666666,0.08333333333333333,12,0,0,2,10,-6.00507562,39.23088874,3,0,0,2,0,1,0,0,0,6.0
KASKAZINI B,2020,26,16,0.8125,0.1875,0.125,0.125,0.375,0.125,0.25,14,0,2,1,13,-5.98022759375,39.24063291875,1,0,0,1,0,6,0,0,0,6.0
KASKAZINI B,2020,27,12,0.5,0.4166666666666667,0.08333333333333333,0.25,0.3333333333333333,0.25,0.08333333333333333,10,0,2,2,8,-5.9586141999999995,39.236704518181824,1,0,0,2,0,1,0,0,0,7.0
KASKAZINI B,2020,28,13,0.46153846153846156,0.5384615384615384,0.3076923076923077,0.0,0.5384615384615384,0.07692307692307693,0.07692307692307693,11,0,2,0,11,-6.020290699999999,39.28762530769231,4,0,0,0,0,0,0,0,0,7.0
KASKAZINI B,2020,29,3,0.6666666666666666,0.3333333333333333,0.0,0.3333333333333333,0.0,0.3333333333333333,0.3333333333333333,3,0,0,1,2,-5.99303815,39.263428250000004,1,0,0,0,0,0,0,0,0,7.0
KASKAZINI B,2020,30,17,0.8235294117647058,0.17647058823529413,0.11764705882352941,0.058823529411764705,0.5882352941176471,0.17647058823529413,0.058823529411764705,14,0,3,5,9,-6.010338706666667,39.26946604,2,0,0,1,0,0,0,0,0,7.0
KASKAZINI B,2020,31,2,0.5,0.5,0.0,0.0,0.5,0.5,0.0,2,0,0,0,2,-5.960963899999999,39.283070550000005,0,0,0,0,0,1,0,0,0,7.0
KASKAZINI B,2020,32,11,0.8181818181818182,0.18181818181818182,0.2727272727272727,0.2727272727272727,0.18181818181818182,0.09090909090909091,0.18181818181818182,11,0,0,0,11,-6.02664944,39.274825500000006,3,0,0,1,0,1,0,0,0,8.0
KASKAZINI B,2020,33,1,1.0,0.0,1.0,0.0,0.0,0.0,0.0,1,0,0,0,1,-5.9880237,39.2669253,0,0,0,0,0,0,0,0,0,8.0
KASKAZINI B,2020,34,11,0.7272727272727273,0.2727272727272727,0.09090909090909091,0.18181818181818182,0.6363636363636364,0.09090909090909091,0.0,10,0,1,4,6,-5.9965022,39.25660707272727,2,0,0,0,0,1,0,0,0,8.0
KASKAZINI B,2020,35,7,0.8571428571428571,0.14285714285714285,0.14285714285714285,0.42857142857142855,0.0,0.2857142857142857,0.14285714285714285,6,0,1,0,6,-5.9851383714285715,39.27035561428572,2,0,0,0,0,0,0,0,0,8.0
KASKAZINI B,2020,36,20,0.75,0.25,0.2,0.2,0.3,0.15,0.15,19,0,1,2,17,-5.99832404,39.25336574,4,0,0,1,0,2,0,0,0,9.0
KASKAZINI B,2020,37,10,0.5,0.5,0.1,0.4,0.4,0.1,0.0,10,0,0,0,10,-5.9780672,39.22463139,2,0,0,2,0,1,0,0,0,9.0
KASKAZINI B,2020,38,9,0.6666666666666666,0.3333333333333333,0.2222222222222222,0.2222222222222222,0.3333333333333333,0.1111111111111111,0.1111111111111111,9,0,0,0,9,-5.979785155555556,39.22133956666667,1,0,0,0,0,0,0,0,0,9.0
KASKAZINI B,2020,39,11,0.5454545454545454,0.45454545454545453,0.5454545454545454,0.09090909090909091,0.0,0.36363636363636365,0.0,11,0,0,1,10,-5.990942769999999,39.23779312,0,0,0,0,0,0,0,0,0,9.0
KASKAZINI B,2020,40,12,0.4166666666666667,0.5833333333333334,0.25,0.4166666666666667,0.16666666666666666,0.16666666666666666,0.0,9,0,3,2,7,-5.995067391666666,39.262558416666664,5,0,0,0,0,1,0,0,0,9.0
KASKAZINI B,2020,41,8,0.5,0.5,0.0,0.0,0.5,0.375,0.125,8,0,0,2,6,-5.9693252625,39.2263073375,0,0,0,0,0,0,0,0,0,10.0
KASKAZINI B,2020,42,6,0.6666666666666666,0.3333333333333333,0.16666666666666666,0.0,0.6666666666666666,0.16666666666666666,0.0,6,0,0,0,6,-5.98852295,39.226534433333335,1,0,0,1,0,0,0,0,0,10.0
KASKAZINI B,2020,43,8,1.0,0.0,0.125,0.125,0.25,0.5,0.0,8,0,0,2,6,-5.98777445,39.2462937125,0,0,0,0,0,0,0,0,0,10.0
KASKAZINI B,2020,44,3,0.3333333333333333,0.6666666666666666,0.3333333333333333,0.0,0.6666666666666666,0.0,0.0,3,0,0,1,2,-5.9452311,39.22793383333333,0,0,0,1,0,0,0,0,0,10.0
KASKAZINI B,2020,45,8,0.625,0.375,0.0,0.0,0.75,0.125,0.125,8,0,0,0,8,-6.050243714285714,39.272658642857145,0,0,0,1,0,0,0,0,0,11.0
KASKAZINI B,2020,46,5,1.0,0.0,0.2,0.2,0.4,0.2,0.0,5,0,0,0,5,-6.011951025,39.2495744,1,0,0,0,0,0,0,0,0,11.0
KASKAZINI B,2020,47,7,0.5714285714285714,0.2857142857142857,0.2857142857142857,0.2857142857142857,0.42857142857142855,0.0,0.0,7,0,0,1,6,-6.03118876,39.29081832,2,0,0,0,0,0,0,0,0,11.0
KASKAZINI B,2020,48,11,0.7272727272727273,0.18181818181818182,0.18181818181818182,0.36363636363636365,0.18181818181818182,0.2727272727272727,0.0,7,0,4,2,5,-6.02476842,39.30700628,2,0,0,0,0,0,0,0,0,11.0
KASKAZINI B,2020,49,13,0.6153846153846154,0.3076923076923077,0.0,0.15384615384615385,0.7692307692307693,0.07692307692307693,0.0,12,0,1,2,10,-5.996788254545454,39.29367985454545,2,0,0,0,0,0,0,0,0,12.0
KASKAZINI B,2020,50,19,0.47368421052631576,0.5263157894736842,0.15789473684210525,0.05263157894736842,0.5263157894736842,0.21052631578947367,0.05263157894736842,18,0,1,3,15,-5.991814777777778,39.256324677777776,1,0,0,0,0,1,0,0,0,12.0
KASKAZINI B,2020,51,25,0.76,0.24,0.16,0.32,0.28,0.12,0.12,24,0,1,0,24,-5.990561869565218,39.2492724173913,8,0,0,0,0,3,0,0,0,12.0
KASKAZINI B,2020,52,10,0.7,0.3,0.0,0.0,0.6,0.2,0.2,10,0,0,4,6,-6.003007755555555,39.257615200000004,1,0,0,0,0,1,0,0,0,12.0
KASKAZINI B,2021,1,3,1.0,0.0,0.0,0.0,0.6666666666666666,0.3333333333333333,0.0,2,0,1,2,0,-5.971271366666667,39.290954400000004,1,0,0,0,0,0,0,0,0,1.0
KASKAZINI B,2021,2,19,0.7368421052631579,0.2631578947368421,0.21052631578947367,0.3684210526315789,0.2631578947368421,0.15789473684210525,0.0,18,0,1,2,16,-5.982668589473684,39.25840453684211,4,0,0,0,0,0,0,0,0,1.0
KASKAZINI B,2021,3,12,0.75,0.25,0.0,0.25,0.5833333333333334,0.16666666666666666,0.0,12,0,0,0,12,-5.986176075,39.264066291666666,7,0,0,0,0,0,0,0,0,1.0
KASKAZINI B,2021,4,25,0.56,0.44,0.12,0.04,0.56,0.16,0.12,23,0,2,4,19,-5.998573645833333,39.261684699999996,3,0,0,1,0,1,0,0,0,1.0
KASKAZINI B,2021,5,8,0.75,0.25,0.25,0.25,0.25,0.125,0.125,8,0,0,1,7,-5.9881677375,39.2389762125,2,0,0,1,0,1,0,0,0,1.0
KASKAZINI B,2021,6,21,0.6190476190476191,0.38095238095238093,0.047619047619047616,0.5238095238095238,0.19047619047619047,0.19047619047619047,0.047619047619047616,17,0,4,1,16,-5.98814030952381,39.29721703333333,9,0,0,0,0,3,0,0,0,2.0
KASKAZINI B,2021,7,10,0.5,0.5,0.0,0.5,0.4,0.1,0.0,10,0,0,0,10,-5.9844634800000005,39.24134495,3,0,0,1,0,2,0,0,0,2.0
KASKAZINI B,2021,8,13,0.5384615384615384,0.38461538461538464,0.0,0.07692307692307693,0.6153846153846154,0.3076923076923077,0.0,13,0,0,3,10,-5.985707358333333,39.271764241666666,3,0,0,0,0,1,0,0,0,2.0
KASKAZINI B,2021,9,10,0.4,0.6,0.1,0.4,0.4,0.0,0.1,10,0,0,1,9,-5.99730807,39.24982664,5,0,0,0,0,0,0,0,0,2.0
KASKAZINI B,2021,10,7,0.5714285714285714,0.42857142857142855,0.0,0.42857142857142855,0.42857142857142855,0.14285714285714285,0.0,4,0,3,0,4,-6.005550842857143,39.275510000000004,3,0,0,0,0,0,0,0,0,3.0
KASKAZINI B,2021,11,7,0.7142857142857143,0.2857142857142857,0.2857142857142857,0.0,0.42857142857142855,0.14285714285714285,0.14285714285714285,7,0,0,2,5,-5.983861714285714,39.22854797142857,0,0,0,0,0,1,0,0,0,3.0
KASKAZINI B,2021,12,3,0.6666666666666666,0.3333333333333333,0.3333333333333333,0.0,0.3333333333333333,0.3333333333333333,0.0,3,0,0,2,1,-5.9653611,39.23149246666667,1,0,0,0,0,0,0,0,0,3.0
KASKAZINI B,2021,13,1,1.0,0.0,0.0,0.0,1.0,0.0,0.0,1,0,0,1,0,-5.968672,39.3082712,0,0,0,0,0,0,0,0,0,3.0
KASKAZINI B,2021,14,6,0.6666666666666666,0.3333333333333333,0.16666666666666666,0.0,0.6666666666666666,0.16666666666666666,0.0,5,0,1,1,4,-6.021880833333333,39.220604216666665,0,0,0,0,1,0,0,1,0,3.0
KASKAZINI B,2021,15,5,0.8,0.2,0.0,0.2,0.6,0.2,0.0,5,0,0,1,4,-5.9842197,39.24522896,1,0,0,0,0,0,2,0,0,4.0
KASKAZINI B,2021,16,6,0.6666666666666666,0.3333333333333333,0.5,0.0,0.16666666666666666,0.3333333333333333,0.0,6,0,0,1,5,-5.981601266666666,39.21053216666667,0,0,0,0,2,0,0,0,0,4.0
KASKAZINI B,2021,17,5,0.4,0.6,0.0,0.0,0.4,0.4,0.2,5,0,0,0,5,-5.98047714,39.29173602,0,0,0,0,2,0,1,0,0,4.0
KASKAZINI B,2021,18,8,0.75,0.25,0.0,0.125,0.5,0.125,0.25,7,0,1,0,7,-5.9837600124999994,39.2476250125,1,0,0,0,0,2,0,1,0,4.0
KASKAZINI B,2021,19,7,0.5714285714285714,0.42857142857142855,0.0,0.0,0.5714285714285714,0.0,0.42857142857142855,7,0,0,2,5,-5.989912928571429,39.268465557142854,2,0,0,0,2,0,0,0,0,5.0
KASKAZINI B,2021,20,9,0.6666666666666666,0.3333333333333333,0.0,0.2222222222222222,0.6666666666666666,0.0,0.1111111111111111,8,0,1,2,6,-6.010305255555555,39.294294988888886,1,0,0,1,1,1,1,1,0,5.0
KASKAZINI B,2021,21,10,0.9,0.1,0.3,0.5,0.1,0.0,0.1,9,0,1,1,8,-6.02867276,39.30509581,5,0,0,0,1,1,0,0,0,5.0
KASKAZINI B,2021,22,7,0.5714285714285714,0.42857142857142855,0.14285714285714285,0.14285714285714285,0.5714285714285714,0.14285714285714285,0.0,7,0,0,1,6,-5.989273342857143,39.27653855714285,0,0,0,1,0,1,0,1,0,5.0
KASKAZINI B,2021,23,12,0.3333333333333333,0.6666666666666666,0.0,0.3333333333333333,0.5833333333333334,0.0,0.08333333333333333,10,0,2,2,8,-5.9661135750000005,39.249849833333336,5,0,0,0,1,1,0,0,0,6.0
KASKAZINI B,2021,24,5,0.6,0.4,0.2,0.0,0.4,0.2,0.2,5,0,0,0,5,-6.00580456,39.27199502,0,0,0,0,0,0,0,0,0,6.0
KASKAZINI B,2021,25,15,0.3333333333333333,0.6,0.06666666666666667,0.4666666666666667,0.3333333333333333,0.06666666666666667,0.06666666666666667,13,0,2,0,13,-5.99316494,39.26375352,5,0,0,0,1,0,1,3,0,6.0
KASKAZINI B,2021,26,11,0.8181818181818182,0.18181818181818182,0.09090909090909091,0.6363636363636364,0.2727272727272727,0.0,0.0,11,0,0,0,11,-6.006991481818182,39.308798736363634,6,0,0,0,0,0,1,0,0,6.0
KASKAZINI B,2021,27,5,0.6,0.4,0.0,0.4,0.4,0.2,0.0,5,0,0,2,3,-5.987031979999999,39.2559677,1,0,0,0,1,0,0,0,0,6.0
KASKAZINI B,2021,28,9,0.5555555555555556,0.4444444444444444,0.0,0.0,0.2222222222222222,0.4444444444444444,0.3333333333333333,9,0,0,0,9,-5.980245222222222,39.22692032222223,0,0,0,0,3,0,0,3,0,7.0
KASKAZINI B,2021,29,6,0.6666666666666666,0.3333333333333333,0.5,0.0,0.16666666666666666,0.16666666666666666,0.16666666666666666,6,0,0,1,5,-5.99400125,39.26554925,0,0,0,0,0,0,1,1,0,7.0
KASKAZINI B,2021,30,9,0.6666666666666666,0.2222222222222222,0.2222222222222222,0.0,0.2222222222222222,0.3333333333333333,0.1111111111111111,9,0,0,1,8,-5.9925788749999995,39.2779280875,0,0,0,0,1,1,0,1,0,7.0
KASKAZINI B,2021,31,8,0.625,0.375,0.0,0.125,0.5,0.25,0.125,8,0,0,2,6,-5.9878994875,39.2471528875,1,0,0,0,1,0,1,1,0,7.0
KASKAZINI B,2021,32,3,0.3333333333333333,0.6666666666666666,0.0,0.0,0.3333333333333333,0.6666666666666666,0.0,3,0,0,0,3,-5.9968016,39.3108471,0,0,0,0,1,0,0,2,0,8.0
KASKAZINI B,2021,33,8,0.375,0.625,0.25,0.0,0.625,0.125,0.0,8,0,0,1,7,-5.9880432,39.303124275,0,0,0,0,0,1,0,0,0,8.0
KASKAZINI B,2021,34,5,0.8,0.2,0.4,0.0,0.4,0.0,0.2,5,0,0,0,5,-5.9660490600000005,39.22052246,0,0,0,0,2,1,0,0,0,8.0
KASKAZINI B,2021,35,4,0.75,0.25,0.5,0.0,0.25,0.25,0.0,3,0,1,0,3,-6.007367225,39.3202079,1,0,0,0,0,0,0,0,0,8.0
KASKAZINI B,2021,36,2,1.0,0.0,1.0,0.0,0.0,0.0,0.0,2,0,0,0,2,-5.97488555,39.23231115,0,0,0,0,0,0,0,0,0,8.0
KASKAZINI B,2021,37,9,0.4444444444444444,0.5555555555555556,0.2222222222222222,0.2222222222222222,0.2222222222222222,0.3333333333333333,0.0,6,0,3,0,6,-5.987905700000001,39.24852381111111,0,0,0,0,2,0,0,1,0,9.0
KASKAZINI B,2021,38,2,0.5,0.5,0.0,0.5,0.5,0.0,0.0,2,0,0,0,2,-5.9935206,39.3228894,0,0,0,0,0,0,0,1,0,9.0
KASKAZINI B,2021,39,9,0.5555555555555556,0.3333333333333333,0.1111111111111111,0.2222222222222222,0.2222222222222222,0.1111111111111111,0.2222222222222222,8,0,1,1,7,-5.9985332125,39.253818675,1,0,0,0,3,0,1,0,0,9.0
KASKAZINI B,2021,40,0,0.0,0.0,0.0,0.0,0.0,0.0,0.0,0,0,0,0,0,0.0,0.0,0,0,0,0,0,0,0,0,0,9.0
KASKAZINI B,2021,41,3,0.6666666666666666,0.3333333333333333,0.3333333333333333,0.0,0.6666666666666666,0.0,0.0,3,0,0,0,3,-6.002496466666667,39.22794456666667,0,0,0,0,0,1,0,0,0,10.0
KASKAZINI B,2021,42,5,0.6,0.4,0.4,0.2,0.4,0.0,0.0,5,0,0,0,5,-5.98959574,39.21973312,0,0,0,0,0,0,0,0,0,10.0
KASKAZINI B,2021,43,6,0.3333333333333333,0.6666666666666666,0.16666666666666666,0.16666666666666666,0.6666666666666666,0.0,0.0,5,0,1,0,5,-5.990054366666667,39.258680516666665,1,0,0,0,0,0,0,2,0,10.0
KASKAZINI B,2021,44,2,0.0,1.0,0.0,0.0,0.5,0.5,0.0,2,0,0,1,1,-6.0154423,39.245777149999995,0,0,0,0,1,0,0,0,0,10.0
KASKAZINI B,2021,45,4,0.0,1.0,0.25,0.5,0.25,0.0,0.0,4,0,0,0,4,-5.957636925,39.2509152,3,0,0,0,0,0,0,0,0,11.0
KASKAZINI B,2021,46,2,0.0,1.0,0.0,0.0,0.5,0.0,0.5,2,0,0,0,2,-6.0241875,39.24950125,0,0,0,0,0,0,0,0,0,11.0
KASKAZINI B,2021,47,4,0.75,0.25,0.0,0.25,0.5,0.25,0.0,4,0,0,0,4,-5.998877650000001,39.2122589,0,0,0,0,0,0,0,0,0,11.0
KASKAZINI B,2021,48,2,0.5,0.5,0.5,0.5,0.0,0.0,0.0,1,0,1,0,1,-5.9961577,39.1976392,0,0,0,0,0,0,0,0,0,11.0
KASKAZINI B,2021,49,2,0.5,0.5,0.0,0.0,0.5,0.5,0.0,2,0,0,0,2,-5.999426,39.2510251,0,0,0,0,0,0,0,1,0,11.0
KASKAZINI B,2021,50,3,1.0,0.0,0.0,0.0,0.6666666666666666,0.3333333333333333,0.0,3,0,0,0,3,-5.997448599999999,39.2043823,0,0,0,2,0,0,0,0,0,12.0
KASKAZINI B,2021,51,5,0.6,0.4,0.0,0.0,0.8,0.2,0.0,4,0,1,2,2,-5.9943784,39.2902371,0,0,0,0,3,0,0,1,0,12.0
KASKAZINI B,2021,52,4,0.75,0.25,0.0,0.25,0.75,0.0,0.0,4,0,0,0,4,-5.9931741999999995,39.28751836666667,1,0,0,0,1,0,0,1,0,12.0
KASKAZINI B,2022,1,0,0.0,0.0,0.0,0.0,0.0,0.0,0.0,0,0,0,0,0,0.0,0.0,0,0,0,0,0,0,0,0,0,
KASKAZINI B,2022,2,15,0.8,0.2,0.2,0.26666666666666666,0.26666666666666666,0.13333333333333333,0.13333333333333333,11,0,4,1,10,-6.001754157142857,39.25635697857143,5,1,0,0,0,0,0,1,0,1.0
KASKAZINI B,2022,3,24,0.4166666666666667,0.5833333333333334,0.041666666666666664,0.25,0.4583333333333333,0.20833333333333334,0.041666666666666664,17,0,7,4,13,-5.986725247826087,39.27328024347826,7,0,0,1,2,0,0,8,0,1.0
KASKAZINI B,2022,4,24,0.375,0.5416666666666666,0.2916666666666667,0.08333333333333333,0.2916666666666667,0.125,0.125,17,0,7,2,15,-5.98733106,39.276250565,2,0,0,0,1,1,0,2,0,1.0
KASKAZINI B,2022,5,14,0.42857142857142855,0.5,0.14285714285714285,0.35714285714285715,0.21428571428571427,0.07142857142857142,0.14285714285714285,10,0,4,0,10,-5.986763933333333,39.278050224999994,3,0,0,0,1,0,0,2,0,1.0
KASKAZINI B,2022,6,5,0.4,0.6,0.2,0.2,0.2,0.4,0.0,3,0,2,0,3,-6.01547756,39.24694178,1,0,0,0,2,0,0,1,0,1.0
KASKAZINI B,2022,7,17,0.47058823529411764,0.47058823529411764,0.11764705882352941,0.29411764705882354,0.17647058823529413,0.23529411764705882,0.11764705882352941,13,0,4,1,12,-5.98640099375,39.2480433,5,0,0,1,2,0,0,2,0,2.0
KASKAZINI B,2022,8,10,0.6,0.4,0.3,0.1,0.2,0.4,0.0,10,0,0,1,9,-5.99325346,39.25141373,1,0,0,2,0,0,0,2,0,2.0
KASKAZINI B,2022,9,2,0.0,1.0,0.0,0.5,0.5,0.0,0.0,2,0,0,0,2,-5.98057305,39.217882200000005,1,0,0,0,0,0,0,1,0,2.0
KASKAZINI B,2022,10,6,0.5,0.3333333333333333,0.0,0.16666666666666666,0.16666666666666666,0.3333333333333333,0.16666666666666666,6,0,0,1,5,-5.99103444,39.234336459999994,1,0,0,1,0,0,0,0,0,3.0
KASKAZINI B,2022,11,5,0.6,0.4,0.4,0.0,0.0,0.6,0.0,5,0,0,0,5,-5.9823796,39.23050856,0,0,0,1,0,0,0,0,0,3.0
KASKAZINI B,2022,12,2,0.0,1.0,0.0,0.0,1.0,0.0,0.0,1,0,1,0,1,-5.998773,39.2519325,1,0,0,0,0,0,0,0,0,3.0
KASKAZINI B,2022,13,2,0.5,0.5,0.5,0.0,0.0,0.5,0.0,2,0,0,0,2,-6.01888005,39.21095055,0,0,0,0,1,0,0,1,0,3.0
KASKAZINI B,2022,14,4,0.25,0.75,0.5,0.0,0.25,0.25,0.0,4,0,0,0,4,-5.9805950333333335,39.24147696666667,0,0,0,0,1,0,1,0,0,3.0
KASKAZINI B,2022,15,8,0.5,0.375,0.125,0.375,0.125,0.125,0.125,6,0,2,1,5,-5.998257116666667,39.266700783333334,2,0,0,0,0,0,0,0,0,4.0
KASKAZINI B,2022,16,1,0.0,1.0,0.0,0.0,1.0,0.0,0.0,1,0,0,0,1,-5.995255,39.2108806,0,0,0,0,0,0,0,1,0,4.0
KASKAZINI B,2022,17,7,0.2857142857142857,0.7142857142857143,0.42857142857142855,0.0,0.14285714285714285,0.42857142857142855,0.0,5,0,2,1,4,-5.98037122,39.2606361,0,1,0,0,2,0,0,0,0,4.0
KASKAZINI B,2022,18,1,1.0,0.0,1.0,0.0,0.0,0.0,0.0,1,0,0,0,1,-5.9918735,39.3589166,0,0,0,0,0,0,0,0,0,4.0
KASKAZINI B,2022,19,5,0.6,0.4,0.2,0.0,0.6,0.2,0.0,5,0,0,3,2,-5.9965451000000005,39.25525354,1,0,0,0,0,0,1,0,0,5.0
KASKAZINI B,2022,20,5,0.8,0.2,0.2,0.0,0.0,0.8,0.0,5,0,0,0,5,-5.97865968,39.23165276,0,0,0,1,0,1,0,0,0,5.0
KASKAZINI B,2022,21,7,0.7142857142857143,0.2857142857142857,0.0,0.14285714285714285,0.5714285714285714,0.14285714285714285,0.14285714285714285,7,0,0,2,5,-5.990981557142858,39.26455571428572,1,0,0,0,2,0,0,2,0,5.0
KASKAZINI B,2022,22,5,0.4,0.4,0.0,0.2,0.4,0.2,0.0,5,0,0,0,5,-6.005322,39.26069536666667,0,0,0,0,1,0,0,0,0,5.0
KASKAZINI B,2022,23,5,0.6,0.4,0.2,0.2,0.2,0.2,0.2,5,0,0,1,4,-5.98844738,39.2811189,0,0,0,0,0,1,0,2,0,6.0
KASKAZINI B,2022,24,8,0.25,0.625,0.125,0.125,0.375,0.125,0.125,6,0,2,1,5,-5.976763657142857,39.260245614285715,1,0,0,0,0,0,1,2,0,6.0
KASKAZINI B,2022,25,7,0.5714285714285714,0.42857142857142855,0.14285714285714285,0.14285714285714285,0.2857142857142857,0.42857142857142855,0.0,7,0,0,1,6,-6.005818083333334,39.29080696666667,1,0,0,1,0,0,0,0,0,6.0
KASKAZINI B,2022,26,1,1.0,0.0,0.0,0.0,0.0,0.0,1.0,1,0,0,1,0,-6.0032061,39.2722446,0,0,0,0,1,0,0,0,0,6.0
KASKAZINI B,2022,27,6,0.8333333333333334,0.16666666666666666,0.0,0.16666666666666666,0.16666666666666666,0.3333333333333333,0.16666666666666666,6,0,0,0,6,-5.98077826,39.28067034,1,0,0,0,1,0,0,0,0,6.0
KASKAZINI B,2022,28,7,0.42857142857142855,0.2857142857142857,0.0,0.0,0.5714285714285714,0.0,0.14285714285714285,7,0,0,1,6,-6.058157266666666,39.23091826666667,0,0,0,0,0,0,1,0,0,7.0
KASKAZINI B,2022,29,6,1.0,0.0,0.0,0.8333333333333334,0.16666666666666666,0.0,0.0,5,0,1,1,4,-5.971235766666666,39.203971700000004,2,0,0,0,0,0,0,0,0,7.0
KASKAZINI B,2022,30,2,0.0,1.0,0.5,0.0,0.0,0.0,0.5,2,0,0,1,1,-5.9974583500000005,39.28027945,0,0,0,0,0,0,0,0,0,7.0
KASKAZINI B,2022,31,2,0.0,1.0,0.0,0.0,1.0,0.0,0.0,1,0,1,0,1,-5.98326445,39.223083,0,0,0,0,0,0,0,2,0,7.0
KASKAZINI B,2022,32,2,1.0,0.0,0.0,0.5,0.5,0.0,0.0,2,0,0,0,2,-5.9866648,39.243483999999995,1,0,0,1,0,0,0,0,0,8.0
KASKAZINI B,2022,33,1,0.0,1.0,0.0,0.0,1.0,0.0,0.0,1,0,0,0,1,-5.9920882,39.3591111,0,0,0,0,0,0,0,0,0,8.0
KASKAZINI B,2022,34,3,0.6666666666666666,0.3333333333333333,0.0,0.0,0.3333333333333333,0.6666666666666666,0.0,3,0,0,0,3,-5.999346266666667,39.22018223333333,0,0,0,1,0,0,0,0,0,8.0
KASKAZINI B,2022,35,2,1.0,0.0,0.0,0.0,0.0,1.0,0.0,2,0,0,0,2,-6.0047492,39.2307465,0,0,0,0,0,0,0,0,0,8.0
KASKAZINI B,2022,36,4,0.5,0.5,0.0,0.0,0.25,0.25,0.5,4,0,0,1,3,-6.0085368500000005,39.252590675,0,0,0,0,0,0,0,2,0,8.0
KASKAZINI B,2022,37,10,0.3,0.7,0.6,0.2,0.2,0.0,0.0,7,0,3,1,2,-5.982819083333333,39.28042586666667,0,0,0,0,0,0,0,1,0,9.0
KASKAZINI B,2022,38,4,1.0,0.0,0.0,0.0,0.75,0.0,0.25,4,0,0,0,3,-6.018510933333334,39.305729899999996,0,0,0,0,0,0,0,0,0,9.0
KASKAZINI B,2022,39,3,1.0,0.0,0.0,0.0,0.6666666666666666,0.0,0.3333333333333333,3,0,0,0,2,-5.94730665,39.2536022,0,0,0,0,1,0,0,0,0,9.0
KASKAZINI B,2022,40,1,0.0,1.0,0.0,1.0,0.0,0.0,0.0,1,0,0,0,1,,,0,0,0,0,0,0,0,0,0,9.0
KASKAZINI B,2022,41,3,0.6666666666666666,0.3333333333333333,0.3333333333333333,0.3333333333333333,0.0,0.3333333333333333,0.0,3,0,0,0,2,-5.96950655,39.25116025,0,0,0,0,0,0,1,0,0,10.0
KASKAZINI B,2022,42,2,1.0,0.0,0.0,0.0,1.0,0.0,0.0,2,0,0,0,2,-6.0354337000000005,39.2615845,0,0,0,0,0,0,0,0,0,10.0
KASKAZINI B,2022,43,0,0.0,0.0,0.0,0.0,0.0,0.0,0.0,0,0,0,0,0,0.0,0.0,0,0,0,0,0,0,0,0,0,10.0
KASKAZINI B,2022,44,2,0.5,0.5,0.0,0.0,0.0,0.5,0.5,2,0,0,0,2,-5.9874882,39.32659075,0,0,0,0,0,0,0,0,0,10.0
KASKAZINI B,2022,45,1,1.0,0.0,0.0,0.0,0.0,0.0,1.0,1,0,0,0,1,-5.9944184,39.3749458,0,0,0,0,0,0,0,0,0,11.0
KASKAZINI B,2022,46,3,1.0,0.0,0.3333333333333333,0.3333333333333333,0.3333333333333333,0.0,0.0,3,0,0,1,2,-5.967907366666666,39.26417743333334,1,0,0,0,0,0,0,0,0,11.0
KASKAZINI B,2022,47,0,0.0,0.0,0.0,0.0,0.0,0.0,0.0,0,0,0,0,0,0.0,0.0,0,0,0,0,0,0,0,0,0,
KASKAZINI B,2022,48,4,0.75,0.25,0.5,0.25,0.25,0.0,0.0,3,0,1,0,3,-5.977649625,39.223856025,1,0,0,0,2,0,0,0,0,11.0
KASKAZINI B,2022,49,2,1.0,0.0,0.0,0.0,0.5,0.0,0.5,2,0,0,1,1,-6.0254598,39.2140733,0,0,0,0,1,0,0,0,0,12.0
KASKAZINI B,2022,50,1,0.0,1.0,0.0,0.0,1.0,0.0,0.0,1,0,0,0,1,-6.0205438,39.2888192,0,0,0,0,0,0,0,1,0,12.0
KASKAZINI B,2022,51,3,0.6666666666666666,0.3333333333333333,0.0,0.0,0.3333333333333333,0.3333333333333333,0.3333333333333333,3,0,0,0,3,-5.998463,39.28732136666667,0,0,0,0,0,0,0,1,0,12.0
KASKAZINI B,2022,52,6,1.0,0.0,0.0,0.16666666666666666,0.5,0.16666666666666666,0.16666666666666666,6,0,0,0,5,-5.997847925,39.24671935,1,0,0,0,0,0,1,0,0,12.0
KASKAZINI B,2023,1,0,0.0,0.0,0.0,0.0,0.0,0.0,0.0,0,0,0,0,0,0.0,0.0,0,0,0,0,0,0,0,0,0,1.0
KASKAZINI B,2023,2,8,0.625,0.375,0.0,0.25,0.25,0.5,0.0,7,0,1,0,7,-5.989813316666667,39.271958766666664,2,0,0,0,0,0,1,0,0,1.0
KASKAZINI B,2023,3,5,0.6,0.4,0.0,0.4,0.2,0.2,0.2,5,0,0,0,5,-5.99434044,39.2210739,2,0,0,0,1,0,0,0,0,1.0
KASKAZINI B,2023,4,16,0.375,0.625,0.25,0.1875,0.25,0.3125,0.0,11,0,5,1,10,-6.10004755625,39.2317541125,3,0,0,0,2,0,0,4,0,1.0
KASKAZINI B,2023,5,5,0.6,0.4,0.0,0.0,0.2,0.6,0.2,4,0,1,2,2,-6.1702144,39.22548053333333,0,0,0,1,0,0,0,2,0,1.0
KASKAZINI B,2023,6,7,0.7142857142857143,0.2857142857142857,0.14285714285714285,0.0,0.7142857142857143,0.14285714285714285,0.0,7,0,0,0,7,-6.065176699999999,39.23973185,0,0,0,0,0,1,0,0,0,2.0
KASKAZINI B,2023,7,5,0.6,0.4,0.0,0.2,0.8,0.0,0.0,2,0,3,0,2,-5.984883460000001,39.25064128,0,0,0,0,3,0,0,0,0,2.0
KASKAZINI B,2023,8,9,0.5555555555555556,0.4444444444444444,0.0,0.2222222222222222,0.4444444444444444,0.2222222222222222,0.1111111111111111,8,0,1,0,8,-6.060290957142857,39.24685384285714,1,0,0,0,0,0,0,3,0,2.0
KASKAZINI B,2023,9,19,0.47368421052631576,0.5263157894736842,0.21052631578947367,0.21052631578947367,0.2631578947368421,0.21052631578947367,0.10526315789473684,16,0,3,1,13,-6.061524726666666,39.21509762666666,2,0,0,0,1,4,0,1,0,3.0
KASKAZINI B,2023,10,8,0.875,0.125,0.0,0.0,0.875,0.125,0.0,8,0,0,1,7,-6.034166614285715,39.232032828571434,0,0,0,0,0,2,0,1,0,3.0
KASKAZINI B,2023,11,5,0.8,0.2,0.0,0.2,0.6,0.2,0.0,5,0,0,0,5,-5.99480256,39.30201724,1,0,0,1,0,0,0,0,0,3.0
KASKAZINI B,2023,12,9,0.7777777777777778,0.2222222222222222,0.1111111111111111,0.0,0.2222222222222222,0.6666666666666666,0.0,8,0,1,0,8,-5.974547466666667,39.26403245555556,0,0,0,1,1,4,0,1,0,3.0
KASKAZINI B,2023,13,8,0.5,0.5,0.125,0.0,0.375,0.5,0.0,8,0,0,0,8,-6.0041342625,39.2349516875,1,0,0,0,3,1,0,2,0,3.0
KASKAZINI B,2023,14,4,1.0,0.0,0.0,0.0,0.75,0.25,0.0,4,0,0,0,4,-5.987056433333334,39.3337619,0,0,0,0,0,0,0,0,0,4.0
KASKAZINI B,2023,15,3,0.3333333333333333,0.6666666666666666,0.3333333333333333,0.0,0.6666666666666666,0.0,0.0,3,0,0,0,3,-5.9970384333333335,39.25709906666667,0,0,0,0,0,0,1,0,0,4.0
KASKAZINI B,2023,16,1,1.0,0.0,0.0,0.0,1.0,0.0,0.0,1,0,0,0,1,-5.9372494,39.1954714,0,0,0,0,0,1,0,0,0,4.0
KASKAZINI B,2023,17,10,0.8,0.2,0.0,0.2,0.2,0.5,0.1,10,0,0,0,10,-5.980550925,39.273120975,1,0,0,1,0,3,1,0,0,4.0
KASKAZINI B,2023,18,8,0.5,0.5,0.125,0.0,0.625,0.125,0.125,6,0,2,1,5,-6.0124249875,39.273819187499996,0,0,0,1,0,1,0,2,0,5.0
KASKAZINI B,2023,19,8,0.625,0.375,0.125,0.25,0.625,0.0,0.0,8,0,0,1,7,-5.972184524999999,39.28407495,3,0,0,0,0,2,0,0,0,5.0
KASKAZINI B,2023,20,17,0.7058823529411765,0.29411764705882354,0.23529411764705882,0.29411764705882354,0.23529411764705882,0.23529411764705882,0.0,17,0,0,0,17,-5.987981035294118,39.243875435294115,5,0,0,1,1,3,1,2,0,5.0
KASKAZINI B,2023,21,16,0.6875,0.3125,0.0,0.0625,0.5625,0.25,0.125,14,0,2,1,13,-5.9899091,39.268306825,1,1,0,0,3,4,0,1,0,5.0
KASKAZINI B,2023,22,15,0.9333333333333333,0.06666666666666667,0.06666666666666667,0.0,0.6666666666666666,0.2,0.06666666666666667,15,0,0,2,12,-5.993280307142856,39.26360842857143,2,0,0,3,0,2,1,2,0,5.0
KASKAZINI B,2023,23,11,0.7272727272727273,0.2727272727272727,0.0,0.0,0.45454545454545453,0.45454545454545453,0.09090909090909091,11,0,0,0,11,-6.00452662,39.2367594,0,0,0,1,2,1,0,3,0,6.0
KASKAZINI B,2023,24,14,0.7857142857142857,0.21428571428571427,0.07142857142857142,0.21428571428571427,0.2857142857142857,0.42857142857142855,0.0,12,0,2,3,9,-5.9913718,39.260490983333334,3,0,0,0,3,0,0,0,0,6.0
KASKAZINI B,2023,25,13,0.7692307692307693,0.23076923076923078,0.07692307692307693,0.15384615384615385,0.46153846153846156,0.0,0.3076923076923077,12,0,1,3,9,-5.997257636363637,39.25245599090909,1,0,0,3,1,0,0,2,0,6.0
KASKAZINI B,2023,26,5,0.8,0.2,0.2,0.2,0.4,0.0,0.2,5,0,0,1,4,-5.9640201,39.30733373333333,1,0,0,1,0,0,0,0,0,6.0
KASKAZINI B,2023,27,11,0.8181818181818182,0.18181818181818182,0.0,0.0,0.6363636363636364,0.2727272727272727,0.09090909090909091,11,0,0,2,9,-6.01154368,39.277794560000004,0,0,0,4,3,0,0,0,0,7.0
KASKAZINI B,2023,28,12,0.75,0.25,0.16666666666666666,0.16666666666666666,0.5,0.16666666666666666,0.0,12,0,0,2,10,-5.984381090909091,39.229016245454545,1,0,0,0,2,4,0,0,0,7.0
KASKAZINI B,2023,29,17,0.7058823529411765,0.29411764705882354,0.17647058823529413,0.17647058823529413,0.47058823529411764,0.17647058823529413,0.0,16,0,1,4,12,-5.9867654875,39.255588618750004,2,0,0,0,2,0,0,2,0,7.0
KASKAZINI B,2023,30,13,0.5384615384615384,0.38461538461538464,0.23076923076923078,0.07692307692307693,0.38461538461538464,0.15384615384615385,0.07692307692307693,11,0,2,2,9,-5.987764509090908,39.23500812727273,1,0,0,2,1,0,0,1,0,7.0
KASKAZINI B,2023,31,14,0.6428571428571429,0.35714285714285715,0.0,0.14285714285714285,0.5714285714285714,0.21428571428571427,0.07142857142857142,12,0,2,1,11,-5.997909538461538,39.27616444615384,1,0,0,1,1,1,2,2,0,8.0
KASKAZINI B,2023,32,9,0.7777777777777778,0.2222222222222222,0.2222222222222222,0.0,0.4444444444444444,0.2222222222222222,0.1111111111111111,9,0,0,1,8,-5.9828367,39.235485733333334,0,0,0,1,2,2,0,1,0,8.0
KASKAZINI B,2023,33,17,0.7647058823529411,0.23529411764705882,0.058823529411764705,0.23529411764705882,0.35294117647058826,0.29411764705882354,0.058823529411764705,13,0,4,3,10,-5.9774896235294115,39.2269044,4,0,0,1,2,0,1,1,0,8.0
KASKAZINI B,2023,34,10,0.7,0.3,0.0,0.2,0.4,0.3,0.1,9,0,1,0,9,-5.980263788888888,39.24540886666667,0,0,0,3,2,0,0,2,0,8.0
KASKAZINI B,2023,35,11,0.7272727272727273,0.2727272727272727,0.0,0.18181818181818182,0.36363636363636365,0.18181818181818182,0.2727272727272727,11,0,0,1,10,-5.99067655,39.2387329,2,0,0,4,1,0,0,1,0,8.0
KASKAZINI B,2023,36,14,0.42857142857142855,0.42857142857142855,0.07142857142857142,0.2857142857142857,0.35714285714285715,0.14285714285714285,0.0,11,0,3,3,8,-5.990433400000001,39.307851783333334,0,0,0,1,1,1,0,3,0,9.0
KASKAZINI B,2023,37,1,0.0,1.0,0.0,0.0,1.0,0.0,0.0,1,0,0,1,0,,,0,0,0,0,0,0,0,0,0,9.0
KASKAZINI B,2023,38,3,0.6666666666666666,0.3333333333333333,0.0,0.0,0.3333333333333333,0.3333333333333333,0.3333333333333333,3,0,0,0,3,-5.999005966666666,39.23800333333333,0,0,0,0,2,0,0,0,0,9.0
KASKAZINI B,2023,39,5,0.6,0.4,0.0,0.0,0.6,0.4,0.0,4,0,1,0,4,-5.986467419999999,39.27465502,0,0,0,0,2,0,0,2,0,9.0
KASKAZINI B,2023,40,1,1.0,0.0,0.0,0.0,0.0,0.0,1.0,1,0,0,0,1,-5.9893904,39.2529885,0,0,0,0,0,0,0,0,0,10.0
KASKAZINI B,2023,41,7,0.8571428571428571,0.14285714285714285,0.14285714285714285,0.0,0.2857142857142857,0.42857142857142855,0.14285714285714285,7,0,0,0,6,-6.010845450000001,39.249257416666666,0,0,0,2,1,0,2,0,0,10.0
KASKAZINI B,2023,42,5,0.8,0.2,0.0,0.0,0.6,0.4,0.0,5,0,0,1,4,-5.99620298,39.27631136,0,0,0,4,0,0,0,0,0,10.0
KASKAZINI B,2023,43,6,0.6666666666666666,0.16666666666666666,0.16666666666666666,0.3333333333333333,0.16666666666666666,0.16666666666666666,0.0,4,0,2,0,4,-5.96991788,39.20338754,2,0,0,0,0,0,0,0,0,10.0
KASKAZINI B,2023,44,6,0.16666666666666666,0.8333333333333334,0.0,0.16666666666666666,0.8333333333333334,0.0,0.0,6,0,0,0,6,-5.9895841333333335,39.30798171666667,0,0,0,0,0,1,0,4,0,11.0
KASKAZINI B,2023,45,10,0.7,0.3,0.0,0.1,0.3,0.3,0.3,10,0,0,0,10,-6.00153276,39.24187482,2,0,0,2,1,0,0,0,0,11.0
KASKAZINI B,2023,46,15,0.8666666666666667,0.13333333333333333,0.0,0.06666666666666667,0.4666666666666667,0.2,0.26666666666666666,15,0,0,0,14,-5.9878190230769235,39.245631938461536,1,0,0,4,2,3,0,0,0,11.0
KASKAZINI B,2023,47,24,0.6666666666666666,0.3333333333333333,0.0,0.20833333333333334,0.375,0.2916666666666667,0.125,19,0,5,0,19,-6.002053386363636,39.246767409090914,6,0,0,3,4,2,2,4,0,11.0
KASKAZINI B,2023,48,10,0.6,0.4,0.1,0.2,0.5,0.2,0.0,10,0,0,1,9,-5.979949577777777,39.25001228888889,1,0,0,1,0,1,0,0,0,11.0
KASKAZINI B,2023,49,24,0.9166666666666666,0.08333333333333333,0.08333333333333333,0.0,0.4583333333333333,0.125,0.3333333333333333,24,0,0,3,20,-5.9847324,39.242209957142855,5,0,0,8,1,1,1,0,0,12.0
KASKAZINI B,2023,50,34,0.8235294117647058,0.17647058823529413,0.0,0.08823529411764706,0.47058823529411764,0.29411764705882354,0.14705882352941177,33,0,1,0,30,-5.993352514285715,39.23707578928571,6,0,0,8,2,4,1,2,0,12.0
KASKAZINI B,2023,51,58,0.8103448275862069,0.1896551724137931,0.017241379310344827,0.13793103448275862,0.5517241379310345,0.1724137931034483,0.1206896551724138,57,0,1,3,42,-5.992484833333333,39.2428007547619,10,0,0,10,4,3,5,1,0,12.0
KASKAZINI B,2023,52,65,0.8461538461538461,0.15384615384615385,0.0,0.13846153846153847,0.5230769230769231,0.27692307692307694,0.06153846153846154,64,0,1,7,47,-5.98732987,39.245175974,16,0,0,8,4,2,8,2,0,12.0
KUSINI,2018,1,11,0.45454545454545453,0.36363636363636365,0.0,0.0,0.45454545454545453,0.36363636363636365,0.0,10,0,1,0,8,-6.2822168000000005,39.434592949999995,0,0,0,0,0,0,0,0,0,1.0
KUSINI,2018,2,6,0.5,0.3333333333333333,0.0,0.16666666666666666,0.3333333333333333,0.3333333333333333,0.0,6,0,0,1,5,-6.2820745250000005,39.434461799999994,0,0,0,0,0,0,0,0,0,1.0
KUSINI,2018,3,4,0.0,0.75,0.0,0.25,0.5,0.0,0.0,4,0,0,0,4,-6.3240119,39.5484649,0,0,0,0,0,0,0,0,0,1.0
KUSINI,2018,4,3,0.0,0.6666666666666666,0.0,0.0,0.0,0.6666666666666666,0.0,3,0,0,0,2,-6.2823985,39.4346182,0,0,0,0,0,0,0,0,0,1.0
KUSINI,2018,5,7,0.42857142857142855,0.42857142857142855,0.14285714285714285,0.2857142857142857,0.0,0.0,0.42857142857142855,3,0,4,0,3,-6.359960940000001,39.45049896,0,0,0,0,0,0,0,0,0,2.0
KUSINI,2018,6,1,1.0,0.0,0.0,0.0,0.0,1.0,0.0,1,0,0,0,1,-6.2782303,39.4216645,0,0,0,0,0,0,0,0,0,2.0
KUSINI,2018,7,2,0.5,0.5,0.0,0.5,0.0,0.5,0.0,2,0,0,0,2,-6.3064195,39.5422077,0,0,0,0,0,0,0,0,0,2.0
KUSINI,2018,8,3,1.0,0.0,0.0,0.0,0.6666666666666666,0.3333333333333333,0.0,3,0,0,0,2,-6.05133465,39.420181299999996,0,0,0,0,0,0,0,0,0,2.0
KUSINI,2018,9,3,0.0,1.0,0.0,0.3333333333333333,0.3333333333333333,0.3333333333333333,0.0,3,0,0,0,2,,,0,0,0,0,0,0,0,0,0,3.0
KUSINI,2018,10,5,0.6,0.4,0.2,0.2,0.6,0.0,0.0,3,0,2,0,3,-6.4180535,39.5276647,0,0,0,0,0,0,0,0,0,3.0
KUSINI,2018,11,3,0.3333333333333333,0.6666666666666666,0.0,0.3333333333333333,0.6666666666666666,0.0,0.0,3,0,0,0,3,-6.278153,39.42881865,0,0,0,0,0,0,0,0,0,3.0
KUSINI,2018,12,0,0.0,0.0,0.0,0.0,0.0,0.0,0.0,0,0,0,0,0,0.0,0.0,0,0,0,0,0,0,0,0,0,
KUSINI,2018,13,2,0.5,0.5,0.5,0.5,0.0,0.0,0.0,2,0,0,0,1,-6.3614217,39.50624575,0,0,0,0,0,0,0,0,0,3.0
KUSINI,2018,14,1,0.0,1.0,0.0,0.0,1.0,0.0,0.0,1,0,0,0,1,-6.2643763,39.53305,0,0,0,0,0,0,0,0,0,4.0
KUSINI,2018,15,1,1.0,0.0,0.0,0.0,1.0,0.0,0.0,1,0,0,1,0,,,0,0,0,0,0,0,0,0,0,4.0
KUSINI,2018,16,3,0.6666666666666666,0.3333333333333333,0.0,0.0,0.3333333333333333,0.6666666666666666,0.0,3,0,0,0,3,-6.3289958,39.475246766666665,0,0,0,0,0,0,0,0,0,4.0
KUSINI,2018,17,2,0.5,0.5,0.0,0.0,1.0,0.0,0.0,2,0,0,0,2,,,0,0,0,0,0,0,0,0,0,4.0
KUSINI,2018,18,3,0.3333333333333333,0.6666666666666666,0.0,0.3333333333333333,0.0,0.3333333333333333,0.3333333333333333,3,0,0,0,3,-6.3133841,39.5444697,0,0,0,0,0,0,0,0,0,5.0
KUSINI,2018,19,13,0.5384615384615384,0.46153846153846156,0.0,0.46153846153846156,0.46153846153846156,0.07692307692307693,0.0,13,0,0,0,11,-6.33069614,39.46419679,0,0,0,0,0,0,0,0,0,5.0
KUSINI,2018,20,13,0.5384615384615384,0.46153846153846156,0.0,0.38461538461538464,0.3076923076923077,0.0,0.3076923076923077,5,0,8,0,5,-6.300195181818182,39.45240643636364,0,0,0,0,0,0,0,0,0,5.0
KUSINI,2018,21,6,0.6666666666666666,0.3333333333333333,0.0,0.0,0.5,0.16666666666666666,0.3333333333333333,6,0,0,0,6,-6.27050555,39.40707501666667,0,0,0,0,0,0,0,0,0,5.0
KUSINI,2018,22,1,1.0,0.0,0.0,0.0,1.0,0.0,0.0,1,0,0,0,1,-6.4591898,39.4789119,0,0,0,0,0,0,0,0,0,5.0
KUSINI,2018,23,7,0.2857142857142857,0.2857142857142857,0.0,0.14285714285714285,0.14285714285714285,0.14285714285714285,0.14285714285714285,7,0,0,0,7,-6.321039533333334,39.5137395,0,0,0,0,0,0,0,0,0,6.0
KUSINI,2018,24,3,0.0,0.3333333333333333,0.0,0.0,0.0,0.3333333333333333,0.0,3,0,0,1,2,-6.4505121,39.4708258,0,0,0,0,0,0,0,0,0,6.0
KUSINI,2018,25,4,0.25,0.0,0.0,0.0,0.25,0.0,0.0,4,0,0,1,3,-6.4602558,39.4832288,0,0,0,0,0,0,0,0,0,6.0
KUSINI,2018,26,11,0.09090909090909091,0.09090909090909091,0.0,0.0,0.0,0.18181818181818182,0.0,11,0,0,0,11,-6.43545275,39.5104534,0,0,0,0,0,0,0,0,0,6.0
KUSINI,2018,27,16,0.25,0.3125,0.0625,0.1875,0.1875,0.0625,0.0625,15,0,1,0,14,-6.2021017857142855,39.49180638571429,0,0,0,0,0,0,0,0,0,7.0
KUSINI,2018,28,12,0.16666666666666666,0.08333333333333333,0.08333333333333333,0.0,0.16666666666666666,0.0,0.0,12,0,0,0,6,-6.384604200000001,39.46282096666667,0,0,0,0,0,0,0,0,0,7.0
KUSINI,2018,29,14,0.21428571428571427,0.0,0.0,0.0,0.14285714285714285,0.07142857142857142,0.0,12,0,2,0,3,-6.35044985,39.458646,0,0,0,0,0,0,0,0,0,7.0
KUSINI,2018,30,8,0.0,0.125,0.0,0.0,0.0,0.125,0.0,8,0,0,0,5,-6.4452486,39.4688289,0,0,0,0,0,0,0,0,0,7.0
KUSINI,2018,31,10,0.1,0.6,0.2,0.0,0.3,0.1,0.1,8,0,2,0,8,-6.2353084999999995,39.4422035,0,0,0,0,0,0,0,0,0,8.0
KUSINI,2018,32,4,0.0,0.0,0.0,0.0,0.0,0.0,0.0,4,0,0,0,3,,,0,0,0,0,0,0,0,0,0,8.0
KUSINI,2018,33,7,0.42857142857142855,0.0,0.0,0.0,0.2857142857142857,0.14285714285714285,0.0,7,0,0,0,5,-6.34948,39.45871913333333,0,0,0,0,0,0,0,0,0,8.0
KUSINI,2018,34,6,0.16666666666666666,0.3333333333333333,0.16666666666666666,0.16666666666666666,0.0,0.16666666666666666,0.0,6,0,0,0,6,-6.177263,39.2253725,0,0,0,0,0,0,0,0,0,8.0
KUSINI,2018,35,2,1.0,0.0,0.5,0.0,0.0,0.5,0.0,2,0,0,0,1,-6.2459079,39.5321402,0,0,0,0,0,0,0,0,0,8.0
KUSINI,2018,36,5,0.0,0.6,0.0,0.2,0.4,0.0,0.0,5,0,0,1,4,-6.13055175,39.432200300000005,0,0,0,0,0,0,0,0,0,9.0
KUSINI,2018,37,3,0.3333333333333333,0.0,0.0,0.0,0.3333333333333333,0.0,0.0,3,0,0,0,3,-6.4495177,39.474842,0,0,0,0,0,0,0,0,0,9.0
KUSINI,2018,38,14,0.14285714285714285,0.21428571428571427,0.21428571428571427,0.07142857142857142,0.07142857142857142,0.0,0.0,14,0,0,1,13,-6.422421825,39.530353925,0,0,0,0,0,0,0,0,0,9.0
KUSINI,2018,39,9,0.0,0.4444444444444444,0.1111111111111111,0.0,0.3333333333333333,0.0,0.0,9,0,0,0,4,-6.2883284,39.4420063,0,0,0,0,0,0,0,0,0,9.0
KUSINI,2018,40,1,0.0,0.0,0.0,0.0,0.0,0.0,0.0,1,0,0,0,1,,,0,0,0,0,0,0,0,0,0,10.0
KUSINI,2018,41,3,0.3333333333333333,0.3333333333333333,0.0,0.3333333333333333,0.0,0.3333333333333333,0.0,3,0,0,1,2,-5.8279531,39.3478546,0,0,0,0,0,0,0,0,0,10.0
KUSINI,2018,42,4,0.25,0.25,0.0,0.0,0.25,0.25,0.0,4,0,0,0,4,-6.2636447,39.5347953,0,0,0,0,0,0,0,0,0,10.0
KUSINI,2018,43,3,0.0,0.0,0.0,0.0,0.0,0.0,0.0,3,0,0,0,3,,,0,0,0,0,0,0,0,0,0,10.0
KUSINI,2018,44,1,0.0,0.0,0.0,0.0,0.0,0.0,0.0,1,0,0,0,1,,,0,0,0,0,0,0,0,0,0,10.0
KUSINI,2018,45,6,0.16666666666666666,0.3333333333333333,0.16666666666666666,0.0,0.16666666666666666,0.16666666666666666,0.0,6,0,0,0,6,,,0,0,0,0,0,0,0,0,0,11.0
KUSINI,2018,46,4,0.25,0.25,0.0,0.25,0.0,0.25,0.0,4,0,0,1,3,,,0,0,0,0,0,0,0,0,0,11.0
KUSINI,2018,47,2,1.0,0.0,0.0,0.5,0.0,0.5,0.0,2,0,0,0,2,,,0,0,0,0,0,0,0,0,0,11.0
KUSINI,2018,48,2,1.0,0.0,0.0,0.0,0.5,0.5,0.0,2,0,0,0,2,-6.4367968,39.4622053,0,0,0,0,0,0,0,0,0,11.0
KUSINI,2018,49,0,0.0,0.0,0.0,0.0,0.0,0.0,0.0,0,0,0,0,0,0.0,0.0,0,0,0,0,0,0,0,0,0,
KUSINI,2018,50,1,0.0,1.0,0.0,0.0,0.0,1.0,0.0,1,0,0,0,1,,,0,0,0,0,0,0,0,0,0,12.0
KUSINI,2018,51,4,0.75,0.25,0.0,0.25,0.5,0.25,0.0,4,0,0,0,4,-6.05536445,39.42441605,0,0,0,0,0,0,0,0,0,12.0
KUSINI,2018,52,2,0.5,0.5,0.0,1.0,0.0,0.0,0.0,2,0,0,0,2,,,0,0,0,0,0,0,0,0,0,12.0
KUSINI,2019,1,1,1.0,0.0,0.0,0.0,0.0,0.0,1.0,1,0,0,0,0,,,0,0,0,0,0,0,0,0,0,1.0
KUSINI,2019,2,9,0.4444444444444444,0.4444444444444444,0.0,0.1111111111111111,0.2222222222222222,0.5555555555555556,0.0,8,0,1,0,8,-6.2808694,39.454729549999996,0,0,0,0,0,0,0,0,0,1.0
KUSINI,2019,3,3,0.6666666666666666,0.3333333333333333,0.0,0.0,0.6666666666666666,0.3333333333333333,0.0,3,0,0,0,3,-6.2832692,39.4069709,0,0,0,0,0,0,0,0,0,1.0
KUSINI,2019,4,5,0.4,0.6,0.0,0.4,0.4,0.2,0.0,5,0,0,0,5,-6.2142563,39.4757453,0,0,0,0,0,0,0,0,0,1.0
KUSINI,2019,5,2,0.5,0.5,0.0,0.0,1.0,0.0,0.0,1,0,1,0,1,-6.2892127,39.3706802,0,0,0,0,0,0,0,0,0,1.0
KUSINI,2019,6,1,1.0,0.0,0.0,0.0,1.0,0.0,0.0,1,0,0,0,1,-6.2396006,39.5318078,0,0,0,0,0,0,0,0,0,2.0
KUSINI,2019,7,0,0.0,0.0,0.0,0.0,0.0,0.0,0.0,0,0,0,0,0,0.0,0.0,0,0,0,0,0,0,0,0,0,
KUSINI,2019,8,5,0.6,0.4,0.0,0.0,0.8,0.2,0.0,5,0,0,0,5,,,0,0,0,0,0,0,0,0,0,2.0
KUSINI,2019,9,4,0.75,0.25,0.0,0.0,0.5,0.5,0.0,4,0,0,1,3,-6.2411597,39.5337855,0,0,0,0,0,0,0,0,0,2.0
KUSINI,2019,10,2,0.0,1.0,0.0,0.0,1.0,0.0,0.0,2,0,0,0,2,-6.3987089,39.5492718,0,0,0,0,0,0,0,0,0,3.0
KUSINI,2019,11,4,0.75,0.25,0.0,0.25,0.5,0.25,0.0,4,0,0,0,4,-6.2878161,39.531689875,0,0,0,0,0,0,0,0,0,3.0
KUSINI,2019,12,2,1.0,0.0,0.0,0.0,0.5,0.0,0.5,2,0,0,1,1,-6.3239547,39.5486595,0,0,0,0,0,0,0,0,0,3.0
KUSINI,2019,13,1,1.0,0.0,0.0,0.0,0.0,0.0,1.0,1,0,0,0,1,,,0,0,0,0,0,0,0,0,0,3.0
KUSINI,2019,14,2,1.0,0.0,0.0,0.0,0.5,0.5,0.0,2,0,0,0,1,-6.4529246,39.4711322,0,0,0,0,0,0,0,0,0,4.0
KUSINI,2019,15,0,0.0,0.0,0.0,0.0,0.0,0.0,0.0,0,0,0,0,0,0.0,0.0,0,0,0,0,0,0,0,0,0,4.0
KUSINI,2019,16,2,0.5,0.5,0.0,0.0,1.0,0.0,0.0,2,0,0,0,2,-6.2784756,39.53355365,0,0,0,0,0,0,0,0,0,4.0
KUSINI,2019,17,4,0.75,0.0,0.0,0.0,0.25,0.75,0.0,4,0,0,0,4,,,0,0,0,0,0,0,0,0,0,4.0
KUSINI,2019,18,4,1.0,0.0,0.0,0.25,0.5,0.25,0.0,4,0,0,0,3,-6.2665299999999995,39.4902682,0,0,0,0,0,0,0,0,0,5.0
KUSINI,2019,19,4,1.0,0.0,0.0,0.0,0.5,0.5,0.0,4,0,0,0,4,-6.2521334,39.5342123,0,0,0,0,0,0,0,0,0,5.0
KUSINI,2019,20,4,0.75,0.25,0.0,0.0,0.5,0.5,0.0,4,0,0,0,4,-6.2339329,39.5290255,0,0,0,0,0,0,0,0,0,5.0
KUSINI,2019,21,2,0.5,0.5,0.0,0.5,0.5,0.0,0.0,2,0,0,0,2,-6.2742435,39.482662700000006,0,0,0,0,0,0,0,0,0,5.0
KUSINI,2019,22,8,0.875,0.125,0.0,0.0,0.125,0.875,0.0,5,0,3,1,3,-6.2217502428571425,39.341071899999996,0,0,0,0,0,0,0,0,0,5.0
KUSINI,2019,23,6,1.0,0.0,0.0,0.0,0.6666666666666666,0.16666666666666666,0.16666666666666666,6,0,0,1,5,-6.280212266666666,39.369479399999996,0,0,0,1,0,0,0,0,0,6.0
KUSINI,2019,24,10,0.6,0.3,0.1,0.1,0.5,0.2,0.0,10,0,0,0,10,-6.3386137875,39.441363175,0,0,0,0,0,0,0,0,0,6.0
KUSINI,2019,25,12,0.5833333333333334,0.4166666666666667,0.08333333333333333,0.0,0.75,0.08333333333333333,0.08333333333333333,10,0,2,0,8,-6.30588184,39.44760368,0,0,0,0,0,0,0,0,0,6.0
KUSINI,2019,26,7,0.5714285714285714,0.2857142857142857,0.0,0.0,0.5714285714285714,0.0,0.2857142857142857,5,0,2,0,5,-6.362064366666666,39.458941216666666,2,0,0,0,0,0,0,0,0,6.0
KUSINI,2019,27,9,0.5555555555555556,0.1111111111111111,0.1111111111111111,0.0,0.2222222222222222,0.2222222222222222,0.1111111111111111,9,0,0,0,9,-6.25643345,39.53492475,1,0,0,0,0,0,0,0,0,7.0
KUSINI,2019,28,9,0.4444444444444444,0.4444444444444444,0.0,0.1111111111111111,0.2222222222222222,0.6666666666666666,0.0,9,0,0,0,7,-6.286142375,39.5311412625,0,0,0,0,0,0,0,0,0,7.0
KUSINI,2019,29,13,0.7692307692307693,0.23076923076923078,0.0,0.0,0.46153846153846156,0.38461538461538464,0.15384615384615385,13,0,0,0,13,-6.2931322666666665,39.51404998333333,0,0,0,1,0,2,0,0,0,7.0
KUSINI,2019,30,7,0.5714285714285714,0.42857142857142855,0.0,0.0,0.42857142857142855,0.5714285714285714,0.0,6,0,1,0,5,-6.281222528571428,39.49912462857143,0,0,0,0,0,0,0,0,0,7.0
KUSINI,2019,31,7,0.5714285714285714,0.42857142857142855,0.2857142857142857,0.14285714285714285,0.2857142857142857,0.14285714285714285,0.14285714285714285,6,0,1,0,5,-6.289228857142858,39.5111252,2,0,0,0,0,0,0,0,0,8.0
KUSINI,2019,32,5,0.6,0.4,0.6,0.0,0.2,0.2,0.0,4,0,1,0,4,-6.25453254,39.533159139999995,0,0,0,0,0,0,0,0,0,8.0
KUSINI,2019,33,5,0.4,0.6,0.0,0.0,1.0,0.0,0.0,3,0,2,0,2,-6.30915684,39.4411985,0,0,0,1,0,0,0,0,0,8.0
KUSINI,2019,34,7,0.5714285714285714,0.2857142857142857,0.2857142857142857,0.14285714285714285,0.14285714285714285,0.2857142857142857,0.14285714285714285,7,0,0,1,6,-6.170122533333333,39.432569183333335,1,0,0,0,0,0,0,0,0,8.0
KUSINI,2019,35,2,0.5,0.5,0.0,0.0,1.0,0.0,0.0,2,0,0,0,2,-6.2410331,39.5340646,0,0,0,0,0,0,0,0,0,8.0
KUSINI,2019,36,3,0.3333333333333333,0.6666666666666666,0.0,0.3333333333333333,0.3333333333333333,0.3333333333333333,0.0,3,0,0,0,3,-6.334583833333333,39.481784233333336,0,0,0,0,0,0,0,0,0,9.0
KUSINI,2019,37,2,0.0,1.0,0.0,0.0,1.0,0.0,0.0,2,0,0,0,2,-6.2836795500000004,39.43041995,0,0,0,0,0,0,0,0,0,9.0
KUSINI,2019,38,2,1.0,0.0,0.0,0.0,0.0,1.0,0.0,2,0,0,0,2,,,0,0,0,0,0,0,0,0,0,9.0
KUSINI,2019,39,1,0.0,1.0,0.0,0.0,1.0,0.0,0.0,1,0,0,0,1,-6.177539,39.2231953,0,0,0,0,0,0,0,0,0,9.0
KUSINI,2019,40,2,1.0,0.0,0.5,0.0,0.5,0.0,0.0,2,0,0,0,2,-6.297150950000001,39.49243115,0,0,0,0,0,0,0,0,0,10.0
KUSINI,2019,41,1,0.0,1.0,1.0,0.0,0.0,0.0,0.0,1,0,0,0,1,-6.2778218,39.4221801,0,0,0,0,0,0,0,0,0,10.0
KUSINI,2019,42,2,0.0,1.0,0.5,0.0,0.5,0.0,0.0,2,0,0,0,2,-6.29754935,39.5416752,0,0,0,0,0,0,0,0,0,10.0
KUSINI,2019,43,0,0.0,0.0,0.0,0.0,0.0,0.0,0.0,0,0,0,0,0,0.0,0.0,0,0,0,0,0,0,0,0,0,
KUSINI,2019,44,1,1.0,0.0,0.0,1.0,0.0,0.0,0.0,1,0,0,0,1,-6.2636273,39.5344688,1,0,0,0,0,0,0,0,0,11.0
KUSINI,2019,45,5,1.0,0.0,0.0,0.0,0.8,0.2,0.0,5,0,0,0,5,-6.2570497,39.53282066,0,0,0,0,0,0,0,0,0,11.0
KUSINI,2019,46,4,0.75,0.25,0.25,0.0,0.75,0.0,0.0,4,0,0,0,4,-6.275750575,39.501822250000004,0,0,0,0,0,0,0,0,0,11.0
KUSINI,2019,47,2,0.5,0.5,0.0,0.0,1.0,0.0,0.0,2,0,0,0,1,-6.2297103,39.32976395,0,0,0,0,0,0,0,0,0,11.0
KUSINI,2019,48,6,0.5,0.5,0.6666666666666666,0.0,0.3333333333333333,0.0,0.0,6,0,0,0,6,-6.17928405,39.32675953333333,3,0,0,1,0,0,0,0,0,11.0
KUSINI,2019,49,5,0.0,1.0,0.6,0.2,0.0,0.2,0.0,3,0,2,0,3,-6.29349538,39.53923742,1,0,0,0,0,0,0,0,0,12.0
KUSINI,2019,50,13,0.6923076923076923,0.15384615384615385,0.07692307692307693,0.23076923076923078,0.38461538461538464,0.15384615384615385,0.15384615384615385,13,0,0,0,12,-6.242810011111111,39.41014587777778,2,0,0,0,0,0,0,0,0,12.0
KUSINI,2019,51,7,0.7142857142857143,0.2857142857142857,0.0,0.2857142857142857,0.14285714285714285,0.5714285714285714,0.0,7,0,0,0,7,-6.257914785714285,39.452516442857146,1,0,0,0,0,0,0,0,0,12.0
KUSINI,2019,52,5,0.4,0.6,0.0,0.4,0.6,0.0,0.0,5,0,0,0,5,-6.334273866666667,39.4630902,1,0,0,0,0,0,0,0,0,12.0
KUSINI,2020,1,6,0.8333333333333334,0.0,0.16666666666666666,0.3333333333333333,0.16666666666666666,0.0,0.3333333333333333,6,0,0,1,5,-6.1939948000000005,39.465524900000005,1,0,0,0,0,0,0,0,0,1.0
KUSINI,2020,2,21,0.5238095238095238,0.42857142857142855,0.047619047619047616,0.23809523809523808,0.42857142857142855,0.23809523809523808,0.047619047619047616,21,0,0,0,21,-6.29343253125,39.46578428125,5,0,0,0,0,0,0,0,0,1.0
KUSINI,2020,3,17,0.7647058823529411,0.23529411764705882,0.17647058823529413,0.058823529411764705,0.35294117647058826,0.35294117647058826,0.058823529411764705,16,0,1,0,16,-6.26950355,39.42350724166666,2,0,0,0,0,0,0,0,0,1.0
KUSINI,2020,4,27,0.48148148148148145,0.48148148148148145,0.037037037037037035,0.2962962962962963,0.3333333333333333,0.2222222222222222,0.1111111111111111,26,0,1,0,26,-6.291033795652174,39.404776973913044,5,0,0,0,0,1,0,0,0,1.0
KUSINI,2020,5,15,0.3333333333333333,0.6666666666666666,0.06666666666666667,0.06666666666666667,0.4666666666666667,0.2,0.2,14,0,1,0,14,-6.3104091533333335,39.485099840000004,1,0,0,0,0,0,0,0,0,1.0
KUSINI,2020,6,12,0.9166666666666666,0.08333333333333333,0.08333333333333333,0.25,0.4166666666666667,0.08333333333333333,0.16666666666666666,12,0,0,1,11,-6.19853816,39.36165608,0,0,0,0,0,1,0,0,0,2.0
KUSINI,2020,7,9,0.6666666666666666,0.3333333333333333,0.1111111111111111,0.2222222222222222,0.2222222222222222,0.3333333333333333,0.1111111111111111,9,0,0,0,9,-6.264620566666667,39.50532046666667,1,0,0,0,0,0,0,0,0,2.0
KUSINI,2020,8,8,0.75,0.0,0.125,0.25,0.25,0.25,0.125,8,0,0,0,8,-6.2325636,39.382592575000004,0,0,0,0,0,1,0,0,0,2.0
KUSINI,2020,9,9,0.5555555555555556,0.4444444444444444,0.0,0.1111111111111111,0.3333333333333333,0.4444444444444444,0.1111111111111111,9,0,0,0,9,-6.246411975,39.477916525,1,0,0,0,0,0,0,0,0,2.0
KUSINI,2020,10,5,0.6,0.2,0.2,0.0,0.4,0.4,0.0,5,0,0,1,4,-6.2698774,39.3392294,1,0,0,0,0,0,0,0,0,3.0
KUSINI,2020,11,5,0.8,0.2,0.0,0.0,0.6,0.4,0.0,5,0,0,1,4,-6.26565814,39.53333148,0,0,0,1,0,0,0,0,0,3.0
KUSINI,2020,12,7,0.7142857142857143,0.2857142857142857,0.0,0.0,0.5714285714285714,0.2857142857142857,0.14285714285714285,7,0,0,0,7,-6.273209414285715,39.44782297142857,0,0,0,2,0,0,0,0,0,3.0
KUSINI,2020,13,10,0.6,0.4,0.1,0.2,0.4,0.3,0.0,9,0,1,0,9,-6.35301338,39.49346383,1,0,0,0,0,0,0,0,0,3.0
KUSINI,2020,14,5,0.8,0.2,0.0,0.2,0.6,0.0,0.2,5,0,0,0,5,-6.36849264,39.47126226,1,0,0,0,0,0,0,0,0,4.0
KUSINI,2020,15,1,1.0,0.0,0.0,0.0,0.0,1.0,0.0,1,0,0,0,1,-6.1165147,39.3063477,0,0,0,0,0,0,0,0,0,4.0
KUSINI,2020,16,10,0.9,0.1,0.1,0.0,0.6,0.3,0.0,8,0,2,0,8,-6.23279519,39.48342461,0,0,0,1,0,0,0,0,0,4.0
KUSINI,2020,17,8,0.75,0.25,0.25,0.0,0.25,0.5,0.0,8,0,0,0,8,-6.2080288125,39.4057717375,0,0,0,0,0,0,0,0,0,4.0
KUSINI,2020,18,5,0.6,0.4,0.0,0.0,0.8,0.2,0.0,5,0,0,1,4,-6.224524000000001,39.4142429,0,0,0,1,0,0,0,0,0,4.0
KUSINI,2020,19,3,1.0,0.0,0.0,0.0,0.6666666666666666,0.3333333333333333,0.0,3,0,0,0,3,-6.240494033333333,39.45166913333333,1,0,0,1,0,0,0,0,0,5.0
KUSINI,2020,20,4,0.75,0.25,0.0,0.0,0.75,0.25,0.0,4,0,0,0,4,-6.288222725,39.382283775000005,0,0,0,1,0,1,0,0,0,5.0
KUSINI,2020,21,6,0.5,0.5,0.16666666666666666,0.16666666666666666,0.3333333333333333,0.16666666666666666,0.16666666666666666,6,0,0,1,5,-6.318089400000001,39.4206493,1,1,0,0,0,0,0,0,0,5.0
KUSINI,2020,22,2,1.0,0.0,0.0,0.5,0.0,0.5,0.0,2,0,0,0,2,-6.360079799999999,39.501549,1,0,0,0,0,0,0,0,0,5.0
KUSINI,2020,23,7,0.7142857142857143,0.2857142857142857,0.14285714285714285,0.42857142857142855,0.2857142857142857,0.14285714285714285,0.0,7,0,0,1,6,-6.264346342857143,39.3740813,2,0,0,1,0,1,0,0,0,6.0
KUSINI,2020,24,7,0.7142857142857143,0.2857142857142857,0.14285714285714285,0.0,0.5714285714285714,0.2857142857142857,0.0,7,0,0,0,7,-6.3034142285714285,39.44206448571429,1,0,0,0,0,0,0,0,0,6.0
KUSINI,2020,25,15,0.5333333333333333,0.4666666666666667,0.0,0.0,0.6,0.3333333333333333,0.06666666666666667,15,0,0,0,15,-6.300722686666666,39.471996233333336,0,0,0,1,0,1,0,0,0,6.0
KUSINI,2020,26,5,0.6,0.2,0.0,0.2,0.8,0.0,0.0,4,0,1,1,3,-6.335342625,39.5014631,0,0,0,0,0,0,0,0,0,6.0
KUSINI,2020,27,26,0.6153846153846154,0.38461538461538464,0.0,0.23076923076923078,0.2692307692307692,0.38461538461538464,0.11538461538461539,23,0,3,0,23,-6.30906315,39.461392238461535,7,0,0,0,0,1,0,0,0,7.0
KUSINI,2020,28,10,0.4,0.6,0.0,0.0,0.5,0.4,0.1,9,0,1,0,9,-6.287174970000001,39.49058057,2,0,0,0,0,0,0,0,0,7.0
KUSINI,2020,29,9,0.6666666666666666,0.3333333333333333,0.0,0.1111111111111111,0.7777777777777778,0.1111111111111111,0.0,9,0,0,0,9,-6.243384444444445,39.452498355555555,1,0,0,2,0,0,0,0,0,7.0
KUSINI,2020,30,12,0.5,0.5,0.08333333333333333,0.0,0.8333333333333334,0.08333333333333333,0.0,12,0,0,0,12,-6.304381383333333,39.52532051666667,1,0,0,0,0,0,0,0,0,7.0
KUSINI,2020,31,8,0.75,0.25,0.125,0.125,0.25,0.5,0.0,8,0,0,0,8,-6.2165312125000005,39.365247662499996,0,0,0,2,0,1,0,0,0,7.0
KUSINI,2020,32,5,0.8,0.2,0.0,0.2,0.6,0.2,0.0,5,0,0,0,5,-6.2950209,39.51592668,0,0,0,0,0,0,0,0,0,8.0
KUSINI,2020,33,10,0.3,0.7,0.2,0.1,0.4,0.2,0.1,10,0,0,0,10,-6.35090898,39.52788798,1,0,0,1,0,0,0,0,0,8.0
KUSINI,2020,34,6,0.16666666666666666,0.8333333333333334,0.0,0.16666666666666666,0.3333333333333333,0.3333333333333333,0.16666666666666666,4,0,2,0,4,-6.26853025,39.46847645,0,0,0,0,0,0,0,0,0,8.0
KUSINI,2020,35,10,0.6,0.4,0.2,0.0,0.4,0.4,0.0,8,1,2,0,7,-6.24870359,39.51247093,1,0,0,0,0,0,0,0,0,8.0
KUSINI,2020,36,9,0.6666666666666666,0.3333333333333333,0.1111111111111111,0.0,0.7777777777777778,0.1111111111111111,0.0,7,0,2,0,7,-6.241546733333333,39.474179477777774,0,0,0,0,0,1,0,0,0,8.0
KUSINI,2020,37,8,0.625,0.375,0.125,0.0,0.375,0.375,0.125,7,0,1,0,7,-6.36764885,39.4902689625,0,0,0,0,0,0,0,0,0,9.0
KUSINI,2020,38,19,0.5263157894736842,0.42105263157894735,0.15789473684210525,0.0,0.5789473684210527,0.2631578947368421,0.0,15,0,4,0,15,-6.249226505555556,39.43803398888889,0,0,0,0,0,0,0,0,0,9.0
KUSINI,2020,39,10,0.8,0.2,0.0,0.1,0.3,0.5,0.1,10,0,0,0,10,-6.31262166,39.45868292,1,0,0,2,0,0,0,0,0,9.0
KUSINI,2020,40,17,0.6470588235294118,0.35294117647058826,0.23529411764705882,0.11764705882352941,0.29411764705882354,0.35294117647058826,0.0,12,0,5,0,12,-6.258110882352941,39.4270785,2,0,0,0,0,1,0,0,0,9.0
KUSINI,2020,41,6,0.8333333333333334,0.16666666666666666,0.3333333333333333,0.0,0.3333333333333333,0.16666666666666666,0.16666666666666666,6,0,0,0,6,-6.27963118,39.45474634,0,0,0,0,0,0,0,0,0,10.0
KUSINI,2020,42,9,0.5555555555555556,0.4444444444444444,0.2222222222222222,0.0,0.5555555555555556,0.2222222222222222,0.0,7,0,2,0,7,-6.262359999999999,39.46561642222222,1,0,0,0,0,1,0,0,0,10.0
KUSINI,2020,43,3,1.0,0.0,0.0,0.0,1.0,0.0,0.0,2,0,1,0,2,-6.241146333333333,39.5335583,0,0,0,0,0,0,0,0,0,10.0
KUSINI,2020,44,6,0.3333333333333333,0.6666666666666666,0.16666666666666666,0.0,0.8333333333333334,0.0,0.0,6,0,0,0,6,-6.2947443000000005,39.508214116666664,0,0,0,0,0,0,0,0,0,10.0
KUSINI,2020,45,2,0.5,0.5,0.0,0.0,1.0,0.0,0.0,2,0,0,0,2,-6.365756,39.475493900000004,0,0,0,0,0,0,0,0,0,11.0
KUSINI,2020,46,5,1.0,0.0,0.0,0.0,0.8,0.2,0.0,5,0,0,0,5,-6.233161040000001,39.50453864,0,0,0,0,0,0,0,0,0,11.0
KUSINI,2020,47,11,0.5454545454545454,0.2727272727272727,0.0,0.0,0.45454545454545453,0.36363636363636365,0.18181818181818182,11,0,0,0,11,-6.22981805,39.4767879125,0,0,0,0,0,0,0,0,0,11.0
KUSINI,2020,48,2,0.5,0.5,0.0,0.0,0.5,0.5,0.0,2,0,0,0,2,-6.3216942,39.54579315,0,0,0,0,0,0,0,0,0,11.0
KUSINI,2020,49,5,0.8,0.2,0.0,0.0,1.0,0.0,0.0,4,0,1,0,4,-6.28296218,39.5321264,0,0,0,0,0,0,0,0,0,12.0
KUSINI,2020,50,7,0.7142857142857143,0.2857142857142857,0.0,0.0,0.7142857142857143,0.14285714285714285,0.14285714285714285,7,0,0,0,7,-6.201800557142858,39.253692185714286,0,0,0,0,0,0,0,0,0,12.0
KUSINI,2020,51,10,0.7,0.3,0.0,0.0,0.3,0.6,0.1,10,0,0,0,10,-6.25881373,39.47412038,0,0,0,0,0,0,0,0,0,12.0
KUSINI,2020,52,21,0.5238095238095238,0.47619047619047616,0.047619047619047616,0.09523809523809523,0.38095238095238093,0.42857142857142855,0.047619047619047616,18,0,3,0,18,-6.375285914285715,39.45534007142857,2,0,0,5,0,1,0,0,0,12.0
KUSINI,2021,1,5,0.2,0.8,0.4,0.4,0.2,0.0,0.0,3,0,2,0,3,-6.45268508,39.4713327,3,0,0,0,0,0,0,0,0,1.0
KUSINI,2021,2,11,0.7272727272727273,0.18181818181818182,0.0,0.0,0.6363636363636364,0.09090909090909091,0.2727272727272727,11,0,0,0,11,-6.29614713,39.490782,0,0,0,1,0,0,0,0,0,1.0
KUSINI,2021,3,27,0.5925925925925926,0.37037037037037035,0.1111111111111111,0.18518518518518517,0.25925925925925924,0.2962962962962963,0.14814814814814814,22,0,5,0,22,-6.297086911538462,39.49486676153846,4,0,0,2,0,0,0,0,0,1.0
KUSINI,2021,4,12,0.3333333333333333,0.6666666666666666,0.08333333333333333,0.25,0.5833333333333334,0.08333333333333333,0.0,12,3,0,0,9,-6.323838633333334,39.48043128333333,2,0,0,0,0,0,0,0,0,1.0
KUSINI,2021,5,18,0.16666666666666666,0.8333333333333334,0.2222222222222222,0.0,0.5555555555555556,0.1111111111111111,0.1111111111111111,14,0,4,0,14,-6.341306172222222,39.46420799444444,3,0,0,0,0,0,0,0,0,1.0
KUSINI,2021,6,8,0.625,0.25,0.125,0.0,0.375,0.5,0.0,7,0,1,0,7,-6.3015125,39.4538804,0,0,0,0,0,0,0,0,0,2.0
KUSINI,2021,7,22,0.7272727272727273,0.2727272727272727,0.09090909090909091,0.09090909090909091,0.5,0.3181818181818182,0.0,18,0,4,0,18,-6.293274536363636,39.4850749,4,0,0,0,0,0,0,0,0,2.0
KUSINI,2021,8,23,0.6521739130434783,0.30434782608695654,0.17391304347826086,0.13043478260869565,0.34782608695652173,0.34782608695652173,0.0,18,0,5,0,18,-6.350809731818182,39.46904650454545,6,0,0,0,0,0,0,0,0,2.0
KUSINI,2021,9,23,0.6086956521739131,0.391304347826087,0.21739130434782608,0.08695652173913043,0.5652173913043478,0.08695652173913043,0.043478260869565216,19,0,4,0,19,-6.353780147826087,39.50914549565218,1,0,0,0,0,1,0,0,0,2.0
KUSINI,2021,10,8,0.875,0.125,0.25,0.0,0.5,0.25,0.0,8,0,0,2,6,-6.333233300000001,39.45717011428571,3,0,0,1,0,0,0,0,0,3.0
KUSINI,2021,11,3,0.0,0.6666666666666666,0.0,0.0,0.3333333333333333,0.6666666666666666,0.0,3,0,0,0,3,-6.2635993,39.5344415,0,0,0,0,0,0,0,0,0,3.0
KUSINI,2021,12,9,0.2222222222222222,0.7777777777777778,0.0,0.0,0.6666666666666666,0.2222222222222222,0.1111111111111111,9,0,0,0,9,-6.204491600000001,39.27057126666667,0,0,0,0,0,0,0,0,0,3.0
KUSINI,2021,13,2,0.0,1.0,0.0,0.0,0.5,0.5,0.0,2,0,0,0,2,-6.32104115,39.442568550000004,0,0,0,0,0,0,0,0,0,3.0
KUSINI,2021,14,11,0.8181818181818182,0.18181818181818182,0.2727272727272727,0.0,0.2727272727272727,0.36363636363636365,0.09090909090909091,9,0,2,1,8,-6.247664418181818,39.43243946363636,0,0,0,1,0,0,1,0,0,3.0
KUSINI,2021,15,16,0.625,0.375,0.0625,0.0,0.4375,0.4375,0.0625,15,0,1,1,14,-6.30502899375,39.4595421625,0,0,0,1,0,1,2,0,0,4.0
KUSINI,2021,16,17,0.6470588235294118,0.35294117647058826,0.17647058823529413,0.0,0.5294117647058824,0.17647058823529413,0.11764705882352941,12,0,5,0,12,-6.270242517647058,39.51774838235294,0,0,0,1,0,0,0,2,0,4.0
KUSINI,2021,17,13,0.5384615384615384,0.46153846153846156,0.15384615384615385,0.07692307692307693,0.6153846153846154,0.07692307692307693,0.07692307692307693,12,0,1,1,11,-6.317562092307692,39.48269726923077,1,0,0,0,2,0,1,0,0,4.0
KUSINI,2021,18,9,0.7777777777777778,0.2222222222222222,0.1111111111111111,0.2222222222222222,0.2222222222222222,0.4444444444444444,0.0,8,0,1,0,8,-6.358166788888889,39.476422444444445,1,0,0,0,0,0,0,0,0,4.0
KUSINI,2021,19,19,0.631578947368421,0.3684210526315789,0.21052631578947367,0.15789473684210525,0.3684210526315789,0.2631578947368421,0.0,15,0,4,0,15,-6.3409923842105265,39.49825292105263,4,0,0,0,0,0,0,1,0,5.0
KUSINI,2021,20,23,0.6521739130434783,0.34782608695652173,0.043478260869565216,0.08695652173913043,0.43478260869565216,0.34782608695652173,0.08695652173913043,21,0,2,0,21,-6.38961592173913,39.49001399130435,1,0,0,5,1,2,1,1,0,5.0
KUSINI,2021,21,24,0.6666666666666666,0.3333333333333333,0.08333333333333333,0.08333333333333333,0.3333333333333333,0.375,0.125,19,0,5,0,19,-6.332911612499999,39.4743686125,1,0,0,3,3,2,0,1,0,5.0
KUSINI,2021,22,18,0.5555555555555556,0.4444444444444444,0.1111111111111111,0.1111111111111111,0.2777777777777778,0.2777777777777778,0.2222222222222222,15,1,3,0,14,-6.373641116666667,39.516476833333336,2,0,0,1,4,0,1,2,0,5.0
KUSINI,2021,23,7,0.42857142857142855,0.5714285714285714,0.0,0.0,0.8571428571428571,0.14285714285714285,0.0,7,0,0,2,5,-6.3043967571428565,39.50052877142857,0,0,0,1,1,0,1,1,0,6.0
KUSINI,2021,24,17,0.6470588235294118,0.35294117647058826,0.0,0.35294117647058826,0.4117647058823529,0.11764705882352941,0.11764705882352941,15,1,2,2,12,-6.301116929411765,39.51443881764706,4,0,0,1,1,0,1,0,0,6.0
KUSINI,2021,25,15,0.8,0.2,0.0,0.0,0.6,0.4,0.0,13,0,2,2,11,-6.289678228571428,39.48800249285715,0,0,0,0,2,0,0,1,0,6.0
KUSINI,2021,26,9,0.6666666666666666,0.2222222222222222,0.1111111111111111,0.1111111111111111,0.3333333333333333,0.3333333333333333,0.0,9,0,0,1,7,-6.3298532625,39.4987398875,2,0,0,0,2,0,0,0,0,6.0
KUSINI,2021,27,2,1.0,0.0,0.0,0.0,1.0,0.0,0.0,2,0,0,0,2,-6.2531355,39.53363365,0,0,0,0,1,0,0,0,0,6.0
KUSINI,2021,28,6,0.5,0.5,0.3333333333333333,0.0,0.3333333333333333,0.3333333333333333,0.0,5,0,1,1,4,-6.269244566666667,39.45562303333333,0,0,0,0,0,0,0,0,0,7.0
KUSINI,2021,29,5,0.6,0.4,0.0,0.0,0.6,0.2,0.2,5,0,0,0,5,-6.3166506,39.483536900000004,0,0,0,0,0,0,0,0,0,7.0
KUSINI,2021,30,5,0.4,0.6,0.4,0.2,0.2,0.2,0.0,4,0,1,0,4,-6.23968554,39.532310859999996,0,0,0,0,0,0,0,0,0,7.0
KUSINI,2021,31,6,0.3333333333333333,0.6666666666666666,0.3333333333333333,0.0,0.6666666666666666,0.0,0.0,6,0,0,0,6,-6.2718679,39.466793833333334,0,0,0,0,0,0,0,0,0,7.0
KUSINI,2021,32,12,0.8333333333333334,0.16666666666666666,0.16666666666666666,0.08333333333333333,0.4166666666666667,0.25,0.08333333333333333,9,0,3,0,9,-6.271394858333333,39.523263075,1,0,0,0,5,0,0,1,0,8.0
KUSINI,2021,33,7,0.7142857142857143,0.2857142857142857,0.14285714285714285,0.0,0.5714285714285714,0.2857142857142857,0.0,7,0,0,0,7,-6.3012886,39.50169832857143,0,0,0,1,1,0,0,0,0,8.0
KUSINI,2021,34,4,0.75,0.25,0.0,0.0,0.5,0.25,0.25,4,0,0,0,4,-6.2830775,39.537696225000005,0,0,0,0,0,0,1,0,0,8.0
KUSINI,2021,35,5,1.0,0.0,0.0,0.0,0.8,0.2,0.0,5,0,0,0,5,-6.299743175,39.500798825000004,0,0,0,1,2,0,0,0,0,8.0
KUSINI,2021,36,5,0.2,0.8,0.4,0.0,0.6,0.0,0.0,5,0,0,0,5,-6.3554911,39.490885625000004,0,0,0,0,0,0,0,1,0,9.0
KUSINI,2021,37,4,0.5,0.5,0.25,0.0,0.25,0.25,0.25,4,0,0,1,3,-6.3208168,39.471838275,0,0,0,0,2,0,0,1,0,9.0
KUSINI,2021,38,11,0.5454545454545454,0.2727272727272727,0.0,0.09090909090909091,0.7272727272727273,0.0,0.0,7,0,4,0,7,-6.32144041111111,39.49448862222222,0,0,0,0,2,0,0,0,0,9.0
KUSINI,2021,39,2,0.5,0.5,0.0,0.0,0.5,0.5,0.0,2,0,0,0,2,-6.2637781,39.5347131,0,0,0,0,0,0,0,0,0,9.0
KUSINI,2021,40,6,0.5,0.5,0.3333333333333333,0.16666666666666666,0.5,0.0,0.0,5,0,1,0,5,-6.296266,39.51776378,1,0,0,0,0,0,0,0,0,9.0
KUSINI,2021,41,2,0.5,0.5,0.0,0.0,0.5,0.5,0.0,2,0,0,0,2,-6.2031002,39.4059939,0,0,0,0,1,0,0,0,0,10.0
KUSINI,2021,42,4,0.75,0.25,0.0,0.0,0.75,0.0,0.25,4,0,0,0,4,-6.317877125,39.492908525,0,0,0,0,0,0,0,0,0,10.0
KUSINI,2021,43,5,0.6,0.4,0.2,0.0,0.4,0.2,0.2,5,0,0,2,3,-6.301333560000001,39.48136632,1,0,0,0,0,0,0,0,0,10.0
KUSINI,2021,44,6,0.8333333333333334,0.16666666666666666,0.16666666666666666,0.0,0.5,0.3333333333333333,0.0,6,0,0,0,6,-6.263718383333334,39.528645366666666,0,0,0,0,4,0,0,1,0,10.0
KUSINI,2021,45,4,0.5,0.5,0.0,0.0,0.75,0.25,0.0,4,0,0,0,4,-6.2385713,39.454208050000005,0,0,0,0,1,0,0,0,0,11.0
KUSINI,2021,46,5,0.6,0.4,0.0,0.0,0.6,0.4,0.0,5,0,0,1,4,-6.26694322,39.428097980000004,0,0,0,0,1,0,0,0,0,11.0
KUSINI,2021,47,8,0.25,0.75,0.0,0.125,0.625,0.125,0.125,8,0,0,3,5,-6.278125225,39.5067766625,0,0,0,0,3,0,2,0,0,11.0
KUSINI,2021,48,2,1.0,0.0,0.0,0.0,0.5,0.5,0.0,2,0,0,0,2,-6.32896215,39.498136099999996,0,0,0,0,1,0,0,0,0,11.0
KUSINI,2021,49,1,0.0,1.0,0.0,0.0,1.0,0.0,0.0,1,0,0,0,1,-6.4481702,39.5257293,0,0,0,0,0,0,0,0,0,11.0
KUSINI,2021,50,2,0.5,0.5,0.0,0.0,1.0,0.0,0.0,2,0,0,0,2,-6.33621205,39.4548303,0,0,0,0,0,0,1,0,0,12.0
KUSINI,2021,51,8,0.5,0.5,0.125,0.125,0.5,0.25,0.0,7,0,1,0,7,-6.329792816666667,39.51584918333334,0,0,0,0,4,0,0,0,0,12.0
KUSINI,2021,52,10,0.8,0.2,0.0,0.1,0.7,0.1,0.0,9,0,1,1,8,-6.290817855555556,39.49535757777778,1,0,0,0,6,0,0,0,0,12.0
KUSINI,2022,1,0,0.0,0.0,0.0,0.0,0.0,0.0,0.0,0,0,0,0,0,0.0,0.0,0,0,0,0,0,0,0,0,0,
KUSINI,2022,2,8,0.125,0.875,0.375,0.375,0.0,0.25,0.0,6,0,2,0,6,-6.2953015,39.49066495,2,0,0,0,0,0,0,1,0,1.0
KUSINI,2022,3,12,0.75,0.25,0.16666666666666666,0.25,0.25,0.25,0.08333333333333333,11,0,1,0,11,-6.3302506916666665,39.45608583333333,3,0,0,0,4,0,1,0,0,1.0
KUSINI,2022,4,4,0.5,0.5,0.0,0.0,0.5,0.25,0.25,4,0,0,1,3,-6.3204942,39.4931828,0,0,0,0,1,0,0,0,0,1.0
KUSINI,2022,5,10,0.7,0.3,0.4,0.1,0.2,0.2,0.1,8,0,2,2,6,-6.258388044444445,39.53030857777778,1,0,0,0,2,0,0,0,0,1.0
KUSINI,2022,6,5,1.0,0.0,0.0,0.2,0.4,0.4,0.0,5,0,0,0,5,-6.40228146,39.4787369,1,0,0,0,1,1,0,0,0,1.0
KUSINI,2022,7,8,0.5,0.5,0.375,0.125,0.375,0.0,0.125,6,0,2,0,6,-6.314502275000001,39.512421375,1,0,0,0,3,0,1,0,0,2.0
KUSINI,2022,8,2,0.5,0.5,0.0,0.0,0.5,0.5,0.0,2,0,0,0,2,-6.26626755,39.5321889,0,0,0,0,0,0,0,0,0,2.0
KUSINI,2022,9,4,0.25,0.75,0.0,0.0,0.25,0.25,0.5,4,0,0,0,4,-6.402241025,39.5296059,0,0,0,0,1,0,0,0,0,2.0
KUSINI,2022,10,4,0.5,0.5,0.25,0.0,0.75,0.0,0.0,4,0,0,0,4,-6.2659149,39.506772575,0,0,0,0,0,0,0,0,0,3.0
KUSINI,2022,11,7,0.8571428571428571,0.14285714285714285,0.0,0.0,0.7142857142857143,0.2857142857142857,0.0,7,0,0,0,7,-6.328449328571429,39.5113565,0,0,0,0,2,0,0,0,0,3.0
KUSINI,2022,12,5,0.8,0.2,0.2,0.0,0.4,0.2,0.2,4,0,1,1,3,-6.2705971599999994,39.47804732,0,0,0,0,3,0,0,0,0,3.0
KUSINI,2022,13,2,1.0,0.0,0.0,0.0,1.0,0.0,0.0,2,0,0,0,2,-6.33033895,39.548357249999995,0,0,0,1,0,0,0,0,0,3.0
KUSINI,2022,14,10,0.5,0.5,0.1,0.0,0.7,0.2,0.0,9,0,1,2,7,-6.324006544444444,39.53012342222222,0,0,0,0,0,0,0,0,0,3.0
KUSINI,2022,15,4,0.75,0.25,0.5,0.0,0.5,0.0,0.0,4,0,0,0,4,-6.250033733333333,39.5013483,0,0,0,0,1,0,0,0,0,4.0
KUSINI,2022,16,4,0.5,0.25,0.0,0.0,0.5,0.25,0.0,4,0,0,0,4,-6.4245740666666675,39.521998266666664,0,0,0,0,1,0,1,0,0,4.0
KUSINI,2022,17,10,1.0,0.0,0.0,0.1,0.8,0.1,0.0,9,0,1,0,9,-6.35507846,39.516023839999995,1,0,0,1,7,0,0,0,0,4.0
KUSINI,2022,18,7,0.8571428571428571,0.14285714285714285,0.0,0.0,0.5714285714285714,0.2857142857142857,0.14285714285714285,6,0,1,0,6,-6.282416983333333,39.436446350000004,1,0,0,1,1,0,0,0,0,4.0
KUSINI,2022,19,8,0.75,0.25,0.25,0.0,0.5,0.25,0.0,7,0,1,1,6,-6.25153945,39.4904337,0,0,0,0,3,0,0,0,0,5.0
KUSINI,2022,20,6,0.6666666666666666,0.3333333333333333,0.3333333333333333,0.16666666666666666,0.3333333333333333,0.16666666666666666,0.0,6,0,0,1,5,-6.358947039999999,39.49486364,1,0,0,0,0,0,0,0,0,5.0
KUSINI,2022,21,5,0.4,0.4,0.0,0.4,0.4,0.0,0.0,4,0,1,1,3,-6.2759585,39.4882954,1,0,0,0,2,0,0,0,0,5.0
KUSINI,2022,22,4,0.5,0.5,0.0,0.0,0.75,0.0,0.25,4,0,0,1,3,-6.28941745,39.515190275,0,0,0,1,0,0,1,1,0,5.0
KUSINI,2022,23,5,0.4,0.6,0.0,0.0,0.6,0.4,0.0,5,0,0,0,5,-6.3470305,39.5373357,0,0,0,0,1,0,0,0,0,6.0
KUSINI,2022,24,11,0.8181818181818182,0.09090909090909091,0.0,0.09090909090909091,0.6363636363636364,0.09090909090909091,0.09090909090909091,10,0,1,2,8,-6.3227904299999995,39.52173295,0,0,0,2,3,0,0,0,0,6.0
KUSINI,2022,25,4,0.5,0.5,0.0,0.0,0.75,0.25,0.0,4,0,0,1,3,-6.242603266666666,39.39739456666667,0,0,0,0,0,0,0,0,0,6.0
KUSINI,2022,26,4,0.75,0.25,0.0,0.5,0.25,0.25,0.0,4,0,0,2,2,-6.222308699999999,39.2915229,1,0,0,0,0,0,0,0,0,6.0
KUSINI,2022,27,16,0.3125,0.3125,0.0,0.125,0.1875,0.1875,0.125,15,0,1,0,15,-6.34119285,39.4691856875,1,0,0,0,1,1,2,0,0,7.0
KUSINI,2022,28,12,0.25,0.5,0.16666666666666666,0.25,0.08333333333333333,0.08333333333333333,0.16666666666666666,10,0,2,0,9,-6.256069288888889,39.47959233333333,1,0,0,0,0,0,0,1,0,7.0
KUSINI,2022,29,1,1.0,0.0,0.0,0.0,0.0,1.0,0.0,1,0,0,0,1,-6.2642898,39.533252,0,0,0,0,0,0,0,0,0,7.0
KUSINI,2022,30,4,1.0,0.0,0.0,0.0,0.75,0.0,0.25,3,0,1,0,3,-6.32060195,39.478987475,0,0,0,0,2,0,0,0,0,7.0
KUSINI,2022,31,7,0.7142857142857143,0.2857142857142857,0.0,0.14285714285714285,0.7142857142857143,0.14285714285714285,0.0,7,0,0,0,7,-6.287946542857142,39.50926088571429,1,0,0,0,1,0,0,0,0,7.0
KUSINI,2022,32,9,0.7777777777777778,0.2222222222222222,0.0,0.1111111111111111,0.6666666666666666,0.1111111111111111,0.1111111111111111,9,0,0,0,8,-6.258281025,39.520216675,1,0,0,0,0,0,0,1,0,8.0
KUSINI,2022,33,6,0.5,0.5,0.0,0.5,0.3333333333333333,0.16666666666666666,0.0,5,0,1,0,4,-6.203489725,39.27822005,0,0,0,0,1,2,0,0,0,8.0
KUSINI,2022,34,2,1.0,0.0,0.0,0.0,1.0,0.0,0.0,2,0,0,0,2,-6.2381230500000004,39.5324457,0,0,0,0,1,0,0,0,0,8.0
KUSINI,2022,35,2,1.0,0.0,0.5,0.0,0.5,0.0,0.0,2,0,0,0,2,-6.2755142,39.430239400000005,0,0,0,0,1,0,0,0,0,8.0
KUSINI,2022,36,6,0.8333333333333334,0.16666666666666666,0.3333333333333333,0.0,0.5,0.16666666666666666,0.0,6,0,0,0,6,-6.32673832,39.47900702,0,0,0,0,1,0,0,0,0,8.0
KUSINI,2022,37,3,0.6666666666666666,0.3333333333333333,0.0,0.0,0.6666666666666666,0.3333333333333333,0.0,3,0,0,0,3,-6.333657433333333,39.4880023,0,0,0,0,1,0,0,0,0,9.0
KUSINI,2022,38,5,0.6,0.4,0.0,0.4,0.6,0.0,0.0,5,0,0,0,5,-6.281420349999999,39.45958895,0,0,0,0,0,0,0,0,0,9.0
KUSINI,2022,39,1,1.0,0.0,1.0,0.0,0.0,0.0,0.0,1,0,0,0,1,,,0,0,0,0,0,0,0,0,0,9.0
KUSINI,2022,40,4,1.0,0.0,0.25,0.25,0.25,0.0,0.25,4,0,0,0,4,-6.225834300000001,39.378942249999994,0,0,0,0,0,0,0,0,0,9.0
KUSINI,2022,41,3,0.6666666666666666,0.3333333333333333,0.3333333333333333,0.0,0.0,0.3333333333333333,0.3333333333333333,3,0,0,0,3,-6.2742495,39.34817556666667,0,0,0,0,0,0,1,0,0,10.0
KUSINI,2022,42,2,1.0,0.0,0.0,0.0,1.0,0.0,0.0,2,0,0,0,2,-6.2641932,39.5332211,0,0,0,0,0,0,0,0,0,10.0
KUSINI,2022,43,6,0.3333333333333333,0.6666666666666666,0.16666666666666666,0.0,0.5,0.3333333333333333,0.0,5,0,1,0,3,-6.19057385,39.4578919,0,0,0,0,0,0,0,0,0,10.0
KUSINI,2022,44,3,0.3333333333333333,0.6666666666666666,0.0,0.3333333333333333,0.6666666666666666,0.0,0.0,3,0,0,0,1,-6.1944375,39.5350389,0,0,0,0,0,0,0,0,0,10.0
KUSINI,2022,45,2,0.0,1.0,0.5,0.5,0.0,0.0,0.0,2,0,0,0,2,-6.2820849,39.4343889,1,0,0,0,0,0,0,0,0,11.0
KUSINI,2022,46,4,0.25,0.75,0.0,0.0,0.25,0.75,0.0,4,0,0,0,3,-6.326646333333334,39.51421476666667,0,0,0,0,0,0,1,0,0,11.0
KUSINI,2022,47,2,0.5,0.5,0.5,0.0,0.5,0.0,0.0,2,0,0,0,2,-6.2781711,39.4617602,0,0,0,0,0,0,0,1,0,11.0
KUSINI,2022,48,3,1.0,0.0,0.3333333333333333,0.0,0.6666666666666666,0.0,0.0,3,0,0,0,2,-6.341500099999999,39.50870665,0,0,0,0,2,0,0,0,0,11.0
KUSINI,2022,49,3,1.0,0.0,0.0,0.3333333333333333,0.3333333333333333,0.0,0.3333333333333333,3,0,0,0,3,-6.2866802,39.5206822,0,0,0,0,1,0,0,0,0,11.0
KUSINI,2022,50,3,0.3333333333333333,0.6666666666666666,0.0,0.3333333333333333,0.6666666666666666,0.0,0.0,3,0,0,0,3,-6.3942689999999995,39.4621915,0,0,0,0,0,0,0,1,0,12.0
KUSINI,2022,51,7,0.7142857142857143,0.2857142857142857,0.0,0.14285714285714285,0.8571428571428571,0.0,0.0,6,0,1,0,5,-6.3141119833333335,39.48967793333333,0,0,0,0,3,0,0,0,0,12.0
KUSINI,2022,52,9,0.5555555555555556,0.4444444444444444,0.1111111111111111,0.1111111111111111,0.5555555555555556,0.1111111111111111,0.1111111111111111,8,0,1,0,8,-6.3794650625,39.433219825,1,0,0,1,1,0,0,0,0,12.0
KUSINI,2023,1,7,0.42857142857142855,0.5714285714285714,0.0,0.2857142857142857,0.42857142857142855,0.2857142857142857,0.0,7,0,0,0,7,-6.2551898,39.465566233333334,1,1,0,0,0,0,0,0,0,1.0
KUSINI,2023,2,22,0.5909090909090909,0.4090909090909091,0.13636363636363635,0.09090909090909091,0.5,0.2727272727272727,0.0,21,0,1,0,20,-6.364003784210527,39.465443489473685,1,0,0,1,1,0,1,0,0,1.0
KUSINI,2023,3,12,0.6666666666666666,0.3333333333333333,0.0,0.25,0.16666666666666666,0.3333333333333333,0.25,12,0,0,0,11,-6.341204718181817,39.45626074545454,2,0,0,2,1,0,0,1,0,1.0
KUSINI,2023,4,17,0.5882352941176471,0.4117647058823529,0.11764705882352941,0.058823529411764705,0.35294117647058826,0.35294117647058826,0.11764705882352941,15,0,2,0,13,-6.324695613333334,39.48897667333333,2,0,0,1,2,0,2,1,0,1.0
KUSINI,2023,5,9,0.6666666666666666,0.3333333333333333,0.4444444444444444,0.0,0.1111111111111111,0.4444444444444444,0.0,9,0,0,2,7,-6.3199222285714285,39.440034028571425,0,0,0,0,2,0,0,0,0,1.0
KUSINI,2023,6,6,0.8333333333333334,0.16666666666666666,0.0,0.16666666666666666,0.6666666666666666,0.0,0.16666666666666666,6,0,0,1,5,-6.35799778,39.48210176,1,0,0,0,3,0,0,0,0,2.0
KUSINI,2023,7,30,0.7,0.3,0.06666666666666667,0.0,0.5,0.26666666666666666,0.16666666666666666,30,0,0,1,24,-6.3309077,39.494675052,1,0,0,5,3,1,1,1,0,2.0
KUSINI,2023,8,46,0.8695652173913043,0.13043478260869565,0.021739130434782608,0.0,0.6739130434782609,0.2608695652173913,0.043478260869565216,45,0,1,2,29,-6.279136824137931,39.462585962068964,0,0,0,4,1,0,0,1,0,2.0
KUSINI,2023,9,24,0.8333333333333334,0.16666666666666666,0.08333333333333333,0.08333333333333333,0.5416666666666666,0.25,0.041666666666666664,22,0,2,1,12,-6.292201733333333,39.39896534,2,0,0,7,0,0,0,0,0,2.0
KUSINI,2023,10,11,0.9090909090909091,0.09090909090909091,0.0,0.09090909090909091,0.8181818181818182,0.09090909090909091,0.0,10,0,1,0,8,-6.2962196125,39.374530025,0,0,0,1,1,1,0,0,0,3.0
KUSINI,2023,11,5,0.6,0.4,0.2,0.0,0.6,0.0,0.2,5,0,0,0,5,-6.284345833333333,39.43588806666667,0,0,0,0,0,0,0,0,0,3.0
KUSINI,2023,12,6,0.8333333333333334,0.16666666666666666,0.0,0.0,1.0,0.0,0.0,6,0,0,0,2,-6.2308597500000005,39.4745658,0,0,0,0,0,0,0,0,0,3.0
KUSINI,2023,13,9,0.7777777777777778,0.2222222222222222,0.1111111111111111,0.0,0.5555555555555556,0.3333333333333333,0.0,9,0,0,1,8,-6.318129044444444,39.48311337777778,0,0,0,1,0,1,1,0,0,3.0
KUSINI,2023,14,7,0.7142857142857143,0.2857142857142857,0.0,0.14285714285714285,0.7142857142857143,0.14285714285714285,0.0,7,0,0,0,6,-6.3676396749999995,39.47815405,0,0,0,0,0,0,3,0,0,4.0
KUSINI,2023,15,14,0.5,0.5,0.0,0.0,0.7142857142857143,0.14285714285714285,0.14285714285714285,11,0,3,0,11,-6.344189392307692,39.494483807692305,0,0,0,0,1,1,3,2,0,4.0
KUSINI,2023,16,9,0.5555555555555556,0.4444444444444444,0.2222222222222222,0.2222222222222222,0.4444444444444444,0.1111111111111111,0.0,9,0,0,0,7,-6.2829745,39.36621422857143,0,0,0,0,1,0,0,0,0,4.0
KUSINI,2023,17,12,0.8333333333333334,0.16666666666666666,0.0,0.0,0.6666666666666666,0.08333333333333333,0.25,12,0,0,0,12,-6.2964117,39.41159961,0,0,0,3,1,0,3,0,0,4.0
KUSINI,2023,18,20,0.75,0.25,0.0,0.05,0.8,0.1,0.05,19,0,1,0,19,-6.383293985,39.445783775,1,0,0,1,3,1,9,2,0,5.0
KUSINI,2023,19,23,0.782608695652174,0.21739130434782608,0.0,0.08695652173913043,0.6086956521739131,0.21739130434782608,0.08695652173913043,20,0,3,0,18,-6.36116857,39.44774433,3,0,0,1,2,1,5,1,0,5.0
KUSINI,2023,20,12,0.75,0.25,0.16666666666666666,0.0,0.6666666666666666,0.08333333333333333,0.08333333333333333,11,0,1,0,11,-6.275891016666667,39.50932579166667,1,0,0,0,3,0,0,1,0,5.0
KUSINI,2023,21,16,0.9375,0.0625,0.0,0.1875,0.5625,0.1875,0.0625,16,0,0,0,15,-6.2626286533333335,39.486212619999996,0,0,0,0,0,0,3,0,0,5.0
KUSINI,2023,22,34,0.6470588235294118,0.3235294117647059,0.029411764705882353,0.08823529411764706,0.47058823529411764,0.3235294117647059,0.058823529411764705,31,1,3,2,27,-6.2572408625,39.429550884375,2,0,0,1,1,0,2,1,0,5.0
KUSINI,2023,23,60,0.8166666666666667,0.16666666666666666,0.016666666666666666,0.1,0.55,0.26666666666666666,0.05,58,0,2,2,51,-6.296449112,39.453418348,5,0,0,9,3,1,4,1,0,6.0
KUSINI,2023,24,68,0.6617647058823529,0.3382352941176471,0.07352941176470588,0.1323529411764706,0.5294117647058824,0.14705882352941177,0.11764705882352941,65,0,3,0,58,-6.267427622807018,39.46922070877193,6,0,0,5,2,3,1,2,0,6.0
KUSINI,2023,25,48,0.7916666666666666,0.16666666666666666,0.041666666666666664,0.041666666666666664,0.6041666666666666,0.25,0.020833333333333332,48,0,0,0,46,-6.278139955,39.47763294,2,0,0,3,2,0,3,1,0,6.0
KUSINI,2023,26,22,0.7727272727272727,0.22727272727272727,0.045454545454545456,0.18181818181818182,0.6818181818181818,0.09090909090909091,0.0,22,0,0,0,21,-6.291306083333334,39.406049244444446,4,0,0,0,3,0,3,0,0,6.0
KUSINI,2023,27,21,0.7619047619047619,0.19047619047619047,0.047619047619047616,0.047619047619047616,0.3333333333333333,0.2857142857142857,0.23809523809523808,21,0,0,0,20,-6.241600557142857,39.44781928571428,0,0,0,1,1,1,0,1,0,7.0
KUSINI,2023,28,15,0.6,0.3333333333333333,0.0,0.13333333333333333,0.5333333333333333,0.13333333333333333,0.13333333333333333,15,0,0,1,14,-6.319639221428572,39.46825795,3,0,0,2,2,0,2,2,0,7.0
KUSINI,2023,29,14,0.8571428571428571,0.14285714285714285,0.07142857142857142,0.0,0.7142857142857143,0.14285714285714285,0.07142857142857142,14,0,0,0,14,-6.24221391,39.4277313,1,0,0,0,0,0,1,0,0,7.0
KUSINI,2023,30,19,0.631578947368421,0.3684210526315789,0.05263157894736842,0.0,0.7368421052631579,0.15789473684210525,0.05263157894736842,19,0,0,0,19,-6.310624284210526,39.4166126,0,0,0,2,9,0,4,0,0,7.0
KUSINI,2023,31,16,0.4375,0.5625,0.1875,0.25,0.5,0.0625,0.0,14,0,2,0,13,-6.249184655555556,39.36358722222222,2,0,0,0,5,0,0,0,0,8.0
KUSINI,2023,32,16,0.75,0.25,0.1875,0.1875,0.25,0.3125,0.0625,13,0,3,0,12,-6.307394528571429,39.481063764285715,3,0,0,0,1,1,2,0,0,8.0
KUSINI,2023,33,13,0.7692307692307693,0.23076923076923078,0.07692307692307693,0.15384615384615385,0.5384615384615384,0.23076923076923078,0.0,12,0,1,0,12,-6.2527697,39.35844622,2,0,0,0,1,0,0,1,0,8.0
KUSINI,2023,34,12,0.6666666666666666,0.3333333333333333,0.08333333333333333,0.3333333333333333,0.3333333333333333,0.08333333333333333,0.16666666666666666,12,0,0,0,12,-6.19496777,39.27900626,2,0,0,2,3,0,0,0,0,8.0
KUSINI,2023,35,7,0.7142857142857143,0.2857142857142857,0.0,0.0,0.8571428571428571,0.14285714285714285,0.0,7,0,0,0,7,-6.276168625,39.522409575,0,0,0,2,0,0,1,1,0,8.0
KUSINI,2023,36,7,0.8571428571428571,0.14285714285714285,0.0,0.14285714285714285,0.42857142857142855,0.42857142857142855,0.0,7,0,0,0,6,-6.232124416666667,39.380541216666664,0,0,0,2,0,0,0,0,0,9.0
KUSINI,2023,37,8,0.75,0.25,0.0,0.125,0.375,0.5,0.0,8,0,0,0,6,-6.1938865,39.37501155,0,1,0,0,2,0,0,0,0,9.0
KUSINI,2023,38,1,0.0,1.0,0.0,0.0,1.0,0.0,0.0,1,0,0,0,1,-6.2826115,39.4344394,0,0,0,0,0,0,0,0,0,9.0
KUSINI,2023,39,6,0.6666666666666666,0.3333333333333333,0.16666666666666666,0.16666666666666666,0.0,0.6666666666666666,0.0,6,0,0,0,6,-6.240318483333334,39.40785068333333,2,0,0,0,1,0,0,0,0,9.0
KUSINI,2023,40,2,0.5,0.5,0.0,0.0,1.0,0.0,0.0,2,0,0,0,2,-6.20491145,39.5153966,0,0,0,0,0,0,0,0,0,10.0
KUSINI,2023,41,14,0.6428571428571429,0.35714285714285715,0.0,0.07142857142857142,0.42857142857142855,0.42857142857142855,0.07142857142857142,14,0,0,0,14,-6.3264399,39.44460706363636,1,0,0,0,1,1,0,0,0,10.0
KUSINI,2023,42,4,0.5,0.5,0.0,0.25,0.5,0.0,0.25,4,0,0,0,4,-6.2616892,39.4771117,0,0,0,0,0,1,0,0,0,10.0
KUSINI,2023,43,11,0.45454545454545453,0.5454545454545454,0.45454545454545453,0.0,0.45454545454545453,0.09090909090909091,0.0,10,0,1,0,9,-6.256697000000001,39.43574337142858,1,0,0,0,4,0,0,0,0,10.0
KUSINI,2023,44,8,0.375,0.625,0.0,0.0,0.875,0.125,0.0,8,0,0,0,8,-6.17792534,39.4111451,0,0,0,0,1,0,0,0,0,11.0
KUSINI,2023,45,8,0.875,0.125,0.125,0.0,0.5,0.375,0.0,8,0,0,0,8,-6.2217346,39.331055475,0,0,0,0,2,0,0,0,0,11.0
KUSINI,2023,46,7,0.7142857142857143,0.2857142857142857,0.0,0.14285714285714285,0.8571428571428571,0.0,0.0,7,0,0,0,6,-6.29268242,39.47710634,1,0,0,0,2,0,0,0,0,11.0
KUSINI,2023,47,11,0.9090909090909091,0.09090909090909091,0.2727272727272727,0.0,0.5454545454545454,0.18181818181818182,0.0,11,0,0,0,10,-6.24095477,39.40094939,0,0,0,1,1,0,0,0,0,11.0
KUSINI,2023,48,13,0.8461538461538461,0.15384615384615385,0.0,0.07692307692307693,0.7692307692307693,0.07692307692307693,0.07692307692307693,13,0,0,0,12,-6.24532674,39.4594197,0,0,0,1,1,1,2,0,0,11.0
KUSINI,2023,49,17,0.8235294117647058,0.17647058823529413,0.0,0.11764705882352941,0.6470588235294118,0.17647058823529413,0.058823529411764705,15,0,2,1,10,-6.262253890909091,39.50476439090909,1,0,0,1,7,0,2,0,0,12.0
KUSINI,2023,50,25,0.6,0.4,0.16,0.08,0.52,0.12,0.12,24,0,1,0,18,-6.298093416666666,39.513500677777785,3,0,0,1,2,1,4,4,0,12.0
KUSINI,2023,51,36,0.7777777777777778,0.2222222222222222,0.027777777777777776,0.19444444444444445,0.3888888888888889,0.3055555555555556,0.08333333333333333,34,0,2,0,27,-6.319007676190476,39.499381290476194,3,0,0,3,1,0,3,2,0,12.0
KUSINI,2023,52,57,0.7719298245614035,0.21052631578947367,0.03508771929824561,0.08771929824561403,0.3333333333333333,0.2807017543859649,0.24561403508771928,54,0,3,1,38,-6.345860204166667,39.450085916666666,4,0,0,6,3,0,2,2,0,12.0
MAGHARIBI B,2018,1,38,0.21052631578947367,0.23684210526315788,0.02631578947368421,0.07894736842105263,0.23684210526315788,0.07894736842105263,0.02631578947368421,38,0,0,19,18,-6.1841113,39.22535216,0,0,0,0,0,0,0,0,0,1.0
MAGHARIBI B,2018,2,28,0.32142857142857145,0.32142857142857145,0.07142857142857142,0.14285714285714285,0.21428571428571427,0.17857142857142858,0.03571428571428571,28,0,0,18,9,-6.183285155555556,39.22552944444445,0,0,0,0,0,0,0,0,0,1.0
MAGHARIBI B,2018,3,33,0.21212121212121213,0.06060606060606061,0.030303030303030304,0.06060606060606061,0.06060606060606061,0.12121212121212122,0.0,33,0,0,11,20,-6.194020366666667,39.22723145,0,0,0,0,0,0,0,0,0,1.0
MAGHARIBI B,2018,4,20,0.25,0.25,0.0,0.2,0.25,0.0,0.05,20,0,0,8,7,-6.180091925,39.231591,0,0,0,0,0,0,0,0,0,1.0
MAGHARIBI B,2018,5,19,0.3157894736842105,0.3157894736842105,0.05263157894736842,0.0,0.42105263157894735,0.05263157894736842,0.10526315789473684,19,0,0,10,6,-6.186962325,39.2257264875,0,0,0,0,0,0,0,0,0,1.0
MAGHARIBI B,2018,6,17,0.23529411764705882,0.23529411764705882,0.058823529411764705,0.058823529411764705,0.29411764705882354,0.058823529411764705,0.0,17,0,0,7,8,-6.1962357,39.23539055,0,0,0,0,0,0,0,0,0,2.0
MAGHARIBI B,2018,7,10,0.1,0.5,0.1,0.1,0.2,0.2,0.0,10,0,0,5,3,-6.18228095,39.24845765,0,0,0,0,0,0,0,0,0,2.0
MAGHARIBI B,2018,8,11,0.2727272727272727,0.2727272727272727,0.09090909090909091,0.09090909090909091,0.18181818181818182,0.09090909090909091,0.09090909090909091,11,0,0,3,7,-6.209827066666667,39.23146023333334,0,0,0,0,0,0,0,0,0,2.0
MAGHARIBI B,2018,9,14,0.2857142857142857,0.35714285714285715,0.14285714285714285,0.14285714285714285,0.21428571428571427,0.07142857142857142,0.07142857142857142,14,0,0,5,9,-6.178379275,39.2224018375,0,0,0,0,0,0,0,0,0,3.0
MAGHARIBI B,2018,10,16,0.25,0.4375,0.1875,0.0625,0.25,0.0625,0.125,15,0,1,4,11,-5.663907542857143,38.32723322857142,0,0,0,0,0,0,0,0,0,3.0
MAGHARIBI B,2018,11,10,0.6,0.2,0.0,0.0,0.4,0.1,0.3,10,0,0,5,4,-6.1836416000000005,39.228871871428574,0,0,0,0,0,0,0,0,0,3.0
MAGHARIBI B,2018,12,10,0.4,0.2,0.1,0.1,0.3,0.0,0.1,10,0,0,2,8,-6.161083425,39.2334743,0,0,0,0,0,0,0,0,0,3.0
MAGHARIBI B,2018,13,6,0.5,0.5,0.0,0.3333333333333333,0.3333333333333333,0.3333333333333333,0.0,6,0,0,4,1,-6.189605433333334,39.22280583333333,0,0,0,0,0,0,0,0,0,3.0
MAGHARIBI B,2018,14,8,0.25,0.375,0.0,0.25,0.25,0.125,0.0,8,0,0,5,1,-6.163971460000001,39.23388158,0,0,0,0,0,0,0,0,0,4.0
MAGHARIBI B,2018,15,17,0.23529411764705882,0.5294117647058824,0.0,0.11764705882352941,0.4117647058823529,0.17647058823529413,0.058823529411764705,17,0,0,4,12,-6.185594676923078,39.240564430769226,0,0,0,0,0,0,0,0,0,4.0
MAGHARIBI B,2018,16,11,0.2727272727272727,0.36363636363636365,0.09090909090909091,0.18181818181818182,0.09090909090909091,0.2727272727272727,0.0,11,0,0,5,4,-6.19594305,39.23519345,0,0,0,0,0,0,0,0,0,4.0
MAGHARIBI B,2018,17,16,0.625,0.0625,0.1875,0.0,0.1875,0.3125,0.0,15,0,1,8,5,-6.187520190909091,39.230357645454546,0,0,0,0,0,0,0,0,0,4.0
MAGHARIBI B,2018,18,11,0.5454545454545454,0.09090909090909091,0.0,0.18181818181818182,0.2727272727272727,0.18181818181818182,0.0,10,0,1,5,4,-6.173350014285715,39.240193757142855,0,0,0,0,0,0,0,0,0,5.0
MAGHARIBI B,2018,19,20,0.45,0.35,0.05,0.0,0.3,0.3,0.15,20,0,0,9,10,-6.193825846666667,39.24654071333334,0,0,0,0,0,0,0,0,0,5.0
MAGHARIBI B,2018,20,17,0.5294117647058824,0.058823529411764705,0.11764705882352941,0.11764705882352941,0.17647058823529413,0.11764705882352941,0.058823529411764705,17,0,0,9,8,-6.1846821,39.2397300125,0,0,0,0,0,0,0,0,0,5.0
MAGHARIBI B,2018,21,22,0.2727272727272727,0.3181818181818182,0.13636363636363635,0.045454545454545456,0.3181818181818182,0.045454545454545456,0.045454545454545456,22,0,0,9,13,-6.173434715384616,39.229824276923075,0,0,0,0,0,0,0,0,0,5.0
MAGHARIBI B,2018,22,17,0.5294117647058824,0.17647058823529413,0.11764705882352941,0.17647058823529413,0.23529411764705882,0.11764705882352941,0.058823529411764705,17,0,0,5,11,-6.172361916666667,39.24743169166667,0,0,0,0,0,0,0,0,0,5.0
MAGHARIBI B,2018,23,18,0.3333333333333333,0.2222222222222222,0.05555555555555555,0.1111111111111111,0.2222222222222222,0.1111111111111111,0.05555555555555555,17,0,1,7,7,-6.183252475,39.2240501,0,0,0,0,0,0,0,0,0,6.0
MAGHARIBI B,2018,24,22,0.18181818181818182,0.22727272727272727,0.045454545454545456,0.0,0.18181818181818182,0.13636363636363635,0.045454545454545456,19,0,3,12,6,-6.187633928571429,39.24310734285715,0,0,0,0,0,0,0,0,0,6.0
MAGHARIBI B,2018,25,33,0.12121212121212122,0.09090909090909091,0.0,0.030303030303030304,0.09090909090909091,0.030303030303030304,0.06060606060606061,31,0,2,14,14,-6.1438081,39.23590705,0,0,0,0,0,0,0,0,0,6.0
MAGHARIBI B,2018,26,41,0.1951219512195122,0.024390243902439025,0.04878048780487805,0.0975609756097561,0.04878048780487805,0.024390243902439025,0.0,41,0,0,11,26,-6.200372133333333,39.25345766666667,0,0,0,0,0,0,0,0,0,6.0
MAGHARIBI B,2018,27,30,0.3,0.13333333333333333,0.06666666666666667,0.16666666666666666,0.2,0.0,0.0,28,0,2,14,12,-6.20042647,39.254712309999995,0,0,0,0,0,0,0,0,0,7.0
MAGHARIBI B,2018,28,32,0.0625,0.09375,0.0,0.03125,0.0625,0.03125,0.03125,32,0,0,14,14,-6.1866253,39.23391652,0,0,0,0,0,0,0,0,0,7.0
MAGHARIBI B,2018,29,21,0.14285714285714285,0.14285714285714285,0.047619047619047616,0.0,0.14285714285714285,0.047619047619047616,0.047619047619047616,20,0,1,5,12,-6.174096733333333,39.22349246666666,0,0,0,0,0,0,0,0,0,7.0
MAGHARIBI B,2018,30,17,0.11764705882352941,0.0,0.0,0.0,0.058823529411764705,0.058823529411764705,0.0,16,0,1,5,9,-6.18585955,39.2665087,0,0,0,0,0,0,0,0,0,7.0
MAGHARIBI B,2018,31,23,0.043478260869565216,0.043478260869565216,0.0,0.0,0.08695652173913043,0.0,0.0,23,0,0,9,12,-6.18307935,39.2242356,0,0,0,0,0,0,0,0,0,8.0
MAGHARIBI B,2018,32,26,0.038461538461538464,0.11538461538461539,0.0,0.038461538461538464,0.11538461538461539,0.0,0.0,26,0,0,10,14,-6.207095033333334,39.22602186666666,0,0,0,0,0,0,0,0,0,8.0
MAGHARIBI B,2018,33,11,0.18181818181818182,0.09090909090909091,0.09090909090909091,0.0,0.18181818181818182,0.0,0.0,11,0,0,4,5,-6.178816,39.24392460000001,0,0,0,0,0,0,0,0,0,8.0
MAGHARIBI B,2018,34,7,0.0,0.14285714285714285,0.0,0.0,0.0,0.14285714285714285,0.0,7,0,0,4,3,-6.159434,39.2260636,0,0,0,0,0,0,0,0,0,8.0
MAGHARIBI B,2018,35,21,0.14285714285714285,0.14285714285714285,0.14285714285714285,0.047619047619047616,0.09523809523809523,0.0,0.0,20,0,1,10,9,-6.13712162,39.2441047,0,0,0,0,0,0,0,0,0,8.0
MAGHARIBI B,2018,36,7,0.0,0.14285714285714285,0.14285714285714285,0.0,0.0,0.0,0.0,7,0,0,2,4,,,0,0,0,0,0,0,0,0,0,9.0
MAGHARIBI B,2018,37,10,0.1,0.2,0.0,0.0,0.2,0.1,0.0,10,0,0,6,4,-6.203491,39.24192685,0,0,0,0,0,0,0,0,0,9.0
MAGHARIBI B,2018,38,14,0.14285714285714285,0.0,0.0,0.0,0.0,0.14285714285714285,0.0,14,0,0,9,5,-6.198692,39.2825601,0,0,0,0,0,0,0,0,0,9.0
MAGHARIBI B,2018,39,14,0.07142857142857142,0.07142857142857142,0.0,0.07142857142857142,0.0,0.07142857142857142,0.0,14,0,0,7,4,,,0,0,0,0,0,0,0,0,0,9.0
MAGHARIBI B,2018,40,18,0.0,0.1111111111111111,0.0,0.05555555555555555,0.0,0.05555555555555555,0.0,18,0,0,5,12,-6.1794028,39.234975649999996,0,0,0,0,0,0,0,0,0,10.0
MAGHARIBI B,2018,41,12,0.25,0.0,0.08333333333333333,0.0,0.08333333333333333,0.0,0.08333333333333333,12,0,0,7,5,-6.1714575499999995,39.22023085,0,0,0,0,0,0,0,0,0,10.0
MAGHARIBI B,2018,42,9,0.0,0.5555555555555556,0.2222222222222222,0.0,0.1111111111111111,0.2222222222222222,0.0,9,0,0,6,1,-6.18800036,39.26493482,0,0,0,0,0,0,0,0,0,10.0
MAGHARIBI B,2018,43,6,0.3333333333333333,0.16666666666666666,0.16666666666666666,0.0,0.16666666666666666,0.16666666666666666,0.0,6,0,0,4,1,-6.1819656,39.2654512,0,0,0,0,0,0,0,0,0,10.0
MAGHARIBI B,2018,44,20,0.25,0.2,0.0,0.05,0.25,0.15,0.0,17,0,3,13,2,-6.182416857142857,39.25329274285714,0,0,0,0,0,0,0,0,0,10.0
MAGHARIBI B,2018,45,13,0.15384615384615385,0.07692307692307693,0.0,0.0,0.07692307692307693,0.15384615384615385,0.0,13,0,0,8,4,-6.1654452,39.2104311,0,0,0,0,0,0,0,0,0,11.0
MAGHARIBI B,2018,46,16,0.3125,0.125,0.0,0.0625,0.125,0.1875,0.0625,16,0,0,6,9,-6.3114569,39.2745859,0,0,0,0,0,0,0,0,0,11.0
MAGHARIBI B,2018,47,17,0.4117647058823529,0.23529411764705882,0.17647058823529413,0.0,0.35294117647058826,0.11764705882352941,0.0,16,0,1,7,7,-6.169538442857143,39.22192327142857,0,0,0,0,0,0,0,0,0,11.0
MAGHARIBI B,2018,48,9,0.3333333333333333,0.3333333333333333,0.0,0.0,0.3333333333333333,0.2222222222222222,0.1111111111111111,8,0,1,5,3,-6.1672528,39.24507512,0,0,0,0,0,0,0,0,0,11.0
MAGHARIBI B,2018,49,11,0.36363636363636365,0.36363636363636365,0.09090909090909091,0.09090909090909091,0.09090909090909091,0.09090909090909091,0.36363636363636365,11,0,0,3,7,-6.19461745,39.22600775,0,0,0,0,0,0,0,0,0,12.0
MAGHARIBI B,2018,50,15,0.6666666666666666,0.2,0.06666666666666667,0.4,0.4,0.0,0.0,13,0,2,7,5,-6.2038953800000005,39.245227670000006,0,0,0,0,0,0,0,0,0,12.0
MAGHARIBI B,2018,51,14,0.21428571428571427,0.14285714285714285,0.0,0.07142857142857142,0.07142857142857142,0.21428571428571427,0.0,12,0,2,7,2,-6.2012766500000005,39.242886,0,0,0,0,0,0,0,0,0,12.0
MAGHARIBI B,2018,52,12,0.3333333333333333,0.25,0.0,0.08333333333333333,0.4166666666666667,0.08333333333333333,0.0,12,0,0,4,8,-6.164212,39.21599905,0,0,0,0,0,0,0,0,0,12.0
MAGHARIBI B,2019,1,13,0.6153846153846154,0.3076923076923077,0.0,0.23076923076923078,0.5384615384615384,0.0,0.15384615384615385,9,0,4,7,1,-6.152817916666667,39.224786099999996,0,0,0,0,0,0,0,0,0,1.0
MAGHARIBI B,2019,2,21,0.6190476190476191,0.3333333333333333,0.19047619047619047,0.09523809523809523,0.38095238095238093,0.23809523809523808,0.047619047619047616,19,0,2,9,10,-6.18917654,39.23230199333333,0,0,0,0,0,0,0,0,0,1.0
MAGHARIBI B,2019,3,22,0.3181818181818182,0.4090909090909091,0.0,0.13636363636363635,0.36363636363636365,0.18181818181818182,0.045454545454545456,22,0,0,16,6,-6.204345975,39.23477875,0,0,0,0,0,0,0,0,0,1.0
MAGHARIBI B,2019,4,20,0.4,0.45,0.05,0.1,0.3,0.35,0.05,18,0,2,9,9,-6.161253228571428,39.22267188571429,0,0,0,0,0,0,0,0,0,1.0
MAGHARIBI B,2019,5,15,0.4666666666666667,0.2,0.06666666666666667,0.0,0.4666666666666667,0.13333333333333333,0.0,15,0,0,3,10,-6.1875299,39.22350642857143,0,0,0,0,0,0,0,0,0,1.0
MAGHARIBI B,2019,6,21,0.6190476190476191,0.14285714285714285,0.14285714285714285,0.09523809523809523,0.3333333333333333,0.047619047619047616,0.14285714285714285,20,0,1,9,9,-6.202690625,39.23098099166666,0,0,0,0,0,0,0,0,0,2.0
MAGHARIBI B,2019,7,26,0.3076923076923077,0.34615384615384615,0.038461538461538464,0.11538461538461539,0.3076923076923077,0.11538461538461539,0.07692307692307693,23,0,3,7,16,-6.169740083333333,39.22268839166667,0,0,0,0,0,0,0,0,0,2.0
MAGHARIBI B,2019,8,15,0.3333333333333333,0.5333333333333333,0.26666666666666666,0.06666666666666667,0.4666666666666667,0.06666666666666667,0.0,13,0,2,7,5,-6.197427525,39.2299705,0,0,0,0,0,0,0,0,0,2.0
MAGHARIBI B,2019,9,9,0.3333333333333333,0.4444444444444444,0.2222222222222222,0.1111111111111111,0.2222222222222222,0.0,0.2222222222222222,9,0,0,2,7,-6.1878579,39.240457285714285,0,0,0,0,0,0,0,0,0,2.0
MAGHARIBI B,2019,10,9,0.4444444444444444,0.2222222222222222,0.1111111111111111,0.2222222222222222,0.0,0.1111111111111111,0.2222222222222222,8,0,1,4,2,-6.19890678,39.24849356,0,0,0,0,0,0,0,0,0,3.0
MAGHARIBI B,2019,11,13,0.46153846153846156,0.5384615384615384,0.07692307692307693,0.23076923076923078,0.38461538461538464,0.15384615384615385,0.15384615384615385,12,0,1,3,6,-6.178445,39.23986054444444,0,0,0,0,0,0,0,0,0,3.0
MAGHARIBI B,2019,12,7,0.2857142857142857,0.5714285714285714,0.14285714285714285,0.42857142857142855,0.14285714285714285,0.14285714285714285,0.0,7,0,0,2,4,-6.165182833333334,39.25201336666667,0,0,0,0,0,0,0,0,0,3.0
MAGHARIBI B,2019,13,10,0.5,0.4,0.2,0.1,0.3,0.3,0.0,9,0,1,5,4,-6.1862274,39.227439079999996,1,0,0,0,0,0,0,0,0,3.0
MAGHARIBI B,2019,14,5,0.6,0.2,0.0,0.0,0.6,0.0,0.2,5,0,0,5,0,-6.209800633333334,39.277334966666665,0,0,0,0,0,0,0,0,0,3.0
MAGHARIBI B,2019,15,15,0.4,0.26666666666666666,0.06666666666666667,0.06666666666666667,0.3333333333333333,0.13333333333333333,0.06666666666666667,15,0,0,10,5,-6.184997942857143,39.23448582857143,0,0,0,0,0,0,0,0,0,4.0
MAGHARIBI B,2019,16,12,0.5833333333333334,0.3333333333333333,0.0,0.08333333333333333,0.5833333333333334,0.25,0.0,12,0,0,7,4,-6.181087642857143,39.24345611428571,0,0,0,0,0,0,0,0,0,4.0
MAGHARIBI B,2019,17,19,0.7368421052631579,0.2631578947368421,0.05263157894736842,0.42105263157894735,0.2631578947368421,0.10526315789473684,0.15789473684210525,14,0,5,7,5,-6.194168727272728,39.25507125454545,0,0,0,0,0,0,0,0,0,4.0
MAGHARIBI B,2019,18,18,0.5,0.3888888888888889,0.05555555555555555,0.16666666666666666,0.3888888888888889,0.16666666666666666,0.1111111111111111,16,0,2,5,9,-6.19699245,39.236566683333336,0,0,0,0,0,0,0,0,0,5.0
MAGHARIBI B,2019,19,23,0.4782608695652174,0.43478260869565216,0.0,0.17391304347826086,0.5652173913043478,0.08695652173913043,0.08695652173913043,21,0,2,7,13,-6.217238955555555,39.247965433333334,0,0,0,0,0,0,0,0,0,5.0
MAGHARIBI B,2019,20,25,0.4,0.4,0.12,0.08,0.24,0.2,0.16,23,0,2,9,12,-6.202777861538461,39.237832623076926,0,0,0,0,0,0,0,0,0,5.0
MAGHARIBI B,2019,21,40,0.425,0.5,0.075,0.225,0.325,0.175,0.125,28,0,12,7,16,-6.200246129411765,39.23270193235294,0,0,0,0,0,0,0,0,0,5.0
MAGHARIBI B,2019,22,23,0.43478260869565216,0.43478260869565216,0.21739130434782608,0.13043478260869565,0.43478260869565216,0.043478260869565216,0.043478260869565216,21,0,2,7,14,-6.199430931578948,39.229981768421055,0,0,0,0,0,0,0,0,0,5.0
MAGHARIBI B,2019,23,21,0.47619047619047616,0.42857142857142855,0.09523809523809523,0.23809523809523808,0.2857142857142857,0.047619047619047616,0.23809523809523808,21,0,0,15,5,-6.1999985833333335,39.23772638333333,0,0,0,0,0,0,0,0,0,6.0
MAGHARIBI B,2019,24,36,0.4166666666666667,0.4444444444444444,0.16666666666666666,0.08333333333333333,0.5,0.08333333333333333,0.027777777777777776,34,0,2,16,17,-6.204532033333334,39.23437918148148,0,0,0,0,0,0,0,0,0,6.0
MAGHARIBI B,2019,25,27,0.5555555555555556,0.3333333333333333,0.037037037037037035,0.2222222222222222,0.37037037037037035,0.18518518518518517,0.07407407407407407,27,0,0,11,14,-6.177137675,39.231782075,0,0,0,0,0,0,0,0,0,6.0
MAGHARIBI B,2019,26,40,0.475,0.325,0.175,0.175,0.3,0.1,0.05,40,0,0,17,21,-6.210601004166667,39.237745249999996,1,0,0,0,0,1,0,0,0,6.0
MAGHARIBI B,2019,27,38,0.5526315789473685,0.15789473684210525,0.05263157894736842,0.02631578947368421,0.42105263157894735,0.15789473684210525,0.05263157894736842,37,0,1,11,23,-6.200864722727274,39.23037355909091,2,0,0,2,0,0,0,0,0,7.0
MAGHARIBI B,2019,28,46,0.45652173913043476,0.34782608695652173,0.06521739130434782,0.17391304347826086,0.3695652173913043,0.17391304347826086,0.043478260869565216,44,0,2,21,20,-6.20016959375,39.227970028125,4,0,0,0,0,0,0,0,0,7.0
MAGHARIBI B,2019,29,44,0.5227272727272727,0.45454545454545453,0.045454545454545456,0.22727272727272727,0.4772727272727273,0.1590909090909091,0.09090909090909091,41,0,3,15,24,-6.200104105714286,39.23401415714286,4,0,0,0,0,0,0,0,0,7.0
MAGHARIBI B,2019,30,40,0.4,0.425,0.075,0.1,0.4,0.2,0.05,39,0,1,13,20,-6.190583173333334,39.23296501,2,0,0,0,0,1,0,0,0,7.0
MAGHARIBI B,2019,31,33,0.5454545454545454,0.2727272727272727,0.12121212121212122,0.09090909090909091,0.30303030303030304,0.15151515151515152,0.15151515151515152,31,0,2,12,16,-6.177317788461538,39.23046016153846,1,1,0,0,0,2,0,0,0,7.0
MAGHARIBI B,2019,32,20,0.75,0.2,0.05,0.15,0.6,0.1,0.05,20,0,0,9,8,-6.202970161111111,39.24337571666667,1,0,0,1,0,0,0,0,0,8.0
MAGHARIBI B,2019,33,23,0.34782608695652173,0.4782608695652174,0.08695652173913043,0.08695652173913043,0.43478260869565216,0.17391304347826086,0.08695652173913043,22,0,1,11,7,-6.188261085,39.237985495,2,0,0,0,0,0,0,0,0,8.0
MAGHARIBI B,2019,34,24,0.5416666666666666,0.20833333333333334,0.08333333333333333,0.125,0.375,0.2916666666666667,0.041666666666666664,23,0,1,12,10,-6.210763777777777,39.248925605555556,1,0,0,0,0,0,0,0,0,8.0
MAGHARIBI B,2019,35,16,0.4375,0.3125,0.1875,0.125,0.5625,0.0625,0.0625,15,0,1,8,4,-6.193050245454546,39.2248727,0,0,0,1,0,0,0,0,0,8.0
MAGHARIBI B,2019,36,46,0.391304347826087,0.5652173913043478,0.13043478260869565,0.2391304347826087,0.2608695652173913,0.32608695652173914,0.043478260869565216,42,0,4,19,21,-6.189759988372092,39.23971775116279,14,0,0,1,0,0,0,0,0,9.0
MAGHARIBI B,2019,37,28,0.42857142857142855,0.4642857142857143,0.14285714285714285,0.17857142857142858,0.39285714285714285,0.21428571428571427,0.07142857142857142,27,0,1,12,15,-6.186991752380952,39.23769572380952,5,0,0,0,0,0,0,0,0,9.0
MAGHARIBI B,2019,38,15,0.5333333333333333,0.2,0.2,0.13333333333333333,0.4666666666666667,0.2,0.0,15,0,0,6,7,-6.1929210545454545,39.22762028181818,2,0,0,0,0,2,0,0,0,9.0
MAGHARIBI B,2019,39,16,0.5,0.375,0.125,0.0625,0.5,0.25,0.0625,15,0,1,5,9,-6.16637595,39.21989273333333,1,0,0,0,0,0,0,0,0,9.0
MAGHARIBI B,2019,40,13,0.15384615384615385,0.38461538461538464,0.46153846153846156,0.23076923076923078,0.3076923076923077,0.0,0.0,12,0,1,3,7,-6.228058333333333,39.23126498333333,0,0,0,0,0,0,0,0,0,10.0
MAGHARIBI B,2019,41,16,0.5,0.3125,0.0625,0.3125,0.1875,0.375,0.0625,16,0,0,5,11,-6.178613344444445,39.22556753333333,4,0,0,0,0,0,0,0,0,10.0
MAGHARIBI B,2019,42,12,0.5833333333333334,0.16666666666666666,0.0,0.25,0.3333333333333333,0.16666666666666666,0.25,9,0,3,7,2,-6.162417525,39.2243485125,4,0,0,0,0,0,0,0,0,10.0
MAGHARIBI B,2019,43,12,0.75,0.25,0.0,0.16666666666666666,0.5,0.25,0.08333333333333333,11,0,1,6,5,-6.185102741666667,39.22808808333333,3,0,0,2,0,0,0,0,0,10.0
MAGHARIBI B,2019,44,9,0.2222222222222222,0.6666666666666666,0.1111111111111111,0.0,0.5555555555555556,0.3333333333333333,0.0,8,0,1,1,7,-6.202515675,39.24420815,0,0,0,0,0,0,0,0,0,10.0
MAGHARIBI B,2019,45,20,0.5,0.5,0.3,0.05,0.4,0.25,0.0,19,1,1,4,13,-6.1940666375,39.2368362375,4,0,0,1,0,0,0,0,0,11.0
MAGHARIBI B,2019,46,18,0.7222222222222222,0.16666666666666666,0.05555555555555555,0.05555555555555555,0.5555555555555556,0.2222222222222222,0.1111111111111111,17,0,1,8,8,-6.175325299999999,39.22272941538461,1,0,0,2,0,0,0,0,0,11.0
MAGHARIBI B,2019,47,34,0.6470588235294118,0.20588235294117646,0.11764705882352941,0.11764705882352941,0.5882352941176471,0.058823529411764705,0.11764705882352941,32,0,2,12,15,-6.197854192592593,39.224274648148146,9,0,0,0,0,0,0,0,0,11.0
MAGHARIBI B,2019,48,60,0.5666666666666667,0.25,0.16666666666666666,0.16666666666666666,0.45,0.1,0.11666666666666667,58,0,2,24,29,-6.192126311363636,39.23006404318182,15,0,0,3,0,2,0,0,0,11.0
MAGHARIBI B,2019,49,53,0.3584905660377358,0.3018867924528302,0.1320754716981132,0.20754716981132076,0.41509433962264153,0.09433962264150944,0.1320754716981132,52,0,1,26,23,-6.196214224999999,39.22612650357143,10,0,0,3,0,0,0,0,0,12.0
MAGHARIBI B,2019,50,72,0.3333333333333333,0.18055555555555555,0.08333333333333333,0.18055555555555555,0.5277777777777778,0.16666666666666666,0.013888888888888888,72,0,0,25,47,-6.203657996774194,39.24545051935484,10,0,0,4,0,0,0,0,0,12.0
MAGHARIBI B,2019,51,97,0.32989690721649484,0.13402061855670103,0.07216494845360824,0.2268041237113402,0.422680412371134,0.10309278350515463,0.10309278350515463,97,0,0,42,52,-6.190903343243244,39.23120554324324,14,0,0,2,0,2,0,0,0,12.0
MAGHARIBI B,2019,52,90,0.4,0.1111111111111111,0.12222222222222222,0.14444444444444443,0.4222222222222222,0.2111111111111111,0.08888888888888889,90,0,0,31,51,-6.1764491914285715,39.2319478,14,0,0,0,0,1,0,0,0,12.0
MAGHARIBI B,2020,1,55,0.5636363636363636,0.2,0.07272727272727272,0.14545454545454545,0.5636363636363636,0.14545454545454545,0.05454545454545454,54,0,1,24,30,-6.194954191666667,39.234254952777775,12,1,0,1,0,1,0,0,0,1.0
MAGHARIBI B,2020,2,164,0.3475609756097561,0.20121951219512196,0.18902439024390244,0.16463414634146342,0.3353658536585366,0.25,0.036585365853658534,164,0,0,66,84,-6.18150301971831,39.23304062535211,25,0,0,3,0,2,0,0,0,1.0
MAGHARIBI B,2020,3,128,0.2578125,0.1484375,0.234375,0.1640625,0.3671875,0.1640625,0.0546875,128,0,0,43,78,-6.164879106976744,39.2275342744186,18,0,0,2,0,2,0,0,0,1.0
MAGHARIBI B,2020,4,97,0.4536082474226804,0.15463917525773196,0.1134020618556701,0.13402061855670103,0.4845360824742268,0.15463917525773196,0.1134020618556701,97,0,0,36,58,-6.192370221568628,39.23190784509804,12,0,0,6,0,4,0,0,0,1.0
MAGHARIBI B,2020,5,81,0.41975308641975306,0.2345679012345679,0.19753086419753085,0.13580246913580246,0.48148148148148145,0.13580246913580246,0.04938271604938271,80,0,1,26,54,-6.200954655263158,39.23347313421053,17,0,0,1,0,0,0,0,0,1.0
MAGHARIBI B,2020,6,63,0.31746031746031744,0.2222222222222222,0.36507936507936506,0.07936507936507936,0.2857142857142857,0.14285714285714285,0.12698412698412698,63,0,0,22,37,-6.179678253333334,39.219411353333335,7,0,0,2,0,1,0,0,0,2.0
MAGHARIBI B,2020,7,53,0.4528301886792453,0.16981132075471697,0.24528301886792453,0.09433962264150944,0.4528301886792453,0.16981132075471697,0.03773584905660377,53,0,0,19,32,-6.166790300000001,39.224339953846155,6,0,0,5,0,2,0,0,0,2.0
MAGHARIBI B,2020,8,45,0.2222222222222222,0.0,0.4,0.06666666666666667,0.2222222222222222,0.2222222222222222,0.08888888888888889,45,0,0,19,23,-6.188595828571429,39.23688895714286,1,0,0,0,0,0,0,0,0,2.0
MAGHARIBI B,2020,9,42,0.14285714285714285,0.16666666666666666,0.19047619047619047,0.21428571428571427,0.38095238095238093,0.14285714285714285,0.07142857142857142,41,0,1,15,23,-6.15854501,39.22351394,5,0,0,0,0,0,0,0,0,2.0
MAGHARIBI B,2020,10,62,0.43548387096774194,0.1774193548387097,0.06451612903225806,0.20967741935483872,0.45161290322580644,0.1935483870967742,0.08064516129032258,60,0,2,21,39,-6.181903697297297,39.23050355675675,17,0,0,1,0,1,0,0,0,3.0
MAGHARIBI B,2020,11,30,0.5333333333333333,0.26666666666666666,0.26666666666666666,0.06666666666666667,0.43333333333333335,0.1,0.13333333333333333,30,0,0,6,22,-6.19976071,39.233828620000004,1,0,0,1,0,1,0,0,0,3.0
MAGHARIBI B,2020,12,32,0.59375,0.28125,0.15625,0.0,0.5625,0.1875,0.09375,31,1,1,11,18,-6.213518476923077,39.231847023076924,4,0,0,2,0,1,0,0,0,3.0
MAGHARIBI B,2020,13,40,0.75,0.15,0.1,0.0,0.6,0.2,0.1,40,0,0,14,26,-6.2143886028571425,39.234943245714284,6,0,0,5,0,2,0,0,0,3.0
MAGHARIBI B,2020,14,37,0.7567567567567568,0.21621621621621623,0.02702702702702703,0.10810810810810811,0.5405405405405406,0.24324324324324326,0.08108108108108109,36,0,1,13,23,-6.196564273529411,39.22684192647059,14,0,0,3,0,2,0,0,0,3.0
MAGHARIBI B,2020,15,44,0.7272727272727273,0.1590909090909091,0.045454545454545456,0.20454545454545456,0.5,0.1590909090909091,0.09090909090909091,42,1,2,14,26,-6.164789383783784,39.221057556756755,17,0,0,4,0,0,0,0,0,4.0
MAGHARIBI B,2020,16,28,0.5714285714285714,0.17857142857142858,0.14285714285714285,0.21428571428571427,0.2857142857142857,0.21428571428571427,0.14285714285714285,28,0,0,9,19,-6.194397985,39.22823115,7,0,0,0,0,1,0,0,0,4.0
MAGHARIBI B,2020,17,30,0.7,0.26666666666666666,0.2,0.03333333333333333,0.4666666666666667,0.3,0.0,30,0,0,11,19,-6.182570954166667,39.2259869875,5,0,0,1,0,0,0,0,0,4.0
MAGHARIBI B,2020,18,26,0.8461538461538461,0.15384615384615385,0.07692307692307693,0.11538461538461539,0.34615384615384615,0.38461538461538464,0.07692307692307693,26,0,0,6,20,-6.170677625,39.2323694,7,0,0,1,0,0,0,0,0,4.0
MAGHARIBI B,2020,19,33,0.5757575757575758,0.09090909090909091,0.09090909090909091,0.06060606060606061,0.45454545454545453,0.30303030303030304,0.09090909090909091,33,0,0,14,19,-6.176762404545454,39.22214465909091,7,0,0,1,0,0,0,0,0,5.0
MAGHARIBI B,2020,20,42,0.6190476190476191,0.21428571428571427,0.09523809523809523,0.09523809523809523,0.40476190476190477,0.30952380952380953,0.07142857142857142,42,0,0,18,24,-6.1854430030303025,39.22615298787879,6,0,0,2,0,0,0,0,0,5.0
MAGHARIBI B,2020,21,67,0.6119402985074627,0.208955223880597,0.029850746268656716,0.208955223880597,0.5223880597014925,0.19402985074626866,0.04477611940298507,66,0,1,23,43,-6.185899692156863,39.22380427647059,19,0,0,4,0,0,0,0,0,5.0
MAGHARIBI B,2020,22,74,0.5135135135135135,0.1891891891891892,0.0945945945945946,0.16216216216216217,0.4864864864864865,0.1891891891891892,0.06756756756756757,73,1,1,25,47,-6.186312523529412,39.229136531372546,19,0,0,3,0,3,0,0,0,5.0
MAGHARIBI B,2020,23,62,0.532258064516129,0.16129032258064516,0.14516129032258066,0.12903225806451613,0.4032258064516129,0.25806451612903225,0.06451612903225806,62,0,0,26,36,-6.17673002195122,39.22454570487805,15,0,0,1,0,3,0,0,0,6.0
MAGHARIBI B,2020,24,83,0.6506024096385542,0.26506024096385544,0.08433734939759036,0.20481927710843373,0.4578313253012048,0.1927710843373494,0.060240963855421686,81,0,2,30,51,-6.196775383823529,39.22513392647059,28,0,0,2,0,2,0,0,0,6.0
MAGHARIBI B,2020,25,66,0.6212121212121212,0.3181818181818182,0.10606060606060606,0.22727272727272727,0.45454545454545453,0.12121212121212122,0.09090909090909091,66,0,0,24,42,-6.181639073076923,39.236717340384615,24,0,0,2,0,1,0,0,0,6.0
MAGHARIBI B,2020,26,89,0.6741573033707865,0.23595505617977527,0.11235955056179775,0.21348314606741572,0.43820224719101125,0.16853932584269662,0.06741573033707865,86,0,3,32,54,-6.193616365789474,39.22881867368421,29,0,0,4,0,0,0,0,0,6.0
MAGHARIBI B,2020,27,75,0.48,0.3333333333333333,0.08,0.16,0.41333333333333333,0.16,0.16,73,1,2,34,37,-6.196946263793103,39.23598142413793,14,0,0,1,0,2,0,0,0,6.0
MAGHARIBI B,2020,28,60,0.65,0.2833333333333333,0.16666666666666666,0.08333333333333333,0.45,0.18333333333333332,0.11666666666666667,59,0,1,26,33,-6.195625494117647,39.232466768627454,6,0,0,2,0,1,0,0,0,7.0
MAGHARIBI B,2020,29,72,0.6111111111111112,0.3333333333333333,0.1388888888888889,0.19444444444444445,0.2777777777777778,0.3194444444444444,0.06944444444444445,69,0,3,29,40,-6.199711072580645,39.23336189677419,22,0,0,2,0,0,0,0,0,7.0
MAGHARIBI B,2020,30,54,0.6851851851851852,0.25925925925925924,0.07407407407407407,0.12962962962962962,0.4074074074074074,0.25925925925925924,0.12962962962962962,52,0,2,25,27,-6.19709526590909,39.23143164772727,13,0,0,1,0,0,0,0,0,7.0
MAGHARIBI B,2020,31,27,0.7777777777777778,0.14814814814814814,0.1111111111111111,0.07407407407407407,0.5925925925925926,0.18518518518518517,0.037037037037037035,27,0,0,12,14,-6.2001982227272725,39.23746486818182,5,0,0,0,0,0,0,0,0,7.0
MAGHARIBI B,2020,32,38,0.6842105263157895,0.23684210526315788,0.10526315789473684,0.15789473684210525,0.34210526315789475,0.3684210526315789,0.02631578947368421,38,0,0,15,23,-6.1963326,39.23641,4,0,0,0,0,0,0,0,0,8.0
MAGHARIBI B,2020,33,39,0.6153846153846154,0.2564102564102564,0.07692307692307693,0.1282051282051282,0.48717948717948717,0.1794871794871795,0.1282051282051282,39,0,0,16,23,-6.210181444827586,39.2381869,8,0,0,1,0,0,0,0,0,8.0
MAGHARIBI B,2020,34,34,0.4117647058823529,0.5,0.2647058823529412,0.17647058823529413,0.35294117647058826,0.17647058823529413,0.029411764705882353,34,0,0,15,18,-6.198487376,39.232312344,8,0,0,0,0,0,0,0,0,8.0
MAGHARIBI B,2020,35,35,0.7142857142857143,0.2857142857142857,0.08571428571428572,0.2571428571428571,0.42857142857142855,0.17142857142857143,0.05714285714285714,31,1,4,5,25,-6.191522802941177,39.2355759882353,11,0,0,0,0,0,0,0,0,8.0
MAGHARIBI B,2020,36,22,0.6818181818181818,0.2727272727272727,0.3181818181818182,0.045454545454545456,0.5454545454545454,0.09090909090909091,0.0,19,0,3,4,15,-6.213268435,39.24661403,6,0,0,0,0,0,0,0,0,9.0
MAGHARIBI B,2020,37,29,0.41379310344827586,0.4482758620689655,0.10344827586206896,0.1724137931034483,0.41379310344827586,0.27586206896551724,0.034482758620689655,27,0,2,10,17,-6.191889022727272,39.23540798636364,5,1,0,1,0,0,0,0,0,9.0
MAGHARIBI B,2020,38,38,0.7368421052631579,0.21052631578947367,0.10526315789473684,0.10526315789473684,0.5263157894736842,0.07894736842105263,0.18421052631578946,38,0,0,10,27,-6.197878782857143,39.24139792571429,9,0,0,0,0,0,0,0,0,9.0
MAGHARIBI B,2020,39,33,0.48484848484848486,0.45454545454545453,0.15151515151515152,0.09090909090909091,0.5151515151515151,0.15151515151515152,0.09090909090909091,33,0,0,11,22,-6.194044310714285,39.2415164,9,0,0,1,0,0,0,0,0,9.0
MAGHARIBI B,2020,40,40,0.725,0.225,0.0,0.1,0.5,0.275,0.125,40,0,0,14,26,-6.1888809787878785,39.23133819090909,10,0,0,3,0,0,0,0,0,9.0
MAGHARIBI B,2020,41,41,0.5609756097560976,0.34146341463414637,0.12195121951219512,0.21951219512195122,0.43902439024390244,0.07317073170731707,0.12195121951219512,41,0,0,15,26,-6.1933514575757584,39.23723539090909,11,0,0,2,0,0,0,0,0,10.0
MAGHARIBI B,2020,42,33,0.6666666666666666,0.30303030303030304,0.06060606060606061,0.09090909090909091,0.6666666666666666,0.06060606060606061,0.12121212121212122,33,0,0,14,19,-6.190679833333333,39.237153514814814,12,0,0,0,0,0,0,0,0,10.0
MAGHARIBI B,2020,43,14,0.5714285714285714,0.35714285714285715,0.14285714285714285,0.07142857142857142,0.5714285714285714,0.21428571428571427,0.0,13,0,1,4,9,-6.20152735,39.23368457,2,0,0,1,0,0,0,0,0,10.0
MAGHARIBI B,2020,44,27,0.3333333333333333,0.1111111111111111,0.1111111111111111,0.0,0.5555555555555556,0.2962962962962963,0.037037037037037035,27,0,0,14,12,-6.1831900625,39.2722979375,0,0,0,2,0,0,0,0,0,10.0
MAGHARIBI B,2020,45,23,0.6521739130434783,0.21739130434782608,0.043478260869565216,0.08695652173913043,0.6086956521739131,0.21739130434782608,0.043478260869565216,23,0,0,9,13,-6.197171335294118,39.30820829411765,4,0,0,0,0,0,0,0,0,11.0
MAGHARIBI B,2020,46,23,0.5652173913043478,0.30434782608695654,0.21739130434782608,0.13043478260869565,0.391304347826087,0.17391304347826086,0.08695652173913043,18,0,5,4,14,-6.195800045,39.262648335,2,0,0,3,0,0,0,0,0,11.0
MAGHARIBI B,2020,47,21,0.5238095238095238,0.23809523809523808,0.09523809523809523,0.23809523809523808,0.5238095238095238,0.09523809523809523,0.047619047619047616,19,0,2,7,12,-6.207600547058824,39.23121948235294,6,0,0,0,0,0,0,0,0,11.0
MAGHARIBI B,2020,48,21,0.5238095238095238,0.2857142857142857,0.23809523809523808,0.047619047619047616,0.5238095238095238,0.19047619047619047,0.0,19,0,2,6,13,-6.192219123529412,39.24869107058823,4,0,0,1,0,0,0,0,0,11.0
MAGHARIBI B,2020,49,31,0.6129032258064516,0.22580645161290322,0.0967741935483871,0.0967741935483871,0.5483870967741935,0.0967741935483871,0.12903225806451613,31,0,0,11,20,-6.19409475,39.23608726153846,11,0,0,1,0,0,0,0,0,12.0
MAGHARIBI B,2020,50,45,0.6444444444444445,0.35555555555555557,0.044444444444444446,0.13333333333333333,0.4666666666666667,0.17777777777777778,0.17777777777777778,44,0,1,16,28,-6.197509618604651,39.239416351162795,12,0,0,1,0,0,0,0,0,12.0
MAGHARIBI B,2020,51,95,0.5368421052631579,0.24210526315789474,0.08421052631578947,0.15789473684210525,0.5263157894736842,0.15789473684210525,0.06315789473684211,94,0,1,30,63,-6.19895549375,39.24163177083333,12,0,0,3,0,2,0,0,0,12.0
MAGHARIBI B,2020,52,48,0.75,0.22916666666666666,0.0625,0.0625,0.6666666666666666,0.125,0.08333333333333333,45,0,3,16,29,-6.206905172727272,39.24332066363636,8,0,0,1,0,0,0,0,0,12.0
MAGHARIBI B,2021,1,9,0.7777777777777778,0.2222222222222222,0.2222222222222222,0.0,0.2222222222222222,0.4444444444444444,0.1111111111111111,9,0,0,6,3,-6.199834622222222,39.25196472222222,1,0,0,1,0,0,0,0,0,1.0
MAGHARIBI B,2021,2,69,0.5217391304347826,0.37681159420289856,0.10144927536231885,0.07246376811594203,0.5797101449275363,0.2028985507246377,0.043478260869565216,67,0,2,26,40,-6.195197821428572,39.23421620714286,10,0,0,1,0,1,0,0,0,1.0
MAGHARIBI B,2021,3,72,0.5,0.4722222222222222,0.09722222222222222,0.1527777777777778,0.4722222222222222,0.18055555555555555,0.09722222222222222,68,1,4,26,41,-6.192139126470588,39.2334325132353,16,0,0,1,0,2,0,0,0,1.0
MAGHARIBI B,2021,4,81,0.6296296296296297,0.35802469135802467,0.08641975308641975,0.16049382716049382,0.5061728395061729,0.1728395061728395,0.07407407407407407,75,0,6,25,50,-6.2025847925,39.23776599625,12,0,0,5,0,3,0,0,0,1.0
MAGHARIBI B,2021,5,72,0.7222222222222222,0.2361111111111111,0.08333333333333333,0.16666666666666666,0.4861111111111111,0.2222222222222222,0.041666666666666664,66,0,6,27,39,-6.201986076470588,39.232980598529416,22,0,0,3,0,3,0,0,0,1.0
MAGHARIBI B,2021,6,49,0.6122448979591837,0.3877551020408163,0.02040816326530612,0.20408163265306123,0.5102040816326531,0.08163265306122448,0.1836734693877551,47,0,2,19,28,-6.2014925125,39.234983025,13,0,0,1,0,2,0,0,0,2.0
MAGHARIBI B,2021,7,39,0.5641025641025641,0.4358974358974359,0.05128205128205128,0.1282051282051282,0.41025641025641024,0.28205128205128205,0.1282051282051282,37,0,2,16,21,-6.196835410810811,39.234170205405405,11,0,0,1,0,1,0,0,0,2.0
MAGHARIBI B,2021,8,38,0.6052631578947368,0.39473684210526316,0.07894736842105263,0.18421052631578946,0.5526315789473685,0.15789473684210525,0.02631578947368421,38,0,0,14,24,-6.2031377361111115,39.23391826388889,11,0,0,0,0,1,0,0,0,2.0
MAGHARIBI B,2021,9,28,0.32142857142857145,0.39285714285714285,0.07142857142857142,0.14285714285714285,0.4642857142857143,0.25,0.07142857142857142,28,0,0,15,13,-6.204073705882353,39.23303209411765,4,0,0,1,0,0,0,0,0,2.0
MAGHARIBI B,2021,10,41,0.5609756097560976,0.43902439024390244,0.14634146341463414,0.17073170731707318,0.34146341463414637,0.12195121951219512,0.21951219512195122,41,0,0,16,25,-6.197293579411765,39.23436990294118,7,0,0,1,0,0,0,0,0,3.0
MAGHARIBI B,2021,11,29,0.7586206896551724,0.20689655172413793,0.06896551724137931,0.06896551724137931,0.7241379310344828,0.10344827586206896,0.034482758620689655,29,0,0,12,17,-6.203788717857143,39.236767199999996,9,0,0,1,0,1,0,0,0,3.0
MAGHARIBI B,2021,12,40,0.7,0.275,0.05,0.075,0.675,0.125,0.075,40,0,0,9,31,-6.1951162,39.23350766486486,7,0,0,1,0,0,0,0,0,3.0
MAGHARIBI B,2021,13,22,0.7727272727272727,0.22727272727272727,0.045454545454545456,0.09090909090909091,0.4090909090909091,0.3181818181818182,0.13636363636363635,21,0,1,8,13,-6.193819563636364,39.23385948181818,5,0,0,1,0,0,0,0,0,3.0
MAGHARIBI B,2021,14,30,0.7333333333333333,0.26666666666666666,0.13333333333333333,0.03333333333333333,0.43333333333333335,0.3333333333333333,0.06666666666666667,30,0,0,16,14,-6.202275772413793,39.24270561034483,3,0,0,1,1,1,4,1,0,3.0
MAGHARIBI B,2021,15,19,0.6842105263157895,0.2631578947368421,0.0,0.10526315789473684,0.6842105263157895,0.15789473684210525,0.05263157894736842,19,0,0,9,10,-6.2028349277777775,39.236208133333335,2,0,0,1,1,0,3,1,0,4.0
MAGHARIBI B,2021,16,44,0.6818181818181818,0.29545454545454547,0.045454545454545456,0.06818181818181818,0.6818181818181818,0.13636363636363635,0.045454545454545456,36,0,8,11,25,-6.211444171428571,39.234115847619044,6,1,0,2,2,0,1,4,0,4.0
MAGHARIBI B,2021,17,24,0.6666666666666666,0.25,0.125,0.08333333333333333,0.5,0.125,0.08333333333333333,24,0,0,14,10,-6.199227264999999,39.232428635000005,5,0,0,0,0,0,1,0,0,4.0
MAGHARIBI B,2021,18,29,0.5517241379310345,0.3793103448275862,0.06896551724137931,0.10344827586206896,0.4827586206896552,0.13793103448275862,0.13793103448275862,29,0,0,18,11,-6.204534073076923,39.25241469615385,3,0,0,0,1,1,1,1,0,4.0
MAGHARIBI B,2021,19,19,0.8947368421052632,0.05263157894736842,0.05263157894736842,0.05263157894736842,0.3157894736842105,0.3684210526315789,0.15789473684210525,19,0,0,10,9,-6.1981683705882356,39.23964523529412,4,0,0,1,1,0,0,1,0,5.0
MAGHARIBI B,2021,20,34,0.6176470588235294,0.35294117647058826,0.08823529411764706,0.17647058823529413,0.47058823529411764,0.17647058823529413,0.058823529411764705,33,0,1,15,18,-6.21255748125,39.253103625,11,0,0,2,0,1,2,2,0,5.0
MAGHARIBI B,2021,21,56,0.5535714285714286,0.39285714285714285,0.05357142857142857,0.10714285714285714,0.5714285714285714,0.10714285714285714,0.10714285714285714,55,1,1,24,30,-6.20348781,39.248587142,10,1,0,2,2,1,0,2,0,5.0
MAGHARIBI B,2021,22,55,0.4909090909090909,0.4727272727272727,0.05454545454545454,0.2909090909090909,0.4727272727272727,0.07272727272727272,0.07272727272727272,47,0,8,16,30,-6.2142098375,39.24267188333334,22,1,0,0,0,0,0,2,0,5.0
MAGHARIBI B,2021,23,49,0.673469387755102,0.30612244897959184,0.10204081632653061,0.12244897959183673,0.4489795918367347,0.10204081632653061,0.20408163265306123,45,0,4,18,27,-6.208637495833333,39.24597656875,12,0,0,1,0,0,0,1,0,6.0
MAGHARIBI B,2021,24,34,0.6470588235294118,0.3235294117647059,0.11764705882352941,0.08823529411764706,0.4411764705882353,0.17647058823529413,0.14705882352941177,34,0,0,15,19,-6.205339540625,39.232109115625,5,0,0,0,0,0,1,1,0,6.0
MAGHARIBI B,2021,25,51,0.47058823529411764,0.45098039215686275,0.21568627450980393,0.11764705882352941,0.47058823529411764,0.11764705882352941,0.0,47,0,4,24,23,-6.215520238297873,39.24182812978724,7,0,0,1,1,0,0,7,0,6.0
MAGHARIBI B,2021,26,51,0.5490196078431373,0.39215686274509803,0.09803921568627451,0.0784313725490196,0.5490196078431373,0.1568627450980392,0.058823529411764705,51,0,0,28,23,-6.205230376595744,39.240498263829785,6,0,0,0,0,1,1,3,0,6.0
MAGHARIBI B,2021,27,33,0.6060606060606061,0.36363636363636365,0.15151515151515152,0.12121212121212122,0.3333333333333333,0.3333333333333333,0.030303030303030304,33,0,0,14,19,-6.210756440625,39.235130584375,3,0,0,2,0,1,0,1,0,6.0
MAGHARIBI B,2021,28,31,0.5483870967741935,0.41935483870967744,0.12903225806451613,0.12903225806451613,0.3870967741935484,0.22580645161290322,0.0967741935483871,31,0,0,16,15,-6.209043613793104,39.23470271034483,6,0,0,0,0,1,0,0,0,7.0
MAGHARIBI B,2021,29,40,0.4,0.575,0.175,0.175,0.25,0.275,0.1,38,0,2,12,26,-6.205531433333333,39.23442266666667,8,0,0,1,0,0,0,6,0,7.0
MAGHARIBI B,2021,30,21,0.5714285714285714,0.42857142857142855,0.047619047619047616,0.19047619047619047,0.47619047619047616,0.09523809523809523,0.19047619047619047,21,0,0,11,10,-6.205637285,39.24101125,2,0,0,0,0,0,0,2,0,7.0
MAGHARIBI B,2021,31,31,0.4838709677419355,0.41935483870967744,0.03225806451612903,0.2903225806451613,0.41935483870967744,0.12903225806451613,0.03225806451612903,30,0,1,9,21,-6.204754464285714,39.22964972142857,8,0,0,1,0,0,0,0,0,7.0
MAGHARIBI B,2021,32,20,0.55,0.4,0.25,0.2,0.4,0.05,0.05,19,0,1,4,15,-6.2244782999999995,39.247244394736846,4,0,0,0,0,0,0,2,0,8.0
MAGHARIBI B,2021,33,16,0.75,0.1875,0.0,0.125,0.3125,0.3125,0.1875,16,0,0,7,9,-6.209878708333334,39.240284933333335,2,0,0,1,1,0,0,0,0,8.0
MAGHARIBI B,2021,34,21,0.47619047619047616,0.42857142857142855,0.14285714285714285,0.14285714285714285,0.42857142857142855,0.14285714285714285,0.047619047619047616,19,0,2,4,15,-6.203133294736841,39.23597695789474,4,0,0,0,1,0,0,3,0,8.0
MAGHARIBI B,2021,35,19,0.5263157894736842,0.3157894736842105,0.10526315789473684,0.2631578947368421,0.2631578947368421,0.15789473684210525,0.05263157894736842,19,0,0,8,11,-6.213707728571428,39.24805216428571,3,0,0,0,0,1,0,2,0,8.0
MAGHARIBI B,2021,36,15,0.4,0.4666666666666667,0.06666666666666667,0.06666666666666667,0.5333333333333333,0.13333333333333333,0.06666666666666667,15,0,0,7,8,-6.190011881818182,39.24465578181818,1,0,0,0,0,0,0,1,0,8.0
MAGHARIBI B,2021,37,9,0.4444444444444444,0.5555555555555556,0.0,0.1111111111111111,0.5555555555555556,0.2222222222222222,0.1111111111111111,9,0,0,2,7,-6.222589288888889,39.24520742222222,1,0,0,0,0,0,0,1,0,9.0
MAGHARIBI B,2021,38,16,0.5625,0.3125,0.1875,0.125,0.25,0.1875,0.125,14,0,2,6,7,-6.226019228571429,39.23647945,4,0,0,1,1,0,0,0,0,9.0
MAGHARIBI B,2021,39,24,0.625,0.3333333333333333,0.20833333333333334,0.08333333333333333,0.375,0.20833333333333334,0.08333333333333333,23,0,1,13,10,-6.206023245454546,39.24401941363636,2,0,0,0,0,0,0,4,0,9.0
MAGHARIBI B,2021,40,26,0.4230769230769231,0.5384615384615384,0.07692307692307693,0.23076923076923078,0.5,0.07692307692307693,0.07692307692307693,23,0,3,12,11,-6.19116735,39.242665475,6,0,0,0,0,0,0,2,0,9.0
MAGHARIBI B,2021,41,11,0.36363636363636365,0.45454545454545453,0.2727272727272727,0.09090909090909091,0.09090909090909091,0.2727272727272727,0.09090909090909091,11,0,0,4,7,-6.219447144444445,39.24813906666667,2,0,0,0,0,0,0,1,0,10.0
MAGHARIBI B,2021,42,14,0.42857142857142855,0.42857142857142855,0.21428571428571427,0.07142857142857142,0.42857142857142855,0.07142857142857142,0.07142857142857142,14,0,0,2,12,-6.202946966666667,39.240761625,1,0,0,1,0,0,0,0,0,10.0
MAGHARIBI B,2021,43,13,0.46153846153846156,0.5384615384615384,0.15384615384615385,0.15384615384615385,0.6153846153846154,0.07692307692307693,0.0,12,0,1,7,5,-6.202114230769231,39.236009961538464,2,0,0,1,1,0,0,2,0,10.0
MAGHARIBI B,2021,44,17,0.47058823529411764,0.5294117647058824,0.23529411764705882,0.17647058823529413,0.35294117647058826,0.23529411764705882,0.0,14,0,3,3,11,-6.20602924,39.238289206666664,4,0,0,0,0,0,0,4,0,10.0
MAGHARIBI B,2021,45,22,0.5454545454545454,0.36363636363636365,0.18181818181818182,0.13636363636363635,0.4090909090909091,0.18181818181818182,0.0,20,0,2,9,10,-6.199598668421053,39.233031284210526,3,0,0,0,0,0,1,2,0,11.0
MAGHARIBI B,2021,46,13,0.8461538461538461,0.15384615384615385,0.07692307692307693,0.07692307692307693,0.38461538461538464,0.3076923076923077,0.15384615384615385,13,0,0,6,7,-6.202311775000001,39.24728919166667,2,0,0,0,0,1,1,1,0,11.0
MAGHARIBI B,2021,47,15,0.6,0.4,0.06666666666666667,0.13333333333333333,0.7333333333333333,0.06666666666666667,0.0,15,0,0,6,9,-6.199601107142857,39.23831697142857,4,0,0,0,0,0,1,1,0,11.0
MAGHARIBI B,2021,48,26,0.5769230769230769,0.4230769230769231,0.19230769230769232,0.038461538461538464,0.38461538461538464,0.19230769230769232,0.19230769230769232,25,0,1,9,16,-6.213291430769231,39.239615234615385,1,0,0,0,0,2,0,7,0,11.0
MAGHARIBI B,2021,49,12,0.4166666666666667,0.5,0.3333333333333333,0.0,0.4166666666666667,0.16666666666666666,0.0,12,0,0,5,7,-6.1979660818181825,39.2381626,1,0,0,0,0,0,0,3,0,11.0
MAGHARIBI B,2021,50,11,0.5454545454545454,0.36363636363636365,0.09090909090909091,0.18181818181818182,0.2727272727272727,0.2727272727272727,0.09090909090909091,11,0,0,4,7,-6.21561555,39.24826522,3,0,0,0,0,0,0,1,0,12.0
MAGHARIBI B,2021,51,11,0.6363636363636364,0.36363636363636365,0.09090909090909091,0.0,0.5454545454545454,0.18181818181818182,0.18181818181818182,11,0,0,8,3,-6.197809044444444,39.237422333333335,1,1,0,0,0,0,0,0,0,12.0
MAGHARIBI B,2021,52,12,0.3333333333333333,0.6666666666666666,0.0,0.3333333333333333,0.3333333333333333,0.25,0.08333333333333333,12,0,0,5,7,-6.193316500000001,39.23845888333333,6,0,0,0,0,0,0,1,0,12.0
MAGHARIBI B,2022,1,7,0.42857142857142855,0.42857142857142855,0.0,0.0,0.2857142857142857,0.14285714285714285,0.42857142857142855,7,0,0,2,5,-6.190888966666667,39.2507636,1,0,0,0,0,0,0,0,0,1.0
MAGHARIBI B,2022,2,75,0.5066666666666667,0.4,0.06666666666666667,0.29333333333333333,0.30666666666666664,0.17333333333333334,0.06666666666666667,68,0,7,36,31,-6.19454553125,39.239362346875,29,0,0,0,0,0,0,9,0,1.0
MAGHARIBI B,2022,3,76,0.5526315789473685,0.3684210526315789,0.13157894736842105,0.25,0.35526315789473684,0.14473684210526316,0.039473684210526314,72,0,4,32,40,-6.198651136764705,39.23918285,27,0,0,0,1,0,0,10,0,1.0
MAGHARIBI B,2022,4,63,0.47619047619047616,0.42857142857142855,0.1111111111111111,0.1111111111111111,0.3333333333333333,0.25396825396825395,0.07936507936507936,58,0,5,28,30,-6.208385530909091,39.24128490545455,11,0,0,0,0,0,0,7,0,1.0
MAGHARIBI B,2022,5,43,0.5581395348837209,0.37209302325581395,0.09302325581395349,0.18604651162790697,0.46511627906976744,0.16279069767441862,0.023255813953488372,42,0,1,17,25,-6.198732197058824,39.24482472352941,10,0,0,1,1,0,0,2,0,1.0
MAGHARIBI B,2022,6,17,0.47058823529411764,0.5294117647058824,0.058823529411764705,0.058823529411764705,0.6470588235294118,0.058823529411764705,0.17647058823529413,16,0,1,7,9,-6.212209173333333,39.240453046666666,3,0,0,0,0,0,0,0,0,1.0
MAGHARIBI B,2022,7,31,0.45161290322580644,0.5161290322580645,0.0967741935483871,0.16129032258064516,0.5483870967741935,0.0967741935483871,0.06451612903225806,27,0,4,13,14,-6.2119349,39.24371744074074,7,0,0,0,0,0,1,2,0,2.0
MAGHARIBI B,2022,8,15,0.5333333333333333,0.4666666666666667,0.0,0.13333333333333333,0.4666666666666667,0.26666666666666666,0.13333333333333333,15,0,0,9,6,-6.221192691666666,39.23933375833334,0,0,0,1,0,2,0,3,0,2.0
MAGHARIBI B,2022,9,31,0.7419354838709677,0.25806451612903225,0.03225806451612903,0.16129032258064516,0.6129032258064516,0.12903225806451613,0.06451612903225806,31,0,0,11,20,-6.209992627586207,39.2352723275862,5,0,0,1,1,1,0,3,0,2.0
MAGHARIBI B,2022,10,22,0.36363636363636365,0.5909090909090909,0.0,0.09090909090909091,0.6363636363636364,0.13636363636363635,0.09090909090909091,22,0,0,7,15,-6.21364348959511,39.24455542403875,3,0,0,0,0,1,0,2,0,3.0
MAGHARIBI B,2022,11,31,0.4838709677419355,0.5161290322580645,0.03225806451612903,0.03225806451612903,0.5483870967741935,0.25806451612903225,0.12903225806451613,31,0,0,10,21,-6.199823637037037,39.25105640370371,3,0,0,1,0,0,0,1,0,3.0
MAGHARIBI B,2022,12,19,0.3157894736842105,0.631578947368421,0.15789473684210525,0.10526315789473684,0.3684210526315789,0.2631578947368421,0.05263157894736842,18,0,1,7,11,-6.194375761111111,39.24071484444445,2,0,0,1,0,0,0,4,0,3.0
MAGHARIBI B,2022,13,20,0.55,0.45,0.25,0.05,0.25,0.3,0.15,20,0,0,10,10,-6.200405470588235,39.24112023529412,1,0,0,1,0,0,0,1,0,3.0
MAGHARIBI B,2022,14,18,0.6666666666666666,0.2777777777777778,0.16666666666666666,0.1111111111111111,0.3888888888888889,0.16666666666666666,0.1111111111111111,17,0,1,8,9,-6.1972391875,39.243106925,2,0,0,2,1,1,0,2,0,3.0
MAGHARIBI B,2022,15,19,0.7894736842105263,0.21052631578947367,0.10526315789473684,0.0,0.5789473684210527,0.21052631578947367,0.10526315789473684,19,0,0,6,13,-6.195892613333333,39.235074473333334,1,0,0,0,0,0,0,0,0,4.0
MAGHARIBI B,2022,16,16,0.4375,0.5,0.125,0.125,0.5,0.1875,0.0,14,0,2,4,10,-6.2175268,39.24791153076923,0,0,0,1,0,0,0,0,0,4.0
MAGHARIBI B,2022,17,18,0.7222222222222222,0.2777777777777778,0.1111111111111111,0.0,0.5555555555555556,0.16666666666666666,0.16666666666666666,18,0,0,6,12,-6.2132067125,39.2325101,0,0,0,1,0,0,0,3,0,4.0
MAGHARIBI B,2022,18,14,0.5714285714285714,0.35714285714285715,0.35714285714285715,0.0,0.35714285714285715,0.07142857142857142,0.14285714285714285,14,0,0,5,9,-6.210135554545454,39.24580070909091,1,0,0,0,1,0,0,2,0,4.0
MAGHARIBI B,2022,19,22,0.7272727272727273,0.22727272727272727,0.045454545454545456,0.13636363636363635,0.4090909090909091,0.18181818181818182,0.18181818181818182,22,0,0,13,9,-6.21435708,39.235478305,7,0,0,2,1,0,0,1,0,5.0
MAGHARIBI B,2022,20,25,0.68,0.2,0.12,0.04,0.32,0.28,0.12,25,0,0,11,14,-6.209000405555555,39.22989333333333,1,0,0,1,0,2,0,0,0,5.0
MAGHARIBI B,2022,21,36,0.75,0.1388888888888889,0.0,0.1388888888888889,0.4444444444444444,0.19444444444444445,0.1111111111111111,34,0,2,15,19,-6.20549834,39.22922795666667,8,0,0,2,1,3,0,1,0,5.0
MAGHARIBI B,2022,22,31,0.41935483870967744,0.45161290322580644,0.0,0.03225806451612903,0.4838709677419355,0.22580645161290322,0.12903225806451613,30,0,1,13,17,-6.2091987260869566,39.23745645652174,5,0,0,0,0,0,0,3,0,5.0
MAGHARIBI B,2022,23,28,0.4642857142857143,0.42857142857142855,0.07142857142857142,0.21428571428571427,0.2857142857142857,0.21428571428571427,0.10714285714285714,28,0,0,15,13,-6.1918297375,39.23955992916667,4,0,0,0,0,0,0,3,0,5.0
MAGHARIBI B,2022,24,19,0.2631578947368421,0.2631578947368421,0.05263157894736842,0.0,0.21052631578947367,0.10526315789473684,0.15789473684210525,19,0,0,11,7,-6.20542769,39.23856569,0,0,0,0,0,0,0,1,0,6.0
MAGHARIBI B,2022,25,32,0.46875,0.375,0.09375,0.125,0.40625,0.15625,0.0625,30,0,2,16,14,-6.216949079166667,39.24163364583333,2,0,0,1,2,0,0,2,0,6.0
MAGHARIBI B,2022,26,24,0.5833333333333334,0.2916666666666667,0.16666666666666666,0.125,0.3333333333333333,0.125,0.125,24,0,0,8,16,-6.199940531578948,39.233363721052626,4,0,0,0,0,1,0,0,0,6.0
MAGHARIBI B,2022,27,25,0.8,0.12,0.12,0.12,0.52,0.16,0.0,25,0,0,11,14,-6.201622895238095,39.23185467142857,4,0,0,1,0,1,0,0,0,6.0
MAGHARIBI B,2022,28,29,0.2413793103448276,0.4827586206896552,0.034482758620689655,0.1724137931034483,0.3448275862068966,0.10344827586206896,0.06896551724137931,27,0,2,10,14,-6.203610561111111,39.24288282777778,6,0,0,0,2,0,0,2,0,7.0
MAGHARIBI B,2022,29,15,0.7333333333333333,0.26666666666666666,0.06666666666666667,0.2,0.4666666666666667,0.26666666666666666,0.0,15,0,0,5,9,-6.200711109090909,39.246574936363636,1,0,0,2,0,0,0,0,0,7.0
MAGHARIBI B,2022,30,24,0.7083333333333334,0.2916666666666667,0.25,0.16666666666666666,0.25,0.2916666666666667,0.041666666666666664,21,0,3,7,13,-6.20046631,39.24868221,1,0,0,0,0,1,0,1,0,7.0
MAGHARIBI B,2022,31,3,0.3333333333333333,0.6666666666666666,0.0,0.0,0.6666666666666666,0.3333333333333333,0.0,3,0,0,0,3,-6.189297033333333,39.2296742,0,0,0,0,0,0,0,0,0,7.0
MAGHARIBI B,2022,32,9,0.3333333333333333,0.6666666666666666,0.2222222222222222,0.1111111111111111,0.5555555555555556,0.1111111111111111,0.0,8,0,1,0,7,-6.19925135,39.22971033333334,1,0,0,0,0,0,0,1,0,8.0
MAGHARIBI B,2022,33,17,0.5882352941176471,0.4117647058823529,0.11764705882352941,0.29411764705882354,0.4117647058823529,0.17647058823529413,0.0,16,0,1,6,7,-6.2074585,39.24356616923077,4,0,0,0,1,0,0,1,0,8.0
MAGHARIBI B,2022,34,12,0.75,0.25,0.08333333333333333,0.25,0.16666666666666666,0.0,0.5,12,0,0,9,3,-6.2288647416666665,39.24363205,3,0,0,5,0,0,0,0,0,8.0
MAGHARIBI B,2022,35,9,0.4444444444444444,0.5555555555555556,0.0,0.1111111111111111,0.6666666666666666,0.1111111111111111,0.1111111111111111,7,0,2,5,0,10.451367357142857,29.546380142857142,1,0,0,0,0,0,0,3,0,8.0
MAGHARIBI B,2022,36,14,0.7142857142857143,0.2857142857142857,0.0,0.07142857142857142,0.35714285714285715,0.42857142857142855,0.14285714285714285,14,0,0,3,9,-6.224023672727273,39.24489159090909,1,0,0,4,1,1,0,0,0,8.0
MAGHARIBI B,2022,37,17,0.47058823529411764,0.5294117647058824,0.23529411764705882,0.29411764705882354,0.35294117647058826,0.0,0.11764705882352941,17,0,0,5,5,-6.19856873,39.24262565,2,0,0,0,0,0,0,0,0,9.0
MAGHARIBI B,2022,38,9,0.5555555555555556,0.4444444444444444,0.0,0.2222222222222222,0.4444444444444444,0.2222222222222222,0.1111111111111111,9,0,0,5,4,-6.1959496125,39.24277185,2,0,0,1,0,0,0,0,0,9.0
MAGHARIBI B,2022,39,14,0.6428571428571429,0.35714285714285715,0.21428571428571427,0.14285714285714285,0.42857142857142855,0.07142857142857142,0.14285714285714285,14,0,0,6,7,-6.208562081818181,39.24297933636364,3,0,0,1,0,0,0,0,0,9.0
MAGHARIBI B,2022,40,10,0.8,0.2,0.3,0.2,0.4,0.1,0.0,10,0,0,2,8,-6.22263744,39.266154439999994,2,0,0,0,1,0,0,1,0,9.0
MAGHARIBI B,2022,41,6,0.3333333333333333,0.6666666666666666,0.3333333333333333,0.0,0.3333333333333333,0.16666666666666666,0.16666666666666666,6,0,0,2,4,-6.143109083333333,39.254924816666666,0,0,0,0,0,0,0,3,0,10.0
MAGHARIBI B,2022,42,8,0.25,0.75,0.25,0.125,0.5,0.125,0.0,6,0,2,1,4,-6.196955085714285,39.25170348571429,2,0,0,0,0,0,0,2,0,10.0
MAGHARIBI B,2022,43,9,1.0,0.0,0.3333333333333333,0.0,0.4444444444444444,0.2222222222222222,0.0,9,0,0,2,7,-6.2213503999999995,39.25307325714285,0,0,0,0,1,1,0,0,0,10.0
MAGHARIBI B,2022,44,12,0.3333333333333333,0.6666666666666666,0.16666666666666666,0.08333333333333333,0.5,0.16666666666666666,0.08333333333333333,12,0,0,1,8,-6.20219165,39.239864625,2,0,0,0,0,0,0,2,0,10.0
MAGHARIBI B,2022,45,7,0.42857142857142855,0.5714285714285714,0.14285714285714285,0.14285714285714285,0.42857142857142855,0.2857142857142857,0.0,6,0,1,0,4,-6.20187358,39.23646738,2,0,0,0,0,0,0,1,0,11.0
MAGHARIBI B,2022,46,8,0.25,0.75,0.0,0.125,0.75,0.125,0.0,8,0,0,1,6,-6.214781171428571,39.246527571428565,1,0,0,0,1,0,0,1,0,11.0
MAGHARIBI B,2022,47,12,0.75,0.25,0.08333333333333333,0.25,0.3333333333333333,0.16666666666666666,0.16666666666666666,11,0,1,4,4,-6.218041855555556,39.24079736666667,3,0,0,0,0,0,1,1,0,11.0
MAGHARIBI B,2022,48,15,0.4666666666666667,0.5333333333333333,0.26666666666666666,0.13333333333333333,0.4,0.06666666666666667,0.13333333333333333,14,0,1,3,10,-6.207891324999999,39.23750329166667,3,0,0,1,0,0,0,2,0,11.0
MAGHARIBI B,2022,49,11,0.5454545454545454,0.45454545454545453,0.09090909090909091,0.09090909090909091,0.45454545454545453,0.2727272727272727,0.09090909090909091,11,0,0,6,2,-6.196656171428572,39.229859700000006,1,0,0,0,0,0,0,0,0,11.0
MAGHARIBI B,2022,50,4,1.0,0.0,0.0,0.25,0.5,0.25,0.0,4,0,0,3,1,-6.1841082499999995,39.22937575,0,0,0,0,0,0,1,0,0,12.0
MAGHARIBI B,2022,51,15,0.6666666666666666,0.3333333333333333,0.0,0.13333333333333333,0.5333333333333333,0.06666666666666667,0.26666666666666666,15,0,0,5,8,-6.207865139999999,39.23387258181818,1,0,0,1,0,0,2,1,0,12.0
MAGHARIBI B,2022,52,19,0.7368421052631579,0.2631578947368421,0.15789473684210525,0.2631578947368421,0.2631578947368421,0.2631578947368421,0.05263157894736842,19,0,0,6,10,-6.215396013333334,39.23834003333333,6,0,0,0,0,0,0,2,0,12.0
MAGHARIBI B,2023,1,33,0.5151515151515151,0.48484848484848486,0.12121212121212122,0.36363636363636365,0.30303030303030304,0.15151515151515152,0.06060606060606061,33,0,0,9,17,-6.188405199966817,39.23647323107994,8,1,0,0,0,1,1,3,0,1.0
MAGHARIBI B,2023,2,51,0.6274509803921569,0.37254901960784315,0.13725490196078433,0.21568627450980393,0.43137254901960786,0.11764705882352941,0.09803921568627451,49,0,2,13,24,-6.200575371428571,39.23937869428571,12,0,0,2,0,1,0,3,0,1.0
MAGHARIBI B,2023,3,35,0.6,0.4,0.14285714285714285,0.14285714285714285,0.34285714285714286,0.22857142857142856,0.14285714285714285,35,0,0,21,9,-6.207016478571428,39.24523179642857,6,0,0,2,0,0,0,4,0,1.0
MAGHARIBI B,2023,4,42,0.6904761904761905,0.30952380952380953,0.07142857142857142,0.23809523809523808,0.42857142857142855,0.19047619047619047,0.07142857142857142,41,1,1,15,19,-6.198745702912348,39.23527723730364,9,0,0,3,1,4,0,1,0,1.0
MAGHARIBI B,2023,5,28,0.5714285714285714,0.42857142857142855,0.0,0.14285714285714285,0.5357142857142857,0.2857142857142857,0.03571428571428571,27,0,1,14,11,-6.200607080952381,39.23622822380952,7,0,0,1,1,0,0,5,0,2.0
MAGHARIBI B,2023,6,27,0.7037037037037037,0.2962962962962963,0.14814814814814814,0.18518518518518517,0.3333333333333333,0.2222222222222222,0.1111111111111111,26,0,1,11,13,-6.204149875000001,39.226830465,3,0,0,1,0,0,0,2,0,2.0
MAGHARIBI B,2023,7,25,0.52,0.48,0.16,0.2,0.48,0.08,0.08,23,0,2,8,9,-6.205219623529412,39.23056722352941,6,0,0,0,0,0,0,2,0,2.0
MAGHARIBI B,2023,8,27,0.6666666666666666,0.3333333333333333,0.037037037037037035,0.1111111111111111,0.4074074074074074,0.3333333333333333,0.1111111111111111,27,0,0,9,15,-6.195876590476191,39.235656023809526,1,0,0,0,1,0,0,4,0,2.0
MAGHARIBI B,2023,9,33,0.5454545454545454,0.45454545454545453,0.09090909090909091,0.15151515151515152,0.5757575757575758,0.15151515151515152,0.030303030303030304,32,0,1,11,17,-6.194815126923077,39.240649238461536,3,0,0,2,0,1,0,1,0,3.0
MAGHARIBI B,2023,10,20,0.55,0.45,0.05,0.2,0.4,0.25,0.1,20,0,0,9,7,-6.203992364285715,39.24311855,2,0,0,0,1,2,1,2,0,3.0
MAGHARIBI B,2023,11,16,0.625,0.375,0.0625,0.125,0.1875,0.4375,0.1875,16,0,0,6,10,-6.2086523428571425,39.243809721428576,2,0,0,3,2,0,0,1,0,3.0
MAGHARIBI B,2023,12,22,0.6818181818181818,0.3181818181818182,0.045454545454545456,0.18181818181818182,0.45454545454545453,0.2727272727272727,0.045454545454545456,22,0,0,9,11,-6.208628555555555,39.23332627777778,3,0,0,0,2,1,0,1,0,3.0
MAGHARIBI B,2023,13,31,0.5806451612903226,0.41935483870967744,0.16129032258064516,0.06451612903225806,0.41935483870967744,0.25806451612903225,0.0967741935483871,30,0,1,12,15,-6.1931671040000005,39.239405008,2,0,0,1,0,1,1,3,0,3.0
MAGHARIBI B,2023,14,8,0.875,0.125,0.125,0.0,0.625,0.125,0.125,8,0,0,3,4,-6.18757605,39.236799616666666,0,0,0,0,0,0,0,0,0,4.0
MAGHARIBI B,2023,15,21,0.7619047619047619,0.23809523809523808,0.19047619047619047,0.14285714285714285,0.3333333333333333,0.2857142857142857,0.047619047619047616,21,0,0,8,12,-6.205654811111111,39.23162398333333,2,0,0,1,1,0,0,0,0,4.0
MAGHARIBI B,2023,16,23,0.6956521739130435,0.30434782608695654,0.08695652173913043,0.0,0.6521739130434783,0.13043478260869565,0.13043478260869565,22,0,1,12,10,-6.1962414500000005,39.231981005,2,0,0,0,0,0,1,4,0,4.0
MAGHARIBI B,2023,17,38,0.631578947368421,0.3684210526315789,0.05263157894736842,0.05263157894736842,0.5789473684210527,0.18421052631578946,0.13157894736842105,38,0,0,28,7,-6.2006448375,39.233495246875,1,0,0,0,1,1,0,2,0,4.0
MAGHARIBI B,2023,18,49,0.673469387755102,0.32653061224489793,0.061224489795918366,0.10204081632653061,0.46938775510204084,0.22448979591836735,0.14285714285714285,47,0,2,21,21,-6.198986535,39.234438615,5,0,0,0,1,1,0,4,0,5.0
MAGHARIBI B,2023,19,40,0.575,0.425,0.125,0.15,0.475,0.175,0.075,39,0,1,14,22,-6.196973903125,39.23203656875,10,0,0,1,0,0,0,6,0,5.0
MAGHARIBI B,2023,20,63,0.6825396825396826,0.31746031746031744,0.06349206349206349,0.1111111111111111,0.5396825396825397,0.19047619047619047,0.09523809523809523,61,0,2,27,33,-6.2086073625,39.24004513928571,10,0,0,1,0,4,0,3,0,5.0
MAGHARIBI B,2023,21,54,0.6666666666666666,0.3333333333333333,0.05555555555555555,0.18518518518518517,0.4444444444444444,0.25925925925925924,0.05555555555555555,54,0,0,25,22,-6.2071577866666665,39.24196291333333,14,0,0,3,0,1,0,4,0,5.0
MAGHARIBI B,2023,22,68,0.7352941176470589,0.2647058823529412,0.058823529411764705,0.1323529411764706,0.5588235294117647,0.20588235294117646,0.04411764705882353,65,1,3,28,34,-6.21011432295082,39.23450535245901,17,0,0,1,2,6,0,0,0,6.0
MAGHARIBI B,2023,23,76,0.6710526315789473,0.32894736842105265,0.05263157894736842,0.15789473684210525,0.5789473684210527,0.15789473684210525,0.05263157894736842,71,0,5,25,44,-6.208771204477612,39.23954611641791,13,0,0,0,4,2,0,10,0,6.0
MAGHARIBI B,2023,24,99,0.7575757575757576,0.24242424242424243,0.020202020202020204,0.1717171717171717,0.5555555555555556,0.1919191919191919,0.06060606060606061,96,0,3,33,55,-6.2086335519480516,39.2366391012987,21,0,0,1,0,3,0,4,0,6.0
MAGHARIBI B,2023,25,87,0.6781609195402298,0.3218390804597701,0.022988505747126436,0.10344827586206896,0.6091954022988506,0.1839080459770115,0.08045977011494253,83,1,4,33,43,-6.213397575063922,39.233633210879646,13,0,0,4,5,3,2,4,0,6.0
MAGHARIBI B,2023,26,74,0.6891891891891891,0.3108108108108108,0.0945945945945946,0.06756756756756757,0.527027027027027,0.17567567567567569,0.13513513513513514,71,0,3,27,39,-6.205566653448275,39.24254210517241,8,0,0,4,2,0,1,3,0,6.0
MAGHARIBI B,2023,27,51,0.5882352941176471,0.4117647058823529,0.058823529411764705,0.17647058823529413,0.5294117647058824,0.11764705882352941,0.11764705882352941,47,0,4,17,29,-6.210854558284034,39.240274325969764,10,0,0,3,0,1,0,7,0,7.0
MAGHARIBI B,2023,28,58,0.8103448275862069,0.1896551724137931,0.034482758620689655,0.06896551724137931,0.43103448275862066,0.27586206896551724,0.1896551724137931,57,0,1,27,29,-6.202492018224027,39.23862810031732,4,0,0,4,1,2,1,3,0,7.0
MAGHARIBI B,2023,29,98,0.7857142857142857,0.21428571428571427,0.05102040816326531,0.061224489795918366,0.5408163265306123,0.2653061224489796,0.08163265306122448,95,0,3,37,49,-6.194431740567254,39.23454091355563,15,0,0,6,1,2,3,6,0,7.0
MAGHARIBI B,2023,30,85,0.7647058823529411,0.2235294117647059,0.03529411764705882,0.12941176470588237,0.47058823529411764,0.23529411764705882,0.11764705882352941,82,0,3,32,45,-6.202214824995146,39.24220801647008,9,0,0,5,0,1,1,4,0,7.0
MAGHARIBI B,2023,31,63,0.6666666666666666,0.3333333333333333,0.0,0.1111111111111111,0.5873015873015873,0.2222222222222222,0.07936507936507936,61,0,2,20,37,-6.20907283705755,39.23269695096005,9,0,0,2,3,2,2,5,0,8.0
MAGHARIBI B,2023,32,61,0.6885245901639344,0.3114754098360656,0.03278688524590164,0.09836065573770492,0.5081967213114754,0.21311475409836064,0.14754098360655737,59,2,2,23,30,-6.198827787925334,39.24040720471745,8,0,0,7,0,0,1,7,0,8.0
MAGHARIBI B,2023,33,55,0.7272727272727273,0.2727272727272727,0.05454545454545454,0.12727272727272726,0.45454545454545453,0.2545454545454545,0.10909090909090909,53,0,2,21,29,-6.197330963951041,39.238771118277235,8,0,0,5,2,0,3,3,0,8.0
MAGHARIBI B,2023,34,51,0.7450980392156863,0.2549019607843137,0.0392156862745098,0.0784313725490196,0.5098039215686274,0.23529411764705882,0.13725490196078433,50,0,1,24,21,-6.204783742589476,39.24280763074743,8,0,0,1,2,1,0,0,0,8.0
MAGHARIBI B,2023,35,43,0.627906976744186,0.37209302325581395,0.046511627906976744,0.0,0.5813953488372093,0.2558139534883721,0.11627906976744186,41,0,2,18,18,-6.201544944624171,39.24600289045721,5,0,0,1,0,0,1,2,0,8.0
MAGHARIBI B,2023,36,41,0.7073170731707317,0.2682926829268293,0.04878048780487805,0.0975609756097561,0.6097560975609756,0.17073170731707318,0.04878048780487805,41,0,0,17,22,-6.180782454920897,39.23436791152992,6,0,0,3,0,0,0,1,0,9.0
MAGHARIBI B,2023,37,36,0.5833333333333334,0.4166666666666667,0.08333333333333333,0.1111111111111111,0.5,0.19444444444444445,0.1111111111111111,36,0,0,12,24,-6.205746425852931,39.23742913893453,6,0,0,4,2,1,3,1,0,9.0
MAGHARIBI B,2023,38,45,0.6666666666666666,0.3333333333333333,0.022222222222222223,0.0,0.6222222222222222,0.26666666666666666,0.08888888888888889,45,0,0,10,34,-6.193419749825242,39.235997018432016,7,0,0,4,1,0,0,3,0,9.0
MAGHARIBI B,2023,39,33,0.7272727272727273,0.2727272727272727,0.0,0.12121212121212122,0.5757575757575758,0.18181818181818182,0.12121212121212122,33,0,0,12,21,-6.202897350817953,39.23311854252486,4,0,0,5,1,0,0,1,0,9.0
MAGHARIBI B,2023,40,36,0.6666666666666666,0.3333333333333333,0.05555555555555555,0.19444444444444445,0.5,0.1111111111111111,0.1388888888888889,36,0,0,9,25,-6.199629130117527,39.24275961687566,11,0,0,1,3,0,0,3,0,10.0
MAGHARIBI B,2023,41,50,0.7,0.3,0.02,0.14,0.52,0.18,0.14,47,1,3,15,28,-6.202809226340944,39.236412366063846,7,0,0,2,2,0,0,6,0,10.0
MAGHARIBI B,2023,42,51,0.7254901960784313,0.27450980392156865,0.0784313725490196,0.0784313725490196,0.5098039215686274,0.17647058823529413,0.1568627450980392,47,0,4,16,29,-6.199296133313283,39.23417109078196,7,1,0,5,3,0,0,1,0,10.0
MAGHARIBI B,2023,43,34,0.7058823529411765,0.29411764705882354,0.0,0.029411764705882353,0.5882352941176471,0.2647058823529412,0.11764705882352941,31,0,3,14,13,-6.195662342115287,39.23440179200514,2,0,0,4,0,1,0,3,0,10.0
MAGHARIBI B,2023,44,63,0.7301587301587301,0.2698412698412698,0.06349206349206349,0.015873015873015872,0.7142857142857143,0.15873015873015872,0.047619047619047616,63,0,0,21,40,-6.190618530273553,39.23570460130355,7,0,0,5,3,0,1,1,0,10.0
MAGHARIBI B,2023,45,79,0.7721518987341772,0.22784810126582278,0.012658227848101266,0.16455696202531644,0.6075949367088608,0.10126582278481013,0.11392405063291139,79,0,0,23,49,-6.240366230974256,39.240438674507764,18,0,0,7,2,0,0,1,0,11.0
MAGHARIBI B,2023,46,103,0.7864077669902912,0.21359223300970873,0.009708737864077669,0.0970873786407767,0.6019417475728155,0.20388349514563106,0.08737864077669903,102,0,1,29,52,-6.1936200991219605,39.23717868183932,16,0,0,2,1,0,0,4,0,11.0
MAGHARIBI B,2023,47,137,0.781021897810219,0.21897810218978103,0.029197080291970802,0.058394160583941604,0.5182481751824818,0.2116788321167883,0.18248175182481752,137,0,0,45,57,-6.197853034344257,39.2369160543164,15,0,0,5,0,0,0,2,0,11.0
MAGHARIBI B,2023,48,149,0.7919463087248322,0.2080536912751678,0.013422818791946308,0.12751677852348994,0.4899328859060403,0.20134228187919462,0.16778523489932887,145,0,4,48,79,-6.189634871495809,39.23300149091816,30,0,0,4,2,2,0,4,0,11.0
MAGHARIBI B,2023,49,209,0.7894736842105263,0.21052631578947367,0.028708133971291867,0.06220095693779904,0.5645933014354066,0.19617224880382775,0.14832535885167464,209,0,0,73,77,-6.196046155991638,39.23772702084023,23,0,0,6,5,1,0,5,0,12.0
MAGHARIBI B,2023,50,339,0.7846607669616519,0.2153392330383481,0.029498525073746312,0.10029498525073746,0.471976401179941,0.24778761061946902,0.1504424778761062,338,0,1,72,124,-6.198327709135828,39.237743234470216,23,1,0,7,0,1,1,9,0,12.0
MAGHARIBI B,2023,51,794,0.792191435768262,0.20780856423173805,0.007556675062972292,0.08816120906801007,0.5037783375314862,0.2304785894206549,0.17002518891687657,792,0,2,67,85,-6.210794243405096,39.24236323579716,20,0,0,3,0,0,2,5,0,12.0
MAGHARIBI B,2023,52,805,0.7863354037267081,0.2124223602484472,0.01987577639751553,0.10683229813664596,0.48819875776397514,0.231055900621118,0.15279503105590062,801,0,4,130,102,-6.196475172669539,39.24374858689423,23,0,0,4,1,1,4,1,0,12.0
CHAKE-CHAKE,2018,1,7,0.5714285714285714,0.42857142857142855,0.14285714285714285,0.5714285714285714,0.2857142857142857,0.0,0.0,3,0,4,2,1,-5.220218166666666,39.787447066666665,0,0,0,0,0,0,0,0,0,1.0
CHAKE-CHAKE,2018,2,6,0.3333333333333333,0.5,0.3333333333333333,0.0,0.3333333333333333,0.16666666666666666,0.0,4,0,2,1,3,-5.194852125,39.767352775,0,0,0,0,0,0,0,0,0,1.0
CHAKE-CHAKE,2018,3,5,0.6,0.4,0.0,0.4,0.4,0.2,0.0,5,0,0,1,4,-5.060677566666667,39.71948063333334,0,0,0,0,0,0,0,0,0,1.0
CHAKE-CHAKE,2018,4,2,1.0,0.0,0.0,0.5,0.5,0.0,0.0,2,0,0,1,0,-5.2459869,39.7879496,0,0,0,0,0,0,0,0,0,1.0
CHAKE-CHAKE,2018,5,3,1.0,0.0,0.0,0.6666666666666666,0.3333333333333333,0.0,0.0,1,0,2,1,0,-5.236366,39.7782933,0,0,0,0,0,0,0,0,0,1.0
CHAKE-CHAKE,2018,6,2,0.0,1.0,0.5,0.0,0.5,0.0,0.0,2,0,0,0,0,-5.0606739,39.7194779,0,0,0,0,0,0,0,0,0,2.0
CHAKE-CHAKE,2018,7,2,1.0,0.0,0.0,0.5,0.0,0.0,0.5,2,0,0,0,1,-5.0606739,39.7194779,0,0,0,0,0,0,0,0,0,2.0
CHAKE-CHAKE,2018,8,2,0.0,1.0,0.0,0.0,0.5,0.0,0.5,2,0,0,1,1,-5.1911867,39.8046835,0,0,0,0,0,0,0,0,0,2.0
CHAKE-CHAKE,2018,9,3,0.6666666666666666,0.3333333333333333,0.3333333333333333,0.0,0.6666666666666666,0.0,0.0,2,0,1,1,1,,,0,0,0,0,0,0,0,0,0,3.0
CHAKE-CHAKE,2018,10,2,0.5,0.5,0.5,0.0,0.5,0.0,0.0,2,0,0,1,0,-5.22535505,39.794662849999995,0,0,0,0,0,0,0,0,0,3.0
CHAKE-CHAKE,2018,11,1,1.0,0.0,0.0,0.0,1.0,0.0,0.0,1,0,0,1,0,-5.2263534,39.7268678,0,0,0,0,0,0,0,0,0,3.0
CHAKE-CHAKE,2018,12,2,0.5,0.5,0.0,0.5,0.5,0.0,0.0,0,0,2,0,0,-5.0606739,39.7194779,0,0,0,0,0,0,0,0,0,3.0
CHAKE-CHAKE,2018,13,1,0.0,1.0,0.0,0.0,1.0,0.0,0.0,1,0,0,1,0,-5.1813015,39.8156622,0,0,0,0,0,0,0,0,0,3.0
CHAKE-CHAKE,2018,14,1,0.0,1.0,0.0,0.0,0.0,0.0,1.0,1,0,0,0,1,,,0,0,0,0,0,0,0,0,0,4.0
CHAKE-CHAKE,2018,15,1,1.0,0.0,0.0,1.0,0.0,0.0,0.0,0,0,1,0,0,-5.0606829,39.7194878,0,0,0,0,0,0,0,0,0,4.0
CHAKE-CHAKE,2018,16,1,1.0,0.0,0.0,0.0,0.0,0.0,1.0,1,0,0,0,1,-5.224593,39.7731427,0,0,0,0,0,0,0,0,0,4.0
CHAKE-CHAKE,2018,17,3,1.0,0.0,0.0,0.3333333333333333,0.3333333333333333,0.3333333333333333,0.0,3,0,0,1,2,-5.20090605,39.7534461,0,0,0,0,0,0,0,0,0,4.0
CHAKE-CHAKE,2018,18,8,0.625,0.25,0.125,0.125,0.625,0.0,0.0,7,0,1,0,6,-5.178661075,39.76739145,0,0,0,0,0,0,0,0,0,4.0
CHAKE-CHAKE,2018,19,8,0.375,0.625,0.125,0.5,0.375,0.0,0.0,4,0,4,2,2,-5.2374184,39.7784945,0,0,0,0,0,0,0,0,0,5.0
CHAKE-CHAKE,2018,20,21,0.6666666666666666,0.3333333333333333,0.09523809523809523,0.38095238095238093,0.38095238095238093,0.09523809523809523,0.047619047619047616,5,0,16,3,2,-5.345450457142857,39.66944587142858,0,0,0,0,0,0,0,0,0,5.0
CHAKE-CHAKE,2018,21,4,0.25,0.75,0.0,0.0,0.5,0.5,0.0,4,0,0,0,3,-5.225329566666667,39.78509136666667,0,0,0,0,0,0,0,0,0,5.0
CHAKE-CHAKE,2018,22,4,0.75,0.25,0.0,0.25,0.75,0.0,0.0,3,0,1,1,2,-5.2431254,39.77491315,0,0,0,0,0,0,0,0,0,5.0
CHAKE-CHAKE,2018,23,2,1.0,0.0,0.5,0.0,0.5,0.0,0.0,2,0,0,1,1,-5.1128856,39.7460947,0,0,0,0,0,0,0,0,0,6.0
CHAKE-CHAKE,2018,24,2,0.5,0.0,0.0,0.0,0.0,0.5,0.0,2,0,0,2,0,,,0,0,0,0,0,0,0,0,0,6.0
CHAKE-CHAKE,2018,25,9,0.5555555555555556,0.3333333333333333,0.1111111111111111,0.3333333333333333,0.3333333333333333,0.1111111111111111,0.0,8,0,1,5,2,-5.185707979999999,39.76493626,0,0,0,0,0,0,0,0,0,6.0
CHAKE-CHAKE,2018,26,5,0.6,0.2,0.0,0.4,0.4,0.0,0.0,4,0,1,1,3,-5.2194233,39.79325636666667,0,0,0,0,0,0,0,0,0,6.0
CHAKE-CHAKE,2018,27,6,0.8333333333333334,0.16666666666666666,0.0,0.16666666666666666,0.8333333333333334,0.0,0.0,3,0,3,0,3,-5.234395575,39.8019473,0,0,0,0,0,0,0,0,0,7.0
CHAKE-CHAKE,2018,28,2,1.0,0.0,0.0,0.0,0.5,0.0,0.5,2,0,0,1,1,-5.2471004,39.7937426,0,0,0,0,0,0,0,0,0,7.0
CHAKE-CHAKE,2018,29,11,0.45454545454545453,0.18181818181818182,0.0,0.18181818181818182,0.36363636363636365,0.09090909090909091,0.0,10,0,1,5,5,-5.17200092,39.76934798,0,0,0,0,0,0,0,0,0,7.0
CHAKE-CHAKE,2018,30,9,0.3333333333333333,0.2222222222222222,0.0,0.3333333333333333,0.1111111111111111,0.1111111111111111,0.0,8,0,1,5,3,-5.1918776,39.7885933,0,0,0,0,0,0,0,0,0,7.0
CHAKE-CHAKE,2018,31,1,1.0,0.0,0.0,1.0,0.0,0.0,0.0,1,0,0,0,1,,,0,0,0,0,0,0,0,0,0,7.0
CHAKE-CHAKE,2018,32,1,1.0,0.0,0.0,0.0,1.0,0.0,0.0,1,0,0,1,0,-5.1872376,39.8056487,0,0,0,0,0,0,0,0,0,8.0
CHAKE-CHAKE,2018,33,7,0.42857142857142855,0.2857142857142857,0.0,0.0,0.2857142857142857,0.2857142857142857,0.14285714285714285,6,0,1,1,4,-5.2305784,39.77253673333333,0,0,0,0,0,0,0,0,0,8.0
CHAKE-CHAKE,2018,34,5,0.6,0.2,0.0,0.0,0.2,0.4,0.2,5,0,0,1,2,-5.2424198,39.7667038,0,0,0,0,0,0,0,0,0,8.0
CHAKE-CHAKE,2018,35,3,0.6666666666666666,0.0,0.0,0.0,0.6666666666666666,0.0,0.0,3,0,0,3,0,-5.2236494,39.7032443,0,0,0,0,0,0,0,0,0,8.0
CHAKE-CHAKE,2018,36,1,0.0,0.0,0.0,0.0,0.0,0.0,0.0,1,0,0,1,0,,,0,0,0,0,0,0,0,0,0,9.0
CHAKE-CHAKE,2018,37,0,0.0,0.0,0.0,0.0,0.0,0.0,0.0,0,0,0,0,0,0.0,0.0,0,0,0,0,0,0,0,0,0,
CHAKE-CHAKE,2018,38,0,0.0,0.0,0.0,0.0,0.0,0.0,0.0,0,0,0,0,0,0.0,0.0,0,0,0,0,0,0,0,0,0,
CHAKE-CHAKE,2018,39,3,1.0,0.0,0.0,0.0,1.0,0.0,0.0,3,0,0,2,1,-5.120350650000001,39.76660445,0,0,0,0,0,0,0,0,0,9.0
CHAKE-CHAKE,2018,40,3,0.3333333333333333,0.3333333333333333,0.0,0.0,0.3333333333333333,0.0,0.3333333333333333,3,0,0,2,1,-5.1118607,39.8088662,0,0,0,0,0,0,0,0,0,10.0
CHAKE-CHAKE,2018,41,3,0.3333333333333333,0.3333333333333333,0.0,0.3333333333333333,0.3333333333333333,0.0,0.0,3,0,0,1,2,-5.2368592,39.7786152,0,0,0,0,0,0,0,0,0,10.0
CHAKE-CHAKE,2018,42,3,0.0,1.0,0.6666666666666666,0.0,0.3333333333333333,0.0,0.0,1,0,2,0,1,-5.2122547,39.7769133,0,0,0,0,0,0,0,0,0,10.0
CHAKE-CHAKE,2018,43,4,1.0,0.0,0.25,0.0,0.75,0.0,0.0,4,0,0,0,4,-5.2704854,39.78403505,0,0,0,0,0,0,0,0,0,10.0
CHAKE-CHAKE,2018,44,1,0.0,0.0,0.0,0.0,0.0,0.0,0.0,1,0,0,0,1,,,0,0,0,0,0,0,0,0,0,10.0
CHAKE-CHAKE,2018,45,1,0.0,1.0,0.0,0.0,1.0,0.0,0.0,1,0,0,1,0,,,0,0,0,0,0,0,0,0,0,11.0
CHAKE-CHAKE,2018,46,1,0.0,0.0,0.0,0.0,0.0,0.0,0.0,1,0,0,0,0,,,0,0,0,0,0,0,0,0,0,11.0
CHAKE-CHAKE,2018,47,3,0.3333333333333333,0.3333333333333333,0.0,0.0,0.3333333333333333,0.0,0.3333333333333333,3,0,0,0,2,,,0,0,0,0,0,0,0,0,0,11.0
CHAKE-CHAKE,2018,48,1,0.0,1.0,0.0,1.0,0.0,0.0,0.0,1,0,0,1,0,,,0,0,0,0,0,0,0,0,0,11.0
CHAKE-CHAKE,2018,49,1,1.0,0.0,0.0,0.0,1.0,0.0,0.0,0,0,1,0,0,,,0,0,0,0,0,0,0,0,0,12.0
CHAKE-CHAKE,2018,50,6,0.3333333333333333,0.3333333333333333,0.16666666666666666,0.0,0.5,0.0,0.0,5,0,1,0,4,,,0,0,0,0,0,0,0,0,0,12.0
CHAKE-CHAKE,2018,51,2,0.5,0.5,0.0,1.0,0.0,0.0,0.0,2,0,0,0,2,-5.0605801,39.7194376,0,0,0,0,0,0,0,0,0,12.0
CHAKE-CHAKE,2018,52,4,1.0,0.0,0.0,0.0,0.0,0.0,1.0,4,0,0,0,3,-4.981392,39.8575617,0,0,0,0,0,0,0,0,0,12.0
CHAKE-CHAKE,2019,1,0,0.0,0.0,0.0,0.0,0.0,0.0,0.0,0,0,0,0,0,0.0,0.0,0,0,0,0,0,0,0,0,0,
CHAKE-CHAKE,2019,2,1,1.0,0.0,0.0,0.0,0.0,0.0,1.0,1,0,0,1,0,-5.2468563,39.7969607,0,0,0,0,0,0,0,0,0,1.0
CHAKE-CHAKE,2019,3,4,0.25,0.5,0.25,0.25,0.0,0.25,0.0,4,0,0,1,2,,,0,0,0,0,0,0,0,0,0,1.0
CHAKE-CHAKE,2019,4,5,0.2,0.8,0.2,0.4,0.4,0.0,0.0,3,0,2,0,0,,,0,0,0,0,0,0,0,0,0,1.0
CHAKE-CHAKE,2019,5,1,0.0,1.0,0.0,1.0,0.0,0.0,0.0,1,0,0,0,0,,,0,0,0,0,0,0,0,0,0,1.0
CHAKE-CHAKE,2019,6,2,0.5,0.5,0.0,0.0,0.5,0.0,0.5,2,0,0,1,0,,,0,0,0,0,0,0,0,0,0,2.0
CHAKE-CHAKE,2019,7,6,0.3333333333333333,0.16666666666666666,0.16666666666666666,0.0,0.16666666666666666,0.16666666666666666,0.0,6,0,0,1,4,,,0,0,0,0,0,0,0,0,0,2.0
CHAKE-CHAKE,2019,8,2,0.5,0.0,0.0,0.5,0.0,0.0,0.0,2,0,0,0,1,,,0,0,0,0,0,0,0,0,0,2.0
CHAKE-CHAKE,2019,9,2,0.5,0.5,0.0,0.0,1.0,0.0,0.0,2,0,0,1,1,,,0,0,0,0,0,0,0,0,0,2.0
CHAKE-CHAKE,2019,10,1,0.0,1.0,1.0,0.0,0.0,0.0,0.0,1,0,0,0,1,,,0,0,0,0,0,0,0,0,0,3.0
CHAKE-CHAKE,2019,11,1,0.0,1.0,0.0,0.0,1.0,0.0,0.0,1,0,0,0,1,,,0,0,0,0,0,0,0,0,0,3.0
CHAKE-CHAKE,2019,12,3,1.0,0.0,0.0,0.6666666666666666,0.3333333333333333,0.0,0.0,3,0,0,0,3,,,0,0,0,0,0,0,0,0,0,3.0
CHAKE-CHAKE,2019,13,0,0.0,0.0,0.0,0.0,0.0,0.0,0.0,0,0,0,0,0,0.0,0.0,0,0,0,0,0,0,0,0,0,3.0
CHAKE-CHAKE,2019,14,1,0.0,1.0,0.0,0.0,1.0,0.0,0.0,1,0,0,0,1,-5.1944908,39.8088662,0,0,0,0,0,0,0,0,0,4.0
CHAKE-CHAKE,2019,15,2,1.0,0.0,0.5,0.0,0.5,0.0,0.0,2,0,0,0,2,,,0,0,0,0,0,0,0,0,0,4.0
CHAKE-CHAKE,2019,16,0,0.0,0.0,0.0,0.0,0.0,0.0,0.0,0,0,0,0,0,0.0,0.0,0,0,0,0,0,0,0,0,0,
CHAKE-CHAKE,2019,17,1,1.0,0.0,0.0,0.0,0.0,0.0,1.0,1,0,0,0,1,,,0,0,0,0,0,0,0,0,0,4.0
CHAKE-CHAKE,2019,18,4,0.75,0.25,0.25,0.25,0.0,0.5,0.0,3,0,1,0,2,-5.3439506,39.7270896,0,0,0,0,0,0,0,0,0,4.0
CHAKE-CHAKE,2019,19,4,0.5,0.5,0.0,0.0,0.25,0.75,0.0,3,0,1,0,3,-5.265754875,39.7780438,0,0,0,0,0,0,0,0,0,5.0
CHAKE-CHAKE,2019,20,3,1.0,0.0,0.0,0.0,0.3333333333333333,0.0,0.6666666666666666,3,0,0,0,3,-5.119565133333333,39.73912846666666,0,0,0,0,0,0,0,0,0,5.0
CHAKE-CHAKE,2019,21,1,0.0,1.0,0.0,1.0,0.0,0.0,0.0,1,0,0,0,0,-5.2394118,39.7596123,0,0,0,0,0,0,0,0,0,5.0
CHAKE-CHAKE,2019,22,2,0.0,1.0,0.5,0.0,0.5,0.0,0.0,2,0,0,0,2,-5.2687526,39.793673749999996,0,0,0,0,0,0,0,0,0,5.0
CHAKE-CHAKE,2019,23,2,1.0,0.0,0.5,0.0,0.0,0.5,0.0,2,0,0,0,2,-5.19551365,39.797102800000005,0,0,0,0,0,0,0,0,0,6.0
CHAKE-CHAKE,2019,24,4,1.0,0.0,0.25,0.25,0.25,0.25,0.0,4,0,0,1,3,-5.227334466666666,39.7916342,0,0,0,0,0,0,0,0,0,6.0
CHAKE-CHAKE,2019,25,2,1.0,0.0,0.0,0.5,0.5,0.0,0.0,1,0,1,1,0,-5.22974815,39.794078400000004,0,0,0,0,0,0,0,0,0,6.0
CHAKE-CHAKE,2019,26,4,0.5,0.5,0.0,0.0,0.75,0.25,0.0,4,0,0,0,3,-5.7378727,39.57751395,0,0,0,0,0,0,0,0,0,6.0
CHAKE-CHAKE,2019,27,7,0.7142857142857143,0.2857142857142857,0.2857142857142857,0.14285714285714285,0.14285714285714285,0.2857142857142857,0.14285714285714285,7,0,0,0,3,-5.2718462,39.802288,1,0,0,0,0,0,0,0,0,7.0
CHAKE-CHAKE,2019,28,12,0.4166666666666667,0.5833333333333334,0.08333333333333333,0.3333333333333333,0.4166666666666667,0.08333333333333333,0.08333333333333333,11,0,1,0,10,-5.163378475,39.782197675,3,0,0,1,0,0,0,0,0,7.0
CHAKE-CHAKE,2019,29,3,0.6666666666666666,0.3333333333333333,0.0,0.0,0.6666666666666666,0.0,0.3333333333333333,3,0,0,0,3,-5.119460233333334,39.739119233333334,0,0,0,0,0,1,0,0,0,7.0
CHAKE-CHAKE,2019,30,10,0.4,0.4,0.2,0.1,0.2,0.2,0.1,9,0,1,2,7,-5.206650528571429,39.75875001428572,1,0,0,0,0,1,0,0,0,7.0
CHAKE-CHAKE,2019,31,4,1.0,0.0,0.25,0.25,0.5,0.0,0.0,4,0,0,2,1,-5.2129818666666665,39.73238776666667,0,0,0,0,0,1,0,0,0,7.0
CHAKE-CHAKE,2019,32,6,0.5,0.3333333333333333,0.16666666666666666,0.16666666666666666,0.16666666666666666,0.3333333333333333,0.0,6,0,0,4,2,-5.24706522,39.7347404,1,0,0,0,0,0,0,0,0,8.0
CHAKE-CHAKE,2019,33,1,1.0,0.0,0.0,0.0,1.0,0.0,0.0,1,0,0,1,0,-5.2635959,39.7777836,0,0,0,0,0,0,0,0,0,8.0
CHAKE-CHAKE,2019,34,5,0.4,0.4,0.0,0.0,0.6,0.4,0.0,5,0,0,5,0,-5.2530099,39.70172294,0,0,0,0,0,0,0,0,0,8.0
CHAKE-CHAKE,2019,35,3,1.0,0.0,0.3333333333333333,0.0,0.0,0.0,0.6666666666666666,3,0,0,1,2,-5.229568933333333,39.7740009,0,0,0,0,0,0,0,0,0,8.0
CHAKE-CHAKE,2019,36,0,0.0,0.0,0.0,0.0,0.0,0.0,0.0,0,0,0,0,0,0.0,0.0,0,0,0,0,0,0,0,0,0,9.0
CHAKE-CHAKE,2019,37,0,0.0,0.0,0.0,0.0,0.0,0.0,0.0,0,0,0,0,0,0.0,0.0,0,0,0,0,0,0,0,0,0,
CHAKE-CHAKE,2019,38,4,0.75,0.25,0.0,0.0,0.75,0.25,0.0,4,0,0,4,0,-5.2547521999999995,39.7779551,1,0,0,0,0,0,0,0,0,9.0
CHAKE-CHAKE,2019,39,6,0.5,0.5,0.0,0.6666666666666666,0.3333333333333333,0.0,0.0,2,0,4,0,2,-5.250900866666666,39.77465586666667,4,0,0,0,0,0,0,0,0,9.0
CHAKE-CHAKE,2019,40,1,0.0,0.0,0.0,1.0,0.0,0.0,0.0,1,0,0,0,1,,,0,0,0,0,0,0,0,0,0,10.0
CHAKE-CHAKE,2019,41,5,0.6,0.4,0.4,0.0,0.4,0.0,0.2,4,0,1,0,3,-5.25821436,39.782475139999995,0,0,0,0,0,0,0,0,0,10.0
CHAKE-CHAKE,2019,42,2,0.5,0.5,0.0,0.0,1.0,0.0,0.0,2,0,0,1,1,-5.2476611,39.797584099999995,0,0,0,0,0,0,0,0,0,10.0
CHAKE-CHAKE,2019,43,3,0.6666666666666666,0.3333333333333333,0.0,0.3333333333333333,0.6666666666666666,0.0,0.0,3,0,0,1,1,-5.24873425,39.769964400000006,1,0,0,1,0,1,0,0,0,10.0
CHAKE-CHAKE,2019,44,3,0.3333333333333333,0.6666666666666666,0.0,0.0,1.0,0.0,0.0,1,0,2,1,0,-5.245265633333333,39.78652943333333,0,0,0,0,0,0,0,0,0,10.0
CHAKE-CHAKE,2019,45,1,1.0,0.0,0.0,0.0,1.0,0.0,0.0,1,0,0,0,1,-5.2454868,39.7832935,0,0,0,0,0,0,0,0,0,11.0
CHAKE-CHAKE,2019,46,0,0.0,0.0,0.0,0.0,0.0,0.0,0.0,0,0,0,0,0,0.0,0.0,0,0,0,0,0,0,0,0,0,
CHAKE-CHAKE,2019,47,1,1.0,0.0,0.0,0.0,1.0,0.0,0.0,1,0,0,0,0,-5.2412383,39.7793443,0,0,0,0,0,0,0,0,0,11.0
CHAKE-CHAKE,2019,48,2,0.5,0.5,0.0,0.0,1.0,0.0,0.0,2,0,0,0,0,-5.2597281,39.7736766,0,0,0,0,0,0,0,0,0,11.0
CHAKE-CHAKE,2019,49,3,0.6666666666666666,0.0,0.3333333333333333,0.0,0.6666666666666666,0.0,0.0,3,0,0,0,3,-5.1857744,39.7890023,0,0,0,0,0,0,0,0,0,12.0
CHAKE-CHAKE,2019,50,7,0.5714285714285714,0.42857142857142855,0.0,0.0,0.5714285714285714,0.42857142857142855,0.0,6,0,1,3,3,-5.477027850000001,39.659058925,0,0,0,0,0,0,0,0,0,12.0
CHAKE-CHAKE,2019,51,15,0.6,0.3333333333333333,0.13333333333333333,0.13333333333333333,0.5333333333333333,0.13333333333333333,0.06666666666666667,13,0,2,4,9,-5.227056961538461,39.79601537692308,1,0,0,0,0,0,0,0,0,12.0
CHAKE-CHAKE,2019,52,14,0.5,0.2857142857142857,0.21428571428571427,0.21428571428571427,0.21428571428571427,0.21428571428571427,0.14285714285714285,12,0,2,5,7,-5.241536357142857,39.75010052857142,1,0,0,0,0,0,0,0,0,12.0
CHAKE-CHAKE,2020,1,8,0.375,0.5,0.0,0.25,0.5,0.25,0.0,7,0,1,2,5,-5.257751028571429,39.7549877,1,0,0,0,0,2,0,0,0,1.0
CHAKE-CHAKE,2020,2,10,0.6,0.4,0.1,0.4,0.3,0.0,0.2,10,0,0,3,7,-5.229954685714286,39.76747035714286,1,0,0,0,0,0,0,0,0,1.0
CHAKE-CHAKE,2020,3,14,0.35714285714285715,0.5714285714285714,0.21428571428571427,0.21428571428571427,0.42857142857142855,0.0,0.14285714285714285,13,0,1,2,11,-5.2367304699999995,39.71582428,2,0,0,0,0,0,0,0,0,1.0
CHAKE-CHAKE,2020,4,22,0.6363636363636364,0.2727272727272727,0.0,0.36363636363636365,0.5454545454545454,0.09090909090909091,0.0,19,0,3,5,14,-5.2377538,39.72771245,2,0,0,0,0,0,0,0,0,1.0
CHAKE-CHAKE,2020,5,13,0.5384615384615384,0.15384615384615385,0.15384615384615385,0.07692307692307693,0.6153846153846154,0.15384615384615385,0.0,13,0,0,8,5,-5.220121333333333,39.785938566666665,1,0,0,0,0,0,0,0,0,1.0
CHAKE-CHAKE,2020,6,15,0.6666666666666666,0.3333333333333333,0.0,0.26666666666666666,0.6,0.06666666666666667,0.06666666666666667,14,0,1,5,9,-5.222771783333333,39.74835615,1,0,0,0,0,1,0,0,0,2.0
CHAKE-CHAKE,2020,7,6,0.6666666666666666,0.16666666666666666,0.3333333333333333,0.0,0.5,0.16666666666666666,0.0,6,0,0,4,2,-5.2607460999999995,39.77351005,1,0,0,0,0,0,0,0,0,2.0
CHAKE-CHAKE,2020,8,4,0.75,0.25,0.0,0.25,0.25,0.25,0.25,4,0,0,1,3,-5.231287099999999,39.7230663,1,0,0,0,0,0,0,0,0,2.0
CHAKE-CHAKE,2020,9,6,0.6666666666666666,0.3333333333333333,0.3333333333333333,0.16666666666666666,0.5,0.0,0.0,5,0,1,2,3,-5.18280028,39.76501674,2,0,0,0,0,0,0,0,0,2.0
CHAKE-CHAKE,2020,10,7,0.5714285714285714,0.42857142857142855,0.0,0.42857142857142855,0.42857142857142855,0.14285714285714285,0.0,6,0,1,1,5,-5.21387405,39.7682608,2,0,0,0,0,0,0,0,0,3.0
CHAKE-CHAKE,2020,11,5,0.6,0.4,0.0,0.0,0.6,0.2,0.2,5,0,0,1,4,-5.269232833333334,39.76687316666666,0,0,0,0,0,0,0,0,0,3.0
CHAKE-CHAKE,2020,12,6,0.5,0.5,0.0,0.0,0.8333333333333334,0.16666666666666666,0.0,2,0,4,2,0,-5.29429726,39.7426005,0,0,0,0,0,0,0,0,0,3.0
CHAKE-CHAKE,2020,13,13,0.7692307692307693,0.15384615384615385,0.23076923076923078,0.3076923076923077,0.15384615384615385,0.15384615384615385,0.15384615384615385,11,0,2,2,9,-5.25690499,39.75842841,2,0,0,0,0,0,0,0,0,3.0
CHAKE-CHAKE,2020,14,20,0.35,0.65,0.05,0.4,0.35,0.05,0.15,13,0,7,0,13,-5.229250545,39.75109591,8,0,0,0,0,0,0,0,0,4.0
CHAKE-CHAKE,2020,15,8,0.625,0.375,0.25,0.375,0.125,0.125,0.125,6,0,2,1,5,-5.235345742857143,39.75615948571429,3,0,0,0,0,0,0,0,0,4.0
CHAKE-CHAKE,2020,16,8,0.5,0.5,0.125,0.625,0.25,0.0,0.0,6,0,2,1,5,-5.211321166666667,39.775004599999995,3,0,0,0,0,0,0,0,0,4.0
CHAKE-CHAKE,2020,17,2,0.5,0.5,0.0,0.0,0.5,0.5,0.0,2,0,0,1,1,-5.3135054,39.7166886,0,0,0,0,0,0,0,0,0,4.0
CHAKE-CHAKE,2020,18,2,0.5,0.5,0.0,0.0,0.5,0.5,0.0,2,0,0,0,2,-5.2353889,39.7364318,0,0,0,0,0,0,0,0,0,4.0
CHAKE-CHAKE,2020,19,2,0.0,1.0,0.0,0.0,0.0,1.0,0.0,2,0,0,0,2,-5.2578065,39.7856966,0,0,0,0,0,0,0,0,0,5.0
CHAKE-CHAKE,2020,20,5,1.0,0.0,0.2,0.0,0.6,0.2,0.0,5,0,0,1,4,-5.22065104,39.78930596,0,0,0,0,0,0,0,0,0,5.0
CHAKE-CHAKE,2020,21,4,0.75,0.0,0.0,0.25,0.5,0.0,0.25,4,0,0,1,3,-5.215384633333334,39.735440366666666,1,0,0,0,0,0,0,0,0,5.0
CHAKE-CHAKE,2020,22,5,0.4,0.6,0.4,0.4,0.2,0.0,0.0,3,0,2,1,2,-5.2337776400000005,39.74574396,2,0,0,0,0,0,0,0,0,5.0
CHAKE-CHAKE,2020,23,1,1.0,0.0,0.0,0.0,1.0,0.0,0.0,1,0,0,0,1,,,0,0,0,0,0,0,0,0,0,6.0
CHAKE-CHAKE,2020,24,2,1.0,0.0,0.0,0.0,0.5,0.5,0.0,2,0,0,0,2,-5.2959047,39.7113663,0,0,0,0,0,0,0,0,0,6.0
CHAKE-CHAKE,2020,25,17,0.8235294117647058,0.11764705882352941,0.058823529411764705,0.0,0.7058823529411765,0.23529411764705882,0.0,10,0,7,1,9,-5.237548514285714,39.79856647857143,0,0,0,8,0,0,0,0,0,6.0
CHAKE-CHAKE,2020,26,4,0.5,0.5,0.0,0.25,0.5,0.25,0.0,4,0,0,1,3,-5.2226901,39.78165513333334,1,0,0,1,0,0,0,0,0,6.0
CHAKE-CHAKE,2020,27,5,0.6,0.4,0.0,0.4,0.4,0.2,0.0,5,0,0,3,2,-5.23876828,39.7467025,2,0,0,0,0,0,0,0,0,6.0
CHAKE-CHAKE,2020,28,1,0.0,1.0,0.0,1.0,0.0,0.0,0.0,1,0,0,0,1,-5.3113062,39.7467388,1,0,0,0,0,0,0,0,0,7.0
CHAKE-CHAKE,2020,29,2,1.0,0.0,0.0,1.0,0.0,0.0,0.0,2,0,0,0,2,-5.2423321,39.7691587,1,0,0,0,0,0,0,0,0,7.0
CHAKE-CHAKE,2020,30,6,0.8333333333333334,0.16666666666666666,0.3333333333333333,0.0,0.5,0.16666666666666666,0.0,5,0,1,0,5,-5.25455655,39.75432276666667,0,0,0,1,0,1,0,0,0,7.0
CHAKE-CHAKE,2020,31,12,0.3333333333333333,0.5,0.16666666666666666,0.3333333333333333,0.5,0.0,0.0,9,0,3,4,5,-5.237540966666667,39.77944955555555,3,0,0,0,0,0,0,0,0,7.0
CHAKE-CHAKE,2020,32,4,0.75,0.25,0.0,0.0,0.5,0.5,0.0,3,0,1,0,3,-5.228330775,39.771666675,0,0,0,1,0,0,0,0,0,8.0
CHAKE-CHAKE,2020,33,4,0.75,0.25,0.25,0.25,0.25,0.25,0.0,3,0,1,0,3,-5.242219866666667,39.788141233333334,1,0,0,0,0,0,0,0,0,8.0
CHAKE-CHAKE,2020,34,7,0.8571428571428571,0.14285714285714285,0.14285714285714285,0.14285714285714285,0.7142857142857143,0.0,0.0,6,0,1,0,6,-5.253947666666667,39.802608883333335,1,0,0,1,0,0,0,0,0,8.0
CHAKE-CHAKE,2020,35,8,0.25,0.75,0.25,0.375,0.125,0.25,0.0,7,0,1,3,4,-5.226917085714286,39.7887075,0,0,0,1,0,0,0,0,0,8.0
CHAKE-CHAKE,2020,36,2,1.0,0.0,0.0,0.0,0.5,0.5,0.0,2,0,0,0,2,-5.2632853,39.7755496,0,0,0,0,0,0,0,0,0,9.0
CHAKE-CHAKE,2020,37,6,0.6666666666666666,0.3333333333333333,0.0,0.0,0.16666666666666666,0.3333333333333333,0.5,6,0,0,1,5,-5.249235183333333,39.791128816666664,1,0,0,0,0,0,0,0,0,9.0
CHAKE-CHAKE,2020,38,2,0.5,0.5,0.0,0.0,0.5,0.5,0.0,2,0,0,0,2,-5.27390945,39.7753513,0,0,0,0,0,0,0,0,0,9.0
CHAKE-CHAKE,2020,39,1,1.0,0.0,0.0,0.0,1.0,0.0,0.0,0,0,1,0,0,-5.3106314,39.7454196,0,0,0,0,0,0,0,0,0,9.0
CHAKE-CHAKE,2020,40,7,0.7142857142857143,0.2857142857142857,0.0,0.14285714285714285,0.8571428571428571,0.0,0.0,7,0,0,1,6,-5.220519716666666,39.78921793333333,1,0,0,1,0,0,0,0,0,10.0
CHAKE-CHAKE,2020,41,0,0.0,0.0,0.0,0.0,0.0,0.0,0.0,0,0,0,0,0,0.0,0.0,0,0,0,0,0,0,0,0,0,10.0
CHAKE-CHAKE,2020,42,6,0.6666666666666666,0.3333333333333333,0.16666666666666666,0.0,0.5,0.3333333333333333,0.0,6,0,0,1,5,-5.2325701,39.79381235,0,0,0,1,0,0,0,0,0,10.0
CHAKE-CHAKE,2020,43,0,0.0,0.0,0.0,0.0,0.0,0.0,0.0,0,0,0,0,0,0.0,0.0,0,0,0,0,0,0,0,0,0,
CHAKE-CHAKE,2020,44,1,0.0,1.0,1.0,0.0,0.0,0.0,0.0,1,0,0,0,1,-5.2176761,39.7783607,0,0,0,0,0,0,0,0,0,10.0
CHAKE-CHAKE,2020,45,1,1.0,0.0,0.0,0.0,0.0,1.0,0.0,1,0,0,1,0,-5.1845456,39.7995286,0,0,0,0,0,0,0,0,0,11.0
CHAKE-CHAKE,2020,46,4,0.5,0.5,0.25,0.25,0.0,0.5,0.0,4,0,0,1,3,-5.2358302750000005,39.77220135,0,0,0,1,0,1,0,0,0,11.0
CHAKE-CHAKE,2020,47,0,0.0,0.0,0.0,0.0,0.0,0.0,0.0,0,0,0,0,0,0.0,0.0,0,0,0,0,0,0,0,0,0,11.0
CHAKE-CHAKE,2020,48,4,0.75,0.25,0.25,0.5,0.25,0.0,0.0,4,0,0,1,3,-5.249484025,39.7833068,1,0,0,0,0,0,0,0,0,11.0
CHAKE-CHAKE,2020,49,3,0.3333333333333333,0.6666666666666666,0.0,0.0,1.0,0.0,0.0,3,0,0,0,3,-5.2196226,39.8214378,0,0,0,0,0,0,0,0,0,12.0
CHAKE-CHAKE,2020,50,6,0.5,0.5,0.0,0.16666666666666666,0.3333333333333333,0.16666666666666666,0.3333333333333333,5,0,1,3,2,-5.244754316666667,39.76398283333334,0,0,0,0,0,0,0,0,0,12.0
CHAKE-CHAKE,2020,51,2,0.0,1.0,0.5,0.0,0.0,0.5,0.0,2,0,0,0,2,-5.27984315,39.799303800000004,0,0,0,0,0,0,0,0,0,12.0
CHAKE-CHAKE,2020,52,5,0.6,0.4,0.2,0.4,0.4,0.0,0.0,3,0,2,0,3,-5.21865636,39.79412834,2,0,0,0,0,0,0,0,0,12.0
CHAKE-CHAKE,2021,1,2,1.0,0.0,0.0,0.5,0.0,0.5,0.0,2,0,0,1,1,-5.2017935,39.7789502,1,0,0,0,0,0,0,0,0,1.0
CHAKE-CHAKE,2021,2,7,0.5714285714285714,0.42857142857142855,0.14285714285714285,0.0,0.5714285714285714,0.2857142857142857,0.0,7,0,0,1,6,-5.2413676166666665,39.776875966666665,1,0,0,0,0,0,0,0,0,1.0
CHAKE-CHAKE,2021,3,8,1.0,0.0,0.0,0.0,0.125,0.875,0.0,8,0,0,4,4,-5.2352809375,39.784922225,0,0,0,0,0,0,0,0,0,1.0
CHAKE-CHAKE,2021,4,6,0.3333333333333333,0.6666666666666666,0.5,0.16666666666666666,0.3333333333333333,0.0,0.0,5,0,1,1,4,-5.207706683333334,39.783432866666665,1,0,0,0,0,0,0,0,0,1.0
CHAKE-CHAKE,2021,5,10,0.5,0.5,0.4,0.1,0.4,0.0,0.1,7,0,3,3,4,-5.22497117,39.80266337,1,0,0,2,0,0,0,0,0,1.0
CHAKE-CHAKE,2021,6,3,1.0,0.0,0.3333333333333333,0.3333333333333333,0.0,0.3333333333333333,0.0,3,0,0,1,2,-5.228413866666666,39.7893763,1,0,0,0,0,0,0,0,0,2.0
CHAKE-CHAKE,2021,7,4,0.75,0.25,0.25,0.0,0.5,0.0,0.25,4,0,0,2,2,-5.230447225000001,39.7937699,0,0,0,0,0,0,0,0,0,2.0
CHAKE-CHAKE,2021,8,6,0.6666666666666666,0.3333333333333333,0.16666666666666666,0.5,0.16666666666666666,0.16666666666666666,0.0,4,0,2,0,4,-5.2422721333333335,39.783652999999994,1,0,0,0,0,0,0,0,0,2.0
CHAKE-CHAKE,2021,9,4,0.75,0.25,0.0,0.5,0.5,0.0,0.0,4,0,0,1,3,-5.2460375,39.7877823,2,0,0,0,0,0,0,0,0,2.0
CHAKE-CHAKE,2021,10,0,0.0,0.0,0.0,0.0,0.0,0.0,0.0,0,0,0,0,0,0.0,0.0,0,0,0,0,0,0,0,0,0,
CHAKE-CHAKE,2021,11,5,0.8,0.2,0.0,0.0,1.0,0.0,0.0,4,0,1,2,2,-5.24518782,39.777946959999994,0,0,0,0,0,0,0,0,0,3.0
CHAKE-CHAKE,2021,12,2,1.0,0.0,0.0,0.0,1.0,0.0,0.0,1,0,1,0,1,-5.2924374,39.7077527,0,0,0,0,0,0,0,0,0,3.0
CHAKE-CHAKE,2021,13,3,0.6666666666666666,0.3333333333333333,0.0,0.3333333333333333,0.0,0.0,0.6666666666666666,3,0,0,1,2,-5.2436079499999995,39.79712965,0,0,0,0,0,0,0,0,0,3.0
CHAKE-CHAKE,2021,14,1,0.0,1.0,0.0,0.0,0.0,1.0,0.0,1,0,0,0,1,,,0,0,0,0,0,0,0,1,0,4.0
CHAKE-CHAKE,2021,15,2,1.0,0.0,0.0,0.5,0.5,0.0,0.0,2,0,0,1,1,-5.2420031,39.77450475,1,0,0,1,0,0,0,0,0,4.0
CHAKE-CHAKE,2021,16,4,0.5,0.5,0.25,0.0,0.75,0.0,0.0,2,0,2,1,1,-5.2451504,39.770721975,0,0,0,0,0,0,0,1,0,4.0
CHAKE-CHAKE,2021,17,4,0.75,0.25,0.5,0.0,0.25,0.25,0.0,4,0,0,2,2,-5.232866400000001,39.769276675,1,0,0,1,0,0,0,0,0,4.0
CHAKE-CHAKE,2021,18,2,0.0,1.0,0.0,0.5,0.5,0.0,0.0,2,0,0,2,0,-5.26638585,39.77115135,1,0,0,0,0,0,0,1,0,4.0
CHAKE-CHAKE,2021,19,1,0.0,1.0,0.0,0.0,1.0,0.0,0.0,1,0,0,0,1,-5.2454437,39.7712111,1,0,0,0,0,0,0,0,0,5.0
CHAKE-CHAKE,2021,20,2,1.0,0.0,0.0,0.0,0.5,0.0,0.5,2,0,0,1,1,-5.2001364,39.790355899999994,0,0,0,0,0,0,0,0,0,5.0
CHAKE-CHAKE,2021,21,8,0.5,0.5,0.0,0.5,0.375,0.125,0.0,6,0,2,2,4,-5.2574651625,39.7705160375,4,0,0,0,1,0,1,0,0,5.0
CHAKE-CHAKE,2021,22,4,0.25,0.75,0.0,0.0,1.0,0.0,0.0,3,0,1,0,3,-5.2173595,39.77560733333333,1,0,0,0,0,0,1,1,0,5.0
CHAKE-CHAKE,2021,23,11,0.5454545454545454,0.45454545454545453,0.09090909090909091,0.36363636363636365,0.2727272727272727,0.2727272727272727,0.0,5,0,6,1,4,-5.2323685,39.75004153,2,0,0,0,4,0,0,1,0,6.0
CHAKE-CHAKE,2021,24,5,0.8,0.2,0.0,0.6,0.4,0.0,0.0,4,0,1,1,3,-5.1895994,39.787053666666665,3,0,0,0,0,0,0,0,0,6.0
CHAKE-CHAKE,2021,25,9,0.5555555555555556,0.4444444444444444,0.0,0.0,0.4444444444444444,0.3333333333333333,0.2222222222222222,8,0,1,1,7,-5.218934871428571,39.78250205714286,1,0,0,1,1,0,1,2,0,6.0
CHAKE-CHAKE,2021,26,6,0.6666666666666666,0.3333333333333333,0.16666666666666666,0.0,0.6666666666666666,0.16666666666666666,0.0,6,0,0,0,6,-5.2282259,39.76736478,0,0,0,1,3,0,0,0,0,6.0
CHAKE-CHAKE,2021,27,6,0.3333333333333333,0.5,0.0,0.3333333333333333,0.3333333333333333,0.16666666666666666,0.0,5,0,1,4,1,-5.2751752750000005,39.771358975,2,0,0,0,1,0,0,1,0,7.0
CHAKE-CHAKE,2021,28,12,0.5833333333333334,0.4166666666666667,0.08333333333333333,0.0,0.8333333333333334,0.08333333333333333,0.0,6,0,6,0,6,-5.259744291666666,39.7514101,3,0,0,0,1,0,1,0,0,7.0
CHAKE-CHAKE,2021,29,6,0.8333333333333334,0.16666666666666666,0.0,0.0,0.5,0.16666666666666666,0.3333333333333333,5,0,1,2,3,-5.2205651600000005,39.779293440000004,1,0,0,0,2,0,1,0,0,7.0
CHAKE-CHAKE,2021,30,4,0.5,0.5,0.25,0.0,0.0,0.0,0.75,2,0,2,0,2,-5.2486470999999995,39.74847595,1,0,0,0,1,0,0,0,0,7.0
CHAKE-CHAKE,2021,31,3,1.0,0.0,0.0,0.0,0.3333333333333333,0.0,0.6666666666666666,3,0,0,1,2,-5.233746366666667,39.779465333333334,0,0,0,0,0,0,0,0,0,7.0
CHAKE-CHAKE,2021,32,1,1.0,0.0,0.0,0.0,1.0,0.0,0.0,1,0,0,0,1,,,0,0,0,1,0,0,0,0,0,8.0
CHAKE-CHAKE,2021,33,4,0.75,0.25,0.5,0.0,0.25,0.25,0.0,3,0,1,2,1,-5.25647345,39.75866605,0,0,0,0,1,0,0,0,0,8.0
CHAKE-CHAKE,2021,34,1,1.0,0.0,0.0,0.0,1.0,0.0,0.0,1,0,0,0,1,-5.2326591,39.7545935,0,0,0,0,1,0,0,0,0,8.0
CHAKE-CHAKE,2021,35,1,1.0,0.0,0.0,1.0,0.0,0.0,0.0,1,0,0,0,1,-5.1880838,39.7867439,0,0,0,0,0,0,0,0,0,8.0
CHAKE-CHAKE,2021,36,5,1.0,0.0,0.4,0.0,0.2,0.0,0.4,4,0,1,1,3,-5.2378054800000005,39.8031498,1,0,0,0,2,0,0,0,0,9.0
CHAKE-CHAKE,2021,37,6,0.8333333333333334,0.16666666666666666,0.16666666666666666,0.0,0.5,0.16666666666666666,0.16666666666666666,6,0,0,2,4,-5.24035364,39.776736140000004,1,0,0,1,1,0,0,0,0,9.0
CHAKE-CHAKE,2021,38,2,0.5,0.5,0.5,0.0,0.0,0.5,0.0,2,0,0,1,1,-5.2828492,39.749952,0,0,0,0,1,0,0,0,0,9.0
CHAKE-CHAKE,2021,39,1,1.0,0.0,0.0,1.0,0.0,0.0,0.0,1,0,0,0,1,-5.1762708,39.8224469,1,0,0,0,0,0,0,0,0,9.0
CHAKE-CHAKE,2021,40,6,0.5,0.5,0.16666666666666666,0.16666666666666666,0.6666666666666666,0.0,0.0,5,0,1,0,5,-5.232980700000001,39.74003512,1,0,0,0,1,1,0,2,0,9.0
CHAKE-CHAKE,2021,41,0,0.0,0.0,0.0,0.0,0.0,0.0,0.0,0,0,0,0,0,0.0,0.0,0,0,0,0,0,0,0,0,0,10.0
CHAKE-CHAKE,2021,42,5,0.6,0.4,0.2,0.2,0.4,0.2,0.0,3,0,2,1,2,-5.289937,39.742498760000004,1,0,0,0,1,0,1,0,0,10.0
CHAKE-CHAKE,2021,43,2,1.0,0.0,0.5,0.0,0.5,0.0,0.0,2,0,0,0,2,-5.24669415,39.79120845,0,0,0,0,1,0,0,0,0,10.0
CHAKE-CHAKE,2021,44,3,0.6666666666666666,0.3333333333333333,0.3333333333333333,0.0,0.6666666666666666,0.0,0.0,3,0,0,0,3,-5.291083966666666,39.76629416666667,0,0,0,0,0,0,0,0,0,10.0
CHAKE-CHAKE,2021,45,5,0.6,0.4,0.2,0.0,0.4,0.0,0.2,5,0,0,5,0,-5.2393549,39.77900435,1,0,0,0,0,0,0,1,0,11.0
CHAKE-CHAKE,2021,46,1,1.0,0.0,1.0,0.0,0.0,0.0,0.0,1,0,0,0,1,,,0,0,0,0,0,0,0,0,0,11.0
CHAKE-CHAKE,2021,47,0,0.0,0.0,0.0,0.0,0.0,0.0,0.0,0,0,0,0,0,0.0,0.0,0,0,0,0,0,0,0,0,0,
CHAKE-CHAKE,2021,48,1,1.0,0.0,0.0,0.0,1.0,0.0,0.0,1,0,0,1,0,-5.2714187,39.7698148,0,0,0,0,0,0,1,0,0,11.0
CHAKE-CHAKE,2021,49,0,0.0,0.0,0.0,0.0,0.0,0.0,0.0,0,0,0,0,0,0.0,0.0,0,0,0,0,0,0,0,0,0,
CHAKE-CHAKE,2021,50,6,0.8333333333333334,0.16666666666666666,0.16666666666666666,0.16666666666666666,0.16666666666666666,0.5,0.0,6,0,0,2,4,-5.20698515,39.7530751,1,0,0,0,0,0,0,0,0,12.0
CHAKE-CHAKE,2021,51,1,1.0,0.0,0.0,0.0,0.0,1.0,0.0,0,0,1,0,0,-5.2089548,39.7140909,0,0,0,0,1,0,0,0,0,12.0
CHAKE-CHAKE,2021,52,5,1.0,0.0,0.0,0.0,0.8,0.2,0.0,5,0,0,0,5,-5.2828369,39.76886296666667,0,0,0,0,1,0,0,0,0,12.0
CHAKE-CHAKE,2022,1,2,0.5,0.5,0.0,0.5,0.0,0.5,0.0,1,0,1,0,1,-5.2336898,39.7752147,1,0,0,0,0,0,0,0,0,1.0
CHAKE-CHAKE,2022,2,9,0.4444444444444444,0.5555555555555556,0.3333333333333333,0.2222222222222222,0.3333333333333333,0.1111111111111111,0.0,6,0,3,1,5,-5.220322577777777,39.768908611111115,3,0,0,0,0,0,0,2,0,1.0
CHAKE-CHAKE,2022,3,6,0.6666666666666666,0.3333333333333333,0.0,0.3333333333333333,0.16666666666666666,0.3333333333333333,0.16666666666666666,3,0,3,1,2,-5.2344636499999995,39.774337116666665,2,0,0,0,1,0,1,1,0,1.0
CHAKE-CHAKE,2022,4,11,0.6363636363636364,0.36363636363636365,0.09090909090909091,0.45454545454545453,0.45454545454545453,0.0,0.0,8,0,3,3,5,-5.249408636363636,39.762289845454546,5,0,0,0,0,0,0,1,0,1.0
CHAKE-CHAKE,2022,5,2,0.5,0.5,0.0,0.5,0.5,0.0,0.0,2,0,0,1,1,-5.2304946,39.7718428,1,0,0,0,0,0,1,0,0,1.0
CHAKE-CHAKE,2022,6,5,0.4,0.6,0.0,0.2,0.4,0.4,0.0,5,0,0,1,4,-5.206799575,39.765485749999996,1,0,0,1,2,0,0,0,0,1.0
CHAKE-CHAKE,2022,7,9,0.5555555555555556,0.4444444444444444,0.0,0.0,1.0,0.0,0.0,7,0,2,2,5,-5.229602874999999,39.7844966875,0,0,0,0,5,0,0,3,0,2.0
CHAKE-CHAKE,2022,8,6,0.8333333333333334,0.16666666666666666,0.0,0.0,0.8333333333333334,0.0,0.16666666666666666,4,0,2,1,3,-5.23007095,39.79829661666667,0,0,0,0,3,0,0,1,0,2.0
CHAKE-CHAKE,2022,9,2,1.0,0.0,0.0,0.0,0.5,0.5,0.0,1,0,1,0,1,-5.2240369,39.7977051,0,0,0,0,1,0,0,0,0,2.0
CHAKE-CHAKE,2022,10,2,1.0,0.0,0.0,0.0,1.0,0.0,0.0,2,0,0,0,2,-5.1996299,39.74225165,0,0,0,0,0,0,0,0,0,3.0
CHAKE-CHAKE,2022,11,1,1.0,0.0,0.0,0.0,1.0,0.0,0.0,1,0,0,0,1,-5.2614239,39.8202301,0,0,0,0,0,0,0,0,0,3.0
CHAKE-CHAKE,2022,12,0,0.0,0.0,0.0,0.0,0.0,0.0,0.0,0,0,0,0,0,0.0,0.0,0,0,0,0,0,0,0,0,0,
CHAKE-CHAKE,2022,13,2,1.0,0.0,0.0,0.0,1.0,0.0,0.0,2,0,0,2,0,-5.2431470000000004,39.76865065,0,0,0,0,0,0,0,0,0,3.0
CHAKE-CHAKE,2022,14,1,1.0,0.0,0.0,0.0,1.0,0.0,0.0,1,0,0,1,0,-5.2202176,39.7731138,0,0,0,0,0,0,0,0,0,3.0
CHAKE-CHAKE,2022,15,2,0.0,1.0,0.5,0.0,0.5,0.0,0.0,1,0,1,1,0,-5.2348718,39.7816111,0,0,0,0,0,0,0,1,0,4.0
CHAKE-CHAKE,2022,16,4,0.75,0.25,0.25,0.0,0.25,0.5,0.0,4,0,0,1,3,-5.242693324999999,39.770762575,0,0,0,0,0,0,0,0,0,4.0
CHAKE-CHAKE,2022,17,4,0.75,0.25,0.5,0.0,0.0,0.5,0.0,3,0,1,1,2,-5.2394212,39.771410933333335,0,0,0,0,0,0,0,1,0,4.0
CHAKE-CHAKE,2022,18,2,1.0,0.0,0.0,0.0,1.0,0.0,0.0,2,0,0,1,1,-5.2133894000000005,39.782953750000004,0,0,0,0,0,0,0,0,0,4.0
CHAKE-CHAKE,2022,19,3,0.6666666666666666,0.3333333333333333,0.0,0.6666666666666666,0.3333333333333333,0.0,0.0,1,0,2,0,1,-5.2407879,39.7708448,2,0,0,0,0,0,0,1,0,5.0
CHAKE-CHAKE,2022,20,2,1.0,0.0,0.0,0.0,0.0,1.0,0.0,2,0,0,0,2,-5.2373068499999995,39.805247550000004,0,0,0,0,0,0,0,0,0,5.0
CHAKE-CHAKE,2022,21,2,0.5,0.5,0.0,0.0,0.5,0.5,0.0,2,0,0,0,2,-5.2368566,39.75826065,0,0,0,0,0,1,0,0,0,5.0
CHAKE-CHAKE,2022,22,13,0.6153846153846154,0.38461538461538464,0.07692307692307693,0.5384615384615384,0.38461538461538464,0.0,0.0,6,0,7,1,5,-5.189493891666666,39.80233275,7,0,0,0,0,0,1,0,0,5.0
CHAKE-CHAKE,2022,23,5,0.6,0.4,0.2,0.2,0.6,0.0,0.0,4,0,1,1,3,-5.2243288,39.79320252,2,0,0,0,1,0,0,0,0,6.0
CHAKE-CHAKE,2022,24,4,0.5,0.5,0.0,0.0,1.0,0.0,0.0,4,0,0,1,3,-5.248503375,39.7700679,0,0,0,0,2,0,0,0,0,6.0
CHAKE-CHAKE,2022,25,3,1.0,0.0,0.0,0.3333333333333333,0.0,0.6666666666666666,0.0,3,0,0,0,3,-5.218007733333334,39.785776166666665,0,0,0,0,0,1,0,0,0,6.0
CHAKE-CHAKE,2022,26,8,0.75,0.125,0.25,0.0,0.25,0.25,0.125,8,0,0,1,7,-5.223299114285714,39.78285097142857,0,0,0,1,1,0,0,1,0,6.0
CHAKE-CHAKE,2022,27,1,1.0,0.0,0.0,0.0,1.0,0.0,0.0,1,0,0,1,0,-5.2120103,39.6697482,0,0,0,0,0,0,0,0,0,6.0
CHAKE-CHAKE,2022,28,0,0.0,0.0,0.0,0.0,0.0,0.0,0.0,0,0,0,0,0,0.0,0.0,0,0,0,0,0,0,0,0,0,
CHAKE-CHAKE,2022,29,0,0.0,0.0,0.0,0.0,0.0,0.0,0.0,0,0,0,0,0,0.0,0.0,0,0,0,0,0,0,0,0,0,
CHAKE-CHAKE,2022,30,3,0.6666666666666666,0.3333333333333333,0.0,0.0,0.6666666666666666,0.3333333333333333,0.0,3,0,0,0,3,-5.214236333333333,39.80600263333333,1,0,0,0,0,0,0,0,0,7.0
CHAKE-CHAKE,2022,31,9,0.5555555555555556,0.4444444444444444,0.6666666666666666,0.0,0.3333333333333333,0.0,0.0,5,0,4,0,5,-5.2576863,39.80648415555556,0,0,0,0,2,0,0,1,0,7.0
CHAKE-CHAKE,2022,32,1,1.0,0.0,1.0,0.0,0.0,0.0,0.0,1,0,0,1,0,,,0,0,0,0,0,0,0,0,0,7.0
CHAKE-CHAKE,2022,33,1,1.0,0.0,0.0,0.0,0.0,0.0,1.0,1,0,0,0,1,-5.2177212,39.7734546,0,0,0,0,0,0,0,0,0,8.0
CHAKE-CHAKE,2022,34,8,0.25,0.75,0.25,0.375,0.375,0.0,0.0,7,0,1,0,4,-5.415433999999999,39.66495974,2,0,0,0,1,0,0,0,0,8.0
CHAKE-CHAKE,2022,35,0,0.0,0.0,0.0,0.0,0.0,0.0,0.0,0,0,0,0,0,0.0,0.0,0,0,0,0,0,0,0,0,0,8.0
CHAKE-CHAKE,2022,36,2,0.5,0.5,0.0,0.0,0.5,0.5,0.0,2,0,0,0,2,-5.2366071000000005,39.79239425,0,0,0,0,0,0,0,0,0,8.0
CHAKE-CHAKE,2022,37,0,0.0,0.0,0.0,0.0,0.0,0.0,0.0,0,0,0,0,0,0.0,0.0,0,0,0,0,0,0,0,0,0,
CHAKE-CHAKE,2022,38,1,0.0,1.0,1.0,0.0,0.0,0.0,0.0,1,0,0,0,1,-5.2437103,39.7906622,0,0,0,0,1,0,0,0,0,9.0
CHAKE-CHAKE,2022,39,2,1.0,0.0,0.5,0.5,0.0,0.0,0.0,2,0,0,0,2,-5.2749837500000005,39.75724545,1,0,0,0,0,0,0,0,0,9.0
CHAKE-CHAKE,2022,40,1,1.0,0.0,0.0,0.0,1.0,0.0,0.0,1,0,0,1,0,-5.2376118,39.7783634,0,0,0,0,0,0,0,0,0,9.0
CHAKE-CHAKE,2022,41,5,0.8,0.2,0.2,0.0,0.4,0.2,0.2,4,0,1,0,4,-5.44506485,39.627525875,0,0,0,0,0,0,1,1,0,10.0
CHAKE-CHAKE,2022,42,0,0.0,0.0,0.0,0.0,0.0,0.0,0.0,0,0,0,0,0,0.0,0.0,0,0,0,0,0,0,0,0,0,
CHAKE-CHAKE,2022,43,2,1.0,0.0,0.0,0.0,1.0,0.0,0.0,2,0,0,1,1,-5.7687574999999995,39.55116555,0,0,0,0,0,0,0,0,0,10.0
CHAKE-CHAKE,2022,44,1,1.0,0.0,1.0,0.0,0.0,0.0,0.0,1,0,0,0,1,-5.198318,39.8236365,0,0,0,0,0,0,0,0,0,10.0
CHAKE-CHAKE,2022,45,0,0.0,0.0,0.0,0.0,0.0,0.0,0.0,0,0,0,0,0,0.0,0.0,0,0,0,0,0,0,0,0,0,
CHAKE-CHAKE,2022,46,1,0.0,1.0,0.0,0.0,1.0,0.0,0.0,1,0,0,0,1,-5.2395261,39.7773091,0,0,0,0,0,0,0,1,0,11.0
CHAKE-CHAKE,2022,47,4,0.75,0.0,0.0,0.0,0.5,0.25,0.0,4,0,0,2,2,-5.23787825,39.77924695,0,0,0,0,0,0,0,0,0,11.0
CHAKE-CHAKE,2022,48,4,0.75,0.25,0.0,0.0,0.5,0.5,0.0,4,0,0,3,1,-5.212962399999999,39.78705136666667,1,0,0,0,0,0,0,0,0,11.0
CHAKE-CHAKE,2022,49,2,1.0,0.0,0.5,0.0,0.5,0.0,0.0,2,0,0,1,1,-5.22758035,39.8003695,0,0,0,0,0,0,0,0,0,11.0
CHAKE-CHAKE,2022,50,0,0.0,0.0,0.0,0.0,0.0,0.0,0.0,0,0,0,0,0,0.0,0.0,0,0,0,0,0,0,0,0,0,12.0
CHAKE-CHAKE,2022,51,0,0.0,0.0,0.0,0.0,0.0,0.0,0.0,0,0,0,0,0,0.0,0.0,0,0,0,0,0,0,0,0,0,
CHAKE-CHAKE,2022,52,2,0.5,0.5,0.0,0.5,0.5,0.0,0.0,1,0,1,0,1,-5.2331632,39.7795809,0,0,0,0,0,0,0,0,0,12.0
CHAKE-CHAKE,2023,1,2,0.0,1.0,0.0,0.0,0.0,1.0,0.0,2,0,0,0,2,-5.235225,39.7779733,0,0,0,0,0,0,0,0,0,1.0
CHAKE-CHAKE,2023,2,7,1.0,0.0,0.0,0.14285714285714285,0.5714285714285714,0.2857142857142857,0.0,7,0,0,0,7,-5.25214235,39.76512098333333,1,0,0,0,1,0,0,0,0,1.0
CHAKE-CHAKE,2023,3,2,1.0,0.0,0.0,0.0,1.0,0.0,0.0,2,0,0,0,1,,,0,0,0,0,0,0,0,0,0,1.0
CHAKE-CHAKE,2023,4,3,1.0,0.0,0.3333333333333333,0.0,0.0,0.3333333333333333,0.3333333333333333,3,0,0,1,1,-5.2387706000000005,39.8017141,0,0,0,0,0,0,0,0,0,1.0
CHAKE-CHAKE,2023,5,4,0.75,0.25,0.25,0.0,0.75,0.0,0.0,4,0,0,1,3,-5.237157125,39.7960575,0,0,0,1,0,0,0,0,0,2.0
CHAKE-CHAKE,2023,6,1,0.0,1.0,1.0,0.0,0.0,0.0,0.0,1,0,0,0,1,-5.2587111,39.7747697,0,0,0,0,0,0,0,0,0,2.0
CHAKE-CHAKE,2023,7,5,0.4,0.6,0.0,0.4,0.2,0.2,0.2,5,0,0,2,1,-5.25121825,39.76551015,1,0,0,0,0,0,0,0,0,2.0
CHAKE-CHAKE,2023,8,2,0.0,1.0,0.0,0.0,0.5,0.0,0.5,2,0,0,1,0,-5.2528452,39.774802,0,0,0,0,0,0,0,0,0,2.0
CHAKE-CHAKE,2023,9,0,0.0,0.0,0.0,0.0,0.0,0.0,0.0,0,0,0,0,0,0.0,0.0,0,0,0,0,0,0,0,0,0,2.0
CHAKE-CHAKE,2023,10,0,0.0,0.0,0.0,0.0,0.0,0.0,0.0,0,0,0,0,0,0.0,0.0,0,0,0,0,0,0,0,0,0,
CHAKE-CHAKE,2023,11,2,0.5,0.5,0.5,0.5,0.0,0.0,0.0,2,0,0,0,2,-5.292381449999995,39.73824190833329,1,0,0,0,0,0,0,0,0,3.0
CHAKE-CHAKE,2023,12,5,0.2,0.8,0.0,0.4,0.2,0.0,0.4,3,0,2,1,2,-5.2731727999999976,39.74692690333332,2,0,0,0,0,0,0,1,0,3.0
CHAKE-CHAKE,2023,13,0,0.0,0.0,0.0,0.0,0.0,0.0,0.0,0,0,0,0,0,0.0,0.0,0,0,0,0,0,0,0,0,0,
CHAKE-CHAKE,2023,14,2,1.0,0.0,0.0,0.0,0.0,1.0,0.0,2,0,0,2,0,-5.2748587,39.7409097,0,0,0,0,1,0,0,0,0,4.0
CHAKE-CHAKE,2023,15,1,1.0,0.0,0.0,0.0,1.0,0.0,0.0,1,0,0,0,1,-5.2922302,39.7083443666666,0,0,0,0,0,0,0,0,0,4.0
CHAKE-CHAKE,2023,16,2,0.0,1.0,0.0,0.0,0.5,0.0,0.5,2,0,0,0,2,-5.2509993,39.7778967,1,0,0,0,0,0,0,0,0,4.0
CHAKE-CHAKE,2023,17,1,1.0,0.0,0.0,0.0,0.0,1.0,0.0,1,0,0,1,0,-5.2478089,39.7664556,0,0,0,0,0,0,0,0,0,4.0
CHAKE-CHAKE,2023,18,4,1.0,0.0,0.0,0.0,0.75,0.25,0.0,4,0,0,1,3,-5.24899545,39.79548815,0,0,0,0,0,0,0,0,0,5.0
CHAKE-CHAKE,2023,19,0,0.0,0.0,0.0,0.0,0.0,0.0,0.0,0,0,0,0,0,0.0,0.0,0,0,0,0,0,0,0,0,0,
CHAKE-CHAKE,2023,20,2,0.0,1.0,0.0,0.0,1.0,0.0,0.0,2,0,0,0,2,-5.23475125,39.76289475,0,0,0,0,1,0,0,0,0,5.0
CHAKE-CHAKE,2023,21,6,0.6666666666666666,0.3333333333333333,0.0,0.16666666666666666,0.0,0.6666666666666666,0.16666666666666666,6,0,0,2,4,-5.2429130200000005,39.78566534,1,0,0,0,1,0,0,1,0,5.0
CHAKE-CHAKE,2023,22,1,0.0,1.0,0.0,1.0,0.0,0.0,0.0,1,0,0,1,0,-5.1926311,39.6586139,1,0,0,0,0,0,0,0,0,6.0
CHAKE-CHAKE,2023,23,8,1.0,0.0,0.0,0.25,0.25,0.25,0.25,8,0,0,5,3,-5.2512709,39.75795088571429,2,0,0,1,1,0,0,0,0,6.0
CHAKE-CHAKE,2023,24,5,0.8,0.2,0.0,0.0,0.6,0.4,0.0,5,0,0,1,4,-5.27539276,39.78494396,2,0,0,0,0,0,1,1,0,6.0
CHAKE-CHAKE,2023,25,8,0.875,0.125,0.125,0.125,0.375,0.25,0.125,8,0,0,2,5,-5.240902566666667,39.77399646666667,2,0,0,0,0,1,1,0,0,6.0
CHAKE-CHAKE,2023,26,9,0.6666666666666666,0.3333333333333333,0.1111111111111111,0.1111111111111111,0.3333333333333333,0.1111111111111111,0.3333333333333333,8,0,1,2,6,-5.2480016888888885,39.777021177777776,1,0,0,0,1,0,0,3,0,6.0
CHAKE-CHAKE,2023,27,3,1.0,0.0,0.0,0.0,1.0,0.0,0.0,3,0,0,2,1,-5.263502450000001,39.7359354,0,0,0,0,1,0,0,0,0,7.0
CHAKE-CHAKE,2023,28,9,0.4444444444444444,0.5555555555555556,0.1111111111111111,0.4444444444444444,0.4444444444444444,0.0,0.0,6,0,3,0,6,-5.266939585714286,39.768905714285715,5,0,0,0,0,0,0,0,0,7.0
CHAKE-CHAKE,2023,29,2,1.0,0.0,0.0,1.0,0.0,0.0,0.0,2,0,0,1,1,-5.2406705,39.757411649999995,2,0,0,0,0,0,0,0,0,7.0
CHAKE-CHAKE,2023,30,9,0.6666666666666666,0.3333333333333333,0.0,0.4444444444444444,0.3333333333333333,0.0,0.2222222222222222,7,0,2,1,5,-5.3256385250000005,39.660962212499996,5,0,0,0,1,0,0,0,0,7.0
CHAKE-CHAKE,2023,31,8,1.0,0.0,0.0,0.125,0.875,0.0,0.0,8,0,0,3,4,-5.231583916666667,39.76687905,0,0,0,1,0,1,0,0,0,8.0
CHAKE-CHAKE,2023,32,1,0.0,1.0,0.0,0.0,1.0,0.0,0.0,1,0,0,0,1,-5.2350998,39.780012,1,0,0,0,0,0,0,0,0,8.0
CHAKE-CHAKE,2023,33,0,0.0,0.0,0.0,0.0,0.0,0.0,0.0,0,0,0,0,0,0.0,0.0,0,0,0,0,0,0,0,0,0,8.0
CHAKE-CHAKE,2023,34,2,1.0,0.0,0.0,0.0,1.0,0.0,0.0,2,0,0,1,1,-5.213106,39.79844755,0,0,0,0,1,0,0,0,0,8.0
CHAKE-CHAKE,2023,35,1,1.0,0.0,0.0,0.0,0.0,1.0,0.0,1,0,0,0,1,-5.1826223,39.8001259,0,0,0,0,0,0,0,0,0,8.0
CHAKE-CHAKE,2023,36,0,0.0,0.0,0.0,0.0,0.0,0.0,0.0,0,0,0,0,0,0.0,0.0,0,0,0,0,0,0,0,0,0,
CHAKE-CHAKE,2023,37,0,0.0,0.0,0.0,0.0,0.0,0.0,0.0,0,0,0,0,0,0.0,0.0,0,0,0,0,0,0,0,0,0,
CHAKE-CHAKE,2023,38,8,0.625,0.375,0.25,0.25,0.375,0.125,0.0,5,0,3,1,4,-5.26143905,39.755660825,1,0,0,0,0,0,0,2,0,9.0
CHAKE-CHAKE,2023,39,2,1.0,0.0,0.0,0.5,0.5,0.0,0.0,2,0,0,1,1,-5.273078849999999,39.7550219,1,0,0,0,0,0,0,0,0,9.0
CHAKE-CHAKE,2023,40,4,0.75,0.25,0.5,0.0,0.5,0.0,0.0,4,0,0,2,2,-5.259270566666667,39.7726942,1,0,0,0,0,0,0,0,0,10.0
CHAKE-CHAKE,2023,41,4,0.75,0.25,0.5,0.0,0.5,0.0,0.0,4,0,0,0,4,-5.237479575,39.7798171,0,0,0,0,0,0,0,0,0,10.0
CHAKE-CHAKE,2023,42,0,0.0,0.0,0.0,0.0,0.0,0.0,0.0,0,0,0,0,0,0.0,0.0,0,0,0,0,0,0,0,0,0,10.0
CHAKE-CHAKE,2023,43,2,0.5,0.5,0.0,0.0,1.0,0.0,0.0,2,0,0,2,0,-5.2392708,39.77195455,1,0,0,0,0,0,0,0,0,10.0
CHAKE-CHAKE,2023,44,3,0.6666666666666666,0.3333333333333333,0.0,0.0,0.0,1.0,0.0,2,0,1,0,2,-5.249607433333334,39.7860048,0,0,0,0,0,0,0,0,0,10.0
CHAKE-CHAKE,2023,45,2,0.5,0.5,0.5,0.0,0.5,0.0,0.0,2,0,0,0,2,-5.27750385,39.80211765,0,0,0,0,0,0,0,0,0,11.0
CHAKE-CHAKE,2023,46,3,0.6666666666666666,0.3333333333333333,0.0,0.0,0.6666666666666666,0.0,0.3333333333333333,3,0,0,0,2,-5.2526560306306305,39.7881907663443,0,0,0,1,0,0,0,1,0,11.0
CHAKE-CHAKE,2023,47,1,1.0,0.0,0.0,0.0,0.0,0.0,1.0,1,0,0,0,1,-5.2309387,39.7808438,0,0,0,0,0,0,0,0,0,11.0
CHAKE-CHAKE,2023,48,2,1.0,0.0,0.0,0.5,0.5,0.0,0.0,2,0,0,0,2,-5.210393,39.6985789,1,0,0,0,0,0,0,0,0,11.0
CHAKE-CHAKE,2023,49,3,1.0,0.0,0.0,0.0,0.6666666666666666,0.3333333333333333,0.0,3,0,0,0,3,-5.2592818333333335,39.769457,0,0,0,0,0,0,0,0,0,12.0
CHAKE-CHAKE,2023,50,11,0.6363636363636364,0.36363636363636365,0.0,0.2727272727272727,0.45454545454545453,0.2727272727272727,0.0,11,0,0,3,7,-5.2347778300000005,39.78587586,4,0,0,0,0,1,0,1,0,12.0
CHAKE-CHAKE,2023,51,17,0.7647058823529411,0.23529411764705882,0.058823529411764705,0.17647058823529413,0.5294117647058824,0.058823529411764705,0.17647058823529413,17,0,0,1,11,-5.2308635,39.77772163636364,3,0,0,0,0,0,0,2,0,12.0
CHAKE-CHAKE,2023,52,23,0.6521739130434783,0.34782608695652173,0.043478260869565216,0.17391304347826086,0.391304347826087,0.21739130434782608,0.17391304347826086,23,0,0,4,14,-5.23887034,39.77615092,7,0,0,0,0,0,0,2,0,12.0
MKOANI,2018,1,5,0.8,0.0,0.0,0.4,0.4,0.0,0.0,5,0,0,0,5,-5.398633231563069,39.6905028848278,0,0,0,0,0,0,0,0,0,1.0
MKOANI,2018,2,4,1.0,0.0,0.0,0.0,0.5,0.5,0.0,4,0,0,1,3,-5.06101647857576,39.7195606771856,0,0,0,0,0,0,0,0,0,1.0
MKOANI,2018,3,5,0.2,0.6,0.0,0.2,0.6,0.0,0.0,5,0,0,2,2,-5.565206334640974,39.4851743892362,0,0,0,0,0,0,0,0,0,1.0
MKOANI,2018,4,3,0.6666666666666666,0.0,0.0,0.3333333333333333,0.3333333333333333,0.0,0.0,3,0,0,2,1,,,0,0,0,0,0,0,0,0,0,1.0
MKOANI,2018,5,2,0.0,0.0,0.0,0.0,0.0,0.0,0.0,2,0,0,0,2,,,0,0,0,0,0,0,0,0,0,1.0
MKOANI,2018,6,4,0.25,0.25,0.0,0.25,0.0,0.25,0.0,4,0,0,0,4,,,0,0,0,0,0,0,0,0,0,2.0
MKOANI,2018,7,1,1.0,0.0,0.0,1.0,0.0,0.0,0.0,1,0,0,0,1,-5.0606725,39.7194919,0,0,0,0,0,0,0,0,0,2.0
MKOANI,2018,8,2,1.0,0.0,0.5,0.0,0.0,0.5,0.0,2,0,0,1,1,-5.4988419,39.5296363,0,0,0,0,0,0,0,0,0,2.0
MKOANI,2018,9,1,0.0,0.0,0.0,0.0,0.0,0.0,0.0,1,0,0,0,1,,,0,0,0,0,0,0,0,0,0,3.0
MKOANI,2018,10,4,0.25,0.25,0.25,0.25,0.0,0.0,0.0,3,0,1,0,3,-5.3317186188738805,39.7481741672891,0,0,0,0,0,0,0,0,0,3.0
MKOANI,2018,11,1,0.0,0.0,0.0,0.0,0.0,0.0,0.0,1,0,0,0,1,,,0,0,0,0,0,0,0,0,0,3.0
MKOANI,2018,12,3,0.6666666666666666,0.3333333333333333,0.0,0.0,0.6666666666666666,0.3333333333333333,0.0,3,0,0,1,2,-5.41800638660788,39.7274007741361,0,0,0,0,0,0,0,0,0,3.0
MKOANI,2018,13,5,0.6,0.2,0.2,0.2,0.2,0.0,0.2,5,0,0,2,3,-5.923983552692554,39.391571351674536,0,0,0,0,0,0,0,0,0,3.0
MKOANI,2018,14,7,0.14285714285714285,0.2857142857142857,0.0,0.0,0.14285714285714285,0.0,0.2857142857142857,7,0,0,0,7,-5.4179102461785,39.7272124327719,0,0,0,0,0,0,0,0,0,4.0
MKOANI,2018,15,0,0.0,0.0,0.0,0.0,0.0,0.0,0.0,0,0,0,0,0,0.0,0.0,0,0,0,0,0,0,0,0,0,4.0
MKOANI,2018,16,1,0.0,1.0,0.0,0.0,1.0,0.0,0.0,1,0,0,0,1,-5.06062659434974,39.719321122393,0,0,0,0,0,0,0,0,0,4.0
MKOANI,2018,17,2,0.0,0.5,0.0,0.0,0.5,0.0,0.0,2,0,0,0,2,-5.06103345192968,39.7196011617779,0,0,0,0,0,0,0,0,0,4.0
MKOANI,2018,18,5,0.2,0.2,0.0,0.0,0.2,0.2,0.0,5,0,0,0,5,-5.4368903953582,39.7354534361511,0,0,0,0,0,0,0,0,0,5.0
MKOANI,2018,19,3,1.0,0.0,0.0,0.6666666666666666,0.3333333333333333,0.0,0.0,3,0,0,0,3,-5.24112031795084,39.7690423205494,0,0,0,0,0,0,0,0,0,5.0
MKOANI,2018,20,7,0.7142857142857143,0.2857142857142857,0.14285714285714285,0.42857142857142855,0.2857142857142857,0.0,0.14285714285714285,7,0,0,1,6,-5.428089761726345,39.73065001040345,0,0,0,0,0,0,0,0,0,5.0
MKOANI,2018,21,3,0.3333333333333333,0.0,0.0,0.0,0.3333333333333333,0.0,0.0,3,0,0,1,2,-5.43682577088475,39.7354766540229,0,0,0,0,0,0,0,0,0,5.0
MKOANI,2018,22,3,0.6666666666666666,0.3333333333333333,0.0,0.0,0.3333333333333333,0.3333333333333333,0.3333333333333333,3,0,0,1,2,-5.791884417760035,39.4636973566941,0,0,0,0,0,0,0,0,0,6.0
MKOANI,2018,23,3,1.0,0.0,0.0,0.0,0.3333333333333333,0.6666666666666666,0.0,3,0,0,1,2,-5.626280033820111,39.47316381864355,0,0,0,0,0,0,0,0,0,6.0
MKOANI,2018,24,4,0.5,0.5,0.25,0.25,0.25,0.0,0.25,4,0,0,0,4,-5.298810959793624,39.72465500235553,0,0,0,0,0,0,0,0,0,6.0
MKOANI,2018,25,5,0.4,0.4,0.0,0.4,0.0,0.2,0.2,5,0,0,0,4,-5.23926085559651,39.72338052000845,0,0,0,0,0,0,0,0,0,6.0
MKOANI,2018,26,9,0.0,0.2222222222222222,0.1111111111111111,0.0,0.0,0.1111111111111111,0.0,9,0,0,0,9,-5.20390470250085,39.684114495053,0,0,0,0,0,0,0,0,0,6.0
MKOANI,2018,27,6,0.16666666666666666,0.3333333333333333,0.16666666666666666,0.16666666666666666,0.16666666666666666,0.0,0.0,5,0,1,0,4,-5.377021618187423,39.677691673859904,0,0,0,0,0,0,0,0,0,7.0
MKOANI,2018,28,7,0.42857142857142855,0.14285714285714285,0.0,0.2857142857142857,0.14285714285714285,0.14285714285714285,0.0,7,0,0,0,7,-5.513546634901716,39.559056473647395,0,0,0,0,0,0,0,0,0,7.0
MKOANI,2018,29,4,0.0,0.25,0.0,0.25,0.0,0.0,0.0,4,0,0,3,1,-5.43674199376255,39.7353463154286,0,0,0,0,0,0,0,0,0,7.0
MKOANI,2018,30,1,0.0,0.0,0.0,0.0,0.0,0.0,0.0,1,0,0,1,0,,,0,0,0,0,0,0,0,0,0,7.0
MKOANI,2018,31,2,0.5,0.5,0.0,0.5,0.0,0.5,0.0,2,0,0,0,2,-5.2086128,39.68270855,0,0,0,0,0,0,0,0,0,8.0
MKOANI,2018,32,1,0.0,0.0,0.0,0.0,0.0,0.0,0.0,1,0,0,0,1,,,0,0,0,0,0,0,0,0,0,8.0
MKOANI,2018,33,2,0.5,0.5,0.0,0.5,0.0,0.5,0.0,0,0,2,0,0,-5.391958302352575,39.692055210471096,0,0,0,0,0,0,0,0,0,8.0
MKOANI,2018,34,1,0.0,1.0,0.0,1.0,0.0,0.0,0.0,1,0,0,0,1,-6.1695302,39.1951605,0,0,0,0,0,0,0,0,0,8.0
MKOANI,2018,35,1,0.0,0.0,0.0,0.0,0.0,0.0,0.0,1,0,0,1,0,,,0,0,0,0,0,0,0,0,0,9.0
MKOANI,2018,36,3,0.3333333333333333,0.0,0.0,0.0,0.3333333333333333,0.0,0.0,3,0,0,0,3,,,0,0,0,0,0,0,0,0,0,9.0
MKOANI,2018,37,1,0.0,1.0,0.0,0.0,1.0,0.0,0.0,1,0,0,0,1,,,0,0,0,0,0,0,0,0,0,9.0
MKOANI,2018,38,7,0.5714285714285714,0.2857142857142857,0.2857142857142857,0.2857142857142857,0.2857142857142857,0.0,0.0,4,0,3,0,4,,,0,0,0,0,0,0,0,0,0,9.0
MKOANI,2018,39,2,0.0,0.5,0.0,0.0,0.5,0.0,0.0,2,0,0,2,0,-5.7538069,39.2895214,0,0,0,0,0,0,0,0,0,9.0
MKOANI,2018,40,0,0.0,0.0,0.0,0.0,0.0,0.0,0.0,0,0,0,0,0,0.0,0.0,0,0,0,0,0,0,0,0,0,
MKOANI,2018,41,6,0.3333333333333333,0.0,0.16666666666666666,0.0,0.16666666666666666,0.0,0.0,6,0,0,1,5,-5.358612178824835,39.65090157464145,0,0,0,0,0,0,0,0,0,10.0
MKOANI,2018,42,0,0.0,0.0,0.0,0.0,0.0,0.0,0.0,0,0,0,0,0,0.0,0.0,0,0,0,0,0,0,0,0,0,10.0
MKOANI,2018,43,0,0.0,0.0,0.0,0.0,0.0,0.0,0.0,0,0,0,0,0,0.0,0.0,0,0,0,0,0,0,0,0,0,
MKOANI,2018,44,1,1.0,0.0,0.0,0.0,1.0,0.0,0.0,1,0,0,0,1,,,0,0,0,0,0,0,0,0,0,11.0
MKOANI,2018,45,0,0.0,0.0,0.0,0.0,0.0,0.0,0.0,0,0,0,0,0,0.0,0.0,0,0,0,0,0,0,0,0,0,
MKOANI,2018,46,0,0.0,0.0,0.0,0.0,0.0,0.0,0.0,0,0,0,0,0,0.0,0.0,0,0,0,0,0,0,0,0,0,11.0
MKOANI,2018,47,0,0.0,0.0,0.0,0.0,0.0,0.0,0.0,0,0,0,0,0,0.0,0.0,0,0,0,0,0,0,0,0,0,
MKOANI,2018,48,0,0.0,0.0,0.0,0.0,0.0,0.0,0.0,0,0,0,0,0,0.0,0.0,0,0,0,0,0,0,0,0,0,
MKOANI,2018,49,0,0.0,0.0,0.0,0.0,0.0,0.0,0.0,0,0,0,0,0,0.0,0.0,0,0,0,0,0,0,0,0,0,
MKOANI,2018,50,0,0.0,0.0,0.0,0.0,0.0,0.0,0.0,0,0,0,0,0,0.0,0.0,0,0,0,0,0,0,0,0,0,
MKOANI,2018,51,5,0.2,0.2,0.0,0.2,0.0,0.2,0.0,5,0,0,0,5,-5.4356575,39.6674589,0,0,0,0,0,0,0,0,0,12.0
MKOANI,2018,52,1,0.0,1.0,0.0,0.0,1.0,0.0,0.0,1,0,0,0,1,-5.3978404,39.6912707,0,0,0,0,0,0,0,0,0,12.0
MKOANI,2019,1,0,0.0,0.0,0.0,0.0,0.0,0.0,0.0,0,0,0,0,0,0.0,0.0,0,0,0,0,0,0,0,0,0,
MKOANI,2019,2,4,0.75,0.25,0.25,0.0,0.5,0.25,0.0,4,0,0,1,3,-5.296584266666667,39.7148271,0,0,0,0,0,0,0,0,0,1.0
MKOANI,2019,3,4,1.0,0.0,0.0,0.5,0.5,0.0,0.0,4,0,0,0,4,-5.39966775,39.6958824,0,0,0,0,0,0,0,0,0,1.0
MKOANI,2019,4,3,0.6666666666666666,0.0,0.0,0.3333333333333333,0.3333333333333333,0.0,0.0,3,0,0,0,3,-5.3742614,39.704307799999995,0,0,0,0,0,0,0,0,0,1.0
MKOANI,2019,5,7,0.42857142857142855,0.5714285714285714,0.2857142857142857,0.14285714285714285,0.14285714285714285,0.42857142857142855,0.0,3,0,4,0,3,-5.411675714285714,39.68584854285714,0,0,0,0,0,0,0,0,0,1.0
MKOANI,2019,6,5,0.8,0.2,0.0,0.2,0.6,0.2,0.0,4,0,1,0,4,-5.41340015,39.685111524999996,0,0,0,0,0,0,0,0,0,2.0
MKOANI,2019,7,3,1.0,0.0,0.3333333333333333,0.3333333333333333,0.3333333333333333,0.0,0.0,3,0,0,0,3,-5.372161233333333,39.7462547,0,0,0,0,0,0,0,0,0,2.0
MKOANI,2019,8,0,0.0,0.0,0.0,0.0,0.0,0.0,0.0,0,0,0,0,0,0.0,0.0,0,0,0,0,0,0,0,0,0,
MKOANI,2019,9,2,0.5,0.5,0.5,0.5,0.0,0.0,0.0,2,0,0,1,1,-5.3849168,39.743189,0,0,0,0,0,0,0,0,0,2.0
MKOANI,2019,10,2,1.0,0.0,0.5,0.5,0.0,0.0,0.0,1,0,1,0,1,-5.0605801,39.7194376,0,0,0,0,0,0,0,0,0,3.0
MKOANI,2019,11,4,0.25,0.75,0.0,0.25,0.5,0.0,0.25,4,0,0,1,3,-5.578596775,39.590041,0,0,0,0,0,0,0,0,0,3.0
MKOANI,2019,12,2,0.5,0.5,0.0,0.5,0.5,0.0,0.0,1,0,1,0,1,-5.4199755,39.732648499999996,0,0,0,0,0,0,0,0,0,3.0
MKOANI,2019,13,2,0.5,0.5,0.0,0.5,0.5,0.0,0.0,2,0,0,0,2,-5.40139835,39.6157903,0,0,0,0,0,0,0,0,0,3.0
MKOANI,2019,14,1,0.0,1.0,0.0,0.0,0.0,1.0,0.0,1,0,0,0,1,-5.3600729,39.6451229,0,0,0,0,0,0,0,0,0,4.0
MKOANI,2019,15,1,0.0,0.0,0.0,0.0,0.0,0.0,0.0,1,0,0,0,1,,,0,0,0,0,0,0,0,0,0,4.0
MKOANI,2019,16,3,0.6666666666666666,0.3333333333333333,0.0,0.0,0.0,0.3333333333333333,0.6666666666666666,3,0,0,0,3,-5.364669133333333,39.6535145,0,0,0,0,0,0,0,0,0,4.0
MKOANI,2019,17,2,1.0,0.0,0.0,0.5,0.5,0.0,0.0,2,0,0,0,2,-5.320064,39.74128705,0,0,0,0,0,0,0,0,0,4.0
MKOANI,2019,18,2,0.5,0.5,0.0,0.0,1.0,0.0,0.0,2,0,0,0,2,-5.426469150000001,39.66651475,0,0,0,0,0,0,0,0,0,5.0
MKOANI,2019,19,2,0.5,0.5,0.0,0.0,1.0,0.0,0.0,2,0,0,1,1,-5.7893629,39.444891549999994,0,0,0,0,0,0,0,0,0,5.0
MKOANI,2019,20,1,1.0,0.0,0.0,1.0,0.0,0.0,0.0,1,0,0,0,1,-5.2982463,39.6732634,0,0,0,0,0,0,0,0,0,5.0
MKOANI,2019,21,6,1.0,0.0,0.0,0.16666666666666666,0.6666666666666666,0.0,0.16666666666666666,6,0,0,0,6,-5.397132016666667,39.701585683333334,0,0,0,0,0,0,0,0,0,5.0
MKOANI,2019,22,5,0.6,0.4,0.0,0.4,0.4,0.2,0.0,5,0,0,0,5,-5.3606541199999995,39.699769079999996,0,0,0,0,0,0,0,0,0,5.0
MKOANI,2019,23,4,0.25,0.0,0.0,0.0,0.25,0.0,0.0,4,0,0,1,3,-5.3713733,39.7073729,0,0,0,0,0,0,0,0,0,6.0
MKOANI,2019,24,2,0.5,0.5,0.0,0.5,0.5,0.0,0.0,2,0,0,1,1,-5.4108195,39.7290226,0,0,0,0,0,0,0,0,0,6.0
MKOANI,2019,25,4,0.25,0.5,0.25,0.0,0.25,0.25,0.0,4,0,0,1,3,-5.633107866666666,39.54823936666667,0,0,0,0,0,0,0,0,0,6.0
MKOANI,2019,26,2,0.5,0.5,0.0,0.5,0.5,0.0,0.0,2,0,0,1,1,-5.7638241,39.42014595,0,0,0,0,0,0,0,0,0,6.0
MKOANI,2019,27,7,0.5714285714285714,0.42857142857142855,0.14285714285714285,0.42857142857142855,0.14285714285714285,0.0,0.2857142857142857,7,0,0,1,6,-5.3708573,39.70277603333333,2,0,0,0,0,0,0,0,0,7.0
MKOANI,2019,28,13,0.6923076923076923,0.3076923076923077,0.0,0.46153846153846156,0.5384615384615384,0.0,0.0,13,0,0,1,10,-5.431457340833333,39.5849255425,6,0,0,0,0,3,0,0,0,7.0
MKOANI,2019,29,13,0.6153846153846154,0.38461538461538464,0.07692307692307693,0.15384615384615385,0.3076923076923077,0.38461538461538464,0.07692307692307693,9,0,4,1,8,-5.401362438461538,39.64004411538462,1,0,0,0,0,2,0,0,0,7.0
MKOANI,2019,30,9,0.5555555555555556,0.4444444444444444,0.1111111111111111,0.2222222222222222,0.5555555555555556,0.1111111111111111,0.0,8,0,1,0,8,-5.350330633333333,39.66327101111111,1,0,0,0,0,0,0,0,0,7.0
MKOANI,2019,31,5,0.8,0.0,0.0,0.0,0.4,0.4,0.0,5,0,0,0,2,-5.79248295,39.468253725,0,0,0,0,0,0,0,0,0,7.0
MKOANI,2019,32,6,0.8333333333333334,0.16666666666666666,0.5,0.3333333333333333,0.0,0.16666666666666666,0.0,6,0,0,0,5,-5.2992778666666664,39.704264816666665,2,0,0,0,0,1,0,0,0,8.0
MKOANI,2019,33,2,0.5,0.5,0.5,0.0,0.5,0.0,0.0,2,0,0,0,2,-5.403601699999999,39.674540300000004,0,0,0,0,0,0,0,0,0,8.0
MKOANI,2019,34,1,1.0,0.0,0.0,0.0,0.0,1.0,0.0,1,0,0,0,1,-5.2505683,39.7749756,0,0,0,0,0,0,0,0,0,8.0
MKOANI,2019,35,0,0.0,0.0,0.0,0.0,0.0,0.0,0.0,0,0,0,0,0,0.0,0.0,0,0,0,0,0,0,0,0,0,
MKOANI,2019,36,6,0.3333333333333333,0.5,0.0,0.6666666666666666,0.16666666666666666,0.0,0.16666666666666666,6,0,0,1,5,-5.41246792,39.61634484,2,0,0,0,0,0,0,0,0,9.0
MKOANI,2019,37,2,0.5,0.5,0.0,0.0,0.5,0.5,0.0,2,0,0,1,1,-5.78004885,39.42144385,0,0,0,0,0,0,0,0,0,9.0
MKOANI,2019,38,7,0.42857142857142855,0.5714285714285714,0.0,0.14285714285714285,0.42857142857142855,0.2857142857142857,0.14285714285714285,7,0,0,1,6,-5.689288814285715,39.460083014285715,1,0,0,0,0,0,0,0,0,9.0
MKOANI,2019,39,3,0.0,1.0,0.0,0.0,1.0,0.0,0.0,3,0,0,3,0,-5.7528735,39.2947851,0,0,0,0,0,0,0,0,0,9.0
MKOANI,2019,40,1,0.0,1.0,0.0,0.0,1.0,0.0,0.0,1,0,0,0,1,-5.0605604,39.7193669,0,0,0,0,0,0,0,0,0,10.0
MKOANI,2019,41,2,1.0,0.0,0.0,0.0,0.5,0.5,0.0,2,0,0,0,2,-6.1644448,39.1966297,0,0,0,0,0,0,0,0,0,10.0
MKOANI,2019,42,3,0.3333333333333333,0.6666666666666666,0.6666666666666666,0.0,0.0,0.0,0.3333333333333333,3,0,0,0,3,-5.371863563333332,39.704616933333334,0,0,0,0,0,1,0,0,0,10.0
MKOANI,2019,43,2,0.0,0.5,0.0,1.0,0.0,0.0,0.0,1,0,1,1,0,-5.0606739,39.7194779,1,0,0,0,0,0,0,0,0,10.0
MKOANI,2019,44,0,0.0,0.0,0.0,0.0,0.0,0.0,0.0,0,0,0,0,0,0.0,0.0,0,0,0,0,0,0,0,0,0,
MKOANI,2019,45,3,0.6666666666666666,0.3333333333333333,0.0,0.3333333333333333,0.6666666666666666,0.0,0.0,3,0,0,1,2,-5.628681733333334,39.5135985,2,0,0,0,0,0,0,0,0,11.0
MKOANI,2019,46,2,0.5,0.5,0.0,0.0,0.0,0.0,1.0,2,0,0,0,2,-6.10854405,39.2278943,0,0,0,0,0,0,0,0,0,11.0
MKOANI,2019,47,4,0.75,0.25,0.25,0.0,0.25,0.5,0.0,3,0,1,0,3,-5.274879975,39.754660425,0,0,0,0,0,0,0,0,0,11.0
MKOANI,2019,48,3,0.3333333333333333,0.3333333333333333,0.0,0.0,0.3333333333333333,0.6666666666666666,0.0,3,0,0,1,2,-5.72802535,39.4298455,0,0,0,0,0,1,0,0,0,11.0
MKOANI,2019,49,4,0.75,0.0,0.0,0.0,0.5,0.0,0.25,4,0,0,0,4,-5.3452889,39.67586083333333,0,0,0,0,0,1,0,0,0,12.0
MKOANI,2019,50,6,0.8333333333333334,0.16666666666666666,0.0,0.0,0.8333333333333334,0.16666666666666666,0.0,5,0,1,0,5,-5.384263116666666,39.65280215,1,0,0,0,0,0,0,0,0,12.0
MKOANI,2019,51,10,0.1,0.3,0.2,0.2,0.5,0.0,0.1,10,0,0,3,7,-5.395133525,39.64005215,2,0,0,0,0,1,0,0,0,12.0
MKOANI,2019,52,7,0.2857142857142857,0.2857142857142857,0.14285714285714285,0.14285714285714285,0.5714285714285714,0.0,0.14285714285714285,7,0,0,3,4,-5.395203875,39.65841995,1,0,0,1,0,1,0,0,0,12.0
MKOANI,2020,1,1,0.0,0.0,0.0,0.0,1.0,0.0,0.0,1,0,0,1,0,,,0,0,0,0,0,0,0,0,0,1.0
MKOANI,2020,2,13,0.5384615384615384,0.23076923076923078,0.07692307692307693,0.23076923076923078,0.3076923076923077,0.15384615384615385,0.23076923076923078,13,0,0,1,12,-5.3830799,39.67319818,4,0,0,0,0,2,0,0,0,1.0
MKOANI,2020,3,17,0.47058823529411764,0.4117647058823529,0.058823529411764705,0.4117647058823529,0.23529411764705882,0.23529411764705882,0.058823529411764705,16,0,1,3,11,-5.381622846666667,39.644389520000004,9,0,0,0,0,0,0,0,0,1.0
MKOANI,2020,4,22,0.5,0.4090909090909091,0.13636363636363635,0.3181818181818182,0.45454545454545453,0.045454545454545456,0.045454545454545456,19,0,3,2,17,-5.411696557142856,39.72720198571428,12,0,0,0,0,1,0,0,0,1.0
MKOANI,2020,5,14,0.9285714285714286,0.0,0.0,0.35714285714285715,0.2857142857142857,0.35714285714285715,0.0,13,0,1,1,11,-5.1958695,39.71272422,6,0,0,0,0,2,0,0,0,1.0
MKOANI,2020,6,14,0.5714285714285714,0.35714285714285715,0.07142857142857142,0.21428571428571427,0.5714285714285714,0.14285714285714285,0.0,14,0,0,1,13,-5.33122335,39.677452875,2,0,0,0,0,2,0,0,0,2.0
MKOANI,2020,7,2,0.5,0.0,0.0,0.0,1.0,0.0,0.0,2,0,0,0,2,,,0,0,0,0,0,0,0,0,0,2.0
MKOANI,2020,8,13,0.6153846153846154,0.07692307692307693,0.23076923076923078,0.0,0.46153846153846156,0.3076923076923077,0.0,13,0,0,4,9,-5.46394375,39.6252593875,1,0,0,0,0,3,0,0,0,2.0
MKOANI,2020,9,5,0.2,0.4,0.2,0.0,0.8,0.0,0.0,5,0,0,0,5,-5.1245479,39.73774143333333,0,0,0,0,0,0,0,0,0,2.0
MKOANI,2020,10,11,0.5454545454545454,0.18181818181818182,0.18181818181818182,0.2727272727272727,0.36363636363636365,0.18181818181818182,0.0,10,0,1,2,8,-5.371875525,39.6850175375,1,0,0,1,0,0,0,0,0,3.0
MKOANI,2020,11,6,0.5,0.5,0.0,0.3333333333333333,0.5,0.16666666666666666,0.0,5,0,1,0,5,-5.305804883333333,39.697045233333334,3,0,0,0,0,0,0,0,0,3.0
MKOANI,2020,12,4,0.5,0.5,0.0,0.25,0.75,0.0,0.0,4,0,0,0,4,-5.3407160000000005,39.71086556666666,1,0,0,0,0,0,0,0,0,3.0
MKOANI,2020,13,4,0.5,0.5,0.0,0.25,0.75,0.0,0.0,4,0,0,1,3,-5.39692895,39.604381975,2,0,0,1,0,0,0,0,0,3.0
MKOANI,2020,14,11,0.9090909090909091,0.0,0.18181818181818182,0.36363636363636365,0.36363636363636365,0.09090909090909091,0.0,10,0,1,0,10,-5.2909315,39.70927533,2,0,0,0,0,0,0,0,0,4.0
MKOANI,2020,15,6,0.8333333333333334,0.16666666666666666,0.16666666666666666,0.0,0.6666666666666666,0.0,0.16666666666666666,6,0,0,2,4,-5.61791766,39.43105832,1,0,0,2,0,0,0,0,0,4.0
MKOANI,2020,16,9,0.2222222222222222,0.7777777777777778,0.1111111111111111,0.4444444444444444,0.3333333333333333,0.0,0.1111111111111111,9,0,0,0,9,-5.383139985714286,39.68826522857143,3,0,0,0,0,0,0,0,0,4.0
MKOANI,2020,17,5,0.4,0.6,0.0,0.2,0.2,0.6,0.0,5,0,0,0,5,-5.40616436,39.7193537,1,0,0,0,0,0,0,0,0,4.0
MKOANI,2020,18,2,1.0,0.0,0.0,0.0,1.0,0.0,0.0,2,0,0,0,2,-5.413394,39.7293447,0,0,0,0,0,0,0,0,0,4.0
MKOANI,2020,19,4,0.75,0.25,0.25,0.0,0.75,0.0,0.0,4,0,0,0,4,-5.3721336,39.715730625000006,0,0,0,0,0,0,0,0,0,5.0
MKOANI,2020,20,1,1.0,0.0,0.0,0.0,0.0,0.0,1.0,1,0,0,0,1,-5.3568198,39.6474692,0,0,0,0,0,0,0,0,0,5.0
MKOANI,2020,21,5,0.4,0.6,0.0,0.2,0.8,0.0,0.0,5,0,0,1,4,-5.37300718,39.671579539999996,4,0,0,0,0,0,0,0,0,5.0
MKOANI,2020,22,2,0.5,0.0,0.5,0.0,0.0,0.0,0.5,2,0,0,2,0,-5.3048017,39.801144,0,0,0,0,0,0,0,0,0,5.0
MKOANI,2020,23,6,0.6666666666666666,0.16666666666666666,0.16666666666666666,0.5,0.0,0.16666666666666666,0.16666666666666666,5,0,1,0,5,-5.37709424,39.69418682,3,0,0,0,0,0,0,0,0,6.0
MKOANI,2020,24,1,1.0,0.0,0.0,0.0,1.0,0.0,0.0,1,0,0,0,1,-5.3925946,39.6658465,0,0,0,0,0,1,0,0,0,6.0
MKOANI,2020,25,5,0.6,0.4,0.2,0.2,0.6,0.0,0.0,3,0,2,0,3,-5.36016946,39.67843838,1,0,0,0,0,1,0,0,0,6.0
MKOANI,2020,26,3,0.6666666666666666,0.3333333333333333,0.0,0.0,0.6666666666666666,0.3333333333333333,0.0,3,0,0,1,2,-5.301263049999999,39.73056215,1,0,0,0,0,0,0,0,0,6.0
MKOANI,2020,27,3,0.0,1.0,0.0,0.3333333333333333,0.6666666666666666,0.0,0.0,3,0,0,0,3,-5.3825885,39.6725973,2,0,0,0,0,0,0,0,0,6.0
MKOANI,2020,28,3,0.6666666666666666,0.3333333333333333,0.0,0.0,0.3333333333333333,0.3333333333333333,0.3333333333333333,2,0,1,0,2,-5.373217366666666,39.69960776666667,0,0,0,0,0,1,0,0,0,7.0
MKOANI,2020,29,0,0.0,0.0,0.0,0.0,0.0,0.0,0.0,0,0,0,0,0,0.0,0.0,0,0,0,0,0,0,0,0,0,
MKOANI,2020,30,4,1.0,0.0,0.0,0.0,0.25,0.25,0.5,4,0,0,1,3,-5.378377,39.723326633333336,0,0,0,0,0,0,0,0,0,7.0
MKOANI,2020,31,1,0.0,1.0,0.0,0.0,1.0,0.0,0.0,1,0,0,0,1,-5.3598307,39.7111619,0,0,0,0,0,0,0,0,0,7.0
MKOANI,2020,32,0,0.0,0.0,0.0,0.0,0.0,0.0,0.0,0,0,0,0,0,0.0,0.0,0,0,0,0,0,0,0,0,0,
MKOANI,2020,33,8,0.5,0.5,0.25,0.25,0.5,0.0,0.0,5,0,3,1,4,-5.468665325,39.5917061875,1,0,0,0,0,0,0,0,0,8.0
MKOANI,2020,34,2,0.5,0.5,0.0,0.0,0.5,0.5,0.0,2,0,0,0,2,-5.3858788,39.7206456,0,0,0,0,0,0,0,0,0,8.0
MKOANI,2020,35,2,0.5,0.5,0.0,1.0,0.0,0.0,0.0,2,0,0,0,2,-5.3726514000000005,39.7027466,1,0,0,0,0,0,0,0,0,8.0
MKOANI,2020,36,4,0.5,0.5,0.0,0.5,0.5,0.0,0.0,4,0,0,0,4,-5.3664358750000005,39.706990000000005,2,0,0,0,0,0,0,0,0,9.0
MKOANI,2020,37,3,0.3333333333333333,0.6666666666666666,0.3333333333333333,0.0,0.3333333333333333,0.3333333333333333,0.0,2,0,1,0,2,-5.3646356,39.74383713333333,0,0,0,0,0,0,0,0,0,9.0
MKOANI,2020,38,1,0.0,1.0,1.0,0.0,0.0,0.0,0.0,1,0,0,0,1,-5.2233226,39.7750301,0,0,0,0,0,0,0,0,0,9.0
MKOANI,2020,39,1,0.0,1.0,0.0,0.0,1.0,0.0,0.0,0,0,1,0,0,-5.2233226,39.7750301,0,0,0,0,0,0,0,0,0,9.0
MKOANI,2020,40,0,0.0,0.0,0.0,0.0,0.0,0.0,0.0,0,0,0,0,0,0.0,0.0,0,0,0,0,0,0,0,0,0,
MKOANI,2020,41,3,0.3333333333333333,0.6666666666666666,0.0,0.0,1.0,0.0,0.0,1,0,2,0,1,-5.399048,39.6689496,0,0,0,0,0,0,0,0,0,10.0
MKOANI,2020,42,0,0.0,0.0,0.0,0.0,0.0,0.0,0.0,0,0,0,0,0,0.0,0.0,0,0,0,0,0,0,0,0,0,
MKOANI,2020,43,0,0.0,0.0,0.0,0.0,0.0,0.0,0.0,0,0,0,0,0,0.0,0.0,0,0,0,0,0,0,0,0,0,
MKOANI,2020,44,0,0.0,0.0,0.0,0.0,0.0,0.0,0.0,0,0,0,0,0,0.0,0.0,0,0,0,0,0,0,0,0,0,
MKOANI,2020,45,1,1.0,0.0,0.0,1.0,0.0,0.0,0.0,1,0,0,0,1,-5.34475890453904,39.7628180868923,0,0,0,0,0,0,0,0,0,11.0
MKOANI,2020,46,1,0.0,1.0,0.0,0.0,0.0,0.0,1.0,1,0,0,0,1,-5.4072232,39.6502769,0,0,0,0,0,0,0,0,0,11.0
MKOANI,2020,47,0,0.0,0.0,0.0,0.0,0.0,0.0,0.0,0,0,0,0,0,0.0,0.0,0,0,0,0,0,0,0,0,0,
MKOANI,2020,48,5,0.4,0.6,0.2,0.0,0.2,0.2,0.4,3,0,2,1,2,-5.34689235,39.67768795,0,0,0,0,0,0,0,0,0,11.0
MKOANI,2020,49,2,1.0,0.0,0.5,0.5,0.0,0.0,0.0,2,0,0,0,2,-5.368741241462955,39.6900800374595,1,0,0,0,0,0,0,0,0,12.0
MKOANI,2020,50,4,0.5,0.5,0.25,0.25,0.5,0.0,0.0,3,0,1,0,3,-5.408981140915355,39.711760561401476,1,0,0,0,0,0,0,0,0,12.0
MKOANI,2020,51,1,1.0,0.0,0.0,0.0,0.0,1.0,0.0,1,0,0,0,1,-5.42364086955785,39.7213855013251,0,0,0,0,0,0,0,0,0,12.0
MKOANI,2020,52,1,0.0,1.0,0.0,1.0,0.0,0.0,0.0,1,0,0,0,1,-5.331622492522,39.7800458315759,1,0,0,0,0,0,0,0,0,12.0
MKOANI,2021,1,2,1.0,0.0,0.5,0.5,0.0,0.0,0.0,2,0,0,0,2,-5.37676485,39.64627695,1,0,0,0,0,0,0,0,0,1.0
MKOANI,2021,2,5,0.6,0.4,0.4,0.2,0.2,0.2,0.0,3,0,2,0,3,-5.325932625907058,39.704785132944984,1,0,0,0,0,0,0,0,0,1.0
MKOANI,2021,3,5,0.6,0.4,0.2,0.4,0.2,0.2,0.0,4,0,1,0,4,-5.332867836089956,39.719022999716536,2,0,0,0,0,0,0,0,0,1.0
MKOANI,2021,4,2,1.0,0.0,0.0,0.5,0.5,0.0,0.0,1,0,1,0,1,-5.3596929,39.6911828,2,0,0,0,0,0,0,0,0,1.0
MKOANI,2021,5,1,1.0,0.0,0.0,0.0,0.0,1.0,0.0,1,0,0,0,1,-5.3797048,39.7125115,0,0,0,0,0,0,0,0,0,1.0
MKOANI,2021,6,0,0.0,0.0,0.0,0.0,0.0,0.0,0.0,0,0,0,0,0,0.0,0.0,0,0,0,0,0,0,0,0,0,
MKOANI,2021,7,6,0.6666666666666666,0.3333333333333333,0.3333333333333333,0.16666666666666666,0.16666666666666666,0.3333333333333333,0.0,3,0,3,1,2,-5.3543937,39.67689763333333,2,0,0,0,0,0,0,0,0,2.0
MKOANI,2021,8,5,0.6,0.4,0.0,0.2,0.4,0.2,0.2,4,0,1,0,4,-5.31585152,39.69578512,3,0,0,0,0,0,0,0,0,2.0
MKOANI,2021,9,5,0.8,0.2,0.2,0.0,0.6,0.2,0.0,4,0,1,0,4,-5.33793938,39.76270918,1,0,0,0,0,0,0,0,0,2.0
MKOANI,2021,10,0,0.0,0.0,0.0,0.0,0.0,0.0,0.0,0,0,0,0,0,0.0,0.0,0,0,0,0,0,0,0,0,0,
MKOANI,2021,11,1,0.0,1.0,0.0,1.0,0.0,0.0,0.0,1,0,0,0,1,-5.4032122,39.7290296,1,0,0,0,0,0,0,0,0,3.0
MKOANI,2021,12,5,0.6,0.4,0.0,0.4,0.4,0.2,0.0,5,0,0,1,4,-5.3589594,39.71694572,3,0,0,0,0,0,0,0,0,3.0
MKOANI,2021,13,5,0.8,0.2,0.4,0.2,0.4,0.0,0.0,4,0,1,1,3,-5.4020281,39.71094276,1,0,0,0,0,0,0,0,0,3.0
MKOANI,2021,14,1,1.0,0.0,0.0,0.0,1.0,0.0,0.0,1,0,0,0,1,-5.3365265,39.7048371,0,0,0,0,1,0,0,0,0,4.0
MKOANI,2021,15,1,0.0,1.0,0.0,0.0,1.0,0.0,0.0,1,0,0,0,1,-5.3370958,39.7490893,0,0,0,0,1,0,0,0,0,4.0
MKOANI,2021,16,1,0.0,1.0,0.0,0.0,1.0,0.0,0.0,1,0,0,0,1,-5.4398639,39.6954198,0,0,0,0,0,0,0,0,0,4.0
MKOANI,2021,17,1,0.0,1.0,0.0,0.0,1.0,0.0,0.0,1,0,0,1,0,-5.3538791,39.7132585,0,0,0,0,0,0,0,1,0,4.0
MKOANI,2021,18,1,0.0,1.0,1.0,0.0,0.0,0.0,0.0,1,0,0,0,1,-5.2945495,39.6691338,0,0,0,0,0,0,0,0,0,4.0
MKOANI,2021,19,4,0.75,0.25,0.0,0.5,0.25,0.25,0.0,4,0,0,0,4,-5.273726525000001,39.7400026,1,0,0,0,1,0,1,0,0,5.0
MKOANI,2021,20,0,0.0,0.0,0.0,0.0,0.0,0.0,0.0,0,0,0,0,0,0.0,0.0,0,0,0,0,0,0,0,0,0,5.0
MKOANI,2021,21,0,0.0,0.0,0.0,0.0,0.0,0.0,0.0,0,0,0,0,0,0.0,0.0,0,0,0,0,0,0,0,0,0,
MKOANI,2021,22,1,1.0,0.0,0.0,0.0,0.0,1.0,0.0,1,0,0,0,1,-5.7497952,39.3005551,0,0,0,0,0,1,0,0,0,5.0
MKOANI,2021,23,2,1.0,0.0,0.0,0.0,1.0,0.0,0.0,2,0,0,0,2,-5.3879005,39.68885125,1,0,0,0,0,0,0,0,0,6.0
MKOANI,2021,24,0,0.0,0.0,0.0,0.0,0.0,0.0,0.0,0,0,0,0,0,0.0,0.0,0,0,0,0,0,0,0,0,0,
MKOANI,2021,25,4,1.0,0.0,0.25,0.0,0.0,0.5,0.25,4,0,0,0,4,-5.3932105,39.716896125,0,0,0,0,0,0,0,0,0,6.0
MKOANI,2021,26,2,1.0,0.0,0.0,0.0,0.5,0.5,0.0,2,0,0,0,2,-5.384165100000001,39.69652155,0,0,0,0,0,0,1,0,0,6.0
MKOANI,2021,27,1,1.0,0.0,0.0,1.0,0.0,0.0,0.0,1,0,0,0,1,-5.4257545,39.6487727,1,0,0,0,0,0,0,0,0,7.0
MKOANI,2021,28,1,1.0,0.0,0.0,0.0,1.0,0.0,0.0,1,0,0,0,1,-5.4137656,39.7261331,1,0,0,0,0,0,0,0,0,7.0
MKOANI,2021,29,3,0.6666666666666666,0.3333333333333333,0.0,0.6666666666666666,0.0,0.3333333333333333,0.0,3,0,0,2,1,-5.382645866666667,39.70781113333334,2,0,0,0,0,0,0,0,0,7.0
MKOANI,2021,30,2,1.0,0.0,0.0,0.5,0.5,0.0,0.0,1,0,1,0,1,-5.4097958,39.6593173,0,0,0,0,2,0,0,0,0,7.0
MKOANI,2021,31,2,1.0,0.0,0.0,0.0,1.0,0.0,0.0,2,0,0,0,2,-5.40545335,39.70971205,1,0,0,0,0,0,0,0,0,7.0
MKOANI,2021,32,1,1.0,0.0,1.0,0.0,0.0,0.0,0.0,1,0,0,0,1,-5.3332095,39.7379553,0,0,0,0,0,0,0,0,0,8.0
MKOANI,2021,33,1,0.0,1.0,0.0,0.0,1.0,0.0,0.0,1,0,0,0,1,-5.3772141,39.7025863,0,0,0,0,1,0,0,0,0,8.0
MKOANI,2021,34,0,0.0,0.0,0.0,0.0,0.0,0.0,0.0,0,0,0,0,0,0.0,0.0,0,0,0,0,0,0,0,0,0,
MKOANI,2021,35,1,1.0,0.0,0.0,0.0,1.0,0.0,0.0,1,0,0,0,1,-5.3690286,39.7796591,0,0,0,0,0,0,0,0,0,8.0
MKOANI,2021,36,3,1.0,0.0,0.0,0.0,0.6666666666666666,0.3333333333333333,0.0,2,0,1,1,1,-5.338149633333333,39.713686233333334,0,0,0,0,0,0,0,0,0,9.0
MKOANI,2021,37,4,0.5,0.5,0.25,0.0,0.5,0.0,0.25,3,0,1,0,3,-5.33893535,39.703940225,0,0,0,0,1,0,0,0,0,9.0
MKOANI,2021,38,0,0.0,0.0,0.0,0.0,0.0,0.0,0.0,0,0,0,0,0,0.0,0.0,0,0,0,0,0,0,0,0,0,
MKOANI,2021,39,1,1.0,0.0,1.0,0.0,0.0,0.0,0.0,1,0,0,0,1,-5.332228,39.734512,0,0,0,0,0,0,0,0,0,9.0
MKOANI,2021,40,2,0.5,0.5,0.0,0.0,1.0,0.0,0.0,2,0,0,0,2,-5.33013535,39.72668935,0,0,0,0,0,0,0,0,0,9.0
MKOANI,2021,41,0,0.0,0.0,0.0,0.0,0.0,0.0,0.0,0,0,0,0,0,0.0,0.0,0,0,0,0,0,0,0,0,0,
MKOANI,2021,42,0,0.0,0.0,0.0,0.0,0.0,0.0,0.0,0,0,0,0,0,0.0,0.0,0,0,0,0,0,0,0,0,0,
MKOANI,2021,43,1,0.0,1.0,0.0,0.0,0.0,1.0,0.0,1,0,0,0,1,-5.3676957,39.7771484,0,0,0,0,0,0,0,0,0,10.0
MKOANI,2021,44,2,0.5,0.5,0.0,0.5,0.5,0.0,0.0,2,0,0,0,2,-5.59092825,39.47027525,1,0,0,0,0,0,0,1,0,10.0
MKOANI,2021,45,1,1.0,0.0,1.0,0.0,0.0,0.0,0.0,0,0,1,0,0,-5.4307195,39.6470106,0,0,0,0,0,0,0,0,0,10.0
MKOANI,2021,46,0,0.0,0.0,0.0,0.0,0.0,0.0,0.0,0,0,0,0,0,0.0,0.0,0,0,0,0,0,0,0,0,0,
MKOANI,2021,47,3,0.3333333333333333,0.6666666666666666,0.0,0.3333333333333333,0.6666666666666666,0.0,0.0,3,0,0,0,3,-5.42919865,39.66995645,1,0,0,0,1,0,0,1,0,11.0
MKOANI,2021,48,2,1.0,0.0,0.0,0.0,1.0,0.0,0.0,2,0,0,0,2,-5.3400601,39.6551181,0,0,0,0,2,0,0,0,0,11.0
MKOANI,2021,49,1,1.0,0.0,0.0,0.0,0.0,1.0,0.0,1,0,0,0,1,-5.4234903,39.689907,0,1,0,0,0,0,0,0,0,11.0
MKOANI,2021,50,0,0.0,0.0,0.0,0.0,0.0,0.0,0.0,0,0,0,0,0,0.0,0.0,0,0,0,0,0,0,0,0,0,
MKOANI,2021,51,0,0.0,0.0,0.0,0.0,0.0,0.0,0.0,0,0,0,0,0,0.0,0.0,0,0,0,0,0,0,0,0,0,
MKOANI,2021,52,2,0.5,0.5,0.0,0.0,0.0,0.0,1.0,2,0,0,0,2,-5.40433245,39.68708135,0,0,0,0,0,0,0,1,0,12.0
MKOANI,2022,1,1,1.0,0.0,0.0,0.0,1.0,0.0,0.0,1,0,0,1,0,-5.0606931,39.7194435,0,0,0,0,0,0,0,0,0,1.0
MKOANI,2022,2,1,1.0,0.0,0.0,1.0,0.0,0.0,0.0,1,0,0,0,1,-5.4238159,39.6541004,0,0,0,0,1,0,0,0,0,1.0
MKOANI,2022,3,5,0.8,0.2,0.0,0.4,0.6,0.0,0.0,3,0,2,0,3,-5.3633090800000005,39.73335426,1,0,0,0,0,0,0,0,0,1.0
MKOANI,2022,4,3,0.6666666666666666,0.0,0.0,0.0,0.6666666666666666,0.0,0.0,3,0,0,2,1,-5.34827145,39.72227015,1,0,0,0,0,0,0,0,0,1.0
MKOANI,2022,5,3,0.6666666666666666,0.3333333333333333,0.0,0.3333333333333333,0.3333333333333333,0.3333333333333333,0.0,3,0,0,0,3,-5.385164499999999,39.68330266666667,1,0,0,0,0,0,0,1,0,1.0
MKOANI,2022,6,4,0.75,0.25,0.0,0.25,0.75,0.0,0.0,4,0,0,0,4,-5.3845735,39.715231450000005,3,0,0,0,0,0,0,0,0,2.0
MKOANI,2022,7,2,0.5,0.5,1.0,0.0,0.0,0.0,0.0,2,0,0,0,2,-5.4030454,39.72907445,1,0,0,0,0,0,0,0,0,2.0
MKOANI,2022,8,4,0.5,0.25,0.0,0.25,0.5,0.0,0.0,4,0,0,0,4,-5.391256866666667,39.6619504,1,0,0,0,0,1,0,1,0,2.0
MKOANI,2022,9,2,1.0,0.0,0.0,0.5,0.5,0.0,0.0,2,0,0,1,1,-5.360670600000001,39.67868225,1,0,0,0,0,0,0,0,0,2.0
MKOANI,2022,10,0,0.0,0.0,0.0,0.0,0.0,0.0,0.0,0,0,0,0,0,0.0,0.0,0,0,0,0,0,0,0,0,0,
MKOANI,2022,11,3,1.0,0.0,0.0,0.3333333333333333,0.6666666666666666,0.0,0.0,3,0,0,0,3,-5.363207,39.73995946666667,1,0,0,0,1,0,0,0,0,3.0
MKOANI,2022,12,0,0.0,0.0,0.0,0.0,0.0,0.0,0.0,0,0,0,0,0,0.0,0.0,0,0,0,0,0,0,0,0,0,
MKOANI,2022,13,9,0.7777777777777778,0.2222222222222222,0.0,0.6666666666666666,0.2222222222222222,0.1111111111111111,0.0,6,0,3,4,2,-5.2660105,39.707979933333334,6,0,0,0,0,0,0,0,0,3.0
MKOANI,2022,14,5,0.8,0.2,0.0,0.4,0.4,0.0,0.2,3,0,2,0,3,-5.3666643,39.69568985,1,0,0,0,1,1,1,0,0,3.0
MKOANI,2022,15,0,0.0,0.0,0.0,0.0,0.0,0.0,0.0,0,0,0,0,0,0.0,0.0,0,0,0,0,0,0,0,0,0,
MKOANI,2022,16,4,0.5,0.5,0.25,0.75,0.0,0.0,0.0,4,0,0,0,4,-6.04646555,39.227402600000005,1,0,0,0,0,0,0,0,0,4.0
MKOANI,2022,17,1,0.0,1.0,0.0,0.0,0.0,1.0,0.0,1,0,0,0,1,-6.0452273,39.2519909,0,0,0,0,0,0,0,1,0,4.0
MKOANI,2022,18,1,1.0,0.0,0.0,0.0,0.0,1.0,0.0,1,0,0,0,1,-5.3937365,39.6915087,0,0,0,0,0,0,0,0,0,4.0
MKOANI,2022,19,1,1.0,0.0,0.0,0.0,1.0,0.0,0.0,1,0,0,0,1,-5.4169281,39.7316845,0,0,0,0,0,0,0,0,0,5.0
MKOANI,2022,20,0,0.0,0.0,0.0,0.0,0.0,0.0,0.0,0,0,0,0,0,0.0,0.0,0,0,0,0,0,0,0,0,0,
MKOANI,2022,21,0,0.0,0.0,0.0,0.0,0.0,0.0,0.0,0,0,0,0,0,0.0,0.0,0,0,0,0,0,0,0,0,0,
MKOANI,2022,22,4,1.0,0.0,0.0,0.25,0.25,0.25,0.25,4,0,0,0,4,-5.364039,39.74792635,0,0,0,0,1,0,0,1,0,5.0
MKOANI,2022,23,6,0.5,0.5,0.0,0.3333333333333333,0.5,0.16666666666666666,0.0,4,0,2,0,4,-5.364470999999999,39.735525583333335,0,0,0,0,3,0,1,0,0,6.0
MKOANI,2022,24,0,0.0,0.0,0.0,0.0,0.0,0.0,0.0,0,0,0,0,0,0.0,0.0,0,0,0,0,0,0,0,0,0,
MKOANI,2022,25,1,1.0,0.0,0.0,0.0,0.0,1.0,0.0,1,0,0,0,1,-5.3601712,39.6451241,0,0,0,0,0,0,0,0,0,6.0
MKOANI,2022,26,1,1.0,0.0,0.0,0.0,1.0,0.0,0.0,1,0,0,0,1,-5.3501412,39.6503763,0,0,0,0,0,1,0,0,0,6.0
MKOANI,2022,27,1,0.0,1.0,0.0,0.0,1.0,0.0,0.0,1,0,0,0,1,-5.4031237,39.7290002,0,0,0,0,0,0,1,0,0,6.0
MKOANI,2022,28,3,0.6666666666666666,0.3333333333333333,0.3333333333333333,0.3333333333333333,0.0,0.3333333333333333,0.0,3,0,0,0,3,-5.365726266666667,39.65791413333333,1,0,0,0,1,0,0,0,0,7.0
MKOANI,2022,29,1,0.0,1.0,0.0,0.0,1.0,0.0,0.0,1,0,0,0,1,-5.3583961,39.6498259,0,0,0,0,0,0,0,1,0,7.0
MKOANI,2022,30,0,0.0,0.0,0.0,0.0,0.0,0.0,0.0,0,0,0,0,0,0.0,0.0,0,0,0,0,0,0,0,0,0,
MKOANI,2022,31,0,0.0,0.0,0.0,0.0,0.0,0.0,0.0,0,0,0,0,0,0.0,0.0,0,0,0,0,0,0,0,0,0,
MKOANI,2022,32,2,1.0,0.0,0.0,0.0,1.0,0.0,0.0,2,0,0,0,2,-5.40896825,39.6703869,1,0,0,0,1,0,0,0,0,8.0
MKOANI,2022,33,0,0.0,0.0,0.0,0.0,0.0,0.0,0.0,0,0,0,0,0,0.0,0.0,0,0,0,0,0,0,0,0,0,
MKOANI,2022,34,4,0.25,0.75,0.0,0.25,0.5,0.25,0.0,4,0,0,0,4,-5.324085075,39.721750375,1,0,0,0,1,0,0,1,0,8.0
MKOANI,2022,35,1,0.0,1.0,0.0,1.0,0.0,0.0,0.0,1,0,0,0,1,-5.3790583,39.6985501,1,0,0,0,0,0,0,0,0,8.0
MKOANI,2022,36,0,0.0,0.0,0.0,0.0,0.0,0.0,0.0,0,0,0,0,0,0.0,0.0,0,0,0,0,0,0,0,0,0,
MKOANI,2022,37,0,0.0,0.0,0.0,0.0,0.0,0.0,0.0,0,0,0,0,0,0.0,0.0,0,0,0,0,0,0,0,0,0,
MKOANI,2022,38,0,0.0,0.0,0.0,0.0,0.0,0.0,0.0,0,0,0,0,0,0.0,0.0,0,0,0,0,0,0,0,0,0,
MKOANI,2022,39,0,0.0,0.0,0.0,0.0,0.0,0.0,0.0,0,0,0,0,0,0.0,0.0,0,0,0,0,0,0,0,0,0,
MKOANI,2022,40,1,1.0,0.0,0.0,0.0,1.0,0.0,0.0,1,0,0,0,1,-5.3344803,39.72345,0,0,0,0,1,0,0,0,0,9.0
MKOANI,2022,41,0,0.0,0.0,0.0,0.0,0.0,0.0,0.0,0,0,0,0,0,0.0,0.0,0,0,0,0,0,0,0,0,0,10.0
MKOANI,2022,42,1,0.0,1.0,0.0,0.0,1.0,0.0,0.0,1,0,0,0,1,-5.3478127,39.7084847,0,0,0,0,1,0,0,0,0,10.0
MKOANI,2022,43,0,0.0,0.0,0.0,0.0,0.0,0.0,0.0,0,0,0,0,0,0.0,0.0,0,0,0,0,0,0,0,0,0,
MKOANI,2022,44,0,0.0,0.0,0.0,0.0,0.0,0.0,0.0,0,0,0,0,0,0.0,0.0,0,0,0,0,0,0,0,0,0,
MKOANI,2022,45,0,0.0,0.0,0.0,0.0,0.0,0.0,0.0,0,0,0,0,0,0.0,0.0,0,0,0,0,0,0,0,0,0,
MKOANI,2022,46,0,0.0,0.0,0.0,0.0,0.0,0.0,0.0,0,0,0,0,0,0.0,0.0,0,0,0,0,0,0,0,0,0,
MKOANI,2022,47,1,0.0,1.0,1.0,0.0,0.0,0.0,0.0,1,0,0,0,1,-5.3671527,39.6440403,0,0,0,0,0,0,0,0,0,11.0
MKOANI,2022,48,0,0.0,0.0,0.0,0.0,0.0,0.0,0.0,0,0,0,0,0,0.0,0.0,0,0,0,0,0,0,0,0,0,
MKOANI,2022,49,0,0.0,0.0,0.0,0.0,0.0,0.0,0.0,0,0,0,0,0,0.0,0.0,0,0,0,0,0,0,0,0,0,
MKOANI,2022,50,1,0.0,1.0,1.0,0.0,0.0,0.0,0.0,1,0,0,0,1,-5.2937393,39.6715715,0,0,0,0,0,0,0,0,0,12.0
MKOANI,2022,51,1,0.0,1.0,0.0,0.0,1.0,0.0,0.0,1,0,0,0,1,,,0,0,0,0,0,0,0,0,0,12.0
MKOANI,2022,52,0,0.0,0.0,0.0,0.0,0.0,0.0,0.0,0,0,0,0,0,0.0,0.0,0,0,0,0,0,0,0,0,0,
MKOANI,2023,1,0,0.0,0.0,0.0,0.0,0.0,0.0,0.0,0,0,0,0,0,0.0,0.0,0,0,0,0,0,0,0,0,0,
MKOANI,2023,2,0,0.0,0.0,0.0,0.0,0.0,0.0,0.0,0,0,0,0,0,0.0,0.0,0,0,0,0,0,0,0,0,0,
MKOANI,2023,3,0,0.0,0.0,0.0,0.0,0.0,0.0,0.0,0,0,0,0,0,0.0,0.0,0,0,0,0,0,0,0,0,0,
MKOANI,2023,4,4,1.0,0.0,0.0,0.0,1.0,0.0,0.0,4,0,0,0,4,-5.397857175,39.699586725,3,0,0,0,0,1,0,0,0,1.0
MKOANI,2023,5,3,0.0,1.0,0.6666666666666666,0.0,0.3333333333333333,0.0,0.0,2,0,1,0,2,-5.391964266666666,39.74703396666666,0,0,0,0,0,0,0,0,0,1.0
MKOANI,2023,6,1,1.0,0.0,0.0,0.0,0.0,1.0,0.0,1,0,0,0,1,-5.3046319,39.7913668,0,0,0,0,0,0,0,0,0,2.0
MKOANI,2023,7,1,1.0,0.0,0.0,0.0,0.0,0.0,1.0,1,0,0,0,1,-5.3612777,39.6514728,0,0,0,0,0,0,0,0,0,2.0
MKOANI,2023,8,8,0.25,0.75,0.0,0.625,0.375,0.0,0.0,7,0,1,0,7,-5.3126174375,39.665014975,5,0,0,0,0,0,1,0,0,2.0
MKOANI,2023,9,2,0.5,0.5,0.0,1.0,0.0,0.0,0.0,1,0,1,0,1,-5.4047965,39.6387578,2,0,0,0,0,0,0,0,0,3.0
MKOANI,2023,10,1,1.0,0.0,0.0,0.0,0.0,1.0,0.0,1,0,0,0,1,-5.3793227,39.6219858,0,0,0,1,0,0,0,0,0,3.0
MKOANI,2023,11,0,0.0,0.0,0.0,0.0,0.0,0.0,0.0,0,0,0,0,0,0.0,0.0,0,0,0,0,0,0,0,0,0,
MKOANI,2023,12,1,1.0,0.0,0.0,0.0,1.0,0.0,0.0,1,0,0,0,1,-5.3994745,39.6353147,0,0,0,0,0,1,0,0,0,3.0
MKOANI,2023,13,1,1.0,0.0,0.0,1.0,0.0,0.0,0.0,1,0,0,0,1,-5.3912443,39.7144408,1,0,0,0,0,0,0,0,0,3.0
MKOANI,2023,14,0,0.0,0.0,0.0,0.0,0.0,0.0,0.0,0,0,0,0,0,0.0,0.0,0,0,0,0,0,0,0,0,0,4.0
MKOANI,2023,15,2,0.5,0.5,1.0,0.0,0.0,0.0,0.0,2,0,0,0,2,-5.419127700000001,39.722955299999995,1,0,0,0,0,0,0,0,0,4.0
MKOANI,2023,16,0,0.0,0.0,0.0,0.0,0.0,0.0,0.0,0,0,0,0,0,0.0,0.0,0,0,0,0,0,0,0,0,0,
MKOANI,2023,17,1,1.0,0.0,0.0,0.0,0.0,1.0,0.0,1,0,0,0,1,-5.4009568,39.6881285,0,0,0,0,0,0,0,0,0,4.0
MKOANI,2023,18,1,1.0,0.0,0.0,0.0,0.0,0.0,1.0,1,0,0,0,1,-5.3797231,39.6949562,0,0,0,0,1,0,0,0,0,5.0
MKOANI,2023,19,0,0.0,0.0,0.0,0.0,0.0,0.0,0.0,0,0,0,0,0,0.0,0.0,0,0,0,0,0,0,0,0,0,5.0
MKOANI,2023,20,1,1.0,0.0,0.0,0.0,1.0,0.0,0.0,1,0,0,0,1,-5.453763,39.7343976,0,0,0,1,0,0,0,0,0,5.0
MKOANI,2023,21,5,1.0,0.0,0.0,0.0,0.0,0.8,0.2,4,0,1,0,3,-5.400429525,39.71350855,0,0,0,0,0,0,0,0,0,5.0
MKOANI,2023,22,1,1.0,0.0,0.0,0.0,1.0,0.0,0.0,1,0,0,0,1,-5.361823,39.6540432,0,0,0,0,0,0,0,0,0,6.0
MKOANI,2023,23,0,0.0,0.0,0.0,0.0,0.0,0.0,0.0,0,0,0,0,0,0.0,0.0,0,0,0,0,0,0,0,0,0,
MKOANI,2023,24,2,1.0,0.0,0.0,0.0,0.5,0.5,0.0,2,0,0,0,2,-5.4139895,39.7099966,0,0,0,0,0,0,0,0,0,6.0
MKOANI,2023,25,2,1.0,0.0,0.0,0.0,1.0,0.0,0.0,2,0,0,0,2,-5.35464135,39.703067000000004,0,0,0,0,0,1,0,0,0,6.0
MKOANI,2023,26,1,1.0,0.0,0.0,0.0,1.0,0.0,0.0,1,0,0,0,1,-5.3194836,39.74297,1,0,0,0,0,0,0,0,0,6.0
MKOANI,2023,27,1,1.0,0.0,0.0,0.0,1.0,0.0,0.0,1,0,0,0,1,-5.292632,39.6716398,1,0,0,0,0,0,0,0,0,7.0
MKOANI,2023,28,5,1.0,0.0,0.0,0.0,0.8,0.2,0.0,5,0,0,0,5,-5.38063062,39.645525680000006,1,0,0,0,0,2,0,0,0,7.0
MKOANI,2023,29,0,0.0,0.0,0.0,0.0,0.0,0.0,0.0,0,0,0,0,0,0.0,0.0,0,0,0,0,0,0,0,0,0,
MKOANI,2023,30,2,1.0,0.0,0.5,0.0,0.0,0.0,0.5,2,0,0,0,2,-5.332029,39.71939955,0,0,0,0,0,0,0,0,0,7.0
MKOANI,2023,31,3,0.3333333333333333,0.6666666666666666,0.3333333333333333,0.0,0.6666666666666666,0.0,0.0,1,0,2,0,1,-5.352507366666667,39.71623483333333,0,0,0,0,2,0,0,0,0,8.0
MKOANI,2023,32,1,1.0,0.0,0.0,0.0,1.0,0.0,0.0,1,0,0,0,1,-5.3905093,39.6718206,0,0,0,0,1,0,0,0,0,8.0
MKOANI,2023,33,0,0.0,0.0,0.0,0.0,0.0,0.0,0.0,0,0,0,0,0,0.0,0.0,0,0,0,0,0,0,0,0,0,
MKOANI,2023,34,1,1.0,0.0,0.0,0.0,1.0,0.0,0.0,1,0,0,0,1,-5.315593,39.690602,0,0,0,0,1,0,0,0,0,8.0
MKOANI,2023,35,1,1.0,0.0,0.0,0.0,1.0,0.0,0.0,1,0,0,0,1,-5.3968222,39.7286107,0,0,0,0,0,0,0,0,0,8.0
MKOANI,2023,36,2,0.5,0.5,0.0,1.0,0.0,0.0,0.0,1,0,1,0,1,-5.4056523,39.6582458,2,0,0,0,0,0,0,0,0,9.0
MKOANI,2023,37,0,0.0,0.0,0.0,0.0,0.0,0.0,0.0,0,0,0,0,0,0.0,0.0,0,0,0,0,0,0,0,0,0,
MKOANI,2023,38,1,0.0,1.0,0.0,0.0,1.0,0.0,0.0,1,0,0,0,1,-5.3209586,39.7523589,0,0,0,0,0,0,0,1,0,9.0
MKOANI,2023,39,1,1.0,0.0,0.0,0.0,1.0,0.0,0.0,1,0,0,0,1,,,0,0,0,0,0,0,0,0,0,9.0
MKOANI,2023,40,1,1.0,0.0,0.0,0.0,0.0,1.0,0.0,1,0,0,0,1,,,0,0,0,0,0,0,0,0,0,10.0
MKOANI,2023,41,0,0.0,0.0,0.0,0.0,0.0,0.0,0.0,0,0,0,0,0,0.0,0.0,0,0,0,0,0,0,0,0,0,
MKOANI,2023,42,2,0.5,0.5,0.0,0.0,0.5,0.5,0.0,2,0,0,0,2,-5.79013715,39.4649098,0,0,0,0,0,0,0,0,0,10.0
MKOANI,2023,43,2,0.0,1.0,0.0,1.0,0.0,0.0,0.0,1,0,1,0,1,-5.7491387,39.468769050000006,1,0,0,0,0,0,0,0,0,10.0
MKOANI,2023,44,1,1.0,0.0,0.0,0.0,1.0,0.0,0.0,1,0,0,0,1,-5.3988483,39.692196,0,0,0,0,0,0,0,0,0,11.0
MKOANI,2023,45,5,0.8,0.2,0.0,0.0,0.6,0.2,0.2,5,0,0,0,5,-5.4550008,39.6475091,0,0,0,0,0,1,0,0,0,11.0
MKOANI,2023,46,1,0.0,1.0,0.0,0.0,0.0,1.0,0.0,1,0,0,0,1,-5.4215885,39.6909958,0,0,0,0,1,0,0,0,0,11.0
MKOANI,2023,47,5,1.0,0.0,0.0,0.6,0.4,0.0,0.0,5,0,0,0,5,-5.36844724,39.69708096,3,0,0,0,0,0,0,0,0,11.0
MKOANI,2023,48,4,0.5,0.5,0.25,0.0,0.75,0.0,0.0,4,0,0,0,4,-5.357375833333333,39.7355424,0,0,0,0,0,0,0,1,0,11.0
MKOANI,2023,49,4,0.75,0.25,0.0,0.5,0.25,0.0,0.25,4,0,0,0,4,-5.401093166666667,39.7148523,0,0,0,0,0,0,0,0,0,12.0
MKOANI,2023,50,12,0.6666666666666666,0.3333333333333333,0.08333333333333333,0.3333333333333333,0.3333333333333333,0.16666666666666666,0.08333333333333333,12,0,0,1,10,-5.38804719,39.68210082,3,0,0,2,0,0,0,0,0,12.0
MKOANI,2023,51,12,0.6666666666666666,0.3333333333333333,0.08333333333333333,0.3333333333333333,0.25,0.16666666666666666,0.16666666666666666,11,0,1,1,9,-5.361961309090909,39.701978545454544,4,0,0,0,0,0,1,0,0,12.0
MKOANI,2023,52,13,0.6153846153846154,0.38461538461538464,0.0,0.3076923076923077,0.5384615384615384,0.15384615384615385,0.0,13,0,0,2,10,-5.360950133333334,39.68721498888888,3,0,0,1,0,0,0,0,0,12.0
MICHEWENI,2018,1,14,0.35714285714285715,0.14285714285714285,0.0,0.2857142857142857,0.07142857142857142,0.0,0.14285714285714285,13,0,1,5,8,,,0,0,0,0,0,0,0,0,0,1.0
MICHEWENI,2018,2,21,0.19047619047619047,0.047619047619047616,0.0,0.0,0.19047619047619047,0.047619047619047616,0.0,21,0,0,0,21,,,0,0,0,0,0,0,0,0,0,1.0
MICHEWENI,2018,3,47,0.10638297872340426,0.0,0.0,0.0425531914893617,0.0425531914893617,0.0,0.02127659574468085,46,0,1,6,40,,,0,0,0,0,0,0,0,0,0,1.0
MICHEWENI,2018,4,41,0.024390243902439025,0.024390243902439025,0.0,0.024390243902439025,0.024390243902439025,0.0,0.0,39,0,2,6,33,,,0,0,0,0,0,0,0,0,0,1.0
MICHEWENI,2018,5,47,0.0,0.02127659574468085,0.0,0.02127659574468085,0.0,0.0,0.0,47,0,0,2,45,,,0,0,0,0,0,0,0,0,0,1.0
MICHEWENI,2018,6,21,0.23809523809523808,0.19047619047619047,0.047619047619047616,0.23809523809523808,0.14285714285714285,0.0,0.0,21,0,0,4,17,-5.0606094,39.7194779,0,0,0,0,0,0,0,0,0,2.0
MICHEWENI,2018,7,24,0.20833333333333334,0.16666666666666666,0.041666666666666664,0.16666666666666666,0.0,0.125,0.041666666666666664,24,0,0,3,21,-4.9874802,39.7355249,0,0,0,0,0,0,0,0,0,2.0
MICHEWENI,2018,8,12,0.16666666666666666,0.08333333333333333,0.0,0.0,0.16666666666666666,0.08333333333333333,0.0,12,0,0,2,10,-4.9471383,39.7538239,0,0,0,0,0,0,0,0,0,2.0
MICHEWENI,2018,9,2,0.0,0.5,0.0,0.5,0.0,0.0,0.0,2,0,0,0,2,-5.0606739,39.7194779,0,0,0,0,0,0,0,0,0,2.0
MICHEWENI,2018,10,1,1.0,0.0,0.0,0.0,1.0,0.0,0.0,1,0,0,0,1,,,0,0,0,0,0,0,0,0,0,3.0
MICHEWENI,2018,11,1,0.0,1.0,0.0,0.0,1.0,0.0,0.0,0,0,1,0,0,,,0,0,0,0,0,0,0,0,0,3.0
MICHEWENI,2018,12,5,0.6,0.4,0.0,0.6,0.2,0.2,0.0,1,0,4,0,1,-4.96984542,39.7469547,0,0,0,0,0,0,0,0,0,3.0
MICHEWENI,2018,13,5,0.8,0.2,0.0,0.2,0.6,0.2,0.0,5,0,0,3,2,-4.9420139,39.74810186,0,0,0,0,0,0,0,0,0,3.0
MICHEWENI,2018,14,5,0.4,0.6,0.0,0.4,0.6,0.0,0.0,5,0,0,1,4,-4.96140786,39.776859560000005,0,0,0,0,0,0,0,0,0,4.0
MICHEWENI,2018,15,6,0.5,0.5,0.0,0.5,0.5,0.0,0.0,6,0,0,0,6,-4.958247816666667,39.75986841666667,0,0,0,0,0,0,0,0,0,4.0
MICHEWENI,2018,16,6,0.3333333333333333,0.5,0.16666666666666666,0.3333333333333333,0.16666666666666666,0.16666666666666666,0.0,5,0,1,3,2,-4.9490568,39.7461086,0,0,0,0,0,0,0,0,0,4.0
MICHEWENI,2018,17,5,0.6,0.4,0.0,0.4,0.4,0.2,0.0,5,0,0,0,5,-5.1983029,39.64763895,0,0,0,0,0,0,0,0,0,4.0
MICHEWENI,2018,18,6,0.3333333333333333,0.6666666666666666,0.3333333333333333,0.3333333333333333,0.3333333333333333,0.0,0.0,6,0,0,2,4,-4.95133005,39.757885875,0,0,0,0,0,0,0,0,0,5.0
MICHEWENI,2018,19,10,0.5,0.4,0.1,0.2,0.4,0.1,0.1,10,0,0,4,6,-5.024460933333334,39.73177293333333,0,0,0,0,0,0,0,0,0,5.0
MICHEWENI,2018,20,5,0.2,0.4,0.0,0.2,0.4,0.0,0.0,5,0,0,1,4,-4.95111085,39.78404415,0,0,0,0,0,0,0,0,0,5.0
MICHEWENI,2018,21,15,0.26666666666666666,0.4,0.06666666666666667,0.26666666666666666,0.26666666666666666,0.06666666666666667,0.0,15,0,0,2,13,-4.952972614285715,39.78013118571429,0,0,0,0,0,0,0,0,0,5.0
MICHEWENI,2018,22,9,0.2222222222222222,0.4444444444444444,0.0,0.1111111111111111,0.2222222222222222,0.1111111111111111,0.2222222222222222,8,0,1,2,6,-4.954762033333334,39.768100866666664,0,0,0,0,0,0,0,0,0,5.0
MICHEWENI,2018,23,8,0.75,0.125,0.125,0.375,0.375,0.0,0.0,8,0,0,2,6,-4.9470133,39.754548785714285,0,0,0,0,0,0,0,0,0,6.0
MICHEWENI,2018,24,5,0.6,0.2,0.2,0.0,0.0,0.2,0.4,5,0,0,1,4,-4.9852424,39.74033206666667,0,0,0,0,0,0,0,0,0,6.0
MICHEWENI,2018,25,10,0.3,0.7,0.3,0.1,0.6,0.0,0.0,10,0,0,2,8,-4.967719888888889,39.78216271111111,0,0,0,0,0,0,0,0,0,6.0
MICHEWENI,2018,26,28,0.39285714285714285,0.4642857142857143,0.17857142857142858,0.25,0.21428571428571427,0.14285714285714285,0.07142857142857142,27,0,1,2,25,-4.951934552941176,39.73104205294118,0,0,0,0,0,0,0,0,0,6.0
MICHEWENI,2018,27,13,0.6153846153846154,0.3076923076923077,0.15384615384615385,0.15384615384615385,0.5384615384615384,0.07692307692307693,0.0,13,0,0,0,13,-4.943624750000001,39.75433518333333,0,0,0,0,0,0,0,0,0,7.0
MICHEWENI,2018,28,14,0.5714285714285714,0.42857142857142855,0.0,0.42857142857142855,0.42857142857142855,0.07142857142857142,0.07142857142857142,13,0,1,0,13,-4.9437581875,39.7537067875,0,0,0,0,0,0,0,0,0,7.0
MICHEWENI,2018,29,4,0.75,0.25,0.0,0.0,0.75,0.25,0.0,4,0,0,0,4,,,0,0,0,0,0,0,0,0,0,7.0
MICHEWENI,2018,30,5,0.8,0.2,0.4,0.2,0.4,0.0,0.0,5,0,0,0,5,-4.9491020500000005,39.781045025,0,0,0,0,0,0,0,0,0,7.0
MICHEWENI,2018,31,8,0.625,0.125,0.0,0.375,0.25,0.125,0.0,8,0,0,0,8,-4.9544133,39.7887067,0,0,0,0,0,0,0,0,0,7.0
MICHEWENI,2018,32,12,0.5833333333333334,0.3333333333333333,0.16666666666666666,0.3333333333333333,0.25,0.08333333333333333,0.08333333333333333,12,0,0,5,7,-4.9810092875,39.759380575,0,0,0,0,0,0,0,0,0,8.0
MICHEWENI,2018,33,9,0.7777777777777778,0.2222222222222222,0.1111111111111111,0.3333333333333333,0.3333333333333333,0.1111111111111111,0.1111111111111111,9,0,0,0,9,-4.952349157142857,39.74349205714286,0,0,0,0,0,0,0,0,0,8.0
MICHEWENI,2018,34,2,0.5,0.0,0.0,0.0,0.0,0.0,0.5,2,0,0,1,1,,,0,0,0,0,0,0,0,0,0,8.0
MICHEWENI,2018,35,4,0.25,0.75,0.0,0.25,0.5,0.25,0.0,4,0,0,0,4,-4.941104966666667,39.74047826666666,0,0,0,0,0,0,0,0,0,8.0
MICHEWENI,2018,36,2,0.0,1.0,0.5,0.0,0.0,0.5,0.0,2,0,0,0,2,-4.9419474,39.74547165,0,0,0,0,0,0,0,0,0,9.0
MICHEWENI,2018,37,1,0.0,1.0,1.0,0.0,0.0,0.0,0.0,0,0,1,0,0,-4.9486816,39.7538239,0,0,0,0,0,0,0,0,0,9.0
MICHEWENI,2018,38,5,0.2,0.6,0.0,0.2,0.4,0.2,0.0,4,0,1,2,2,-4.984700833333334,39.766697,0,0,0,0,0,0,0,0,0,9.0
MICHEWENI,2018,39,3,1.0,0.0,0.0,0.3333333333333333,0.3333333333333333,0.3333333333333333,0.0,3,0,0,1,2,-4.956997599999999,39.743679,0,0,0,0,0,0,0,0,0,9.0
MICHEWENI,2018,40,7,0.2857142857142857,0.5714285714285714,0.14285714285714285,0.14285714285714285,0.2857142857142857,0.14285714285714285,0.14285714285714285,7,0,0,3,4,-4.948321933333333,39.78528956666667,0,0,0,0,0,0,0,0,0,10.0
MICHEWENI,2018,41,1,0.0,1.0,0.0,0.0,0.0,0.0,1.0,1,0,0,1,0,-4.9493783,39.7910583,0,0,0,0,0,0,0,0,0,10.0
MICHEWENI,2018,42,0,0.0,0.0,0.0,0.0,0.0,0.0,0.0,0,0,0,0,0,0.0,0.0,0,0,0,0,0,0,0,0,0,10.0
MICHEWENI,2018,43,6,0.5,0.3333333333333333,0.0,0.5,0.16666666666666666,0.0,0.16666666666666666,6,0,0,2,4,-4.952638325,39.780238225,0,0,0,0,0,0,0,0,0,10.0
MICHEWENI,2018,44,4,0.75,0.25,0.0,0.75,0.25,0.0,0.0,4,0,0,1,3,-4.969491700000001,39.82327835,0,0,0,0,0,0,0,0,0,10.0
MICHEWENI,2018,45,7,0.8571428571428571,0.14285714285714285,0.14285714285714285,0.5714285714285714,0.14285714285714285,0.0,0.14285714285714285,7,0,0,4,3,-4.933033628571429,39.7367705,0,0,0,0,0,0,0,0,0,11.0
MICHEWENI,2018,46,8,0.625,0.25,0.25,0.375,0.25,0.0,0.0,8,0,0,3,5,-4.918838042857142,39.72177955714285,0,0,0,0,0,0,0,0,0,11.0
MICHEWENI,2018,47,2,0.5,0.5,0.5,0.5,0.0,0.0,0.0,2,0,0,1,1,-4.9368525000000005,39.7625933,0,0,0,0,0,0,0,0,0,11.0
MICHEWENI,2018,48,1,1.0,0.0,0.0,1.0,0.0,0.0,0.0,1,0,0,1,0,-4.8807312,39.6816186,0,0,0,0,0,0,0,0,0,11.0
MICHEWENI,2018,49,12,0.5833333333333334,0.4166666666666667,0.16666666666666666,0.75,0.08333333333333333,0.0,0.0,12,0,0,0,12,-4.953178540000001,39.78607632,0,0,0,0,0,0,0,0,0,12.0
MICHEWENI,2018,50,13,0.6153846153846154,0.38461538461538464,0.15384615384615385,0.46153846153846156,0.3076923076923077,0.07692307692307693,0.0,13,0,0,0,13,-4.9722062,39.78216774166667,0,0,0,0,0,0,0,0,0,12.0
MICHEWENI,2018,51,13,0.38461538461538464,0.6153846153846154,0.07692307692307693,0.3076923076923077,0.3076923076923077,0.3076923076923077,0.0,10,0,3,2,8,-4.951465116666667,39.77133570833333,0,0,0,0,0,0,0,0,0,12.0
MICHEWENI,2018,52,15,0.4666666666666667,0.5333333333333333,0.13333333333333333,0.26666666666666666,0.4,0.06666666666666667,0.13333333333333333,10,0,5,2,8,-4.963008126666667,39.76965018,0,0,0,0,0,0,0,0,0,12.0
MICHEWENI,2019,1,10,0.5,0.5,0.1,0.3,0.4,0.0,0.2,2,0,8,0,2,-4.9847956,39.77967834,0,0,0,0,0,0,0,0,0,1.0
MICHEWENI,2019,2,7,0.7142857142857143,0.2857142857142857,0.0,0.2857142857142857,0.42857142857142855,0.2857142857142857,0.0,4,0,3,1,3,-4.954451428571429,39.77834082857142,0,0,0,0,0,0,0,0,0,1.0
MICHEWENI,2019,3,4,0.5,0.5,0.0,0.25,0.5,0.25,0.0,3,0,1,0,3,-4.985490824999999,39.80610085,0,0,0,0,0,0,0,0,0,1.0
MICHEWENI,2019,4,4,0.75,0.25,0.0,0.5,0.5,0.0,0.0,3,0,1,1,2,-4.961834575,39.769706275000004,0,0,0,0,0,0,0,0,0,1.0
MICHEWENI,2019,5,2,1.0,0.0,0.0,0.0,1.0,0.0,0.0,2,0,0,0,2,,,0,0,0,0,0,0,0,0,0,1.0
MICHEWENI,2019,6,15,0.6666666666666666,0.3333333333333333,0.2,0.5333333333333333,0.26666666666666666,0.0,0.0,10,0,5,4,6,-4.9558352153846155,39.77851191538461,0,0,0,0,0,0,0,0,0,2.0
MICHEWENI,2019,7,9,0.6666666666666666,0.3333333333333333,0.2222222222222222,0.3333333333333333,0.3333333333333333,0.1111111111111111,0.0,5,0,4,3,2,-4.951758066666667,39.77217483333333,0,0,0,0,0,0,0,0,0,2.0
MICHEWENI,2019,8,7,0.5714285714285714,0.42857142857142855,0.0,0.42857142857142855,0.14285714285714285,0.14285714285714285,0.2857142857142857,2,0,5,1,1,-4.937397885714285,39.694342885714285,0,0,0,0,0,0,0,0,0,2.0
MICHEWENI,2019,9,1,1.0,0.0,0.0,0.0,1.0,0.0,0.0,1,0,0,1,0,-4.942525,39.7458383,0,0,0,0,0,0,0,0,0,3.0
MICHEWENI,2019,10,1,1.0,0.0,0.0,0.0,1.0,0.0,0.0,1,0,0,0,1,-4.9823733,39.8583833,0,0,0,0,0,0,0,0,0,3.0
MICHEWENI,2019,11,1,1.0,0.0,1.0,0.0,0.0,0.0,0.0,1,0,0,0,1,-4.9469667,39.8642583,0,0,0,0,0,0,0,0,0,3.0
MICHEWENI,2019,12,2,0.5,0.5,0.0,0.0,0.5,0.0,0.5,1,0,1,0,1,-4.98571325,39.80997185,0,0,0,0,0,0,0,0,0,3.0
MICHEWENI,2019,13,1,1.0,0.0,0.0,0.0,1.0,0.0,0.0,0,0,1,0,0,-4.9952933,39.8104799,0,0,0,0,0,0,0,0,0,3.0
MICHEWENI,2019,14,1,0.0,1.0,0.0,1.0,0.0,0.0,0.0,1,0,0,0,1,-4.9764616,39.8468197,0,0,0,0,0,0,0,0,0,4.0
MICHEWENI,2019,15,2,0.0,1.0,0.5,0.5,0.0,0.0,0.0,2,0,0,0,2,-4.9552608,39.779666649999996,0,0,0,0,0,0,0,0,0,4.0
MICHEWENI,2019,16,0,0.0,0.0,0.0,0.0,0.0,0.0,0.0,0,0,0,0,0,0.0,0.0,0,0,0,0,0,0,0,0,0,
MICHEWENI,2019,17,0,0.0,0.0,0.0,0.0,0.0,0.0,0.0,0,0,0,0,0,0.0,0.0,0,0,0,0,0,0,0,0,0,
MICHEWENI,2019,18,0,0.0,0.0,0.0,0.0,0.0,0.0,0.0,0,0,0,0,0,0.0,0.0,0,0,0,0,0,0,0,0,0,
MICHEWENI,2019,19,7,0.5714285714285714,0.42857142857142855,0.14285714285714285,0.14285714285714285,0.14285714285714285,0.42857142857142855,0.14285714285714285,7,0,0,3,4,-4.956160028571428,39.77452958571428,0,0,0,0,0,0,0,0,0,5.0
MICHEWENI,2019,20,9,0.3333333333333333,0.6666666666666666,0.1111111111111111,0.4444444444444444,0.3333333333333333,0.1111111111111111,0.0,5,0,4,3,2,-4.9517737625,39.75886095,0,0,0,0,0,0,0,0,0,5.0
MICHEWENI,2019,21,6,0.5,0.5,0.3333333333333333,0.0,0.3333333333333333,0.16666666666666666,0.16666666666666666,6,0,0,1,5,-5.00103615,39.79169381666667,0,0,0,0,0,0,0,0,0,5.0
MICHEWENI,2019,22,3,0.0,1.0,0.0,0.6666666666666666,0.3333333333333333,0.0,0.0,3,0,0,0,3,-4.9389857,39.75233756666666,0,0,0,0,0,0,0,0,0,5.0
MICHEWENI,2019,23,1,1.0,0.0,0.0,0.0,1.0,0.0,0.0,1,0,0,0,1,-4.9531394,39.7635343,0,0,0,0,0,0,0,0,0,6.0
MICHEWENI,2019,24,4,1.0,0.0,0.0,0.75,0.25,0.0,0.0,4,0,0,2,2,-4.97699275,39.763439500000004,0,0,0,0,0,0,0,0,0,6.0
MICHEWENI,2019,25,7,0.8571428571428571,0.14285714285714285,0.0,0.7142857142857143,0.2857142857142857,0.0,0.0,7,0,0,0,7,-4.989333885714286,39.79324174285715,1,0,0,0,0,0,0,0,0,6.0
MICHEWENI,2019,26,20,0.55,0.45,0.25,0.4,0.3,0.05,0.0,19,0,1,3,16,-4.963963700000001,39.76935275263158,0,0,0,0,0,0,0,0,0,6.0
MICHEWENI,2019,27,32,0.6875,0.3125,0.03125,0.46875,0.375,0.0625,0.0625,24,2,8,4,18,-4.9448873466666665,39.75599185,17,0,0,0,0,1,0,0,0,7.0
MICHEWENI,2019,28,9,0.5555555555555556,0.4444444444444444,0.2222222222222222,0.3333333333333333,0.3333333333333333,0.1111111111111111,0.0,9,0,0,4,5,-4.940874988888889,39.71674101111111,5,0,0,0,0,0,0,0,0,7.0
MICHEWENI,2019,29,11,0.8181818181818182,0.18181818181818182,0.18181818181818182,0.6363636363636364,0.09090909090909091,0.09090909090909091,0.0,9,0,2,0,9,-4.9169994,39.69670684545454,6,0,0,0,0,0,0,0,0,7.0
MICHEWENI,2019,30,0,0.0,0.0,0.0,0.0,0.0,0.0,0.0,0,0,0,0,0,0.0,0.0,0,0,0,0,0,0,0,0,0,7.0
MICHEWENI,2019,31,16,0.5,0.5,0.0625,0.375,0.5,0.0625,0.0,14,0,2,7,7,-4.94501835625,39.74885445625,8,0,0,0,0,0,0,0,0,7.0
MICHEWENI,2019,32,1,1.0,0.0,0.0,0.0,1.0,0.0,0.0,1,0,0,0,1,-4.9835017,39.83363,1,0,0,0,0,0,0,0,0,8.0
MICHEWENI,2019,33,3,0.3333333333333333,0.6666666666666666,0.0,0.3333333333333333,0.6666666666666666,0.0,0.0,3,0,0,1,2,-4.959578766666667,39.815948999999996,0,0,0,0,0,0,0,0,0,8.0
MICHEWENI,2019,34,2,0.0,1.0,0.0,1.0,0.0,0.0,0.0,2,0,0,0,2,-4.9758191,39.805475,2,0,0,0,0,0,0,0,0,8.0
MICHEWENI,2019,35,2,1.0,0.0,0.0,1.0,0.0,0.0,0.0,2,0,0,0,2,-4.94409725,39.7609608,1,0,0,0,0,0,0,0,0,8.0
MICHEWENI,2019,36,0,0.0,0.0,0.0,0.0,0.0,0.0,0.0,0,0,0,0,0,0.0,0.0,0,0,0,0,0,0,0,0,0,
MICHEWENI,2019,37,3,1.0,0.0,0.6666666666666666,0.3333333333333333,0.0,0.0,0.0,3,0,0,0,3,-4.9671826333333335,39.79224896666667,1,0,0,0,0,0,0,0,0,9.0
MICHEWENI,2019,38,4,0.5,0.5,0.0,0.5,0.0,0.5,0.0,4,0,0,0,4,-4.98067815,39.7841562,2,0,0,0,0,0,0,0,0,9.0
MICHEWENI,2019,39,0,0.0,0.0,0.0,0.0,0.0,0.0,0.0,0,0,0,0,0,0.0,0.0,0,0,0,0,0,0,0,0,0,
MICHEWENI,2019,40,5,1.0,0.0,0.0,0.0,0.8,0.0,0.2,5,0,0,0,5,-4.95541692,39.80639372,0,0,0,0,0,1,0,0,0,10.0
MICHEWENI,2019,41,1,0.0,1.0,0.0,0.0,0.0,1.0,0.0,1,0,0,0,1,-5.0606798,39.7193973,0,0,0,0,0,0,0,0,0,10.0
MICHEWENI,2019,42,2,1.0,0.0,0.0,0.5,0.0,0.0,0.5,1,0,1,0,1,-4.900873150000001,39.6850855,1,0,0,0,0,0,0,0,0,10.0
MICHEWENI,2019,43,3,1.0,0.0,0.6666666666666666,0.0,0.0,0.3333333333333333,0.0,3,0,0,2,1,-4.937964166666666,39.75211786666667,0,0,0,0,0,0,0,0,0,10.0
MICHEWENI,2019,44,1,1.0,0.0,0.0,0.0,0.0,1.0,0.0,1,0,0,0,1,-4.9478294,39.8611257,0,0,0,0,0,0,0,0,0,10.0
MICHEWENI,2019,45,14,0.5714285714285714,0.42857142857142855,0.07142857142857142,0.14285714285714285,0.42857142857142855,0.14285714285714285,0.21428571428571427,11,0,3,1,10,-4.937037624999999,39.760902324999996,1,0,0,0,0,4,0,0,0,11.0
MICHEWENI,2019,46,3,0.3333333333333333,0.6666666666666666,0.0,0.6666666666666666,0.3333333333333333,0.0,0.0,3,0,0,1,2,-4.989024833333333,39.7634536,0,0,0,0,0,1,0,0,0,11.0
MICHEWENI,2019,47,6,0.3333333333333333,0.6666666666666666,0.0,0.8333333333333334,0.16666666666666666,0.0,0.0,6,0,0,0,6,-4.9533762333333335,39.796143449999995,6,0,0,0,0,0,0,0,0,11.0
MICHEWENI,2019,48,13,1.0,0.0,0.0,0.15384615384615385,0.5384615384615384,0.3076923076923077,0.0,13,0,0,3,10,-4.981999876923077,39.836924076923076,3,0,0,0,0,10,0,0,0,11.0
MICHEWENI,2019,49,10,0.9,0.1,0.0,0.1,0.3,0.6,0.0,10,0,0,1,9,-4.9686384199999996,39.80603471,1,0,0,0,0,5,0,0,0,12.0
MICHEWENI,2019,50,21,0.8571428571428571,0.14285714285714285,0.0,0.42857142857142855,0.5238095238095238,0.0,0.047619047619047616,19,0,2,4,15,-4.951293319047619,39.770400685714286,8,0,0,0,0,5,0,0,0,12.0
MICHEWENI,2019,51,27,0.7777777777777778,0.14814814814814814,0.037037037037037035,0.25925925925925924,0.37037037037037035,0.2222222222222222,0.1111111111111111,25,0,2,5,20,-4.9493894119999995,39.754057168,9,0,0,0,0,3,0,0,0,12.0
MICHEWENI,2019,52,23,0.7391304347826086,0.2608695652173913,0.043478260869565216,0.4782608695652174,0.4782608695652174,0.0,0.0,23,0,0,6,17,-4.979578360869565,39.76709154782609,9,0,0,0,0,5,0,0,0,12.0
MICHEWENI,2020,1,6,0.6666666666666666,0.3333333333333333,0.3333333333333333,0.0,0.5,0.16666666666666666,0.0,6,0,0,2,4,-4.950789479999999,39.73032576,0,0,0,0,0,0,0,0,0,1.0
MICHEWENI,2020,2,28,0.6428571428571429,0.35714285714285715,0.0,0.32142857142857145,0.5714285714285714,0.07142857142857142,0.03571428571428571,25,0,3,4,21,-4.953558753846154,39.75114906153846,8,0,0,0,0,5,0,0,0,1.0
MICHEWENI,2020,3,60,0.5666666666666667,0.3333333333333333,0.1,0.36666666666666664,0.43333333333333335,0.06666666666666667,0.03333333333333333,54,0,6,15,39,-4.95523505945946,39.744400797297295,18,0,0,0,0,4,0,0,0,1.0
MICHEWENI,2020,4,76,0.21052631578947367,0.10526315789473684,0.2236842105263158,0.21052631578947367,0.40789473684210525,0.10526315789473684,0.05263157894736842,76,0,0,25,51,,,1,0,0,0,0,0,0,0,0,1.0
MICHEWENI,2020,5,62,0.27419354838709675,0.12903225806451613,0.22580645161290322,0.3225806451612903,0.1935483870967742,0.1774193548387097,0.08064516129032258,62,0,0,20,42,-4.987853242857143,39.74760908571428,4,0,0,0,0,1,0,0,0,1.0
MICHEWENI,2020,6,17,0.23529411764705882,0.058823529411764705,0.5294117647058824,0.0,0.35294117647058826,0.0,0.11764705882352941,17,0,0,7,10,-4.9540948,39.722884675,1,0,0,0,0,0,0,0,0,2.0
MICHEWENI,2020,7,9,0.1111111111111111,0.0,0.5555555555555556,0.2222222222222222,0.2222222222222222,0.0,0.0,9,0,0,2,7,-4.9561067,39.6894194,0,0,0,0,0,1,0,0,0,2.0
MICHEWENI,2020,8,22,0.36363636363636365,0.36363636363636365,0.22727272727272727,0.45454545454545453,0.22727272727272727,0.09090909090909091,0.0,20,0,2,1,19,-4.985856576923077,39.77665362307692,7,0,0,0,0,0,0,0,0,2.0
MICHEWENI,2020,9,10,0.5,0.4,0.3,0.2,0.4,0.1,0.0,8,0,2,1,7,-4.953085933333333,39.74135842222223,3,0,0,0,0,1,0,0,0,2.0
MICHEWENI,2020,10,25,0.56,0.28,0.12,0.2,0.48,0.08,0.12,22,0,3,3,19,-4.992198925,39.7417236125,5,0,0,0,0,1,0,0,0,3.0
MICHEWENI,2020,11,23,0.6086956521739131,0.34782608695652173,0.08695652173913043,0.30434782608695654,0.391304347826087,0.043478260869565216,0.17391304347826086,20,0,3,2,18,-4.984513833333334,39.78007772222222,3,0,0,0,0,0,0,0,0,3.0
MICHEWENI,2020,12,7,0.42857142857142855,0.42857142857142855,0.14285714285714285,0.7142857142857143,0.14285714285714285,0.0,0.0,7,0,0,1,6,-4.9866410000000005,39.73100792,3,0,0,0,0,0,0,0,0,3.0
MICHEWENI,2020,13,18,0.5555555555555556,0.4444444444444444,0.0,0.4444444444444444,0.2222222222222222,0.2222222222222222,0.1111111111111111,18,0,0,2,16,-4.9626778357142864,39.70894956428572,3,0,0,0,0,2,0,0,0,3.0
MICHEWENI,2020,14,30,0.6333333333333333,0.36666666666666664,0.1,0.36666666666666664,0.36666666666666664,0.13333333333333333,0.03333333333333333,29,0,1,4,25,-4.951749036842105,39.73763045789474,3,0,0,0,0,4,0,0,0,3.0
MICHEWENI,2020,15,16,0.625,0.375,0.125,0.5,0.375,0.0,0.0,16,0,0,5,11,-4.978759216666667,39.794555908333336,6,0,0,0,0,4,0,0,0,4.0
MICHEWENI,2020,16,17,0.8235294117647058,0.17647058823529413,0.0,0.23529411764705882,0.7058823529411765,0.058823529411764705,0.0,16,0,1,0,16,-4.972115347058824,39.799304917647056,7,0,0,0,0,2,0,0,0,4.0
MICHEWENI,2020,17,14,0.6428571428571429,0.35714285714285715,0.14285714285714285,0.35714285714285715,0.42857142857142855,0.07142857142857142,0.0,14,0,0,1,13,-4.977785742857143,39.79405102142857,7,0,0,0,0,5,0,0,0,4.0
MICHEWENI,2020,18,16,0.8125,0.1875,0.0,0.4375,0.4375,0.125,0.0,16,0,0,0,16,-4.975069469999999,39.78269458,7,0,0,0,0,0,0,0,0,4.0
MICHEWENI,2020,19,8,0.75,0.25,0.0,0.375,0.625,0.0,0.0,7,0,1,0,7,-4.9823392,39.8261006875,6,0,0,0,0,0,0,0,0,5.0
MICHEWENI,2020,20,13,0.8461538461538461,0.15384615384615385,0.0,0.3076923076923077,0.6923076923076923,0.0,0.0,13,0,0,0,13,-4.95721376,39.7943394,11,0,0,0,0,1,0,0,0,5.0
MICHEWENI,2020,21,6,0.5,0.5,0.3333333333333333,0.3333333333333333,0.16666666666666666,0.0,0.16666666666666666,6,0,0,1,5,-4.958500320000001,39.77824918,1,0,0,0,0,0,0,0,0,5.0
MICHEWENI,2020,22,7,0.7142857142857143,0.2857142857142857,0.42857142857142855,0.0,0.5714285714285714,0.0,0.0,7,0,0,2,5,-4.968134042857143,39.798173385714286,1,0,0,0,0,1,0,0,0,5.0
MICHEWENI,2020,23,1,0.0,1.0,0.0,0.0,0.0,0.0,1.0,1,0,0,0,1,,,0,0,0,0,0,0,0,0,0,6.0
MICHEWENI,2020,24,2,1.0,0.0,0.0,0.0,1.0,0.0,0.0,2,0,0,0,2,-4.96602725,39.82536335,1,0,0,0,0,1,0,0,0,6.0
MICHEWENI,2020,25,12,0.5,0.5,0.0,0.16666666666666666,0.75,0.08333333333333333,0.0,12,0,0,3,9,-4.957515566666667,39.79986062222222,3,0,0,0,0,2,0,0,0,6.0
MICHEWENI,2020,26,10,0.6,0.4,0.1,0.7,0.2,0.0,0.0,10,0,0,0,10,-4.952497375,39.7961518625,4,0,0,0,0,1,0,0,0,6.0
MICHEWENI,2020,27,16,0.5625,0.4375,0.0625,0.1875,0.5625,0.125,0.0625,13,0,3,1,12,-4.968944508333333,39.80539180833333,9,0,0,0,0,1,0,0,0,6.0
MICHEWENI,2020,28,12,0.5,0.5,0.16666666666666666,0.16666666666666666,0.5,0.16666666666666666,0.0,12,0,0,3,9,-4.972058816666666,39.777443958333336,5,0,0,0,0,1,0,0,0,7.0
MICHEWENI,2020,29,3,0.6666666666666666,0.3333333333333333,0.0,0.3333333333333333,0.0,0.6666666666666666,0.0,2,0,1,1,1,-4.961890066666666,39.765059066666666,0,0,0,0,0,0,0,0,0,7.0
MICHEWENI,2020,30,7,0.42857142857142855,0.5714285714285714,0.14285714285714285,0.7142857142857143,0.14285714285714285,0.0,0.0,4,0,3,1,3,-4.975483357142857,39.81097607142857,4,0,0,0,0,0,0,0,0,7.0
MICHEWENI,2020,31,13,0.23076923076923078,0.7692307692307693,0.07692307692307693,0.5384615384615384,0.15384615384615385,0.15384615384615385,0.07692307692307693,12,0,1,0,12,-4.931800784615385,39.72033262307692,7,0,0,0,0,1,0,0,0,7.0
MICHEWENI,2020,32,4,0.5,0.5,0.0,0.75,0.25,0.0,0.0,4,0,0,1,3,-4.904033925,39.686223175,4,0,0,0,0,0,0,0,0,8.0
MICHEWENI,2020,33,5,0.6,0.4,0.2,0.4,0.2,0.0,0.2,4,0,1,0,4,-4.9457185,39.775027800000004,2,0,0,0,0,2,0,0,0,8.0
MICHEWENI,2020,34,5,0.6,0.4,0.0,0.4,0.4,0.2,0.0,5,0,0,2,3,-4.93262256,39.725216620000005,2,0,0,0,0,0,0,0,0,8.0
MICHEWENI,2020,35,11,0.5454545454545454,0.45454545454545453,0.09090909090909091,0.5454545454545454,0.18181818181818182,0.09090909090909091,0.09090909090909091,11,0,0,0,11,-4.971844972727273,39.773856563636365,6,0,0,0,0,1,0,0,0,8.0
MICHEWENI,2020,36,3,0.6666666666666666,0.3333333333333333,0.0,1.0,0.0,0.0,0.0,2,0,1,0,2,-5.008972933333333,39.795543433333336,2,0,0,0,0,0,0,0,0,9.0
MICHEWENI,2020,37,3,0.3333333333333333,0.6666666666666666,0.3333333333333333,0.3333333333333333,0.3333333333333333,0.0,0.0,2,0,1,1,1,-4.957645,39.77126943333334,0,0,0,0,0,0,0,0,0,9.0
MICHEWENI,2020,38,3,1.0,0.0,0.0,0.6666666666666666,0.3333333333333333,0.0,0.0,3,0,0,1,2,-4.9548267,39.787549999999996,0,0,0,1,0,0,0,0,0,9.0
MICHEWENI,2020,39,2,0.5,0.5,0.5,0.0,0.0,0.5,0.0,1,0,1,0,1,-4.910595,39.6904417,0,0,0,0,0,0,0,0,0,9.0
MICHEWENI,2020,40,5,0.8,0.2,0.2,0.4,0.2,0.0,0.2,5,0,0,1,4,-4.9905272400000005,39.78986474,2,0,0,0,0,0,0,0,0,10.0
MICHEWENI,2020,41,3,0.6666666666666666,0.3333333333333333,0.0,0.3333333333333333,0.0,0.3333333333333333,0.3333333333333333,3,0,0,0,3,-4.947626166666667,39.7900977,1,0,0,0,0,1,0,0,0,10.0
MICHEWENI,2020,42,5,0.6,0.4,0.2,0.0,0.2,0.4,0.2,4,0,1,1,3,-4.952502300000001,39.766595540000004,1,0,0,0,0,1,0,0,0,10.0
MICHEWENI,2020,43,3,1.0,0.0,0.0,0.0,1.0,0.0,0.0,3,0,0,1,2,-4.9641469,39.7807923,2,0,0,0,0,0,0,0,0,10.0
MICHEWENI,2020,44,0,0.0,0.0,0.0,0.0,0.0,0.0,0.0,0,0,0,0,0,0.0,0.0,0,0,0,0,0,0,0,0,0,
MICHEWENI,2020,45,5,0.2,0.8,0.0,0.6,0.4,0.0,0.0,5,0,0,0,5,-4.92889398,39.72028298,4,0,0,0,0,0,0,0,0,11.0
MICHEWENI,2020,46,1,1.0,0.0,0.0,0.0,1.0,0.0,0.0,1,0,0,1,0,-4.9035067,39.6881983,0,0,0,0,0,0,0,0,0,11.0
MICHEWENI,2020,47,8,0.375,0.625,0.0,0.5,0.125,0.25,0.125,6,0,2,0,6,-4.9841065166666665,39.83921711666667,4,0,0,0,0,0,0,0,0,11.0
MICHEWENI,2020,48,0,0.0,0.0,0.0,0.0,0.0,0.0,0.0,0,0,0,0,0,0.0,0.0,0,0,0,0,0,0,0,0,0,11.0
MICHEWENI,2020,49,3,0.6666666666666666,0.3333333333333333,0.0,0.0,0.6666666666666666,0.3333333333333333,0.0,3,0,0,0,3,-4.9638019,39.81253976666667,0,0,0,0,0,0,0,0,0,12.0
MICHEWENI,2020,50,2,1.0,0.0,0.0,0.5,0.5,0.0,0.0,2,0,0,0,2,-4.9913050000000005,39.703538300000005,1,0,0,0,0,0,0,0,0,12.0
MICHEWENI,2020,51,2,1.0,0.0,0.0,0.0,0.5,0.0,0.5,2,0,0,0,2,-5.9086094,39.2500591,1,0,0,0,0,0,0,0,0,12.0
MICHEWENI,2020,52,4,0.25,0.75,0.0,0.25,0.25,0.5,0.0,4,0,0,0,4,-4.94658615,39.7537674,1,0,0,0,0,0,0,0,0,12.0
MICHEWENI,2021,1,1,0.0,1.0,0.0,0.0,1.0,0.0,0.0,1,0,0,0,1,,,0,0,0,0,0,0,0,0,0,1.0
MICHEWENI,2021,2,3,0.6666666666666666,0.3333333333333333,0.0,0.0,1.0,0.0,0.0,3,0,0,0,3,-4.974034633333333,39.796513866666665,1,0,0,0,0,1,0,0,0,1.0
MICHEWENI,2021,3,6,0.6666666666666666,0.3333333333333333,0.0,0.16666666666666666,0.8333333333333334,0.0,0.0,6,0,0,1,5,-4.981412833333333,39.81153118333334,4,0,0,0,0,0,0,0,0,1.0
MICHEWENI,2021,4,5,0.4,0.6,0.2,0.4,0.0,0.4,0.0,4,0,1,0,4,-4.952505433333333,39.778088233333335,0,0,0,0,0,0,0,0,0,1.0
MICHEWENI,2021,5,1,0.0,1.0,0.0,0.0,1.0,0.0,0.0,1,0,0,0,1,,,1,0,0,0,0,0,0,0,0,1.0
MICHEWENI,2021,6,4,0.25,0.75,0.0,0.0,1.0,0.0,0.0,4,0,0,0,4,-4.9709540500000005,39.73200265,1,0,0,0,0,0,0,0,0,2.0
MICHEWENI,2021,7,2,1.0,0.0,0.0,0.5,0.5,0.0,0.0,1,0,1,1,0,-4.975087,39.73560595,1,0,0,0,0,0,0,0,0,2.0
MICHEWENI,2021,8,6,0.6666666666666666,0.3333333333333333,0.0,0.16666666666666666,0.6666666666666666,0.16666666666666666,0.0,6,0,0,0,6,-4.93857665,39.7721183,0,0,0,0,0,1,0,0,0,2.0
MICHEWENI,2021,9,1,0.0,1.0,0.0,0.0,1.0,0.0,0.0,1,0,0,0,1,-5.0539225,39.729768,0,0,0,0,0,0,0,0,0,2.0
MICHEWENI,2021,10,0,0.0,0.0,0.0,0.0,0.0,0.0,0.0,0,0,0,0,0,0.0,0.0,0,0,0,0,0,0,0,0,0,3.0
MICHEWENI,2021,11,0,0.0,0.0,0.0,0.0,0.0,0.0,0.0,0,0,0,0,0,0.0,0.0,0,0,0,0,0,0,0,0,0,
MICHEWENI,2021,12,2,1.0,0.0,0.5,0.0,0.5,0.0,0.0,2,0,0,0,2,-4.9950574,39.81631835,0,0,0,0,0,0,0,0,0,3.0
MICHEWENI,2021,13,0,0.0,0.0,0.0,0.0,0.0,0.0,0.0,0,0,0,0,0,0.0,0.0,0,0,0,0,0,0,0,0,0,
MICHEWENI,2021,14,1,1.0,0.0,0.0,0.0,1.0,0.0,0.0,1,0,0,0,1,-4.9489117,39.787125,1,0,0,0,0,0,0,0,0,3.0
MICHEWENI,2021,15,0,0.0,0.0,0.0,0.0,0.0,0.0,0.0,0,0,0,0,0,0.0,0.0,0,0,0,0,0,0,0,0,0,
MICHEWENI,2021,16,3,0.3333333333333333,0.6666666666666666,0.0,0.0,0.6666666666666666,0.3333333333333333,0.0,3,0,0,2,1,-4.9393783,39.7477583,1,0,0,0,0,0,0,0,0,4.0
MICHEWENI,2021,17,4,1.0,0.0,0.0,0.25,0.75,0.0,0.0,4,0,0,1,3,-4.9870889,39.78805833333333,1,0,0,0,0,0,0,0,0,4.0
MICHEWENI,2021,18,3,0.6666666666666666,0.3333333333333333,0.3333333333333333,0.0,0.3333333333333333,0.3333333333333333,0.0,3,0,0,0,3,-4.9335966,39.6838295,0,0,0,0,0,0,0,0,0,4.0
MICHEWENI,2021,19,8,0.25,0.75,0.125,0.375,0.25,0.0,0.25,8,0,0,0,8,-4.9543219,39.7870503,1,0,0,0,0,0,1,0,0,5.0
MICHEWENI,2021,20,2,1.0,0.0,0.0,0.0,0.5,0.5,0.0,2,0,0,1,1,-4.94639645,39.74400545,0,0,0,0,0,0,0,0,0,5.0
MICHEWENI,2021,21,4,0.25,0.75,0.0,0.5,0.25,0.25,0.0,4,0,0,1,3,-4.958616125,39.763900725,2,0,0,0,0,0,0,0,0,5.0
MICHEWENI,2021,22,3,0.6666666666666666,0.3333333333333333,0.3333333333333333,0.0,0.0,0.6666666666666666,0.0,3,0,0,2,1,-4.9576431,39.763927,0,0,0,0,0,0,0,0,0,5.0
MICHEWENI,2021,23,3,0.6666666666666666,0.3333333333333333,0.3333333333333333,0.6666666666666666,0.0,0.0,0.0,3,0,0,2,1,,,2,0,0,0,0,0,0,0,0,6.0
MICHEWENI,2021,24,2,1.0,0.0,0.0,1.0,0.0,0.0,0.0,2,0,0,0,2,,,0,0,0,0,0,0,0,0,0,6.0
MICHEWENI,2021,25,1,1.0,0.0,0.0,0.0,1.0,0.0,0.0,1,0,0,0,1,,,0,0,0,0,0,0,0,0,0,6.0
MICHEWENI,2021,26,7,0.8571428571428571,0.14285714285714285,0.2857142857142857,0.0,0.2857142857142857,0.0,0.42857142857142855,7,0,0,0,7,-4.95254934,39.77625664,0,0,0,0,1,3,0,1,0,6.0
MICHEWENI,2021,27,11,0.5454545454545454,0.45454545454545453,0.09090909090909091,0.5454545454545454,0.09090909090909091,0.09090909090909091,0.18181818181818182,9,0,2,0,9,-4.963406755555556,39.782684511111114,0,0,0,0,0,1,0,0,0,6.0
MICHEWENI,2021,28,3,1.0,0.0,0.0,0.3333333333333333,0.3333333333333333,0.0,0.3333333333333333,3,0,0,0,3,-4.964404,39.80386646666667,1,0,0,0,0,0,0,0,0,7.0
MICHEWENI,2021,29,5,0.8,0.2,0.2,0.0,0.4,0.2,0.2,4,0,1,1,3,-4.988406100000001,39.804064419999996,0,0,0,0,0,0,0,1,0,7.0
MICHEWENI,2021,30,2,0.5,0.5,0.0,0.0,1.0,0.0,0.0,2,0,0,1,1,-4.98459755,39.77741185,1,0,0,0,0,0,0,0,0,7.0
MICHEWENI,2021,31,0,0.0,0.0,0.0,0.0,0.0,0.0,0.0,0,0,0,0,0,0.0,0.0,0,0,0,0,0,0,0,0,0,
MICHEWENI,2021,32,4,0.75,0.25,0.75,0.0,0.25,0.0,0.0,4,0,0,1,3,-4.95239405,39.783805875,0,0,0,0,0,1,0,0,0,8.0
MICHEWENI,2021,33,4,0.5,0.5,0.5,0.0,0.0,0.5,0.0,4,0,0,0,4,-4.951757525,39.787644,0,0,0,0,0,1,0,1,0,8.0
MICHEWENI,2021,34,2,1.0,0.0,0.5,0.0,0.5,0.0,0.0,2,0,0,0,2,-4.9268359,39.74015885,0,0,0,0,0,0,1,0,0,8.0
MICHEWENI,2021,35,1,1.0,0.0,0.0,0.0,1.0,0.0,0.0,1,0,0,0,1,-4.8832432,39.6805664,0,0,0,0,0,0,0,0,0,8.0
MICHEWENI,2021,36,3,0.3333333333333333,0.6666666666666666,0.0,0.0,0.3333333333333333,0.6666666666666666,0.0,3,0,0,1,2,-4.9534736,39.7651577,0,0,0,0,0,1,0,2,0,8.0
MICHEWENI,2021,37,0,0.0,0.0,0.0,0.0,0.0,0.0,0.0,0,0,0,0,0,0.0,0.0,0,0,0,0,0,0,0,0,0,
MICHEWENI,2021,38,3,1.0,0.0,0.0,0.0,0.6666666666666666,0.3333333333333333,0.0,3,0,0,1,2,-4.968019633333333,39.784244,0,0,0,0,0,1,0,0,0,9.0
MICHEWENI,2021,39,1,1.0,0.0,0.0,0.0,0.0,1.0,0.0,1,0,0,0,1,-4.9645078,39.7650019,0,0,0,0,0,0,0,0,0,9.0
MICHEWENI,2021,40,0,0.0,0.0,0.0,0.0,0.0,0.0,0.0,0,0,0,0,0,0.0,0.0,0,0,0,0,0,0,0,0,0,
MICHEWENI,2021,41,2,1.0,0.0,0.0,0.5,0.0,0.0,0.5,2,0,0,0,2,-4.93477895,39.71400045,1,0,0,0,0,1,0,0,0,10.0
MICHEWENI,2021,42,1,0.0,1.0,0.0,0.0,1.0,0.0,0.0,1,0,0,0,1,-4.9775233,39.73471,0,0,0,0,0,0,0,1,0,10.0
MICHEWENI,2021,43,2,0.5,0.5,0.0,0.5,0.0,0.5,0.0,2,0,0,1,1,-4.9706753500000005,39.763227549999996,1,0,0,0,0,0,0,0,0,10.0
MICHEWENI,2021,44,3,1.0,0.0,0.0,0.0,0.3333333333333333,0.0,0.6666666666666666,3,0,0,0,3,-4.9769827,39.83731496666667,0,0,0,0,0,3,0,0,0,10.0
MICHEWENI,2021,45,1,0.0,1.0,0.0,0.0,1.0,0.0,0.0,1,0,0,0,1,-4.9533267,39.7627817,0,0,0,0,0,0,0,1,0,11.0
MICHEWENI,2021,46,1,1.0,0.0,0.0,0.0,0.0,1.0,0.0,1,0,0,0,1,-4.9582586,39.7869898,0,0,0,0,0,0,0,0,0,11.0
MICHEWENI,2021,47,1,0.0,1.0,0.0,1.0,0.0,0.0,0.0,1,0,0,0,1,-4.9480221,39.7881006,1,0,0,0,0,0,0,0,0,11.0
MICHEWENI,2021,48,6,0.3333333333333333,0.6666666666666666,0.16666666666666666,0.3333333333333333,0.5,0.0,0.0,3,0,3,0,3,-4.91922575,39.70296428333333,2,0,0,0,0,0,1,2,0,11.0
MICHEWENI,2021,49,1,1.0,0.0,0.0,1.0,0.0,0.0,0.0,1,0,0,0,1,-4.9122066,39.6899772,0,0,0,0,0,0,0,0,0,12.0
MICHEWENI,2021,50,0,0.0,0.0,0.0,0.0,0.0,0.0,0.0,0,0,0,0,0,0.0,0.0,0,0,0,0,0,0,0,0,0,
MICHEWENI,2021,51,1,0.0,1.0,0.0,0.0,1.0,0.0,0.0,1,0,0,0,1,-4.9805301,39.8320912,1,0,0,0,0,0,0,0,0,12.0
MICHEWENI,2021,52,2,0.5,0.5,0.0,0.0,0.0,1.0,0.0,2,0,0,0,2,-4.98388415,39.787939800000004,0,0,0,0,0,0,0,1,0,12.0
MICHEWENI,2022,1,0,0.0,0.0,0.0,0.0,0.0,0.0,0.0,0,0,0,0,0,0.0,0.0,0,0,0,0,0,0,0,0,0,
MICHEWENI,2022,2,0,0.0,0.0,0.0,0.0,0.0,0.0,0.0,0,0,0,0,0,0.0,0.0,0,0,0,0,0,0,0,0,0,1.0
MICHEWENI,2022,3,5,0.8,0.2,0.0,0.4,0.2,0.2,0.2,5,0,0,2,3,-4.946359800000001,39.762908319999994,2,0,0,0,0,2,1,0,0,1.0
MICHEWENI,2022,4,4,0.75,0.25,0.0,0.5,0.5,0.0,0.0,3,0,1,0,3,-4.9623438,39.766274075,3,0,0,0,0,0,0,1,0,1.0
MICHEWENI,2022,5,5,0.4,0.6,0.2,0.4,0.0,0.4,0.0,5,0,0,2,3,-4.958161339999999,39.750609299999994,0,0,0,0,0,1,0,0,0,1.0
MICHEWENI,2022,6,1,0.0,1.0,0.0,0.0,1.0,0.0,0.0,1,0,0,0,1,-4.9698,39.7363583,0,0,0,0,1,0,0,0,0,2.0
MICHEWENI,2022,7,4,1.0,0.0,0.0,0.0,0.75,0.0,0.25,4,0,0,2,2,-4.947353775,39.756443,2,0,0,0,0,1,0,0,0,2.0
MICHEWENI,2022,8,6,0.6666666666666666,0.3333333333333333,0.16666666666666666,0.16666666666666666,0.5,0.0,0.16666666666666666,6,0,0,3,3,-4.953007416666666,39.710305166666664,2,0,0,0,1,1,1,0,0,2.0
MICHEWENI,2022,9,4,1.0,0.0,0.25,0.0,0.0,0.75,0.0,4,0,0,0,4,-4.9449284250000005,39.760836125,0,0,0,0,1,0,0,0,0,2.0
MICHEWENI,2022,10,1,1.0,0.0,0.0,0.0,1.0,0.0,0.0,1,0,0,1,0,-4.951305,39.7161083,1,0,0,0,0,0,0,0,0,3.0
MICHEWENI,2022,11,8,1.0,0.0,0.0,0.0,1.0,0.0,0.0,6,0,2,0,6,-4.9767766,39.79644965,0,0,0,0,0,5,1,0,0,3.0
MICHEWENI,2022,12,4,0.75,0.25,0.0,0.0,0.25,0.75,0.0,4,0,0,2,2,-4.9765975000000005,39.76868565,1,0,0,0,0,2,0,0,0,3.0
MICHEWENI,2022,13,6,0.6666666666666666,0.3333333333333333,0.16666666666666666,0.0,0.8333333333333334,0.0,0.0,5,0,1,0,5,-4.987911816666666,39.82844596666667,1,0,0,0,0,4,1,0,0,3.0
MICHEWENI,2022,14,3,0.6666666666666666,0.3333333333333333,0.3333333333333333,0.0,0.6666666666666666,0.0,0.0,3,0,0,0,3,-5.0228953333333335,39.81578703333333,0,0,0,0,0,2,0,0,0,3.0
MICHEWENI,2022,15,4,1.0,0.0,0.25,0.0,0.75,0.0,0.0,3,0,1,0,3,-4.9876074500000005,39.832457725,0,0,0,0,0,3,0,0,0,4.0
MICHEWENI,2022,16,5,0.8,0.2,0.0,0.0,0.6,0.4,0.0,4,0,1,0,4,-4.99253388,39.83775696,0,0,0,0,0,4,0,1,0,4.0
MICHEWENI,2022,17,3,0.6666666666666666,0.0,0.0,0.0,0.6666666666666666,0.0,0.0,3,0,0,0,3,-4.9880420999999995,39.84657745,0,0,0,0,0,2,0,0,0,4.0
MICHEWENI,2022,18,5,1.0,0.0,0.0,0.0,0.6,0.4,0.0,5,0,0,1,4,-4.9897915,39.828137219999995,0,0,0,0,1,3,0,0,0,4.0
MICHEWENI,2022,19,1,1.0,0.0,0.0,0.0,0.0,1.0,0.0,1,0,0,1,0,-4.948395,39.7443733,0,0,0,0,1,0,0,0,0,5.0
MICHEWENI,2022,20,6,0.8333333333333334,0.16666666666666666,0.0,0.0,0.8333333333333334,0.0,0.16666666666666666,6,0,0,3,3,-4.959067733333334,39.73712455,1,0,0,0,1,2,1,0,0,5.0
MICHEWENI,2022,21,1,0.0,1.0,0.0,0.0,1.0,0.0,0.0,1,0,0,0,1,-5.020645,39.7859333,0,0,0,0,1,0,0,0,0,5.0
MICHEWENI,2022,22,7,0.42857142857142855,0.5714285714285714,0.14285714285714285,0.5714285714285714,0.14285714285714285,0.0,0.14285714285714285,7,0,0,2,5,-4.958747585714286,39.78297897142857,3,0,0,0,0,1,0,0,0,5.0
MICHEWENI,2022,23,13,0.6923076923076923,0.3076923076923077,0.0,0.38461538461538464,0.5384615384615384,0.07692307692307693,0.0,12,0,1,2,10,-4.9568678461538465,39.78320172307693,6,0,0,0,2,1,3,0,0,6.0
MICHEWENI,2022,24,2,1.0,0.0,0.0,0.5,0.5,0.0,0.0,2,0,0,0,2,-4.9488465999999995,39.7884058,1,0,0,0,0,0,0,0,0,6.0
MICHEWENI,2022,25,3,1.0,0.0,0.0,0.0,1.0,0.0,0.0,3,0,0,1,2,-4.957640933333334,39.79378946666667,1,0,0,0,0,0,2,0,0,6.0
MICHEWENI,2022,26,4,0.5,0.5,0.0,0.25,0.25,0.5,0.0,4,0,0,2,2,-4.946094625000001,39.744045775000004,1,0,0,0,0,0,0,1,0,6.0
MICHEWENI,2022,27,1,1.0,0.0,0.0,0.0,1.0,0.0,0.0,1,0,0,0,1,-4.9543267,39.7324917,1,0,0,0,0,0,0,0,0,6.0
MICHEWENI,2022,28,4,0.75,0.25,0.0,0.0,0.5,0.25,0.25,4,0,0,1,3,-4.9499423,39.778507025,1,0,0,0,0,1,0,1,0,7.0
MICHEWENI,2022,29,2,0.0,1.0,0.0,0.0,1.0,0.0,0.0,2,0,0,0,2,-4.95049755,39.78517325,0,0,0,0,1,0,0,1,0,7.0
MICHEWENI,2022,30,4,0.75,0.25,0.0,0.0,0.75,0.0,0.25,4,0,0,2,2,-4.961255575,39.772669525,0,0,0,0,1,0,0,0,0,7.0
MICHEWENI,2022,31,7,0.7142857142857143,0.2857142857142857,0.14285714285714285,0.2857142857142857,0.42857142857142855,0.14285714285714285,0.0,5,0,2,0,5,-4.948475728571429,39.775146771428574,2,0,0,0,2,1,0,1,0,7.0
MICHEWENI,2022,32,3,1.0,0.0,0.0,0.0,0.3333333333333333,0.6666666666666666,0.0,3,0,0,0,3,-4.961658833333334,39.811267533333336,0,0,0,0,0,0,0,0,0,8.0
MICHEWENI,2022,33,0,0.0,0.0,0.0,0.0,0.0,0.0,0.0,0,0,0,0,0,0.0,0.0,0,0,0,0,0,0,0,0,0,8.0
MICHEWENI,2022,34,0,0.0,0.0,0.0,0.0,0.0,0.0,0.0,0,0,0,0,0,0.0,0.0,0,0,0,0,0,0,0,0,0,
MICHEWENI,2022,35,2,1.0,0.0,0.5,0.5,0.0,0.0,0.0,2,0,0,0,2,-4.9236761,39.73792265,0,0,0,0,0,0,0,0,0,8.0
MICHEWENI,2022,36,1,1.0,0.0,0.0,0.0,0.0,1.0,0.0,1,0,0,1,0,-4.94597,39.7452183,0,0,0,0,0,0,0,0,0,8.0
MICHEWENI,2022,37,1,0.0,1.0,0.0,0.0,1.0,0.0,0.0,1,0,0,0,1,-5.0162296,39.8039355,1,0,0,0,0,0,0,0,0,9.0
MICHEWENI,2022,38,1,1.0,0.0,0.0,0.0,0.0,1.0,0.0,1,0,0,0,1,-4.9514807,39.7428239,0,0,0,0,0,0,0,0,0,9.0
MICHEWENI,2022,39,0,0.0,0.0,0.0,0.0,0.0,0.0,0.0,0,0,0,0,0,0.0,0.0,0,0,0,0,0,0,0,0,0,9.0
MICHEWENI,2022,40,0,0.0,0.0,0.0,0.0,0.0,0.0,0.0,0,0,0,0,0,0.0,0.0,0,0,0,0,0,0,0,0,0,
MICHEWENI,2022,41,1,1.0,0.0,0.0,0.0,0.0,1.0,0.0,1,0,0,1,0,-4.9912571,39.8091328,0,0,0,0,0,0,0,0,0,10.0
MICHEWENI,2022,42,0,0.0,0.0,0.0,0.0,0.0,0.0,0.0,0,0,0,0,0,0.0,0.0,0,0,0,0,0,0,0,0,0,
MICHEWENI,2022,43,0,0.0,0.0,0.0,0.0,0.0,0.0,0.0,0,0,0,0,0,0.0,0.0,0,0,0,0,0,0,0,0,0,10.0
MICHEWENI,2022,44,1,1.0,0.0,0.0,0.0,1.0,0.0,0.0,1,0,0,0,1,-4.9940984,39.8326503,0,0,0,0,0,1,0,0,0,10.0
MICHEWENI,2022,45,2,1.0,0.0,0.0,0.0,0.5,0.5,0.0,2,0,0,1,1,-4.9281706,39.739176150000006,0,0,0,0,0,0,0,0,0,11.0
MICHEWENI,2022,46,1,0.0,1.0,0.0,0.0,0.0,1.0,0.0,1,0,0,0,1,-4.9557719,39.7815833,0,0,0,0,0,0,0,1,0,11.0
MICHEWENI,2022,47,3,0.6666666666666666,0.3333333333333333,0.0,0.0,1.0,0.0,0.0,3,0,0,0,3,-4.9756260333333335,39.779229666666666,0,0,0,0,0,2,0,0,0,11.0
MICHEWENI,2022,48,1,0.0,1.0,0.0,1.0,0.0,0.0,0.0,1,0,0,0,1,-4.9852307,39.7712832,1,0,0,0,0,0,0,0,0,11.0
MICHEWENI,2022,49,0,0.0,0.0,0.0,0.0,0.0,0.0,0.0,0,0,0,0,0,0.0,0.0,0,0,0,0,0,0,0,0,0,
MICHEWENI,2022,50,2,0.0,1.0,0.5,0.0,0.5,0.0,0.0,1,0,1,0,1,-5.0053111,39.7804487,0,0,0,0,0,0,0,1,0,12.0
MICHEWENI,2022,51,2,0.5,0.5,0.5,0.0,0.5,0.0,0.0,2,0,0,1,1,-4.946789600000001,39.79424025,0,0,0,0,0,0,0,0,0,12.0
MICHEWENI,2022,52,1,1.0,0.0,0.0,0.0,1.0,0.0,0.0,1,0,0,0,1,-4.994088,39.83264,1,0,0,0,0,0,0,0,0,12.0
MICHEWENI,2023,1,1,1.0,0.0,0.0,0.0,1.0,0.0,0.0,1,0,0,0,1,-4.9644737,39.7666293,1,0,0,0,0,0,0,0,0,1.0
MICHEWENI,2023,2,3,0.6666666666666666,0.3333333333333333,0.0,0.0,0.0,0.6666666666666666,0.3333333333333333,3,0,0,1,2,-4.966773633333333,39.78845006666666,0,0,0,0,1,0,0,1,0,1.0
MICHEWENI,2023,3,2,1.0,0.0,0.0,0.0,0.5,0.0,0.5,2,0,0,2,0,-4.9786616,39.800190349999994,1,0,0,0,0,0,0,0,0,1.0
MICHEWENI,2023,4,4,0.75,0.25,0.0,0.0,0.75,0.25,0.0,4,0,0,3,1,-4.938089175,39.751524425,2,0,0,0,0,0,1,0,0,1.0
MICHEWENI,2023,5,1,0.0,1.0,0.0,0.0,0.0,1.0,0.0,1,0,0,0,1,-5.0155529,39.8061587,0,0,0,0,0,0,0,1,0,1.0
MICHEWENI,2023,6,2,0.0,1.0,0.5,0.0,0.0,0.5,0.0,2,0,0,1,1,-4.9639419,39.786643600000005,0,0,0,0,1,0,0,0,0,2.0
MICHEWENI,2023,7,1,1.0,0.0,0.0,0.0,1.0,0.0,0.0,1,0,0,0,1,,,0,0,0,0,0,0,0,0,0,2.0
MICHEWENI,2023,8,5,0.4,0.6,0.0,0.0,0.8,0.0,0.0,5,0,0,3,2,-4.9457299,39.7662613,1,0,0,0,0,0,1,0,0,2.0
MICHEWENI,2023,9,0,0.0,0.0,0.0,0.0,0.0,0.0,0.0,0,0,0,0,0,0.0,0.0,0,0,0,0,0,0,0,0,0,
MICHEWENI,2023,10,2,0.5,0.5,0.0,0.0,0.0,0.5,0.5,2,0,0,0,2,-5.02759545,39.77463075,0,0,0,0,0,0,1,0,0,3.0
MICHEWENI,2023,11,1,1.0,0.0,1.0,0.0,0.0,0.0,0.0,1,0,0,0,1,-5.018985,39.7859439,0,0,0,0,0,0,0,0,0,3.0
MICHEWENI,2023,12,1,1.0,0.0,0.0,0.0,0.0,1.0,0.0,1,0,0,0,1,-4.9785261,39.8515214,0,0,0,0,0,1,0,0,0,3.0
MICHEWENI,2023,13,0,0.0,0.0,0.0,0.0,0.0,0.0,0.0,0,0,0,0,0,0.0,0.0,0,0,0,0,0,0,0,0,0,3.0
MICHEWENI,2023,14,1,1.0,0.0,0.0,0.0,1.0,0.0,0.0,1,0,0,1,0,-4.9466471,39.7457774,0,0,0,0,0,0,0,0,0,4.0
MICHEWENI,2023,15,2,1.0,0.0,0.0,0.0,1.0,0.0,0.0,2,0,0,2,0,-4.9555286,39.78455445,0,0,0,1,0,1,0,0,0,4.0
MICHEWENI,2023,16,0,0.0,0.0,0.0,0.0,0.0,0.0,0.0,0,0,0,0,0,0.0,0.0,0,0,0,0,0,0,0,0,0,
MICHEWENI,2023,17,4,1.0,0.0,0.0,0.0,0.25,0.25,0.5,4,0,0,2,2,-4.9800611,39.7670051,0,0,0,0,0,0,0,0,0,4.0
MICHEWENI,2023,18,0,0.0,0.0,0.0,0.0,0.0,0.0,0.0,0,0,0,0,0,0.0,0.0,0,0,0,0,0,0,0,0,0,4.0
MICHEWENI,2023,19,2,1.0,0.0,0.0,0.0,0.5,0.5,0.0,2,0,0,1,1,-4.985141,39.7715023,0,0,0,0,0,0,0,0,0,5.0
MICHEWENI,2023,20,1,1.0,0.0,1.0,0.0,0.0,0.0,0.0,1,0,0,0,1,-4.9960235,39.8117621,0,0,0,0,0,0,0,0,0,5.0
MICHEWENI,2023,21,9,0.4444444444444444,0.5555555555555556,0.0,0.5555555555555556,0.2222222222222222,0.1111111111111111,0.1111111111111111,8,0,1,0,8,-4.96605411111111,39.72356666666666,5,0,0,0,1,0,0,1,0,5.0
MICHEWENI,2023,22,7,0.42857142857142855,0.5714285714285714,0.0,0.7142857142857143,0.2857142857142857,0.0,0.0,7,0,0,3,4,-4.9385078714285715,39.757955428571435,5,0,0,0,0,0,0,0,0,5.0
MICHEWENI,2023,23,1,0.0,1.0,0.0,0.0,0.0,1.0,0.0,1,0,0,1,0,-4.942773,39.7270254,0,0,0,0,0,0,0,1,0,6.0
MICHEWENI,2023,24,4,0.75,0.25,0.0,0.25,0.75,0.0,0.0,4,0,0,0,4,-4.9810927,39.795974025,1,0,0,0,0,2,0,0,0,6.0
MICHEWENI,2023,25,5,0.8,0.2,0.0,0.0,0.8,0.2,0.0,5,0,0,0,5,-4.9713096199999995,39.8043409,0,0,0,0,0,2,2,1,0,6.0
MICHEWENI,2023,26,6,0.5,0.5,0.0,0.0,0.6666666666666666,0.3333333333333333,0.0,6,0,0,5,1,-4.9376001,39.73304084,0,0,0,0,0,1,2,2,0,6.0
MICHEWENI,2023,27,2,0.5,0.5,0.5,0.0,0.5,0.0,0.0,2,0,0,0,2,-4.9802215499999996,39.79991535,0,0,0,0,0,1,0,0,0,7.0
MICHEWENI,2023,28,2,1.0,0.0,0.0,0.0,0.5,0.5,0.0,2,0,0,0,2,-4.9259511499999995,39.717254249999996,1,0,0,0,1,0,0,0,0,7.0
MICHEWENI,2023,29,2,1.0,0.0,0.0,0.0,1.0,0.0,0.0,2,0,0,1,1,-4.93314855,39.7562838,1,0,0,0,0,1,0,0,0,7.0
MICHEWENI,2023,30,2,0.5,0.5,0.0,0.5,0.5,0.0,0.0,2,0,0,0,2,-4.93118555,39.738292200000004,2,0,0,0,0,0,0,0,0,7.0
MICHEWENI,2023,31,4,0.75,0.25,0.0,0.25,0.5,0.25,0.0,4,0,0,0,4,-4.982454375,39.768839625,1,0,0,0,1,0,0,0,0,8.0
MICHEWENI,2023,32,0,0.0,0.0,0.0,0.0,0.0,0.0,0.0,0,0,0,0,0,0.0,0.0,0,0,0,0,0,0,0,0,0,
MICHEWENI,2023,33,4,0.75,0.25,0.5,0.0,0.5,0.0,0.0,4,0,0,1,3,-4.9501596,39.76416045,0,0,0,0,0,2,0,0,0,8.0
MICHEWENI,2023,34,1,1.0,0.0,0.0,0.0,1.0,0.0,0.0,1,0,0,1,0,-4.9399558,39.7610145,0,0,0,0,0,0,1,0,0,8.0
MICHEWENI,2023,35,3,0.0,1.0,0.3333333333333333,0.0,0.6666666666666666,0.0,0.0,3,0,0,1,2,-4.9959119,39.8380449,0,0,0,0,0,0,1,1,0,8.0
MICHEWENI,2023,36,0,0.0,0.0,0.0,0.0,0.0,0.0,0.0,0,0,0,0,0,0.0,0.0,0,0,0,0,0,0,0,0,0,
MICHEWENI,2023,37,1,0.0,1.0,1.0,0.0,0.0,0.0,0.0,1,0,0,0,1,-5.0287813,39.7430947,0,0,0,0,0,0,0,0,0,9.0
MICHEWENI,2023,38,7,0.7142857142857143,0.2857142857142857,0.14285714285714285,0.42857142857142855,0.2857142857142857,0.14285714285714285,0.0,5,0,2,0,5,-4.980915114285715,39.79802097142857,3,0,0,0,0,0,1,1,0,9.0
MICHEWENI,2023,39,1,1.0,0.0,0.0,0.0,1.0,0.0,0.0,1,0,0,0,1,-5.0099525,39.8115066,0,0,0,0,0,1,0,0,0,9.0
MICHEWENI,2023,40,1,0.0,1.0,0.0,1.0,0.0,0.0,0.0,1,0,0,0,1,-5.0314191,39.8162658,0,0,0,0,0,0,0,0,0,10.0
MICHEWENI,2023,41,1,1.0,0.0,0.0,0.0,0.0,1.0,0.0,1,0,0,1,0,-4.933516,39.688286,0,0,0,0,0,0,0,0,0,10.0
MICHEWENI,2023,42,1,0.0,1.0,1.0,0.0,0.0,0.0,0.0,1,0,0,0,1,-4.9249102,39.6873395,0,0,0,0,0,0,0,0,0,10.0
MICHEWENI,2023,43,1,1.0,0.0,0.0,0.0,1.0,0.0,0.0,1,0,0,0,1,-4.9542342,39.787352,0,0,0,0,0,0,1,0,0,10.0
MICHEWENI,2023,44,2,0.0,1.0,0.0,0.5,0.0,0.0,0.5,2,0,0,1,1,-4.9414584,39.7754873,0,0,0,0,0,1,1,0,0,11.0
MICHEWENI,2023,45,4,0.75,0.25,0.0,0.25,0.5,0.0,0.25,3,0,1,0,3,-5.244443524999999,39.68392285,1,0,0,0,1,1,0,0,0,11.0
MICHEWENI,2023,46,2,0.5,0.5,0.0,0.0,0.5,0.0,0.5,2,0,0,1,1,-4.909405850000001,39.688650550000006,0,0,0,0,0,0,1,0,0,11.0
MICHEWENI,2023,47,3,1.0,0.0,0.0,0.0,0.6666666666666666,0.0,0.3333333333333333,3,0,0,0,3,-5.0389419,39.8460283,0,0,0,0,1,1,0,0,0,11.0
MICHEWENI,2023,48,4,0.75,0.25,0.25,0.25,0.5,0.0,0.0,4,0,0,0,4,-4.980844525,39.862728425,1,0,0,0,0,0,0,1,0,11.0
MICHEWENI,2023,49,5,0.8,0.2,0.2,0.0,0.8,0.0,0.0,5,0,0,1,4,-4.96956866,39.79659896,1,0,0,0,0,2,0,1,0,12.0
MICHEWENI,2023,50,8,0.875,0.125,0.125,0.0,0.375,0.375,0.125,8,0,0,0,8,-4.98664535,39.809238725,0,0,0,0,1,3,0,1,0,12.0
MICHEWENI,2023,51,12,0.5833333333333334,0.4166666666666667,0.0,0.4166666666666667,0.3333333333333333,0.08333333333333333,0.16666666666666666,12,0,0,3,9,-4.960240936363636,39.802066463636365,4,0,0,0,0,1,1,1,0,12.0
MICHEWENI,2023,52,18,0.7777777777777778,0.2222222222222222,0.05555555555555555,0.2222222222222222,0.6666666666666666,0.05555555555555555,0.0,18,0,0,4,14,-4.976815944444445,39.781269961111114,9,0,0,0,0,5,2,0,0,12.0
