District,Year,Week,Effective_Net_Usage,IRS_Coverage
CHAKE-CHAKE,2018,1,144.53896103896102,95.0
CHAKE-CHAKE,2018,2,144.53896103896102,95.0
CHAKE-CHAKE,2018,3,144.53896103896102,95.0
CHAKE-CHAKE,2018,4,144.53896103896102,95.0
CHAKE-CHAKE,2018,5,144.53896103896102,95.0
CHAKE-CHAKE,2018,6,144.53896103896102,95.0
CHAKE-CHAKE,2018,7,144.53896103896102,95.0
CHAKE-CHAKE,2018,8,144.53896103896102,95.0
CHAKE-CHAKE,2018,9,144.53896103896102,95.0
CHAKE-CHAKE,2018,10,144.53896103896102,95.0
CHAKE-CHAKE,2018,11,144.53896103896102,95.0
CHAKE-CHAKE,2018,12,144.53896103896102,95.0
CHAKE-CHAKE,2018,13,144.53896103896102,95.0
CHAKE-CHAKE,2018,14,144.53896103896102,95.0
CHAKE-CHAKE,2018,15,144.53896103896102,95.0
CHAKE-CHAKE,2018,16,144.53896103896102,95.0
CHAKE-CHAKE,2018,17,144.53896103896102,95.0
CHAKE-CHAKE,2018,18,144.53896103896102,95.0
CHAKE-CHAKE,2018,19,144.53896103896102,95.0
CHAKE-CHAKE,2018,20,144.53896103896102,95.0
CHAKE-CHAKE,2018,21,144.53896103896102,95.0
CHAKE-CHAKE,2018,22,144.53896103896102,95.0
CHAKE-CHAKE,2018,23,144.53896103896102,95.0
CHAKE-CHAKE,2018,24,144.53896103896102,95.0
CHAKE-CHAKE,2018,25,144.53896103896102,95.0
CHAKE-CHAKE,2018,26,144.53896103896102,95.0
CHAKE-CHAKE,2018,27,144.53896103896102,95.0
CHAKE-CHAKE,2018,28,144.53896103896102,95.0
CHAKE-CHAKE,2018,29,144.53896103896102,95.0
CHAKE-CHAKE,2018,30,144.53896103896102,95.0
CHAKE-CHAKE,2018,31,144.53896103896102,95.0
CHAKE-CHAKE,2018,32,144.53896103896102,95.0
CHAKE-CHAKE,2018,33,144.53896103896102,95.0
CHAKE-CHAKE,2018,34,144.53896103896102,95.0
CHAKE-CHAKE,2018,35,144.53896103896102,95.0
CHAKE-CHAKE,2018,36,144.53896103896102,95.0
CHAKE-CHAKE,2018,37,144.53896103896102,95.0
CHAKE-CHAKE,2018,38,144.53896103896102,95.0
CHAKE-CHAKE,2018,39,144.53896103896102,95.0
CHAKE-CHAKE,2018,40,144.53896103896102,95.0
CHAKE-CHAKE,2018,41,144.53896103896102,95.0
CHAKE-CHAKE,2018,42,144.53896103896102,95.0
CHAKE-CHAKE,2018,43,144.53896103896102,95.0
CHAKE-CHAKE,2018,44,144.53896103896102,95.0
CHAKE-CHAKE,2018,45,144.53896103896102,95.0
CHAKE-CHAKE,2018,46,144.53896103896102,95.0
CHAKE-CHAKE,2018,47,144.53896103896102,95.0
CHAKE-CHAKE,2018,48,144.53896103896102,95.0
CHAKE-CHAKE,2018,49,144.53896103896102,95.0
CHAKE-CHAKE,2018,50,144.53896103896102,95.0
CHAKE-CHAKE,2018,51,144.53896103896102,95.0
CHAKE-CHAKE,2018,52,144.53896103896102,95.0
CHAKE-CHAKE,2019,1,325.0373376623377,95.2
CHAKE-CHAKE,2019,2,325.0373376623377,95.2
CHAKE-CHAKE,2019,3,325.0373376623377,95.2
CHAKE-CHAKE,2019,4,325.0373376623377,95.2
CHAKE-CHAKE,2019,5,325.0373376623377,95.2
CHAKE-CHAKE,2019,6,325.0373376623377,95.2
CHAKE-CHAKE,2019,7,325.0373376623377,95.2
CHAKE-CHAKE,2019,8,325.0373376623377,95.2
CHAKE-CHAKE,2019,9,325.0373376623377,95.2
CHAKE-CHAKE,2019,10,325.0373376623377,95.2
CHAKE-CHAKE,2019,11,325.0373376623377,95.2
CHAKE-CHAKE,2019,12,325.0373376623377,95.2
CHAKE-CHAKE,2019,13,325.0373376623377,95.2
CHAKE-CHAKE,2019,14,325.0373376623377,95.2
CHAKE-CHAKE,2019,15,325.0373376623377,95.2
CHAKE-CHAKE,2019,16,325.0373376623377,95.2
CHAKE-CHAKE,2019,17,325.0373376623377,95.2
CHAKE-CHAKE,2019,18,325.0373376623377,95.2
CHAKE-CHAKE,2019,19,325.0373376623377,95.2
CHAKE-CHAKE,2019,20,325.0373376623377,95.2
CHAKE-CHAKE,2019,21,325.0373376623377,95.2
CHAKE-CHAKE,2019,22,325.0373376623377,95.2
CHAKE-CHAKE,2019,23,325.0373376623377,95.2
CHAKE-CHAKE,2019,24,325.0373376623377,95.2
CHAKE-CHAKE,2019,25,325.0373376623377,95.2
CHAKE-CHAKE,2019,26,325.0373376623377,95.2
CHAKE-CHAKE,2019,27,325.0373376623377,95.2
CHAKE-CHAKE,2019,28,325.0373376623377,95.2
CHAKE-CHAKE,2019,29,325.0373376623377,95.2
CHAKE-CHAKE,2019,30,325.0373376623377,95.2
CHAKE-CHAKE,2019,31,325.0373376623377,95.2
CHAKE-CHAKE,2019,32,325.0373376623377,95.2
CHAKE-CHAKE,2019,33,325.0373376623377,95.2
CHAKE-CHAKE,2019,34,325.0373376623377,95.2
CHAKE-CHAKE,2019,35,325.0373376623377,95.2
CHAKE-CHAKE,2019,36,325.0373376623377,95.2
CHAKE-CHAKE,2019,37,325.0373376623377,95.2
CHAKE-CHAKE,2019,38,325.0373376623377,95.2
CHAKE-CHAKE,2019,39,325.0373376623377,95.2
CHAKE-CHAKE,2019,40,325.0373376623377,95.2
CHAKE-CHAKE,2019,41,325.0373376623377,95.2
CHAKE-CHAKE,2019,42,325.0373376623377,95.2
CHAKE-CHAKE,2019,43,325.0373376623377,95.2
CHAKE-CHAKE,2019,44,325.0373376623377,95.2
CHAKE-CHAKE,2019,45,325.0373376623377,95.2
CHAKE-CHAKE,2019,46,325.0373376623377,95.2
CHAKE-CHAKE,2019,47,325.0373376623377,95.2
CHAKE-CHAKE,2019,48,325.0373376623377,95.2
CHAKE-CHAKE,2019,49,325.0373376623377,95.2
CHAKE-CHAKE,2019,50,325.0373376623377,95.2
CHAKE-CHAKE,2019,51,325.0373376623377,95.2
CHAKE-CHAKE,2019,52,325.0373376623377,95.2
CHAKE-CHAKE,2020,1,,96.9
CHAKE-CHAKE,2020,2,661.8977272727273,96.9
CHAKE-CHAKE,2020,3,661.8977272727273,96.9
CHAKE-CHAKE,2020,4,661.8977272727273,96.9
CHAKE-CHAKE,2020,5,661.8977272727273,96.9
CHAKE-CHAKE,2020,6,661.8977272727273,96.9
CHAKE-CHAKE,2020,7,661.8977272727273,96.9
CHAKE-CHAKE,2020,8,661.8977272727273,96.9
CHAKE-CHAKE,2020,9,517.3587662337662,96.9
CHAKE-CHAKE,2020,10,517.3587662337662,96.9
CHAKE-CHAKE,2020,11,517.3587662337662,96.9
CHAKE-CHAKE,2020,12,517.3587662337662,96.9
CHAKE-CHAKE,2020,13,517.3587662337662,96.9
CHAKE-CHAKE,2020,14,517.3587662337662,96.9
CHAKE-CHAKE,2020,15,517.3587662337662,96.9
CHAKE-CHAKE,2020,16,517.3587662337662,96.9
CHAKE-CHAKE,2020,17,517.3587662337662,96.9
CHAKE-CHAKE,2020,18,517.3587662337662,96.9
CHAKE-CHAKE,2020,19,517.3587662337662,96.9
CHAKE-CHAKE,2020,20,517.3587662337662,96.9
CHAKE-CHAKE,2020,21,517.3587662337662,96.9
CHAKE-CHAKE,2020,22,517.3587662337662,96.9
CHAKE-CHAKE,2020,23,517.3587662337662,96.9
CHAKE-CHAKE,2020,24,517.3587662337662,96.9
CHAKE-CHAKE,2020,25,517.3587662337662,96.9
CHAKE-CHAKE,2020,26,517.3587662337662,96.9
CHAKE-CHAKE,2020,27,517.3587662337662,96.9
CHAKE-CHAKE,2020,28,517.3587662337662,96.9
CHAKE-CHAKE,2020,29,517.3587662337662,96.9
CHAKE-CHAKE,2020,30,517.3587662337662,96.9
CHAKE-CHAKE,2020,31,517.3587662337662,96.9
CHAKE-CHAKE,2020,32,517.3587662337662,96.9
CHAKE-CHAKE,2020,33,517.3587662337662,96.9
CHAKE-CHAKE,2020,34,517.3587662337662,96.9
CHAKE-CHAKE,2020,35,517.3587662337662,96.9
CHAKE-CHAKE,2020,36,517.3587662337662,96.9
CHAKE-CHAKE,2020,37,517.3587662337662,96.9
CHAKE-CHAKE,2020,38,517.3587662337662,96.9
CHAKE-CHAKE,2020,39,517.3587662337662,96.9
CHAKE-CHAKE,2020,40,517.3587662337662,96.9
CHAKE-CHAKE,2020,41,517.3587662337662,96.9
CHAKE-CHAKE,2020,42,517.3587662337662,96.9
CHAKE-CHAKE,2020,43,517.3587662337662,96.9
CHAKE-CHAKE,2020,44,517.3587662337662,96.9
CHAKE-CHAKE,2020,45,517.3587662337662,96.9
CHAKE-CHAKE,2020,46,517.3587662337662,96.9
CHAKE-CHAKE,2020,47,517.3587662337662,96.9
CHAKE-CHAKE,2020,48,517.3587662337662,96.9
CHAKE-CHAKE,2020,49,517.3587662337662,96.9
CHAKE-CHAKE,2020,50,517.3587662337662,96.9
CHAKE-CHAKE,2020,51,517.3587662337662,96.9
CHAKE-CHAKE,2020,52,517.3587662337662,96.9
CHAKE-CHAKE,2020,53,517.3587662337662,
CHAKE-CHAKE,2021,1,1230.2353896103896,94.7
CHAKE-CHAKE,2021,2,1230.2353896103896,94.7
CHAKE-CHAKE,2021,3,1230.2353896103896,94.7
CHAKE-CHAKE,2021,4,1230.2353896103896,94.7
CHAKE-CHAKE,2021,5,1230.2353896103896,94.7
CHAKE-CHAKE,2021,6,1230.2353896103896,94.7
CHAKE-CHAKE,2021,7,1230.2353896103896,94.7
CHAKE-CHAKE,2021,8,1230.2353896103896,94.7
CHAKE-CHAKE,2021,9,1049.737012987013,94.7
CHAKE-CHAKE,2021,10,1049.737012987013,94.7
CHAKE-CHAKE,2021,11,1049.737012987013,94.7
CHAKE-CHAKE,2021,12,1049.737012987013,94.7
CHAKE-CHAKE,2021,13,1049.737012987013,94.7
CHAKE-CHAKE,2021,14,1049.737012987013,94.7
CHAKE-CHAKE,2021,15,1049.737012987013,94.7
CHAKE-CHAKE,2021,16,1049.737012987013,94.7
CHAKE-CHAKE,2021,17,1049.737012987013,94.7
CHAKE-CHAKE,2021,18,1049.737012987013,94.7
CHAKE-CHAKE,2021,19,1049.737012987013,94.7
CHAKE-CHAKE,2021,20,1049.737012987013,94.7
CHAKE-CHAKE,2021,21,1049.737012987013,94.7
CHAKE-CHAKE,2021,22,1049.737012987013,94.7
CHAKE-CHAKE,2021,23,1049.737012987013,94.7
CHAKE-CHAKE,2021,24,1049.737012987013,94.7
CHAKE-CHAKE,2021,25,1049.737012987013,94.7
CHAKE-CHAKE,2021,26,1049.737012987013,94.7
CHAKE-CHAKE,2021,27,1049.737012987013,94.7
CHAKE-CHAKE,2021,28,1049.737012987013,94.7
CHAKE-CHAKE,2021,29,1049.737012987013,94.7
CHAKE-CHAKE,2021,30,1049.737012987013,94.7
CHAKE-CHAKE,2021,31,1049.737012987013,94.7
CHAKE-CHAKE,2021,32,1049.737012987013,94.7
CHAKE-CHAKE,2021,33,1049.737012987013,94.7
CHAKE-CHAKE,2021,34,1049.737012987013,94.7
CHAKE-CHAKE,2021,35,1049.737012987013,94.7
CHAKE-CHAKE,2021,36,1049.737012987013,94.7
CHAKE-CHAKE,2021,37,1049.737012987013,94.7
CHAKE-CHAKE,2021,38,1049.737012987013,94.7
CHAKE-CHAKE,2021,39,1049.737012987013,94.7
CHAKE-CHAKE,2021,40,1049.737012987013,94.7
CHAKE-CHAKE,2021,41,1049.737012987013,94.7
CHAKE-CHAKE,2021,42,1049.737012987013,94.7
CHAKE-CHAKE,2021,43,1049.737012987013,94.7
CHAKE-CHAKE,2021,44,1049.737012987013,94.7
CHAKE-CHAKE,2021,45,1049.737012987013,94.7
CHAKE-CHAKE,2021,46,1049.737012987013,94.7
CHAKE-CHAKE,2021,47,1049.737012987013,94.7
CHAKE-CHAKE,2021,48,1049.737012987013,94.7
CHAKE-CHAKE,2021,49,1049.737012987013,94.7
CHAKE-CHAKE,2021,50,1049.737012987013,94.7
CHAKE-CHAKE,2021,51,1049.737012987013,94.7
CHAKE-CHAKE,2021,52,1049.737012987013,94.7
CHAKE-CHAKE,2022,1,1049.737012987013,97.8
CHAKE-CHAKE,2022,2,1049.737012987013,97.8
CHAKE-CHAKE,2022,3,1049.737012987013,97.8
CHAKE-CHAKE,2022,4,1049.737012987013,97.8
CHAKE-CHAKE,2022,5,1049.737012987013,97.8
CHAKE-CHAKE,2022,6,1049.737012987013,97.8
CHAKE-CHAKE,2022,7,1049.737012987013,97.8
CHAKE-CHAKE,2022,8,1049.737012987013,97.8
CHAKE-CHAKE,2022,9,712.8766233766233,97.8
CHAKE-CHAKE,2022,10,712.8766233766233,97.8
CHAKE-CHAKE,2022,11,712.8766233766233,97.8
CHAKE-CHAKE,2022,12,712.8766233766233,97.8
CHAKE-CHAKE,2022,13,712.8766233766233,97.8
CHAKE-CHAKE,2022,14,712.8766233766233,97.8
CHAKE-CHAKE,2022,15,712.8766233766233,97.8
CHAKE-CHAKE,2022,16,712.8766233766233,97.8
CHAKE-CHAKE,2022,17,712.8766233766233,97.8
CHAKE-CHAKE,2022,18,712.8766233766233,97.8
CHAKE-CHAKE,2022,19,712.8766233766233,97.8
CHAKE-CHAKE,2022,20,712.8766233766233,97.8
CHAKE-CHAKE,2022,21,712.8766233766233,97.8
CHAKE-CHAKE,2022,22,712.8766233766233,97.8
CHAKE-CHAKE,2022,23,712.8766233766233,97.8
CHAKE-CHAKE,2022,24,712.8766233766233,97.8
CHAKE-CHAKE,2022,25,712.8766233766233,97.8
CHAKE-CHAKE,2022,26,712.8766233766233,97.8
CHAKE-CHAKE,2022,27,712.8766233766233,97.8
CHAKE-CHAKE,2022,28,712.8766233766233,97.8
CHAKE-CHAKE,2022,29,712.8766233766233,97.8
CHAKE-CHAKE,2022,30,712.8766233766233,97.8
CHAKE-CHAKE,2022,31,712.8766233766233,97.8
CHAKE-CHAKE,2022,32,712.8766233766233,97.8
CHAKE-CHAKE,2022,33,712.8766233766233,97.8
CHAKE-CHAKE,2022,34,712.8766233766233,97.8
CHAKE-CHAKE,2022,35,712.8766233766233,97.8
CHAKE-CHAKE,2022,36,712.8766233766233,97.8
CHAKE-CHAKE,2022,37,712.8766233766233,97.8
CHAKE-CHAKE,2022,38,712.8766233766233,97.8
CHAKE-CHAKE,2022,39,712.8766233766233,97.8
CHAKE-CHAKE,2022,40,712.8766233766233,97.8
CHAKE-CHAKE,2022,41,712.8766233766233,97.8
CHAKE-CHAKE,2022,42,712.8766233766233,97.8
CHAKE-CHAKE,2022,43,712.8766233766233,97.8
CHAKE-CHAKE,2022,44,712.8766233766233,97.8
CHAKE-CHAKE,2022,45,712.8766233766233,97.8
CHAKE-CHAKE,2022,46,712.8766233766233,97.8
CHAKE-CHAKE,2022,47,712.8766233766233,97.8
CHAKE-CHAKE,2022,48,712.8766233766233,97.8
CHAKE-CHAKE,2022,49,712.8766233766233,97.8
CHAKE-CHAKE,2022,50,712.8766233766233,97.8
CHAKE-CHAKE,2022,51,712.8766233766233,97.8
CHAKE-CHAKE,2022,52,712.8766233766233,97.8
CHAKE-CHAKE,2023,1,914.1753246753246,94.0
CHAKE-CHAKE,2023,2,914.1753246753246,94.0
CHAKE-CHAKE,2023,3,914.1753246753246,94.0
CHAKE-CHAKE,2023,4,914.1753246753246,94.0
CHAKE-CHAKE,2023,5,914.1753246753246,94.0
CHAKE-CHAKE,2023,6,914.1753246753246,94.0
CHAKE-CHAKE,2023,7,914.1753246753246,94.0
CHAKE-CHAKE,2023,8,914.1753246753246,94.0
CHAKE-CHAKE,2023,9,201.2987012987013,94.0
CHAKE-CHAKE,2023,10,201.2987012987013,94.0
CHAKE-CHAKE,2023,11,201.2987012987013,94.0
CHAKE-CHAKE,2023,12,201.2987012987013,94.0
CHAKE-CHAKE,2023,13,201.2987012987013,94.0
CHAKE-CHAKE,2023,14,201.2987012987013,94.0
CHAKE-CHAKE,2023,15,201.2987012987013,94.0
CHAKE-CHAKE,2023,16,201.2987012987013,94.0
CHAKE-CHAKE,2023,17,201.2987012987013,94.0
CHAKE-CHAKE,2023,18,201.2987012987013,94.0
CHAKE-CHAKE,2023,19,201.2987012987013,94.0
CHAKE-CHAKE,2023,20,201.2987012987013,94.0
CHAKE-CHAKE,2023,21,201.2987012987013,94.0
CHAKE-CHAKE,2023,22,201.2987012987013,94.0
CHAKE-CHAKE,2023,23,201.2987012987013,94.0
CHAKE-CHAKE,2023,24,201.2987012987013,94.0
CHAKE-CHAKE,2023,25,201.2987012987013,94.0
CHAKE-CHAKE,2023,26,201.2987012987013,94.0
CHAKE-CHAKE,2023,27,201.2987012987013,94.0
CHAKE-CHAKE,2023,28,201.2987012987013,94.0
CHAKE-CHAKE,2023,29,201.2987012987013,94.0
CHAKE-CHAKE,2023,30,201.2987012987013,94.0
CHAKE-CHAKE,2023,31,201.2987012987013,94.0
CHAKE-CHAKE,2023,32,201.2987012987013,94.0
CHAKE-CHAKE,2023,33,201.2987012987013,94.0
CHAKE-CHAKE,2023,34,201.2987012987013,94.0
CHAKE-CHAKE,2023,35,201.2987012987013,94.0
CHAKE-CHAKE,2023,36,201.2987012987013,94.0
CHAKE-CHAKE,2023,37,201.2987012987013,94.0
CHAKE-CHAKE,2023,38,201.2987012987013,94.0
CHAKE-CHAKE,2023,39,201.2987012987013,94.0
CHAKE-CHAKE,2023,40,201.2987012987013,94.0
CHAKE-CHAKE,2023,41,201.2987012987013,94.0
CHAKE-CHAKE,2023,42,201.2987012987013,94.0
CHAKE-CHAKE,2023,43,201.2987012987013,94.0
CHAKE-CHAKE,2023,44,201.2987012987013,94.0
CHAKE-CHAKE,2023,45,201.2987012987013,94.0
CHAKE-CHAKE,2023,46,201.2987012987013,94.0
CHAKE-CHAKE,2023,47,201.2987012987013,94.0
CHAKE-CHAKE,2023,48,201.2987012987013,94.0
CHAKE-CHAKE,2023,49,201.2987012987013,94.0
CHAKE-CHAKE,2023,50,201.2987012987013,94.0
CHAKE-CHAKE,2023,51,201.2987012987013,94.0
CHAKE-CHAKE,2023,52,201.2987012987013,94.0
CHAKE-CHAKE,2024,1,201.2987012987013,
CHAKE-CHAKE,2024,2,201.2987012987013,
CHAKE-CHAKE,2024,3,201.2987012987013,
CHAKE-CHAKE,2024,4,201.2987012987013,
CHAKE-CHAKE,2024,5,201.2987012987013,
CHAKE-CHAKE,2024,6,201.2987012987013,
CHAKE-CHAKE,2024,7,201.2987012987013,
CHAKE-CHAKE,2024,8,201.2987012987013,
CHAKE-CHAKE,2024,9,201.2987012987013,
CHAKE-CHAKE,2024,10,201.2987012987013,
CHAKE-CHAKE,2024,11,201.2987012987013,
CHAKE-CHAKE,2024,12,201.2987012987013,
CHAKE-CHAKE,2024,13,201.2987012987013,
CHAKE-CHAKE,2024,14,201.2987012987013,
CHAKE-CHAKE,2024,15,201.2987012987013,
CHAKE-CHAKE,2024,16,201.2987012987013,
CHAKE-CHAKE,2024,17,201.2987012987013,
CHAKE-CHAKE,2024,18,201.2987012987013,
CHAKE-CHAKE,2024,19,201.2987012987013,
CHAKE-CHAKE,2024,20,201.2987012987013,
CHAKE-CHAKE,2024,21,201.2987012987013,
CHAKE-CHAKE,2024,22,201.2987012987013,
CHAKE-CHAKE,2024,23,201.2987012987013,
CHAKE-CHAKE,2024,24,201.2987012987013,
CHAKE-CHAKE,2024,25,201.2987012987013,
CHAKE-CHAKE,2024,26,201.2987012987013,
CHAKE-CHAKE,2024,27,201.2987012987013,
CHAKE-CHAKE,2024,28,201.2987012987013,
CHAKE-CHAKE,2024,29,201.2987012987013,
CHAKE-CHAKE,2024,30,201.2987012987013,
CHAKE-CHAKE,2024,31,201.2987012987013,
CHAKE-CHAKE,2024,32,201.2987012987013,
CHAKE-CHAKE,2024,33,201.2987012987013,
CHAKE-CHAKE,2024,34,201.2987012987013,
CHAKE-CHAKE,2024,35,201.2987012987013,
CHAKE-CHAKE,2024,36,201.2987012987013,
CHAKE-CHAKE,2024,37,201.2987012987013,
CHAKE-CHAKE,2024,38,201.2987012987013,
CHAKE-CHAKE,2024,39,201.2987012987013,
CHAKE-CHAKE,2024,40,201.2987012987013,
CHAKE-CHAKE,2024,41,201.2987012987013,
CHAKE-CHAKE,2024,42,201.2987012987013,
CHAKE-CHAKE,2024,43,201.2987012987013,
CHAKE-CHAKE,2024,44,201.2987012987013,
CHAKE-CHAKE,2024,45,201.2987012987013,
CHAKE-CHAKE,2024,46,201.2987012987013,
CHAKE-CHAKE,2024,47,201.2987012987013,
CHAKE-CHAKE,2024,48,201.2987012987013,
CHAKE-CHAKE,2024,49,201.2987012987013,
CHAKE-CHAKE,2024,50,201.2987012987013,
CHAKE-CHAKE,2024,51,201.2987012987013,
CHAKE-CHAKE,2024,52,201.2987012987013,
KASKAZINI A,2018,1,144.53896103896102,95.0
KASKAZINI A,2018,2,144.53896103896102,95.0
KASKAZINI A,2018,3,144.53896103896102,95.0
KASKAZINI A,2018,4,144.53896103896102,95.0
KASKAZINI A,2018,5,144.53896103896102,95.0
KASKAZINI A,2018,6,144.53896103896102,95.0
KASKAZINI A,2018,7,144.53896103896102,95.0
KASKAZINI A,2018,8,144.53896103896102,95.0
KASKAZINI A,2018,9,144.53896103896102,95.0
KASKAZINI A,2018,10,144.53896103896102,95.0
KASKAZINI A,2018,11,144.53896103896102,95.0
KASKAZINI A,2018,12,144.53896103896102,95.0
KASKAZINI A,2018,13,144.53896103896102,95.0
KASKAZINI A,2018,14,144.53896103896102,95.0
KASKAZINI A,2018,15,144.53896103896102,95.0
KASKAZINI A,2018,16,144.53896103896102,95.0
KASKAZINI A,2018,17,144.53896103896102,95.0
KASKAZINI A,2018,18,144.53896103896102,95.0
KASKAZINI A,2018,19,144.53896103896102,95.0
KASKAZINI A,2018,20,144.53896103896102,95.0
KASKAZINI A,2018,21,144.53896103896102,95.0
KASKAZINI A,2018,22,144.53896103896102,95.0
KASKAZINI A,2018,23,144.53896103896102,95.0
KASKAZINI A,2018,24,144.53896103896102,95.0
KASKAZINI A,2018,25,144.53896103896102,95.0
KASKAZINI A,2018,26,144.53896103896102,95.0
KASKAZINI A,2018,27,144.53896103896102,95.0
KASKAZINI A,2018,28,144.53896103896102,95.0
KASKAZINI A,2018,29,144.53896103896102,95.0
KASKAZINI A,2018,30,144.53896103896102,95.0
KASKAZINI A,2018,31,144.53896103896102,95.0
KASKAZINI A,2018,32,144.53896103896102,95.0
KASKAZINI A,2018,33,144.53896103896102,95.0
KASKAZINI A,2018,34,144.53896103896102,95.0
KASKAZINI A,2018,35,144.53896103896102,95.0
KASKAZINI A,2018,36,144.53896103896102,95.0
KASKAZINI A,2018,37,144.53896103896102,95.0
KASKAZINI A,2018,38,144.53896103896102,95.0
KASKAZINI A,2018,39,144.53896103896102,95.0
KASKAZINI A,2018,40,144.53896103896102,95.0
KASKAZINI A,2018,41,144.53896103896102,95.0
KASKAZINI A,2018,42,144.53896103896102,95.0
KASKAZINI A,2018,43,144.53896103896102,95.0
KASKAZINI A,2018,44,144.53896103896102,95.0
KASKAZINI A,2018,45,144.53896103896102,95.0
KASKAZINI A,2018,46,144.53896103896102,95.0
KASKAZINI A,2018,47,144.53896103896102,95.0
KASKAZINI A,2018,48,144.53896103896102,95.0
KASKAZINI A,2018,49,144.53896103896102,95.0
KASKAZINI A,2018,50,144.53896103896102,95.0
KASKAZINI A,2018,51,144.53896103896102,95.0
KASKAZINI A,2018,52,144.53896103896102,95.0
KASKAZINI A,2019,1,325.0373376623377,95.2
KASKAZINI A,2019,2,325.0373376623377,95.2
KASKAZINI A,2019,3,325.0373376623377,95.2
KASKAZINI A,2019,4,325.0373376623377,95.2
KASKAZINI A,2019,5,325.0373376623377,95.2
KASKAZINI A,2019,6,325.0373376623377,95.2
KASKAZINI A,2019,7,325.0373376623377,95.2
KASKAZINI A,2019,8,325.0373376623377,95.2
KASKAZINI A,2019,9,325.0373376623377,95.2
KASKAZINI A,2019,10,325.0373376623377,95.2
KASKAZINI A,2019,11,325.0373376623377,95.2
KASKAZINI A,2019,12,325.0373376623377,95.2
KASKAZINI A,2019,13,325.0373376623377,95.2
KASKAZINI A,2019,14,325.0373376623377,95.2
KASKAZINI A,2019,15,325.0373376623377,95.2
KASKAZINI A,2019,16,325.0373376623377,95.2
KASKAZINI A,2019,17,325.0373376623377,95.2
KASKAZINI A,2019,18,325.0373376623377,95.2
KASKAZINI A,2019,19,325.0373376623377,95.2
KASKAZINI A,2019,20,325.0373376623377,95.2
KASKAZINI A,2019,21,325.0373376623377,95.2
KASKAZINI A,2019,22,325.0373376623377,95.2
KASKAZINI A,2019,23,325.0373376623377,95.2
KASKAZINI A,2019,24,325.0373376623377,95.2
KASKAZINI A,2019,25,325.0373376623377,95.2
KASKAZINI A,2019,26,325.0373376623377,95.2
KASKAZINI A,2019,27,325.0373376623377,95.2
KASKAZINI A,2019,28,325.0373376623377,95.2
KASKAZINI A,2019,29,325.0373376623377,95.2
KASKAZINI A,2019,30,325.0373376623377,95.2
KASKAZINI A,2019,31,325.0373376623377,95.2
KASKAZINI A,2019,32,325.0373376623377,95.2
KASKAZINI A,2019,33,325.0373376623377,95.2
KASKAZINI A,2019,34,325.0373376623377,95.2
KASKAZINI A,2019,35,325.0373376623377,95.2
KASKAZINI A,2019,36,325.0373376623377,95.2
KASKAZINI A,2019,37,325.0373376623377,95.2
KASKAZINI A,2019,38,325.0373376623377,95.2
KASKAZINI A,2019,39,325.0373376623377,95.2
KASKAZINI A,2019,40,325.0373376623377,95.2
KASKAZINI A,2019,41,325.0373376623377,95.2
KASKAZINI A,2019,42,325.0373376623377,95.2
KASKAZINI A,2019,43,325.0373376623377,95.2
KASKAZINI A,2019,44,325.0373376623377,95.2
KASKAZINI A,2019,45,325.0373376623377,95.2
KASKAZINI A,2019,46,325.0373376623377,95.2
KASKAZINI A,2019,47,325.0373376623377,95.2
KASKAZINI A,2019,48,325.0373376623377,95.2
KASKAZINI A,2019,49,325.0373376623377,95.2
KASKAZINI A,2019,50,325.0373376623377,95.2
KASKAZINI A,2019,51,325.0373376623377,95.2
KASKAZINI A,2019,52,325.0373376623377,95.2
KASKAZINI A,2020,1,,96.9
KASKAZINI A,2020,2,661.8977272727273,96.9
KASKAZINI A,2020,3,661.8977272727273,96.9
KASKAZINI A,2020,4,661.8977272727273,96.9
KASKAZINI A,2020,5,661.8977272727273,96.9
KASKAZINI A,2020,6,661.8977272727273,96.9
KASKAZINI A,2020,7,661.8977272727273,96.9
KASKAZINI A,2020,8,661.8977272727273,96.9
KASKAZINI A,2020,9,517.3587662337662,96.9
KASKAZINI A,2020,10,517.3587662337662,96.9
KASKAZINI A,2020,11,517.3587662337662,96.9
KASKAZINI A,2020,12,517.3587662337662,96.9
KASKAZINI A,2020,13,517.3587662337662,96.9
KASKAZINI A,2020,14,517.3587662337662,96.9
KASKAZINI A,2020,15,517.3587662337662,96.9
KASKAZINI A,2020,16,517.3587662337662,96.9
KASKAZINI A,2020,17,517.3587662337662,96.9
KASKAZINI A,2020,18,517.3587662337662,96.9
KASKAZINI A,2020,19,517.3587662337662,96.9
KASKAZINI A,2020,20,517.3587662337662,96.9
KASKAZINI A,2020,21,517.3587662337662,96.9
KASKAZINI A,2020,22,517.3587662337662,96.9
KASKAZINI A,2020,23,517.3587662337662,96.9
KASKAZINI A,2020,24,517.3587662337662,96.9
KASKAZINI A,2020,25,517.3587662337662,96.9
KASKAZINI A,2020,26,517.3587662337662,96.9
KASKAZINI A,2020,27,517.3587662337662,96.9
KASKAZINI A,2020,28,517.3587662337662,96.9
KASKAZINI A,2020,29,517.3587662337662,96.9
KASKAZINI A,2020,30,517.3587662337662,96.9
KASKAZINI A,2020,31,517.3587662337662,96.9
KASKAZINI A,2020,32,517.3587662337662,96.9
KASKAZINI A,2020,33,517.3587662337662,96.9
KASKAZINI A,2020,34,517.3587662337662,96.9
KASKAZINI A,2020,35,517.3587662337662,96.9
KASKAZINI A,2020,36,517.3587662337662,96.9
KASKAZINI A,2020,37,517.3587662337662,96.9
KASKAZINI A,2020,38,517.3587662337662,96.9
KASKAZINI A,2020,39,517.3587662337662,96.9
KASKAZINI A,2020,40,517.3587662337662,96.9
KASKAZINI A,2020,41,517.3587662337662,96.9
KASKAZINI A,2020,42,517.3587662337662,96.9
KASKAZINI A,2020,43,517.3587662337662,96.9
KASKAZINI A,2020,44,517.3587662337662,96.9
KASKAZINI A,2020,45,517.3587662337662,96.9
KASKAZINI A,2020,46,517.3587662337662,96.9
KASKAZINI A,2020,47,517.3587662337662,96.9
KASKAZINI A,2020,48,517.3587662337662,96.9
KASKAZINI A,2020,49,517.3587662337662,96.9
KASKAZINI A,2020,50,517.3587662337662,96.9
KASKAZINI A,2020,51,517.3587662337662,96.9
KASKAZINI A,2020,52,517.3587662337662,96.9
KASKAZINI A,2020,53,517.3587662337662,
KASKAZINI A,2021,1,1230.2353896103896,94.7
KASKAZINI A,2021,2,1230.2353896103896,94.7
KASKAZINI A,2021,3,1230.2353896103896,94.7
KASKAZINI A,2021,4,1230.2353896103896,94.7
KASKAZINI A,2021,5,1230.2353896103896,94.7
KASKAZINI A,2021,6,1230.2353896103896,94.7
KASKAZINI A,2021,7,1230.2353896103896,94.7
KASKAZINI A,2021,8,1230.2353896103896,94.7
KASKAZINI A,2021,9,1049.737012987013,94.7
KASKAZINI A,2021,10,1049.737012987013,94.7
KASKAZINI A,2021,11,1049.737012987013,94.7
KASKAZINI A,2021,12,1049.737012987013,94.7
KASKAZINI A,2021,13,1049.737012987013,94.7
KASKAZINI A,2021,14,1049.737012987013,94.7
KASKAZINI A,2021,15,1049.737012987013,94.7
KASKAZINI A,2021,16,1049.737012987013,94.7
KASKAZINI A,2021,17,1049.737012987013,94.7
KASKAZINI A,2021,18,1049.737012987013,94.7
KASKAZINI A,2021,19,1049.737012987013,94.7
KASKAZINI A,2021,20,1049.737012987013,94.7
KASKAZINI A,2021,21,1049.737012987013,94.7
KASKAZINI A,2021,22,1049.737012987013,94.7
KASKAZINI A,2021,23,1049.737012987013,94.7
KASKAZINI A,2021,24,1049.737012987013,94.7
KASKAZINI A,2021,25,1049.737012987013,94.7
KASKAZINI A,2021,26,1049.737012987013,94.7
KASKAZINI A,2021,27,1049.737012987013,94.7
KASKAZINI A,2021,28,1049.737012987013,94.7
KASKAZINI A,2021,29,1049.737012987013,94.7
KASKAZINI A,2021,30,1049.737012987013,94.7
KASKAZINI A,2021,31,1049.737012987013,94.7
KASKAZINI A,2021,32,1049.737012987013,94.7
KASKAZINI A,2021,33,1049.737012987013,94.7
KASKAZINI A,2021,34,1049.737012987013,94.7
KASKAZINI A,2021,35,1049.737012987013,94.7
KASKAZINI A,2021,36,1049.737012987013,94.7
KASKAZINI A,2021,37,1049.737012987013,94.7
KASKAZINI A,2021,38,1049.737012987013,94.7
KASKAZINI A,2021,39,1049.737012987013,94.7
KASKAZINI A,2021,40,1049.737012987013,94.7
KASKAZINI A,2021,41,1049.737012987013,94.7
KASKAZINI A,2021,42,1049.737012987013,94.7
KASKAZINI A,2021,43,1049.737012987013,94.7
KASKAZINI A,2021,44,1049.737012987013,94.7
KASKAZINI A,2021,45,1049.737012987013,94.7
KASKAZINI A,2021,46,1049.737012987013,94.7
KASKAZINI A,2021,47,1049.737012987013,94.7
KASKAZINI A,2021,48,1049.737012987013,94.7
KASKAZINI A,2021,49,1049.737012987013,94.7
KASKAZINI A,2021,50,1049.737012987013,94.7
KASKAZINI A,2021,51,1049.737012987013,94.7
KASKAZINI A,2021,52,1049.737012987013,94.7
KASKAZINI A,2022,1,1049.737012987013,97.8
KASKAZINI A,2022,2,1049.737012987013,97.8
KASKAZINI A,2022,3,1049.737012987013,97.8
KASKAZINI A,2022,4,1049.737012987013,97.8
KASKAZINI A,2022,5,1049.737012987013,97.8
KASKAZINI A,2022,6,1049.737012987013,97.8
KASKAZINI A,2022,7,1049.737012987013,97.8
KASKAZINI A,2022,8,1049.737012987013,97.8
KASKAZINI A,2022,9,712.8766233766233,97.8
KASKAZINI A,2022,10,712.8766233766233,97.8
KASKAZINI A,2022,11,712.8766233766233,97.8
KASKAZINI A,2022,12,712.8766233766233,97.8
KASKAZINI A,2022,13,712.8766233766233,97.8
KASKAZINI A,2022,14,712.8766233766233,97.8
KASKAZINI A,2022,15,712.8766233766233,97.8
KASKAZINI A,2022,16,712.8766233766233,97.8
KASKAZINI A,2022,17,712.8766233766233,97.8
KASKAZINI A,2022,18,712.8766233766233,97.8
KASKAZINI A,2022,19,712.8766233766233,97.8
KASKAZINI A,2022,20,712.8766233766233,97.8
KASKAZINI A,2022,21,712.8766233766233,97.8
KASKAZINI A,2022,22,712.8766233766233,97.8
KASKAZINI A,2022,23,712.8766233766233,97.8
KASKAZINI A,2022,24,712.8766233766233,97.8
KASKAZINI A,2022,25,712.8766233766233,97.8
KASKAZINI A,2022,26,712.8766233766233,97.8
KASKAZINI A,2022,27,712.8766233766233,97.8
KASKAZINI A,2022,28,712.8766233766233,97.8
KASKAZINI A,2022,29,712.8766233766233,97.8
KASKAZINI A,2022,30,712.8766233766233,97.8
KASKAZINI A,2022,31,712.8766233766233,97.8
KASKAZINI A,2022,32,712.8766233766233,97.8
KASKAZINI A,2022,33,712.8766233766233,97.8
KASKAZINI A,2022,34,712.8766233766233,97.8
KASKAZINI A,2022,35,712.8766233766233,97.8
KASKAZINI A,2022,36,712.8766233766233,97.8
KASKAZINI A,2022,37,712.8766233766233,97.8
KASKAZINI A,2022,38,712.8766233766233,97.8
KASKAZINI A,2022,39,712.8766233766233,97.8
KASKAZINI A,2022,40,712.8766233766233,97.8
KASKAZINI A,2022,41,712.8766233766233,97.8
KASKAZINI A,2022,42,712.8766233766233,97.8
KASKAZINI A,2022,43,712.8766233766233,97.8
KASKAZINI A,2022,44,712.8766233766233,97.8
KASKAZINI A,2022,45,712.8766233766233,97.8
KASKAZINI A,2022,46,712.8766233766233,97.8
KASKAZINI A,2022,47,712.8766233766233,97.8
KASKAZINI A,2022,48,712.8766233766233,97.8
KASKAZINI A,2022,49,712.8766233766233,97.8
KASKAZINI A,2022,50,712.8766233766233,97.8
KASKAZINI A,2022,51,712.8766233766233,97.8
KASKAZINI A,2022,52,712.8766233766233,97.8
KASKAZINI A,2023,1,914.1753246753246,94.0
KASKAZINI A,2023,2,914.1753246753246,94.0
KASKAZINI A,2023,3,914.1753246753246,94.0
KASKAZINI A,2023,4,914.1753246753246,94.0
KASKAZINI A,2023,5,914.1753246753246,94.0
KASKAZINI A,2023,6,914.1753246753246,94.0
KASKAZINI A,2023,7,914.1753246753246,94.0
KASKAZINI A,2023,8,914.1753246753246,94.0
KASKAZINI A,2023,9,201.2987012987013,94.0
KASKAZINI A,2023,10,201.2987012987013,94.0
KASKAZINI A,2023,11,201.2987012987013,94.0
KASKAZINI A,2023,12,201.2987012987013,94.0
KASKAZINI A,2023,13,201.2987012987013,94.0
KASKAZINI A,2023,14,201.2987012987013,94.0
KASKAZINI A,2023,15,201.2987012987013,94.0
KASKAZINI A,2023,16,201.2987012987013,94.0
KASKAZINI A,2023,17,201.2987012987013,94.0
KASKAZINI A,2023,18,201.2987012987013,94.0
KASKAZINI A,2023,19,201.2987012987013,94.0
KASKAZINI A,2023,20,201.2987012987013,94.0
KASKAZINI A,2023,21,201.2987012987013,94.0
KASKAZINI A,2023,22,201.2987012987013,94.0
KASKAZINI A,2023,23,201.2987012987013,94.0
KASKAZINI A,2023,24,201.2987012987013,94.0
KASKAZINI A,2023,25,201.2987012987013,94.0
KASKAZINI A,2023,26,201.2987012987013,94.0
KASKAZINI A,2023,27,201.2987012987013,94.0
KASKAZINI A,2023,28,201.2987012987013,94.0
KASKAZINI A,2023,29,201.2987012987013,94.0
KASKAZINI A,2023,30,201.2987012987013,94.0
KASKAZINI A,2023,31,201.2987012987013,94.0
KASKAZINI A,2023,32,201.2987012987013,94.0
KASKAZINI A,2023,33,201.2987012987013,94.0
KASKAZINI A,2023,34,201.2987012987013,94.0
KASKAZINI A,2023,35,201.2987012987013,94.0
KASKAZINI A,2023,36,201.2987012987013,94.0
KASKAZINI A,2023,37,201.2987012987013,94.0
KASKAZINI A,2023,38,201.2987012987013,94.0
KASKAZINI A,2023,39,201.2987012987013,94.0
KASKAZINI A,2023,40,201.2987012987013,94.0
KASKAZINI A,2023,41,201.2987012987013,94.0
KASKAZINI A,2023,42,201.2987012987013,94.0
KASKAZINI A,2023,43,201.2987012987013,94.0
KASKAZINI A,2023,44,201.2987012987013,94.0
KASKAZINI A,2023,45,201.2987012987013,94.0
KASKAZINI A,2023,46,201.2987012987013,94.0
KASKAZINI A,2023,47,201.2987012987013,94.0
KASKAZINI A,2023,48,201.2987012987013,94.0
KASKAZINI A,2023,49,201.2987012987013,94.0
KASKAZINI A,2023,50,201.2987012987013,94.0
KASKAZINI A,2023,51,201.2987012987013,94.0
KASKAZINI A,2023,52,201.2987012987013,94.0
KASKAZINI A,2024,1,201.2987012987013,
KASKAZINI A,2024,2,201.2987012987013,
KASKAZINI A,2024,3,201.2987012987013,
KASKAZINI A,2024,4,201.2987012987013,
KASKAZINI A,2024,5,201.2987012987013,
KASKAZINI A,2024,6,201.2987012987013,
KASKAZINI A,2024,7,201.2987012987013,
KASKAZINI A,2024,8,201.2987012987013,
KASKAZINI A,2024,9,201.2987012987013,
KASKAZINI A,2024,10,201.2987012987013,
KASKAZINI A,2024,11,201.2987012987013,
KASKAZINI A,2024,12,201.2987012987013,
KASKAZINI A,2024,13,201.2987012987013,
KASKAZINI A,2024,14,201.2987012987013,
KASKAZINI A,2024,15,201.2987012987013,
KASKAZINI A,2024,16,201.2987012987013,
KASKAZINI A,2024,17,201.2987012987013,
KASKAZINI A,2024,18,201.2987012987013,
KASKAZINI A,2024,19,201.2987012987013,
KASKAZINI A,2024,20,201.2987012987013,
KASKAZINI A,2024,21,201.2987012987013,
KASKAZINI A,2024,22,201.2987012987013,
KASKAZINI A,2024,23,201.2987012987013,
KASKAZINI A,2024,24,201.2987012987013,
KASKAZINI A,2024,25,201.2987012987013,
KASKAZINI A,2024,26,201.2987012987013,
KASKAZINI A,2024,27,201.2987012987013,
KASKAZINI A,2024,28,201.2987012987013,
KASKAZINI A,2024,29,201.2987012987013,
KASKAZINI A,2024,30,201.2987012987013,
KASKAZINI A,2024,31,201.2987012987013,
KASKAZINI A,2024,32,201.2987012987013,
KASKAZINI A,2024,33,201.2987012987013,
KASKAZINI A,2024,34,201.2987012987013,
KASKAZINI A,2024,35,201.2987012987013,
KASKAZINI A,2024,36,201.2987012987013,
KASKAZINI A,2024,37,201.2987012987013,
KASKAZINI A,2024,38,201.2987012987013,
KASKAZINI A,2024,39,201.2987012987013,
KASKAZINI A,2024,40,201.2987012987013,
KASKAZINI A,2024,41,201.2987012987013,
KASKAZINI A,2024,42,201.2987012987013,
KASKAZINI A,2024,43,201.2987012987013,
KASKAZINI A,2024,44,201.2987012987013,
KASKAZINI A,2024,45,201.2987012987013,
KASKAZINI A,2024,46,201.2987012987013,
KASKAZINI A,2024,47,201.2987012987013,
KASKAZINI A,2024,48,201.2987012987013,
KASKAZINI A,2024,49,201.2987012987013,
KASKAZINI A,2024,50,201.2987012987013,
KASKAZINI A,2024,51,201.2987012987013,
KASKAZINI A,2024,52,201.2987012987013,
KASKAZINI B,2018,1,144.53896103896102,95.0
KASKAZINI B,2018,2,144.53896103896102,95.0
KASKAZINI B,2018,3,144.53896103896102,95.0
KASKAZINI B,2018,4,144.53896103896102,95.0
KASKAZINI B,2018,5,144.53896103896102,95.0
KASKAZINI B,2018,6,144.53896103896102,95.0
KASKAZINI B,2018,7,144.53896103896102,95.0
KASKAZINI B,2018,8,144.53896103896102,95.0
KASKAZINI B,2018,9,144.53896103896102,95.0
KASKAZINI B,2018,10,144.53896103896102,95.0
KASKAZINI B,2018,11,144.53896103896102,95.0
KASKAZINI B,2018,12,144.53896103896102,95.0
KASKAZINI B,2018,13,144.53896103896102,95.0
KASKAZINI B,2018,14,144.53896103896102,95.0
KASKAZINI B,2018,15,144.53896103896102,95.0
KASKAZINI B,2018,16,144.53896103896102,95.0
KASKAZINI B,2018,17,144.53896103896102,95.0
KASKAZINI B,2018,18,144.53896103896102,95.0
KASKAZINI B,2018,19,144.53896103896102,95.0
KASKAZINI B,2018,20,144.53896103896102,95.0
KASKAZINI B,2018,21,144.53896103896102,95.0
KASKAZINI B,2018,22,144.53896103896102,95.0
KASKAZINI B,2018,23,144.53896103896102,95.0
KASKAZINI B,2018,24,144.53896103896102,95.0
KASKAZINI B,2018,25,144.53896103896102,95.0
KASKAZINI B,2018,26,144.53896103896102,95.0
KASKAZINI B,2018,27,144.53896103896102,95.0
KASKAZINI B,2018,28,144.53896103896102,95.0
KASKAZINI B,2018,29,144.53896103896102,95.0
KASKAZINI B,2018,30,144.53896103896102,95.0
KASKAZINI B,2018,31,144.53896103896102,95.0
KASKAZINI B,2018,32,144.53896103896102,95.0
KASKAZINI B,2018,33,144.53896103896102,95.0
KASKAZINI B,2018,34,144.53896103896102,95.0
KASKAZINI B,2018,35,144.53896103896102,95.0
KASKAZINI B,2018,36,144.53896103896102,95.0
KASKAZINI B,2018,37,144.53896103896102,95.0
KASKAZINI B,2018,38,144.53896103896102,95.0
KASKAZINI B,2018,39,144.53896103896102,95.0
KASKAZINI B,2018,40,144.53896103896102,95.0
KASKAZINI B,2018,41,144.53896103896102,95.0
KASKAZINI B,2018,42,144.53896103896102,95.0
KASKAZINI B,2018,43,144.53896103896102,95.0
KASKAZINI B,2018,44,144.53896103896102,95.0
KASKAZINI B,2018,45,144.53896103896102,95.0
KASKAZINI B,2018,46,144.53896103896102,95.0
KASKAZINI B,2018,47,144.53896103896102,95.0
KASKAZINI B,2018,48,144.53896103896102,95.0
KASKAZINI B,2018,49,144.53896103896102,95.0
KASKAZINI B,2018,50,144.53896103896102,95.0
KASKAZINI B,2018,51,144.53896103896102,95.0
KASKAZINI B,2018,52,144.53896103896102,95.0
KASKAZINI B,2019,1,325.0373376623377,95.2
KASKAZINI B,2019,2,325.0373376623377,95.2
KASKAZINI B,2019,3,325.0373376623377,95.2
KASKAZINI B,2019,4,325.0373376623377,95.2
KASKAZINI B,2019,5,325.0373376623377,95.2
KASKAZINI B,2019,6,325.0373376623377,95.2
KASKAZINI B,2019,7,325.0373376623377,95.2
KASKAZINI B,2019,8,325.0373376623377,95.2
KASKAZINI B,2019,9,325.0373376623377,95.2
KASKAZINI B,2019,10,325.0373376623377,95.2
KASKAZINI B,2019,11,325.0373376623377,95.2
KASKAZINI B,2019,12,325.0373376623377,95.2
KASKAZINI B,2019,13,325.0373376623377,95.2
KASKAZINI B,2019,14,325.0373376623377,95.2
KASKAZINI B,2019,15,325.0373376623377,95.2
KASKAZINI B,2019,16,325.0373376623377,95.2
KASKAZINI B,2019,17,325.0373376623377,95.2
KASKAZINI B,2019,18,325.0373376623377,95.2
KASKAZINI B,2019,19,325.0373376623377,95.2
KASKAZINI B,2019,20,325.0373376623377,95.2
KASKAZINI B,2019,21,325.0373376623377,95.2
KASKAZINI B,2019,22,325.0373376623377,95.2
KASKAZINI B,2019,23,325.0373376623377,95.2
KASKAZINI B,2019,24,325.0373376623377,95.2
KASKAZINI B,2019,25,325.0373376623377,95.2
KASKAZINI B,2019,26,325.0373376623377,95.2
KASKAZINI B,2019,27,325.0373376623377,95.2
KASKAZINI B,2019,28,325.0373376623377,95.2
KASKAZINI B,2019,29,325.0373376623377,95.2
KASKAZINI B,2019,30,325.0373376623377,95.2
KASKAZINI B,2019,31,325.0373376623377,95.2
KASKAZINI B,2019,32,325.0373376623377,95.2
KASKAZINI B,2019,33,325.0373376623377,95.2
KASKAZINI B,2019,34,325.0373376623377,95.2
KASKAZINI B,2019,35,325.0373376623377,95.2
KASKAZINI B,2019,36,325.0373376623377,95.2
KASKAZINI B,2019,37,325.0373376623377,95.2
KASKAZINI B,2019,38,325.0373376623377,95.2
KASKAZINI B,2019,39,325.0373376623377,95.2
KASKAZINI B,2019,40,325.0373376623377,95.2
KASKAZINI B,2019,41,325.0373376623377,95.2
KASKAZINI B,2019,42,325.0373376623377,95.2
KASKAZINI B,2019,43,325.0373376623377,95.2
KASKAZINI B,2019,44,325.0373376623377,95.2
KASKAZINI B,2019,45,325.0373376623377,95.2
KASKAZINI B,2019,46,325.0373376623377,95.2
KASKAZINI B,2019,47,325.0373376623377,95.2
KASKAZINI B,2019,48,325.0373376623377,95.2
KASKAZINI B,2019,49,325.0373376623377,95.2
KASKAZINI B,2019,50,325.0373376623377,95.2
KASKAZINI B,2019,51,325.0373376623377,95.2
KASKAZINI B,2019,52,325.0373376623377,95.2
KASKAZINI B,2020,1,,96.9
KASKAZINI B,2020,2,661.8977272727273,96.9
KASKAZINI B,2020,3,661.8977272727273,96.9
KASKAZINI B,2020,4,661.8977272727273,96.9
KASKAZINI B,2020,5,661.8977272727273,96.9
KASKAZINI B,2020,6,661.8977272727273,96.9
KASKAZINI B,2020,7,661.8977272727273,96.9
KASKAZINI B,2020,8,661.8977272727273,96.9
KASKAZINI B,2020,9,517.3587662337662,96.9
KASKAZINI B,2020,10,517.3587662337662,96.9
KASKAZINI B,2020,11,517.3587662337662,96.9
KASKAZINI B,2020,12,517.3587662337662,96.9
KASKAZINI B,2020,13,517.3587662337662,96.9
KASKAZINI B,2020,14,517.3587662337662,96.9
KASKAZINI B,2020,15,517.3587662337662,96.9
KASKAZINI B,2020,16,517.3587662337662,96.9
KASKAZINI B,2020,17,517.3587662337662,96.9
KASKAZINI B,2020,18,517.3587662337662,96.9
KASKAZINI B,2020,19,517.3587662337662,96.9
KASKAZINI B,2020,20,517.3587662337662,96.9
KASKAZINI B,2020,21,517.3587662337662,96.9
KASKAZINI B,2020,22,517.3587662337662,96.9
KASKAZINI B,2020,23,517.3587662337662,96.9
KASKAZINI B,2020,24,517.3587662337662,96.9
KASKAZINI B,2020,25,517.3587662337662,96.9
KASKAZINI B,2020,26,517.3587662337662,96.9
KASKAZINI B,2020,27,517.3587662337662,96.9
KASKAZINI B,2020,28,517.3587662337662,96.9
KASKAZINI B,2020,29,517.3587662337662,96.9
KASKAZINI B,2020,30,517.3587662337662,96.9
KASKAZINI B,2020,31,517.3587662337662,96.9
KASKAZINI B,2020,32,517.3587662337662,96.9
KASKAZINI B,2020,33,517.3587662337662,96.9
KASKAZINI B,2020,34,517.3587662337662,96.9
KASKAZINI B,2020,35,517.3587662337662,96.9
KASKAZINI B,2020,36,517.3587662337662,96.9
KASKAZINI B,2020,37,517.3587662337662,96.9
KASKAZINI B,2020,38,517.3587662337662,96.9
KASKAZINI B,2020,39,517.3587662337662,96.9
KASKAZINI B,2020,40,517.3587662337662,96.9
KASKAZINI B,2020,41,517.3587662337662,96.9
KASKAZINI B,2020,42,517.3587662337662,96.9
KASKAZINI B,2020,43,517.3587662337662,96.9
KASKAZINI B,2020,44,517.3587662337662,96.9
KASKAZINI B,2020,45,517.3587662337662,96.9
KASKAZINI B,2020,46,517.3587662337662,96.9
KASKAZINI B,2020,47,517.3587662337662,96.9
KASKAZINI B,2020,48,517.3587662337662,96.9
KASKAZINI B,2020,49,517.3587662337662,96.9
KASKAZINI B,2020,50,517.3587662337662,96.9
KASKAZINI B,2020,51,517.3587662337662,96.9
KASKAZINI B,2020,52,517.3587662337662,96.9
KASKAZINI B,2020,53,517.3587662337662,
KASKAZINI B,2021,1,1230.2353896103896,94.7
KASKAZINI B,2021,2,1230.2353896103896,94.7
KASKAZINI B,2021,3,1230.2353896103896,94.7
KASKAZINI B,2021,4,1230.2353896103896,94.7
KASKAZINI B,2021,5,1230.2353896103896,94.7
KASKAZINI B,2021,6,1230.2353896103896,94.7
KASKAZINI B,2021,7,1230.2353896103896,94.7
KASKAZINI B,2021,8,1230.2353896103896,94.7
KASKAZINI B,2021,9,1049.737012987013,94.7
KASKAZINI B,2021,10,1049.737012987013,94.7
KASKAZINI B,2021,11,1049.737012987013,94.7
KASKAZINI B,2021,12,1049.737012987013,94.7
KASKAZINI B,2021,13,1049.737012987013,94.7
KASKAZINI B,2021,14,1049.737012987013,94.7
KASKAZINI B,2021,15,1049.737012987013,94.7
KASKAZINI B,2021,16,1049.737012987013,94.7
KASKAZINI B,2021,17,1049.737012987013,94.7
KASKAZINI B,2021,18,1049.737012987013,94.7
KASKAZINI B,2021,19,1049.737012987013,94.7
KASKAZINI B,2021,20,1049.737012987013,94.7
KASKAZINI B,2021,21,1049.737012987013,94.7
KASKAZINI B,2021,22,1049.737012987013,94.7
KASKAZINI B,2021,23,1049.737012987013,94.7
KASKAZINI B,2021,24,1049.737012987013,94.7
KASKAZINI B,2021,25,1049.737012987013,94.7
KASKAZINI B,2021,26,1049.737012987013,94.7
KASKAZINI B,2021,27,1049.737012987013,94.7
KASKAZINI B,2021,28,1049.737012987013,94.7
KASKAZINI B,2021,29,1049.737012987013,94.7
KASKAZINI B,2021,30,1049.737012987013,94.7
KASKAZINI B,2021,31,1049.737012987013,94.7
KASKAZINI B,2021,32,1049.737012987013,94.7
KASKAZINI B,2021,33,1049.737012987013,94.7
KASKAZINI B,2021,34,1049.737012987013,94.7
KASKAZINI B,2021,35,1049.737012987013,94.7
KASKAZINI B,2021,36,1049.737012987013,94.7
KASKAZINI B,2021,37,1049.737012987013,94.7
KASKAZINI B,2021,38,1049.737012987013,94.7
KASKAZINI B,2021,39,1049.737012987013,94.7
KASKAZINI B,2021,40,1049.737012987013,94.7
KASKAZINI B,2021,41,1049.737012987013,94.7
KASKAZINI B,2021,42,1049.737012987013,94.7
KASKAZINI B,2021,43,1049.737012987013,94.7
KASKAZINI B,2021,44,1049.737012987013,94.7
KASKAZINI B,2021,45,1049.737012987013,94.7
KASKAZINI B,2021,46,1049.737012987013,94.7
KASKAZINI B,2021,47,1049.737012987013,94.7
KASKAZINI B,2021,48,1049.737012987013,94.7
KASKAZINI B,2021,49,1049.737012987013,94.7
KASKAZINI B,2021,50,1049.737012987013,94.7
KASKAZINI B,2021,51,1049.737012987013,94.7
KASKAZINI B,2021,52,1049.737012987013,94.7
KASKAZINI B,2022,1,1049.737012987013,97.8
KASKAZINI B,2022,2,1049.737012987013,97.8
KASKAZINI B,2022,3,1049.737012987013,97.8
KASKAZINI B,2022,4,1049.737012987013,97.8
KASKAZINI B,2022,5,1049.737012987013,97.8
KASKAZINI B,2022,6,1049.737012987013,97.8
KASKAZINI B,2022,7,1049.737012987013,97.8
KASKAZINI B,2022,8,1049.737012987013,97.8
KASKAZINI B,2022,9,712.8766233766233,97.8
KASKAZINI B,2022,10,712.8766233766233,97.8
KASKAZINI B,2022,11,712.8766233766233,97.8
KASKAZINI B,2022,12,712.8766233766233,97.8
KASKAZINI B,2022,13,712.8766233766233,97.8
KASKAZINI B,2022,14,712.8766233766233,97.8
KASKAZINI B,2022,15,712.8766233766233,97.8
KASKAZINI B,2022,16,712.8766233766233,97.8
KASKAZINI B,2022,17,712.8766233766233,97.8
KASKAZINI B,2022,18,712.8766233766233,97.8
KASKAZINI B,2022,19,712.8766233766233,97.8
KASKAZINI B,2022,20,712.8766233766233,97.8
KASKAZINI B,2022,21,712.8766233766233,97.8
KASKAZINI B,2022,22,712.8766233766233,97.8
KASKAZINI B,2022,23,712.8766233766233,97.8
KASKAZINI B,2022,24,712.8766233766233,97.8
KASKAZINI B,2022,25,712.8766233766233,97.8
KASKAZINI B,2022,26,712.8766233766233,97.8
KASKAZINI B,2022,27,712.8766233766233,97.8
KASKAZINI B,2022,28,712.8766233766233,97.8
KASKAZINI B,2022,29,712.8766233766233,97.8
KASKAZINI B,2022,30,712.8766233766233,97.8
KASKAZINI B,2022,31,712.8766233766233,97.8
KASKAZINI B,2022,32,712.8766233766233,97.8
KASKAZINI B,2022,33,712.8766233766233,97.8
KASKAZINI B,2022,34,712.8766233766233,97.8
KASKAZINI B,2022,35,712.8766233766233,97.8
KASKAZINI B,2022,36,712.8766233766233,97.8
KASKAZINI B,2022,37,712.8766233766233,97.8
KASKAZINI B,2022,38,712.8766233766233,97.8
KASKAZINI B,2022,39,712.8766233766233,97.8
KASKAZINI B,2022,40,712.8766233766233,97.8
KASKAZINI B,2022,41,712.8766233766233,97.8
KASKAZINI B,2022,42,712.8766233766233,97.8
KASKAZINI B,2022,43,712.8766233766233,97.8
KASKAZINI B,2022,44,712.8766233766233,97.8
KASKAZINI B,2022,45,712.8766233766233,97.8
KASKAZINI B,2022,46,712.8766233766233,97.8
KASKAZINI B,2022,47,712.8766233766233,97.8
KASKAZINI B,2022,48,712.8766233766233,97.8
KASKAZINI B,2022,49,712.8766233766233,97.8
KASKAZINI B,2022,50,712.8766233766233,97.8
KASKAZINI B,2022,51,712.8766233766233,97.8
KASKAZINI B,2022,52,712.8766233766233,97.8
KASKAZINI B,2023,1,914.1753246753246,94.0
KASKAZINI B,2023,2,914.1753246753246,94.0
KASKAZINI B,2023,3,914.1753246753246,94.0
KASKAZINI B,2023,4,914.1753246753246,94.0
KASKAZINI B,2023,5,914.1753246753246,94.0
KASKAZINI B,2023,6,914.1753246753246,94.0
KASKAZINI B,2023,7,914.1753246753246,94.0
KASKAZINI B,2023,8,914.1753246753246,94.0
KASKAZINI B,2023,9,201.2987012987013,94.0
KASKAZINI B,2023,10,201.2987012987013,94.0
KASKAZINI B,2023,11,201.2987012987013,94.0
KASKAZINI B,2023,12,201.2987012987013,94.0
KASKAZINI B,2023,13,201.2987012987013,94.0
KASKAZINI B,2023,14,201.2987012987013,94.0
KASKAZINI B,2023,15,201.2987012987013,94.0
KASKAZINI B,2023,16,201.2987012987013,94.0
KASKAZINI B,2023,17,201.2987012987013,94.0
KASKAZINI B,2023,18,201.2987012987013,94.0
KASKAZINI B,2023,19,201.2987012987013,94.0
KASKAZINI B,2023,20,201.2987012987013,94.0
KASKAZINI B,2023,21,201.2987012987013,94.0
KASKAZINI B,2023,22,201.2987012987013,94.0
KASKAZINI B,2023,23,201.2987012987013,94.0
KASKAZINI B,2023,24,201.2987012987013,94.0
KASKAZINI B,2023,25,201.2987012987013,94.0
KASKAZINI B,2023,26,201.2987012987013,94.0
KASKAZINI B,2023,27,201.2987012987013,94.0
KASKAZINI B,2023,28,201.2987012987013,94.0
KASKAZINI B,2023,29,201.2987012987013,94.0
KASKAZINI B,2023,30,201.2987012987013,94.0
KASKAZINI B,2023,31,201.2987012987013,94.0
KASKAZINI B,2023,32,201.2987012987013,94.0
KASKAZINI B,2023,33,201.2987012987013,94.0
KASKAZINI B,2023,34,201.2987012987013,94.0
KASKAZINI B,2023,35,201.2987012987013,94.0
KASKAZINI B,2023,36,201.2987012987013,94.0
KASKAZINI B,2023,37,201.2987012987013,94.0
KASKAZINI B,2023,38,201.2987012987013,94.0
KASKAZINI B,2023,39,201.2987012987013,94.0
KASKAZINI B,2023,40,201.2987012987013,94.0
KASKAZINI B,2023,41,201.2987012987013,94.0
KASKAZINI B,2023,42,201.2987012987013,94.0
KASKAZINI B,2023,43,201.2987012987013,94.0
KASKAZINI B,2023,44,201.2987012987013,94.0
KASKAZINI B,2023,45,201.2987012987013,94.0
KASKAZINI B,2023,46,201.2987012987013,94.0
KASKAZINI B,2023,47,201.2987012987013,94.0
KASKAZINI B,2023,48,201.2987012987013,94.0
KASKAZINI B,2023,49,201.2987012987013,94.0
KASKAZINI B,2023,50,201.2987012987013,94.0
KASKAZINI B,2023,51,201.2987012987013,94.0
KASKAZINI B,2023,52,201.2987012987013,94.0
KASKAZINI B,2024,1,201.2987012987013,
KASKAZINI B,2024,2,201.2987012987013,
KASKAZINI B,2024,3,201.2987012987013,
KASKAZINI B,2024,4,201.2987012987013,
KASKAZINI B,2024,5,201.2987012987013,
KASKAZINI B,2024,6,201.2987012987013,
KASKAZINI B,2024,7,201.2987012987013,
KASKAZINI B,2024,8,201.2987012987013,
KASKAZINI B,2024,9,201.2987012987013,
KASKAZINI B,2024,10,201.2987012987013,
KASKAZINI B,2024,11,201.2987012987013,
KASKAZINI B,2024,12,201.2987012987013,
KASKAZINI B,2024,13,201.2987012987013,
KASKAZINI B,2024,14,201.2987012987013,
KASKAZINI B,2024,15,201.2987012987013,
KASKAZINI B,2024,16,201.2987012987013,
KASKAZINI B,2024,17,201.2987012987013,
KASKAZINI B,2024,18,201.2987012987013,
KASKAZINI B,2024,19,201.2987012987013,
KASKAZINI B,2024,20,201.2987012987013,
KASKAZINI B,2024,21,201.2987012987013,
KASKAZINI B,2024,22,201.2987012987013,
KASKAZINI B,2024,23,201.2987012987013,
KASKAZINI B,2024,24,201.2987012987013,
KASKAZINI B,2024,25,201.2987012987013,
KASKAZINI B,2024,26,201.2987012987013,
KASKAZINI B,2024,27,201.2987012987013,
KASKAZINI B,2024,28,201.2987012987013,
KASKAZINI B,2024,29,201.2987012987013,
KASKAZINI B,2024,30,201.2987012987013,
KASKAZINI B,2024,31,201.2987012987013,
KASKAZINI B,2024,32,201.2987012987013,
KASKAZINI B,2024,33,201.2987012987013,
KASKAZINI B,2024,34,201.2987012987013,
KASKAZINI B,2024,35,201.2987012987013,
KASKAZINI B,2024,36,201.2987012987013,
KASKAZINI B,2024,37,201.2987012987013,
KASKAZINI B,2024,38,201.2987012987013,
KASKAZINI B,2024,39,201.2987012987013,
KASKAZINI B,2024,40,201.2987012987013,
KASKAZINI B,2024,41,201.2987012987013,
KASKAZINI B,2024,42,201.2987012987013,
KASKAZINI B,2024,43,201.2987012987013,
KASKAZINI B,2024,44,201.2987012987013,
KASKAZINI B,2024,45,201.2987012987013,
KASKAZINI B,2024,46,201.2987012987013,
KASKAZINI B,2024,47,201.2987012987013,
KASKAZINI B,2024,48,201.2987012987013,
KASKAZINI B,2024,49,201.2987012987013,
KASKAZINI B,2024,50,201.2987012987013,
KASKAZINI B,2024,51,201.2987012987013,
KASKAZINI B,2024,52,201.2987012987013,
KATI,2018,1,144.53896103896102,95.0
KATI,2018,2,144.53896103896102,95.0
KATI,2018,3,144.53896103896102,95.0
KATI,2018,4,144.53896103896102,95.0
KATI,2018,5,144.53896103896102,95.0
KATI,2018,6,144.53896103896102,95.0
KATI,2018,7,144.53896103896102,95.0
KATI,2018,8,144.53896103896102,95.0
KATI,2018,9,144.53896103896102,95.0
KATI,2018,10,144.53896103896102,95.0
KATI,2018,11,144.53896103896102,95.0
KATI,2018,12,144.53896103896102,95.0
KATI,2018,13,144.53896103896102,95.0
KATI,2018,14,144.53896103896102,95.0
KATI,2018,15,144.53896103896102,95.0
KATI,2018,16,144.53896103896102,95.0
KATI,2018,17,144.53896103896102,95.0
KATI,2018,18,144.53896103896102,95.0
KATI,2018,19,144.53896103896102,95.0
KATI,2018,20,144.53896103896102,95.0
KATI,2018,21,144.53896103896102,95.0
KATI,2018,22,144.53896103896102,95.0
KATI,2018,23,144.53896103896102,95.0
KATI,2018,24,144.53896103896102,95.0
KATI,2018,25,144.53896103896102,95.0
KATI,2018,26,144.53896103896102,95.0
KATI,2018,27,144.53896103896102,95.0
KATI,2018,28,144.53896103896102,95.0
KATI,2018,29,144.53896103896102,95.0
KATI,2018,30,144.53896103896102,95.0
KATI,2018,31,144.53896103896102,95.0
KATI,2018,32,144.53896103896102,95.0
KATI,2018,33,144.53896103896102,95.0
KATI,2018,34,144.53896103896102,95.0
KATI,2018,35,144.53896103896102,95.0
KATI,2018,36,144.53896103896102,95.0
KATI,2018,37,144.53896103896102,95.0
KATI,2018,38,144.53896103896102,95.0
KATI,2018,39,144.53896103896102,95.0
KATI,2018,40,144.53896103896102,95.0
KATI,2018,41,144.53896103896102,95.0
KATI,2018,42,144.53896103896102,95.0
KATI,2018,43,144.53896103896102,95.0
KATI,2018,44,144.53896103896102,95.0
KATI,2018,45,144.53896103896102,95.0
KATI,2018,46,144.53896103896102,95.0
KATI,2018,47,144.53896103896102,95.0
KATI,2018,48,144.53896103896102,95.0
KATI,2018,49,144.53896103896102,95.0
KATI,2018,50,144.53896103896102,95.0
KATI,2018,51,144.53896103896102,95.0
KATI,2018,52,144.53896103896102,95.0
KATI,2019,1,325.0373376623377,95.2
KATI,2019,2,325.0373376623377,95.2
KATI,2019,3,325.0373376623377,95.2
KATI,2019,4,325.0373376623377,95.2
KATI,2019,5,325.0373376623377,95.2
KATI,2019,6,325.0373376623377,95.2
KATI,2019,7,325.0373376623377,95.2
KATI,2019,8,325.0373376623377,95.2
KATI,2019,9,325.0373376623377,95.2
KATI,2019,10,325.0373376623377,95.2
KATI,2019,11,325.0373376623377,95.2
KATI,2019,12,325.0373376623377,95.2
KATI,2019,13,325.0373376623377,95.2
KATI,2019,14,325.0373376623377,95.2
KATI,2019,15,325.0373376623377,95.2
KATI,2019,16,325.0373376623377,95.2
KATI,2019,17,325.0373376623377,95.2
KATI,2019,18,325.0373376623377,95.2
KATI,2019,19,325.0373376623377,95.2
KATI,2019,20,325.0373376623377,95.2
KATI,2019,21,325.0373376623377,95.2
KATI,2019,22,325.0373376623377,95.2
KATI,2019,23,325.0373376623377,95.2
KATI,2019,24,325.0373376623377,95.2
KATI,2019,25,325.0373376623377,95.2
KATI,2019,26,325.0373376623377,95.2
KATI,2019,27,325.0373376623377,95.2
KATI,2019,28,325.0373376623377,95.2
KATI,2019,29,325.0373376623377,95.2
KATI,2019,30,325.0373376623377,95.2
KATI,2019,31,325.0373376623377,95.2
KATI,2019,32,325.0373376623377,95.2
KATI,2019,33,325.0373376623377,95.2
KATI,2019,34,325.0373376623377,95.2
KATI,2019,35,325.0373376623377,95.2
KATI,2019,36,325.0373376623377,95.2
KATI,2019,37,325.0373376623377,95.2
KATI,2019,38,325.0373376623377,95.2
KATI,2019,39,325.0373376623377,95.2
KATI,2019,40,325.0373376623377,95.2
KATI,2019,41,325.0373376623377,95.2
KATI,2019,42,325.0373376623377,95.2
KATI,2019,43,325.0373376623377,95.2
KATI,2019,44,325.0373376623377,95.2
KATI,2019,45,325.0373376623377,95.2
KATI,2019,46,325.0373376623377,95.2
KATI,2019,47,325.0373376623377,95.2
KATI,2019,48,325.0373376623377,95.2
KATI,2019,49,325.0373376623377,95.2
KATI,2019,50,325.0373376623377,95.2
KATI,2019,51,325.0373376623377,95.2
KATI,2019,52,325.0373376623377,95.2
KATI,2020,1,,96.9
KATI,2020,2,661.8977272727273,96.9
KATI,2020,3,661.8977272727273,96.9
KATI,2020,4,661.8977272727273,96.9
KATI,2020,5,661.8977272727273,96.9
KATI,2020,6,661.8977272727273,96.9
KATI,2020,7,661.8977272727273,96.9
KATI,2020,8,661.8977272727273,96.9
KATI,2020,9,517.3587662337662,96.9
KATI,2020,10,517.3587662337662,96.9
KATI,2020,11,517.3587662337662,96.9
KATI,2020,12,517.3587662337662,96.9
KATI,2020,13,517.3587662337662,96.9
KATI,2020,14,517.3587662337662,96.9
KATI,2020,15,517.3587662337662,96.9
KATI,2020,16,517.3587662337662,96.9
KATI,2020,17,517.3587662337662,96.9
KATI,2020,18,517.3587662337662,96.9
KATI,2020,19,517.3587662337662,96.9
KATI,2020,20,517.3587662337662,96.9
KATI,2020,21,517.3587662337662,96.9
KATI,2020,22,517.3587662337662,96.9
KATI,2020,23,517.3587662337662,96.9
KATI,2020,24,517.3587662337662,96.9
KATI,2020,25,517.3587662337662,96.9
KATI,2020,26,517.3587662337662,96.9
KATI,2020,27,517.3587662337662,96.9
KATI,2020,28,517.3587662337662,96.9
KATI,2020,29,517.3587662337662,96.9
KATI,2020,30,517.3587662337662,96.9
KATI,2020,31,517.3587662337662,96.9
KATI,2020,32,517.3587662337662,96.9
KATI,2020,33,517.3587662337662,96.9
KATI,2020,34,517.3587662337662,96.9
KATI,2020,35,517.3587662337662,96.9
KATI,2020,36,517.3587662337662,96.9
KATI,2020,37,517.3587662337662,96.9
KATI,2020,38,517.3587662337662,96.9
KATI,2020,39,517.3587662337662,96.9
KATI,2020,40,517.3587662337662,96.9
KATI,2020,41,517.3587662337662,96.9
KATI,2020,42,517.3587662337662,96.9
KATI,2020,43,517.3587662337662,96.9
KATI,2020,44,517.3587662337662,96.9
KATI,2020,45,517.3587662337662,96.9
KATI,2020,46,517.3587662337662,96.9
KATI,2020,47,517.3587662337662,96.9
KATI,2020,48,517.3587662337662,96.9
KATI,2020,49,517.3587662337662,96.9
KATI,2020,50,517.3587662337662,96.9
KATI,2020,51,517.3587662337662,96.9
KATI,2020,52,517.3587662337662,96.9
KATI,2020,53,517.3587662337662,
KATI,2021,1,1230.2353896103896,94.7
KATI,2021,2,1230.2353896103896,94.7
KATI,2021,3,1230.2353896103896,94.7
KATI,2021,4,1230.2353896103896,94.7
KATI,2021,5,1230.2353896103896,94.7
KATI,2021,6,1230.2353896103896,94.7
KATI,2021,7,1230.2353896103896,94.7
KATI,2021,8,1230.2353896103896,94.7
KATI,2021,9,1049.737012987013,94.7
KATI,2021,10,1049.737012987013,94.7
KATI,2021,11,1049.737012987013,94.7
KATI,2021,12,1049.737012987013,94.7
KATI,2021,13,1049.737012987013,94.7
KATI,2021,14,1049.737012987013,94.7
KATI,2021,15,1049.737012987013,94.7
KATI,2021,16,1049.737012987013,94.7
KATI,2021,17,1049.737012987013,94.7
KATI,2021,18,1049.737012987013,94.7
KATI,2021,19,1049.737012987013,94.7
KATI,2021,20,1049.737012987013,94.7
KATI,2021,21,1049.737012987013,94.7
KATI,2021,22,1049.737012987013,94.7
KATI,2021,23,1049.737012987013,94.7
KATI,2021,24,1049.737012987013,94.7
KATI,2021,25,1049.737012987013,94.7
KATI,2021,26,1049.737012987013,94.7
KATI,2021,27,1049.737012987013,94.7
KATI,2021,28,1049.737012987013,94.7
KATI,2021,29,1049.737012987013,94.7
KATI,2021,30,1049.737012987013,94.7
KATI,2021,31,1049.737012987013,94.7
KATI,2021,32,1049.737012987013,94.7
KATI,2021,33,1049.737012987013,94.7
KATI,2021,34,1049.737012987013,94.7
KATI,2021,35,1049.737012987013,94.7
KATI,2021,36,1049.737012987013,94.7
KATI,2021,37,1049.737012987013,94.7
KATI,2021,38,1049.737012987013,94.7
KATI,2021,39,1049.737012987013,94.7
KATI,2021,40,1049.737012987013,94.7
KATI,2021,41,1049.737012987013,94.7
KATI,2021,42,1049.737012987013,94.7
KATI,2021,43,1049.737012987013,94.7
KATI,2021,44,1049.737012987013,94.7
KATI,2021,45,1049.737012987013,94.7
KATI,2021,46,1049.737012987013,94.7
KATI,2021,47,1049.737012987013,94.7
KATI,2021,48,1049.737012987013,94.7
KATI,2021,49,1049.737012987013,94.7
KATI,2021,50,1049.737012987013,94.7
KATI,2021,51,1049.737012987013,94.7
KATI,2021,52,1049.737012987013,94.7
KATI,2022,1,1049.737012987013,97.8
KATI,2022,2,1049.737012987013,97.8
KATI,2022,3,1049.737012987013,97.8
KATI,2022,4,1049.737012987013,97.8
KATI,2022,5,1049.737012987013,97.8
KATI,2022,6,1049.737012987013,97.8
KATI,2022,7,1049.737012987013,97.8
KATI,2022,8,1049.737012987013,97.8
KATI,2022,9,712.8766233766233,97.8
KATI,2022,10,712.8766233766233,97.8
KATI,2022,11,712.8766233766233,97.8
KATI,2022,12,712.8766233766233,97.8
KATI,2022,13,712.8766233766233,97.8
KATI,2022,14,712.8766233766233,97.8
KATI,2022,15,712.8766233766233,97.8
KATI,2022,16,712.8766233766233,97.8
KATI,2022,17,712.8766233766233,97.8
KATI,2022,18,712.8766233766233,97.8
KATI,2022,19,712.8766233766233,97.8
KATI,2022,20,712.8766233766233,97.8
KATI,2022,21,712.8766233766233,97.8
KATI,2022,22,712.8766233766233,97.8
KATI,2022,23,712.8766233766233,97.8
KATI,2022,24,712.8766233766233,97.8
KATI,2022,25,712.8766233766233,97.8
KATI,2022,26,712.8766233766233,97.8
KATI,2022,27,712.8766233766233,97.8
KATI,2022,28,712.8766233766233,97.8
KATI,2022,29,712.8766233766233,97.8
KATI,2022,30,712.8766233766233,97.8
KATI,2022,31,712.8766233766233,97.8
KATI,2022,32,712.8766233766233,97.8
KATI,2022,33,712.8766233766233,97.8
KATI,2022,34,712.8766233766233,97.8
KATI,2022,35,712.8766233766233,97.8
KATI,2022,36,712.8766233766233,97.8
KATI,2022,37,712.8766233766233,97.8
KATI,2022,38,712.8766233766233,97.8
KATI,2022,39,712.8766233766233,97.8
KATI,2022,40,712.8766233766233,97.8
KATI,2022,41,712.8766233766233,97.8
KATI,2022,42,712.8766233766233,97.8
KATI,2022,43,712.8766233766233,97.8
KATI,2022,44,712.8766233766233,97.8
KATI,2022,45,712.8766233766233,97.8
KATI,2022,46,712.8766233766233,97.8
KATI,2022,47,712.8766233766233,97.8
KATI,2022,48,712.8766233766233,97.8
KATI,2022,49,712.8766233766233,97.8
KATI,2022,50,712.8766233766233,97.8
KATI,2022,51,712.8766233766233,97.8
KATI,2022,52,712.8766233766233,97.8
KATI,2023,1,914.1753246753246,94.0
KATI,2023,2,914.1753246753246,94.0
KATI,2023,3,914.1753246753246,94.0
KATI,2023,4,914.1753246753246,94.0
KATI,2023,5,914.1753246753246,94.0
KATI,2023,6,914.1753246753246,94.0
KATI,2023,7,914.1753246753246,94.0
KATI,2023,8,914.1753246753246,94.0
KATI,2023,9,201.2987012987013,94.0
KATI,2023,10,201.2987012987013,94.0
KATI,2023,11,201.2987012987013,94.0
KATI,2023,12,201.2987012987013,94.0
KATI,2023,13,201.2987012987013,94.0
KATI,2023,14,201.2987012987013,94.0
KATI,2023,15,201.2987012987013,94.0
KATI,2023,16,201.2987012987013,94.0
KATI,2023,17,201.2987012987013,94.0
KATI,2023,18,201.2987012987013,94.0
KATI,2023,19,201.2987012987013,94.0
KATI,2023,20,201.2987012987013,94.0
KATI,2023,21,201.2987012987013,94.0
KATI,2023,22,201.2987012987013,94.0
KATI,2023,23,201.2987012987013,94.0
KATI,2023,24,201.2987012987013,94.0
KATI,2023,25,201.2987012987013,94.0
KATI,2023,26,201.2987012987013,94.0
KATI,2023,27,201.2987012987013,94.0
KATI,2023,28,201.2987012987013,94.0
KATI,2023,29,201.2987012987013,94.0
KATI,2023,30,201.2987012987013,94.0
KATI,2023,31,201.2987012987013,94.0
KATI,2023,32,201.2987012987013,94.0
KATI,2023,33,201.2987012987013,94.0
KATI,2023,34,201.2987012987013,94.0
KATI,2023,35,201.2987012987013,94.0
KATI,2023,36,201.2987012987013,94.0
KATI,2023,37,201.2987012987013,94.0
KATI,2023,38,201.2987012987013,94.0
KATI,2023,39,201.2987012987013,94.0
KATI,2023,40,201.2987012987013,94.0
KATI,2023,41,201.2987012987013,94.0
KATI,2023,42,201.2987012987013,94.0
KATI,2023,43,201.2987012987013,94.0
KATI,2023,44,201.2987012987013,94.0
KATI,2023,45,201.2987012987013,94.0
KATI,2023,46,201.2987012987013,94.0
KATI,2023,47,201.2987012987013,94.0
KATI,2023,48,201.2987012987013,94.0
KATI,2023,49,201.2987012987013,94.0
KATI,2023,50,201.2987012987013,94.0
KATI,2023,51,201.2987012987013,94.0
KATI,2023,52,201.2987012987013,94.0
KATI,2024,1,201.2987012987013,
KATI,2024,2,201.2987012987013,
KATI,2024,3,201.2987012987013,
KATI,2024,4,201.2987012987013,
KATI,2024,5,201.2987012987013,
KATI,2024,6,201.2987012987013,
KATI,2024,7,201.2987012987013,
KATI,2024,8,201.2987012987013,
KATI,2024,9,201.2987012987013,
KATI,2024,10,201.2987012987013,
KATI,2024,11,201.2987012987013,
KATI,2024,12,201.2987012987013,
KATI,2024,13,201.2987012987013,
KATI,2024,14,201.2987012987013,
KATI,2024,15,201.2987012987013,
KATI,2024,16,201.2987012987013,
KATI,2024,17,201.2987012987013,
KATI,2024,18,201.2987012987013,
KATI,2024,19,201.2987012987013,
KATI,2024,20,201.2987012987013,
KATI,2024,21,201.2987012987013,
KATI,2024,22,201.2987012987013,
KATI,2024,23,201.2987012987013,
KATI,2024,24,201.2987012987013,
KATI,2024,25,201.2987012987013,
KATI,2024,26,201.2987012987013,
KATI,2024,27,201.2987012987013,
KATI,2024,28,201.2987012987013,
KATI,2024,29,201.2987012987013,
KATI,2024,30,201.2987012987013,
KATI,2024,31,201.2987012987013,
KATI,2024,32,201.2987012987013,
KATI,2024,33,201.2987012987013,
KATI,2024,34,201.2987012987013,
KATI,2024,35,201.2987012987013,
KATI,2024,36,201.2987012987013,
KATI,2024,37,201.2987012987013,
KATI,2024,38,201.2987012987013,
KATI,2024,39,201.2987012987013,
KATI,2024,40,201.2987012987013,
KATI,2024,41,201.2987012987013,
KATI,2024,42,201.2987012987013,
KATI,2024,43,201.2987012987013,
KATI,2024,44,201.2987012987013,
KATI,2024,45,201.2987012987013,
KATI,2024,46,201.2987012987013,
KATI,2024,47,201.2987012987013,
KATI,2024,48,201.2987012987013,
KATI,2024,49,201.2987012987013,
KATI,2024,50,201.2987012987013,
KATI,2024,51,201.2987012987013,
KATI,2024,52,201.2987012987013,
KUSINI,2018,1,144.53896103896102,95.0
KUSINI,2018,2,144.53896103896102,95.0
KUSINI,2018,3,144.53896103896102,95.0
KUSINI,2018,4,144.53896103896102,95.0
KUSINI,2018,5,144.53896103896102,95.0
KUSINI,2018,6,144.53896103896102,95.0
KUSINI,2018,7,144.53896103896102,95.0
KUSINI,2018,8,144.53896103896102,95.0
KUSINI,2018,9,144.53896103896102,95.0
KUSINI,2018,10,144.53896103896102,95.0
KUSINI,2018,11,144.53896103896102,95.0
KUSINI,2018,12,144.53896103896102,95.0
KUSINI,2018,13,144.53896103896102,95.0
KUSINI,2018,14,144.53896103896102,95.0
KUSINI,2018,15,144.53896103896102,95.0
KUSINI,2018,16,144.53896103896102,95.0
KUSINI,2018,17,144.53896103896102,95.0
KUSINI,2018,18,144.53896103896102,95.0
KUSINI,2018,19,144.53896103896102,95.0
KUSINI,2018,20,144.53896103896102,95.0
KUSINI,2018,21,144.53896103896102,95.0
KUSINI,2018,22,144.53896103896102,95.0
KUSINI,2018,23,144.53896103896102,95.0
KUSINI,2018,24,144.53896103896102,95.0
KUSINI,2018,25,144.53896103896102,95.0
KUSINI,2018,26,144.53896103896102,95.0
KUSINI,2018,27,144.53896103896102,95.0
KUSINI,2018,28,144.53896103896102,95.0
KUSINI,2018,29,144.53896103896102,95.0
KUSINI,2018,30,144.53896103896102,95.0
KUSINI,2018,31,144.53896103896102,95.0
KUSINI,2018,32,144.53896103896102,95.0
KUSINI,2018,33,144.53896103896102,95.0
KUSINI,2018,34,144.53896103896102,95.0
KUSINI,2018,35,144.53896103896102,95.0
KUSINI,2018,36,144.53896103896102,95.0
KUSINI,2018,37,144.53896103896102,95.0
KUSINI,2018,38,144.53896103896102,95.0
KUSINI,2018,39,144.53896103896102,95.0
KUSINI,2018,40,144.53896103896102,95.0
KUSINI,2018,41,144.53896103896102,95.0
KUSINI,2018,42,144.53896103896102,95.0
KUSINI,2018,43,144.53896103896102,95.0
KUSINI,2018,44,144.53896103896102,95.0
KUSINI,2018,45,144.53896103896102,95.0
KUSINI,2018,46,144.53896103896102,95.0
KUSINI,2018,47,144.53896103896102,95.0
KUSINI,2018,48,144.53896103896102,95.0
KUSINI,2018,49,144.53896103896102,95.0
KUSINI,2018,50,144.53896103896102,95.0
KUSINI,2018,51,144.53896103896102,95.0
KUSINI,2018,52,144.53896103896102,95.0
KUSINI,2019,1,325.0373376623377,95.2
KUSINI,2019,2,325.0373376623377,95.2
KUSINI,2019,3,325.0373376623377,95.2
KUSINI,2019,4,325.0373376623377,95.2
KUSINI,2019,5,325.0373376623377,95.2
KUSINI,2019,6,325.0373376623377,95.2
KUSINI,2019,7,325.0373376623377,95.2
KUSINI,2019,8,325.0373376623377,95.2
KUSINI,2019,9,325.0373376623377,95.2
KUSINI,2019,10,325.0373376623377,95.2
KUSINI,2019,11,325.0373376623377,95.2
KUSINI,2019,12,325.0373376623377,95.2
KUSINI,2019,13,325.0373376623377,95.2
KUSINI,2019,14,325.0373376623377,95.2
KUSINI,2019,15,325.0373376623377,95.2
KUSINI,2019,16,325.0373376623377,95.2
KUSINI,2019,17,325.0373376623377,95.2
KUSINI,2019,18,325.0373376623377,95.2
KUSINI,2019,19,325.0373376623377,95.2
KUSINI,2019,20,325.0373376623377,95.2
KUSINI,2019,21,325.0373376623377,95.2
KUSINI,2019,22,325.0373376623377,95.2
KUSINI,2019,23,325.0373376623377,95.2
KUSINI,2019,24,325.0373376623377,95.2
KUSINI,2019,25,325.0373376623377,95.2
KUSINI,2019,26,325.0373376623377,95.2
KUSINI,2019,27,325.0373376623377,95.2
KUSINI,2019,28,325.0373376623377,95.2
KUSINI,2019,29,325.0373376623377,95.2
KUSINI,2019,30,325.0373376623377,95.2
KUSINI,2019,31,325.0373376623377,95.2
KUSINI,2019,32,325.0373376623377,95.2
KUSINI,2019,33,325.0373376623377,95.2
KUSINI,2019,34,325.0373376623377,95.2
KUSINI,2019,35,325.0373376623377,95.2
KUSINI,2019,36,325.0373376623377,95.2
KUSINI,2019,37,325.0373376623377,95.2
KUSINI,2019,38,325.0373376623377,95.2
KUSINI,2019,39,325.0373376623377,95.2
KUSINI,2019,40,325.0373376623377,95.2
KUSINI,2019,41,325.0373376623377,95.2
KUSINI,2019,42,325.0373376623377,95.2
KUSINI,2019,43,325.0373376623377,95.2
KUSINI,2019,44,325.0373376623377,95.2
KUSINI,2019,45,325.0373376623377,95.2
KUSINI,2019,46,325.0373376623377,95.2
KUSINI,2019,47,325.0373376623377,95.2
KUSINI,2019,48,325.0373376623377,95.2
KUSINI,2019,49,325.0373376623377,95.2
KUSINI,2019,50,325.0373376623377,95.2
KUSINI,2019,51,325.0373376623377,95.2
KUSINI,2019,52,325.0373376623377,95.2
KUSINI,2020,1,,96.9
KUSINI,2020,2,661.8977272727273,96.9
KUSINI,2020,3,661.8977272727273,96.9
KUSINI,2020,4,661.8977272727273,96.9
KUSINI,2020,5,661.8977272727273,96.9
KUSINI,2020,6,661.8977272727273,96.9
KUSINI,2020,7,661.8977272727273,96.9
KUSINI,2020,8,661.8977272727273,96.9
KUSINI,2020,9,517.3587662337662,96.9
KUSINI,2020,10,517.3587662337662,96.9
KUSINI,2020,11,517.3587662337662,96.9
KUSINI,2020,12,517.3587662337662,96.9
KUSINI,2020,13,517.3587662337662,96.9
KUSINI,2020,14,517.3587662337662,96.9
KUSINI,2020,15,517.3587662337662,96.9
KUSINI,2020,16,517.3587662337662,96.9
KUSINI,2020,17,517.3587662337662,96.9
KUSINI,2020,18,517.3587662337662,96.9
KUSINI,2020,19,517.3587662337662,96.9
KUSINI,2020,20,517.3587662337662,96.9
KUSINI,2020,21,517.3587662337662,96.9
KUSINI,2020,22,517.3587662337662,96.9
KUSINI,2020,23,517.3587662337662,96.9
KUSINI,2020,24,517.3587662337662,96.9
KUSINI,2020,25,517.3587662337662,96.9
KUSINI,2020,26,517.3587662337662,96.9
KUSINI,2020,27,517.3587662337662,96.9
KUSINI,2020,28,517.3587662337662,96.9
KUSINI,2020,29,517.3587662337662,96.9
KUSINI,2020,30,517.3587662337662,96.9
KUSINI,2020,31,517.3587662337662,96.9
KUSINI,2020,32,517.3587662337662,96.9
KUSINI,2020,33,517.3587662337662,96.9
KUSINI,2020,34,517.3587662337662,96.9
KUSINI,2020,35,517.3587662337662,96.9
KUSINI,2020,36,517.3587662337662,96.9
KUSINI,2020,37,517.3587662337662,96.9
KUSINI,2020,38,517.3587662337662,96.9
KUSINI,2020,39,517.3587662337662,96.9
KUSINI,2020,40,517.3587662337662,96.9
KUSINI,2020,41,517.3587662337662,96.9
KUSINI,2020,42,517.3587662337662,96.9
KUSINI,2020,43,517.3587662337662,96.9
KUSINI,2020,44,517.3587662337662,96.9
KUSINI,2020,45,517.3587662337662,96.9
KUSINI,2020,46,517.3587662337662,96.9
KUSINI,2020,47,517.3587662337662,96.9
KUSINI,2020,48,517.3587662337662,96.9
KUSINI,2020,49,517.3587662337662,96.9
KUSINI,2020,50,517.3587662337662,96.9
KUSINI,2020,51,517.3587662337662,96.9
KUSINI,2020,52,517.3587662337662,96.9
KUSINI,2020,53,517.3587662337662,
KUSINI,2021,1,1230.2353896103896,94.7
KUSINI,2021,2,1230.2353896103896,94.7
KUSINI,2021,3,1230.2353896103896,94.7
KUSINI,2021,4,1230.2353896103896,94.7
KUSINI,2021,5,1230.2353896103896,94.7
KUSINI,2021,6,1230.2353896103896,94.7
KUSINI,2021,7,1230.2353896103896,94.7
KUSINI,2021,8,1230.2353896103896,94.7
KUSINI,2021,9,1049.737012987013,94.7
KUSINI,2021,10,1049.737012987013,94.7
KUSINI,2021,11,1049.737012987013,94.7
KUSINI,2021,12,1049.737012987013,94.7
KUSINI,2021,13,1049.737012987013,94.7
KUSINI,2021,14,1049.737012987013,94.7
KUSINI,2021,15,1049.737012987013,94.7
KUSINI,2021,16,1049.737012987013,94.7
KUSINI,2021,17,1049.737012987013,94.7
KUSINI,2021,18,1049.737012987013,94.7
KUSINI,2021,19,1049.737012987013,94.7
KUSINI,2021,20,1049.737012987013,94.7
KUSINI,2021,21,1049.737012987013,94.7
KUSINI,2021,22,1049.737012987013,94.7
KUSINI,2021,23,1049.737012987013,94.7
KUSINI,2021,24,1049.737012987013,94.7
KUSINI,2021,25,1049.737012987013,94.7
KUSINI,2021,26,1049.737012987013,94.7
KUSINI,2021,27,1049.737012987013,94.7
KUSINI,2021,28,1049.737012987013,94.7
KUSINI,2021,29,1049.737012987013,94.7
KUSINI,2021,30,1049.737012987013,94.7
KUSINI,2021,31,1049.737012987013,94.7
KUSINI,2021,32,1049.737012987013,94.7
KUSINI,2021,33,1049.737012987013,94.7
KUSINI,2021,34,1049.737012987013,94.7
KUSINI,2021,35,1049.737012987013,94.7
KUSINI,2021,36,1049.737012987013,94.7
KUSINI,2021,37,1049.737012987013,94.7
KUSINI,2021,38,1049.737012987013,94.7
KUSINI,2021,39,1049.737012987013,94.7
KUSINI,2021,40,1049.737012987013,94.7
KUSINI,2021,41,1049.737012987013,94.7
KUSINI,2021,42,1049.737012987013,94.7
KUSINI,2021,43,1049.737012987013,94.7
KUSINI,2021,44,1049.737012987013,94.7
KUSINI,2021,45,1049.737012987013,94.7
KUSINI,2021,46,1049.737012987013,94.7
KUSINI,2021,47,1049.737012987013,94.7
KUSINI,2021,48,1049.737012987013,94.7
KUSINI,2021,49,1049.737012987013,94.7
KUSINI,2021,50,1049.737012987013,94.7
KUSINI,2021,51,1049.737012987013,94.7
KUSINI,2021,52,1049.737012987013,94.7
KUSINI,2022,1,1049.737012987013,97.8
KUSINI,2022,2,1049.737012987013,97.8
KUSINI,2022,3,1049.737012987013,97.8
KUSINI,2022,4,1049.737012987013,97.8
KUSINI,2022,5,1049.737012987013,97.8
KUSINI,2022,6,1049.737012987013,97.8
KUSINI,2022,7,1049.737012987013,97.8
KUSINI,2022,8,1049.737012987013,97.8
KUSINI,2022,9,712.8766233766233,97.8
KUSINI,2022,10,712.8766233766233,97.8
KUSINI,2022,11,712.8766233766233,97.8
KUSINI,2022,12,712.8766233766233,97.8
KUSINI,2022,13,712.8766233766233,97.8
KUSINI,2022,14,712.8766233766233,97.8
KUSINI,2022,15,712.8766233766233,97.8
KUSINI,2022,16,712.8766233766233,97.8
KUSINI,2022,17,712.8766233766233,97.8
KUSINI,2022,18,712.8766233766233,97.8
KUSINI,2022,19,712.8766233766233,97.8
KUSINI,2022,20,712.8766233766233,97.8
KUSINI,2022,21,712.8766233766233,97.8
KUSINI,2022,22,712.8766233766233,97.8
KUSINI,2022,23,712.8766233766233,97.8
KUSINI,2022,24,712.8766233766233,97.8
KUSINI,2022,25,712.8766233766233,97.8
KUSINI,2022,26,712.8766233766233,97.8
KUSINI,2022,27,712.8766233766233,97.8
KUSINI,2022,28,712.8766233766233,97.8
KUSINI,2022,29,712.8766233766233,97.8
KUSINI,2022,30,712.8766233766233,97.8
KUSINI,2022,31,712.8766233766233,97.8
KUSINI,2022,32,712.8766233766233,97.8
KUSINI,2022,33,712.8766233766233,97.8
KUSINI,2022,34,712.8766233766233,97.8
KUSINI,2022,35,712.8766233766233,97.8
KUSINI,2022,36,712.8766233766233,97.8
KUSINI,2022,37,712.8766233766233,97.8
KUSINI,2022,38,712.8766233766233,97.8
KUSINI,2022,39,712.8766233766233,97.8
KUSINI,2022,40,712.8766233766233,97.8
KUSINI,2022,41,712.8766233766233,97.8
KUSINI,2022,42,712.8766233766233,97.8
KUSINI,2022,43,712.8766233766233,97.8
KUSINI,2022,44,712.8766233766233,97.8
KUSINI,2022,45,712.8766233766233,97.8
KUSINI,2022,46,712.8766233766233,97.8
KUSINI,2022,47,712.8766233766233,97.8
KUSINI,2022,48,712.8766233766233,97.8
KUSINI,2022,49,712.8766233766233,97.8
KUSINI,2022,50,712.8766233766233,97.8
KUSINI,2022,51,712.8766233766233,97.8
KUSINI,2022,52,712.8766233766233,97.8
KUSINI,2023,1,914.1753246753246,94.0
KUSINI,2023,2,914.1753246753246,94.0
KUSINI,2023,3,914.1753246753246,94.0
KUSINI,2023,4,914.1753246753246,94.0
KUSINI,2023,5,914.1753246753246,94.0
KUSINI,2023,6,914.1753246753246,94.0
KUSINI,2023,7,914.1753246753246,94.0
KUSINI,2023,8,914.1753246753246,94.0
KUSINI,2023,9,201.2987012987013,94.0
KUSINI,2023,10,201.2987012987013,94.0
KUSINI,2023,11,201.2987012987013,94.0
KUSINI,2023,12,201.2987012987013,94.0
KUSINI,2023,13,201.2987012987013,94.0
KUSINI,2023,14,201.2987012987013,94.0
KUSINI,2023,15,201.2987012987013,94.0
KUSINI,2023,16,201.2987012987013,94.0
KUSINI,2023,17,201.2987012987013,94.0
KUSINI,2023,18,201.2987012987013,94.0
KUSINI,2023,19,201.2987012987013,94.0
KUSINI,2023,20,201.2987012987013,94.0
KUSINI,2023,21,201.2987012987013,94.0
KUSINI,2023,22,201.2987012987013,94.0
KUSINI,2023,23,201.2987012987013,94.0
KUSINI,2023,24,201.2987012987013,94.0
KUSINI,2023,25,201.2987012987013,94.0
KUSINI,2023,26,201.2987012987013,94.0
KUSINI,2023,27,201.2987012987013,94.0
KUSINI,2023,28,201.2987012987013,94.0
KUSINI,2023,29,201.2987012987013,94.0
KUSINI,2023,30,201.2987012987013,94.0
KUSINI,2023,31,201.2987012987013,94.0
KUSINI,2023,32,201.2987012987013,94.0
KUSINI,2023,33,201.2987012987013,94.0
KUSINI,2023,34,201.2987012987013,94.0
KUSINI,2023,35,201.2987012987013,94.0
KUSINI,2023,36,201.2987012987013,94.0
KUSINI,2023,37,201.2987012987013,94.0
KUSINI,2023,38,201.2987012987013,94.0
KUSINI,2023,39,201.2987012987013,94.0
KUSINI,2023,40,201.2987012987013,94.0
KUSINI,2023,41,201.2987012987013,94.0
KUSINI,2023,42,201.2987012987013,94.0
KUSINI,2023,43,201.2987012987013,94.0
KUSINI,2023,44,201.2987012987013,94.0
KUSINI,2023,45,201.2987012987013,94.0
KUSINI,2023,46,201.2987012987013,94.0
KUSINI,2023,47,201.2987012987013,94.0
KUSINI,2023,48,201.2987012987013,94.0
KUSINI,2023,49,201.2987012987013,94.0
KUSINI,2023,50,201.2987012987013,94.0
KUSINI,2023,51,201.2987012987013,94.0
KUSINI,2023,52,201.2987012987013,94.0
KUSINI,2024,1,201.2987012987013,
KUSINI,2024,2,201.2987012987013,
KUSINI,2024,3,201.2987012987013,
KUSINI,2024,4,201.2987012987013,
KUSINI,2024,5,201.2987012987013,
KUSINI,2024,6,201.2987012987013,
KUSINI,2024,7,201.2987012987013,
KUSINI,2024,8,201.2987012987013,
KUSINI,2024,9,201.2987012987013,
KUSINI,2024,10,201.2987012987013,
KUSINI,2024,11,201.2987012987013,
KUSINI,2024,12,201.2987012987013,
KUSINI,2024,13,201.2987012987013,
KUSINI,2024,14,201.2987012987013,
KUSINI,2024,15,201.2987012987013,
KUSINI,2024,16,201.2987012987013,
KUSINI,2024,17,201.2987012987013,
KUSINI,2024,18,201.2987012987013,
KUSINI,2024,19,201.2987012987013,
KUSINI,2024,20,201.2987012987013,
KUSINI,2024,21,201.2987012987013,
KUSINI,2024,22,201.2987012987013,
KUSINI,2024,23,201.2987012987013,
KUSINI,2024,24,201.2987012987013,
KUSINI,2024,25,201.2987012987013,
KUSINI,2024,26,201.2987012987013,
KUSINI,2024,27,201.2987012987013,
KUSINI,2024,28,201.2987012987013,
KUSINI,2024,29,201.2987012987013,
KUSINI,2024,30,201.2987012987013,
KUSINI,2024,31,201.2987012987013,
KUSINI,2024,32,201.2987012987013,
KUSINI,2024,33,201.2987012987013,
KUSINI,2024,34,201.2987012987013,
KUSINI,2024,35,201.2987012987013,
KUSINI,2024,36,201.2987012987013,
KUSINI,2024,37,201.2987012987013,
KUSINI,2024,38,201.2987012987013,
KUSINI,2024,39,201.2987012987013,
KUSINI,2024,40,201.2987012987013,
KUSINI,2024,41,201.2987012987013,
KUSINI,2024,42,201.2987012987013,
KUSINI,2024,43,201.2987012987013,
KUSINI,2024,44,201.2987012987013,
KUSINI,2024,45,201.2987012987013,
KUSINI,2024,46,201.2987012987013,
KUSINI,2024,47,201.2987012987013,
KUSINI,2024,48,201.2987012987013,
KUSINI,2024,49,201.2987012987013,
KUSINI,2024,50,201.2987012987013,
KUSINI,2024,51,201.2987012987013,
KUSINI,2024,52,201.2987012987013,
MAGHARIBI  A,2018,1,144.53896103896102,95.0
MAGHARIBI  A,2018,2,144.53896103896102,95.0
MAGHARIBI  A,2018,3,144.53896103896102,95.0
MAGHARIBI  A,2018,4,144.53896103896102,95.0
MAGHARIBI  A,2018,5,144.53896103896102,95.0
MAGHARIBI  A,2018,6,144.53896103896102,95.0
MAGHARIBI  A,2018,7,144.53896103896102,95.0
MAGHARIBI  A,2018,8,144.53896103896102,95.0
MAGHARIBI  A,2018,9,144.53896103896102,95.0
MAGHARIBI  A,2018,10,144.53896103896102,95.0
MAGHARIBI  A,2018,11,144.53896103896102,95.0
MAGHARIBI  A,2018,12,144.53896103896102,95.0
MAGHARIBI  A,2018,13,144.53896103896102,95.0
MAGHARIBI  A,2018,14,144.53896103896102,95.0
MAGHARIBI  A,2018,15,144.53896103896102,95.0
MAGHARIBI  A,2018,16,144.53896103896102,95.0
MAGHARIBI  A,2018,17,144.53896103896102,95.0
MAGHARIBI  A,2018,18,144.53896103896102,95.0
MAGHARIBI  A,2018,19,144.53896103896102,95.0
MAGHARIBI  A,2018,20,144.53896103896102,95.0
MAGHARIBI  A,2018,21,144.53896103896102,95.0
MAGHARIBI  A,2018,22,144.53896103896102,95.0
MAGHARIBI  A,2018,23,144.53896103896102,95.0
MAGHARIBI  A,2018,24,144.53896103896102,95.0
MAGHARIBI  A,2018,25,144.53896103896102,95.0
MAGHARIBI  A,2018,26,144.53896103896102,95.0
MAGHARIBI  A,2018,27,144.53896103896102,95.0
MAGHARIBI  A,2018,28,144.53896103896102,95.0
MAGHARIBI  A,2018,29,144.53896103896102,95.0
MAGHARIBI  A,2018,30,144.53896103896102,95.0
MAGHARIBI  A,2018,31,144.53896103896102,95.0
MAGHARIBI  A,2018,32,144.53896103896102,95.0
MAGHARIBI  A,2018,33,144.53896103896102,95.0
MAGHARIBI  A,2018,34,144.53896103896102,95.0
MAGHARIBI  A,2018,35,144.53896103896102,95.0
MAGHARIBI  A,2018,36,144.53896103896102,95.0
MAGHARIBI  A,2018,37,144.53896103896102,95.0
MAGHARIBI  A,2018,38,144.53896103896102,95.0
MAGHARIBI  A,2018,39,144.53896103896102,95.0
MAGHARIBI  A,2018,40,144.53896103896102,95.0
MAGHARIBI  A,2018,41,144.53896103896102,95.0
MAGHARIBI  A,2018,42,144.53896103896102,95.0
MAGHARIBI  A,2018,43,144.53896103896102,95.0
MAGHARIBI  A,2018,44,144.53896103896102,95.0
MAGHARIBI  A,2018,45,144.53896103896102,95.0
MAGHARIBI  A,2018,46,144.53896103896102,95.0
MAGHARIBI  A,2018,47,144.53896103896102,95.0
MAGHARIBI  A,2018,48,144.53896103896102,95.0
MAGHARIBI  A,2018,49,144.53896103896102,95.0
MAGHARIBI  A,2018,50,144.53896103896102,95.0
MAGHARIBI  A,2018,51,144.53896103896102,95.0
MAGHARIBI  A,2018,52,144.53896103896102,95.0
MAGHARIBI  A,2019,1,325.0373376623377,95.2
MAGHARIBI  A,2019,2,325.0373376623377,95.2
MAGHARIBI  A,2019,3,325.0373376623377,95.2
MAGHARIBI  A,2019,4,325.0373376623377,95.2
MAGHARIBI  A,2019,5,325.0373376623377,95.2
MAGHARIBI  A,2019,6,325.0373376623377,95.2
MAGHARIBI  A,2019,7,325.0373376623377,95.2
MAGHARIBI  A,2019,8,325.0373376623377,95.2
MAGHARIBI  A,2019,9,325.0373376623377,95.2
MAGHARIBI  A,2019,10,325.0373376623377,95.2
MAGHARIBI  A,2019,11,325.0373376623377,95.2
MAGHARIBI  A,2019,12,325.0373376623377,95.2
MAGHARIBI  A,2019,13,325.0373376623377,95.2
MAGHARIBI  A,2019,14,325.0373376623377,95.2
MAGHARIBI  A,2019,15,325.0373376623377,95.2
MAGHARIBI  A,2019,16,325.0373376623377,95.2
MAGHARIBI  A,2019,17,325.0373376623377,95.2
MAGHARIBI  A,2019,18,325.0373376623377,95.2
MAGHARIBI  A,2019,19,325.0373376623377,95.2
MAGHARIBI  A,2019,20,325.0373376623377,95.2
MAGHARIBI  A,2019,21,325.0373376623377,95.2
MAGHARIBI  A,2019,22,325.0373376623377,95.2
MAGHARIBI  A,2019,23,325.0373376623377,95.2
MAGHARIBI  A,2019,24,325.0373376623377,95.2
MAGHARIBI  A,2019,25,325.0373376623377,95.2
MAGHARIBI  A,2019,26,325.0373376623377,95.2
MAGHARIBI  A,2019,27,325.0373376623377,95.2
MAGHARIBI  A,2019,28,325.0373376623377,95.2
MAGHARIBI  A,2019,29,325.0373376623377,95.2
MAGHARIBI  A,2019,30,325.0373376623377,95.2
MAGHARIBI  A,2019,31,325.0373376623377,95.2
MAGHARIBI  A,2019,32,325.0373376623377,95.2
MAGHARIBI  A,2019,33,325.0373376623377,95.2
MAGHARIBI  A,2019,34,325.0373376623377,95.2
MAGHARIBI  A,2019,35,325.0373376623377,95.2
MAGHARIBI  A,2019,36,325.0373376623377,95.2
MAGHARIBI  A,2019,37,325.0373376623377,95.2
MAGHARIBI  A,2019,38,325.0373376623377,95.2
MAGHARIBI  A,2019,39,325.0373376623377,95.2
MAGHARIBI  A,2019,40,325.0373376623377,95.2
MAGHARIBI  A,2019,41,325.0373376623377,95.2
MAGHARIBI  A,2019,42,325.0373376623377,95.2
MAGHARIBI  A,2019,43,325.0373376623377,95.2
MAGHARIBI  A,2019,44,325.0373376623377,95.2
MAGHARIBI  A,2019,45,325.0373376623377,95.2
MAGHARIBI  A,2019,46,325.0373376623377,95.2
MAGHARIBI  A,2019,47,325.0373376623377,95.2
MAGHARIBI  A,2019,48,325.0373376623377,95.2
MAGHARIBI  A,2019,49,325.0373376623377,95.2
MAGHARIBI  A,2019,50,325.0373376623377,95.2
MAGHARIBI  A,2019,51,325.0373376623377,95.2
MAGHARIBI  A,2019,52,325.0373376623377,95.2
MAGHARIBI  A,2020,1,,96.9
MAGHARIBI  A,2020,2,661.8977272727273,96.9
MAGHARIBI  A,2020,3,661.8977272727273,96.9
MAGHARIBI  A,2020,4,661.8977272727273,96.9
MAGHARIBI  A,2020,5,661.8977272727273,96.9
MAGHARIBI  A,2020,6,661.8977272727273,96.9
MAGHARIBI  A,2020,7,661.8977272727273,96.9
MAGHARIBI  A,2020,8,661.8977272727273,96.9
MAGHARIBI  A,2020,9,517.3587662337662,96.9
MAGHARIBI  A,2020,10,517.3587662337662,96.9
MAGHARIBI  A,2020,11,517.3587662337662,96.9
MAGHARIBI  A,2020,12,517.3587662337662,96.9
MAGHARIBI  A,2020,13,517.3587662337662,96.9
MAGHARIBI  A,2020,14,517.3587662337662,96.9
MAGHARIBI  A,2020,15,517.3587662337662,96.9
MAGHARIBI  A,2020,16,517.3587662337662,96.9
MAGHARIBI  A,2020,17,517.3587662337662,96.9
MAGHARIBI  A,2020,18,517.3587662337662,96.9
MAGHARIBI  A,2020,19,517.3587662337662,96.9
MAGHARIBI  A,2020,20,517.3587662337662,96.9
MAGHARIBI  A,2020,21,517.3587662337662,96.9
MAGHARIBI  A,2020,22,517.3587662337662,96.9
MAGHARIBI  A,2020,23,517.3587662337662,96.9
MAGHARIBI  A,2020,24,517.3587662337662,96.9
MAGHARIBI  A,2020,25,517.3587662337662,96.9
MAGHARIBI  A,2020,26,517.3587662337662,96.9
MAGHARIBI  A,2020,27,517.3587662337662,96.9
MAGHARIBI  A,2020,28,517.3587662337662,96.9
MAGHARIBI  A,2020,29,517.3587662337662,96.9
MAGHARIBI  A,2020,30,517.3587662337662,96.9
MAGHARIBI  A,2020,31,517.3587662337662,96.9
MAGHARIBI  A,2020,32,517.3587662337662,96.9
MAGHARIBI  A,2020,33,517.3587662337662,96.9
MAGHARIBI  A,2020,34,517.3587662337662,96.9
MAGHARIBI  A,2020,35,517.3587662337662,96.9
MAGHARIBI  A,2020,36,517.3587662337662,96.9
MAGHARIBI  A,2020,37,517.3587662337662,96.9
MAGHARIBI  A,2020,38,517.3587662337662,96.9
MAGHARIBI  A,2020,39,517.3587662337662,96.9
MAGHARIBI  A,2020,40,517.3587662337662,96.9
MAGHARIBI  A,2020,41,517.3587662337662,96.9
MAGHARIBI  A,2020,42,517.3587662337662,96.9
MAGHARIBI  A,2020,43,517.3587662337662,96.9
MAGHARIBI  A,2020,44,517.3587662337662,96.9
MAGHARIBI  A,2020,45,517.3587662337662,96.9
MAGHARIBI  A,2020,46,517.3587662337662,96.9
MAGHARIBI  A,2020,47,517.3587662337662,96.9
MAGHARIBI  A,2020,48,517.3587662337662,96.9
MAGHARIBI  A,2020,49,517.3587662337662,96.9
MAGHARIBI  A,2020,50,517.3587662337662,96.9
MAGHARIBI  A,2020,51,517.3587662337662,96.9
MAGHARIBI  A,2020,52,517.3587662337662,96.9
MAGHARIBI  A,2020,53,517.3587662337662,
MAGHARIBI  A,2021,1,1230.2353896103896,94.7
MAGHARIBI  A,2021,2,1230.2353896103896,94.7
MAGHARIBI  A,2021,3,1230.2353896103896,94.7
MAGHARIBI  A,2021,4,1230.2353896103896,94.7
MAGHARIBI  A,2021,5,1230.2353896103896,94.7
MAGHARIBI  A,2021,6,1230.2353896103896,94.7
MAGHARIBI  A,2021,7,1230.2353896103896,94.7
MAGHARIBI  A,2021,8,1230.2353896103896,94.7
MAGHARIBI  A,2021,9,1049.737012987013,94.7
MAGHARIBI  A,2021,10,1049.737012987013,94.7
MAGHARIBI  A,2021,11,1049.737012987013,94.7
MAGHARIBI  A,2021,12,1049.737012987013,94.7
MAGHARIBI  A,2021,13,1049.737012987013,94.7
MAGHARIBI  A,2021,14,1049.737012987013,94.7
MAGHARIBI  A,2021,15,1049.737012987013,94.7
MAGHARIBI  A,2021,16,1049.737012987013,94.7
MAGHARIBI  A,2021,17,1049.737012987013,94.7
MAGHARIBI  A,2021,18,1049.737012987013,94.7
MAGHARIBI  A,2021,19,1049.737012987013,94.7
MAGHARIBI  A,2021,20,1049.737012987013,94.7
MAGHARIBI  A,2021,21,1049.737012987013,94.7
MAGHARIBI  A,2021,22,1049.737012987013,94.7
MAGHARIBI  A,2021,23,1049.737012987013,94.7
MAGHARIBI  A,2021,24,1049.737012987013,94.7
MAGHARIBI  A,2021,25,1049.737012987013,94.7
MAGHARIBI  A,2021,26,1049.737012987013,94.7
MAGHARIBI  A,2021,27,1049.737012987013,94.7
MAGHARIBI  A,2021,28,1049.737012987013,94.7
MAGHARIBI  A,2021,29,1049.737012987013,94.7
MAGHARIBI  A,2021,30,1049.737012987013,94.7
MAGHARIBI  A,2021,31,1049.737012987013,94.7
MAGHARIBI  A,2021,32,1049.737012987013,94.7
MAGHARIBI  A,2021,33,1049.737012987013,94.7
MAGHARIBI  A,2021,34,1049.737012987013,94.7
MAGHARIBI  A,2021,35,1049.737012987013,94.7
MAGHARIBI  A,2021,36,1049.737012987013,94.7
MAGHARIBI  A,2021,37,1049.737012987013,94.7
MAGHARIBI  A,2021,38,1049.737012987013,94.7
MAGHARIBI  A,2021,39,1049.737012987013,94.7
MAGHARIBI  A,2021,40,1049.737012987013,94.7
MAGHARIBI  A,2021,41,1049.737012987013,94.7
MAGHARIBI  A,2021,42,1049.737012987013,94.7
MAGHARIBI  A,2021,43,1049.737012987013,94.7
MAGHARIBI  A,2021,44,1049.737012987013,94.7
MAGHARIBI  A,2021,45,1049.737012987013,94.7
MAGHARIBI  A,2021,46,1049.737012987013,94.7
MAGHARIBI  A,2021,47,1049.737012987013,94.7
MAGHARIBI  A,2021,48,1049.737012987013,94.7
MAGHARIBI  A,2021,49,1049.737012987013,94.7
MAGHARIBI  A,2021,50,1049.737012987013,94.7
MAGHARIBI  A,2021,51,1049.737012987013,94.7
MAGHARIBI  A,2021,52,1049.737012987013,94.7
MAGHARIBI  A,2022,1,1049.737012987013,97.8
MAGHARIBI  A,2022,2,1049.737012987013,97.8
MAGHARIBI  A,2022,3,1049.737012987013,97.8
MAGHARIBI  A,2022,4,1049.737012987013,97.8
MAGHARIBI  A,2022,5,1049.737012987013,97.8
MAGHARIBI  A,2022,6,1049.737012987013,97.8
MAGHARIBI  A,2022,7,1049.737012987013,97.8
MAGHARIBI  A,2022,8,1049.737012987013,97.8
MAGHARIBI  A,2022,9,712.8766233766233,97.8
MAGHARIBI  A,2022,10,712.8766233766233,97.8
MAGHARIBI  A,2022,11,712.8766233766233,97.8
MAGHARIBI  A,2022,12,712.8766233766233,97.8
MAGHARIBI  A,2022,13,712.8766233766233,97.8
MAGHARIBI  A,2022,14,712.8766233766233,97.8
MAGHARIBI  A,2022,15,712.8766233766233,97.8
MAGHARIBI  A,2022,16,712.8766233766233,97.8
MAGHARIBI  A,2022,17,712.8766233766233,97.8
MAGHARIBI  A,2022,18,712.8766233766233,97.8
MAGHARIBI  A,2022,19,712.8766233766233,97.8
MAGHARIBI  A,2022,20,712.8766233766233,97.8
MAGHARIBI  A,2022,21,712.8766233766233,97.8
MAGHARIBI  A,2022,22,712.8766233766233,97.8
MAGHARIBI  A,2022,23,712.8766233766233,97.8
MAGHARIBI  A,2022,24,712.8766233766233,97.8
MAGHARIBI  A,2022,25,712.8766233766233,97.8
MAGHARIBI  A,2022,26,712.8766233766233,97.8
MAGHARIBI  A,2022,27,712.8766233766233,97.8
MAGHARIBI  A,2022,28,712.8766233766233,97.8
MAGHARIBI  A,2022,29,712.8766233766233,97.8
MAGHARIBI  A,2022,30,712.8766233766233,97.8
MAGHARIBI  A,2022,31,712.8766233766233,97.8
MAGHARIBI  A,2022,32,712.8766233766233,97.8
MAGHARIBI  A,2022,33,712.8766233766233,97.8
MAGHARIBI  A,2022,34,712.8766233766233,97.8
MAGHARIBI  A,2022,35,712.8766233766233,97.8
MAGHARIBI  A,2022,36,712.8766233766233,97.8
MAGHARIBI  A,2022,37,712.8766233766233,97.8
MAGHARIBI  A,2022,38,712.8766233766233,97.8
MAGHARIBI  A,2022,39,712.8766233766233,97.8
MAGHARIBI  A,2022,40,712.8766233766233,97.8
MAGHARIBI  A,2022,41,712.8766233766233,97.8
MAGHARIBI  A,2022,42,712.8766233766233,97.8
MAGHARIBI  A,2022,43,712.8766233766233,97.8
MAGHARIBI  A,2022,44,712.8766233766233,97.8
MAGHARIBI  A,2022,45,712.8766233766233,97.8
MAGHARIBI  A,2022,46,712.8766233766233,97.8
MAGHARIBI  A,2022,47,712.8766233766233,97.8
MAGHARIBI  A,2022,48,712.8766233766233,97.8
MAGHARIBI  A,2022,49,712.8766233766233,97.8
MAGHARIBI  A,2022,50,712.8766233766233,97.8
MAGHARIBI  A,2022,51,712.8766233766233,97.8
MAGHARIBI  A,2022,52,712.8766233766233,97.8
MAGHARIBI  A,2023,1,914.1753246753246,94.0
MAGHARIBI  A,2023,2,914.1753246753246,94.0
MAGHARIBI  A,2023,3,914.1753246753246,94.0
MAGHARIBI  A,2023,4,914.1753246753246,94.0
MAGHARIBI  A,2023,5,914.1753246753246,94.0
MAGHARIBI  A,2023,6,914.1753246753246,94.0
MAGHARIBI  A,2023,7,914.1753246753246,94.0
MAGHARIBI  A,2023,8,914.1753246753246,94.0
MAGHARIBI  A,2023,9,201.2987012987013,94.0
MAGHARIBI  A,2023,10,201.2987012987013,94.0
MAGHARIBI  A,2023,11,201.2987012987013,94.0
MAGHARIBI  A,2023,12,201.2987012987013,94.0
MAGHARIBI  A,2023,13,201.2987012987013,94.0
MAGHARIBI  A,2023,14,201.2987012987013,94.0
MAGHARIBI  A,2023,15,201.2987012987013,94.0
MAGHARIBI  A,2023,16,201.2987012987013,94.0
MAGHARIBI  A,2023,17,201.2987012987013,94.0
MAGHARIBI  A,2023,18,201.2987012987013,94.0
MAGHARIBI  A,2023,19,201.2987012987013,94.0
MAGHARIBI  A,2023,20,201.2987012987013,94.0
MAGHARIBI  A,2023,21,201.2987012987013,94.0
MAGHARIBI  A,2023,22,201.2987012987013,94.0
MAGHARIBI  A,2023,23,201.2987012987013,94.0
MAGHARIBI  A,2023,24,201.2987012987013,94.0
MAGHARIBI  A,2023,25,201.2987012987013,94.0
MAGHARIBI  A,2023,26,201.2987012987013,94.0
MAGHARIBI  A,2023,27,201.2987012987013,94.0
MAGHARIBI  A,2023,28,201.2987012987013,94.0
MAGHARIBI  A,2023,29,201.2987012987013,94.0
MAGHARIBI  A,2023,30,201.2987012987013,94.0
MAGHARIBI  A,2023,31,201.2987012987013,94.0
MAGHARIBI  A,2023,32,201.2987012987013,94.0
MAGHARIBI  A,2023,33,201.2987012987013,94.0
MAGHARIBI  A,2023,34,201.2987012987013,94.0
MAGHARIBI  A,2023,35,201.2987012987013,94.0
MAGHARIBI  A,2023,36,201.2987012987013,94.0
MAGHARIBI  A,2023,37,201.2987012987013,94.0
MAGHARIBI  A,2023,38,201.2987012987013,94.0
MAGHARIBI  A,2023,39,201.2987012987013,94.0
MAGHARIBI  A,2023,40,201.2987012987013,94.0
MAGHARIBI  A,2023,41,201.2987012987013,94.0
MAGHARIBI  A,2023,42,201.2987012987013,94.0
MAGHARIBI  A,2023,43,201.2987012987013,94.0
MAGHARIBI  A,2023,44,201.2987012987013,94.0
MAGHARIBI  A,2023,45,201.2987012987013,94.0
MAGHARIBI  A,2023,46,201.2987012987013,94.0
MAGHARIBI  A,2023,47,201.2987012987013,94.0
MAGHARIBI  A,2023,48,201.2987012987013,94.0
MAGHARIBI  A,2023,49,201.2987012987013,94.0
MAGHARIBI  A,2023,50,201.2987012987013,94.0
MAGHARIBI  A,2023,51,201.2987012987013,94.0
MAGHARIBI  A,2023,52,201.2987012987013,94.0
MAGHARIBI  A,2024,1,201.2987012987013,
MAGHARIBI  A,2024,2,201.2987012987013,
MAGHARIBI  A,2024,3,201.2987012987013,
MAGHARIBI  A,2024,4,201.2987012987013,
MAGHARIBI  A,2024,5,201.2987012987013,
MAGHARIBI  A,2024,6,201.2987012987013,
MAGHARIBI  A,2024,7,201.2987012987013,
MAGHARIBI  A,2024,8,201.2987012987013,
MAGHARIBI  A,2024,9,201.2987012987013,
MAGHARIBI  A,2024,10,201.2987012987013,
MAGHARIBI  A,2024,11,201.2987012987013,
MAGHARIBI  A,2024,12,201.2987012987013,
MAGHARIBI  A,2024,13,201.2987012987013,
MAGHARIBI  A,2024,14,201.2987012987013,
MAGHARIBI  A,2024,15,201.2987012987013,
MAGHARIBI  A,2024,16,201.2987012987013,
MAGHARIBI  A,2024,17,201.2987012987013,
MAGHARIBI  A,2024,18,201.2987012987013,
MAGHARIBI  A,2024,19,201.2987012987013,
MAGHARIBI  A,2024,20,201.2987012987013,
MAGHARIBI  A,2024,21,201.2987012987013,
MAGHARIBI  A,2024,22,201.2987012987013,
MAGHARIBI  A,2024,23,201.2987012987013,
MAGHARIBI  A,2024,24,201.2987012987013,
MAGHARIBI  A,2024,25,201.2987012987013,
MAGHARIBI  A,2024,26,201.2987012987013,
MAGHARIBI  A,2024,27,201.2987012987013,
MAGHARIBI  A,2024,28,201.2987012987013,
MAGHARIBI  A,2024,29,201.2987012987013,
MAGHARIBI  A,2024,30,201.2987012987013,
MAGHARIBI  A,2024,31,201.2987012987013,
MAGHARIBI  A,2024,32,201.2987012987013,
MAGHARIBI  A,2024,33,201.2987012987013,
MAGHARIBI  A,2024,34,201.2987012987013,
MAGHARIBI  A,2024,35,201.2987012987013,
MAGHARIBI  A,2024,36,201.2987012987013,
MAGHARIBI  A,2024,37,201.2987012987013,
MAGHARIBI  A,2024,38,201.2987012987013,
MAGHARIBI  A,2024,39,201.2987012987013,
MAGHARIBI  A,2024,40,201.2987012987013,
MAGHARIBI  A,2024,41,201.2987012987013,
MAGHARIBI  A,2024,42,201.2987012987013,
MAGHARIBI  A,2024,43,201.2987012987013,
MAGHARIBI  A,2024,44,201.2987012987013,
MAGHARIBI  A,2024,45,201.2987012987013,
MAGHARIBI  A,2024,46,201.2987012987013,
MAGHARIBI  A,2024,47,201.2987012987013,
MAGHARIBI  A,2024,48,201.2987012987013,
MAGHARIBI  A,2024,49,201.2987012987013,
MAGHARIBI  A,2024,50,201.2987012987013,
MAGHARIBI  A,2024,51,201.2987012987013,
MAGHARIBI  A,2024,52,201.2987012987013,
MAGHARIBI  B,2018,1,144.53896103896102,95.0
MAGHARIBI  B,2018,2,144.53896103896102,95.0
MAGHARIBI  B,2018,3,144.53896103896102,95.0
MAGHARIBI  B,2018,4,144.53896103896102,95.0
MAGHARIBI  B,2018,5,144.53896103896102,95.0
MAGHARIBI  B,2018,6,144.53896103896102,95.0
MAGHARIBI  B,2018,7,144.53896103896102,95.0
MAGHARIBI  B,2018,8,144.53896103896102,95.0
MAGHARIBI  B,2018,9,144.53896103896102,95.0
MAGHARIBI  B,2018,10,144.53896103896102,95.0
MAGHARIBI  B,2018,11,144.53896103896102,95.0
MAGHARIBI  B,2018,12,144.53896103896102,95.0
MAGHARIBI  B,2018,13,144.53896103896102,95.0
MAGHARIBI  B,2018,14,144.53896103896102,95.0
MAGHARIBI  B,2018,15,144.53896103896102,95.0
MAGHARIBI  B,2018,16,144.53896103896102,95.0
MAGHARIBI  B,2018,17,144.53896103896102,95.0
MAGHARIBI  B,2018,18,144.53896103896102,95.0
MAGHARIBI  B,2018,19,144.53896103896102,95.0
MAGHARIBI  B,2018,20,144.53896103896102,95.0
MAGHARIBI  B,2018,21,144.53896103896102,95.0
MAGHARIBI  B,2018,22,144.53896103896102,95.0
MAGHARIBI  B,2018,23,144.53896103896102,95.0
MAGHARIBI  B,2018,24,144.53896103896102,95.0
MAGHARIBI  B,2018,25,144.53896103896102,95.0
MAGHARIBI  B,2018,26,144.53896103896102,95.0
MAGHARIBI  B,2018,27,144.53896103896102,95.0
MAGHARIBI  B,2018,28,144.53896103896102,95.0
MAGHARIBI  B,2018,29,144.53896103896102,95.0
MAGHARIBI  B,2018,30,144.53896103896102,95.0
MAGHARIBI  B,2018,31,144.53896103896102,95.0
MAGHARIBI  B,2018,32,144.53896103896102,95.0
MAGHARIBI  B,2018,33,144.53896103896102,95.0
MAGHARIBI  B,2018,34,144.53896103896102,95.0
MAGHARIBI  B,2018,35,144.53896103896102,95.0
MAGHARIBI  B,2018,36,144.53896103896102,95.0
MAGHARIBI  B,2018,37,144.53896103896102,95.0
MAGHARIBI  B,2018,38,144.53896103896102,95.0
MAGHARIBI  B,2018,39,144.53896103896102,95.0
MAGHARIBI  B,2018,40,144.53896103896102,95.0
MAGHARIBI  B,2018,41,144.53896103896102,95.0
MAGHARIBI  B,2018,42,144.53896103896102,95.0
MAGHARIBI  B,2018,43,144.53896103896102,95.0
MAGHARIBI  B,2018,44,144.53896103896102,95.0
MAGHARIBI  B,2018,45,144.53896103896102,95.0
MAGHARIBI  B,2018,46,144.53896103896102,95.0
MAGHARIBI  B,2018,47,144.53896103896102,95.0
MAGHARIBI  B,2018,48,144.53896103896102,95.0
MAGHARIBI  B,2018,49,144.53896103896102,95.0
MAGHARIBI  B,2018,50,144.53896103896102,95.0
MAGHARIBI  B,2018,51,144.53896103896102,95.0
MAGHARIBI  B,2018,52,144.53896103896102,95.0
MAGHARIBI  B,2019,1,325.0373376623377,95.2
MAGHARIBI  B,2019,2,325.0373376623377,95.2
MAGHARIBI  B,2019,3,325.0373376623377,95.2
MAGHARIBI  B,2019,4,325.0373376623377,95.2
MAGHARIBI  B,2019,5,325.0373376623377,95.2
MAGHARIBI  B,2019,6,325.0373376623377,95.2
MAGHARIBI  B,2019,7,325.0373376623377,95.2
MAGHARIBI  B,2019,8,325.0373376623377,95.2
MAGHARIBI  B,2019,9,325.0373376623377,95.2
MAGHARIBI  B,2019,10,325.0373376623377,95.2
MAGHARIBI  B,2019,11,325.0373376623377,95.2
MAGHARIBI  B,2019,12,325.0373376623377,95.2
MAGHARIBI  B,2019,13,325.0373376623377,95.2
MAGHARIBI  B,2019,14,325.0373376623377,95.2
MAGHARIBI  B,2019,15,325.0373376623377,95.2
MAGHARIBI  B,2019,16,325.0373376623377,95.2
MAGHARIBI  B,2019,17,325.0373376623377,95.2
MAGHARIBI  B,2019,18,325.0373376623377,95.2
MAGHARIBI  B,2019,19,325.0373376623377,95.2
MAGHARIBI  B,2019,20,325.0373376623377,95.2
MAGHARIBI  B,2019,21,325.0373376623377,95.2
MAGHARIBI  B,2019,22,325.0373376623377,95.2
MAGHARIBI  B,2019,23,325.0373376623377,95.2
MAGHARIBI  B,2019,24,325.0373376623377,95.2
MAGHARIBI  B,2019,25,325.0373376623377,95.2
MAGHARIBI  B,2019,26,325.0373376623377,95.2
MAGHARIBI  B,2019,27,325.0373376623377,95.2
MAGHARIBI  B,2019,28,325.0373376623377,95.2
MAGHARIBI  B,2019,29,325.0373376623377,95.2
MAGHARIBI  B,2019,30,325.0373376623377,95.2
MAGHARIBI  B,2019,31,325.0373376623377,95.2
MAGHARIBI  B,2019,32,325.0373376623377,95.2
MAGHARIBI  B,2019,33,325.0373376623377,95.2
MAGHARIBI  B,2019,34,325.0373376623377,95.2
MAGHARIBI  B,2019,35,325.0373376623377,95.2
MAGHARIBI  B,2019,36,325.0373376623377,95.2
MAGHARIBI  B,2019,37,325.0373376623377,95.2
MAGHARIBI  B,2019,38,325.0373376623377,95.2
MAGHARIBI  B,2019,39,325.0373376623377,95.2
MAGHARIBI  B,2019,40,325.0373376623377,95.2
MAGHARIBI  B,2019,41,325.0373376623377,95.2
MAGHARIBI  B,2019,42,325.0373376623377,95.2
MAGHARIBI  B,2019,43,325.0373376623377,95.2
MAGHARIBI  B,2019,44,325.0373376623377,95.2
MAGHARIBI  B,2019,45,325.0373376623377,95.2
MAGHARIBI  B,2019,46,325.0373376623377,95.2
MAGHARIBI  B,2019,47,325.0373376623377,95.2
MAGHARIBI  B,2019,48,325.0373376623377,95.2
MAGHARIBI  B,2019,49,325.0373376623377,95.2
MAGHARIBI  B,2019,50,325.0373376623377,95.2
MAGHARIBI  B,2019,51,325.0373376623377,95.2
MAGHARIBI  B,2019,52,325.0373376623377,95.2
MAGHARIBI  B,2020,1,,96.9
MAGHARIBI  B,2020,2,661.8977272727273,96.9
MAGHARIBI  B,2020,3,661.8977272727273,96.9
MAGHARIBI  B,2020,4,661.8977272727273,96.9
MAGHARIBI  B,2020,5,661.8977272727273,96.9
MAGHARIBI  B,2020,6,661.8977272727273,96.9
MAGHARIBI  B,2020,7,661.8977272727273,96.9
MAGHARIBI  B,2020,8,661.8977272727273,96.9
MAGHARIBI  B,2020,9,517.3587662337662,96.9
MAGHARIBI  B,2020,10,517.3587662337662,96.9
MAGHARIBI  B,2020,11,517.3587662337662,96.9
MAGHARIBI  B,2020,12,517.3587662337662,96.9
MAGHARIBI  B,2020,13,517.3587662337662,96.9
MAGHARIBI  B,2020,14,517.3587662337662,96.9
MAGHARIBI  B,2020,15,517.3587662337662,96.9
MAGHARIBI  B,2020,16,517.3587662337662,96.9
MAGHARIBI  B,2020,17,517.3587662337662,96.9
MAGHARIBI  B,2020,18,517.3587662337662,96.9
MAGHARIBI  B,2020,19,517.3587662337662,96.9
MAGHARIBI  B,2020,20,517.3587662337662,96.9
MAGHARIBI  B,2020,21,517.3587662337662,96.9
MAGHARIBI  B,2020,22,517.3587662337662,96.9
MAGHARIBI  B,2020,23,517.3587662337662,96.9
MAGHARIBI  B,2020,24,517.3587662337662,96.9
MAGHARIBI  B,2020,25,517.3587662337662,96.9
MAGHARIBI  B,2020,26,517.3587662337662,96.9
MAGHARIBI  B,2020,27,517.3587662337662,96.9
MAGHARIBI  B,2020,28,517.3587662337662,96.9
MAGHARIBI  B,2020,29,517.3587662337662,96.9
MAGHARIBI  B,2020,30,517.3587662337662,96.9
MAGHARIBI  B,2020,31,517.3587662337662,96.9
MAGHARIBI  B,2020,32,517.3587662337662,96.9
MAGHARIBI  B,2020,33,517.3587662337662,96.9
MAGHARIBI  B,2020,34,517.3587662337662,96.9
MAGHARIBI  B,2020,35,517.3587662337662,96.9
MAGHARIBI  B,2020,36,517.3587662337662,96.9
MAGHARIBI  B,2020,37,517.3587662337662,96.9
MAGHARIBI  B,2020,38,517.3587662337662,96.9
MAGHARIBI  B,2020,39,517.3587662337662,96.9
MAGHARIBI  B,2020,40,517.3587662337662,96.9
MAGHARIBI  B,2020,41,517.3587662337662,96.9
MAGHARIBI  B,2020,42,517.3587662337662,96.9
MAGHARIBI  B,2020,43,517.3587662337662,96.9
MAGHARIBI  B,2020,44,517.3587662337662,96.9
MAGHARIBI  B,2020,45,517.3587662337662,96.9
MAGHARIBI  B,2020,46,517.3587662337662,96.9
MAGHARIBI  B,2020,47,517.3587662337662,96.9
MAGHARIBI  B,2020,48,517.3587662337662,96.9
MAGHARIBI  B,2020,49,517.3587662337662,96.9
MAGHARIBI  B,2020,50,517.3587662337662,96.9
MAGHARIBI  B,2020,51,517.3587662337662,96.9
MAGHARIBI  B,2020,52,517.3587662337662,96.9
MAGHARIBI  B,2020,53,517.3587662337662,
MAGHARIBI  B,2021,1,1230.2353896103896,94.7
MAGHARIBI  B,2021,2,1230.2353896103896,94.7
MAGHARIBI  B,2021,3,1230.2353896103896,94.7
MAGHARIBI  B,2021,4,1230.2353896103896,94.7
MAGHARIBI  B,2021,5,1230.2353896103896,94.7
MAGHARIBI  B,2021,6,1230.2353896103896,94.7
MAGHARIBI  B,2021,7,1230.2353896103896,94.7
MAGHARIBI  B,2021,8,1230.2353896103896,94.7
MAGHARIBI  B,2021,9,1049.737012987013,94.7
MAGHARIBI  B,2021,10,1049.737012987013,94.7
MAGHARIBI  B,2021,11,1049.737012987013,94.7
MAGHARIBI  B,2021,12,1049.737012987013,94.7
MAGHARIBI  B,2021,13,1049.737012987013,94.7
MAGHARIBI  B,2021,14,1049.737012987013,94.7
MAGHARIBI  B,2021,15,1049.737012987013,94.7
MAGHARIBI  B,2021,16,1049.737012987013,94.7
MAGHARIBI  B,2021,17,1049.737012987013,94.7
MAGHARIBI  B,2021,18,1049.737012987013,94.7
MAGHARIBI  B,2021,19,1049.737012987013,94.7
MAGHARIBI  B,2021,20,1049.737012987013,94.7
MAGHARIBI  B,2021,21,1049.737012987013,94.7
MAGHARIBI  B,2021,22,1049.737012987013,94.7
MAGHARIBI  B,2021,23,1049.737012987013,94.7
MAGHARIBI  B,2021,24,1049.737012987013,94.7
MAGHARIBI  B,2021,25,1049.737012987013,94.7
MAGHARIBI  B,2021,26,1049.737012987013,94.7
MAGHARIBI  B,2021,27,1049.737012987013,94.7
MAGHARIBI  B,2021,28,1049.737012987013,94.7
MAGHARIBI  B,2021,29,1049.737012987013,94.7
MAGHARIBI  B,2021,30,1049.737012987013,94.7
MAGHARIBI  B,2021,31,1049.737012987013,94.7
MAGHARIBI  B,2021,32,1049.737012987013,94.7
MAGHARIBI  B,2021,33,1049.737012987013,94.7
MAGHARIBI  B,2021,34,1049.737012987013,94.7
MAGHARIBI  B,2021,35,1049.737012987013,94.7
MAGHARIBI  B,2021,36,1049.737012987013,94.7
MAGHARIBI  B,2021,37,1049.737012987013,94.7
MAGHARIBI  B,2021,38,1049.737012987013,94.7
MAGHARIBI  B,2021,39,1049.737012987013,94.7
MAGHARIBI  B,2021,40,1049.737012987013,94.7
MAGHARIBI  B,2021,41,1049.737012987013,94.7
MAGHARIBI  B,2021,42,1049.737012987013,94.7
MAGHARIBI  B,2021,43,1049.737012987013,94.7
MAGHARIBI  B,2021,44,1049.737012987013,94.7
MAGHARIBI  B,2021,45,1049.737012987013,94.7
MAGHARIBI  B,2021,46,1049.737012987013,94.7
MAGHARIBI  B,2021,47,1049.737012987013,94.7
MAGHARIBI  B,2021,48,1049.737012987013,94.7
MAGHARIBI  B,2021,49,1049.737012987013,94.7
MAGHARIBI  B,2021,50,1049.737012987013,94.7
MAGHARIBI  B,2021,51,1049.737012987013,94.7
MAGHARIBI  B,2021,52,1049.737012987013,94.7
MAGHARIBI  B,2022,1,1049.737012987013,97.8
MAGHARIBI  B,2022,2,1049.737012987013,97.8
MAGHARIBI  B,2022,3,1049.737012987013,97.8
MAGHARIBI  B,2022,4,1049.737012987013,97.8
MAGHARIBI  B,2022,5,1049.737012987013,97.8
MAGHARIBI  B,2022,6,1049.737012987013,97.8
MAGHARIBI  B,2022,7,1049.737012987013,97.8
MAGHARIBI  B,2022,8,1049.737012987013,97.8
MAGHARIBI  B,2022,9,712.8766233766233,97.8
MAGHARIBI  B,2022,10,712.8766233766233,97.8
MAGHARIBI  B,2022,11,712.8766233766233,97.8
MAGHARIBI  B,2022,12,712.8766233766233,97.8
MAGHARIBI  B,2022,13,712.8766233766233,97.8
MAGHARIBI  B,2022,14,712.8766233766233,97.8
MAGHARIBI  B,2022,15,712.8766233766233,97.8
MAGHARIBI  B,2022,16,712.8766233766233,97.8
MAGHARIBI  B,2022,17,712.8766233766233,97.8
MAGHARIBI  B,2022,18,712.8766233766233,97.8
MAGHARIBI  B,2022,19,712.8766233766233,97.8
MAGHARIBI  B,2022,20,712.8766233766233,97.8
MAGHARIBI  B,2022,21,712.8766233766233,97.8
MAGHARIBI  B,2022,22,712.8766233766233,97.8
MAGHARIBI  B,2022,23,712.8766233766233,97.8
MAGHARIBI  B,2022,24,712.8766233766233,97.8
MAGHARIBI  B,2022,25,712.8766233766233,97.8
MAGHARIBI  B,2022,26,712.8766233766233,97.8
MAGHARIBI  B,2022,27,712.8766233766233,97.8
MAGHARIBI  B,2022,28,712.8766233766233,97.8
MAGHARIBI  B,2022,29,712.8766233766233,97.8
MAGHARIBI  B,2022,30,712.8766233766233,97.8
MAGHARIBI  B,2022,31,712.8766233766233,97.8
MAGHARIBI  B,2022,32,712.8766233766233,97.8
MAGHARIBI  B,2022,33,712.8766233766233,97.8
MAGHARIBI  B,2022,34,712.8766233766233,97.8
MAGHARIBI  B,2022,35,712.8766233766233,97.8
MAGHARIBI  B,2022,36,712.8766233766233,97.8
MAGHARIBI  B,2022,37,712.8766233766233,97.8
MAGHARIBI  B,2022,38,712.8766233766233,97.8
MAGHARIBI  B,2022,39,712.8766233766233,97.8
MAGHARIBI  B,2022,40,712.8766233766233,97.8
MAGHARIBI  B,2022,41,712.8766233766233,97.8
MAGHARIBI  B,2022,42,712.8766233766233,97.8
MAGHARIBI  B,2022,43,712.8766233766233,97.8
MAGHARIBI  B,2022,44,712.8766233766233,97.8
MAGHARIBI  B,2022,45,712.8766233766233,97.8
MAGHARIBI  B,2022,46,712.8766233766233,97.8
MAGHARIBI  B,2022,47,712.8766233766233,97.8
MAGHARIBI  B,2022,48,712.8766233766233,97.8
MAGHARIBI  B,2022,49,712.8766233766233,97.8
MAGHARIBI  B,2022,50,712.8766233766233,97.8
MAGHARIBI  B,2022,51,712.8766233766233,97.8
MAGHARIBI  B,2022,52,712.8766233766233,97.8
MAGHARIBI  B,2023,1,914.1753246753246,94.0
MAGHARIBI  B,2023,2,914.1753246753246,94.0
MAGHARIBI  B,2023,3,914.1753246753246,94.0
MAGHARIBI  B,2023,4,914.1753246753246,94.0
MAGHARIBI  B,2023,5,914.1753246753246,94.0
MAGHARIBI  B,2023,6,914.1753246753246,94.0
MAGHARIBI  B,2023,7,914.1753246753246,94.0
MAGHARIBI  B,2023,8,914.1753246753246,94.0
MAGHARIBI  B,2023,9,201.2987012987013,94.0
MAGHARIBI  B,2023,10,201.2987012987013,94.0
MAGHARIBI  B,2023,11,201.2987012987013,94.0
MAGHARIBI  B,2023,12,201.2987012987013,94.0
MAGHARIBI  B,2023,13,201.2987012987013,94.0
MAGHARIBI  B,2023,14,201.2987012987013,94.0
MAGHARIBI  B,2023,15,201.2987012987013,94.0
MAGHARIBI  B,2023,16,201.2987012987013,94.0
MAGHARIBI  B,2023,17,201.2987012987013,94.0
MAGHARIBI  B,2023,18,201.2987012987013,94.0
MAGHARIBI  B,2023,19,201.2987012987013,94.0
MAGHARIBI  B,2023,20,201.2987012987013,94.0
MAGHARIBI  B,2023,21,201.2987012987013,94.0
MAGHARIBI  B,2023,22,201.2987012987013,94.0
MAGHARIBI  B,2023,23,201.2987012987013,94.0
MAGHARIBI  B,2023,24,201.2987012987013,94.0
MAGHARIBI  B,2023,25,201.2987012987013,94.0
MAGHARIBI  B,2023,26,201.2987012987013,94.0
MAGHARIBI  B,2023,27,201.2987012987013,94.0
MAGHARIBI  B,2023,28,201.2987012987013,94.0
MAGHARIBI  B,2023,29,201.2987012987013,94.0
MAGHARIBI  B,2023,30,201.2987012987013,94.0
MAGHARIBI  B,2023,31,201.2987012987013,94.0
MAGHARIBI  B,2023,32,201.2987012987013,94.0
MAGHARIBI  B,2023,33,201.2987012987013,94.0
MAGHARIBI  B,2023,34,201.2987012987013,94.0
MAGHARIBI  B,2023,35,201.2987012987013,94.0
MAGHARIBI  B,2023,36,201.2987012987013,94.0
MAGHARIBI  B,2023,37,201.2987012987013,94.0
MAGHARIBI  B,2023,38,201.2987012987013,94.0
MAGHARIBI  B,2023,39,201.2987012987013,94.0
MAGHARIBI  B,2023,40,201.2987012987013,94.0
MAGHARIBI  B,2023,41,201.2987012987013,94.0
MAGHARIBI  B,2023,42,201.2987012987013,94.0
MAGHARIBI  B,2023,43,201.2987012987013,94.0
MAGHARIBI  B,2023,44,201.2987012987013,94.0
MAGHARIBI  B,2023,45,201.2987012987013,94.0
MAGHARIBI  B,2023,46,201.2987012987013,94.0
MAGHARIBI  B,2023,47,201.2987012987013,94.0
MAGHARIBI  B,2023,48,201.2987012987013,94.0
MAGHARIBI  B,2023,49,201.2987012987013,94.0
MAGHARIBI  B,2023,50,201.2987012987013,94.0
MAGHARIBI  B,2023,51,201.2987012987013,94.0
MAGHARIBI  B,2023,52,201.2987012987013,94.0
MAGHARIBI  B,2024,1,201.2987012987013,
MAGHARIBI  B,2024,2,201.2987012987013,
MAGHARIBI  B,2024,3,201.2987012987013,
MAGHARIBI  B,2024,4,201.2987012987013,
MAGHARIBI  B,2024,5,201.2987012987013,
MAGHARIBI  B,2024,6,201.2987012987013,
MAGHARIBI  B,2024,7,201.2987012987013,
MAGHARIBI  B,2024,8,201.2987012987013,
MAGHARIBI  B,2024,9,201.2987012987013,
MAGHARIBI  B,2024,10,201.2987012987013,
MAGHARIBI  B,2024,11,201.2987012987013,
MAGHARIBI  B,2024,12,201.2987012987013,
MAGHARIBI  B,2024,13,201.2987012987013,
MAGHARIBI  B,2024,14,201.2987012987013,
MAGHARIBI  B,2024,15,201.2987012987013,
MAGHARIBI  B,2024,16,201.2987012987013,
MAGHARIBI  B,2024,17,201.2987012987013,
MAGHARIBI  B,2024,18,201.2987012987013,
MAGHARIBI  B,2024,19,201.2987012987013,
MAGHARIBI  B,2024,20,201.2987012987013,
MAGHARIBI  B,2024,21,201.2987012987013,
MAGHARIBI  B,2024,22,201.2987012987013,
MAGHARIBI  B,2024,23,201.2987012987013,
MAGHARIBI  B,2024,24,201.2987012987013,
MAGHARIBI  B,2024,25,201.2987012987013,
MAGHARIBI  B,2024,26,201.2987012987013,
MAGHARIBI  B,2024,27,201.2987012987013,
MAGHARIBI  B,2024,28,201.2987012987013,
MAGHARIBI  B,2024,29,201.2987012987013,
MAGHARIBI  B,2024,30,201.2987012987013,
MAGHARIBI  B,2024,31,201.2987012987013,
MAGHARIBI  B,2024,32,201.2987012987013,
MAGHARIBI  B,2024,33,201.2987012987013,
MAGHARIBI  B,2024,34,201.2987012987013,
MAGHARIBI  B,2024,35,201.2987012987013,
MAGHARIBI  B,2024,36,201.2987012987013,
MAGHARIBI  B,2024,37,201.2987012987013,
MAGHARIBI  B,2024,38,201.2987012987013,
MAGHARIBI  B,2024,39,201.2987012987013,
MAGHARIBI  B,2024,40,201.2987012987013,
MAGHARIBI  B,2024,41,201.2987012987013,
MAGHARIBI  B,2024,42,201.2987012987013,
MAGHARIBI  B,2024,43,201.2987012987013,
MAGHARIBI  B,2024,44,201.2987012987013,
MAGHARIBI  B,2024,45,201.2987012987013,
MAGHARIBI  B,2024,46,201.2987012987013,
MAGHARIBI  B,2024,47,201.2987012987013,
MAGHARIBI  B,2024,48,201.2987012987013,
MAGHARIBI  B,2024,49,201.2987012987013,
MAGHARIBI  B,2024,50,201.2987012987013,
MAGHARIBI  B,2024,51,201.2987012987013,
MAGHARIBI  B,2024,52,201.2987012987013,
MICHEWENI,2018,1,144.53896103896102,95.0
MICHEWENI,2018,2,144.53896103896102,95.0
MICHEWENI,2018,3,144.53896103896102,95.0
MICHEWENI,2018,4,144.53896103896102,95.0
MICHEWENI,2018,5,144.53896103896102,95.0
MICHEWENI,2018,6,144.53896103896102,95.0
MICHEWENI,2018,7,144.53896103896102,95.0
MICHEWENI,2018,8,144.53896103896102,95.0
MICHEWENI,2018,9,144.53896103896102,95.0
MICHEWENI,2018,10,144.53896103896102,95.0
MICHEWENI,2018,11,144.53896103896102,95.0
MICHEWENI,2018,12,144.53896103896102,95.0
MICHEWENI,2018,13,144.53896103896102,95.0
MICHEWENI,2018,14,144.53896103896102,95.0
MICHEWENI,2018,15,144.53896103896102,95.0
MICHEWENI,2018,16,144.53896103896102,95.0
MICHEWENI,2018,17,144.53896103896102,95.0
MICHEWENI,2018,18,144.53896103896102,95.0
MICHEWENI,2018,19,144.53896103896102,95.0
MICHEWENI,2018,20,144.53896103896102,95.0
MICHEWENI,2018,21,144.53896103896102,95.0
MICHEWENI,2018,22,144.53896103896102,95.0
MICHEWENI,2018,23,144.53896103896102,95.0
MICHEWENI,2018,24,144.53896103896102,95.0
MICHEWENI,2018,25,144.53896103896102,95.0
MICHEWENI,2018,26,144.53896103896102,95.0
MICHEWENI,2018,27,144.53896103896102,95.0
MICHEWENI,2018,28,144.53896103896102,95.0
MICHEWENI,2018,29,144.53896103896102,95.0
MICHEWENI,2018,30,144.53896103896102,95.0
MICHEWENI,2018,31,144.53896103896102,95.0
MICHEWENI,2018,32,144.53896103896102,95.0
MICHEWENI,2018,33,144.53896103896102,95.0
MICHEWENI,2018,34,144.53896103896102,95.0
MICHEWENI,2018,35,144.53896103896102,95.0
MICHEWENI,2018,36,144.53896103896102,95.0
MICHEWENI,2018,37,144.53896103896102,95.0
MICHEWENI,2018,38,144.53896103896102,95.0
MICHEWENI,2018,39,144.53896103896102,95.0
MICHEWENI,2018,40,144.53896103896102,95.0
MICHEWENI,2018,41,144.53896103896102,95.0
MICHEWENI,2018,42,144.53896103896102,95.0
MICHEWENI,2018,43,144.53896103896102,95.0
MICHEWENI,2018,44,144.53896103896102,95.0
MICHEWENI,2018,45,144.53896103896102,95.0
MICHEWENI,2018,46,144.53896103896102,95.0
MICHEWENI,2018,47,144.53896103896102,95.0
MICHEWENI,2018,48,144.53896103896102,95.0
MICHEWENI,2018,49,144.53896103896102,95.0
MICHEWENI,2018,50,144.53896103896102,95.0
MICHEWENI,2018,51,144.53896103896102,95.0
MICHEWENI,2018,52,144.53896103896102,95.0
MICHEWENI,2019,1,325.0373376623377,95.2
MICHEWENI,2019,2,325.0373376623377,95.2
MICHEWENI,2019,3,325.0373376623377,95.2
MICHEWENI,2019,4,325.0373376623377,95.2
MICHEWENI,2019,5,325.0373376623377,95.2
MICHEWENI,2019,6,325.0373376623377,95.2
MICHEWENI,2019,7,325.0373376623377,95.2
MICHEWENI,2019,8,325.0373376623377,95.2
MICHEWENI,2019,9,325.0373376623377,95.2
MICHEWENI,2019,10,325.0373376623377,95.2
MICHEWENI,2019,11,325.0373376623377,95.2
MICHEWENI,2019,12,325.0373376623377,95.2
MICHEWENI,2019,13,325.0373376623377,95.2
MICHEWENI,2019,14,325.0373376623377,95.2
MICHEWENI,2019,15,325.0373376623377,95.2
MICHEWENI,2019,16,325.0373376623377,95.2
MICHEWENI,2019,17,325.0373376623377,95.2
MICHEWENI,2019,18,325.0373376623377,95.2
MICHEWENI,2019,19,325.0373376623377,95.2
MICHEWENI,2019,20,325.0373376623377,95.2
MICHEWENI,2019,21,325.0373376623377,95.2
MICHEWENI,2019,22,325.0373376623377,95.2
MICHEWENI,2019,23,325.0373376623377,95.2
MICHEWENI,2019,24,325.0373376623377,95.2
MICHEWENI,2019,25,325.0373376623377,95.2
MICHEWENI,2019,26,325.0373376623377,95.2
MICHEWENI,2019,27,325.0373376623377,95.2
MICHEWENI,2019,28,325.0373376623377,95.2
MICHEWENI,2019,29,325.0373376623377,95.2
MICHEWENI,2019,30,325.0373376623377,95.2
MICHEWENI,2019,31,325.0373376623377,95.2
MICHEWENI,2019,32,325.0373376623377,95.2
MICHEWENI,2019,33,325.0373376623377,95.2
MICHEWENI,2019,34,325.0373376623377,95.2
MICHEWENI,2019,35,325.0373376623377,95.2
MICHEWENI,2019,36,325.0373376623377,95.2
MICHEWENI,2019,37,325.0373376623377,95.2
MICHEWENI,2019,38,325.0373376623377,95.2
MICHEWENI,2019,39,325.0373376623377,95.2
MICHEWENI,2019,40,325.0373376623377,95.2
MICHEWENI,2019,41,325.0373376623377,95.2
MICHEWENI,2019,42,325.0373376623377,95.2
MICHEWENI,2019,43,325.0373376623377,95.2
MICHEWENI,2019,44,325.0373376623377,95.2
MICHEWENI,2019,45,325.0373376623377,95.2
MICHEWENI,2019,46,325.0373376623377,95.2
MICHEWENI,2019,47,325.0373376623377,95.2
MICHEWENI,2019,48,325.0373376623377,95.2
MICHEWENI,2019,49,325.0373376623377,95.2
MICHEWENI,2019,50,325.0373376623377,95.2
MICHEWENI,2019,51,325.0373376623377,95.2
MICHEWENI,2019,52,325.0373376623377,95.2
MICHEWENI,2020,1,,96.9
MICHEWENI,2020,2,661.8977272727273,96.9
MICHEWENI,2020,3,661.8977272727273,96.9
MICHEWENI,2020,4,661.8977272727273,96.9
MICHEWENI,2020,5,661.8977272727273,96.9
MICHEWENI,2020,6,661.8977272727273,96.9
MICHEWENI,2020,7,661.8977272727273,96.9
MICHEWENI,2020,8,661.8977272727273,96.9
MICHEWENI,2020,9,517.3587662337662,96.9
MICHEWENI,2020,10,517.3587662337662,96.9
MICHEWENI,2020,11,517.3587662337662,96.9
MICHEWENI,2020,12,517.3587662337662,96.9
MICHEWENI,2020,13,517.3587662337662,96.9
MICHEWENI,2020,14,517.3587662337662,96.9
MICHEWENI,2020,15,517.3587662337662,96.9
MICHEWENI,2020,16,517.3587662337662,96.9
MICHEWENI,2020,17,517.3587662337662,96.9
MICHEWENI,2020,18,517.3587662337662,96.9
MICHEWENI,2020,19,517.3587662337662,96.9
MICHEWENI,2020,20,517.3587662337662,96.9
MICHEWENI,2020,21,517.3587662337662,96.9
MICHEWENI,2020,22,517.3587662337662,96.9
MICHEWENI,2020,23,517.3587662337662,96.9
MICHEWENI,2020,24,517.3587662337662,96.9
MICHEWENI,2020,25,517.3587662337662,96.9
MICHEWENI,2020,26,517.3587662337662,96.9
MICHEWENI,2020,27,517.3587662337662,96.9
MICHEWENI,2020,28,517.3587662337662,96.9
MICHEWENI,2020,29,517.3587662337662,96.9
MICHEWENI,2020,30,517.3587662337662,96.9
MICHEWENI,2020,31,517.3587662337662,96.9
MICHEWENI,2020,32,517.3587662337662,96.9
MICHEWENI,2020,33,517.3587662337662,96.9
MICHEWENI,2020,34,517.3587662337662,96.9
MICHEWENI,2020,35,517.3587662337662,96.9
MICHEWENI,2020,36,517.3587662337662,96.9
MICHEWENI,2020,37,517.3587662337662,96.9
MICHEWENI,2020,38,517.3587662337662,96.9
MICHEWENI,2020,39,517.3587662337662,96.9
MICHEWENI,2020,40,517.3587662337662,96.9
MICHEWENI,2020,41,517.3587662337662,96.9
MICHEWENI,2020,42,517.3587662337662,96.9
MICHEWENI,2020,43,517.3587662337662,96.9
MICHEWENI,2020,44,517.3587662337662,96.9
MICHEWENI,2020,45,517.3587662337662,96.9
MICHEWENI,2020,46,517.3587662337662,96.9
MICHEWENI,2020,47,517.3587662337662,96.9
MICHEWENI,2020,48,517.3587662337662,96.9
MICHEWENI,2020,49,517.3587662337662,96.9
MICHEWENI,2020,50,517.3587662337662,96.9
MICHEWENI,2020,51,517.3587662337662,96.9
MICHEWENI,2020,52,517.3587662337662,96.9
MICHEWENI,2020,53,517.3587662337662,
MICHEWENI,2021,1,1230.2353896103896,94.7
MICHEWENI,2021,2,1230.2353896103896,94.7
MICHEWENI,2021,3,1230.2353896103896,94.7
MICHEWENI,2021,4,1230.2353896103896,94.7
MICHEWENI,2021,5,1230.2353896103896,94.7
MICHEWENI,2021,6,1230.2353896103896,94.7
MICHEWENI,2021,7,1230.2353896103896,94.7
MICHEWENI,2021,8,1230.2353896103896,94.7
MICHEWENI,2021,9,1049.737012987013,94.7
MICHEWENI,2021,10,1049.737012987013,94.7
MICHEWENI,2021,11,1049.737012987013,94.7
MICHEWENI,2021,12,1049.737012987013,94.7
MICHEWENI,2021,13,1049.737012987013,94.7
MICHEWENI,2021,14,1049.737012987013,94.7
MICHEWENI,2021,15,1049.737012987013,94.7
MICHEWENI,2021,16,1049.737012987013,94.7
MICHEWENI,2021,17,1049.737012987013,94.7
MICHEWENI,2021,18,1049.737012987013,94.7
MICHEWENI,2021,19,1049.737012987013,94.7
MICHEWENI,2021,20,1049.737012987013,94.7
MICHEWENI,2021,21,1049.737012987013,94.7
MICHEWENI,2021,22,1049.737012987013,94.7
MICHEWENI,2021,23,1049.737012987013,94.7
MICHEWENI,2021,24,1049.737012987013,94.7
MICHEWENI,2021,25,1049.737012987013,94.7
MICHEWENI,2021,26,1049.737012987013,94.7
MICHEWENI,2021,27,1049.737012987013,94.7
MICHEWENI,2021,28,1049.737012987013,94.7
MICHEWENI,2021,29,1049.737012987013,94.7
MICHEWENI,2021,30,1049.737012987013,94.7
MICHEWENI,2021,31,1049.737012987013,94.7
MICHEWENI,2021,32,1049.737012987013,94.7
MICHEWENI,2021,33,1049.737012987013,94.7
MICHEWENI,2021,34,1049.737012987013,94.7
MICHEWENI,2021,35,1049.737012987013,94.7
MICHEWENI,2021,36,1049.737012987013,94.7
MICHEWENI,2021,37,1049.737012987013,94.7
MICHEWENI,2021,38,1049.737012987013,94.7
MICHEWENI,2021,39,1049.737012987013,94.7
MICHEWENI,2021,40,1049.737012987013,94.7
MICHEWENI,2021,41,1049.737012987013,94.7
MICHEWENI,2021,42,1049.737012987013,94.7
MICHEWENI,2021,43,1049.737012987013,94.7
MICHEWENI,2021,44,1049.737012987013,94.7
MICHEWENI,2021,45,1049.737012987013,94.7
MICHEWENI,2021,46,1049.737012987013,94.7
MICHEWENI,2021,47,1049.737012987013,94.7
MICHEWENI,2021,48,1049.737012987013,94.7
MICHEWENI,2021,49,1049.737012987013,94.7
MICHEWENI,2021,50,1049.737012987013,94.7
MICHEWENI,2021,51,1049.737012987013,94.7
MICHEWENI,2021,52,1049.737012987013,94.7
MICHEWENI,2022,1,1049.737012987013,97.8
MICHEWENI,2022,2,1049.737012987013,97.8
MICHEWENI,2022,3,1049.737012987013,97.8
MICHEWENI,2022,4,1049.737012987013,97.8
MICHEWENI,2022,5,1049.737012987013,97.8
MICHEWENI,2022,6,1049.737012987013,97.8
MICHEWENI,2022,7,1049.737012987013,97.8
MICHEWENI,2022,8,1049.737012987013,97.8
MICHEWENI,2022,9,712.8766233766233,97.8
MICHEWENI,2022,10,712.8766233766233,97.8
MICHEWENI,2022,11,712.8766233766233,97.8
MICHEWENI,2022,12,712.8766233766233,97.8
MICHEWENI,2022,13,712.8766233766233,97.8
MICHEWENI,2022,14,712.8766233766233,97.8
MICHEWENI,2022,15,712.8766233766233,97.8
MICHEWENI,2022,16,712.8766233766233,97.8
MICHEWENI,2022,17,712.8766233766233,97.8
MICHEWENI,2022,18,712.8766233766233,97.8
MICHEWENI,2022,19,712.8766233766233,97.8
MICHEWENI,2022,20,712.8766233766233,97.8
MICHEWENI,2022,21,712.8766233766233,97.8
MICHEWENI,2022,22,712.8766233766233,97.8
MICHEWENI,2022,23,712.8766233766233,97.8
MICHEWENI,2022,24,712.8766233766233,97.8
MICHEWENI,2022,25,712.8766233766233,97.8
MICHEWENI,2022,26,712.8766233766233,97.8
MICHEWENI,2022,27,712.8766233766233,97.8
MICHEWENI,2022,28,712.8766233766233,97.8
MICHEWENI,2022,29,712.8766233766233,97.8
MICHEWENI,2022,30,712.8766233766233,97.8
MICHEWENI,2022,31,712.8766233766233,97.8
MICHEWENI,2022,32,712.8766233766233,97.8
MICHEWENI,2022,33,712.8766233766233,97.8
MICHEWENI,2022,34,712.8766233766233,97.8
MICHEWENI,2022,35,712.8766233766233,97.8
MICHEWENI,2022,36,712.8766233766233,97.8
MICHEWENI,2022,37,712.8766233766233,97.8
MICHEWENI,2022,38,712.8766233766233,97.8
MICHEWENI,2022,39,712.8766233766233,97.8
MICHEWENI,2022,40,712.8766233766233,97.8
MICHEWENI,2022,41,712.8766233766233,97.8
MICHEWENI,2022,42,712.8766233766233,97.8
MICHEWENI,2022,43,712.8766233766233,97.8
MICHEWENI,2022,44,712.8766233766233,97.8
MICHEWENI,2022,45,712.8766233766233,97.8
MICHEWENI,2022,46,712.8766233766233,97.8
MICHEWENI,2022,47,712.8766233766233,97.8
MICHEWENI,2022,48,712.8766233766233,97.8
MICHEWENI,2022,49,712.8766233766233,97.8
MICHEWENI,2022,50,712.8766233766233,97.8
MICHEWENI,2022,51,712.8766233766233,97.8
MICHEWENI,2022,52,712.8766233766233,97.8
MICHEWENI,2023,1,914.1753246753246,94.0
MICHEWENI,2023,2,914.1753246753246,94.0
MICHEWENI,2023,3,914.1753246753246,94.0
MICHEWENI,2023,4,914.1753246753246,94.0
MICHEWENI,2023,5,914.1753246753246,94.0
MICHEWENI,2023,6,914.1753246753246,94.0
MICHEWENI,2023,7,914.1753246753246,94.0
MICHEWENI,2023,8,914.1753246753246,94.0
MICHEWENI,2023,9,201.2987012987013,94.0
MICHEWENI,2023,10,201.2987012987013,94.0
MICHEWENI,2023,11,201.2987012987013,94.0
MICHEWENI,2023,12,201.2987012987013,94.0
MICHEWENI,2023,13,201.2987012987013,94.0
MICHEWENI,2023,14,201.2987012987013,94.0
MICHEWENI,2023,15,201.2987012987013,94.0
MICHEWENI,2023,16,201.2987012987013,94.0
MICHEWENI,2023,17,201.2987012987013,94.0
MICHEWENI,2023,18,201.2987012987013,94.0
MICHEWENI,2023,19,201.2987012987013,94.0
MICHEWENI,2023,20,201.2987012987013,94.0
MICHEWENI,2023,21,201.2987012987013,94.0
MICHEWENI,2023,22,201.2987012987013,94.0
MICHEWENI,2023,23,201.2987012987013,94.0
MICHEWENI,2023,24,201.2987012987013,94.0
MICHEWENI,2023,25,201.2987012987013,94.0
MICHEWENI,2023,26,201.2987012987013,94.0
MICHEWENI,2023,27,201.2987012987013,94.0
MICHEWENI,2023,28,201.2987012987013,94.0
MICHEWENI,2023,29,201.2987012987013,94.0
MICHEWENI,2023,30,201.2987012987013,94.0
MICHEWENI,2023,31,201.2987012987013,94.0
MICHEWENI,2023,32,201.2987012987013,94.0
MICHEWENI,2023,33,201.2987012987013,94.0
MICHEWENI,2023,34,201.2987012987013,94.0
MICHEWENI,2023,35,201.2987012987013,94.0
MICHEWENI,2023,36,201.2987012987013,94.0
MICHEWENI,2023,37,201.2987012987013,94.0
MICHEWENI,2023,38,201.2987012987013,94.0
MICHEWENI,2023,39,201.2987012987013,94.0
MICHEWENI,2023,40,201.2987012987013,94.0
MICHEWENI,2023,41,201.2987012987013,94.0
MICHEWENI,2023,42,201.2987012987013,94.0
MICHEWENI,2023,43,201.2987012987013,94.0
MICHEWENI,2023,44,201.2987012987013,94.0
MICHEWENI,2023,45,201.2987012987013,94.0
MICHEWENI,2023,46,201.2987012987013,94.0
MICHEWENI,2023,47,201.2987012987013,94.0
MICHEWENI,2023,48,201.2987012987013,94.0
MICHEWENI,2023,49,201.2987012987013,94.0
MICHEWENI,2023,50,201.2987012987013,94.0
MICHEWENI,2023,51,201.2987012987013,94.0
MICHEWENI,2023,52,201.2987012987013,94.0
MICHEWENI,2024,1,201.2987012987013,
MICHEWENI,2024,2,201.2987012987013,
MICHEWENI,2024,3,201.2987012987013,
MICHEWENI,2024,4,201.2987012987013,
MICHEWENI,2024,5,201.2987012987013,
MICHEWENI,2024,6,201.2987012987013,
MICHEWENI,2024,7,201.2987012987013,
MICHEWENI,2024,8,201.2987012987013,
MICHEWENI,2024,9,201.2987012987013,
MICHEWENI,2024,10,201.2987012987013,
MICHEWENI,2024,11,201.2987012987013,
MICHEWENI,2024,12,201.2987012987013,
MICHEWENI,2024,13,201.2987012987013,
MICHEWENI,2024,14,201.2987012987013,
MICHEWENI,2024,15,201.2987012987013,
MICHEWENI,2024,16,201.2987012987013,
MICHEWENI,2024,17,201.2987012987013,
MICHEWENI,2024,18,201.2987012987013,
MICHEWENI,2024,19,201.2987012987013,
MICHEWENI,2024,20,201.2987012987013,
MICHEWENI,2024,21,201.2987012987013,
MICHEWENI,2024,22,201.2987012987013,
MICHEWENI,2024,23,201.2987012987013,
MICHEWENI,2024,24,201.2987012987013,
MICHEWENI,2024,25,201.2987012987013,
MICHEWENI,2024,26,201.2987012987013,
MICHEWENI,2024,27,201.2987012987013,
MICHEWENI,2024,28,201.2987012987013,
MICHEWENI,2024,29,201.2987012987013,
MICHEWENI,2024,30,201.2987012987013,
MICHEWENI,2024,31,201.2987012987013,
MICHEWENI,2024,32,201.2987012987013,
MICHEWENI,2024,33,201.2987012987013,
MICHEWENI,2024,34,201.2987012987013,
MICHEWENI,2024,35,201.2987012987013,
MICHEWENI,2024,36,201.2987012987013,
MICHEWENI,2024,37,201.2987012987013,
MICHEWENI,2024,38,201.2987012987013,
MICHEWENI,2024,39,201.2987012987013,
MICHEWENI,2024,40,201.2987012987013,
MICHEWENI,2024,41,201.2987012987013,
MICHEWENI,2024,42,201.2987012987013,
MICHEWENI,2024,43,201.2987012987013,
MICHEWENI,2024,44,201.2987012987013,
MICHEWENI,2024,45,201.2987012987013,
MICHEWENI,2024,46,201.2987012987013,
MICHEWENI,2024,47,201.2987012987013,
MICHEWENI,2024,48,201.2987012987013,
MICHEWENI,2024,49,201.2987012987013,
MICHEWENI,2024,50,201.2987012987013,
MICHEWENI,2024,51,201.2987012987013,
MICHEWENI,2024,52,201.2987012987013,
MJINI,2018,1,144.53896103896102,95.0
MJINI,2018,2,144.53896103896102,95.0
MJINI,2018,3,144.53896103896102,95.0
MJINI,2018,4,144.53896103896102,95.0
MJINI,2018,5,144.53896103896102,95.0
MJINI,2018,6,144.53896103896102,95.0
MJINI,2018,7,144.53896103896102,95.0
MJINI,2018,8,144.53896103896102,95.0
MJINI,2018,9,144.53896103896102,95.0
MJINI,2018,10,144.53896103896102,95.0
MJINI,2018,11,144.53896103896102,95.0
MJINI,2018,12,144.53896103896102,95.0
MJINI,2018,13,144.53896103896102,95.0
MJINI,2018,14,144.53896103896102,95.0
MJINI,2018,15,144.53896103896102,95.0
MJINI,2018,16,144.53896103896102,95.0
MJINI,2018,17,144.53896103896102,95.0
MJINI,2018,18,144.53896103896102,95.0
MJINI,2018,19,144.53896103896102,95.0
MJINI,2018,20,144.53896103896102,95.0
MJINI,2018,21,144.53896103896102,95.0
MJINI,2018,22,144.53896103896102,95.0
MJINI,2018,23,144.53896103896102,95.0
MJINI,2018,24,144.53896103896102,95.0
MJINI,2018,25,144.53896103896102,95.0
MJINI,2018,26,144.53896103896102,95.0
MJINI,2018,27,144.53896103896102,95.0
MJINI,2018,28,144.53896103896102,95.0
MJINI,2018,29,144.53896103896102,95.0
MJINI,2018,30,144.53896103896102,95.0
MJINI,2018,31,144.53896103896102,95.0
MJINI,2018,32,144.53896103896102,95.0
MJINI,2018,33,144.53896103896102,95.0
MJINI,2018,34,144.53896103896102,95.0
MJINI,2018,35,144.53896103896102,95.0
MJINI,2018,36,144.53896103896102,95.0
MJINI,2018,37,144.53896103896102,95.0
MJINI,2018,38,144.53896103896102,95.0
MJINI,2018,39,144.53896103896102,95.0
MJINI,2018,40,144.53896103896102,95.0
MJINI,2018,41,144.53896103896102,95.0
MJINI,2018,42,144.53896103896102,95.0
MJINI,2018,43,144.53896103896102,95.0
MJINI,2018,44,144.53896103896102,95.0
MJINI,2018,45,144.53896103896102,95.0
MJINI,2018,46,144.53896103896102,95.0
MJINI,2018,47,144.53896103896102,95.0
MJINI,2018,48,144.53896103896102,95.0
MJINI,2018,49,144.53896103896102,95.0
MJINI,2018,50,144.53896103896102,95.0
MJINI,2018,51,144.53896103896102,95.0
MJINI,2018,52,144.53896103896102,95.0
MJINI,2019,1,325.0373376623377,95.2
MJINI,2019,2,325.0373376623377,95.2
MJINI,2019,3,325.0373376623377,95.2
MJINI,2019,4,325.0373376623377,95.2
MJINI,2019,5,325.0373376623377,95.2
MJINI,2019,6,325.0373376623377,95.2
MJINI,2019,7,325.0373376623377,95.2
MJINI,2019,8,325.0373376623377,95.2
MJINI,2019,9,325.0373376623377,95.2
MJINI,2019,10,325.0373376623377,95.2
MJINI,2019,11,325.0373376623377,95.2
MJINI,2019,12,325.0373376623377,95.2
MJINI,2019,13,325.0373376623377,95.2
MJINI,2019,14,325.0373376623377,95.2
MJINI,2019,15,325.0373376623377,95.2
MJINI,2019,16,325.0373376623377,95.2
MJINI,2019,17,325.0373376623377,95.2
MJINI,2019,18,325.0373376623377,95.2
MJINI,2019,19,325.0373376623377,95.2
MJINI,2019,20,325.0373376623377,95.2
MJINI,2019,21,325.0373376623377,95.2
MJINI,2019,22,325.0373376623377,95.2
MJINI,2019,23,325.0373376623377,95.2
MJINI,2019,24,325.0373376623377,95.2
MJINI,2019,25,325.0373376623377,95.2
MJINI,2019,26,325.0373376623377,95.2
MJINI,2019,27,325.0373376623377,95.2
MJINI,2019,28,325.0373376623377,95.2
MJINI,2019,29,325.0373376623377,95.2
MJINI,2019,30,325.0373376623377,95.2
MJINI,2019,31,325.0373376623377,95.2
MJINI,2019,32,325.0373376623377,95.2
MJINI,2019,33,325.0373376623377,95.2
MJINI,2019,34,325.0373376623377,95.2
MJINI,2019,35,325.0373376623377,95.2
MJINI,2019,36,325.0373376623377,95.2
MJINI,2019,37,325.0373376623377,95.2
MJINI,2019,38,325.0373376623377,95.2
MJINI,2019,39,325.0373376623377,95.2
MJINI,2019,40,325.0373376623377,95.2
MJINI,2019,41,325.0373376623377,95.2
MJINI,2019,42,325.0373376623377,95.2
MJINI,2019,43,325.0373376623377,95.2
MJINI,2019,44,325.0373376623377,95.2
MJINI,2019,45,325.0373376623377,95.2
MJINI,2019,46,325.0373376623377,95.2
MJINI,2019,47,325.0373376623377,95.2
MJINI,2019,48,325.0373376623377,95.2
MJINI,2019,49,325.0373376623377,95.2
MJINI,2019,50,325.0373376623377,95.2
MJINI,2019,51,325.0373376623377,95.2
MJINI,2019,52,325.0373376623377,95.2
MJINI,2020,1,,96.9
MJINI,2020,2,661.8977272727273,96.9
MJINI,2020,3,661.8977272727273,96.9
MJINI,2020,4,661.8977272727273,96.9
MJINI,2020,5,661.8977272727273,96.9
MJINI,2020,6,661.8977272727273,96.9
MJINI,2020,7,661.8977272727273,96.9
MJINI,2020,8,661.8977272727273,96.9
MJINI,2020,9,517.3587662337662,96.9
MJINI,2020,10,517.3587662337662,96.9
MJINI,2020,11,517.3587662337662,96.9
MJINI,2020,12,517.3587662337662,96.9
MJINI,2020,13,517.3587662337662,96.9
MJINI,2020,14,517.3587662337662,96.9
MJINI,2020,15,517.3587662337662,96.9
MJINI,2020,16,517.3587662337662,96.9
MJINI,2020,17,517.3587662337662,96.9
MJINI,2020,18,517.3587662337662,96.9
MJINI,2020,19,517.3587662337662,96.9
MJINI,2020,20,517.3587662337662,96.9
MJINI,2020,21,517.3587662337662,96.9
MJINI,2020,22,517.3587662337662,96.9
MJINI,2020,23,517.3587662337662,96.9
MJINI,2020,24,517.3587662337662,96.9
MJINI,2020,25,517.3587662337662,96.9
MJINI,2020,26,517.3587662337662,96.9
MJINI,2020,27,517.3587662337662,96.9
MJINI,2020,28,517.3587662337662,96.9
MJINI,2020,29,517.3587662337662,96.9
MJINI,2020,30,517.3587662337662,96.9
MJINI,2020,31,517.3587662337662,96.9
MJINI,2020,32,517.3587662337662,96.9
MJINI,2020,33,517.3587662337662,96.9
MJINI,2020,34,517.3587662337662,96.9
MJINI,2020,35,517.3587662337662,96.9
MJINI,2020,36,517.3587662337662,96.9
MJINI,2020,37,517.3587662337662,96.9
MJINI,2020,38,517.3587662337662,96.9
MJINI,2020,39,517.3587662337662,96.9
MJINI,2020,40,517.3587662337662,96.9
MJINI,2020,41,517.3587662337662,96.9
MJINI,2020,42,517.3587662337662,96.9
MJINI,2020,43,517.3587662337662,96.9
MJINI,2020,44,517.3587662337662,96.9
MJINI,2020,45,517.3587662337662,96.9
MJINI,2020,46,517.3587662337662,96.9
MJINI,2020,47,517.3587662337662,96.9
MJINI,2020,48,517.3587662337662,96.9
MJINI,2020,49,517.3587662337662,96.9
MJINI,2020,50,517.3587662337662,96.9
MJINI,2020,51,517.3587662337662,96.9
MJINI,2020,52,517.3587662337662,96.9
MJINI,2020,53,517.3587662337662,
MJINI,2021,1,1230.2353896103896,94.7
MJINI,2021,2,1230.2353896103896,94.7
MJINI,2021,3,1230.2353896103896,94.7
MJINI,2021,4,1230.2353896103896,94.7
MJINI,2021,5,1230.2353896103896,94.7
MJINI,2021,6,1230.2353896103896,94.7
MJINI,2021,7,1230.2353896103896,94.7
MJINI,2021,8,1230.2353896103896,94.7
MJINI,2021,9,1049.737012987013,94.7
MJINI,2021,10,1049.737012987013,94.7
MJINI,2021,11,1049.737012987013,94.7
MJINI,2021,12,1049.737012987013,94.7
MJINI,2021,13,1049.737012987013,94.7
MJINI,2021,14,1049.737012987013,94.7
MJINI,2021,15,1049.737012987013,94.7
MJINI,2021,16,1049.737012987013,94.7
MJINI,2021,17,1049.737012987013,94.7
MJINI,2021,18,1049.737012987013,94.7
MJINI,2021,19,1049.737012987013,94.7
MJINI,2021,20,1049.737012987013,94.7
MJINI,2021,21,1049.737012987013,94.7
MJINI,2021,22,1049.737012987013,94.7
MJINI,2021,23,1049.737012987013,94.7
MJINI,2021,24,1049.737012987013,94.7
MJINI,2021,25,1049.737012987013,94.7
MJINI,2021,26,1049.737012987013,94.7
MJINI,2021,27,1049.737012987013,94.7
MJINI,2021,28,1049.737012987013,94.7
MJINI,2021,29,1049.737012987013,94.7
MJINI,2021,30,1049.737012987013,94.7
MJINI,2021,31,1049.737012987013,94.7
MJINI,2021,32,1049.737012987013,94.7
MJINI,2021,33,1049.737012987013,94.7
MJINI,2021,34,1049.737012987013,94.7
MJINI,2021,35,1049.737012987013,94.7
MJINI,2021,36,1049.737012987013,94.7
MJINI,2021,37,1049.737012987013,94.7
MJINI,2021,38,1049.737012987013,94.7
MJINI,2021,39,1049.737012987013,94.7
MJINI,2021,40,1049.737012987013,94.7
MJINI,2021,41,1049.737012987013,94.7
MJINI,2021,42,1049.737012987013,94.7
MJINI,2021,43,1049.737012987013,94.7
MJINI,2021,44,1049.737012987013,94.7
MJINI,2021,45,1049.737012987013,94.7
MJINI,2021,46,1049.737012987013,94.7
MJINI,2021,47,1049.737012987013,94.7
MJINI,2021,48,1049.737012987013,94.7
MJINI,2021,49,1049.737012987013,94.7
MJINI,2021,50,1049.737012987013,94.7
MJINI,2021,51,1049.737012987013,94.7
MJINI,2021,52,1049.737012987013,94.7
MJINI,2022,1,1049.737012987013,97.8
MJINI,2022,2,1049.737012987013,97.8
MJINI,2022,3,1049.737012987013,97.8
MJINI,2022,4,1049.737012987013,97.8
MJINI,2022,5,1049.737012987013,97.8
MJINI,2022,6,1049.737012987013,97.8
MJINI,2022,7,1049.737012987013,97.8
MJINI,2022,8,1049.737012987013,97.8
MJINI,2022,9,712.8766233766233,97.8
MJINI,2022,10,712.8766233766233,97.8
MJINI,2022,11,712.8766233766233,97.8
MJINI,2022,12,712.8766233766233,97.8
MJINI,2022,13,712.8766233766233,97.8
MJINI,2022,14,712.8766233766233,97.8
MJINI,2022,15,712.8766233766233,97.8
MJINI,2022,16,712.8766233766233,97.8
MJINI,2022,17,712.8766233766233,97.8
MJINI,2022,18,712.8766233766233,97.8
MJINI,2022,19,712.8766233766233,97.8
MJINI,2022,20,712.8766233766233,97.8
MJINI,2022,21,712.8766233766233,97.8
MJINI,2022,22,712.8766233766233,97.8
MJINI,2022,23,712.8766233766233,97.8
MJINI,2022,24,712.8766233766233,97.8
MJINI,2022,25,712.8766233766233,97.8
MJINI,2022,26,712.8766233766233,97.8
MJINI,2022,27,712.8766233766233,97.8
MJINI,2022,28,712.8766233766233,97.8
MJINI,2022,29,712.8766233766233,97.8
MJINI,2022,30,712.8766233766233,97.8
MJINI,2022,31,712.8766233766233,97.8
MJINI,2022,32,712.8766233766233,97.8
MJINI,2022,33,712.8766233766233,97.8
MJINI,2022,34,712.8766233766233,97.8
MJINI,2022,35,712.8766233766233,97.8
MJINI,2022,36,712.8766233766233,97.8
MJINI,2022,37,712.8766233766233,97.8
MJINI,2022,38,712.8766233766233,97.8
MJINI,2022,39,712.8766233766233,97.8
MJINI,2022,40,712.8766233766233,97.8
MJINI,2022,41,712.8766233766233,97.8
MJINI,2022,42,712.8766233766233,97.8
MJINI,2022,43,712.8766233766233,97.8
MJINI,2022,44,712.8766233766233,97.8
MJINI,2022,45,712.8766233766233,97.8
MJINI,2022,46,712.8766233766233,97.8
MJINI,2022,47,712.8766233766233,97.8
MJINI,2022,48,712.8766233766233,97.8
MJINI,2022,49,712.8766233766233,97.8
MJINI,2022,50,712.8766233766233,97.8
MJINI,2022,51,712.8766233766233,97.8
MJINI,2022,52,712.8766233766233,97.8
MJINI,2023,1,914.1753246753246,94.0
MJINI,2023,2,914.1753246753246,94.0
MJINI,2023,3,914.1753246753246,94.0
MJINI,2023,4,914.1753246753246,94.0
MJINI,2023,5,914.1753246753246,94.0
MJINI,2023,6,914.1753246753246,94.0
MJINI,2023,7,914.1753246753246,94.0
MJINI,2023,8,914.1753246753246,94.0
MJINI,2023,9,201.2987012987013,94.0
MJINI,2023,10,201.2987012987013,94.0
MJINI,2023,11,201.2987012987013,94.0
MJINI,2023,12,201.2987012987013,94.0
MJINI,2023,13,201.2987012987013,94.0
MJINI,2023,14,201.2987012987013,94.0
MJINI,2023,15,201.2987012987013,94.0
MJINI,2023,16,201.2987012987013,94.0
MJINI,2023,17,201.2987012987013,94.0
MJINI,2023,18,201.2987012987013,94.0
MJINI,2023,19,201.2987012987013,94.0
MJINI,2023,20,201.2987012987013,94.0
MJINI,2023,21,201.2987012987013,94.0
MJINI,2023,22,201.2987012987013,94.0
MJINI,2023,23,201.2987012987013,94.0
MJINI,2023,24,201.2987012987013,94.0
MJINI,2023,25,201.2987012987013,94.0
MJINI,2023,26,201.2987012987013,94.0
MJINI,2023,27,201.2987012987013,94.0
MJINI,2023,28,201.2987012987013,94.0
MJINI,2023,29,201.2987012987013,94.0
MJINI,2023,30,201.2987012987013,94.0
MJINI,2023,31,201.2987012987013,94.0
MJINI,2023,32,201.2987012987013,94.0
MJINI,2023,33,201.2987012987013,94.0
MJINI,2023,34,201.2987012987013,94.0
MJINI,2023,35,201.2987012987013,94.0
MJINI,2023,36,201.2987012987013,94.0
MJINI,2023,37,201.2987012987013,94.0
MJINI,2023,38,201.2987012987013,94.0
MJINI,2023,39,201.2987012987013,94.0
MJINI,2023,40,201.2987012987013,94.0
MJINI,2023,41,201.2987012987013,94.0
MJINI,2023,42,201.2987012987013,94.0
MJINI,2023,43,201.2987012987013,94.0
MJINI,2023,44,201.2987012987013,94.0
MJINI,2023,45,201.2987012987013,94.0
MJINI,2023,46,201.2987012987013,94.0
MJINI,2023,47,201.2987012987013,94.0
MJINI,2023,48,201.2987012987013,94.0
MJINI,2023,49,201.2987012987013,94.0
MJINI,2023,50,201.2987012987013,94.0
MJINI,2023,51,201.2987012987013,94.0
MJINI,2023,52,201.2987012987013,94.0
MJINI,2024,1,201.2987012987013,
MJINI,2024,2,201.2987012987013,
MJINI,2024,3,201.2987012987013,
MJINI,2024,4,201.2987012987013,
MJINI,2024,5,201.2987012987013,
MJINI,2024,6,201.2987012987013,
MJINI,2024,7,201.2987012987013,
MJINI,2024,8,201.2987012987013,
MJINI,2024,9,201.2987012987013,
MJINI,2024,10,201.2987012987013,
MJINI,2024,11,201.2987012987013,
MJINI,2024,12,201.2987012987013,
MJINI,2024,13,201.2987012987013,
MJINI,2024,14,201.2987012987013,
MJINI,2024,15,201.2987012987013,
MJINI,2024,16,201.2987012987013,
MJINI,2024,17,201.2987012987013,
MJINI,2024,18,201.2987012987013,
MJINI,2024,19,201.2987012987013,
MJINI,2024,20,201.2987012987013,
MJINI,2024,21,201.2987012987013,
MJINI,2024,22,201.2987012987013,
MJINI,2024,23,201.2987012987013,
MJINI,2024,24,201.2987012987013,
MJINI,2024,25,201.2987012987013,
MJINI,2024,26,201.2987012987013,
MJINI,2024,27,201.2987012987013,
MJINI,2024,28,201.2987012987013,
MJINI,2024,29,201.2987012987013,
MJINI,2024,30,201.2987012987013,
MJINI,2024,31,201.2987012987013,
MJINI,2024,32,201.2987012987013,
MJINI,2024,33,201.2987012987013,
MJINI,2024,34,201.2987012987013,
MJINI,2024,35,201.2987012987013,
MJINI,2024,36,201.2987012987013,
MJINI,2024,37,201.2987012987013,
MJINI,2024,38,201.2987012987013,
MJINI,2024,39,201.2987012987013,
MJINI,2024,40,201.2987012987013,
MJINI,2024,41,201.2987012987013,
MJINI,2024,42,201.2987012987013,
MJINI,2024,43,201.2987012987013,
MJINI,2024,44,201.2987012987013,
MJINI,2024,45,201.2987012987013,
MJINI,2024,46,201.2987012987013,
MJINI,2024,47,201.2987012987013,
MJINI,2024,48,201.2987012987013,
MJINI,2024,49,201.2987012987013,
MJINI,2024,50,201.2987012987013,
MJINI,2024,51,201.2987012987013,
MJINI,2024,52,201.2987012987013,
MKOANI,2018,1,144.53896103896102,95.0
MKOANI,2018,2,144.53896103896102,95.0
MKOANI,2018,3,144.53896103896102,95.0
MKOANI,2018,4,144.53896103896102,95.0
MKOANI,2018,5,144.53896103896102,95.0
MKOANI,2018,6,144.53896103896102,95.0
MKOANI,2018,7,144.53896103896102,95.0
MKOANI,2018,8,144.53896103896102,95.0
MKOANI,2018,9,144.53896103896102,95.0
MKOANI,2018,10,144.53896103896102,95.0
MKOANI,2018,11,144.53896103896102,95.0
MKOANI,2018,12,144.53896103896102,95.0
MKOANI,2018,13,144.53896103896102,95.0
MKOANI,2018,14,144.53896103896102,95.0
MKOANI,2018,15,144.53896103896102,95.0
MKOANI,2018,16,144.53896103896102,95.0
MKOANI,2018,17,144.53896103896102,95.0
MKOANI,2018,18,144.53896103896102,95.0
MKOANI,2018,19,144.53896103896102,95.0
MKOANI,2018,20,144.53896103896102,95.0
MKOANI,2018,21,144.53896103896102,95.0
MKOANI,2018,22,144.53896103896102,95.0
MKOANI,2018,23,144.53896103896102,95.0
MKOANI,2018,24,144.53896103896102,95.0
MKOANI,2018,25,144.53896103896102,95.0
MKOANI,2018,26,144.53896103896102,95.0
MKOANI,2018,27,144.53896103896102,95.0
MKOANI,2018,28,144.53896103896102,95.0
MKOANI,2018,29,144.53896103896102,95.0
MKOANI,2018,30,144.53896103896102,95.0
MKOANI,2018,31,144.53896103896102,95.0
MKOANI,2018,32,144.53896103896102,95.0
MKOANI,2018,33,144.53896103896102,95.0
MKOANI,2018,34,144.53896103896102,95.0
MKOANI,2018,35,144.53896103896102,95.0
MKOANI,2018,36,144.53896103896102,95.0
MKOANI,2018,37,144.53896103896102,95.0
MKOANI,2018,38,144.53896103896102,95.0
MKOANI,2018,39,144.53896103896102,95.0
MKOANI,2018,40,144.53896103896102,95.0
MKOANI,2018,41,144.53896103896102,95.0
MKOANI,2018,42,144.53896103896102,95.0
MKOANI,2018,43,144.53896103896102,95.0
MKOANI,2018,44,144.53896103896102,95.0
MKOANI,2018,45,144.53896103896102,95.0
MKOANI,2018,46,144.53896103896102,95.0
MKOANI,2018,47,144.53896103896102,95.0
MKOANI,2018,48,144.53896103896102,95.0
MKOANI,2018,49,144.53896103896102,95.0
MKOANI,2018,50,144.53896103896102,95.0
MKOANI,2018,51,144.53896103896102,95.0
MKOANI,2018,52,144.53896103896102,95.0
MKOANI,2019,1,325.0373376623377,95.2
MKOANI,2019,2,325.0373376623377,95.2
MKOANI,2019,3,325.0373376623377,95.2
MKOANI,2019,4,325.0373376623377,95.2
MKOANI,2019,5,325.0373376623377,95.2
MKOANI,2019,6,325.0373376623377,95.2
MKOANI,2019,7,325.0373376623377,95.2
MKOANI,2019,8,325.0373376623377,95.2
MKOANI,2019,9,325.0373376623377,95.2
MKOANI,2019,10,325.0373376623377,95.2
MKOANI,2019,11,325.0373376623377,95.2
MKOANI,2019,12,325.0373376623377,95.2
MKOANI,2019,13,325.0373376623377,95.2
MKOANI,2019,14,325.0373376623377,95.2
MKOANI,2019,15,325.0373376623377,95.2
MKOANI,2019,16,325.0373376623377,95.2
MKOANI,2019,17,325.0373376623377,95.2
MKOANI,2019,18,325.0373376623377,95.2
MKOANI,2019,19,325.0373376623377,95.2
MKOANI,2019,20,325.0373376623377,95.2
MKOANI,2019,21,325.0373376623377,95.2
MKOANI,2019,22,325.0373376623377,95.2
MKOANI,2019,23,325.0373376623377,95.2
MKOANI,2019,24,325.0373376623377,95.2
MKOANI,2019,25,325.0373376623377,95.2
MKOANI,2019,26,325.0373376623377,95.2
MKOANI,2019,27,325.0373376623377,95.2
MKOANI,2019,28,325.0373376623377,95.2
MKOANI,2019,29,325.0373376623377,95.2
MKOANI,2019,30,325.0373376623377,95.2
MKOANI,2019,31,325.0373376623377,95.2
MKOANI,2019,32,325.0373376623377,95.2
MKOANI,2019,33,325.0373376623377,95.2
MKOANI,2019,34,325.0373376623377,95.2
MKOANI,2019,35,325.0373376623377,95.2
MKOANI,2019,36,325.0373376623377,95.2
MKOANI,2019,37,325.0373376623377,95.2
MKOANI,2019,38,325.0373376623377,95.2
MKOANI,2019,39,325.0373376623377,95.2
MKOANI,2019,40,325.0373376623377,95.2
MKOANI,2019,41,325.0373376623377,95.2
MKOANI,2019,42,325.0373376623377,95.2
MKOANI,2019,43,325.0373376623377,95.2
MKOANI,2019,44,325.0373376623377,95.2
MKOANI,2019,45,325.0373376623377,95.2
MKOANI,2019,46,325.0373376623377,95.2
MKOANI,2019,47,325.0373376623377,95.2
MKOANI,2019,48,325.0373376623377,95.2
MKOANI,2019,49,325.0373376623377,95.2
MKOANI,2019,50,325.0373376623377,95.2
MKOANI,2019,51,325.0373376623377,95.2
MKOANI,2019,52,325.0373376623377,95.2
MKOANI,2020,1,,96.9
MKOANI,2020,2,661.8977272727273,96.9
MKOANI,2020,3,661.8977272727273,96.9
MKOANI,2020,4,661.8977272727273,96.9
MKOANI,2020,5,661.8977272727273,96.9
MKOANI,2020,6,661.8977272727273,96.9
MKOANI,2020,7,661.8977272727273,96.9
MKOANI,2020,8,661.8977272727273,96.9
MKOANI,2020,9,517.3587662337662,96.9
MKOANI,2020,10,517.3587662337662,96.9
MKOANI,2020,11,517.3587662337662,96.9
MKOANI,2020,12,517.3587662337662,96.9
MKOANI,2020,13,517.3587662337662,96.9
MKOANI,2020,14,517.3587662337662,96.9
MKOANI,2020,15,517.3587662337662,96.9
MKOANI,2020,16,517.3587662337662,96.9
MKOANI,2020,17,517.3587662337662,96.9
MKOANI,2020,18,517.3587662337662,96.9
MKOANI,2020,19,517.3587662337662,96.9
MKOANI,2020,20,517.3587662337662,96.9
MKOANI,2020,21,517.3587662337662,96.9
MKOANI,2020,22,517.3587662337662,96.9
MKOANI,2020,23,517.3587662337662,96.9
MKOANI,2020,24,517.3587662337662,96.9
MKOANI,2020,25,517.3587662337662,96.9
MKOANI,2020,26,517.3587662337662,96.9
MKOANI,2020,27,517.3587662337662,96.9
MKOANI,2020,28,517.3587662337662,96.9
MKOANI,2020,29,517.3587662337662,96.9
MKOANI,2020,30,517.3587662337662,96.9
MKOANI,2020,31,517.3587662337662,96.9
MKOANI,2020,32,517.3587662337662,96.9
MKOANI,2020,33,517.3587662337662,96.9
MKOANI,2020,34,517.3587662337662,96.9
MKOANI,2020,35,517.3587662337662,96.9
MKOANI,2020,36,517.3587662337662,96.9
MKOANI,2020,37,517.3587662337662,96.9
MKOANI,2020,38,517.3587662337662,96.9
MKOANI,2020,39,517.3587662337662,96.9
MKOANI,2020,40,517.3587662337662,96.9
MKOANI,2020,41,517.3587662337662,96.9
MKOANI,2020,42,517.3587662337662,96.9
MKOANI,2020,43,517.3587662337662,96.9
MKOANI,2020,44,517.3587662337662,96.9
MKOANI,2020,45,517.3587662337662,96.9
MKOANI,2020,46,517.3587662337662,96.9
MKOANI,2020,47,517.3587662337662,96.9
MKOANI,2020,48,517.3587662337662,96.9
MKOANI,2020,49,517.3587662337662,96.9
MKOANI,2020,50,517.3587662337662,96.9
MKOANI,2020,51,517.3587662337662,96.9
MKOANI,2020,52,517.3587662337662,96.9
MKOANI,2020,53,517.3587662337662,
MKOANI,2021,1,1230.2353896103896,94.7
MKOANI,2021,2,1230.2353896103896,94.7
MKOANI,2021,3,1230.2353896103896,94.7
MKOANI,2021,4,1230.2353896103896,94.7
MKOANI,2021,5,1230.2353896103896,94.7
MKOANI,2021,6,1230.2353896103896,94.7
MKOANI,2021,7,1230.2353896103896,94.7
MKOANI,2021,8,1230.2353896103896,94.7
MKOANI,2021,9,1049.737012987013,94.7
MKOANI,2021,10,1049.737012987013,94.7
MKOANI,2021,11,1049.737012987013,94.7
MKOANI,2021,12,1049.737012987013,94.7
MKOANI,2021,13,1049.737012987013,94.7
MKOANI,2021,14,1049.737012987013,94.7
MKOANI,2021,15,1049.737012987013,94.7
MKOANI,2021,16,1049.737012987013,94.7
MKOANI,2021,17,1049.737012987013,94.7
MKOANI,2021,18,1049.737012987013,94.7
MKOANI,2021,19,1049.737012987013,94.7
MKOANI,2021,20,1049.737012987013,94.7
MKOANI,2021,21,1049.737012987013,94.7
MKOANI,2021,22,1049.737012987013,94.7
MKOANI,2021,23,1049.737012987013,94.7
MKOANI,2021,24,1049.737012987013,94.7
MKOANI,2021,25,1049.737012987013,94.7
MKOANI,2021,26,1049.737012987013,94.7
MKOANI,2021,27,1049.737012987013,94.7
MKOANI,2021,28,1049.737012987013,94.7
MKOANI,2021,29,1049.737012987013,94.7
MKOANI,2021,30,1049.737012987013,94.7
MKOANI,2021,31,1049.737012987013,94.7
MKOANI,2021,32,1049.737012987013,94.7
MKOANI,2021,33,1049.737012987013,94.7
MKOANI,2021,34,1049.737012987013,94.7
MKOANI,2021,35,1049.737012987013,94.7
MKOANI,2021,36,1049.737012987013,94.7
MKOANI,2021,37,1049.737012987013,94.7
MKOANI,2021,38,1049.737012987013,94.7
MKOANI,2021,39,1049.737012987013,94.7
MKOANI,2021,40,1049.737012987013,94.7
MKOANI,2021,41,1049.737012987013,94.7
MKOANI,2021,42,1049.737012987013,94.7
MKOANI,2021,43,1049.737012987013,94.7
MKOANI,2021,44,1049.737012987013,94.7
MKOANI,2021,45,1049.737012987013,94.7
MKOANI,2021,46,1049.737012987013,94.7
MKOANI,2021,47,1049.737012987013,94.7
MKOANI,2021,48,1049.737012987013,94.7
MKOANI,2021,49,1049.737012987013,94.7
MKOANI,2021,50,1049.737012987013,94.7
MKOANI,2021,51,1049.737012987013,94.7
MKOANI,2021,52,1049.737012987013,94.7
MKOANI,2022,1,1049.737012987013,97.8
MKOANI,2022,2,1049.737012987013,97.8
MKOANI,2022,3,1049.737012987013,97.8
MKOANI,2022,4,1049.737012987013,97.8
MKOANI,2022,5,1049.737012987013,97.8
MKOANI,2022,6,1049.737012987013,97.8
MKOANI,2022,7,1049.737012987013,97.8
MKOANI,2022,8,1049.737012987013,97.8
MKOANI,2022,9,712.8766233766233,97.8
MKOANI,2022,10,712.8766233766233,97.8
MKOANI,2022,11,712.8766233766233,97.8
MKOANI,2022,12,712.8766233766233,97.8
MKOANI,2022,13,712.8766233766233,97.8
MKOANI,2022,14,712.8766233766233,97.8
MKOANI,2022,15,712.8766233766233,97.8
MKOANI,2022,16,712.8766233766233,97.8
MKOANI,2022,17,712.8766233766233,97.8
MKOANI,2022,18,712.8766233766233,97.8
MKOANI,2022,19,712.8766233766233,97.8
MKOANI,2022,20,712.8766233766233,97.8
MKOANI,2022,21,712.8766233766233,97.8
MKOANI,2022,22,712.8766233766233,97.8
MKOANI,2022,23,712.8766233766233,97.8
MKOANI,2022,24,712.8766233766233,97.8
MKOANI,2022,25,712.8766233766233,97.8
MKOANI,2022,26,712.8766233766233,97.8
MKOANI,2022,27,712.8766233766233,97.8
MKOANI,2022,28,712.8766233766233,97.8
MKOANI,2022,29,712.8766233766233,97.8
MKOANI,2022,30,712.8766233766233,97.8
MKOANI,2022,31,712.8766233766233,97.8
MKOANI,2022,32,712.8766233766233,97.8
MKOANI,2022,33,712.8766233766233,97.8
MKOANI,2022,34,712.8766233766233,97.8
MKOANI,2022,35,712.8766233766233,97.8
MKOANI,2022,36,712.8766233766233,97.8
MKOANI,2022,37,712.8766233766233,97.8
MKOANI,2022,38,712.8766233766233,97.8
MKOANI,2022,39,712.8766233766233,97.8
MKOANI,2022,40,712.8766233766233,97.8
MKOANI,2022,41,712.8766233766233,97.8
MKOANI,2022,42,712.8766233766233,97.8
MKOANI,2022,43,712.8766233766233,97.8
MKOANI,2022,44,712.8766233766233,97.8
MKOANI,2022,45,712.8766233766233,97.8
MKOANI,2022,46,712.8766233766233,97.8
MKOANI,2022,47,712.8766233766233,97.8
MKOANI,2022,48,712.8766233766233,97.8
MKOANI,2022,49,712.8766233766233,97.8
MKOANI,2022,50,712.8766233766233,97.8
MKOANI,2022,51,712.8766233766233,97.8
MKOANI,2022,52,712.8766233766233,97.8
MKOANI,2023,1,914.1753246753246,94.0
MKOANI,2023,2,914.1753246753246,94.0
MKOANI,2023,3,914.1753246753246,94.0
MKOANI,2023,4,914.1753246753246,94.0
MKOANI,2023,5,914.1753246753246,94.0
MKOANI,2023,6,914.1753246753246,94.0
MKOANI,2023,7,914.1753246753246,94.0
MKOANI,2023,8,914.1753246753246,94.0
MKOANI,2023,9,201.2987012987013,94.0
MKOANI,2023,10,201.2987012987013,94.0
MKOANI,2023,11,201.2987012987013,94.0
MKOANI,2023,12,201.2987012987013,94.0
MKOANI,2023,13,201.2987012987013,94.0
MKOANI,2023,14,201.2987012987013,94.0
MKOANI,2023,15,201.2987012987013,94.0
MKOANI,2023,16,201.2987012987013,94.0
MKOANI,2023,17,201.2987012987013,94.0
MKOANI,2023,18,201.2987012987013,94.0
MKOANI,2023,19,201.2987012987013,94.0
MKOANI,2023,20,201.2987012987013,94.0
MKOANI,2023,21,201.2987012987013,94.0
MKOANI,2023,22,201.2987012987013,94.0
MKOANI,2023,23,201.2987012987013,94.0
MKOANI,2023,24,201.2987012987013,94.0
MKOANI,2023,25,201.2987012987013,94.0
MKOANI,2023,26,201.2987012987013,94.0
MKOANI,2023,27,201.2987012987013,94.0
MKOANI,2023,28,201.2987012987013,94.0
MKOANI,2023,29,201.2987012987013,94.0
MKOANI,2023,30,201.2987012987013,94.0
MKOANI,2023,31,201.2987012987013,94.0
MKOANI,2023,32,201.2987012987013,94.0
MKOANI,2023,33,201.2987012987013,94.0
MKOANI,2023,34,201.2987012987013,94.0
MKOANI,2023,35,201.2987012987013,94.0
MKOANI,2023,36,201.2987012987013,94.0
MKOANI,2023,37,201.2987012987013,94.0
MKOANI,2023,38,201.2987012987013,94.0
MKOANI,2023,39,201.2987012987013,94.0
MKOANI,2023,40,201.2987012987013,94.0
MKOANI,2023,41,201.2987012987013,94.0
MKOANI,2023,42,201.2987012987013,94.0
MKOANI,2023,43,201.2987012987013,94.0
MKOANI,2023,44,201.2987012987013,94.0
MKOANI,2023,45,201.2987012987013,94.0
MKOANI,2023,46,201.2987012987013,94.0
MKOANI,2023,47,201.2987012987013,94.0
MKOANI,2023,48,201.2987012987013,94.0
MKOANI,2023,49,201.2987012987013,94.0
MKOANI,2023,50,201.2987012987013,94.0
MKOANI,2023,51,201.2987012987013,94.0
MKOANI,2023,52,201.2987012987013,94.0
MKOANI,2024,1,201.2987012987013,
MKOANI,2024,2,201.2987012987013,
MKOANI,2024,3,201.2987012987013,
MKOANI,2024,4,201.2987012987013,
MKOANI,2024,5,201.2987012987013,
MKOANI,2024,6,201.2987012987013,
MKOANI,2024,7,201.2987012987013,
MKOANI,2024,8,201.2987012987013,
MKOANI,2024,9,201.2987012987013,
MKOANI,2024,10,201.2987012987013,
MKOANI,2024,11,201.2987012987013,
MKOANI,2024,12,201.2987012987013,
MKOANI,2024,13,201.2987012987013,
MKOANI,2024,14,201.2987012987013,
MKOANI,2024,15,201.2987012987013,
MKOANI,2024,16,201.2987012987013,
MKOANI,2024,17,201.2987012987013,
MKOANI,2024,18,201.2987012987013,
MKOANI,2024,19,201.2987012987013,
MKOANI,2024,20,201.2987012987013,
MKOANI,2024,21,201.2987012987013,
MKOANI,2024,22,201.2987012987013,
MKOANI,2024,23,201.2987012987013,
MKOANI,2024,24,201.2987012987013,
MKOANI,2024,25,201.2987012987013,
MKOANI,2024,26,201.2987012987013,
MKOANI,2024,27,201.2987012987013,
MKOANI,2024,28,201.2987012987013,
MKOANI,2024,29,201.2987012987013,
MKOANI,2024,30,201.2987012987013,
MKOANI,2024,31,201.2987012987013,
MKOANI,2024,32,201.2987012987013,
MKOANI,2024,33,201.2987012987013,
MKOANI,2024,34,201.2987012987013,
MKOANI,2024,35,201.2987012987013,
MKOANI,2024,36,201.2987012987013,
MKOANI,2024,37,201.2987012987013,
MKOANI,2024,38,201.2987012987013,
MKOANI,2024,39,201.2987012987013,
MKOANI,2024,40,201.2987012987013,
MKOANI,2024,41,201.2987012987013,
MKOANI,2024,42,201.2987012987013,
MKOANI,2024,43,201.2987012987013,
MKOANI,2024,44,201.2987012987013,
MKOANI,2024,45,201.2987012987013,
MKOANI,2024,46,201.2987012987013,
MKOANI,2024,47,201.2987012987013,
MKOANI,2024,48,201.2987012987013,
MKOANI,2024,49,201.2987012987013,
MKOANI,2024,50,201.2987012987013,
MKOANI,2024,51,201.2987012987013,
MKOANI,2024,52,201.2987012987013,
WETE,2018,1,144.53896103896102,95.0
WETE,2018,2,144.53896103896102,95.0
WETE,2018,3,144.53896103896102,95.0
WETE,2018,4,144.53896103896102,95.0
WETE,2018,5,144.53896103896102,95.0
WETE,2018,6,144.53896103896102,95.0
WETE,2018,7,144.53896103896102,95.0
WETE,2018,8,144.53896103896102,95.0
WETE,2018,9,144.53896103896102,95.0
WETE,2018,10,144.53896103896102,95.0
WETE,2018,11,144.53896103896102,95.0
WETE,2018,12,144.53896103896102,95.0
WETE,2018,13,144.53896103896102,95.0
WETE,2018,14,144.53896103896102,95.0
WETE,2018,15,144.53896103896102,95.0
WETE,2018,16,144.53896103896102,95.0
WETE,2018,17,144.53896103896102,95.0
WETE,2018,18,144.53896103896102,95.0
WETE,2018,19,144.53896103896102,95.0
WETE,2018,20,144.53896103896102,95.0
WETE,2018,21,144.53896103896102,95.0
WETE,2018,22,144.53896103896102,95.0
WETE,2018,23,144.53896103896102,95.0
WETE,2018,24,144.53896103896102,95.0
WETE,2018,25,144.53896103896102,95.0
WETE,2018,26,144.53896103896102,95.0
WETE,2018,27,144.53896103896102,95.0
WETE,2018,28,144.53896103896102,95.0
WETE,2018,29,144.53896103896102,95.0
WETE,2018,30,144.53896103896102,95.0
WETE,2018,31,144.53896103896102,95.0
WETE,2018,32,144.53896103896102,95.0
WETE,2018,33,144.53896103896102,95.0
WETE,2018,34,144.53896103896102,95.0
WETE,2018,35,144.53896103896102,95.0
WETE,2018,36,144.53896103896102,95.0
WETE,2018,37,144.53896103896102,95.0
WETE,2018,38,144.53896103896102,95.0
WETE,2018,39,144.53896103896102,95.0
WETE,2018,40,144.53896103896102,95.0
WETE,2018,41,144.53896103896102,95.0
WETE,2018,42,144.53896103896102,95.0
WETE,2018,43,144.53896103896102,95.0
WETE,2018,44,144.53896103896102,95.0
WETE,2018,45,144.53896103896102,95.0
WETE,2018,46,144.53896103896102,95.0
WETE,2018,47,144.53896103896102,95.0
WETE,2018,48,144.53896103896102,95.0
WETE,2018,49,144.53896103896102,95.0
WETE,2018,50,144.53896103896102,95.0
WETE,2018,51,144.53896103896102,95.0
WETE,2018,52,144.53896103896102,95.0
WETE,2019,1,325.0373376623377,95.2
WETE,2019,2,325.0373376623377,95.2
WETE,2019,3,325.0373376623377,95.2
WETE,2019,4,325.0373376623377,95.2
WETE,2019,5,325.0373376623377,95.2
WETE,2019,6,325.0373376623377,95.2
WETE,2019,7,325.0373376623377,95.2
WETE,2019,8,325.0373376623377,95.2
WETE,2019,9,325.0373376623377,95.2
WETE,2019,10,325.0373376623377,95.2
WETE,2019,11,325.0373376623377,95.2
WETE,2019,12,325.0373376623377,95.2
WETE,2019,13,325.0373376623377,95.2
WETE,2019,14,325.0373376623377,95.2
WETE,2019,15,325.0373376623377,95.2
WETE,2019,16,325.0373376623377,95.2
WETE,2019,17,325.0373376623377,95.2
WETE,2019,18,325.0373376623377,95.2
WETE,2019,19,325.0373376623377,95.2
WETE,2019,20,325.0373376623377,95.2
WETE,2019,21,325.0373376623377,95.2
WETE,2019,22,325.0373376623377,95.2
WETE,2019,23,325.0373376623377,95.2
WETE,2019,24,325.0373376623377,95.2
WETE,2019,25,325.0373376623377,95.2
WETE,2019,26,325.0373376623377,95.2
WETE,2019,27,325.0373376623377,95.2
WETE,2019,28,325.0373376623377,95.2
WETE,2019,29,325.0373376623377,95.2
WETE,2019,30,325.0373376623377,95.2
WETE,2019,31,325.0373376623377,95.2
WETE,2019,32,325.0373376623377,95.2
WETE,2019,33,325.0373376623377,95.2
WETE,2019,34,325.0373376623377,95.2
WETE,2019,35,325.0373376623377,95.2
WETE,2019,36,325.0373376623377,95.2
WETE,2019,37,325.0373376623377,95.2
WETE,2019,38,325.0373376623377,95.2
WETE,2019,39,325.0373376623377,95.2
WETE,2019,40,325.0373376623377,95.2
WETE,2019,41,325.0373376623377,95.2
WETE,2019,42,325.0373376623377,95.2
WETE,2019,43,325.0373376623377,95.2
WETE,2019,44,325.0373376623377,95.2
WETE,2019,45,325.0373376623377,95.2
WETE,2019,46,325.0373376623377,95.2
WETE,2019,47,325.0373376623377,95.2
WETE,2019,48,325.0373376623377,95.2
WETE,2019,49,325.0373376623377,95.2
WETE,2019,50,325.0373376623377,95.2
WETE,2019,51,325.0373376623377,95.2
WETE,2019,52,325.0373376623377,95.2
WETE,2020,1,,96.9
WETE,2020,2,661.8977272727273,96.9
WETE,2020,3,661.8977272727273,96.9
WETE,2020,4,661.8977272727273,96.9
WETE,2020,5,661.8977272727273,96.9
WETE,2020,6,661.8977272727273,96.9
WETE,2020,7,661.8977272727273,96.9
WETE,2020,8,661.8977272727273,96.9
WETE,2020,9,517.3587662337662,96.9
WETE,2020,10,517.3587662337662,96.9
WETE,2020,11,517.3587662337662,96.9
WETE,2020,12,517.3587662337662,96.9
WETE,2020,13,517.3587662337662,96.9
WETE,2020,14,517.3587662337662,96.9
WETE,2020,15,517.3587662337662,96.9
WETE,2020,16,517.3587662337662,96.9
WETE,2020,17,517.3587662337662,96.9
WETE,2020,18,517.3587662337662,96.9
WETE,2020,19,517.3587662337662,96.9
WETE,2020,20,517.3587662337662,96.9
WETE,2020,21,517.3587662337662,96.9
WETE,2020,22,517.3587662337662,96.9
WETE,2020,23,517.3587662337662,96.9
WETE,2020,24,517.3587662337662,96.9
WETE,2020,25,517.3587662337662,96.9
WETE,2020,26,517.3587662337662,96.9
WETE,2020,27,517.3587662337662,96.9
WETE,2020,28,517.3587662337662,96.9
WETE,2020,29,517.3587662337662,96.9
WETE,2020,30,517.3587662337662,96.9
WETE,2020,31,517.3587662337662,96.9
WETE,2020,32,517.3587662337662,96.9
WETE,2020,33,517.3587662337662,96.9
WETE,2020,34,517.3587662337662,96.9
WETE,2020,35,517.3587662337662,96.9
WETE,2020,36,517.3587662337662,96.9
WETE,2020,37,517.3587662337662,96.9
WETE,2020,38,517.3587662337662,96.9
WETE,2020,39,517.3587662337662,96.9
WETE,2020,40,517.3587662337662,96.9
WETE,2020,41,517.3587662337662,96.9
WETE,2020,42,517.3587662337662,96.9
WETE,2020,43,517.3587662337662,96.9
WETE,2020,44,517.3587662337662,96.9
WETE,2020,45,517.3587662337662,96.9
WETE,2020,46,517.3587662337662,96.9
WETE,2020,47,517.3587662337662,96.9
WETE,2020,48,517.3587662337662,96.9
WETE,2020,49,517.3587662337662,96.9
WETE,2020,50,517.3587662337662,96.9
WETE,2020,51,517.3587662337662,96.9
WETE,2020,52,517.3587662337662,96.9
WETE,2020,53,517.3587662337662,
WETE,2021,1,1230.2353896103896,94.7
WETE,2021,2,1230.2353896103896,94.7
WETE,2021,3,1230.2353896103896,94.7
WETE,2021,4,1230.2353896103896,94.7
WETE,2021,5,1230.2353896103896,94.7
WETE,2021,6,1230.2353896103896,94.7
WETE,2021,7,1230.2353896103896,94.7
WETE,2021,8,1230.2353896103896,94.7
WETE,2021,9,1049.737012987013,94.7
WETE,2021,10,1049.737012987013,94.7
WETE,2021,11,1049.737012987013,94.7
WETE,2021,12,1049.737012987013,94.7
WETE,2021,13,1049.737012987013,94.7
WETE,2021,14,1049.737012987013,94.7
WETE,2021,15,1049.737012987013,94.7
WETE,2021,16,1049.737012987013,94.7
WETE,2021,17,1049.737012987013,94.7
WETE,2021,18,1049.737012987013,94.7
WETE,2021,19,1049.737012987013,94.7
WETE,2021,20,1049.737012987013,94.7
WETE,2021,21,1049.737012987013,94.7
WETE,2021,22,1049.737012987013,94.7
WETE,2021,23,1049.737012987013,94.7
WETE,2021,24,1049.737012987013,94.7
WETE,2021,25,1049.737012987013,94.7
WETE,2021,26,1049.737012987013,94.7
WETE,2021,27,1049.737012987013,94.7
WETE,2021,28,1049.737012987013,94.7
WETE,2021,29,1049.737012987013,94.7
WETE,2021,30,1049.737012987013,94.7
WETE,2021,31,1049.737012987013,94.7
WETE,2021,32,1049.737012987013,94.7
WETE,2021,33,1049.737012987013,94.7
WETE,2021,34,1049.737012987013,94.7
WETE,2021,35,1049.737012987013,94.7
WETE,2021,36,1049.737012987013,94.7
WETE,2021,37,1049.737012987013,94.7
WETE,2021,38,1049.737012987013,94.7
WETE,2021,39,1049.737012987013,94.7
WETE,2021,40,1049.737012987013,94.7
WETE,2021,41,1049.737012987013,94.7
WETE,2021,42,1049.737012987013,94.7
WETE,2021,43,1049.737012987013,94.7
WETE,2021,44,1049.737012987013,94.7
WETE,2021,45,1049.737012987013,94.7
WETE,2021,46,1049.737012987013,94.7
WETE,2021,47,1049.737012987013,94.7
WETE,2021,48,1049.737012987013,94.7
WETE,2021,49,1049.737012987013,94.7
WETE,2021,50,1049.737012987013,94.7
WETE,2021,51,1049.737012987013,94.7
WETE,2021,52,1049.737012987013,94.7
WETE,2022,1,1049.737012987013,97.8
WETE,2022,2,1049.737012987013,97.8
WETE,2022,3,1049.737012987013,97.8
WETE,2022,4,1049.737012987013,97.8
WETE,2022,5,1049.737012987013,97.8
WETE,2022,6,1049.737012987013,97.8
WETE,2022,7,1049.737012987013,97.8
WETE,2022,8,1049.737012987013,97.8
WETE,2022,9,712.8766233766233,97.8
WETE,2022,10,712.8766233766233,97.8
WETE,2022,11,712.8766233766233,97.8
WETE,2022,12,712.8766233766233,97.8
WETE,2022,13,712.8766233766233,97.8
WETE,2022,14,712.8766233766233,97.8
WETE,2022,15,712.8766233766233,97.8
WETE,2022,16,712.8766233766233,97.8
WETE,2022,17,712.8766233766233,97.8
WETE,2022,18,712.8766233766233,97.8
WETE,2022,19,712.8766233766233,97.8
WETE,2022,20,712.8766233766233,97.8
WETE,2022,21,712.8766233766233,97.8
WETE,2022,22,712.8766233766233,97.8
WETE,2022,23,712.8766233766233,97.8
WETE,2022,24,712.8766233766233,97.8
WETE,2022,25,712.8766233766233,97.8
WETE,2022,26,712.8766233766233,97.8
WETE,2022,27,712.8766233766233,97.8
WETE,2022,28,712.8766233766233,97.8
WETE,2022,29,712.8766233766233,97.8
WETE,2022,30,712.8766233766233,97.8
WETE,2022,31,712.8766233766233,97.8
WETE,2022,32,712.8766233766233,97.8
WETE,2022,33,712.8766233766233,97.8
WETE,2022,34,712.8766233766233,97.8
WETE,2022,35,712.8766233766233,97.8
WETE,2022,36,712.8766233766233,97.8
WETE,2022,37,712.8766233766233,97.8
WETE,2022,38,712.8766233766233,97.8
WETE,2022,39,712.8766233766233,97.8
WETE,2022,40,712.8766233766233,97.8
WETE,2022,41,712.8766233766233,97.8
WETE,2022,42,712.8766233766233,97.8
WETE,2022,43,712.8766233766233,97.8
WETE,2022,44,712.8766233766233,97.8
WETE,2022,45,712.8766233766233,97.8
WETE,2022,46,712.8766233766233,97.8
WETE,2022,47,712.8766233766233,97.8
WETE,2022,48,712.8766233766233,97.8
WETE,2022,49,712.8766233766233,97.8
WETE,2022,50,712.8766233766233,97.8
WETE,2022,51,712.8766233766233,97.8
WETE,2022,52,712.8766233766233,97.8
WETE,2023,1,914.1753246753246,94.0
WETE,2023,2,914.1753246753246,94.0
WETE,2023,3,914.1753246753246,94.0
WETE,2023,4,914.1753246753246,94.0
WETE,2023,5,914.1753246753246,94.0
WETE,2023,6,914.1753246753246,94.0
WETE,2023,7,914.1753246753246,94.0
WETE,2023,8,914.1753246753246,94.0
WETE,2023,9,201.2987012987013,94.0
WETE,2023,10,201.2987012987013,94.0
WETE,2023,11,201.2987012987013,94.0
WETE,2023,12,201.2987012987013,94.0
WETE,2023,13,201.2987012987013,94.0
WETE,2023,14,201.2987012987013,94.0
WETE,2023,15,201.2987012987013,94.0
WETE,2023,16,201.2987012987013,94.0
WETE,2023,17,201.2987012987013,94.0
WETE,2023,18,201.2987012987013,94.0
WETE,2023,19,201.2987012987013,94.0
WETE,2023,20,201.2987012987013,94.0
WETE,2023,21,201.2987012987013,94.0
WETE,2023,22,201.2987012987013,94.0
WETE,2023,23,201.2987012987013,94.0
WETE,2023,24,201.2987012987013,94.0
WETE,2023,25,201.2987012987013,94.0
WETE,2023,26,201.2987012987013,94.0
WETE,2023,27,201.2987012987013,94.0
WETE,2023,28,201.2987012987013,94.0
WETE,2023,29,201.2987012987013,94.0
WETE,2023,30,201.2987012987013,94.0
WETE,2023,31,201.2987012987013,94.0
WETE,2023,32,201.2987012987013,94.0
WETE,2023,33,201.2987012987013,94.0
WETE,2023,34,201.2987012987013,94.0
WETE,2023,35,201.2987012987013,94.0
WETE,2023,36,201.2987012987013,94.0
WETE,2023,37,201.2987012987013,94.0
WETE,2023,38,201.2987012987013,94.0
WETE,2023,39,201.2987012987013,94.0
WETE,2023,40,201.2987012987013,94.0
WETE,2023,41,201.2987012987013,94.0
WETE,2023,42,201.2987012987013,94.0
WETE,2023,43,201.2987012987013,94.0
WETE,2023,44,201.2987012987013,94.0
WETE,2023,45,201.2987012987013,94.0
WETE,2023,46,201.2987012987013,94.0
WETE,2023,47,201.2987012987013,94.0
WETE,2023,48,201.2987012987013,94.0
WETE,2023,49,201.2987012987013,94.0
WETE,2023,50,201.2987012987013,94.0
WETE,2023,51,201.2987012987013,94.0
WETE,2023,52,201.2987012987013,94.0
WETE,2024,1,201.2987012987013,
WETE,2024,2,201.2987012987013,
WETE,2024,3,201.2987012987013,
WETE,2024,4,201.2987012987013,
WETE,2024,5,201.2987012987013,
WETE,2024,6,201.2987012987013,
WETE,2024,7,201.2987012987013,
WETE,2024,8,201.2987012987013,
WETE,2024,9,201.2987012987013,
WETE,2024,10,201.2987012987013,
WETE,2024,11,201.2987012987013,
WETE,2024,12,201.2987012987013,
WETE,2024,13,201.2987012987013,
WETE,2024,14,201.2987012987013,
WETE,2024,15,201.2987012987013,
WETE,2024,16,201.2987012987013,
WETE,2024,17,201.2987012987013,
WETE,2024,18,201.2987012987013,
WETE,2024,19,201.2987012987013,
WETE,2024,20,201.2987012987013,
WETE,2024,21,201.2987012987013,
WETE,2024,22,201.2987012987013,
WETE,2024,23,201.2987012987013,
WETE,2024,24,201.2987012987013,
WETE,2024,25,201.2987012987013,
WETE,2024,26,201.2987012987013,
WETE,2024,27,201.2987012987013,
WETE,2024,28,201.2987012987013,
WETE,2024,29,201.2987012987013,
WETE,2024,30,201.2987012987013,
WETE,2024,31,201.2987012987013,
WETE,2024,32,201.2987012987013,
WETE,2024,33,201.2987012987013,
WETE,2024,34,201.2987012987013,
WETE,2024,35,201.2987012987013,
WETE,2024,36,201.2987012987013,
WETE,2024,37,201.2987012987013,
WETE,2024,38,201.2987012987013,
WETE,2024,39,201.2987012987013,
WETE,2024,40,201.2987012987013,
WETE,2024,41,201.2987012987013,
WETE,2024,42,201.2987012987013,
WETE,2024,43,201.2987012987013,
WETE,2024,44,201.2987012987013,
WETE,2024,45,201.2987012987013,
WETE,2024,46,201.2987012987013,
WETE,2024,47,201.2987012987013,
WETE,2024,48,201.2987012987013,
WETE,2024,49,201.2987012987013,
WETE,2024,50,201.2987012987013,
WETE,2024,51,201.2987012987013,
WETE,2024,52,201.2987012987013,
