District,Year,Week,Humidity,Rainfall,Min Temperature,Max Temperature
CHAKE-CHAKE,2018,1,89.87142857142858,14.1,24.3428571428571,29.8166666666667
CHAKE-CHAKE,2018,2,90.2,1.1,23.8,29.6428571428571
CHAKE-CHAKE,2018,3,89.94285714285715,0.0,23.3571428571429,30.2285714285714
CHAKE-CHAKE,2018,4,90.64285714285714,0.0,22.8285714285714,30.4428571428571
CHAKE-CHAKE,2018,5,90.0,,,
CHAKE-CHAKE,2018,6,90.78571428571428,0.0,23.8571428571429,31.4142857142857
CHAKE-CHAKE,2018,7,90.98571428571428,0.0,24.5714285714286,31.5428571428571
CHAKE-CHAKE,2018,8,89.84285714285714,0.0,24.4,32.1
CHAKE-CHAKE,2018,9,91.62857142857142,0.0,23.7428571428571,32.4714285714286
CHAKE-CHAKE,2018,10,91.87142857142858,130.8,23.7714285714286,31.5333333333333
CHAKE-CHAKE,2018,11,91.18571428571428,61.2,23.8428571428571,30.3
CHAKE-CHAKE,2018,12,91.3,50.0,24.4428571428571,31.9714285714286
CHAKE-CHAKE,2018,13,92.31428571428572,64.7,24.0285714285714,31.4
CHAKE-CHAKE,2018,14,96.61428571428571,66.1,24.5857142857143,31.8714285714286
CHAKE-CHAKE,2018,15,94.1,152.5,24.1857142857143,30.9142857142857
CHAKE-CHAKE,2018,16,95.71428571428572,131.7,23.7142857142857,28.5714285714286
CHAKE-CHAKE,2018,17,95.18571428571428,44.4,24.7714285714286,29.8
CHAKE-CHAKE,2018,18,94.47142857142856,,,
CHAKE-CHAKE,2018,19,92.91428571428573,321.6,22.8714285714286,28.3285714285714
CHAKE-CHAKE,2018,20,93.94285714285716,210.5,23.4285714285714,29.4571428571429
CHAKE-CHAKE,2018,21,93.24285714285716,65.39999999999999,24.1142857142857,29.6428571428571
CHAKE-CHAKE,2018,22,91.4,83.89999999999999,23.9571428571429,29.7285714285714
CHAKE-CHAKE,2018,23,88.05714285714285,50.2,23.9714285714286,28.9571428571429
CHAKE-CHAKE,2018,24,88.85714285714286,19.1,22.8714285714286,29.2714285714286
CHAKE-CHAKE,2018,25,88.11428571428571,0.2,23.1857142857143,29.4714285714286
CHAKE-CHAKE,2018,26,87.57142857142857,16.999999999999996,23.5714285714286,28.6285714285714
CHAKE-CHAKE,2018,27,85.41428571428571,14.8,22.7714285714286,28.4285714285714
CHAKE-CHAKE,2018,28,86.44285714285715,4.9,23.0857142857143,28.7428571428571
CHAKE-CHAKE,2018,29,85.98571428571428,10.4,22.9285714285714,28.3
CHAKE-CHAKE,2018,30,85.02857142857144,11.400000000000002,23.2142857142857,27.5285714285714
CHAKE-CHAKE,2018,31,84.62857142857142,,,
CHAKE-CHAKE,2018,32,83.87142857142858,0.0,22.9857142857143,27.6142857142857
CHAKE-CHAKE,2018,33,84.44285714285715,0.0,23.5714285714286,28.6428571428571
CHAKE-CHAKE,2018,34,84.54285714285713,0.0,24.0142857142857,29.1571428571429
CHAKE-CHAKE,2018,35,83.37142857142858,0.0,24.6714285714286,28.6571428571429
CHAKE-CHAKE,2018,36,84.68571428571428,7.0,23.3142857142857,29.2
CHAKE-CHAKE,2018,37,83.82857142857142,4.2,23.6571428571429,29.6428571428571
CHAKE-CHAKE,2018,38,84.82857142857142,5.0,22.2,29.7285714285714
CHAKE-CHAKE,2018,39,85.18571428571428,38.5,23.2,29.3714285714286
CHAKE-CHAKE,2018,40,88.24285714285715,0.0,23.2,28.8
CHAKE-CHAKE,2018,41,89.12857142857142,1.6,23.5428571428571,29.3
CHAKE-CHAKE,2018,42,89.22857142857143,5.1000000000000005,23.2285714285714,30.3857142857143
CHAKE-CHAKE,2018,43,89.10000000000001,61.3,23.7571428571429,29.6714285714286
CHAKE-CHAKE,2018,44,92.6,,,
CHAKE-CHAKE,2018,45,94.38571428571429,0.0,22.9857142857143,30.8285714285714
CHAKE-CHAKE,2018,46,92.87142857142858,13.5,23.5714285714286,30.4714285714286
CHAKE-CHAKE,2018,47,94.42857142857144,16.8,24.0142857142857,30.7142857142857
CHAKE-CHAKE,2018,48,93.31428571428572,3.3000000000000003,24.6714285714286,31.4857142857143
CHAKE-CHAKE,2018,49,92.54285714285712,0.0,24.3166666666667,30.7857142857143
CHAKE-CHAKE,2018,50,93.27142857142856,34.400000000000006,24.35,30.0714285714286
CHAKE-CHAKE,2018,51,93.41428571428573,13.7,24.7714285714286,30.5714285714286
CHAKE-CHAKE,2018,52,92.9,0.6,24.8428571428571,30.7714285714286
CHAKE-CHAKE,2019,1,89.34285714285714,,,
CHAKE-CHAKE,2019,2,88.67142857142858,9.0,25.5571428571429,32.3285714285714
CHAKE-CHAKE,2019,3,87.57142857142857,0.0,25.7,32.3571428571429
CHAKE-CHAKE,2019,4,88.78571428571429,1.0,24.4857142857143,32.3
CHAKE-CHAKE,2019,5,87.85714285714286,0.0,25.725,31.825
CHAKE-CHAKE,2019,6,87.77142857142857,1.0,24.7857142857143,30.7142857142857
CHAKE-CHAKE,2019,7,87.89999999999999,0.5,24.6857142857143,31.2428571428571
CHAKE-CHAKE,2019,8,88.05714285714285,6.8,25.2571428571429,31.6571428571429
CHAKE-CHAKE,2019,9,89.12857142857142,33.0,25.6,32.3625
CHAKE-CHAKE,2019,10,92.48571428571428,0.0,25.0142857142857,33.1142857142857
CHAKE-CHAKE,2019,11,93.01428571428572,0.0,25.1142857142857,32.5714285714286
CHAKE-CHAKE,2019,12,91.31428571428572,0.0,24.1714285714286,32.7
CHAKE-CHAKE,2019,13,91.81428571428572,5.1,24.5125,32.9125
CHAKE-CHAKE,2019,14,93.25714285714284,45.5,24.9428571428571,31.8142857142857
CHAKE-CHAKE,2019,15,94.18571428571428,2.3,25.0142857142857,31.0714285714286
CHAKE-CHAKE,2019,16,93.82857142857142,17.6,25.6428571428571,32.3571428571429
CHAKE-CHAKE,2019,17,94.14285714285714,68.5,25.2125,32.125
CHAKE-CHAKE,2019,18,95.44285714285716,,,
CHAKE-CHAKE,2019,19,95.77142857142856,385.8,24.8285714285714,29.4142857142857
CHAKE-CHAKE,2019,20,93.82857142857142,339.0,25.0428571428571,28.1428571428571
CHAKE-CHAKE,2019,21,95.34285714285714,57.7,24.4428571428571,29.2285714285714
CHAKE-CHAKE,2019,22,92.3,263.2,24.55,28.75
CHAKE-CHAKE,2019,23,85.98571428571428,13.5,24.1571428571429,29.4142857142857
CHAKE-CHAKE,2019,24,86.44285714285715,5.5,23.7714285714286,29.1428571428571
CHAKE-CHAKE,2019,25,85.55714285714285,14.4,24.3,28.8714285714286
CHAKE-CHAKE,2019,26,86.74285714285715,0.0,24.175,29.1875
CHAKE-CHAKE,2019,27,89.45714285714287,0.0,24.1857142857143,29.3571428571429
CHAKE-CHAKE,2019,28,89.45714285714287,3.7,24.6428571428571,29.0857142857143
CHAKE-CHAKE,2019,29,89.25714285714285,12.7,23.5,28.3857142857143
CHAKE-CHAKE,2019,30,89.48571428571428,0.1,24.4,28.2375
CHAKE-CHAKE,2019,31,89.04285714285713,,,
CHAKE-CHAKE,2019,32,90.98571428571428,14.0,23.7571428571429,28.9571428571429
CHAKE-CHAKE,2019,33,90.27142857142856,0.4,24.0428571428571,28.9285714285714
CHAKE-CHAKE,2019,34,91.14285714285714,5.4,24.3,28.8571428571429
CHAKE-CHAKE,2019,35,91.61428571428571,7.1,23.8375,29.0375
CHAKE-CHAKE,2019,36,88.42857142857143,0.0,23.1857142857143,29.4428571428571
CHAKE-CHAKE,2019,37,89.02857142857144,16.700000000000003,23.9285714285714,28.9714285714286
CHAKE-CHAKE,2019,38,89.32857142857144,0.0,23.5428571428571,29.6571428571429
CHAKE-CHAKE,2019,39,88.31428571428572,6.9,24.2375,29.875
CHAKE-CHAKE,2019,40,94.75714285714284,,,
CHAKE-CHAKE,2019,41,93.98571428571428,29.1,23.8,29.5285714285714
CHAKE-CHAKE,2019,42,94.55714285714284,188.7,24.0857142857143,28.8285714285714
CHAKE-CHAKE,2019,43,95.2,137.1,23.6428571428571,29.3
CHAKE-CHAKE,2019,44,94.52857142857144,126.3,24.6375,30.0
CHAKE-CHAKE,2019,45,94.44285714285716,28.0,24.6857142857143,30.4285714285714
CHAKE-CHAKE,2019,46,94.64285714285714,10.7,24.6285714285714,30.5571428571429
CHAKE-CHAKE,2019,47,93.67142857142858,50.3,25.6714285714286,31.1857142857143
CHAKE-CHAKE,2019,48,95.11428571428571,61.0,24.6875,30.8625
CHAKE-CHAKE,2019,49,92.05714285714284,7.699999999999999,25.1428571428571,32.1
CHAKE-CHAKE,2019,50,93.61428571428571,5.199999999999999,24.8285714285714,31.9857142857143
CHAKE-CHAKE,2019,51,92.47142857142856,215.6,24.2857142857143,32.2
CHAKE-CHAKE,2019,52,93.87142857142858,44.00000000000001,25.375,32.0375
CHAKE-CHAKE,2020,1,88.15714285714286,,,
CHAKE-CHAKE,2020,2,85.89999999999999,6.0,25.8142857142857,32.0714285714286
CHAKE-CHAKE,2020,3,85.3,75.7,25.6,31.7714285714286
CHAKE-CHAKE,2020,4,86.04285714285713,0.0,26.0142857142857,30.6714285714286
CHAKE-CHAKE,2020,5,87.82857142857142,15.8,25.8428571428571,30.725
CHAKE-CHAKE,2020,6,93.0,0.0,24.7857142857143,30.7142857142857
CHAKE-CHAKE,2020,7,93.34285714285714,18.2,24.8625,31.2428571428571
CHAKE-CHAKE,2020,8,92.6,0.0,25.1428571428571,31.6571428571429
CHAKE-CHAKE,2020,9,92.34285714285714,12.5,25.6428571428571,32.3625
CHAKE-CHAKE,2020,10,92.48571428571428,0.0,25.5857142857143,31.8714285714286
CHAKE-CHAKE,2020,11,93.12857142857142,0.0,25.7625,31.7428571428571
CHAKE-CHAKE,2020,12,93.15714285714286,15.3,25.4285714285714,31.6714285714286
CHAKE-CHAKE,2020,13,92.3,61.6,25.0142857142857,31.425
CHAKE-CHAKE,2020,14,87.65714285714286,,,
CHAKE-CHAKE,2020,15,85.38571428571429,88.1,25.5,31.5
CHAKE-CHAKE,2020,16,84.98571428571428,85.20000000000002,24.9,29.6571428571429
CHAKE-CHAKE,2020,17,84.88571428571429,149.49999999999997,23.9857142857143,29.0
CHAKE-CHAKE,2020,18,87.67142857142858,56.7,24.5142857142857,29.25
CHAKE-CHAKE,2020,19,90.17142857142858,177.10000000000002,24.4,28.9714285714286
CHAKE-CHAKE,2020,20,91.32857142857142,0.0,24.3625,29.2857142857143
CHAKE-CHAKE,2020,21,90.65714285714286,1.6,24.2142857142857,29.2714285714286
CHAKE-CHAKE,2020,22,92.31428571428572,5.8,24.5428571428571,29.7125
CHAKE-CHAKE,2020,23,86.62857142857142,19.1,25.1285714285714,29.0857142857143
CHAKE-CHAKE,2020,24,86.38571428571429,10.8,24.5625,28.9714285714286
CHAKE-CHAKE,2020,25,86.52857142857144,1.5,24.8,27.9142857142857
CHAKE-CHAKE,2020,26,87.12857142857142,31.6,23.7,28.2375
CHAKE-CHAKE,2020,27,81.11428571428571,,,
CHAKE-CHAKE,2020,28,80.12857142857142,1.7,24.1428571428571,27.7571428571429
CHAKE-CHAKE,2020,29,79.72857142857143,4.8,23.4625,28.2571428571429
CHAKE-CHAKE,2020,30,81.12857142857142,7.5,23.3857142857143,27.5
CHAKE-CHAKE,2020,31,81.28571428571429,2.2,24.3142857142857,27.65
CHAKE-CHAKE,2020,32,85.91428571428571,5.8,23.2142857142857,27.9714285714286
CHAKE-CHAKE,2020,33,84.78571428571429,0.0,22.3625,27.6428571428571
CHAKE-CHAKE,2020,34,85.74285714285715,15.7,23.7,28.2
CHAKE-CHAKE,2020,35,85.64285714285714,2.4000000000000004,23.2428571428571,28.2875
CHAKE-CHAKE,2020,36,87.85714285714286,,,
CHAKE-CHAKE,2020,37,88.0,1.0,23.0,28.0714285714286
CHAKE-CHAKE,2020,38,87.1857142857143,14.3,22.5625,28.8
CHAKE-CHAKE,2020,39,89.10000000000001,5.6,22.8,28.5285714285714
CHAKE-CHAKE,2020,40,88.8142857142857,2.7,22.9142857142857,28.7625
CHAKE-CHAKE,2020,41,90.32857142857142,0.0,22.6142857142857,29.6
CHAKE-CHAKE,2020,42,89.60000000000001,0.0,23.8,30.4428571428571
CHAKE-CHAKE,2020,43,90.68571428571428,18.7,23.2428571428571,30.0428571428571
CHAKE-CHAKE,2020,44,90.34285714285714,2.0,24.7714285714286,30.5
CHAKE-CHAKE,2020,45,91.0,0.9,25.0142857142857,30.0428571428571
CHAKE-CHAKE,2020,46,90.51428571428572,0.0,24.1125,29.7571428571429
CHAKE-CHAKE,2020,47,90.21428571428572,0.0,25.3285714285714,30.3142857142857
CHAKE-CHAKE,2020,48,91.08571428571427,0.4,24.4857142857143,31.025
CHAKE-CHAKE,2020,49,89.25714285714285,,,
CHAKE-CHAKE,2020,50,90.34285714285714,31.700000000000003,24.4857142857143,31.2285714285714
CHAKE-CHAKE,2020,51,89.84285714285714,25.6,24.8375,31.4857142857143
CHAKE-CHAKE,2020,52,90.25714285714284,26.7,25.1571428571429,31.1142857142857
CHAKE-CHAKE,2020,53,,17.0,,
CHAKE-CHAKE,2021,1,89.07142857142857,6.0,24.4714285714286,30.6857142857143
CHAKE-CHAKE,2021,2,90.21428571428572,75.7,24.5428571428571,29.625
CHAKE-CHAKE,2021,3,90.05714285714285,0.0,23.7571428571429,30.6857142857143
CHAKE-CHAKE,2021,4,89.97142857142858,15.8,24.4571428571429,30.4333333333333
CHAKE-CHAKE,2021,5,88.51428571428572,0.0,23.5,31.0142857142857
CHAKE-CHAKE,2021,6,90.52857142857144,18.2,25.3714285714286,30.4125
CHAKE-CHAKE,2021,7,90.24285714285716,0.0,24.6142857142857,30.9142857142857
CHAKE-CHAKE,2021,8,89.75714285714285,12.5,24.4142857142857,31.5833333333333
CHAKE-CHAKE,2021,9,69.04285714285714,0.0,24.3571428571429,31.8571428571429
CHAKE-CHAKE,2021,10,69.32857142857144,0.0,24.1285714285714,31.4625
CHAKE-CHAKE,2021,11,69.07142857142857,15.3,23.9714285714286,31.9571428571429
CHAKE-CHAKE,2021,12,69.61428571428571,61.6,23.9714285714286,30.9666666666667
CHAKE-CHAKE,2021,13,77.98571428571428,,,
CHAKE-CHAKE,2021,14,85.14285714285714,88.1,25.2571428571429,30.7571428571429
CHAKE-CHAKE,2021,15,84.72857142857143,85.20000000000002,24.6714285714286,29.75
CHAKE-CHAKE,2021,16,84.74285714285715,149.49999999999997,24.4571428571429,28.2
CHAKE-CHAKE,2021,17,86.0,56.7,24.9,30.4666666666667
CHAKE-CHAKE,2021,18,86.61428571428571,177.10000000000002,23.8714285714286,28.3285714285714
CHAKE-CHAKE,2021,19,87.37142857142858,0.0,25.0571428571429,29.625
CHAKE-CHAKE,2021,20,87.68571428571428,1.6,24.7857142857143,29.7
CHAKE-CHAKE,2021,21,88.38571428571429,5.8,25.2285714285714,29.2166666666667
CHAKE-CHAKE,2021,22,86.51428571428572,,,
CHAKE-CHAKE,2021,23,85.61428571428571,19.1,23.9714285714286,29.0714285714286
CHAKE-CHAKE,2021,24,85.42857142857143,10.8,24.4,28.25
CHAKE-CHAKE,2021,25,84.81428571428572,1.5,23.4285714285714,28.2857142857143
CHAKE-CHAKE,2021,26,83.2,31.6,23.0142857142857,27.7
CHAKE-CHAKE,2021,27,82.89999999999999,1.7,23.5,27.9571428571429
CHAKE-CHAKE,2021,28,82.65714285714286,4.8,24.1,27.925
CHAKE-CHAKE,2021,29,83.28571428571429,7.5,24.2285714285714,27.8285714285714
CHAKE-CHAKE,2021,30,83.07142857142857,2.2,23.5714285714286,27.3
CHAKE-CHAKE,2021,31,86.07142857142857,5.8,22.4428571428571,27.4142857142857
CHAKE-CHAKE,2021,32,85.91428571428571,0.0,22.2,27.9875
CHAKE-CHAKE,2021,33,86.07142857142857,15.7,22.9142857142857,27.9142857142857
CHAKE-CHAKE,2021,34,85.87142857142858,2.4000000000000004,22.2714285714286,27.85
CHAKE-CHAKE,2021,35,84.84285714285714,,,
CHAKE-CHAKE,2021,36,85.18571428571428,1.0,24.1428571428571,27.4142857142857
CHAKE-CHAKE,2021,37,83.88571428571429,14.3,23.6857142857143,27.9875
CHAKE-CHAKE,2021,38,84.77142857142857,5.6,23.4,27.9142857142857
CHAKE-CHAKE,2021,39,84.88571428571429,2.7,23.1142857142857,27.85
CHAKE-CHAKE,2021,40,87.48571428571428,0.0,23.1714285714286,29.1142857142857
CHAKE-CHAKE,2021,41,88.01428571428572,0.0,23.9428571428571,29.5125
CHAKE-CHAKE,2021,42,87.27142857142857,18.7,24.5285714285714,29.4
CHAKE-CHAKE,2021,43,86.5,2.0,22.5142857142857,30.1833333333333
CHAKE-CHAKE,2021,44,88.97142857142856,0.9,24.4285714285714,30.6714285714286
CHAKE-CHAKE,2021,45,89.27142857142857,0.0,23.5857142857143,31.075
CHAKE-CHAKE,2021,46,89.35714285714286,0.0,23.8428571428571,31.1714285714286
CHAKE-CHAKE,2021,47,89.61428571428571,0.4,25.0857142857143,31.5666666666667
CHAKE-CHAKE,2021,48,91.1857142857143,,,
CHAKE-CHAKE,2021,49,92.5,31.700000000000003,24.5571428571429,30.8857142857143
CHAKE-CHAKE,2021,50,90.84285714285714,25.6,24.4714285714286,31.0
CHAKE-CHAKE,2021,51,90.78571428571428,26.7,24.6857142857143,31.1428571428571
CHAKE-CHAKE,2021,52,86.15714285714286,17.0,24.7571428571429,31.6
CHAKE-CHAKE,2022,1,76.52857142857144,0.0,25.4428571428571,32.3428571428571
CHAKE-CHAKE,2022,2,75.98571428571428,0.9,26.0428571428571,31.9285714285714
CHAKE-CHAKE,2022,3,75.6857142857143,51.7,24.0571428571429,31.2857142857143
CHAKE-CHAKE,2022,4,76.7,0.0,25.0714285714286,30.3142857142857
CHAKE-CHAKE,2022,5,76.78571428571429,,,
CHAKE-CHAKE,2022,6,77.68571428571428,9.5,24.0714285714286,31.2142857142857
CHAKE-CHAKE,2022,7,77.07142857142857,0.0,24.5571428571429,31.1428571428571
CHAKE-CHAKE,2022,8,76.94285714285715,6.1,24.1428571428571,31.8
CHAKE-CHAKE,2022,9,69.98571428571428,20.4,25.3,31.1714285714286
CHAKE-CHAKE,2022,10,68.87142857142858,0.0,24.2714285714286,31.3285714285714
CHAKE-CHAKE,2022,11,68.92857142857143,0.0,24.4571428571429,32.0
CHAKE-CHAKE,2022,12,68.64285714285714,0.0,24.3,31.7142857142857
CHAKE-CHAKE,2022,13,73.55714285714285,21.200000000000003,25.6428571428571,32.0428571428571
CHAKE-CHAKE,2022,14,81.91428571428571,6.6,25.2,31.8714285714286
CHAKE-CHAKE,2022,15,79.12857142857142,25.3,25.5142857142857,30.9142857142857
CHAKE-CHAKE,2022,16,79.18571428571428,185.40000000000003,24.5428571428571,29.5714285714286
CHAKE-CHAKE,2022,17,81.57142857142857,110.6,24.8857142857143,30.6571428571429
CHAKE-CHAKE,2022,18,85.15714285714286,88.2,24.3428571428571,29.2285714285714
CHAKE-CHAKE,2022,19,86.32857142857142,0.7,25.9714285714286,29.9714285714286
CHAKE-CHAKE,2022,20,86.0,6.1,25.8,29.9571428571429
CHAKE-CHAKE,2022,21,86.02857142857144,6.8,26.3142857142857,30.2
CHAKE-CHAKE,2022,22,30.585714285714285,,,
CHAKE-CHAKE,2022,23,9.957142857142856,77.2,23.7,27.7428571428571
CHAKE-CHAKE,2022,24,9.285714285714286,18.5,24.3857142857143,28.8428571428571
CHAKE-CHAKE,2022,25,8.742857142857144,1.6,24.8142857142857,28.7857142857143
CHAKE-CHAKE,2022,26,45.642857142857146,7.399999999999999,24.5428571428571,28.1714285714286
CHAKE-CHAKE,2022,27,93.55714285714284,28.4,22.9571428571429,27.0285714285714
CHAKE-CHAKE,2022,28,94.4,21.9,22.5142857142857,27.1571428571429
CHAKE-CHAKE,2022,29,94.6,22.7,22.9714285714286,27.4285714285714
CHAKE-CHAKE,2022,30,94.61428571428571,0.5,23.2142857142857,27.2285714285714
CHAKE-CHAKE,2022,31,89.39999999999999,2.0,21.3714285714286,27.2285714285714
CHAKE-CHAKE,2022,32,89.55714285714285,10.6,22.6142857142857,27.3714285714286
CHAKE-CHAKE,2022,33,89.07142857142857,1.4,21.7571428571429,27.6428571428571
CHAKE-CHAKE,2022,34,88.34285714285714,8.7,22.4857142857143,27.4714285714286
CHAKE-CHAKE,2022,35,89.62857142857142,,,
CHAKE-CHAKE,2022,36,88.52857142857144,0.6,21.5571428571429,27.7285714285714
CHAKE-CHAKE,2022,37,87.35714285714286,2.0,21.7285714285714,28.0571428571429
CHAKE-CHAKE,2022,38,87.4,3.4,22.9714285714286,28.1142857142857
CHAKE-CHAKE,2022,39,88.61428571428571,8.8,23.4857142857143,28.4857142857143
CHAKE-CHAKE,2022,40,90.68571428571428,0.0,22.8428571428571,28.1857142857143
CHAKE-CHAKE,2022,41,90.24285714285716,1.4,23.5,28.4428571428571
CHAKE-CHAKE,2022,42,90.02857142857144,0.0,22.9142857142857,28.7
CHAKE-CHAKE,2022,43,89.84285714285714,20.8,23.6714285714286,28.8285714285714
CHAKE-CHAKE,2022,44,92.42857142857144,,,
CHAKE-CHAKE,2022,45,92.34285714285714,0.0,23.2428571428571,29.9857142857143
CHAKE-CHAKE,2022,46,92.92857142857144,3.7,24.0142857142857,30.3571428571429
CHAKE-CHAKE,2022,47,93.38571428571429,21.8,24.1142857142857,30.2857142857143
CHAKE-CHAKE,2022,48,93.92857142857144,7.3,24.3571428571429,30.6428571428571
CHAKE-CHAKE,2022,49,94.02857142857144,0.0,24.4,31.4857142857143
CHAKE-CHAKE,2022,50,94.25714285714284,0.0,24.0857142857143,31.8
CHAKE-CHAKE,2022,51,94.68571428571428,0.0,25.4714285714286,31.8142857142857
CHAKE-CHAKE,2022,52,93.02857142857144,9.1,26.0285714285714,31.3428571428571
CHAKE-CHAKE,2023,1,86.38571428571429,5.2,25.2,32.1142857142857
CHAKE-CHAKE,2023,2,86.74285714285715,29.5,24.6571428571429,31.85
CHAKE-CHAKE,2023,3,87.47142857142856,4.7,24.7,31.7333333333333
CHAKE-CHAKE,2023,4,86.24285714285715,4.4,25.6857142857143,30.8571428571429
CHAKE-CHAKE,2023,5,89.28571428571429,,,
CHAKE-CHAKE,2023,6,90.98571428571428,7.2,24.2571428571429,31.8571428571429
CHAKE-CHAKE,2023,7,89.97142857142856,16.5,25.0142857142857,31.1875
CHAKE-CHAKE,2023,8,91.15714285714286,0.0,25.3,31.5
CHAKE-CHAKE,2023,9,92.08571428571427,0.0,23.5714285714286,31.6857142857143
CHAKE-CHAKE,2023,10,92.2,0.0,24.2571428571429,31.9571428571429
CHAKE-CHAKE,2023,11,92.08571428571427,0.6,25.0142857142857,32.3875
CHAKE-CHAKE,2023,12,91.68571428571428,3.8000000000000007,25.3,31.6666666666667
CHAKE-CHAKE,2023,13,91.47142857142856,22.5,23.5714285714286,31.0571428571429
CHAKE-CHAKE,2023,14,89.2,37.99999999999999,25.3142857142857,31.4857142857143
CHAKE-CHAKE,2023,15,90.35714285714286,20.7,25.5714285714286,31.6625
CHAKE-CHAKE,2023,16,89.88571428571429,433.7,25.1857142857143,28.7333333333333
CHAKE-CHAKE,2023,17,90.34285714285714,237.7,25.1,29.2857142857143
CHAKE-CHAKE,2023,18,96.54285714285712,15.1,25.2285714285714,30.1428571428571
CHAKE-CHAKE,2023,19,95.58571428571427,29.5,25.3714285714286,30.075
CHAKE-CHAKE,2023,20,95.17142857142858,9.4,25.5142857142857,30.45
CHAKE-CHAKE,2023,21,95.04285714285712,90.9,24.5142857142857,29.2714285714286
CHAKE-CHAKE,2023,22,93.67142857142858,,,
CHAKE-CHAKE,2023,23,90.8,147.1,23.0,28.9571428571429
CHAKE-CHAKE,2023,24,90.58571428571427,66.8,23.7857142857143,29.3125
CHAKE-CHAKE,2023,25,90.05714285714285,0.0,23.8142857142857,29.4333333333333
CHAKE-CHAKE,2023,26,87.91428571428571,10.6,23.9714285714286,28.7
CHAKE-CHAKE,2023,27,84.92857142857143,22.5,23.6,28.4285714285714
CHAKE-CHAKE,2023,28,84.78571428571429,7.0,23.1714285714286,28.675
CHAKE-CHAKE,2023,29,84.89999999999999,1.5,24.4,28.8
CHAKE-CHAKE,2023,30,85.02857142857144,6.9,24.1714285714286,28.5142857142857
CHAKE-CHAKE,2023,31,85.88571428571429,,,
CHAKE-CHAKE,2023,32,87.34285714285714,8.4,23.8285714285714,28.4285714285714
CHAKE-CHAKE,2023,33,85.82857142857142,8.399999999999999,23.7142857142857,28.675
CHAKE-CHAKE,2023,34,87.38571428571427,9.1,22.8285714285714,28.8
CHAKE-CHAKE,2023,35,88.04285714285713,0.0,23.3857142857143,28.5142857142857
CHAKE-CHAKE,2023,36,88.81428571428572,0.0,23.2857142857143,29.1714285714286
CHAKE-CHAKE,2023,37,87.74285714285715,0.6,23.8285714285714,29.5
CHAKE-CHAKE,2023,38,88.7,0.0,23.9857142857143,29.8666666666667
CHAKE-CHAKE,2023,39,89.17142857142858,9.1,24.3857142857143,30.2142857142857
CHAKE-CHAKE,2023,40,90.97142857142856,5.3,23.9714285714286,30.4857142857143
CHAKE-CHAKE,2023,41,92.05714285714284,0.0,23.7285714285714,31.0375
CHAKE-CHAKE,2023,42,92.51428571428572,63.0,25.2142857142857,31.1166666666667
CHAKE-CHAKE,2023,43,92.11428571428571,3.6,24.6285714285714,31.1857142857143
CHAKE-CHAKE,2023,44,94.31428571428572,,,
CHAKE-CHAKE,2023,45,94.44285714285716,168.79999999999998,24.0857142857143,28.7428571428571
CHAKE-CHAKE,2023,46,96.11428571428571,94.3,24.5571428571429,30.5
CHAKE-CHAKE,2023,47,94.91428571428573,92.7,24.9714285714286,30.0833333333333
CHAKE-CHAKE,2023,48,92.37142857142858,108.1,24.3428571428571,30.5571428571429
CHAKE-CHAKE,2023,49,90.55714285714284,39.0,25.5714285714286,31.3142857142857
CHAKE-CHAKE,2023,50,89.89999999999999,16.7,24.5285714285714,31.3625
CHAKE-CHAKE,2023,51,90.22857142857144,37.900000000000006,25.4142857142857,31.5833333333333
CHAKE-CHAKE,2023,52,90.38571428571429,0.0,26.1857142857143,31.7285714285714
KASKAZINI A,2018,1,70.55714285714285,15.0,,
KASKAZINI A,2018,2,71.18571428571428,0.0,,
KASKAZINI A,2018,3,71.85714285714286,0.0,,
KASKAZINI A,2018,4,71.85714285714286,0.0,,
KASKAZINI A,2018,5,67.0,,,
KASKAZINI A,2018,6,63.2,0.0,,
KASKAZINI A,2018,7,63.1,0.0,,
KASKAZINI A,2018,8,63.57142857142857,19.0,,
KASKAZINI A,2018,9,65.65714285714286,0.0,,
KASKAZINI A,2018,10,67.78571428571429,23.0,,
KASKAZINI A,2018,11,67.78571428571429,31.5,,
KASKAZINI A,2018,12,68.88571428571429,61.6,,
KASKAZINI A,2018,13,71.51428571428572,116.4,,
KASKAZINI A,2018,14,88.27142857142857,0.0,,
KASKAZINI A,2018,15,88.45714285714287,147.29999999999998,,
KASKAZINI A,2018,16,88.24285714285715,95.7,,
KASKAZINI A,2018,17,87.91428571428571,15.2,,
KASKAZINI A,2018,18,86.61428571428571,,,
KASKAZINI A,2018,19,86.17142857142858,183.9,,
KASKAZINI A,2018,20,85.84285714285714,273.5,,
KASKAZINI A,2018,21,85.58571428571429,104.9,,
KASKAZINI A,2018,22,75.58571428571429,41.0,,
KASKAZINI A,2018,23,63.75714285714286,0.0,,
KASKAZINI A,2018,24,62.18571428571429,34.3,,
KASKAZINI A,2018,25,63.75714285714286,2.2,,
KASKAZINI A,2018,26,63.08571428571429,0.0,,
KASKAZINI A,2018,27,61.74285714285714,45.3,,
KASKAZINI A,2018,28,61.75714285714286,0.0,,
KASKAZINI A,2018,29,61.48571428571428,0.0,,
KASKAZINI A,2018,30,61.84285714285714,32.3,,
KASKAZINI A,2018,31,67.58571428571429,,,
KASKAZINI A,2018,32,69.47142857142856,0.0,,
KASKAZINI A,2018,33,69.34285714285714,0.0,,
KASKAZINI A,2018,34,68.14285714285714,5.3,,
KASKAZINI A,2018,35,65.45714285714286,10.0,,
KASKAZINI A,2018,36,58.18571428571429,8.3,,
KASKAZINI A,2018,37,58.65714285714286,12.8,,
KASKAZINI A,2018,38,58.05714285714286,6.2,,
KASKAZINI A,2018,39,58.91428571428571,0.0,,
KASKAZINI A,2018,40,69.32857142857144,0.0,,
KASKAZINI A,2018,41,67.57142857142857,0.0,,
KASKAZINI A,2018,42,68.92857142857143,48.2,,
KASKAZINI A,2018,43,68.31428571428572,22.2,,
KASKAZINI A,2018,44,69.04285714285714,,,
KASKAZINI A,2018,45,70.51428571428572,35.3,,
KASKAZINI A,2018,46,71.32857142857144,0.0,,
KASKAZINI A,2018,47,70.67142857142856,46.0,,
KASKAZINI A,2018,48,70.78571428571429,76.3,,
KASKAZINI A,2018,49,69.62857142857142,8.6,,
KASKAZINI A,2018,50,68.92857142857143,0.0,,
KASKAZINI A,2018,51,68.88571428571429,64.0,,
KASKAZINI A,2018,52,68.7,0.0,,
KASKAZINI A,2019,1,68.08571428571429,,,
KASKAZINI A,2019,2,67.98571428571428,9.4,26.8857142857143,33.0571428571429
KASKAZINI A,2019,3,67.54285714285714,5.5,26.0714285714286,33.8142857142857
KASKAZINI A,2019,4,67.45714285714286,8.6,25.7285714285714,33.6
KASKAZINI A,2019,5,69.81428571428572,0.0,25.5428571428571,33.2571428571429
KASKAZINI A,2019,6,71.85714285714286,0.0,25.0428571428571,34.5142857142857
KASKAZINI A,2019,7,71.47142857142858,0.0,24.3571428571429,31.9857142857143
KASKAZINI A,2019,8,72.07142857142857,0.0,25.1857142857143,31.3285714285714
KASKAZINI A,2019,9,74.98571428571428,41.0,24.1142857142857,32.7285714285714
KASKAZINI A,2019,10,77.71428571428571,33.5,24.7714285714286,33.8
KASKAZINI A,2019,11,76.22857142857143,5.4,25.5714285714286,34.1285714285714
KASKAZINI A,2019,12,77.39999999999999,23.0,26.0142857142857,35.2714285714286
KASKAZINI A,2019,13,77.52857142857144,28.0,25.9857142857143,34.8285714285714
KASKAZINI A,2019,14,85.8,123.8,25.5285714285714,32.4714285714286
KASKAZINI A,2019,15,84.62857142857142,7.0,25.3,32.0428571428571
KASKAZINI A,2019,16,85.74285714285715,19.3,24.8714285714286,31.4142857142857
KASKAZINI A,2019,17,84.68571428571428,52.2,24.7,30.2
KASKAZINI A,2019,18,86.52857142857144,,,
KASKAZINI A,2019,19,87.22857142857143,73.80000000000001,24.6571428571429,31.4142857142857
KASKAZINI A,2019,20,87.8,100.6,24.9571428571429,30.7285714285714
KASKAZINI A,2019,21,87.34285714285714,16.0,25.3571428571429,31.4714285714286
KASKAZINI A,2019,22,84.82857142857142,7.5,24.3,30.6571428571429
KASKAZINI A,2019,23,80.32857142857142,0.0,23.8714285714286,30.3285714285714
KASKAZINI A,2019,24,80.74285714285715,1.1,23.9714285714286,30.3142857142857
KASKAZINI A,2019,25,80.05714285714285,13.4,23.1,29.9
KASKAZINI A,2019,26,80.05714285714285,34.6,23.6142857142857,29.6857142857143
KASKAZINI A,2019,27,75.45714285714287,0.0,23.2,30.8
KASKAZINI A,2019,28,76.32857142857142,13.2,22.8142857142857,30.2571428571429
KASKAZINI A,2019,29,76.88571428571429,10.3,22.6714285714286,29.5
KASKAZINI A,2019,30,76.77142857142857,0.0,22.0142857142857,30.3714285714286
KASKAZINI A,2019,31,77.51428571428572,,,
KASKAZINI A,2019,32,77.8,1.5,22.4428571428571,30.3285714285714
KASKAZINI A,2019,33,78.89999999999999,8.3,22.4,29.8857142857143
KASKAZINI A,2019,34,76.38571428571429,9.2,22.5714285714286,30.6714285714286
KASKAZINI A,2019,35,79.84285714285714,12.7,22.4285714285714,30.1857142857143
KASKAZINI A,2019,36,87.52857142857144,28.3,21.2285714285714,29.2142857142857
KASKAZINI A,2019,37,88.18571428571428,10.5,20.9857142857143,30.3
KASKAZINI A,2019,38,87.7,0.0,20.4285714285714,30.7142857142857
KASKAZINI A,2019,39,87.28571428571429,73.2,22.1571428571429,30.5285714285714
KASKAZINI A,2019,40,85.98571428571428,,,
KASKAZINI A,2019,41,86.98571428571428,0.0,24.8714285714286,29.9142857142857
KASKAZINI A,2019,42,86.04285714285713,11.0,24.2,29.0
KASKAZINI A,2019,43,85.57142857142857,0.0,24.0,29.7428571428571
KASKAZINI A,2019,44,84.42857142857143,0.0,24.1,30.6
KASKAZINI A,2019,45,84.15714285714286,30.2,25.0142857142857,32.0285714285714
KASKAZINI A,2019,46,85.68571428571428,26.3,24.3857142857143,31.2428571428571
KASKAZINI A,2019,47,83.68571428571428,15.6,24.1428571428571,31.1857142857143
KASKAZINI A,2019,48,84.44285714285715,48.2,24.7,31.9285714285714
KASKAZINI A,2019,49,81.38571428571429,3.0,23.6857142857143,32.6571428571429
KASKAZINI A,2019,50,80.48571428571428,0.0,25.0714285714286,33.3142857142857
KASKAZINI A,2019,51,81.77142857142857,6.2,25.1142857142857,31.8714285714286
KASKAZINI A,2019,52,81.52857142857144,3.2,25.6428571428571,33.8
KASKAZINI A,2020,1,81.01428571428572,,,
KASKAZINI A,2020,2,81.74285714285715,0.0,25.8428571428571,33.7
KASKAZINI A,2020,3,81.58571428571429,20.0,25.4857142857143,33.1285714285714
KASKAZINI A,2020,4,81.91428571428571,71.5,24.9285714285714,31.6714285714286
KASKAZINI A,2020,5,81.0,20.0,25.8,30.7571428571429
KASKAZINI A,2020,6,79.38571428571429,0.0,25.0571428571429,34.5142857142857
KASKAZINI A,2020,7,79.25714285714285,13.2,25.1428571428571,31.9857142857143
KASKAZINI A,2020,8,79.74285714285715,3.0,25.9714285714286,31.3285714285714
KASKAZINI A,2020,9,79.47142857142856,0.0,26.375,32.7285714285714
KASKAZINI A,2020,10,80.65714285714286,92.2,25.4,32.2571428571429
KASKAZINI A,2020,11,80.17142857142858,73.2,24.9428571428571,32.1857142857143
KASKAZINI A,2020,12,79.71428571428571,70.3,25.8428571428571,32.0571428571429
KASKAZINI A,2020,13,81.10000000000001,75.0,25.5375,31.8714285714286
KASKAZINI A,2020,14,84.92857142857143,,,
KASKAZINI A,2020,15,87.21428571428571,74.0,25.7714285714286,32.8857142857143
KASKAZINI A,2020,16,87.0,243.6,24.3857142857143,30.1571428571429
KASKAZINI A,2020,17,86.37142857142858,315.4,24.6571428571429,29.1857142857143
KASKAZINI A,2020,18,83.22857142857143,191.2,25.0,30.9571428571429
KASKAZINI A,2020,19,79.8,212.5,24.9285714285714,30.2142857142857
KASKAZINI A,2020,20,79.85714285714286,15.7,25.7285714285714,30.4571428571429
KASKAZINI A,2020,21,80.64285714285714,42.2,24.5142857142857,29.9285714285714
KASKAZINI A,2020,22,80.87142857142858,6.4,24.325,30.7714285714286
KASKAZINI A,2020,23,74.17142857142858,0.0,24.9428571428571,30.4571428571429
KASKAZINI A,2020,24,75.61428571428571,3.0,24.2428571428571,30.6428571428571
KASKAZINI A,2020,25,73.60000000000001,0.0,23.5,30.3857142857143
KASKAZINI A,2020,26,74.72857142857143,5.0,24.225,29.8714285714286
KASKAZINI A,2020,27,71.91428571428573,,,
KASKAZINI A,2020,28,73.2,2.3,23.5857142857143,29.7714285714286
KASKAZINI A,2020,29,72.64285714285714,11.6,23.1,29.6
KASKAZINI A,2020,30,72.4,40.0,22.7285714285714,28.8285714285714
KASKAZINI A,2020,31,74.10000000000001,3.2,22.75,29.3428571428571
KASKAZINI A,2020,32,76.89999999999999,2.3,23.0285714285714,29.8571428571429
KASKAZINI A,2020,33,77.48571428571428,0.0,22.0571428571429,29.3285714285714
KASKAZINI A,2020,34,76.2,29.7,22.6857142857143,29.2285714285714
KASKAZINI A,2020,35,75.51428571428572,9.0,21.95,29.5
KASKAZINI A,2020,36,76.34285714285714,,,
KASKAZINI A,2020,37,74.68571428571428,0.0,23.0428571428571,29.9
KASKAZINI A,2020,38,76.68571428571428,0.0,23.7142857142857,30.7
KASKAZINI A,2020,39,76.11428571428571,0.0,22.1857142857143,31.0714285714286
KASKAZINI A,2020,40,77.17142857142858,25.5,23.1,30.6857142857143
KASKAZINI A,2020,41,78.77142857142857,15.5,24.0857142857143,31.7857142857143
KASKAZINI A,2020,42,78.74285714285715,29.5,23.4857142857143,32.1142857142857
KASKAZINI A,2020,43,77.71428571428571,0.0,23.5285714285714,31.3428571428571
KASKAZINI A,2020,44,78.37142857142858,19.3,23.875,31.3142857142857
KASKAZINI A,2020,45,81.42857142857143,50.0,22.8,30.0428571428571
KASKAZINI A,2020,46,81.15714285714286,109.6,24.1857142857143,29.9428571428571
KASKAZINI A,2020,47,81.82857142857142,71.0,24.6285714285714,30.9714285714286
KASKAZINI A,2020,48,82.67142857142858,16.2,24.7875,30.6714285714286
KASKAZINI A,2020,49,79.89999999999999,,,
KASKAZINI A,2020,50,78.94285714285715,10.0,24.5285714285714,31.5285714285714
KASKAZINI A,2020,51,79.38571428571429,0.0,25.0571428571429,31.9428571428571
KASKAZINI A,2020,52,79.21428571428571,24.0,24.5428571428571,31.7
KASKAZINI A,2020,53,,27.2,,
KASKAZINI A,2021,1,77.52857142857144,25.2,25.3142857142857,31.4571428571429
KASKAZINI A,2021,2,76.87142857142858,51.2,25.2714285714286,31.2
KASKAZINI A,2021,3,76.07142857142857,0.0,25.0714285714286,33.2428571428572
KASKAZINI A,2021,4,75.81428571428572,19.3,25.0857142857143,32.9428571428571
KASKAZINI A,2021,5,77.35714285714286,0.0,24.9571428571429,32.9428571428571
KASKAZINI A,2021,6,78.39999999999999,9.8,25.7285714285714,31.3714285714286
KASKAZINI A,2021,7,78.14285714285714,0.0,25.0857142857143,32.5
KASKAZINI A,2021,8,78.04285714285713,64.0,25.2428571428571,33.2428571428572
KASKAZINI A,2021,9,74.58571428571429,0.0,26.1571428571429,33.9
KASKAZINI A,2021,10,74.3,0.0,25.0428571428571,33.5285714285714
KASKAZINI A,2021,11,75.08571428571429,0.0,25.0,32.8714285714286
KASKAZINI A,2021,12,75.01428571428572,20.0,25.7714285714286,32.8571428571429
KASKAZINI A,2021,13,77.67142857142858,,,
KASKAZINI A,2021,14,82.3,96.3,25.5285714285714,31.9142857142857
KASKAZINI A,2021,15,82.48571428571428,69.4,24.3571428571429,29.5857142857143
KASKAZINI A,2021,16,82.85714285714286,126.6,24.5428571428571,29.9571428571429
KASKAZINI A,2021,17,80.41428571428571,58.1,25.5428571428571,31.2571428571429
KASKAZINI A,2021,18,77.77142857142857,81.8,24.9142857142857,28.9142857142857
KASKAZINI A,2021,19,77.35714285714286,0.0,24.8,30.9857142857143
KASKAZINI A,2021,20,76.87142857142858,0.0,24.7142857142857,31.2285714285714
KASKAZINI A,2021,21,76.92857142857143,0.0,24.3428571428571,30.7857142857143
KASKAZINI A,2021,22,75.17142857142858,,,
KASKAZINI A,2021,23,74.3,0.0,23.9,30.1714285714286
KASKAZINI A,2021,24,74.77142857142857,0.0,23.3428571428571,29.2
KASKAZINI A,2021,25,75.45714285714287,2.5,23.3714285714286,29.1571428571429
KASKAZINI A,2021,26,73.42857142857143,4.2,21.8428571428571,29.5142857142857
KASKAZINI A,2021,27,73.45714285714287,0.0,23.1571428571429,29.7857142857143
KASKAZINI A,2021,28,74.35714285714286,41.6,23.7142857142857,29.6428571428571
KASKAZINI A,2021,29,73.25714285714285,0.0,23.4857142857143,30.0571428571429
KASKAZINI A,2021,30,73.14285714285714,0.0,23.2857142857143,29.5571428571429
KASKAZINI A,2021,31,75.18571428571428,0.0,22.8571428571429,29.4
KASKAZINI A,2021,32,76.51428571428572,0.0,21.6571428571429,29.3714285714286
KASKAZINI A,2021,33,75.18571428571428,6.3,22.7571428571429,29.3714285714286
KASKAZINI A,2021,34,75.91428571428571,3.4,21.5285714285714,30.1
KASKAZINI A,2021,35,74.94285714285715,,,
KASKAZINI A,2021,36,73.39999999999999,0.0,23.1428571428571,30.2571428571429
KASKAZINI A,2021,37,74.60000000000001,0.0,22.9,30.0285714285714
KASKAZINI A,2021,38,73.91428571428571,0.0,22.3714285714286,30.8
KASKAZINI A,2021,39,73.68571428571428,0.0,22.8714285714286,30.7
KASKAZINI A,2021,40,75.05714285714285,0.0,22.9,31.8857142857143
KASKAZINI A,2021,41,75.12857142857142,0.0,23.5142857142857,31.6
KASKAZINI A,2021,42,74.67142857142858,18.0,22.9,31.0714285714286
KASKAZINI A,2021,43,73.1,8.6,23.5285714285714,31.8571428571429
KASKAZINI A,2021,44,73.62857142857142,0.0,24.8571428571429,33.0428571428571
KASKAZINI A,2021,45,73.95714285714287,0.0,24.1428571428571,32.7142857142857
KASKAZINI A,2021,46,73.95714285714287,0.0,24.0714285714286,32.9714285714286
KASKAZINI A,2021,47,74.07142857142857,30.5,25.6571428571429,32.6833333333333
KASKAZINI A,2021,48,79.41428571428571,,,
KASKAZINI A,2021,49,82.01428571428572,0.0,25.5285714285714,31.1714285714286
KASKAZINI A,2021,50,82.01428571428572,34.3,24.3571428571429,30.7428571428571
KASKAZINI A,2021,51,82.31428571428572,25.0,25.1142857142857,31.3714285714286
KASKAZINI A,2021,52,81.15714285714286,0.0,25.0571428571429,31.5285714285714
KASKAZINI A,2022,1,80.24285714285715,0.0,26.0,33.6142857142857
KASKAZINI A,2022,2,79.54285714285713,0.0,26.2142857142857,33.7571428571429
KASKAZINI A,2022,3,79.7,81.5,25.3142857142857,33.0285714285714
KASKAZINI A,2022,4,79.38571428571429,45.6,24.4714285714286,31.0571428571429
KASKAZINI A,2022,5,82.89999999999999,,,
KASKAZINI A,2022,6,83.11428571428571,47.7,24.8285714285714,31.3714285714286
KASKAZINI A,2022,7,82.38571428571429,0.0,25.7142857142857,32.2714285714286
KASKAZINI A,2022,8,83.87142857142858,70.5,25.6285714285714,33.3428571428571
KASKAZINI A,2022,9,81.22857142857143,20.7,25.7857142857143,32.1285714285714
KASKAZINI A,2022,10,80.5,0.0,25.5714285714286,33.8571428571429
KASKAZINI A,2022,11,80.47142857142856,0.0,25.7714285714286,33.7285714285714
KASKAZINI A,2022,12,79.97142857142856,0.0,26.1714285714286,33.8714285714286
KASKAZINI A,2022,13,82.58571428571429,35.3,25.5857142857143,32.8714285714286
KASKAZINI A,2022,14,85.32857142857142,0.0,25.7571428571429,32.9285714285714
KASKAZINI A,2022,15,85.22857142857143,109.3,25.4142857142857,31.5285714285714
KASKAZINI A,2022,16,84.81428571428572,310.2,24.8285714285714,30.4
KASKAZINI A,2022,17,84.74285714285715,111.5,25.1857142857143,29.9714285714286
KASKAZINI A,2022,18,84.08571428571429,38.7,24.8142857142857,30.4
KASKAZINI A,2022,19,84.27142857142857,0.0,25.7285714285714,31.5285714285714
KASKAZINI A,2022,20,85.21428571428571,25.7,25.1714285714286,31.2428571428571
KASKAZINI A,2022,21,84.65714285714286,12.3,24.9857142857143,31.7571428571429
KASKAZINI A,2022,22,83.8,,,
KASKAZINI A,2022,23,83.81428571428572,17.0,23.6142857142857,30.8142857142857
KASKAZINI A,2022,24,83.61428571428571,0.0,24.6428571428571,30.9714285714286
KASKAZINI A,2022,25,84.45714285714287,17.0,23.6,30.2285714285714
KASKAZINI A,2022,26,86.41428571428571,20.3,24.1142857142857,29.6571428571429
KASKAZINI A,2022,27,88.2,0.0,22.2428571428571,28.6857142857143
KASKAZINI A,2022,28,88.11428571428571,26.7,22.1285714285714,29.0428571428571
KASKAZINI A,2022,29,87.60000000000001,7.0,22.4857142857143,28.4428571428571
KASKAZINI A,2022,30,88.17142857142858,0.0,21.9571428571429,28.6571428571429
KASKAZINI A,2022,31,84.05714285714285,7.0,21.7428571428571,29.0857142857143
KASKAZINI A,2022,32,84.45714285714287,20.0,21.8285714285714,28.6857142857143
KASKAZINI A,2022,33,85.78571428571429,0.0,20.5285714285714,29.5571428571429
KASKAZINI A,2022,34,84.39999999999999,28.0,21.6,28.9857142857143
KASKAZINI A,2022,35,79.21428571428571,,,
KASKAZINI A,2022,36,74.98571428571428,0.0,22.2571428571429,30.0285714285714
KASKAZINI A,2022,37,75.72857142857143,4.0,21.7285714285714,30.2571428571429
KASKAZINI A,2022,38,75.91428571428571,0.0,23.0857142857143,30.5714285714286
KASKAZINI A,2022,39,75.68571428571428,0.0,23.0,30.8714285714286
KASKAZINI A,2022,40,71.68571428571428,0.0,22.5285714285714,30.6714285714286
KASKAZINI A,2022,41,71.5,18.5,22.2714285714286,31.2428571428571
KASKAZINI A,2022,42,71.57142857142857,0.0,22.4142857142857,31.0428571428571
KASKAZINI A,2022,43,72.37142857142858,0.0,23.0714285714286,30.5714285714286
KASKAZINI A,2022,44,75.28571428571429,,,
KASKAZINI A,2022,45,76.72857142857143,36.0,23.4142857142857,31.4
KASKAZINI A,2022,46,75.24285714285715,0.0,24.4,31.3
KASKAZINI A,2022,47,76.42857142857143,6.3,24.4714285714286,31.2
KASKAZINI A,2022,48,74.05714285714285,68.9,24.4285714285714,30.5714285714286
KASKAZINI A,2022,49,73.97142857142858,0.0,24.4,32.1
KASKAZINI A,2022,50,74.91428571428571,28.6,24.4428571428571,31.9857142857143
KASKAZINI A,2022,51,74.27142857142857,0.0,25.2857142857143,32.2857142857143
KASKAZINI A,2022,52,74.55714285714285,12.4,24.9571428571429,31.4
KASKAZINI A,2023,1,79.87142857142858,4.0,26.8857142857143,32.1428571428571
KASKAZINI A,2023,2,79.87142857142858,4.0,26.0714285714286,31.3285714285714
KASKAZINI A,2023,3,80.21428571428571,6.0,25.7285714285714,32.4142857142857
KASKAZINI A,2023,4,79.17142857142858,0.0,25.5428571428571,32.7142857142857
KASKAZINI A,2023,5,76.35714285714286,,,
KASKAZINI A,2023,6,74.61428571428571,0.0,25.0428571428571,33.3571428571429
KASKAZINI A,2023,7,74.88571428571429,0.0,24.3571428571429,33.2571428571429
KASKAZINI A,2023,8,75.98571428571428,0.0,25.1857142857143,33.4714285714286
KASKAZINI A,2023,9,76.28571428571429,0.0,24.1142857142857,33.5142857142857
KASKAZINI A,2023,10,77.89999999999999,0.0,24.7714285714286,33.9142857142857
KASKAZINI A,2023,11,78.15714285714286,0.0,25.5714285714286,34.1428571428571
KASKAZINI A,2023,12,77.98571428571428,85.0,26.0142857142857,31.7571428571429
KASKAZINI A,2023,13,82.12857142857142,48.2,25.9857142857143,31.3
KASKAZINI A,2023,14,90.67142857142858,24.0,25.5285714285714,31.5857142857143
KASKAZINI A,2023,15,90.4,20.0,25.3,31.2714285714286
KASKAZINI A,2023,16,90.31428571428572,209.0,24.8714285714286,28.8142857142857
KASKAZINI A,2023,17,90.38571428571429,125.2,24.7,30.0571428571429
KASKAZINI A,2023,18,85.6,18.0,24.6571428571429,30.8857142857143
KASKAZINI A,2023,19,85.81428571428572,140.3,24.9571428571429,30.5142857142857
KASKAZINI A,2023,20,86.5,10.0,25.3571428571429,31.0714285714286
KASKAZINI A,2023,21,86.17142857142858,25.0,24.3,29.9
KASKAZINI A,2023,22,86.31428571428572,,,
KASKAZINI A,2023,23,86.21428571428571,108.3,23.8714285714286,28.7571428571429
KASKAZINI A,2023,24,85.65714285714286,0.0,23.9714285714286,29.6714285714286
KASKAZINI A,2023,25,86.14285714285714,0.0,23.1,30.1285714285714
KASKAZINI A,2023,26,86.15714285714286,0.0,23.6142857142857,29.6
KASKAZINI A,2023,27,87.71428571428571,22.5,23.2,28.4428571428571
KASKAZINI A,2023,28,88.42857142857143,31.0,22.8142857142857,29.1571428571429
KASKAZINI A,2023,29,87.98571428571428,10.8,22.6714285714286,29.6285714285714
KASKAZINI A,2023,30,87.88571428571429,13.0,22.0142857142857,28.5857142857143
KASKAZINI A,2023,31,86.72857142857143,,,
KASKAZINI A,2023,32,85.75714285714285,0.0,22.4428571428571,29.3857142857143
KASKAZINI A,2023,33,84.05714285714285,24.5,22.4,29.9428571428571
KASKAZINI A,2023,34,83.38571428571429,6.0,22.5714285714286,30.6571428571429
KASKAZINI A,2023,35,82.24285714285715,2.0,22.4285714285714,30.4285714285714
KASKAZINI A,2023,36,80.68571428571428,0.0,21.2285714285714,31.2428571428571
KASKAZINI A,2023,37,80.89999999999999,0.0,20.9857142857143,31.0571428571429
KASKAZINI A,2023,38,80.45714285714287,0.0,20.4285714285714,31.4285714285714
KASKAZINI A,2023,39,79.39999999999999,7.0,22.1571428571429,30.8857142857143
KASKAZINI A,2023,40,70.27142857142857,0.0,24.8714285714286,30.7142857142857
KASKAZINI A,2023,41,69.38571428571429,0.0,24.2,31.5285714285714
KASKAZINI A,2023,42,69.1,0.0,24.0,32.1571428571429
KASKAZINI A,2023,43,69.54285714285714,29.6,24.1,31.3285714285714
KASKAZINI A,2023,44,74.71428571428571,,,
KASKAZINI A,2023,45,76.35714285714286,284.6,25.0142857142857,27.8714285714286
KASKAZINI A,2023,46,76.95714285714287,156.0,24.3857142857143,29.7
KASKAZINI A,2023,47,77.15714285714286,52.5,24.1428571428571,30.1
KASKAZINI A,2023,48,77.67142857142858,47.2,24.7,30.3714285714286
KASKAZINI A,2023,49,77.34285714285714,52.0,23.6857142857143,30.7142857142857
KASKAZINI A,2023,50,78.5,15.5,25.0714285714286,31.5285714285714
KASKAZINI A,2023,51,78.47142857142856,40.6,25.1142857142857,32.1571428571429
KASKAZINI A,2023,52,77.84285714285714,0.0,25.6428571428571,31.3285714285714
KASKAZINI B,2018,1,70.55714285714285,5.3,,
KASKAZINI B,2018,2,71.18571428571428,0.0,,
KASKAZINI B,2018,3,71.85714285714286,0.0,,
KASKAZINI B,2018,4,71.85714285714286,0.0,,
KASKAZINI B,2018,5,67.0,,,
KASKAZINI B,2018,6,63.2,0.0,,
KASKAZINI B,2018,7,63.1,0.0,,
KASKAZINI B,2018,8,63.57142857142857,25.0,,
KASKAZINI B,2018,9,65.65714285714286,0.0,,
KASKAZINI B,2018,10,67.78571428571429,32.7,,
KASKAZINI B,2018,11,67.78571428571429,58.7,,
KASKAZINI B,2018,12,68.88571428571429,92.1,,
KASKAZINI B,2018,13,71.51428571428572,31.9,,
KASKAZINI B,2018,14,88.27142857142857,63.0,,
KASKAZINI B,2018,15,88.45714285714287,75.3,,
KASKAZINI B,2018,16,88.24285714285715,171.5,,
KASKAZINI B,2018,17,87.91428571428571,15.4,,
KASKAZINI B,2018,18,86.61428571428571,,,
KASKAZINI B,2018,19,86.17142857142858,206.0,,
KASKAZINI B,2018,20,85.84285714285714,192.3,,
KASKAZINI B,2018,21,85.58571428571429,72.0,,
KASKAZINI B,2018,22,75.58571428571429,45.0,,
KASKAZINI B,2018,23,63.75714285714286,0.0,,
KASKAZINI B,2018,24,62.18571428571429,22.7,,
KASKAZINI B,2018,25,63.75714285714286,0.0,,
KASKAZINI B,2018,26,63.08571428571429,16.599999999999998,,
KASKAZINI B,2018,27,61.74285714285714,63.8,,
KASKAZINI B,2018,28,61.75714285714286,0.0,,
KASKAZINI B,2018,29,61.48571428571428,0.0,,
KASKAZINI B,2018,30,61.84285714285714,0.0,,
KASKAZINI B,2018,31,67.58571428571429,,,
KASKAZINI B,2018,32,69.47142857142856,0.0,,
KASKAZINI B,2018,33,69.34285714285714,0.0,,
KASKAZINI B,2018,34,68.14285714285714,5.4,,
KASKAZINI B,2018,35,65.45714285714286,2.5,,
KASKAZINI B,2018,36,58.18571428571429,15.2,,
KASKAZINI B,2018,37,58.65714285714286,11.5,,
KASKAZINI B,2018,38,58.05714285714286,18.6,,
KASKAZINI B,2018,39,58.91428571428571,41.0,,
KASKAZINI B,2018,40,69.32857142857144,4.3,,
KASKAZINI B,2018,41,67.57142857142857,0.0,,
KASKAZINI B,2018,42,68.92857142857143,0.0,,
KASKAZINI B,2018,43,68.31428571428572,59.900000000000006,,
KASKAZINI B,2018,44,69.04285714285714,,,
KASKAZINI B,2018,45,70.51428571428572,0.0,,
KASKAZINI B,2018,46,71.32857142857144,11.4,,
KASKAZINI B,2018,47,70.67142857142856,47.2,,
KASKAZINI B,2018,48,70.78571428571429,32.4,,
KASKAZINI B,2018,49,69.62857142857142,2.9,,
KASKAZINI B,2018,50,68.92857142857143,35.6,,
KASKAZINI B,2018,51,68.88571428571429,49.1,,
KASKAZINI B,2018,52,68.7,0.0,,
KASKAZINI B,2019,1,68.08571428571429,,,
KASKAZINI B,2019,2,67.98571428571428,21.7,26.8857142857143,33.0571428571429
KASKAZINI B,2019,3,67.54285714285714,0.0,26.0714285714286,33.8142857142857
KASKAZINI B,2019,4,67.45714285714286,22.0,25.7285714285714,33.6
KASKAZINI B,2019,5,69.81428571428572,7.0,25.5428571428571,33.2571428571429
KASKAZINI B,2019,6,71.85714285714286,13.6,25.0428571428571,34.5142857142857
KASKAZINI B,2019,7,71.47142857142858,0.0,24.3571428571429,31.9857142857143
KASKAZINI B,2019,8,72.07142857142857,42.0,25.1857142857143,31.3285714285714
KASKAZINI B,2019,9,74.98571428571428,10.0,24.1142857142857,32.7285714285714
KASKAZINI B,2019,10,77.71428571428571,8.4,24.7714285714286,33.8
KASKAZINI B,2019,11,76.22857142857143,0.0,25.5714285714286,34.1285714285714
KASKAZINI B,2019,12,77.39999999999999,0.0,26.0142857142857,35.2714285714286
KASKAZINI B,2019,13,77.52857142857144,39.0,25.9857142857143,34.8285714285714
KASKAZINI B,2019,14,85.8,29.7,25.5285714285714,32.4714285714286
KASKAZINI B,2019,15,84.62857142857142,40.4,25.3,32.0428571428571
KASKAZINI B,2019,16,85.74285714285715,4.0,24.8714285714286,31.4142857142857
KASKAZINI B,2019,17,84.68571428571428,0.0,24.7,30.2
KASKAZINI B,2019,18,86.52857142857144,,,
KASKAZINI B,2019,19,87.22857142857143,259.7,24.6571428571429,31.4142857142857
KASKAZINI B,2019,20,87.8,226.3,24.9571428571429,30.7285714285714
KASKAZINI B,2019,21,87.34285714285714,98.0,25.3571428571429,31.4714285714286
KASKAZINI B,2019,22,84.82857142857142,0.0,24.3,30.6571428571429
KASKAZINI B,2019,23,80.32857142857142,0.0,23.8714285714286,30.3285714285714
KASKAZINI B,2019,24,80.74285714285715,3.1,23.9714285714286,30.3142857142857
KASKAZINI B,2019,25,80.05714285714285,0.0,23.1,29.9
KASKAZINI B,2019,26,80.05714285714285,0.0,23.6142857142857,29.6857142857143
KASKAZINI B,2019,27,75.45714285714287,0.0,23.2,30.8
KASKAZINI B,2019,28,76.32857142857142,0.0,22.8142857142857,30.2571428571429
KASKAZINI B,2019,29,76.88571428571429,15.8,22.6714285714286,29.5
KASKAZINI B,2019,30,76.77142857142857,0.0,22.0142857142857,30.3714285714286
KASKAZINI B,2019,31,77.51428571428572,,,
KASKAZINI B,2019,32,77.8,0.0,22.4428571428571,30.3285714285714
KASKAZINI B,2019,33,78.89999999999999,20.0,22.4,29.8857142857143
KASKAZINI B,2019,34,76.38571428571429,7.0,22.5714285714286,30.6714285714286
KASKAZINI B,2019,35,79.84285714285714,0.0,22.4285714285714,30.1857142857143
KASKAZINI B,2019,36,87.52857142857144,2.0,21.2285714285714,29.2142857142857
KASKAZINI B,2019,37,88.18571428571428,21.1,20.9857142857143,30.3
KASKAZINI B,2019,38,87.7,31.3,20.4285714285714,30.7142857142857
KASKAZINI B,2019,39,87.28571428571429,20.9,22.1571428571429,30.5285714285714
KASKAZINI B,2019,40,85.98571428571428,,,
KASKAZINI B,2019,41,86.98571428571428,99.5,24.8714285714286,29.9142857142857
KASKAZINI B,2019,42,86.04285714285713,177.2,24.2,29.0
KASKAZINI B,2019,43,85.57142857142857,98.4,24.0,29.7428571428571
KASKAZINI B,2019,44,84.42857142857143,74.6,24.1,30.6
KASKAZINI B,2019,45,84.15714285714286,117.7,25.0142857142857,32.0285714285714
KASKAZINI B,2019,46,85.68571428571428,41.8,24.3857142857143,31.2428571428571
KASKAZINI B,2019,47,83.68571428571428,82.0,24.1428571428571,31.1857142857143
KASKAZINI B,2019,48,84.44285714285715,25.7,24.7,31.9285714285714
KASKAZINI B,2019,49,81.38571428571429,73.5,23.6857142857143,32.6571428571429
KASKAZINI B,2019,50,80.48571428571428,3.3,25.0714285714286,33.3142857142857
KASKAZINI B,2019,51,81.77142857142857,94.0,25.1142857142857,31.8714285714286
KASKAZINI B,2019,52,81.52857142857144,21.3,25.6428571428571,33.8
KASKAZINI B,2020,1,81.01428571428572,,,
KASKAZINI B,2020,2,81.74285714285715,0.0,25.8428571428571,33.7
KASKAZINI B,2020,3,81.58571428571429,42.5,25.4857142857143,33.1285714285714
KASKAZINI B,2020,4,81.91428571428571,188.3,24.9285714285714,31.6714285714286
KASKAZINI B,2020,5,81.0,36.1,25.8,30.7571428571429
KASKAZINI B,2020,6,79.38571428571429,2.6,25.0571428571429,34.5142857142857
KASKAZINI B,2020,7,79.25714285714285,9.7,25.1428571428571,31.9857142857143
KASKAZINI B,2020,8,79.74285714285715,16.4,25.9714285714286,31.3285714285714
KASKAZINI B,2020,9,79.47142857142856,0.0,26.375,32.7285714285714
KASKAZINI B,2020,10,80.65714285714286,29.8,25.4,32.2571428571429
KASKAZINI B,2020,11,80.17142857142858,45.9,24.9428571428571,32.1857142857143
KASKAZINI B,2020,12,79.71428571428571,18.1,25.8428571428571,32.0571428571429
KASKAZINI B,2020,13,81.10000000000001,41.5,25.5375,31.8714285714286
KASKAZINI B,2020,14,84.92857142857143,,,
KASKAZINI B,2020,15,87.21428571428571,62.1,25.7714285714286,32.8857142857143
KASKAZINI B,2020,16,87.0,223.2,24.3857142857143,30.1571428571429
KASKAZINI B,2020,17,86.37142857142858,384.4,24.6571428571429,29.1857142857143
KASKAZINI B,2020,18,83.22857142857143,210.5,25.0,30.9571428571429
KASKAZINI B,2020,19,79.8,98.1,24.9285714285714,30.2142857142857
KASKAZINI B,2020,20,79.85714285714286,0.0,25.7285714285714,30.4571428571429
KASKAZINI B,2020,21,80.64285714285714,38.3,24.5142857142857,29.9285714285714
KASKAZINI B,2020,22,80.87142857142858,0.0,24.325,30.7714285714286
KASKAZINI B,2020,23,74.17142857142858,0.0,24.9428571428571,30.4571428571429
KASKAZINI B,2020,24,75.61428571428571,2.3,24.2428571428571,30.6428571428571
KASKAZINI B,2020,25,73.60000000000001,0.0,23.5,30.3857142857143
KASKAZINI B,2020,26,74.72857142857143,3.1,24.225,29.8714285714286
KASKAZINI B,2020,27,71.91428571428573,,,
KASKAZINI B,2020,28,73.2,0.0,23.5857142857143,29.7714285714286
KASKAZINI B,2020,29,72.64285714285714,18.3,23.1,29.6
KASKAZINI B,2020,30,72.4,10.4,22.7285714285714,28.8285714285714
KASKAZINI B,2020,31,74.10000000000001,1.5,22.75,29.3428571428571
KASKAZINI B,2020,32,76.89999999999999,2.3,23.0285714285714,29.8571428571429
KASKAZINI B,2020,33,77.48571428571428,0.0,22.0571428571429,29.3285714285714
KASKAZINI B,2020,34,76.2,34.3,22.6857142857143,29.2285714285714
KASKAZINI B,2020,35,75.51428571428572,7.5,21.95,29.5
KASKAZINI B,2020,36,76.34285714285714,,,
KASKAZINI B,2020,37,74.68571428571428,31.0,23.0428571428571,29.9
KASKAZINI B,2020,38,76.68571428571428,13.0,23.7142857142857,30.7
KASKAZINI B,2020,39,76.11428571428571,20.1,22.1857142857143,31.0714285714286
KASKAZINI B,2020,40,77.17142857142858,24.0,23.1,30.6857142857143
KASKAZINI B,2020,41,78.77142857142857,0.0,24.0857142857143,31.7857142857143
KASKAZINI B,2020,42,78.74285714285715,5.0,23.4857142857143,32.1142857142857
KASKAZINI B,2020,43,77.71428571428571,65.4,23.5285714285714,31.3428571428571
KASKAZINI B,2020,44,78.37142857142858,36.3,23.875,31.3142857142857
KASKAZINI B,2020,45,81.42857142857143,170.8,22.8,30.0428571428571
KASKAZINI B,2020,46,81.15714285714286,176.4,24.1857142857143,29.9428571428571
KASKAZINI B,2020,47,81.82857142857142,30.3,24.6285714285714,30.9714285714286
KASKAZINI B,2020,48,82.67142857142858,121.2,24.7875,30.6714285714286
KASKAZINI B,2020,49,79.89999999999999,,,
KASKAZINI B,2020,50,78.94285714285715,51.5,24.5285714285714,31.5285714285714
KASKAZINI B,2020,51,79.38571428571429,0.0,25.0571428571429,31.9428571428571
KASKAZINI B,2020,52,79.21428571428571,15.9,24.5428571428571,31.7
KASKAZINI B,2020,53,,7.7,,
KASKAZINI B,2021,1,77.52857142857144,14.0,25.3142857142857,31.4571428571429
KASKAZINI B,2021,2,76.87142857142858,11.2,25.2714285714286,31.2
KASKAZINI B,2021,3,76.07142857142857,0.0,25.0714285714286,33.2428571428572
KASKAZINI B,2021,4,75.81428571428572,0.0,25.0857142857143,32.9428571428571
KASKAZINI B,2021,5,77.35714285714286,0.0,24.9571428571429,32.9428571428571
KASKAZINI B,2021,6,78.39999999999999,4.5,25.7285714285714,31.3714285714286
KASKAZINI B,2021,7,78.14285714285714,0.0,25.0857142857143,32.5
KASKAZINI B,2021,8,78.04285714285713,9.6,25.2428571428571,33.2428571428572
KASKAZINI B,2021,9,74.58571428571429,0.0,26.1571428571429,33.9
KASKAZINI B,2021,10,74.3,0.0,25.0428571428571,33.5285714285714
KASKAZINI B,2021,11,75.08571428571429,15.1,25.0,32.8714285714286
KASKAZINI B,2021,12,75.01428571428572,41.8,25.7714285714286,32.8571428571429
KASKAZINI B,2021,13,77.67142857142858,,,
KASKAZINI B,2021,14,82.3,23.6,25.5285714285714,31.9142857142857
KASKAZINI B,2021,15,82.48571428571428,48.8,24.3571428571429,29.5857142857143
KASKAZINI B,2021,16,82.85714285714286,83.9,24.5428571428571,29.9571428571429
KASKAZINI B,2021,17,80.41428571428571,62.7,25.5428571428571,31.2571428571429
KASKAZINI B,2021,18,77.77142857142857,75.0,24.9142857142857,28.9142857142857
KASKAZINI B,2021,19,77.35714285714286,0.0,24.8,30.9857142857143
KASKAZINI B,2021,20,76.87142857142858,0.0,24.7142857142857,31.2285714285714
KASKAZINI B,2021,21,76.92857142857143,0.0,24.3428571428571,30.7857142857143
KASKAZINI B,2021,22,75.17142857142858,,,
KASKAZINI B,2021,23,74.3,16.6,23.9,30.1714285714286
KASKAZINI B,2021,24,74.77142857142857,0.0,23.3428571428571,29.2
KASKAZINI B,2021,25,75.45714285714287,4.4,23.3714285714286,29.1571428571429
KASKAZINI B,2021,26,73.42857142857143,13.6,21.8428571428571,29.5142857142857
KASKAZINI B,2021,27,73.45714285714287,1.6,23.1571428571429,29.7857142857143
KASKAZINI B,2021,28,74.35714285714286,17.2,23.7142857142857,29.6428571428571
KASKAZINI B,2021,29,73.25714285714285,2.0,23.4857142857143,30.0571428571429
KASKAZINI B,2021,30,73.14285714285714,4.8,23.2857142857143,29.5571428571429
KASKAZINI B,2021,31,75.18571428571428,5.9,22.8571428571429,29.4
KASKAZINI B,2021,32,76.51428571428572,0.0,21.6571428571429,29.3714285714286
KASKAZINI B,2021,33,75.18571428571428,40.900000000000006,22.7571428571429,29.3714285714286
KASKAZINI B,2021,34,75.91428571428571,9.6,21.5285714285714,30.1
KASKAZINI B,2021,35,74.94285714285715,,,
KASKAZINI B,2021,36,73.39999999999999,0.0,23.1428571428571,30.2571428571429
KASKAZINI B,2021,37,74.60000000000001,30.9,22.9,30.0285714285714
KASKAZINI B,2021,38,73.91428571428571,1.2,22.3714285714286,30.8
KASKAZINI B,2021,39,73.68571428571428,24.2,22.8714285714286,30.7
KASKAZINI B,2021,40,75.05714285714285,2.2,22.9,31.8857142857143
KASKAZINI B,2021,41,75.12857142857142,0.0,23.5142857142857,31.6
KASKAZINI B,2021,42,74.67142857142858,22.7,22.9,31.0714285714286
KASKAZINI B,2021,43,73.1,5.0,23.5285714285714,31.8571428571429
KASKAZINI B,2021,44,73.62857142857142,3.4,24.8571428571429,33.0428571428571
KASKAZINI B,2021,45,73.95714285714287,0.0,24.1428571428571,32.7142857142857
KASKAZINI B,2021,46,73.95714285714287,5.4,24.0714285714286,32.9714285714286
KASKAZINI B,2021,47,74.07142857142857,0.0,25.6571428571429,32.6833333333333
KASKAZINI B,2021,48,79.41428571428571,,,
KASKAZINI B,2021,49,82.01428571428572,93.6,25.5285714285714,31.1714285714286
KASKAZINI B,2021,50,82.01428571428572,60.2,24.3571428571429,30.7428571428571
KASKAZINI B,2021,51,82.31428571428572,25.8,25.1142857142857,31.3714285714286
KASKAZINI B,2021,52,81.15714285714286,70.2,25.0571428571429,31.5285714285714
KASKAZINI B,2022,1,80.24285714285715,0.0,26.0,33.6142857142857
KASKAZINI B,2022,2,79.54285714285713,0.0,26.2142857142857,33.7571428571429
KASKAZINI B,2022,3,79.7,82.5,25.3142857142857,33.0285714285714
KASKAZINI B,2022,4,79.38571428571429,23.9,24.4714285714286,31.0571428571429
KASKAZINI B,2022,5,82.89999999999999,,,
KASKAZINI B,2022,6,83.11428571428571,64.5,24.8285714285714,31.3714285714286
KASKAZINI B,2022,7,82.38571428571429,4.5,25.7142857142857,32.2714285714286
KASKAZINI B,2022,8,83.87142857142858,52.0,25.6285714285714,33.3428571428571
KASKAZINI B,2022,9,81.22857142857143,14.8,25.7857142857143,32.1285714285714
KASKAZINI B,2022,10,80.5,0.0,25.5714285714286,33.8571428571429
KASKAZINI B,2022,11,80.47142857142856,0.0,25.7714285714286,33.7285714285714
KASKAZINI B,2022,12,79.97142857142856,0.0,26.1714285714286,33.8714285714286
KASKAZINI B,2022,13,82.58571428571429,24.700000000000003,25.5857142857143,32.8714285714286
KASKAZINI B,2022,14,85.32857142857142,22.3,25.7571428571429,32.9285714285714
KASKAZINI B,2022,15,85.22857142857143,45.3,25.4142857142857,31.5285714285714
KASKAZINI B,2022,16,84.81428571428572,91.1,24.8285714285714,30.4
KASKAZINI B,2022,17,84.74285714285715,146.00000000000003,25.1857142857143,29.9714285714286
KASKAZINI B,2022,18,84.08571428571429,32.3,24.8142857142857,30.4
KASKAZINI B,2022,19,84.27142857142857,0.0,25.7285714285714,31.5285714285714
KASKAZINI B,2022,20,85.21428571428571,3.7,25.1714285714286,31.2428571428571
KASKAZINI B,2022,21,84.65714285714286,7.0,24.9857142857143,31.7571428571429
KASKAZINI B,2022,22,83.8,,,
KASKAZINI B,2022,23,83.81428571428572,31.5,23.6142857142857,30.8142857142857
KASKAZINI B,2022,24,83.61428571428571,0.0,24.6428571428571,30.9714285714286
KASKAZINI B,2022,25,84.45714285714287,0.0,23.6,30.2285714285714
KASKAZINI B,2022,26,86.41428571428571,18.8,24.1142857142857,29.6571428571429
KASKAZINI B,2022,27,88.2,2.8,22.2428571428571,28.6857142857143
KASKAZINI B,2022,28,88.11428571428571,13.599999999999998,22.1285714285714,29.0428571428571
KASKAZINI B,2022,29,87.60000000000001,16.8,22.4857142857143,28.4428571428571
KASKAZINI B,2022,30,88.17142857142858,8.3,21.9571428571429,28.6571428571429
KASKAZINI B,2022,31,84.05714285714285,0.0,21.7428571428571,29.0857142857143
KASKAZINI B,2022,32,84.45714285714287,18.4,21.8285714285714,28.6857142857143
KASKAZINI B,2022,33,85.78571428571429,2.3,20.5285714285714,29.5571428571429
KASKAZINI B,2022,34,84.39999999999999,7.4,21.6,28.9857142857143
KASKAZINI B,2022,35,79.21428571428571,,,
KASKAZINI B,2022,36,74.98571428571428,1.2,22.2571428571429,30.0285714285714
KASKAZINI B,2022,37,75.72857142857143,6.0,21.7285714285714,30.2571428571429
KASKAZINI B,2022,38,75.91428571428571,4.6,23.0857142857143,30.5714285714286
KASKAZINI B,2022,39,75.68571428571428,7.3,23.0,30.8714285714286
KASKAZINI B,2022,40,71.68571428571428,1.9,22.5285714285714,30.6714285714286
KASKAZINI B,2022,41,71.5,3.9,22.2714285714286,31.2428571428571
KASKAZINI B,2022,42,71.57142857142857,7.300000000000001,22.4142857142857,31.0428571428571
KASKAZINI B,2022,43,72.37142857142858,2.5,23.0714285714286,30.5714285714286
KASKAZINI B,2022,44,75.28571428571429,,,
KASKAZINI B,2022,45,76.72857142857143,28.0,23.4142857142857,31.4
KASKAZINI B,2022,46,75.24285714285715,0.0,24.4,31.3
KASKAZINI B,2022,47,76.42857142857143,26.3,24.4714285714286,31.2
KASKAZINI B,2022,48,74.05714285714285,39.0,24.4285714285714,30.5714285714286
KASKAZINI B,2022,49,73.97142857142858,0.0,24.4,32.1
KASKAZINI B,2022,50,74.91428571428571,2.4,24.4428571428571,31.9857142857143
KASKAZINI B,2022,51,74.27142857142857,26.6,25.2857142857143,32.2857142857143
KASKAZINI B,2022,52,74.55714285714285,67.7,24.9571428571429,31.4
KASKAZINI B,2023,1,79.87142857142858,0.0,26.8857142857143,32.1428571428571
KASKAZINI B,2023,2,79.87142857142858,0.0,26.0714285714286,31.3285714285714
KASKAZINI B,2023,3,80.21428571428571,2.5,25.7285714285714,32.4142857142857
KASKAZINI B,2023,4,79.17142857142858,5.1,25.5428571428571,32.7142857142857
KASKAZINI B,2023,5,76.35714285714286,,,
KASKAZINI B,2023,6,74.61428571428571,0.0,25.0428571428571,33.3571428571429
KASKAZINI B,2023,7,74.88571428571429,2.1,24.3571428571429,33.2571428571429
KASKAZINI B,2023,8,75.98571428571428,0.0,25.1857142857143,33.4714285714286
KASKAZINI B,2023,9,76.28571428571429,0.0,24.1142857142857,33.5142857142857
KASKAZINI B,2023,10,77.89999999999999,0.0,24.7714285714286,33.9142857142857
KASKAZINI B,2023,11,78.15714285714286,0.0,25.5714285714286,34.1428571428571
KASKAZINI B,2023,12,77.98571428571428,93.8,26.0142857142857,31.7571428571429
KASKAZINI B,2023,13,82.12857142857142,8.3,25.9857142857143,31.3
KASKAZINI B,2023,14,90.67142857142858,33.1,25.5285714285714,31.5857142857143
KASKAZINI B,2023,15,90.4,42.6,25.3,31.2714285714286
KASKAZINI B,2023,16,90.31428571428572,104.2,24.8714285714286,28.8142857142857
KASKAZINI B,2023,17,90.38571428571429,109.8,24.7,30.0571428571429
KASKAZINI B,2023,18,85.6,21.7,24.6571428571429,30.8857142857143
KASKAZINI B,2023,19,85.81428571428572,88.3,24.9571428571429,30.5142857142857
KASKAZINI B,2023,20,86.5,3.7,25.3571428571429,31.0714285714286
KASKAZINI B,2023,21,86.17142857142858,43.8,24.3,29.9
KASKAZINI B,2023,22,86.31428571428572,,,
KASKAZINI B,2023,23,86.21428571428571,56.3,23.8714285714286,28.7571428571429
KASKAZINI B,2023,24,85.65714285714286,2.8,23.9714285714286,29.6714285714286
KASKAZINI B,2023,25,86.14285714285714,5.9,23.1,30.1285714285714
KASKAZINI B,2023,26,86.15714285714286,0.0,23.6142857142857,29.6
KASKAZINI B,2023,27,87.71428571428571,13.4,23.2,28.4428571428571
KASKAZINI B,2023,28,88.42857142857143,0.0,22.8142857142857,29.1571428571429
KASKAZINI B,2023,29,87.98571428571428,0.0,22.6714285714286,29.6285714285714
KASKAZINI B,2023,30,87.88571428571429,29.3,22.0142857142857,28.5857142857143
KASKAZINI B,2023,31,86.72857142857143,,,
KASKAZINI B,2023,32,85.75714285714285,9.5,22.4428571428571,29.3857142857143
KASKAZINI B,2023,33,84.05714285714285,7.3,22.4,29.9428571428571
KASKAZINI B,2023,34,83.38571428571429,3.7,22.5714285714286,30.6571428571429
KASKAZINI B,2023,35,82.24285714285715,9.3,22.4285714285714,30.4285714285714
KASKAZINI B,2023,36,80.68571428571428,19.3,21.2285714285714,31.2428571428571
KASKAZINI B,2023,37,80.89999999999999,7.7,20.9857142857143,31.0571428571429
KASKAZINI B,2023,38,80.45714285714287,18.2,20.4285714285714,31.4285714285714
KASKAZINI B,2023,39,79.39999999999999,27.8,22.1571428571429,30.8857142857143
KASKAZINI B,2023,40,70.27142857142857,26.8,24.8714285714286,30.7142857142857
KASKAZINI B,2023,41,69.38571428571429,0.0,24.2,31.5285714285714
KASKAZINI B,2023,42,69.1,0.0,24.0,32.1571428571429
KASKAZINI B,2023,43,69.54285714285714,66.9,24.1,31.3285714285714
KASKAZINI B,2023,44,74.71428571428571,,,
KASKAZINI B,2023,45,76.35714285714286,302.2,25.0142857142857,27.8714285714286
KASKAZINI B,2023,46,76.95714285714287,126.7,24.3857142857143,29.7
KASKAZINI B,2023,47,77.15714285714286,82.6,24.1428571428571,30.1
KASKAZINI B,2023,48,77.67142857142858,57.3,24.7,30.3714285714286
KASKAZINI B,2023,49,77.34285714285714,23.9,23.6857142857143,30.7142857142857
KASKAZINI B,2023,50,78.5,56.5,25.0714285714286,31.5285714285714
KASKAZINI B,2023,51,78.47142857142856,51.4,25.1142857142857,32.1571428571429
KASKAZINI B,2023,52,77.84285714285714,12.0,25.6428571428571,31.3285714285714
KATI,2018,1,70.55714285714285,,,
KATI,2018,2,71.18571428571428,,,
KATI,2018,3,71.85714285714286,,,
KATI,2018,4,71.85714285714286,,,
KATI,2018,5,67.0,,,
KATI,2018,6,63.2,,,
KATI,2018,7,63.1,,,
KATI,2018,8,63.57142857142857,,,
KATI,2018,9,65.65714285714286,,,
KATI,2018,10,67.78571428571429,,,
KATI,2018,11,67.78571428571429,,,
KATI,2018,12,68.88571428571429,,,
KATI,2018,13,71.51428571428572,,,
KATI,2018,14,88.27142857142857,,,
KATI,2018,15,88.45714285714287,,,
KATI,2018,16,88.24285714285715,,,
KATI,2018,17,87.91428571428571,,,
KATI,2018,18,86.61428571428571,,,
KATI,2018,19,86.17142857142858,,,
KATI,2018,20,85.84285714285714,,,
KATI,2018,21,85.58571428571429,,,
KATI,2018,22,75.58571428571429,,,
KATI,2018,23,63.75714285714286,,,
KATI,2018,24,62.18571428571429,,,
KATI,2018,25,63.75714285714286,,,
KATI,2018,26,63.08571428571429,,,
KATI,2018,27,61.74285714285714,,,
KATI,2018,28,61.75714285714286,,,
KATI,2018,29,61.48571428571428,,,
KATI,2018,30,61.84285714285714,,,
KATI,2018,31,67.58571428571429,,,
KATI,2018,32,69.47142857142856,,,
KATI,2018,33,69.34285714285714,,,
KATI,2018,34,68.14285714285714,,,
KATI,2018,35,65.45714285714286,,,
KATI,2018,36,58.18571428571429,,,
KATI,2018,37,58.65714285714286,,,
KATI,2018,38,58.05714285714286,,,
KATI,2018,39,58.91428571428571,,,
KATI,2018,40,69.32857142857144,,,
KATI,2018,41,67.57142857142857,,,
KATI,2018,42,68.92857142857143,,,
KATI,2018,43,68.31428571428572,,,
KATI,2018,44,69.04285714285714,,,
KATI,2018,45,70.51428571428572,,,
KATI,2018,46,71.32857142857144,,,
KATI,2018,47,70.67142857142856,,,
KATI,2018,48,70.78571428571429,,,
KATI,2018,49,69.62857142857142,,,
KATI,2018,50,68.92857142857143,,,
KATI,2018,51,68.88571428571429,,,
KATI,2018,52,68.7,,,
KATI,2019,1,68.08571428571429,,,
KATI,2019,2,67.98571428571428,,26.8857142857143,33.0571428571429
KATI,2019,3,67.54285714285714,,26.0714285714286,33.8142857142857
KATI,2019,4,67.45714285714286,,25.7285714285714,33.6
KATI,2019,5,69.81428571428572,,25.5428571428571,33.2571428571429
KATI,2019,6,71.85714285714286,,25.0428571428571,34.5142857142857
KATI,2019,7,71.47142857142858,,24.3571428571429,31.9857142857143
KATI,2019,8,72.07142857142857,,25.1857142857143,31.3285714285714
KATI,2019,9,74.98571428571428,,24.1142857142857,32.7285714285714
KATI,2019,10,77.71428571428571,,24.7714285714286,33.8
KATI,2019,11,76.22857142857143,,25.5714285714286,34.1285714285714
KATI,2019,12,77.39999999999999,,26.0142857142857,35.2714285714286
KATI,2019,13,77.52857142857144,,25.9857142857143,34.8285714285714
KATI,2019,14,85.8,,25.5285714285714,32.4714285714286
KATI,2019,15,84.62857142857142,,25.3,32.0428571428571
KATI,2019,16,85.74285714285715,,24.8714285714286,31.4142857142857
KATI,2019,17,84.68571428571428,,24.7,30.2
KATI,2019,18,86.52857142857144,,,
KATI,2019,19,87.22857142857143,,24.6571428571429,31.4142857142857
KATI,2019,20,87.8,,24.9571428571429,30.7285714285714
KATI,2019,21,87.34285714285714,,25.3571428571429,31.4714285714286
KATI,2019,22,84.82857142857142,,24.3,30.6571428571429
KATI,2019,23,80.32857142857142,,23.8714285714286,30.3285714285714
KATI,2019,24,80.74285714285715,,23.9714285714286,30.3142857142857
KATI,2019,25,80.05714285714285,,23.1,29.9
KATI,2019,26,80.05714285714285,,23.6142857142857,29.6857142857143
KATI,2019,27,75.45714285714287,,23.2,30.8
KATI,2019,28,76.32857142857142,,22.8142857142857,30.2571428571429
KATI,2019,29,76.88571428571429,,22.6714285714286,29.5
KATI,2019,30,76.77142857142857,,22.0142857142857,30.3714285714286
KATI,2019,31,77.51428571428572,,,
KATI,2019,32,77.8,,22.4428571428571,30.3285714285714
KATI,2019,33,78.89999999999999,,22.4,29.8857142857143
KATI,2019,34,76.38571428571429,,22.5714285714286,30.6714285714286
KATI,2019,35,79.84285714285714,,22.4285714285714,30.1857142857143
KATI,2019,36,87.52857142857144,,21.2285714285714,29.2142857142857
KATI,2019,37,88.18571428571428,,20.9857142857143,30.3
KATI,2019,38,87.7,,20.4285714285714,30.7142857142857
KATI,2019,39,87.28571428571429,,22.1571428571429,30.5285714285714
KATI,2019,40,85.98571428571428,,,
KATI,2019,41,86.98571428571428,,24.8714285714286,29.9142857142857
KATI,2019,42,86.04285714285713,,24.2,29.0
KATI,2019,43,85.57142857142857,,24.0,29.7428571428571
KATI,2019,44,84.42857142857143,,24.1,30.6
KATI,2019,45,84.15714285714286,,25.0142857142857,32.0285714285714
KATI,2019,46,85.68571428571428,,24.3857142857143,31.2428571428571
KATI,2019,47,83.68571428571428,,24.1428571428571,31.1857142857143
KATI,2019,48,84.44285714285715,,24.7,31.9285714285714
KATI,2019,49,81.38571428571429,,23.6857142857143,32.6571428571429
KATI,2019,50,80.48571428571428,,25.0714285714286,33.3142857142857
KATI,2019,51,81.77142857142857,,25.1142857142857,31.8714285714286
KATI,2019,52,81.52857142857144,,25.6428571428571,33.8
KATI,2020,1,81.01428571428572,,,
KATI,2020,2,81.74285714285715,,25.8428571428571,33.7
KATI,2020,3,81.58571428571429,,25.4857142857143,33.1285714285714
KATI,2020,4,81.91428571428571,,24.9285714285714,31.6714285714286
KATI,2020,5,81.0,,25.8,30.7571428571429
KATI,2020,6,79.38571428571429,,25.0571428571429,34.5142857142857
KATI,2020,7,79.25714285714285,,25.1428571428571,31.9857142857143
KATI,2020,8,79.74285714285715,,25.9714285714286,31.3285714285714
KATI,2020,9,79.47142857142856,,26.375,32.7285714285714
KATI,2020,10,80.65714285714286,,25.4,32.2571428571429
KATI,2020,11,80.17142857142858,,24.9428571428571,32.1857142857143
KATI,2020,12,79.71428571428571,,25.8428571428571,32.0571428571429
KATI,2020,13,81.10000000000001,,25.5375,31.8714285714286
KATI,2020,14,84.92857142857143,,,
KATI,2020,15,87.21428571428571,,25.7714285714286,32.8857142857143
KATI,2020,16,87.0,,24.3857142857143,30.1571428571429
KATI,2020,17,86.37142857142858,,24.6571428571429,29.1857142857143
KATI,2020,18,83.22857142857143,,25.0,30.9571428571429
KATI,2020,19,79.8,,24.9285714285714,30.2142857142857
KATI,2020,20,79.85714285714286,,25.7285714285714,30.4571428571429
KATI,2020,21,80.64285714285714,,24.5142857142857,29.9285714285714
KATI,2020,22,80.87142857142858,,24.325,30.7714285714286
KATI,2020,23,74.17142857142858,,24.9428571428571,30.4571428571429
KATI,2020,24,75.61428571428571,,24.2428571428571,30.6428571428571
KATI,2020,25,73.60000000000001,,23.5,30.3857142857143
KATI,2020,26,74.72857142857143,,24.225,29.8714285714286
KATI,2020,27,71.91428571428573,,,
KATI,2020,28,73.2,,23.5857142857143,29.7714285714286
KATI,2020,29,72.64285714285714,,23.1,29.6
KATI,2020,30,72.4,,22.7285714285714,28.8285714285714
KATI,2020,31,74.10000000000001,,22.75,29.3428571428571
KATI,2020,32,76.89999999999999,,23.0285714285714,29.8571428571429
KATI,2020,33,77.48571428571428,,22.0571428571429,29.3285714285714
KATI,2020,34,76.2,,22.6857142857143,29.2285714285714
KATI,2020,35,75.51428571428572,,21.95,29.5
KATI,2020,36,76.34285714285714,,,
KATI,2020,37,74.68571428571428,,23.0428571428571,29.9
KATI,2020,38,76.68571428571428,,23.7142857142857,30.7
KATI,2020,39,76.11428571428571,,22.1857142857143,31.0714285714286
KATI,2020,40,77.17142857142858,,23.1,30.6857142857143
KATI,2020,41,78.77142857142857,,24.0857142857143,31.7857142857143
KATI,2020,42,78.74285714285715,,23.4857142857143,32.1142857142857
KATI,2020,43,77.71428571428571,,23.5285714285714,31.3428571428571
KATI,2020,44,78.37142857142858,,23.875,31.3142857142857
KATI,2020,45,81.42857142857143,,22.8,30.0428571428571
KATI,2020,46,81.15714285714286,,24.1857142857143,29.9428571428571
KATI,2020,47,81.82857142857142,,24.6285714285714,30.9714285714286
KATI,2020,48,82.67142857142858,,24.7875,30.6714285714286
KATI,2020,49,79.89999999999999,,,
KATI,2020,50,78.94285714285715,,24.5285714285714,31.5285714285714
KATI,2020,51,79.38571428571429,,25.0571428571429,31.9428571428571
KATI,2020,52,79.21428571428571,,24.5428571428571,31.7
KATI,2021,1,77.52857142857144,,25.3142857142857,31.4571428571429
KATI,2021,2,76.87142857142858,,25.2714285714286,31.2
KATI,2021,3,76.07142857142857,,25.0714285714286,33.2428571428572
KATI,2021,4,75.81428571428572,,25.0857142857143,32.9428571428571
KATI,2021,5,77.35714285714286,,24.9571428571429,32.9428571428571
KATI,2021,6,78.39999999999999,,25.7285714285714,31.3714285714286
KATI,2021,7,78.14285714285714,,25.0857142857143,32.5
KATI,2021,8,78.04285714285713,,25.2428571428571,33.2428571428572
KATI,2021,9,74.58571428571429,,26.1571428571429,33.9
KATI,2021,10,74.3,,25.0428571428571,33.5285714285714
KATI,2021,11,75.08571428571429,,25.0,32.8714285714286
KATI,2021,12,75.01428571428572,,25.7714285714286,32.8571428571429
KATI,2021,13,77.67142857142858,,,
KATI,2021,14,82.3,,25.5285714285714,31.9142857142857
KATI,2021,15,82.48571428571428,,24.3571428571429,29.5857142857143
KATI,2021,16,82.85714285714286,,24.5428571428571,29.9571428571429
KATI,2021,17,80.41428571428571,,25.5428571428571,31.2571428571429
KATI,2021,18,77.77142857142857,,24.9142857142857,28.9142857142857
KATI,2021,19,77.35714285714286,,24.8,30.9857142857143
KATI,2021,20,76.87142857142858,,24.7142857142857,31.2285714285714
KATI,2021,21,76.92857142857143,,24.3428571428571,30.7857142857143
KATI,2021,22,75.17142857142858,,,
KATI,2021,23,74.3,,23.9,30.1714285714286
KATI,2021,24,74.77142857142857,,23.3428571428571,29.2
KATI,2021,25,75.45714285714287,,23.3714285714286,29.1571428571429
KATI,2021,26,73.42857142857143,,21.8428571428571,29.5142857142857
KATI,2021,27,73.45714285714287,,23.1571428571429,29.7857142857143
KATI,2021,28,74.35714285714286,,23.7142857142857,29.6428571428571
KATI,2021,29,73.25714285714285,,23.4857142857143,30.0571428571429
KATI,2021,30,73.14285714285714,,23.2857142857143,29.5571428571429
KATI,2021,31,75.18571428571428,,22.8571428571429,29.4
KATI,2021,32,76.51428571428572,,21.6571428571429,29.3714285714286
KATI,2021,33,75.18571428571428,,22.7571428571429,29.3714285714286
KATI,2021,34,75.91428571428571,,21.5285714285714,30.1
KATI,2021,35,74.94285714285715,,,
KATI,2021,36,73.39999999999999,,23.1428571428571,30.2571428571429
KATI,2021,37,74.60000000000001,,22.9,30.0285714285714
KATI,2021,38,73.91428571428571,,22.3714285714286,30.8
KATI,2021,39,73.68571428571428,,22.8714285714286,30.7
KATI,2021,40,75.05714285714285,,22.9,31.8857142857143
KATI,2021,41,75.12857142857142,,23.5142857142857,31.6
KATI,2021,42,74.67142857142858,,22.9,31.0714285714286
KATI,2021,43,73.1,,23.5285714285714,31.8571428571429
KATI,2021,44,73.62857142857142,,24.8571428571429,33.0428571428571
KATI,2021,45,73.95714285714287,,24.1428571428571,32.7142857142857
KATI,2021,46,73.95714285714287,,24.0714285714286,32.9714285714286
KATI,2021,47,74.07142857142857,,25.6571428571429,32.6833333333333
KATI,2021,48,79.41428571428571,,,
KATI,2021,49,82.01428571428572,,25.5285714285714,31.1714285714286
KATI,2021,50,82.01428571428572,,24.3571428571429,30.7428571428571
KATI,2021,51,82.31428571428572,,25.1142857142857,31.3714285714286
KATI,2021,52,81.15714285714286,,25.0571428571429,31.5285714285714
KATI,2022,1,80.24285714285715,,26.0,33.6142857142857
KATI,2022,2,79.54285714285713,,26.2142857142857,33.7571428571429
KATI,2022,3,79.7,,25.3142857142857,33.0285714285714
KATI,2022,4,79.38571428571429,,24.4714285714286,31.0571428571429
KATI,2022,5,82.89999999999999,,,
KATI,2022,6,83.11428571428571,,24.8285714285714,31.3714285714286
KATI,2022,7,82.38571428571429,,25.7142857142857,32.2714285714286
KATI,2022,8,83.87142857142858,,25.6285714285714,33.3428571428571
KATI,2022,9,81.22857142857143,,25.7857142857143,32.1285714285714
KATI,2022,10,80.5,,25.5714285714286,33.8571428571429
KATI,2022,11,80.47142857142856,,25.7714285714286,33.7285714285714
KATI,2022,12,79.97142857142856,,26.1714285714286,33.8714285714286
KATI,2022,13,82.58571428571429,,25.5857142857143,32.8714285714286
KATI,2022,14,85.32857142857142,,25.7571428571429,32.9285714285714
KATI,2022,15,85.22857142857143,,25.4142857142857,31.5285714285714
KATI,2022,16,84.81428571428572,,24.8285714285714,30.4
KATI,2022,17,84.74285714285715,,25.1857142857143,29.9714285714286
KATI,2022,18,84.08571428571429,,24.8142857142857,30.4
KATI,2022,19,84.27142857142857,,25.7285714285714,31.5285714285714
KATI,2022,20,85.21428571428571,,25.1714285714286,31.2428571428571
KATI,2022,21,84.65714285714286,,24.9857142857143,31.7571428571429
KATI,2022,22,83.8,,,
KATI,2022,23,83.81428571428572,,23.6142857142857,30.8142857142857
KATI,2022,24,83.61428571428571,,24.6428571428571,30.9714285714286
KATI,2022,25,84.45714285714287,,23.6,30.2285714285714
KATI,2022,26,86.41428571428571,,24.1142857142857,29.6571428571429
KATI,2022,27,88.2,,22.2428571428571,28.6857142857143
KATI,2022,28,88.11428571428571,,22.1285714285714,29.0428571428571
KATI,2022,29,87.60000000000001,,22.4857142857143,28.4428571428571
KATI,2022,30,88.17142857142858,,21.9571428571429,28.6571428571429
KATI,2022,31,84.05714285714285,,21.7428571428571,29.0857142857143
KATI,2022,32,84.45714285714287,,21.8285714285714,28.6857142857143
KATI,2022,33,85.78571428571429,,20.5285714285714,29.5571428571429
KATI,2022,34,84.39999999999999,,21.6,28.9857142857143
KATI,2022,35,79.21428571428571,,,
KATI,2022,36,74.98571428571428,,22.2571428571429,30.0285714285714
KATI,2022,37,75.72857142857143,,21.7285714285714,30.2571428571429
KATI,2022,38,75.91428571428571,,23.0857142857143,30.5714285714286
KATI,2022,39,75.68571428571428,,23.0,30.8714285714286
KATI,2022,40,71.68571428571428,,22.5285714285714,30.6714285714286
KATI,2022,41,71.5,,22.2714285714286,31.2428571428571
KATI,2022,42,71.57142857142857,,22.4142857142857,31.0428571428571
KATI,2022,43,72.37142857142858,,23.0714285714286,30.5714285714286
KATI,2022,44,75.28571428571429,,,
KATI,2022,45,76.72857142857143,,23.4142857142857,31.4
KATI,2022,46,75.24285714285715,,24.4,31.3
KATI,2022,47,76.42857142857143,,24.4714285714286,31.2
KATI,2022,48,74.05714285714285,,24.4285714285714,30.5714285714286
KATI,2022,49,73.97142857142858,,24.4,32.1
KATI,2022,50,74.91428571428571,,24.4428571428571,31.9857142857143
KATI,2022,51,74.27142857142857,,25.2857142857143,32.2857142857143
KATI,2022,52,74.55714285714285,,24.9571428571429,31.4
KATI,2023,1,79.87142857142858,,26.8857142857143,32.1428571428571
KATI,2023,2,79.87142857142858,,26.0714285714286,31.3285714285714
KATI,2023,3,80.21428571428571,,25.7285714285714,32.4142857142857
KATI,2023,4,79.17142857142858,,25.5428571428571,32.7142857142857
KATI,2023,5,76.35714285714286,,,
KATI,2023,6,74.61428571428571,,25.0428571428571,33.3571428571429
KATI,2023,7,74.88571428571429,,24.3571428571429,33.2571428571429
KATI,2023,8,75.98571428571428,,25.1857142857143,33.4714285714286
KATI,2023,9,76.28571428571429,,24.1142857142857,33.5142857142857
KATI,2023,10,77.89999999999999,,24.7714285714286,33.9142857142857
KATI,2023,11,78.15714285714286,,25.5714285714286,34.1428571428571
KATI,2023,12,77.98571428571428,,26.0142857142857,31.7571428571429
KATI,2023,13,82.12857142857142,,25.9857142857143,31.3
KATI,2023,14,90.67142857142858,,25.5285714285714,31.5857142857143
KATI,2023,15,90.4,,25.3,31.2714285714286
KATI,2023,16,90.31428571428572,,24.8714285714286,28.8142857142857
KATI,2023,17,90.38571428571429,,24.7,30.0571428571429
KATI,2023,18,85.6,,24.6571428571429,30.8857142857143
KATI,2023,19,85.81428571428572,,24.9571428571429,30.5142857142857
KATI,2023,20,86.5,,25.3571428571429,31.0714285714286
KATI,2023,21,86.17142857142858,,24.3,29.9
KATI,2023,22,86.31428571428572,,,
KATI,2023,23,86.21428571428571,,23.8714285714286,28.7571428571429
KATI,2023,24,85.65714285714286,,23.9714285714286,29.6714285714286
KATI,2023,25,86.14285714285714,,23.1,30.1285714285714
KATI,2023,26,86.15714285714286,,23.6142857142857,29.6
KATI,2023,27,87.71428571428571,,23.2,28.4428571428571
KATI,2023,28,88.42857142857143,,22.8142857142857,29.1571428571429
KATI,2023,29,87.98571428571428,,22.6714285714286,29.6285714285714
KATI,2023,30,87.88571428571429,,22.0142857142857,28.5857142857143
KATI,2023,31,86.72857142857143,,,
KATI,2023,32,85.75714285714285,,22.4428571428571,29.3857142857143
KATI,2023,33,84.05714285714285,,22.4,29.9428571428571
KATI,2023,34,83.38571428571429,,22.5714285714286,30.6571428571429
KATI,2023,35,82.24285714285715,,22.4285714285714,30.4285714285714
KATI,2023,36,80.68571428571428,,21.2285714285714,31.2428571428571
KATI,2023,37,80.89999999999999,,20.9857142857143,31.0571428571429
KATI,2023,38,80.45714285714287,,20.4285714285714,31.4285714285714
KATI,2023,39,79.39999999999999,,22.1571428571429,30.8857142857143
KATI,2023,40,70.27142857142857,,24.8714285714286,30.7142857142857
KATI,2023,41,69.38571428571429,,24.2,31.5285714285714
KATI,2023,42,69.1,,24.0,32.1571428571429
KATI,2023,43,69.54285714285714,,24.1,31.3285714285714
KATI,2023,44,74.71428571428571,,,
KATI,2023,45,76.35714285714286,,25.0142857142857,27.8714285714286
KATI,2023,46,76.95714285714287,,24.3857142857143,29.7
KATI,2023,47,77.15714285714286,,24.1428571428571,30.1
KATI,2023,48,77.67142857142858,,24.7,30.3714285714286
KATI,2023,49,77.34285714285714,,23.6857142857143,30.7142857142857
KATI,2023,50,78.5,,25.0714285714286,31.5285714285714
KATI,2023,51,78.47142857142856,,25.1142857142857,32.1571428571429
KATI,2023,52,77.84285714285714,,25.6428571428571,31.3285714285714
KUSINI,2018,1,70.55714285714285,63.1,,
KUSINI,2018,2,71.18571428571428,4.1,,
KUSINI,2018,3,71.85714285714286,0.0,,
KUSINI,2018,4,71.85714285714286,0.0,,
KUSINI,2018,5,67.0,,,
KUSINI,2018,6,63.2,0.0,,
KUSINI,2018,7,63.1,0.0,,
KUSINI,2018,8,63.57142857142857,0.0,,
KUSINI,2018,9,65.65714285714286,0.0,,
KUSINI,2018,10,67.78571428571429,30.6,,
KUSINI,2018,11,67.78571428571429,6.5,,
KUSINI,2018,12,68.88571428571429,10.0,,
KUSINI,2018,13,71.51428571428572,61.8,,
KUSINI,2018,14,88.27142857142857,112.6,,
KUSINI,2018,15,88.45714285714287,96.9,,
KUSINI,2018,16,88.24285714285715,244.6,,
KUSINI,2018,17,87.91428571428571,20.1,,
KUSINI,2018,18,86.61428571428571,,,
KUSINI,2018,19,86.17142857142858,454.5,,
KUSINI,2018,20,85.84285714285714,209.3,,
KUSINI,2018,21,85.58571428571429,76.7,,
KUSINI,2018,22,75.58571428571429,119.6,,
KUSINI,2018,23,63.75714285714286,13.7,,
KUSINI,2018,24,62.18571428571429,12.6,,
KUSINI,2018,25,63.75714285714286,0.0,,
KUSINI,2018,26,63.08571428571429,0.0,,
KUSINI,2018,27,61.74285714285714,92.6,,
KUSINI,2018,28,61.75714285714286,4.6,,
KUSINI,2018,29,61.48571428571428,0.0,,
KUSINI,2018,30,61.84285714285714,5.5,,
KUSINI,2018,31,67.58571428571429,,,
KUSINI,2018,32,69.47142857142856,0.0,,
KUSINI,2018,33,69.34285714285714,0.0,,
KUSINI,2018,34,68.14285714285714,0.0,,
KUSINI,2018,35,65.45714285714286,12.0,,
KUSINI,2018,36,58.18571428571429,11.1,,
KUSINI,2018,37,58.65714285714286,0.0,,
KUSINI,2018,38,58.05714285714286,20.5,,
KUSINI,2018,39,58.91428571428571,5.7,,
KUSINI,2018,40,69.32857142857144,0.0,,
KUSINI,2018,41,67.57142857142857,0.0,,
KUSINI,2018,42,68.92857142857143,0.0,,
KUSINI,2018,43,68.31428571428572,46.7,,
KUSINI,2018,44,69.04285714285714,,,
KUSINI,2018,45,70.51428571428572,0.0,,
KUSINI,2018,46,71.32857142857144,0.0,,
KUSINI,2018,47,70.67142857142856,31.200000000000003,,
KUSINI,2018,48,70.78571428571429,33.4,,
KUSINI,2018,49,69.62857142857142,0.0,,
KUSINI,2018,50,68.92857142857143,41.3,,
KUSINI,2018,51,68.88571428571429,35.8,,
KUSINI,2018,52,68.7,0.0,,
KUSINI,2019,1,68.08571428571429,,,
KUSINI,2019,2,67.98571428571428,10.8,26.8857142857143,33.0571428571429
KUSINI,2019,3,67.54285714285714,0.0,26.0714285714286,33.8142857142857
KUSINI,2019,4,67.45714285714286,0.0,25.7285714285714,33.6
KUSINI,2019,5,69.81428571428572,0.0,25.5428571428571,33.2571428571429
KUSINI,2019,6,71.85714285714286,0.0,25.0428571428571,34.5142857142857
KUSINI,2019,7,71.47142857142858,0.0,24.3571428571429,31.9857142857143
KUSINI,2019,8,72.07142857142857,0.0,25.1857142857143,31.3285714285714
KUSINI,2019,9,74.98571428571428,25.4,24.1142857142857,32.7285714285714
KUSINI,2019,10,77.71428571428571,20.7,24.7714285714286,33.8
KUSINI,2019,11,76.22857142857143,0.0,25.5714285714286,34.1285714285714
KUSINI,2019,12,77.39999999999999,0.0,26.0142857142857,35.2714285714286
KUSINI,2019,13,77.52857142857144,25.0,25.9857142857143,34.8285714285714
KUSINI,2019,14,85.8,160.39999999999998,25.5285714285714,32.4714285714286
KUSINI,2019,15,84.62857142857142,90.0,25.3,32.0428571428571
KUSINI,2019,16,85.74285714285715,0.0,24.8714285714286,31.4142857142857
KUSINI,2019,17,84.68571428571428,31.5,24.7,30.2
KUSINI,2019,18,86.52857142857144,,,
KUSINI,2019,19,87.22857142857143,199.4,24.6571428571429,31.4142857142857
KUSINI,2019,20,87.8,237.1,24.9571428571429,30.7285714285714
KUSINI,2019,21,87.34285714285714,52.2,25.3571428571429,31.4714285714286
KUSINI,2019,22,84.82857142857142,141.9,24.3,30.6571428571429
KUSINI,2019,23,80.32857142857142,0.0,23.8714285714286,30.3285714285714
KUSINI,2019,24,80.74285714285715,0.0,23.9714285714286,30.3142857142857
KUSINI,2019,25,80.05714285714285,0.0,23.1,29.9
KUSINI,2019,26,80.05714285714285,0.0,23.6142857142857,29.6857142857143
KUSINI,2019,27,75.45714285714287,0.0,23.2,30.8
KUSINI,2019,28,76.32857142857142,3.5,22.8142857142857,30.2571428571429
KUSINI,2019,29,76.88571428571429,4.4,22.6714285714286,29.5
KUSINI,2019,30,76.77142857142857,0.0,22.0142857142857,30.3714285714286
KUSINI,2019,31,77.51428571428572,,,
KUSINI,2019,32,77.8,16.0,22.4428571428571,30.3285714285714
KUSINI,2019,33,78.89999999999999,0.0,22.4,29.8857142857143
KUSINI,2019,34,76.38571428571429,0.0,22.5714285714286,30.6714285714286
KUSINI,2019,35,79.84285714285714,0.0,22.4285714285714,30.1857142857143
KUSINI,2019,36,87.52857142857144,0.0,21.2285714285714,29.2142857142857
KUSINI,2019,37,88.18571428571428,0.0,20.9857142857143,30.3
KUSINI,2019,38,87.7,0.0,20.4285714285714,30.7142857142857
KUSINI,2019,39,87.28571428571429,6.2,22.1571428571429,30.5285714285714
KUSINI,2019,40,85.98571428571428,,,
KUSINI,2019,41,86.98571428571428,46.4,24.8714285714286,29.9142857142857
KUSINI,2019,42,86.04285714285713,157.0,24.2,29.0
KUSINI,2019,43,85.57142857142857,54.6,24.0,29.7428571428571
KUSINI,2019,44,84.42857142857143,19.2,24.1,30.6
KUSINI,2019,45,84.15714285714286,35.1,25.0142857142857,32.0285714285714
KUSINI,2019,46,85.68571428571428,32.4,24.3857142857143,31.2428571428571
KUSINI,2019,47,83.68571428571428,30.0,24.1428571428571,31.1857142857143
KUSINI,2019,48,84.44285714285715,18.5,24.7,31.9285714285714
KUSINI,2019,49,81.38571428571429,75.2,23.6857142857143,32.6571428571429
KUSINI,2019,50,80.48571428571428,8.9,25.0714285714286,33.3142857142857
KUSINI,2019,51,81.77142857142857,235.3,25.1142857142857,31.8714285714286
KUSINI,2019,52,81.52857142857144,2.7,25.6428571428571,33.8
KUSINI,2020,1,81.01428571428572,,,
KUSINI,2020,2,81.74285714285715,61.7,25.8428571428571,33.7
KUSINI,2020,3,81.58571428571429,0.0,25.4857142857143,33.1285714285714
KUSINI,2020,4,81.91428571428571,10.5,24.9285714285714,31.6714285714286
KUSINI,2020,5,81.0,62.4,25.8,30.7571428571429
KUSINI,2020,6,79.38571428571429,66.7,25.0571428571429,34.5142857142857
KUSINI,2020,7,79.25714285714285,34.4,25.1428571428571,31.9857142857143
KUSINI,2020,8,79.74285714285715,0.0,25.9714285714286,31.3285714285714
KUSINI,2020,9,79.47142857142856,0.0,26.375,32.7285714285714
KUSINI,2020,10,80.65714285714286,41.5,25.4,32.2571428571429
KUSINI,2020,11,80.17142857142858,101.1,24.9428571428571,32.1857142857143
KUSINI,2020,12,79.71428571428571,40.6,25.8428571428571,32.0571428571429
KUSINI,2020,13,81.10000000000001,8.4,25.5375,31.8714285714286
KUSINI,2020,14,84.92857142857143,,,
KUSINI,2020,15,87.21428571428571,92.5,25.7714285714286,32.8857142857143
KUSINI,2020,16,87.0,271.5,24.3857142857143,30.1571428571429
KUSINI,2020,17,86.37142857142858,273.2,24.6571428571429,29.1857142857143
KUSINI,2020,18,83.22857142857143,232.9,25.0,30.9571428571429
KUSINI,2020,19,79.8,179.5,24.9285714285714,30.2142857142857
KUSINI,2020,20,79.85714285714286,9.6,25.7285714285714,30.4571428571429
KUSINI,2020,21,80.64285714285714,86.9,24.5142857142857,29.9285714285714
KUSINI,2020,22,80.87142857142858,0.0,24.325,30.7714285714286
KUSINI,2020,23,74.17142857142858,0.0,24.9428571428571,30.4571428571429
KUSINI,2020,24,75.61428571428571,22.2,24.2428571428571,30.6428571428571
KUSINI,2020,25,73.60000000000001,0.0,23.5,30.3857142857143
KUSINI,2020,26,74.72857142857143,18.5,24.225,29.8714285714286
KUSINI,2020,27,71.91428571428573,,,
KUSINI,2020,28,73.2,15.8,23.5857142857143,29.7714285714286
KUSINI,2020,29,72.64285714285714,18.3,23.1,29.6
KUSINI,2020,30,72.4,29.1,22.7285714285714,28.8285714285714
KUSINI,2020,31,74.10000000000001,0.0,22.75,29.3428571428571
KUSINI,2020,32,76.89999999999999,5.6,23.0285714285714,29.8571428571429
KUSINI,2020,33,77.48571428571428,0.0,22.0571428571429,29.3285714285714
KUSINI,2020,34,76.2,19.5,22.6857142857143,29.2285714285714
KUSINI,2020,35,75.51428571428572,3.2,21.95,29.5
KUSINI,2020,36,76.34285714285714,,,
KUSINI,2020,37,74.68571428571428,0.0,23.0428571428571,29.9
KUSINI,2020,38,76.68571428571428,0.0,23.7142857142857,30.7
KUSINI,2020,39,76.11428571428571,0.0,22.1857142857143,31.0714285714286
KUSINI,2020,40,77.17142857142858,8.3,23.1,30.6857142857143
KUSINI,2020,41,78.77142857142857,0.0,24.0857142857143,31.7857142857143
KUSINI,2020,42,78.74285714285715,2.3,23.4857142857143,32.1142857142857
KUSINI,2020,43,77.71428571428571,30.0,23.5285714285714,31.3428571428571
KUSINI,2020,44,78.37142857142858,13.6,23.875,31.3142857142857
KUSINI,2020,45,81.42857142857143,0.0,22.8,30.0428571428571
KUSINI,2020,46,81.15714285714286,82.6,24.1857142857143,29.9428571428571
KUSINI,2020,47,81.82857142857142,23.3,24.6285714285714,30.9714285714286
KUSINI,2020,48,82.67142857142858,15.1,24.7875,30.6714285714286
KUSINI,2020,49,79.89999999999999,,,
KUSINI,2020,50,78.94285714285715,0.0,24.5285714285714,31.5285714285714
KUSINI,2020,51,79.38571428571429,0.0,25.0571428571429,31.9428571428571
KUSINI,2020,52,79.21428571428571,0.0,24.5428571428571,31.7
KUSINI,2020,53,,0.0,,
KUSINI,2021,1,77.52857142857144,0.0,25.3142857142857,31.4571428571429
KUSINI,2021,2,76.87142857142858,100.5,25.2714285714286,31.2
KUSINI,2021,3,76.07142857142857,0.0,25.0714285714286,33.2428571428572
KUSINI,2021,4,75.81428571428572,0.0,25.0857142857143,32.9428571428571
KUSINI,2021,5,77.35714285714286,0.0,24.9571428571429,32.9428571428571
KUSINI,2021,6,78.39999999999999,55.9,25.7285714285714,31.3714285714286
KUSINI,2021,7,78.14285714285714,0.0,25.0857142857143,32.5
KUSINI,2021,8,78.04285714285713,5.5,25.2428571428571,33.2428571428572
KUSINI,2021,9,74.58571428571429,0.0,26.1571428571429,33.9
KUSINI,2021,10,74.3,0.0,25.0428571428571,33.5285714285714
KUSINI,2021,11,75.08571428571429,32.1,25.0,32.8714285714286
KUSINI,2021,12,75.01428571428572,18.2,25.7714285714286,32.8571428571429
KUSINI,2021,13,77.67142857142858,,,
KUSINI,2021,14,82.3,61.0,25.5285714285714,31.9142857142857
KUSINI,2021,15,82.48571428571428,189.0,24.3571428571429,29.5857142857143
KUSINI,2021,16,82.85714285714286,117.3,24.5428571428571,29.9571428571429
KUSINI,2021,17,80.41428571428571,72.4,25.5428571428571,31.2571428571429
KUSINI,2021,18,77.77142857142857,169.9,24.9142857142857,28.9142857142857
KUSINI,2021,19,77.35714285714286,0.0,24.8,30.9857142857143
KUSINI,2021,20,76.87142857142858,18.6,24.7142857142857,31.2285714285714
KUSINI,2021,21,76.92857142857143,0.0,24.3428571428571,30.7857142857143
KUSINI,2021,22,75.17142857142858,,,
KUSINI,2021,23,74.3,18.9,23.9,30.1714285714286
KUSINI,2021,24,74.77142857142857,0.0,23.3428571428571,29.2
KUSINI,2021,25,75.45714285714287,14.4,23.3714285714286,29.1571428571429
KUSINI,2021,26,73.42857142857143,6.3,21.8428571428571,29.5142857142857
KUSINI,2021,27,73.45714285714287,0.0,23.1571428571429,29.7857142857143
KUSINI,2021,28,74.35714285714286,44.4,23.7142857142857,29.6428571428571
KUSINI,2021,29,73.25714285714285,0.0,23.4857142857143,30.0571428571429
KUSINI,2021,30,73.14285714285714,0.0,23.2857142857143,29.5571428571429
KUSINI,2021,31,75.18571428571428,0.0,22.8571428571429,29.4
KUSINI,2021,32,76.51428571428572,7.4,21.6571428571429,29.3714285714286
KUSINI,2021,33,75.18571428571428,12.7,22.7571428571429,29.3714285714286
KUSINI,2021,34,75.91428571428571,8.4,21.5285714285714,30.1
KUSINI,2021,35,74.94285714285715,,,
KUSINI,2021,36,73.39999999999999,0.0,23.1428571428571,30.2571428571429
KUSINI,2021,37,74.60000000000001,11.0,22.9,30.0285714285714
KUSINI,2021,38,73.91428571428571,1.2,22.3714285714286,30.8
KUSINI,2021,39,73.68571428571428,0.0,22.8714285714286,30.7
KUSINI,2021,40,75.05714285714285,0.0,22.9,31.8857142857143
KUSINI,2021,41,75.12857142857142,0.0,23.5142857142857,31.6
KUSINI,2021,42,74.67142857142858,0.0,22.9,31.0714285714286
KUSINI,2021,43,73.1,9.5,23.5285714285714,31.8571428571429
KUSINI,2021,44,73.62857142857142,0.0,24.8571428571429,33.0428571428571
KUSINI,2021,45,73.95714285714287,0.0,24.1428571428571,32.7142857142857
KUSINI,2021,46,73.95714285714287,0.0,24.0714285714286,32.9714285714286
KUSINI,2021,47,74.07142857142857,12.2,25.6571428571429,32.6833333333333
KUSINI,2021,48,79.41428571428571,,,
KUSINI,2021,49,82.01428571428572,40.5,25.5285714285714,31.1714285714286
KUSINI,2021,50,82.01428571428572,36.1,24.3571428571429,30.7428571428571
KUSINI,2021,51,82.31428571428572,38.0,25.1142857142857,31.3714285714286
KUSINI,2021,52,81.15714285714286,0.0,25.0571428571429,31.5285714285714
KUSINI,2022,1,80.24285714285715,0.0,26.0,33.6142857142857
KUSINI,2022,2,79.54285714285713,0.0,26.2142857142857,33.7571428571429
KUSINI,2022,3,79.7,41.9,25.3142857142857,33.0285714285714
KUSINI,2022,4,79.38571428571429,44.1,24.4714285714286,31.0571428571429
KUSINI,2022,5,82.89999999999999,,,
KUSINI,2022,6,83.11428571428571,30.1,24.8285714285714,31.3714285714286
KUSINI,2022,7,82.38571428571429,12.8,25.7142857142857,32.2714285714286
KUSINI,2022,8,83.87142857142858,11.3,25.6285714285714,33.3428571428571
KUSINI,2022,9,81.22857142857143,46.6,25.7857142857143,32.1285714285714
KUSINI,2022,10,80.5,0.0,25.5714285714286,33.8571428571429
KUSINI,2022,11,80.47142857142856,0.0,25.7714285714286,33.7285714285714
KUSINI,2022,12,79.97142857142856,2.3,26.1714285714286,33.8714285714286
KUSINI,2022,13,82.58571428571429,0.0,25.5857142857143,32.8714285714286
KUSINI,2022,14,85.32857142857142,0.0,25.7571428571429,32.9285714285714
KUSINI,2022,15,85.22857142857143,82.4,25.4142857142857,31.5285714285714
KUSINI,2022,16,84.81428571428572,123.0,24.8285714285714,30.4
KUSINI,2022,17,84.74285714285715,83.7,25.1857142857143,29.9714285714286
KUSINI,2022,18,84.08571428571429,76.0,24.8142857142857,30.4
KUSINI,2022,19,84.27142857142857,0.0,25.7285714285714,31.5285714285714
KUSINI,2022,20,85.21428571428571,0.0,25.1714285714286,31.2428571428571
KUSINI,2022,21,84.65714285714286,32.2,24.9857142857143,31.7571428571429
KUSINI,2022,22,83.8,,,
KUSINI,2022,23,83.81428571428572,80.1,23.6142857142857,30.8142857142857
KUSINI,2022,24,83.61428571428571,0.0,24.6428571428571,30.9714285714286
KUSINI,2022,25,84.45714285714287,0.0,23.6,30.2285714285714
KUSINI,2022,26,86.41428571428571,0.0,24.1142857142857,29.6571428571429
KUSINI,2022,27,88.2,26.5,22.2428571428571,28.6857142857143
KUSINI,2022,28,88.11428571428571,12.8,22.1285714285714,29.0428571428571
KUSINI,2022,29,87.60000000000001,35.3,22.4857142857143,28.4428571428571
KUSINI,2022,30,88.17142857142858,0.0,21.9571428571429,28.6571428571429
KUSINI,2022,31,84.05714285714285,0.0,21.7428571428571,29.0857142857143
KUSINI,2022,32,84.45714285714287,1.5,21.8285714285714,28.6857142857143
KUSINI,2022,33,85.78571428571429,9.5,20.5285714285714,29.5571428571429
KUSINI,2022,34,84.39999999999999,0.0,21.6,28.9857142857143
KUSINI,2022,35,79.21428571428571,,,
KUSINI,2022,36,74.98571428571428,0.0,22.2571428571429,30.0285714285714
KUSINI,2022,37,75.72857142857143,0.0,21.7285714285714,30.2571428571429
KUSINI,2022,38,75.91428571428571,0.0,23.0857142857143,30.5714285714286
KUSINI,2022,39,75.68571428571428,0.0,23.0,30.8714285714286
KUSINI,2022,40,71.68571428571428,0.0,22.5285714285714,30.6714285714286
KUSINI,2022,41,71.5,0.0,22.2714285714286,31.2428571428571
KUSINI,2022,42,71.57142857142857,0.0,22.4142857142857,31.0428571428571
KUSINI,2022,43,72.37142857142858,0.0,23.0714285714286,30.5714285714286
KUSINI,2022,44,75.28571428571429,,,
KUSINI,2022,45,76.72857142857143,0.0,23.4142857142857,31.4
KUSINI,2022,46,75.24285714285715,0.0,24.4,31.3
KUSINI,2022,47,76.42857142857143,22.7,24.4714285714286,31.2
KUSINI,2022,48,74.05714285714285,36.6,24.4285714285714,30.5714285714286
KUSINI,2022,49,73.97142857142858,0.0,24.4,32.1
KUSINI,2022,50,74.91428571428571,0.0,24.4428571428571,31.9857142857143
KUSINI,2022,51,74.27142857142857,0.0,25.2857142857143,32.2857142857143
KUSINI,2022,52,74.55714285714285,13.3,24.9571428571429,31.4
KUSINI,2023,1,79.87142857142858,9.4,26.8857142857143,32.1428571428571
KUSINI,2023,2,79.87142857142858,0.0,26.0714285714286,31.3285714285714
KUSINI,2023,3,80.21428571428571,6.6,25.7285714285714,32.4142857142857
KUSINI,2023,4,79.17142857142858,0.0,25.5428571428571,32.7142857142857
KUSINI,2023,5,76.35714285714286,,,
KUSINI,2023,6,74.61428571428571,28.9,25.0428571428571,33.3571428571429
KUSINI,2023,7,74.88571428571429,38.9,24.3571428571429,33.2571428571429
KUSINI,2023,8,75.98571428571428,0.0,25.1857142857143,33.4714285714286
KUSINI,2023,9,76.28571428571429,0.0,24.1142857142857,33.5142857142857
KUSINI,2023,10,77.89999999999999,3.3,24.7714285714286,33.9142857142857
KUSINI,2023,11,78.15714285714286,30.5,25.5714285714286,34.1428571428571
KUSINI,2023,12,77.98571428571428,16.5,26.0142857142857,31.7571428571429
KUSINI,2023,13,82.12857142857142,25.2,25.9857142857143,31.3
KUSINI,2023,14,90.67142857142858,38.2,25.5285714285714,31.5857142857143
KUSINI,2023,15,90.4,57.900000000000006,25.3,31.2714285714286
KUSINI,2023,16,90.31428571428572,151.1,24.8714285714286,28.8142857142857
KUSINI,2023,17,90.38571428571429,150.6,24.7,30.0571428571429
KUSINI,2023,18,85.6,86.3,24.6571428571429,30.8857142857143
KUSINI,2023,19,85.81428571428572,30.5,24.9571428571429,30.5142857142857
KUSINI,2023,20,86.5,16.5,25.3571428571429,31.0714285714286
KUSINI,2023,21,86.17142857142858,25.2,24.3,29.9
KUSINI,2023,22,86.31428571428572,,,
KUSINI,2023,23,86.21428571428571,68.0,23.8714285714286,28.7571428571429
KUSINI,2023,24,85.65714285714286,0.0,23.9714285714286,29.6714285714286
KUSINI,2023,25,86.14285714285714,0.0,23.1,30.1285714285714
KUSINI,2023,26,86.15714285714286,22.6,23.6142857142857,29.6
KUSINI,2023,27,87.71428571428571,62.5,23.2,28.4428571428571
KUSINI,2023,28,88.42857142857143,0.0,22.8142857142857,29.1571428571429
KUSINI,2023,29,87.98571428571428,0.0,22.6714285714286,29.6285714285714
KUSINI,2023,30,87.88571428571429,0.0,22.0142857142857,28.5857142857143
KUSINI,2023,31,86.72857142857143,,,
KUSINI,2023,32,85.75714285714285,0.0,22.4428571428571,29.3857142857143
KUSINI,2023,33,84.05714285714285,10.5,22.4,29.9428571428571
KUSINI,2023,34,83.38571428571429,28.3,22.5714285714286,30.6571428571429
KUSINI,2023,35,82.24285714285715,0.0,22.4285714285714,30.4285714285714
KUSINI,2023,36,80.68571428571428,0.0,21.2285714285714,31.2428571428571
KUSINI,2023,37,80.89999999999999,0.0,20.9857142857143,31.0571428571429
KUSINI,2023,38,80.45714285714287,0.0,20.4285714285714,31.4285714285714
KUSINI,2023,39,79.39999999999999,0.0,22.1571428571429,30.8857142857143
KUSINI,2023,40,70.27142857142857,18.0,24.8714285714286,30.7142857142857
KUSINI,2023,41,69.38571428571429,0.0,24.2,31.5285714285714
KUSINI,2023,42,69.1,0.0,24.0,32.1571428571429
KUSINI,2023,43,69.54285714285714,0.0,24.1,31.3285714285714
KUSINI,2023,44,74.71428571428571,,,
KUSINI,2023,45,76.35714285714286,77.7,25.0142857142857,27.8714285714286
KUSINI,2023,46,76.95714285714287,97.8,24.3857142857143,29.7
KUSINI,2023,47,77.15714285714286,42.7,24.1428571428571,30.1
KUSINI,2023,48,77.67142857142858,16.1,24.7,30.3714285714286
KUSINI,2023,49,77.34285714285714,23.200000000000003,23.6857142857143,30.7142857142857
KUSINI,2023,50,78.5,19.6,25.0714285714286,31.5285714285714
KUSINI,2023,51,78.47142857142856,7.4,25.1142857142857,32.1571428571429
KUSINI,2023,52,77.84285714285714,30.1,25.6428571428571,31.3285714285714
MAGHARIBI  A,2018,1,70.55714285714285,11.8,,
MAGHARIBI  A,2018,2,71.18571428571428,3.0,,
MAGHARIBI  A,2018,3,71.85714285714286,0.0,,
MAGHARIBI  A,2018,4,71.85714285714286,0.0,,
MAGHARIBI  A,2018,5,67.0,,,
MAGHARIBI  A,2018,6,63.2,0.0,,
MAGHARIBI  A,2018,7,63.1,0.0,,
MAGHARIBI  A,2018,8,63.57142857142857,15.5,,
MAGHARIBI  A,2018,9,65.65714285714286,0.0,,
MAGHARIBI  A,2018,10,67.78571428571429,5.199999999999999,,
MAGHARIBI  A,2018,11,67.78571428571429,32.1,,
MAGHARIBI  A,2018,12,68.88571428571429,53.3,,
MAGHARIBI  A,2018,13,71.51428571428572,89.7,,
MAGHARIBI  A,2018,14,88.27142857142857,148.29999999999998,,
MAGHARIBI  A,2018,15,88.45714285714287,68.0,,
MAGHARIBI  A,2018,16,88.24285714285715,206.7,,
MAGHARIBI  A,2018,17,87.91428571428571,0.0,,
MAGHARIBI  A,2018,18,86.61428571428571,,,
MAGHARIBI  A,2018,19,86.17142857142858,218.2,,
MAGHARIBI  A,2018,20,85.84285714285714,220.3,,
MAGHARIBI  A,2018,21,85.58571428571429,58.8,,
MAGHARIBI  A,2018,22,75.58571428571429,43.9,,
MAGHARIBI  A,2018,23,63.75714285714286,0.0,,
MAGHARIBI  A,2018,24,62.18571428571429,23.500000000000004,,
MAGHARIBI  A,2018,25,63.75714285714286,0.0,,
MAGHARIBI  A,2018,26,63.08571428571429,5.5,,
MAGHARIBI  A,2018,27,61.74285714285714,71.3,,
MAGHARIBI  A,2018,28,61.75714285714286,4.0,,
MAGHARIBI  A,2018,29,61.48571428571428,0.0,,
MAGHARIBI  A,2018,30,61.84285714285714,3.5,,
MAGHARIBI  A,2018,31,67.58571428571429,,,
MAGHARIBI  A,2018,32,69.47142857142856,0.0,,
MAGHARIBI  A,2018,33,69.34285714285714,3.2,,
MAGHARIBI  A,2018,34,68.14285714285714,1.0,,
MAGHARIBI  A,2018,35,65.45714285714286,20.3,,
MAGHARIBI  A,2018,36,58.18571428571429,7.1,,
MAGHARIBI  A,2018,37,58.65714285714286,3.8,,
MAGHARIBI  A,2018,38,58.05714285714286,26.3,,
MAGHARIBI  A,2018,39,58.91428571428571,9.6,,
MAGHARIBI  A,2018,40,69.32857142857144,18.4,,
MAGHARIBI  A,2018,41,67.57142857142857,0.0,,
MAGHARIBI  A,2018,42,68.92857142857143,12.9,,
MAGHARIBI  A,2018,43,68.31428571428572,47.2,,
MAGHARIBI  A,2018,44,69.04285714285714,,,
MAGHARIBI  A,2018,45,70.51428571428572,0.0,,
MAGHARIBI  A,2018,46,71.32857142857144,4.9,,
MAGHARIBI  A,2018,47,70.67142857142856,41.4,,
MAGHARIBI  A,2018,48,70.78571428571429,28.8,,
MAGHARIBI  A,2018,49,69.62857142857142,10.1,,
MAGHARIBI  A,2018,50,68.92857142857143,12.1,,
MAGHARIBI  A,2018,51,68.88571428571429,27.7,,
MAGHARIBI  A,2018,52,68.7,0.0,,
MAGHARIBI  A,2019,1,68.08571428571429,,,
MAGHARIBI  A,2019,2,67.98571428571428,8.600000000000001,26.8857142857143,33.0571428571429
MAGHARIBI  A,2019,3,67.54285714285714,0.0,26.0714285714286,33.8142857142857
MAGHARIBI  A,2019,4,67.45714285714286,12.9,25.7285714285714,33.6
MAGHARIBI  A,2019,5,69.81428571428572,0.0,25.5428571428571,33.2571428571429
MAGHARIBI  A,2019,6,71.85714285714286,0.0,25.0428571428571,34.5142857142857
MAGHARIBI  A,2019,7,71.47142857142858,10.0,24.3571428571429,31.9857142857143
MAGHARIBI  A,2019,8,72.07142857142857,2.6,25.1857142857143,31.3285714285714
MAGHARIBI  A,2019,9,74.98571428571428,32.8,24.1142857142857,32.7285714285714
MAGHARIBI  A,2019,10,77.71428571428571,12.9,24.7714285714286,33.8
MAGHARIBI  A,2019,11,76.22857142857143,0.0,25.5714285714286,34.1285714285714
MAGHARIBI  A,2019,12,77.39999999999999,0.0,26.0142857142857,35.2714285714286
MAGHARIBI  A,2019,13,77.52857142857144,8.2,25.9857142857143,34.8285714285714
MAGHARIBI  A,2019,14,85.8,112.6,25.5285714285714,32.4714285714286
MAGHARIBI  A,2019,15,84.62857142857142,96.8,25.3,32.0428571428571
MAGHARIBI  A,2019,16,85.74285714285715,19.2,24.8714285714286,31.4142857142857
MAGHARIBI  A,2019,17,84.68571428571428,1.6,24.7,30.2
MAGHARIBI  A,2019,18,86.52857142857144,,,
MAGHARIBI  A,2019,19,87.22857142857143,319.0,24.6571428571429,31.4142857142857
MAGHARIBI  A,2019,20,87.8,232.7,24.9571428571429,30.7285714285714
MAGHARIBI  A,2019,21,87.34285714285714,54.7,25.3571428571429,31.4714285714286
MAGHARIBI  A,2019,22,84.82857142857142,158.29999999999998,24.3,30.6571428571429
MAGHARIBI  A,2019,23,80.32857142857142,0.0,23.8714285714286,30.3285714285714
MAGHARIBI  A,2019,24,80.74285714285715,2.0,23.9714285714286,30.3142857142857
MAGHARIBI  A,2019,25,80.05714285714285,0.0,23.1,29.9
MAGHARIBI  A,2019,26,80.05714285714285,0.0,23.6142857142857,29.6857142857143
MAGHARIBI  A,2019,27,75.45714285714287,2.7,23.2,30.8
MAGHARIBI  A,2019,28,76.32857142857142,1.4,22.8142857142857,30.2571428571429
MAGHARIBI  A,2019,29,76.88571428571429,35.8,22.6714285714286,29.5
MAGHARIBI  A,2019,30,76.77142857142857,0.0,22.0142857142857,30.3714285714286
MAGHARIBI  A,2019,31,77.51428571428572,,,
MAGHARIBI  A,2019,32,77.8,16.7,22.4428571428571,30.3285714285714
MAGHARIBI  A,2019,33,78.89999999999999,12.8,22.4,29.8857142857143
MAGHARIBI  A,2019,34,76.38571428571429,9.6,22.5714285714286,30.6714285714286
MAGHARIBI  A,2019,35,79.84285714285714,9.1,22.4285714285714,30.1857142857143
MAGHARIBI  A,2019,36,87.52857142857144,5.9,21.2285714285714,29.2142857142857
MAGHARIBI  A,2019,37,88.18571428571428,62.3,20.9857142857143,30.3
MAGHARIBI  A,2019,38,87.7,4.0,20.4285714285714,30.7142857142857
MAGHARIBI  A,2019,39,87.28571428571429,44.1,22.1571428571429,30.5285714285714
MAGHARIBI  A,2019,40,85.98571428571428,,,
MAGHARIBI  A,2019,41,86.98571428571428,78.0,24.8714285714286,29.9142857142857
MAGHARIBI  A,2019,42,86.04285714285713,210.9,24.2,29.0
MAGHARIBI  A,2019,43,85.57142857142857,90.6,24.0,29.7428571428571
MAGHARIBI  A,2019,44,84.42857142857143,31.4,24.1,30.6
MAGHARIBI  A,2019,45,84.15714285714286,119.4,25.0142857142857,32.0285714285714
MAGHARIBI  A,2019,46,85.68571428571428,4.8,24.3857142857143,31.2428571428571
MAGHARIBI  A,2019,47,83.68571428571428,62.900000000000006,24.1428571428571,31.1857142857143
MAGHARIBI  A,2019,48,84.44285714285715,23.3,24.7,31.9285714285714
MAGHARIBI  A,2019,49,81.38571428571429,100.4,23.6857142857143,32.6571428571429
MAGHARIBI  A,2019,50,80.48571428571428,58.2,25.0714285714286,33.3142857142857
MAGHARIBI  A,2019,51,81.77142857142857,160.5,25.1142857142857,31.8714285714286
MAGHARIBI  A,2019,52,81.52857142857144,27.6,25.6428571428571,33.8
MAGHARIBI  A,2020,1,81.01428571428572,,,
MAGHARIBI  A,2020,2,81.74285714285715,0.0,25.8428571428571,33.7
MAGHARIBI  A,2020,3,81.58571428571429,5.2,25.4857142857143,33.1285714285714
MAGHARIBI  A,2020,4,81.91428571428571,194.79999999999995,24.9285714285714,31.6714285714286
MAGHARIBI  A,2020,5,81.0,34.89999999999999,25.8,30.7571428571429
MAGHARIBI  A,2020,6,79.38571428571429,50.7,25.0571428571429,34.5142857142857
MAGHARIBI  A,2020,7,79.25714285714285,22.5,25.1428571428571,31.9857142857143
MAGHARIBI  A,2020,8,79.74285714285715,21.4,25.9714285714286,31.3285714285714
MAGHARIBI  A,2020,9,79.47142857142856,13.3,26.375,32.7285714285714
MAGHARIBI  A,2020,10,80.65714285714286,13.1,25.4,32.2571428571429
MAGHARIBI  A,2020,11,80.17142857142858,35.1,24.9428571428571,32.1857142857143
MAGHARIBI  A,2020,12,79.71428571428571,64.3,25.8428571428571,32.0571428571429
MAGHARIBI  A,2020,13,81.10000000000001,95.1,25.5375,31.8714285714286
MAGHARIBI  A,2020,14,84.92857142857143,,,
MAGHARIBI  A,2020,15,87.21428571428571,115.3,25.7714285714286,32.8857142857143
MAGHARIBI  A,2020,16,87.0,261.90000000000003,24.3857142857143,30.1571428571429
MAGHARIBI  A,2020,17,86.37142857142858,488.3,24.6571428571429,29.1857142857143
MAGHARIBI  A,2020,18,83.22857142857143,41.39999999999999,25.0,30.9571428571429
MAGHARIBI  A,2020,19,79.8,169.5,24.9285714285714,30.2142857142857
MAGHARIBI  A,2020,20,79.85714285714286,12.9,25.7285714285714,30.4571428571429
MAGHARIBI  A,2020,21,80.64285714285714,40.8,24.5142857142857,29.9285714285714
MAGHARIBI  A,2020,22,80.87142857142858,9.4,24.325,30.7714285714286
MAGHARIBI  A,2020,23,74.17142857142858,0.0,24.9428571428571,30.4571428571429
MAGHARIBI  A,2020,24,75.61428571428571,1.3,24.2428571428571,30.6428571428571
MAGHARIBI  A,2020,25,73.60000000000001,0.4,23.5,30.3857142857143
MAGHARIBI  A,2020,26,74.72857142857143,2.0,24.225,29.8714285714286
MAGHARIBI  A,2020,27,71.91428571428573,,,
MAGHARIBI  A,2020,28,73.2,0.0,23.5857142857143,29.7714285714286
MAGHARIBI  A,2020,29,72.64285714285714,5.8,23.1,29.6
MAGHARIBI  A,2020,30,72.4,15.8,22.7285714285714,28.8285714285714
MAGHARIBI  A,2020,31,74.10000000000001,2.9,22.75,29.3428571428571
MAGHARIBI  A,2020,32,76.89999999999999,3.7,23.0285714285714,29.8571428571429
MAGHARIBI  A,2020,33,77.48571428571428,0.0,22.0571428571429,29.3285714285714
MAGHARIBI  A,2020,34,76.2,10.0,22.6857142857143,29.2285714285714
MAGHARIBI  A,2020,35,75.51428571428572,2.9000000000000004,21.95,29.5
MAGHARIBI  A,2020,36,76.34285714285714,,,
MAGHARIBI  A,2020,37,74.68571428571428,1.9,23.0428571428571,29.9
MAGHARIBI  A,2020,38,76.68571428571428,0.0,23.7142857142857,30.7
MAGHARIBI  A,2020,39,76.11428571428571,19.1,22.1857142857143,31.0714285714286
MAGHARIBI  A,2020,40,77.17142857142858,3.4000000000000004,23.1,30.6857142857143
MAGHARIBI  A,2020,41,78.77142857142857,40.1,24.0857142857143,31.7857142857143
MAGHARIBI  A,2020,42,78.74285714285715,33.6,23.4857142857143,32.1142857142857
MAGHARIBI  A,2020,43,77.71428571428571,59.5,23.5285714285714,31.3428571428571
MAGHARIBI  A,2020,44,78.37142857142858,44.8,23.875,31.3142857142857
MAGHARIBI  A,2020,45,81.42857142857143,45.8,22.8,30.0428571428571
MAGHARIBI  A,2020,46,81.15714285714286,102.1,24.1857142857143,29.9428571428571
MAGHARIBI  A,2020,47,81.82857142857142,41.3,24.6285714285714,30.9714285714286
MAGHARIBI  A,2020,48,82.67142857142858,36.0,24.7875,30.6714285714286
MAGHARIBI  A,2020,49,79.89999999999999,,,
MAGHARIBI  A,2020,50,78.94285714285715,35.0,24.5285714285714,31.5285714285714
MAGHARIBI  A,2020,51,79.38571428571429,0.0,25.0571428571429,31.9428571428571
MAGHARIBI  A,2020,52,79.21428571428571,55.8,24.5428571428571,31.7
MAGHARIBI  A,2020,53,,71.8,,
MAGHARIBI  A,2021,1,77.52857142857144,19.7,25.3142857142857,31.4571428571429
MAGHARIBI  A,2021,2,76.87142857142858,21.2,25.2714285714286,31.2
MAGHARIBI  A,2021,3,76.07142857142857,0.0,25.0714285714286,33.2428571428572
MAGHARIBI  A,2021,4,75.81428571428572,1.1,25.0857142857143,32.9428571428571
MAGHARIBI  A,2021,5,77.35714285714286,0.0,24.9571428571429,32.9428571428571
MAGHARIBI  A,2021,6,78.39999999999999,12.1,25.7285714285714,31.3714285714286
MAGHARIBI  A,2021,7,78.14285714285714,2.4,25.0857142857143,32.5
MAGHARIBI  A,2021,8,78.04285714285713,2.2,25.2428571428571,33.2428571428572
MAGHARIBI  A,2021,9,74.58571428571429,6.0,26.1571428571429,33.9
MAGHARIBI  A,2021,10,74.3,10.8,25.0428571428571,33.5285714285714
MAGHARIBI  A,2021,11,75.08571428571429,106.3,25.0,32.8714285714286
MAGHARIBI  A,2021,12,75.01428571428572,9.6,25.7714285714286,32.8571428571429
MAGHARIBI  A,2021,13,77.67142857142858,,,
MAGHARIBI  A,2021,14,82.3,76.30000000000001,25.5285714285714,31.9142857142857
MAGHARIBI  A,2021,15,82.48571428571428,89.6,24.3571428571429,29.5857142857143
MAGHARIBI  A,2021,16,82.85714285714286,70.4,24.5428571428571,29.9571428571429
MAGHARIBI  A,2021,17,80.41428571428571,84.1,25.5428571428571,31.2571428571429
MAGHARIBI  A,2021,18,77.77142857142857,87.2,24.9142857142857,28.9142857142857
MAGHARIBI  A,2021,19,77.35714285714286,0.0,24.8,30.9857142857143
MAGHARIBI  A,2021,20,76.87142857142858,12.6,24.7142857142857,31.2285714285714
MAGHARIBI  A,2021,21,76.92857142857143,0.0,24.3428571428571,30.7857142857143
MAGHARIBI  A,2021,22,75.17142857142858,,,
MAGHARIBI  A,2021,23,74.3,6.8,23.9,30.1714285714286
MAGHARIBI  A,2021,24,74.77142857142857,4.4,23.3428571428571,29.2
MAGHARIBI  A,2021,25,75.45714285714287,21.7,23.3714285714286,29.1571428571429
MAGHARIBI  A,2021,26,73.42857142857143,0.0,21.8428571428571,29.5142857142857
MAGHARIBI  A,2021,27,73.45714285714287,2.9000000000000004,23.1571428571429,29.7857142857143
MAGHARIBI  A,2021,28,74.35714285714286,24.7,23.7142857142857,29.6428571428571
MAGHARIBI  A,2021,29,73.25714285714285,10.1,23.4857142857143,30.0571428571429
MAGHARIBI  A,2021,30,73.14285714285714,7.3,23.2857142857143,29.5571428571429
MAGHARIBI  A,2021,31,75.18571428571428,0.0,22.8571428571429,29.4
MAGHARIBI  A,2021,32,76.51428571428572,0.0,21.6571428571429,29.3714285714286
MAGHARIBI  A,2021,33,75.18571428571428,8.5,22.7571428571429,29.3714285714286
MAGHARIBI  A,2021,34,75.91428571428571,9.4,21.5285714285714,30.1
MAGHARIBI  A,2021,35,74.94285714285715,,,
MAGHARIBI  A,2021,36,73.39999999999999,8.600000000000001,23.1428571428571,30.2571428571429
MAGHARIBI  A,2021,37,74.60000000000001,14.8,22.9,30.0285714285714
MAGHARIBI  A,2021,38,73.91428571428571,5.6,22.3714285714286,30.8
MAGHARIBI  A,2021,39,73.68571428571428,23.1,22.8714285714286,30.7
MAGHARIBI  A,2021,40,75.05714285714285,6.6,22.9,31.8857142857143
MAGHARIBI  A,2021,41,75.12857142857142,5.7,23.5142857142857,31.6
MAGHARIBI  A,2021,42,74.67142857142858,1.0,22.9,31.0714285714286
MAGHARIBI  A,2021,43,73.1,8.2,23.5285714285714,31.8571428571429
MAGHARIBI  A,2021,44,73.62857142857142,4.2,24.8571428571429,33.0428571428571
MAGHARIBI  A,2021,45,73.95714285714287,2.6,24.1428571428571,32.7142857142857
MAGHARIBI  A,2021,46,73.95714285714287,8.1,24.0714285714286,32.9714285714286
MAGHARIBI  A,2021,47,74.07142857142857,47.8,25.6571428571429,32.6833333333333
MAGHARIBI  A,2021,48,79.41428571428571,,,
MAGHARIBI  A,2021,49,82.01428571428572,56.4,25.5285714285714,31.1714285714286
MAGHARIBI  A,2021,50,82.01428571428572,142.7,24.3571428571429,30.7428571428571
MAGHARIBI  A,2021,51,82.31428571428572,11.3,25.1142857142857,31.3714285714286
MAGHARIBI  A,2021,52,81.15714285714286,43.5,25.0571428571429,31.5285714285714
MAGHARIBI  A,2022,1,80.24285714285715,0.0,26.0,33.6142857142857
MAGHARIBI  A,2022,2,79.54285714285713,0.0,26.2142857142857,33.7571428571429
MAGHARIBI  A,2022,3,79.7,62.2,25.3142857142857,33.0285714285714
MAGHARIBI  A,2022,4,79.38571428571429,29.7,24.4714285714286,31.0571428571429
MAGHARIBI  A,2022,5,82.89999999999999,,,
MAGHARIBI  A,2022,6,83.11428571428571,42.8,24.8285714285714,31.3714285714286
MAGHARIBI  A,2022,7,82.38571428571429,0.0,25.7142857142857,32.2714285714286
MAGHARIBI  A,2022,8,83.87142857142858,45.4,25.6285714285714,33.3428571428571
MAGHARIBI  A,2022,9,81.22857142857143,3.2,25.7857142857143,32.1285714285714
MAGHARIBI  A,2022,10,80.5,0.0,25.5714285714286,33.8571428571429
MAGHARIBI  A,2022,11,80.47142857142856,0.0,25.7714285714286,33.7285714285714
MAGHARIBI  A,2022,12,79.97142857142856,0.0,26.1714285714286,33.8714285714286
MAGHARIBI  A,2022,13,82.58571428571429,10.6,25.5857142857143,32.8714285714286
MAGHARIBI  A,2022,14,85.32857142857142,38.3,25.7571428571429,32.9285714285714
MAGHARIBI  A,2022,15,85.22857142857143,41.0,25.4142857142857,31.5285714285714
MAGHARIBI  A,2022,16,84.81428571428572,117.6,24.8285714285714,30.4
MAGHARIBI  A,2022,17,84.74285714285715,76.60000000000001,25.1857142857143,29.9714285714286
MAGHARIBI  A,2022,18,84.08571428571429,63.5,24.8142857142857,30.4
MAGHARIBI  A,2022,19,84.27142857142857,0.0,25.7285714285714,31.5285714285714
MAGHARIBI  A,2022,20,85.21428571428571,15.9,25.1714285714286,31.2428571428571
MAGHARIBI  A,2022,21,84.65714285714286,5.8,24.9857142857143,31.7571428571429
MAGHARIBI  A,2022,22,83.8,,,
MAGHARIBI  A,2022,23,83.81428571428572,22.0,23.6142857142857,30.8142857142857
MAGHARIBI  A,2022,24,83.61428571428571,0.0,24.6428571428571,30.9714285714286
MAGHARIBI  A,2022,25,84.45714285714287,7.5,23.6,30.2285714285714
MAGHARIBI  A,2022,26,86.41428571428571,13.1,24.1142857142857,29.6571428571429
MAGHARIBI  A,2022,27,88.2,12.1,22.2428571428571,28.6857142857143
MAGHARIBI  A,2022,28,88.11428571428571,27.4,22.1285714285714,29.0428571428571
MAGHARIBI  A,2022,29,87.60000000000001,22.8,22.4857142857143,28.4428571428571
MAGHARIBI  A,2022,30,88.17142857142858,32.2,21.9571428571429,28.6571428571429
MAGHARIBI  A,2022,31,84.05714285714285,6.1,21.7428571428571,29.0857142857143
MAGHARIBI  A,2022,32,84.45714285714287,12.4,21.8285714285714,28.6857142857143
MAGHARIBI  A,2022,33,85.78571428571429,10.2,20.5285714285714,29.5571428571429
MAGHARIBI  A,2022,34,84.39999999999999,1.2,21.6,28.9857142857143
MAGHARIBI  A,2022,35,79.21428571428571,,,
MAGHARIBI  A,2022,36,74.98571428571428,8.4,22.2571428571429,30.0285714285714
MAGHARIBI  A,2022,37,75.72857142857143,0.0,21.7285714285714,30.2571428571429
MAGHARIBI  A,2022,38,75.91428571428571,0.0,23.0857142857143,30.5714285714286
MAGHARIBI  A,2022,39,75.68571428571428,0.0,23.0,30.8714285714286
MAGHARIBI  A,2022,40,71.68571428571428,2.8,22.5285714285714,30.6714285714286
MAGHARIBI  A,2022,41,71.5,0.0,22.2714285714286,31.2428571428571
MAGHARIBI  A,2022,42,71.57142857142857,2.4,22.4142857142857,31.0428571428571
MAGHARIBI  A,2022,43,72.37142857142858,0.0,23.0714285714286,30.5714285714286
MAGHARIBI  A,2022,44,75.28571428571429,,,
MAGHARIBI  A,2022,45,76.72857142857143,11.3,23.4142857142857,31.4
MAGHARIBI  A,2022,46,75.24285714285715,9.9,24.4,31.3
MAGHARIBI  A,2022,47,76.42857142857143,22.7,24.4714285714286,31.2
MAGHARIBI  A,2022,48,74.05714285714285,16.7,24.4285714285714,30.5714285714286
MAGHARIBI  A,2022,49,73.97142857142858,1.2,24.4,32.1
MAGHARIBI  A,2022,50,74.91428571428571,57.400000000000006,24.4428571428571,31.9857142857143
MAGHARIBI  A,2022,51,74.27142857142857,0.0,25.2857142857143,32.2857142857143
MAGHARIBI  A,2022,52,74.55714285714285,97.1,24.9571428571429,31.4
MAGHARIBI  A,2023,1,79.87142857142858,0.0,26.8857142857143,32.1428571428571
MAGHARIBI  A,2023,2,79.87142857142858,65.0,26.0714285714286,31.3285714285714
MAGHARIBI  A,2023,3,80.21428571428571,0.0,25.7285714285714,32.4142857142857
MAGHARIBI  A,2023,4,79.17142857142858,3.4,25.5428571428571,32.7142857142857
MAGHARIBI  A,2023,5,76.35714285714286,,,
MAGHARIBI  A,2023,6,74.61428571428571,1.1,25.0428571428571,33.3571428571429
MAGHARIBI  A,2023,7,74.88571428571429,4.7,24.3571428571429,33.2571428571429
MAGHARIBI  A,2023,8,75.98571428571428,0.0,25.1857142857143,33.4714285714286
MAGHARIBI  A,2023,9,76.28571428571429,0.0,24.1142857142857,33.5142857142857
MAGHARIBI  A,2023,10,77.89999999999999,0.0,24.7714285714286,33.9142857142857
MAGHARIBI  A,2023,11,78.15714285714286,0.0,25.5714285714286,34.1428571428571
MAGHARIBI  A,2023,12,77.98571428571428,30.7,26.0142857142857,31.7571428571429
MAGHARIBI  A,2023,13,82.12857142857142,10.0,25.9857142857143,31.3
MAGHARIBI  A,2023,14,90.67142857142858,73.60000000000001,25.5285714285714,31.5857142857143
MAGHARIBI  A,2023,15,90.4,65.9,25.3,31.2714285714286
MAGHARIBI  A,2023,16,90.31428571428572,186.4,24.8714285714286,28.8142857142857
MAGHARIBI  A,2023,17,90.38571428571429,167.29999999999998,24.7,30.0571428571429
MAGHARIBI  A,2023,18,85.6,27.6,24.6571428571429,30.8857142857143
MAGHARIBI  A,2023,19,85.81428571428572,79.69999999999999,24.9571428571429,30.5142857142857
MAGHARIBI  A,2023,20,86.5,12.2,25.3571428571429,31.0714285714286
MAGHARIBI  A,2023,21,86.17142857142858,19.0,24.3,29.9
MAGHARIBI  A,2023,22,86.31428571428572,,,
MAGHARIBI  A,2023,23,86.21428571428571,97.6,23.8714285714286,28.7571428571429
MAGHARIBI  A,2023,24,85.65714285714286,5.4,23.9714285714286,29.6714285714286
MAGHARIBI  A,2023,25,86.14285714285714,0.5,23.1,30.1285714285714
MAGHARIBI  A,2023,26,86.15714285714286,0.0,23.6142857142857,29.6
MAGHARIBI  A,2023,27,87.71428571428571,27.7,23.2,28.4428571428571
MAGHARIBI  A,2023,28,88.42857142857143,11.0,22.8142857142857,29.1571428571429
MAGHARIBI  A,2023,29,87.98571428571428,0.6,22.6714285714286,29.6285714285714
MAGHARIBI  A,2023,30,87.88571428571429,27.6,22.0142857142857,28.5857142857143
MAGHARIBI  A,2023,31,86.72857142857143,,,
MAGHARIBI  A,2023,32,85.75714285714285,5.5,22.4428571428571,29.3857142857143
MAGHARIBI  A,2023,33,84.05714285714285,0.0,22.4,29.9428571428571
MAGHARIBI  A,2023,34,83.38571428571429,5.4,22.5714285714286,30.6571428571429
MAGHARIBI  A,2023,35,82.24285714285715,12.7,22.4285714285714,30.4285714285714
MAGHARIBI  A,2023,36,80.68571428571428,0.0,21.2285714285714,31.2428571428571
MAGHARIBI  A,2023,37,80.89999999999999,3.0,20.9857142857143,31.0571428571429
MAGHARIBI  A,2023,38,80.45714285714287,0.0,20.4285714285714,31.4285714285714
MAGHARIBI  A,2023,39,79.39999999999999,18.8,22.1571428571429,30.8857142857143
MAGHARIBI  A,2023,40,70.27142857142857,33.7,24.8714285714286,30.7142857142857
MAGHARIBI  A,2023,41,69.38571428571429,0.0,24.2,31.5285714285714
MAGHARIBI  A,2023,42,69.1,2.7,24.0,32.1571428571429
MAGHARIBI  A,2023,43,69.54285714285714,46.4,24.1,31.3285714285714
MAGHARIBI  A,2023,44,74.71428571428571,,,
MAGHARIBI  A,2023,45,76.35714285714286,325.1,25.0142857142857,27.8714285714286
MAGHARIBI  A,2023,46,76.95714285714287,71.5,24.3857142857143,29.7
MAGHARIBI  A,2023,47,77.15714285714286,96.5,24.1428571428571,30.1
MAGHARIBI  A,2023,48,77.67142857142858,29.6,24.7,30.3714285714286
MAGHARIBI  A,2023,49,77.34285714285714,48.0,23.6857142857143,30.7142857142857
MAGHARIBI  A,2023,50,78.5,114.4,25.0714285714286,31.5285714285714
MAGHARIBI  A,2023,51,78.47142857142856,44.6,25.1142857142857,32.1571428571429
MAGHARIBI  A,2023,52,77.84285714285714,18.2,25.6428571428571,31.3285714285714
MAGHARIBI  B,2018,1,78.8,53.8,,
MAGHARIBI  B,2018,2,76.44285714285715,6.3,,
MAGHARIBI  B,2018,3,77.02857142857144,0.0,,
MAGHARIBI  B,2018,4,76.18571428571428,0.0,,
MAGHARIBI  B,2018,5,79.0,,,
MAGHARIBI  B,2018,6,82.98571428571428,0.0,,
MAGHARIBI  B,2018,7,82.2,0.0,,
MAGHARIBI  B,2018,8,82.91428571428571,39.6,,
MAGHARIBI  B,2018,9,83.39999999999999,0.0,,
MAGHARIBI  B,2018,10,85.75714285714285,12.1,,
MAGHARIBI  B,2018,11,83.27142857142857,35.5,,
MAGHARIBI  B,2018,12,84.02857142857144,68.5,,
MAGHARIBI  B,2018,13,83.91428571428571,3.4000000000000004,,
MAGHARIBI  B,2018,14,85.78571428571429,34.599999999999994,,
MAGHARIBI  B,2018,15,84.91428571428571,222.0,,
MAGHARIBI  B,2018,16,84.02857142857144,329.5999999999999,,
MAGHARIBI  B,2018,17,84.24285714285715,4.5,,
MAGHARIBI  B,2018,18,80.68571428571428,,,
MAGHARIBI  B,2018,19,80.35714285714286,191.6,,
MAGHARIBI  B,2018,20,80.10000000000001,213.2,,
MAGHARIBI  B,2018,21,79.81428571428572,108.1,,
MAGHARIBI  B,2018,22,82.18571428571428,11.6,,
MAGHARIBI  B,2018,23,83.58571428571429,17.1,,
MAGHARIBI  B,2018,24,84.02857142857144,1.0,,
MAGHARIBI  B,2018,25,83.3,0.7,,
MAGHARIBI  B,2018,26,84.58571428571429,8.8,,
MAGHARIBI  B,2018,27,78.78571428571429,119.5,,
MAGHARIBI  B,2018,28,79.85714285714286,1.0,,
MAGHARIBI  B,2018,29,79.2,1.0,,
MAGHARIBI  B,2018,30,79.8,0.0,,
MAGHARIBI  B,2018,31,80.04285714285713,,,
MAGHARIBI  B,2018,32,79.92857142857143,0.8,,
MAGHARIBI  B,2018,33,79.84285714285714,0.0,,
MAGHARIBI  B,2018,34,78.78571428571429,2.7,,
MAGHARIBI  B,2018,35,78.87142857142858,13.0,,
MAGHARIBI  B,2018,36,78.10000000000001,15.4,,
MAGHARIBI  B,2018,37,77.11428571428571,7.1,,
MAGHARIBI  B,2018,38,77.95714285714287,2.6,,
MAGHARIBI  B,2018,39,77.61428571428571,5.5,,
MAGHARIBI  B,2018,40,79.85714285714286,6.9,,
MAGHARIBI  B,2018,41,79.12857142857142,5.7,,
MAGHARIBI  B,2018,42,79.41428571428571,27.0,,
MAGHARIBI  B,2018,43,78.89999999999999,58.10000000000001,,
MAGHARIBI  B,2018,44,80.45714285714287,,,
MAGHARIBI  B,2018,45,82.14285714285714,0.0,,
MAGHARIBI  B,2018,46,82.8,0.0,,
MAGHARIBI  B,2018,47,82.62857142857142,22.7,,
MAGHARIBI  B,2018,48,83.85714285714286,22.700000000000003,,
MAGHARIBI  B,2018,49,84.07142857142857,34.300000000000004,,
MAGHARIBI  B,2018,50,83.45714285714287,38.0,,
MAGHARIBI  B,2018,51,84.92857142857143,93.6,,
MAGHARIBI  B,2018,52,83.52857142857144,2.5,,
MAGHARIBI  B,2019,1,72.3,,,
MAGHARIBI  B,2019,2,70.08571428571429,12.2,26.8857142857143,33.0571428571429
MAGHARIBI  B,2019,3,70.44285714285715,0.0,26.0714285714286,33.8142857142857
MAGHARIBI  B,2019,4,71.58571428571429,6.800000000000001,25.7285714285714,33.6
MAGHARIBI  B,2019,5,67.9,0.0,25.5428571428571,33.2571428571429
MAGHARIBI  B,2019,6,63.94285714285714,0.0,25.0428571428571,34.5142857142857
MAGHARIBI  B,2019,7,63.25714285714286,3.3,24.3571428571429,31.9857142857143
MAGHARIBI  B,2019,8,62.642857142857146,29.5,25.1857142857143,31.3285714285714
MAGHARIBI  B,2019,9,66.01428571428572,72.6,24.1142857142857,32.7285714285714
MAGHARIBI  B,2019,10,68.44285714285714,13.7,24.7714285714286,33.8
MAGHARIBI  B,2019,11,69.21428571428571,0.0,25.5714285714286,34.1285714285714
MAGHARIBI  B,2019,12,69.64285714285714,0.0,26.0142857142857,35.2714285714286
MAGHARIBI  B,2019,13,69.45714285714286,3.8,25.9857142857143,34.8285714285714
MAGHARIBI  B,2019,14,88.0,100.8,25.5285714285714,32.4714285714286
MAGHARIBI  B,2019,15,86.35714285714286,45.3,25.3,32.0428571428571
MAGHARIBI  B,2019,16,87.81428571428572,19.1,24.8714285714286,31.4142857142857
MAGHARIBI  B,2019,17,87.22857142857143,0.0,24.7,30.2
MAGHARIBI  B,2019,18,86.8,,,
MAGHARIBI  B,2019,19,85.24285714285715,368.1,24.6571428571429,31.4142857142857
MAGHARIBI  B,2019,20,86.51428571428572,275.70000000000005,24.9571428571429,30.7285714285714
MAGHARIBI  B,2019,21,87.22857142857143,62.1,25.3571428571429,31.4714285714286
MAGHARIBI  B,2019,22,79.81428571428572,133.0,24.3,30.6571428571429
MAGHARIBI  B,2019,23,63.05714285714286,0.0,23.8714285714286,30.3285714285714
MAGHARIBI  B,2019,24,63.24285714285714,0.0,23.9714285714286,30.3142857142857
MAGHARIBI  B,2019,25,63.41428571428571,0.0,23.1,29.9
MAGHARIBI  B,2019,26,62.785714285714285,0.0,23.6142857142857,29.6857142857143
MAGHARIBI  B,2019,27,62.12857142857143,0.0,23.2,30.8
MAGHARIBI  B,2019,28,61.52857142857143,0.0,22.8142857142857,30.2571428571429
MAGHARIBI  B,2019,29,60.67142857142857,0.1,22.6714285714286,29.5
MAGHARIBI  B,2019,30,61.58571428571429,0.0,22.0142857142857,30.3714285714286
MAGHARIBI  B,2019,31,65.47142857142858,,,
MAGHARIBI  B,2019,32,68.72857142857143,13.8,22.4428571428571,30.3285714285714
MAGHARIBI  B,2019,33,68.52857142857144,24.9,22.4,29.8857142857143
MAGHARIBI  B,2019,34,69.34285714285714,0.0,22.5714285714286,30.6714285714286
MAGHARIBI  B,2019,35,67.34285714285714,1.9,22.4285714285714,30.1857142857143
MAGHARIBI  B,2019,36,59.5,13.7,21.2285714285714,29.2142857142857
MAGHARIBI  B,2019,37,59.385714285714286,36.1,20.9857142857143,30.3
MAGHARIBI  B,2019,38,58.08571428571429,0.3,20.4285714285714,30.7142857142857
MAGHARIBI  B,2019,39,58.07142857142857,6.2,22.1571428571429,30.5285714285714
MAGHARIBI  B,2019,40,67.11428571428571,,,
MAGHARIBI  B,2019,41,69.11428571428571,39.0,24.8714285714286,29.9142857142857
MAGHARIBI  B,2019,42,69.38571428571429,206.5,24.2,29.0
MAGHARIBI  B,2019,43,69.27142857142857,128.1,24.0,29.7428571428571
MAGHARIBI  B,2019,44,69.31428571428572,144.8,24.1,30.6
MAGHARIBI  B,2019,45,70.64285714285714,13.6,25.0142857142857,32.0285714285714
MAGHARIBI  B,2019,46,70.55714285714285,80.3,24.3857142857143,31.2428571428571
MAGHARIBI  B,2019,47,70.95714285714287,80.7,24.1428571428571,31.1857142857143
MAGHARIBI  B,2019,48,70.14285714285714,9.2,24.7,31.9285714285714
MAGHARIBI  B,2019,49,69.32857142857144,108.0,23.6857142857143,32.6571428571429
MAGHARIBI  B,2019,50,68.97142857142858,10.6,25.0714285714286,33.3142857142857
MAGHARIBI  B,2019,51,68.18571428571428,137.0,25.1142857142857,31.8714285714286
MAGHARIBI  B,2019,52,68.97142857142858,11.6,25.6428571428571,33.8
MAGHARIBI  B,2020,1,69.1,,,
MAGHARIBI  B,2020,2,68.2,0.0,25.8428571428571,33.7
MAGHARIBI  B,2020,3,68.7,41.1,25.4857142857143,33.1285714285714
MAGHARIBI  B,2020,4,68.44285714285715,141.0,24.9285714285714,31.6714285714286
MAGHARIBI  B,2020,5,70.12857142857142,27.9,25.8,30.7571428571429
MAGHARIBI  B,2020,6,71.7,21.6,25.0571428571429,34.5142857142857
MAGHARIBI  B,2020,7,72.18571428571428,6.8,25.1428571428571,31.9857142857143
MAGHARIBI  B,2020,8,71.58571428571429,8.1,25.9714285714286,31.3285714285714
MAGHARIBI  B,2020,9,72.72857142857143,2.3,26.375,32.7285714285714
MAGHARIBI  B,2020,10,77.18571428571428,41.1,25.4,32.2571428571429
MAGHARIBI  B,2020,11,77.12857142857142,84.7,24.9428571428571,32.1857142857143
MAGHARIBI  B,2020,12,76.74285714285715,14.4,25.8428571428571,32.0571428571429
MAGHARIBI  B,2020,13,76.92857142857143,10.8,25.5375,31.8714285714286
MAGHARIBI  B,2020,14,83.44285714285715,,,
MAGHARIBI  B,2020,15,86.54285714285713,42.7,25.7714285714286,32.8857142857143
MAGHARIBI  B,2020,16,85.62857142857142,225.1,24.3857142857143,30.1571428571429
MAGHARIBI  B,2020,17,86.17142857142858,365.2,24.6571428571429,29.1857142857143
MAGHARIBI  B,2020,18,86.57142857142857,45.4,25.0,30.9571428571429
MAGHARIBI  B,2020,19,86.71428571428571,101.8,24.9285714285714,30.2142857142857
MAGHARIBI  B,2020,20,87.61428571428571,5.4,25.7285714285714,30.4571428571429
MAGHARIBI  B,2020,21,86.75714285714285,54.8,24.5142857142857,29.9285714285714
MAGHARIBI  B,2020,22,88.45714285714287,3.4,24.325,30.7714285714286
MAGHARIBI  B,2020,23,79.62857142857142,0.0,24.9428571428571,30.4571428571429
MAGHARIBI  B,2020,24,80.42857142857143,1.1,24.2428571428571,30.6428571428571
MAGHARIBI  B,2020,25,79.95714285714287,0.0,23.5,30.3857142857143
MAGHARIBI  B,2020,26,80.37142857142858,0.0,24.225,29.8714285714286
MAGHARIBI  B,2020,27,77.39999999999999,,,
MAGHARIBI  B,2020,28,77.02857142857144,0.0,23.5857142857143,29.7714285714286
MAGHARIBI  B,2020,29,75.88571428571429,36.5,23.1,29.6
MAGHARIBI  B,2020,30,75.97142857142856,1.0,22.7285714285714,28.8285714285714
MAGHARIBI  B,2020,31,76.54285714285713,4.3,22.75,29.3428571428571
MAGHARIBI  B,2020,32,77.67142857142858,0.0,23.0285714285714,29.8571428571429
MAGHARIBI  B,2020,33,77.77142857142857,0.0,22.0571428571429,29.3285714285714
MAGHARIBI  B,2020,34,78.31428571428572,39.1,22.6857142857143,29.2285714285714
MAGHARIBI  B,2020,35,79.2,7.6,21.95,29.5
MAGHARIBI  B,2020,36,86.14285714285714,,,
MAGHARIBI  B,2020,37,87.10000000000001,0.5,23.0428571428571,29.9
MAGHARIBI  B,2020,38,87.91428571428571,1.1,23.7142857142857,30.7
MAGHARIBI  B,2020,39,88.55714285714285,3.7,22.1857142857143,31.0714285714286
MAGHARIBI  B,2020,40,86.3,2.5,23.1,30.6857142857143
MAGHARIBI  B,2020,41,85.75714285714285,14.9,24.0857142857143,31.7857142857143
MAGHARIBI  B,2020,42,85.52857142857144,31.8,23.4857142857143,32.1142857142857
MAGHARIBI  B,2020,43,86.31428571428572,32.2,23.5285714285714,31.3428571428571
MAGHARIBI  B,2020,44,86.2,49.6,23.875,31.3142857142857
MAGHARIBI  B,2020,45,83.44285714285715,45.00000000000001,22.8,30.0428571428571
MAGHARIBI  B,2020,46,83.24285714285715,107.1,24.1857142857143,29.9428571428571
MAGHARIBI  B,2020,47,84.94285714285715,14.9,24.6285714285714,30.9714285714286
MAGHARIBI  B,2020,48,82.72857142857143,91.2,24.7875,30.6714285714286
MAGHARIBI  B,2020,49,82.65714285714286,,,
MAGHARIBI  B,2020,50,81.55714285714285,57.4,24.5285714285714,31.5285714285714
MAGHARIBI  B,2020,51,82.07142857142857,23.8,25.0571428571429,31.9428571428571
MAGHARIBI  B,2020,52,82.81428571428572,45.400000000000006,24.5428571428571,31.7
MAGHARIBI  B,2020,53,,59.9,,
MAGHARIBI  B,2021,1,80.92857142857143,10.7,25.3142857142857,31.4571428571429
MAGHARIBI  B,2021,2,81.07142857142857,5.7,25.2714285714286,31.2
MAGHARIBI  B,2021,3,81.8,0.0,25.0714285714286,33.2428571428572
MAGHARIBI  B,2021,4,80.55714285714285,11.9,25.0857142857143,32.9428571428571
MAGHARIBI  B,2021,5,79.5,6.8,24.9571428571429,32.9428571428571
MAGHARIBI  B,2021,6,78.60000000000001,18.3,25.7285714285714,31.3714285714286
MAGHARIBI  B,2021,7,79.21428571428571,0.0,25.0857142857143,32.5
MAGHARIBI  B,2021,8,78.91428571428571,12.0,25.2428571428571,33.2428571428572
MAGHARIBI  B,2021,9,78.35714285714286,0.0,26.1571428571429,33.9
MAGHARIBI  B,2021,10,79.94285714285715,1.1,25.0428571428571,33.5285714285714
MAGHARIBI  B,2021,11,80.67142857142858,25.200000000000003,25.0,32.8714285714286
MAGHARIBI  B,2021,12,78.98571428571428,4.2,25.7714285714286,32.8571428571429
MAGHARIBI  B,2021,13,84.18571428571428,,,
MAGHARIBI  B,2021,14,86.7,16.2,25.5285714285714,31.9142857142857
MAGHARIBI  B,2021,15,87.52857142857144,82.60000000000001,24.3571428571429,29.5857142857143
MAGHARIBI  B,2021,16,87.28571428571429,72.9,24.5428571428571,29.9571428571429
MAGHARIBI  B,2021,17,84.2,57.0,25.5428571428571,31.2571428571429
MAGHARIBI  B,2021,18,80.84285714285714,70.80000000000001,24.9142857142857,28.9142857142857
MAGHARIBI  B,2021,19,80.47142857142856,0.0,24.8,30.9857142857143
MAGHARIBI  B,2021,20,78.52857142857144,0.0,24.7142857142857,31.2285714285714
MAGHARIBI  B,2021,21,79.3,0.0,24.3428571428571,30.7857142857143
MAGHARIBI  B,2021,22,74.97142857142856,,,
MAGHARIBI  B,2021,23,74.85714285714286,41.5,23.9,30.1714285714286
MAGHARIBI  B,2021,24,75.37142857142858,7.8,23.3428571428571,29.2
MAGHARIBI  B,2021,25,74.78571428571429,1.3,23.3714285714286,29.1571428571429
MAGHARIBI  B,2021,26,73.78571428571429,9.7,21.8428571428571,29.5142857142857
MAGHARIBI  B,2021,27,73.08571428571429,0.0,23.1571428571429,29.7857142857143
MAGHARIBI  B,2021,28,73.57142857142857,17.1,23.7142857142857,29.6428571428571
MAGHARIBI  B,2021,29,72.14285714285714,0.0,23.4857142857143,30.0571428571429
MAGHARIBI  B,2021,30,73.27142857142857,2.9,23.2857142857143,29.5571428571429
MAGHARIBI  B,2021,31,76.55714285714285,0.0,22.8571428571429,29.4
MAGHARIBI  B,2021,32,76.7,2.2,21.6571428571429,29.3714285714286
MAGHARIBI  B,2021,33,76.84285714285714,10.4,22.7571428571429,29.3714285714286
MAGHARIBI  B,2021,34,76.67142857142858,3.6,21.5285714285714,30.1
MAGHARIBI  B,2021,35,75.65714285714286,,,
MAGHARIBI  B,2021,36,75.81428571428572,0.0,23.1428571428571,30.2571428571429
MAGHARIBI  B,2021,37,75.87142857142858,6.0,22.9,30.0285714285714
MAGHARIBI  B,2021,38,76.18571428571428,0.8,22.3714285714286,30.8
MAGHARIBI  B,2021,39,76.62857142857142,4.6,22.8714285714286,30.7
MAGHARIBI  B,2021,40,78.32857142857142,0.0,22.9,31.8857142857143
MAGHARIBI  B,2021,41,77.92857142857143,4.800000000000001,23.5142857142857,31.6
MAGHARIBI  B,2021,42,77.97142857142856,13.0,22.9,31.0714285714286
MAGHARIBI  B,2021,43,77.24285714285715,0.1,23.5285714285714,31.8571428571429
MAGHARIBI  B,2021,44,82.14285714285714,0.0,24.8571428571429,33.0428571428571
MAGHARIBI  B,2021,45,82.08571428571429,1.2,24.1428571428571,32.7142857142857
MAGHARIBI  B,2021,46,82.41428571428571,0.0,24.0714285714286,32.9714285714286
MAGHARIBI  B,2021,47,81.5,6.2,25.6571428571429,32.6833333333333
MAGHARIBI  B,2021,48,80.24285714285715,,,
MAGHARIBI  B,2021,49,78.92857142857143,90.3,25.5285714285714,31.1714285714286
MAGHARIBI  B,2021,50,78.07142857142857,70.60000000000001,24.3571428571429,30.7428571428571
MAGHARIBI  B,2021,51,78.91428571428571,63.9,25.1142857142857,31.3714285714286
MAGHARIBI  B,2021,52,78.45714285714287,62.10000000000001,25.0571428571429,31.5285714285714
MAGHARIBI  B,2022,1,77.45714285714287,0.0,26.0,33.6142857142857
MAGHARIBI  B,2022,2,76.51428571428572,58.39999999999999,26.2142857142857,33.7571428571429
MAGHARIBI  B,2022,3,77.04285714285713,1.4,25.3142857142857,33.0285714285714
MAGHARIBI  B,2022,4,76.68571428571428,0.0,24.4714285714286,31.0571428571429
MAGHARIBI  B,2022,5,77.75714285714285,,,
MAGHARIBI  B,2022,6,79.01428571428572,60.50000000000001,24.8285714285714,31.3714285714286
MAGHARIBI  B,2022,7,77.32857142857142,7.8,25.7142857142857,32.2714285714286
MAGHARIBI  B,2022,8,76.21428571428571,0.1,25.6285714285714,33.3428571428571
MAGHARIBI  B,2022,9,75.34285714285714,0.0,25.7857142857143,32.1285714285714
MAGHARIBI  B,2022,10,75.47142857142856,0.0,25.5714285714286,33.8571428571429
MAGHARIBI  B,2022,11,74.60000000000001,0.0,25.7714285714286,33.7285714285714
MAGHARIBI  B,2022,12,75.10000000000001,64.2,26.1714285714286,33.8714285714286
MAGHARIBI  B,2022,13,78.02857142857144,26.9,25.5857142857143,32.8714285714286
MAGHARIBI  B,2022,14,82.31428571428572,2.8000000000000003,25.7571428571429,32.9285714285714
MAGHARIBI  B,2022,15,81.78571428571429,6.000000000000001,25.4142857142857,31.5285714285714
MAGHARIBI  B,2022,16,81.52857142857144,156.7,24.8285714285714,30.4
MAGHARIBI  B,2022,17,81.7,67.8,25.1857142857143,29.9714285714286
MAGHARIBI  B,2022,18,76.82857142857142,34.7,24.8142857142857,30.4
MAGHARIBI  B,2022,19,77.27142857142857,35.0,25.7285714285714,31.5285714285714
MAGHARIBI  B,2022,20,76.95714285714284,0.0,25.1714285714286,31.2428571428571
MAGHARIBI  B,2022,21,76.85714285714286,9.1,24.9857142857143,31.7571428571429
MAGHARIBI  B,2022,22,75.35714285714286,,,
MAGHARIBI  B,2022,23,75.34285714285714,3.0,23.6142857142857,30.8142857142857
MAGHARIBI  B,2022,24,75.08571428571429,21.8,24.6428571428571,30.9714285714286
MAGHARIBI  B,2022,25,75.2,0.0,23.6,30.2285714285714
MAGHARIBI  B,2022,26,72.92857142857143,0.0,24.1142857142857,29.6571428571429
MAGHARIBI  B,2022,27,73.15714285714286,18.9,22.2428571428571,28.6857142857143
MAGHARIBI  B,2022,28,72.78571428571429,1.6,22.1285714285714,29.0428571428571
MAGHARIBI  B,2022,29,72.4,4.9,22.4857142857143,28.4428571428571
MAGHARIBI  B,2022,30,73.68571428571428,8.1,21.9571428571429,28.6571428571429
MAGHARIBI  B,2022,31,75.82857142857142,2.4,21.7428571428571,29.0857142857143
MAGHARIBI  B,2022,32,75.68571428571428,1.2,21.8285714285714,28.6857142857143
MAGHARIBI  B,2022,33,75.54285714285713,0.5,20.5285714285714,29.5571428571429
MAGHARIBI  B,2022,34,75.77142857142857,0.3,21.6,28.9857142857143
MAGHARIBI  B,2022,35,74.85714285714286,,,
MAGHARIBI  B,2022,36,73.65714285714286,0.0,22.2571428571429,30.0285714285714
MAGHARIBI  B,2022,37,73.71428571428571,3.4,21.7285714285714,30.2571428571429
MAGHARIBI  B,2022,38,73.52857142857144,2.1,23.0857142857143,30.5714285714286
MAGHARIBI  B,2022,39,74.85714285714286,10.1,23.0,30.8714285714286
MAGHARIBI  B,2022,40,74.5,3.5,22.5285714285714,30.6714285714286
MAGHARIBI  B,2022,41,74.82857142857142,0.0,22.2714285714286,31.2428571428571
MAGHARIBI  B,2022,42,74.02857142857142,7.699999999999999,22.4142857142857,31.0428571428571
MAGHARIBI  B,2022,43,73.0142857142857,33.4,23.0714285714286,30.5714285714286
MAGHARIBI  B,2022,44,73.62857142857142,,,
MAGHARIBI  B,2022,45,73.91428571428571,18.0,23.4142857142857,31.4
MAGHARIBI  B,2022,46,74.15714285714286,146.5,24.4,31.3
MAGHARIBI  B,2022,47,74.87142857142858,129.89999999999998,24.4714285714286,31.2
MAGHARIBI  B,2022,48,78.75714285714285,24.7,24.4285714285714,30.5714285714286
MAGHARIBI  B,2022,49,80.81428571428572,0.0,24.4,32.1
MAGHARIBI  B,2022,50,81.57142857142857,59.5,24.4428571428571,31.9857142857143
MAGHARIBI  B,2022,51,82.88571428571429,49.0,25.2857142857143,32.2857142857143
MAGHARIBI  B,2022,52,81.64285714285714,54.8,24.9571428571429,31.4
MAGHARIBI  B,2023,1,74.8,3.8,26.8857142857143,32.1428571428571
MAGHARIBI  B,2023,2,74.64285714285714,58.39999999999999,26.0714285714286,31.3285714285714
MAGHARIBI  B,2023,3,75.15714285714286,1.4,25.7285714285714,32.4142857142857
MAGHARIBI  B,2023,4,75.5,0.0,25.5428571428571,32.7142857142857
MAGHARIBI  B,2023,5,75.97142857142856,,,
MAGHARIBI  B,2023,6,76.4,0.0,25.0428571428571,33.3571428571429
MAGHARIBI  B,2023,7,75.81428571428572,7.8,24.3571428571429,33.2571428571429
MAGHARIBI  B,2023,8,76.92857142857143,0.1,25.1857142857143,33.4714285714286
MAGHARIBI  B,2023,9,76.57142857142857,0.0,24.1142857142857,33.5142857142857
MAGHARIBI  B,2023,10,74.32857142857142,0.0,24.7714285714286,33.9142857142857
MAGHARIBI  B,2023,11,74.84285714285714,0.0,25.5714285714286,34.1428571428571
MAGHARIBI  B,2023,12,75.68571428571428,64.2,26.0142857142857,31.7571428571429
MAGHARIBI  B,2023,13,77.85714285714286,26.9,25.9857142857143,31.3
MAGHARIBI  B,2023,14,83.71428571428571,51.6,25.5285714285714,31.5857142857143
MAGHARIBI  B,2023,15,82.21428571428571,6.000000000000001,25.3,31.2714285714286
MAGHARIBI  B,2023,16,83.11428571428571,156.7,24.8714285714286,28.8142857142857
MAGHARIBI  B,2023,17,83.10000000000001,67.8,24.7,30.0571428571429
MAGHARIBI  B,2023,18,78.12857142857142,69.6,24.6571428571429,30.8857142857143
MAGHARIBI  B,2023,19,78.42857142857143,35.0,24.9571428571429,30.5142857142857
MAGHARIBI  B,2023,20,79.08571428571429,0.0,25.3571428571429,31.0714285714286
MAGHARIBI  B,2023,21,79.72857142857143,9.1,24.3,29.9
MAGHARIBI  B,2023,22,79.42857142857143,,,
MAGHARIBI  B,2023,23,78.54285714285713,96.9,23.8714285714286,28.7571428571429
MAGHARIBI  B,2023,24,78.82857142857142,21.8,23.9714285714286,29.6714285714286
MAGHARIBI  B,2023,25,79.18571428571428,0.0,23.1,30.1285714285714
MAGHARIBI  B,2023,26,78.5,0.0,23.6142857142857,29.6
MAGHARIBI  B,2023,27,79.82857142857142,51.1,23.2,28.4428571428571
MAGHARIBI  B,2023,28,80.12857142857142,1.6,22.8142857142857,29.1571428571429
MAGHARIBI  B,2023,29,79.2,4.9,22.6714285714286,29.6285714285714
MAGHARIBI  B,2023,30,79.41428571428571,8.1,22.0142857142857,28.5857142857143
MAGHARIBI  B,2023,31,78.28571428571429,,,
MAGHARIBI  B,2023,32,77.24285714285713,2.8000000000000003,22.4428571428571,29.3857142857143
MAGHARIBI  B,2023,33,78.22857142857143,1.2,22.4,29.9428571428571
MAGHARIBI  B,2023,34,78.15714285714286,0.5,22.5714285714286,30.6571428571429
MAGHARIBI  B,2023,35,76.08571428571429,0.3,22.4285714285714,30.4285714285714
MAGHARIBI  B,2023,36,72.41428571428571,0.0,21.2285714285714,31.2428571428571
MAGHARIBI  B,2023,37,73.8,3.4,20.9857142857143,31.0571428571429
MAGHARIBI  B,2023,38,74.45714285714287,2.1,20.4285714285714,31.4285714285714
MAGHARIBI  B,2023,39,73.45714285714287,10.1,22.1571428571429,30.8857142857143
MAGHARIBI  B,2023,40,79.75714285714285,12.2,24.8714285714286,30.7142857142857
MAGHARIBI  B,2023,41,80.82857142857142,0.0,24.2,31.5285714285714
MAGHARIBI  B,2023,42,79.28571428571429,7.699999999999999,24.0,32.1571428571429
MAGHARIBI  B,2023,43,79.87142857142858,33.4,24.1,31.3285714285714
MAGHARIBI  B,2023,44,85.58571428571429,,,
MAGHARIBI  B,2023,45,87.64285714285714,487.9,25.0142857142857,27.8714285714286
MAGHARIBI  B,2023,46,87.04285714285713,146.5,24.3857142857143,29.7
MAGHARIBI  B,2023,47,88.34285714285714,129.89999999999998,24.1428571428571,30.1
MAGHARIBI  B,2023,48,85.31428571428572,24.7,24.7,30.3714285714286
MAGHARIBI  B,2023,49,84.61428571428571,55.9,23.6857142857143,30.7142857142857
MAGHARIBI  B,2023,50,84.41428571428571,59.5,25.0714285714286,31.5285714285714
MAGHARIBI  B,2023,51,84.38571428571429,49.0,25.1142857142857,32.1571428571429
MAGHARIBI  B,2023,52,83.85714285714286,54.8,25.6428571428571,31.3285714285714
MICHEWENI,2018,1,89.87142857142858,6.1,24.3428571428571,29.8166666666667
MICHEWENI,2018,2,90.2,3.6,23.8,29.6428571428571
MICHEWENI,2018,3,89.94285714285715,0.0,23.3571428571429,30.2285714285714
MICHEWENI,2018,4,90.64285714285714,0.0,22.8285714285714,30.4428571428571
MICHEWENI,2018,5,90.0,,,
MICHEWENI,2018,6,90.78571428571428,0.0,23.8571428571429,31.4142857142857
MICHEWENI,2018,7,90.98571428571428,28.0,24.5714285714286,31.5428571428571
MICHEWENI,2018,8,89.84285714285714,0.8,24.4,32.1
MICHEWENI,2018,9,91.62857142857142,28.9,23.7428571428571,32.4714285714286
MICHEWENI,2018,10,91.87142857142858,85.5,23.7714285714286,31.5333333333333
MICHEWENI,2018,11,91.18571428571428,1.4,23.8428571428571,30.3
MICHEWENI,2018,12,91.3,28.1,24.4428571428571,31.9714285714286
MICHEWENI,2018,13,92.31428571428572,78.9,24.0285714285714,31.4
MICHEWENI,2018,14,96.61428571428571,85.5,24.5857142857143,31.8714285714286
MICHEWENI,2018,15,94.1,130.6,24.1857142857143,30.9142857142857
MICHEWENI,2018,16,95.71428571428572,104.5,23.7142857142857,28.5714285714286
MICHEWENI,2018,17,95.18571428571428,132.0,24.7714285714286,29.8
MICHEWENI,2018,18,94.47142857142856,,,
MICHEWENI,2018,19,92.91428571428573,186.3,22.8714285714286,28.3285714285714
MICHEWENI,2018,20,93.94285714285716,87.7,23.4285714285714,29.4571428571429
MICHEWENI,2018,21,93.24285714285716,117.9,24.1142857142857,29.6428571428571
MICHEWENI,2018,22,91.4,217.4,23.9571428571429,29.7285714285714
MICHEWENI,2018,23,88.05714285714285,8.5,23.9714285714286,28.9571428571429
MICHEWENI,2018,24,88.85714285714286,59.4,22.8714285714286,29.2714285714286
MICHEWENI,2018,25,88.11428571428571,50.3,23.1857142857143,29.4714285714286
MICHEWENI,2018,26,87.57142857142857,13.2,23.5714285714286,28.6285714285714
MICHEWENI,2018,27,85.41428571428571,14.9,22.7714285714286,28.4285714285714
MICHEWENI,2018,28,86.44285714285715,2.8,23.0857142857143,28.7428571428571
MICHEWENI,2018,29,85.98571428571428,25.1,22.9285714285714,28.3
MICHEWENI,2018,30,85.02857142857144,8.8,23.2142857142857,27.5285714285714
MICHEWENI,2018,31,84.62857142857142,,,
MICHEWENI,2018,32,83.87142857142858,7.2,22.9857142857143,27.6142857142857
MICHEWENI,2018,33,84.44285714285715,5.4,23.5714285714286,28.6428571428571
MICHEWENI,2018,34,84.54285714285713,3.5,24.0142857142857,29.1571428571429
MICHEWENI,2018,35,83.37142857142858,3.5,24.6714285714286,28.6571428571429
MICHEWENI,2018,36,84.68571428571428,8.2,23.3142857142857,29.2
MICHEWENI,2018,37,83.82857142857142,6.1,23.6571428571429,29.6428571428571
MICHEWENI,2018,38,84.82857142857142,3.5,22.2,29.7285714285714
MICHEWENI,2018,39,85.18571428571428,0.9,23.2,29.3714285714286
MICHEWENI,2018,40,88.24285714285715,0.0,23.2,28.8
MICHEWENI,2018,41,89.12857142857142,0.0,23.5428571428571,29.3
MICHEWENI,2018,42,89.22857142857143,4.7,23.2285714285714,30.3857142857143
MICHEWENI,2018,43,89.10000000000001,30.0,23.7571428571429,29.6714285714286
MICHEWENI,2018,44,92.6,,,
MICHEWENI,2018,45,94.38571428571429,41.5,22.9857142857143,30.8285714285714
MICHEWENI,2018,46,92.87142857142858,19.3,23.5714285714286,30.4714285714286
MICHEWENI,2018,47,94.42857142857144,13.5,24.0142857142857,30.7142857142857
MICHEWENI,2018,48,93.31428571428572,0.0,24.6714285714286,31.4857142857143
MICHEWENI,2018,49,92.54285714285712,0.0,24.3166666666667,30.7857142857143
MICHEWENI,2018,50,93.27142857142856,0.0,24.35,30.0714285714286
MICHEWENI,2018,51,93.41428571428573,7.0,24.7714285714286,30.5714285714286
MICHEWENI,2018,52,92.9,3.8,24.8428571428571,30.7714285714286
MICHEWENI,2019,1,89.34285714285714,,,
MICHEWENI,2019,2,88.67142857142858,0.0,25.5571428571429,32.3285714285714
MICHEWENI,2019,3,87.57142857142857,0.0,25.7,32.3571428571429
MICHEWENI,2019,4,88.78571428571429,0.0,24.4857142857143,32.3
MICHEWENI,2019,5,87.85714285714286,0.0,25.725,31.825
MICHEWENI,2019,6,87.77142857142857,0.0,24.7857142857143,30.7142857142857
MICHEWENI,2019,7,87.89999999999999,0.0,24.6857142857143,31.2428571428571
MICHEWENI,2019,8,88.05714285714285,0.0,25.2571428571429,31.6571428571429
MICHEWENI,2019,9,89.12857142857142,6.3,25.6,32.3625
MICHEWENI,2019,10,92.48571428571428,0.0,25.0142857142857,33.1142857142857
MICHEWENI,2019,11,93.01428571428572,0.0,25.1142857142857,32.5714285714286
MICHEWENI,2019,12,91.31428571428572,0.0,24.1714285714286,32.7
MICHEWENI,2019,13,91.81428571428572,44.5,24.5125,32.9125
MICHEWENI,2019,14,93.25714285714284,36.2,24.9428571428571,31.8142857142857
MICHEWENI,2019,15,94.18571428571428,45.2,25.0142857142857,31.0714285714286
MICHEWENI,2019,16,93.82857142857142,63.4,25.6428571428571,32.3571428571429
MICHEWENI,2019,17,94.14285714285714,68.6,25.2125,32.125
MICHEWENI,2019,18,95.44285714285716,,,
MICHEWENI,2019,19,95.77142857142856,37.1,24.8285714285714,29.4142857142857
MICHEWENI,2019,20,93.82857142857142,147.8,25.0428571428571,28.1428571428571
MICHEWENI,2019,21,95.34285714285714,36.1,24.4428571428571,29.2285714285714
MICHEWENI,2019,22,92.3,11.2,24.55,28.75
MICHEWENI,2019,23,85.98571428571428,17.0,24.1571428571429,29.4142857142857
MICHEWENI,2019,24,86.44285714285715,0.0,23.7714285714286,29.1428571428571
MICHEWENI,2019,25,85.55714285714285,21.1,24.3,28.8714285714286
MICHEWENI,2019,26,86.74285714285715,1.0,24.175,29.1875
MICHEWENI,2019,27,89.45714285714287,29.1,24.1857142857143,29.3571428571429
MICHEWENI,2019,28,89.45714285714287,9.1,24.6428571428571,29.0857142857143
MICHEWENI,2019,29,89.25714285714285,2.1,23.5,28.3857142857143
MICHEWENI,2019,30,89.48571428571428,1.4,24.4,28.2375
MICHEWENI,2019,31,89.04285714285713,,,
MICHEWENI,2019,32,90.98571428571428,0.0,23.7571428571429,28.9571428571429
MICHEWENI,2019,33,90.27142857142856,14.8,24.0428571428571,28.9285714285714
MICHEWENI,2019,34,91.14285714285714,47.0,24.3,28.8571428571429
MICHEWENI,2019,35,91.61428571428571,0.5,23.8375,29.0375
MICHEWENI,2019,36,88.42857142857143,1.6,23.1857142857143,29.4428571428571
MICHEWENI,2019,37,89.02857142857144,2.3,23.9285714285714,28.9714285714286
MICHEWENI,2019,38,89.32857142857144,0.3,23.5428571428571,29.6571428571429
MICHEWENI,2019,39,88.31428571428572,7.7,24.2375,29.875
MICHEWENI,2019,40,94.75714285714284,,,
MICHEWENI,2019,41,93.98571428571428,3.3,23.8,29.5285714285714
MICHEWENI,2019,42,94.55714285714284,52.2,24.0857142857143,28.8285714285714
MICHEWENI,2019,43,95.2,1.1,23.6428571428571,29.3
MICHEWENI,2019,44,94.52857142857144,2.2,24.6375,30.0
MICHEWENI,2019,45,94.44285714285716,10.2,24.6857142857143,30.4285714285714
MICHEWENI,2019,46,94.64285714285714,23.1,24.6285714285714,30.5571428571429
MICHEWENI,2019,47,93.67142857142858,7.2,25.6714285714286,31.1857142857143
MICHEWENI,2019,48,95.11428571428571,50.4,24.6875,30.8625
MICHEWENI,2019,49,92.05714285714284,27.7,25.1428571428571,32.1
MICHEWENI,2019,50,93.61428571428571,62.3,24.8285714285714,31.9857142857143
MICHEWENI,2019,51,92.47142857142856,18.3,24.2857142857143,32.2
MICHEWENI,2019,52,93.87142857142858,67.5,25.375,32.0375
MICHEWENI,2020,1,88.15714285714286,,,
MICHEWENI,2020,2,85.89999999999999,17.5,25.8142857142857,32.0714285714286
MICHEWENI,2020,3,85.3,0.0,25.6,31.7714285714286
MICHEWENI,2020,4,86.04285714285713,0.0,26.0142857142857,30.6714285714286
MICHEWENI,2020,5,87.82857142857142,0.0,25.8428571428571,30.725
MICHEWENI,2020,6,93.0,0.0,24.7857142857143,30.7142857142857
MICHEWENI,2020,7,93.34285714285714,11.7,24.8625,31.2428571428571
MICHEWENI,2020,8,92.6,0.0,25.1428571428571,31.6571428571429
MICHEWENI,2020,9,92.34285714285714,41.3,25.6428571428571,32.3625
MICHEWENI,2020,10,92.48571428571428,0.0,25.5857142857143,31.8714285714286
MICHEWENI,2020,11,93.12857142857142,0.0,25.7625,31.7428571428571
MICHEWENI,2020,12,93.15714285714286,0.0,25.4285714285714,31.6714285714286
MICHEWENI,2020,13,92.3,1.0,25.0142857142857,31.425
MICHEWENI,2020,14,87.65714285714286,,,
MICHEWENI,2020,15,85.38571428571429,61.1,25.5,31.5
MICHEWENI,2020,16,84.98571428571428,88.8,24.9,29.6571428571429
MICHEWENI,2020,17,84.88571428571429,58.2,23.9857142857143,29.0
MICHEWENI,2020,18,87.67142857142858,54.3,24.5142857142857,29.25
MICHEWENI,2020,19,90.17142857142858,76.7,24.4,28.9714285714286
MICHEWENI,2020,20,91.32857142857142,220.0,24.3625,29.2857142857143
MICHEWENI,2020,21,90.65714285714286,99.0,24.2142857142857,29.2714285714286
MICHEWENI,2020,22,92.31428571428572,398.5,24.5428571428571,29.7125
MICHEWENI,2020,23,86.62857142857142,7.9,25.1285714285714,29.0857142857143
MICHEWENI,2020,24,86.38571428571429,1.5,24.5625,28.9714285714286
MICHEWENI,2020,25,86.52857142857144,13.4,24.8,27.9142857142857
MICHEWENI,2020,26,87.12857142857142,0.0,23.7,28.2375
MICHEWENI,2020,27,81.11428571428571,,,
MICHEWENI,2020,28,80.12857142857142,7.2,24.1428571428571,27.7571428571429
MICHEWENI,2020,29,79.72857142857143,0.0,23.4625,28.2571428571429
MICHEWENI,2020,30,81.12857142857142,31.7,23.3857142857143,27.5
MICHEWENI,2020,31,81.28571428571429,0.0,24.3142857142857,27.65
MICHEWENI,2020,32,85.91428571428571,28.0,23.2142857142857,27.9714285714286
MICHEWENI,2020,33,84.78571428571429,0.0,22.3625,27.6428571428571
MICHEWENI,2020,34,85.74285714285715,0.0,23.7,28.2
MICHEWENI,2020,35,85.64285714285714,14.8,23.2428571428571,28.2875
MICHEWENI,2020,36,87.85714285714286,,,
MICHEWENI,2020,37,88.0,0.0,23.0,28.0714285714286
MICHEWENI,2020,38,87.1857142857143,30.0,22.5625,28.8
MICHEWENI,2020,39,89.10000000000001,0.0,22.8,28.5285714285714
MICHEWENI,2020,40,88.8142857142857,18.0,22.9142857142857,28.7625
MICHEWENI,2020,41,90.32857142857142,40.9,22.6142857142857,29.6
MICHEWENI,2020,42,89.60000000000001,151.9,23.8,30.4428571428571
MICHEWENI,2020,43,90.68571428571428,64.3,23.2428571428571,30.0428571428571
MICHEWENI,2020,44,90.34285714285714,93.5,24.7714285714286,30.5
MICHEWENI,2020,45,91.0,16.6,25.0142857142857,30.0428571428571
MICHEWENI,2020,46,90.51428571428572,83.4,24.1125,29.7571428571429
MICHEWENI,2020,47,90.21428571428572,16.7,25.3285714285714,30.3142857142857
MICHEWENI,2020,48,91.08571428571427,67.1,24.4857142857143,31.025
MICHEWENI,2020,49,89.25714285714285,,,
MICHEWENI,2020,50,90.34285714285714,77.4,24.4857142857143,31.2285714285714
MICHEWENI,2020,51,89.84285714285714,6.5,24.8375,31.4857142857143
MICHEWENI,2020,52,90.25714285714284,48.0,25.1571428571429,31.1142857142857
MICHEWENI,2020,53,,0.0,,
MICHEWENI,2021,1,89.07142857142857,0.0,24.4714285714286,30.6857142857143
MICHEWENI,2021,2,90.21428571428572,0.0,24.5428571428571,29.625
MICHEWENI,2021,3,90.05714285714285,0.0,23.7571428571429,30.6857142857143
MICHEWENI,2021,4,89.97142857142858,10.5,24.4571428571429,30.4333333333333
MICHEWENI,2021,5,88.51428571428572,0.0,23.5,31.0142857142857
MICHEWENI,2021,6,90.52857142857144,0.0,25.3714285714286,30.4125
MICHEWENI,2021,7,90.24285714285716,0.0,24.6142857142857,30.9142857142857
MICHEWENI,2021,8,89.75714285714285,35.8,24.4142857142857,31.5833333333333
MICHEWENI,2021,9,69.04285714285714,6.8,24.3571428571429,31.8571428571429
MICHEWENI,2021,10,69.32857142857144,0.0,24.1285714285714,31.4625
MICHEWENI,2021,11,69.07142857142857,30.3,23.9714285714286,31.9571428571429
MICHEWENI,2021,12,69.61428571428571,89.9,23.9714285714286,30.9666666666667
MICHEWENI,2021,13,77.98571428571428,,,
MICHEWENI,2021,14,85.14285714285714,72.8,25.2571428571429,30.7571428571429
MICHEWENI,2021,15,84.72857142857143,77.2,24.6714285714286,29.75
MICHEWENI,2021,16,84.74285714285715,92.3,24.4571428571429,28.2
MICHEWENI,2021,17,86.0,88.5,24.9,30.4666666666667
MICHEWENI,2021,18,86.61428571428571,367.4,23.8714285714286,28.3285714285714
MICHEWENI,2021,19,87.37142857142858,336.0,25.0571428571429,29.625
MICHEWENI,2021,20,87.68571428571428,138.9,24.7857142857143,29.7
MICHEWENI,2021,21,88.38571428571429,156.9,25.2285714285714,29.2166666666667
MICHEWENI,2021,22,86.51428571428572,,,
MICHEWENI,2021,23,85.61428571428571,13.4,23.9714285714286,29.0714285714286
MICHEWENI,2021,24,85.42857142857143,14.0,24.4,28.25
MICHEWENI,2021,25,84.81428571428572,32.5,23.4285714285714,28.2857142857143
MICHEWENI,2021,26,83.2,43.3,23.0142857142857,27.7
MICHEWENI,2021,27,82.89999999999999,8.5,23.5,27.9571428571429
MICHEWENI,2021,28,82.65714285714286,4.4,24.1,27.925
MICHEWENI,2021,29,83.28571428571429,0.0,24.2285714285714,27.8285714285714
MICHEWENI,2021,30,83.07142857142857,0.0,23.5714285714286,27.3
MICHEWENI,2021,31,86.07142857142857,25.5,22.4428571428571,27.4142857142857
MICHEWENI,2021,32,85.91428571428571,1.0,22.2,27.9875
MICHEWENI,2021,33,86.07142857142857,13.5,22.9142857142857,27.9142857142857
MICHEWENI,2021,34,85.87142857142858,0.0,22.2714285714286,27.85
MICHEWENI,2021,35,84.84285714285714,,,
MICHEWENI,2021,36,85.18571428571428,0.0,24.1428571428571,27.4142857142857
MICHEWENI,2021,37,83.88571428571429,3.3,23.6857142857143,27.9875
MICHEWENI,2021,38,84.77142857142857,13.0,23.4,27.9142857142857
MICHEWENI,2021,39,84.88571428571429,0.0,23.1142857142857,27.85
MICHEWENI,2021,40,87.48571428571428,1.6,23.1714285714286,29.1142857142857
MICHEWENI,2021,41,88.01428571428572,0.0,23.9428571428571,29.5125
MICHEWENI,2021,42,87.27142857142857,0.0,24.5285714285714,29.4
MICHEWENI,2021,43,86.5,116.9,22.5142857142857,30.1833333333333
MICHEWENI,2021,44,88.97142857142856,67.9,24.4285714285714,30.6714285714286
MICHEWENI,2021,45,89.27142857142857,4.2,23.5857142857143,31.075
MICHEWENI,2021,46,89.35714285714286,15.0,23.8428571428571,31.1714285714286
MICHEWENI,2021,47,89.61428571428571,31.8,25.0857142857143,31.5666666666667
MICHEWENI,2021,48,91.1857142857143,,,
MICHEWENI,2021,49,92.5,56.5,24.5571428571429,30.8857142857143
MICHEWENI,2021,50,90.84285714285714,103.2,24.4714285714286,31.0
MICHEWENI,2021,51,90.78571428571428,2.0,24.6857142857143,31.1428571428571
MICHEWENI,2021,52,86.15714285714286,0.0,24.7571428571429,31.6
MICHEWENI,2022,1,76.52857142857144,0.0,25.4428571428571,32.3428571428571
MICHEWENI,2022,2,75.98571428571428,0.0,26.0428571428571,31.9285714285714
MICHEWENI,2022,3,75.6857142857143,27.0,24.0571428571429,31.2857142857143
MICHEWENI,2022,4,76.7,0.0,25.0714285714286,30.3142857142857
MICHEWENI,2022,5,76.78571428571429,,,
MICHEWENI,2022,6,77.68571428571428,0.0,24.0714285714286,31.2142857142857
MICHEWENI,2022,7,77.07142857142857,0.0,24.5571428571429,31.1428571428571
MICHEWENI,2022,8,76.94285714285715,30.5,24.1428571428571,31.8
MICHEWENI,2022,9,69.98571428571428,0.5,25.3,31.1714285714286
MICHEWENI,2022,10,68.87142857142858,0.0,24.2714285714286,31.3285714285714
MICHEWENI,2022,11,68.92857142857143,0.0,24.4571428571429,32.0
MICHEWENI,2022,12,68.64285714285714,0.0,24.3,31.7142857142857
MICHEWENI,2022,13,73.55714285714285,43.6,25.6428571428571,32.0428571428571
MICHEWENI,2022,14,81.91428571428571,54.9,25.2,31.8714285714286
MICHEWENI,2022,15,79.12857142857142,12.5,25.5142857142857,30.9142857142857
MICHEWENI,2022,16,79.18571428571428,260.4,24.5428571428571,29.5714285714286
MICHEWENI,2022,17,81.57142857142857,154.5,24.8857142857143,30.6571428571429
MICHEWENI,2022,18,85.15714285714286,135.7,24.3428571428571,29.2285714285714
MICHEWENI,2022,19,86.32857142857142,8.3,25.9714285714286,29.9714285714286
MICHEWENI,2022,20,86.0,55.1,25.8,29.9571428571429
MICHEWENI,2022,21,86.02857142857144,12.5,26.3142857142857,30.2
MICHEWENI,2022,22,30.585714285714285,,,
MICHEWENI,2022,23,9.957142857142856,58.0,23.7,27.7428571428571
MICHEWENI,2022,24,9.285714285714286,24.4,24.3857142857143,28.8428571428571
MICHEWENI,2022,25,8.742857142857144,21.7,24.8142857142857,28.7857142857143
MICHEWENI,2022,26,45.642857142857146,16.7,24.5428571428571,28.1714285714286
MICHEWENI,2022,27,93.55714285714284,34.6,22.9571428571429,27.0285714285714
MICHEWENI,2022,28,94.4,49.9,22.5142857142857,27.1571428571429
MICHEWENI,2022,29,94.6,10.1,22.9714285714286,27.4285714285714
MICHEWENI,2022,30,94.61428571428571,0.0,23.2142857142857,27.2285714285714
MICHEWENI,2022,31,89.39999999999999,0.0,21.3714285714286,27.2285714285714
MICHEWENI,2022,32,89.55714285714285,7.5,22.6142857142857,27.3714285714286
MICHEWENI,2022,33,89.07142857142857,3.0,21.7571428571429,27.6428571428571
MICHEWENI,2022,34,88.34285714285714,11.1,22.4857142857143,27.4714285714286
MICHEWENI,2022,35,89.62857142857142,,,
MICHEWENI,2022,36,88.52857142857144,0.0,21.5571428571429,27.7285714285714
MICHEWENI,2022,37,87.35714285714286,0.0,21.7285714285714,28.0571428571429
MICHEWENI,2022,38,87.4,1.0,22.9714285714286,28.1142857142857
MICHEWENI,2022,39,88.61428571428571,26.9,23.4857142857143,28.4857142857143
MICHEWENI,2022,40,90.68571428571428,1.5,22.8428571428571,28.1857142857143
MICHEWENI,2022,41,90.24285714285716,2.0,23.5,28.4428571428571
MICHEWENI,2022,42,90.02857142857144,16.1,22.9142857142857,28.7
MICHEWENI,2022,43,89.84285714285714,13.0,23.6714285714286,28.8285714285714
MICHEWENI,2022,44,92.42857142857144,,,
MICHEWENI,2022,45,92.34285714285714,12.0,23.2428571428571,29.9857142857143
MICHEWENI,2022,46,92.92857142857144,34.7,24.0142857142857,30.3571428571429
MICHEWENI,2022,47,93.38571428571429,44.9,24.1142857142857,30.2857142857143
MICHEWENI,2022,48,93.92857142857144,20.4,24.3571428571429,30.6428571428571
MICHEWENI,2022,49,94.02857142857144,0.0,24.4,31.4857142857143
MICHEWENI,2022,50,94.25714285714284,23.8,24.0857142857143,31.8
MICHEWENI,2022,51,94.68571428571428,9.8,25.4714285714286,31.8142857142857
MICHEWENI,2022,52,93.02857142857144,3.7,26.0285714285714,31.3428571428571
MICHEWENI,2023,1,86.38571428571429,5.6,25.2,32.1142857142857
MICHEWENI,2023,2,86.74285714285715,3.5,24.6571428571429,31.85
MICHEWENI,2023,3,87.47142857142856,1.0,24.7,31.7333333333333
MICHEWENI,2023,4,86.24285714285715,0.0,25.6857142857143,30.8571428571429
MICHEWENI,2023,5,89.28571428571429,,,
MICHEWENI,2023,6,90.98571428571428,0.0,24.2571428571429,31.8571428571429
MICHEWENI,2023,7,89.97142857142856,0.0,25.0142857142857,31.1875
MICHEWENI,2023,8,91.15714285714286,0.0,25.3,31.5
MICHEWENI,2023,9,92.08571428571427,0.0,23.5714285714286,31.6857142857143
MICHEWENI,2023,10,92.2,0.0,24.2571428571429,31.9571428571429
MICHEWENI,2023,11,92.08571428571427,0.0,25.0142857142857,32.3875
MICHEWENI,2023,12,91.68571428571428,130.8,25.3,31.6666666666667
MICHEWENI,2023,13,91.47142857142856,74.0,23.5714285714286,31.0571428571429
MICHEWENI,2023,14,89.2,43.3,25.3142857142857,31.4857142857143
MICHEWENI,2023,15,90.35714285714286,105.6,25.5714285714286,31.6625
MICHEWENI,2023,16,89.88571428571429,212.8,25.1857142857143,28.7333333333333
MICHEWENI,2023,17,90.34285714285714,125.4,25.1,29.2857142857143
MICHEWENI,2023,18,96.54285714285712,122.7,25.2285714285714,30.1428571428571
MICHEWENI,2023,19,95.58571428571427,95.4,25.3714285714286,30.075
MICHEWENI,2023,20,95.17142857142858,1.6,25.5142857142857,30.45
MICHEWENI,2023,21,95.04285714285712,35.1,24.5142857142857,29.2714285714286
MICHEWENI,2023,22,93.67142857142858,,,
MICHEWENI,2023,23,90.8,153.8,23.0,28.9571428571429
MICHEWENI,2023,24,90.58571428571427,36.8,23.7857142857143,29.3125
MICHEWENI,2023,25,90.05714285714285,5.1,23.8142857142857,29.4333333333333
MICHEWENI,2023,26,87.91428571428571,9.7,23.9714285714286,28.7
MICHEWENI,2023,27,84.92857142857143,34.2,23.6,28.4285714285714
MICHEWENI,2023,28,84.78571428571429,20.3,23.1714285714286,28.675
MICHEWENI,2023,29,84.89999999999999,35.8,24.4,28.8
MICHEWENI,2023,30,85.02857142857144,9.2,24.1714285714286,28.5142857142857
MICHEWENI,2023,31,85.88571428571429,,,
MICHEWENI,2023,32,87.34285714285714,10.4,23.8285714285714,28.4285714285714
MICHEWENI,2023,33,85.82857142857142,5.5,23.7142857142857,28.675
MICHEWENI,2023,34,87.38571428571427,5.7,22.8285714285714,28.8
MICHEWENI,2023,35,88.04285714285713,3.8,23.3857142857143,28.5142857142857
MICHEWENI,2023,36,88.81428571428572,0.0,23.2857142857143,29.1714285714286
MICHEWENI,2023,37,87.74285714285715,2.3,23.8285714285714,29.5
MICHEWENI,2023,38,88.7,1.6,23.9857142857143,29.8666666666667
MICHEWENI,2023,39,89.17142857142858,35.4,24.3857142857143,30.2142857142857
MICHEWENI,2023,40,90.97142857142856,14.6,23.9714285714286,30.4857142857143
MICHEWENI,2023,41,92.05714285714284,0.0,23.7285714285714,31.0375
MICHEWENI,2023,42,92.51428571428572,68.0,25.2142857142857,31.1166666666667
MICHEWENI,2023,43,92.11428571428571,59.1,24.6285714285714,31.1857142857143
MICHEWENI,2023,44,94.31428571428572,,,
MICHEWENI,2023,45,94.44285714285716,273.2,24.0857142857143,28.7428571428571
MICHEWENI,2023,46,96.11428571428571,110.6,24.5571428571429,30.5
MICHEWENI,2023,47,94.91428571428573,176.6,24.9714285714286,30.0833333333333
MICHEWENI,2023,48,92.37142857142858,208.9,24.3428571428571,30.5571428571429
MICHEWENI,2023,49,90.55714285714284,3.4,25.5714285714286,31.3142857142857
MICHEWENI,2023,50,89.89999999999999,26.4,24.5285714285714,31.3625
MICHEWENI,2023,51,90.22857142857144,34.8,25.4142857142857,31.5833333333333
MICHEWENI,2023,52,90.38571428571429,1.3,26.1857142857143,31.7285714285714
MJINI,2018,1,70.55714285714285,28.1,,
MJINI,2018,2,71.18571428571428,0.5,,
MJINI,2018,3,71.85714285714286,0.0,,
MJINI,2018,4,71.85714285714286,0.0,,
MJINI,2018,5,67.0,,,
MJINI,2018,6,63.2,0.0,,
MJINI,2018,7,63.1,0.0,,
MJINI,2018,8,63.57142857142857,19.9,,
MJINI,2018,9,65.65714285714286,0.0,,
MJINI,2018,10,67.78571428571429,6.6,,
MJINI,2018,11,67.78571428571429,13.3,,
MJINI,2018,12,68.88571428571429,71.5,,
MJINI,2018,13,71.51428571428572,31.6,,
MJINI,2018,14,88.27142857142857,61.7,,
MJINI,2018,15,88.45714285714287,175.2,,
MJINI,2018,16,88.24285714285715,194.8,,
MJINI,2018,17,87.91428571428571,8.1,,
MJINI,2018,18,86.61428571428571,,,
MJINI,2018,19,86.17142857142858,226.1,,
MJINI,2018,20,85.84285714285714,194.3,,
MJINI,2018,21,85.58571428571429,96.6,,
MJINI,2018,22,75.58571428571429,9.6,,
MJINI,2018,23,63.75714285714286,0.0,,
MJINI,2018,24,62.18571428571429,0.8,,
MJINI,2018,25,63.75714285714286,3.7,,
MJINI,2018,26,63.08571428571429,14.9,,
MJINI,2018,27,61.74285714285714,84.6,,
MJINI,2018,28,61.75714285714286,4.6,,
MJINI,2018,29,61.48571428571428,1.0,,
MJINI,2018,30,61.84285714285714,0.0,,
MJINI,2018,31,67.58571428571429,,,
MJINI,2018,32,69.47142857142856,0.0,,
MJINI,2018,33,69.34285714285714,1.2,,
MJINI,2018,34,68.14285714285714,1.3,,
MJINI,2018,35,65.45714285714286,15.0,,
MJINI,2018,36,58.18571428571429,0.0,,
MJINI,2018,37,58.65714285714286,9.8,,
MJINI,2018,38,58.05714285714286,3.7,,
MJINI,2018,39,58.91428571428571,4.5,,
MJINI,2018,40,69.32857142857144,29.4,,
MJINI,2018,41,67.57142857142857,4.1,,
MJINI,2018,42,68.92857142857143,17.8,,
MJINI,2018,43,68.31428571428572,35.8,,
MJINI,2018,44,69.04285714285714,,,
MJINI,2018,45,70.51428571428572,0.0,,
MJINI,2018,46,71.32857142857144,1.0,,
MJINI,2018,47,70.67142857142856,103.3,,
MJINI,2018,48,70.78571428571429,44.6,,
MJINI,2018,49,69.62857142857142,32.5,,
MJINI,2018,50,68.92857142857143,8.6,,
MJINI,2018,51,68.88571428571429,60.2,,
MJINI,2018,52,68.7,0.5,,
MJINI,2019,1,68.08571428571429,,,
MJINI,2019,2,67.98571428571428,0.0,26.8857142857143,33.0571428571429
MJINI,2019,3,67.54285714285714,0.0,26.0714285714286,33.8142857142857
MJINI,2019,4,67.45714285714286,0.0,25.7285714285714,33.6
MJINI,2019,5,69.81428571428572,0.0,25.5428571428571,33.2571428571429
MJINI,2019,6,71.85714285714286,0.7,25.0428571428571,34.5142857142857
MJINI,2019,7,71.47142857142858,0.0,24.3571428571429,31.9857142857143
MJINI,2019,8,72.07142857142857,2.8,25.1857142857143,31.3285714285714
MJINI,2019,9,74.98571428571428,83.9,24.1142857142857,32.7285714285714
MJINI,2019,10,77.71428571428571,26.4,24.7714285714286,33.8
MJINI,2019,11,76.22857142857143,0.0,25.5714285714286,34.1285714285714
MJINI,2019,12,77.39999999999999,0.0,26.0142857142857,35.2714285714286
MJINI,2019,13,77.52857142857144,4.2,25.9857142857143,34.8285714285714
MJINI,2019,14,85.8,53.9,25.5285714285714,32.4714285714286
MJINI,2019,15,84.62857142857142,40.4,25.3,32.0428571428571
MJINI,2019,16,85.74285714285715,20.6,24.8714285714286,31.4142857142857
MJINI,2019,17,84.68571428571428,0.0,24.7,30.2
MJINI,2019,18,86.52857142857144,,,
MJINI,2019,19,87.22857142857143,379.5,24.6571428571429,31.4142857142857
MJINI,2019,20,87.8,199.9,24.9571428571429,30.7285714285714
MJINI,2019,21,87.34285714285714,51.0,25.3571428571429,31.4714285714286
MJINI,2019,22,84.82857142857142,114.3,24.3,30.6571428571429
MJINI,2019,23,80.32857142857142,0.0,23.8714285714286,30.3285714285714
MJINI,2019,24,80.74285714285715,0.0,23.9714285714286,30.3142857142857
MJINI,2019,25,80.05714285714285,0.0,23.1,29.9
MJINI,2019,26,80.05714285714285,0.0,23.6142857142857,29.6857142857143
MJINI,2019,27,75.45714285714287,0.0,23.2,30.8
MJINI,2019,28,76.32857142857142,0.0,22.8142857142857,30.2571428571429
MJINI,2019,29,76.88571428571429,0.6,22.6714285714286,29.5
MJINI,2019,30,76.77142857142857,0.0,22.0142857142857,30.3714285714286
MJINI,2019,31,77.51428571428572,,,
MJINI,2019,32,77.8,22.7,22.4428571428571,30.3285714285714
MJINI,2019,33,78.89999999999999,11.4,22.4,29.8857142857143
MJINI,2019,34,76.38571428571429,0.0,22.5714285714286,30.6714285714286
MJINI,2019,35,79.84285714285714,11.3,22.4285714285714,30.1857142857143
MJINI,2019,36,87.52857142857144,0.2,21.2285714285714,29.2142857142857
MJINI,2019,37,88.18571428571428,22.000000000000004,20.9857142857143,30.3
MJINI,2019,38,87.7,0.0,20.4285714285714,30.7142857142857
MJINI,2019,39,87.28571428571429,10.0,22.1571428571429,30.5285714285714
MJINI,2019,40,85.98571428571428,,,
MJINI,2019,41,86.98571428571428,83.1,24.8714285714286,29.9142857142857
MJINI,2019,42,86.04285714285713,225.00000000000003,24.2,29.0
MJINI,2019,43,85.57142857142857,199.3,24.0,29.7428571428571
MJINI,2019,44,84.42857142857143,129.8,24.1,30.6
MJINI,2019,45,84.15714285714286,45.9,25.0142857142857,32.0285714285714
MJINI,2019,46,85.68571428571428,86.4,24.3857142857143,31.2428571428571
MJINI,2019,47,83.68571428571428,57.2,24.1428571428571,31.1857142857143
MJINI,2019,48,84.44285714285715,14.7,24.7,31.9285714285714
MJINI,2019,49,81.38571428571429,93.9,23.6857142857143,32.6571428571429
MJINI,2019,50,80.48571428571428,0.0,25.0714285714286,33.3142857142857
MJINI,2019,51,81.77142857142857,133.5,25.1142857142857,31.8714285714286
MJINI,2019,52,81.52857142857144,9.9,25.6428571428571,33.8
MJINI,2020,1,81.01428571428572,,,
MJINI,2020,2,81.74285714285715,0.0,25.8428571428571,33.7
MJINI,2020,3,81.58571428571429,5.699999999999999,25.4857142857143,33.1285714285714
MJINI,2020,4,81.91428571428571,130.49999999999997,24.9285714285714,31.6714285714286
MJINI,2020,5,81.0,22.1,25.8,30.7571428571429
MJINI,2020,6,79.38571428571429,0.6,25.0571428571429,34.5142857142857
MJINI,2020,7,79.25714285714285,0.0,25.1428571428571,31.9857142857143
MJINI,2020,8,79.74285714285715,32.4,25.9714285714286,31.3285714285714
MJINI,2020,9,79.47142857142856,0.6,26.375,32.7285714285714
MJINI,2020,10,80.65714285714286,39.1,25.4,32.2571428571429
MJINI,2020,11,80.17142857142858,80.0,24.9428571428571,32.1857142857143
MJINI,2020,12,79.71428571428571,13.5,25.8428571428571,32.0571428571429
MJINI,2020,13,81.10000000000001,10.8,25.5375,31.8714285714286
MJINI,2020,14,84.92857142857143,,,
MJINI,2020,15,87.21428571428571,7.899999999999999,25.7714285714286,32.8857142857143
MJINI,2020,16,87.0,172.6,24.3857142857143,30.1571428571429
MJINI,2020,17,86.37142857142858,351.5,24.6571428571429,29.1857142857143
MJINI,2020,18,83.22857142857143,187.8,25.0,30.9571428571429
MJINI,2020,19,79.8,90.9,24.9285714285714,30.2142857142857
MJINI,2020,20,79.85714285714286,4.4,25.7285714285714,30.4571428571429
MJINI,2020,21,80.64285714285714,41.6,24.5142857142857,29.9285714285714
MJINI,2020,22,80.87142857142858,4.6,24.325,30.7714285714286
MJINI,2020,23,74.17142857142858,0.0,24.9428571428571,30.4571428571429
MJINI,2020,24,75.61428571428571,0.2,24.2428571428571,30.6428571428571
MJINI,2020,25,73.60000000000001,0.0,23.5,30.3857142857143
MJINI,2020,26,74.72857142857143,0.0,24.225,29.8714285714286
MJINI,2020,27,71.91428571428573,,,
MJINI,2020,28,73.2,0.0,23.5857142857143,29.7714285714286
MJINI,2020,29,72.64285714285714,31.2,23.1,29.6
MJINI,2020,30,72.4,0.9,22.7285714285714,28.8285714285714
MJINI,2020,31,74.10000000000001,6.5,22.75,29.3428571428571
MJINI,2020,32,76.89999999999999,0.0,23.0285714285714,29.8571428571429
MJINI,2020,33,77.48571428571428,0.0,22.0571428571429,29.3285714285714
MJINI,2020,34,76.2,20.9,22.6857142857143,29.2285714285714
MJINI,2020,35,75.51428571428572,13.7,21.95,29.5
MJINI,2020,36,76.34285714285714,,,
MJINI,2020,37,74.68571428571428,1.0,23.0428571428571,29.9
MJINI,2020,38,76.68571428571428,1.2,23.7142857142857,30.7
MJINI,2020,39,76.11428571428571,3.4,22.1857142857143,31.0714285714286
MJINI,2020,40,77.17142857142858,7.0,23.1,30.6857142857143
MJINI,2020,41,78.77142857142857,11.0,24.0857142857143,31.7857142857143
MJINI,2020,42,78.74285714285715,3.6,23.4857142857143,32.1142857142857
MJINI,2020,43,77.71428571428571,56.7,23.5285714285714,31.3428571428571
MJINI,2020,44,78.37142857142858,33.0,23.875,31.3142857142857
MJINI,2020,45,81.42857142857143,41.6,22.8,30.0428571428571
MJINI,2020,46,81.15714285714286,89.7,24.1857142857143,29.9428571428571
MJINI,2020,47,81.82857142857142,37.2,24.6285714285714,30.9714285714286
MJINI,2020,48,82.67142857142858,170.0,24.7875,30.6714285714286
MJINI,2020,49,79.89999999999999,,,
MJINI,2020,50,78.94285714285715,20.0,24.5285714285714,31.5285714285714
MJINI,2020,51,79.38571428571429,3.5,25.0571428571429,31.9428571428571
MJINI,2020,52,79.21428571428571,8.1,24.5428571428571,31.7
MJINI,2020,53,,19.1,,
MJINI,2021,1,77.52857142857144,9.6,25.3142857142857,31.4571428571429
MJINI,2021,2,76.87142857142858,14.1,25.2714285714286,31.2
MJINI,2021,3,76.07142857142857,0.0,25.0714285714286,33.2428571428572
MJINI,2021,4,75.81428571428572,0.0,25.0857142857143,32.9428571428571
MJINI,2021,5,77.35714285714286,0.0,24.9571428571429,32.9428571428571
MJINI,2021,6,78.39999999999999,15.3,25.7285714285714,31.3714285714286
MJINI,2021,7,78.14285714285714,0.0,25.0857142857143,32.5
MJINI,2021,8,78.04285714285713,6.1,25.2428571428571,33.2428571428572
MJINI,2021,9,74.58571428571429,0.0,26.1571428571429,33.9
MJINI,2021,10,74.3,0.0,25.0428571428571,33.5285714285714
MJINI,2021,11,75.08571428571429,13.8,25.0,32.8714285714286
MJINI,2021,12,75.01428571428572,0.6,25.7714285714286,32.8571428571429
MJINI,2021,13,77.67142857142858,,,
MJINI,2021,14,82.3,30.9,25.5285714285714,31.9142857142857
MJINI,2021,15,82.48571428571428,153.7,24.3571428571429,29.5857142857143
MJINI,2021,16,82.85714285714286,68.5,24.5428571428571,29.9571428571429
MJINI,2021,17,80.41428571428571,88.2,25.5428571428571,31.2571428571429
MJINI,2021,18,77.77142857142857,56.4,24.9142857142857,28.9142857142857
MJINI,2021,19,77.35714285714286,3.2,24.8,30.9857142857143
MJINI,2021,20,76.87142857142858,0.0,24.7142857142857,31.2285714285714
MJINI,2021,21,76.92857142857143,0.0,24.3428571428571,30.7857142857143
MJINI,2021,22,75.17142857142858,,,
MJINI,2021,23,74.3,2.1,23.9,30.1714285714286
MJINI,2021,24,74.77142857142857,8.9,23.3428571428571,29.2
MJINI,2021,25,75.45714285714287,6.3,23.3714285714286,29.1571428571429
MJINI,2021,26,73.42857142857143,0.6,21.8428571428571,29.5142857142857
MJINI,2021,27,73.45714285714287,0.0,23.1571428571429,29.7857142857143
MJINI,2021,28,74.35714285714286,19.7,23.7142857142857,29.6428571428571
MJINI,2021,29,73.25714285714285,0.0,23.4857142857143,30.0571428571429
MJINI,2021,30,73.14285714285714,3.5,23.2857142857143,29.5571428571429
MJINI,2021,31,75.18571428571428,0.2,22.8571428571429,29.4
MJINI,2021,32,76.51428571428572,0.0,21.6571428571429,29.3714285714286
MJINI,2021,33,75.18571428571428,24.0,22.7571428571429,29.3714285714286
MJINI,2021,34,75.91428571428571,3.9,21.5285714285714,30.1
MJINI,2021,35,74.94285714285715,,,
MJINI,2021,36,73.39999999999999,0.0,23.1428571428571,30.2571428571429
MJINI,2021,37,74.60000000000001,13.3,22.9,30.0285714285714
MJINI,2021,38,73.91428571428571,0.5,22.3714285714286,30.8
MJINI,2021,39,73.68571428571428,0.4,22.8714285714286,30.7
MJINI,2021,40,75.05714285714285,0.0,22.9,31.8857142857143
MJINI,2021,41,75.12857142857142,3.8,23.5142857142857,31.6
MJINI,2021,42,74.67142857142858,40.3,22.9,31.0714285714286
MJINI,2021,43,73.1,0.0,23.5285714285714,31.8571428571429
MJINI,2021,44,73.62857142857142,0.0,24.8571428571429,33.0428571428571
MJINI,2021,45,73.95714285714287,0.0,24.1428571428571,32.7142857142857
MJINI,2021,46,73.95714285714287,0.0,24.0714285714286,32.9714285714286
MJINI,2021,47,74.07142857142857,4.4,25.6571428571429,32.6833333333333
MJINI,2021,48,79.41428571428571,,,
MJINI,2021,49,82.01428571428572,45.1,25.5285714285714,31.1714285714286
MJINI,2021,50,82.01428571428572,81.89999999999999,24.3571428571429,30.7428571428571
MJINI,2021,51,82.31428571428572,28.2,25.1142857142857,31.3714285714286
MJINI,2021,52,81.15714285714286,30.5,25.0571428571429,31.5285714285714
MJINI,2022,1,80.24285714285715,0.0,26.0,33.6142857142857
MJINI,2022,2,79.54285714285713,0.0,26.2142857142857,33.7571428571429
MJINI,2022,3,79.7,215.3,25.3142857142857,33.0285714285714
MJINI,2022,4,79.38571428571429,110.2,24.4714285714286,31.0571428571429
MJINI,2022,5,82.89999999999999,,,
MJINI,2022,6,83.11428571428571,38.6,24.8285714285714,31.3714285714286
MJINI,2022,7,82.38571428571429,0.1,25.7142857142857,32.2714285714286
MJINI,2022,8,83.87142857142858,27.3,25.6285714285714,33.3428571428571
MJINI,2022,9,81.22857142857143,4.5,25.7857142857143,32.1285714285714
MJINI,2022,10,80.5,0.0,25.5714285714286,33.8571428571429
MJINI,2022,11,80.47142857142856,0.0,25.7714285714286,33.7285714285714
MJINI,2022,12,79.97142857142856,0.0,26.1714285714286,33.8714285714286
MJINI,2022,13,82.58571428571429,15.6,25.5857142857143,32.8714285714286
MJINI,2022,14,85.32857142857142,0.0,25.7571428571429,32.9285714285714
MJINI,2022,15,85.22857142857143,55.3,25.4142857142857,31.5285714285714
MJINI,2022,16,84.81428571428572,130.1,24.8285714285714,30.4
MJINI,2022,17,84.74285714285715,47.6,25.1857142857143,29.9714285714286
MJINI,2022,18,84.08571428571429,39.8,24.8142857142857,30.4
MJINI,2022,19,84.27142857142857,0.0,25.7285714285714,31.5285714285714
MJINI,2022,20,85.21428571428571,6.5,25.1714285714286,31.2428571428571
MJINI,2022,21,84.65714285714286,1.2,24.9857142857143,31.7571428571429
MJINI,2022,22,83.8,,,
MJINI,2022,23,83.81428571428572,11.2,23.6142857142857,30.8142857142857
MJINI,2022,24,83.61428571428571,0.0,24.6428571428571,30.9714285714286
MJINI,2022,25,84.45714285714287,5.8,23.6,30.2285714285714
MJINI,2022,26,86.41428571428571,1.5,24.1142857142857,29.6571428571429
MJINI,2022,27,88.2,12.2,22.2428571428571,28.6857142857143
MJINI,2022,28,88.11428571428571,8.0,22.1285714285714,29.0428571428571
MJINI,2022,29,87.60000000000001,21.3,22.4857142857143,28.4428571428571
MJINI,2022,30,88.17142857142858,12.1,21.9571428571429,28.6571428571429
MJINI,2022,31,84.05714285714285,4.9,21.7428571428571,29.0857142857143
MJINI,2022,32,84.45714285714287,17.7,21.8285714285714,28.6857142857143
MJINI,2022,33,85.78571428571429,0.0,20.5285714285714,29.5571428571429
MJINI,2022,34,84.39999999999999,7.4,21.6,28.9857142857143
MJINI,2022,35,79.21428571428571,,,
MJINI,2022,36,74.98571428571428,0.0,22.2571428571429,30.0285714285714
MJINI,2022,37,75.72857142857143,1.9,21.7285714285714,30.2571428571429
MJINI,2022,38,75.91428571428571,2.6,23.0857142857143,30.5714285714286
MJINI,2022,39,75.68571428571428,3.5,23.0,30.8714285714286
MJINI,2022,40,71.68571428571428,4.0,22.5285714285714,30.6714285714286
MJINI,2022,41,71.5,0.0,22.2714285714286,31.2428571428571
MJINI,2022,42,71.57142857142857,0.0,22.4142857142857,31.0428571428571
MJINI,2022,43,72.37142857142858,6.4,23.0714285714286,30.5714285714286
MJINI,2022,44,75.28571428571429,,,
MJINI,2022,45,76.72857142857143,0.0,23.4142857142857,31.4
MJINI,2022,46,75.24285714285715,11.0,24.4,31.3
MJINI,2022,47,76.42857142857143,48.0,24.4714285714286,31.2
MJINI,2022,48,74.05714285714285,19.700000000000003,24.4285714285714,30.5714285714286
MJINI,2022,49,73.97142857142858,1.2,24.4,32.1
MJINI,2022,50,74.91428571428571,25.4,24.4428571428571,31.9857142857143
MJINI,2022,51,74.27142857142857,27.2,25.2857142857143,32.2857142857143
MJINI,2022,52,74.55714285714285,65.5,24.9571428571429,31.4
MJINI,2023,1,79.87142857142858,5.2,26.8857142857143,32.1428571428571
MJINI,2023,2,79.87142857142858,19.5,26.0714285714286,31.3285714285714
MJINI,2023,3,80.21428571428571,0.0,25.7285714285714,32.4142857142857
MJINI,2023,4,79.17142857142858,0.0,25.5428571428571,32.7142857142857
MJINI,2023,5,76.35714285714286,,,
MJINI,2023,6,74.61428571428571,0.0,25.0428571428571,33.3571428571429
MJINI,2023,7,74.88571428571429,33.0,24.3571428571429,33.2571428571429
MJINI,2023,8,75.98571428571428,0.0,25.1857142857143,33.4714285714286
MJINI,2023,9,76.28571428571429,0.0,24.1142857142857,33.5142857142857
MJINI,2023,10,77.89999999999999,0.0,24.7714285714286,33.9142857142857
MJINI,2023,11,78.15714285714286,0.0,25.5714285714286,34.1428571428571
MJINI,2023,12,77.98571428571428,62.2,26.0142857142857,31.7571428571429
MJINI,2023,13,82.12857142857142,19.6,25.9857142857143,31.3
MJINI,2023,14,90.67142857142858,46.1,25.5285714285714,31.5857142857143
MJINI,2023,15,90.4,35.8,25.3,31.2714285714286
MJINI,2023,16,90.31428571428572,178.7,24.8714285714286,28.8142857142857
MJINI,2023,17,90.38571428571429,73.0,24.7,30.0571428571429
MJINI,2023,18,85.6,60.2,24.6571428571429,30.8857142857143
MJINI,2023,19,85.81428571428572,26.0,24.9571428571429,30.5142857142857
MJINI,2023,20,86.5,15.1,25.3571428571429,31.0714285714286
MJINI,2023,21,86.17142857142858,7.2,24.3,29.9
MJINI,2023,22,86.31428571428572,,,
MJINI,2023,23,86.21428571428571,107.6,23.8714285714286,28.7571428571429
MJINI,2023,24,85.65714285714286,0.0,23.9714285714286,29.6714285714286
MJINI,2023,25,86.14285714285714,0.0,23.1,30.1285714285714
MJINI,2023,26,86.15714285714286,0.0,23.6142857142857,29.6
MJINI,2023,27,87.71428571428571,47.5,23.2,28.4428571428571
MJINI,2023,28,88.42857142857143,0.0,22.8142857142857,29.1571428571429
MJINI,2023,29,87.98571428571428,0.0,22.6714285714286,29.6285714285714
MJINI,2023,30,87.88571428571429,12.1,22.0142857142857,28.5857142857143
MJINI,2023,31,86.72857142857143,,,
MJINI,2023,32,85.75714285714285,14.3,22.4428571428571,29.3857142857143
MJINI,2023,33,84.05714285714285,6.9,22.4,29.9428571428571
MJINI,2023,34,83.38571428571429,8.3,22.5714285714286,30.6571428571429
MJINI,2023,35,82.24285714285715,0.0,22.4285714285714,30.4285714285714
MJINI,2023,36,80.68571428571428,1.3,21.2285714285714,31.2428571428571
MJINI,2023,37,80.89999999999999,0.0,20.9857142857143,31.0571428571429
MJINI,2023,38,80.45714285714287,0.0,20.4285714285714,31.4285714285714
MJINI,2023,39,79.39999999999999,5.1,22.1571428571429,30.8857142857143
MJINI,2023,40,70.27142857142857,14.1,24.8714285714286,30.7142857142857
MJINI,2023,41,69.38571428571429,0.0,24.2,31.5285714285714
MJINI,2023,42,69.1,0.0,24.0,32.1571428571429
MJINI,2023,43,69.54285714285714,34.4,24.1,31.3285714285714
MJINI,2023,44,74.71428571428571,,,
MJINI,2023,45,76.35714285714286,503.2,25.0142857142857,27.8714285714286
MJINI,2023,46,76.95714285714287,141.4,24.3857142857143,29.7
MJINI,2023,47,77.15714285714286,93.1,24.1428571428571,30.1
MJINI,2023,48,77.67142857142858,78.6,24.7,30.3714285714286
MJINI,2023,49,77.34285714285714,51.3,23.6857142857143,30.7142857142857
MJINI,2023,50,78.5,27.7,25.0714285714286,31.5285714285714
MJINI,2023,51,78.47142857142856,25.3,25.1142857142857,32.1571428571429
MJINI,2023,52,77.84285714285714,22.8,25.6428571428571,31.3285714285714
MKOANI,2018,1,89.87142857142858,,24.3428571428571,29.8166666666667
MKOANI,2018,2,90.2,,23.8,29.6428571428571
MKOANI,2018,3,89.94285714285715,,23.3571428571429,30.2285714285714
MKOANI,2018,4,90.64285714285714,,22.8285714285714,30.4428571428571
MKOANI,2018,5,90.0,,,
MKOANI,2018,6,90.78571428571428,,23.8571428571429,31.4142857142857
MKOANI,2018,7,90.98571428571428,,24.5714285714286,31.5428571428571
MKOANI,2018,8,89.84285714285714,,24.4,32.1
MKOANI,2018,9,91.62857142857142,,23.7428571428571,32.4714285714286
MKOANI,2018,10,91.87142857142858,,23.7714285714286,31.5333333333333
MKOANI,2018,11,91.18571428571428,,23.8428571428571,30.3
MKOANI,2018,12,91.3,,24.4428571428571,31.9714285714286
MKOANI,2018,13,92.31428571428572,,24.0285714285714,31.4
MKOANI,2018,14,96.61428571428571,,24.5857142857143,31.8714285714286
MKOANI,2018,15,94.1,,24.1857142857143,30.9142857142857
MKOANI,2018,16,95.71428571428572,,23.7142857142857,28.5714285714286
MKOANI,2018,17,95.18571428571428,,24.7714285714286,29.8
MKOANI,2018,18,94.47142857142856,,,
MKOANI,2018,19,92.91428571428573,,22.8714285714286,28.3285714285714
MKOANI,2018,20,93.94285714285716,,23.4285714285714,29.4571428571429
MKOANI,2018,21,93.24285714285716,,24.1142857142857,29.6428571428571
MKOANI,2018,22,91.4,,23.9571428571429,29.7285714285714
MKOANI,2018,23,88.05714285714285,,23.9714285714286,28.9571428571429
MKOANI,2018,24,88.85714285714286,,22.8714285714286,29.2714285714286
MKOANI,2018,25,88.11428571428571,,23.1857142857143,29.4714285714286
MKOANI,2018,26,87.57142857142857,,23.5714285714286,28.6285714285714
MKOANI,2018,27,85.41428571428571,,22.7714285714286,28.4285714285714
MKOANI,2018,28,86.44285714285715,,23.0857142857143,28.7428571428571
MKOANI,2018,29,85.98571428571428,,22.9285714285714,28.3
MKOANI,2018,30,85.02857142857144,,23.2142857142857,27.5285714285714
MKOANI,2018,31,84.62857142857142,,,
MKOANI,2018,32,83.87142857142858,,22.9857142857143,27.6142857142857
MKOANI,2018,33,84.44285714285715,,23.5714285714286,28.6428571428571
MKOANI,2018,34,84.54285714285713,,24.0142857142857,29.1571428571429
MKOANI,2018,35,83.37142857142858,,24.6714285714286,28.6571428571429
MKOANI,2018,36,84.68571428571428,,23.3142857142857,29.2
MKOANI,2018,37,83.82857142857142,,23.6571428571429,29.6428571428571
MKOANI,2018,38,84.82857142857142,,22.2,29.7285714285714
MKOANI,2018,39,85.18571428571428,,23.2,29.3714285714286
MKOANI,2018,40,88.24285714285715,,23.2,28.8
MKOANI,2018,41,89.12857142857142,,23.5428571428571,29.3
MKOANI,2018,42,89.22857142857143,,23.2285714285714,30.3857142857143
MKOANI,2018,43,89.10000000000001,,23.7571428571429,29.6714285714286
MKOANI,2018,44,92.6,,,
MKOANI,2018,45,94.38571428571429,,22.9857142857143,30.8285714285714
MKOANI,2018,46,92.87142857142858,,23.5714285714286,30.4714285714286
MKOANI,2018,47,94.42857142857144,,24.0142857142857,30.7142857142857
MKOANI,2018,48,93.31428571428572,,24.6714285714286,31.4857142857143
MKOANI,2018,49,92.54285714285712,,24.3166666666667,30.7857142857143
MKOANI,2018,50,93.27142857142856,,24.35,30.0714285714286
MKOANI,2018,51,93.41428571428573,,24.7714285714286,30.5714285714286
MKOANI,2018,52,92.9,,24.8428571428571,30.7714285714286
MKOANI,2019,1,89.34285714285714,,,
MKOANI,2019,2,88.67142857142858,,25.5571428571429,32.3285714285714
MKOANI,2019,3,87.57142857142857,,25.7,32.3571428571429
MKOANI,2019,4,88.78571428571429,,24.4857142857143,32.3
MKOANI,2019,5,87.85714285714286,,25.725,31.825
MKOANI,2019,6,87.77142857142857,,24.7857142857143,30.7142857142857
MKOANI,2019,7,87.89999999999999,,24.6857142857143,31.2428571428571
MKOANI,2019,8,88.05714285714285,,25.2571428571429,31.6571428571429
MKOANI,2019,9,89.12857142857142,,25.6,32.3625
MKOANI,2019,10,92.48571428571428,,25.0142857142857,33.1142857142857
MKOANI,2019,11,93.01428571428572,,25.1142857142857,32.5714285714286
MKOANI,2019,12,91.31428571428572,,24.1714285714286,32.7
MKOANI,2019,13,91.81428571428572,,24.5125,32.9125
MKOANI,2019,14,93.25714285714284,,24.9428571428571,31.8142857142857
MKOANI,2019,15,94.18571428571428,,25.0142857142857,31.0714285714286
MKOANI,2019,16,93.82857142857142,,25.6428571428571,32.3571428571429
MKOANI,2019,17,94.14285714285714,,25.2125,32.125
MKOANI,2019,18,95.44285714285716,,,
MKOANI,2019,19,95.77142857142856,,24.8285714285714,29.4142857142857
MKOANI,2019,20,93.82857142857142,,25.0428571428571,28.1428571428571
MKOANI,2019,21,95.34285714285714,,24.4428571428571,29.2285714285714
MKOANI,2019,22,92.3,,24.55,28.75
MKOANI,2019,23,85.98571428571428,,24.1571428571429,29.4142857142857
MKOANI,2019,24,86.44285714285715,,23.7714285714286,29.1428571428571
MKOANI,2019,25,85.55714285714285,,24.3,28.8714285714286
MKOANI,2019,26,86.74285714285715,,24.175,29.1875
MKOANI,2019,27,89.45714285714287,,24.1857142857143,29.3571428571429
MKOANI,2019,28,89.45714285714287,,24.6428571428571,29.0857142857143
MKOANI,2019,29,89.25714285714285,,23.5,28.3857142857143
MKOANI,2019,30,89.48571428571428,,24.4,28.2375
MKOANI,2019,31,89.04285714285713,,,
MKOANI,2019,32,90.98571428571428,,23.7571428571429,28.9571428571429
MKOANI,2019,33,90.27142857142856,,24.0428571428571,28.9285714285714
MKOANI,2019,34,91.14285714285714,,24.3,28.8571428571429
MKOANI,2019,35,91.61428571428571,,23.8375,29.0375
MKOANI,2019,36,88.42857142857143,,23.1857142857143,29.4428571428571
MKOANI,2019,37,89.02857142857144,,23.9285714285714,28.9714285714286
MKOANI,2019,38,89.32857142857144,,23.5428571428571,29.6571428571429
MKOANI,2019,39,88.31428571428572,,24.2375,29.875
MKOANI,2019,40,94.75714285714284,,,
MKOANI,2019,41,93.98571428571428,,23.8,29.5285714285714
MKOANI,2019,42,94.55714285714284,,24.0857142857143,28.8285714285714
MKOANI,2019,43,95.2,,23.6428571428571,29.3
MKOANI,2019,44,94.52857142857144,,24.6375,30.0
MKOANI,2019,45,94.44285714285716,,24.6857142857143,30.4285714285714
MKOANI,2019,46,94.64285714285714,,24.6285714285714,30.5571428571429
MKOANI,2019,47,93.67142857142858,,25.6714285714286,31.1857142857143
MKOANI,2019,48,95.11428571428571,,24.6875,30.8625
MKOANI,2019,49,92.05714285714284,,25.1428571428571,32.1
MKOANI,2019,50,93.61428571428571,,24.8285714285714,31.9857142857143
MKOANI,2019,51,92.47142857142856,,24.2857142857143,32.2
MKOANI,2019,52,93.87142857142858,,25.375,32.0375
MKOANI,2020,1,88.15714285714286,,,
MKOANI,2020,2,85.89999999999999,10.1,25.8142857142857,32.0714285714286
MKOANI,2020,3,85.3,20.7,25.6,31.7714285714286
MKOANI,2020,4,86.04285714285713,46.2,26.0142857142857,30.6714285714286
MKOANI,2020,5,87.82857142857142,25.8,25.8428571428571,30.725
MKOANI,2020,6,93.0,55.5,24.7857142857143,30.7142857142857
MKOANI,2020,7,93.34285714285714,13.9,24.8625,31.2428571428571
MKOANI,2020,8,92.6,24.4,25.1428571428571,31.6571428571429
MKOANI,2020,9,92.34285714285714,4.4,25.6428571428571,32.3625
MKOANI,2020,10,92.48571428571428,135.20000000000002,25.5857142857143,31.8714285714286
MKOANI,2020,11,93.12857142857142,37.5,25.7625,31.7428571428571
MKOANI,2020,12,93.15714285714286,12.7,25.4285714285714,31.6714285714286
MKOANI,2020,13,92.3,138.8,25.0142857142857,31.425
MKOANI,2020,14,87.65714285714286,,,
MKOANI,2020,15,85.38571428571429,223.5,25.5,31.5
MKOANI,2020,16,84.98571428571428,311.90000000000003,24.9,29.6571428571429
MKOANI,2020,17,84.88571428571429,210.7,23.9857142857143,29.0
MKOANI,2020,18,87.67142857142858,304.5,24.5142857142857,29.25
MKOANI,2020,19,90.17142857142858,329.4,24.4,28.9714285714286
MKOANI,2020,20,91.32857142857142,256.2,24.3625,29.2857142857143
MKOANI,2020,21,90.65714285714286,14.6,24.2142857142857,29.2714285714286
MKOANI,2020,22,92.31428571428572,85.30000000000001,24.5428571428571,29.7125
MKOANI,2020,23,86.62857142857142,46.1,25.1285714285714,29.0857142857143
MKOANI,2020,24,86.38571428571429,48.3,24.5625,28.9714285714286
MKOANI,2020,25,86.52857142857144,18.0,24.8,27.9142857142857
MKOANI,2020,26,87.12857142857142,7.3,23.7,28.2375
MKOANI,2020,27,81.11428571428571,,,
MKOANI,2020,28,80.12857142857142,9.1,24.1428571428571,27.7571428571429
MKOANI,2020,29,79.72857142857143,55.3,23.4625,28.2571428571429
MKOANI,2020,30,81.12857142857142,37.400000000000006,23.3857142857143,27.5
MKOANI,2020,31,81.28571428571429,11.5,24.3142857142857,27.65
MKOANI,2020,32,85.91428571428571,14.900000000000002,23.2142857142857,27.9714285714286
MKOANI,2020,33,84.78571428571429,14.6,22.3625,27.6428571428571
MKOANI,2020,34,85.74285714285715,5.5,23.7,28.2
MKOANI,2020,35,85.64285714285714,6.4,23.2428571428571,28.2875
MKOANI,2020,36,87.85714285714286,,,
MKOANI,2020,37,88.0,2.8,23.0,28.0714285714286
MKOANI,2020,38,87.1857142857143,1.3,22.5625,28.8
MKOANI,2020,39,89.10000000000001,0.0,22.8,28.5285714285714
MKOANI,2020,40,88.8142857142857,6.8,22.9142857142857,28.7625
MKOANI,2020,41,90.32857142857142,5.0,22.6142857142857,29.6
MKOANI,2020,42,89.60000000000001,6.6,23.8,30.4428571428571
MKOANI,2020,43,90.68571428571428,24.1,23.2428571428571,30.0428571428571
MKOANI,2020,44,90.34285714285714,5.4,24.7714285714286,30.5
MKOANI,2020,45,91.0,4.4,25.0142857142857,30.0428571428571
MKOANI,2020,46,90.51428571428572,108.5,24.1125,29.7571428571429
MKOANI,2020,47,90.21428571428572,20.5,25.3285714285714,30.3142857142857
MKOANI,2020,48,91.08571428571427,68.30000000000001,24.4857142857143,31.025
MKOANI,2020,49,89.25714285714285,,,
MKOANI,2020,50,90.34285714285714,14.2,24.4857142857143,31.2285714285714
MKOANI,2020,51,89.84285714285714,28.0,24.8375,31.4857142857143
MKOANI,2020,52,90.25714285714284,42.4,25.1571428571429,31.1142857142857
MKOANI,2020,53,,24.6,,
MKOANI,2021,1,89.07142857142857,0.0,24.4714285714286,30.6857142857143
MKOANI,2021,2,90.21428571428572,17.8,24.5428571428571,29.625
MKOANI,2021,3,90.05714285714285,0.0,23.7571428571429,30.6857142857143
MKOANI,2021,4,89.97142857142858,0.0,24.4571428571429,30.4333333333333
MKOANI,2021,5,88.51428571428572,0.0,23.5,31.0142857142857
MKOANI,2021,6,90.52857142857144,29.2,25.3714285714286,30.4125
MKOANI,2021,7,90.24285714285716,0.0,24.6142857142857,30.9142857142857
MKOANI,2021,8,89.75714285714285,4.3,24.4142857142857,31.5833333333333
MKOANI,2021,9,69.04285714285714,0.0,24.3571428571429,31.8571428571429
MKOANI,2021,10,69.32857142857144,12.1,24.1285714285714,31.4625
MKOANI,2021,11,69.07142857142857,15.2,23.9714285714286,31.9571428571429
MKOANI,2021,12,69.61428571428571,108.6,23.9714285714286,30.9666666666667
MKOANI,2021,13,77.98571428571428,,,
MKOANI,2021,14,85.14285714285714,50.0,25.2571428571429,30.7571428571429
MKOANI,2021,15,84.72857142857143,178.39999999999998,24.6714285714286,29.75
MKOANI,2021,16,84.74285714285715,425.3,24.4571428571429,28.2
MKOANI,2021,17,86.0,197.4,24.9,30.4666666666667
MKOANI,2021,18,86.61428571428571,258.29999999999995,23.8714285714286,28.3285714285714
MKOANI,2021,19,87.37142857142858,19.0,25.0571428571429,29.625
MKOANI,2021,20,87.68571428571428,11.8,24.7857142857143,29.7
MKOANI,2021,21,88.38571428571429,10.6,25.2285714285714,29.2166666666667
MKOANI,2021,22,86.51428571428572,,,
MKOANI,2021,23,85.61428571428571,0.0,23.9714285714286,29.0714285714286
MKOANI,2021,24,85.42857142857143,29.2,24.4,28.25
MKOANI,2021,25,84.81428571428572,7.999999999999999,23.4285714285714,28.2857142857143
MKOANI,2021,26,83.2,25.700000000000003,23.0142857142857,27.7
MKOANI,2021,27,82.89999999999999,13.4,23.5,27.9571428571429
MKOANI,2021,28,82.65714285714286,3.8,24.1,27.925
MKOANI,2021,29,83.28571428571429,32.6,24.2285714285714,27.8285714285714
MKOANI,2021,30,83.07142857142857,8.2,23.5714285714286,27.3
MKOANI,2021,31,86.07142857142857,16.3,22.4428571428571,27.4142857142857
MKOANI,2021,32,85.91428571428571,24.4,22.2,27.9875
MKOANI,2021,33,86.07142857142857,16.2,22.9142857142857,27.9142857142857
MKOANI,2021,34,85.87142857142858,31.2,22.2714285714286,27.85
MKOANI,2021,35,84.84285714285714,,,
MKOANI,2021,36,85.18571428571428,33.1,24.1428571428571,27.4142857142857
MKOANI,2021,37,83.88571428571429,20.0,23.6857142857143,27.9875
MKOANI,2021,38,84.77142857142857,26.4,23.4,27.9142857142857
MKOANI,2021,39,84.88571428571429,14.5,23.1142857142857,27.85
MKOANI,2021,40,87.48571428571428,8.0,23.1714285714286,29.1142857142857
MKOANI,2021,41,88.01428571428572,16.0,23.9428571428571,29.5125
MKOANI,2021,42,87.27142857142857,0.0,24.5285714285714,29.4
MKOANI,2021,43,86.5,26.4,22.5142857142857,30.1833333333333
MKOANI,2021,44,88.97142857142856,7.7,24.4285714285714,30.6714285714286
MKOANI,2021,45,89.27142857142857,5.4,23.5857142857143,31.075
MKOANI,2021,46,89.35714285714286,3.1,23.8428571428571,31.1714285714286
MKOANI,2021,47,89.61428571428571,44.7,25.0857142857143,31.5666666666667
MKOANI,2021,48,91.1857142857143,,,
MKOANI,2021,49,92.5,129.3,24.5571428571429,30.8857142857143
MKOANI,2021,50,90.84285714285714,137.3,24.4714285714286,31.0
MKOANI,2021,51,90.78571428571428,222.4,24.6857142857143,31.1428571428571
MKOANI,2021,52,86.15714285714286,70.3,24.7571428571429,31.6
MKOANI,2022,1,76.52857142857144,0.0,25.4428571428571,32.3428571428571
MKOANI,2022,2,75.98571428571428,0.0,26.0428571428571,31.9285714285714
MKOANI,2022,3,75.6857142857143,97.2,24.0571428571429,31.2857142857143
MKOANI,2022,4,76.7,17.7,25.0714285714286,30.3142857142857
MKOANI,2022,5,76.78571428571429,,,
MKOANI,2022,6,77.68571428571428,0.0,24.0714285714286,31.2142857142857
MKOANI,2022,7,77.07142857142857,8.9,24.5571428571429,31.1428571428571
MKOANI,2022,8,76.94285714285715,0.0,24.1428571428571,31.8
MKOANI,2022,9,69.98571428571428,0.0,25.3,31.1714285714286
MKOANI,2022,10,68.87142857142858,0.0,24.2714285714286,31.3285714285714
MKOANI,2022,11,68.92857142857143,0.0,24.4571428571429,32.0
MKOANI,2022,12,68.64285714285714,18.1,24.3,31.7142857142857
MKOANI,2022,13,73.55714285714285,6.9,25.6428571428571,32.0428571428571
MKOANI,2022,14,81.91428571428571,4.1,25.2,31.8714285714286
MKOANI,2022,15,79.12857142857142,11.1,25.5142857142857,30.9142857142857
MKOANI,2022,16,79.18571428571428,144.40000000000003,24.5428571428571,29.5714285714286
MKOANI,2022,17,81.57142857142857,231.7,24.8857142857143,30.6571428571429
MKOANI,2022,18,85.15714285714286,179.79999999999995,24.3428571428571,29.2285714285714
MKOANI,2022,19,86.32857142857142,159.89999999999998,25.9714285714286,29.9714285714286
MKOANI,2022,20,86.0,65.3,25.8,29.9571428571429
MKOANI,2022,21,86.02857142857144,77.4,26.3142857142857,30.2
MKOANI,2022,22,30.585714285714285,,,
MKOANI,2022,23,9.957142857142856,0.0,23.7,27.7428571428571
MKOANI,2022,24,9.285714285714286,34.3,24.3857142857143,28.8428571428571
MKOANI,2022,25,8.742857142857144,9.6,24.8142857142857,28.7857142857143
MKOANI,2022,26,45.642857142857146,19.3,24.5428571428571,28.1714285714286
MKOANI,2022,27,93.55714285714284,51.5,22.9571428571429,27.0285714285714
MKOANI,2022,28,94.4,26.700000000000003,22.5142857142857,27.1571428571429
MKOANI,2022,29,94.6,36.1,22.9714285714286,27.4285714285714
MKOANI,2022,30,94.61428571428571,28.9,23.2142857142857,27.2285714285714
MKOANI,2022,31,89.39999999999999,37.1,21.3714285714286,27.2285714285714
MKOANI,2022,32,89.55714285714285,20.8,22.6142857142857,27.3714285714286
MKOANI,2022,33,89.07142857142857,14.2,21.7571428571429,27.6428571428571
MKOANI,2022,34,88.34285714285714,34.5,22.4857142857143,27.4714285714286
MKOANI,2022,35,89.62857142857142,,,
MKOANI,2022,36,88.52857142857144,13.1,21.5571428571429,27.7285714285714
MKOANI,2022,37,87.35714285714286,25.3,21.7285714285714,28.0571428571429
MKOANI,2022,38,87.4,3.8,22.9714285714286,28.1142857142857
MKOANI,2022,39,88.61428571428571,15.6,23.4857142857143,28.4857142857143
MKOANI,2022,40,90.68571428571428,27.5,22.8428571428571,28.1857142857143
MKOANI,2022,41,90.24285714285716,18.7,23.5,28.4428571428571
MKOANI,2022,42,90.02857142857144,55.3,22.9142857142857,28.7
MKOANI,2022,43,89.84285714285714,32.6,23.6714285714286,28.8285714285714
MKOANI,2022,44,92.42857142857144,,,
MKOANI,2022,45,92.34285714285714,65.0,23.2428571428571,29.9857142857143
MKOANI,2022,46,92.92857142857144,10.7,24.0142857142857,30.3571428571429
MKOANI,2022,47,93.38571428571429,135.9,24.1142857142857,30.2857142857143
MKOANI,2022,48,93.92857142857144,50.6,24.3571428571429,30.6428571428571
MKOANI,2022,49,94.02857142857144,51.1,24.4,31.4857142857143
MKOANI,2022,50,94.25714285714284,124.3,24.0857142857143,31.8
MKOANI,2022,51,94.68571428571428,70.80000000000001,25.4714285714286,31.8142857142857
MKOANI,2022,52,93.02857142857144,44.2,26.0285714285714,31.3428571428571
MKOANI,2023,1,86.38571428571429,2.4,25.2,32.1142857142857
MKOANI,2023,2,86.74285714285715,46.3,24.6571428571429,31.85
MKOANI,2023,3,87.47142857142856,2.6,24.7,31.7333333333333
MKOANI,2023,4,86.24285714285715,36.0,25.6857142857143,30.8571428571429
MKOANI,2023,5,89.28571428571429,,,
MKOANI,2023,6,90.98571428571428,22.9,24.2571428571429,31.8571428571429
MKOANI,2023,7,89.97142857142856,14.7,25.0142857142857,31.1875
MKOANI,2023,8,91.15714285714286,2.8,25.3,31.5
MKOANI,2023,9,92.08571428571427,11.8,23.5714285714286,31.6857142857143
MKOANI,2023,10,92.2,9.3,24.2571428571429,31.9571428571429
MKOANI,2023,11,92.08571428571427,13.8,25.0142857142857,32.3875
MKOANI,2023,12,91.68571428571428,50.8,25.3,31.6666666666667
MKOANI,2023,13,91.47142857142856,57.3,23.5714285714286,31.0571428571429
MKOANI,2023,14,89.2,205.9,25.3142857142857,31.4857142857143
MKOANI,2023,15,90.35714285714286,114.8,25.5714285714286,31.6625
MKOANI,2023,16,89.88571428571429,489.69999999999993,25.1857142857143,28.7333333333333
MKOANI,2023,17,90.34285714285714,482.1,25.1,29.2857142857143
MKOANI,2023,18,96.54285714285712,178.4,25.2285714285714,30.1428571428571
MKOANI,2023,19,95.58571428571427,306.3,25.3714285714286,30.075
MKOANI,2023,20,95.17142857142858,43.4,25.5142857142857,30.45
MKOANI,2023,21,95.04285714285712,103.0,24.5142857142857,29.2714285714286
MKOANI,2023,22,93.67142857142858,,,
MKOANI,2023,23,90.8,91.20000000000002,23.0,28.9571428571429
MKOANI,2023,24,90.58571428571427,33.9,23.7857142857143,29.3125
MKOANI,2023,25,90.05714285714285,50.2,23.8142857142857,29.4333333333333
MKOANI,2023,26,87.91428571428571,34.400000000000006,23.9714285714286,28.7
MKOANI,2023,27,84.92857142857143,35.8,23.6,28.4285714285714
MKOANI,2023,28,84.78571428571429,12.2,23.1714285714286,28.675
MKOANI,2023,29,84.89999999999999,13.1,24.4,28.8
MKOANI,2023,30,85.02857142857144,19.8,24.1714285714286,28.5142857142857
MKOANI,2023,31,85.88571428571429,,,
MKOANI,2023,32,87.34285714285714,8.600000000000001,23.8285714285714,28.4285714285714
MKOANI,2023,33,85.82857142857142,12.5,23.7142857142857,28.675
MKOANI,2023,34,87.38571428571427,4.3,22.8285714285714,28.8
MKOANI,2023,35,88.04285714285713,8.6,23.3857142857143,28.5142857142857
MKOANI,2023,36,88.81428571428572,4.1,23.2857142857143,29.1714285714286
MKOANI,2023,37,87.74285714285715,21.700000000000003,23.8285714285714,29.5
MKOANI,2023,38,88.7,11.7,23.9857142857143,29.8666666666667
MKOANI,2023,39,89.17142857142858,11.7,24.3857142857143,30.2142857142857
MKOANI,2023,40,90.97142857142856,2.3,23.9714285714286,30.4857142857143
MKOANI,2023,41,92.05714285714284,20.0,23.7285714285714,31.0375
MKOANI,2023,42,92.51428571428572,37.5,25.2142857142857,31.1166666666667
MKOANI,2023,43,92.11428571428571,70.89999999999999,24.6285714285714,31.1857142857143
MKOANI,2023,44,94.31428571428572,,,
MKOANI,2023,45,94.44285714285716,390.4,24.0857142857143,28.7428571428571
MKOANI,2023,46,96.11428571428571,282.70000000000005,24.5571428571429,30.5
MKOANI,2023,47,94.91428571428573,295.79999999999995,24.9714285714286,30.0833333333333
MKOANI,2023,48,92.37142857142858,148.6,24.3428571428571,30.5571428571429
MKOANI,2023,49,90.55714285714284,68.30000000000001,25.5714285714286,31.3142857142857
MKOANI,2023,50,89.89999999999999,94.0,24.5285714285714,31.3625
MKOANI,2023,51,90.22857142857144,50.6,25.4142857142857,31.5833333333333
MKOANI,2023,52,90.38571428571429,0.0,26.1857142857143,31.7285714285714
WETE,2018,1,89.87142857142858,69.1,24.3428571428571,29.8166666666667
WETE,2018,2,90.2,1.5,23.8,29.6428571428571
WETE,2018,3,89.94285714285715,0.2,23.3571428571429,30.2285714285714
WETE,2018,4,90.64285714285714,0.0,22.8285714285714,30.4428571428571
WETE,2018,5,90.0,,,
WETE,2018,6,90.78571428571428,0.0,23.8571428571429,31.4142857142857
WETE,2018,7,90.98571428571428,0.0,24.5714285714286,31.5428571428571
WETE,2018,8,89.84285714285714,0.0,24.4,32.1
WETE,2018,9,91.62857142857142,0.0,23.7428571428571,32.4714285714286
WETE,2018,10,91.87142857142858,19.5,23.7714285714286,31.5333333333333
WETE,2018,11,91.18571428571428,44.0,23.8428571428571,30.3
WETE,2018,12,91.3,51.2,24.4428571428571,31.9714285714286
WETE,2018,13,92.31428571428572,81.7,24.0285714285714,31.4
WETE,2018,14,96.61428571428571,45.2,24.5857142857143,31.8714285714286
WETE,2018,15,94.1,121.5,24.1857142857143,30.9142857142857
WETE,2018,16,95.71428571428572,130.4,23.7142857142857,28.5714285714286
WETE,2018,17,95.18571428571428,34.0,24.7714285714286,29.8
WETE,2018,18,94.47142857142856,,,
WETE,2018,19,92.91428571428573,201.2,22.8714285714286,28.3285714285714
WETE,2018,20,93.94285714285716,265.5,23.4285714285714,29.4571428571429
WETE,2018,21,93.24285714285716,16.9,24.1142857142857,29.6428571428571
WETE,2018,22,91.4,6.0,23.9571428571429,29.7285714285714
WETE,2018,23,88.05714285714285,1.0,23.9714285714286,28.9571428571429
WETE,2018,24,88.85714285714286,32.0,22.8714285714286,29.2714285714286
WETE,2018,25,88.11428571428571,32.3,23.1857142857143,29.4714285714286
WETE,2018,26,87.57142857142857,31.5,23.5714285714286,28.6285714285714
WETE,2018,27,85.41428571428571,34.5,22.7714285714286,28.4285714285714
WETE,2018,28,86.44285714285715,20.9,23.0857142857143,28.7428571428571
WETE,2018,29,85.98571428571428,3.0,22.9285714285714,28.3
WETE,2018,30,85.02857142857144,8.0,23.2142857142857,27.5285714285714
WETE,2018,31,84.62857142857142,,,
WETE,2018,32,83.87142857142858,0.0,22.9857142857143,27.6142857142857
WETE,2018,33,84.44285714285715,8.7,23.5714285714286,28.6428571428571
WETE,2018,34,84.54285714285713,0.0,24.0142857142857,29.1571428571429
WETE,2018,35,83.37142857142858,6.0,24.6714285714286,28.6571428571429
WETE,2018,36,84.68571428571428,14.0,23.3142857142857,29.2
WETE,2018,37,83.82857142857142,0.0,23.6571428571429,29.6428571428571
WETE,2018,38,84.82857142857142,19.0,22.2,29.7285714285714
WETE,2018,39,85.18571428571428,45.0,23.2,29.3714285714286
WETE,2018,40,88.24285714285715,1.5,23.2,28.8
WETE,2018,41,89.12857142857142,0.0,23.5428571428571,29.3
WETE,2018,42,89.22857142857143,32.5,23.2285714285714,30.3857142857143
WETE,2018,43,89.10000000000001,186.0,23.7571428571429,29.6714285714286
WETE,2018,44,92.6,,,
WETE,2018,45,94.38571428571429,0.0,22.9857142857143,30.8285714285714
WETE,2018,46,92.87142857142858,15.0,23.5714285714286,30.4714285714286
WETE,2018,47,94.42857142857144,75.39999999999999,24.0142857142857,30.7142857142857
WETE,2018,48,93.31428571428572,67.3,24.6714285714286,31.4857142857143
WETE,2018,49,92.54285714285712,9.0,24.3166666666667,30.7857142857143
WETE,2018,50,93.27142857142856,43.8,24.35,30.0714285714286
WETE,2018,51,93.41428571428573,34.800000000000004,24.7714285714286,30.5714285714286
WETE,2018,52,92.9,29.2,24.8428571428571,30.7714285714286
WETE,2019,1,89.34285714285714,,,
WETE,2019,2,88.67142857142858,17.5,25.5571428571429,32.3285714285714
WETE,2019,3,87.57142857142857,0.0,25.7,32.3571428571429
WETE,2019,4,88.78571428571429,0.0,24.4857142857143,32.3
WETE,2019,5,87.85714285714286,0.0,25.725,31.825
WETE,2019,6,87.77142857142857,0.0,24.7857142857143,30.7142857142857
WETE,2019,7,87.89999999999999,11.7,24.6857142857143,31.2428571428571
WETE,2019,8,88.05714285714285,0.0,25.2571428571429,31.6571428571429
WETE,2019,9,89.12857142857142,41.3,25.6,32.3625
WETE,2019,10,92.48571428571428,0.0,25.0142857142857,33.1142857142857
WETE,2019,11,93.01428571428572,0.0,25.1142857142857,32.5714285714286
WETE,2019,12,91.31428571428572,0.0,24.1714285714286,32.7
WETE,2019,13,91.81428571428572,1.0,24.5125,32.9125
WETE,2019,14,93.25714285714284,61.1,24.9428571428571,31.8142857142857
WETE,2019,15,94.18571428571428,88.3,25.0142857142857,31.0714285714286
WETE,2019,16,93.82857142857142,58.7,25.6428571428571,32.3571428571429
WETE,2019,17,94.14285714285714,54.3,25.2125,32.125
WETE,2019,18,95.44285714285716,,,
WETE,2019,19,95.77142857142856,76.7,24.8285714285714,29.4142857142857
WETE,2019,20,93.82857142857142,219.0,25.0428571428571,28.1428571428571
WETE,2019,21,95.34285714285714,100.0,24.4428571428571,29.2285714285714
WETE,2019,22,92.3,398.5,24.55,28.75
WETE,2019,23,85.98571428571428,7.9,24.1571428571429,29.4142857142857
WETE,2019,24,86.44285714285715,1.5,23.7714285714286,29.1428571428571
WETE,2019,25,85.55714285714285,13.4,24.3,28.8714285714286
WETE,2019,26,86.74285714285715,0.0,24.175,29.1875
WETE,2019,27,89.45714285714287,7.2,24.1857142857143,29.3571428571429
WETE,2019,28,89.45714285714287,0.0,24.6428571428571,29.0857142857143
WETE,2019,29,89.25714285714285,31.7,23.5,28.3857142857143
WETE,2019,30,89.48571428571428,0.0,24.4,28.2375
WETE,2019,31,89.04285714285713,,,
WETE,2019,32,90.98571428571428,28.0,23.7571428571429,28.9571428571429
WETE,2019,33,90.27142857142856,0.0,24.0428571428571,28.9285714285714
WETE,2019,34,91.14285714285714,0.0,24.3,28.8571428571429
WETE,2019,35,91.61428571428571,14.8,23.8375,29.0375
WETE,2019,36,88.42857142857143,0.0,23.1857142857143,29.4428571428571
WETE,2019,37,89.02857142857144,30.0,23.9285714285714,28.9714285714286
WETE,2019,38,89.32857142857144,0.0,23.5428571428571,29.6571428571429
WETE,2019,39,88.31428571428572,18.0,24.2375,29.875
WETE,2019,40,94.75714285714284,,,
WETE,2019,41,93.98571428571428,40.9,23.8,29.5285714285714
WETE,2019,42,94.55714285714284,148.9,24.0857142857143,28.8285714285714
WETE,2019,43,95.2,67.3,23.6428571428571,29.3
WETE,2019,44,94.52857142857144,93.5,24.6375,30.0
WETE,2019,45,94.44285714285716,16.6,24.6857142857143,30.4285714285714
WETE,2019,46,94.64285714285714,83.4,24.6285714285714,30.5571428571429
WETE,2019,47,93.67142857142858,16.7,25.6714285714286,31.1857142857143
WETE,2019,48,95.11428571428571,67.1,24.6875,30.8625
WETE,2019,49,92.05714285714284,77.4,25.1428571428571,32.1
WETE,2019,50,93.61428571428571,6.5,24.8285714285714,31.9857142857143
WETE,2019,51,92.47142857142856,48.0,24.2857142857143,32.2
WETE,2019,52,93.87142857142858,0.0,25.375,32.0375
WETE,2020,1,88.15714285714286,,,
WETE,2020,2,85.89999999999999,0.0,25.8142857142857,32.0714285714286
WETE,2020,3,85.3,0.0,25.6,31.7714285714286
WETE,2020,4,86.04285714285713,32.0,26.0142857142857,30.6714285714286
WETE,2020,5,87.82857142857142,9.0,25.8428571428571,30.725
WETE,2020,6,93.0,0.0,24.7857142857143,30.7142857142857
WETE,2020,7,93.34285714285714,0.0,24.8625,31.2428571428571
WETE,2020,8,92.6,0.0,25.1428571428571,31.6571428571429
WETE,2020,9,92.34285714285714,10.5,25.6428571428571,32.3625
WETE,2020,10,92.48571428571428,66.5,25.5857142857143,31.8714285714286
WETE,2020,11,93.12857142857142,26.5,25.7625,31.7428571428571
WETE,2020,12,93.15714285714286,43.8,25.4285714285714,31.6714285714286
WETE,2020,13,92.3,71.0,25.0142857142857,31.425
WETE,2020,14,87.65714285714286,,,
WETE,2020,15,85.38571428571429,113.0,25.5,31.5
WETE,2020,16,84.98571428571428,343.5,24.9,29.6571428571429
WETE,2020,17,84.88571428571429,99.5,23.9857142857143,29.0
WETE,2020,18,87.67142857142858,163.5,24.5142857142857,29.25
WETE,2020,19,90.17142857142858,193.9,24.4,28.9714285714286
WETE,2020,20,91.32857142857142,92.4,24.3625,29.2857142857143
WETE,2020,21,90.65714285714286,52.0,24.2142857142857,29.2714285714286
WETE,2020,22,92.31428571428572,6.0,24.5428571428571,29.7125
WETE,2020,23,86.62857142857142,27.5,25.1285714285714,29.0857142857143
WETE,2020,24,86.38571428571429,23.2,24.5625,28.9714285714286
WETE,2020,25,86.52857142857144,5.2,24.8,27.9142857142857
WETE,2020,26,87.12857142857142,20.0,23.7,28.2375
WETE,2020,27,81.11428571428571,,,
WETE,2020,28,80.12857142857142,15.0,24.1428571428571,27.7571428571429
WETE,2020,29,79.72857142857143,10.5,23.4625,28.2571428571429
WETE,2020,30,81.12857142857142,7.7,23.3857142857143,27.5
WETE,2020,31,81.28571428571429,5.0,24.3142857142857,27.65
WETE,2020,32,85.91428571428571,0.0,23.2142857142857,27.9714285714286
WETE,2020,33,84.78571428571429,0.0,22.3625,27.6428571428571
WETE,2020,34,85.74285714285715,10.5,23.7,28.2
WETE,2020,35,85.64285714285714,0.0,23.2428571428571,28.2875
WETE,2020,36,87.85714285714286,,,
WETE,2020,37,88.0,0.0,23.0,28.0714285714286
WETE,2020,38,87.1857142857143,0.0,22.5625,28.8
WETE,2020,39,89.10000000000001,30.5,22.8,28.5285714285714
WETE,2020,40,88.8142857142857,11.5,22.9142857142857,28.7625
WETE,2020,41,90.32857142857142,0.0,22.6142857142857,29.6
WETE,2020,42,89.60000000000001,18.5,23.8,30.4428571428571
WETE,2020,43,90.68571428571428,16.0,23.2428571428571,30.0428571428571
WETE,2020,44,90.34285714285714,5.5,24.7714285714286,30.5
WETE,2020,45,91.0,0.0,25.0142857142857,30.0428571428571
WETE,2020,46,90.51428571428572,50.5,24.1125,29.7571428571429
WETE,2020,47,90.21428571428572,15.0,25.3285714285714,30.3142857142857
WETE,2020,48,91.08571428571427,10.0,24.4857142857143,31.025
WETE,2020,49,89.25714285714285,,,
WETE,2020,50,90.34285714285714,62.3,24.4857142857143,31.2285714285714
WETE,2020,51,89.84285714285714,0.0,24.8375,31.4857142857143
WETE,2020,52,90.25714285714284,44.0,25.1571428571429,31.1142857142857
WETE,2020,53,,0.0,,
WETE,2021,1,89.07142857142857,70.0,24.4714285714286,30.6857142857143
WETE,2021,2,90.21428571428572,68.0,24.5428571428571,29.625
WETE,2021,3,90.05714285714285,0.0,23.7571428571429,30.6857142857143
WETE,2021,4,89.97142857142858,0.0,24.4571428571429,30.4333333333333
WETE,2021,5,88.51428571428572,8.0,23.5,31.0142857142857
WETE,2021,6,90.52857142857144,0.0,25.3714285714286,30.4125
WETE,2021,7,90.24285714285716,0.0,24.6142857142857,30.9142857142857
WETE,2021,8,89.75714285714285,0.0,24.4142857142857,31.5833333333333
WETE,2021,9,69.04285714285714,0.0,24.3571428571429,31.8571428571429
WETE,2021,10,69.32857142857144,0.0,24.1285714285714,31.4625
WETE,2021,11,69.07142857142857,25.5,23.9714285714286,31.9571428571429
WETE,2021,12,69.61428571428571,65.0,23.9714285714286,30.9666666666667
WETE,2021,13,77.98571428571428,,,
WETE,2021,14,85.14285714285714,46.0,25.2571428571429,30.7571428571429
WETE,2021,15,84.72857142857143,72.5,24.6714285714286,29.75
WETE,2021,16,84.74285714285715,123.5,24.4571428571429,28.2
WETE,2021,17,86.0,69.0,24.9,30.4666666666667
WETE,2021,18,86.61428571428571,135.0,23.8714285714286,28.3285714285714
WETE,2021,19,87.37142857142858,0.0,25.0571428571429,29.625
WETE,2021,20,87.68571428571428,4.0,24.7857142857143,29.7
WETE,2021,21,88.38571428571429,0.0,25.2285714285714,29.2166666666667
WETE,2021,22,86.51428571428572,,,
WETE,2021,23,85.61428571428571,5.0,23.9714285714286,29.0714285714286
WETE,2021,24,85.42857142857143,36.0,24.4,28.25
WETE,2021,25,84.81428571428572,0.0,23.4285714285714,28.2857142857143
WETE,2021,26,83.2,24.5,23.0142857142857,27.7
WETE,2021,27,82.89999999999999,0.0,23.5,27.9571428571429
WETE,2021,28,82.65714285714286,2.5,24.1,27.925
WETE,2021,29,83.28571428571429,0.0,24.2285714285714,27.8285714285714
WETE,2021,30,83.07142857142857,0.0,23.5714285714286,27.3
WETE,2021,31,86.07142857142857,19.0,22.4428571428571,27.4142857142857
WETE,2021,32,85.91428571428571,0.0,22.2,27.9875
WETE,2021,33,86.07142857142857,5.0,22.9142857142857,27.9142857142857
WETE,2021,34,85.87142857142858,2.0,22.2714285714286,27.85
WETE,2021,35,84.84285714285714,,,
WETE,2021,36,85.18571428571428,2.0,24.1428571428571,27.4142857142857
WETE,2021,37,83.88571428571429,8.0,23.6857142857143,27.9875
WETE,2021,38,84.77142857142857,2.0,23.4,27.9142857142857
WETE,2021,39,84.88571428571429,0.0,23.1142857142857,27.85
WETE,2021,40,87.48571428571428,0.0,23.1714285714286,29.1142857142857
WETE,2021,41,88.01428571428572,0.0,23.9428571428571,29.5125
WETE,2021,42,87.27142857142857,10.5,24.5285714285714,29.4
WETE,2021,43,86.5,2.0,22.5142857142857,30.1833333333333
WETE,2021,44,88.97142857142856,0.0,24.4285714285714,30.6714285714286
WETE,2021,45,89.27142857142857,0.0,23.5857142857143,31.075
WETE,2021,46,89.35714285714286,0.0,23.8428571428571,31.1714285714286
WETE,2021,47,89.61428571428571,40.0,25.0857142857143,31.5666666666667
WETE,2021,48,91.1857142857143,,,
WETE,2021,49,92.5,57.0,24.5571428571429,30.8857142857143
WETE,2021,50,90.84285714285714,115.0,24.4714285714286,31.0
WETE,2021,51,90.78571428571428,30.5,24.6857142857143,31.1428571428571
WETE,2021,52,86.15714285714286,14.0,24.7571428571429,31.6
WETE,2022,1,76.52857142857144,0.0,25.4428571428571,32.3428571428571
WETE,2022,2,75.98571428571428,0.0,26.0428571428571,31.9285714285714
WETE,2022,3,75.6857142857143,11.0,24.0571428571429,31.2857142857143
WETE,2022,4,76.7,0.0,25.0714285714286,30.3142857142857
WETE,2022,5,76.78571428571429,,,
WETE,2022,6,77.68571428571428,0.0,24.0714285714286,31.2142857142857
WETE,2022,7,77.07142857142857,0.0,24.5571428571429,31.1428571428571
WETE,2022,8,76.94285714285715,53.0,24.1428571428571,31.8
WETE,2022,9,69.98571428571428,0.0,25.3,31.1714285714286
WETE,2022,10,68.87142857142858,0.0,24.2714285714286,31.3285714285714
WETE,2022,11,68.92857142857143,0.0,24.4571428571429,32.0
WETE,2022,12,68.64285714285714,0.0,24.3,31.7142857142857
WETE,2022,13,73.55714285714285,25.0,25.6428571428571,32.0428571428571
WETE,2022,14,81.91428571428571,10.0,25.2,31.8714285714286
WETE,2022,15,79.12857142857142,20.0,25.5142857142857,30.9142857142857
WETE,2022,16,79.18571428571428,159.0,24.5428571428571,29.5714285714286
WETE,2022,17,81.57142857142857,114.0,24.8857142857143,30.6571428571429
WETE,2022,18,85.15714285714286,80.0,24.3428571428571,29.2285714285714
WETE,2022,19,86.32857142857142,4.0,25.9714285714286,29.9714285714286
WETE,2022,20,86.0,30.0,25.8,29.9571428571429
WETE,2022,21,86.02857142857144,29.0,26.3142857142857,30.2
WETE,2022,22,30.585714285714285,,,
WETE,2022,23,9.957142857142856,59.0,23.7,27.7428571428571
WETE,2022,24,9.285714285714286,15.0,24.3857142857143,28.8428571428571
WETE,2022,25,8.742857142857144,3.0,24.8142857142857,28.7857142857143
WETE,2022,26,45.642857142857146,13.0,24.5428571428571,28.1714285714286
WETE,2022,27,93.55714285714284,27.0,22.9571428571429,27.0285714285714
WETE,2022,28,94.4,20.0,22.5142857142857,27.1571428571429
WETE,2022,29,94.6,14.0,22.9714285714286,27.4285714285714
WETE,2022,30,94.61428571428571,0.0,23.2142857142857,27.2285714285714
WETE,2022,31,89.39999999999999,0.0,21.3714285714286,27.2285714285714
WETE,2022,32,89.55714285714285,0.0,22.6142857142857,27.3714285714286
WETE,2022,33,89.07142857142857,0.0,21.7571428571429,27.6428571428571
WETE,2022,34,88.34285714285714,0.0,22.4857142857143,27.4714285714286
WETE,2022,35,89.62857142857142,,,
WETE,2022,36,88.52857142857144,0.0,21.5571428571429,27.7285714285714
WETE,2022,37,87.35714285714286,0.0,21.7285714285714,28.0571428571429
WETE,2022,38,87.4,2.0,22.9714285714286,28.1142857142857
WETE,2022,39,88.61428571428571,5.0,23.4857142857143,28.4857142857143
WETE,2022,40,90.68571428571428,0.0,22.8428571428571,28.1857142857143
WETE,2022,41,90.24285714285716,0.0,23.5,28.4428571428571
WETE,2022,42,90.02857142857144,10.0,22.9142857142857,28.7
WETE,2022,43,89.84285714285714,45.0,23.6714285714286,28.8285714285714
WETE,2022,44,92.42857142857144,,,
WETE,2022,45,92.34285714285714,0.0,23.2428571428571,29.9857142857143
WETE,2022,46,92.92857142857144,19.0,24.0142857142857,30.3571428571429
WETE,2022,47,93.38571428571429,21.0,24.1142857142857,30.2857142857143
WETE,2022,48,93.92857142857144,90.0,24.3571428571429,30.6428571428571
WETE,2022,49,94.02857142857144,0.0,24.4,31.4857142857143
WETE,2022,50,94.25714285714284,12.0,24.0857142857143,31.8
WETE,2022,51,94.68571428571428,10.0,25.4714285714286,31.8142857142857
WETE,2022,52,93.02857142857144,10.0,26.0285714285714,31.3428571428571
WETE,2023,1,86.38571428571429,25.0,25.2,32.1142857142857
WETE,2023,2,86.74285714285715,14.0,24.6571428571429,31.85
WETE,2023,3,87.47142857142856,0.0,24.7,31.7333333333333
WETE,2023,4,86.24285714285715,10.0,25.6857142857143,30.8571428571429
WETE,2023,5,89.28571428571429,,,
WETE,2023,6,90.98571428571428,0.0,24.2571428571429,31.8571428571429
WETE,2023,7,89.97142857142856,0.0,25.0142857142857,31.1875
WETE,2023,8,91.15714285714286,0.0,25.3,31.5
WETE,2023,9,92.08571428571427,0.0,23.5714285714286,31.6857142857143
WETE,2023,10,92.2,0.0,24.2571428571429,31.9571428571429
WETE,2023,11,92.08571428571427,0.0,25.0142857142857,32.3875
WETE,2023,12,91.68571428571428,43.0,25.3,31.6666666666667
WETE,2023,13,91.47142857142856,29.5,23.5714285714286,31.0571428571429
WETE,2023,14,89.2,25.0,25.3142857142857,31.4857142857143
WETE,2023,15,90.35714285714286,55.0,25.5714285714286,31.6625
WETE,2023,16,89.88571428571429,182.0,25.1857142857143,28.7333333333333
WETE,2023,17,90.34285714285714,164.0,25.1,29.2857142857143
WETE,2023,18,96.54285714285712,0.0,25.2285714285714,30.1428571428571
WETE,2023,19,95.58571428571427,13.0,25.3714285714286,30.075
WETE,2023,20,95.17142857142858,0.0,25.5142857142857,30.45
WETE,2023,21,95.04285714285712,107.0,24.5142857142857,29.2714285714286
WETE,2023,22,93.67142857142858,,,
WETE,2023,23,90.8,0.0,23.0,28.9571428571429
WETE,2023,24,90.58571428571427,172.0,23.7857142857143,29.3125
WETE,2023,25,90.05714285714285,0.0,23.8142857142857,29.4333333333333
WETE,2023,26,87.91428571428571,9.0,23.9714285714286,28.7
WETE,2023,27,84.92857142857143,31.0,23.6,28.4285714285714
WETE,2023,28,84.78571428571429,12.0,23.1714285714286,28.675
WETE,2023,29,84.89999999999999,14.0,24.4,28.8
WETE,2023,30,85.02857142857144,3.0,24.1714285714286,28.5142857142857
WETE,2023,31,85.88571428571429,,,
WETE,2023,32,87.34285714285714,0.0,23.8285714285714,28.4285714285714
WETE,2023,33,85.82857142857142,0.0,23.7142857142857,28.675
WETE,2023,34,87.38571428571427,4.0,22.8285714285714,28.8
WETE,2023,35,88.04285714285713,19.0,23.3857142857143,28.5142857142857
WETE,2023,36,88.81428571428572,0.0,23.2857142857143,29.1714285714286
WETE,2023,37,87.74285714285715,0.0,23.8285714285714,29.5
WETE,2023,38,88.7,0.0,23.9857142857143,29.8666666666667
WETE,2023,39,89.17142857142858,0.0,24.3857142857143,30.2142857142857
WETE,2023,40,90.97142857142856,24.0,23.9714285714286,30.4857142857143
WETE,2023,41,92.05714285714284,0.0,23.7285714285714,31.0375
WETE,2023,42,92.51428571428572,75.0,25.2142857142857,31.1166666666667
WETE,2023,43,92.11428571428571,33.0,24.6285714285714,31.1857142857143
WETE,2023,44,94.31428571428572,,,
WETE,2023,45,94.44285714285716,160.89999999999998,24.0857142857143,28.7428571428571
WETE,2023,46,96.11428571428571,99.1,24.5571428571429,30.5
WETE,2023,47,94.91428571428573,95.4,24.9714285714286,30.0833333333333
WETE,2023,48,92.37142857142858,85.8,24.3428571428571,30.5571428571429
WETE,2023,49,90.55714285714284,10.0,25.5714285714286,31.3142857142857
WETE,2023,50,89.89999999999999,63.0,24.5285714285714,31.3625
WETE,2023,51,90.22857142857144,28.0,25.4142857142857,31.5833333333333
WETE,2023,52,90.38571428571429,25.0,26.1857142857143,31.7285714285714
