District,Year,Week,Date,Effective_Net_Usage
WETE,2018,1,2018-01-01,144.53896103896102
WETE,2018,2,2018-01-08,144.53896103896102
WETE,2018,3,2018-01-15,144.53896103896102
WETE,2018,4,2018-01-22,144.53896103896102
WETE,2018,5,2018-01-29,144.53896103896102
WETE,2018,6,2018-02-05,144.53896103896102
WETE,2018,7,2018-02-12,144.53896103896102
WETE,2018,8,2018-02-19,144.53896103896102
WETE,2018,9,2018-02-26,144.53896103896102
WETE,2018,10,2018-03-05,144.53896103896102
WETE,2018,11,2018-03-12,144.53896103896102
WETE,2018,12,2018-03-19,144.53896103896102
WETE,2018,13,2018-03-26,144.53896103896102
WETE,2018,14,2018-04-02,144.53896103896102
WETE,2018,15,2018-04-09,144.53896103896102
WETE,2018,16,2018-04-16,144.53896103896102
WETE,2018,17,2018-04-23,144.53896103896102
WETE,2018,18,2018-04-30,144.53896103896102
WETE,2018,19,2018-05-07,144.53896103896102
WETE,2018,20,2018-05-14,144.53896103896102
WETE,2018,21,2018-05-21,144.53896103896102
WETE,2018,22,2018-05-28,144.53896103896102
WETE,2018,23,2018-06-04,144.53896103896102
WETE,2018,24,2018-06-11,144.53896103896102
WETE,2018,25,2018-06-18,144.53896103896102
WETE,2018,26,2018-06-25,144.53896103896102
WETE,2018,27,2018-07-02,144.53896103896102
WETE,2018,28,2018-07-09,144.53896103896102
WETE,2018,29,2018-07-16,144.53896103896102
WETE,2018,30,2018-07-23,144.53896103896102
WETE,2018,31,2018-07-30,144.53896103896102
WETE,2018,32,2018-08-06,144.53896103896102
WETE,2018,33,2018-08-13,144.53896103896102
WETE,2018,34,2018-08-20,144.53896103896102
WETE,2018,35,2018-08-27,144.53896103896102
WETE,2018,36,2018-09-03,144.53896103896102
WETE,2018,37,2018-09-10,144.53896103896102
WETE,2018,38,2018-09-17,144.53896103896102
WETE,2018,39,2018-09-24,144.53896103896102
WETE,2018,40,2018-10-01,144.53896103896102
WETE,2018,41,2018-10-08,144.53896103896102
WETE,2018,42,2018-10-15,144.53896103896102
WETE,2018,43,2018-10-22,144.53896103896102
WETE,2018,44,2018-10-29,144.53896103896102
WETE,2018,45,2018-11-05,144.53896103896102
WETE,2018,46,2018-11-12,144.53896103896102
WETE,2018,47,2018-11-19,144.53896103896102
WETE,2018,48,2018-11-26,144.53896103896102
WETE,2018,49,2018-12-03,144.53896103896102
WETE,2018,50,2018-12-10,144.53896103896102
WETE,2018,51,2018-12-17,144.53896103896102
WETE,2018,52,2018-12-24,144.53896103896102
WETE,2018,1,2018-12-31,144.53896103896102
WETE,2019,2,2019-01-07,325.0373376623377
WETE,2019,3,2019-01-14,325.0373376623377
WETE,2019,4,2019-01-21,325.0373376623377
WETE,2019,5,2019-01-28,325.0373376623377
WETE,2019,6,2019-02-04,325.0373376623377
WETE,2019,7,2019-02-11,325.0373376623377
WETE,2019,8,2019-02-18,325.0373376623377
WETE,2019,9,2019-02-25,325.0373376623377
WETE,2019,10,2019-03-04,325.0373376623377
WETE,2019,11,2019-03-11,325.0373376623377
WETE,2019,12,2019-03-18,325.0373376623377
WETE,2019,13,2019-03-25,325.0373376623377
WETE,2019,14,2019-04-01,325.0373376623377
WETE,2019,15,2019-04-08,325.0373376623377
WETE,2019,16,2019-04-15,325.0373376623377
WETE,2019,17,2019-04-22,325.0373376623377
WETE,2019,18,2019-04-29,325.0373376623377
WETE,2019,19,2019-05-06,325.0373376623377
WETE,2019,20,2019-05-13,325.0373376623377
WETE,2019,21,2019-05-20,325.0373376623377
WETE,2019,22,2019-05-27,325.0373376623377
WETE,2019,23,2019-06-03,325.0373376623377
WETE,2019,24,2019-06-10,325.0373376623377
WETE,2019,25,2019-06-17,325.0373376623377
WETE,2019,26,2019-06-24,325.0373376623377
WETE,2019,27,2019-07-01,325.0373376623377
WETE,2019,28,2019-07-08,325.0373376623377
WETE,2019,29,2019-07-15,325.0373376623377
WETE,2019,30,2019-07-22,325.0373376623377
WETE,2019,31,2019-07-29,325.0373376623377
WETE,2019,32,2019-08-05,325.0373376623377
WETE,2019,33,2019-08-12,325.0373376623377
WETE,2019,34,2019-08-19,325.0373376623377
WETE,2019,35,2019-08-26,325.0373376623377
WETE,2019,36,2019-09-02,325.0373376623377
WETE,2019,37,2019-09-09,325.0373376623377
WETE,2019,38,2019-09-16,325.0373376623377
WETE,2019,39,2019-09-23,325.0373376623377
WETE,2019,40,2019-09-30,325.0373376623377
WETE,2019,41,2019-10-07,325.0373376623377
WETE,2019,42,2019-10-14,325.0373376623377
WETE,2019,43,2019-10-21,325.0373376623377
WETE,2019,44,2019-10-28,325.0373376623377
WETE,2019,45,2019-11-04,325.0373376623377
WETE,2019,46,2019-11-11,325.0373376623377
WETE,2019,47,2019-11-18,325.0373376623377
WETE,2019,48,2019-11-25,325.0373376623377
WETE,2019,49,2019-12-02,325.0373376623377
WETE,2019,50,2019-12-09,325.0373376623377
WETE,2019,51,2019-12-16,325.0373376623377
WETE,2019,52,2019-12-23,325.0373376623377
WETE,2019,1,2019-12-30,325.0373376623377
WETE,2020,2,2020-01-06,661.8977272727273
WETE,2020,3,2020-01-13,661.8977272727273
WETE,2020,4,2020-01-20,661.8977272727273
WETE,2020,5,2020-01-27,661.8977272727273
WETE,2020,6,2020-02-03,661.8977272727273
WETE,2020,7,2020-02-10,661.8977272727273
WETE,2020,8,2020-02-17,661.8977272727273
WETE,2020,9,2020-02-24,517.3587662337662
WETE,2020,10,2020-03-02,517.3587662337662
WETE,2020,11,2020-03-09,517.3587662337662
WETE,2020,12,2020-03-16,517.3587662337662
WETE,2020,13,2020-03-23,517.3587662337662
WETE,2020,14,2020-03-30,517.3587662337662
WETE,2020,15,2020-04-06,517.3587662337662
WETE,2020,16,2020-04-13,517.3587662337662
WETE,2020,17,2020-04-20,517.3587662337662
WETE,2020,18,2020-04-27,517.3587662337662
WETE,2020,19,2020-05-04,517.3587662337662
WETE,2020,20,2020-05-11,517.3587662337662
WETE,2020,21,2020-05-18,517.3587662337662
WETE,2020,22,2020-05-25,517.3587662337662
WETE,2020,23,2020-06-01,517.3587662337662
WETE,2020,24,2020-06-08,517.3587662337662
WETE,2020,25,2020-06-15,517.3587662337662
WETE,2020,26,2020-06-22,517.3587662337662
WETE,2020,27,2020-06-29,517.3587662337662
WETE,2020,28,2020-07-06,517.3587662337662
WETE,2020,29,2020-07-13,517.3587662337662
WETE,2020,30,2020-07-20,517.3587662337662
WETE,2020,31,2020-07-27,517.3587662337662
WETE,2020,32,2020-08-03,517.3587662337662
WETE,2020,33,2020-08-10,517.3587662337662
WETE,2020,34,2020-08-17,517.3587662337662
WETE,2020,35,2020-08-24,517.3587662337662
WETE,2020,36,2020-08-31,517.3587662337662
WETE,2020,37,2020-09-07,517.3587662337662
WETE,2020,38,2020-09-14,517.3587662337662
WETE,2020,39,2020-09-21,517.3587662337662
WETE,2020,40,2020-09-28,517.3587662337662
WETE,2020,41,2020-10-05,517.3587662337662
WETE,2020,42,2020-10-12,517.3587662337662
WETE,2020,43,2020-10-19,517.3587662337662
WETE,2020,44,2020-10-26,517.3587662337662
WETE,2020,45,2020-11-02,517.3587662337662
WETE,2020,46,2020-11-09,517.3587662337662
WETE,2020,47,2020-11-16,517.3587662337662
WETE,2020,48,2020-11-23,517.3587662337662
WETE,2020,49,2020-11-30,517.3587662337662
WETE,2020,50,2020-12-07,517.3587662337662
WETE,2020,51,2020-12-14,517.3587662337662
WETE,2020,52,2020-12-21,517.3587662337662
WETE,2020,53,2020-12-28,517.3587662337662
WETE,2021,1,2021-01-04,1230.2353896103896
WETE,2021,2,2021-01-11,1230.2353896103896
WETE,2021,3,2021-01-18,1230.2353896103896
WETE,2021,4,2021-01-25,1230.2353896103896
WETE,2021,5,2021-02-01,1230.2353896103896
WETE,2021,6,2021-02-08,1230.2353896103896
WETE,2021,7,2021-02-15,1230.2353896103896
WETE,2021,8,2021-02-22,1230.2353896103896
WETE,2021,9,2021-03-01,1049.737012987013
WETE,2021,10,2021-03-08,1049.737012987013
WETE,2021,11,2021-03-15,1049.737012987013
WETE,2021,12,2021-03-22,1049.737012987013
WETE,2021,13,2021-03-29,1049.737012987013
WETE,2021,14,2021-04-05,1049.737012987013
WETE,2021,15,2021-04-12,1049.737012987013
WETE,2021,16,2021-04-19,1049.737012987013
WETE,2021,17,2021-04-26,1049.737012987013
WETE,2021,18,2021-05-03,1049.737012987013
WETE,2021,19,2021-05-10,1049.737012987013
WETE,2021,20,2021-05-17,1049.737012987013
WETE,2021,21,2021-05-24,1049.737012987013
WETE,2021,22,2021-05-31,1049.737012987013
WETE,2021,23,2021-06-07,1049.737012987013
WETE,2021,24,2021-06-14,1049.737012987013
WETE,2021,25,2021-06-21,1049.737012987013
WETE,2021,26,2021-06-28,1049.737012987013
WETE,2021,27,2021-07-05,1049.737012987013
WETE,2021,28,2021-07-12,1049.737012987013
WETE,2021,29,2021-07-19,1049.737012987013
WETE,2021,30,2021-07-26,1049.737012987013
WETE,2021,31,2021-08-02,1049.737012987013
WETE,2021,32,2021-08-09,1049.737012987013
WETE,2021,33,2021-08-16,1049.737012987013
WETE,2021,34,2021-08-23,1049.737012987013
WETE,2021,35,2021-08-30,1049.737012987013
WETE,2021,36,2021-09-06,1049.737012987013
WETE,2021,37,2021-09-13,1049.737012987013
WETE,2021,38,2021-09-20,1049.737012987013
WETE,2021,39,2021-09-27,1049.737012987013
WETE,2021,40,2021-10-04,1049.737012987013
WETE,2021,41,2021-10-11,1049.737012987013
WETE,2021,42,2021-10-18,1049.737012987013
WETE,2021,43,2021-10-25,1049.737012987013
WETE,2021,44,2021-11-01,1049.737012987013
WETE,2021,45,2021-11-08,1049.737012987013
WETE,2021,46,2021-11-15,1049.737012987013
WETE,2021,47,2021-11-22,1049.737012987013
WETE,2021,48,2021-11-29,1049.737012987013
WETE,2021,49,2021-12-06,1049.737012987013
WETE,2021,50,2021-12-13,1049.737012987013
WETE,2021,51,2021-12-20,1049.737012987013
WETE,2021,52,2021-12-27,1049.737012987013
WETE,2022,1,2022-01-03,1049.737012987013
WETE,2022,2,2022-01-10,1049.737012987013
WETE,2022,3,2022-01-17,1049.737012987013
WETE,2022,4,2022-01-24,1049.737012987013
WETE,2022,5,2022-01-31,1049.737012987013
WETE,2022,6,2022-02-07,1049.737012987013
WETE,2022,7,2022-02-14,1049.737012987013
WETE,2022,8,2022-02-21,1049.737012987013
WETE,2022,9,2022-02-28,712.8766233766233
WETE,2022,10,2022-03-07,712.8766233766233
WETE,2022,11,2022-03-14,712.8766233766233
WETE,2022,12,2022-03-21,712.8766233766233
WETE,2022,13,2022-03-28,712.8766233766233
WETE,2022,14,2022-04-04,712.8766233766233
WETE,2022,15,2022-04-11,712.8766233766233
WETE,2022,16,2022-04-18,712.8766233766233
WETE,2022,17,2022-04-25,712.8766233766233
WETE,2022,18,2022-05-02,712.8766233766233
WETE,2022,19,2022-05-09,712.8766233766233
WETE,2022,20,2022-05-16,712.8766233766233
WETE,2022,21,2022-05-23,712.8766233766233
WETE,2022,22,2022-05-30,712.8766233766233
WETE,2022,23,2022-06-06,712.8766233766233
WETE,2022,24,2022-06-13,712.8766233766233
WETE,2022,25,2022-06-20,712.8766233766233
WETE,2022,26,2022-06-27,712.8766233766233
WETE,2022,27,2022-07-04,712.8766233766233
WETE,2022,28,2022-07-11,712.8766233766233
WETE,2022,29,2022-07-18,712.8766233766233
WETE,2022,30,2022-07-25,712.8766233766233
WETE,2022,31,2022-08-01,712.8766233766233
WETE,2022,32,2022-08-08,712.8766233766233
WETE,2022,33,2022-08-15,712.8766233766233
WETE,2022,34,2022-08-22,712.8766233766233
WETE,2022,35,2022-08-29,712.8766233766233
WETE,2022,36,2022-09-05,712.8766233766233
WETE,2022,37,2022-09-12,712.8766233766233
WETE,2022,38,2022-09-19,712.8766233766233
WETE,2022,39,2022-09-26,712.8766233766233
WETE,2022,40,2022-10-03,712.8766233766233
WETE,2022,41,2022-10-10,712.8766233766233
WETE,2022,42,2022-10-17,712.8766233766233
WETE,2022,43,2022-10-24,712.8766233766233
WETE,2022,44,2022-10-31,712.8766233766233
WETE,2022,45,2022-11-07,712.8766233766233
WETE,2022,46,2022-11-14,712.8766233766233
WETE,2022,47,2022-11-21,712.8766233766233
WETE,2022,48,2022-11-28,712.8766233766233
WETE,2022,49,2022-12-05,712.8766233766233
WETE,2022,50,2022-12-12,712.8766233766233
WETE,2022,51,2022-12-19,712.8766233766233
WETE,2022,52,2022-12-26,712.8766233766233
WETE,2023,1,2023-01-02,914.1753246753246
WETE,2023,2,2023-01-09,914.1753246753246
WETE,2023,3,2023-01-16,914.1753246753246
WETE,2023,4,2023-01-23,914.1753246753246
WETE,2023,5,2023-01-30,914.1753246753246
WETE,2023,6,2023-02-06,914.1753246753246
WETE,2023,7,2023-02-13,914.1753246753246
WETE,2023,8,2023-02-20,914.1753246753246
WETE,2023,9,2023-02-27,201.2987012987013
WETE,2023,10,2023-03-06,201.2987012987013
WETE,2023,11,2023-03-13,201.2987012987013
WETE,2023,12,2023-03-20,201.2987012987013
WETE,2023,13,2023-03-27,201.2987012987013
WETE,2023,14,2023-04-03,201.2987012987013
WETE,2023,15,2023-04-10,201.2987012987013
WETE,2023,16,2023-04-17,201.2987012987013
WETE,2023,17,2023-04-24,201.2987012987013
WETE,2023,18,2023-05-01,201.2987012987013
WETE,2023,19,2023-05-08,201.2987012987013
WETE,2023,20,2023-05-15,201.2987012987013
WETE,2023,21,2023-05-22,201.2987012987013
WETE,2023,22,2023-05-29,201.2987012987013
WETE,2023,23,2023-06-05,201.2987012987013
WETE,2023,24,2023-06-12,201.2987012987013
WETE,2023,25,2023-06-19,201.2987012987013
WETE,2023,26,2023-06-26,201.2987012987013
WETE,2023,27,2023-07-03,201.2987012987013
WETE,2023,28,2023-07-10,201.2987012987013
WETE,2023,29,2023-07-17,201.2987012987013
WETE,2023,30,2023-07-24,201.2987012987013
WETE,2023,31,2023-07-31,201.2987012987013
WETE,2023,32,2023-08-07,201.2987012987013
WETE,2023,33,2023-08-14,201.2987012987013
WETE,2023,34,2023-08-21,201.2987012987013
WETE,2023,35,2023-08-28,201.2987012987013
WETE,2023,36,2023-09-04,201.2987012987013
WETE,2023,37,2023-09-11,201.2987012987013
WETE,2023,38,2023-09-18,201.2987012987013
WETE,2023,39,2023-09-25,201.2987012987013
WETE,2023,40,2023-10-02,201.2987012987013
WETE,2023,41,2023-10-09,201.2987012987013
WETE,2023,42,2023-10-16,201.2987012987013
WETE,2023,43,2023-10-23,201.2987012987013
WETE,2023,44,2023-10-30,201.2987012987013
WETE,2023,45,2023-11-06,201.2987012987013
WETE,2023,46,2023-11-13,201.2987012987013
WETE,2023,47,2023-11-20,201.2987012987013
WETE,2023,48,2023-11-27,201.2987012987013
WETE,2023,49,2023-12-04,201.2987012987013
WETE,2023,50,2023-12-11,201.2987012987013
WETE,2023,51,2023-12-18,201.2987012987013
WETE,2023,52,2023-12-25,201.2987012987013
WETE,2024,1,2024-01-01,201.2987012987013
WETE,2024,2,2024-01-08,201.2987012987013
WETE,2024,3,2024-01-15,201.2987012987013
WETE,2024,4,2024-01-22,201.2987012987013
WETE,2024,5,2024-01-29,201.2987012987013
WETE,2024,6,2024-02-05,201.2987012987013
WETE,2024,7,2024-02-12,201.2987012987013
WETE,2024,8,2024-02-19,201.2987012987013
WETE,2024,9,2024-02-26,201.2987012987013
WETE,2024,10,2024-03-04,201.2987012987013
WETE,2024,11,2024-03-11,201.2987012987013
WETE,2024,12,2024-03-18,201.2987012987013
WETE,2024,13,2024-03-25,201.2987012987013
WETE,2024,14,2024-04-01,201.2987012987013
WETE,2024,15,2024-04-08,201.2987012987013
WETE,2024,16,2024-04-15,201.2987012987013
WETE,2024,17,2024-04-22,201.2987012987013
WETE,2024,18,2024-04-29,201.2987012987013
WETE,2024,19,2024-05-06,201.2987012987013
WETE,2024,20,2024-05-13,201.2987012987013
WETE,2024,21,2024-05-20,201.2987012987013
WETE,2024,22,2024-05-27,201.2987012987013
WETE,2024,23,2024-06-03,201.2987012987013
WETE,2024,24,2024-06-10,201.2987012987013
WETE,2024,25,2024-06-17,201.2987012987013
WETE,2024,26,2024-06-24,201.2987012987013
WETE,2024,27,2024-07-01,201.2987012987013
WETE,2024,28,2024-07-08,201.2987012987013
WETE,2024,29,2024-07-15,201.2987012987013
WETE,2024,30,2024-07-22,201.2987012987013
WETE,2024,31,2024-07-29,201.2987012987013
WETE,2024,32,2024-08-05,201.2987012987013
WETE,2024,33,2024-08-12,201.2987012987013
WETE,2024,34,2024-08-19,201.2987012987013
WETE,2024,35,2024-08-26,201.2987012987013
WETE,2024,36,2024-09-02,201.2987012987013
WETE,2024,37,2024-09-09,201.2987012987013
WETE,2024,38,2024-09-16,201.2987012987013
WETE,2024,39,2024-09-23,201.2987012987013
WETE,2024,40,2024-09-30,201.2987012987013
WETE,2024,41,2024-10-07,201.2987012987013
WETE,2024,42,2024-10-14,201.2987012987013
WETE,2024,43,2024-10-21,201.2987012987013
WETE,2024,44,2024-10-28,201.2987012987013
WETE,2024,45,2024-11-04,201.2987012987013
WETE,2024,46,2024-11-11,201.2987012987013
WETE,2024,47,2024-11-18,201.2987012987013
WETE,2024,48,2024-11-25,201.2987012987013
WETE,2024,49,2024-12-02,201.2987012987013
WETE,2024,50,2024-12-09,201.2987012987013
WETE,2024,51,2024-12-16,201.2987012987013
WETE,2024,52,2024-12-23,201.2987012987013
WETE,2024,1,2024-12-30,201.2987012987013
MICHEWENI,2018,1,2018-01-01,144.53896103896102
MICHEWENI,2018,2,2018-01-08,144.53896103896102
MICHEWENI,2018,3,2018-01-15,144.53896103896102
MICHEWENI,2018,4,2018-01-22,144.53896103896102
MICHEWENI,2018,5,2018-01-29,144.53896103896102
MICHEWENI,2018,6,2018-02-05,144.53896103896102
MICHEWENI,2018,7,2018-02-12,144.53896103896102
MICHEWENI,2018,8,2018-02-19,144.53896103896102
MICHEWENI,2018,9,2018-02-26,144.53896103896102
MICHEWENI,2018,10,2018-03-05,144.53896103896102
MICHEWENI,2018,11,2018-03-12,144.53896103896102
MICHEWENI,2018,12,2018-03-19,144.53896103896102
MICHEWENI,2018,13,2018-03-26,144.53896103896102
MICHEWENI,2018,14,2018-04-02,144.53896103896102
MICHEWENI,2018,15,2018-04-09,144.53896103896102
MICHEWENI,2018,16,2018-04-16,144.53896103896102
MICHEWENI,2018,17,2018-04-23,144.53896103896102
MICHEWENI,2018,18,2018-04-30,144.53896103896102
MICHEWENI,2018,19,2018-05-07,144.53896103896102
MICHEWENI,2018,20,2018-05-14,144.53896103896102
MICHEWENI,2018,21,2018-05-21,144.53896103896102
MICHEWENI,2018,22,2018-05-28,144.53896103896102
MICHEWENI,2018,23,2018-06-04,144.53896103896102
MICHEWENI,2018,24,2018-06-11,144.53896103896102
MICHEWENI,2018,25,2018-06-18,144.53896103896102
MICHEWENI,2018,26,2018-06-25,144.53896103896102
MICHEWENI,2018,27,2018-07-02,144.53896103896102
MICHEWENI,2018,28,2018-07-09,144.53896103896102
MICHEWENI,2018,29,2018-07-16,144.53896103896102
MICHEWENI,2018,30,2018-07-23,144.53896103896102
MICHEWENI,2018,31,2018-07-30,144.53896103896102
MICHEWENI,2018,32,2018-08-06,144.53896103896102
MICHEWENI,2018,33,2018-08-13,144.53896103896102
MICHEWENI,2018,34,2018-08-20,144.53896103896102
MICHEWENI,2018,35,2018-08-27,144.53896103896102
MICHEWENI,2018,36,2018-09-03,144.53896103896102
MICHEWENI,2018,37,2018-09-10,144.53896103896102
MICHEWENI,2018,38,2018-09-17,144.53896103896102
MICHEWENI,2018,39,2018-09-24,144.53896103896102
MICHEWENI,2018,40,2018-10-01,144.53896103896102
MICHEWENI,2018,41,2018-10-08,144.53896103896102
MICHEWENI,2018,42,2018-10-15,144.53896103896102
MICHEWENI,2018,43,2018-10-22,144.53896103896102
MICHEWENI,2018,44,2018-10-29,144.53896103896102
MICHEWENI,2018,45,2018-11-05,144.53896103896102
MICHEWENI,2018,46,2018-11-12,144.53896103896102
MICHEWENI,2018,47,2018-11-19,144.53896103896102
MICHEWENI,2018,48,2018-11-26,144.53896103896102
MICHEWENI,2018,49,2018-12-03,144.53896103896102
MICHEWENI,2018,50,2018-12-10,144.53896103896102
MICHEWENI,2018,51,2018-12-17,144.53896103896102
MICHEWENI,2018,52,2018-12-24,144.53896103896102
MICHEWENI,2018,1,2018-12-31,144.53896103896102
MICHEWENI,2019,2,2019-01-07,325.0373376623377
MICHEWENI,2019,3,2019-01-14,325.0373376623377
MICHEWENI,2019,4,2019-01-21,325.0373376623377
MICHEWENI,2019,5,2019-01-28,325.0373376623377
MICHEWENI,2019,6,2019-02-04,325.0373376623377
MICHEWENI,2019,7,2019-02-11,325.0373376623377
MICHEWENI,2019,8,2019-02-18,325.0373376623377
MICHEWENI,2019,9,2019-02-25,325.0373376623377
MICHEWENI,2019,10,2019-03-04,325.0373376623377
MICHEWENI,2019,11,2019-03-11,325.0373376623377
MICHEWENI,2019,12,2019-03-18,325.0373376623377
MICHEWENI,2019,13,2019-03-25,325.0373376623377
MICHEWENI,2019,14,2019-04-01,325.0373376623377
MICHEWENI,2019,15,2019-04-08,325.0373376623377
MICHEWENI,2019,16,2019-04-15,325.0373376623377
MICHEWENI,2019,17,2019-04-22,325.0373376623377
MICHEWENI,2019,18,2019-04-29,325.0373376623377
MICHEWENI,2019,19,2019-05-06,325.0373376623377
MICHEWENI,2019,20,2019-05-13,325.0373376623377
MICHEWENI,2019,21,2019-05-20,325.0373376623377
MICHEWENI,2019,22,2019-05-27,325.0373376623377
MICHEWENI,2019,23,2019-06-03,325.0373376623377
MICHEWENI,2019,24,2019-06-10,325.0373376623377
MICHEWENI,2019,25,2019-06-17,325.0373376623377
MICHEWENI,2019,26,2019-06-24,325.0373376623377
MICHEWENI,2019,27,2019-07-01,325.0373376623377
MICHEWENI,2019,28,2019-07-08,325.0373376623377
MICHEWENI,2019,29,2019-07-15,325.0373376623377
MICHEWENI,2019,30,2019-07-22,325.0373376623377
MICHEWENI,2019,31,2019-07-29,325.0373376623377
MICHEWENI,2019,32,2019-08-05,325.0373376623377
MICHEWENI,2019,33,2019-08-12,325.0373376623377
MICHEWENI,2019,34,2019-08-19,325.0373376623377
MICHEWENI,2019,35,2019-08-26,325.0373376623377
MICHEWENI,2019,36,2019-09-02,325.0373376623377
MICHEWENI,2019,37,2019-09-09,325.0373376623377
MICHEWENI,2019,38,2019-09-16,325.0373376623377
MICHEWENI,2019,39,2019-09-23,325.0373376623377
MICHEWENI,2019,40,2019-09-30,325.0373376623377
MICHEWENI,2019,41,2019-10-07,325.0373376623377
MICHEWENI,2019,42,2019-10-14,325.0373376623377
MICHEWENI,2019,43,2019-10-21,325.0373376623377
MICHEWENI,2019,44,2019-10-28,325.0373376623377
MICHEWENI,2019,45,2019-11-04,325.0373376623377
MICHEWENI,2019,46,2019-11-11,325.0373376623377
MICHEWENI,2019,47,2019-11-18,325.0373376623377
MICHEWENI,2019,48,2019-11-25,325.0373376623377
MICHEWENI,2019,49,2019-12-02,325.0373376623377
MICHEWENI,2019,50,2019-12-09,325.0373376623377
MICHEWENI,2019,51,2019-12-16,325.0373376623377
MICHEWENI,2019,52,2019-12-23,325.0373376623377
MICHEWENI,2019,1,2019-12-30,325.0373376623377
MICHEWENI,2020,2,2020-01-06,661.8977272727273
MICHEWENI,2020,3,2020-01-13,661.8977272727273
MICHEWENI,2020,4,2020-01-20,661.8977272727273
MICHEWENI,2020,5,2020-01-27,661.8977272727273
MICHEWENI,2020,6,2020-02-03,661.8977272727273
MICHEWENI,2020,7,2020-02-10,661.8977272727273
MICHEWENI,2020,8,2020-02-17,661.8977272727273
MICHEWENI,2020,9,2020-02-24,517.3587662337662
MICHEWENI,2020,10,2020-03-02,517.3587662337662
MICHEWENI,2020,11,2020-03-09,517.3587662337662
MICHEWENI,2020,12,2020-03-16,517.3587662337662
MICHEWENI,2020,13,2020-03-23,517.3587662337662
MICHEWENI,2020,14,2020-03-30,517.3587662337662
MICHEWENI,2020,15,2020-04-06,517.3587662337662
MICHEWENI,2020,16,2020-04-13,517.3587662337662
MICHEWENI,2020,17,2020-04-20,517.3587662337662
MICHEWENI,2020,18,2020-04-27,517.3587662337662
MICHEWENI,2020,19,2020-05-04,517.3587662337662
MICHEWENI,2020,20,2020-05-11,517.3587662337662
MICHEWENI,2020,21,2020-05-18,517.3587662337662
MICHEWENI,2020,22,2020-05-25,517.3587662337662
MICHEWENI,2020,23,2020-06-01,517.3587662337662
MICHEWENI,2020,24,2020-06-08,517.3587662337662
MICHEWENI,2020,25,2020-06-15,517.3587662337662
MICHEWENI,2020,26,2020-06-22,517.3587662337662
MICHEWENI,2020,27,2020-06-29,517.3587662337662
MICHEWENI,2020,28,2020-07-06,517.3587662337662
MICHEWENI,2020,29,2020-07-13,517.3587662337662
MICHEWENI,2020,30,2020-07-20,517.3587662337662
MICHEWENI,2020,31,2020-07-27,517.3587662337662
MICHEWENI,2020,32,2020-08-03,517.3587662337662
MICHEWENI,2020,33,2020-08-10,517.3587662337662
MICHEWENI,2020,34,2020-08-17,517.3587662337662
MICHEWENI,2020,35,2020-08-24,517.3587662337662
MICHEWENI,2020,36,2020-08-31,517.3587662337662
MICHEWENI,2020,37,2020-09-07,517.3587662337662
MICHEWENI,2020,38,2020-09-14,517.3587662337662
MICHEWENI,2020,39,2020-09-21,517.3587662337662
MICHEWENI,2020,40,2020-09-28,517.3587662337662
MICHEWENI,2020,41,2020-10-05,517.3587662337662
MICHEWENI,2020,42,2020-10-12,517.3587662337662
MICHEWENI,2020,43,2020-10-19,517.3587662337662
MICHEWENI,2020,44,2020-10-26,517.3587662337662
MICHEWENI,2020,45,2020-11-02,517.3587662337662
MICHEWENI,2020,46,2020-11-09,517.3587662337662
MICHEWENI,2020,47,2020-11-16,517.3587662337662
MICHEWENI,2020,48,2020-11-23,517.3587662337662
MICHEWENI,2020,49,2020-11-30,517.3587662337662
MICHEWENI,2020,50,2020-12-07,517.3587662337662
MICHEWENI,2020,51,2020-12-14,517.3587662337662
MICHEWENI,2020,52,2020-12-21,517.3587662337662
MICHEWENI,2020,53,2020-12-28,517.3587662337662
MICHEWENI,2021,1,2021-01-04,1230.2353896103896
MICHEWENI,2021,2,2021-01-11,1230.2353896103896
MICHEWENI,2021,3,2021-01-18,1230.2353896103896
MICHEWENI,2021,4,2021-01-25,1230.2353896103896
MICHEWENI,2021,5,2021-02-01,1230.2353896103896
MICHEWENI,2021,6,2021-02-08,1230.2353896103896
MICHEWENI,2021,7,2021-02-15,1230.2353896103896
MICHEWENI,2021,8,2021-02-22,1230.2353896103896
MICHEWENI,2021,9,2021-03-01,1049.737012987013
MICHEWENI,2021,10,2021-03-08,1049.737012987013
MICHEWENI,2021,11,2021-03-15,1049.737012987013
MICHEWENI,2021,12,2021-03-22,1049.737012987013
MICHEWENI,2021,13,2021-03-29,1049.737012987013
MICHEWENI,2021,14,2021-04-05,1049.737012987013
MICHEWENI,2021,15,2021-04-12,1049.737012987013
MICHEWENI,2021,16,2021-04-19,1049.737012987013
MICHEWENI,2021,17,2021-04-26,1049.737012987013
MICHEWENI,2021,18,2021-05-03,1049.737012987013
MICHEWENI,2021,19,2021-05-10,1049.737012987013
MICHEWENI,2021,20,2021-05-17,1049.737012987013
MICHEWENI,2021,21,2021-05-24,1049.737012987013
MICHEWENI,2021,22,2021-05-31,1049.737012987013
MICHEWENI,2021,23,2021-06-07,1049.737012987013
MICHEWENI,2021,24,2021-06-14,1049.737012987013
MICHEWENI,2021,25,2021-06-21,1049.737012987013
MICHEWENI,2021,26,2021-06-28,1049.737012987013
MICHEWENI,2021,27,2021-07-05,1049.737012987013
MICHEWENI,2021,28,2021-07-12,1049.737012987013
MICHEWENI,2021,29,2021-07-19,1049.737012987013
MICHEWENI,2021,30,2021-07-26,1049.737012987013
MICHEWENI,2021,31,2021-08-02,1049.737012987013
MICHEWENI,2021,32,2021-08-09,1049.737012987013
MICHEWENI,2021,33,2021-08-16,1049.737012987013
MICHEWENI,2021,34,2021-08-23,1049.737012987013
MICHEWENI,2021,35,2021-08-30,1049.737012987013
MICHEWENI,2021,36,2021-09-06,1049.737012987013
MICHEWENI,2021,37,2021-09-13,1049.737012987013
MICHEWENI,2021,38,2021-09-20,1049.737012987013
MICHEWENI,2021,39,2021-09-27,1049.737012987013
MICHEWENI,2021,40,2021-10-04,1049.737012987013
MICHEWENI,2021,41,2021-10-11,1049.737012987013
MICHEWENI,2021,42,2021-10-18,1049.737012987013
MICHEWENI,2021,43,2021-10-25,1049.737012987013
MICHEWENI,2021,44,2021-11-01,1049.737012987013
MICHEWENI,2021,45,2021-11-08,1049.737012987013
MICHEWENI,2021,46,2021-11-15,1049.737012987013
MICHEWENI,2021,47,2021-11-22,1049.737012987013
MICHEWENI,2021,48,2021-11-29,1049.737012987013
MICHEWENI,2021,49,2021-12-06,1049.737012987013
MICHEWENI,2021,50,2021-12-13,1049.737012987013
MICHEWENI,2021,51,2021-12-20,1049.737012987013
MICHEWENI,2021,52,2021-12-27,1049.737012987013
MICHEWENI,2022,1,2022-01-03,1049.737012987013
MICHEWENI,2022,2,2022-01-10,1049.737012987013
MICHEWENI,2022,3,2022-01-17,1049.737012987013
MICHEWENI,2022,4,2022-01-24,1049.737012987013
MICHEWENI,2022,5,2022-01-31,1049.737012987013
MICHEWENI,2022,6,2022-02-07,1049.737012987013
MICHEWENI,2022,7,2022-02-14,1049.737012987013
MICHEWENI,2022,8,2022-02-21,1049.737012987013
MICHEWENI,2022,9,2022-02-28,712.8766233766233
MICHEWENI,2022,10,2022-03-07,712.8766233766233
MICHEWENI,2022,11,2022-03-14,712.8766233766233
MICHEWENI,2022,12,2022-03-21,712.8766233766233
MICHEWENI,2022,13,2022-03-28,712.8766233766233
MICHEWENI,2022,14,2022-04-04,712.8766233766233
MICHEWENI,2022,15,2022-04-11,712.8766233766233
MICHEWENI,2022,16,2022-04-18,712.8766233766233
MICHEWENI,2022,17,2022-04-25,712.8766233766233
MICHEWENI,2022,18,2022-05-02,712.8766233766233
MICHEWENI,2022,19,2022-05-09,712.8766233766233
MICHEWENI,2022,20,2022-05-16,712.8766233766233
MICHEWENI,2022,21,2022-05-23,712.8766233766233
MICHEWENI,2022,22,2022-05-30,712.8766233766233
MICHEWENI,2022,23,2022-06-06,712.8766233766233
MICHEWENI,2022,24,2022-06-13,712.8766233766233
MICHEWENI,2022,25,2022-06-20,712.8766233766233
MICHEWENI,2022,26,2022-06-27,712.8766233766233
MICHEWENI,2022,27,2022-07-04,712.8766233766233
MICHEWENI,2022,28,2022-07-11,712.8766233766233
MICHEWENI,2022,29,2022-07-18,712.8766233766233
MICHEWENI,2022,30,2022-07-25,712.8766233766233
MICHEWENI,2022,31,2022-08-01,712.8766233766233
MICHEWENI,2022,32,2022-08-08,712.8766233766233
MICHEWENI,2022,33,2022-08-15,712.8766233766233
MICHEWENI,2022,34,2022-08-22,712.8766233766233
MICHEWENI,2022,35,2022-08-29,712.8766233766233
MICHEWENI,2022,36,2022-09-05,712.8766233766233
MICHEWENI,2022,37,2022-09-12,712.8766233766233
MICHEWENI,2022,38,2022-09-19,712.8766233766233
MICHEWENI,2022,39,2022-09-26,712.8766233766233
MICHEWENI,2022,40,2022-10-03,712.8766233766233
MICHEWENI,2022,41,2022-10-10,712.8766233766233
MICHEWENI,2022,42,2022-10-17,712.8766233766233
MICHEWENI,2022,43,2022-10-24,712.8766233766233
MICHEWENI,2022,44,2022-10-31,712.8766233766233
MICHEWENI,2022,45,2022-11-07,712.8766233766233
MICHEWENI,2022,46,2022-11-14,712.8766233766233
MICHEWENI,2022,47,2022-11-21,712.8766233766233
MICHEWENI,2022,48,2022-11-28,712.8766233766233
MICHEWENI,2022,49,2022-12-05,712.8766233766233
MICHEWENI,2022,50,2022-12-12,712.8766233766233
MICHEWENI,2022,51,2022-12-19,712.8766233766233
MICHEWENI,2022,52,2022-12-26,712.8766233766233
MICHEWENI,2023,1,2023-01-02,914.1753246753246
MICHEWENI,2023,2,2023-01-09,914.1753246753246
MICHEWENI,2023,3,2023-01-16,914.1753246753246
MICHEWENI,2023,4,2023-01-23,914.1753246753246
MICHEWENI,2023,5,2023-01-30,914.1753246753246
MICHEWENI,2023,6,2023-02-06,914.1753246753246
MICHEWENI,2023,7,2023-02-13,914.1753246753246
MICHEWENI,2023,8,2023-02-20,914.1753246753246
MICHEWENI,2023,9,2023-02-27,201.2987012987013
MICHEWENI,2023,10,2023-03-06,201.2987012987013
MICHEWENI,2023,11,2023-03-13,201.2987012987013
MICHEWENI,2023,12,2023-03-20,201.2987012987013
MICHEWENI,2023,13,2023-03-27,201.2987012987013
MICHEWENI,2023,14,2023-04-03,201.2987012987013
MICHEWENI,2023,15,2023-04-10,201.2987012987013
MICHEWENI,2023,16,2023-04-17,201.2987012987013
MICHEWENI,2023,17,2023-04-24,201.2987012987013
MICHEWENI,2023,18,2023-05-01,201.2987012987013
MICHEWENI,2023,19,2023-05-08,201.2987012987013
MICHEWENI,2023,20,2023-05-15,201.2987012987013
MICHEWENI,2023,21,2023-05-22,201.2987012987013
MICHEWENI,2023,22,2023-05-29,201.2987012987013
MICHEWENI,2023,23,2023-06-05,201.2987012987013
MICHEWENI,2023,24,2023-06-12,201.2987012987013
MICHEWENI,2023,25,2023-06-19,201.2987012987013
MICHEWENI,2023,26,2023-06-26,201.2987012987013
MICHEWENI,2023,27,2023-07-03,201.2987012987013
MICHEWENI,2023,28,2023-07-10,201.2987012987013
MICHEWENI,2023,29,2023-07-17,201.2987012987013
MICHEWENI,2023,30,2023-07-24,201.2987012987013
MICHEWENI,2023,31,2023-07-31,201.2987012987013
MICHEWENI,2023,32,2023-08-07,201.2987012987013
MICHEWENI,2023,33,2023-08-14,201.2987012987013
MICHEWENI,2023,34,2023-08-21,201.2987012987013
MICHEWENI,2023,35,2023-08-28,201.2987012987013
MICHEWENI,2023,36,2023-09-04,201.2987012987013
MICHEWENI,2023,37,2023-09-11,201.2987012987013
MICHEWENI,2023,38,2023-09-18,201.2987012987013
MICHEWENI,2023,39,2023-09-25,201.2987012987013
MICHEWENI,2023,40,2023-10-02,201.2987012987013
MICHEWENI,2023,41,2023-10-09,201.2987012987013
MICHEWENI,2023,42,2023-10-16,201.2987012987013
MICHEWENI,2023,43,2023-10-23,201.2987012987013
MICHEWENI,2023,44,2023-10-30,201.2987012987013
MICHEWENI,2023,45,2023-11-06,201.2987012987013
MICHEWENI,2023,46,2023-11-13,201.2987012987013
MICHEWENI,2023,47,2023-11-20,201.2987012987013
MICHEWENI,2023,48,2023-11-27,201.2987012987013
MICHEWENI,2023,49,2023-12-04,201.2987012987013
MICHEWENI,2023,50,2023-12-11,201.2987012987013
MICHEWENI,2023,51,2023-12-18,201.2987012987013
MICHEWENI,2023,52,2023-12-25,201.2987012987013
MICHEWENI,2024,1,2024-01-01,201.2987012987013
MICHEWENI,2024,2,2024-01-08,201.2987012987013
MICHEWENI,2024,3,2024-01-15,201.2987012987013
MICHEWENI,2024,4,2024-01-22,201.2987012987013
MICHEWENI,2024,5,2024-01-29,201.2987012987013
MICHEWENI,2024,6,2024-02-05,201.2987012987013
MICHEWENI,2024,7,2024-02-12,201.2987012987013
MICHEWENI,2024,8,2024-02-19,201.2987012987013
MICHEWENI,2024,9,2024-02-26,201.2987012987013
MICHEWENI,2024,10,2024-03-04,201.2987012987013
MICHEWENI,2024,11,2024-03-11,201.2987012987013
MICHEWENI,2024,12,2024-03-18,201.2987012987013
MICHEWENI,2024,13,2024-03-25,201.2987012987013
MICHEWENI,2024,14,2024-04-01,201.2987012987013
MICHEWENI,2024,15,2024-04-08,201.2987012987013
MICHEWENI,2024,16,2024-04-15,201.2987012987013
MICHEWENI,2024,17,2024-04-22,201.2987012987013
MICHEWENI,2024,18,2024-04-29,201.2987012987013
MICHEWENI,2024,19,2024-05-06,201.2987012987013
MICHEWENI,2024,20,2024-05-13,201.2987012987013
MICHEWENI,2024,21,2024-05-20,201.2987012987013
MICHEWENI,2024,22,2024-05-27,201.2987012987013
MICHEWENI,2024,23,2024-06-03,201.2987012987013
MICHEWENI,2024,24,2024-06-10,201.2987012987013
MICHEWENI,2024,25,2024-06-17,201.2987012987013
MICHEWENI,2024,26,2024-06-24,201.2987012987013
MICHEWENI,2024,27,2024-07-01,201.2987012987013
MICHEWENI,2024,28,2024-07-08,201.2987012987013
MICHEWENI,2024,29,2024-07-15,201.2987012987013
MICHEWENI,2024,30,2024-07-22,201.2987012987013
MICHEWENI,2024,31,2024-07-29,201.2987012987013
MICHEWENI,2024,32,2024-08-05,201.2987012987013
MICHEWENI,2024,33,2024-08-12,201.2987012987013
MICHEWENI,2024,34,2024-08-19,201.2987012987013
MICHEWENI,2024,35,2024-08-26,201.2987012987013
MICHEWENI,2024,36,2024-09-02,201.2987012987013
MICHEWENI,2024,37,2024-09-09,201.2987012987013
MICHEWENI,2024,38,2024-09-16,201.2987012987013
MICHEWENI,2024,39,2024-09-23,201.2987012987013
MICHEWENI,2024,40,2024-09-30,201.2987012987013
MICHEWENI,2024,41,2024-10-07,201.2987012987013
MICHEWENI,2024,42,2024-10-14,201.2987012987013
MICHEWENI,2024,43,2024-10-21,201.2987012987013
MICHEWENI,2024,44,2024-10-28,201.2987012987013
MICHEWENI,2024,45,2024-11-04,201.2987012987013
MICHEWENI,2024,46,2024-11-11,201.2987012987013
MICHEWENI,2024,47,2024-11-18,201.2987012987013
MICHEWENI,2024,48,2024-11-25,201.2987012987013
MICHEWENI,2024,49,2024-12-02,201.2987012987013
MICHEWENI,2024,50,2024-12-09,201.2987012987013
MICHEWENI,2024,51,2024-12-16,201.2987012987013
MICHEWENI,2024,52,2024-12-23,201.2987012987013
MICHEWENI,2024,1,2024-12-30,201.2987012987013
CHAKE-CHAKE,2018,1,2018-01-01,144.53896103896102
CHAKE-CHAKE,2018,2,2018-01-08,144.53896103896102
CHAKE-CHAKE,2018,3,2018-01-15,144.53896103896102
CHAKE-CHAKE,2018,4,2018-01-22,144.53896103896102
CHAKE-CHAKE,2018,5,2018-01-29,144.53896103896102
CHAKE-CHAKE,2018,6,2018-02-05,144.53896103896102
CHAKE-CHAKE,2018,7,2018-02-12,144.53896103896102
CHAKE-CHAKE,2018,8,2018-02-19,144.53896103896102
CHAKE-CHAKE,2018,9,2018-02-26,144.53896103896102
CHAKE-CHAKE,2018,10,2018-03-05,144.53896103896102
CHAKE-CHAKE,2018,11,2018-03-12,144.53896103896102
CHAKE-CHAKE,2018,12,2018-03-19,144.53896103896102
CHAKE-CHAKE,2018,13,2018-03-26,144.53896103896102
CHAKE-CHAKE,2018,14,2018-04-02,144.53896103896102
CHAKE-CHAKE,2018,15,2018-04-09,144.53896103896102
CHAKE-CHAKE,2018,16,2018-04-16,144.53896103896102
CHAKE-CHAKE,2018,17,2018-04-23,144.53896103896102
CHAKE-CHAKE,2018,18,2018-04-30,144.53896103896102
CHAKE-CHAKE,2018,19,2018-05-07,144.53896103896102
CHAKE-CHAKE,2018,20,2018-05-14,144.53896103896102
CHAKE-CHAKE,2018,21,2018-05-21,144.53896103896102
CHAKE-CHAKE,2018,22,2018-05-28,144.53896103896102
CHAKE-CHAKE,2018,23,2018-06-04,144.53896103896102
CHAKE-CHAKE,2018,24,2018-06-11,144.53896103896102
CHAKE-CHAKE,2018,25,2018-06-18,144.53896103896102
CHAKE-CHAKE,2018,26,2018-06-25,144.53896103896102
CHAKE-CHAKE,2018,27,2018-07-02,144.53896103896102
CHAKE-CHAKE,2018,28,2018-07-09,144.53896103896102
CHAKE-CHAKE,2018,29,2018-07-16,144.53896103896102
CHAKE-CHAKE,2018,30,2018-07-23,144.53896103896102
CHAKE-CHAKE,2018,31,2018-07-30,144.53896103896102
CHAKE-CHAKE,2018,32,2018-08-06,144.53896103896102
CHAKE-CHAKE,2018,33,2018-08-13,144.53896103896102
CHAKE-CHAKE,2018,34,2018-08-20,144.53896103896102
CHAKE-CHAKE,2018,35,2018-08-27,144.53896103896102
CHAKE-CHAKE,2018,36,2018-09-03,144.53896103896102
CHAKE-CHAKE,2018,37,2018-09-10,144.53896103896102
CHAKE-CHAKE,2018,38,2018-09-17,144.53896103896102
CHAKE-CHAKE,2018,39,2018-09-24,144.53896103896102
CHAKE-CHAKE,2018,40,2018-10-01,144.53896103896102
CHAKE-CHAKE,2018,41,2018-10-08,144.53896103896102
CHAKE-CHAKE,2018,42,2018-10-15,144.53896103896102
CHAKE-CHAKE,2018,43,2018-10-22,144.53896103896102
CHAKE-CHAKE,2018,44,2018-10-29,144.53896103896102
CHAKE-CHAKE,2018,45,2018-11-05,144.53896103896102
CHAKE-CHAKE,2018,46,2018-11-12,144.53896103896102
CHAKE-CHAKE,2018,47,2018-11-19,144.53896103896102
CHAKE-CHAKE,2018,48,2018-11-26,144.53896103896102
CHAKE-CHAKE,2018,49,2018-12-03,144.53896103896102
CHAKE-CHAKE,2018,50,2018-12-10,144.53896103896102
CHAKE-CHAKE,2018,51,2018-12-17,144.53896103896102
CHAKE-CHAKE,2018,52,2018-12-24,144.53896103896102
CHAKE-CHAKE,2018,1,2018-12-31,144.53896103896102
CHAKE-CHAKE,2019,2,2019-01-07,325.0373376623377
CHAKE-CHAKE,2019,3,2019-01-14,325.0373376623377
CHAKE-CHAKE,2019,4,2019-01-21,325.0373376623377
CHAKE-CHAKE,2019,5,2019-01-28,325.0373376623377
CHAKE-CHAKE,2019,6,2019-02-04,325.0373376623377
CHAKE-CHAKE,2019,7,2019-02-11,325.0373376623377
CHAKE-CHAKE,2019,8,2019-02-18,325.0373376623377
CHAKE-CHAKE,2019,9,2019-02-25,325.0373376623377
CHAKE-CHAKE,2019,10,2019-03-04,325.0373376623377
CHAKE-CHAKE,2019,11,2019-03-11,325.0373376623377
CHAKE-CHAKE,2019,12,2019-03-18,325.0373376623377
CHAKE-CHAKE,2019,13,2019-03-25,325.0373376623377
CHAKE-CHAKE,2019,14,2019-04-01,325.0373376623377
CHAKE-CHAKE,2019,15,2019-04-08,325.0373376623377
CHAKE-CHAKE,2019,16,2019-04-15,325.0373376623377
CHAKE-CHAKE,2019,17,2019-04-22,325.0373376623377
CHAKE-CHAKE,2019,18,2019-04-29,325.0373376623377
CHAKE-CHAKE,2019,19,2019-05-06,325.0373376623377
CHAKE-CHAKE,2019,20,2019-05-13,325.0373376623377
CHAKE-CHAKE,2019,21,2019-05-20,325.0373376623377
CHAKE-CHAKE,2019,22,2019-05-27,325.0373376623377
CHAKE-CHAKE,2019,23,2019-06-03,325.0373376623377
CHAKE-CHAKE,2019,24,2019-06-10,325.0373376623377
CHAKE-CHAKE,2019,25,2019-06-17,325.0373376623377
CHAKE-CHAKE,2019,26,2019-06-24,325.0373376623377
CHAKE-CHAKE,2019,27,2019-07-01,325.0373376623377
CHAKE-CHAKE,2019,28,2019-07-08,325.0373376623377
CHAKE-CHAKE,2019,29,2019-07-15,325.0373376623377
CHAKE-CHAKE,2019,30,2019-07-22,325.0373376623377
CHAKE-CHAKE,2019,31,2019-07-29,325.0373376623377
CHAKE-CHAKE,2019,32,2019-08-05,325.0373376623377
CHAKE-CHAKE,2019,33,2019-08-12,325.0373376623377
CHAKE-CHAKE,2019,34,2019-08-19,325.0373376623377
CHAKE-CHAKE,2019,35,2019-08-26,325.0373376623377
CHAKE-CHAKE,2019,36,2019-09-02,325.0373376623377
CHAKE-CHAKE,2019,37,2019-09-09,325.0373376623377
CHAKE-CHAKE,2019,38,2019-09-16,325.0373376623377
CHAKE-CHAKE,2019,39,2019-09-23,325.0373376623377
CHAKE-CHAKE,2019,40,2019-09-30,325.0373376623377
CHAKE-CHAKE,2019,41,2019-10-07,325.0373376623377
CHAKE-CHAKE,2019,42,2019-10-14,325.0373376623377
CHAKE-CHAKE,2019,43,2019-10-21,325.0373376623377
CHAKE-CHAKE,2019,44,2019-10-28,325.0373376623377
CHAKE-CHAKE,2019,45,2019-11-04,325.0373376623377
CHAKE-CHAKE,2019,46,2019-11-11,325.0373376623377
CHAKE-CHAKE,2019,47,2019-11-18,325.0373376623377
CHAKE-CHAKE,2019,48,2019-11-25,325.0373376623377
CHAKE-CHAKE,2019,49,2019-12-02,325.0373376623377
CHAKE-CHAKE,2019,50,2019-12-09,325.0373376623377
CHAKE-CHAKE,2019,51,2019-12-16,325.0373376623377
CHAKE-CHAKE,2019,52,2019-12-23,325.0373376623377
CHAKE-CHAKE,2019,1,2019-12-30,325.0373376623377
CHAKE-CHAKE,2020,2,2020-01-06,661.8977272727273
CHAKE-CHAKE,2020,3,2020-01-13,661.8977272727273
CHAKE-CHAKE,2020,4,2020-01-20,661.8977272727273
CHAKE-CHAKE,2020,5,2020-01-27,661.8977272727273
CHAKE-CHAKE,2020,6,2020-02-03,661.8977272727273
CHAKE-CHAKE,2020,7,2020-02-10,661.8977272727273
CHAKE-CHAKE,2020,8,2020-02-17,661.8977272727273
CHAKE-CHAKE,2020,9,2020-02-24,517.3587662337662
CHAKE-CHAKE,2020,10,2020-03-02,517.3587662337662
CHAKE-CHAKE,2020,11,2020-03-09,517.3587662337662
CHAKE-CHAKE,2020,12,2020-03-16,517.3587662337662
CHAKE-CHAKE,2020,13,2020-03-23,517.3587662337662
CHAKE-CHAKE,2020,14,2020-03-30,517.3587662337662
CHAKE-CHAKE,2020,15,2020-04-06,517.3587662337662
CHAKE-CHAKE,2020,16,2020-04-13,517.3587662337662
CHAKE-CHAKE,2020,17,2020-04-20,517.3587662337662
CHAKE-CHAKE,2020,18,2020-04-27,517.3587662337662
CHAKE-CHAKE,2020,19,2020-05-04,517.3587662337662
CHAKE-CHAKE,2020,20,2020-05-11,517.3587662337662
CHAKE-CHAKE,2020,21,2020-05-18,517.3587662337662
CHAKE-CHAKE,2020,22,2020-05-25,517.3587662337662
CHAKE-CHAKE,2020,23,2020-06-01,517.3587662337662
CHAKE-CHAKE,2020,24,2020-06-08,517.3587662337662
CHAKE-CHAKE,2020,25,2020-06-15,517.3587662337662
CHAKE-CHAKE,2020,26,2020-06-22,517.3587662337662
CHAKE-CHAKE,2020,27,2020-06-29,517.3587662337662
CHAKE-CHAKE,2020,28,2020-07-06,517.3587662337662
CHAKE-CHAKE,2020,29,2020-07-13,517.3587662337662
CHAKE-CHAKE,2020,30,2020-07-20,517.3587662337662
CHAKE-CHAKE,2020,31,2020-07-27,517.3587662337662
CHAKE-CHAKE,2020,32,2020-08-03,517.3587662337662
CHAKE-CHAKE,2020,33,2020-08-10,517.3587662337662
CHAKE-CHAKE,2020,34,2020-08-17,517.3587662337662
CHAKE-CHAKE,2020,35,2020-08-24,517.3587662337662
CHAKE-CHAKE,2020,36,2020-08-31,517.3587662337662
CHAKE-CHAKE,2020,37,2020-09-07,517.3587662337662
CHAKE-CHAKE,2020,38,2020-09-14,517.3587662337662
CHAKE-CHAKE,2020,39,2020-09-21,517.3587662337662
CHAKE-CHAKE,2020,40,2020-09-28,517.3587662337662
CHAKE-CHAKE,2020,41,2020-10-05,517.3587662337662
CHAKE-CHAKE,2020,42,2020-10-12,517.3587662337662
CHAKE-CHAKE,2020,43,2020-10-19,517.3587662337662
CHAKE-CHAKE,2020,44,2020-10-26,517.3587662337662
CHAKE-CHAKE,2020,45,2020-11-02,517.3587662337662
CHAKE-CHAKE,2020,46,2020-11-09,517.3587662337662
CHAKE-CHAKE,2020,47,2020-11-16,517.3587662337662
CHAKE-CHAKE,2020,48,2020-11-23,517.3587662337662
CHAKE-CHAKE,2020,49,2020-11-30,517.3587662337662
CHAKE-CHAKE,2020,50,2020-12-07,517.3587662337662
CHAKE-CHAKE,2020,51,2020-12-14,517.3587662337662
CHAKE-CHAKE,2020,52,2020-12-21,517.3587662337662
CHAKE-CHAKE,2020,53,2020-12-28,517.3587662337662
CHAKE-CHAKE,2021,1,2021-01-04,1230.2353896103896
CHAKE-CHAKE,2021,2,2021-01-11,1230.2353896103896
CHAKE-CHAKE,2021,3,2021-01-18,1230.2353896103896
CHAKE-CHAKE,2021,4,2021-01-25,1230.2353896103896
CHAKE-CHAKE,2021,5,2021-02-01,1230.2353896103896
CHAKE-CHAKE,2021,6,2021-02-08,1230.2353896103896
CHAKE-CHAKE,2021,7,2021-02-15,1230.2353896103896
CHAKE-CHAKE,2021,8,2021-02-22,1230.2353896103896
CHAKE-CHAKE,2021,9,2021-03-01,1049.737012987013
CHAKE-CHAKE,2021,10,2021-03-08,1049.737012987013
CHAKE-CHAKE,2021,11,2021-03-15,1049.737012987013
CHAKE-CHAKE,2021,12,2021-03-22,1049.737012987013
CHAKE-CHAKE,2021,13,2021-03-29,1049.737012987013
CHAKE-CHAKE,2021,14,2021-04-05,1049.737012987013
CHAKE-CHAKE,2021,15,2021-04-12,1049.737012987013
CHAKE-CHAKE,2021,16,2021-04-19,1049.737012987013
CHAKE-CHAKE,2021,17,2021-04-26,1049.737012987013
CHAKE-CHAKE,2021,18,2021-05-03,1049.737012987013
CHAKE-CHAKE,2021,19,2021-05-10,1049.737012987013
CHAKE-CHAKE,2021,20,2021-05-17,1049.737012987013
CHAKE-CHAKE,2021,21,2021-05-24,1049.737012987013
CHAKE-CHAKE,2021,22,2021-05-31,1049.737012987013
CHAKE-CHAKE,2021,23,2021-06-07,1049.737012987013
CHAKE-CHAKE,2021,24,2021-06-14,1049.737012987013
CHAKE-CHAKE,2021,25,2021-06-21,1049.737012987013
CHAKE-CHAKE,2021,26,2021-06-28,1049.737012987013
CHAKE-CHAKE,2021,27,2021-07-05,1049.737012987013
CHAKE-CHAKE,2021,28,2021-07-12,1049.737012987013
CHAKE-CHAKE,2021,29,2021-07-19,1049.737012987013
CHAKE-CHAKE,2021,30,2021-07-26,1049.737012987013
CHAKE-CHAKE,2021,31,2021-08-02,1049.737012987013
CHAKE-CHAKE,2021,32,2021-08-09,1049.737012987013
CHAKE-CHAKE,2021,33,2021-08-16,1049.737012987013
CHAKE-CHAKE,2021,34,2021-08-23,1049.737012987013
CHAKE-CHAKE,2021,35,2021-08-30,1049.737012987013
CHAKE-CHAKE,2021,36,2021-09-06,1049.737012987013
CHAKE-CHAKE,2021,37,2021-09-13,1049.737012987013
CHAKE-CHAKE,2021,38,2021-09-20,1049.737012987013
CHAKE-CHAKE,2021,39,2021-09-27,1049.737012987013
CHAKE-CHAKE,2021,40,2021-10-04,1049.737012987013
CHAKE-CHAKE,2021,41,2021-10-11,1049.737012987013
CHAKE-CHAKE,2021,42,2021-10-18,1049.737012987013
CHAKE-CHAKE,2021,43,2021-10-25,1049.737012987013
CHAKE-CHAKE,2021,44,2021-11-01,1049.737012987013
CHAKE-CHAKE,2021,45,2021-11-08,1049.737012987013
CHAKE-CHAKE,2021,46,2021-11-15,1049.737012987013
CHAKE-CHAKE,2021,47,2021-11-22,1049.737012987013
CHAKE-CHAKE,2021,48,2021-11-29,1049.737012987013
CHAKE-CHAKE,2021,49,2021-12-06,1049.737012987013
CHAKE-CHAKE,2021,50,2021-12-13,1049.737012987013
CHAKE-CHAKE,2021,51,2021-12-20,1049.737012987013
CHAKE-CHAKE,2021,52,2021-12-27,1049.737012987013
CHAKE-CHAKE,2022,1,2022-01-03,1049.737012987013
CHAKE-CHAKE,2022,2,2022-01-10,1049.737012987013
CHAKE-CHAKE,2022,3,2022-01-17,1049.737012987013
CHAKE-CHAKE,2022,4,2022-01-24,1049.737012987013
CHAKE-CHAKE,2022,5,2022-01-31,1049.737012987013
CHAKE-CHAKE,2022,6,2022-02-07,1049.737012987013
CHAKE-CHAKE,2022,7,2022-02-14,1049.737012987013
CHAKE-CHAKE,2022,8,2022-02-21,1049.737012987013
CHAKE-CHAKE,2022,9,2022-02-28,712.8766233766233
CHAKE-CHAKE,2022,10,2022-03-07,712.8766233766233
CHAKE-CHAKE,2022,11,2022-03-14,712.8766233766233
CHAKE-CHAKE,2022,12,2022-03-21,712.8766233766233
CHAKE-CHAKE,2022,13,2022-03-28,712.8766233766233
CHAKE-CHAKE,2022,14,2022-04-04,712.8766233766233
CHAKE-CHAKE,2022,15,2022-04-11,712.8766233766233
CHAKE-CHAKE,2022,16,2022-04-18,712.8766233766233
CHAKE-CHAKE,2022,17,2022-04-25,712.8766233766233
CHAKE-CHAKE,2022,18,2022-05-02,712.8766233766233
CHAKE-CHAKE,2022,19,2022-05-09,712.8766233766233
CHAKE-CHAKE,2022,20,2022-05-16,712.8766233766233
CHAKE-CHAKE,2022,21,2022-05-23,712.8766233766233
CHAKE-CHAKE,2022,22,2022-05-30,712.8766233766233
CHAKE-CHAKE,2022,23,2022-06-06,712.8766233766233
CHAKE-CHAKE,2022,24,2022-06-13,712.8766233766233
CHAKE-CHAKE,2022,25,2022-06-20,712.8766233766233
CHAKE-CHAKE,2022,26,2022-06-27,712.8766233766233
CHAKE-CHAKE,2022,27,2022-07-04,712.8766233766233
CHAKE-CHAKE,2022,28,2022-07-11,712.8766233766233
CHAKE-CHAKE,2022,29,2022-07-18,712.8766233766233
CHAKE-CHAKE,2022,30,2022-07-25,712.8766233766233
CHAKE-CHAKE,2022,31,2022-08-01,712.8766233766233
CHAKE-CHAKE,2022,32,2022-08-08,712.8766233766233
CHAKE-CHAKE,2022,33,2022-08-15,712.8766233766233
CHAKE-CHAKE,2022,34,2022-08-22,712.8766233766233
CHAKE-CHAKE,2022,35,2022-08-29,712.8766233766233
CHAKE-CHAKE,2022,36,2022-09-05,712.8766233766233
CHAKE-CHAKE,2022,37,2022-09-12,712.8766233766233
CHAKE-CHAKE,2022,38,2022-09-19,712.8766233766233
CHAKE-CHAKE,2022,39,2022-09-26,712.8766233766233
CHAKE-CHAKE,2022,40,2022-10-03,712.8766233766233
CHAKE-CHAKE,2022,41,2022-10-10,712.8766233766233
CHAKE-CHAKE,2022,42,2022-10-17,712.8766233766233
CHAKE-CHAKE,2022,43,2022-10-24,712.8766233766233
CHAKE-CHAKE,2022,44,2022-10-31,712.8766233766233
CHAKE-CHAKE,2022,45,2022-11-07,712.8766233766233
CHAKE-CHAKE,2022,46,2022-11-14,712.8766233766233
CHAKE-CHAKE,2022,47,2022-11-21,712.8766233766233
CHAKE-CHAKE,2022,48,2022-11-28,712.8766233766233
CHAKE-CHAKE,2022,49,2022-12-05,712.8766233766233
CHAKE-CHAKE,2022,50,2022-12-12,712.8766233766233
CHAKE-CHAKE,2022,51,2022-12-19,712.8766233766233
CHAKE-CHAKE,2022,52,2022-12-26,712.8766233766233
CHAKE-CHAKE,2023,1,2023-01-02,914.1753246753246
CHAKE-CHAKE,2023,2,2023-01-09,914.1753246753246
CHAKE-CHAKE,2023,3,2023-01-16,914.1753246753246
CHAKE-CHAKE,2023,4,2023-01-23,914.1753246753246
CHAKE-CHAKE,2023,5,2023-01-30,914.1753246753246
CHAKE-CHAKE,2023,6,2023-02-06,914.1753246753246
CHAKE-CHAKE,2023,7,2023-02-13,914.1753246753246
CHAKE-CHAKE,2023,8,2023-02-20,914.1753246753246
CHAKE-CHAKE,2023,9,2023-02-27,201.2987012987013
CHAKE-CHAKE,2023,10,2023-03-06,201.2987012987013
CHAKE-CHAKE,2023,11,2023-03-13,201.2987012987013
CHAKE-CHAKE,2023,12,2023-03-20,201.2987012987013
CHAKE-CHAKE,2023,13,2023-03-27,201.2987012987013
CHAKE-CHAKE,2023,14,2023-04-03,201.2987012987013
CHAKE-CHAKE,2023,15,2023-04-10,201.2987012987013
CHAKE-CHAKE,2023,16,2023-04-17,201.2987012987013
CHAKE-CHAKE,2023,17,2023-04-24,201.2987012987013
CHAKE-CHAKE,2023,18,2023-05-01,201.2987012987013
CHAKE-CHAKE,2023,19,2023-05-08,201.2987012987013
CHAKE-CHAKE,2023,20,2023-05-15,201.2987012987013
CHAKE-CHAKE,2023,21,2023-05-22,201.2987012987013
CHAKE-CHAKE,2023,22,2023-05-29,201.2987012987013
CHAKE-CHAKE,2023,23,2023-06-05,201.2987012987013
CHAKE-CHAKE,2023,24,2023-06-12,201.2987012987013
CHAKE-CHAKE,2023,25,2023-06-19,201.2987012987013
CHAKE-CHAKE,2023,26,2023-06-26,201.2987012987013
CHAKE-CHAKE,2023,27,2023-07-03,201.2987012987013
CHAKE-CHAKE,2023,28,2023-07-10,201.2987012987013
CHAKE-CHAKE,2023,29,2023-07-17,201.2987012987013
CHAKE-CHAKE,2023,30,2023-07-24,201.2987012987013
CHAKE-CHAKE,2023,31,2023-07-31,201.2987012987013
CHAKE-CHAKE,2023,32,2023-08-07,201.2987012987013
CHAKE-CHAKE,2023,33,2023-08-14,201.2987012987013
CHAKE-CHAKE,2023,34,2023-08-21,201.2987012987013
CHAKE-CHAKE,2023,35,2023-08-28,201.2987012987013
CHAKE-CHAKE,2023,36,2023-09-04,201.2987012987013
CHAKE-CHAKE,2023,37,2023-09-11,201.2987012987013
CHAKE-CHAKE,2023,38,2023-09-18,201.2987012987013
CHAKE-CHAKE,2023,39,2023-09-25,201.2987012987013
CHAKE-CHAKE,2023,40,2023-10-02,201.2987012987013
CHAKE-CHAKE,2023,41,2023-10-09,201.2987012987013
CHAKE-CHAKE,2023,42,2023-10-16,201.2987012987013
CHAKE-CHAKE,2023,43,2023-10-23,201.2987012987013
CHAKE-CHAKE,2023,44,2023-10-30,201.2987012987013
CHAKE-CHAKE,2023,45,2023-11-06,201.2987012987013
CHAKE-CHAKE,2023,46,2023-11-13,201.2987012987013
CHAKE-CHAKE,2023,47,2023-11-20,201.2987012987013
CHAKE-CHAKE,2023,48,2023-11-27,201.2987012987013
CHAKE-CHAKE,2023,49,2023-12-04,201.2987012987013
CHAKE-CHAKE,2023,50,2023-12-11,201.2987012987013
CHAKE-CHAKE,2023,51,2023-12-18,201.2987012987013
CHAKE-CHAKE,2023,52,2023-12-25,201.2987012987013
CHAKE-CHAKE,2024,1,2024-01-01,201.2987012987013
CHAKE-CHAKE,2024,2,2024-01-08,201.2987012987013
CHAKE-CHAKE,2024,3,2024-01-15,201.2987012987013
CHAKE-CHAKE,2024,4,2024-01-22,201.2987012987013
CHAKE-CHAKE,2024,5,2024-01-29,201.2987012987013
CHAKE-CHAKE,2024,6,2024-02-05,201.2987012987013
CHAKE-CHAKE,2024,7,2024-02-12,201.2987012987013
CHAKE-CHAKE,2024,8,2024-02-19,201.2987012987013
CHAKE-CHAKE,2024,9,2024-02-26,201.2987012987013
CHAKE-CHAKE,2024,10,2024-03-04,201.2987012987013
CHAKE-CHAKE,2024,11,2024-03-11,201.2987012987013
CHAKE-CHAKE,2024,12,2024-03-18,201.2987012987013
CHAKE-CHAKE,2024,13,2024-03-25,201.2987012987013
CHAKE-CHAKE,2024,14,2024-04-01,201.2987012987013
CHAKE-CHAKE,2024,15,2024-04-08,201.2987012987013
CHAKE-CHAKE,2024,16,2024-04-15,201.2987012987013
CHAKE-CHAKE,2024,17,2024-04-22,201.2987012987013
CHAKE-CHAKE,2024,18,2024-04-29,201.2987012987013
CHAKE-CHAKE,2024,19,2024-05-06,201.2987012987013
CHAKE-CHAKE,2024,20,2024-05-13,201.2987012987013
CHAKE-CHAKE,2024,21,2024-05-20,201.2987012987013
CHAKE-CHAKE,2024,22,2024-05-27,201.2987012987013
CHAKE-CHAKE,2024,23,2024-06-03,201.2987012987013
CHAKE-CHAKE,2024,24,2024-06-10,201.2987012987013
CHAKE-CHAKE,2024,25,2024-06-17,201.2987012987013
CHAKE-CHAKE,2024,26,2024-06-24,201.2987012987013
CHAKE-CHAKE,2024,27,2024-07-01,201.2987012987013
CHAKE-CHAKE,2024,28,2024-07-08,201.2987012987013
CHAKE-CHAKE,2024,29,2024-07-15,201.2987012987013
CHAKE-CHAKE,2024,30,2024-07-22,201.2987012987013
CHAKE-CHAKE,2024,31,2024-07-29,201.2987012987013
CHAKE-CHAKE,2024,32,2024-08-05,201.2987012987013
CHAKE-CHAKE,2024,33,2024-08-12,201.2987012987013
CHAKE-CHAKE,2024,34,2024-08-19,201.2987012987013
CHAKE-CHAKE,2024,35,2024-08-26,201.2987012987013
CHAKE-CHAKE,2024,36,2024-09-02,201.2987012987013
CHAKE-CHAKE,2024,37,2024-09-09,201.2987012987013
CHAKE-CHAKE,2024,38,2024-09-16,201.2987012987013
CHAKE-CHAKE,2024,39,2024-09-23,201.2987012987013
CHAKE-CHAKE,2024,40,2024-09-30,201.2987012987013
CHAKE-CHAKE,2024,41,2024-10-07,201.2987012987013
CHAKE-CHAKE,2024,42,2024-10-14,201.2987012987013
CHAKE-CHAKE,2024,43,2024-10-21,201.2987012987013
CHAKE-CHAKE,2024,44,2024-10-28,201.2987012987013
CHAKE-CHAKE,2024,45,2024-11-04,201.2987012987013
CHAKE-CHAKE,2024,46,2024-11-11,201.2987012987013
CHAKE-CHAKE,2024,47,2024-11-18,201.2987012987013
CHAKE-CHAKE,2024,48,2024-11-25,201.2987012987013
CHAKE-CHAKE,2024,49,2024-12-02,201.2987012987013
CHAKE-CHAKE,2024,50,2024-12-09,201.2987012987013
CHAKE-CHAKE,2024,51,2024-12-16,201.2987012987013
CHAKE-CHAKE,2024,52,2024-12-23,201.2987012987013
CHAKE-CHAKE,2024,1,2024-12-30,201.2987012987013
MKOANI,2018,1,2018-01-01,144.53896103896102
MKOANI,2018,2,2018-01-08,144.53896103896102
MKOANI,2018,3,2018-01-15,144.53896103896102
MKOANI,2018,4,2018-01-22,144.53896103896102
MKOANI,2018,5,2018-01-29,144.53896103896102
MKOANI,2018,6,2018-02-05,144.53896103896102
MKOANI,2018,7,2018-02-12,144.53896103896102
MKOANI,2018,8,2018-02-19,144.53896103896102
MKOANI,2018,9,2018-02-26,144.53896103896102
MKOANI,2018,10,2018-03-05,144.53896103896102
MKOANI,2018,11,2018-03-12,144.53896103896102
MKOANI,2018,12,2018-03-19,144.53896103896102
MKOANI,2018,13,2018-03-26,144.53896103896102
MKOANI,2018,14,2018-04-02,144.53896103896102
MKOANI,2018,15,2018-04-09,144.53896103896102
MKOANI,2018,16,2018-04-16,144.53896103896102
MKOANI,2018,17,2018-04-23,144.53896103896102
MKOANI,2018,18,2018-04-30,144.53896103896102
MKOANI,2018,19,2018-05-07,144.53896103896102
MKOANI,2018,20,2018-05-14,144.53896103896102
MKOANI,2018,21,2018-05-21,144.53896103896102
MKOANI,2018,22,2018-05-28,144.53896103896102
MKOANI,2018,23,2018-06-04,144.53896103896102
MKOANI,2018,24,2018-06-11,144.53896103896102
MKOANI,2018,25,2018-06-18,144.53896103896102
MKOANI,2018,26,2018-06-25,144.53896103896102
MKOANI,2018,27,2018-07-02,144.53896103896102
MKOANI,2018,28,2018-07-09,144.53896103896102
MKOANI,2018,29,2018-07-16,144.53896103896102
MKOANI,2018,30,2018-07-23,144.53896103896102
MKOANI,2018,31,2018-07-30,144.53896103896102
MKOANI,2018,32,2018-08-06,144.53896103896102
MKOANI,2018,33,2018-08-13,144.53896103896102
MKOANI,2018,34,2018-08-20,144.53896103896102
MKOANI,2018,35,2018-08-27,144.53896103896102
MKOANI,2018,36,2018-09-03,144.53896103896102
MKOANI,2018,37,2018-09-10,144.53896103896102
MKOANI,2018,38,2018-09-17,144.53896103896102
MKOANI,2018,39,2018-09-24,144.53896103896102
MKOANI,2018,40,2018-10-01,144.53896103896102
MKOANI,2018,41,2018-10-08,144.53896103896102
MKOANI,2018,42,2018-10-15,144.53896103896102
MKOANI,2018,43,2018-10-22,144.53896103896102
MKOANI,2018,44,2018-10-29,144.53896103896102
MKOANI,2018,45,2018-11-05,144.53896103896102
MKOANI,2018,46,2018-11-12,144.53896103896102
MKOANI,2018,47,2018-11-19,144.53896103896102
MKOANI,2018,48,2018-11-26,144.53896103896102
MKOANI,2018,49,2018-12-03,144.53896103896102
MKOANI,2018,50,2018-12-10,144.53896103896102
MKOANI,2018,51,2018-12-17,144.53896103896102
MKOANI,2018,52,2018-12-24,144.53896103896102
MKOANI,2018,1,2018-12-31,144.53896103896102
MKOANI,2019,2,2019-01-07,325.0373376623377
MKOANI,2019,3,2019-01-14,325.0373376623377
MKOANI,2019,4,2019-01-21,325.0373376623377
MKOANI,2019,5,2019-01-28,325.0373376623377
MKOANI,2019,6,2019-02-04,325.0373376623377
MKOANI,2019,7,2019-02-11,325.0373376623377
MKOANI,2019,8,2019-02-18,325.0373376623377
MKOANI,2019,9,2019-02-25,325.0373376623377
MKOANI,2019,10,2019-03-04,325.0373376623377
MKOANI,2019,11,2019-03-11,325.0373376623377
MKOANI,2019,12,2019-03-18,325.0373376623377
MKOANI,2019,13,2019-03-25,325.0373376623377
MKOANI,2019,14,2019-04-01,325.0373376623377
MKOANI,2019,15,2019-04-08,325.0373376623377
MKOANI,2019,16,2019-04-15,325.0373376623377
MKOANI,2019,17,2019-04-22,325.0373376623377
MKOANI,2019,18,2019-04-29,325.0373376623377
MKOANI,2019,19,2019-05-06,325.0373376623377
MKOANI,2019,20,2019-05-13,325.0373376623377
MKOANI,2019,21,2019-05-20,325.0373376623377
MKOANI,2019,22,2019-05-27,325.0373376623377
MKOANI,2019,23,2019-06-03,325.0373376623377
MKOANI,2019,24,2019-06-10,325.0373376623377
MKOANI,2019,25,2019-06-17,325.0373376623377
MKOANI,2019,26,2019-06-24,325.0373376623377
MKOANI,2019,27,2019-07-01,325.0373376623377
MKOANI,2019,28,2019-07-08,325.0373376623377
MKOANI,2019,29,2019-07-15,325.0373376623377
MKOANI,2019,30,2019-07-22,325.0373376623377
MKOANI,2019,31,2019-07-29,325.0373376623377
MKOANI,2019,32,2019-08-05,325.0373376623377
MKOANI,2019,33,2019-08-12,325.0373376623377
MKOANI,2019,34,2019-08-19,325.0373376623377
MKOANI,2019,35,2019-08-26,325.0373376623377
MKOANI,2019,36,2019-09-02,325.0373376623377
MKOANI,2019,37,2019-09-09,325.0373376623377
MKOANI,2019,38,2019-09-16,325.0373376623377
MKOANI,2019,39,2019-09-23,325.0373376623377
MKOANI,2019,40,2019-09-30,325.0373376623377
MKOANI,2019,41,2019-10-07,325.0373376623377
MKOANI,2019,42,2019-10-14,325.0373376623377
MKOANI,2019,43,2019-10-21,325.0373376623377
MKOANI,2019,44,2019-10-28,325.0373376623377
MKOANI,2019,45,2019-11-04,325.0373376623377
MKOANI,2019,46,2019-11-11,325.0373376623377
MKOANI,2019,47,2019-11-18,325.0373376623377
MKOANI,2019,48,2019-11-25,325.0373376623377
MKOANI,2019,49,2019-12-02,325.0373376623377
MKOANI,2019,50,2019-12-09,325.0373376623377
MKOANI,2019,51,2019-12-16,325.0373376623377
MKOANI,2019,52,2019-12-23,325.0373376623377
MKOANI,2019,1,2019-12-30,325.0373376623377
MKOANI,2020,2,2020-01-06,661.8977272727273
MKOANI,2020,3,2020-01-13,661.8977272727273
MKOANI,2020,4,2020-01-20,661.8977272727273
MKOANI,2020,5,2020-01-27,661.8977272727273
MKOANI,2020,6,2020-02-03,661.8977272727273
MKOANI,2020,7,2020-02-10,661.8977272727273
MKOANI,2020,8,2020-02-17,661.8977272727273
MKOANI,2020,9,2020-02-24,517.3587662337662
MKOANI,2020,10,2020-03-02,517.3587662337662
MKOANI,2020,11,2020-03-09,517.3587662337662
MKOANI,2020,12,2020-03-16,517.3587662337662
MKOANI,2020,13,2020-03-23,517.3587662337662
MKOANI,2020,14,2020-03-30,517.3587662337662
MKOANI,2020,15,2020-04-06,517.3587662337662
MKOANI,2020,16,2020-04-13,517.3587662337662
MKOANI,2020,17,2020-04-20,517.3587662337662
MKOANI,2020,18,2020-04-27,517.3587662337662
MKOANI,2020,19,2020-05-04,517.3587662337662
MKOANI,2020,20,2020-05-11,517.3587662337662
MKOANI,2020,21,2020-05-18,517.3587662337662
MKOANI,2020,22,2020-05-25,517.3587662337662
MKOANI,2020,23,2020-06-01,517.3587662337662
MKOANI,2020,24,2020-06-08,517.3587662337662
MKOANI,2020,25,2020-06-15,517.3587662337662
MKOANI,2020,26,2020-06-22,517.3587662337662
MKOANI,2020,27,2020-06-29,517.3587662337662
MKOANI,2020,28,2020-07-06,517.3587662337662
MKOANI,2020,29,2020-07-13,517.3587662337662
MKOANI,2020,30,2020-07-20,517.3587662337662
MKOANI,2020,31,2020-07-27,517.3587662337662
MKOANI,2020,32,2020-08-03,517.3587662337662
MKOANI,2020,33,2020-08-10,517.3587662337662
MKOANI,2020,34,2020-08-17,517.3587662337662
MKOANI,2020,35,2020-08-24,517.3587662337662
MKOANI,2020,36,2020-08-31,517.3587662337662
MKOANI,2020,37,2020-09-07,517.3587662337662
MKOANI,2020,38,2020-09-14,517.3587662337662
MKOANI,2020,39,2020-09-21,517.3587662337662
MKOANI,2020,40,2020-09-28,517.3587662337662
MKOANI,2020,41,2020-10-05,517.3587662337662
MKOANI,2020,42,2020-10-12,517.3587662337662
MKOANI,2020,43,2020-10-19,517.3587662337662
MKOANI,2020,44,2020-10-26,517.3587662337662
MKOANI,2020,45,2020-11-02,517.3587662337662
MKOANI,2020,46,2020-11-09,517.3587662337662
MKOANI,2020,47,2020-11-16,517.3587662337662
MKOANI,2020,48,2020-11-23,517.3587662337662
MKOANI,2020,49,2020-11-30,517.3587662337662
MKOANI,2020,50,2020-12-07,517.3587662337662
MKOANI,2020,51,2020-12-14,517.3587662337662
MKOANI,2020,52,2020-12-21,517.3587662337662
MKOANI,2020,53,2020-12-28,517.3587662337662
MKOANI,2021,1,2021-01-04,1230.2353896103896
MKOANI,2021,2,2021-01-11,1230.2353896103896
MKOANI,2021,3,2021-01-18,1230.2353896103896
MKOANI,2021,4,2021-01-25,1230.2353896103896
MKOANI,2021,5,2021-02-01,1230.2353896103896
MKOANI,2021,6,2021-02-08,1230.2353896103896
MKOANI,2021,7,2021-02-15,1230.2353896103896
MKOANI,2021,8,2021-02-22,1230.2353896103896
MKOANI,2021,9,2021-03-01,1049.737012987013
MKOANI,2021,10,2021-03-08,1049.737012987013
MKOANI,2021,11,2021-03-15,1049.737012987013
MKOANI,2021,12,2021-03-22,1049.737012987013
MKOANI,2021,13,2021-03-29,1049.737012987013
MKOANI,2021,14,2021-04-05,1049.737012987013
MKOANI,2021,15,2021-04-12,1049.737012987013
MKOANI,2021,16,2021-04-19,1049.737012987013
MKOANI,2021,17,2021-04-26,1049.737012987013
MKOANI,2021,18,2021-05-03,1049.737012987013
MKOANI,2021,19,2021-05-10,1049.737012987013
MKOANI,2021,20,2021-05-17,1049.737012987013
MKOANI,2021,21,2021-05-24,1049.737012987013
MKOANI,2021,22,2021-05-31,1049.737012987013
MKOANI,2021,23,2021-06-07,1049.737012987013
MKOANI,2021,24,2021-06-14,1049.737012987013
MKOANI,2021,25,2021-06-21,1049.737012987013
MKOANI,2021,26,2021-06-28,1049.737012987013
MKOANI,2021,27,2021-07-05,1049.737012987013
MKOANI,2021,28,2021-07-12,1049.737012987013
MKOANI,2021,29,2021-07-19,1049.737012987013
MKOANI,2021,30,2021-07-26,1049.737012987013
MKOANI,2021,31,2021-08-02,1049.737012987013
MKOANI,2021,32,2021-08-09,1049.737012987013
MKOANI,2021,33,2021-08-16,1049.737012987013
MKOANI,2021,34,2021-08-23,1049.737012987013
MKOANI,2021,35,2021-08-30,1049.737012987013
MKOANI,2021,36,2021-09-06,1049.737012987013
MKOANI,2021,37,2021-09-13,1049.737012987013
MKOANI,2021,38,2021-09-20,1049.737012987013
MKOANI,2021,39,2021-09-27,1049.737012987013
MKOANI,2021,40,2021-10-04,1049.737012987013
MKOANI,2021,41,2021-10-11,1049.737012987013
MKOANI,2021,42,2021-10-18,1049.737012987013
MKOANI,2021,43,2021-10-25,1049.737012987013
MKOANI,2021,44,2021-11-01,1049.737012987013
MKOANI,2021,45,2021-11-08,1049.737012987013
MKOANI,2021,46,2021-11-15,1049.737012987013
MKOANI,2021,47,2021-11-22,1049.737012987013
MKOANI,2021,48,2021-11-29,1049.737012987013
MKOANI,2021,49,2021-12-06,1049.737012987013
MKOANI,2021,50,2021-12-13,1049.737012987013
MKOANI,2021,51,2021-12-20,1049.737012987013
MKOANI,2021,52,2021-12-27,1049.737012987013
MKOANI,2022,1,2022-01-03,1049.737012987013
MKOANI,2022,2,2022-01-10,1049.737012987013
MKOANI,2022,3,2022-01-17,1049.737012987013
MKOANI,2022,4,2022-01-24,1049.737012987013
MKOANI,2022,5,2022-01-31,1049.737012987013
MKOANI,2022,6,2022-02-07,1049.737012987013
MKOANI,2022,7,2022-02-14,1049.737012987013
MKOANI,2022,8,2022-02-21,1049.737012987013
MKOANI,2022,9,2022-02-28,712.8766233766233
MKOANI,2022,10,2022-03-07,712.8766233766233
MKOANI,2022,11,2022-03-14,712.8766233766233
MKOANI,2022,12,2022-03-21,712.8766233766233
MKOANI,2022,13,2022-03-28,712.8766233766233
MKOANI,2022,14,2022-04-04,712.8766233766233
MKOANI,2022,15,2022-04-11,712.8766233766233
MKOANI,2022,16,2022-04-18,712.8766233766233
MKOANI,2022,17,2022-04-25,712.8766233766233
MKOANI,2022,18,2022-05-02,712.8766233766233
MKOANI,2022,19,2022-05-09,712.8766233766233
MKOANI,2022,20,2022-05-16,712.8766233766233
MKOANI,2022,21,2022-05-23,712.8766233766233
MKOANI,2022,22,2022-05-30,712.8766233766233
MKOANI,2022,23,2022-06-06,712.8766233766233
MKOANI,2022,24,2022-06-13,712.8766233766233
MKOANI,2022,25,2022-06-20,712.8766233766233
MKOANI,2022,26,2022-06-27,712.8766233766233
MKOANI,2022,27,2022-07-04,712.8766233766233
MKOANI,2022,28,2022-07-11,712.8766233766233
MKOANI,2022,29,2022-07-18,712.8766233766233
MKOANI,2022,30,2022-07-25,712.8766233766233
MKOANI,2022,31,2022-08-01,712.8766233766233
MKOANI,2022,32,2022-08-08,712.8766233766233
MKOANI,2022,33,2022-08-15,712.8766233766233
MKOANI,2022,34,2022-08-22,712.8766233766233
MKOANI,2022,35,2022-08-29,712.8766233766233
MKOANI,2022,36,2022-09-05,712.8766233766233
MKOANI,2022,37,2022-09-12,712.8766233766233
MKOANI,2022,38,2022-09-19,712.8766233766233
MKOANI,2022,39,2022-09-26,712.8766233766233
MKOANI,2022,40,2022-10-03,712.8766233766233
MKOANI,2022,41,2022-10-10,712.8766233766233
MKOANI,2022,42,2022-10-17,712.8766233766233
MKOANI,2022,43,2022-10-24,712.8766233766233
MKOANI,2022,44,2022-10-31,712.8766233766233
MKOANI,2022,45,2022-11-07,712.8766233766233
MKOANI,2022,46,2022-11-14,712.8766233766233
MKOANI,2022,47,2022-11-21,712.8766233766233
MKOANI,2022,48,2022-11-28,712.8766233766233
MKOANI,2022,49,2022-12-05,712.8766233766233
MKOANI,2022,50,2022-12-12,712.8766233766233
MKOANI,2022,51,2022-12-19,712.8766233766233
MKOANI,2022,52,2022-12-26,712.8766233766233
MKOANI,2023,1,2023-01-02,914.1753246753246
MKOANI,2023,2,2023-01-09,914.1753246753246
MKOANI,2023,3,2023-01-16,914.1753246753246
MKOANI,2023,4,2023-01-23,914.1753246753246
MKOANI,2023,5,2023-01-30,914.1753246753246
MKOANI,2023,6,2023-02-06,914.1753246753246
MKOANI,2023,7,2023-02-13,914.1753246753246
MKOANI,2023,8,2023-02-20,914.1753246753246
MKOANI,2023,9,2023-02-27,201.2987012987013
MKOANI,2023,10,2023-03-06,201.2987012987013
MKOANI,2023,11,2023-03-13,201.2987012987013
MKOANI,2023,12,2023-03-20,201.2987012987013
MKOANI,2023,13,2023-03-27,201.2987012987013
MKOANI,2023,14,2023-04-03,201.2987012987013
MKOANI,2023,15,2023-04-10,201.2987012987013
MKOANI,2023,16,2023-04-17,201.2987012987013
MKOANI,2023,17,2023-04-24,201.2987012987013
MKOANI,2023,18,2023-05-01,201.2987012987013
MKOANI,2023,19,2023-05-08,201.2987012987013
MKOANI,2023,20,2023-05-15,201.2987012987013
MKOANI,2023,21,2023-05-22,201.2987012987013
MKOANI,2023,22,2023-05-29,201.2987012987013
MKOANI,2023,23,2023-06-05,201.2987012987013
MKOANI,2023,24,2023-06-12,201.2987012987013
MKOANI,2023,25,2023-06-19,201.2987012987013
MKOANI,2023,26,2023-06-26,201.2987012987013
MKOANI,2023,27,2023-07-03,201.2987012987013
MKOANI,2023,28,2023-07-10,201.2987012987013
MKOANI,2023,29,2023-07-17,201.2987012987013
MKOANI,2023,30,2023-07-24,201.2987012987013
MKOANI,2023,31,2023-07-31,201.2987012987013
MKOANI,2023,32,2023-08-07,201.2987012987013
MKOANI,2023,33,2023-08-14,201.2987012987013
MKOANI,2023,34,2023-08-21,201.2987012987013
MKOANI,2023,35,2023-08-28,201.2987012987013
MKOANI,2023,36,2023-09-04,201.2987012987013
MKOANI,2023,37,2023-09-11,201.2987012987013
MKOANI,2023,38,2023-09-18,201.2987012987013
MKOANI,2023,39,2023-09-25,201.2987012987013
MKOANI,2023,40,2023-10-02,201.2987012987013
MKOANI,2023,41,2023-10-09,201.2987012987013
MKOANI,2023,42,2023-10-16,201.2987012987013
MKOANI,2023,43,2023-10-23,201.2987012987013
MKOANI,2023,44,2023-10-30,201.2987012987013
MKOANI,2023,45,2023-11-06,201.2987012987013
MKOANI,2023,46,2023-11-13,201.2987012987013
MKOANI,2023,47,2023-11-20,201.2987012987013
MKOANI,2023,48,2023-11-27,201.2987012987013
MKOANI,2023,49,2023-12-04,201.2987012987013
MKOANI,2023,50,2023-12-11,201.2987012987013
MKOANI,2023,51,2023-12-18,201.2987012987013
MKOANI,2023,52,2023-12-25,201.2987012987013
MKOANI,2024,1,2024-01-01,201.2987012987013
MKOANI,2024,2,2024-01-08,201.2987012987013
MKOANI,2024,3,2024-01-15,201.2987012987013
MKOANI,2024,4,2024-01-22,201.2987012987013
MKOANI,2024,5,2024-01-29,201.2987012987013
MKOANI,2024,6,2024-02-05,201.2987012987013
MKOANI,2024,7,2024-02-12,201.2987012987013
MKOANI,2024,8,2024-02-19,201.2987012987013
MKOANI,2024,9,2024-02-26,201.2987012987013
MKOANI,2024,10,2024-03-04,201.2987012987013
MKOANI,2024,11,2024-03-11,201.2987012987013
MKOANI,2024,12,2024-03-18,201.2987012987013
MKOANI,2024,13,2024-03-25,201.2987012987013
MKOANI,2024,14,2024-04-01,201.2987012987013
MKOANI,2024,15,2024-04-08,201.2987012987013
MKOANI,2024,16,2024-04-15,201.2987012987013
MKOANI,2024,17,2024-04-22,201.2987012987013
MKOANI,2024,18,2024-04-29,201.2987012987013
MKOANI,2024,19,2024-05-06,201.2987012987013
MKOANI,2024,20,2024-05-13,201.2987012987013
MKOANI,2024,21,2024-05-20,201.2987012987013
MKOANI,2024,22,2024-05-27,201.2987012987013
MKOANI,2024,23,2024-06-03,201.2987012987013
MKOANI,2024,24,2024-06-10,201.2987012987013
MKOANI,2024,25,2024-06-17,201.2987012987013
MKOANI,2024,26,2024-06-24,201.2987012987013
MKOANI,2024,27,2024-07-01,201.2987012987013
MKOANI,2024,28,2024-07-08,201.2987012987013
MKOANI,2024,29,2024-07-15,201.2987012987013
MKOANI,2024,30,2024-07-22,201.2987012987013
MKOANI,2024,31,2024-07-29,201.2987012987013
MKOANI,2024,32,2024-08-05,201.2987012987013
MKOANI,2024,33,2024-08-12,201.2987012987013
MKOANI,2024,34,2024-08-19,201.2987012987013
MKOANI,2024,35,2024-08-26,201.2987012987013
MKOANI,2024,36,2024-09-02,201.2987012987013
MKOANI,2024,37,2024-09-09,201.2987012987013
MKOANI,2024,38,2024-09-16,201.2987012987013
MKOANI,2024,39,2024-09-23,201.2987012987013
MKOANI,2024,40,2024-09-30,201.2987012987013
MKOANI,2024,41,2024-10-07,201.2987012987013
MKOANI,2024,42,2024-10-14,201.2987012987013
MKOANI,2024,43,2024-10-21,201.2987012987013
MKOANI,2024,44,2024-10-28,201.2987012987013
MKOANI,2024,45,2024-11-04,201.2987012987013
MKOANI,2024,46,2024-11-11,201.2987012987013
MKOANI,2024,47,2024-11-18,201.2987012987013
MKOANI,2024,48,2024-11-25,201.2987012987013
MKOANI,2024,49,2024-12-02,201.2987012987013
MKOANI,2024,50,2024-12-09,201.2987012987013
MKOANI,2024,51,2024-12-16,201.2987012987013
MKOANI,2024,52,2024-12-23,201.2987012987013
MKOANI,2024,1,2024-12-30,201.2987012987013
MAGHARIBI  B,2018,1,2018-01-01,144.53896103896102
MAGHARIBI  B,2018,2,2018-01-08,144.53896103896102
MAGHARIBI  B,2018,3,2018-01-15,144.53896103896102
MAGHARIBI  B,2018,4,2018-01-22,144.53896103896102
MAGHARIBI  B,2018,5,2018-01-29,144.53896103896102
MAGHARIBI  B,2018,6,2018-02-05,144.53896103896102
MAGHARIBI  B,2018,7,2018-02-12,144.53896103896102
MAGHARIBI  B,2018,8,2018-02-19,144.53896103896102
MAGHARIBI  B,2018,9,2018-02-26,144.53896103896102
MAGHARIBI  B,2018,10,2018-03-05,144.53896103896102
MAGHARIBI  B,2018,11,2018-03-12,144.53896103896102
MAGHARIBI  B,2018,12,2018-03-19,144.53896103896102
MAGHARIBI  B,2018,13,2018-03-26,144.53896103896102
MAGHARIBI  B,2018,14,2018-04-02,144.53896103896102
MAGHARIBI  B,2018,15,2018-04-09,144.53896103896102
MAGHARIBI  B,2018,16,2018-04-16,144.53896103896102
MAGHARIBI  B,2018,17,2018-04-23,144.53896103896102
MAGHARIBI  B,2018,18,2018-04-30,144.53896103896102
MAGHARIBI  B,2018,19,2018-05-07,144.53896103896102
MAGHARIBI  B,2018,20,2018-05-14,144.53896103896102
MAGHARIBI  B,2018,21,2018-05-21,144.53896103896102
MAGHARIBI  B,2018,22,2018-05-28,144.53896103896102
MAGHARIBI  B,2018,23,2018-06-04,144.53896103896102
MAGHARIBI  B,2018,24,2018-06-11,144.53896103896102
MAGHARIBI  B,2018,25,2018-06-18,144.53896103896102
MAGHARIBI  B,2018,26,2018-06-25,144.53896103896102
MAGHARIBI  B,2018,27,2018-07-02,144.53896103896102
MAGHARIBI  B,2018,28,2018-07-09,144.53896103896102
MAGHARIBI  B,2018,29,2018-07-16,144.53896103896102
MAGHARIBI  B,2018,30,2018-07-23,144.53896103896102
MAGHARIBI  B,2018,31,2018-07-30,144.53896103896102
MAGHARIBI  B,2018,32,2018-08-06,144.53896103896102
MAGHARIBI  B,2018,33,2018-08-13,144.53896103896102
MAGHARIBI  B,2018,34,2018-08-20,144.53896103896102
MAGHARIBI  B,2018,35,2018-08-27,144.53896103896102
MAGHARIBI  B,2018,36,2018-09-03,144.53896103896102
MAGHARIBI  B,2018,37,2018-09-10,144.53896103896102
MAGHARIBI  B,2018,38,2018-09-17,144.53896103896102
MAGHARIBI  B,2018,39,2018-09-24,144.53896103896102
MAGHARIBI  B,2018,40,2018-10-01,144.53896103896102
MAGHARIBI  B,2018,41,2018-10-08,144.53896103896102
MAGHARIBI  B,2018,42,2018-10-15,144.53896103896102
MAGHARIBI  B,2018,43,2018-10-22,144.53896103896102
MAGHARIBI  B,2018,44,2018-10-29,144.53896103896102
MAGHARIBI  B,2018,45,2018-11-05,144.53896103896102
MAGHARIBI  B,2018,46,2018-11-12,144.53896103896102
MAGHARIBI  B,2018,47,2018-11-19,144.53896103896102
MAGHARIBI  B,2018,48,2018-11-26,144.53896103896102
MAGHARIBI  B,2018,49,2018-12-03,144.53896103896102
MAGHARIBI  B,2018,50,2018-12-10,144.53896103896102
MAGHARIBI  B,2018,51,2018-12-17,144.53896103896102
MAGHARIBI  B,2018,52,2018-12-24,144.53896103896102
MAGHARIBI  B,2018,1,2018-12-31,144.53896103896102
MAGHARIBI  B,2019,2,2019-01-07,325.0373376623377
MAGHARIBI  B,2019,3,2019-01-14,325.0373376623377
MAGHARIBI  B,2019,4,2019-01-21,325.0373376623377
MAGHARIBI  B,2019,5,2019-01-28,325.0373376623377
MAGHARIBI  B,2019,6,2019-02-04,325.0373376623377
MAGHARIBI  B,2019,7,2019-02-11,325.0373376623377
MAGHARIBI  B,2019,8,2019-02-18,325.0373376623377
MAGHARIBI  B,2019,9,2019-02-25,325.0373376623377
MAGHARIBI  B,2019,10,2019-03-04,325.0373376623377
MAGHARIBI  B,2019,11,2019-03-11,325.0373376623377
MAGHARIBI  B,2019,12,2019-03-18,325.0373376623377
MAGHARIBI  B,2019,13,2019-03-25,325.0373376623377
MAGHARIBI  B,2019,14,2019-04-01,325.0373376623377
MAGHARIBI  B,2019,15,2019-04-08,325.0373376623377
MAGHARIBI  B,2019,16,2019-04-15,325.0373376623377
MAGHARIBI  B,2019,17,2019-04-22,325.0373376623377
MAGHARIBI  B,2019,18,2019-04-29,325.0373376623377
MAGHARIBI  B,2019,19,2019-05-06,325.0373376623377
MAGHARIBI  B,2019,20,2019-05-13,325.0373376623377
MAGHARIBI  B,2019,21,2019-05-20,325.0373376623377
MAGHARIBI  B,2019,22,2019-05-27,325.0373376623377
MAGHARIBI  B,2019,23,2019-06-03,325.0373376623377
MAGHARIBI  B,2019,24,2019-06-10,325.0373376623377
MAGHARIBI  B,2019,25,2019-06-17,325.0373376623377
MAGHARIBI  B,2019,26,2019-06-24,325.0373376623377
MAGHARIBI  B,2019,27,2019-07-01,325.0373376623377
MAGHARIBI  B,2019,28,2019-07-08,325.0373376623377
MAGHARIBI  B,2019,29,2019-07-15,325.0373376623377
MAGHARIBI  B,2019,30,2019-07-22,325.0373376623377
MAGHARIBI  B,2019,31,2019-07-29,325.0373376623377
MAGHARIBI  B,2019,32,2019-08-05,325.0373376623377
MAGHARIBI  B,2019,33,2019-08-12,325.0373376623377
MAGHARIBI  B,2019,34,2019-08-19,325.0373376623377
MAGHARIBI  B,2019,35,2019-08-26,325.0373376623377
MAGHARIBI  B,2019,36,2019-09-02,325.0373376623377
MAGHARIBI  B,2019,37,2019-09-09,325.0373376623377
MAGHARIBI  B,2019,38,2019-09-16,325.0373376623377
MAGHARIBI  B,2019,39,2019-09-23,325.0373376623377
MAGHARIBI  B,2019,40,2019-09-30,325.0373376623377
MAGHARIBI  B,2019,41,2019-10-07,325.0373376623377
MAGHARIBI  B,2019,42,2019-10-14,325.0373376623377
MAGHARIBI  B,2019,43,2019-10-21,325.0373376623377
MAGHARIBI  B,2019,44,2019-10-28,325.0373376623377
MAGHARIBI  B,2019,45,2019-11-04,325.0373376623377
MAGHARIBI  B,2019,46,2019-11-11,325.0373376623377
MAGHARIBI  B,2019,47,2019-11-18,325.0373376623377
MAGHARIBI  B,2019,48,2019-11-25,325.0373376623377
MAGHARIBI  B,2019,49,2019-12-02,325.0373376623377
MAGHARIBI  B,2019,50,2019-12-09,325.0373376623377
MAGHARIBI  B,2019,51,2019-12-16,325.0373376623377
MAGHARIBI  B,2019,52,2019-12-23,325.0373376623377
MAGHARIBI  B,2019,1,2019-12-30,325.0373376623377
MAGHARIBI  B,2020,2,2020-01-06,661.8977272727273
MAGHARIBI  B,2020,3,2020-01-13,661.8977272727273
MAGHARIBI  B,2020,4,2020-01-20,661.8977272727273
MAGHARIBI  B,2020,5,2020-01-27,661.8977272727273
MAGHARIBI  B,2020,6,2020-02-03,661.8977272727273
MAGHARIBI  B,2020,7,2020-02-10,661.8977272727273
MAGHARIBI  B,2020,8,2020-02-17,661.8977272727273
MAGHARIBI  B,2020,9,2020-02-24,517.3587662337662
MAGHARIBI  B,2020,10,2020-03-02,517.3587662337662
MAGHARIBI  B,2020,11,2020-03-09,517.3587662337662
MAGHARIBI  B,2020,12,2020-03-16,517.3587662337662
MAGHARIBI  B,2020,13,2020-03-23,517.3587662337662
MAGHARIBI  B,2020,14,2020-03-30,517.3587662337662
MAGHARIBI  B,2020,15,2020-04-06,517.3587662337662
MAGHARIBI  B,2020,16,2020-04-13,517.3587662337662
MAGHARIBI  B,2020,17,2020-04-20,517.3587662337662
MAGHARIBI  B,2020,18,2020-04-27,517.3587662337662
MAGHARIBI  B,2020,19,2020-05-04,517.3587662337662
MAGHARIBI  B,2020,20,2020-05-11,517.3587662337662
MAGHARIBI  B,2020,21,2020-05-18,517.3587662337662
MAGHARIBI  B,2020,22,2020-05-25,517.3587662337662
MAGHARIBI  B,2020,23,2020-06-01,517.3587662337662
MAGHARIBI  B,2020,24,2020-06-08,517.3587662337662
MAGHARIBI  B,2020,25,2020-06-15,517.3587662337662
MAGHARIBI  B,2020,26,2020-06-22,517.3587662337662
MAGHARIBI  B,2020,27,2020-06-29,517.3587662337662
MAGHARIBI  B,2020,28,2020-07-06,517.3587662337662
MAGHARIBI  B,2020,29,2020-07-13,517.3587662337662
MAGHARIBI  B,2020,30,2020-07-20,517.3587662337662
MAGHARIBI  B,2020,31,2020-07-27,517.3587662337662
MAGHARIBI  B,2020,32,2020-08-03,517.3587662337662
MAGHARIBI  B,2020,33,2020-08-10,517.3587662337662
MAGHARIBI  B,2020,34,2020-08-17,517.3587662337662
MAGHARIBI  B,2020,35,2020-08-24,517.3587662337662
MAGHARIBI  B,2020,36,2020-08-31,517.3587662337662
MAGHARIBI  B,2020,37,2020-09-07,517.3587662337662
MAGHARIBI  B,2020,38,2020-09-14,517.3587662337662
MAGHARIBI  B,2020,39,2020-09-21,517.3587662337662
MAGHARIBI  B,2020,40,2020-09-28,517.3587662337662
MAGHARIBI  B,2020,41,2020-10-05,517.3587662337662
MAGHARIBI  B,2020,42,2020-10-12,517.3587662337662
MAGHARIBI  B,2020,43,2020-10-19,517.3587662337662
MAGHARIBI  B,2020,44,2020-10-26,517.3587662337662
MAGHARIBI  B,2020,45,2020-11-02,517.3587662337662
MAGHARIBI  B,2020,46,2020-11-09,517.3587662337662
MAGHARIBI  B,2020,47,2020-11-16,517.3587662337662
MAGHARIBI  B,2020,48,2020-11-23,517.3587662337662
MAGHARIBI  B,2020,49,2020-11-30,517.3587662337662
MAGHARIBI  B,2020,50,2020-12-07,517.3587662337662
MAGHARIBI  B,2020,51,2020-12-14,517.3587662337662
MAGHARIBI  B,2020,52,2020-12-21,517.3587662337662
MAGHARIBI  B,2020,53,2020-12-28,517.3587662337662
MAGHARIBI  B,2021,1,2021-01-04,1230.2353896103896
MAGHARIBI  B,2021,2,2021-01-11,1230.2353896103896
MAGHARIBI  B,2021,3,2021-01-18,1230.2353896103896
MAGHARIBI  B,2021,4,2021-01-25,1230.2353896103896
MAGHARIBI  B,2021,5,2021-02-01,1230.2353896103896
MAGHARIBI  B,2021,6,2021-02-08,1230.2353896103896
MAGHARIBI  B,2021,7,2021-02-15,1230.2353896103896
MAGHARIBI  B,2021,8,2021-02-22,1230.2353896103896
MAGHARIBI  B,2021,9,2021-03-01,1049.737012987013
MAGHARIBI  B,2021,10,2021-03-08,1049.737012987013
MAGHARIBI  B,2021,11,2021-03-15,1049.737012987013
MAGHARIBI  B,2021,12,2021-03-22,1049.737012987013
MAGHARIBI  B,2021,13,2021-03-29,1049.737012987013
MAGHARIBI  B,2021,14,2021-04-05,1049.737012987013
MAGHARIBI  B,2021,15,2021-04-12,1049.737012987013
MAGHARIBI  B,2021,16,2021-04-19,1049.737012987013
MAGHARIBI  B,2021,17,2021-04-26,1049.737012987013
MAGHARIBI  B,2021,18,2021-05-03,1049.737012987013
MAGHARIBI  B,2021,19,2021-05-10,1049.737012987013
MAGHARIBI  B,2021,20,2021-05-17,1049.737012987013
MAGHARIBI  B,2021,21,2021-05-24,1049.737012987013
MAGHARIBI  B,2021,22,2021-05-31,1049.737012987013
MAGHARIBI  B,2021,23,2021-06-07,1049.737012987013
MAGHARIBI  B,2021,24,2021-06-14,1049.737012987013
MAGHARIBI  B,2021,25,2021-06-21,1049.737012987013
MAGHARIBI  B,2021,26,2021-06-28,1049.737012987013
MAGHARIBI  B,2021,27,2021-07-05,1049.737012987013
MAGHARIBI  B,2021,28,2021-07-12,1049.737012987013
MAGHARIBI  B,2021,29,2021-07-19,1049.737012987013
MAGHARIBI  B,2021,30,2021-07-26,1049.737012987013
MAGHARIBI  B,2021,31,2021-08-02,1049.737012987013
MAGHARIBI  B,2021,32,2021-08-09,1049.737012987013
MAGHARIBI  B,2021,33,2021-08-16,1049.737012987013
MAGHARIBI  B,2021,34,2021-08-23,1049.737012987013
MAGHARIBI  B,2021,35,2021-08-30,1049.737012987013
MAGHARIBI  B,2021,36,2021-09-06,1049.737012987013
MAGHARIBI  B,2021,37,2021-09-13,1049.737012987013
MAGHARIBI  B,2021,38,2021-09-20,1049.737012987013
MAGHARIBI  B,2021,39,2021-09-27,1049.737012987013
MAGHARIBI  B,2021,40,2021-10-04,1049.737012987013
MAGHARIBI  B,2021,41,2021-10-11,1049.737012987013
MAGHARIBI  B,2021,42,2021-10-18,1049.737012987013
MAGHARIBI  B,2021,43,2021-10-25,1049.737012987013
MAGHARIBI  B,2021,44,2021-11-01,1049.737012987013
MAGHARIBI  B,2021,45,2021-11-08,1049.737012987013
MAGHARIBI  B,2021,46,2021-11-15,1049.737012987013
MAGHARIBI  B,2021,47,2021-11-22,1049.737012987013
MAGHARIBI  B,2021,48,2021-11-29,1049.737012987013
MAGHARIBI  B,2021,49,2021-12-06,1049.737012987013
MAGHARIBI  B,2021,50,2021-12-13,1049.737012987013
MAGHARIBI  B,2021,51,2021-12-20,1049.737012987013
MAGHARIBI  B,2021,52,2021-12-27,1049.737012987013
MAGHARIBI  B,2022,1,2022-01-03,1049.737012987013
MAGHARIBI  B,2022,2,2022-01-10,1049.737012987013
MAGHARIBI  B,2022,3,2022-01-17,1049.737012987013
MAGHARIBI  B,2022,4,2022-01-24,1049.737012987013
MAGHARIBI  B,2022,5,2022-01-31,1049.737012987013
MAGHARIBI  B,2022,6,2022-02-07,1049.737012987013
MAGHARIBI  B,2022,7,2022-02-14,1049.737012987013
MAGHARIBI  B,2022,8,2022-02-21,1049.737012987013
MAGHARIBI  B,2022,9,2022-02-28,712.8766233766233
MAGHARIBI  B,2022,10,2022-03-07,712.8766233766233
MAGHARIBI  B,2022,11,2022-03-14,712.8766233766233
MAGHARIBI  B,2022,12,2022-03-21,712.8766233766233
MAGHARIBI  B,2022,13,2022-03-28,712.8766233766233
MAGHARIBI  B,2022,14,2022-04-04,712.8766233766233
MAGHARIBI  B,2022,15,2022-04-11,712.8766233766233
MAGHARIBI  B,2022,16,2022-04-18,712.8766233766233
MAGHARIBI  B,2022,17,2022-04-25,712.8766233766233
MAGHARIBI  B,2022,18,2022-05-02,712.8766233766233
MAGHARIBI  B,2022,19,2022-05-09,712.8766233766233
MAGHARIBI  B,2022,20,2022-05-16,712.8766233766233
MAGHARIBI  B,2022,21,2022-05-23,712.8766233766233
MAGHARIBI  B,2022,22,2022-05-30,712.8766233766233
MAGHARIBI  B,2022,23,2022-06-06,712.8766233766233
MAGHARIBI  B,2022,24,2022-06-13,712.8766233766233
MAGHARIBI  B,2022,25,2022-06-20,712.8766233766233
MAGHARIBI  B,2022,26,2022-06-27,712.8766233766233
MAGHARIBI  B,2022,27,2022-07-04,712.8766233766233
MAGHARIBI  B,2022,28,2022-07-11,712.8766233766233
MAGHARIBI  B,2022,29,2022-07-18,712.8766233766233
MAGHARIBI  B,2022,30,2022-07-25,712.8766233766233
MAGHARIBI  B,2022,31,2022-08-01,712.8766233766233
MAGHARIBI  B,2022,32,2022-08-08,712.8766233766233
MAGHARIBI  B,2022,33,2022-08-15,712.8766233766233
MAGHARIBI  B,2022,34,2022-08-22,712.8766233766233
MAGHARIBI  B,2022,35,2022-08-29,712.8766233766233
MAGHARIBI  B,2022,36,2022-09-05,712.8766233766233
MAGHARIBI  B,2022,37,2022-09-12,712.8766233766233
MAGHARIBI  B,2022,38,2022-09-19,712.8766233766233
MAGHARIBI  B,2022,39,2022-09-26,712.8766233766233
MAGHARIBI  B,2022,40,2022-10-03,712.8766233766233
MAGHARIBI  B,2022,41,2022-10-10,712.8766233766233
MAGHARIBI  B,2022,42,2022-10-17,712.8766233766233
MAGHARIBI  B,2022,43,2022-10-24,712.8766233766233
MAGHARIBI  B,2022,44,2022-10-31,712.8766233766233
MAGHARIBI  B,2022,45,2022-11-07,712.8766233766233
MAGHARIBI  B,2022,46,2022-11-14,712.8766233766233
MAGHARIBI  B,2022,47,2022-11-21,712.8766233766233
MAGHARIBI  B,2022,48,2022-11-28,712.8766233766233
MAGHARIBI  B,2022,49,2022-12-05,712.8766233766233
MAGHARIBI  B,2022,50,2022-12-12,712.8766233766233
MAGHARIBI  B,2022,51,2022-12-19,712.8766233766233
MAGHARIBI  B,2022,52,2022-12-26,712.8766233766233
MAGHARIBI  B,2023,1,2023-01-02,914.1753246753246
MAGHARIBI  B,2023,2,2023-01-09,914.1753246753246
MAGHARIBI  B,2023,3,2023-01-16,914.1753246753246
MAGHARIBI  B,2023,4,2023-01-23,914.1753246753246
MAGHARIBI  B,2023,5,2023-01-30,914.1753246753246
MAGHARIBI  B,2023,6,2023-02-06,914.1753246753246
MAGHARIBI  B,2023,7,2023-02-13,914.1753246753246
MAGHARIBI  B,2023,8,2023-02-20,914.1753246753246
MAGHARIBI  B,2023,9,2023-02-27,201.2987012987013
MAGHARIBI  B,2023,10,2023-03-06,201.2987012987013
MAGHARIBI  B,2023,11,2023-03-13,201.2987012987013
MAGHARIBI  B,2023,12,2023-03-20,201.2987012987013
MAGHARIBI  B,2023,13,2023-03-27,201.2987012987013
MAGHARIBI  B,2023,14,2023-04-03,201.2987012987013
MAGHARIBI  B,2023,15,2023-04-10,201.2987012987013
MAGHARIBI  B,2023,16,2023-04-17,201.2987012987013
MAGHARIBI  B,2023,17,2023-04-24,201.2987012987013
MAGHARIBI  B,2023,18,2023-05-01,201.2987012987013
MAGHARIBI  B,2023,19,2023-05-08,201.2987012987013
MAGHARIBI  B,2023,20,2023-05-15,201.2987012987013
MAGHARIBI  B,2023,21,2023-05-22,201.2987012987013
MAGHARIBI  B,2023,22,2023-05-29,201.2987012987013
MAGHARIBI  B,2023,23,2023-06-05,201.2987012987013
MAGHARIBI  B,2023,24,2023-06-12,201.2987012987013
MAGHARIBI  B,2023,25,2023-06-19,201.2987012987013
MAGHARIBI  B,2023,26,2023-06-26,201.2987012987013
MAGHARIBI  B,2023,27,2023-07-03,201.2987012987013
MAGHARIBI  B,2023,28,2023-07-10,201.2987012987013
MAGHARIBI  B,2023,29,2023-07-17,201.2987012987013
MAGHARIBI  B,2023,30,2023-07-24,201.2987012987013
MAGHARIBI  B,2023,31,2023-07-31,201.2987012987013
MAGHARIBI  B,2023,32,2023-08-07,201.2987012987013
MAGHARIBI  B,2023,33,2023-08-14,201.2987012987013
MAGHARIBI  B,2023,34,2023-08-21,201.2987012987013
MAGHARIBI  B,2023,35,2023-08-28,201.2987012987013
MAGHARIBI  B,2023,36,2023-09-04,201.2987012987013
MAGHARIBI  B,2023,37,2023-09-11,201.2987012987013
MAGHARIBI  B,2023,38,2023-09-18,201.2987012987013
MAGHARIBI  B,2023,39,2023-09-25,201.2987012987013
MAGHARIBI  B,2023,40,2023-10-02,201.2987012987013
MAGHARIBI  B,2023,41,2023-10-09,201.2987012987013
MAGHARIBI  B,2023,42,2023-10-16,201.2987012987013
MAGHARIBI  B,2023,43,2023-10-23,201.2987012987013
MAGHARIBI  B,2023,44,2023-10-30,201.2987012987013
MAGHARIBI  B,2023,45,2023-11-06,201.2987012987013
MAGHARIBI  B,2023,46,2023-11-13,201.2987012987013
MAGHARIBI  B,2023,47,2023-11-20,201.2987012987013
MAGHARIBI  B,2023,48,2023-11-27,201.2987012987013
MAGHARIBI  B,2023,49,2023-12-04,201.2987012987013
MAGHARIBI  B,2023,50,2023-12-11,201.2987012987013
MAGHARIBI  B,2023,51,2023-12-18,201.2987012987013
MAGHARIBI  B,2023,52,2023-12-25,201.2987012987013
MAGHARIBI  B,2024,1,2024-01-01,201.2987012987013
MAGHARIBI  B,2024,2,2024-01-08,201.2987012987013
MAGHARIBI  B,2024,3,2024-01-15,201.2987012987013
MAGHARIBI  B,2024,4,2024-01-22,201.2987012987013
MAGHARIBI  B,2024,5,2024-01-29,201.2987012987013
MAGHARIBI  B,2024,6,2024-02-05,201.2987012987013
MAGHARIBI  B,2024,7,2024-02-12,201.2987012987013
MAGHARIBI  B,2024,8,2024-02-19,201.2987012987013
MAGHARIBI  B,2024,9,2024-02-26,201.2987012987013
MAGHARIBI  B,2024,10,2024-03-04,201.2987012987013
MAGHARIBI  B,2024,11,2024-03-11,201.2987012987013
MAGHARIBI  B,2024,12,2024-03-18,201.2987012987013
MAGHARIBI  B,2024,13,2024-03-25,201.2987012987013
MAGHARIBI  B,2024,14,2024-04-01,201.2987012987013
MAGHARIBI  B,2024,15,2024-04-08,201.2987012987013
MAGHARIBI  B,2024,16,2024-04-15,201.2987012987013
MAGHARIBI  B,2024,17,2024-04-22,201.2987012987013
MAGHARIBI  B,2024,18,2024-04-29,201.2987012987013
MAGHARIBI  B,2024,19,2024-05-06,201.2987012987013
MAGHARIBI  B,2024,20,2024-05-13,201.2987012987013
MAGHARIBI  B,2024,21,2024-05-20,201.2987012987013
MAGHARIBI  B,2024,22,2024-05-27,201.2987012987013
MAGHARIBI  B,2024,23,2024-06-03,201.2987012987013
MAGHARIBI  B,2024,24,2024-06-10,201.2987012987013
MAGHARIBI  B,2024,25,2024-06-17,201.2987012987013
MAGHARIBI  B,2024,26,2024-06-24,201.2987012987013
MAGHARIBI  B,2024,27,2024-07-01,201.2987012987013
MAGHARIBI  B,2024,28,2024-07-08,201.2987012987013
MAGHARIBI  B,2024,29,2024-07-15,201.2987012987013
MAGHARIBI  B,2024,30,2024-07-22,201.2987012987013
MAGHARIBI  B,2024,31,2024-07-29,201.2987012987013
MAGHARIBI  B,2024,32,2024-08-05,201.2987012987013
MAGHARIBI  B,2024,33,2024-08-12,201.2987012987013
MAGHARIBI  B,2024,34,2024-08-19,201.2987012987013
MAGHARIBI  B,2024,35,2024-08-26,201.2987012987013
MAGHARIBI  B,2024,36,2024-09-02,201.2987012987013
MAGHARIBI  B,2024,37,2024-09-09,201.2987012987013
MAGHARIBI  B,2024,38,2024-09-16,201.2987012987013
MAGHARIBI  B,2024,39,2024-09-23,201.2987012987013
MAGHARIBI  B,2024,40,2024-09-30,201.2987012987013
MAGHARIBI  B,2024,41,2024-10-07,201.2987012987013
MAGHARIBI  B,2024,42,2024-10-14,201.2987012987013
MAGHARIBI  B,2024,43,2024-10-21,201.2987012987013
MAGHARIBI  B,2024,44,2024-10-28,201.2987012987013
MAGHARIBI  B,2024,45,2024-11-04,201.2987012987013
MAGHARIBI  B,2024,46,2024-11-11,201.2987012987013
MAGHARIBI  B,2024,47,2024-11-18,201.2987012987013
MAGHARIBI  B,2024,48,2024-11-25,201.2987012987013
MAGHARIBI  B,2024,49,2024-12-02,201.2987012987013
MAGHARIBI  B,2024,50,2024-12-09,201.2987012987013
MAGHARIBI  B,2024,51,2024-12-16,201.2987012987013
MAGHARIBI  B,2024,52,2024-12-23,201.2987012987013
MAGHARIBI  B,2024,1,2024-12-30,201.2987012987013
KUSINI,2018,1,2018-01-01,144.53896103896102
KUSINI,2018,2,2018-01-08,144.53896103896102
KUSINI,2018,3,2018-01-15,144.53896103896102
KUSINI,2018,4,2018-01-22,144.53896103896102
KUSINI,2018,5,2018-01-29,144.53896103896102
KUSINI,2018,6,2018-02-05,144.53896103896102
KUSINI,2018,7,2018-02-12,144.53896103896102
KUSINI,2018,8,2018-02-19,144.53896103896102
KUSINI,2018,9,2018-02-26,144.53896103896102
KUSINI,2018,10,2018-03-05,144.53896103896102
KUSINI,2018,11,2018-03-12,144.53896103896102
KUSINI,2018,12,2018-03-19,144.53896103896102
KUSINI,2018,13,2018-03-26,144.53896103896102
KUSINI,2018,14,2018-04-02,144.53896103896102
KUSINI,2018,15,2018-04-09,144.53896103896102
KUSINI,2018,16,2018-04-16,144.53896103896102
KUSINI,2018,17,2018-04-23,144.53896103896102
KUSINI,2018,18,2018-04-30,144.53896103896102
KUSINI,2018,19,2018-05-07,144.53896103896102
KUSINI,2018,20,2018-05-14,144.53896103896102
KUSINI,2018,21,2018-05-21,144.53896103896102
KUSINI,2018,22,2018-05-28,144.53896103896102
KUSINI,2018,23,2018-06-04,144.53896103896102
KUSINI,2018,24,2018-06-11,144.53896103896102
KUSINI,2018,25,2018-06-18,144.53896103896102
KUSINI,2018,26,2018-06-25,144.53896103896102
KUSINI,2018,27,2018-07-02,144.53896103896102
KUSINI,2018,28,2018-07-09,144.53896103896102
KUSINI,2018,29,2018-07-16,144.53896103896102
KUSINI,2018,30,2018-07-23,144.53896103896102
KUSINI,2018,31,2018-07-30,144.53896103896102
KUSINI,2018,32,2018-08-06,144.53896103896102
KUSINI,2018,33,2018-08-13,144.53896103896102
KUSINI,2018,34,2018-08-20,144.53896103896102
KUSINI,2018,35,2018-08-27,144.53896103896102
KUSINI,2018,36,2018-09-03,144.53896103896102
KUSINI,2018,37,2018-09-10,144.53896103896102
KUSINI,2018,38,2018-09-17,144.53896103896102
KUSINI,2018,39,2018-09-24,144.53896103896102
KUSINI,2018,40,2018-10-01,144.53896103896102
KUSINI,2018,41,2018-10-08,144.53896103896102
KUSINI,2018,42,2018-10-15,144.53896103896102
KUSINI,2018,43,2018-10-22,144.53896103896102
KUSINI,2018,44,2018-10-29,144.53896103896102
KUSINI,2018,45,2018-11-05,144.53896103896102
KUSINI,2018,46,2018-11-12,144.53896103896102
KUSINI,2018,47,2018-11-19,144.53896103896102
KUSINI,2018,48,2018-11-26,144.53896103896102
KUSINI,2018,49,2018-12-03,144.53896103896102
KUSINI,2018,50,2018-12-10,144.53896103896102
KUSINI,2018,51,2018-12-17,144.53896103896102
KUSINI,2018,52,2018-12-24,144.53896103896102
KUSINI,2018,1,2018-12-31,144.53896103896102
KUSINI,2019,2,2019-01-07,325.0373376623377
KUSINI,2019,3,2019-01-14,325.0373376623377
KUSINI,2019,4,2019-01-21,325.0373376623377
KUSINI,2019,5,2019-01-28,325.0373376623377
KUSINI,2019,6,2019-02-04,325.0373376623377
KUSINI,2019,7,2019-02-11,325.0373376623377
KUSINI,2019,8,2019-02-18,325.0373376623377
KUSINI,2019,9,2019-02-25,325.0373376623377
KUSINI,2019,10,2019-03-04,325.0373376623377
KUSINI,2019,11,2019-03-11,325.0373376623377
KUSINI,2019,12,2019-03-18,325.0373376623377
KUSINI,2019,13,2019-03-25,325.0373376623377
KUSINI,2019,14,2019-04-01,325.0373376623377
KUSINI,2019,15,2019-04-08,325.0373376623377
KUSINI,2019,16,2019-04-15,325.0373376623377
KUSINI,2019,17,2019-04-22,325.0373376623377
KUSINI,2019,18,2019-04-29,325.0373376623377
KUSINI,2019,19,2019-05-06,325.0373376623377
KUSINI,2019,20,2019-05-13,325.0373376623377
KUSINI,2019,21,2019-05-20,325.0373376623377
KUSINI,2019,22,2019-05-27,325.0373376623377
KUSINI,2019,23,2019-06-03,325.0373376623377
KUSINI,2019,24,2019-06-10,325.0373376623377
KUSINI,2019,25,2019-06-17,325.0373376623377
KUSINI,2019,26,2019-06-24,325.0373376623377
KUSINI,2019,27,2019-07-01,325.0373376623377
KUSINI,2019,28,2019-07-08,325.0373376623377
KUSINI,2019,29,2019-07-15,325.0373376623377
KUSINI,2019,30,2019-07-22,325.0373376623377
KUSINI,2019,31,2019-07-29,325.0373376623377
KUSINI,2019,32,2019-08-05,325.0373376623377
KUSINI,2019,33,2019-08-12,325.0373376623377
KUSINI,2019,34,2019-08-19,325.0373376623377
KUSINI,2019,35,2019-08-26,325.0373376623377
KUSINI,2019,36,2019-09-02,325.0373376623377
KUSINI,2019,37,2019-09-09,325.0373376623377
KUSINI,2019,38,2019-09-16,325.0373376623377
KUSINI,2019,39,2019-09-23,325.0373376623377
KUSINI,2019,40,2019-09-30,325.0373376623377
KUSINI,2019,41,2019-10-07,325.0373376623377
KUSINI,2019,42,2019-10-14,325.0373376623377
KUSINI,2019,43,2019-10-21,325.0373376623377
KUSINI,2019,44,2019-10-28,325.0373376623377
KUSINI,2019,45,2019-11-04,325.0373376623377
KUSINI,2019,46,2019-11-11,325.0373376623377
KUSINI,2019,47,2019-11-18,325.0373376623377
KUSINI,2019,48,2019-11-25,325.0373376623377
KUSINI,2019,49,2019-12-02,325.0373376623377
KUSINI,2019,50,2019-12-09,325.0373376623377
KUSINI,2019,51,2019-12-16,325.0373376623377
KUSINI,2019,52,2019-12-23,325.0373376623377
KUSINI,2019,1,2019-12-30,325.0373376623377
KUSINI,2020,2,2020-01-06,661.8977272727273
KUSINI,2020,3,2020-01-13,661.8977272727273
KUSINI,2020,4,2020-01-20,661.8977272727273
KUSINI,2020,5,2020-01-27,661.8977272727273
KUSINI,2020,6,2020-02-03,661.8977272727273
KUSINI,2020,7,2020-02-10,661.8977272727273
KUSINI,2020,8,2020-02-17,661.8977272727273
KUSINI,2020,9,2020-02-24,517.3587662337662
KUSINI,2020,10,2020-03-02,517.3587662337662
KUSINI,2020,11,2020-03-09,517.3587662337662
KUSINI,2020,12,2020-03-16,517.3587662337662
KUSINI,2020,13,2020-03-23,517.3587662337662
KUSINI,2020,14,2020-03-30,517.3587662337662
KUSINI,2020,15,2020-04-06,517.3587662337662
KUSINI,2020,16,2020-04-13,517.3587662337662
KUSINI,2020,17,2020-04-20,517.3587662337662
KUSINI,2020,18,2020-04-27,517.3587662337662
KUSINI,2020,19,2020-05-04,517.3587662337662
KUSINI,2020,20,2020-05-11,517.3587662337662
KUSINI,2020,21,2020-05-18,517.3587662337662
KUSINI,2020,22,2020-05-25,517.3587662337662
KUSINI,2020,23,2020-06-01,517.3587662337662
KUSINI,2020,24,2020-06-08,517.3587662337662
KUSINI,2020,25,2020-06-15,517.3587662337662
KUSINI,2020,26,2020-06-22,517.3587662337662
KUSINI,2020,27,2020-06-29,517.3587662337662
KUSINI,2020,28,2020-07-06,517.3587662337662
KUSINI,2020,29,2020-07-13,517.3587662337662
KUSINI,2020,30,2020-07-20,517.3587662337662
KUSINI,2020,31,2020-07-27,517.3587662337662
KUSINI,2020,32,2020-08-03,517.3587662337662
KUSINI,2020,33,2020-08-10,517.3587662337662
KUSINI,2020,34,2020-08-17,517.3587662337662
KUSINI,2020,35,2020-08-24,517.3587662337662
KUSINI,2020,36,2020-08-31,517.3587662337662
KUSINI,2020,37,2020-09-07,517.3587662337662
KUSINI,2020,38,2020-09-14,517.3587662337662
KUSINI,2020,39,2020-09-21,517.3587662337662
KUSINI,2020,40,2020-09-28,517.3587662337662
KUSINI,2020,41,2020-10-05,517.3587662337662
KUSINI,2020,42,2020-10-12,517.3587662337662
KUSINI,2020,43,2020-10-19,517.3587662337662
KUSINI,2020,44,2020-10-26,517.3587662337662
KUSINI,2020,45,2020-11-02,517.3587662337662
KUSINI,2020,46,2020-11-09,517.3587662337662
KUSINI,2020,47,2020-11-16,517.3587662337662
KUSINI,2020,48,2020-11-23,517.3587662337662
KUSINI,2020,49,2020-11-30,517.3587662337662
KUSINI,2020,50,2020-12-07,517.3587662337662
KUSINI,2020,51,2020-12-14,517.3587662337662
KUSINI,2020,52,2020-12-21,517.3587662337662
KUSINI,2020,53,2020-12-28,517.3587662337662
KUSINI,2021,1,2021-01-04,1230.2353896103896
KUSINI,2021,2,2021-01-11,1230.2353896103896
KUSINI,2021,3,2021-01-18,1230.2353896103896
KUSINI,2021,4,2021-01-25,1230.2353896103896
KUSINI,2021,5,2021-02-01,1230.2353896103896
KUSINI,2021,6,2021-02-08,1230.2353896103896
KUSINI,2021,7,2021-02-15,1230.2353896103896
KUSINI,2021,8,2021-02-22,1230.2353896103896
KUSINI,2021,9,2021-03-01,1049.737012987013
KUSINI,2021,10,2021-03-08,1049.737012987013
KUSINI,2021,11,2021-03-15,1049.737012987013
KUSINI,2021,12,2021-03-22,1049.737012987013
KUSINI,2021,13,2021-03-29,1049.737012987013
KUSINI,2021,14,2021-04-05,1049.737012987013
KUSINI,2021,15,2021-04-12,1049.737012987013
KUSINI,2021,16,2021-04-19,1049.737012987013
KUSINI,2021,17,2021-04-26,1049.737012987013
KUSINI,2021,18,2021-05-03,1049.737012987013
KUSINI,2021,19,2021-05-10,1049.737012987013
KUSINI,2021,20,2021-05-17,1049.737012987013
KUSINI,2021,21,2021-05-24,1049.737012987013
KUSINI,2021,22,2021-05-31,1049.737012987013
KUSINI,2021,23,2021-06-07,1049.737012987013
KUSINI,2021,24,2021-06-14,1049.737012987013
KUSINI,2021,25,2021-06-21,1049.737012987013
KUSINI,2021,26,2021-06-28,1049.737012987013
KUSINI,2021,27,2021-07-05,1049.737012987013
KUSINI,2021,28,2021-07-12,1049.737012987013
KUSINI,2021,29,2021-07-19,1049.737012987013
KUSINI,2021,30,2021-07-26,1049.737012987013
KUSINI,2021,31,2021-08-02,1049.737012987013
KUSINI,2021,32,2021-08-09,1049.737012987013
KUSINI,2021,33,2021-08-16,1049.737012987013
KUSINI,2021,34,2021-08-23,1049.737012987013
KUSINI,2021,35,2021-08-30,1049.737012987013
KUSINI,2021,36,2021-09-06,1049.737012987013
KUSINI,2021,37,2021-09-13,1049.737012987013
KUSINI,2021,38,2021-09-20,1049.737012987013
KUSINI,2021,39,2021-09-27,1049.737012987013
KUSINI,2021,40,2021-10-04,1049.737012987013
KUSINI,2021,41,2021-10-11,1049.737012987013
KUSINI,2021,42,2021-10-18,1049.737012987013
KUSINI,2021,43,2021-10-25,1049.737012987013
KUSINI,2021,44,2021-11-01,1049.737012987013
KUSINI,2021,45,2021-11-08,1049.737012987013
KUSINI,2021,46,2021-11-15,1049.737012987013
KUSINI,2021,47,2021-11-22,1049.737012987013
KUSINI,2021,48,2021-11-29,1049.737012987013
KUSINI,2021,49,2021-12-06,1049.737012987013
KUSINI,2021,50,2021-12-13,1049.737012987013
KUSINI,2021,51,2021-12-20,1049.737012987013
KUSINI,2021,52,2021-12-27,1049.737012987013
KUSINI,2022,1,2022-01-03,1049.737012987013
KUSINI,2022,2,2022-01-10,1049.737012987013
KUSINI,2022,3,2022-01-17,1049.737012987013
KUSINI,2022,4,2022-01-24,1049.737012987013
KUSINI,2022,5,2022-01-31,1049.737012987013
KUSINI,2022,6,2022-02-07,1049.737012987013
KUSINI,2022,7,2022-02-14,1049.737012987013
KUSINI,2022,8,2022-02-21,1049.737012987013
KUSINI,2022,9,2022-02-28,712.8766233766233
KUSINI,2022,10,2022-03-07,712.8766233766233
KUSINI,2022,11,2022-03-14,712.8766233766233
KUSINI,2022,12,2022-03-21,712.8766233766233
KUSINI,2022,13,2022-03-28,712.8766233766233
KUSINI,2022,14,2022-04-04,712.8766233766233
KUSINI,2022,15,2022-04-11,712.8766233766233
KUSINI,2022,16,2022-04-18,712.8766233766233
KUSINI,2022,17,2022-04-25,712.8766233766233
KUSINI,2022,18,2022-05-02,712.8766233766233
KUSINI,2022,19,2022-05-09,712.8766233766233
KUSINI,2022,20,2022-05-16,712.8766233766233
KUSINI,2022,21,2022-05-23,712.8766233766233
KUSINI,2022,22,2022-05-30,712.8766233766233
KUSINI,2022,23,2022-06-06,712.8766233766233
KUSINI,2022,24,2022-06-13,712.8766233766233
KUSINI,2022,25,2022-06-20,712.8766233766233
KUSINI,2022,26,2022-06-27,712.8766233766233
KUSINI,2022,27,2022-07-04,712.8766233766233
KUSINI,2022,28,2022-07-11,712.8766233766233
KUSINI,2022,29,2022-07-18,712.8766233766233
KUSINI,2022,30,2022-07-25,712.8766233766233
KUSINI,2022,31,2022-08-01,712.8766233766233
KUSINI,2022,32,2022-08-08,712.8766233766233
KUSINI,2022,33,2022-08-15,712.8766233766233
KUSINI,2022,34,2022-08-22,712.8766233766233
KUSINI,2022,35,2022-08-29,712.8766233766233
KUSINI,2022,36,2022-09-05,712.8766233766233
KUSINI,2022,37,2022-09-12,712.8766233766233
KUSINI,2022,38,2022-09-19,712.8766233766233
KUSINI,2022,39,2022-09-26,712.8766233766233
KUSINI,2022,40,2022-10-03,712.8766233766233
KUSINI,2022,41,2022-10-10,712.8766233766233
KUSINI,2022,42,2022-10-17,712.8766233766233
KUSINI,2022,43,2022-10-24,712.8766233766233
KUSINI,2022,44,2022-10-31,712.8766233766233
KUSINI,2022,45,2022-11-07,712.8766233766233
KUSINI,2022,46,2022-11-14,712.8766233766233
KUSINI,2022,47,2022-11-21,712.8766233766233
KUSINI,2022,48,2022-11-28,712.8766233766233
KUSINI,2022,49,2022-12-05,712.8766233766233
KUSINI,2022,50,2022-12-12,712.8766233766233
KUSINI,2022,51,2022-12-19,712.8766233766233
KUSINI,2022,52,2022-12-26,712.8766233766233
KUSINI,2023,1,2023-01-02,914.1753246753246
KUSINI,2023,2,2023-01-09,914.1753246753246
KUSINI,2023,3,2023-01-16,914.1753246753246
KUSINI,2023,4,2023-01-23,914.1753246753246
KUSINI,2023,5,2023-01-30,914.1753246753246
KUSINI,2023,6,2023-02-06,914.1753246753246
KUSINI,2023,7,2023-02-13,914.1753246753246
KUSINI,2023,8,2023-02-20,914.1753246753246
KUSINI,2023,9,2023-02-27,201.2987012987013
KUSINI,2023,10,2023-03-06,201.2987012987013
KUSINI,2023,11,2023-03-13,201.2987012987013
KUSINI,2023,12,2023-03-20,201.2987012987013
KUSINI,2023,13,2023-03-27,201.2987012987013
KUSINI,2023,14,2023-04-03,201.2987012987013
KUSINI,2023,15,2023-04-10,201.2987012987013
KUSINI,2023,16,2023-04-17,201.2987012987013
KUSINI,2023,17,2023-04-24,201.2987012987013
KUSINI,2023,18,2023-05-01,201.2987012987013
KUSINI,2023,19,2023-05-08,201.2987012987013
KUSINI,2023,20,2023-05-15,201.2987012987013
KUSINI,2023,21,2023-05-22,201.2987012987013
KUSINI,2023,22,2023-05-29,201.2987012987013
KUSINI,2023,23,2023-06-05,201.2987012987013
KUSINI,2023,24,2023-06-12,201.2987012987013
KUSINI,2023,25,2023-06-19,201.2987012987013
KUSINI,2023,26,2023-06-26,201.2987012987013
KUSINI,2023,27,2023-07-03,201.2987012987013
KUSINI,2023,28,2023-07-10,201.2987012987013
KUSINI,2023,29,2023-07-17,201.2987012987013
KUSINI,2023,30,2023-07-24,201.2987012987013
KUSINI,2023,31,2023-07-31,201.2987012987013
KUSINI,2023,32,2023-08-07,201.2987012987013
KUSINI,2023,33,2023-08-14,201.2987012987013
KUSINI,2023,34,2023-08-21,201.2987012987013
KUSINI,2023,35,2023-08-28,201.2987012987013
KUSINI,2023,36,2023-09-04,201.2987012987013
KUSINI,2023,37,2023-09-11,201.2987012987013
KUSINI,2023,38,2023-09-18,201.2987012987013
KUSINI,2023,39,2023-09-25,201.2987012987013
KUSINI,2023,40,2023-10-02,201.2987012987013
KUSINI,2023,41,2023-10-09,201.2987012987013
KUSINI,2023,42,2023-10-16,201.2987012987013
KUSINI,2023,43,2023-10-23,201.2987012987013
KUSINI,2023,44,2023-10-30,201.2987012987013
KUSINI,2023,45,2023-11-06,201.2987012987013
KUSINI,2023,46,2023-11-13,201.2987012987013
KUSINI,2023,47,2023-11-20,201.2987012987013
KUSINI,2023,48,2023-11-27,201.2987012987013
KUSINI,2023,49,2023-12-04,201.2987012987013
KUSINI,2023,50,2023-12-11,201.2987012987013
KUSINI,2023,51,2023-12-18,201.2987012987013
KUSINI,2023,52,2023-12-25,201.2987012987013
KUSINI,2024,1,2024-01-01,201.2987012987013
KUSINI,2024,2,2024-01-08,201.2987012987013
KUSINI,2024,3,2024-01-15,201.2987012987013
KUSINI,2024,4,2024-01-22,201.2987012987013
KUSINI,2024,5,2024-01-29,201.2987012987013
KUSINI,2024,6,2024-02-05,201.2987012987013
KUSINI,2024,7,2024-02-12,201.2987012987013
KUSINI,2024,8,2024-02-19,201.2987012987013
KUSINI,2024,9,2024-02-26,201.2987012987013
KUSINI,2024,10,2024-03-04,201.2987012987013
KUSINI,2024,11,2024-03-11,201.2987012987013
KUSINI,2024,12,2024-03-18,201.2987012987013
KUSINI,2024,13,2024-03-25,201.2987012987013
KUSINI,2024,14,2024-04-01,201.2987012987013
KUSINI,2024,15,2024-04-08,201.2987012987013
KUSINI,2024,16,2024-04-15,201.2987012987013
KUSINI,2024,17,2024-04-22,201.2987012987013
KUSINI,2024,18,2024-04-29,201.2987012987013
KUSINI,2024,19,2024-05-06,201.2987012987013
KUSINI,2024,20,2024-05-13,201.2987012987013
KUSINI,2024,21,2024-05-20,201.2987012987013
KUSINI,2024,22,2024-05-27,201.2987012987013
KUSINI,2024,23,2024-06-03,201.2987012987013
KUSINI,2024,24,2024-06-10,201.2987012987013
KUSINI,2024,25,2024-06-17,201.2987012987013
KUSINI,2024,26,2024-06-24,201.2987012987013
KUSINI,2024,27,2024-07-01,201.2987012987013
KUSINI,2024,28,2024-07-08,201.2987012987013
KUSINI,2024,29,2024-07-15,201.2987012987013
KUSINI,2024,30,2024-07-22,201.2987012987013
KUSINI,2024,31,2024-07-29,201.2987012987013
KUSINI,2024,32,2024-08-05,201.2987012987013
KUSINI,2024,33,2024-08-12,201.2987012987013
KUSINI,2024,34,2024-08-19,201.2987012987013
KUSINI,2024,35,2024-08-26,201.2987012987013
KUSINI,2024,36,2024-09-02,201.2987012987013
KUSINI,2024,37,2024-09-09,201.2987012987013
KUSINI,2024,38,2024-09-16,201.2987012987013
KUSINI,2024,39,2024-09-23,201.2987012987013
KUSINI,2024,40,2024-09-30,201.2987012987013
KUSINI,2024,41,2024-10-07,201.2987012987013
KUSINI,2024,42,2024-10-14,201.2987012987013
KUSINI,2024,43,2024-10-21,201.2987012987013
KUSINI,2024,44,2024-10-28,201.2987012987013
KUSINI,2024,45,2024-11-04,201.2987012987013
KUSINI,2024,46,2024-11-11,201.2987012987013
KUSINI,2024,47,2024-11-18,201.2987012987013
KUSINI,2024,48,2024-11-25,201.2987012987013
KUSINI,2024,49,2024-12-02,201.2987012987013
KUSINI,2024,50,2024-12-09,201.2987012987013
KUSINI,2024,51,2024-12-16,201.2987012987013
KUSINI,2024,52,2024-12-23,201.2987012987013
KUSINI,2024,1,2024-12-30,201.2987012987013
MJINI,2018,1,2018-01-01,144.53896103896102
MJINI,2018,2,2018-01-08,144.53896103896102
MJINI,2018,3,2018-01-15,144.53896103896102
MJINI,2018,4,2018-01-22,144.53896103896102
MJINI,2018,5,2018-01-29,144.53896103896102
MJINI,2018,6,2018-02-05,144.53896103896102
MJINI,2018,7,2018-02-12,144.53896103896102
MJINI,2018,8,2018-02-19,144.53896103896102
MJINI,2018,9,2018-02-26,144.53896103896102
MJINI,2018,10,2018-03-05,144.53896103896102
MJINI,2018,11,2018-03-12,144.53896103896102
MJINI,2018,12,2018-03-19,144.53896103896102
MJINI,2018,13,2018-03-26,144.53896103896102
MJINI,2018,14,2018-04-02,144.53896103896102
MJINI,2018,15,2018-04-09,144.53896103896102
MJINI,2018,16,2018-04-16,144.53896103896102
MJINI,2018,17,2018-04-23,144.53896103896102
MJINI,2018,18,2018-04-30,144.53896103896102
MJINI,2018,19,2018-05-07,144.53896103896102
MJINI,2018,20,2018-05-14,144.53896103896102
MJINI,2018,21,2018-05-21,144.53896103896102
MJINI,2018,22,2018-05-28,144.53896103896102
MJINI,2018,23,2018-06-04,144.53896103896102
MJINI,2018,24,2018-06-11,144.53896103896102
MJINI,2018,25,2018-06-18,144.53896103896102
MJINI,2018,26,2018-06-25,144.53896103896102
MJINI,2018,27,2018-07-02,144.53896103896102
MJINI,2018,28,2018-07-09,144.53896103896102
MJINI,2018,29,2018-07-16,144.53896103896102
MJINI,2018,30,2018-07-23,144.53896103896102
MJINI,2018,31,2018-07-30,144.53896103896102
MJINI,2018,32,2018-08-06,144.53896103896102
MJINI,2018,33,2018-08-13,144.53896103896102
MJINI,2018,34,2018-08-20,144.53896103896102
MJINI,2018,35,2018-08-27,144.53896103896102
MJINI,2018,36,2018-09-03,144.53896103896102
MJINI,2018,37,2018-09-10,144.53896103896102
MJINI,2018,38,2018-09-17,144.53896103896102
MJINI,2018,39,2018-09-24,144.53896103896102
MJINI,2018,40,2018-10-01,144.53896103896102
MJINI,2018,41,2018-10-08,144.53896103896102
MJINI,2018,42,2018-10-15,144.53896103896102
MJINI,2018,43,2018-10-22,144.53896103896102
MJINI,2018,44,2018-10-29,144.53896103896102
MJINI,2018,45,2018-11-05,144.53896103896102
MJINI,2018,46,2018-11-12,144.53896103896102
MJINI,2018,47,2018-11-19,144.53896103896102
MJINI,2018,48,2018-11-26,144.53896103896102
MJINI,2018,49,2018-12-03,144.53896103896102
MJINI,2018,50,2018-12-10,144.53896103896102
MJINI,2018,51,2018-12-17,144.53896103896102
MJINI,2018,52,2018-12-24,144.53896103896102
MJINI,2018,1,2018-12-31,144.53896103896102
MJINI,2019,2,2019-01-07,325.0373376623377
MJINI,2019,3,2019-01-14,325.0373376623377
MJINI,2019,4,2019-01-21,325.0373376623377
MJINI,2019,5,2019-01-28,325.0373376623377
MJINI,2019,6,2019-02-04,325.0373376623377
MJINI,2019,7,2019-02-11,325.0373376623377
MJINI,2019,8,2019-02-18,325.0373376623377
MJINI,2019,9,2019-02-25,325.0373376623377
MJINI,2019,10,2019-03-04,325.0373376623377
MJINI,2019,11,2019-03-11,325.0373376623377
MJINI,2019,12,2019-03-18,325.0373376623377
MJINI,2019,13,2019-03-25,325.0373376623377
MJINI,2019,14,2019-04-01,325.0373376623377
MJINI,2019,15,2019-04-08,325.0373376623377
MJINI,2019,16,2019-04-15,325.0373376623377
MJINI,2019,17,2019-04-22,325.0373376623377
MJINI,2019,18,2019-04-29,325.0373376623377
MJINI,2019,19,2019-05-06,325.0373376623377
MJINI,2019,20,2019-05-13,325.0373376623377
MJINI,2019,21,2019-05-20,325.0373376623377
MJINI,2019,22,2019-05-27,325.0373376623377
MJINI,2019,23,2019-06-03,325.0373376623377
MJINI,2019,24,2019-06-10,325.0373376623377
MJINI,2019,25,2019-06-17,325.0373376623377
MJINI,2019,26,2019-06-24,325.0373376623377
MJINI,2019,27,2019-07-01,325.0373376623377
MJINI,2019,28,2019-07-08,325.0373376623377
MJINI,2019,29,2019-07-15,325.0373376623377
MJINI,2019,30,2019-07-22,325.0373376623377
MJINI,2019,31,2019-07-29,325.0373376623377
MJINI,2019,32,2019-08-05,325.0373376623377
MJINI,2019,33,2019-08-12,325.0373376623377
MJINI,2019,34,2019-08-19,325.0373376623377
MJINI,2019,35,2019-08-26,325.0373376623377
MJINI,2019,36,2019-09-02,325.0373376623377
MJINI,2019,37,2019-09-09,325.0373376623377
MJINI,2019,38,2019-09-16,325.0373376623377
MJINI,2019,39,2019-09-23,325.0373376623377
MJINI,2019,40,2019-09-30,325.0373376623377
MJINI,2019,41,2019-10-07,325.0373376623377
MJINI,2019,42,2019-10-14,325.0373376623377
MJINI,2019,43,2019-10-21,325.0373376623377
MJINI,2019,44,2019-10-28,325.0373376623377
MJINI,2019,45,2019-11-04,325.0373376623377
MJINI,2019,46,2019-11-11,325.0373376623377
MJINI,2019,47,2019-11-18,325.0373376623377
MJINI,2019,48,2019-11-25,325.0373376623377
MJINI,2019,49,2019-12-02,325.0373376623377
MJINI,2019,50,2019-12-09,325.0373376623377
MJINI,2019,51,2019-12-16,325.0373376623377
MJINI,2019,52,2019-12-23,325.0373376623377
MJINI,2019,1,2019-12-30,325.0373376623377
MJINI,2020,2,2020-01-06,661.8977272727273
MJINI,2020,3,2020-01-13,661.8977272727273
MJINI,2020,4,2020-01-20,661.8977272727273
MJINI,2020,5,2020-01-27,661.8977272727273
MJINI,2020,6,2020-02-03,661.8977272727273
MJINI,2020,7,2020-02-10,661.8977272727273
MJINI,2020,8,2020-02-17,661.8977272727273
MJINI,2020,9,2020-02-24,517.3587662337662
MJINI,2020,10,2020-03-02,517.3587662337662
MJINI,2020,11,2020-03-09,517.3587662337662
MJINI,2020,12,2020-03-16,517.3587662337662
MJINI,2020,13,2020-03-23,517.3587662337662
MJINI,2020,14,2020-03-30,517.3587662337662
MJINI,2020,15,2020-04-06,517.3587662337662
MJINI,2020,16,2020-04-13,517.3587662337662
MJINI,2020,17,2020-04-20,517.3587662337662
MJINI,2020,18,2020-04-27,517.3587662337662
MJINI,2020,19,2020-05-04,517.3587662337662
MJINI,2020,20,2020-05-11,517.3587662337662
MJINI,2020,21,2020-05-18,517.3587662337662
MJINI,2020,22,2020-05-25,517.3587662337662
MJINI,2020,23,2020-06-01,517.3587662337662
MJINI,2020,24,2020-06-08,517.3587662337662
MJINI,2020,25,2020-06-15,517.3587662337662
MJINI,2020,26,2020-06-22,517.3587662337662
MJINI,2020,27,2020-06-29,517.3587662337662
MJINI,2020,28,2020-07-06,517.3587662337662
MJINI,2020,29,2020-07-13,517.3587662337662
MJINI,2020,30,2020-07-20,517.3587662337662
MJINI,2020,31,2020-07-27,517.3587662337662
MJINI,2020,32,2020-08-03,517.3587662337662
MJINI,2020,33,2020-08-10,517.3587662337662
MJINI,2020,34,2020-08-17,517.3587662337662
MJINI,2020,35,2020-08-24,517.3587662337662
MJINI,2020,36,2020-08-31,517.3587662337662
MJINI,2020,37,2020-09-07,517.3587662337662
MJINI,2020,38,2020-09-14,517.3587662337662
MJINI,2020,39,2020-09-21,517.3587662337662
MJINI,2020,40,2020-09-28,517.3587662337662
MJINI,2020,41,2020-10-05,517.3587662337662
MJINI,2020,42,2020-10-12,517.3587662337662
MJINI,2020,43,2020-10-19,517.3587662337662
MJINI,2020,44,2020-10-26,517.3587662337662
MJINI,2020,45,2020-11-02,517.3587662337662
MJINI,2020,46,2020-11-09,517.3587662337662
MJINI,2020,47,2020-11-16,517.3587662337662
MJINI,2020,48,2020-11-23,517.3587662337662
MJINI,2020,49,2020-11-30,517.3587662337662
MJINI,2020,50,2020-12-07,517.3587662337662
MJINI,2020,51,2020-12-14,517.3587662337662
MJINI,2020,52,2020-12-21,517.3587662337662
MJINI,2020,53,2020-12-28,517.3587662337662
MJINI,2021,1,2021-01-04,1230.2353896103896
MJINI,2021,2,2021-01-11,1230.2353896103896
MJINI,2021,3,2021-01-18,1230.2353896103896
MJINI,2021,4,2021-01-25,1230.2353896103896
MJINI,2021,5,2021-02-01,1230.2353896103896
MJINI,2021,6,2021-02-08,1230.2353896103896
MJINI,2021,7,2021-02-15,1230.2353896103896
MJINI,2021,8,2021-02-22,1230.2353896103896
MJINI,2021,9,2021-03-01,1049.737012987013
MJINI,2021,10,2021-03-08,1049.737012987013
MJINI,2021,11,2021-03-15,1049.737012987013
MJINI,2021,12,2021-03-22,1049.737012987013
MJINI,2021,13,2021-03-29,1049.737012987013
MJINI,2021,14,2021-04-05,1049.737012987013
MJINI,2021,15,2021-04-12,1049.737012987013
MJINI,2021,16,2021-04-19,1049.737012987013
MJINI,2021,17,2021-04-26,1049.737012987013
MJINI,2021,18,2021-05-03,1049.737012987013
MJINI,2021,19,2021-05-10,1049.737012987013
MJINI,2021,20,2021-05-17,1049.737012987013
MJINI,2021,21,2021-05-24,1049.737012987013
MJINI,2021,22,2021-05-31,1049.737012987013
MJINI,2021,23,2021-06-07,1049.737012987013
MJINI,2021,24,2021-06-14,1049.737012987013
MJINI,2021,25,2021-06-21,1049.737012987013
MJINI,2021,26,2021-06-28,1049.737012987013
MJINI,2021,27,2021-07-05,1049.737012987013
MJINI,2021,28,2021-07-12,1049.737012987013
MJINI,2021,29,2021-07-19,1049.737012987013
MJINI,2021,30,2021-07-26,1049.737012987013
MJINI,2021,31,2021-08-02,1049.737012987013
MJINI,2021,32,2021-08-09,1049.737012987013
MJINI,2021,33,2021-08-16,1049.737012987013
MJINI,2021,34,2021-08-23,1049.737012987013
MJINI,2021,35,2021-08-30,1049.737012987013
MJINI,2021,36,2021-09-06,1049.737012987013
MJINI,2021,37,2021-09-13,1049.737012987013
MJINI,2021,38,2021-09-20,1049.737012987013
MJINI,2021,39,2021-09-27,1049.737012987013
MJINI,2021,40,2021-10-04,1049.737012987013
MJINI,2021,41,2021-10-11,1049.737012987013
MJINI,2021,42,2021-10-18,1049.737012987013
MJINI,2021,43,2021-10-25,1049.737012987013
MJINI,2021,44,2021-11-01,1049.737012987013
MJINI,2021,45,2021-11-08,1049.737012987013
MJINI,2021,46,2021-11-15,1049.737012987013
MJINI,2021,47,2021-11-22,1049.737012987013
MJINI,2021,48,2021-11-29,1049.737012987013
MJINI,2021,49,2021-12-06,1049.737012987013
MJINI,2021,50,2021-12-13,1049.737012987013
MJINI,2021,51,2021-12-20,1049.737012987013
MJINI,2021,52,2021-12-27,1049.737012987013
MJINI,2022,1,2022-01-03,1049.737012987013
MJINI,2022,2,2022-01-10,1049.737012987013
MJINI,2022,3,2022-01-17,1049.737012987013
MJINI,2022,4,2022-01-24,1049.737012987013
MJINI,2022,5,2022-01-31,1049.737012987013
MJINI,2022,6,2022-02-07,1049.737012987013
MJINI,2022,7,2022-02-14,1049.737012987013
MJINI,2022,8,2022-02-21,1049.737012987013
MJINI,2022,9,2022-02-28,712.8766233766233
MJINI,2022,10,2022-03-07,712.8766233766233
MJINI,2022,11,2022-03-14,712.8766233766233
MJINI,2022,12,2022-03-21,712.8766233766233
MJINI,2022,13,2022-03-28,712.8766233766233
MJINI,2022,14,2022-04-04,712.8766233766233
MJINI,2022,15,2022-04-11,712.8766233766233
MJINI,2022,16,2022-04-18,712.8766233766233
MJINI,2022,17,2022-04-25,712.8766233766233
MJINI,2022,18,2022-05-02,712.8766233766233
MJINI,2022,19,2022-05-09,712.8766233766233
MJINI,2022,20,2022-05-16,712.8766233766233
MJINI,2022,21,2022-05-23,712.8766233766233
MJINI,2022,22,2022-05-30,712.8766233766233
MJINI,2022,23,2022-06-06,712.8766233766233
MJINI,2022,24,2022-06-13,712.8766233766233
MJINI,2022,25,2022-06-20,712.8766233766233
MJINI,2022,26,2022-06-27,712.8766233766233
MJINI,2022,27,2022-07-04,712.8766233766233
MJINI,2022,28,2022-07-11,712.8766233766233
MJINI,2022,29,2022-07-18,712.8766233766233
MJINI,2022,30,2022-07-25,712.8766233766233
MJINI,2022,31,2022-08-01,712.8766233766233
MJINI,2022,32,2022-08-08,712.8766233766233
MJINI,2022,33,2022-08-15,712.8766233766233
MJINI,2022,34,2022-08-22,712.8766233766233
MJINI,2022,35,2022-08-29,712.8766233766233
MJINI,2022,36,2022-09-05,712.8766233766233
MJINI,2022,37,2022-09-12,712.8766233766233
MJINI,2022,38,2022-09-19,712.8766233766233
MJINI,2022,39,2022-09-26,712.8766233766233
MJINI,2022,40,2022-10-03,712.8766233766233
MJINI,2022,41,2022-10-10,712.8766233766233
MJINI,2022,42,2022-10-17,712.8766233766233
MJINI,2022,43,2022-10-24,712.8766233766233
MJINI,2022,44,2022-10-31,712.8766233766233
MJINI,2022,45,2022-11-07,712.8766233766233
MJINI,2022,46,2022-11-14,712.8766233766233
MJINI,2022,47,2022-11-21,712.8766233766233
MJINI,2022,48,2022-11-28,712.8766233766233
MJINI,2022,49,2022-12-05,712.8766233766233
MJINI,2022,50,2022-12-12,712.8766233766233
MJINI,2022,51,2022-12-19,712.8766233766233
MJINI,2022,52,2022-12-26,712.8766233766233
MJINI,2023,1,2023-01-02,914.1753246753246
MJINI,2023,2,2023-01-09,914.1753246753246
MJINI,2023,3,2023-01-16,914.1753246753246
MJINI,2023,4,2023-01-23,914.1753246753246
MJINI,2023,5,2023-01-30,914.1753246753246
MJINI,2023,6,2023-02-06,914.1753246753246
MJINI,2023,7,2023-02-13,914.1753246753246
MJINI,2023,8,2023-02-20,914.1753246753246
MJINI,2023,9,2023-02-27,201.2987012987013
MJINI,2023,10,2023-03-06,201.2987012987013
MJINI,2023,11,2023-03-13,201.2987012987013
MJINI,2023,12,2023-03-20,201.2987012987013
MJINI,2023,13,2023-03-27,201.2987012987013
MJINI,2023,14,2023-04-03,201.2987012987013
MJINI,2023,15,2023-04-10,201.2987012987013
MJINI,2023,16,2023-04-17,201.2987012987013
MJINI,2023,17,2023-04-24,201.2987012987013
MJINI,2023,18,2023-05-01,201.2987012987013
MJINI,2023,19,2023-05-08,201.2987012987013
MJINI,2023,20,2023-05-15,201.2987012987013
MJINI,2023,21,2023-05-22,201.2987012987013
MJINI,2023,22,2023-05-29,201.2987012987013
MJINI,2023,23,2023-06-05,201.2987012987013
MJINI,2023,24,2023-06-12,201.2987012987013
MJINI,2023,25,2023-06-19,201.2987012987013
MJINI,2023,26,2023-06-26,201.2987012987013
MJINI,2023,27,2023-07-03,201.2987012987013
MJINI,2023,28,2023-07-10,201.2987012987013
MJINI,2023,29,2023-07-17,201.2987012987013
MJINI,2023,30,2023-07-24,201.2987012987013
MJINI,2023,31,2023-07-31,201.2987012987013
MJINI,2023,32,2023-08-07,201.2987012987013
MJINI,2023,33,2023-08-14,201.2987012987013
MJINI,2023,34,2023-08-21,201.2987012987013
MJINI,2023,35,2023-08-28,201.2987012987013
MJINI,2023,36,2023-09-04,201.2987012987013
MJINI,2023,37,2023-09-11,201.2987012987013
MJINI,2023,38,2023-09-18,201.2987012987013
MJINI,2023,39,2023-09-25,201.2987012987013
MJINI,2023,40,2023-10-02,201.2987012987013
MJINI,2023,41,2023-10-09,201.2987012987013
MJINI,2023,42,2023-10-16,201.2987012987013
MJINI,2023,43,2023-10-23,201.2987012987013
MJINI,2023,44,2023-10-30,201.2987012987013
MJINI,2023,45,2023-11-06,201.2987012987013
MJINI,2023,46,2023-11-13,201.2987012987013
MJINI,2023,47,2023-11-20,201.2987012987013
MJINI,2023,48,2023-11-27,201.2987012987013
MJINI,2023,49,2023-12-04,201.2987012987013
MJINI,2023,50,2023-12-11,201.2987012987013
MJINI,2023,51,2023-12-18,201.2987012987013
MJINI,2023,52,2023-12-25,201.2987012987013
MJINI,2024,1,2024-01-01,201.2987012987013
MJINI,2024,2,2024-01-08,201.2987012987013
MJINI,2024,3,2024-01-15,201.2987012987013
MJINI,2024,4,2024-01-22,201.2987012987013
MJINI,2024,5,2024-01-29,201.2987012987013
MJINI,2024,6,2024-02-05,201.2987012987013
MJINI,2024,7,2024-02-12,201.2987012987013
MJINI,2024,8,2024-02-19,201.2987012987013
MJINI,2024,9,2024-02-26,201.2987012987013
MJINI,2024,10,2024-03-04,201.2987012987013
MJINI,2024,11,2024-03-11,201.2987012987013
MJINI,2024,12,2024-03-18,201.2987012987013
MJINI,2024,13,2024-03-25,201.2987012987013
MJINI,2024,14,2024-04-01,201.2987012987013
MJINI,2024,15,2024-04-08,201.2987012987013
MJINI,2024,16,2024-04-15,201.2987012987013
MJINI,2024,17,2024-04-22,201.2987012987013
MJINI,2024,18,2024-04-29,201.2987012987013
MJINI,2024,19,2024-05-06,201.2987012987013
MJINI,2024,20,2024-05-13,201.2987012987013
MJINI,2024,21,2024-05-20,201.2987012987013
MJINI,2024,22,2024-05-27,201.2987012987013
MJINI,2024,23,2024-06-03,201.2987012987013
MJINI,2024,24,2024-06-10,201.2987012987013
MJINI,2024,25,2024-06-17,201.2987012987013
MJINI,2024,26,2024-06-24,201.2987012987013
MJINI,2024,27,2024-07-01,201.2987012987013
MJINI,2024,28,2024-07-08,201.2987012987013
MJINI,2024,29,2024-07-15,201.2987012987013
MJINI,2024,30,2024-07-22,201.2987012987013
MJINI,2024,31,2024-07-29,201.2987012987013
MJINI,2024,32,2024-08-05,201.2987012987013
MJINI,2024,33,2024-08-12,201.2987012987013
MJINI,2024,34,2024-08-19,201.2987012987013
MJINI,2024,35,2024-08-26,201.2987012987013
MJINI,2024,36,2024-09-02,201.2987012987013
MJINI,2024,37,2024-09-09,201.2987012987013
MJINI,2024,38,2024-09-16,201.2987012987013
MJINI,2024,39,2024-09-23,201.2987012987013
MJINI,2024,40,2024-09-30,201.2987012987013
MJINI,2024,41,2024-10-07,201.2987012987013
MJINI,2024,42,2024-10-14,201.2987012987013
MJINI,2024,43,2024-10-21,201.2987012987013
MJINI,2024,44,2024-10-28,201.2987012987013
MJINI,2024,45,2024-11-04,201.2987012987013
MJINI,2024,46,2024-11-11,201.2987012987013
MJINI,2024,47,2024-11-18,201.2987012987013
MJINI,2024,48,2024-11-25,201.2987012987013
MJINI,2024,49,2024-12-02,201.2987012987013
MJINI,2024,50,2024-12-09,201.2987012987013
MJINI,2024,51,2024-12-16,201.2987012987013
MJINI,2024,52,2024-12-23,201.2987012987013
MJINI,2024,1,2024-12-30,201.2987012987013
KASKAZINI B,2018,1,2018-01-01,144.53896103896102
KASKAZINI B,2018,2,2018-01-08,144.53896103896102
KASKAZINI B,2018,3,2018-01-15,144.53896103896102
KASKAZINI B,2018,4,2018-01-22,144.53896103896102
KASKAZINI B,2018,5,2018-01-29,144.53896103896102
KASKAZINI B,2018,6,2018-02-05,144.53896103896102
KASKAZINI B,2018,7,2018-02-12,144.53896103896102
KASKAZINI B,2018,8,2018-02-19,144.53896103896102
KASKAZINI B,2018,9,2018-02-26,144.53896103896102
KASKAZINI B,2018,10,2018-03-05,144.53896103896102
KASKAZINI B,2018,11,2018-03-12,144.53896103896102
KASKAZINI B,2018,12,2018-03-19,144.53896103896102
KASKAZINI B,2018,13,2018-03-26,144.53896103896102
KASKAZINI B,2018,14,2018-04-02,144.53896103896102
KASKAZINI B,2018,15,2018-04-09,144.53896103896102
KASKAZINI B,2018,16,2018-04-16,144.53896103896102
KASKAZINI B,2018,17,2018-04-23,144.53896103896102
KASKAZINI B,2018,18,2018-04-30,144.53896103896102
KASKAZINI B,2018,19,2018-05-07,144.53896103896102
KASKAZINI B,2018,20,2018-05-14,144.53896103896102
KASKAZINI B,2018,21,2018-05-21,144.53896103896102
KASKAZINI B,2018,22,2018-05-28,144.53896103896102
KASKAZINI B,2018,23,2018-06-04,144.53896103896102
KASKAZINI B,2018,24,2018-06-11,144.53896103896102
KASKAZINI B,2018,25,2018-06-18,144.53896103896102
KASKAZINI B,2018,26,2018-06-25,144.53896103896102
KASKAZINI B,2018,27,2018-07-02,144.53896103896102
KASKAZINI B,2018,28,2018-07-09,144.53896103896102
KASKAZINI B,2018,29,2018-07-16,144.53896103896102
KASKAZINI B,2018,30,2018-07-23,144.53896103896102
KASKAZINI B,2018,31,2018-07-30,144.53896103896102
KASKAZINI B,2018,32,2018-08-06,144.53896103896102
KASKAZINI B,2018,33,2018-08-13,144.53896103896102
KASKAZINI B,2018,34,2018-08-20,144.53896103896102
KASKAZINI B,2018,35,2018-08-27,144.53896103896102
KASKAZINI B,2018,36,2018-09-03,144.53896103896102
KASKAZINI B,2018,37,2018-09-10,144.53896103896102
KASKAZINI B,2018,38,2018-09-17,144.53896103896102
KASKAZINI B,2018,39,2018-09-24,144.53896103896102
KASKAZINI B,2018,40,2018-10-01,144.53896103896102
KASKAZINI B,2018,41,2018-10-08,144.53896103896102
KASKAZINI B,2018,42,2018-10-15,144.53896103896102
KASKAZINI B,2018,43,2018-10-22,144.53896103896102
KASKAZINI B,2018,44,2018-10-29,144.53896103896102
KASKAZINI B,2018,45,2018-11-05,144.53896103896102
KASKAZINI B,2018,46,2018-11-12,144.53896103896102
KASKAZINI B,2018,47,2018-11-19,144.53896103896102
KASKAZINI B,2018,48,2018-11-26,144.53896103896102
KASKAZINI B,2018,49,2018-12-03,144.53896103896102
KASKAZINI B,2018,50,2018-12-10,144.53896103896102
KASKAZINI B,2018,51,2018-12-17,144.53896103896102
KASKAZINI B,2018,52,2018-12-24,144.53896103896102
KASKAZINI B,2018,1,2018-12-31,144.53896103896102
KASKAZINI B,2019,2,2019-01-07,325.0373376623377
KASKAZINI B,2019,3,2019-01-14,325.0373376623377
KASKAZINI B,2019,4,2019-01-21,325.0373376623377
KASKAZINI B,2019,5,2019-01-28,325.0373376623377
KASKAZINI B,2019,6,2019-02-04,325.0373376623377
KASKAZINI B,2019,7,2019-02-11,325.0373376623377
KASKAZINI B,2019,8,2019-02-18,325.0373376623377
KASKAZINI B,2019,9,2019-02-25,325.0373376623377
KASKAZINI B,2019,10,2019-03-04,325.0373376623377
KASKAZINI B,2019,11,2019-03-11,325.0373376623377
KASKAZINI B,2019,12,2019-03-18,325.0373376623377
KASKAZINI B,2019,13,2019-03-25,325.0373376623377
KASKAZINI B,2019,14,2019-04-01,325.0373376623377
KASKAZINI B,2019,15,2019-04-08,325.0373376623377
KASKAZINI B,2019,16,2019-04-15,325.0373376623377
KASKAZINI B,2019,17,2019-04-22,325.0373376623377
KASKAZINI B,2019,18,2019-04-29,325.0373376623377
KASKAZINI B,2019,19,2019-05-06,325.0373376623377
KASKAZINI B,2019,20,2019-05-13,325.0373376623377
KASKAZINI B,2019,21,2019-05-20,325.0373376623377
KASKAZINI B,2019,22,2019-05-27,325.0373376623377
KASKAZINI B,2019,23,2019-06-03,325.0373376623377
KASKAZINI B,2019,24,2019-06-10,325.0373376623377
KASKAZINI B,2019,25,2019-06-17,325.0373376623377
KASKAZINI B,2019,26,2019-06-24,325.0373376623377
KASKAZINI B,2019,27,2019-07-01,325.0373376623377
KASKAZINI B,2019,28,2019-07-08,325.0373376623377
KASKAZINI B,2019,29,2019-07-15,325.0373376623377
KASKAZINI B,2019,30,2019-07-22,325.0373376623377
KASKAZINI B,2019,31,2019-07-29,325.0373376623377
KASKAZINI B,2019,32,2019-08-05,325.0373376623377
KASKAZINI B,2019,33,2019-08-12,325.0373376623377
KASKAZINI B,2019,34,2019-08-19,325.0373376623377
KASKAZINI B,2019,35,2019-08-26,325.0373376623377
KASKAZINI B,2019,36,2019-09-02,325.0373376623377
KASKAZINI B,2019,37,2019-09-09,325.0373376623377
KASKAZINI B,2019,38,2019-09-16,325.0373376623377
KASKAZINI B,2019,39,2019-09-23,325.0373376623377
KASKAZINI B,2019,40,2019-09-30,325.0373376623377
KASKAZINI B,2019,41,2019-10-07,325.0373376623377
KASKAZINI B,2019,42,2019-10-14,325.0373376623377
KASKAZINI B,2019,43,2019-10-21,325.0373376623377
KASKAZINI B,2019,44,2019-10-28,325.0373376623377
KASKAZINI B,2019,45,2019-11-04,325.0373376623377
KASKAZINI B,2019,46,2019-11-11,325.0373376623377
KASKAZINI B,2019,47,2019-11-18,325.0373376623377
KASKAZINI B,2019,48,2019-11-25,325.0373376623377
KASKAZINI B,2019,49,2019-12-02,325.0373376623377
KASKAZINI B,2019,50,2019-12-09,325.0373376623377
KASKAZINI B,2019,51,2019-12-16,325.0373376623377
KASKAZINI B,2019,52,2019-12-23,325.0373376623377
KASKAZINI B,2019,1,2019-12-30,325.0373376623377
KASKAZINI B,2020,2,2020-01-06,661.8977272727273
KASKAZINI B,2020,3,2020-01-13,661.8977272727273
KASKAZINI B,2020,4,2020-01-20,661.8977272727273
KASKAZINI B,2020,5,2020-01-27,661.8977272727273
KASKAZINI B,2020,6,2020-02-03,661.8977272727273
KASKAZINI B,2020,7,2020-02-10,661.8977272727273
KASKAZINI B,2020,8,2020-02-17,661.8977272727273
KASKAZINI B,2020,9,2020-02-24,517.3587662337662
KASKAZINI B,2020,10,2020-03-02,517.3587662337662
KASKAZINI B,2020,11,2020-03-09,517.3587662337662
KASKAZINI B,2020,12,2020-03-16,517.3587662337662
KASKAZINI B,2020,13,2020-03-23,517.3587662337662
KASKAZINI B,2020,14,2020-03-30,517.3587662337662
KASKAZINI B,2020,15,2020-04-06,517.3587662337662
KASKAZINI B,2020,16,2020-04-13,517.3587662337662
KASKAZINI B,2020,17,2020-04-20,517.3587662337662
KASKAZINI B,2020,18,2020-04-27,517.3587662337662
KASKAZINI B,2020,19,2020-05-04,517.3587662337662
KASKAZINI B,2020,20,2020-05-11,517.3587662337662
KASKAZINI B,2020,21,2020-05-18,517.3587662337662
KASKAZINI B,2020,22,2020-05-25,517.3587662337662
KASKAZINI B,2020,23,2020-06-01,517.3587662337662
KASKAZINI B,2020,24,2020-06-08,517.3587662337662
KASKAZINI B,2020,25,2020-06-15,517.3587662337662
KASKAZINI B,2020,26,2020-06-22,517.3587662337662
KASKAZINI B,2020,27,2020-06-29,517.3587662337662
KASKAZINI B,2020,28,2020-07-06,517.3587662337662
KASKAZINI B,2020,29,2020-07-13,517.3587662337662
KASKAZINI B,2020,30,2020-07-20,517.3587662337662
KASKAZINI B,2020,31,2020-07-27,517.3587662337662
KASKAZINI B,2020,32,2020-08-03,517.3587662337662
KASKAZINI B,2020,33,2020-08-10,517.3587662337662
KASKAZINI B,2020,34,2020-08-17,517.3587662337662
KASKAZINI B,2020,35,2020-08-24,517.3587662337662
KASKAZINI B,2020,36,2020-08-31,517.3587662337662
KASKAZINI B,2020,37,2020-09-07,517.3587662337662
KASKAZINI B,2020,38,2020-09-14,517.3587662337662
KASKAZINI B,2020,39,2020-09-21,517.3587662337662
KASKAZINI B,2020,40,2020-09-28,517.3587662337662
KASKAZINI B,2020,41,2020-10-05,517.3587662337662
KASKAZINI B,2020,42,2020-10-12,517.3587662337662
KASKAZINI B,2020,43,2020-10-19,517.3587662337662
KASKAZINI B,2020,44,2020-10-26,517.3587662337662
KASKAZINI B,2020,45,2020-11-02,517.3587662337662
KASKAZINI B,2020,46,2020-11-09,517.3587662337662
KASKAZINI B,2020,47,2020-11-16,517.3587662337662
KASKAZINI B,2020,48,2020-11-23,517.3587662337662
KASKAZINI B,2020,49,2020-11-30,517.3587662337662
KASKAZINI B,2020,50,2020-12-07,517.3587662337662
KASKAZINI B,2020,51,2020-12-14,517.3587662337662
KASKAZINI B,2020,52,2020-12-21,517.3587662337662
KASKAZINI B,2020,53,2020-12-28,517.3587662337662
KASKAZINI B,2021,1,2021-01-04,1230.2353896103896
KASKAZINI B,2021,2,2021-01-11,1230.2353896103896
KASKAZINI B,2021,3,2021-01-18,1230.2353896103896
KASKAZINI B,2021,4,2021-01-25,1230.2353896103896
KASKAZINI B,2021,5,2021-02-01,1230.2353896103896
KASKAZINI B,2021,6,2021-02-08,1230.2353896103896
KASKAZINI B,2021,7,2021-02-15,1230.2353896103896
KASKAZINI B,2021,8,2021-02-22,1230.2353896103896
KASKAZINI B,2021,9,2021-03-01,1049.737012987013
KASKAZINI B,2021,10,2021-03-08,1049.737012987013
KASKAZINI B,2021,11,2021-03-15,1049.737012987013
KASKAZINI B,2021,12,2021-03-22,1049.737012987013
KASKAZINI B,2021,13,2021-03-29,1049.737012987013
KASKAZINI B,2021,14,2021-04-05,1049.737012987013
KASKAZINI B,2021,15,2021-04-12,1049.737012987013
KASKAZINI B,2021,16,2021-04-19,1049.737012987013
KASKAZINI B,2021,17,2021-04-26,1049.737012987013
KASKAZINI B,2021,18,2021-05-03,1049.737012987013
KASKAZINI B,2021,19,2021-05-10,1049.737012987013
KASKAZINI B,2021,20,2021-05-17,1049.737012987013
KASKAZINI B,2021,21,2021-05-24,1049.737012987013
KASKAZINI B,2021,22,2021-05-31,1049.737012987013
KASKAZINI B,2021,23,2021-06-07,1049.737012987013
KASKAZINI B,2021,24,2021-06-14,1049.737012987013
KASKAZINI B,2021,25,2021-06-21,1049.737012987013
KASKAZINI B,2021,26,2021-06-28,1049.737012987013
KASKAZINI B,2021,27,2021-07-05,1049.737012987013
KASKAZINI B,2021,28,2021-07-12,1049.737012987013
KASKAZINI B,2021,29,2021-07-19,1049.737012987013
KASKAZINI B,2021,30,2021-07-26,1049.737012987013
KASKAZINI B,2021,31,2021-08-02,1049.737012987013
KASKAZINI B,2021,32,2021-08-09,1049.737012987013
KASKAZINI B,2021,33,2021-08-16,1049.737012987013
KASKAZINI B,2021,34,2021-08-23,1049.737012987013
KASKAZINI B,2021,35,2021-08-30,1049.737012987013
KASKAZINI B,2021,36,2021-09-06,1049.737012987013
KASKAZINI B,2021,37,2021-09-13,1049.737012987013
KASKAZINI B,2021,38,2021-09-20,1049.737012987013
KASKAZINI B,2021,39,2021-09-27,1049.737012987013
KASKAZINI B,2021,40,2021-10-04,1049.737012987013
KASKAZINI B,2021,41,2021-10-11,1049.737012987013
KASKAZINI B,2021,42,2021-10-18,1049.737012987013
KASKAZINI B,2021,43,2021-10-25,1049.737012987013
KASKAZINI B,2021,44,2021-11-01,1049.737012987013
KASKAZINI B,2021,45,2021-11-08,1049.737012987013
KASKAZINI B,2021,46,2021-11-15,1049.737012987013
KASKAZINI B,2021,47,2021-11-22,1049.737012987013
KASKAZINI B,2021,48,2021-11-29,1049.737012987013
KASKAZINI B,2021,49,2021-12-06,1049.737012987013
KASKAZINI B,2021,50,2021-12-13,1049.737012987013
KASKAZINI B,2021,51,2021-12-20,1049.737012987013
KASKAZINI B,2021,52,2021-12-27,1049.737012987013
KASKAZINI B,2022,1,2022-01-03,1049.737012987013
KASKAZINI B,2022,2,2022-01-10,1049.737012987013
KASKAZINI B,2022,3,2022-01-17,1049.737012987013
KASKAZINI B,2022,4,2022-01-24,1049.737012987013
KASKAZINI B,2022,5,2022-01-31,1049.737012987013
KASKAZINI B,2022,6,2022-02-07,1049.737012987013
KASKAZINI B,2022,7,2022-02-14,1049.737012987013
KASKAZINI B,2022,8,2022-02-21,1049.737012987013
KASKAZINI B,2022,9,2022-02-28,712.8766233766233
KASKAZINI B,2022,10,2022-03-07,712.8766233766233
KASKAZINI B,2022,11,2022-03-14,712.8766233766233
KASKAZINI B,2022,12,2022-03-21,712.8766233766233
KASKAZINI B,2022,13,2022-03-28,712.8766233766233
KASKAZINI B,2022,14,2022-04-04,712.8766233766233
KASKAZINI B,2022,15,2022-04-11,712.8766233766233
KASKAZINI B,2022,16,2022-04-18,712.8766233766233
KASKAZINI B,2022,17,2022-04-25,712.8766233766233
KASKAZINI B,2022,18,2022-05-02,712.8766233766233
KASKAZINI B,2022,19,2022-05-09,712.8766233766233
KASKAZINI B,2022,20,2022-05-16,712.8766233766233
KASKAZINI B,2022,21,2022-05-23,712.8766233766233
KASKAZINI B,2022,22,2022-05-30,712.8766233766233
KASKAZINI B,2022,23,2022-06-06,712.8766233766233
KASKAZINI B,2022,24,2022-06-13,712.8766233766233
KASKAZINI B,2022,25,2022-06-20,712.8766233766233
KASKAZINI B,2022,26,2022-06-27,712.8766233766233
KASKAZINI B,2022,27,2022-07-04,712.8766233766233
KASKAZINI B,2022,28,2022-07-11,712.8766233766233
KASKAZINI B,2022,29,2022-07-18,712.8766233766233
KASKAZINI B,2022,30,2022-07-25,712.8766233766233
KASKAZINI B,2022,31,2022-08-01,712.8766233766233
KASKAZINI B,2022,32,2022-08-08,712.8766233766233
KASKAZINI B,2022,33,2022-08-15,712.8766233766233
KASKAZINI B,2022,34,2022-08-22,712.8766233766233
KASKAZINI B,2022,35,2022-08-29,712.8766233766233
KASKAZINI B,2022,36,2022-09-05,712.8766233766233
KASKAZINI B,2022,37,2022-09-12,712.8766233766233
KASKAZINI B,2022,38,2022-09-19,712.8766233766233
KASKAZINI B,2022,39,2022-09-26,712.8766233766233
KASKAZINI B,2022,40,2022-10-03,712.8766233766233
KASKAZINI B,2022,41,2022-10-10,712.8766233766233
KASKAZINI B,2022,42,2022-10-17,712.8766233766233
KASKAZINI B,2022,43,2022-10-24,712.8766233766233
KASKAZINI B,2022,44,2022-10-31,712.8766233766233
KASKAZINI B,2022,45,2022-11-07,712.8766233766233
KASKAZINI B,2022,46,2022-11-14,712.8766233766233
KASKAZINI B,2022,47,2022-11-21,712.8766233766233
KASKAZINI B,2022,48,2022-11-28,712.8766233766233
KASKAZINI B,2022,49,2022-12-05,712.8766233766233
KASKAZINI B,2022,50,2022-12-12,712.8766233766233
KASKAZINI B,2022,51,2022-12-19,712.8766233766233
KASKAZINI B,2022,52,2022-12-26,712.8766233766233
KASKAZINI B,2023,1,2023-01-02,914.1753246753246
KASKAZINI B,2023,2,2023-01-09,914.1753246753246
KASKAZINI B,2023,3,2023-01-16,914.1753246753246
KASKAZINI B,2023,4,2023-01-23,914.1753246753246
KASKAZINI B,2023,5,2023-01-30,914.1753246753246
KASKAZINI B,2023,6,2023-02-06,914.1753246753246
KASKAZINI B,2023,7,2023-02-13,914.1753246753246
KASKAZINI B,2023,8,2023-02-20,914.1753246753246
KASKAZINI B,2023,9,2023-02-27,201.2987012987013
KASKAZINI B,2023,10,2023-03-06,201.2987012987013
KASKAZINI B,2023,11,2023-03-13,201.2987012987013
KASKAZINI B,2023,12,2023-03-20,201.2987012987013
KASKAZINI B,2023,13,2023-03-27,201.2987012987013
KASKAZINI B,2023,14,2023-04-03,201.2987012987013
KASKAZINI B,2023,15,2023-04-10,201.2987012987013
KASKAZINI B,2023,16,2023-04-17,201.2987012987013
KASKAZINI B,2023,17,2023-04-24,201.2987012987013
KASKAZINI B,2023,18,2023-05-01,201.2987012987013
KASKAZINI B,2023,19,2023-05-08,201.2987012987013
KASKAZINI B,2023,20,2023-05-15,201.2987012987013
KASKAZINI B,2023,21,2023-05-22,201.2987012987013
KASKAZINI B,2023,22,2023-05-29,201.2987012987013
KASKAZINI B,2023,23,2023-06-05,201.2987012987013
KASKAZINI B,2023,24,2023-06-12,201.2987012987013
KASKAZINI B,2023,25,2023-06-19,201.2987012987013
KASKAZINI B,2023,26,2023-06-26,201.2987012987013
KASKAZINI B,2023,27,2023-07-03,201.2987012987013
KASKAZINI B,2023,28,2023-07-10,201.2987012987013
KASKAZINI B,2023,29,2023-07-17,201.2987012987013
KASKAZINI B,2023,30,2023-07-24,201.2987012987013
KASKAZINI B,2023,31,2023-07-31,201.2987012987013
KASKAZINI B,2023,32,2023-08-07,201.2987012987013
KASKAZINI B,2023,33,2023-08-14,201.2987012987013
KASKAZINI B,2023,34,2023-08-21,201.2987012987013
KASKAZINI B,2023,35,2023-08-28,201.2987012987013
KASKAZINI B,2023,36,2023-09-04,201.2987012987013
KASKAZINI B,2023,37,2023-09-11,201.2987012987013
KASKAZINI B,2023,38,2023-09-18,201.2987012987013
KASKAZINI B,2023,39,2023-09-25,201.2987012987013
KASKAZINI B,2023,40,2023-10-02,201.2987012987013
KASKAZINI B,2023,41,2023-10-09,201.2987012987013
KASKAZINI B,2023,42,2023-10-16,201.2987012987013
KASKAZINI B,2023,43,2023-10-23,201.2987012987013
KASKAZINI B,2023,44,2023-10-30,201.2987012987013
KASKAZINI B,2023,45,2023-11-06,201.2987012987013
KASKAZINI B,2023,46,2023-11-13,201.2987012987013
KASKAZINI B,2023,47,2023-11-20,201.2987012987013
KASKAZINI B,2023,48,2023-11-27,201.2987012987013
KASKAZINI B,2023,49,2023-12-04,201.2987012987013
KASKAZINI B,2023,50,2023-12-11,201.2987012987013
KASKAZINI B,2023,51,2023-12-18,201.2987012987013
KASKAZINI B,2023,52,2023-12-25,201.2987012987013
KASKAZINI B,2024,1,2024-01-01,201.2987012987013
KASKAZINI B,2024,2,2024-01-08,201.2987012987013
KASKAZINI B,2024,3,2024-01-15,201.2987012987013
KASKAZINI B,2024,4,2024-01-22,201.2987012987013
KASKAZINI B,2024,5,2024-01-29,201.2987012987013
KASKAZINI B,2024,6,2024-02-05,201.2987012987013
KASKAZINI B,2024,7,2024-02-12,201.2987012987013
KASKAZINI B,2024,8,2024-02-19,201.2987012987013
KASKAZINI B,2024,9,2024-02-26,201.2987012987013
KASKAZINI B,2024,10,2024-03-04,201.2987012987013
KASKAZINI B,2024,11,2024-03-11,201.2987012987013
KASKAZINI B,2024,12,2024-03-18,201.2987012987013
KASKAZINI B,2024,13,2024-03-25,201.2987012987013
KASKAZINI B,2024,14,2024-04-01,201.2987012987013
KASKAZINI B,2024,15,2024-04-08,201.2987012987013
KASKAZINI B,2024,16,2024-04-15,201.2987012987013
KASKAZINI B,2024,17,2024-04-22,201.2987012987013
KASKAZINI B,2024,18,2024-04-29,201.2987012987013
KASKAZINI B,2024,19,2024-05-06,201.2987012987013
KASKAZINI B,2024,20,2024-05-13,201.2987012987013
KASKAZINI B,2024,21,2024-05-20,201.2987012987013
KASKAZINI B,2024,22,2024-05-27,201.2987012987013
KASKAZINI B,2024,23,2024-06-03,201.2987012987013
KASKAZINI B,2024,24,2024-06-10,201.2987012987013
KASKAZINI B,2024,25,2024-06-17,201.2987012987013
KASKAZINI B,2024,26,2024-06-24,201.2987012987013
KASKAZINI B,2024,27,2024-07-01,201.2987012987013
KASKAZINI B,2024,28,2024-07-08,201.2987012987013
KASKAZINI B,2024,29,2024-07-15,201.2987012987013
KASKAZINI B,2024,30,2024-07-22,201.2987012987013
KASKAZINI B,2024,31,2024-07-29,201.2987012987013
KASKAZINI B,2024,32,2024-08-05,201.2987012987013
KASKAZINI B,2024,33,2024-08-12,201.2987012987013
KASKAZINI B,2024,34,2024-08-19,201.2987012987013
KASKAZINI B,2024,35,2024-08-26,201.2987012987013
KASKAZINI B,2024,36,2024-09-02,201.2987012987013
KASKAZINI B,2024,37,2024-09-09,201.2987012987013
KASKAZINI B,2024,38,2024-09-16,201.2987012987013
KASKAZINI B,2024,39,2024-09-23,201.2987012987013
KASKAZINI B,2024,40,2024-09-30,201.2987012987013
KASKAZINI B,2024,41,2024-10-07,201.2987012987013
KASKAZINI B,2024,42,2024-10-14,201.2987012987013
KASKAZINI B,2024,43,2024-10-21,201.2987012987013
KASKAZINI B,2024,44,2024-10-28,201.2987012987013
KASKAZINI B,2024,45,2024-11-04,201.2987012987013
KASKAZINI B,2024,46,2024-11-11,201.2987012987013
KASKAZINI B,2024,47,2024-11-18,201.2987012987013
KASKAZINI B,2024,48,2024-11-25,201.2987012987013
KASKAZINI B,2024,49,2024-12-02,201.2987012987013
KASKAZINI B,2024,50,2024-12-09,201.2987012987013
KASKAZINI B,2024,51,2024-12-16,201.2987012987013
KASKAZINI B,2024,52,2024-12-23,201.2987012987013
KASKAZINI B,2024,1,2024-12-30,201.2987012987013
MAGHARIBI  A,2018,1,2018-01-01,144.53896103896102
MAGHARIBI  A,2018,2,2018-01-08,144.53896103896102
MAGHARIBI  A,2018,3,2018-01-15,144.53896103896102
MAGHARIBI  A,2018,4,2018-01-22,144.53896103896102
MAGHARIBI  A,2018,5,2018-01-29,144.53896103896102
MAGHARIBI  A,2018,6,2018-02-05,144.53896103896102
MAGHARIBI  A,2018,7,2018-02-12,144.53896103896102
MAGHARIBI  A,2018,8,2018-02-19,144.53896103896102
MAGHARIBI  A,2018,9,2018-02-26,144.53896103896102
MAGHARIBI  A,2018,10,2018-03-05,144.53896103896102
MAGHARIBI  A,2018,11,2018-03-12,144.53896103896102
MAGHARIBI  A,2018,12,2018-03-19,144.53896103896102
MAGHARIBI  A,2018,13,2018-03-26,144.53896103896102
MAGHARIBI  A,2018,14,2018-04-02,144.53896103896102
MAGHARIBI  A,2018,15,2018-04-09,144.53896103896102
MAGHARIBI  A,2018,16,2018-04-16,144.53896103896102
MAGHARIBI  A,2018,17,2018-04-23,144.53896103896102
MAGHARIBI  A,2018,18,2018-04-30,144.53896103896102
MAGHARIBI  A,2018,19,2018-05-07,144.53896103896102
MAGHARIBI  A,2018,20,2018-05-14,144.53896103896102
MAGHARIBI  A,2018,21,2018-05-21,144.53896103896102
MAGHARIBI  A,2018,22,2018-05-28,144.53896103896102
MAGHARIBI  A,2018,23,2018-06-04,144.53896103896102
MAGHARIBI  A,2018,24,2018-06-11,144.53896103896102
MAGHARIBI  A,2018,25,2018-06-18,144.53896103896102
MAGHARIBI  A,2018,26,2018-06-25,144.53896103896102
MAGHARIBI  A,2018,27,2018-07-02,144.53896103896102
MAGHARIBI  A,2018,28,2018-07-09,144.53896103896102
MAGHARIBI  A,2018,29,2018-07-16,144.53896103896102
MAGHARIBI  A,2018,30,2018-07-23,144.53896103896102
MAGHARIBI  A,2018,31,2018-07-30,144.53896103896102
MAGHARIBI  A,2018,32,2018-08-06,144.53896103896102
MAGHARIBI  A,2018,33,2018-08-13,144.53896103896102
MAGHARIBI  A,2018,34,2018-08-20,144.53896103896102
MAGHARIBI  A,2018,35,2018-08-27,144.53896103896102
MAGHARIBI  A,2018,36,2018-09-03,144.53896103896102
MAGHARIBI  A,2018,37,2018-09-10,144.53896103896102
MAGHARIBI  A,2018,38,2018-09-17,144.53896103896102
MAGHARIBI  A,2018,39,2018-09-24,144.53896103896102
MAGHARIBI  A,2018,40,2018-10-01,144.53896103896102
MAGHARIBI  A,2018,41,2018-10-08,144.53896103896102
MAGHARIBI  A,2018,42,2018-10-15,144.53896103896102
MAGHARIBI  A,2018,43,2018-10-22,144.53896103896102
MAGHARIBI  A,2018,44,2018-10-29,144.53896103896102
MAGHARIBI  A,2018,45,2018-11-05,144.53896103896102
MAGHARIBI  A,2018,46,2018-11-12,144.53896103896102
MAGHARIBI  A,2018,47,2018-11-19,144.53896103896102
MAGHARIBI  A,2018,48,2018-11-26,144.53896103896102
MAGHARIBI  A,2018,49,2018-12-03,144.53896103896102
MAGHARIBI  A,2018,50,2018-12-10,144.53896103896102
MAGHARIBI  A,2018,51,2018-12-17,144.53896103896102
MAGHARIBI  A,2018,52,2018-12-24,144.53896103896102
MAGHARIBI  A,2018,1,2018-12-31,144.53896103896102
MAGHARIBI  A,2019,2,2019-01-07,325.0373376623377
MAGHARIBI  A,2019,3,2019-01-14,325.0373376623377
MAGHARIBI  A,2019,4,2019-01-21,325.0373376623377
MAGHARIBI  A,2019,5,2019-01-28,325.0373376623377
MAGHARIBI  A,2019,6,2019-02-04,325.0373376623377
MAGHARIBI  A,2019,7,2019-02-11,325.0373376623377
MAGHARIBI  A,2019,8,2019-02-18,325.0373376623377
MAGHARIBI  A,2019,9,2019-02-25,325.0373376623377
MAGHARIBI  A,2019,10,2019-03-04,325.0373376623377
MAGHARIBI  A,2019,11,2019-03-11,325.0373376623377
MAGHARIBI  A,2019,12,2019-03-18,325.0373376623377
MAGHARIBI  A,2019,13,2019-03-25,325.0373376623377
MAGHARIBI  A,2019,14,2019-04-01,325.0373376623377
MAGHARIBI  A,2019,15,2019-04-08,325.0373376623377
MAGHARIBI  A,2019,16,2019-04-15,325.0373376623377
MAGHARIBI  A,2019,17,2019-04-22,325.0373376623377
MAGHARIBI  A,2019,18,2019-04-29,325.0373376623377
MAGHARIBI  A,2019,19,2019-05-06,325.0373376623377
MAGHARIBI  A,2019,20,2019-05-13,325.0373376623377
MAGHARIBI  A,2019,21,2019-05-20,325.0373376623377
MAGHARIBI  A,2019,22,2019-05-27,325.0373376623377
MAGHARIBI  A,2019,23,2019-06-03,325.0373376623377
MAGHARIBI  A,2019,24,2019-06-10,325.0373376623377
MAGHARIBI  A,2019,25,2019-06-17,325.0373376623377
MAGHARIBI  A,2019,26,2019-06-24,325.0373376623377
MAGHARIBI  A,2019,27,2019-07-01,325.0373376623377
MAGHARIBI  A,2019,28,2019-07-08,325.0373376623377
MAGHARIBI  A,2019,29,2019-07-15,325.0373376623377
MAGHARIBI  A,2019,30,2019-07-22,325.0373376623377
MAGHARIBI  A,2019,31,2019-07-29,325.0373376623377
MAGHARIBI  A,2019,32,2019-08-05,325.0373376623377
MAGHARIBI  A,2019,33,2019-08-12,325.0373376623377
MAGHARIBI  A,2019,34,2019-08-19,325.0373376623377
MAGHARIBI  A,2019,35,2019-08-26,325.0373376623377
MAGHARIBI  A,2019,36,2019-09-02,325.0373376623377
MAGHARIBI  A,2019,37,2019-09-09,325.0373376623377
MAGHARIBI  A,2019,38,2019-09-16,325.0373376623377
MAGHARIBI  A,2019,39,2019-09-23,325.0373376623377
MAGHARIBI  A,2019,40,2019-09-30,325.0373376623377
MAGHARIBI  A,2019,41,2019-10-07,325.0373376623377
MAGHARIBI  A,2019,42,2019-10-14,325.0373376623377
MAGHARIBI  A,2019,43,2019-10-21,325.0373376623377
MAGHARIBI  A,2019,44,2019-10-28,325.0373376623377
MAGHARIBI  A,2019,45,2019-11-04,325.0373376623377
MAGHARIBI  A,2019,46,2019-11-11,325.0373376623377
MAGHARIBI  A,2019,47,2019-11-18,325.0373376623377
MAGHARIBI  A,2019,48,2019-11-25,325.0373376623377
MAGHARIBI  A,2019,49,2019-12-02,325.0373376623377
MAGHARIBI  A,2019,50,2019-12-09,325.0373376623377
MAGHARIBI  A,2019,51,2019-12-16,325.0373376623377
MAGHARIBI  A,2019,52,2019-12-23,325.0373376623377
MAGHARIBI  A,2019,1,2019-12-30,325.0373376623377
MAGHARIBI  A,2020,2,2020-01-06,661.8977272727273
MAGHARIBI  A,2020,3,2020-01-13,661.8977272727273
MAGHARIBI  A,2020,4,2020-01-20,661.8977272727273
MAGHARIBI  A,2020,5,2020-01-27,661.8977272727273
MAGHARIBI  A,2020,6,2020-02-03,661.8977272727273
MAGHARIBI  A,2020,7,2020-02-10,661.8977272727273
MAGHARIBI  A,2020,8,2020-02-17,661.8977272727273
MAGHARIBI  A,2020,9,2020-02-24,517.3587662337662
MAGHARIBI  A,2020,10,2020-03-02,517.3587662337662
MAGHARIBI  A,2020,11,2020-03-09,517.3587662337662
MAGHARIBI  A,2020,12,2020-03-16,517.3587662337662
MAGHARIBI  A,2020,13,2020-03-23,517.3587662337662
MAGHARIBI  A,2020,14,2020-03-30,517.3587662337662
MAGHARIBI  A,2020,15,2020-04-06,517.3587662337662
MAGHARIBI  A,2020,16,2020-04-13,517.3587662337662
MAGHARIBI  A,2020,17,2020-04-20,517.3587662337662
MAGHARIBI  A,2020,18,2020-04-27,517.3587662337662
MAGHARIBI  A,2020,19,2020-05-04,517.3587662337662
MAGHARIBI  A,2020,20,2020-05-11,517.3587662337662
MAGHARIBI  A,2020,21,2020-05-18,517.3587662337662
MAGHARIBI  A,2020,22,2020-05-25,517.3587662337662
MAGHARIBI  A,2020,23,2020-06-01,517.3587662337662
MAGHARIBI  A,2020,24,2020-06-08,517.3587662337662
MAGHARIBI  A,2020,25,2020-06-15,517.3587662337662
MAGHARIBI  A,2020,26,2020-06-22,517.3587662337662
MAGHARIBI  A,2020,27,2020-06-29,517.3587662337662
MAGHARIBI  A,2020,28,2020-07-06,517.3587662337662
MAGHARIBI  A,2020,29,2020-07-13,517.3587662337662
MAGHARIBI  A,2020,30,2020-07-20,517.3587662337662
MAGHARIBI  A,2020,31,2020-07-27,517.3587662337662
MAGHARIBI  A,2020,32,2020-08-03,517.3587662337662
MAGHARIBI  A,2020,33,2020-08-10,517.3587662337662
MAGHARIBI  A,2020,34,2020-08-17,517.3587662337662
MAGHARIBI  A,2020,35,2020-08-24,517.3587662337662
MAGHARIBI  A,2020,36,2020-08-31,517.3587662337662
MAGHARIBI  A,2020,37,2020-09-07,517.3587662337662
MAGHARIBI  A,2020,38,2020-09-14,517.3587662337662
MAGHARIBI  A,2020,39,2020-09-21,517.3587662337662
MAGHARIBI  A,2020,40,2020-09-28,517.3587662337662
MAGHARIBI  A,2020,41,2020-10-05,517.3587662337662
MAGHARIBI  A,2020,42,2020-10-12,517.3587662337662
MAGHARIBI  A,2020,43,2020-10-19,517.3587662337662
MAGHARIBI  A,2020,44,2020-10-26,517.3587662337662
MAGHARIBI  A,2020,45,2020-11-02,517.3587662337662
MAGHARIBI  A,2020,46,2020-11-09,517.3587662337662
MAGHARIBI  A,2020,47,2020-11-16,517.3587662337662
MAGHARIBI  A,2020,48,2020-11-23,517.3587662337662
MAGHARIBI  A,2020,49,2020-11-30,517.3587662337662
MAGHARIBI  A,2020,50,2020-12-07,517.3587662337662
MAGHARIBI  A,2020,51,2020-12-14,517.3587662337662
MAGHARIBI  A,2020,52,2020-12-21,517.3587662337662
MAGHARIBI  A,2020,53,2020-12-28,517.3587662337662
MAGHARIBI  A,2021,1,2021-01-04,1230.2353896103896
MAGHARIBI  A,2021,2,2021-01-11,1230.2353896103896
MAGHARIBI  A,2021,3,2021-01-18,1230.2353896103896
MAGHARIBI  A,2021,4,2021-01-25,1230.2353896103896
MAGHARIBI  A,2021,5,2021-02-01,1230.2353896103896
MAGHARIBI  A,2021,6,2021-02-08,1230.2353896103896
MAGHARIBI  A,2021,7,2021-02-15,1230.2353896103896
MAGHARIBI  A,2021,8,2021-02-22,1230.2353896103896
MAGHARIBI  A,2021,9,2021-03-01,1049.737012987013
MAGHARIBI  A,2021,10,2021-03-08,1049.737012987013
MAGHARIBI  A,2021,11,2021-03-15,1049.737012987013
MAGHARIBI  A,2021,12,2021-03-22,1049.737012987013
MAGHARIBI  A,2021,13,2021-03-29,1049.737012987013
MAGHARIBI  A,2021,14,2021-04-05,1049.737012987013
MAGHARIBI  A,2021,15,2021-04-12,1049.737012987013
MAGHARIBI  A,2021,16,2021-04-19,1049.737012987013
MAGHARIBI  A,2021,17,2021-04-26,1049.737012987013
MAGHARIBI  A,2021,18,2021-05-03,1049.737012987013
MAGHARIBI  A,2021,19,2021-05-10,1049.737012987013
MAGHARIBI  A,2021,20,2021-05-17,1049.737012987013
MAGHARIBI  A,2021,21,2021-05-24,1049.737012987013
MAGHARIBI  A,2021,22,2021-05-31,1049.737012987013
MAGHARIBI  A,2021,23,2021-06-07,1049.737012987013
MAGHARIBI  A,2021,24,2021-06-14,1049.737012987013
MAGHARIBI  A,2021,25,2021-06-21,1049.737012987013
MAGHARIBI  A,2021,26,2021-06-28,1049.737012987013
MAGHARIBI  A,2021,27,2021-07-05,1049.737012987013
MAGHARIBI  A,2021,28,2021-07-12,1049.737012987013
MAGHARIBI  A,2021,29,2021-07-19,1049.737012987013
MAGHARIBI  A,2021,30,2021-07-26,1049.737012987013
MAGHARIBI  A,2021,31,2021-08-02,1049.737012987013
MAGHARIBI  A,2021,32,2021-08-09,1049.737012987013
MAGHARIBI  A,2021,33,2021-08-16,1049.737012987013
MAGHARIBI  A,2021,34,2021-08-23,1049.737012987013
MAGHARIBI  A,2021,35,2021-08-30,1049.737012987013
MAGHARIBI  A,2021,36,2021-09-06,1049.737012987013
MAGHARIBI  A,2021,37,2021-09-13,1049.737012987013
MAGHARIBI  A,2021,38,2021-09-20,1049.737012987013
MAGHARIBI  A,2021,39,2021-09-27,1049.737012987013
MAGHARIBI  A,2021,40,2021-10-04,1049.737012987013
MAGHARIBI  A,2021,41,2021-10-11,1049.737012987013
MAGHARIBI  A,2021,42,2021-10-18,1049.737012987013
MAGHARIBI  A,2021,43,2021-10-25,1049.737012987013
MAGHARIBI  A,2021,44,2021-11-01,1049.737012987013
MAGHARIBI  A,2021,45,2021-11-08,1049.737012987013
MAGHARIBI  A,2021,46,2021-11-15,1049.737012987013
MAGHARIBI  A,2021,47,2021-11-22,1049.737012987013
MAGHARIBI  A,2021,48,2021-11-29,1049.737012987013
MAGHARIBI  A,2021,49,2021-12-06,1049.737012987013
MAGHARIBI  A,2021,50,2021-12-13,1049.737012987013
MAGHARIBI  A,2021,51,2021-12-20,1049.737012987013
MAGHARIBI  A,2021,52,2021-12-27,1049.737012987013
MAGHARIBI  A,2022,1,2022-01-03,1049.737012987013
MAGHARIBI  A,2022,2,2022-01-10,1049.737012987013
MAGHARIBI  A,2022,3,2022-01-17,1049.737012987013
MAGHARIBI  A,2022,4,2022-01-24,1049.737012987013
MAGHARIBI  A,2022,5,2022-01-31,1049.737012987013
MAGHARIBI  A,2022,6,2022-02-07,1049.737012987013
MAGHARIBI  A,2022,7,2022-02-14,1049.737012987013
MAGHARIBI  A,2022,8,2022-02-21,1049.737012987013
MAGHARIBI  A,2022,9,2022-02-28,712.8766233766233
MAGHARIBI  A,2022,10,2022-03-07,712.8766233766233
MAGHARIBI  A,2022,11,2022-03-14,712.8766233766233
MAGHARIBI  A,2022,12,2022-03-21,712.8766233766233
MAGHARIBI  A,2022,13,2022-03-28,712.8766233766233
MAGHARIBI  A,2022,14,2022-04-04,712.8766233766233
MAGHARIBI  A,2022,15,2022-04-11,712.8766233766233
MAGHARIBI  A,2022,16,2022-04-18,712.8766233766233
MAGHARIBI  A,2022,17,2022-04-25,712.8766233766233
MAGHARIBI  A,2022,18,2022-05-02,712.8766233766233
MAGHARIBI  A,2022,19,2022-05-09,712.8766233766233
MAGHARIBI  A,2022,20,2022-05-16,712.8766233766233
MAGHARIBI  A,2022,21,2022-05-23,712.8766233766233
MAGHARIBI  A,2022,22,2022-05-30,712.8766233766233
MAGHARIBI  A,2022,23,2022-06-06,712.8766233766233
MAGHARIBI  A,2022,24,2022-06-13,712.8766233766233
MAGHARIBI  A,2022,25,2022-06-20,712.8766233766233
MAGHARIBI  A,2022,26,2022-06-27,712.8766233766233
MAGHARIBI  A,2022,27,2022-07-04,712.8766233766233
MAGHARIBI  A,2022,28,2022-07-11,712.8766233766233
MAGHARIBI  A,2022,29,2022-07-18,712.8766233766233
MAGHARIBI  A,2022,30,2022-07-25,712.8766233766233
MAGHARIBI  A,2022,31,2022-08-01,712.8766233766233
MAGHARIBI  A,2022,32,2022-08-08,712.8766233766233
MAGHARIBI  A,2022,33,2022-08-15,712.8766233766233
MAGHARIBI  A,2022,34,2022-08-22,712.8766233766233
MAGHARIBI  A,2022,35,2022-08-29,712.8766233766233
MAGHARIBI  A,2022,36,2022-09-05,712.8766233766233
MAGHARIBI  A,2022,37,2022-09-12,712.8766233766233
MAGHARIBI  A,2022,38,2022-09-19,712.8766233766233
MAGHARIBI  A,2022,39,2022-09-26,712.8766233766233
MAGHARIBI  A,2022,40,2022-10-03,712.8766233766233
MAGHARIBI  A,2022,41,2022-10-10,712.8766233766233
MAGHARIBI  A,2022,42,2022-10-17,712.8766233766233
MAGHARIBI  A,2022,43,2022-10-24,712.8766233766233
MAGHARIBI  A,2022,44,2022-10-31,712.8766233766233
MAGHARIBI  A,2022,45,2022-11-07,712.8766233766233
MAGHARIBI  A,2022,46,2022-11-14,712.8766233766233
MAGHARIBI  A,2022,47,2022-11-21,712.8766233766233
MAGHARIBI  A,2022,48,2022-11-28,712.8766233766233
MAGHARIBI  A,2022,49,2022-12-05,712.8766233766233
MAGHARIBI  A,2022,50,2022-12-12,712.8766233766233
MAGHARIBI  A,2022,51,2022-12-19,712.8766233766233
MAGHARIBI  A,2022,52,2022-12-26,712.8766233766233
MAGHARIBI  A,2023,1,2023-01-02,914.1753246753246
MAGHARIBI  A,2023,2,2023-01-09,914.1753246753246
MAGHARIBI  A,2023,3,2023-01-16,914.1753246753246
MAGHARIBI  A,2023,4,2023-01-23,914.1753246753246
MAGHARIBI  A,2023,5,2023-01-30,914.1753246753246
MAGHARIBI  A,2023,6,2023-02-06,914.1753246753246
MAGHARIBI  A,2023,7,2023-02-13,914.1753246753246
MAGHARIBI  A,2023,8,2023-02-20,914.1753246753246
MAGHARIBI  A,2023,9,2023-02-27,201.2987012987013
MAGHARIBI  A,2023,10,2023-03-06,201.2987012987013
MAGHARIBI  A,2023,11,2023-03-13,201.2987012987013
MAGHARIBI  A,2023,12,2023-03-20,201.2987012987013
MAGHARIBI  A,2023,13,2023-03-27,201.2987012987013
MAGHARIBI  A,2023,14,2023-04-03,201.2987012987013
MAGHARIBI  A,2023,15,2023-04-10,201.2987012987013
MAGHARIBI  A,2023,16,2023-04-17,201.2987012987013
MAGHARIBI  A,2023,17,2023-04-24,201.2987012987013
MAGHARIBI  A,2023,18,2023-05-01,201.2987012987013
MAGHARIBI  A,2023,19,2023-05-08,201.2987012987013
MAGHARIBI  A,2023,20,2023-05-15,201.2987012987013
MAGHARIBI  A,2023,21,2023-05-22,201.2987012987013
MAGHARIBI  A,2023,22,2023-05-29,201.2987012987013
MAGHARIBI  A,2023,23,2023-06-05,201.2987012987013
MAGHARIBI  A,2023,24,2023-06-12,201.2987012987013
MAGHARIBI  A,2023,25,2023-06-19,201.2987012987013
MAGHARIBI  A,2023,26,2023-06-26,201.2987012987013
MAGHARIBI  A,2023,27,2023-07-03,201.2987012987013
MAGHARIBI  A,2023,28,2023-07-10,201.2987012987013
MAGHARIBI  A,2023,29,2023-07-17,201.2987012987013
MAGHARIBI  A,2023,30,2023-07-24,201.2987012987013
MAGHARIBI  A,2023,31,2023-07-31,201.2987012987013
MAGHARIBI  A,2023,32,2023-08-07,201.2987012987013
MAGHARIBI  A,2023,33,2023-08-14,201.2987012987013
MAGHARIBI  A,2023,34,2023-08-21,201.2987012987013
MAGHARIBI  A,2023,35,2023-08-28,201.2987012987013
MAGHARIBI  A,2023,36,2023-09-04,201.2987012987013
MAGHARIBI  A,2023,37,2023-09-11,201.2987012987013
MAGHARIBI  A,2023,38,2023-09-18,201.2987012987013
MAGHARIBI  A,2023,39,2023-09-25,201.2987012987013
MAGHARIBI  A,2023,40,2023-10-02,201.2987012987013
MAGHARIBI  A,2023,41,2023-10-09,201.2987012987013
MAGHARIBI  A,2023,42,2023-10-16,201.2987012987013
MAGHARIBI  A,2023,43,2023-10-23,201.2987012987013
MAGHARIBI  A,2023,44,2023-10-30,201.2987012987013
MAGHARIBI  A,2023,45,2023-11-06,201.2987012987013
MAGHARIBI  A,2023,46,2023-11-13,201.2987012987013
MAGHARIBI  A,2023,47,2023-11-20,201.2987012987013
MAGHARIBI  A,2023,48,2023-11-27,201.2987012987013
MAGHARIBI  A,2023,49,2023-12-04,201.2987012987013
MAGHARIBI  A,2023,50,2023-12-11,201.2987012987013
MAGHARIBI  A,2023,51,2023-12-18,201.2987012987013
MAGHARIBI  A,2023,52,2023-12-25,201.2987012987013
MAGHARIBI  A,2024,1,2024-01-01,201.2987012987013
MAGHARIBI  A,2024,2,2024-01-08,201.2987012987013
MAGHARIBI  A,2024,3,2024-01-15,201.2987012987013
MAGHARIBI  A,2024,4,2024-01-22,201.2987012987013
MAGHARIBI  A,2024,5,2024-01-29,201.2987012987013
MAGHARIBI  A,2024,6,2024-02-05,201.2987012987013
MAGHARIBI  A,2024,7,2024-02-12,201.2987012987013
MAGHARIBI  A,2024,8,2024-02-19,201.2987012987013
MAGHARIBI  A,2024,9,2024-02-26,201.2987012987013
MAGHARIBI  A,2024,10,2024-03-04,201.2987012987013
MAGHARIBI  A,2024,11,2024-03-11,201.2987012987013
MAGHARIBI  A,2024,12,2024-03-18,201.2987012987013
MAGHARIBI  A,2024,13,2024-03-25,201.2987012987013
MAGHARIBI  A,2024,14,2024-04-01,201.2987012987013
MAGHARIBI  A,2024,15,2024-04-08,201.2987012987013
MAGHARIBI  A,2024,16,2024-04-15,201.2987012987013
MAGHARIBI  A,2024,17,2024-04-22,201.2987012987013
MAGHARIBI  A,2024,18,2024-04-29,201.2987012987013
MAGHARIBI  A,2024,19,2024-05-06,201.2987012987013
MAGHARIBI  A,2024,20,2024-05-13,201.2987012987013
MAGHARIBI  A,2024,21,2024-05-20,201.2987012987013
MAGHARIBI  A,2024,22,2024-05-27,201.2987012987013
MAGHARIBI  A,2024,23,2024-06-03,201.2987012987013
MAGHARIBI  A,2024,24,2024-06-10,201.2987012987013
MAGHARIBI  A,2024,25,2024-06-17,201.2987012987013
MAGHARIBI  A,2024,26,2024-06-24,201.2987012987013
MAGHARIBI  A,2024,27,2024-07-01,201.2987012987013
MAGHARIBI  A,2024,28,2024-07-08,201.2987012987013
MAGHARIBI  A,2024,29,2024-07-15,201.2987012987013
MAGHARIBI  A,2024,30,2024-07-22,201.2987012987013
MAGHARIBI  A,2024,31,2024-07-29,201.2987012987013
MAGHARIBI  A,2024,32,2024-08-05,201.2987012987013
MAGHARIBI  A,2024,33,2024-08-12,201.2987012987013
MAGHARIBI  A,2024,34,2024-08-19,201.2987012987013
MAGHARIBI  A,2024,35,2024-08-26,201.2987012987013
MAGHARIBI  A,2024,36,2024-09-02,201.2987012987013
MAGHARIBI  A,2024,37,2024-09-09,201.2987012987013
MAGHARIBI  A,2024,38,2024-09-16,201.2987012987013
MAGHARIBI  A,2024,39,2024-09-23,201.2987012987013
MAGHARIBI  A,2024,40,2024-09-30,201.2987012987013
MAGHARIBI  A,2024,41,2024-10-07,201.2987012987013
MAGHARIBI  A,2024,42,2024-10-14,201.2987012987013
MAGHARIBI  A,2024,43,2024-10-21,201.2987012987013
MAGHARIBI  A,2024,44,2024-10-28,201.2987012987013
MAGHARIBI  A,2024,45,2024-11-04,201.2987012987013
MAGHARIBI  A,2024,46,2024-11-11,201.2987012987013
MAGHARIBI  A,2024,47,2024-11-18,201.2987012987013
MAGHARIBI  A,2024,48,2024-11-25,201.2987012987013
MAGHARIBI  A,2024,49,2024-12-02,201.2987012987013
MAGHARIBI  A,2024,50,2024-12-09,201.2987012987013
MAGHARIBI  A,2024,51,2024-12-16,201.2987012987013
MAGHARIBI  A,2024,52,2024-12-23,201.2987012987013
MAGHARIBI  A,2024,1,2024-12-30,201.2987012987013
KASKAZINI A,2018,1,2018-01-01,144.53896103896102
KASKAZINI A,2018,2,2018-01-08,144.53896103896102
KASKAZINI A,2018,3,2018-01-15,144.53896103896102
KASKAZINI A,2018,4,2018-01-22,144.53896103896102
KASKAZINI A,2018,5,2018-01-29,144.53896103896102
KASKAZINI A,2018,6,2018-02-05,144.53896103896102
KASKAZINI A,2018,7,2018-02-12,144.53896103896102
KASKAZINI A,2018,8,2018-02-19,144.53896103896102
KASKAZINI A,2018,9,2018-02-26,144.53896103896102
KASKAZINI A,2018,10,2018-03-05,144.53896103896102
KASKAZINI A,2018,11,2018-03-12,144.53896103896102
KASKAZINI A,2018,12,2018-03-19,144.53896103896102
KASKAZINI A,2018,13,2018-03-26,144.53896103896102
KASKAZINI A,2018,14,2018-04-02,144.53896103896102
KASKAZINI A,2018,15,2018-04-09,144.53896103896102
KASKAZINI A,2018,16,2018-04-16,144.53896103896102
KASKAZINI A,2018,17,2018-04-23,144.53896103896102
KASKAZINI A,2018,18,2018-04-30,144.53896103896102
KASKAZINI A,2018,19,2018-05-07,144.53896103896102
KASKAZINI A,2018,20,2018-05-14,144.53896103896102
KASKAZINI A,2018,21,2018-05-21,144.53896103896102
KASKAZINI A,2018,22,2018-05-28,144.53896103896102
KASKAZINI A,2018,23,2018-06-04,144.53896103896102
KASKAZINI A,2018,24,2018-06-11,144.53896103896102
KASKAZINI A,2018,25,2018-06-18,144.53896103896102
KASKAZINI A,2018,26,2018-06-25,144.53896103896102
KASKAZINI A,2018,27,2018-07-02,144.53896103896102
KASKAZINI A,2018,28,2018-07-09,144.53896103896102
KASKAZINI A,2018,29,2018-07-16,144.53896103896102
KASKAZINI A,2018,30,2018-07-23,144.53896103896102
KASKAZINI A,2018,31,2018-07-30,144.53896103896102
KASKAZINI A,2018,32,2018-08-06,144.53896103896102
KASKAZINI A,2018,33,2018-08-13,144.53896103896102
KASKAZINI A,2018,34,2018-08-20,144.53896103896102
KASKAZINI A,2018,35,2018-08-27,144.53896103896102
KASKAZINI A,2018,36,2018-09-03,144.53896103896102
KASKAZINI A,2018,37,2018-09-10,144.53896103896102
KASKAZINI A,2018,38,2018-09-17,144.53896103896102
KASKAZINI A,2018,39,2018-09-24,144.53896103896102
KASKAZINI A,2018,40,2018-10-01,144.53896103896102
KASKAZINI A,2018,41,2018-10-08,144.53896103896102
KASKAZINI A,2018,42,2018-10-15,144.53896103896102
KASKAZINI A,2018,43,2018-10-22,144.53896103896102
KASKAZINI A,2018,44,2018-10-29,144.53896103896102
KASKAZINI A,2018,45,2018-11-05,144.53896103896102
KASKAZINI A,2018,46,2018-11-12,144.53896103896102
KASKAZINI A,2018,47,2018-11-19,144.53896103896102
KASKAZINI A,2018,48,2018-11-26,144.53896103896102
KASKAZINI A,2018,49,2018-12-03,144.53896103896102
KASKAZINI A,2018,50,2018-12-10,144.53896103896102
KASKAZINI A,2018,51,2018-12-17,144.53896103896102
KASKAZINI A,2018,52,2018-12-24,144.53896103896102
KASKAZINI A,2018,1,2018-12-31,144.53896103896102
KASKAZINI A,2019,2,2019-01-07,325.0373376623377
KASKAZINI A,2019,3,2019-01-14,325.0373376623377
KASKAZINI A,2019,4,2019-01-21,325.0373376623377
KASKAZINI A,2019,5,2019-01-28,325.0373376623377
KASKAZINI A,2019,6,2019-02-04,325.0373376623377
KASKAZINI A,2019,7,2019-02-11,325.0373376623377
KASKAZINI A,2019,8,2019-02-18,325.0373376623377
KASKAZINI A,2019,9,2019-02-25,325.0373376623377
KASKAZINI A,2019,10,2019-03-04,325.0373376623377
KASKAZINI A,2019,11,2019-03-11,325.0373376623377
KASKAZINI A,2019,12,2019-03-18,325.0373376623377
KASKAZINI A,2019,13,2019-03-25,325.0373376623377
KASKAZINI A,2019,14,2019-04-01,325.0373376623377
KASKAZINI A,2019,15,2019-04-08,325.0373376623377
KASKAZINI A,2019,16,2019-04-15,325.0373376623377
KASKAZINI A,2019,17,2019-04-22,325.0373376623377
KASKAZINI A,2019,18,2019-04-29,325.0373376623377
KASKAZINI A,2019,19,2019-05-06,325.0373376623377
KASKAZINI A,2019,20,2019-05-13,325.0373376623377
KASKAZINI A,2019,21,2019-05-20,325.0373376623377
KASKAZINI A,2019,22,2019-05-27,325.0373376623377
KASKAZINI A,2019,23,2019-06-03,325.0373376623377
KASKAZINI A,2019,24,2019-06-10,325.0373376623377
KASKAZINI A,2019,25,2019-06-17,325.0373376623377
KASKAZINI A,2019,26,2019-06-24,325.0373376623377
KASKAZINI A,2019,27,2019-07-01,325.0373376623377
KASKAZINI A,2019,28,2019-07-08,325.0373376623377
KASKAZINI A,2019,29,2019-07-15,325.0373376623377
KASKAZINI A,2019,30,2019-07-22,325.0373376623377
KASKAZINI A,2019,31,2019-07-29,325.0373376623377
KASKAZINI A,2019,32,2019-08-05,325.0373376623377
KASKAZINI A,2019,33,2019-08-12,325.0373376623377
KASKAZINI A,2019,34,2019-08-19,325.0373376623377
KASKAZINI A,2019,35,2019-08-26,325.0373376623377
KASKAZINI A,2019,36,2019-09-02,325.0373376623377
KASKAZINI A,2019,37,2019-09-09,325.0373376623377
KASKAZINI A,2019,38,2019-09-16,325.0373376623377
KASKAZINI A,2019,39,2019-09-23,325.0373376623377
KASKAZINI A,2019,40,2019-09-30,325.0373376623377
KASKAZINI A,2019,41,2019-10-07,325.0373376623377
KASKAZINI A,2019,42,2019-10-14,325.0373376623377
KASKAZINI A,2019,43,2019-10-21,325.0373376623377
KASKAZINI A,2019,44,2019-10-28,325.0373376623377
KASKAZINI A,2019,45,2019-11-04,325.0373376623377
KASKAZINI A,2019,46,2019-11-11,325.0373376623377
KASKAZINI A,2019,47,2019-11-18,325.0373376623377
KASKAZINI A,2019,48,2019-11-25,325.0373376623377
KASKAZINI A,2019,49,2019-12-02,325.0373376623377
KASKAZINI A,2019,50,2019-12-09,325.0373376623377
KASKAZINI A,2019,51,2019-12-16,325.0373376623377
KASKAZINI A,2019,52,2019-12-23,325.0373376623377
KASKAZINI A,2019,1,2019-12-30,325.0373376623377
KASKAZINI A,2020,2,2020-01-06,661.8977272727273
KASKAZINI A,2020,3,2020-01-13,661.8977272727273
KASKAZINI A,2020,4,2020-01-20,661.8977272727273
KASKAZINI A,2020,5,2020-01-27,661.8977272727273
KASKAZINI A,2020,6,2020-02-03,661.8977272727273
KASKAZINI A,2020,7,2020-02-10,661.8977272727273
KASKAZINI A,2020,8,2020-02-17,661.8977272727273
KASKAZINI A,2020,9,2020-02-24,517.3587662337662
KASKAZINI A,2020,10,2020-03-02,517.3587662337662
KASKAZINI A,2020,11,2020-03-09,517.3587662337662
KASKAZINI A,2020,12,2020-03-16,517.3587662337662
KASKAZINI A,2020,13,2020-03-23,517.3587662337662
KASKAZINI A,2020,14,2020-03-30,517.3587662337662
KASKAZINI A,2020,15,2020-04-06,517.3587662337662
KASKAZINI A,2020,16,2020-04-13,517.3587662337662
KASKAZINI A,2020,17,2020-04-20,517.3587662337662
KASKAZINI A,2020,18,2020-04-27,517.3587662337662
KASKAZINI A,2020,19,2020-05-04,517.3587662337662
KASKAZINI A,2020,20,2020-05-11,517.3587662337662
KASKAZINI A,2020,21,2020-05-18,517.3587662337662
KASKAZINI A,2020,22,2020-05-25,517.3587662337662
KASKAZINI A,2020,23,2020-06-01,517.3587662337662
KASKAZINI A,2020,24,2020-06-08,517.3587662337662
KASKAZINI A,2020,25,2020-06-15,517.3587662337662
KASKAZINI A,2020,26,2020-06-22,517.3587662337662
KASKAZINI A,2020,27,2020-06-29,517.3587662337662
KASKAZINI A,2020,28,2020-07-06,517.3587662337662
KASKAZINI A,2020,29,2020-07-13,517.3587662337662
KASKAZINI A,2020,30,2020-07-20,517.3587662337662
KASKAZINI A,2020,31,2020-07-27,517.3587662337662
KASKAZINI A,2020,32,2020-08-03,517.3587662337662
KASKAZINI A,2020,33,2020-08-10,517.3587662337662
KASKAZINI A,2020,34,2020-08-17,517.3587662337662
KASKAZINI A,2020,35,2020-08-24,517.3587662337662
KASKAZINI A,2020,36,2020-08-31,517.3587662337662
KASKAZINI A,2020,37,2020-09-07,517.3587662337662
KASKAZINI A,2020,38,2020-09-14,517.3587662337662
KASKAZINI A,2020,39,2020-09-21,517.3587662337662
KASKAZINI A,2020,40,2020-09-28,517.3587662337662
KASKAZINI A,2020,41,2020-10-05,517.3587662337662
KASKAZINI A,2020,42,2020-10-12,517.3587662337662
KASKAZINI A,2020,43,2020-10-19,517.3587662337662
KASKAZINI A,2020,44,2020-10-26,517.3587662337662
KASKAZINI A,2020,45,2020-11-02,517.3587662337662
KASKAZINI A,2020,46,2020-11-09,517.3587662337662
KASKAZINI A,2020,47,2020-11-16,517.3587662337662
KASKAZINI A,2020,48,2020-11-23,517.3587662337662
KASKAZINI A,2020,49,2020-11-30,517.3587662337662
KASKAZINI A,2020,50,2020-12-07,517.3587662337662
KASKAZINI A,2020,51,2020-12-14,517.3587662337662
KASKAZINI A,2020,52,2020-12-21,517.3587662337662
KASKAZINI A,2020,53,2020-12-28,517.3587662337662
KASKAZINI A,2021,1,2021-01-04,1230.2353896103896
KASKAZINI A,2021,2,2021-01-11,1230.2353896103896
KASKAZINI A,2021,3,2021-01-18,1230.2353896103896
KASKAZINI A,2021,4,2021-01-25,1230.2353896103896
KASKAZINI A,2021,5,2021-02-01,1230.2353896103896
KASKAZINI A,2021,6,2021-02-08,1230.2353896103896
KASKAZINI A,2021,7,2021-02-15,1230.2353896103896
KASKAZINI A,2021,8,2021-02-22,1230.2353896103896
KASKAZINI A,2021,9,2021-03-01,1049.737012987013
KASKAZINI A,2021,10,2021-03-08,1049.737012987013
KASKAZINI A,2021,11,2021-03-15,1049.737012987013
KASKAZINI A,2021,12,2021-03-22,1049.737012987013
KASKAZINI A,2021,13,2021-03-29,1049.737012987013
KASKAZINI A,2021,14,2021-04-05,1049.737012987013
KASKAZINI A,2021,15,2021-04-12,1049.737012987013
KASKAZINI A,2021,16,2021-04-19,1049.737012987013
KASKAZINI A,2021,17,2021-04-26,1049.737012987013
KASKAZINI A,2021,18,2021-05-03,1049.737012987013
KASKAZINI A,2021,19,2021-05-10,1049.737012987013
KASKAZINI A,2021,20,2021-05-17,1049.737012987013
KASKAZINI A,2021,21,2021-05-24,1049.737012987013
KASKAZINI A,2021,22,2021-05-31,1049.737012987013
KASKAZINI A,2021,23,2021-06-07,1049.737012987013
KASKAZINI A,2021,24,2021-06-14,1049.737012987013
KASKAZINI A,2021,25,2021-06-21,1049.737012987013
KASKAZINI A,2021,26,2021-06-28,1049.737012987013
KASKAZINI A,2021,27,2021-07-05,1049.737012987013
KASKAZINI A,2021,28,2021-07-12,1049.737012987013
KASKAZINI A,2021,29,2021-07-19,1049.737012987013
KASKAZINI A,2021,30,2021-07-26,1049.737012987013
KASKAZINI A,2021,31,2021-08-02,1049.737012987013
KASKAZINI A,2021,32,2021-08-09,1049.737012987013
KASKAZINI A,2021,33,2021-08-16,1049.737012987013
KASKAZINI A,2021,34,2021-08-23,1049.737012987013
KASKAZINI A,2021,35,2021-08-30,1049.737012987013
KASKAZINI A,2021,36,2021-09-06,1049.737012987013
KASKAZINI A,2021,37,2021-09-13,1049.737012987013
KASKAZINI A,2021,38,2021-09-20,1049.737012987013
KASKAZINI A,2021,39,2021-09-27,1049.737012987013
KASKAZINI A,2021,40,2021-10-04,1049.737012987013
KASKAZINI A,2021,41,2021-10-11,1049.737012987013
KASKAZINI A,2021,42,2021-10-18,1049.737012987013
KASKAZINI A,2021,43,2021-10-25,1049.737012987013
KASKAZINI A,2021,44,2021-11-01,1049.737012987013
KASKAZINI A,2021,45,2021-11-08,1049.737012987013
KASKAZINI A,2021,46,2021-11-15,1049.737012987013
KASKAZINI A,2021,47,2021-11-22,1049.737012987013
KASKAZINI A,2021,48,2021-11-29,1049.737012987013
KASKAZINI A,2021,49,2021-12-06,1049.737012987013
KASKAZINI A,2021,50,2021-12-13,1049.737012987013
KASKAZINI A,2021,51,2021-12-20,1049.737012987013
KASKAZINI A,2021,52,2021-12-27,1049.737012987013
KASKAZINI A,2022,1,2022-01-03,1049.737012987013
KASKAZINI A,2022,2,2022-01-10,1049.737012987013
KASKAZINI A,2022,3,2022-01-17,1049.737012987013
KASKAZINI A,2022,4,2022-01-24,1049.737012987013
KASKAZINI A,2022,5,2022-01-31,1049.737012987013
KASKAZINI A,2022,6,2022-02-07,1049.737012987013
KASKAZINI A,2022,7,2022-02-14,1049.737012987013
KASKAZINI A,2022,8,2022-02-21,1049.737012987013
KASKAZINI A,2022,9,2022-02-28,712.8766233766233
KASKAZINI A,2022,10,2022-03-07,712.8766233766233
KASKAZINI A,2022,11,2022-03-14,712.8766233766233
KASKAZINI A,2022,12,2022-03-21,712.8766233766233
KASKAZINI A,2022,13,2022-03-28,712.8766233766233
KASKAZINI A,2022,14,2022-04-04,712.8766233766233
KASKAZINI A,2022,15,2022-04-11,712.8766233766233
KASKAZINI A,2022,16,2022-04-18,712.8766233766233
KASKAZINI A,2022,17,2022-04-25,712.8766233766233
KASKAZINI A,2022,18,2022-05-02,712.8766233766233
KASKAZINI A,2022,19,2022-05-09,712.8766233766233
KASKAZINI A,2022,20,2022-05-16,712.8766233766233
KASKAZINI A,2022,21,2022-05-23,712.8766233766233
KASKAZINI A,2022,22,2022-05-30,712.8766233766233
KASKAZINI A,2022,23,2022-06-06,712.8766233766233
KASKAZINI A,2022,24,2022-06-13,712.8766233766233
KASKAZINI A,2022,25,2022-06-20,712.8766233766233
KASKAZINI A,2022,26,2022-06-27,712.8766233766233
KASKAZINI A,2022,27,2022-07-04,712.8766233766233
KASKAZINI A,2022,28,2022-07-11,712.8766233766233
KASKAZINI A,2022,29,2022-07-18,712.8766233766233
KASKAZINI A,2022,30,2022-07-25,712.8766233766233
KASKAZINI A,2022,31,2022-08-01,712.8766233766233
KASKAZINI A,2022,32,2022-08-08,712.8766233766233
KASKAZINI A,2022,33,2022-08-15,712.8766233766233
KASKAZINI A,2022,34,2022-08-22,712.8766233766233
KASKAZINI A,2022,35,2022-08-29,712.8766233766233
KASKAZINI A,2022,36,2022-09-05,712.8766233766233
KASKAZINI A,2022,37,2022-09-12,712.8766233766233
KASKAZINI A,2022,38,2022-09-19,712.8766233766233
KASKAZINI A,2022,39,2022-09-26,712.8766233766233
KASKAZINI A,2022,40,2022-10-03,712.8766233766233
KASKAZINI A,2022,41,2022-10-10,712.8766233766233
KASKAZINI A,2022,42,2022-10-17,712.8766233766233
KASKAZINI A,2022,43,2022-10-24,712.8766233766233
KASKAZINI A,2022,44,2022-10-31,712.8766233766233
KASKAZINI A,2022,45,2022-11-07,712.8766233766233
KASKAZINI A,2022,46,2022-11-14,712.8766233766233
KASKAZINI A,2022,47,2022-11-21,712.8766233766233
KASKAZINI A,2022,48,2022-11-28,712.8766233766233
KASKAZINI A,2022,49,2022-12-05,712.8766233766233
KASKAZINI A,2022,50,2022-12-12,712.8766233766233
KASKAZINI A,2022,51,2022-12-19,712.8766233766233
KASKAZINI A,2022,52,2022-12-26,712.8766233766233
KASKAZINI A,2023,1,2023-01-02,914.1753246753246
KASKAZINI A,2023,2,2023-01-09,914.1753246753246
KASKAZINI A,2023,3,2023-01-16,914.1753246753246
KASKAZINI A,2023,4,2023-01-23,914.1753246753246
KASKAZINI A,2023,5,2023-01-30,914.1753246753246
KASKAZINI A,2023,6,2023-02-06,914.1753246753246
KASKAZINI A,2023,7,2023-02-13,914.1753246753246
KASKAZINI A,2023,8,2023-02-20,914.1753246753246
KASKAZINI A,2023,9,2023-02-27,201.2987012987013
KASKAZINI A,2023,10,2023-03-06,201.2987012987013
KASKAZINI A,2023,11,2023-03-13,201.2987012987013
KASKAZINI A,2023,12,2023-03-20,201.2987012987013
KASKAZINI A,2023,13,2023-03-27,201.2987012987013
KASKAZINI A,2023,14,2023-04-03,201.2987012987013
KASKAZINI A,2023,15,2023-04-10,201.2987012987013
KASKAZINI A,2023,16,2023-04-17,201.2987012987013
KASKAZINI A,2023,17,2023-04-24,201.2987012987013
KASKAZINI A,2023,18,2023-05-01,201.2987012987013
KASKAZINI A,2023,19,2023-05-08,201.2987012987013
KASKAZINI A,2023,20,2023-05-15,201.2987012987013
KASKAZINI A,2023,21,2023-05-22,201.2987012987013
KASKAZINI A,2023,22,2023-05-29,201.2987012987013
KASKAZINI A,2023,23,2023-06-05,201.2987012987013
KASKAZINI A,2023,24,2023-06-12,201.2987012987013
KASKAZINI A,2023,25,2023-06-19,201.2987012987013
KASKAZINI A,2023,26,2023-06-26,201.2987012987013
KASKAZINI A,2023,27,2023-07-03,201.2987012987013
KASKAZINI A,2023,28,2023-07-10,201.2987012987013
KASKAZINI A,2023,29,2023-07-17,201.2987012987013
KASKAZINI A,2023,30,2023-07-24,201.2987012987013
KASKAZINI A,2023,31,2023-07-31,201.2987012987013
KASKAZINI A,2023,32,2023-08-07,201.2987012987013
KASKAZINI A,2023,33,2023-08-14,201.2987012987013
KASKAZINI A,2023,34,2023-08-21,201.2987012987013
KASKAZINI A,2023,35,2023-08-28,201.2987012987013
KASKAZINI A,2023,36,2023-09-04,201.2987012987013
KASKAZINI A,2023,37,2023-09-11,201.2987012987013
KASKAZINI A,2023,38,2023-09-18,201.2987012987013
KASKAZINI A,2023,39,2023-09-25,201.2987012987013
KASKAZINI A,2023,40,2023-10-02,201.2987012987013
KASKAZINI A,2023,41,2023-10-09,201.2987012987013
KASKAZINI A,2023,42,2023-10-16,201.2987012987013
KASKAZINI A,2023,43,2023-10-23,201.2987012987013
KASKAZINI A,2023,44,2023-10-30,201.2987012987013
KASKAZINI A,2023,45,2023-11-06,201.2987012987013
KASKAZINI A,2023,46,2023-11-13,201.2987012987013
KASKAZINI A,2023,47,2023-11-20,201.2987012987013
KASKAZINI A,2023,48,2023-11-27,201.2987012987013
KASKAZINI A,2023,49,2023-12-04,201.2987012987013
KASKAZINI A,2023,50,2023-12-11,201.2987012987013
KASKAZINI A,2023,51,2023-12-18,201.2987012987013
KASKAZINI A,2023,52,2023-12-25,201.2987012987013
KASKAZINI A,2024,1,2024-01-01,201.2987012987013
KASKAZINI A,2024,2,2024-01-08,201.2987012987013
KASKAZINI A,2024,3,2024-01-15,201.2987012987013
KASKAZINI A,2024,4,2024-01-22,201.2987012987013
KASKAZINI A,2024,5,2024-01-29,201.2987012987013
KASKAZINI A,2024,6,2024-02-05,201.2987012987013
KASKAZINI A,2024,7,2024-02-12,201.2987012987013
KASKAZINI A,2024,8,2024-02-19,201.2987012987013
KASKAZINI A,2024,9,2024-02-26,201.2987012987013
KASKAZINI A,2024,10,2024-03-04,201.2987012987013
KASKAZINI A,2024,11,2024-03-11,201.2987012987013
KASKAZINI A,2024,12,2024-03-18,201.2987012987013
KASKAZINI A,2024,13,2024-03-25,201.2987012987013
KASKAZINI A,2024,14,2024-04-01,201.2987012987013
KASKAZINI A,2024,15,2024-04-08,201.2987012987013
KASKAZINI A,2024,16,2024-04-15,201.2987012987013
KASKAZINI A,2024,17,2024-04-22,201.2987012987013
KASKAZINI A,2024,18,2024-04-29,201.2987012987013
KASKAZINI A,2024,19,2024-05-06,201.2987012987013
KASKAZINI A,2024,20,2024-05-13,201.2987012987013
KASKAZINI A,2024,21,2024-05-20,201.2987012987013
KASKAZINI A,2024,22,2024-05-27,201.2987012987013
KASKAZINI A,2024,23,2024-06-03,201.2987012987013
KASKAZINI A,2024,24,2024-06-10,201.2987012987013
KASKAZINI A,2024,25,2024-06-17,201.2987012987013
KASKAZINI A,2024,26,2024-06-24,201.2987012987013
KASKAZINI A,2024,27,2024-07-01,201.2987012987013
KASKAZINI A,2024,28,2024-07-08,201.2987012987013
KASKAZINI A,2024,29,2024-07-15,201.2987012987013
KASKAZINI A,2024,30,2024-07-22,201.2987012987013
KASKAZINI A,2024,31,2024-07-29,201.2987012987013
KASKAZINI A,2024,32,2024-08-05,201.2987012987013
KASKAZINI A,2024,33,2024-08-12,201.2987012987013
KASKAZINI A,2024,34,2024-08-19,201.2987012987013
KASKAZINI A,2024,35,2024-08-26,201.2987012987013
KASKAZINI A,2024,36,2024-09-02,201.2987012987013
KASKAZINI A,2024,37,2024-09-09,201.2987012987013
KASKAZINI A,2024,38,2024-09-16,201.2987012987013
KASKAZINI A,2024,39,2024-09-23,201.2987012987013
KASKAZINI A,2024,40,2024-09-30,201.2987012987013
KASKAZINI A,2024,41,2024-10-07,201.2987012987013
KASKAZINI A,2024,42,2024-10-14,201.2987012987013
KASKAZINI A,2024,43,2024-10-21,201.2987012987013
KASKAZINI A,2024,44,2024-10-28,201.2987012987013
KASKAZINI A,2024,45,2024-11-04,201.2987012987013
KASKAZINI A,2024,46,2024-11-11,201.2987012987013
KASKAZINI A,2024,47,2024-11-18,201.2987012987013
KASKAZINI A,2024,48,2024-11-25,201.2987012987013
KASKAZINI A,2024,49,2024-12-02,201.2987012987013
KASKAZINI A,2024,50,2024-12-09,201.2987012987013
KASKAZINI A,2024,51,2024-12-16,201.2987012987013
KASKAZINI A,2024,52,2024-12-23,201.2987012987013
KASKAZINI A,2024,1,2024-12-30,201.2987012987013
KATI,2018,1,2018-01-01,144.53896103896102
KATI,2018,2,2018-01-08,144.53896103896102
KATI,2018,3,2018-01-15,144.53896103896102
KATI,2018,4,2018-01-22,144.53896103896102
KATI,2018,5,2018-01-29,144.53896103896102
KATI,2018,6,2018-02-05,144.53896103896102
KATI,2018,7,2018-02-12,144.53896103896102
KATI,2018,8,2018-02-19,144.53896103896102
KATI,2018,9,2018-02-26,144.53896103896102
KATI,2018,10,2018-03-05,144.53896103896102
KATI,2018,11,2018-03-12,144.53896103896102
KATI,2018,12,2018-03-19,144.53896103896102
KATI,2018,13,2018-03-26,144.53896103896102
KATI,2018,14,2018-04-02,144.53896103896102
KATI,2018,15,2018-04-09,144.53896103896102
KATI,2018,16,2018-04-16,144.53896103896102
KATI,2018,17,2018-04-23,144.53896103896102
KATI,2018,18,2018-04-30,144.53896103896102
KATI,2018,19,2018-05-07,144.53896103896102
KATI,2018,20,2018-05-14,144.53896103896102
KATI,2018,21,2018-05-21,144.53896103896102
KATI,2018,22,2018-05-28,144.53896103896102
KATI,2018,23,2018-06-04,144.53896103896102
KATI,2018,24,2018-06-11,144.53896103896102
KATI,2018,25,2018-06-18,144.53896103896102
KATI,2018,26,2018-06-25,144.53896103896102
KATI,2018,27,2018-07-02,144.53896103896102
KATI,2018,28,2018-07-09,144.53896103896102
KATI,2018,29,2018-07-16,144.53896103896102
KATI,2018,30,2018-07-23,144.53896103896102
KATI,2018,31,2018-07-30,144.53896103896102
KATI,2018,32,2018-08-06,144.53896103896102
KATI,2018,33,2018-08-13,144.53896103896102
KATI,2018,34,2018-08-20,144.53896103896102
KATI,2018,35,2018-08-27,144.53896103896102
KATI,2018,36,2018-09-03,144.53896103896102
KATI,2018,37,2018-09-10,144.53896103896102
KATI,2018,38,2018-09-17,144.53896103896102
KATI,2018,39,2018-09-24,144.53896103896102
KATI,2018,40,2018-10-01,144.53896103896102
KATI,2018,41,2018-10-08,144.53896103896102
KATI,2018,42,2018-10-15,144.53896103896102
KATI,2018,43,2018-10-22,144.53896103896102
KATI,2018,44,2018-10-29,144.53896103896102
KATI,2018,45,2018-11-05,144.53896103896102
KATI,2018,46,2018-11-12,144.53896103896102
KATI,2018,47,2018-11-19,144.53896103896102
KATI,2018,48,2018-11-26,144.53896103896102
KATI,2018,49,2018-12-03,144.53896103896102
KATI,2018,50,2018-12-10,144.53896103896102
KATI,2018,51,2018-12-17,144.53896103896102
KATI,2018,52,2018-12-24,144.53896103896102
KATI,2018,1,2018-12-31,144.53896103896102
KATI,2019,2,2019-01-07,325.0373376623377
KATI,2019,3,2019-01-14,325.0373376623377
KATI,2019,4,2019-01-21,325.0373376623377
KATI,2019,5,2019-01-28,325.0373376623377
KATI,2019,6,2019-02-04,325.0373376623377
KATI,2019,7,2019-02-11,325.0373376623377
KATI,2019,8,2019-02-18,325.0373376623377
KATI,2019,9,2019-02-25,325.0373376623377
KATI,2019,10,2019-03-04,325.0373376623377
KATI,2019,11,2019-03-11,325.0373376623377
KATI,2019,12,2019-03-18,325.0373376623377
KATI,2019,13,2019-03-25,325.0373376623377
KATI,2019,14,2019-04-01,325.0373376623377
KATI,2019,15,2019-04-08,325.0373376623377
KATI,2019,16,2019-04-15,325.0373376623377
KATI,2019,17,2019-04-22,325.0373376623377
KATI,2019,18,2019-04-29,325.0373376623377
KATI,2019,19,2019-05-06,325.0373376623377
KATI,2019,20,2019-05-13,325.0373376623377
KATI,2019,21,2019-05-20,325.0373376623377
KATI,2019,22,2019-05-27,325.0373376623377
KATI,2019,23,2019-06-03,325.0373376623377
KATI,2019,24,2019-06-10,325.0373376623377
KATI,2019,25,2019-06-17,325.0373376623377
KATI,2019,26,2019-06-24,325.0373376623377
KATI,2019,27,2019-07-01,325.0373376623377
KATI,2019,28,2019-07-08,325.0373376623377
KATI,2019,29,2019-07-15,325.0373376623377
KATI,2019,30,2019-07-22,325.0373376623377
KATI,2019,31,2019-07-29,325.0373376623377
KATI,2019,32,2019-08-05,325.0373376623377
KATI,2019,33,2019-08-12,325.0373376623377
KATI,2019,34,2019-08-19,325.0373376623377
KATI,2019,35,2019-08-26,325.0373376623377
KATI,2019,36,2019-09-02,325.0373376623377
KATI,2019,37,2019-09-09,325.0373376623377
KATI,2019,38,2019-09-16,325.0373376623377
KATI,2019,39,2019-09-23,325.0373376623377
KATI,2019,40,2019-09-30,325.0373376623377
KATI,2019,41,2019-10-07,325.0373376623377
KATI,2019,42,2019-10-14,325.0373376623377
KATI,2019,43,2019-10-21,325.0373376623377
KATI,2019,44,2019-10-28,325.0373376623377
KATI,2019,45,2019-11-04,325.0373376623377
KATI,2019,46,2019-11-11,325.0373376623377
KATI,2019,47,2019-11-18,325.0373376623377
KATI,2019,48,2019-11-25,325.0373376623377
KATI,2019,49,2019-12-02,325.0373376623377
KATI,2019,50,2019-12-09,325.0373376623377
KATI,2019,51,2019-12-16,325.0373376623377
KATI,2019,52,2019-12-23,325.0373376623377
KATI,2019,1,2019-12-30,325.0373376623377
KATI,2020,2,2020-01-06,661.8977272727273
KATI,2020,3,2020-01-13,661.8977272727273
KATI,2020,4,2020-01-20,661.8977272727273
KATI,2020,5,2020-01-27,661.8977272727273
KATI,2020,6,2020-02-03,661.8977272727273
KATI,2020,7,2020-02-10,661.8977272727273
KATI,2020,8,2020-02-17,661.8977272727273
KATI,2020,9,2020-02-24,517.3587662337662
KATI,2020,10,2020-03-02,517.3587662337662
KATI,2020,11,2020-03-09,517.3587662337662
KATI,2020,12,2020-03-16,517.3587662337662
KATI,2020,13,2020-03-23,517.3587662337662
KATI,2020,14,2020-03-30,517.3587662337662
KATI,2020,15,2020-04-06,517.3587662337662
KATI,2020,16,2020-04-13,517.3587662337662
KATI,2020,17,2020-04-20,517.3587662337662
KATI,2020,18,2020-04-27,517.3587662337662
KATI,2020,19,2020-05-04,517.3587662337662
KATI,2020,20,2020-05-11,517.3587662337662
KATI,2020,21,2020-05-18,517.3587662337662
KATI,2020,22,2020-05-25,517.3587662337662
KATI,2020,23,2020-06-01,517.3587662337662
KATI,2020,24,2020-06-08,517.3587662337662
KATI,2020,25,2020-06-15,517.3587662337662
KATI,2020,26,2020-06-22,517.3587662337662
KATI,2020,27,2020-06-29,517.3587662337662
KATI,2020,28,2020-07-06,517.3587662337662
KATI,2020,29,2020-07-13,517.3587662337662
KATI,2020,30,2020-07-20,517.3587662337662
KATI,2020,31,2020-07-27,517.3587662337662
KATI,2020,32,2020-08-03,517.3587662337662
KATI,2020,33,2020-08-10,517.3587662337662
KATI,2020,34,2020-08-17,517.3587662337662
KATI,2020,35,2020-08-24,517.3587662337662
KATI,2020,36,2020-08-31,517.3587662337662
KATI,2020,37,2020-09-07,517.3587662337662
KATI,2020,38,2020-09-14,517.3587662337662
KATI,2020,39,2020-09-21,517.3587662337662
KATI,2020,40,2020-09-28,517.3587662337662
KATI,2020,41,2020-10-05,517.3587662337662
KATI,2020,42,2020-10-12,517.3587662337662
KATI,2020,43,2020-10-19,517.3587662337662
KATI,2020,44,2020-10-26,517.3587662337662
KATI,2020,45,2020-11-02,517.3587662337662
KATI,2020,46,2020-11-09,517.3587662337662
KATI,2020,47,2020-11-16,517.3587662337662
KATI,2020,48,2020-11-23,517.3587662337662
KATI,2020,49,2020-11-30,517.3587662337662
KATI,2020,50,2020-12-07,517.3587662337662
KATI,2020,51,2020-12-14,517.3587662337662
KATI,2020,52,2020-12-21,517.3587662337662
KATI,2020,53,2020-12-28,517.3587662337662
KATI,2021,1,2021-01-04,1230.2353896103896
KATI,2021,2,2021-01-11,1230.2353896103896
KATI,2021,3,2021-01-18,1230.2353896103896
KATI,2021,4,2021-01-25,1230.2353896103896
KATI,2021,5,2021-02-01,1230.2353896103896
KATI,2021,6,2021-02-08,1230.2353896103896
KATI,2021,7,2021-02-15,1230.2353896103896
KATI,2021,8,2021-02-22,1230.2353896103896
KATI,2021,9,2021-03-01,1049.737012987013
KATI,2021,10,2021-03-08,1049.737012987013
KATI,2021,11,2021-03-15,1049.737012987013
KATI,2021,12,2021-03-22,1049.737012987013
KATI,2021,13,2021-03-29,1049.737012987013
KATI,2021,14,2021-04-05,1049.737012987013
KATI,2021,15,2021-04-12,1049.737012987013
KATI,2021,16,2021-04-19,1049.737012987013
KATI,2021,17,2021-04-26,1049.737012987013
KATI,2021,18,2021-05-03,1049.737012987013
KATI,2021,19,2021-05-10,1049.737012987013
KATI,2021,20,2021-05-17,1049.737012987013
KATI,2021,21,2021-05-24,1049.737012987013
KATI,2021,22,2021-05-31,1049.737012987013
KATI,2021,23,2021-06-07,1049.737012987013
KATI,2021,24,2021-06-14,1049.737012987013
KATI,2021,25,2021-06-21,1049.737012987013
KATI,2021,26,2021-06-28,1049.737012987013
KATI,2021,27,2021-07-05,1049.737012987013
KATI,2021,28,2021-07-12,1049.737012987013
KATI,2021,29,2021-07-19,1049.737012987013
KATI,2021,30,2021-07-26,1049.737012987013
KATI,2021,31,2021-08-02,1049.737012987013
KATI,2021,32,2021-08-09,1049.737012987013
KATI,2021,33,2021-08-16,1049.737012987013
KATI,2021,34,2021-08-23,1049.737012987013
KATI,2021,35,2021-08-30,1049.737012987013
KATI,2021,36,2021-09-06,1049.737012987013
KATI,2021,37,2021-09-13,1049.737012987013
KATI,2021,38,2021-09-20,1049.737012987013
KATI,2021,39,2021-09-27,1049.737012987013
KATI,2021,40,2021-10-04,1049.737012987013
KATI,2021,41,2021-10-11,1049.737012987013
KATI,2021,42,2021-10-18,1049.737012987013
KATI,2021,43,2021-10-25,1049.737012987013
KATI,2021,44,2021-11-01,1049.737012987013
KATI,2021,45,2021-11-08,1049.737012987013
KATI,2021,46,2021-11-15,1049.737012987013
KATI,2021,47,2021-11-22,1049.737012987013
KATI,2021,48,2021-11-29,1049.737012987013
KATI,2021,49,2021-12-06,1049.737012987013
KATI,2021,50,2021-12-13,1049.737012987013
KATI,2021,51,2021-12-20,1049.737012987013
KATI,2021,52,2021-12-27,1049.737012987013
KATI,2022,1,2022-01-03,1049.737012987013
KATI,2022,2,2022-01-10,1049.737012987013
KATI,2022,3,2022-01-17,1049.737012987013
KATI,2022,4,2022-01-24,1049.737012987013
KATI,2022,5,2022-01-31,1049.737012987013
KATI,2022,6,2022-02-07,1049.737012987013
KATI,2022,7,2022-02-14,1049.737012987013
KATI,2022,8,2022-02-21,1049.737012987013
KATI,2022,9,2022-02-28,712.8766233766233
KATI,2022,10,2022-03-07,712.8766233766233
KATI,2022,11,2022-03-14,712.8766233766233
KATI,2022,12,2022-03-21,712.8766233766233
KATI,2022,13,2022-03-28,712.8766233766233
KATI,2022,14,2022-04-04,712.8766233766233
KATI,2022,15,2022-04-11,712.8766233766233
KATI,2022,16,2022-04-18,712.8766233766233
KATI,2022,17,2022-04-25,712.8766233766233
KATI,2022,18,2022-05-02,712.8766233766233
KATI,2022,19,2022-05-09,712.8766233766233
KATI,2022,20,2022-05-16,712.8766233766233
KATI,2022,21,2022-05-23,712.8766233766233
KATI,2022,22,2022-05-30,712.8766233766233
KATI,2022,23,2022-06-06,712.8766233766233
KATI,2022,24,2022-06-13,712.8766233766233
KATI,2022,25,2022-06-20,712.8766233766233
KATI,2022,26,2022-06-27,712.8766233766233
KATI,2022,27,2022-07-04,712.8766233766233
KATI,2022,28,2022-07-11,712.8766233766233
KATI,2022,29,2022-07-18,712.8766233766233
KATI,2022,30,2022-07-25,712.8766233766233
KATI,2022,31,2022-08-01,712.8766233766233
KATI,2022,32,2022-08-08,712.8766233766233
KATI,2022,33,2022-08-15,712.8766233766233
KATI,2022,34,2022-08-22,712.8766233766233
KATI,2022,35,2022-08-29,712.8766233766233
KATI,2022,36,2022-09-05,712.8766233766233
KATI,2022,37,2022-09-12,712.8766233766233
KATI,2022,38,2022-09-19,712.8766233766233
KATI,2022,39,2022-09-26,712.8766233766233
KATI,2022,40,2022-10-03,712.8766233766233
KATI,2022,41,2022-10-10,712.8766233766233
KATI,2022,42,2022-10-17,712.8766233766233
KATI,2022,43,2022-10-24,712.8766233766233
KATI,2022,44,2022-10-31,712.8766233766233
KATI,2022,45,2022-11-07,712.8766233766233
KATI,2022,46,2022-11-14,712.8766233766233
KATI,2022,47,2022-11-21,712.8766233766233
KATI,2022,48,2022-11-28,712.8766233766233
KATI,2022,49,2022-12-05,712.8766233766233
KATI,2022,50,2022-12-12,712.8766233766233
KATI,2022,51,2022-12-19,712.8766233766233
KATI,2022,52,2022-12-26,712.8766233766233
KATI,2023,1,2023-01-02,914.1753246753246
KATI,2023,2,2023-01-09,914.1753246753246
KATI,2023,3,2023-01-16,914.1753246753246
KATI,2023,4,2023-01-23,914.1753246753246
KATI,2023,5,2023-01-30,914.1753246753246
KATI,2023,6,2023-02-06,914.1753246753246
KATI,2023,7,2023-02-13,914.1753246753246
KATI,2023,8,2023-02-20,914.1753246753246
KATI,2023,9,2023-02-27,201.2987012987013
KATI,2023,10,2023-03-06,201.2987012987013
KATI,2023,11,2023-03-13,201.2987012987013
KATI,2023,12,2023-03-20,201.2987012987013
KATI,2023,13,2023-03-27,201.2987012987013
KATI,2023,14,2023-04-03,201.2987012987013
KATI,2023,15,2023-04-10,201.2987012987013
KATI,2023,16,2023-04-17,201.2987012987013
KATI,2023,17,2023-04-24,201.2987012987013
KATI,2023,18,2023-05-01,201.2987012987013
KATI,2023,19,2023-05-08,201.2987012987013
KATI,2023,20,2023-05-15,201.2987012987013
KATI,2023,21,2023-05-22,201.2987012987013
KATI,2023,22,2023-05-29,201.2987012987013
KATI,2023,23,2023-06-05,201.2987012987013
KATI,2023,24,2023-06-12,201.2987012987013
KATI,2023,25,2023-06-19,201.2987012987013
KATI,2023,26,2023-06-26,201.2987012987013
KATI,2023,27,2023-07-03,201.2987012987013
KATI,2023,28,2023-07-10,201.2987012987013
KATI,2023,29,2023-07-17,201.2987012987013
KATI,2023,30,2023-07-24,201.2987012987013
KATI,2023,31,2023-07-31,201.2987012987013
KATI,2023,32,2023-08-07,201.2987012987013
KATI,2023,33,2023-08-14,201.2987012987013
KATI,2023,34,2023-08-21,201.2987012987013
KATI,2023,35,2023-08-28,201.2987012987013
KATI,2023,36,2023-09-04,201.2987012987013
KATI,2023,37,2023-09-11,201.2987012987013
KATI,2023,38,2023-09-18,201.2987012987013
KATI,2023,39,2023-09-25,201.2987012987013
KATI,2023,40,2023-10-02,201.2987012987013
KATI,2023,41,2023-10-09,201.2987012987013
KATI,2023,42,2023-10-16,201.2987012987013
KATI,2023,43,2023-10-23,201.2987012987013
KATI,2023,44,2023-10-30,201.2987012987013
KATI,2023,45,2023-11-06,201.2987012987013
KATI,2023,46,2023-11-13,201.2987012987013
KATI,2023,47,2023-11-20,201.2987012987013
KATI,2023,48,2023-11-27,201.2987012987013
KATI,2023,49,2023-12-04,201.2987012987013
KATI,2023,50,2023-12-11,201.2987012987013
KATI,2023,51,2023-12-18,201.2987012987013
KATI,2023,52,2023-12-25,201.2987012987013
KATI,2024,1,2024-01-01,201.2987012987013
KATI,2024,2,2024-01-08,201.2987012987013
KATI,2024,3,2024-01-15,201.2987012987013
KATI,2024,4,2024-01-22,201.2987012987013
KATI,2024,5,2024-01-29,201.2987012987013
KATI,2024,6,2024-02-05,201.2987012987013
KATI,2024,7,2024-02-12,201.2987012987013
KATI,2024,8,2024-02-19,201.2987012987013
KATI,2024,9,2024-02-26,201.2987012987013
KATI,2024,10,2024-03-04,201.2987012987013
KATI,2024,11,2024-03-11,201.2987012987013
KATI,2024,12,2024-03-18,201.2987012987013
KATI,2024,13,2024-03-25,201.2987012987013
KATI,2024,14,2024-04-01,201.2987012987013
KATI,2024,15,2024-04-08,201.2987012987013
KATI,2024,16,2024-04-15,201.2987012987013
KATI,2024,17,2024-04-22,201.2987012987013
KATI,2024,18,2024-04-29,201.2987012987013
KATI,2024,19,2024-05-06,201.2987012987013
KATI,2024,20,2024-05-13,201.2987012987013
KATI,2024,21,2024-05-20,201.2987012987013
KATI,2024,22,2024-05-27,201.2987012987013
KATI,2024,23,2024-06-03,201.2987012987013
KATI,2024,24,2024-06-10,201.2987012987013
KATI,2024,25,2024-06-17,201.2987012987013
KATI,2024,26,2024-06-24,201.2987012987013
KATI,2024,27,2024-07-01,201.2987012987013
KATI,2024,28,2024-07-08,201.2987012987013
KATI,2024,29,2024-07-15,201.2987012987013
KATI,2024,30,2024-07-22,201.2987012987013
KATI,2024,31,2024-07-29,201.2987012987013
KATI,2024,32,2024-08-05,201.2987012987013
KATI,2024,33,2024-08-12,201.2987012987013
KATI,2024,34,2024-08-19,201.2987012987013
KATI,2024,35,2024-08-26,201.2987012987013
KATI,2024,36,2024-09-02,201.2987012987013
KATI,2024,37,2024-09-09,201.2987012987013
KATI,2024,38,2024-09-16,201.2987012987013
KATI,2024,39,2024-09-23,201.2987012987013
KATI,2024,40,2024-09-30,201.2987012987013
KATI,2024,41,2024-10-07,201.2987012987013
KATI,2024,42,2024-10-14,201.2987012987013
KATI,2024,43,2024-10-21,201.2987012987013
KATI,2024,44,2024-10-28,201.2987012987013
KATI,2024,45,2024-11-04,201.2987012987013
KATI,2024,46,2024-11-11,201.2987012987013
KATI,2024,47,2024-11-18,201.2987012987013
KATI,2024,48,2024-11-25,201.2987012987013
KATI,2024,49,2024-12-02,201.2987012987013
KATI,2024,50,2024-12-09,201.2987012987013
KATI,2024,51,2024-12-16,201.2987012987013
KATI,2024,52,2024-12-23,201.2987012987013
KATI,2024,1,2024-12-30,201.2987012987013
