District,Station,Year,Month,Week,Rainfall
MAGHARIBI  B,Zanzibar Airport,2023,jan,1,3.8
MAGHARIBI  B,Zanzibar Airport,2023,feb,6,0.0
MAGHARIBI  B,Zanzibar Airport,2023,mar,10,0.0
MAGHARIBI  B,Zanzibar Airport,2023,apr,14,51.6
MAGHARIBI  B,Zanzibar Airport,2023,may,18,69.6
MAGHARIBI  B,Zanzibar Airport,2023,jun,23,96.9
MAGHARIBI  B,Zanzibar Airport,2023,jul,27,51.1
MAGHARIBI  B,Zanzibar Airport,2023,aug,32,2.8000000000000003
MAGHARIBI  B,Zanzibar Airport,2023,sep,36,0.0
MAGHARIBI  B,Zanzibar Airport,2023,oct,40,12.2
MAGHARIBI  B,Zanzibar Airport,2023,nov,45,487.9
MAGHARIBI  B,Zanzibar Airport,2023,dec,49,55.9
MAGHARIBI  B,Zanzibar Airport,2023,jan,2,58.39999999999999
MAGHARIBI  B,Zanzibar Airport,2023,feb,7,7.8
MAGHARIBI  B,Zanzibar Airport,2023,mar,11,0.0
MAGHARIBI  B,Zanzibar Airport,2023,apr,15,6.000000000000001
MAGHARIBI  B,Zanzibar Airport,2023,may,19,35.0
MAGHARIBI  B,Zanzibar Airport,2023,jun,24,21.8
MAGHARIBI  B,Zanzibar Airport,2023,jul,28,1.6
MAGHARIBI  B,Zanzibar Airport,2023,aug,33,1.2
MAGHARIBI  B,Zanzibar Airport,2023,sep,37,3.4
MAGHARIBI  B,Zanzibar Airport,2023,oct,41,0.0
MAGHARIBI  B,Zanzibar Airport,2023,nov,46,146.5
MAGHARIBI  B,Zanzibar Airport,2023,dec,50,59.5
MAGHARIBI  B,Zanzibar Airport,2023,jan,3,1.4
MAGHARIBI  B,Zanzibar Airport,2023,feb,8,0.1
MAGHARIBI  B,Zanzibar Airport,2023,mar,12,64.2
MAGHARIBI  B,Zanzibar Airport,2023,apr,16,156.7
MAGHARIBI  B,Zanzibar Airport,2023,may,20,0.0
MAGHARIBI  B,Zanzibar Airport,2023,jun,25,0.0
MAGHARIBI  B,Zanzibar Airport,2023,jul,29,4.9
MAGHARIBI  B,Zanzibar Airport,2023,aug,34,0.5
MAGHARIBI  B,Zanzibar Airport,2023,sep,38,2.1
MAGHARIBI  B,Zanzibar Airport,2023,oct,42,7.699999999999999
MAGHARIBI  B,Zanzibar Airport,2023,nov,47,129.89999999999998
MAGHARIBI  B,Zanzibar Airport,2023,dec,51,49.0
MAGHARIBI  B,Zanzibar Airport,2023,jan,4,0.0
MAGHARIBI  B,Zanzibar Airport,2023,feb,9,0.0
MAGHARIBI  B,Zanzibar Airport,2023,mar,13,26.9
MAGHARIBI  B,Zanzibar Airport,2023,apr,17,67.8
MAGHARIBI  B,Zanzibar Airport,2023,may,21,9.1
MAGHARIBI  B,Zanzibar Airport,2023,jun,26,0.0
MAGHARIBI  B,Zanzibar Airport,2023,jul,30,8.1
MAGHARIBI  B,Zanzibar Airport,2023,aug,35,0.3
MAGHARIBI  B,Zanzibar Airport,2023,sep,39,10.1
MAGHARIBI  B,Zanzibar Airport,2023,oct,43,33.4
MAGHARIBI  B,Zanzibar Airport,2023,nov,48,24.7
MAGHARIBI  B,Zanzibar Airport,2023,dec,52,54.8
MAGHARIBI  B,Zanzibar Airport,2022,jan,1,0.0
MAGHARIBI  B,Zanzibar Airport,2022,feb,6,60.50000000000001
MAGHARIBI  B,Zanzibar Airport,2022,mar,10,0.0
MAGHARIBI  B,Zanzibar Airport,2022,apr,14,2.8000000000000003
MAGHARIBI  B,Zanzibar Airport,2022,may,18,34.7
MAGHARIBI  B,Zanzibar Airport,2022,jun,23,3.0
MAGHARIBI  B,Zanzibar Airport,2022,jul,27,18.9
MAGHARIBI  B,Zanzibar Airport,2022,aug,31,2.4
MAGHARIBI  B,Zanzibar Airport,2022,sep,36,0.0
MAGHARIBI  B,Zanzibar Airport,2022,oct,40,3.5
MAGHARIBI  B,Zanzibar Airport,2022,nov,45,18.0
MAGHARIBI  B,Zanzibar Airport,2022,dec,49,0.0
MAGHARIBI  B,Zanzibar Airport,2022,jan,2,58.39999999999999
MAGHARIBI  B,Zanzibar Airport,2022,feb,7,7.8
MAGHARIBI  B,Zanzibar Airport,2022,mar,11,0.0
MAGHARIBI  B,Zanzibar Airport,2022,apr,15,6.000000000000001
MAGHARIBI  B,Zanzibar Airport,2022,may,19,35.0
MAGHARIBI  B,Zanzibar Airport,2022,jun,24,21.8
MAGHARIBI  B,Zanzibar Airport,2022,jul,28,1.6
MAGHARIBI  B,Zanzibar Airport,2022,aug,32,1.2
MAGHARIBI  B,Zanzibar Airport,2022,sep,37,3.4
MAGHARIBI  B,Zanzibar Airport,2022,oct,41,0.0
MAGHARIBI  B,Zanzibar Airport,2022,nov,46,146.5
MAGHARIBI  B,Zanzibar Airport,2022,dec,50,59.5
MAGHARIBI  B,Zanzibar Airport,2022,jan,3,1.4
MAGHARIBI  B,Zanzibar Airport,2022,feb,8,0.1
MAGHARIBI  B,Zanzibar Airport,2022,mar,12,64.2
MAGHARIBI  B,Zanzibar Airport,2022,apr,16,156.7
MAGHARIBI  B,Zanzibar Airport,2022,may,20,0.0
MAGHARIBI  B,Zanzibar Airport,2022,jun,25,0.0
MAGHARIBI  B,Zanzibar Airport,2022,jul,29,4.9
MAGHARIBI  B,Zanzibar Airport,2022,aug,33,0.5
MAGHARIBI  B,Zanzibar Airport,2022,sep,38,2.1
MAGHARIBI  B,Zanzibar Airport,2022,oct,42,7.699999999999999
MAGHARIBI  B,Zanzibar Airport,2022,nov,47,129.89999999999998
MAGHARIBI  B,Zanzibar Airport,2022,dec,51,49.0
MAGHARIBI  B,Zanzibar Airport,2022,jan,4,0.0
MAGHARIBI  B,Zanzibar Airport,2022,feb,9,0.0
MAGHARIBI  B,Zanzibar Airport,2022,mar,13,26.9
MAGHARIBI  B,Zanzibar Airport,2022,apr,17,67.8
MAGHARIBI  B,Zanzibar Airport,2022,may,21,9.1
MAGHARIBI  B,Zanzibar Airport,2022,jun,26,0.0
MAGHARIBI  B,Zanzibar Airport,2022,jul,30,8.1
MAGHARIBI  B,Zanzibar Airport,2022,aug,34,0.3
MAGHARIBI  B,Zanzibar Airport,2022,sep,39,10.1
MAGHARIBI  B,Zanzibar Airport,2022,oct,43,33.4
MAGHARIBI  B,Zanzibar Airport,2022,nov,48,24.7
MAGHARIBI  B,Zanzibar Airport,2022,dec,52,54.8
MAGHARIBI  B,Zanzibar Airport,2021,jan,1,10.7
MAGHARIBI  B,Zanzibar Airport,2021,feb,5,6.8
MAGHARIBI  B,Zanzibar Airport,2021,mar,9,0.0
MAGHARIBI  B,Zanzibar Airport,2021,apr,14,16.2
MAGHARIBI  B,Zanzibar Airport,2021,may,18,70.80000000000001
MAGHARIBI  B,Zanzibar Airport,2021,jun,23,41.5
MAGHARIBI  B,Zanzibar Airport,2021,jul,27,0.0
MAGHARIBI  B,Zanzibar Airport,2021,aug,31,0.0
MAGHARIBI  B,Zanzibar Airport,2021,sep,36,0.0
MAGHARIBI  B,Zanzibar Airport,2021,oct,40,0.0
MAGHARIBI  B,Zanzibar Airport,2021,nov,44,0.0
MAGHARIBI  B,Zanzibar Airport,2021,dec,49,90.3
MAGHARIBI  B,Zanzibar Airport,2021,jan,2,5.7
MAGHARIBI  B,Zanzibar Airport,2021,feb,6,18.3
MAGHARIBI  B,Zanzibar Airport,2021,mar,10,1.1
MAGHARIBI  B,Zanzibar Airport,2021,apr,15,82.60000000000001
MAGHARIBI  B,Zanzibar Airport,2021,may,19,0.0
MAGHARIBI  B,Zanzibar Airport,2021,jun,24,7.8
MAGHARIBI  B,Zanzibar Airport,2021,jul,28,17.1
MAGHARIBI  B,Zanzibar Airport,2021,aug,32,2.2
MAGHARIBI  B,Zanzibar Airport,2021,sep,37,6.0
MAGHARIBI  B,Zanzibar Airport,2021,oct,41,4.800000000000001
MAGHARIBI  B,Zanzibar Airport,2021,nov,45,1.2
MAGHARIBI  B,Zanzibar Airport,2021,dec,50,70.60000000000001
MAGHARIBI  B,Zanzibar Airport,2021,jan,3,0.0
MAGHARIBI  B,Zanzibar Airport,2021,feb,7,0.0
MAGHARIBI  B,Zanzibar Airport,2021,mar,11,25.200000000000003
MAGHARIBI  B,Zanzibar Airport,2021,apr,16,72.9
MAGHARIBI  B,Zanzibar Airport,2021,may,20,0.0
MAGHARIBI  B,Zanzibar Airport,2021,jun,25,1.3
MAGHARIBI  B,Zanzibar Airport,2021,jul,29,0.0
MAGHARIBI  B,Zanzibar Airport,2021,aug,33,10.4
MAGHARIBI  B,Zanzibar Airport,2021,sep,38,0.8
MAGHARIBI  B,Zanzibar Airport,2021,oct,42,13.0
MAGHARIBI  B,Zanzibar Airport,2021,nov,46,0.0
MAGHARIBI  B,Zanzibar Airport,2021,dec,51,63.9
MAGHARIBI  B,Zanzibar Airport,2021,jan,4,11.9
MAGHARIBI  B,Zanzibar Airport,2021,feb,8,12.0
MAGHARIBI  B,Zanzibar Airport,2021,mar,12,4.2
MAGHARIBI  B,Zanzibar Airport,2021,apr,17,57.0
MAGHARIBI  B,Zanzibar Airport,2021,may,21,0.0
MAGHARIBI  B,Zanzibar Airport,2021,jun,26,9.7
MAGHARIBI  B,Zanzibar Airport,2021,jul,30,2.9
MAGHARIBI  B,Zanzibar Airport,2021,aug,34,3.6
MAGHARIBI  B,Zanzibar Airport,2021,sep,39,4.6
MAGHARIBI  B,Zanzibar Airport,2021,oct,43,0.1
MAGHARIBI  B,Zanzibar Airport,2021,nov,47,6.2
MAGHARIBI  B,Zanzibar Airport,2021,dec,52,62.10000000000001
MAGHARIBI  B,Zanzibar Airport,2020,jan,2,0.0
MAGHARIBI  B,Zanzibar Airport,2020,feb,6,21.6
MAGHARIBI  B,Zanzibar Airport,2020,mar,10,41.1
MAGHARIBI  B,Zanzibar Airport,2020,apr,15,42.7
MAGHARIBI  B,Zanzibar Airport,2020,may,19,101.8
MAGHARIBI  B,Zanzibar Airport,2020,jun,23,0.0
MAGHARIBI  B,Zanzibar Airport,2020,jul,28,0.0
MAGHARIBI  B,Zanzibar Airport,2020,aug,32,0.0
MAGHARIBI  B,Zanzibar Airport,2020,sep,37,0.5
MAGHARIBI  B,Zanzibar Airport,2020,oct,41,14.9
MAGHARIBI  B,Zanzibar Airport,2020,nov,45,45.00000000000001
MAGHARIBI  B,Zanzibar Airport,2020,dec,50,57.4
MAGHARIBI  B,Zanzibar Airport,2020,jan,3,41.1
MAGHARIBI  B,Zanzibar Airport,2020,feb,7,6.8
MAGHARIBI  B,Zanzibar Airport,2020,mar,11,84.7
MAGHARIBI  B,Zanzibar Airport,2020,apr,16,225.1
MAGHARIBI  B,Zanzibar Airport,2020,may,20,5.4
MAGHARIBI  B,Zanzibar Airport,2020,jun,24,1.1
MAGHARIBI  B,Zanzibar Airport,2020,jul,29,36.5
MAGHARIBI  B,Zanzibar Airport,2020,aug,33,0.0
MAGHARIBI  B,Zanzibar Airport,2020,sep,38,1.1
MAGHARIBI  B,Zanzibar Airport,2020,oct,42,31.8
MAGHARIBI  B,Zanzibar Airport,2020,nov,46,107.1
MAGHARIBI  B,Zanzibar Airport,2020,dec,51,23.8
MAGHARIBI  B,Zanzibar Airport,2020,jan,4,141.0
MAGHARIBI  B,Zanzibar Airport,2020,feb,8,8.1
MAGHARIBI  B,Zanzibar Airport,2020,mar,12,14.4
MAGHARIBI  B,Zanzibar Airport,2020,apr,17,365.2
MAGHARIBI  B,Zanzibar Airport,2020,may,21,54.8
MAGHARIBI  B,Zanzibar Airport,2020,jun,25,0.0
MAGHARIBI  B,Zanzibar Airport,2020,jul,30,1.0
MAGHARIBI  B,Zanzibar Airport,2020,aug,34,39.1
MAGHARIBI  B,Zanzibar Airport,2020,sep,39,3.7
MAGHARIBI  B,Zanzibar Airport,2020,oct,43,32.2
MAGHARIBI  B,Zanzibar Airport,2020,nov,47,14.9
MAGHARIBI  B,Zanzibar Airport,2020,dec,52,45.400000000000006
MAGHARIBI  B,Zanzibar Airport,2020,jan,5,27.9
MAGHARIBI  B,Zanzibar Airport,2020,feb,9,2.3
MAGHARIBI  B,Zanzibar Airport,2020,mar,13,10.8
MAGHARIBI  B,Zanzibar Airport,2020,apr,18,45.4
MAGHARIBI  B,Zanzibar Airport,2020,may,22,3.4
MAGHARIBI  B,Zanzibar Airport,2020,jun,26,0.0
MAGHARIBI  B,Zanzibar Airport,2020,jul,31,4.3
MAGHARIBI  B,Zanzibar Airport,2020,aug,35,7.6
MAGHARIBI  B,Zanzibar Airport,2020,sep,40,2.5
MAGHARIBI  B,Zanzibar Airport,2020,oct,44,49.6
MAGHARIBI  B,Zanzibar Airport,2020,nov,48,91.2
MAGHARIBI  B,Zanzibar Airport,2020,dec,53,59.9
MAGHARIBI  B,Zanzibar Airport,2019,jan,2,12.2
MAGHARIBI  B,Zanzibar Airport,2019,feb,6,0.0
MAGHARIBI  B,Zanzibar Airport,2019,mar,10,13.7
MAGHARIBI  B,Zanzibar Airport,2019,apr,14,100.8
MAGHARIBI  B,Zanzibar Airport,2019,may,19,368.1
MAGHARIBI  B,Zanzibar Airport,2019,jun,23,0.0
MAGHARIBI  B,Zanzibar Airport,2019,jul,27,0.0
MAGHARIBI  B,Zanzibar Airport,2019,aug,32,13.8
MAGHARIBI  B,Zanzibar Airport,2019,sep,36,13.7
MAGHARIBI  B,Zanzibar Airport,2019,oct,41,39.0
MAGHARIBI  B,Zanzibar Airport,2019,nov,45,13.6
MAGHARIBI  B,Zanzibar Airport,2019,dec,49,108.0
MAGHARIBI  B,Zanzibar Airport,2019,jan,3,0.0
MAGHARIBI  B,Zanzibar Airport,2019,feb,7,3.3
MAGHARIBI  B,Zanzibar Airport,2019,mar,11,0.0
MAGHARIBI  B,Zanzibar Airport,2019,apr,15,45.3
MAGHARIBI  B,Zanzibar Airport,2019,may,20,275.70000000000005
MAGHARIBI  B,Zanzibar Airport,2019,jun,24,0.0
MAGHARIBI  B,Zanzibar Airport,2019,jul,28,0.0
MAGHARIBI  B,Zanzibar Airport,2019,aug,33,24.9
MAGHARIBI  B,Zanzibar Airport,2019,sep,37,36.1
MAGHARIBI  B,Zanzibar Airport,2019,oct,42,206.5
MAGHARIBI  B,Zanzibar Airport,2019,nov,46,80.3
MAGHARIBI  B,Zanzibar Airport,2019,dec,50,10.6
MAGHARIBI  B,Zanzibar Airport,2019,jan,4,6.800000000000001
MAGHARIBI  B,Zanzibar Airport,2019,feb,8,29.5
MAGHARIBI  B,Zanzibar Airport,2019,mar,12,0.0
MAGHARIBI  B,Zanzibar Airport,2019,apr,16,19.1
MAGHARIBI  B,Zanzibar Airport,2019,may,21,62.1
MAGHARIBI  B,Zanzibar Airport,2019,jun,25,0.0
MAGHARIBI  B,Zanzibar Airport,2019,jul,29,0.1
MAGHARIBI  B,Zanzibar Airport,2019,aug,34,0.0
MAGHARIBI  B,Zanzibar Airport,2019,sep,38,0.3
MAGHARIBI  B,Zanzibar Airport,2019,oct,43,128.1
MAGHARIBI  B,Zanzibar Airport,2019,nov,47,80.7
MAGHARIBI  B,Zanzibar Airport,2019,dec,51,137.0
MAGHARIBI  B,Zanzibar Airport,2019,jan,5,0.0
MAGHARIBI  B,Zanzibar Airport,2019,feb,9,72.6
MAGHARIBI  B,Zanzibar Airport,2019,mar,13,3.8
MAGHARIBI  B,Zanzibar Airport,2019,apr,17,0.0
MAGHARIBI  B,Zanzibar Airport,2019,may,22,133.0
MAGHARIBI  B,Zanzibar Airport,2019,jun,26,0.0
MAGHARIBI  B,Zanzibar Airport,2019,jul,30,0.0
MAGHARIBI  B,Zanzibar Airport,2019,aug,35,1.9
MAGHARIBI  B,Zanzibar Airport,2019,sep,39,6.2
MAGHARIBI  B,Zanzibar Airport,2019,oct,44,144.8
MAGHARIBI  B,Zanzibar Airport,2019,nov,48,9.2
MAGHARIBI  B,Zanzibar Airport,2019,dec,52,11.6
MAGHARIBI  B,Zanzibar Airport,2018,jan,1,53.8
MAGHARIBI  B,Zanzibar Airport,2018,feb,6,0.0
MAGHARIBI  B,Zanzibar Airport,2018,mar,10,12.1
MAGHARIBI  B,Zanzibar Airport,2018,apr,14,34.599999999999994
MAGHARIBI  B,Zanzibar Airport,2018,may,19,191.6
MAGHARIBI  B,Zanzibar Airport,2018,jun,23,17.1
MAGHARIBI  B,Zanzibar Airport,2018,jul,27,119.5
MAGHARIBI  B,Zanzibar Airport,2018,aug,32,0.8
MAGHARIBI  B,Zanzibar Airport,2018,sep,36,15.4
MAGHARIBI  B,Zanzibar Airport,2018,oct,40,6.9
MAGHARIBI  B,Zanzibar Airport,2018,nov,45,0.0
MAGHARIBI  B,Zanzibar Airport,2018,dec,49,34.300000000000004
MAGHARIBI  B,Zanzibar Airport,2018,jan,2,6.3
MAGHARIBI  B,Zanzibar Airport,2018,feb,7,0.0
MAGHARIBI  B,Zanzibar Airport,2018,mar,11,35.5
MAGHARIBI  B,Zanzibar Airport,2018,apr,15,222.0
MAGHARIBI  B,Zanzibar Airport,2018,may,20,213.2
MAGHARIBI  B,Zanzibar Airport,2018,jun,24,1.0
MAGHARIBI  B,Zanzibar Airport,2018,jul,28,1.0
MAGHARIBI  B,Zanzibar Airport,2018,aug,33,0.0
MAGHARIBI  B,Zanzibar Airport,2018,sep,37,7.1
MAGHARIBI  B,Zanzibar Airport,2018,oct,41,5.7
MAGHARIBI  B,Zanzibar Airport,2018,nov,46,0.0
MAGHARIBI  B,Zanzibar Airport,2018,dec,50,38.0
MAGHARIBI  B,Zanzibar Airport,2018,jan,3,0.0
MAGHARIBI  B,Zanzibar Airport,2018,feb,8,39.6
MAGHARIBI  B,Zanzibar Airport,2018,mar,12,68.5
MAGHARIBI  B,Zanzibar Airport,2018,apr,16,329.5999999999999
MAGHARIBI  B,Zanzibar Airport,2018,may,21,108.1
MAGHARIBI  B,Zanzibar Airport,2018,jun,25,0.7
MAGHARIBI  B,Zanzibar Airport,2018,jul,29,1.0
MAGHARIBI  B,Zanzibar Airport,2018,aug,34,2.7
MAGHARIBI  B,Zanzibar Airport,2018,sep,38,2.6
MAGHARIBI  B,Zanzibar Airport,2018,oct,42,27.0
MAGHARIBI  B,Zanzibar Airport,2018,nov,47,22.7
MAGHARIBI  B,Zanzibar Airport,2018,dec,51,93.6
MAGHARIBI  B,Zanzibar Airport,2018,jan,4,0.0
MAGHARIBI  B,Zanzibar Airport,2018,feb,9,0.0
MAGHARIBI  B,Zanzibar Airport,2018,mar,13,3.4000000000000004
MAGHARIBI  B,Zanzibar Airport,2018,apr,17,4.5
MAGHARIBI  B,Zanzibar Airport,2018,may,22,11.6
MAGHARIBI  B,Zanzibar Airport,2018,jun,26,8.8
MAGHARIBI  B,Zanzibar Airport,2018,jul,30,0.0
MAGHARIBI  B,Zanzibar Airport,2018,aug,35,13.0
MAGHARIBI  B,Zanzibar Airport,2018,sep,39,5.5
MAGHARIBI  B,Zanzibar Airport,2018,oct,43,58.10000000000001
MAGHARIBI  B,Zanzibar Airport,2018,nov,48,22.700000000000003
MAGHARIBI  B,Zanzibar Airport,2018,dec,52,2.5
WETE,Weni,2023,jan,1,25.0
WETE,Weni,2023,feb,6,0.0
WETE,Weni,2023,mar,10,0.0
WETE,Weni,2023,apr,14,25.0
WETE,Weni,2023,may,18,0.0
WETE,Weni,2023,jun,23,0.0
WETE,Weni,2023,jul,27,31.0
WETE,Weni,2023,aug,32,0.0
WETE,Weni,2023,sep,36,0.0
WETE,Weni,2023,oct,40,24.0
WETE,Weni,2023,nov,45,160.89999999999998
WETE,Weni,2023,dec,49,10.0
WETE,Weni,2023,jan,2,14.0
WETE,Weni,2023,feb,7,0.0
WETE,Weni,2023,mar,11,0.0
WETE,Weni,2023,apr,15,55.0
WETE,Weni,2023,may,19,13.0
WETE,Weni,2023,jun,24,172.0
WETE,Weni,2023,jul,28,12.0
WETE,Weni,2023,aug,33,0.0
WETE,Weni,2023,sep,37,0.0
WETE,Weni,2023,oct,41,0.0
WETE,Weni,2023,nov,46,99.1
WETE,Weni,2023,dec,50,63.0
WETE,Weni,2023,jan,3,0.0
WETE,Weni,2023,feb,8,0.0
WETE,Weni,2023,mar,12,43.0
WETE,Weni,2023,apr,16,182.0
WETE,Weni,2023,may,20,0.0
WETE,Weni,2023,jun,25,0.0
WETE,Weni,2023,jul,29,14.0
WETE,Weni,2023,aug,34,4.0
WETE,Weni,2023,sep,38,0.0
WETE,Weni,2023,oct,42,75.0
WETE,Weni,2023,nov,47,95.4
WETE,Weni,2023,dec,51,28.0
WETE,Weni,2023,jan,4,10.0
WETE,Weni,2023,feb,9,0.0
WETE,Weni,2023,mar,13,29.5
WETE,Weni,2023,apr,17,164.0
WETE,Weni,2023,may,21,107.0
WETE,Weni,2023,jun,26,9.0
WETE,Weni,2023,jul,30,3.0
WETE,Weni,2023,aug,35,19.0
WETE,Weni,2023,sep,39,0.0
WETE,Weni,2023,oct,43,33.0
WETE,Weni,2023,nov,48,85.8
WETE,Weni,2023,dec,52,25.0
WETE,Weni,2022,jan,1,0.0
WETE,Weni,2022,feb,6,0.0
WETE,Weni,2022,mar,10,0.0
WETE,Weni,2022,apr,14,10.0
WETE,Weni,2022,may,18,80.0
WETE,Weni,2022,jun,23,59.0
WETE,Weni,2022,jul,27,27.0
WETE,Weni,2022,aug,31,0.0
WETE,Weni,2022,sep,36,0.0
WETE,Weni,2022,oct,40,0.0
WETE,Weni,2022,nov,45,0.0
WETE,Weni,2022,dec,49,0.0
WETE,Weni,2022,jan,2,0.0
WETE,Weni,2022,feb,7,0.0
WETE,Weni,2022,mar,11,0.0
WETE,Weni,2022,apr,15,20.0
WETE,Weni,2022,may,19,4.0
WETE,Weni,2022,jun,24,15.0
WETE,Weni,2022,jul,28,20.0
WETE,Weni,2022,aug,32,0.0
WETE,Weni,2022,sep,37,0.0
WETE,Weni,2022,oct,41,0.0
WETE,Weni,2022,nov,46,19.0
WETE,Weni,2022,dec,50,12.0
WETE,Weni,2022,jan,3,11.0
WETE,Weni,2022,feb,8,53.0
WETE,Weni,2022,mar,12,0.0
WETE,Weni,2022,apr,16,159.0
WETE,Weni,2022,may,20,30.0
WETE,Weni,2022,jun,25,3.0
WETE,Weni,2022,jul,29,14.0
WETE,Weni,2022,aug,33,0.0
WETE,Weni,2022,sep,38,2.0
WETE,Weni,2022,oct,42,10.0
WETE,Weni,2022,nov,47,21.0
WETE,Weni,2022,dec,51,10.0
WETE,Weni,2022,jan,4,0.0
WETE,Weni,2022,feb,9,0.0
WETE,Weni,2022,mar,13,25.0
WETE,Weni,2022,apr,17,114.0
WETE,Weni,2022,may,21,29.0
WETE,Weni,2022,jun,26,13.0
WETE,Weni,2022,jul,30,0.0
WETE,Weni,2022,aug,34,0.0
WETE,Weni,2022,sep,39,5.0
WETE,Weni,2022,oct,43,45.0
WETE,Weni,2022,nov,48,90.0
WETE,Weni,2022,dec,52,10.0
WETE,Weni,2021,jan,1,70.0
WETE,Weni,2021,feb,5,8.0
WETE,Weni,2021,mar,9,0.0
WETE,Weni,2021,apr,14,46.0
WETE,Weni,2021,may,18,135.0
WETE,Weni,2021,jun,23,5.0
WETE,Weni,2021,jul,27,0.0
WETE,Weni,2021,aug,31,19.0
WETE,Weni,2021,sep,36,2.0
WETE,Weni,2021,oct,40,0.0
WETE,Weni,2021,nov,44,0.0
WETE,Weni,2021,dec,49,57.0
WETE,Weni,2021,jan,2,68.0
WETE,Weni,2021,feb,6,0.0
WETE,Weni,2021,mar,10,0.0
WETE,Weni,2021,apr,15,72.5
WETE,Weni,2021,may,19,0.0
WETE,Weni,2021,jun,24,36.0
WETE,Weni,2021,jul,28,2.5
WETE,Weni,2021,aug,32,0.0
WETE,Weni,2021,sep,37,8.0
WETE,Weni,2021,oct,41,0.0
WETE,Weni,2021,nov,45,0.0
WETE,Weni,2021,dec,50,115.0
WETE,Weni,2021,jan,3,0.0
WETE,Weni,2021,feb,7,0.0
WETE,Weni,2021,mar,11,25.5
WETE,Weni,2021,apr,16,123.5
WETE,Weni,2021,may,20,4.0
WETE,Weni,2021,jun,25,0.0
WETE,Weni,2021,jul,29,0.0
WETE,Weni,2021,aug,33,5.0
WETE,Weni,2021,sep,38,2.0
WETE,Weni,2021,oct,42,10.5
WETE,Weni,2021,nov,46,0.0
WETE,Weni,2021,dec,51,30.5
WETE,Weni,2021,jan,4,0.0
WETE,Weni,2021,feb,8,0.0
WETE,Weni,2021,mar,12,65.0
WETE,Weni,2021,apr,17,69.0
WETE,Weni,2021,may,21,0.0
WETE,Weni,2021,jun,26,24.5
WETE,Weni,2021,jul,30,0.0
WETE,Weni,2021,aug,34,2.0
WETE,Weni,2021,sep,39,0.0
WETE,Weni,2021,oct,43,2.0
WETE,Weni,2021,nov,47,40.0
WETE,Weni,2021,dec,52,14.0
WETE,Weni,2020,jan,2,0.0
WETE,Weni,2020,feb,6,0.0
WETE,Weni,2020,mar,10,66.5
WETE,Weni,2020,apr,15,113.0
WETE,Weni,2020,may,19,193.9
WETE,Weni,2020,jun,23,27.5
WETE,Weni,2020,jul,28,15.0
WETE,Weni,2020,aug,32,0.0
WETE,Weni,2020,sep,37,0.0
WETE,Weni,2020,oct,41,0.0
WETE,Weni,2020,nov,45,0.0
WETE,Weni,2020,dec,50,62.3
WETE,Weni,2020,jan,3,0.0
WETE,Weni,2020,feb,7,0.0
WETE,Weni,2020,mar,11,26.5
WETE,Weni,2020,apr,16,343.5
WETE,Weni,2020,may,20,92.4
WETE,Weni,2020,jun,24,23.2
WETE,Weni,2020,jul,29,10.5
WETE,Weni,2020,aug,33,0.0
WETE,Weni,2020,sep,38,0.0
WETE,Weni,2020,oct,42,18.5
WETE,Weni,2020,nov,46,50.5
WETE,Weni,2020,dec,51,0.0
WETE,Weni,2020,jan,4,32.0
WETE,Weni,2020,feb,8,0.0
WETE,Weni,2020,mar,12,43.8
WETE,Weni,2020,apr,17,99.5
WETE,Weni,2020,may,21,52.0
WETE,Weni,2020,jun,25,5.2
WETE,Weni,2020,jul,30,7.7
WETE,Weni,2020,aug,34,10.5
WETE,Weni,2020,sep,39,30.5
WETE,Weni,2020,oct,43,16.0
WETE,Weni,2020,nov,47,15.0
WETE,Weni,2020,dec,52,44.0
WETE,Weni,2020,jan,5,9.0
WETE,Weni,2020,feb,9,10.5
WETE,Weni,2020,mar,13,71.0
WETE,Weni,2020,apr,18,163.5
WETE,Weni,2020,may,22,6.0
WETE,Weni,2020,jun,26,20.0
WETE,Weni,2020,jul,31,5.0
WETE,Weni,2020,aug,35,0.0
WETE,Weni,2020,sep,40,11.5
WETE,Weni,2020,oct,44,5.5
WETE,Weni,2020,nov,48,10.0
WETE,Weni,2020,dec,53,0.0
WETE,Weni,2019,jan,2,17.5
WETE,Weni,2019,feb,6,0.0
WETE,Weni,2019,mar,10,0.0
WETE,Weni,2019,apr,14,61.1
WETE,Weni,2019,may,19,76.7
WETE,Weni,2019,jun,23,7.9
WETE,Weni,2019,jul,27,7.2
WETE,Weni,2019,aug,32,28.0
WETE,Weni,2019,sep,36,0.0
WETE,Weni,2019,oct,41,40.9
WETE,Weni,2019,nov,45,16.6
WETE,Weni,2019,dec,49,77.4
WETE,Weni,2019,jan,3,0.0
WETE,Weni,2019,feb,7,11.7
WETE,Weni,2019,mar,11,0.0
WETE,Weni,2019,apr,15,88.3
WETE,Weni,2019,may,20,219.0
WETE,Weni,2019,jun,24,1.5
WETE,Weni,2019,jul,28,0.0
WETE,Weni,2019,aug,33,0.0
WETE,Weni,2019,sep,37,30.0
WETE,Weni,2019,oct,42,148.9
WETE,Weni,2019,nov,46,83.4
WETE,Weni,2019,dec,50,6.5
WETE,Weni,2019,jan,4,0.0
WETE,Weni,2019,feb,8,0.0
WETE,Weni,2019,mar,12,0.0
WETE,Weni,2019,apr,16,58.7
WETE,Weni,2019,may,21,100.0
WETE,Weni,2019,jun,25,13.4
WETE,Weni,2019,jul,29,31.7
WETE,Weni,2019,aug,34,0.0
WETE,Weni,2019,sep,38,0.0
WETE,Weni,2019,oct,43,67.3
WETE,Weni,2019,nov,47,16.7
WETE,Weni,2019,dec,51,48.0
WETE,Weni,2019,jan,5,0.0
WETE,Weni,2019,feb,9,41.3
WETE,Weni,2019,mar,13,1.0
WETE,Weni,2019,apr,17,54.3
WETE,Weni,2019,may,22,398.5
WETE,Weni,2019,jun,26,0.0
WETE,Weni,2019,jul,30,0.0
WETE,Weni,2019,aug,35,14.8
WETE,Weni,2019,sep,39,18.0
WETE,Weni,2019,oct,44,93.5
WETE,Weni,2019,nov,48,67.1
WETE,Weni,2019,dec,52,0.0
WETE,Weni,2018,jan,1,69.1
WETE,Weni,2018,feb,6,0.0
WETE,Weni,2018,mar,10,19.5
WETE,Weni,2018,apr,14,45.2
WETE,Weni,2018,may,19,201.2
WETE,Weni,2018,jun,23,1.0
WETE,Weni,2018,jul,27,34.5
WETE,Weni,2018,aug,32,0.0
WETE,Weni,2018,sep,36,14.0
WETE,Weni,2018,oct,40,1.5
WETE,Weni,2018,nov,45,0.0
WETE,Weni,2018,dec,49,9.0
WETE,Weni,2018,jan,2,1.5
WETE,Weni,2018,feb,7,0.0
WETE,Weni,2018,mar,11,44.0
WETE,Weni,2018,apr,15,121.5
WETE,Weni,2018,may,20,265.5
WETE,Weni,2018,jun,24,32.0
WETE,Weni,2018,jul,28,20.9
WETE,Weni,2018,aug,33,8.7
WETE,Weni,2018,sep,37,0.0
WETE,Weni,2018,oct,41,0.0
WETE,Weni,2018,nov,46,15.0
WETE,Weni,2018,dec,50,43.8
WETE,Weni,2018,jan,3,0.2
WETE,Weni,2018,feb,8,0.0
WETE,Weni,2018,mar,12,51.2
WETE,Weni,2018,apr,16,130.4
WETE,Weni,2018,may,21,16.9
WETE,Weni,2018,jun,25,32.3
WETE,Weni,2018,jul,29,3.0
WETE,Weni,2018,aug,34,0.0
WETE,Weni,2018,sep,38,19.0
WETE,Weni,2018,oct,42,32.5
WETE,Weni,2018,nov,47,75.39999999999999
WETE,Weni,2018,dec,51,34.800000000000004
WETE,Weni,2018,jan,4,0.0
WETE,Weni,2018,feb,9,0.0
WETE,Weni,2018,mar,13,81.7
WETE,Weni,2018,apr,17,34.0
WETE,Weni,2018,may,22,6.0
WETE,Weni,2018,jun,26,31.5
WETE,Weni,2018,jul,30,8.0
WETE,Weni,2018,aug,35,6.0
WETE,Weni,2018,sep,39,45.0
WETE,Weni,2018,oct,43,186.0
WETE,Weni,2018,nov,48,67.3
WETE,Weni,2018,dec,52,29.2
KUSINI,Makunduchi,2023,jan,1,9.4
KUSINI,Makunduchi,2023,feb,6,28.9
KUSINI,Makunduchi,2023,mar,10,3.3
KUSINI,Makunduchi,2023,apr,14,38.2
KUSINI,Makunduchi,2023,may,18,86.3
KUSINI,Makunduchi,2023,jun,23,68.0
KUSINI,Makunduchi,2023,jul,27,62.5
KUSINI,Makunduchi,2023,aug,32,0.0
KUSINI,Makunduchi,2023,sep,36,0.0
KUSINI,Makunduchi,2023,oct,40,18.0
KUSINI,Makunduchi,2023,nov,45,77.7
KUSINI,Makunduchi,2023,dec,49,23.200000000000003
KUSINI,Makunduchi,2023,jan,2,0.0
KUSINI,Makunduchi,2023,feb,7,38.9
KUSINI,Makunduchi,2023,mar,11,30.5
KUSINI,Makunduchi,2023,apr,15,57.900000000000006
KUSINI,Makunduchi,2023,may,19,30.5
KUSINI,Makunduchi,2023,jun,24,0.0
KUSINI,Makunduchi,2023,jul,28,0.0
KUSINI,Makunduchi,2023,aug,33,10.5
KUSINI,Makunduchi,2023,sep,37,0.0
KUSINI,Makunduchi,2023,oct,41,0.0
KUSINI,Makunduchi,2023,nov,46,97.8
KUSINI,Makunduchi,2023,dec,50,19.6
KUSINI,Makunduchi,2023,jan,3,6.6
KUSINI,Makunduchi,2023,feb,8,0.0
KUSINI,Makunduchi,2023,mar,12,16.5
KUSINI,Makunduchi,2023,apr,16,151.1
KUSINI,Makunduchi,2023,may,20,16.5
KUSINI,Makunduchi,2023,jun,25,0.0
KUSINI,Makunduchi,2023,jul,29,0.0
KUSINI,Makunduchi,2023,aug,34,28.3
KUSINI,Makunduchi,2023,sep,38,0.0
KUSINI,Makunduchi,2023,oct,42,0.0
KUSINI,Makunduchi,2023,nov,47,42.7
KUSINI,Makunduchi,2023,dec,51,7.4
KUSINI,Makunduchi,2023,jan,4,0.0
KUSINI,Makunduchi,2023,feb,9,0.0
KUSINI,Makunduchi,2023,mar,13,25.2
KUSINI,Makunduchi,2023,apr,17,150.6
KUSINI,Makunduchi,2023,may,21,25.2
KUSINI,Makunduchi,2023,jun,26,22.6
KUSINI,Makunduchi,2023,jul,30,0.0
KUSINI,Makunduchi,2023,aug,35,0.0
KUSINI,Makunduchi,2023,sep,39,0.0
KUSINI,Makunduchi,2023,oct,43,0.0
KUSINI,Makunduchi,2023,nov,48,16.1
KUSINI,Makunduchi,2023,dec,52,30.1
KUSINI,Makunduchi,2022,jan,1,0.0
KUSINI,Makunduchi,2022,feb,6,30.1
KUSINI,Makunduchi,2022,mar,10,0.0
KUSINI,Makunduchi,2022,apr,14,0.0
KUSINI,Makunduchi,2022,may,18,76.0
KUSINI,Makunduchi,2022,jun,23,80.1
KUSINI,Makunduchi,2022,jul,27,26.5
KUSINI,Makunduchi,2022,aug,31,0.0
KUSINI,Makunduchi,2022,sep,36,0.0
KUSINI,Makunduchi,2022,oct,40,0.0
KUSINI,Makunduchi,2022,nov,45,0.0
KUSINI,Makunduchi,2022,dec,49,0.0
KUSINI,Makunduchi,2022,jan,2,0.0
KUSINI,Makunduchi,2022,feb,7,12.8
KUSINI,Makunduchi,2022,mar,11,0.0
KUSINI,Makunduchi,2022,apr,15,82.4
KUSINI,Makunduchi,2022,may,19,0.0
KUSINI,Makunduchi,2022,jun,24,0.0
KUSINI,Makunduchi,2022,jul,28,12.8
KUSINI,Makunduchi,2022,aug,32,1.5
KUSINI,Makunduchi,2022,sep,37,0.0
KUSINI,Makunduchi,2022,oct,41,0.0
KUSINI,Makunduchi,2022,nov,46,0.0
KUSINI,Makunduchi,2022,dec,50,0.0
KUSINI,Makunduchi,2022,jan,3,41.9
KUSINI,Makunduchi,2022,feb,8,11.3
KUSINI,Makunduchi,2022,mar,12,2.3
KUSINI,Makunduchi,2022,apr,16,123.0
KUSINI,Makunduchi,2022,may,20,0.0
KUSINI,Makunduchi,2022,jun,25,0.0
KUSINI,Makunduchi,2022,jul,29,35.3
KUSINI,Makunduchi,2022,aug,33,9.5
KUSINI,Makunduchi,2022,sep,38,0.0
KUSINI,Makunduchi,2022,oct,42,0.0
KUSINI,Makunduchi,2022,nov,47,22.7
KUSINI,Makunduchi,2022,dec,51,0.0
KUSINI,Makunduchi,2022,jan,4,44.1
KUSINI,Makunduchi,2022,feb,9,46.6
KUSINI,Makunduchi,2022,mar,13,0.0
KUSINI,Makunduchi,2022,apr,17,83.7
KUSINI,Makunduchi,2022,may,21,32.2
KUSINI,Makunduchi,2022,jun,26,0.0
KUSINI,Makunduchi,2022,jul,30,0.0
KUSINI,Makunduchi,2022,aug,34,0.0
KUSINI,Makunduchi,2022,sep,39,0.0
KUSINI,Makunduchi,2022,oct,43,0.0
KUSINI,Makunduchi,2022,nov,48,36.6
KUSINI,Makunduchi,2022,dec,52,13.3
KUSINI,Makunduchi,2021,jan,1,0.0
KUSINI,Makunduchi,2021,feb,5,0.0
KUSINI,Makunduchi,2021,mar,9,0.0
KUSINI,Makunduchi,2021,apr,14,61.0
KUSINI,Makunduchi,2021,may,18,169.9
KUSINI,Makunduchi,2021,jun,23,18.9
KUSINI,Makunduchi,2021,jul,27,0.0
KUSINI,Makunduchi,2021,aug,31,0.0
KUSINI,Makunduchi,2021,sep,36,0.0
KUSINI,Makunduchi,2021,oct,40,0.0
KUSINI,Makunduchi,2021,nov,44,0.0
KUSINI,Makunduchi,2021,dec,49,40.5
KUSINI,Makunduchi,2021,jan,2,100.5
KUSINI,Makunduchi,2021,feb,6,55.9
KUSINI,Makunduchi,2021,mar,10,0.0
KUSINI,Makunduchi,2021,apr,15,189.0
KUSINI,Makunduchi,2021,may,19,0.0
KUSINI,Makunduchi,2021,jun,24,0.0
KUSINI,Makunduchi,2021,jul,28,44.4
KUSINI,Makunduchi,2021,aug,32,7.4
KUSINI,Makunduchi,2021,sep,37,11.0
KUSINI,Makunduchi,2021,oct,41,0.0
KUSINI,Makunduchi,2021,nov,45,0.0
KUSINI,Makunduchi,2021,dec,50,36.1
KUSINI,Makunduchi,2021,jan,3,0.0
KUSINI,Makunduchi,2021,feb,7,0.0
KUSINI,Makunduchi,2021,mar,11,32.1
KUSINI,Makunduchi,2021,apr,16,117.3
KUSINI,Makunduchi,2021,may,20,18.6
KUSINI,Makunduchi,2021,jun,25,14.4
KUSINI,Makunduchi,2021,jul,29,0.0
KUSINI,Makunduchi,2021,aug,33,12.7
KUSINI,Makunduchi,2021,sep,38,1.2
KUSINI,Makunduchi,2021,oct,42,0.0
KUSINI,Makunduchi,2021,nov,46,0.0
KUSINI,Makunduchi,2021,dec,51,38.0
KUSINI,Makunduchi,2021,jan,4,0.0
KUSINI,Makunduchi,2021,feb,8,5.5
KUSINI,Makunduchi,2021,mar,12,18.2
KUSINI,Makunduchi,2021,apr,17,72.4
KUSINI,Makunduchi,2021,may,21,0.0
KUSINI,Makunduchi,2021,jun,26,6.3
KUSINI,Makunduchi,2021,jul,30,0.0
KUSINI,Makunduchi,2021,aug,34,8.4
KUSINI,Makunduchi,2021,sep,39,0.0
KUSINI,Makunduchi,2021,oct,43,9.5
KUSINI,Makunduchi,2021,nov,47,12.2
KUSINI,Makunduchi,2021,dec,52,0.0
KUSINI,Makunduchi,2020,jan,2,61.7
KUSINI,Makunduchi,2020,feb,6,66.7
KUSINI,Makunduchi,2020,mar,10,41.5
KUSINI,Makunduchi,2020,apr,15,92.5
KUSINI,Makunduchi,2020,may,19,179.5
KUSINI,Makunduchi,2020,jun,23,0.0
KUSINI,Makunduchi,2020,jul,28,15.8
KUSINI,Makunduchi,2020,aug,32,5.6
KUSINI,Makunduchi,2020,sep,37,0.0
KUSINI,Makunduchi,2020,oct,41,0.0
KUSINI,Makunduchi,2020,nov,45,0.0
KUSINI,Makunduchi,2020,dec,50,0.0
KUSINI,Makunduchi,2020,jan,3,0.0
KUSINI,Makunduchi,2020,feb,7,34.4
KUSINI,Makunduchi,2020,mar,11,101.1
KUSINI,Makunduchi,2020,apr,16,271.5
KUSINI,Makunduchi,2020,may,20,9.6
KUSINI,Makunduchi,2020,jun,24,22.2
KUSINI,Makunduchi,2020,jul,29,18.3
KUSINI,Makunduchi,2020,aug,33,0.0
KUSINI,Makunduchi,2020,sep,38,0.0
KUSINI,Makunduchi,2020,oct,42,2.3
KUSINI,Makunduchi,2020,nov,46,82.6
KUSINI,Makunduchi,2020,dec,51,0.0
KUSINI,Makunduchi,2020,jan,4,10.5
KUSINI,Makunduchi,2020,feb,8,0.0
KUSINI,Makunduchi,2020,mar,12,40.6
KUSINI,Makunduchi,2020,apr,17,273.2
KUSINI,Makunduchi,2020,may,21,86.9
KUSINI,Makunduchi,2020,jun,25,0.0
KUSINI,Makunduchi,2020,jul,30,29.1
KUSINI,Makunduchi,2020,aug,34,19.5
KUSINI,Makunduchi,2020,sep,39,0.0
KUSINI,Makunduchi,2020,oct,43,30.0
KUSINI,Makunduchi,2020,nov,47,23.3
KUSINI,Makunduchi,2020,dec,52,0.0
KUSINI,Makunduchi,2020,jan,5,62.4
KUSINI,Makunduchi,2020,feb,9,0.0
KUSINI,Makunduchi,2020,mar,13,8.4
KUSINI,Makunduchi,2020,apr,18,232.9
KUSINI,Makunduchi,2020,may,22,0.0
KUSINI,Makunduchi,2020,jun,26,18.5
KUSINI,Makunduchi,2020,jul,31,0.0
KUSINI,Makunduchi,2020,aug,35,3.2
KUSINI,Makunduchi,2020,sep,40,8.3
KUSINI,Makunduchi,2020,oct,44,13.6
KUSINI,Makunduchi,2020,nov,48,15.1
KUSINI,Makunduchi,2020,dec,53,0.0
KUSINI,Makunduchi,2019,jan,2,10.8
KUSINI,Makunduchi,2019,feb,6,0.0
KUSINI,Makunduchi,2019,mar,10,20.7
KUSINI,Makunduchi,2019,apr,14,160.39999999999998
KUSINI,Makunduchi,2019,may,19,199.4
KUSINI,Makunduchi,2019,jun,23,0.0
KUSINI,Makunduchi,2019,jul,27,0.0
KUSINI,Makunduchi,2019,aug,32,16.0
KUSINI,Makunduchi,2019,sep,36,0.0
KUSINI,Makunduchi,2019,oct,41,46.4
KUSINI,Makunduchi,2019,nov,45,35.1
KUSINI,Makunduchi,2019,dec,49,75.2
KUSINI,Makunduchi,2019,jan,3,0.0
KUSINI,Makunduchi,2019,feb,7,0.0
KUSINI,Makunduchi,2019,mar,11,0.0
KUSINI,Makunduchi,2019,apr,15,90.0
KUSINI,Makunduchi,2019,may,20,237.1
KUSINI,Makunduchi,2019,jun,24,0.0
KUSINI,Makunduchi,2019,jul,28,3.5
KUSINI,Makunduchi,2019,aug,33,0.0
KUSINI,Makunduchi,2019,sep,37,0.0
KUSINI,Makunduchi,2019,oct,42,157.0
KUSINI,Makunduchi,2019,nov,46,32.4
KUSINI,Makunduchi,2019,dec,50,8.9
KUSINI,Makunduchi,2019,jan,4,0.0
KUSINI,Makunduchi,2019,feb,8,0.0
KUSINI,Makunduchi,2019,mar,12,0.0
KUSINI,Makunduchi,2019,apr,16,0.0
KUSINI,Makunduchi,2019,may,21,52.2
KUSINI,Makunduchi,2019,jun,25,0.0
KUSINI,Makunduchi,2019,jul,29,4.4
KUSINI,Makunduchi,2019,aug,34,0.0
KUSINI,Makunduchi,2019,sep,38,0.0
KUSINI,Makunduchi,2019,oct,43,54.6
KUSINI,Makunduchi,2019,nov,47,30.0
KUSINI,Makunduchi,2019,dec,51,235.3
KUSINI,Makunduchi,2019,jan,5,0.0
KUSINI,Makunduchi,2019,feb,9,25.4
KUSINI,Makunduchi,2019,mar,13,25.0
KUSINI,Makunduchi,2019,apr,17,31.5
KUSINI,Makunduchi,2019,may,22,141.9
KUSINI,Makunduchi,2019,jun,26,0.0
KUSINI,Makunduchi,2019,jul,30,0.0
KUSINI,Makunduchi,2019,aug,35,0.0
KUSINI,Makunduchi,2019,sep,39,6.2
KUSINI,Makunduchi,2019,oct,44,19.2
KUSINI,Makunduchi,2019,nov,48,18.5
KUSINI,Makunduchi,2019,dec,52,2.7
KUSINI,Makunduchi,2018,jan,1,63.1
KUSINI,Makunduchi,2018,feb,6,0.0
KUSINI,Makunduchi,2018,mar,10,30.6
KUSINI,Makunduchi,2018,apr,14,112.6
KUSINI,Makunduchi,2018,may,19,454.5
KUSINI,Makunduchi,2018,jun,23,13.7
KUSINI,Makunduchi,2018,jul,27,92.6
KUSINI,Makunduchi,2018,aug,32,0.0
KUSINI,Makunduchi,2018,sep,36,11.1
KUSINI,Makunduchi,2018,oct,40,0.0
KUSINI,Makunduchi,2018,nov,45,0.0
KUSINI,Makunduchi,2018,dec,49,0.0
KUSINI,Makunduchi,2018,jan,2,4.1
KUSINI,Makunduchi,2018,feb,7,0.0
KUSINI,Makunduchi,2018,mar,11,6.5
KUSINI,Makunduchi,2018,apr,15,96.9
KUSINI,Makunduchi,2018,may,20,209.3
KUSINI,Makunduchi,2018,jun,24,12.6
KUSINI,Makunduchi,2018,jul,28,4.6
KUSINI,Makunduchi,2018,aug,33,0.0
KUSINI,Makunduchi,2018,sep,37,0.0
KUSINI,Makunduchi,2018,oct,41,0.0
KUSINI,Makunduchi,2018,nov,46,0.0
KUSINI,Makunduchi,2018,dec,50,41.3
KUSINI,Makunduchi,2018,jan,3,0.0
KUSINI,Makunduchi,2018,feb,8,0.0
KUSINI,Makunduchi,2018,mar,12,10.0
KUSINI,Makunduchi,2018,apr,16,244.6
KUSINI,Makunduchi,2018,may,21,76.7
KUSINI,Makunduchi,2018,jun,25,0.0
KUSINI,Makunduchi,2018,jul,29,0.0
KUSINI,Makunduchi,2018,aug,34,0.0
KUSINI,Makunduchi,2018,sep,38,20.5
KUSINI,Makunduchi,2018,oct,42,0.0
KUSINI,Makunduchi,2018,nov,47,31.200000000000003
KUSINI,Makunduchi,2018,dec,51,35.8
KUSINI,Makunduchi,2018,jan,4,0.0
KUSINI,Makunduchi,2018,feb,9,0.0
KUSINI,Makunduchi,2018,mar,13,61.8
KUSINI,Makunduchi,2018,apr,17,20.1
KUSINI,Makunduchi,2018,may,22,119.6
KUSINI,Makunduchi,2018,jun,26,0.0
KUSINI,Makunduchi,2018,jul,30,5.5
KUSINI,Makunduchi,2018,aug,35,12.0
KUSINI,Makunduchi,2018,sep,39,5.7
KUSINI,Makunduchi,2018,oct,43,46.7
KUSINI,Makunduchi,2018,nov,48,33.4
KUSINI,Makunduchi,2018,dec,52,0.0
MJINI,VICTORIA GARDEN,2023,jan,1,5.2
MJINI,VICTORIA GARDEN,2023,feb,6,0.0
MJINI,VICTORIA GARDEN,2023,mar,10,0.0
MJINI,VICTORIA GARDEN,2023,apr,14,46.1
MJINI,VICTORIA GARDEN,2023,may,18,60.2
MJINI,VICTORIA GARDEN,2023,jun,23,107.6
MJINI,VICTORIA GARDEN,2023,jul,27,47.5
MJINI,VICTORIA GARDEN,2023,aug,32,14.3
MJINI,VICTORIA GARDEN,2023,sep,36,1.3
MJINI,VICTORIA GARDEN,2023,oct,40,14.1
MJINI,VICTORIA GARDEN,2023,nov,45,503.2
MJINI,VICTORIA GARDEN,2023,dec,49,51.3
MJINI,VICTORIA GARDEN,2023,jan,2,19.5
MJINI,VICTORIA GARDEN,2023,feb,7,33.0
MJINI,VICTORIA GARDEN,2023,mar,11,0.0
MJINI,VICTORIA GARDEN,2023,apr,15,35.8
MJINI,VICTORIA GARDEN,2023,may,19,26.0
MJINI,VICTORIA GARDEN,2023,jun,24,0.0
MJINI,VICTORIA GARDEN,2023,jul,28,0.0
MJINI,VICTORIA GARDEN,2023,aug,33,6.9
MJINI,VICTORIA GARDEN,2023,sep,37,0.0
MJINI,VICTORIA GARDEN,2023,oct,41,0.0
MJINI,VICTORIA GARDEN,2023,nov,46,141.4
MJINI,VICTORIA GARDEN,2023,dec,50,27.7
MJINI,VICTORIA GARDEN,2023,jan,3,0.0
MJINI,VICTORIA GARDEN,2023,feb,8,0.0
MJINI,VICTORIA GARDEN,2023,mar,12,62.2
MJINI,VICTORIA GARDEN,2023,apr,16,178.7
MJINI,VICTORIA GARDEN,2023,may,20,15.1
MJINI,VICTORIA GARDEN,2023,jun,25,0.0
MJINI,VICTORIA GARDEN,2023,jul,29,0.0
MJINI,VICTORIA GARDEN,2023,aug,34,8.3
MJINI,VICTORIA GARDEN,2023,sep,38,0.0
MJINI,VICTORIA GARDEN,2023,oct,42,0.0
MJINI,VICTORIA GARDEN,2023,nov,47,93.1
MJINI,VICTORIA GARDEN,2023,dec,51,25.3
MJINI,VICTORIA GARDEN,2023,jan,4,0.0
MJINI,VICTORIA GARDEN,2023,feb,9,0.0
MJINI,VICTORIA GARDEN,2023,mar,13,19.6
MJINI,VICTORIA GARDEN,2023,apr,17,73.0
MJINI,VICTORIA GARDEN,2023,may,21,7.2
MJINI,VICTORIA GARDEN,2023,jun,26,0.0
MJINI,VICTORIA GARDEN,2023,jul,30,12.1
MJINI,VICTORIA GARDEN,2023,aug,35,0.0
MJINI,VICTORIA GARDEN,2023,sep,39,5.1
MJINI,VICTORIA GARDEN,2023,oct,43,34.4
MJINI,VICTORIA GARDEN,2023,nov,48,78.6
MJINI,VICTORIA GARDEN,2023,dec,52,22.8
MJINI,VICTORIA GARDEN,2022,jan,1,0.0
MJINI,VICTORIA GARDEN,2022,feb,6,38.6
MJINI,VICTORIA GARDEN,2022,mar,10,0.0
MJINI,VICTORIA GARDEN,2022,apr,14,0.0
MJINI,VICTORIA GARDEN,2022,may,18,39.8
MJINI,VICTORIA GARDEN,2022,jun,23,11.2
MJINI,VICTORIA GARDEN,2022,jul,27,12.2
MJINI,VICTORIA GARDEN,2022,aug,31,4.9
MJINI,VICTORIA GARDEN,2022,sep,36,0.0
MJINI,VICTORIA GARDEN,2022,oct,40,4.0
MJINI,VICTORIA GARDEN,2022,nov,45,0.0
MJINI,VICTORIA GARDEN,2022,dec,49,1.2
MJINI,VICTORIA GARDEN,2022,jan,2,0.0
MJINI,VICTORIA GARDEN,2022,feb,7,0.1
MJINI,VICTORIA GARDEN,2022,mar,11,0.0
MJINI,VICTORIA GARDEN,2022,apr,15,55.3
MJINI,VICTORIA GARDEN,2022,may,19,0.0
MJINI,VICTORIA GARDEN,2022,jun,24,0.0
MJINI,VICTORIA GARDEN,2022,jul,28,8.0
MJINI,VICTORIA GARDEN,2022,aug,32,17.7
MJINI,VICTORIA GARDEN,2022,sep,37,1.9
MJINI,VICTORIA GARDEN,2022,oct,41,0.0
MJINI,VICTORIA GARDEN,2022,nov,46,11.0
MJINI,VICTORIA GARDEN,2022,dec,50,25.4
MJINI,VICTORIA GARDEN,2022,jan,3,215.3
MJINI,VICTORIA GARDEN,2022,feb,8,27.3
MJINI,VICTORIA GARDEN,2022,mar,12,0.0
MJINI,VICTORIA GARDEN,2022,apr,16,130.1
MJINI,VICTORIA GARDEN,2022,may,20,6.5
MJINI,VICTORIA GARDEN,2022,jun,25,5.8
MJINI,VICTORIA GARDEN,2022,jul,29,21.3
MJINI,VICTORIA GARDEN,2022,aug,33,0.0
MJINI,VICTORIA GARDEN,2022,sep,38,2.6
MJINI,VICTORIA GARDEN,2022,oct,42,0.0
MJINI,VICTORIA GARDEN,2022,nov,47,48.0
MJINI,VICTORIA GARDEN,2022,dec,51,27.2
MJINI,VICTORIA GARDEN,2022,jan,4,110.2
MJINI,VICTORIA GARDEN,2022,feb,9,4.5
MJINI,VICTORIA GARDEN,2022,mar,13,15.6
MJINI,VICTORIA GARDEN,2022,apr,17,47.6
MJINI,VICTORIA GARDEN,2022,may,21,1.2
MJINI,VICTORIA GARDEN,2022,jun,26,1.5
MJINI,VICTORIA GARDEN,2022,jul,30,12.1
MJINI,VICTORIA GARDEN,2022,aug,34,7.4
MJINI,VICTORIA GARDEN,2022,sep,39,3.5
MJINI,VICTORIA GARDEN,2022,oct,43,6.4
MJINI,VICTORIA GARDEN,2022,nov,48,19.700000000000003
MJINI,VICTORIA GARDEN,2022,dec,52,65.5
MJINI,VICTORIA GARDEN,2021,jan,1,9.6
MJINI,VICTORIA GARDEN,2021,feb,5,0.0
MJINI,VICTORIA GARDEN,2021,mar,9,0.0
MJINI,VICTORIA GARDEN,2021,apr,14,30.9
MJINI,VICTORIA GARDEN,2021,may,18,56.4
MJINI,VICTORIA GARDEN,2021,jun,23,2.1
MJINI,VICTORIA GARDEN,2021,jul,27,0.0
MJINI,VICTORIA GARDEN,2021,aug,31,0.2
MJINI,VICTORIA GARDEN,2021,sep,36,0.0
MJINI,VICTORIA GARDEN,2021,oct,40,0.0
MJINI,VICTORIA GARDEN,2021,nov,44,0.0
MJINI,VICTORIA GARDEN,2021,dec,49,45.1
MJINI,VICTORIA GARDEN,2021,jan,2,14.1
MJINI,VICTORIA GARDEN,2021,feb,6,15.3
MJINI,VICTORIA GARDEN,2021,mar,10,0.0
MJINI,VICTORIA GARDEN,2021,apr,15,153.7
MJINI,VICTORIA GARDEN,2021,may,19,3.2
MJINI,VICTORIA GARDEN,2021,jun,24,8.9
MJINI,VICTORIA GARDEN,2021,jul,28,19.7
MJINI,VICTORIA GARDEN,2021,aug,32,0.0
MJINI,VICTORIA GARDEN,2021,sep,37,13.3
MJINI,VICTORIA GARDEN,2021,oct,41,3.8
MJINI,VICTORIA GARDEN,2021,nov,45,0.0
MJINI,VICTORIA GARDEN,2021,dec,50,81.89999999999999
MJINI,VICTORIA GARDEN,2021,jan,3,0.0
MJINI,VICTORIA GARDEN,2021,feb,7,0.0
MJINI,VICTORIA GARDEN,2021,mar,11,13.8
MJINI,VICTORIA GARDEN,2021,apr,16,68.5
MJINI,VICTORIA GARDEN,2021,may,20,0.0
MJINI,VICTORIA GARDEN,2021,jun,25,6.3
MJINI,VICTORIA GARDEN,2021,jul,29,0.0
MJINI,VICTORIA GARDEN,2021,aug,33,24.0
MJINI,VICTORIA GARDEN,2021,sep,38,0.5
MJINI,VICTORIA GARDEN,2021,oct,42,40.3
MJINI,VICTORIA GARDEN,2021,nov,46,0.0
MJINI,VICTORIA GARDEN,2021,dec,51,28.2
MJINI,VICTORIA GARDEN,2021,jan,4,0.0
MJINI,VICTORIA GARDEN,2021,feb,8,6.1
MJINI,VICTORIA GARDEN,2021,mar,12,0.6
MJINI,VICTORIA GARDEN,2021,apr,17,88.2
MJINI,VICTORIA GARDEN,2021,may,21,0.0
MJINI,VICTORIA GARDEN,2021,jun,26,0.6
MJINI,VICTORIA GARDEN,2021,jul,30,3.5
MJINI,VICTORIA GARDEN,2021,aug,34,3.9
MJINI,VICTORIA GARDEN,2021,sep,39,0.4
MJINI,VICTORIA GARDEN,2021,oct,43,0.0
MJINI,VICTORIA GARDEN,2021,nov,47,4.4
MJINI,VICTORIA GARDEN,2021,dec,52,30.5
MJINI,VICTORIA GARDEN,2020,jan,2,0.0
MJINI,VICTORIA GARDEN,2020,feb,6,0.6
MJINI,VICTORIA GARDEN,2020,mar,10,39.1
MJINI,VICTORIA GARDEN,2020,apr,15,7.899999999999999
MJINI,VICTORIA GARDEN,2020,may,19,90.9
MJINI,VICTORIA GARDEN,2020,jun,23,0.0
MJINI,VICTORIA GARDEN,2020,jul,28,0.0
MJINI,VICTORIA GARDEN,2020,aug,32,0.0
MJINI,VICTORIA GARDEN,2020,sep,37,1.0
MJINI,VICTORIA GARDEN,2020,oct,41,11.0
MJINI,VICTORIA GARDEN,2020,nov,45,41.6
MJINI,VICTORIA GARDEN,2020,dec,50,20.0
MJINI,VICTORIA GARDEN,2020,jan,3,5.699999999999999
MJINI,VICTORIA GARDEN,2020,feb,7,0.0
MJINI,VICTORIA GARDEN,2020,mar,11,80.0
MJINI,VICTORIA GARDEN,2020,apr,16,172.6
MJINI,VICTORIA GARDEN,2020,may,20,4.4
MJINI,VICTORIA GARDEN,2020,jun,24,0.2
MJINI,VICTORIA GARDEN,2020,jul,29,31.2
MJINI,VICTORIA GARDEN,2020,aug,33,0.0
MJINI,VICTORIA GARDEN,2020,sep,38,1.2
MJINI,VICTORIA GARDEN,2020,oct,42,3.6
MJINI,VICTORIA GARDEN,2020,nov,46,89.7
MJINI,VICTORIA GARDEN,2020,dec,51,3.5
MJINI,VICTORIA GARDEN,2020,jan,4,130.49999999999997
MJINI,VICTORIA GARDEN,2020,feb,8,32.4
MJINI,VICTORIA GARDEN,2020,mar,12,13.5
MJINI,VICTORIA GARDEN,2020,apr,17,351.5
MJINI,VICTORIA GARDEN,2020,may,21,41.6
MJINI,VICTORIA GARDEN,2020,jun,25,0.0
MJINI,VICTORIA GARDEN,2020,jul,30,0.9
MJINI,VICTORIA GARDEN,2020,aug,34,20.9
MJINI,VICTORIA GARDEN,2020,sep,39,3.4
MJINI,VICTORIA GARDEN,2020,oct,43,56.7
MJINI,VICTORIA GARDEN,2020,nov,47,37.2
MJINI,VICTORIA GARDEN,2020,dec,52,8.1
MJINI,VICTORIA GARDEN,2020,jan,5,22.1
MJINI,VICTORIA GARDEN,2020,feb,9,0.6
MJINI,VICTORIA GARDEN,2020,mar,13,10.8
MJINI,VICTORIA GARDEN,2020,apr,18,187.8
MJINI,VICTORIA GARDEN,2020,may,22,4.6
MJINI,VICTORIA GARDEN,2020,jun,26,0.0
MJINI,VICTORIA GARDEN,2020,jul,31,6.5
MJINI,VICTORIA GARDEN,2020,aug,35,13.7
MJINI,VICTORIA GARDEN,2020,sep,40,7.0
MJINI,VICTORIA GARDEN,2020,oct,44,33.0
MJINI,VICTORIA GARDEN,2020,nov,48,170.0
MJINI,VICTORIA GARDEN,2020,dec,53,19.1
MJINI,VICTORIA GARDEN,2019,jan,2,0.0
MJINI,VICTORIA GARDEN,2019,feb,6,0.7
MJINI,VICTORIA GARDEN,2019,mar,10,26.4
MJINI,VICTORIA GARDEN,2019,apr,14,53.9
MJINI,VICTORIA GARDEN,2019,may,19,379.5
MJINI,VICTORIA GARDEN,2019,jun,23,0.0
MJINI,VICTORIA GARDEN,2019,jul,27,0.0
MJINI,VICTORIA GARDEN,2019,aug,32,22.7
MJINI,VICTORIA GARDEN,2019,sep,36,0.2
MJINI,VICTORIA GARDEN,2019,oct,41,83.1
MJINI,VICTORIA GARDEN,2019,nov,45,45.9
MJINI,VICTORIA GARDEN,2019,dec,49,93.9
MJINI,VICTORIA GARDEN,2019,jan,3,0.0
MJINI,VICTORIA GARDEN,2019,feb,7,0.0
MJINI,VICTORIA GARDEN,2019,mar,11,0.0
MJINI,VICTORIA GARDEN,2019,apr,15,40.4
MJINI,VICTORIA GARDEN,2019,may,20,199.9
MJINI,VICTORIA GARDEN,2019,jun,24,0.0
MJINI,VICTORIA GARDEN,2019,jul,28,0.0
MJINI,VICTORIA GARDEN,2019,aug,33,11.4
MJINI,VICTORIA GARDEN,2019,sep,37,22.000000000000004
MJINI,VICTORIA GARDEN,2019,oct,42,225.00000000000003
MJINI,VICTORIA GARDEN,2019,nov,46,86.4
MJINI,VICTORIA GARDEN,2019,dec,50,0.0
MJINI,VICTORIA GARDEN,2019,jan,4,0.0
MJINI,VICTORIA GARDEN,2019,feb,8,2.8
MJINI,VICTORIA GARDEN,2019,mar,12,0.0
MJINI,VICTORIA GARDEN,2019,apr,16,20.6
MJINI,VICTORIA GARDEN,2019,may,21,51.0
MJINI,VICTORIA GARDEN,2019,jun,25,0.0
MJINI,VICTORIA GARDEN,2019,jul,29,0.6
MJINI,VICTORIA GARDEN,2019,aug,34,0.0
MJINI,VICTORIA GARDEN,2019,sep,38,0.0
MJINI,VICTORIA GARDEN,2019,oct,43,199.3
MJINI,VICTORIA GARDEN,2019,nov,47,57.2
MJINI,VICTORIA GARDEN,2019,dec,51,133.5
MJINI,VICTORIA GARDEN,2019,jan,5,0.0
MJINI,VICTORIA GARDEN,2019,feb,9,83.9
MJINI,VICTORIA GARDEN,2019,mar,13,4.2
MJINI,VICTORIA GARDEN,2019,apr,17,0.0
MJINI,VICTORIA GARDEN,2019,may,22,114.3
MJINI,VICTORIA GARDEN,2019,jun,26,0.0
MJINI,VICTORIA GARDEN,2019,jul,30,0.0
MJINI,VICTORIA GARDEN,2019,aug,35,11.3
MJINI,VICTORIA GARDEN,2019,sep,39,10.0
MJINI,VICTORIA GARDEN,2019,oct,44,129.8
MJINI,VICTORIA GARDEN,2019,nov,48,14.7
MJINI,VICTORIA GARDEN,2019,dec,52,9.9
MJINI,VICTORIA GARDEN,2018,jan,1,28.1
MJINI,VICTORIA GARDEN,2018,feb,6,0.0
MJINI,VICTORIA GARDEN,2018,mar,10,6.6
MJINI,VICTORIA GARDEN,2018,apr,14,61.7
MJINI,VICTORIA GARDEN,2018,may,19,226.1
MJINI,VICTORIA GARDEN,2018,jun,23,0.0
MJINI,VICTORIA GARDEN,2018,jul,27,84.6
MJINI,VICTORIA GARDEN,2018,aug,32,0.0
MJINI,VICTORIA GARDEN,2018,sep,36,0.0
MJINI,VICTORIA GARDEN,2018,oct,40,29.4
MJINI,VICTORIA GARDEN,2018,nov,45,0.0
MJINI,VICTORIA GARDEN,2018,dec,49,32.5
MJINI,VICTORIA GARDEN,2018,jan,2,0.5
MJINI,VICTORIA GARDEN,2018,feb,7,0.0
MJINI,VICTORIA GARDEN,2018,mar,11,13.3
MJINI,VICTORIA GARDEN,2018,apr,15,175.2
MJINI,VICTORIA GARDEN,2018,may,20,194.3
MJINI,VICTORIA GARDEN,2018,jun,24,0.8
MJINI,VICTORIA GARDEN,2018,jul,28,4.6
MJINI,VICTORIA GARDEN,2018,aug,33,1.2
MJINI,VICTORIA GARDEN,2018,sep,37,9.8
MJINI,VICTORIA GARDEN,2018,oct,41,4.1
MJINI,VICTORIA GARDEN,2018,nov,46,1.0
MJINI,VICTORIA GARDEN,2018,dec,50,8.6
MJINI,VICTORIA GARDEN,2018,jan,3,0.0
MJINI,VICTORIA GARDEN,2018,feb,8,19.9
MJINI,VICTORIA GARDEN,2018,mar,12,71.5
MJINI,VICTORIA GARDEN,2018,apr,16,194.8
MJINI,VICTORIA GARDEN,2018,may,21,96.6
MJINI,VICTORIA GARDEN,2018,jun,25,3.7
MJINI,VICTORIA GARDEN,2018,jul,29,1.0
MJINI,VICTORIA GARDEN,2018,aug,34,1.3
MJINI,VICTORIA GARDEN,2018,sep,38,3.7
MJINI,VICTORIA GARDEN,2018,oct,42,17.8
MJINI,VICTORIA GARDEN,2018,nov,47,103.3
MJINI,VICTORIA GARDEN,2018,dec,51,60.2
MJINI,VICTORIA GARDEN,2018,jan,4,0.0
MJINI,VICTORIA GARDEN,2018,feb,9,0.0
MJINI,VICTORIA GARDEN,2018,mar,13,31.6
MJINI,VICTORIA GARDEN,2018,apr,17,8.1
MJINI,VICTORIA GARDEN,2018,may,22,9.6
MJINI,VICTORIA GARDEN,2018,jun,26,14.9
MJINI,VICTORIA GARDEN,2018,jul,30,0.0
MJINI,VICTORIA GARDEN,2018,aug,35,15.0
MJINI,VICTORIA GARDEN,2018,sep,39,4.5
MJINI,VICTORIA GARDEN,2018,oct,43,35.8
MJINI,VICTORIA GARDEN,2018,nov,48,44.6
MJINI,VICTORIA GARDEN,2018,dec,52,0.5
MICHEWENI,Matangatuani,2023,jan,1,5.6
MICHEWENI,Matangatuani,2023,feb,6,0.0
MICHEWENI,Matangatuani,2023,mar,10,0.0
MICHEWENI,Matangatuani,2023,apr,14,43.3
MICHEWENI,Matangatuani,2023,may,18,122.7
MICHEWENI,Matangatuani,2023,jun,23,153.8
MICHEWENI,Matangatuani,2023,jul,27,34.2
MICHEWENI,Matangatuani,2023,aug,32,10.4
MICHEWENI,Matangatuani,2023,sep,36,0.0
MICHEWENI,Matangatuani,2023,oct,40,14.6
MICHEWENI,Matangatuani,2023,nov,45,273.2
MICHEWENI,Matangatuani,2023,dec,49,3.4
MICHEWENI,Matangatuani,2023,jan,2,3.5
MICHEWENI,Matangatuani,2023,feb,7,0.0
MICHEWENI,Matangatuani,2023,mar,11,0.0
MICHEWENI,Matangatuani,2023,apr,15,105.6
MICHEWENI,Matangatuani,2023,may,19,95.4
MICHEWENI,Matangatuani,2023,jun,24,36.8
MICHEWENI,Matangatuani,2023,jul,28,20.3
MICHEWENI,Matangatuani,2023,aug,33,5.5
MICHEWENI,Matangatuani,2023,sep,37,2.3
MICHEWENI,Matangatuani,2023,oct,41,0.0
MICHEWENI,Matangatuani,2023,nov,46,110.6
MICHEWENI,Matangatuani,2023,dec,50,26.4
MICHEWENI,Matangatuani,2023,jan,3,1.0
MICHEWENI,Matangatuani,2023,feb,8,0.0
MICHEWENI,Matangatuani,2023,mar,12,130.8
MICHEWENI,Matangatuani,2023,apr,16,212.8
MICHEWENI,Matangatuani,2023,may,20,1.6
MICHEWENI,Matangatuani,2023,jun,25,5.1
MICHEWENI,Matangatuani,2023,jul,29,35.8
MICHEWENI,Matangatuani,2023,aug,34,5.7
MICHEWENI,Matangatuani,2023,sep,38,1.6
MICHEWENI,Matangatuani,2023,oct,42,68.0
MICHEWENI,Matangatuani,2023,nov,47,176.6
MICHEWENI,Matangatuani,2023,dec,51,34.8
MICHEWENI,Matangatuani,2023,jan,4,0.0
MICHEWENI,Matangatuani,2023,feb,9,0.0
MICHEWENI,Matangatuani,2023,mar,13,74.0
MICHEWENI,Matangatuani,2023,apr,17,125.4
MICHEWENI,Matangatuani,2023,may,21,35.1
MICHEWENI,Matangatuani,2023,jun,26,9.7
MICHEWENI,Matangatuani,2023,jul,30,9.2
MICHEWENI,Matangatuani,2023,aug,35,3.8
MICHEWENI,Matangatuani,2023,sep,39,35.4
MICHEWENI,Matangatuani,2023,oct,43,59.1
MICHEWENI,Matangatuani,2023,nov,48,208.9
MICHEWENI,Matangatuani,2023,dec,52,1.3
MICHEWENI,Matangatuani,2022,jan,1,0.0
MICHEWENI,Matangatuani,2022,feb,6,0.0
MICHEWENI,Matangatuani,2022,mar,10,0.0
MICHEWENI,Matangatuani,2022,apr,14,54.9
MICHEWENI,Matangatuani,2022,may,18,135.7
MICHEWENI,Matangatuani,2022,jun,23,58.0
MICHEWENI,Matangatuani,2022,jul,27,34.6
MICHEWENI,Matangatuani,2022,aug,31,0.0
MICHEWENI,Matangatuani,2022,sep,36,0.0
MICHEWENI,Matangatuani,2022,oct,40,1.5
MICHEWENI,Matangatuani,2022,nov,45,12.0
MICHEWENI,Matangatuani,2022,dec,49,0.0
MICHEWENI,Matangatuani,2022,jan,2,0.0
MICHEWENI,Matangatuani,2022,feb,7,0.0
MICHEWENI,Matangatuani,2022,mar,11,0.0
MICHEWENI,Matangatuani,2022,apr,15,12.5
MICHEWENI,Matangatuani,2022,may,19,8.3
MICHEWENI,Matangatuani,2022,jun,24,24.4
MICHEWENI,Matangatuani,2022,jul,28,49.9
MICHEWENI,Matangatuani,2022,aug,32,7.5
MICHEWENI,Matangatuani,2022,sep,37,0.0
MICHEWENI,Matangatuani,2022,oct,41,2.0
MICHEWENI,Matangatuani,2022,nov,46,34.7
MICHEWENI,Matangatuani,2022,dec,50,23.8
MICHEWENI,Matangatuani,2022,jan,3,27.0
MICHEWENI,Matangatuani,2022,feb,8,30.5
MICHEWENI,Matangatuani,2022,mar,12,0.0
MICHEWENI,Matangatuani,2022,apr,16,260.4
MICHEWENI,Matangatuani,2022,may,20,55.1
MICHEWENI,Matangatuani,2022,jun,25,21.7
MICHEWENI,Matangatuani,2022,jul,29,10.1
MICHEWENI,Matangatuani,2022,aug,33,3.0
MICHEWENI,Matangatuani,2022,sep,38,1.0
MICHEWENI,Matangatuani,2022,oct,42,16.1
MICHEWENI,Matangatuani,2022,nov,47,44.9
MICHEWENI,Matangatuani,2022,dec,51,9.8
MICHEWENI,Matangatuani,2022,jan,4,0.0
MICHEWENI,Matangatuani,2022,feb,9,0.5
MICHEWENI,Matangatuani,2022,mar,13,43.6
MICHEWENI,Matangatuani,2022,apr,17,154.5
MICHEWENI,Matangatuani,2022,may,21,12.5
MICHEWENI,Matangatuani,2022,jun,26,16.7
MICHEWENI,Matangatuani,2022,jul,30,0.0
MICHEWENI,Matangatuani,2022,aug,34,11.1
MICHEWENI,Matangatuani,2022,sep,39,26.9
MICHEWENI,Matangatuani,2022,oct,43,13.0
MICHEWENI,Matangatuani,2022,nov,48,20.4
MICHEWENI,Matangatuani,2022,dec,52,3.7
MICHEWENI,Matangatuani,2021,jan,1,0.0
MICHEWENI,Matangatuani,2021,feb,5,0.0
MICHEWENI,Matangatuani,2021,mar,9,6.8
MICHEWENI,Matangatuani,2021,apr,14,72.8
MICHEWENI,Matangatuani,2021,may,18,367.4
MICHEWENI,Matangatuani,2021,jun,23,13.4
MICHEWENI,Matangatuani,2021,jul,27,8.5
MICHEWENI,Matangatuani,2021,aug,31,25.5
MICHEWENI,Matangatuani,2021,sep,36,0.0
MICHEWENI,Matangatuani,2021,oct,40,1.6
MICHEWENI,Matangatuani,2021,nov,44,67.9
MICHEWENI,Matangatuani,2021,dec,49,56.5
MICHEWENI,Matangatuani,2021,jan,2,0.0
MICHEWENI,Matangatuani,2021,feb,6,0.0
MICHEWENI,Matangatuani,2021,mar,10,0.0
MICHEWENI,Matangatuani,2021,apr,15,77.2
MICHEWENI,Matangatuani,2021,may,19,336.0
MICHEWENI,Matangatuani,2021,jun,24,14.0
MICHEWENI,Matangatuani,2021,jul,28,4.4
MICHEWENI,Matangatuani,2021,aug,32,1.0
MICHEWENI,Matangatuani,2021,sep,37,3.3
MICHEWENI,Matangatuani,2021,oct,41,0.0
MICHEWENI,Matangatuani,2021,nov,45,4.2
MICHEWENI,Matangatuani,2021,dec,50,103.2
MICHEWENI,Matangatuani,2021,jan,3,0.0
MICHEWENI,Matangatuani,2021,feb,7,0.0
MICHEWENI,Matangatuani,2021,mar,11,30.3
MICHEWENI,Matangatuani,2021,apr,16,92.3
MICHEWENI,Matangatuani,2021,may,20,138.9
MICHEWENI,Matangatuani,2021,jun,25,32.5
MICHEWENI,Matangatuani,2021,jul,29,0.0
MICHEWENI,Matangatuani,2021,aug,33,13.5
MICHEWENI,Matangatuani,2021,sep,38,13.0
MICHEWENI,Matangatuani,2021,oct,42,0.0
MICHEWENI,Matangatuani,2021,nov,46,15.0
MICHEWENI,Matangatuani,2021,dec,51,2.0
MICHEWENI,Matangatuani,2021,jan,4,10.5
MICHEWENI,Matangatuani,2021,feb,8,35.8
MICHEWENI,Matangatuani,2021,mar,12,89.9
MICHEWENI,Matangatuani,2021,apr,17,88.5
MICHEWENI,Matangatuani,2021,may,21,156.9
MICHEWENI,Matangatuani,2021,jun,26,43.3
MICHEWENI,Matangatuani,2021,jul,30,0.0
MICHEWENI,Matangatuani,2021,aug,34,0.0
MICHEWENI,Matangatuani,2021,sep,39,0.0
MICHEWENI,Matangatuani,2021,oct,43,116.9
MICHEWENI,Matangatuani,2021,nov,47,31.8
MICHEWENI,Matangatuani,2021,dec,52,0.0
MICHEWENI,Matangatuani,2020,jan,2,17.5
MICHEWENI,Matangatuani,2020,feb,6,0.0
MICHEWENI,Matangatuani,2020,mar,10,0.0
MICHEWENI,Matangatuani,2020,apr,15,61.1
MICHEWENI,Matangatuani,2020,may,19,76.7
MICHEWENI,Matangatuani,2020,jun,23,7.9
MICHEWENI,Matangatuani,2020,jul,28,7.2
MICHEWENI,Matangatuani,2020,aug,32,28.0
MICHEWENI,Matangatuani,2020,sep,37,0.0
MICHEWENI,Matangatuani,2020,oct,41,40.9
MICHEWENI,Matangatuani,2020,nov,45,16.6
MICHEWENI,Matangatuani,2020,dec,50,77.4
MICHEWENI,Matangatuani,2020,jan,3,0.0
MICHEWENI,Matangatuani,2020,feb,7,11.7
MICHEWENI,Matangatuani,2020,mar,11,0.0
MICHEWENI,Matangatuani,2020,apr,16,88.8
MICHEWENI,Matangatuani,2020,may,20,220.0
MICHEWENI,Matangatuani,2020,jun,24,1.5
MICHEWENI,Matangatuani,2020,jul,29,0.0
MICHEWENI,Matangatuani,2020,aug,33,0.0
MICHEWENI,Matangatuani,2020,sep,38,30.0
MICHEWENI,Matangatuani,2020,oct,42,151.9
MICHEWENI,Matangatuani,2020,nov,46,83.4
MICHEWENI,Matangatuani,2020,dec,51,6.5
MICHEWENI,Matangatuani,2020,jan,4,0.0
MICHEWENI,Matangatuani,2020,feb,8,0.0
MICHEWENI,Matangatuani,2020,mar,12,0.0
MICHEWENI,Matangatuani,2020,apr,17,58.2
MICHEWENI,Matangatuani,2020,may,21,99.0
MICHEWENI,Matangatuani,2020,jun,25,13.4
MICHEWENI,Matangatuani,2020,jul,30,31.7
MICHEWENI,Matangatuani,2020,aug,34,0.0
MICHEWENI,Matangatuani,2020,sep,39,0.0
MICHEWENI,Matangatuani,2020,oct,43,64.3
MICHEWENI,Matangatuani,2020,nov,47,16.7
MICHEWENI,Matangatuani,2020,dec,52,48.0
MICHEWENI,Matangatuani,2020,jan,5,0.0
MICHEWENI,Matangatuani,2020,feb,9,41.3
MICHEWENI,Matangatuani,2020,mar,13,1.0
MICHEWENI,Matangatuani,2020,apr,18,54.3
MICHEWENI,Matangatuani,2020,may,22,398.5
MICHEWENI,Matangatuani,2020,jun,26,0.0
MICHEWENI,Matangatuani,2020,jul,31,0.0
MICHEWENI,Matangatuani,2020,aug,35,14.8
MICHEWENI,Matangatuani,2020,sep,40,18.0
MICHEWENI,Matangatuani,2020,oct,44,93.5
MICHEWENI,Matangatuani,2020,nov,48,67.1
MICHEWENI,Matangatuani,2020,dec,53,0.0
MICHEWENI,Matangatuani,2019,jan,2,0.0
MICHEWENI,Matangatuani,2019,feb,6,0.0
MICHEWENI,Matangatuani,2019,mar,10,0.0
MICHEWENI,Matangatuani,2019,apr,14,36.2
MICHEWENI,Matangatuani,2019,may,19,37.1
MICHEWENI,Matangatuani,2019,jun,23,17.0
MICHEWENI,Matangatuani,2019,jul,27,29.1
MICHEWENI,Matangatuani,2019,aug,32,0.0
MICHEWENI,Matangatuani,2019,sep,36,1.6
MICHEWENI,Matangatuani,2019,oct,41,3.3
MICHEWENI,Matangatuani,2019,nov,45,10.2
MICHEWENI,Matangatuani,2019,dec,49,27.7
MICHEWENI,Matangatuani,2019,jan,3,0.0
MICHEWENI,Matangatuani,2019,feb,7,0.0
MICHEWENI,Matangatuani,2019,mar,11,0.0
MICHEWENI,Matangatuani,2019,apr,15,45.2
MICHEWENI,Matangatuani,2019,may,20,147.8
MICHEWENI,Matangatuani,2019,jun,24,0.0
MICHEWENI,Matangatuani,2019,jul,28,9.1
MICHEWENI,Matangatuani,2019,aug,33,14.8
MICHEWENI,Matangatuani,2019,sep,37,2.3
MICHEWENI,Matangatuani,2019,oct,42,52.2
MICHEWENI,Matangatuani,2019,nov,46,23.1
MICHEWENI,Matangatuani,2019,dec,50,62.3
MICHEWENI,Matangatuani,2019,jan,4,0.0
MICHEWENI,Matangatuani,2019,feb,8,0.0
MICHEWENI,Matangatuani,2019,mar,12,0.0
MICHEWENI,Matangatuani,2019,apr,16,63.4
MICHEWENI,Matangatuani,2019,may,21,36.1
MICHEWENI,Matangatuani,2019,jun,25,21.1
MICHEWENI,Matangatuani,2019,jul,29,2.1
MICHEWENI,Matangatuani,2019,aug,34,47.0
MICHEWENI,Matangatuani,2019,sep,38,0.3
MICHEWENI,Matangatuani,2019,oct,43,1.1
MICHEWENI,Matangatuani,2019,nov,47,7.2
MICHEWENI,Matangatuani,2019,dec,51,18.3
MICHEWENI,Matangatuani,2019,jan,5,0.0
MICHEWENI,Matangatuani,2019,feb,9,6.3
MICHEWENI,Matangatuani,2019,mar,13,44.5
MICHEWENI,Matangatuani,2019,apr,17,68.6
MICHEWENI,Matangatuani,2019,may,22,11.2
MICHEWENI,Matangatuani,2019,jun,26,1.0
MICHEWENI,Matangatuani,2019,jul,30,1.4
MICHEWENI,Matangatuani,2019,aug,35,0.5
MICHEWENI,Matangatuani,2019,sep,39,7.7
MICHEWENI,Matangatuani,2019,oct,44,2.2
MICHEWENI,Matangatuani,2019,nov,48,50.4
MICHEWENI,Matangatuani,2019,dec,52,67.5
MICHEWENI,Matangatuani,2018,jan,1,6.1
MICHEWENI,Matangatuani,2018,feb,6,0.0
MICHEWENI,Matangatuani,2018,mar,10,85.5
MICHEWENI,Matangatuani,2018,apr,14,85.5
MICHEWENI,Matangatuani,2018,may,19,186.3
MICHEWENI,Matangatuani,2018,jun,23,8.5
MICHEWENI,Matangatuani,2018,jul,27,14.9
MICHEWENI,Matangatuani,2018,aug,32,7.2
MICHEWENI,Matangatuani,2018,sep,36,8.2
MICHEWENI,Matangatuani,2018,oct,40,0.0
MICHEWENI,Matangatuani,2018,nov,45,41.5
MICHEWENI,Matangatuani,2018,dec,49,0.0
MICHEWENI,Matangatuani,2018,jan,2,3.6
MICHEWENI,Matangatuani,2018,feb,7,28.0
MICHEWENI,Matangatuani,2018,mar,11,1.4
MICHEWENI,Matangatuani,2018,apr,15,130.6
MICHEWENI,Matangatuani,2018,may,20,87.7
MICHEWENI,Matangatuani,2018,jun,24,59.4
MICHEWENI,Matangatuani,2018,jul,28,2.8
MICHEWENI,Matangatuani,2018,aug,33,5.4
MICHEWENI,Matangatuani,2018,sep,37,6.1
MICHEWENI,Matangatuani,2018,oct,41,0.0
MICHEWENI,Matangatuani,2018,nov,46,19.3
MICHEWENI,Matangatuani,2018,dec,50,0.0
MICHEWENI,Matangatuani,2018,jan,3,0.0
MICHEWENI,Matangatuani,2018,feb,8,0.8
MICHEWENI,Matangatuani,2018,mar,12,28.1
MICHEWENI,Matangatuani,2018,apr,16,104.5
MICHEWENI,Matangatuani,2018,may,21,117.9
MICHEWENI,Matangatuani,2018,jun,25,50.3
MICHEWENI,Matangatuani,2018,jul,29,25.1
MICHEWENI,Matangatuani,2018,aug,34,3.5
MICHEWENI,Matangatuani,2018,sep,38,3.5
MICHEWENI,Matangatuani,2018,oct,42,4.7
MICHEWENI,Matangatuani,2018,nov,47,13.5
MICHEWENI,Matangatuani,2018,dec,51,7.0
MICHEWENI,Matangatuani,2018,jan,4,0.0
MICHEWENI,Matangatuani,2018,feb,9,28.9
MICHEWENI,Matangatuani,2018,mar,13,78.9
MICHEWENI,Matangatuani,2018,apr,17,132.0
MICHEWENI,Matangatuani,2018,may,22,217.4
MICHEWENI,Matangatuani,2018,jun,26,13.2
MICHEWENI,Matangatuani,2018,jul,30,8.8
MICHEWENI,Matangatuani,2018,aug,35,3.5
MICHEWENI,Matangatuani,2018,sep,39,0.9
MICHEWENI,Matangatuani,2018,oct,43,30.0
MICHEWENI,Matangatuani,2018,nov,48,0.0
MICHEWENI,Matangatuani,2018,dec,52,3.8
KASKAZINI B,Mahonda,2023,jan,1,0.0
KASKAZINI B,Mahonda,2023,feb,6,0.0
KASKAZINI B,Mahonda,2023,mar,10,0.0
KASKAZINI B,Mahonda,2023,apr,14,33.1
KASKAZINI B,Mahonda,2023,may,18,21.7
KASKAZINI B,Mahonda,2023,jun,23,56.3
KASKAZINI B,Mahonda,2023,jul,27,13.4
KASKAZINI B,Mahonda,2023,aug,32,9.5
KASKAZINI B,Mahonda,2023,sep,36,19.3
KASKAZINI B,Mahonda,2023,oct,40,26.8
KASKAZINI B,Mahonda,2023,nov,45,302.2
KASKAZINI B,Mahonda,2023,dec,49,23.9
KASKAZINI B,Mahonda,2023,jan,2,0.0
KASKAZINI B,Mahonda,2023,feb,7,2.1
KASKAZINI B,Mahonda,2023,mar,11,0.0
KASKAZINI B,Mahonda,2023,apr,15,42.6
KASKAZINI B,Mahonda,2023,may,19,88.3
KASKAZINI B,Mahonda,2023,jun,24,2.8
KASKAZINI B,Mahonda,2023,jul,28,0.0
KASKAZINI B,Mahonda,2023,aug,33,7.3
KASKAZINI B,Mahonda,2023,sep,37,7.7
KASKAZINI B,Mahonda,2023,oct,41,0.0
KASKAZINI B,Mahonda,2023,nov,46,126.7
KASKAZINI B,Mahonda,2023,dec,50,56.5
KASKAZINI B,Mahonda,2023,jan,3,2.5
KASKAZINI B,Mahonda,2023,feb,8,0.0
KASKAZINI B,Mahonda,2023,mar,12,93.8
KASKAZINI B,Mahonda,2023,apr,16,104.2
KASKAZINI B,Mahonda,2023,may,20,3.7
KASKAZINI B,Mahonda,2023,jun,25,5.9
KASKAZINI B,Mahonda,2023,jul,29,0.0
KASKAZINI B,Mahonda,2023,aug,34,3.7
KASKAZINI B,Mahonda,2023,sep,38,18.2
KASKAZINI B,Mahonda,2023,oct,42,0.0
KASKAZINI B,Mahonda,2023,nov,47,82.6
KASKAZINI B,Mahonda,2023,dec,51,51.4
KASKAZINI B,Mahonda,2023,jan,4,5.1
KASKAZINI B,Mahonda,2023,feb,9,0.0
KASKAZINI B,Mahonda,2023,mar,13,8.3
KASKAZINI B,Mahonda,2023,apr,17,109.8
KASKAZINI B,Mahonda,2023,may,21,43.8
KASKAZINI B,Mahonda,2023,jun,26,0.0
KASKAZINI B,Mahonda,2023,jul,30,29.3
KASKAZINI B,Mahonda,2023,aug,35,9.3
KASKAZINI B,Mahonda,2023,sep,39,27.8
KASKAZINI B,Mahonda,2023,oct,43,66.9
KASKAZINI B,Mahonda,2023,nov,48,57.3
KASKAZINI B,Mahonda,2023,dec,52,12.0
KASKAZINI B,Mahonda,2022,jan,1,0.0
KASKAZINI B,Mahonda,2022,feb,6,64.5
KASKAZINI B,Mahonda,2022,mar,10,0.0
KASKAZINI B,Mahonda,2022,apr,14,22.3
KASKAZINI B,Mahonda,2022,may,18,32.3
KASKAZINI B,Mahonda,2022,jun,23,31.5
KASKAZINI B,Mahonda,2022,jul,27,2.8
KASKAZINI B,Mahonda,2022,aug,31,0.0
KASKAZINI B,Mahonda,2022,sep,36,1.2
KASKAZINI B,Mahonda,2022,oct,40,1.9
KASKAZINI B,Mahonda,2022,nov,45,28.0
KASKAZINI B,Mahonda,2022,dec,49,0.0
KASKAZINI B,Mahonda,2022,jan,2,0.0
KASKAZINI B,Mahonda,2022,feb,7,4.5
KASKAZINI B,Mahonda,2022,mar,11,0.0
KASKAZINI B,Mahonda,2022,apr,15,45.3
KASKAZINI B,Mahonda,2022,may,19,0.0
KASKAZINI B,Mahonda,2022,jun,24,0.0
KASKAZINI B,Mahonda,2022,jul,28,13.599999999999998
KASKAZINI B,Mahonda,2022,aug,32,18.4
KASKAZINI B,Mahonda,2022,sep,37,6.0
KASKAZINI B,Mahonda,2022,oct,41,3.9
KASKAZINI B,Mahonda,2022,nov,46,0.0
KASKAZINI B,Mahonda,2022,dec,50,2.4
KASKAZINI B,Mahonda,2022,jan,3,82.5
KASKAZINI B,Mahonda,2022,feb,8,52.0
KASKAZINI B,Mahonda,2022,mar,12,0.0
KASKAZINI B,Mahonda,2022,apr,16,91.1
KASKAZINI B,Mahonda,2022,may,20,3.7
KASKAZINI B,Mahonda,2022,jun,25,0.0
KASKAZINI B,Mahonda,2022,jul,29,16.8
KASKAZINI B,Mahonda,2022,aug,33,2.3
KASKAZINI B,Mahonda,2022,sep,38,4.6
KASKAZINI B,Mahonda,2022,oct,42,7.300000000000001
KASKAZINI B,Mahonda,2022,nov,47,26.3
KASKAZINI B,Mahonda,2022,dec,51,26.6
KASKAZINI B,Mahonda,2022,jan,4,23.9
KASKAZINI B,Mahonda,2022,feb,9,14.8
KASKAZINI B,Mahonda,2022,mar,13,24.700000000000003
KASKAZINI B,Mahonda,2022,apr,17,146.00000000000003
KASKAZINI B,Mahonda,2022,may,21,7.0
KASKAZINI B,Mahonda,2022,jun,26,18.8
KASKAZINI B,Mahonda,2022,jul,30,8.3
KASKAZINI B,Mahonda,2022,aug,34,7.4
KASKAZINI B,Mahonda,2022,sep,39,7.3
KASKAZINI B,Mahonda,2022,oct,43,2.5
KASKAZINI B,Mahonda,2022,nov,48,39.0
KASKAZINI B,Mahonda,2022,dec,52,67.7
KASKAZINI B,Mahonda,2021,jan,1,14.0
KASKAZINI B,Mahonda,2021,feb,5,0.0
KASKAZINI B,Mahonda,2021,mar,9,0.0
KASKAZINI B,Mahonda,2021,apr,14,23.6
KASKAZINI B,Mahonda,2021,may,18,75.0
KASKAZINI B,Mahonda,2021,jun,23,16.6
KASKAZINI B,Mahonda,2021,jul,27,1.6
KASKAZINI B,Mahonda,2021,aug,31,5.9
KASKAZINI B,Mahonda,2021,sep,36,0.0
KASKAZINI B,Mahonda,2021,oct,40,2.2
KASKAZINI B,Mahonda,2021,nov,44,3.4
KASKAZINI B,Mahonda,2021,dec,49,93.6
KASKAZINI B,Mahonda,2021,jan,2,11.2
KASKAZINI B,Mahonda,2021,feb,6,4.5
KASKAZINI B,Mahonda,2021,mar,10,0.0
KASKAZINI B,Mahonda,2021,apr,15,48.8
KASKAZINI B,Mahonda,2021,may,19,0.0
KASKAZINI B,Mahonda,2021,jun,24,0.0
KASKAZINI B,Mahonda,2021,jul,28,17.2
KASKAZINI B,Mahonda,2021,aug,32,0.0
KASKAZINI B,Mahonda,2021,sep,37,30.9
KASKAZINI B,Mahonda,2021,oct,41,0.0
KASKAZINI B,Mahonda,2021,nov,45,0.0
KASKAZINI B,Mahonda,2021,dec,50,60.2
KASKAZINI B,Mahonda,2021,jan,3,0.0
KASKAZINI B,Mahonda,2021,feb,7,0.0
KASKAZINI B,Mahonda,2021,mar,11,15.1
KASKAZINI B,Mahonda,2021,apr,16,83.9
KASKAZINI B,Mahonda,2021,may,20,0.0
KASKAZINI B,Mahonda,2021,jun,25,4.4
KASKAZINI B,Mahonda,2021,jul,29,2.0
KASKAZINI B,Mahonda,2021,aug,33,40.900000000000006
KASKAZINI B,Mahonda,2021,sep,38,1.2
KASKAZINI B,Mahonda,2021,oct,42,22.7
KASKAZINI B,Mahonda,2021,nov,46,5.4
KASKAZINI B,Mahonda,2021,dec,51,25.8
KASKAZINI B,Mahonda,2021,jan,4,0.0
KASKAZINI B,Mahonda,2021,feb,8,9.6
KASKAZINI B,Mahonda,2021,mar,12,41.8
KASKAZINI B,Mahonda,2021,apr,17,62.7
KASKAZINI B,Mahonda,2021,may,21,0.0
KASKAZINI B,Mahonda,2021,jun,26,13.6
KASKAZINI B,Mahonda,2021,jul,30,4.8
KASKAZINI B,Mahonda,2021,aug,34,9.6
KASKAZINI B,Mahonda,2021,sep,39,24.2
KASKAZINI B,Mahonda,2021,oct,43,5.0
KASKAZINI B,Mahonda,2021,nov,47,0.0
KASKAZINI B,Mahonda,2021,dec,52,70.2
KASKAZINI B,Mahonda,2020,jan,2,0.0
KASKAZINI B,Mahonda,2020,feb,6,2.6
KASKAZINI B,Mahonda,2020,mar,10,29.8
KASKAZINI B,Mahonda,2020,apr,15,62.1
KASKAZINI B,Mahonda,2020,may,19,98.1
KASKAZINI B,Mahonda,2020,jun,23,0.0
KASKAZINI B,Mahonda,2020,jul,28,0.0
KASKAZINI B,Mahonda,2020,aug,32,2.3
KASKAZINI B,Mahonda,2020,sep,37,31.0
KASKAZINI B,Mahonda,2020,oct,41,0.0
KASKAZINI B,Mahonda,2020,nov,45,170.8
KASKAZINI B,Mahonda,2020,dec,50,51.5
KASKAZINI B,Mahonda,2020,jan,3,42.5
KASKAZINI B,Mahonda,2020,feb,7,9.7
KASKAZINI B,Mahonda,2020,mar,11,45.9
KASKAZINI B,Mahonda,2020,apr,16,223.2
KASKAZINI B,Mahonda,2020,may,20,0.0
KASKAZINI B,Mahonda,2020,jun,24,2.3
KASKAZINI B,Mahonda,2020,jul,29,18.3
KASKAZINI B,Mahonda,2020,aug,33,0.0
KASKAZINI B,Mahonda,2020,sep,38,13.0
KASKAZINI B,Mahonda,2020,oct,42,5.0
KASKAZINI B,Mahonda,2020,nov,46,176.4
KASKAZINI B,Mahonda,2020,dec,51,0.0
KASKAZINI B,Mahonda,2020,jan,4,188.3
KASKAZINI B,Mahonda,2020,feb,8,16.4
KASKAZINI B,Mahonda,2020,mar,12,18.1
KASKAZINI B,Mahonda,2020,apr,17,384.4
KASKAZINI B,Mahonda,2020,may,21,38.3
KASKAZINI B,Mahonda,2020,jun,25,0.0
KASKAZINI B,Mahonda,2020,jul,30,10.4
KASKAZINI B,Mahonda,2020,aug,34,34.3
KASKAZINI B,Mahonda,2020,sep,39,20.1
KASKAZINI B,Mahonda,2020,oct,43,65.4
KASKAZINI B,Mahonda,2020,nov,47,30.3
KASKAZINI B,Mahonda,2020,dec,52,15.9
KASKAZINI B,Mahonda,2020,jan,5,36.1
KASKAZINI B,Mahonda,2020,feb,9,0.0
KASKAZINI B,Mahonda,2020,mar,13,41.5
KASKAZINI B,Mahonda,2020,apr,18,210.5
KASKAZINI B,Mahonda,2020,may,22,0.0
KASKAZINI B,Mahonda,2020,jun,26,3.1
KASKAZINI B,Mahonda,2020,jul,31,1.5
KASKAZINI B,Mahonda,2020,aug,35,7.5
KASKAZINI B,Mahonda,2020,sep,40,24.0
KASKAZINI B,Mahonda,2020,oct,44,36.3
KASKAZINI B,Mahonda,2020,nov,48,121.2
KASKAZINI B,Mahonda,2020,dec,53,7.7
KASKAZINI B,Mahonda,2019,jan,2,21.7
KASKAZINI B,Mahonda,2019,feb,6,13.6
KASKAZINI B,Mahonda,2019,mar,10,8.4
KASKAZINI B,Mahonda,2019,apr,14,29.7
KASKAZINI B,Mahonda,2019,may,19,259.7
KASKAZINI B,Mahonda,2019,jun,23,0.0
KASKAZINI B,Mahonda,2019,jul,27,0.0
KASKAZINI B,Mahonda,2019,aug,32,0.0
KASKAZINI B,Mahonda,2019,sep,36,2.0
KASKAZINI B,Mahonda,2019,oct,41,99.5
KASKAZINI B,Mahonda,2019,nov,45,117.7
KASKAZINI B,Mahonda,2019,dec,49,73.5
KASKAZINI B,Mahonda,2019,jan,3,0.0
KASKAZINI B,Mahonda,2019,feb,7,0.0
KASKAZINI B,Mahonda,2019,mar,11,0.0
KASKAZINI B,Mahonda,2019,apr,15,40.4
KASKAZINI B,Mahonda,2019,may,20,226.3
KASKAZINI B,Mahonda,2019,jun,24,3.1
KASKAZINI B,Mahonda,2019,jul,28,0.0
KASKAZINI B,Mahonda,2019,aug,33,20.0
KASKAZINI B,Mahonda,2019,sep,37,21.1
KASKAZINI B,Mahonda,2019,oct,42,177.2
KASKAZINI B,Mahonda,2019,nov,46,41.8
KASKAZINI B,Mahonda,2019,dec,50,3.3
KASKAZINI B,Mahonda,2019,jan,4,22.0
KASKAZINI B,Mahonda,2019,feb,8,42.0
KASKAZINI B,Mahonda,2019,mar,12,0.0
KASKAZINI B,Mahonda,2019,apr,16,4.0
KASKAZINI B,Mahonda,2019,may,21,98.0
KASKAZINI B,Mahonda,2019,jun,25,0.0
KASKAZINI B,Mahonda,2019,jul,29,15.8
KASKAZINI B,Mahonda,2019,aug,34,7.0
KASKAZINI B,Mahonda,2019,sep,38,31.3
KASKAZINI B,Mahonda,2019,oct,43,98.4
KASKAZINI B,Mahonda,2019,nov,47,82.0
KASKAZINI B,Mahonda,2019,dec,51,94.0
KASKAZINI B,Mahonda,2019,jan,5,7.0
KASKAZINI B,Mahonda,2019,feb,9,10.0
KASKAZINI B,Mahonda,2019,mar,13,39.0
KASKAZINI B,Mahonda,2019,apr,17,0.0
KASKAZINI B,Mahonda,2019,may,22,0.0
KASKAZINI B,Mahonda,2019,jun,26,0.0
KASKAZINI B,Mahonda,2019,jul,30,0.0
KASKAZINI B,Mahonda,2019,aug,35,0.0
KASKAZINI B,Mahonda,2019,sep,39,20.9
KASKAZINI B,Mahonda,2019,oct,44,74.6
KASKAZINI B,Mahonda,2019,nov,48,25.7
KASKAZINI B,Mahonda,2019,dec,52,21.3
KASKAZINI B,Mahonda,2018,jan,1,5.3
KASKAZINI B,Mahonda,2018,feb,6,0.0
KASKAZINI B,Mahonda,2018,mar,10,32.7
KASKAZINI B,Mahonda,2018,apr,14,63.0
KASKAZINI B,Mahonda,2018,may,19,206.0
KASKAZINI B,Mahonda,2018,jun,23,0.0
KASKAZINI B,Mahonda,2018,jul,27,63.8
KASKAZINI B,Mahonda,2018,aug,32,0.0
KASKAZINI B,Mahonda,2018,sep,36,15.2
KASKAZINI B,Mahonda,2018,oct,40,4.3
KASKAZINI B,Mahonda,2018,nov,45,0.0
KASKAZINI B,Mahonda,2018,dec,49,2.9
KASKAZINI B,Mahonda,2018,jan,2,0.0
KASKAZINI B,Mahonda,2018,feb,7,0.0
KASKAZINI B,Mahonda,2018,mar,11,58.7
KASKAZINI B,Mahonda,2018,apr,15,75.3
KASKAZINI B,Mahonda,2018,may,20,192.3
KASKAZINI B,Mahonda,2018,jun,24,22.7
KASKAZINI B,Mahonda,2018,jul,28,0.0
KASKAZINI B,Mahonda,2018,aug,33,0.0
KASKAZINI B,Mahonda,2018,sep,37,11.5
KASKAZINI B,Mahonda,2018,oct,41,0.0
KASKAZINI B,Mahonda,2018,nov,46,11.4
KASKAZINI B,Mahonda,2018,dec,50,35.6
KASKAZINI B,Mahonda,2018,jan,3,0.0
KASKAZINI B,Mahonda,2018,feb,8,25.0
KASKAZINI B,Mahonda,2018,mar,12,92.1
KASKAZINI B,Mahonda,2018,apr,16,171.5
KASKAZINI B,Mahonda,2018,may,21,72.0
KASKAZINI B,Mahonda,2018,jun,25,0.0
KASKAZINI B,Mahonda,2018,jul,29,0.0
KASKAZINI B,Mahonda,2018,aug,34,5.4
KASKAZINI B,Mahonda,2018,sep,38,18.6
KASKAZINI B,Mahonda,2018,oct,42,0.0
KASKAZINI B,Mahonda,2018,nov,47,47.2
KASKAZINI B,Mahonda,2018,dec,51,49.1
KASKAZINI B,Mahonda,2018,jan,4,0.0
KASKAZINI B,Mahonda,2018,feb,9,0.0
KASKAZINI B,Mahonda,2018,mar,13,31.9
KASKAZINI B,Mahonda,2018,apr,17,15.4
KASKAZINI B,Mahonda,2018,may,22,45.0
KASKAZINI B,Mahonda,2018,jun,26,16.599999999999998
KASKAZINI B,Mahonda,2018,jul,30,0.0
KASKAZINI B,Mahonda,2018,aug,35,2.5
KASKAZINI B,Mahonda,2018,sep,39,41.0
KASKAZINI B,Mahonda,2018,oct,43,59.900000000000006
KASKAZINI B,Mahonda,2018,nov,48,32.4
KASKAZINI B,Mahonda,2018,dec,52,0.0
MAGHARIBI  A,KIZIMBANI-Zanzibar,2023,jan,1,0.0
MAGHARIBI  A,KIZIMBANI-Zanzibar,2023,feb,6,1.1
MAGHARIBI  A,KIZIMBANI-Zanzibar,2023,mar,10,0.0
MAGHARIBI  A,KIZIMBANI-Zanzibar,2023,apr,14,73.60000000000001
MAGHARIBI  A,KIZIMBANI-Zanzibar,2023,may,18,27.6
MAGHARIBI  A,KIZIMBANI-Zanzibar,2023,jun,23,97.6
MAGHARIBI  A,KIZIMBANI-Zanzibar,2023,jul,27,27.7
MAGHARIBI  A,KIZIMBANI-Zanzibar,2023,aug,32,5.5
MAGHARIBI  A,KIZIMBANI-Zanzibar,2023,sep,36,0.0
MAGHARIBI  A,KIZIMBANI-Zanzibar,2023,oct,40,33.7
MAGHARIBI  A,KIZIMBANI-Zanzibar,2023,nov,45,325.1
MAGHARIBI  A,KIZIMBANI-Zanzibar,2023,dec,49,48.0
MAGHARIBI  A,KIZIMBANI-Zanzibar,2023,jan,2,65.0
MAGHARIBI  A,KIZIMBANI-Zanzibar,2023,feb,7,4.7
MAGHARIBI  A,KIZIMBANI-Zanzibar,2023,mar,11,0.0
MAGHARIBI  A,KIZIMBANI-Zanzibar,2023,apr,15,65.9
MAGHARIBI  A,KIZIMBANI-Zanzibar,2023,may,19,79.69999999999999
MAGHARIBI  A,KIZIMBANI-Zanzibar,2023,jun,24,5.4
MAGHARIBI  A,KIZIMBANI-Zanzibar,2023,jul,28,11.0
MAGHARIBI  A,KIZIMBANI-Zanzibar,2023,aug,33,0.0
MAGHARIBI  A,KIZIMBANI-Zanzibar,2023,sep,37,3.0
MAGHARIBI  A,KIZIMBANI-Zanzibar,2023,oct,41,0.0
MAGHARIBI  A,KIZIMBANI-Zanzibar,2023,nov,46,71.5
MAGHARIBI  A,KIZIMBANI-Zanzibar,2023,dec,50,114.4
MAGHARIBI  A,KIZIMBANI-Zanzibar,2023,jan,3,0.0
MAGHARIBI  A,KIZIMBANI-Zanzibar,2023,feb,8,0.0
MAGHARIBI  A,KIZIMBANI-Zanzibar,2023,mar,12,30.7
MAGHARIBI  A,KIZIMBANI-Zanzibar,2023,apr,16,186.4
MAGHARIBI  A,KIZIMBANI-Zanzibar,2023,may,20,12.2
MAGHARIBI  A,KIZIMBANI-Zanzibar,2023,jun,25,0.5
MAGHARIBI  A,KIZIMBANI-Zanzibar,2023,jul,29,0.6
MAGHARIBI  A,KIZIMBANI-Zanzibar,2023,aug,34,5.4
MAGHARIBI  A,KIZIMBANI-Zanzibar,2023,sep,38,0.0
MAGHARIBI  A,KIZIMBANI-Zanzibar,2023,oct,42,2.7
MAGHARIBI  A,KIZIMBANI-Zanzibar,2023,nov,47,96.5
MAGHARIBI  A,KIZIMBANI-Zanzibar,2023,dec,51,44.6
MAGHARIBI  A,KIZIMBANI-Zanzibar,2023,jan,4,3.4
MAGHARIBI  A,KIZIMBANI-Zanzibar,2023,feb,9,0.0
MAGHARIBI  A,KIZIMBANI-Zanzibar,2023,mar,13,10.0
MAGHARIBI  A,KIZIMBANI-Zanzibar,2023,apr,17,167.29999999999998
MAGHARIBI  A,KIZIMBANI-Zanzibar,2023,may,21,19.0
MAGHARIBI  A,KIZIMBANI-Zanzibar,2023,jun,26,0.0
MAGHARIBI  A,KIZIMBANI-Zanzibar,2023,jul,30,27.6
MAGHARIBI  A,KIZIMBANI-Zanzibar,2023,aug,35,12.7
MAGHARIBI  A,KIZIMBANI-Zanzibar,2023,sep,39,18.8
MAGHARIBI  A,KIZIMBANI-Zanzibar,2023,oct,43,46.4
MAGHARIBI  A,KIZIMBANI-Zanzibar,2023,nov,48,29.6
MAGHARIBI  A,KIZIMBANI-Zanzibar,2023,dec,52,18.2
MAGHARIBI  A,KIZIMBANI-Zanzibar,2022,jan,1,0.0
MAGHARIBI  A,KIZIMBANI-Zanzibar,2022,feb,6,42.8
MAGHARIBI  A,KIZIMBANI-Zanzibar,2022,mar,10,0.0
MAGHARIBI  A,KIZIMBANI-Zanzibar,2022,apr,14,38.3
MAGHARIBI  A,KIZIMBANI-Zanzibar,2022,may,18,63.5
MAGHARIBI  A,KIZIMBANI-Zanzibar,2022,jun,23,22.0
MAGHARIBI  A,KIZIMBANI-Zanzibar,2022,jul,27,12.1
MAGHARIBI  A,KIZIMBANI-Zanzibar,2022,aug,31,6.1
MAGHARIBI  A,KIZIMBANI-Zanzibar,2022,sep,36,8.4
MAGHARIBI  A,KIZIMBANI-Zanzibar,2022,oct,40,2.8
MAGHARIBI  A,KIZIMBANI-Zanzibar,2022,nov,45,11.3
MAGHARIBI  A,KIZIMBANI-Zanzibar,2022,dec,49,1.2
MAGHARIBI  A,KIZIMBANI-Zanzibar,2022,jan,2,0.0
MAGHARIBI  A,KIZIMBANI-Zanzibar,2022,feb,7,0.0
MAGHARIBI  A,KIZIMBANI-Zanzibar,2022,mar,11,0.0
MAGHARIBI  A,KIZIMBANI-Zanzibar,2022,apr,15,41.0
MAGHARIBI  A,KIZIMBANI-Zanzibar,2022,may,19,0.0
MAGHARIBI  A,KIZIMBANI-Zanzibar,2022,jun,24,0.0
MAGHARIBI  A,KIZIMBANI-Zanzibar,2022,jul,28,27.4
MAGHARIBI  A,KIZIMBANI-Zanzibar,2022,aug,32,12.4
MAGHARIBI  A,KIZIMBANI-Zanzibar,2022,sep,37,0.0
MAGHARIBI  A,KIZIMBANI-Zanzibar,2022,oct,41,0.0
MAGHARIBI  A,KIZIMBANI-Zanzibar,2022,nov,46,9.9
MAGHARIBI  A,KIZIMBANI-Zanzibar,2022,dec,50,57.400000000000006
MAGHARIBI  A,KIZIMBANI-Zanzibar,2022,jan,3,62.2
MAGHARIBI  A,KIZIMBANI-Zanzibar,2022,feb,8,45.4
MAGHARIBI  A,KIZIMBANI-Zanzibar,2022,mar,12,0.0
MAGHARIBI  A,KIZIMBANI-Zanzibar,2022,apr,16,117.6
MAGHARIBI  A,KIZIMBANI-Zanzibar,2022,may,20,15.9
MAGHARIBI  A,KIZIMBANI-Zanzibar,2022,jun,25,7.5
MAGHARIBI  A,KIZIMBANI-Zanzibar,2022,jul,29,22.8
MAGHARIBI  A,KIZIMBANI-Zanzibar,2022,aug,33,10.2
MAGHARIBI  A,KIZIMBANI-Zanzibar,2022,sep,38,0.0
MAGHARIBI  A,KIZIMBANI-Zanzibar,2022,oct,42,2.4
MAGHARIBI  A,KIZIMBANI-Zanzibar,2022,nov,47,22.7
MAGHARIBI  A,KIZIMBANI-Zanzibar,2022,dec,51,0.0
MAGHARIBI  A,KIZIMBANI-Zanzibar,2022,jan,4,29.7
MAGHARIBI  A,KIZIMBANI-Zanzibar,2022,feb,9,3.2
MAGHARIBI  A,KIZIMBANI-Zanzibar,2022,mar,13,10.6
MAGHARIBI  A,KIZIMBANI-Zanzibar,2022,apr,17,76.60000000000001
MAGHARIBI  A,KIZIMBANI-Zanzibar,2022,may,21,5.8
MAGHARIBI  A,KIZIMBANI-Zanzibar,2022,jun,26,13.1
MAGHARIBI  A,KIZIMBANI-Zanzibar,2022,jul,30,32.2
MAGHARIBI  A,KIZIMBANI-Zanzibar,2022,aug,34,1.2
MAGHARIBI  A,KIZIMBANI-Zanzibar,2022,sep,39,0.0
MAGHARIBI  A,KIZIMBANI-Zanzibar,2022,oct,43,0.0
MAGHARIBI  A,KIZIMBANI-Zanzibar,2022,nov,48,16.7
MAGHARIBI  A,KIZIMBANI-Zanzibar,2022,dec,52,97.1
MAGHARIBI  A,KIZIMBANI-Zanzibar,2021,jan,1,19.7
MAGHARIBI  A,KIZIMBANI-Zanzibar,2021,feb,5,0.0
MAGHARIBI  A,KIZIMBANI-Zanzibar,2021,mar,9,6.0
MAGHARIBI  A,KIZIMBANI-Zanzibar,2021,apr,14,76.30000000000001
MAGHARIBI  A,KIZIMBANI-Zanzibar,2021,may,18,87.2
MAGHARIBI  A,KIZIMBANI-Zanzibar,2021,jun,23,6.8
MAGHARIBI  A,KIZIMBANI-Zanzibar,2021,jul,27,2.9000000000000004
MAGHARIBI  A,KIZIMBANI-Zanzibar,2021,aug,31,0.0
MAGHARIBI  A,KIZIMBANI-Zanzibar,2021,sep,36,8.600000000000001
MAGHARIBI  A,KIZIMBANI-Zanzibar,2021,oct,40,6.6
MAGHARIBI  A,KIZIMBANI-Zanzibar,2021,nov,44,4.2
MAGHARIBI  A,KIZIMBANI-Zanzibar,2021,dec,49,56.4
MAGHARIBI  A,KIZIMBANI-Zanzibar,2021,jan,2,21.2
MAGHARIBI  A,KIZIMBANI-Zanzibar,2021,feb,6,12.1
MAGHARIBI  A,KIZIMBANI-Zanzibar,2021,mar,10,10.8
MAGHARIBI  A,KIZIMBANI-Zanzibar,2021,apr,15,89.6
MAGHARIBI  A,KIZIMBANI-Zanzibar,2021,may,19,0.0
MAGHARIBI  A,KIZIMBANI-Zanzibar,2021,jun,24,4.4
MAGHARIBI  A,KIZIMBANI-Zanzibar,2021,jul,28,24.7
MAGHARIBI  A,KIZIMBANI-Zanzibar,2021,aug,32,0.0
MAGHARIBI  A,KIZIMBANI-Zanzibar,2021,sep,37,14.8
MAGHARIBI  A,KIZIMBANI-Zanzibar,2021,oct,41,5.7
MAGHARIBI  A,KIZIMBANI-Zanzibar,2021,nov,45,2.6
MAGHARIBI  A,KIZIMBANI-Zanzibar,2021,dec,50,142.7
MAGHARIBI  A,KIZIMBANI-Zanzibar,2021,jan,3,0.0
MAGHARIBI  A,KIZIMBANI-Zanzibar,2021,feb,7,2.4
MAGHARIBI  A,KIZIMBANI-Zanzibar,2021,mar,11,106.3
MAGHARIBI  A,KIZIMBANI-Zanzibar,2021,apr,16,70.4
MAGHARIBI  A,KIZIMBANI-Zanzibar,2021,may,20,12.6
MAGHARIBI  A,KIZIMBANI-Zanzibar,2021,jun,25,21.7
MAGHARIBI  A,KIZIMBANI-Zanzibar,2021,jul,29,10.1
MAGHARIBI  A,KIZIMBANI-Zanzibar,2021,aug,33,8.5
MAGHARIBI  A,KIZIMBANI-Zanzibar,2021,sep,38,5.6
MAGHARIBI  A,KIZIMBANI-Zanzibar,2021,oct,42,1.0
MAGHARIBI  A,KIZIMBANI-Zanzibar,2021,nov,46,8.1
MAGHARIBI  A,KIZIMBANI-Zanzibar,2021,dec,51,11.3
MAGHARIBI  A,KIZIMBANI-Zanzibar,2021,jan,4,1.1
MAGHARIBI  A,KIZIMBANI-Zanzibar,2021,feb,8,2.2
MAGHARIBI  A,KIZIMBANI-Zanzibar,2021,mar,12,9.6
MAGHARIBI  A,KIZIMBANI-Zanzibar,2021,apr,17,84.1
MAGHARIBI  A,KIZIMBANI-Zanzibar,2021,may,21,0.0
MAGHARIBI  A,KIZIMBANI-Zanzibar,2021,jun,26,0.0
MAGHARIBI  A,KIZIMBANI-Zanzibar,2021,jul,30,7.3
MAGHARIBI  A,KIZIMBANI-Zanzibar,2021,aug,34,9.4
MAGHARIBI  A,KIZIMBANI-Zanzibar,2021,sep,39,23.1
MAGHARIBI  A,KIZIMBANI-Zanzibar,2021,oct,43,8.2
MAGHARIBI  A,KIZIMBANI-Zanzibar,2021,nov,47,47.8
MAGHARIBI  A,KIZIMBANI-Zanzibar,2021,dec,52,43.5
MAGHARIBI  A,KIZIMBANI-Zanzibar,2020,jan,2,0.0
MAGHARIBI  A,KIZIMBANI-Zanzibar,2020,feb,6,50.7
MAGHARIBI  A,KIZIMBANI-Zanzibar,2020,mar,10,13.1
MAGHARIBI  A,KIZIMBANI-Zanzibar,2020,apr,15,115.3
MAGHARIBI  A,KIZIMBANI-Zanzibar,2020,may,19,169.5
MAGHARIBI  A,KIZIMBANI-Zanzibar,2020,jun,23,0.0
MAGHARIBI  A,KIZIMBANI-Zanzibar,2020,jul,28,0.0
MAGHARIBI  A,KIZIMBANI-Zanzibar,2020,aug,32,3.7
MAGHARIBI  A,KIZIMBANI-Zanzibar,2020,sep,37,1.9
MAGHARIBI  A,KIZIMBANI-Zanzibar,2020,oct,41,40.1
MAGHARIBI  A,KIZIMBANI-Zanzibar,2020,nov,45,45.8
MAGHARIBI  A,KIZIMBANI-Zanzibar,2020,dec,50,35.0
MAGHARIBI  A,KIZIMBANI-Zanzibar,2020,jan,3,5.2
MAGHARIBI  A,KIZIMBANI-Zanzibar,2020,feb,7,22.5
MAGHARIBI  A,KIZIMBANI-Zanzibar,2020,mar,11,35.1
MAGHARIBI  A,KIZIMBANI-Zanzibar,2020,apr,16,261.90000000000003
MAGHARIBI  A,KIZIMBANI-Zanzibar,2020,may,20,12.9
MAGHARIBI  A,KIZIMBANI-Zanzibar,2020,jun,24,1.3
MAGHARIBI  A,KIZIMBANI-Zanzibar,2020,jul,29,5.8
MAGHARIBI  A,KIZIMBANI-Zanzibar,2020,aug,33,0.0
MAGHARIBI  A,KIZIMBANI-Zanzibar,2020,sep,38,0.0
MAGHARIBI  A,KIZIMBANI-Zanzibar,2020,oct,42,33.6
MAGHARIBI  A,KIZIMBANI-Zanzibar,2020,nov,46,102.1
MAGHARIBI  A,KIZIMBANI-Zanzibar,2020,dec,51,0.0
MAGHARIBI  A,KIZIMBANI-Zanzibar,2020,jan,4,194.79999999999995
MAGHARIBI  A,KIZIMBANI-Zanzibar,2020,feb,8,21.4
MAGHARIBI  A,KIZIMBANI-Zanzibar,2020,mar,12,64.3
MAGHARIBI  A,KIZIMBANI-Zanzibar,2020,apr,17,488.3
MAGHARIBI  A,KIZIMBANI-Zanzibar,2020,may,21,40.8
MAGHARIBI  A,KIZIMBANI-Zanzibar,2020,jun,25,0.4
MAGHARIBI  A,KIZIMBANI-Zanzibar,2020,jul,30,15.8
MAGHARIBI  A,KIZIMBANI-Zanzibar,2020,aug,34,10.0
MAGHARIBI  A,KIZIMBANI-Zanzibar,2020,sep,39,19.1
MAGHARIBI  A,KIZIMBANI-Zanzibar,2020,oct,43,59.5
MAGHARIBI  A,KIZIMBANI-Zanzibar,2020,nov,47,41.3
MAGHARIBI  A,KIZIMBANI-Zanzibar,2020,dec,52,55.8
MAGHARIBI  A,KIZIMBANI-Zanzibar,2020,jan,5,34.89999999999999
MAGHARIBI  A,KIZIMBANI-Zanzibar,2020,feb,9,13.3
MAGHARIBI  A,KIZIMBANI-Zanzibar,2020,mar,13,95.1
MAGHARIBI  A,KIZIMBANI-Zanzibar,2020,apr,18,41.39999999999999
MAGHARIBI  A,KIZIMBANI-Zanzibar,2020,may,22,9.4
MAGHARIBI  A,KIZIMBANI-Zanzibar,2020,jun,26,2.0
MAGHARIBI  A,KIZIMBANI-Zanzibar,2020,jul,31,2.9
MAGHARIBI  A,KIZIMBANI-Zanzibar,2020,aug,35,2.9000000000000004
MAGHARIBI  A,KIZIMBANI-Zanzibar,2020,sep,40,3.4000000000000004
MAGHARIBI  A,KIZIMBANI-Zanzibar,2020,oct,44,44.8
MAGHARIBI  A,KIZIMBANI-Zanzibar,2020,nov,48,36.0
MAGHARIBI  A,KIZIMBANI-Zanzibar,2020,dec,53,71.8
MAGHARIBI  A,KIZIMBANI-Zanzibar,2019,jan,2,8.600000000000001
MAGHARIBI  A,KIZIMBANI-Zanzibar,2019,feb,6,0.0
MAGHARIBI  A,KIZIMBANI-Zanzibar,2019,mar,10,12.9
MAGHARIBI  A,KIZIMBANI-Zanzibar,2019,apr,14,112.6
MAGHARIBI  A,KIZIMBANI-Zanzibar,2019,may,19,319.0
MAGHARIBI  A,KIZIMBANI-Zanzibar,2019,jun,23,0.0
MAGHARIBI  A,KIZIMBANI-Zanzibar,2019,jul,27,2.7
MAGHARIBI  A,KIZIMBANI-Zanzibar,2019,aug,32,16.7
MAGHARIBI  A,KIZIMBANI-Zanzibar,2019,sep,36,5.9
MAGHARIBI  A,KIZIMBANI-Zanzibar,2019,oct,41,78.0
MAGHARIBI  A,KIZIMBANI-Zanzibar,2019,nov,45,119.4
MAGHARIBI  A,KIZIMBANI-Zanzibar,2019,dec,49,100.4
MAGHARIBI  A,KIZIMBANI-Zanzibar,2019,jan,3,0.0
MAGHARIBI  A,KIZIMBANI-Zanzibar,2019,feb,7,10.0
MAGHARIBI  A,KIZIMBANI-Zanzibar,2019,mar,11,0.0
MAGHARIBI  A,KIZIMBANI-Zanzibar,2019,apr,15,96.8
MAGHARIBI  A,KIZIMBANI-Zanzibar,2019,may,20,232.7
MAGHARIBI  A,KIZIMBANI-Zanzibar,2019,jun,24,2.0
MAGHARIBI  A,KIZIMBANI-Zanzibar,2019,jul,28,1.4
MAGHARIBI  A,KIZIMBANI-Zanzibar,2019,aug,33,12.8
MAGHARIBI  A,KIZIMBANI-Zanzibar,2019,sep,37,62.3
MAGHARIBI  A,KIZIMBANI-Zanzibar,2019,oct,42,210.9
MAGHARIBI  A,KIZIMBANI-Zanzibar,2019,nov,46,4.8
MAGHARIBI  A,KIZIMBANI-Zanzibar,2019,dec,50,58.2
MAGHARIBI  A,KIZIMBANI-Zanzibar,2019,jan,4,12.9
MAGHARIBI  A,KIZIMBANI-Zanzibar,2019,feb,8,2.6
MAGHARIBI  A,KIZIMBANI-Zanzibar,2019,mar,12,0.0
MAGHARIBI  A,KIZIMBANI-Zanzibar,2019,apr,16,19.2
MAGHARIBI  A,KIZIMBANI-Zanzibar,2019,may,21,54.7
MAGHARIBI  A,KIZIMBANI-Zanzibar,2019,jun,25,0.0
MAGHARIBI  A,KIZIMBANI-Zanzibar,2019,jul,29,35.8
MAGHARIBI  A,KIZIMBANI-Zanzibar,2019,aug,34,9.6
MAGHARIBI  A,KIZIMBANI-Zanzibar,2019,sep,38,4.0
MAGHARIBI  A,KIZIMBANI-Zanzibar,2019,oct,43,90.6
MAGHARIBI  A,KIZIMBANI-Zanzibar,2019,nov,47,62.900000000000006
MAGHARIBI  A,KIZIMBANI-Zanzibar,2019,dec,51,160.5
MAGHARIBI  A,KIZIMBANI-Zanzibar,2019,jan,5,0.0
MAGHARIBI  A,KIZIMBANI-Zanzibar,2019,feb,9,32.8
MAGHARIBI  A,KIZIMBANI-Zanzibar,2019,mar,13,8.2
MAGHARIBI  A,KIZIMBANI-Zanzibar,2019,apr,17,1.6
MAGHARIBI  A,KIZIMBANI-Zanzibar,2019,may,22,158.29999999999998
MAGHARIBI  A,KIZIMBANI-Zanzibar,2019,jun,26,0.0
MAGHARIBI  A,KIZIMBANI-Zanzibar,2019,jul,30,0.0
MAGHARIBI  A,KIZIMBANI-Zanzibar,2019,aug,35,9.1
MAGHARIBI  A,KIZIMBANI-Zanzibar,2019,sep,39,44.1
MAGHARIBI  A,KIZIMBANI-Zanzibar,2019,oct,44,31.4
MAGHARIBI  A,KIZIMBANI-Zanzibar,2019,nov,48,23.3
MAGHARIBI  A,KIZIMBANI-Zanzibar,2019,dec,52,27.6
MAGHARIBI  A,KIZIMBANI-Zanzibar,2018,jan,1,11.8
MAGHARIBI  A,KIZIMBANI-Zanzibar,2018,feb,6,0.0
MAGHARIBI  A,KIZIMBANI-Zanzibar,2018,mar,10,5.199999999999999
MAGHARIBI  A,KIZIMBANI-Zanzibar,2018,apr,14,148.29999999999998
MAGHARIBI  A,KIZIMBANI-Zanzibar,2018,may,19,218.2
MAGHARIBI  A,KIZIMBANI-Zanzibar,2018,jun,23,0.0
MAGHARIBI  A,KIZIMBANI-Zanzibar,2018,jul,27,71.3
MAGHARIBI  A,KIZIMBANI-Zanzibar,2018,aug,32,0.0
MAGHARIBI  A,KIZIMBANI-Zanzibar,2018,sep,36,7.1
MAGHARIBI  A,KIZIMBANI-Zanzibar,2018,oct,40,18.4
MAGHARIBI  A,KIZIMBANI-Zanzibar,2018,nov,45,0.0
MAGHARIBI  A,KIZIMBANI-Zanzibar,2018,dec,49,10.1
MAGHARIBI  A,KIZIMBANI-Zanzibar,2018,jan,2,3.0
MAGHARIBI  A,KIZIMBANI-Zanzibar,2018,feb,7,0.0
MAGHARIBI  A,KIZIMBANI-Zanzibar,2018,mar,11,32.1
MAGHARIBI  A,KIZIMBANI-Zanzibar,2018,apr,15,68.0
MAGHARIBI  A,KIZIMBANI-Zanzibar,2018,may,20,220.3
MAGHARIBI  A,KIZIMBANI-Zanzibar,2018,jun,24,23.500000000000004
MAGHARIBI  A,KIZIMBANI-Zanzibar,2018,jul,28,4.0
MAGHARIBI  A,KIZIMBANI-Zanzibar,2018,aug,33,3.2
MAGHARIBI  A,KIZIMBANI-Zanzibar,2018,sep,37,3.8
MAGHARIBI  A,KIZIMBANI-Zanzibar,2018,oct,41,0.0
MAGHARIBI  A,KIZIMBANI-Zanzibar,2018,nov,46,4.9
MAGHARIBI  A,KIZIMBANI-Zanzibar,2018,dec,50,12.1
MAGHARIBI  A,KIZIMBANI-Zanzibar,2018,jan,3,0.0
MAGHARIBI  A,KIZIMBANI-Zanzibar,2018,feb,8,15.5
MAGHARIBI  A,KIZIMBANI-Zanzibar,2018,mar,12,53.3
MAGHARIBI  A,KIZIMBANI-Zanzibar,2018,apr,16,206.7
MAGHARIBI  A,KIZIMBANI-Zanzibar,2018,may,21,58.8
MAGHARIBI  A,KIZIMBANI-Zanzibar,2018,jun,25,0.0
MAGHARIBI  A,KIZIMBANI-Zanzibar,2018,jul,29,0.0
MAGHARIBI  A,KIZIMBANI-Zanzibar,2018,aug,34,1.0
MAGHARIBI  A,KIZIMBANI-Zanzibar,2018,sep,38,26.3
MAGHARIBI  A,KIZIMBANI-Zanzibar,2018,oct,42,12.9
MAGHARIBI  A,KIZIMBANI-Zanzibar,2018,nov,47,41.4
MAGHARIBI  A,KIZIMBANI-Zanzibar,2018,dec,51,27.7
MAGHARIBI  A,KIZIMBANI-Zanzibar,2018,jan,4,0.0
MAGHARIBI  A,KIZIMBANI-Zanzibar,2018,feb,9,0.0
MAGHARIBI  A,KIZIMBANI-Zanzibar,2018,mar,13,89.7
MAGHARIBI  A,KIZIMBANI-Zanzibar,2018,apr,17,0.0
MAGHARIBI  A,KIZIMBANI-Zanzibar,2018,may,22,43.9
MAGHARIBI  A,KIZIMBANI-Zanzibar,2018,jun,26,5.5
MAGHARIBI  A,KIZIMBANI-Zanzibar,2018,jul,30,3.5
MAGHARIBI  A,KIZIMBANI-Zanzibar,2018,aug,35,20.3
MAGHARIBI  A,KIZIMBANI-Zanzibar,2018,sep,39,9.6
MAGHARIBI  A,KIZIMBANI-Zanzibar,2018,oct,43,47.2
MAGHARIBI  A,KIZIMBANI-Zanzibar,2018,nov,48,28.8
MAGHARIBI  A,KIZIMBANI-Zanzibar,2018,dec,52,0.0
KASKAZINI A,MKOKOTONI-Zanzibar,2023,jan,1,4.0
KASKAZINI A,MKOKOTONI-Zanzibar,2023,feb,6,0.0
KASKAZINI A,MKOKOTONI-Zanzibar,2023,mar,10,0.0
KASKAZINI A,MKOKOTONI-Zanzibar,2023,apr,14,24.0
KASKAZINI A,MKOKOTONI-Zanzibar,2023,may,18,18.0
KASKAZINI A,MKOKOTONI-Zanzibar,2023,jun,23,108.3
KASKAZINI A,MKOKOTONI-Zanzibar,2023,jul,27,22.5
KASKAZINI A,MKOKOTONI-Zanzibar,2023,aug,32,0.0
KASKAZINI A,MKOKOTONI-Zanzibar,2023,sep,36,0.0
KASKAZINI A,MKOKOTONI-Zanzibar,2023,oct,40,0.0
KASKAZINI A,MKOKOTONI-Zanzibar,2023,nov,45,284.6
KASKAZINI A,MKOKOTONI-Zanzibar,2023,dec,49,52.0
KASKAZINI A,MKOKOTONI-Zanzibar,2023,jan,2,4.0
KASKAZINI A,MKOKOTONI-Zanzibar,2023,feb,7,0.0
KASKAZINI A,MKOKOTONI-Zanzibar,2023,mar,11,0.0
KASKAZINI A,MKOKOTONI-Zanzibar,2023,apr,15,20.0
KASKAZINI A,MKOKOTONI-Zanzibar,2023,may,19,140.3
KASKAZINI A,MKOKOTONI-Zanzibar,2023,jun,24,0.0
KASKAZINI A,MKOKOTONI-Zanzibar,2023,jul,28,31.0
KASKAZINI A,MKOKOTONI-Zanzibar,2023,aug,33,24.5
KASKAZINI A,MKOKOTONI-Zanzibar,2023,sep,37,0.0
KASKAZINI A,MKOKOTONI-Zanzibar,2023,oct,41,0.0
KASKAZINI A,MKOKOTONI-Zanzibar,2023,nov,46,156.0
KASKAZINI A,MKOKOTONI-Zanzibar,2023,dec,50,15.5
KASKAZINI A,MKOKOTONI-Zanzibar,2023,jan,3,6.0
KASKAZINI A,MKOKOTONI-Zanzibar,2023,feb,8,0.0
KASKAZINI A,MKOKOTONI-Zanzibar,2023,mar,12,85.0
KASKAZINI A,MKOKOTONI-Zanzibar,2023,apr,16,209.0
KASKAZINI A,MKOKOTONI-Zanzibar,2023,may,20,10.0
KASKAZINI A,MKOKOTONI-Zanzibar,2023,jun,25,0.0
KASKAZINI A,MKOKOTONI-Zanzibar,2023,jul,29,10.8
KASKAZINI A,MKOKOTONI-Zanzibar,2023,aug,34,6.0
KASKAZINI A,MKOKOTONI-Zanzibar,2023,sep,38,0.0
KASKAZINI A,MKOKOTONI-Zanzibar,2023,oct,42,0.0
KASKAZINI A,MKOKOTONI-Zanzibar,2023,nov,47,52.5
KASKAZINI A,MKOKOTONI-Zanzibar,2023,dec,51,40.6
KASKAZINI A,MKOKOTONI-Zanzibar,2023,jan,4,0.0
KASKAZINI A,MKOKOTONI-Zanzibar,2023,feb,9,0.0
KASKAZINI A,MKOKOTONI-Zanzibar,2023,mar,13,48.2
KASKAZINI A,MKOKOTONI-Zanzibar,2023,apr,17,125.2
KASKAZINI A,MKOKOTONI-Zanzibar,2023,may,21,25.0
KASKAZINI A,MKOKOTONI-Zanzibar,2023,jun,26,0.0
KASKAZINI A,MKOKOTONI-Zanzibar,2023,jul,30,13.0
KASKAZINI A,MKOKOTONI-Zanzibar,2023,aug,35,2.0
KASKAZINI A,MKOKOTONI-Zanzibar,2023,sep,39,7.0
KASKAZINI A,MKOKOTONI-Zanzibar,2023,oct,43,29.6
KASKAZINI A,MKOKOTONI-Zanzibar,2023,nov,48,47.2
KASKAZINI A,MKOKOTONI-Zanzibar,2023,dec,52,0.0
KASKAZINI A,MKOKOTONI-Zanzibar,2022,jan,1,0.0
KASKAZINI A,MKOKOTONI-Zanzibar,2022,feb,6,47.7
KASKAZINI A,MKOKOTONI-Zanzibar,2022,mar,10,0.0
KASKAZINI A,MKOKOTONI-Zanzibar,2022,apr,14,0.0
KASKAZINI A,MKOKOTONI-Zanzibar,2022,may,18,38.7
KASKAZINI A,MKOKOTONI-Zanzibar,2022,jun,23,17.0
KASKAZINI A,MKOKOTONI-Zanzibar,2022,jul,27,0.0
KASKAZINI A,MKOKOTONI-Zanzibar,2022,aug,31,7.0
KASKAZINI A,MKOKOTONI-Zanzibar,2022,sep,36,0.0
KASKAZINI A,MKOKOTONI-Zanzibar,2022,oct,40,0.0
KASKAZINI A,MKOKOTONI-Zanzibar,2022,nov,45,36.0
KASKAZINI A,MKOKOTONI-Zanzibar,2022,dec,49,0.0
KASKAZINI A,MKOKOTONI-Zanzibar,2022,jan,2,0.0
KASKAZINI A,MKOKOTONI-Zanzibar,2022,feb,7,0.0
KASKAZINI A,MKOKOTONI-Zanzibar,2022,mar,11,0.0
KASKAZINI A,MKOKOTONI-Zanzibar,2022,apr,15,109.3
KASKAZINI A,MKOKOTONI-Zanzibar,2022,may,19,0.0
KASKAZINI A,MKOKOTONI-Zanzibar,2022,jun,24,0.0
KASKAZINI A,MKOKOTONI-Zanzibar,2022,jul,28,26.7
KASKAZINI A,MKOKOTONI-Zanzibar,2022,aug,32,20.0
KASKAZINI A,MKOKOTONI-Zanzibar,2022,sep,37,4.0
KASKAZINI A,MKOKOTONI-Zanzibar,2022,oct,41,18.5
KASKAZINI A,MKOKOTONI-Zanzibar,2022,nov,46,0.0
KASKAZINI A,MKOKOTONI-Zanzibar,2022,dec,50,28.6
KASKAZINI A,MKOKOTONI-Zanzibar,2022,jan,3,81.5
KASKAZINI A,MKOKOTONI-Zanzibar,2022,feb,8,70.5
KASKAZINI A,MKOKOTONI-Zanzibar,2022,mar,12,0.0
KASKAZINI A,MKOKOTONI-Zanzibar,2022,apr,16,310.2
KASKAZINI A,MKOKOTONI-Zanzibar,2022,may,20,25.7
KASKAZINI A,MKOKOTONI-Zanzibar,2022,jun,25,17.0
KASKAZINI A,MKOKOTONI-Zanzibar,2022,jul,29,7.0
KASKAZINI A,MKOKOTONI-Zanzibar,2022,aug,33,0.0
KASKAZINI A,MKOKOTONI-Zanzibar,2022,sep,38,0.0
KASKAZINI A,MKOKOTONI-Zanzibar,2022,oct,42,0.0
KASKAZINI A,MKOKOTONI-Zanzibar,2022,nov,47,6.3
KASKAZINI A,MKOKOTONI-Zanzibar,2022,dec,51,0.0
KASKAZINI A,MKOKOTONI-Zanzibar,2022,jan,4,45.6
KASKAZINI A,MKOKOTONI-Zanzibar,2022,feb,9,20.7
KASKAZINI A,MKOKOTONI-Zanzibar,2022,mar,13,35.3
KASKAZINI A,MKOKOTONI-Zanzibar,2022,apr,17,111.5
KASKAZINI A,MKOKOTONI-Zanzibar,2022,may,21,12.3
KASKAZINI A,MKOKOTONI-Zanzibar,2022,jun,26,20.3
KASKAZINI A,MKOKOTONI-Zanzibar,2022,jul,30,0.0
KASKAZINI A,MKOKOTONI-Zanzibar,2022,aug,34,28.0
KASKAZINI A,MKOKOTONI-Zanzibar,2022,sep,39,0.0
KASKAZINI A,MKOKOTONI-Zanzibar,2022,oct,43,0.0
KASKAZINI A,MKOKOTONI-Zanzibar,2022,nov,48,68.9
KASKAZINI A,MKOKOTONI-Zanzibar,2022,dec,52,12.4
KASKAZINI A,MKOKOTONI-Zanzibar,2021,jan,1,25.2
KASKAZINI A,MKOKOTONI-Zanzibar,2021,feb,5,0.0
KASKAZINI A,MKOKOTONI-Zanzibar,2021,mar,9,0.0
KASKAZINI A,MKOKOTONI-Zanzibar,2021,apr,14,96.3
KASKAZINI A,MKOKOTONI-Zanzibar,2021,may,18,81.8
KASKAZINI A,MKOKOTONI-Zanzibar,2021,jun,23,0.0
KASKAZINI A,MKOKOTONI-Zanzibar,2021,jul,27,0.0
KASKAZINI A,MKOKOTONI-Zanzibar,2021,aug,31,0.0
KASKAZINI A,MKOKOTONI-Zanzibar,2021,sep,36,0.0
KASKAZINI A,MKOKOTONI-Zanzibar,2021,oct,40,0.0
KASKAZINI A,MKOKOTONI-Zanzibar,2021,nov,44,0.0
KASKAZINI A,MKOKOTONI-Zanzibar,2021,dec,49,0.0
KASKAZINI A,MKOKOTONI-Zanzibar,2021,jan,2,51.2
KASKAZINI A,MKOKOTONI-Zanzibar,2021,feb,6,9.8
KASKAZINI A,MKOKOTONI-Zanzibar,2021,mar,10,0.0
KASKAZINI A,MKOKOTONI-Zanzibar,2021,apr,15,69.4
KASKAZINI A,MKOKOTONI-Zanzibar,2021,may,19,0.0
KASKAZINI A,MKOKOTONI-Zanzibar,2021,jun,24,0.0
KASKAZINI A,MKOKOTONI-Zanzibar,2021,jul,28,41.6
KASKAZINI A,MKOKOTONI-Zanzibar,2021,aug,32,0.0
KASKAZINI A,MKOKOTONI-Zanzibar,2021,sep,37,0.0
KASKAZINI A,MKOKOTONI-Zanzibar,2021,oct,41,0.0
KASKAZINI A,MKOKOTONI-Zanzibar,2021,nov,45,0.0
KASKAZINI A,MKOKOTONI-Zanzibar,2021,dec,50,34.3
KASKAZINI A,MKOKOTONI-Zanzibar,2021,jan,3,0.0
KASKAZINI A,MKOKOTONI-Zanzibar,2021,feb,7,0.0
KASKAZINI A,MKOKOTONI-Zanzibar,2021,mar,11,0.0
KASKAZINI A,MKOKOTONI-Zanzibar,2021,apr,16,126.6
KASKAZINI A,MKOKOTONI-Zanzibar,2021,may,20,0.0
KASKAZINI A,MKOKOTONI-Zanzibar,2021,jun,25,2.5
KASKAZINI A,MKOKOTONI-Zanzibar,2021,jul,29,0.0
KASKAZINI A,MKOKOTONI-Zanzibar,2021,aug,33,6.3
KASKAZINI A,MKOKOTONI-Zanzibar,2021,sep,38,0.0
KASKAZINI A,MKOKOTONI-Zanzibar,2021,oct,42,18.0
KASKAZINI A,MKOKOTONI-Zanzibar,2021,nov,46,0.0
KASKAZINI A,MKOKOTONI-Zanzibar,2021,dec,51,25.0
KASKAZINI A,MKOKOTONI-Zanzibar,2021,jan,4,19.3
KASKAZINI A,MKOKOTONI-Zanzibar,2021,feb,8,64.0
KASKAZINI A,MKOKOTONI-Zanzibar,2021,mar,12,20.0
KASKAZINI A,MKOKOTONI-Zanzibar,2021,apr,17,58.1
KASKAZINI A,MKOKOTONI-Zanzibar,2021,may,21,0.0
KASKAZINI A,MKOKOTONI-Zanzibar,2021,jun,26,4.2
KASKAZINI A,MKOKOTONI-Zanzibar,2021,jul,30,0.0
KASKAZINI A,MKOKOTONI-Zanzibar,2021,aug,34,3.4
KASKAZINI A,MKOKOTONI-Zanzibar,2021,sep,39,0.0
KASKAZINI A,MKOKOTONI-Zanzibar,2021,oct,43,8.6
KASKAZINI A,MKOKOTONI-Zanzibar,2021,nov,47,30.5
KASKAZINI A,MKOKOTONI-Zanzibar,2021,dec,52,0.0
KASKAZINI A,MKOKOTONI-Zanzibar,2020,jan,2,0.0
KASKAZINI A,MKOKOTONI-Zanzibar,2020,feb,6,0.0
KASKAZINI A,MKOKOTONI-Zanzibar,2020,mar,10,92.2
KASKAZINI A,MKOKOTONI-Zanzibar,2020,apr,15,74.0
KASKAZINI A,MKOKOTONI-Zanzibar,2020,may,19,212.5
KASKAZINI A,MKOKOTONI-Zanzibar,2020,jun,23,0.0
KASKAZINI A,MKOKOTONI-Zanzibar,2020,jul,28,2.3
KASKAZINI A,MKOKOTONI-Zanzibar,2020,aug,32,2.3
KASKAZINI A,MKOKOTONI-Zanzibar,2020,sep,37,0.0
KASKAZINI A,MKOKOTONI-Zanzibar,2020,oct,41,15.5
KASKAZINI A,MKOKOTONI-Zanzibar,2020,nov,45,50.0
KASKAZINI A,MKOKOTONI-Zanzibar,2020,dec,50,10.0
KASKAZINI A,MKOKOTONI-Zanzibar,2020,jan,3,20.0
KASKAZINI A,MKOKOTONI-Zanzibar,2020,feb,7,13.2
KASKAZINI A,MKOKOTONI-Zanzibar,2020,mar,11,73.2
KASKAZINI A,MKOKOTONI-Zanzibar,2020,apr,16,243.6
KASKAZINI A,MKOKOTONI-Zanzibar,2020,may,20,15.7
KASKAZINI A,MKOKOTONI-Zanzibar,2020,jun,24,3.0
KASKAZINI A,MKOKOTONI-Zanzibar,2020,jul,29,11.6
KASKAZINI A,MKOKOTONI-Zanzibar,2020,aug,33,0.0
KASKAZINI A,MKOKOTONI-Zanzibar,2020,sep,38,0.0
KASKAZINI A,MKOKOTONI-Zanzibar,2020,oct,42,29.5
KASKAZINI A,MKOKOTONI-Zanzibar,2020,nov,46,109.6
KASKAZINI A,MKOKOTONI-Zanzibar,2020,dec,51,0.0
KASKAZINI A,MKOKOTONI-Zanzibar,2020,jan,4,71.5
KASKAZINI A,MKOKOTONI-Zanzibar,2020,feb,8,3.0
KASKAZINI A,MKOKOTONI-Zanzibar,2020,mar,12,70.3
KASKAZINI A,MKOKOTONI-Zanzibar,2020,apr,17,315.4
KASKAZINI A,MKOKOTONI-Zanzibar,2020,may,21,42.2
KASKAZINI A,MKOKOTONI-Zanzibar,2020,jun,25,0.0
KASKAZINI A,MKOKOTONI-Zanzibar,2020,jul,30,40.0
KASKAZINI A,MKOKOTONI-Zanzibar,2020,aug,34,29.7
KASKAZINI A,MKOKOTONI-Zanzibar,2020,sep,39,0.0
KASKAZINI A,MKOKOTONI-Zanzibar,2020,oct,43,0.0
KASKAZINI A,MKOKOTONI-Zanzibar,2020,nov,47,71.0
KASKAZINI A,MKOKOTONI-Zanzibar,2020,dec,52,24.0
KASKAZINI A,MKOKOTONI-Zanzibar,2020,jan,5,20.0
KASKAZINI A,MKOKOTONI-Zanzibar,2020,feb,9,0.0
KASKAZINI A,MKOKOTONI-Zanzibar,2020,mar,13,75.0
KASKAZINI A,MKOKOTONI-Zanzibar,2020,apr,18,191.2
KASKAZINI A,MKOKOTONI-Zanzibar,2020,may,22,6.4
KASKAZINI A,MKOKOTONI-Zanzibar,2020,jun,26,5.0
KASKAZINI A,MKOKOTONI-Zanzibar,2020,jul,31,3.2
KASKAZINI A,MKOKOTONI-Zanzibar,2020,aug,35,9.0
KASKAZINI A,MKOKOTONI-Zanzibar,2020,sep,40,25.5
KASKAZINI A,MKOKOTONI-Zanzibar,2020,oct,44,19.3
KASKAZINI A,MKOKOTONI-Zanzibar,2020,nov,48,16.2
KASKAZINI A,MKOKOTONI-Zanzibar,2020,dec,53,27.2
KASKAZINI A,MKOKOTONI-Zanzibar,2019,jan,2,9.4
KASKAZINI A,MKOKOTONI-Zanzibar,2019,feb,6,0.0
KASKAZINI A,MKOKOTONI-Zanzibar,2019,mar,10,33.5
KASKAZINI A,MKOKOTONI-Zanzibar,2019,apr,14,123.8
KASKAZINI A,MKOKOTONI-Zanzibar,2019,may,19,73.80000000000001
KASKAZINI A,MKOKOTONI-Zanzibar,2019,jun,23,0.0
KASKAZINI A,MKOKOTONI-Zanzibar,2019,jul,27,0.0
KASKAZINI A,MKOKOTONI-Zanzibar,2019,aug,32,1.5
KASKAZINI A,MKOKOTONI-Zanzibar,2019,sep,36,28.3
KASKAZINI A,MKOKOTONI-Zanzibar,2019,oct,41,0.0
KASKAZINI A,MKOKOTONI-Zanzibar,2019,nov,45,30.2
KASKAZINI A,MKOKOTONI-Zanzibar,2019,dec,49,3.0
KASKAZINI A,MKOKOTONI-Zanzibar,2019,jan,3,5.5
KASKAZINI A,MKOKOTONI-Zanzibar,2019,feb,7,0.0
KASKAZINI A,MKOKOTONI-Zanzibar,2019,mar,11,5.4
KASKAZINI A,MKOKOTONI-Zanzibar,2019,apr,15,7.0
KASKAZINI A,MKOKOTONI-Zanzibar,2019,may,20,100.6
KASKAZINI A,MKOKOTONI-Zanzibar,2019,jun,24,1.1
KASKAZINI A,MKOKOTONI-Zanzibar,2019,jul,28,13.2
KASKAZINI A,MKOKOTONI-Zanzibar,2019,aug,33,8.3
KASKAZINI A,MKOKOTONI-Zanzibar,2019,sep,37,10.5
KASKAZINI A,MKOKOTONI-Zanzibar,2019,oct,42,11.0
KASKAZINI A,MKOKOTONI-Zanzibar,2019,nov,46,26.3
KASKAZINI A,MKOKOTONI-Zanzibar,2019,dec,50,0.0
KASKAZINI A,MKOKOTONI-Zanzibar,2019,jan,4,8.6
KASKAZINI A,MKOKOTONI-Zanzibar,2019,feb,8,0.0
KASKAZINI A,MKOKOTONI-Zanzibar,2019,mar,12,23.0
KASKAZINI A,MKOKOTONI-Zanzibar,2019,apr,16,19.3
KASKAZINI A,MKOKOTONI-Zanzibar,2019,may,21,16.0
KASKAZINI A,MKOKOTONI-Zanzibar,2019,jun,25,13.4
KASKAZINI A,MKOKOTONI-Zanzibar,2019,jul,29,10.3
KASKAZINI A,MKOKOTONI-Zanzibar,2019,aug,34,9.2
KASKAZINI A,MKOKOTONI-Zanzibar,2019,sep,38,0.0
KASKAZINI A,MKOKOTONI-Zanzibar,2019,oct,43,0.0
KASKAZINI A,MKOKOTONI-Zanzibar,2019,nov,47,15.6
KASKAZINI A,MKOKOTONI-Zanzibar,2019,dec,51,6.2
KASKAZINI A,MKOKOTONI-Zanzibar,2019,jan,5,0.0
KASKAZINI A,MKOKOTONI-Zanzibar,2019,feb,9,41.0
KASKAZINI A,MKOKOTONI-Zanzibar,2019,mar,13,28.0
KASKAZINI A,MKOKOTONI-Zanzibar,2019,apr,17,52.2
KASKAZINI A,MKOKOTONI-Zanzibar,2019,may,22,7.5
KASKAZINI A,MKOKOTONI-Zanzibar,2019,jun,26,34.6
KASKAZINI A,MKOKOTONI-Zanzibar,2019,jul,30,0.0
KASKAZINI A,MKOKOTONI-Zanzibar,2019,aug,35,12.7
KASKAZINI A,MKOKOTONI-Zanzibar,2019,sep,39,73.2
KASKAZINI A,MKOKOTONI-Zanzibar,2019,oct,44,0.0
KASKAZINI A,MKOKOTONI-Zanzibar,2019,nov,48,48.2
KASKAZINI A,MKOKOTONI-Zanzibar,2019,dec,52,3.2
KASKAZINI A,MKOKOTONI-Zanzibar,2018,jan,1,15.0
KASKAZINI A,MKOKOTONI-Zanzibar,2018,feb,6,0.0
KASKAZINI A,MKOKOTONI-Zanzibar,2018,mar,10,23.0
KASKAZINI A,MKOKOTONI-Zanzibar,2018,apr,14,0.0
KASKAZINI A,MKOKOTONI-Zanzibar,2018,may,19,183.9
KASKAZINI A,MKOKOTONI-Zanzibar,2018,jun,23,0.0
KASKAZINI A,MKOKOTONI-Zanzibar,2018,jul,27,45.3
KASKAZINI A,MKOKOTONI-Zanzibar,2018,aug,32,0.0
KASKAZINI A,MKOKOTONI-Zanzibar,2018,sep,36,8.3
KASKAZINI A,MKOKOTONI-Zanzibar,2018,oct,40,0.0
KASKAZINI A,MKOKOTONI-Zanzibar,2018,nov,45,35.3
KASKAZINI A,MKOKOTONI-Zanzibar,2018,dec,49,8.6
KASKAZINI A,MKOKOTONI-Zanzibar,2018,jan,2,0.0
KASKAZINI A,MKOKOTONI-Zanzibar,2018,feb,7,0.0
KASKAZINI A,MKOKOTONI-Zanzibar,2018,mar,11,31.5
KASKAZINI A,MKOKOTONI-Zanzibar,2018,apr,15,147.29999999999998
KASKAZINI A,MKOKOTONI-Zanzibar,2018,may,20,273.5
KASKAZINI A,MKOKOTONI-Zanzibar,2018,jun,24,34.3
KASKAZINI A,MKOKOTONI-Zanzibar,2018,jul,28,0.0
KASKAZINI A,MKOKOTONI-Zanzibar,2018,aug,33,0.0
KASKAZINI A,MKOKOTONI-Zanzibar,2018,sep,37,12.8
KASKAZINI A,MKOKOTONI-Zanzibar,2018,oct,41,0.0
KASKAZINI A,MKOKOTONI-Zanzibar,2018,nov,46,0.0
KASKAZINI A,MKOKOTONI-Zanzibar,2018,dec,50,0.0
KASKAZINI A,MKOKOTONI-Zanzibar,2018,jan,3,0.0
KASKAZINI A,MKOKOTONI-Zanzibar,2018,feb,8,19.0
KASKAZINI A,MKOKOTONI-Zanzibar,2018,mar,12,61.6
KASKAZINI A,MKOKOTONI-Zanzibar,2018,apr,16,95.7
KASKAZINI A,MKOKOTONI-Zanzibar,2018,may,21,104.9
KASKAZINI A,MKOKOTONI-Zanzibar,2018,jun,25,2.2
KASKAZINI A,MKOKOTONI-Zanzibar,2018,jul,29,0.0
KASKAZINI A,MKOKOTONI-Zanzibar,2018,aug,34,5.3
KASKAZINI A,MKOKOTONI-Zanzibar,2018,sep,38,6.2
KASKAZINI A,MKOKOTONI-Zanzibar,2018,oct,42,48.2
KASKAZINI A,MKOKOTONI-Zanzibar,2018,nov,47,46.0
KASKAZINI A,MKOKOTONI-Zanzibar,2018,dec,51,64.0
KASKAZINI A,MKOKOTONI-Zanzibar,2018,jan,4,0.0
KASKAZINI A,MKOKOTONI-Zanzibar,2018,feb,9,0.0
KASKAZINI A,MKOKOTONI-Zanzibar,2018,mar,13,116.4
KASKAZINI A,MKOKOTONI-Zanzibar,2018,apr,17,15.2
KASKAZINI A,MKOKOTONI-Zanzibar,2018,may,22,41.0
KASKAZINI A,MKOKOTONI-Zanzibar,2018,jun,26,0.0
KASKAZINI A,MKOKOTONI-Zanzibar,2018,jul,30,32.3
KASKAZINI A,MKOKOTONI-Zanzibar,2018,aug,35,10.0
KASKAZINI A,MKOKOTONI-Zanzibar,2018,sep,39,0.0
KASKAZINI A,MKOKOTONI-Zanzibar,2018,oct,43,22.2
KASKAZINI A,MKOKOTONI-Zanzibar,2018,nov,48,76.3
KASKAZINI A,MKOKOTONI-Zanzibar,2018,dec,52,0.0
MKOANI,Abdalla mzee-Mkoani,2023,jan,1,2.4
MKOANI,Abdalla mzee-Mkoani,2023,feb,6,22.9
MKOANI,Abdalla mzee-Mkoani,2023,mar,10,9.3
MKOANI,Abdalla mzee-Mkoani,2023,apr,14,205.9
MKOANI,Abdalla mzee-Mkoani,2023,may,18,178.4
MKOANI,Abdalla mzee-Mkoani,2023,jun,23,91.20000000000002
MKOANI,Abdalla mzee-Mkoani,2023,jul,27,35.8
MKOANI,Abdalla mzee-Mkoani,2023,aug,32,8.600000000000001
MKOANI,Abdalla mzee-Mkoani,2023,sep,36,4.1
MKOANI,Abdalla mzee-Mkoani,2023,oct,40,2.3
MKOANI,Abdalla mzee-Mkoani,2023,nov,45,390.4
MKOANI,Abdalla mzee-Mkoani,2023,dec,49,68.30000000000001
MKOANI,Abdalla mzee-Mkoani,2023,jan,2,46.3
MKOANI,Abdalla mzee-Mkoani,2023,feb,7,14.7
MKOANI,Abdalla mzee-Mkoani,2023,mar,11,13.8
MKOANI,Abdalla mzee-Mkoani,2023,apr,15,114.8
MKOANI,Abdalla mzee-Mkoani,2023,may,19,306.3
MKOANI,Abdalla mzee-Mkoani,2023,jun,24,33.9
MKOANI,Abdalla mzee-Mkoani,2023,jul,28,12.2
MKOANI,Abdalla mzee-Mkoani,2023,aug,33,12.5
MKOANI,Abdalla mzee-Mkoani,2023,sep,37,21.700000000000003
MKOANI,Abdalla mzee-Mkoani,2023,oct,41,20.0
MKOANI,Abdalla mzee-Mkoani,2023,nov,46,282.70000000000005
MKOANI,Abdalla mzee-Mkoani,2023,dec,50,94.0
MKOANI,Abdalla mzee-Mkoani,2023,jan,3,2.6
MKOANI,Abdalla mzee-Mkoani,2023,feb,8,2.8
MKOANI,Abdalla mzee-Mkoani,2023,mar,12,50.8
MKOANI,Abdalla mzee-Mkoani,2023,apr,16,489.69999999999993
MKOANI,Abdalla mzee-Mkoani,2023,may,20,43.4
MKOANI,Abdalla mzee-Mkoani,2023,jun,25,50.2
MKOANI,Abdalla mzee-Mkoani,2023,jul,29,13.1
MKOANI,Abdalla mzee-Mkoani,2023,aug,34,4.3
MKOANI,Abdalla mzee-Mkoani,2023,sep,38,11.7
MKOANI,Abdalla mzee-Mkoani,2023,oct,42,37.5
MKOANI,Abdalla mzee-Mkoani,2023,nov,47,295.79999999999995
MKOANI,Abdalla mzee-Mkoani,2023,dec,51,50.6
MKOANI,Abdalla mzee-Mkoani,2023,jan,4,36.0
MKOANI,Abdalla mzee-Mkoani,2023,feb,9,11.8
MKOANI,Abdalla mzee-Mkoani,2023,mar,13,57.3
MKOANI,Abdalla mzee-Mkoani,2023,apr,17,482.1
MKOANI,Abdalla mzee-Mkoani,2023,may,21,103.0
MKOANI,Abdalla mzee-Mkoani,2023,jun,26,34.400000000000006
MKOANI,Abdalla mzee-Mkoani,2023,jul,30,19.8
MKOANI,Abdalla mzee-Mkoani,2023,aug,35,8.6
MKOANI,Abdalla mzee-Mkoani,2023,sep,39,11.7
MKOANI,Abdalla mzee-Mkoani,2023,oct,43,70.89999999999999
MKOANI,Abdalla mzee-Mkoani,2023,nov,48,148.6
MKOANI,Abdalla mzee-Mkoani,2023,dec,52,0.0
MKOANI,Abdalla mzee-Mkoani,2022,jan,1,0.0
MKOANI,Abdalla mzee-Mkoani,2022,feb,6,0.0
MKOANI,Abdalla mzee-Mkoani,2022,mar,10,0.0
MKOANI,Abdalla mzee-Mkoani,2022,apr,14,4.1
MKOANI,Abdalla mzee-Mkoani,2022,may,18,179.79999999999995
MKOANI,Abdalla mzee-Mkoani,2022,jun,23,0.0
MKOANI,Abdalla mzee-Mkoani,2022,jul,27,51.5
MKOANI,Abdalla mzee-Mkoani,2022,aug,31,37.1
MKOANI,Abdalla mzee-Mkoani,2022,sep,36,13.1
MKOANI,Abdalla mzee-Mkoani,2022,oct,40,27.5
MKOANI,Abdalla mzee-Mkoani,2022,nov,45,65.0
MKOANI,Abdalla mzee-Mkoani,2022,dec,49,51.1
MKOANI,Abdalla mzee-Mkoani,2022,jan,2,0.0
MKOANI,Abdalla mzee-Mkoani,2022,feb,7,8.9
MKOANI,Abdalla mzee-Mkoani,2022,mar,11,0.0
MKOANI,Abdalla mzee-Mkoani,2022,apr,15,11.1
MKOANI,Abdalla mzee-Mkoani,2022,may,19,159.89999999999998
MKOANI,Abdalla mzee-Mkoani,2022,jun,24,34.3
MKOANI,Abdalla mzee-Mkoani,2022,jul,28,26.700000000000003
MKOANI,Abdalla mzee-Mkoani,2022,aug,32,20.8
MKOANI,Abdalla mzee-Mkoani,2022,sep,37,25.3
MKOANI,Abdalla mzee-Mkoani,2022,oct,41,18.7
MKOANI,Abdalla mzee-Mkoani,2022,nov,46,10.7
MKOANI,Abdalla mzee-Mkoani,2022,dec,50,124.3
MKOANI,Abdalla mzee-Mkoani,2022,jan,3,97.2
MKOANI,Abdalla mzee-Mkoani,2022,feb,8,0.0
MKOANI,Abdalla mzee-Mkoani,2022,mar,12,18.1
MKOANI,Abdalla mzee-Mkoani,2022,apr,16,144.40000000000003
MKOANI,Abdalla mzee-Mkoani,2022,may,20,65.3
MKOANI,Abdalla mzee-Mkoani,2022,jun,25,9.6
MKOANI,Abdalla mzee-Mkoani,2022,jul,29,36.1
MKOANI,Abdalla mzee-Mkoani,2022,aug,33,14.2
MKOANI,Abdalla mzee-Mkoani,2022,sep,38,3.8
MKOANI,Abdalla mzee-Mkoani,2022,oct,42,55.3
MKOANI,Abdalla mzee-Mkoani,2022,nov,47,135.9
MKOANI,Abdalla mzee-Mkoani,2022,dec,51,70.80000000000001
MKOANI,Abdalla mzee-Mkoani,2022,jan,4,17.7
MKOANI,Abdalla mzee-Mkoani,2022,feb,9,0.0
MKOANI,Abdalla mzee-Mkoani,2022,mar,13,6.9
MKOANI,Abdalla mzee-Mkoani,2022,apr,17,231.7
MKOANI,Abdalla mzee-Mkoani,2022,may,21,77.4
MKOANI,Abdalla mzee-Mkoani,2022,jun,26,19.3
MKOANI,Abdalla mzee-Mkoani,2022,jul,30,28.9
MKOANI,Abdalla mzee-Mkoani,2022,aug,34,34.5
MKOANI,Abdalla mzee-Mkoani,2022,sep,39,15.6
MKOANI,Abdalla mzee-Mkoani,2022,oct,43,32.6
MKOANI,Abdalla mzee-Mkoani,2022,nov,48,50.6
MKOANI,Abdalla mzee-Mkoani,2022,dec,52,44.2
MKOANI,Abdalla mzee-Mkoani,2021,jan,1,0.0
MKOANI,Abdalla mzee-Mkoani,2021,feb,5,0.0
MKOANI,Abdalla mzee-Mkoani,2021,mar,9,0.0
MKOANI,Abdalla mzee-Mkoani,2021,apr,14,50.0
MKOANI,Abdalla mzee-Mkoani,2021,may,18,258.29999999999995
MKOANI,Abdalla mzee-Mkoani,2021,jun,23,0.0
MKOANI,Abdalla mzee-Mkoani,2021,jul,27,13.4
MKOANI,Abdalla mzee-Mkoani,2021,aug,31,16.3
MKOANI,Abdalla mzee-Mkoani,2021,sep,36,33.1
MKOANI,Abdalla mzee-Mkoani,2021,oct,40,8.0
MKOANI,Abdalla mzee-Mkoani,2021,nov,44,7.7
MKOANI,Abdalla mzee-Mkoani,2021,dec,49,129.3
MKOANI,Abdalla mzee-Mkoani,2021,jan,2,17.8
MKOANI,Abdalla mzee-Mkoani,2021,feb,6,29.2
MKOANI,Abdalla mzee-Mkoani,2021,mar,10,12.1
MKOANI,Abdalla mzee-Mkoani,2021,apr,15,178.39999999999998
MKOANI,Abdalla mzee-Mkoani,2021,may,19,19.0
MKOANI,Abdalla mzee-Mkoani,2021,jun,24,29.2
MKOANI,Abdalla mzee-Mkoani,2021,jul,28,3.8
MKOANI,Abdalla mzee-Mkoani,2021,aug,32,24.4
MKOANI,Abdalla mzee-Mkoani,2021,sep,37,20.0
MKOANI,Abdalla mzee-Mkoani,2021,oct,41,16.0
MKOANI,Abdalla mzee-Mkoani,2021,nov,45,5.4
MKOANI,Abdalla mzee-Mkoani,2021,dec,50,137.3
MKOANI,Abdalla mzee-Mkoani,2021,jan,3,0.0
MKOANI,Abdalla mzee-Mkoani,2021,feb,7,0.0
MKOANI,Abdalla mzee-Mkoani,2021,mar,11,15.2
MKOANI,Abdalla mzee-Mkoani,2021,apr,16,425.3
MKOANI,Abdalla mzee-Mkoani,2021,may,20,11.8
MKOANI,Abdalla mzee-Mkoani,2021,jun,25,7.999999999999999
MKOANI,Abdalla mzee-Mkoani,2021,jul,29,32.6
MKOANI,Abdalla mzee-Mkoani,2021,aug,33,16.2
MKOANI,Abdalla mzee-Mkoani,2021,sep,38,26.4
MKOANI,Abdalla mzee-Mkoani,2021,oct,42,0.0
MKOANI,Abdalla mzee-Mkoani,2021,nov,46,3.1
MKOANI,Abdalla mzee-Mkoani,2021,dec,51,222.4
MKOANI,Abdalla mzee-Mkoani,2021,jan,4,0.0
MKOANI,Abdalla mzee-Mkoani,2021,feb,8,4.3
MKOANI,Abdalla mzee-Mkoani,2021,mar,12,108.6
MKOANI,Abdalla mzee-Mkoani,2021,apr,17,197.4
MKOANI,Abdalla mzee-Mkoani,2021,may,21,10.6
MKOANI,Abdalla mzee-Mkoani,2021,jun,26,25.700000000000003
MKOANI,Abdalla mzee-Mkoani,2021,jul,30,8.2
MKOANI,Abdalla mzee-Mkoani,2021,aug,34,31.2
MKOANI,Abdalla mzee-Mkoani,2021,sep,39,14.5
MKOANI,Abdalla mzee-Mkoani,2021,oct,43,26.4
MKOANI,Abdalla mzee-Mkoani,2021,nov,47,44.7
MKOANI,Abdalla mzee-Mkoani,2021,dec,52,70.3
MKOANI,Abdalla mzee-Mkoani,2020,jan,2,10.1
MKOANI,Abdalla mzee-Mkoani,2020,feb,6,55.5
MKOANI,Abdalla mzee-Mkoani,2020,mar,10,135.20000000000002
MKOANI,Abdalla mzee-Mkoani,2020,apr,15,223.5
MKOANI,Abdalla mzee-Mkoani,2020,may,19,329.4
MKOANI,Abdalla mzee-Mkoani,2020,jun,23,46.1
MKOANI,Abdalla mzee-Mkoani,2020,jul,28,9.1
MKOANI,Abdalla mzee-Mkoani,2020,aug,32,14.900000000000002
MKOANI,Abdalla mzee-Mkoani,2020,sep,37,2.8
MKOANI,Abdalla mzee-Mkoani,2020,oct,41,5.0
MKOANI,Abdalla mzee-Mkoani,2020,nov,45,4.4
MKOANI,Abdalla mzee-Mkoani,2020,dec,50,14.2
MKOANI,Abdalla mzee-Mkoani,2020,jan,3,20.7
MKOANI,Abdalla mzee-Mkoani,2020,feb,7,13.9
MKOANI,Abdalla mzee-Mkoani,2020,mar,11,37.5
MKOANI,Abdalla mzee-Mkoani,2020,apr,16,311.90000000000003
MKOANI,Abdalla mzee-Mkoani,2020,may,20,256.2
MKOANI,Abdalla mzee-Mkoani,2020,jun,24,48.3
MKOANI,Abdalla mzee-Mkoani,2020,jul,29,55.3
MKOANI,Abdalla mzee-Mkoani,2020,aug,33,14.6
MKOANI,Abdalla mzee-Mkoani,2020,sep,38,1.3
MKOANI,Abdalla mzee-Mkoani,2020,oct,42,6.6
MKOANI,Abdalla mzee-Mkoani,2020,nov,46,108.5
MKOANI,Abdalla mzee-Mkoani,2020,dec,51,28.0
MKOANI,Abdalla mzee-Mkoani,2020,jan,4,46.2
MKOANI,Abdalla mzee-Mkoani,2020,feb,8,24.4
MKOANI,Abdalla mzee-Mkoani,2020,mar,12,12.7
MKOANI,Abdalla mzee-Mkoani,2020,apr,17,210.7
MKOANI,Abdalla mzee-Mkoani,2020,may,21,14.6
MKOANI,Abdalla mzee-Mkoani,2020,jun,25,18.0
MKOANI,Abdalla mzee-Mkoani,2020,jul,30,37.400000000000006
MKOANI,Abdalla mzee-Mkoani,2020,aug,34,5.5
MKOANI,Abdalla mzee-Mkoani,2020,sep,39,0.0
MKOANI,Abdalla mzee-Mkoani,2020,oct,43,24.1
MKOANI,Abdalla mzee-Mkoani,2020,nov,47,20.5
MKOANI,Abdalla mzee-Mkoani,2020,dec,52,42.4
MKOANI,Abdalla mzee-Mkoani,2020,jan,5,25.8
MKOANI,Abdalla mzee-Mkoani,2020,feb,9,4.4
MKOANI,Abdalla mzee-Mkoani,2020,mar,13,138.8
MKOANI,Abdalla mzee-Mkoani,2020,apr,18,304.5
MKOANI,Abdalla mzee-Mkoani,2020,may,22,85.30000000000001
MKOANI,Abdalla mzee-Mkoani,2020,jun,26,7.3
MKOANI,Abdalla mzee-Mkoani,2020,jul,31,11.5
MKOANI,Abdalla mzee-Mkoani,2020,aug,35,6.4
MKOANI,Abdalla mzee-Mkoani,2020,sep,40,6.8
MKOANI,Abdalla mzee-Mkoani,2020,oct,44,5.4
MKOANI,Abdalla mzee-Mkoani,2020,nov,48,68.30000000000001
MKOANI,Abdalla mzee-Mkoani,2020,dec,53,24.6
MKOANI,Abdalla mzee-Mkoani,2019,jan,2,
MKOANI,Abdalla mzee-Mkoani,2019,feb,6,
MKOANI,Abdalla mzee-Mkoani,2019,mar,10,
MKOANI,Abdalla mzee-Mkoani,2019,apr,14,
MKOANI,Abdalla mzee-Mkoani,2019,may,19,
MKOANI,Abdalla mzee-Mkoani,2019,jun,23,
MKOANI,Abdalla mzee-Mkoani,2019,jul,27,
MKOANI,Abdalla mzee-Mkoani,2019,aug,32,
MKOANI,Abdalla mzee-Mkoani,2019,sep,36,
MKOANI,Abdalla mzee-Mkoani,2019,oct,41,
MKOANI,Abdalla mzee-Mkoani,2019,nov,45,
MKOANI,Abdalla mzee-Mkoani,2019,dec,49,
MKOANI,Abdalla mzee-Mkoani,2019,jan,3,
MKOANI,Abdalla mzee-Mkoani,2019,feb,7,
MKOANI,Abdalla mzee-Mkoani,2019,mar,11,
MKOANI,Abdalla mzee-Mkoani,2019,apr,15,
MKOANI,Abdalla mzee-Mkoani,2019,may,20,
MKOANI,Abdalla mzee-Mkoani,2019,jun,24,
MKOANI,Abdalla mzee-Mkoani,2019,jul,28,
MKOANI,Abdalla mzee-Mkoani,2019,aug,33,
MKOANI,Abdalla mzee-Mkoani,2019,sep,37,
MKOANI,Abdalla mzee-Mkoani,2019,oct,42,
MKOANI,Abdalla mzee-Mkoani,2019,nov,46,
MKOANI,Abdalla mzee-Mkoani,2019,dec,50,
MKOANI,Abdalla mzee-Mkoani,2019,jan,4,
MKOANI,Abdalla mzee-Mkoani,2019,feb,8,
MKOANI,Abdalla mzee-Mkoani,2019,mar,12,
MKOANI,Abdalla mzee-Mkoani,2019,apr,16,
MKOANI,Abdalla mzee-Mkoani,2019,may,21,
MKOANI,Abdalla mzee-Mkoani,2019,jun,25,
MKOANI,Abdalla mzee-Mkoani,2019,jul,29,
MKOANI,Abdalla mzee-Mkoani,2019,aug,34,
MKOANI,Abdalla mzee-Mkoani,2019,sep,38,
MKOANI,Abdalla mzee-Mkoani,2019,oct,43,
MKOANI,Abdalla mzee-Mkoani,2019,nov,47,
MKOANI,Abdalla mzee-Mkoani,2019,dec,51,
MKOANI,Abdalla mzee-Mkoani,2019,jan,5,
MKOANI,Abdalla mzee-Mkoani,2019,feb,9,
MKOANI,Abdalla mzee-Mkoani,2019,mar,13,
MKOANI,Abdalla mzee-Mkoani,2019,apr,17,
MKOANI,Abdalla mzee-Mkoani,2019,may,22,
MKOANI,Abdalla mzee-Mkoani,2019,jun,26,
MKOANI,Abdalla mzee-Mkoani,2019,jul,30,
MKOANI,Abdalla mzee-Mkoani,2019,aug,35,
MKOANI,Abdalla mzee-Mkoani,2019,sep,39,
MKOANI,Abdalla mzee-Mkoani,2019,oct,44,
MKOANI,Abdalla mzee-Mkoani,2019,nov,48,
MKOANI,Abdalla mzee-Mkoani,2019,dec,52,
MKOANI,Abdalla mzee-Mkoani,2018,jan,1,
MKOANI,Abdalla mzee-Mkoani,2018,feb,6,
MKOANI,Abdalla mzee-Mkoani,2018,mar,10,
MKOANI,Abdalla mzee-Mkoani,2018,apr,14,
MKOANI,Abdalla mzee-Mkoani,2018,may,19,
MKOANI,Abdalla mzee-Mkoani,2018,jun,23,
MKOANI,Abdalla mzee-Mkoani,2018,jul,27,
MKOANI,Abdalla mzee-Mkoani,2018,aug,32,
MKOANI,Abdalla mzee-Mkoani,2018,sep,36,
MKOANI,Abdalla mzee-Mkoani,2018,oct,40,
MKOANI,Abdalla mzee-Mkoani,2018,nov,45,
MKOANI,Abdalla mzee-Mkoani,2018,dec,49,
MKOANI,Abdalla mzee-Mkoani,2018,jan,2,
MKOANI,Abdalla mzee-Mkoani,2018,feb,7,
MKOANI,Abdalla mzee-Mkoani,2018,mar,11,
MKOANI,Abdalla mzee-Mkoani,2018,apr,15,
MKOANI,Abdalla mzee-Mkoani,2018,may,20,
MKOANI,Abdalla mzee-Mkoani,2018,jun,24,
MKOANI,Abdalla mzee-Mkoani,2018,jul,28,
MKOANI,Abdalla mzee-Mkoani,2018,aug,33,
MKOANI,Abdalla mzee-Mkoani,2018,sep,37,
MKOANI,Abdalla mzee-Mkoani,2018,oct,41,
MKOANI,Abdalla mzee-Mkoani,2018,nov,46,
MKOANI,Abdalla mzee-Mkoani,2018,dec,50,
MKOANI,Abdalla mzee-Mkoani,2018,jan,3,
MKOANI,Abdalla mzee-Mkoani,2018,feb,8,
MKOANI,Abdalla mzee-Mkoani,2018,mar,12,
MKOANI,Abdalla mzee-Mkoani,2018,apr,16,
MKOANI,Abdalla mzee-Mkoani,2018,may,21,
MKOANI,Abdalla mzee-Mkoani,2018,jun,25,
MKOANI,Abdalla mzee-Mkoani,2018,jul,29,
MKOANI,Abdalla mzee-Mkoani,2018,aug,34,
MKOANI,Abdalla mzee-Mkoani,2018,sep,38,
MKOANI,Abdalla mzee-Mkoani,2018,oct,42,
MKOANI,Abdalla mzee-Mkoani,2018,nov,47,
MKOANI,Abdalla mzee-Mkoani,2018,dec,51,
MKOANI,Abdalla mzee-Mkoani,2018,jan,4,
MKOANI,Abdalla mzee-Mkoani,2018,feb,9,
MKOANI,Abdalla mzee-Mkoani,2018,mar,13,
MKOANI,Abdalla mzee-Mkoani,2018,apr,17,
MKOANI,Abdalla mzee-Mkoani,2018,may,22,
MKOANI,Abdalla mzee-Mkoani,2018,jun,26,
MKOANI,Abdalla mzee-Mkoani,2018,jul,30,
MKOANI,Abdalla mzee-Mkoani,2018,aug,35,
MKOANI,Abdalla mzee-Mkoani,2018,sep,39,
MKOANI,Abdalla mzee-Mkoani,2018,oct,43,
MKOANI,Abdalla mzee-Mkoani,2018,nov,48,
MKOANI,Abdalla mzee-Mkoani,2018,dec,52,
CHAKE-CHAKE,Karume airport Pemba,2023,jan,1,5.2
CHAKE-CHAKE,Karume airport Pemba,2023,feb,6,7.2
CHAKE-CHAKE,Karume airport Pemba,2023,mar,10,0.0
CHAKE-CHAKE,Karume airport Pemba,2023,apr,14,37.99999999999999
CHAKE-CHAKE,Karume airport Pemba,2023,may,18,15.1
CHAKE-CHAKE,Karume airport Pemba,2023,jun,23,147.1
CHAKE-CHAKE,Karume airport Pemba,2023,jul,27,22.5
CHAKE-CHAKE,Karume airport Pemba,2023,aug,32,8.4
CHAKE-CHAKE,Karume airport Pemba,2023,sep,36,0.0
CHAKE-CHAKE,Karume airport Pemba,2023,oct,40,5.3
CHAKE-CHAKE,Karume airport Pemba,2023,nov,45,168.79999999999998
CHAKE-CHAKE,Karume airport Pemba,2023,dec,49,39.0
CHAKE-CHAKE,Karume airport Pemba,2023,jan,2,29.5
CHAKE-CHAKE,Karume airport Pemba,2023,feb,7,16.5
CHAKE-CHAKE,Karume airport Pemba,2023,mar,11,0.6
CHAKE-CHAKE,Karume airport Pemba,2023,apr,15,20.7
CHAKE-CHAKE,Karume airport Pemba,2023,may,19,29.5
CHAKE-CHAKE,Karume airport Pemba,2023,jun,24,66.8
CHAKE-CHAKE,Karume airport Pemba,2023,jul,28,7.0
CHAKE-CHAKE,Karume airport Pemba,2023,aug,33,8.399999999999999
CHAKE-CHAKE,Karume airport Pemba,2023,sep,37,0.6
CHAKE-CHAKE,Karume airport Pemba,2023,oct,41,0.0
CHAKE-CHAKE,Karume airport Pemba,2023,nov,46,94.3
CHAKE-CHAKE,Karume airport Pemba,2023,dec,50,16.7
CHAKE-CHAKE,Karume airport Pemba,2023,jan,3,4.7
CHAKE-CHAKE,Karume airport Pemba,2023,feb,8,0.0
CHAKE-CHAKE,Karume airport Pemba,2023,mar,12,3.8000000000000007
CHAKE-CHAKE,Karume airport Pemba,2023,apr,16,433.7
CHAKE-CHAKE,Karume airport Pemba,2023,may,20,9.4
CHAKE-CHAKE,Karume airport Pemba,2023,jun,25,0.0
CHAKE-CHAKE,Karume airport Pemba,2023,jul,29,1.5
CHAKE-CHAKE,Karume airport Pemba,2023,aug,34,9.1
CHAKE-CHAKE,Karume airport Pemba,2023,sep,38,0.0
CHAKE-CHAKE,Karume airport Pemba,2023,oct,42,63.0
CHAKE-CHAKE,Karume airport Pemba,2023,nov,47,92.7
CHAKE-CHAKE,Karume airport Pemba,2023,dec,51,37.900000000000006
CHAKE-CHAKE,Karume airport Pemba,2023,jan,4,4.4
CHAKE-CHAKE,Karume airport Pemba,2023,feb,9,0.0
CHAKE-CHAKE,Karume airport Pemba,2023,mar,13,22.5
CHAKE-CHAKE,Karume airport Pemba,2023,apr,17,237.7
CHAKE-CHAKE,Karume airport Pemba,2023,may,21,90.9
CHAKE-CHAKE,Karume airport Pemba,2023,jun,26,10.6
CHAKE-CHAKE,Karume airport Pemba,2023,jul,30,6.9
CHAKE-CHAKE,Karume airport Pemba,2023,aug,35,0.0
CHAKE-CHAKE,Karume airport Pemba,2023,sep,39,9.1
CHAKE-CHAKE,Karume airport Pemba,2023,oct,43,3.6
CHAKE-CHAKE,Karume airport Pemba,2023,nov,48,108.1
CHAKE-CHAKE,Karume airport Pemba,2023,dec,52,0.0
CHAKE-CHAKE,Karume airport Pemba,2022,jan,1,0.0
CHAKE-CHAKE,Karume airport Pemba,2022,feb,6,9.5
CHAKE-CHAKE,Karume airport Pemba,2022,mar,10,0.0
CHAKE-CHAKE,Karume airport Pemba,2022,apr,14,6.6
CHAKE-CHAKE,Karume airport Pemba,2022,may,18,88.2
CHAKE-CHAKE,Karume airport Pemba,2022,jun,23,77.2
CHAKE-CHAKE,Karume airport Pemba,2022,jul,27,28.4
CHAKE-CHAKE,Karume airport Pemba,2022,aug,31,2.0
CHAKE-CHAKE,Karume airport Pemba,2022,sep,36,0.6
CHAKE-CHAKE,Karume airport Pemba,2022,oct,40,0.0
CHAKE-CHAKE,Karume airport Pemba,2022,nov,45,0.0
CHAKE-CHAKE,Karume airport Pemba,2022,dec,49,0.0
CHAKE-CHAKE,Karume airport Pemba,2022,jan,2,0.9
CHAKE-CHAKE,Karume airport Pemba,2022,feb,7,0.0
CHAKE-CHAKE,Karume airport Pemba,2022,mar,11,0.0
CHAKE-CHAKE,Karume airport Pemba,2022,apr,15,25.3
CHAKE-CHAKE,Karume airport Pemba,2022,may,19,0.7
CHAKE-CHAKE,Karume airport Pemba,2022,jun,24,18.5
CHAKE-CHAKE,Karume airport Pemba,2022,jul,28,21.9
CHAKE-CHAKE,Karume airport Pemba,2022,aug,32,10.6
CHAKE-CHAKE,Karume airport Pemba,2022,sep,37,2.0
CHAKE-CHAKE,Karume airport Pemba,2022,oct,41,1.4
CHAKE-CHAKE,Karume airport Pemba,2022,nov,46,3.7
CHAKE-CHAKE,Karume airport Pemba,2022,dec,50,0.0
CHAKE-CHAKE,Karume airport Pemba,2022,jan,3,51.7
CHAKE-CHAKE,Karume airport Pemba,2022,feb,8,6.1
CHAKE-CHAKE,Karume airport Pemba,2022,mar,12,0.0
CHAKE-CHAKE,Karume airport Pemba,2022,apr,16,185.40000000000003
CHAKE-CHAKE,Karume airport Pemba,2022,may,20,6.1
CHAKE-CHAKE,Karume airport Pemba,2022,jun,25,1.6
CHAKE-CHAKE,Karume airport Pemba,2022,jul,29,22.7
CHAKE-CHAKE,Karume airport Pemba,2022,aug,33,1.4
CHAKE-CHAKE,Karume airport Pemba,2022,sep,38,3.4
CHAKE-CHAKE,Karume airport Pemba,2022,oct,42,0.0
CHAKE-CHAKE,Karume airport Pemba,2022,nov,47,21.8
CHAKE-CHAKE,Karume airport Pemba,2022,dec,51,0.0
CHAKE-CHAKE,Karume airport Pemba,2022,jan,4,0.0
CHAKE-CHAKE,Karume airport Pemba,2022,feb,9,20.4
CHAKE-CHAKE,Karume airport Pemba,2022,mar,13,21.200000000000003
CHAKE-CHAKE,Karume airport Pemba,2022,apr,17,110.6
CHAKE-CHAKE,Karume airport Pemba,2022,may,21,6.8
CHAKE-CHAKE,Karume airport Pemba,2022,jun,26,7.399999999999999
CHAKE-CHAKE,Karume airport Pemba,2022,jul,30,0.5
CHAKE-CHAKE,Karume airport Pemba,2022,aug,34,8.7
CHAKE-CHAKE,Karume airport Pemba,2022,sep,39,8.8
CHAKE-CHAKE,Karume airport Pemba,2022,oct,43,20.8
CHAKE-CHAKE,Karume airport Pemba,2022,nov,48,7.3
CHAKE-CHAKE,Karume airport Pemba,2022,dec,52,9.1
CHAKE-CHAKE,Karume airport Pemba,2021,jan,1,6.0
CHAKE-CHAKE,Karume airport Pemba,2021,feb,5,0.0
CHAKE-CHAKE,Karume airport Pemba,2021,mar,9,0.0
CHAKE-CHAKE,Karume airport Pemba,2021,apr,14,88.1
CHAKE-CHAKE,Karume airport Pemba,2021,may,18,177.10000000000002
CHAKE-CHAKE,Karume airport Pemba,2021,jun,23,19.1
CHAKE-CHAKE,Karume airport Pemba,2021,jul,27,1.7
CHAKE-CHAKE,Karume airport Pemba,2021,aug,31,5.8
CHAKE-CHAKE,Karume airport Pemba,2021,sep,36,1.0
CHAKE-CHAKE,Karume airport Pemba,2021,oct,40,0.0
CHAKE-CHAKE,Karume airport Pemba,2021,nov,44,0.9
CHAKE-CHAKE,Karume airport Pemba,2021,dec,49,31.700000000000003
CHAKE-CHAKE,Karume airport Pemba,2021,jan,2,75.7
CHAKE-CHAKE,Karume airport Pemba,2021,feb,6,18.2
CHAKE-CHAKE,Karume airport Pemba,2021,mar,10,0.0
CHAKE-CHAKE,Karume airport Pemba,2021,apr,15,85.20000000000002
CHAKE-CHAKE,Karume airport Pemba,2021,may,19,0.0
CHAKE-CHAKE,Karume airport Pemba,2021,jun,24,10.8
CHAKE-CHAKE,Karume airport Pemba,2021,jul,28,4.8
CHAKE-CHAKE,Karume airport Pemba,2021,aug,32,0.0
CHAKE-CHAKE,Karume airport Pemba,2021,sep,37,14.3
CHAKE-CHAKE,Karume airport Pemba,2021,oct,41,0.0
CHAKE-CHAKE,Karume airport Pemba,2021,nov,45,0.0
CHAKE-CHAKE,Karume airport Pemba,2021,dec,50,25.6
CHAKE-CHAKE,Karume airport Pemba,2021,jan,3,0.0
CHAKE-CHAKE,Karume airport Pemba,2021,feb,7,0.0
CHAKE-CHAKE,Karume airport Pemba,2021,mar,11,15.3
CHAKE-CHAKE,Karume airport Pemba,2021,apr,16,149.49999999999997
CHAKE-CHAKE,Karume airport Pemba,2021,may,20,1.6
CHAKE-CHAKE,Karume airport Pemba,2021,jun,25,1.5
CHAKE-CHAKE,Karume airport Pemba,2021,jul,29,7.5
CHAKE-CHAKE,Karume airport Pemba,2021,aug,33,15.7
CHAKE-CHAKE,Karume airport Pemba,2021,sep,38,5.6
CHAKE-CHAKE,Karume airport Pemba,2021,oct,42,18.7
CHAKE-CHAKE,Karume airport Pemba,2021,nov,46,0.0
CHAKE-CHAKE,Karume airport Pemba,2021,dec,51,26.7
CHAKE-CHAKE,Karume airport Pemba,2021,jan,4,15.8
CHAKE-CHAKE,Karume airport Pemba,2021,feb,8,12.5
CHAKE-CHAKE,Karume airport Pemba,2021,mar,12,61.6
CHAKE-CHAKE,Karume airport Pemba,2021,apr,17,56.7
CHAKE-CHAKE,Karume airport Pemba,2021,may,21,5.8
CHAKE-CHAKE,Karume airport Pemba,2021,jun,26,31.6
CHAKE-CHAKE,Karume airport Pemba,2021,jul,30,2.2
CHAKE-CHAKE,Karume airport Pemba,2021,aug,34,2.4000000000000004
CHAKE-CHAKE,Karume airport Pemba,2021,sep,39,2.7
CHAKE-CHAKE,Karume airport Pemba,2021,oct,43,2.0
CHAKE-CHAKE,Karume airport Pemba,2021,nov,47,0.4
CHAKE-CHAKE,Karume airport Pemba,2021,dec,52,17.0
CHAKE-CHAKE,Karume airport Pemba,2020,jan,2,6.0
CHAKE-CHAKE,Karume airport Pemba,2020,feb,6,0.0
CHAKE-CHAKE,Karume airport Pemba,2020,mar,10,0.0
CHAKE-CHAKE,Karume airport Pemba,2020,apr,15,88.1
CHAKE-CHAKE,Karume airport Pemba,2020,may,19,177.10000000000002
CHAKE-CHAKE,Karume airport Pemba,2020,jun,23,19.1
CHAKE-CHAKE,Karume airport Pemba,2020,jul,28,1.7
CHAKE-CHAKE,Karume airport Pemba,2020,aug,32,5.8
CHAKE-CHAKE,Karume airport Pemba,2020,sep,37,1.0
CHAKE-CHAKE,Karume airport Pemba,2020,oct,41,0.0
CHAKE-CHAKE,Karume airport Pemba,2020,nov,45,0.9
CHAKE-CHAKE,Karume airport Pemba,2020,dec,50,31.700000000000003
CHAKE-CHAKE,Karume airport Pemba,2020,jan,3,75.7
CHAKE-CHAKE,Karume airport Pemba,2020,feb,7,18.2
CHAKE-CHAKE,Karume airport Pemba,2020,mar,11,0.0
CHAKE-CHAKE,Karume airport Pemba,2020,apr,16,85.20000000000002
CHAKE-CHAKE,Karume airport Pemba,2020,may,20,0.0
CHAKE-CHAKE,Karume airport Pemba,2020,jun,24,10.8
CHAKE-CHAKE,Karume airport Pemba,2020,jul,29,4.8
CHAKE-CHAKE,Karume airport Pemba,2020,aug,33,0.0
CHAKE-CHAKE,Karume airport Pemba,2020,sep,38,14.3
CHAKE-CHAKE,Karume airport Pemba,2020,oct,42,0.0
CHAKE-CHAKE,Karume airport Pemba,2020,nov,46,0.0
CHAKE-CHAKE,Karume airport Pemba,2020,dec,51,25.6
CHAKE-CHAKE,Karume airport Pemba,2020,jan,4,0.0
CHAKE-CHAKE,Karume airport Pemba,2020,feb,8,0.0
CHAKE-CHAKE,Karume airport Pemba,2020,mar,12,15.3
CHAKE-CHAKE,Karume airport Pemba,2020,apr,17,149.49999999999997
CHAKE-CHAKE,Karume airport Pemba,2020,may,21,1.6
CHAKE-CHAKE,Karume airport Pemba,2020,jun,25,1.5
CHAKE-CHAKE,Karume airport Pemba,2020,jul,30,7.5
CHAKE-CHAKE,Karume airport Pemba,2020,aug,34,15.7
CHAKE-CHAKE,Karume airport Pemba,2020,sep,39,5.6
CHAKE-CHAKE,Karume airport Pemba,2020,oct,43,18.7
CHAKE-CHAKE,Karume airport Pemba,2020,nov,47,0.0
CHAKE-CHAKE,Karume airport Pemba,2020,dec,52,26.7
CHAKE-CHAKE,Karume airport Pemba,2020,jan,5,15.8
CHAKE-CHAKE,Karume airport Pemba,2020,feb,9,12.5
CHAKE-CHAKE,Karume airport Pemba,2020,mar,13,61.6
CHAKE-CHAKE,Karume airport Pemba,2020,apr,18,56.7
CHAKE-CHAKE,Karume airport Pemba,2020,may,22,5.8
CHAKE-CHAKE,Karume airport Pemba,2020,jun,26,31.6
CHAKE-CHAKE,Karume airport Pemba,2020,jul,31,2.2
CHAKE-CHAKE,Karume airport Pemba,2020,aug,35,2.4000000000000004
CHAKE-CHAKE,Karume airport Pemba,2020,sep,40,2.7
CHAKE-CHAKE,Karume airport Pemba,2020,oct,44,2.0
CHAKE-CHAKE,Karume airport Pemba,2020,nov,48,0.4
CHAKE-CHAKE,Karume airport Pemba,2020,dec,53,17.0
CHAKE-CHAKE,Karume airport Pemba,2019,jan,2,9.0
CHAKE-CHAKE,Karume airport Pemba,2019,feb,6,1.0
CHAKE-CHAKE,Karume airport Pemba,2019,mar,10,0.0
CHAKE-CHAKE,Karume airport Pemba,2019,apr,14,45.5
CHAKE-CHAKE,Karume airport Pemba,2019,may,19,385.8
CHAKE-CHAKE,Karume airport Pemba,2019,jun,23,13.5
CHAKE-CHAKE,Karume airport Pemba,2019,jul,27,0.0
CHAKE-CHAKE,Karume airport Pemba,2019,aug,32,14.0
CHAKE-CHAKE,Karume airport Pemba,2019,sep,36,0.0
CHAKE-CHAKE,Karume airport Pemba,2019,oct,41,29.1
CHAKE-CHAKE,Karume airport Pemba,2019,nov,45,28.0
CHAKE-CHAKE,Karume airport Pemba,2019,dec,49,7.699999999999999
CHAKE-CHAKE,Karume airport Pemba,2019,jan,3,0.0
CHAKE-CHAKE,Karume airport Pemba,2019,feb,7,0.5
CHAKE-CHAKE,Karume airport Pemba,2019,mar,11,0.0
CHAKE-CHAKE,Karume airport Pemba,2019,apr,15,2.3
CHAKE-CHAKE,Karume airport Pemba,2019,may,20,339.0
CHAKE-CHAKE,Karume airport Pemba,2019,jun,24,5.5
CHAKE-CHAKE,Karume airport Pemba,2019,jul,28,3.7
CHAKE-CHAKE,Karume airport Pemba,2019,aug,33,0.4
CHAKE-CHAKE,Karume airport Pemba,2019,sep,37,16.700000000000003
CHAKE-CHAKE,Karume airport Pemba,2019,oct,42,188.7
CHAKE-CHAKE,Karume airport Pemba,2019,nov,46,10.7
CHAKE-CHAKE,Karume airport Pemba,2019,dec,50,5.199999999999999
CHAKE-CHAKE,Karume airport Pemba,2019,jan,4,1.0
CHAKE-CHAKE,Karume airport Pemba,2019,feb,8,6.8
CHAKE-CHAKE,Karume airport Pemba,2019,mar,12,0.0
CHAKE-CHAKE,Karume airport Pemba,2019,apr,16,17.6
CHAKE-CHAKE,Karume airport Pemba,2019,may,21,57.7
CHAKE-CHAKE,Karume airport Pemba,2019,jun,25,14.4
CHAKE-CHAKE,Karume airport Pemba,2019,jul,29,12.7
CHAKE-CHAKE,Karume airport Pemba,2019,aug,34,5.4
CHAKE-CHAKE,Karume airport Pemba,2019,sep,38,0.0
CHAKE-CHAKE,Karume airport Pemba,2019,oct,43,137.1
CHAKE-CHAKE,Karume airport Pemba,2019,nov,47,50.3
CHAKE-CHAKE,Karume airport Pemba,2019,dec,51,215.6
CHAKE-CHAKE,Karume airport Pemba,2019,jan,5,0.0
CHAKE-CHAKE,Karume airport Pemba,2019,feb,9,33.0
CHAKE-CHAKE,Karume airport Pemba,2019,mar,13,5.1
CHAKE-CHAKE,Karume airport Pemba,2019,apr,17,68.5
CHAKE-CHAKE,Karume airport Pemba,2019,may,22,263.2
CHAKE-CHAKE,Karume airport Pemba,2019,jun,26,0.0
CHAKE-CHAKE,Karume airport Pemba,2019,jul,30,0.1
CHAKE-CHAKE,Karume airport Pemba,2019,aug,35,7.1
CHAKE-CHAKE,Karume airport Pemba,2019,sep,39,6.9
CHAKE-CHAKE,Karume airport Pemba,2019,oct,44,126.3
CHAKE-CHAKE,Karume airport Pemba,2019,nov,48,61.0
CHAKE-CHAKE,Karume airport Pemba,2019,dec,52,44.00000000000001
CHAKE-CHAKE,Karume airport Pemba,2018,jan,1,14.1
CHAKE-CHAKE,Karume airport Pemba,2018,feb,6,0.0
CHAKE-CHAKE,Karume airport Pemba,2018,mar,10,130.8
CHAKE-CHAKE,Karume airport Pemba,2018,apr,14,66.1
CHAKE-CHAKE,Karume airport Pemba,2018,may,19,321.6
CHAKE-CHAKE,Karume airport Pemba,2018,jun,23,50.2
CHAKE-CHAKE,Karume airport Pemba,2018,jul,27,14.8
CHAKE-CHAKE,Karume airport Pemba,2018,aug,32,0.0
CHAKE-CHAKE,Karume airport Pemba,2018,sep,36,7.0
CHAKE-CHAKE,Karume airport Pemba,2018,oct,40,0.0
CHAKE-CHAKE,Karume airport Pemba,2018,nov,45,0.0
CHAKE-CHAKE,Karume airport Pemba,2018,dec,49,0.0
CHAKE-CHAKE,Karume airport Pemba,2018,jan,2,1.1
CHAKE-CHAKE,Karume airport Pemba,2018,feb,7,0.0
CHAKE-CHAKE,Karume airport Pemba,2018,mar,11,61.2
CHAKE-CHAKE,Karume airport Pemba,2018,apr,15,152.5
CHAKE-CHAKE,Karume airport Pemba,2018,may,20,210.5
CHAKE-CHAKE,Karume airport Pemba,2018,jun,24,19.1
CHAKE-CHAKE,Karume airport Pemba,2018,jul,28,4.9
CHAKE-CHAKE,Karume airport Pemba,2018,aug,33,0.0
CHAKE-CHAKE,Karume airport Pemba,2018,sep,37,4.2
CHAKE-CHAKE,Karume airport Pemba,2018,oct,41,1.6
CHAKE-CHAKE,Karume airport Pemba,2018,nov,46,13.5
CHAKE-CHAKE,Karume airport Pemba,2018,dec,50,34.400000000000006
CHAKE-CHAKE,Karume airport Pemba,2018,jan,3,0.0
CHAKE-CHAKE,Karume airport Pemba,2018,feb,8,0.0
CHAKE-CHAKE,Karume airport Pemba,2018,mar,12,50.0
CHAKE-CHAKE,Karume airport Pemba,2018,apr,16,131.7
CHAKE-CHAKE,Karume airport Pemba,2018,may,21,65.39999999999999
CHAKE-CHAKE,Karume airport Pemba,2018,jun,25,0.2
CHAKE-CHAKE,Karume airport Pemba,2018,jul,29,10.4
CHAKE-CHAKE,Karume airport Pemba,2018,aug,34,0.0
CHAKE-CHAKE,Karume airport Pemba,2018,sep,38,5.0
CHAKE-CHAKE,Karume airport Pemba,2018,oct,42,5.1000000000000005
CHAKE-CHAKE,Karume airport Pemba,2018,nov,47,16.8
CHAKE-CHAKE,Karume airport Pemba,2018,dec,51,13.7
CHAKE-CHAKE,Karume airport Pemba,2018,jan,4,0.0
CHAKE-CHAKE,Karume airport Pemba,2018,feb,9,0.0
CHAKE-CHAKE,Karume airport Pemba,2018,mar,13,64.7
CHAKE-CHAKE,Karume airport Pemba,2018,apr,17,44.4
CHAKE-CHAKE,Karume airport Pemba,2018,may,22,83.89999999999999
CHAKE-CHAKE,Karume airport Pemba,2018,jun,26,16.999999999999996
CHAKE-CHAKE,Karume airport Pemba,2018,jul,30,11.400000000000002
CHAKE-CHAKE,Karume airport Pemba,2018,aug,35,0.0
CHAKE-CHAKE,Karume airport Pemba,2018,sep,39,38.5
CHAKE-CHAKE,Karume airport Pemba,2018,oct,43,61.3
CHAKE-CHAKE,Karume airport Pemba,2018,nov,48,3.3000000000000003
CHAKE-CHAKE,Karume airport Pemba,2018,dec,52,0.6
