District,Station,Year,Month,Week,Min Temperature,Max Temperature
CHAKE-CHAKE,Pemba,2018,jan,1,24.3428571428571,29.8166666666667
CHAKE-CHAKE,Pemba,2018,jan,2,23.8,29.6428571428571
CHAKE-CHAKE,Pemba,2018,jan,3,23.3571428571429,30.2285714285714
CHAKE-CHAKE,Pemba,2018,jan,4,22.8285714285714,30.4428571428571
CHAKE-CHAKE,Pemba,2018,feb,6,23.8571428571429,31.4142857142857
CHAKE-CHAKE,Pemba,2018,feb,7,24.5714285714286,31.5428571428571
CHAKE-CHAKE,Pemba,2018,feb,8,24.4,32.1
CHAKE-CHAKE,Pemba,2018,feb,9,23.7428571428571,32.4714285714286
CHAKE-CHAKE,Pemba,2018,mar,10,23.7714285714286,31.5333333333333
CHAKE-CHAKE,Pemba,2018,mar,11,23.8428571428571,30.3
CHAKE-CHAKE,Pemba,2018,mar,12,24.4428571428571,31.9714285714286
CHAKE-CHAKE,Pemba,2018,mar,13,24.0285714285714,31.4
CHAKE-CHAKE,Pemba,2018,apr,14,24.5857142857143,31.8714285714286
CHAKE-CHAKE,Pemba,2018,apr,15,24.1857142857143,30.9142857142857
CHAKE-CHAKE,Pemba,2018,apr,16,23.7142857142857,28.5714285714286
CHAKE-CHAKE,Pemba,2018,apr,17,24.7714285714286,29.8
CHAKE-CHAKE,Pemba,2018,may,19,22.8714285714286,28.3285714285714
CHAKE-CHAKE,Pemba,2018,may,20,23.4285714285714,29.4571428571429
CHAKE-CHAKE,Pemba,2018,may,21,24.1142857142857,29.6428571428571
CHAKE-CHAKE,Pemba,2018,may,22,23.9571428571429,29.7285714285714
CHAKE-CHAKE,Pemba,2018,jun,23,23.9714285714286,28.9571428571429
CHAKE-CHAKE,Pemba,2018,jun,24,22.8714285714286,29.2714285714286
CHAKE-CHAKE,Pemba,2018,jun,25,23.1857142857143,29.4714285714286
CHAKE-CHAKE,Pemba,2018,jun,26,23.5714285714286,28.6285714285714
CHAKE-CHAKE,Pemba,2018,jul,27,22.7714285714286,28.4285714285714
CHAKE-CHAKE,Pemba,2018,jul,28,23.0857142857143,28.7428571428571
CHAKE-CHAKE,Pemba,2018,jul,29,22.9285714285714,28.3
CHAKE-CHAKE,Pemba,2018,jul,30,23.2142857142857,27.5285714285714
CHAKE-CHAKE,Pemba,2018,aug,32,22.9857142857143,27.6142857142857
CHAKE-CHAKE,Pemba,2018,aug,33,23.5714285714286,28.6428571428571
CHAKE-CHAKE,Pemba,2018,aug,34,24.0142857142857,29.1571428571429
CHAKE-CHAKE,Pemba,2018,aug,35,24.6714285714286,28.6571428571429
CHAKE-CHAKE,Pemba,2018,sep,36,23.3142857142857,29.2
CHAKE-CHAKE,Pemba,2018,sep,37,23.6571428571429,29.6428571428571
CHAKE-CHAKE,Pemba,2018,sep,38,22.2,29.7285714285714
CHAKE-CHAKE,Pemba,2018,sep,39,23.2,29.3714285714286
CHAKE-CHAKE,Pemba,2018,oct,40,23.2,28.8
CHAKE-CHAKE,Pemba,2018,oct,41,23.5428571428571,29.3
CHAKE-CHAKE,Pemba,2018,oct,42,23.2285714285714,30.3857142857143
CHAKE-CHAKE,Pemba,2018,oct,43,23.7571428571429,29.6714285714286
CHAKE-CHAKE,Pemba,2018,nov,45,22.9857142857143,30.8285714285714
CHAKE-CHAKE,Pemba,2018,nov,46,23.5714285714286,30.4714285714286
CHAKE-CHAKE,Pemba,2018,nov,47,24.0142857142857,30.7142857142857
CHAKE-CHAKE,Pemba,2018,nov,48,24.6714285714286,31.4857142857143
CHAKE-CHAKE,Pemba,2018,dec,49,24.3166666666667,30.7857142857143
CHAKE-CHAKE,Pemba,2018,dec,50,24.35,30.0714285714286
CHAKE-CHAKE,Pemba,2018,dec,51,24.7714285714286,30.5714285714286
CHAKE-CHAKE,Pemba,2018,dec,52,24.8428571428571,30.7714285714286
CHAKE-CHAKE,Pemba,2019,jan,2,25.5571428571429,32.3285714285714
CHAKE-CHAKE,Pemba,2019,jan,3,25.7,32.3571428571429
CHAKE-CHAKE,Pemba,2019,jan,4,24.4857142857143,32.3
CHAKE-CHAKE,Pemba,2019,jan,5,25.725,31.825
CHAKE-CHAKE,Pemba,2019,feb,6,24.7857142857143,30.7142857142857
CHAKE-CHAKE,Pemba,2019,feb,7,24.6857142857143,31.2428571428571
CHAKE-CHAKE,Pemba,2019,feb,8,25.2571428571429,31.6571428571429
CHAKE-CHAKE,Pemba,2019,feb,9,25.6,32.3625
CHAKE-CHAKE,Pemba,2019,mar,10,25.0142857142857,33.1142857142857
CHAKE-CHAKE,Pemba,2019,mar,11,25.1142857142857,32.5714285714286
CHAKE-CHAKE,Pemba,2019,mar,12,24.1714285714286,32.7
CHAKE-CHAKE,Pemba,2019,mar,13,24.5125,32.9125
CHAKE-CHAKE,Pemba,2019,apr,14,24.9428571428571,31.8142857142857
CHAKE-CHAKE,Pemba,2019,apr,15,25.0142857142857,31.0714285714286
CHAKE-CHAKE,Pemba,2019,apr,16,25.6428571428571,32.3571428571429
CHAKE-CHAKE,Pemba,2019,apr,17,25.2125,32.125
CHAKE-CHAKE,Pemba,2019,may,19,24.8285714285714,29.4142857142857
CHAKE-CHAKE,Pemba,2019,may,20,25.0428571428571,28.1428571428571
CHAKE-CHAKE,Pemba,2019,may,21,24.4428571428571,29.2285714285714
CHAKE-CHAKE,Pemba,2019,may,22,24.55,28.75
CHAKE-CHAKE,Pemba,2019,jun,23,24.1571428571429,29.4142857142857
CHAKE-CHAKE,Pemba,2019,jun,24,23.7714285714286,29.1428571428571
CHAKE-CHAKE,Pemba,2019,jun,25,24.3,28.8714285714286
CHAKE-CHAKE,Pemba,2019,jun,26,24.175,29.1875
CHAKE-CHAKE,Pemba,2019,jul,27,24.1857142857143,29.3571428571429
CHAKE-CHAKE,Pemba,2019,jul,28,24.6428571428571,29.0857142857143
CHAKE-CHAKE,Pemba,2019,jul,29,23.5,28.3857142857143
CHAKE-CHAKE,Pemba,2019,jul,30,24.4,28.2375
CHAKE-CHAKE,Pemba,2019,aug,32,23.7571428571429,28.9571428571429
CHAKE-CHAKE,Pemba,2019,aug,33,24.0428571428571,28.9285714285714
CHAKE-CHAKE,Pemba,2019,aug,34,24.3,28.8571428571429
CHAKE-CHAKE,Pemba,2019,aug,35,23.8375,29.0375
CHAKE-CHAKE,Pemba,2019,sep,36,23.1857142857143,29.4428571428571
CHAKE-CHAKE,Pemba,2019,sep,37,23.9285714285714,28.9714285714286
CHAKE-CHAKE,Pemba,2019,sep,38,23.5428571428571,29.6571428571429
CHAKE-CHAKE,Pemba,2019,sep,39,24.2375,29.875
CHAKE-CHAKE,Pemba,2019,oct,41,23.8,29.5285714285714
CHAKE-CHAKE,Pemba,2019,oct,42,24.0857142857143,28.8285714285714
CHAKE-CHAKE,Pemba,2019,oct,43,23.6428571428571,29.3
CHAKE-CHAKE,Pemba,2019,oct,44,24.6375,30.0
CHAKE-CHAKE,Pemba,2019,nov,45,24.6857142857143,30.4285714285714
CHAKE-CHAKE,Pemba,2019,nov,46,24.6285714285714,30.5571428571429
CHAKE-CHAKE,Pemba,2019,nov,47,25.6714285714286,31.1857142857143
CHAKE-CHAKE,Pemba,2019,nov,48,24.6875,30.8625
CHAKE-CHAKE,Pemba,2019,dec,49,25.1428571428571,32.1
CHAKE-CHAKE,Pemba,2019,dec,50,24.8285714285714,31.9857142857143
CHAKE-CHAKE,Pemba,2019,dec,51,24.2857142857143,32.2
CHAKE-CHAKE,Pemba,2019,dec,52,25.375,32.0375
CHAKE-CHAKE,Pemba,2020,jan,2,25.8142857142857,32.0714285714286
CHAKE-CHAKE,Pemba,2020,jan,3,25.6,31.7714285714286
CHAKE-CHAKE,Pemba,2020,jan,4,26.0142857142857,30.6714285714286
CHAKE-CHAKE,Pemba,2020,jan,5,25.8428571428571,30.725
CHAKE-CHAKE,Pemba,2020,feb,6,24.7857142857143,30.7142857142857
CHAKE-CHAKE,Pemba,2020,feb,7,24.8625,31.2428571428571
CHAKE-CHAKE,Pemba,2020,feb,8,25.1428571428571,31.6571428571429
CHAKE-CHAKE,Pemba,2020,feb,9,25.6428571428571,32.3625
CHAKE-CHAKE,Pemba,2020,mar,10,25.5857142857143,31.8714285714286
CHAKE-CHAKE,Pemba,2020,mar,11,25.7625,31.7428571428571
CHAKE-CHAKE,Pemba,2020,mar,12,25.4285714285714,31.6714285714286
CHAKE-CHAKE,Pemba,2020,mar,13,25.0142857142857,31.425
CHAKE-CHAKE,Pemba,2020,apr,15,25.5,31.5
CHAKE-CHAKE,Pemba,2020,apr,16,24.9,29.6571428571429
CHAKE-CHAKE,Pemba,2020,apr,17,23.9857142857143,29.0
CHAKE-CHAKE,Pemba,2020,apr,18,24.5142857142857,29.25
CHAKE-CHAKE,Pemba,2020,may,19,24.4,28.9714285714286
CHAKE-CHAKE,Pemba,2020,may,20,24.3625,29.2857142857143
CHAKE-CHAKE,Pemba,2020,may,21,24.2142857142857,29.2714285714286
CHAKE-CHAKE,Pemba,2020,may,22,24.5428571428571,29.7125
CHAKE-CHAKE,Pemba,2020,jun,23,25.1285714285714,29.0857142857143
CHAKE-CHAKE,Pemba,2020,jun,24,24.5625,28.9714285714286
CHAKE-CHAKE,Pemba,2020,jun,25,24.8,27.9142857142857
CHAKE-CHAKE,Pemba,2020,jun,26,23.7,28.2375
CHAKE-CHAKE,Pemba,2020,jul,28,24.1428571428571,27.7571428571429
CHAKE-CHAKE,Pemba,2020,jul,29,23.4625,28.2571428571429
CHAKE-CHAKE,Pemba,2020,jul,30,23.3857142857143,27.5
CHAKE-CHAKE,Pemba,2020,jul,31,24.3142857142857,27.65
CHAKE-CHAKE,Pemba,2020,aug,32,23.2142857142857,27.9714285714286
CHAKE-CHAKE,Pemba,2020,aug,33,22.3625,27.6428571428571
CHAKE-CHAKE,Pemba,2020,aug,34,23.7,28.2
CHAKE-CHAKE,Pemba,2020,aug,35,23.2428571428571,28.2875
CHAKE-CHAKE,Pemba,2020,sep,37,23.0,28.0714285714286
CHAKE-CHAKE,Pemba,2020,sep,38,22.5625,28.8
CHAKE-CHAKE,Pemba,2020,sep,39,22.8,28.5285714285714
CHAKE-CHAKE,Pemba,2020,sep,40,22.9142857142857,28.7625
CHAKE-CHAKE,Pemba,2020,oct,41,22.6142857142857,29.6
CHAKE-CHAKE,Pemba,2020,oct,42,23.8,30.4428571428571
CHAKE-CHAKE,Pemba,2020,oct,43,23.2428571428571,30.0428571428571
CHAKE-CHAKE,Pemba,2020,oct,44,24.7714285714286,30.5
CHAKE-CHAKE,Pemba,2020,nov,45,25.0142857142857,30.0428571428571
CHAKE-CHAKE,Pemba,2020,nov,46,24.1125,29.7571428571429
CHAKE-CHAKE,Pemba,2020,nov,47,25.3285714285714,30.3142857142857
CHAKE-CHAKE,Pemba,2020,nov,48,24.4857142857143,31.025
CHAKE-CHAKE,Pemba,2020,dec,50,24.4857142857143,31.2285714285714
CHAKE-CHAKE,Pemba,2020,dec,51,24.8375,31.4857142857143
CHAKE-CHAKE,Pemba,2020,dec,52,25.1571428571429,31.1142857142857
CHAKE-CHAKE,Pemba,2021,jan,1,24.4714285714286,30.6857142857143
CHAKE-CHAKE,Pemba,2021,jan,2,24.5428571428571,29.625
CHAKE-CHAKE,Pemba,2021,jan,3,23.7571428571429,30.6857142857143
CHAKE-CHAKE,Pemba,2021,jan,4,24.4571428571429,30.4333333333333
CHAKE-CHAKE,Pemba,2021,feb,5,23.5,31.0142857142857
CHAKE-CHAKE,Pemba,2021,feb,6,25.3714285714286,30.4125
CHAKE-CHAKE,Pemba,2021,feb,7,24.6142857142857,30.9142857142857
CHAKE-CHAKE,Pemba,2021,feb,8,24.4142857142857,31.5833333333333
CHAKE-CHAKE,Pemba,2021,mar,9,24.3571428571429,31.8571428571429
CHAKE-CHAKE,Pemba,2021,mar,10,24.1285714285714,31.4625
CHAKE-CHAKE,Pemba,2021,mar,11,23.9714285714286,31.9571428571429
CHAKE-CHAKE,Pemba,2021,mar,12,23.9714285714286,30.9666666666667
CHAKE-CHAKE,Pemba,2021,apr,14,25.2571428571429,30.7571428571429
CHAKE-CHAKE,Pemba,2021,apr,15,24.6714285714286,29.75
CHAKE-CHAKE,Pemba,2021,apr,16,24.4571428571429,28.2
CHAKE-CHAKE,Pemba,2021,apr,17,24.9,30.4666666666667
CHAKE-CHAKE,Pemba,2021,may,18,23.8714285714286,28.3285714285714
CHAKE-CHAKE,Pemba,2021,may,19,25.0571428571429,29.625
CHAKE-CHAKE,Pemba,2021,may,20,24.7857142857143,29.7
CHAKE-CHAKE,Pemba,2021,may,21,25.2285714285714,29.2166666666667
CHAKE-CHAKE,Pemba,2021,jun,23,23.9714285714286,29.0714285714286
CHAKE-CHAKE,Pemba,2021,jun,24,24.4,28.25
CHAKE-CHAKE,Pemba,2021,jun,25,23.4285714285714,28.2857142857143
CHAKE-CHAKE,Pemba,2021,jun,26,23.0142857142857,27.7
CHAKE-CHAKE,Pemba,2021,jul,27,23.5,27.9571428571429
CHAKE-CHAKE,Pemba,2021,jul,28,24.1,27.925
CHAKE-CHAKE,Pemba,2021,jul,29,24.2285714285714,27.8285714285714
CHAKE-CHAKE,Pemba,2021,jul,30,23.5714285714286,27.3
CHAKE-CHAKE,Pemba,2021,aug,31,22.4428571428571,27.4142857142857
CHAKE-CHAKE,Pemba,2021,aug,32,22.2,27.9875
CHAKE-CHAKE,Pemba,2021,aug,33,22.9142857142857,27.9142857142857
CHAKE-CHAKE,Pemba,2021,aug,34,22.2714285714286,27.85
CHAKE-CHAKE,Pemba,2021,sep,36,24.1428571428571,27.4142857142857
CHAKE-CHAKE,Pemba,2021,sep,37,23.6857142857143,27.9875
CHAKE-CHAKE,Pemba,2021,sep,38,23.4,27.9142857142857
CHAKE-CHAKE,Pemba,2021,sep,39,23.1142857142857,27.85
CHAKE-CHAKE,Pemba,2021,oct,40,23.1714285714286,29.1142857142857
CHAKE-CHAKE,Pemba,2021,oct,41,23.9428571428571,29.5125
CHAKE-CHAKE,Pemba,2021,oct,42,24.5285714285714,29.4
CHAKE-CHAKE,Pemba,2021,oct,43,22.5142857142857,30.1833333333333
CHAKE-CHAKE,Pemba,2021,nov,44,24.4285714285714,30.6714285714286
CHAKE-CHAKE,Pemba,2021,nov,45,23.5857142857143,31.075
CHAKE-CHAKE,Pemba,2021,nov,46,23.8428571428571,31.1714285714286
CHAKE-CHAKE,Pemba,2021,nov,47,25.0857142857143,31.5666666666667
CHAKE-CHAKE,Pemba,2021,dec,49,24.5571428571429,30.8857142857143
CHAKE-CHAKE,Pemba,2021,dec,50,24.4714285714286,31.0
CHAKE-CHAKE,Pemba,2021,dec,51,24.6857142857143,31.1428571428571
CHAKE-CHAKE,Pemba,2021,dec,52,24.7571428571429,31.6
CHAKE-CHAKE,Pemba,2022,jan,1,25.4428571428571,32.3428571428571
CHAKE-CHAKE,Pemba,2022,jan,2,26.0428571428571,31.9285714285714
CHAKE-CHAKE,Pemba,2022,jan,3,24.0571428571429,31.2857142857143
CHAKE-CHAKE,Pemba,2022,jan,4,25.0714285714286,30.3142857142857
CHAKE-CHAKE,Pemba,2022,feb,6,24.0714285714286,31.2142857142857
CHAKE-CHAKE,Pemba,2022,feb,7,24.5571428571429,31.1428571428571
CHAKE-CHAKE,Pemba,2022,feb,8,24.1428571428571,31.8
CHAKE-CHAKE,Pemba,2022,feb,9,25.3,31.1714285714286
CHAKE-CHAKE,Pemba,2022,mar,10,24.2714285714286,31.3285714285714
CHAKE-CHAKE,Pemba,2022,mar,11,24.4571428571429,32.0
CHAKE-CHAKE,Pemba,2022,mar,12,24.3,31.7142857142857
CHAKE-CHAKE,Pemba,2022,mar,13,25.6428571428571,32.0428571428571
CHAKE-CHAKE,Pemba,2022,apr,14,25.2,31.8714285714286
CHAKE-CHAKE,Pemba,2022,apr,15,25.5142857142857,30.9142857142857
CHAKE-CHAKE,Pemba,2022,apr,16,24.5428571428571,29.5714285714286
CHAKE-CHAKE,Pemba,2022,apr,17,24.8857142857143,30.6571428571429
CHAKE-CHAKE,Pemba,2022,may,18,24.3428571428571,29.2285714285714
CHAKE-CHAKE,Pemba,2022,may,19,25.9714285714286,29.9714285714286
CHAKE-CHAKE,Pemba,2022,may,20,25.8,29.9571428571429
CHAKE-CHAKE,Pemba,2022,may,21,26.3142857142857,30.2
CHAKE-CHAKE,Pemba,2022,jun,23,23.7,27.7428571428571
CHAKE-CHAKE,Pemba,2022,jun,24,24.3857142857143,28.8428571428571
CHAKE-CHAKE,Pemba,2022,jun,25,24.8142857142857,28.7857142857143
CHAKE-CHAKE,Pemba,2022,jun,26,24.5428571428571,28.1714285714286
CHAKE-CHAKE,Pemba,2022,jul,27,22.9571428571429,27.0285714285714
CHAKE-CHAKE,Pemba,2022,jul,28,22.5142857142857,27.1571428571429
CHAKE-CHAKE,Pemba,2022,jul,29,22.9714285714286,27.4285714285714
CHAKE-CHAKE,Pemba,2022,jul,30,23.2142857142857,27.2285714285714
CHAKE-CHAKE,Pemba,2022,aug,31,21.3714285714286,27.2285714285714
CHAKE-CHAKE,Pemba,2022,aug,32,22.6142857142857,27.3714285714286
CHAKE-CHAKE,Pemba,2022,aug,33,21.7571428571429,27.6428571428571
CHAKE-CHAKE,Pemba,2022,aug,34,22.4857142857143,27.4714285714286
CHAKE-CHAKE,Pemba,2022,sep,36,21.5571428571429,27.7285714285714
CHAKE-CHAKE,Pemba,2022,sep,37,21.7285714285714,28.0571428571429
CHAKE-CHAKE,Pemba,2022,sep,38,22.9714285714286,28.1142857142857
CHAKE-CHAKE,Pemba,2022,sep,39,23.4857142857143,28.4857142857143
CHAKE-CHAKE,Pemba,2022,oct,40,22.8428571428571,28.1857142857143
CHAKE-CHAKE,Pemba,2022,oct,41,23.5,28.4428571428571
CHAKE-CHAKE,Pemba,2022,oct,42,22.9142857142857,28.7
CHAKE-CHAKE,Pemba,2022,oct,43,23.6714285714286,28.8285714285714
CHAKE-CHAKE,Pemba,2022,nov,45,23.2428571428571,29.9857142857143
CHAKE-CHAKE,Pemba,2022,nov,46,24.0142857142857,30.3571428571429
CHAKE-CHAKE,Pemba,2022,nov,47,24.1142857142857,30.2857142857143
CHAKE-CHAKE,Pemba,2022,nov,48,24.3571428571429,30.6428571428571
CHAKE-CHAKE,Pemba,2022,dec,49,24.4,31.4857142857143
CHAKE-CHAKE,Pemba,2022,dec,50,24.0857142857143,31.8
CHAKE-CHAKE,Pemba,2022,dec,51,25.4714285714286,31.8142857142857
CHAKE-CHAKE,Pemba,2022,dec,52,26.0285714285714,31.3428571428571
CHAKE-CHAKE,Pemba,2023,jan,1,25.2,32.1142857142857
CHAKE-CHAKE,Pemba,2023,jan,2,24.6571428571429,31.85
CHAKE-CHAKE,Pemba,2023,jan,3,24.7,31.7333333333333
CHAKE-CHAKE,Pemba,2023,jan,4,25.6857142857143,30.8571428571429
CHAKE-CHAKE,Pemba,2023,feb,6,24.2571428571429,31.8571428571429
CHAKE-CHAKE,Pemba,2023,feb,7,25.0142857142857,31.1875
CHAKE-CHAKE,Pemba,2023,feb,8,25.3,31.5
CHAKE-CHAKE,Pemba,2023,feb,9,23.5714285714286,31.6857142857143
CHAKE-CHAKE,Pemba,2023,mar,10,24.2571428571429,31.9571428571429
CHAKE-CHAKE,Pemba,2023,mar,11,25.0142857142857,32.3875
CHAKE-CHAKE,Pemba,2023,mar,12,25.3,31.6666666666667
CHAKE-CHAKE,Pemba,2023,mar,13,23.5714285714286,31.0571428571429
CHAKE-CHAKE,Pemba,2023,apr,14,25.3142857142857,31.4857142857143
CHAKE-CHAKE,Pemba,2023,apr,15,25.5714285714286,31.6625
CHAKE-CHAKE,Pemba,2023,apr,16,25.1857142857143,28.7333333333333
CHAKE-CHAKE,Pemba,2023,apr,17,25.1,29.2857142857143
CHAKE-CHAKE,Pemba,2023,may,18,25.2285714285714,30.1428571428571
CHAKE-CHAKE,Pemba,2023,may,19,25.3714285714286,30.075
CHAKE-CHAKE,Pemba,2023,may,20,25.5142857142857,30.45
CHAKE-CHAKE,Pemba,2023,may,21,24.5142857142857,29.2714285714286
CHAKE-CHAKE,Pemba,2023,jun,23,23.0,28.9571428571429
CHAKE-CHAKE,Pemba,2023,jun,24,23.7857142857143,29.3125
CHAKE-CHAKE,Pemba,2023,jun,25,23.8142857142857,29.4333333333333
CHAKE-CHAKE,Pemba,2023,jun,26,23.9714285714286,28.7
CHAKE-CHAKE,Pemba,2023,jul,27,23.6,28.4285714285714
CHAKE-CHAKE,Pemba,2023,jul,28,23.1714285714286,28.675
CHAKE-CHAKE,Pemba,2023,jul,29,24.4,28.8
CHAKE-CHAKE,Pemba,2023,jul,30,24.1714285714286,28.5142857142857
CHAKE-CHAKE,Pemba,2023,aug,32,23.8285714285714,28.4285714285714
CHAKE-CHAKE,Pemba,2023,aug,33,23.7142857142857,28.675
CHAKE-CHAKE,Pemba,2023,aug,34,22.8285714285714,28.8
CHAKE-CHAKE,Pemba,2023,aug,35,23.3857142857143,28.5142857142857
CHAKE-CHAKE,Pemba,2023,sep,36,23.2857142857143,29.1714285714286
CHAKE-CHAKE,Pemba,2023,sep,37,23.8285714285714,29.5
CHAKE-CHAKE,Pemba,2023,sep,38,23.9857142857143,29.8666666666667
CHAKE-CHAKE,Pemba,2023,sep,39,24.3857142857143,30.2142857142857
CHAKE-CHAKE,Pemba,2023,oct,40,23.9714285714286,30.4857142857143
CHAKE-CHAKE,Pemba,2023,oct,41,23.7285714285714,31.0375
CHAKE-CHAKE,Pemba,2023,oct,42,25.2142857142857,31.1166666666667
CHAKE-CHAKE,Pemba,2023,oct,43,24.6285714285714,31.1857142857143
CHAKE-CHAKE,Pemba,2023,nov,45,24.0857142857143,28.7428571428571
CHAKE-CHAKE,Pemba,2023,nov,46,24.5571428571429,30.5
CHAKE-CHAKE,Pemba,2023,nov,47,24.9714285714286,30.0833333333333
CHAKE-CHAKE,Pemba,2023,nov,48,24.3428571428571,30.5571428571429
CHAKE-CHAKE,Pemba,2023,dec,49,25.5714285714286,31.3142857142857
CHAKE-CHAKE,Pemba,2023,dec,50,24.5285714285714,31.3625
CHAKE-CHAKE,Pemba,2023,dec,51,25.4142857142857,31.5833333333333
CHAKE-CHAKE,Pemba,2023,dec,52,26.1857142857143,31.7285714285714
KASKAZINI A,Zanzibar,2019,jan,2,26.8857142857143,33.0571428571429
KASKAZINI A,Zanzibar,2019,jan,3,26.0714285714286,33.8142857142857
KASKAZINI A,Zanzibar,2019,jan,4,25.7285714285714,33.6
KASKAZINI A,Zanzibar,2019,jan,5,25.5428571428571,33.2571428571429
KASKAZINI A,Zanzibar,2019,feb,6,25.0428571428571,34.5142857142857
KASKAZINI A,Zanzibar,2019,feb,7,24.3571428571429,31.9857142857143
KASKAZINI A,Zanzibar,2019,feb,8,25.1857142857143,31.3285714285714
KASKAZINI A,Zanzibar,2019,feb,9,24.1142857142857,32.7285714285714
KASKAZINI A,Zanzibar,2019,mar,10,24.7714285714286,33.8
KASKAZINI A,Zanzibar,2019,mar,11,25.5714285714286,34.1285714285714
KASKAZINI A,Zanzibar,2019,mar,12,26.0142857142857,35.2714285714286
KASKAZINI A,Zanzibar,2019,mar,13,25.9857142857143,34.8285714285714
KASKAZINI A,Zanzibar,2019,apr,14,25.5285714285714,32.4714285714286
KASKAZINI A,Zanzibar,2019,apr,15,25.3,32.0428571428571
KASKAZINI A,Zanzibar,2019,apr,16,24.8714285714286,31.4142857142857
KASKAZINI A,Zanzibar,2019,apr,17,24.7,30.2
KASKAZINI A,Zanzibar,2019,may,19,24.6571428571429,31.4142857142857
KASKAZINI A,Zanzibar,2019,may,20,24.9571428571429,30.7285714285714
KASKAZINI A,Zanzibar,2019,may,21,25.3571428571429,31.4714285714286
KASKAZINI A,Zanzibar,2019,may,22,24.3,30.6571428571429
KASKAZINI A,Zanzibar,2019,jun,23,23.8714285714286,30.3285714285714
KASKAZINI A,Zanzibar,2019,jun,24,23.9714285714286,30.3142857142857
KASKAZINI A,Zanzibar,2019,jun,25,23.1,29.9
KASKAZINI A,Zanzibar,2019,jun,26,23.6142857142857,29.6857142857143
KASKAZINI A,Zanzibar,2019,jul,27,23.2,30.8
KASKAZINI A,Zanzibar,2019,jul,28,22.8142857142857,30.2571428571429
KASKAZINI A,Zanzibar,2019,jul,29,22.6714285714286,29.5
KASKAZINI A,Zanzibar,2019,jul,30,22.0142857142857,30.3714285714286
KASKAZINI A,Zanzibar,2019,aug,32,22.4428571428571,30.3285714285714
KASKAZINI A,Zanzibar,2019,aug,33,22.4,29.8857142857143
KASKAZINI A,Zanzibar,2019,aug,34,22.5714285714286,30.6714285714286
KASKAZINI A,Zanzibar,2019,aug,35,22.4285714285714,30.1857142857143
KASKAZINI A,Zanzibar,2019,sep,36,21.2285714285714,29.2142857142857
KASKAZINI A,Zanzibar,2019,sep,37,20.9857142857143,30.3
KASKAZINI A,Zanzibar,2019,sep,38,20.4285714285714,30.7142857142857
KASKAZINI A,Zanzibar,2019,sep,39,22.1571428571429,30.5285714285714
KASKAZINI A,Zanzibar,2019,oct,41,24.8714285714286,29.9142857142857
KASKAZINI A,Zanzibar,2019,oct,42,24.2,29.0
KASKAZINI A,Zanzibar,2019,oct,43,24.0,29.7428571428571
KASKAZINI A,Zanzibar,2019,oct,44,24.1,30.6
KASKAZINI A,Zanzibar,2019,nov,45,25.0142857142857,32.0285714285714
KASKAZINI A,Zanzibar,2019,nov,46,24.3857142857143,31.2428571428571
KASKAZINI A,Zanzibar,2019,nov,47,24.1428571428571,31.1857142857143
KASKAZINI A,Zanzibar,2019,nov,48,24.7,31.9285714285714
KASKAZINI A,Zanzibar,2019,dec,49,23.6857142857143,32.6571428571429
KASKAZINI A,Zanzibar,2019,dec,50,25.0714285714286,33.3142857142857
KASKAZINI A,Zanzibar,2019,dec,51,25.1142857142857,31.8714285714286
KASKAZINI A,Zanzibar,2019,dec,52,25.6428571428571,33.8
KASKAZINI A,Zanzibar,2020,jan,2,25.8428571428571,33.7
KASKAZINI A,Zanzibar,2020,jan,3,25.4857142857143,33.1285714285714
KASKAZINI A,Zanzibar,2020,jan,4,24.9285714285714,31.6714285714286
KASKAZINI A,Zanzibar,2020,jan,5,25.8,30.7571428571429
KASKAZINI A,Zanzibar,2020,feb,6,25.0571428571429,34.5142857142857
KASKAZINI A,Zanzibar,2020,feb,7,25.1428571428571,31.9857142857143
KASKAZINI A,Zanzibar,2020,feb,8,25.9714285714286,31.3285714285714
KASKAZINI A,Zanzibar,2020,feb,9,26.375,32.7285714285714
KASKAZINI A,Zanzibar,2020,mar,10,25.4,32.2571428571429
KASKAZINI A,Zanzibar,2020,mar,11,24.9428571428571,32.1857142857143
KASKAZINI A,Zanzibar,2020,mar,12,25.8428571428571,32.0571428571429
KASKAZINI A,Zanzibar,2020,mar,13,25.5375,31.8714285714286
KASKAZINI A,Zanzibar,2020,apr,15,25.7714285714286,32.8857142857143
KASKAZINI A,Zanzibar,2020,apr,16,24.3857142857143,30.1571428571429
KASKAZINI A,Zanzibar,2020,apr,17,24.6571428571429,29.1857142857143
KASKAZINI A,Zanzibar,2020,apr,18,25.0,30.9571428571429
KASKAZINI A,Zanzibar,2020,may,19,24.9285714285714,30.2142857142857
KASKAZINI A,Zanzibar,2020,may,20,25.7285714285714,30.4571428571429
KASKAZINI A,Zanzibar,2020,may,21,24.5142857142857,29.9285714285714
KASKAZINI A,Zanzibar,2020,may,22,24.325,30.7714285714286
KASKAZINI A,Zanzibar,2020,jun,23,24.9428571428571,30.4571428571429
KASKAZINI A,Zanzibar,2020,jun,24,24.2428571428571,30.6428571428571
KASKAZINI A,Zanzibar,2020,jun,25,23.5,30.3857142857143
KASKAZINI A,Zanzibar,2020,jun,26,24.225,29.8714285714286
KASKAZINI A,Zanzibar,2020,jul,28,23.5857142857143,29.7714285714286
KASKAZINI A,Zanzibar,2020,jul,29,23.1,29.6
KASKAZINI A,Zanzibar,2020,jul,30,22.7285714285714,28.8285714285714
KASKAZINI A,Zanzibar,2020,jul,31,22.75,29.3428571428571
KASKAZINI A,Zanzibar,2020,aug,32,23.0285714285714,29.8571428571429
KASKAZINI A,Zanzibar,2020,aug,33,22.0571428571429,29.3285714285714
KASKAZINI A,Zanzibar,2020,aug,34,22.6857142857143,29.2285714285714
KASKAZINI A,Zanzibar,2020,aug,35,21.95,29.5
KASKAZINI A,Zanzibar,2020,sep,37,23.0428571428571,29.9
KASKAZINI A,Zanzibar,2020,sep,38,23.7142857142857,30.7
KASKAZINI A,Zanzibar,2020,sep,39,22.1857142857143,31.0714285714286
KASKAZINI A,Zanzibar,2020,sep,40,23.1,30.6857142857143
KASKAZINI A,Zanzibar,2020,oct,41,24.0857142857143,31.7857142857143
KASKAZINI A,Zanzibar,2020,oct,42,23.4857142857143,32.1142857142857
KASKAZINI A,Zanzibar,2020,oct,43,23.5285714285714,31.3428571428571
KASKAZINI A,Zanzibar,2020,oct,44,23.875,31.3142857142857
KASKAZINI A,Zanzibar,2020,nov,45,22.8,30.0428571428571
KASKAZINI A,Zanzibar,2020,nov,46,24.1857142857143,29.9428571428571
KASKAZINI A,Zanzibar,2020,nov,47,24.6285714285714,30.9714285714286
KASKAZINI A,Zanzibar,2020,nov,48,24.7875,30.6714285714286
KASKAZINI A,Zanzibar,2020,dec,50,24.5285714285714,31.5285714285714
KASKAZINI A,Zanzibar,2020,dec,51,25.0571428571429,31.9428571428571
KASKAZINI A,Zanzibar,2020,dec,52,24.5428571428571,31.7
KASKAZINI A,Zanzibar,2021,jan,1,25.3142857142857,31.4571428571429
KASKAZINI A,Zanzibar,2021,jan,2,25.2714285714286,31.2
KASKAZINI A,Zanzibar,2021,jan,3,25.0714285714286,33.2428571428572
KASKAZINI A,Zanzibar,2021,jan,4,25.0857142857143,32.9428571428571
KASKAZINI A,Zanzibar,2021,feb,5,24.9571428571429,32.9428571428571
KASKAZINI A,Zanzibar,2021,feb,6,25.7285714285714,31.3714285714286
KASKAZINI A,Zanzibar,2021,feb,7,25.0857142857143,32.5
KASKAZINI A,Zanzibar,2021,feb,8,25.2428571428571,33.2428571428572
KASKAZINI A,Zanzibar,2021,mar,9,26.1571428571429,33.9
KASKAZINI A,Zanzibar,2021,mar,10,25.0428571428571,33.5285714285714
KASKAZINI A,Zanzibar,2021,mar,11,25.0,32.8714285714286
KASKAZINI A,Zanzibar,2021,mar,12,25.7714285714286,32.8571428571429
KASKAZINI A,Zanzibar,2021,apr,14,25.5285714285714,31.9142857142857
KASKAZINI A,Zanzibar,2021,apr,15,24.3571428571429,29.5857142857143
KASKAZINI A,Zanzibar,2021,apr,16,24.5428571428571,29.9571428571429
KASKAZINI A,Zanzibar,2021,apr,17,25.5428571428571,31.2571428571429
KASKAZINI A,Zanzibar,2021,may,18,24.9142857142857,28.9142857142857
KASKAZINI A,Zanzibar,2021,may,19,24.8,30.9857142857143
KASKAZINI A,Zanzibar,2021,may,20,24.7142857142857,31.2285714285714
KASKAZINI A,Zanzibar,2021,may,21,24.3428571428571,30.7857142857143
KASKAZINI A,Zanzibar,2021,jun,23,23.9,30.1714285714286
KASKAZINI A,Zanzibar,2021,jun,24,23.3428571428571,29.2
KASKAZINI A,Zanzibar,2021,jun,25,23.3714285714286,29.1571428571429
KASKAZINI A,Zanzibar,2021,jun,26,21.8428571428571,29.5142857142857
KASKAZINI A,Zanzibar,2021,jul,27,23.1571428571429,29.7857142857143
KASKAZINI A,Zanzibar,2021,jul,28,23.7142857142857,29.6428571428571
KASKAZINI A,Zanzibar,2021,jul,29,23.4857142857143,30.0571428571429
KASKAZINI A,Zanzibar,2021,jul,30,23.2857142857143,29.5571428571429
KASKAZINI A,Zanzibar,2021,aug,31,22.8571428571429,29.4
KASKAZINI A,Zanzibar,2021,aug,32,21.6571428571429,29.3714285714286
KASKAZINI A,Zanzibar,2021,aug,33,22.7571428571429,29.3714285714286
KASKAZINI A,Zanzibar,2021,aug,34,21.5285714285714,30.1
KASKAZINI A,Zanzibar,2021,sep,36,23.1428571428571,30.2571428571429
KASKAZINI A,Zanzibar,2021,sep,37,22.9,30.0285714285714
KASKAZINI A,Zanzibar,2021,sep,38,22.3714285714286,30.8
KASKAZINI A,Zanzibar,2021,sep,39,22.8714285714286,30.7
KASKAZINI A,Zanzibar,2021,oct,40,22.9,31.8857142857143
KASKAZINI A,Zanzibar,2021,oct,41,23.5142857142857,31.6
KASKAZINI A,Zanzibar,2021,oct,42,22.9,31.0714285714286
KASKAZINI A,Zanzibar,2021,oct,43,23.5285714285714,31.8571428571429
KASKAZINI A,Zanzibar,2021,nov,44,24.8571428571429,33.0428571428571
KASKAZINI A,Zanzibar,2021,nov,45,24.1428571428571,32.7142857142857
KASKAZINI A,Zanzibar,2021,nov,46,24.0714285714286,32.9714285714286
KASKAZINI A,Zanzibar,2021,nov,47,25.6571428571429,32.6833333333333
KASKAZINI A,Zanzibar,2021,dec,49,25.5285714285714,31.1714285714286
KASKAZINI A,Zanzibar,2021,dec,50,24.3571428571429,30.7428571428571
KASKAZINI A,Zanzibar,2021,dec,51,25.1142857142857,31.3714285714286
KASKAZINI A,Zanzibar,2021,dec,52,25.0571428571429,31.5285714285714
KASKAZINI A,Zanzibar,2022,jan,1,26.0,33.6142857142857
KASKAZINI A,Zanzibar,2022,jan,2,26.2142857142857,33.7571428571429
KASKAZINI A,Zanzibar,2022,jan,3,25.3142857142857,33.0285714285714
KASKAZINI A,Zanzibar,2022,jan,4,24.4714285714286,31.0571428571429
KASKAZINI A,Zanzibar,2022,feb,6,24.8285714285714,31.3714285714286
KASKAZINI A,Zanzibar,2022,feb,7,25.7142857142857,32.2714285714286
KASKAZINI A,Zanzibar,2022,feb,8,25.6285714285714,33.3428571428571
KASKAZINI A,Zanzibar,2022,feb,9,25.7857142857143,32.1285714285714
KASKAZINI A,Zanzibar,2022,mar,10,25.5714285714286,33.8571428571429
KASKAZINI A,Zanzibar,2022,mar,11,25.7714285714286,33.7285714285714
KASKAZINI A,Zanzibar,2022,mar,12,26.1714285714286,33.8714285714286
KASKAZINI A,Zanzibar,2022,mar,13,25.5857142857143,32.8714285714286
KASKAZINI A,Zanzibar,2022,apr,14,25.7571428571429,32.9285714285714
KASKAZINI A,Zanzibar,2022,apr,15,25.4142857142857,31.5285714285714
KASKAZINI A,Zanzibar,2022,apr,16,24.8285714285714,30.4
KASKAZINI A,Zanzibar,2022,apr,17,25.1857142857143,29.9714285714286
KASKAZINI A,Zanzibar,2022,may,18,24.8142857142857,30.4
KASKAZINI A,Zanzibar,2022,may,19,25.7285714285714,31.5285714285714
KASKAZINI A,Zanzibar,2022,may,20,25.1714285714286,31.2428571428571
KASKAZINI A,Zanzibar,2022,may,21,24.9857142857143,31.7571428571429
KASKAZINI A,Zanzibar,2022,jun,23,23.6142857142857,30.8142857142857
KASKAZINI A,Zanzibar,2022,jun,24,24.6428571428571,30.9714285714286
KASKAZINI A,Zanzibar,2022,jun,25,23.6,30.2285714285714
KASKAZINI A,Zanzibar,2022,jun,26,24.1142857142857,29.6571428571429
KASKAZINI A,Zanzibar,2022,jul,27,22.2428571428571,28.6857142857143
KASKAZINI A,Zanzibar,2022,jul,28,22.1285714285714,29.0428571428571
KASKAZINI A,Zanzibar,2022,jul,29,22.4857142857143,28.4428571428571
KASKAZINI A,Zanzibar,2022,jul,30,21.9571428571429,28.6571428571429
KASKAZINI A,Zanzibar,2022,aug,31,21.7428571428571,29.0857142857143
KASKAZINI A,Zanzibar,2022,aug,32,21.8285714285714,28.6857142857143
KASKAZINI A,Zanzibar,2022,aug,33,20.5285714285714,29.5571428571429
KASKAZINI A,Zanzibar,2022,aug,34,21.6,28.9857142857143
KASKAZINI A,Zanzibar,2022,sep,36,22.2571428571429,30.0285714285714
KASKAZINI A,Zanzibar,2022,sep,37,21.7285714285714,30.2571428571429
KASKAZINI A,Zanzibar,2022,sep,38,23.0857142857143,30.5714285714286
KASKAZINI A,Zanzibar,2022,sep,39,23.0,30.8714285714286
KASKAZINI A,Zanzibar,2022,oct,40,22.5285714285714,30.6714285714286
KASKAZINI A,Zanzibar,2022,oct,41,22.2714285714286,31.2428571428571
KASKAZINI A,Zanzibar,2022,oct,42,22.4142857142857,31.0428571428571
KASKAZINI A,Zanzibar,2022,oct,43,23.0714285714286,30.5714285714286
KASKAZINI A,Zanzibar,2022,nov,45,23.4142857142857,31.4
KASKAZINI A,Zanzibar,2022,nov,46,24.4,31.3
KASKAZINI A,Zanzibar,2022,nov,47,24.4714285714286,31.2
KASKAZINI A,Zanzibar,2022,nov,48,24.4285714285714,30.5714285714286
KASKAZINI A,Zanzibar,2022,dec,49,24.4,32.1
KASKAZINI A,Zanzibar,2022,dec,50,24.4428571428571,31.9857142857143
KASKAZINI A,Zanzibar,2022,dec,51,25.2857142857143,32.2857142857143
KASKAZINI A,Zanzibar,2022,dec,52,24.9571428571429,31.4
KASKAZINI A,Zanzibar,2023,jan,1,26.8857142857143,32.1428571428571
KASKAZINI A,Zanzibar,2023,jan,2,26.0714285714286,31.3285714285714
KASKAZINI A,Zanzibar,2023,jan,3,25.7285714285714,32.4142857142857
KASKAZINI A,Zanzibar,2023,jan,4,25.5428571428571,32.7142857142857
KASKAZINI A,Zanzibar,2023,feb,6,25.0428571428571,33.3571428571429
KASKAZINI A,Zanzibar,2023,feb,7,24.3571428571429,33.2571428571429
KASKAZINI A,Zanzibar,2023,feb,8,25.1857142857143,33.4714285714286
KASKAZINI A,Zanzibar,2023,feb,9,24.1142857142857,33.5142857142857
KASKAZINI A,Zanzibar,2023,mar,10,24.7714285714286,33.9142857142857
KASKAZINI A,Zanzibar,2023,mar,11,25.5714285714286,34.1428571428571
KASKAZINI A,Zanzibar,2023,mar,12,26.0142857142857,31.7571428571429
KASKAZINI A,Zanzibar,2023,mar,13,25.9857142857143,31.3
KASKAZINI A,Zanzibar,2023,apr,14,25.5285714285714,31.5857142857143
KASKAZINI A,Zanzibar,2023,apr,15,25.3,31.2714285714286
KASKAZINI A,Zanzibar,2023,apr,16,24.8714285714286,28.8142857142857
KASKAZINI A,Zanzibar,2023,apr,17,24.7,30.0571428571429
KASKAZINI A,Zanzibar,2023,may,18,24.6571428571429,30.8857142857143
KASKAZINI A,Zanzibar,2023,may,19,24.9571428571429,30.5142857142857
KASKAZINI A,Zanzibar,2023,may,20,25.3571428571429,31.0714285714286
KASKAZINI A,Zanzibar,2023,may,21,24.3,29.9
KASKAZINI A,Zanzibar,2023,jun,23,23.8714285714286,28.7571428571429
KASKAZINI A,Zanzibar,2023,jun,24,23.9714285714286,29.6714285714286
KASKAZINI A,Zanzibar,2023,jun,25,23.1,30.1285714285714
KASKAZINI A,Zanzibar,2023,jun,26,23.6142857142857,29.6
KASKAZINI A,Zanzibar,2023,jul,27,23.2,28.4428571428571
KASKAZINI A,Zanzibar,2023,jul,28,22.8142857142857,29.1571428571429
KASKAZINI A,Zanzibar,2023,jul,29,22.6714285714286,29.6285714285714
KASKAZINI A,Zanzibar,2023,jul,30,22.0142857142857,28.5857142857143
KASKAZINI A,Zanzibar,2023,aug,32,22.4428571428571,29.3857142857143
KASKAZINI A,Zanzibar,2023,aug,33,22.4,29.9428571428571
KASKAZINI A,Zanzibar,2023,aug,34,22.5714285714286,30.6571428571429
KASKAZINI A,Zanzibar,2023,aug,35,22.4285714285714,30.4285714285714
KASKAZINI A,Zanzibar,2023,sep,36,21.2285714285714,31.2428571428571
KASKAZINI A,Zanzibar,2023,sep,37,20.9857142857143,31.0571428571429
KASKAZINI A,Zanzibar,2023,sep,38,20.4285714285714,31.4285714285714
KASKAZINI A,Zanzibar,2023,sep,39,22.1571428571429,30.8857142857143
KASKAZINI A,Zanzibar,2023,oct,40,24.8714285714286,30.7142857142857
KASKAZINI A,Zanzibar,2023,oct,41,24.2,31.5285714285714
KASKAZINI A,Zanzibar,2023,oct,42,24.0,32.1571428571429
KASKAZINI A,Zanzibar,2023,oct,43,24.1,31.3285714285714
KASKAZINI A,Zanzibar,2023,nov,45,25.0142857142857,27.8714285714286
KASKAZINI A,Zanzibar,2023,nov,46,24.3857142857143,29.7
KASKAZINI A,Zanzibar,2023,nov,47,24.1428571428571,30.1
KASKAZINI A,Zanzibar,2023,nov,48,24.7,30.3714285714286
KASKAZINI A,Zanzibar,2023,dec,49,23.6857142857143,30.7142857142857
KASKAZINI A,Zanzibar,2023,dec,50,25.0714285714286,31.5285714285714
KASKAZINI A,Zanzibar,2023,dec,51,25.1142857142857,32.1571428571429
KASKAZINI A,Zanzibar,2023,dec,52,25.6428571428571,31.3285714285714
KASKAZINI B,Zanzibar,2019,jan,2,26.8857142857143,33.0571428571429
KASKAZINI B,Zanzibar,2019,jan,3,26.0714285714286,33.8142857142857
KASKAZINI B,Zanzibar,2019,jan,4,25.7285714285714,33.6
KASKAZINI B,Zanzibar,2019,jan,5,25.5428571428571,33.2571428571429
KASKAZINI B,Zanzibar,2019,feb,6,25.0428571428571,34.5142857142857
KASKAZINI B,Zanzibar,2019,feb,7,24.3571428571429,31.9857142857143
KASKAZINI B,Zanzibar,2019,feb,8,25.1857142857143,31.3285714285714
KASKAZINI B,Zanzibar,2019,feb,9,24.1142857142857,32.7285714285714
KASKAZINI B,Zanzibar,2019,mar,10,24.7714285714286,33.8
KASKAZINI B,Zanzibar,2019,mar,11,25.5714285714286,34.1285714285714
KASKAZINI B,Zanzibar,2019,mar,12,26.0142857142857,35.2714285714286
KASKAZINI B,Zanzibar,2019,mar,13,25.9857142857143,34.8285714285714
KASKAZINI B,Zanzibar,2019,apr,14,25.5285714285714,32.4714285714286
KASKAZINI B,Zanzibar,2019,apr,15,25.3,32.0428571428571
KASKAZINI B,Zanzibar,2019,apr,16,24.8714285714286,31.4142857142857
KASKAZINI B,Zanzibar,2019,apr,17,24.7,30.2
KASKAZINI B,Zanzibar,2019,may,19,24.6571428571429,31.4142857142857
KASKAZINI B,Zanzibar,2019,may,20,24.9571428571429,30.7285714285714
KASKAZINI B,Zanzibar,2019,may,21,25.3571428571429,31.4714285714286
KASKAZINI B,Zanzibar,2019,may,22,24.3,30.6571428571429
KASKAZINI B,Zanzibar,2019,jun,23,23.8714285714286,30.3285714285714
KASKAZINI B,Zanzibar,2019,jun,24,23.9714285714286,30.3142857142857
KASKAZINI B,Zanzibar,2019,jun,25,23.1,29.9
KASKAZINI B,Zanzibar,2019,jun,26,23.6142857142857,29.6857142857143
KASKAZINI B,Zanzibar,2019,jul,27,23.2,30.8
KASKAZINI B,Zanzibar,2019,jul,28,22.8142857142857,30.2571428571429
KASKAZINI B,Zanzibar,2019,jul,29,22.6714285714286,29.5
KASKAZINI B,Zanzibar,2019,jul,30,22.0142857142857,30.3714285714286
KASKAZINI B,Zanzibar,2019,aug,32,22.4428571428571,30.3285714285714
KASKAZINI B,Zanzibar,2019,aug,33,22.4,29.8857142857143
KASKAZINI B,Zanzibar,2019,aug,34,22.5714285714286,30.6714285714286
KASKAZINI B,Zanzibar,2019,aug,35,22.4285714285714,30.1857142857143
KASKAZINI B,Zanzibar,2019,sep,36,21.2285714285714,29.2142857142857
KASKAZINI B,Zanzibar,2019,sep,37,20.9857142857143,30.3
KASKAZINI B,Zanzibar,2019,sep,38,20.4285714285714,30.7142857142857
KASKAZINI B,Zanzibar,2019,sep,39,22.1571428571429,30.5285714285714
KASKAZINI B,Zanzibar,2019,oct,41,24.8714285714286,29.9142857142857
KASKAZINI B,Zanzibar,2019,oct,42,24.2,29.0
KASKAZINI B,Zanzibar,2019,oct,43,24.0,29.7428571428571
KASKAZINI B,Zanzibar,2019,oct,44,24.1,30.6
KASKAZINI B,Zanzibar,2019,nov,45,25.0142857142857,32.0285714285714
KASKAZINI B,Zanzibar,2019,nov,46,24.3857142857143,31.2428571428571
KASKAZINI B,Zanzibar,2019,nov,47,24.1428571428571,31.1857142857143
KASKAZINI B,Zanzibar,2019,nov,48,24.7,31.9285714285714
KASKAZINI B,Zanzibar,2019,dec,49,23.6857142857143,32.6571428571429
KASKAZINI B,Zanzibar,2019,dec,50,25.0714285714286,33.3142857142857
KASKAZINI B,Zanzibar,2019,dec,51,25.1142857142857,31.8714285714286
KASKAZINI B,Zanzibar,2019,dec,52,25.6428571428571,33.8
KASKAZINI B,Zanzibar,2020,jan,2,25.8428571428571,33.7
KASKAZINI B,Zanzibar,2020,jan,3,25.4857142857143,33.1285714285714
KASKAZINI B,Zanzibar,2020,jan,4,24.9285714285714,31.6714285714286
KASKAZINI B,Zanzibar,2020,jan,5,25.8,30.7571428571429
KASKAZINI B,Zanzibar,2020,feb,6,25.0571428571429,34.5142857142857
KASKAZINI B,Zanzibar,2020,feb,7,25.1428571428571,31.9857142857143
KASKAZINI B,Zanzibar,2020,feb,8,25.9714285714286,31.3285714285714
KASKAZINI B,Zanzibar,2020,feb,9,26.375,32.7285714285714
KASKAZINI B,Zanzibar,2020,mar,10,25.4,32.2571428571429
KASKAZINI B,Zanzibar,2020,mar,11,24.9428571428571,32.1857142857143
KASKAZINI B,Zanzibar,2020,mar,12,25.8428571428571,32.0571428571429
KASKAZINI B,Zanzibar,2020,mar,13,25.5375,31.8714285714286
KASKAZINI B,Zanzibar,2020,apr,15,25.7714285714286,32.8857142857143
KASKAZINI B,Zanzibar,2020,apr,16,24.3857142857143,30.1571428571429
KASKAZINI B,Zanzibar,2020,apr,17,24.6571428571429,29.1857142857143
KASKAZINI B,Zanzibar,2020,apr,18,25.0,30.9571428571429
KASKAZINI B,Zanzibar,2020,may,19,24.9285714285714,30.2142857142857
KASKAZINI B,Zanzibar,2020,may,20,25.7285714285714,30.4571428571429
KASKAZINI B,Zanzibar,2020,may,21,24.5142857142857,29.9285714285714
KASKAZINI B,Zanzibar,2020,may,22,24.325,30.7714285714286
KASKAZINI B,Zanzibar,2020,jun,23,24.9428571428571,30.4571428571429
KASKAZINI B,Zanzibar,2020,jun,24,24.2428571428571,30.6428571428571
KASKAZINI B,Zanzibar,2020,jun,25,23.5,30.3857142857143
KASKAZINI B,Zanzibar,2020,jun,26,24.225,29.8714285714286
KASKAZINI B,Zanzibar,2020,jul,28,23.5857142857143,29.7714285714286
KASKAZINI B,Zanzibar,2020,jul,29,23.1,29.6
KASKAZINI B,Zanzibar,2020,jul,30,22.7285714285714,28.8285714285714
KASKAZINI B,Zanzibar,2020,jul,31,22.75,29.3428571428571
KASKAZINI B,Zanzibar,2020,aug,32,23.0285714285714,29.8571428571429
KASKAZINI B,Zanzibar,2020,aug,33,22.0571428571429,29.3285714285714
KASKAZINI B,Zanzibar,2020,aug,34,22.6857142857143,29.2285714285714
KASKAZINI B,Zanzibar,2020,aug,35,21.95,29.5
KASKAZINI B,Zanzibar,2020,sep,37,23.0428571428571,29.9
KASKAZINI B,Zanzibar,2020,sep,38,23.7142857142857,30.7
KASKAZINI B,Zanzibar,2020,sep,39,22.1857142857143,31.0714285714286
KASKAZINI B,Zanzibar,2020,sep,40,23.1,30.6857142857143
KASKAZINI B,Zanzibar,2020,oct,41,24.0857142857143,31.7857142857143
KASKAZINI B,Zanzibar,2020,oct,42,23.4857142857143,32.1142857142857
KASKAZINI B,Zanzibar,2020,oct,43,23.5285714285714,31.3428571428571
KASKAZINI B,Zanzibar,2020,oct,44,23.875,31.3142857142857
KASKAZINI B,Zanzibar,2020,nov,45,22.8,30.0428571428571
KASKAZINI B,Zanzibar,2020,nov,46,24.1857142857143,29.9428571428571
KASKAZINI B,Zanzibar,2020,nov,47,24.6285714285714,30.9714285714286
KASKAZINI B,Zanzibar,2020,nov,48,24.7875,30.6714285714286
KASKAZINI B,Zanzibar,2020,dec,50,24.5285714285714,31.5285714285714
KASKAZINI B,Zanzibar,2020,dec,51,25.0571428571429,31.9428571428571
KASKAZINI B,Zanzibar,2020,dec,52,24.5428571428571,31.7
KASKAZINI B,Zanzibar,2021,jan,1,25.3142857142857,31.4571428571429
KASKAZINI B,Zanzibar,2021,jan,2,25.2714285714286,31.2
KASKAZINI B,Zanzibar,2021,jan,3,25.0714285714286,33.2428571428572
KASKAZINI B,Zanzibar,2021,jan,4,25.0857142857143,32.9428571428571
KASKAZINI B,Zanzibar,2021,feb,5,24.9571428571429,32.9428571428571
KASKAZINI B,Zanzibar,2021,feb,6,25.7285714285714,31.3714285714286
KASKAZINI B,Zanzibar,2021,feb,7,25.0857142857143,32.5
KASKAZINI B,Zanzibar,2021,feb,8,25.2428571428571,33.2428571428572
KASKAZINI B,Zanzibar,2021,mar,9,26.1571428571429,33.9
KASKAZINI B,Zanzibar,2021,mar,10,25.0428571428571,33.5285714285714
KASKAZINI B,Zanzibar,2021,mar,11,25.0,32.8714285714286
KASKAZINI B,Zanzibar,2021,mar,12,25.7714285714286,32.8571428571429
KASKAZINI B,Zanzibar,2021,apr,14,25.5285714285714,31.9142857142857
KASKAZINI B,Zanzibar,2021,apr,15,24.3571428571429,29.5857142857143
KASKAZINI B,Zanzibar,2021,apr,16,24.5428571428571,29.9571428571429
KASKAZINI B,Zanzibar,2021,apr,17,25.5428571428571,31.2571428571429
KASKAZINI B,Zanzibar,2021,may,18,24.9142857142857,28.9142857142857
KASKAZINI B,Zanzibar,2021,may,19,24.8,30.9857142857143
KASKAZINI B,Zanzibar,2021,may,20,24.7142857142857,31.2285714285714
KASKAZINI B,Zanzibar,2021,may,21,24.3428571428571,30.7857142857143
KASKAZINI B,Zanzibar,2021,jun,23,23.9,30.1714285714286
KASKAZINI B,Zanzibar,2021,jun,24,23.3428571428571,29.2
KASKAZINI B,Zanzibar,2021,jun,25,23.3714285714286,29.1571428571429
KASKAZINI B,Zanzibar,2021,jun,26,21.8428571428571,29.5142857142857
KASKAZINI B,Zanzibar,2021,jul,27,23.1571428571429,29.7857142857143
KASKAZINI B,Zanzibar,2021,jul,28,23.7142857142857,29.6428571428571
KASKAZINI B,Zanzibar,2021,jul,29,23.4857142857143,30.0571428571429
KASKAZINI B,Zanzibar,2021,jul,30,23.2857142857143,29.5571428571429
KASKAZINI B,Zanzibar,2021,aug,31,22.8571428571429,29.4
KASKAZINI B,Zanzibar,2021,aug,32,21.6571428571429,29.3714285714286
KASKAZINI B,Zanzibar,2021,aug,33,22.7571428571429,29.3714285714286
KASKAZINI B,Zanzibar,2021,aug,34,21.5285714285714,30.1
KASKAZINI B,Zanzibar,2021,sep,36,23.1428571428571,30.2571428571429
KASKAZINI B,Zanzibar,2021,sep,37,22.9,30.0285714285714
KASKAZINI B,Zanzibar,2021,sep,38,22.3714285714286,30.8
KASKAZINI B,Zanzibar,2021,sep,39,22.8714285714286,30.7
KASKAZINI B,Zanzibar,2021,oct,40,22.9,31.8857142857143
KASKAZINI B,Zanzibar,2021,oct,41,23.5142857142857,31.6
KASKAZINI B,Zanzibar,2021,oct,42,22.9,31.0714285714286
KASKAZINI B,Zanzibar,2021,oct,43,23.5285714285714,31.8571428571429
KASKAZINI B,Zanzibar,2021,nov,44,24.8571428571429,33.0428571428571
KASKAZINI B,Zanzibar,2021,nov,45,24.1428571428571,32.7142857142857
KASKAZINI B,Zanzibar,2021,nov,46,24.0714285714286,32.9714285714286
KASKAZINI B,Zanzibar,2021,nov,47,25.6571428571429,32.6833333333333
KASKAZINI B,Zanzibar,2021,dec,49,25.5285714285714,31.1714285714286
KASKAZINI B,Zanzibar,2021,dec,50,24.3571428571429,30.7428571428571
KASKAZINI B,Zanzibar,2021,dec,51,25.1142857142857,31.3714285714286
KASKAZINI B,Zanzibar,2021,dec,52,25.0571428571429,31.5285714285714
KASKAZINI B,Zanzibar,2022,jan,1,26.0,33.6142857142857
KASKAZINI B,Zanzibar,2022,jan,2,26.2142857142857,33.7571428571429
KASKAZINI B,Zanzibar,2022,jan,3,25.3142857142857,33.0285714285714
KASKAZINI B,Zanzibar,2022,jan,4,24.4714285714286,31.0571428571429
KASKAZINI B,Zanzibar,2022,feb,6,24.8285714285714,31.3714285714286
KASKAZINI B,Zanzibar,2022,feb,7,25.7142857142857,32.2714285714286
KASKAZINI B,Zanzibar,2022,feb,8,25.6285714285714,33.3428571428571
KASKAZINI B,Zanzibar,2022,feb,9,25.7857142857143,32.1285714285714
KASKAZINI B,Zanzibar,2022,mar,10,25.5714285714286,33.8571428571429
KASKAZINI B,Zanzibar,2022,mar,11,25.7714285714286,33.7285714285714
KASKAZINI B,Zanzibar,2022,mar,12,26.1714285714286,33.8714285714286
KASKAZINI B,Zanzibar,2022,mar,13,25.5857142857143,32.8714285714286
KASKAZINI B,Zanzibar,2022,apr,14,25.7571428571429,32.9285714285714
KASKAZINI B,Zanzibar,2022,apr,15,25.4142857142857,31.5285714285714
KASKAZINI B,Zanzibar,2022,apr,16,24.8285714285714,30.4
KASKAZINI B,Zanzibar,2022,apr,17,25.1857142857143,29.9714285714286
KASKAZINI B,Zanzibar,2022,may,18,24.8142857142857,30.4
KASKAZINI B,Zanzibar,2022,may,19,25.7285714285714,31.5285714285714
KASKAZINI B,Zanzibar,2022,may,20,25.1714285714286,31.2428571428571
KASKAZINI B,Zanzibar,2022,may,21,24.9857142857143,31.7571428571429
KASKAZINI B,Zanzibar,2022,jun,23,23.6142857142857,30.8142857142857
KASKAZINI B,Zanzibar,2022,jun,24,24.6428571428571,30.9714285714286
KASKAZINI B,Zanzibar,2022,jun,25,23.6,30.2285714285714
KASKAZINI B,Zanzibar,2022,jun,26,24.1142857142857,29.6571428571429
KASKAZINI B,Zanzibar,2022,jul,27,22.2428571428571,28.6857142857143
KASKAZINI B,Zanzibar,2022,jul,28,22.1285714285714,29.0428571428571
KASKAZINI B,Zanzibar,2022,jul,29,22.4857142857143,28.4428571428571
KASKAZINI B,Zanzibar,2022,jul,30,21.9571428571429,28.6571428571429
KASKAZINI B,Zanzibar,2022,aug,31,21.7428571428571,29.0857142857143
KASKAZINI B,Zanzibar,2022,aug,32,21.8285714285714,28.6857142857143
KASKAZINI B,Zanzibar,2022,aug,33,20.5285714285714,29.5571428571429
KASKAZINI B,Zanzibar,2022,aug,34,21.6,28.9857142857143
KASKAZINI B,Zanzibar,2022,sep,36,22.2571428571429,30.0285714285714
KASKAZINI B,Zanzibar,2022,sep,37,21.7285714285714,30.2571428571429
KASKAZINI B,Zanzibar,2022,sep,38,23.0857142857143,30.5714285714286
KASKAZINI B,Zanzibar,2022,sep,39,23.0,30.8714285714286
KASKAZINI B,Zanzibar,2022,oct,40,22.5285714285714,30.6714285714286
KASKAZINI B,Zanzibar,2022,oct,41,22.2714285714286,31.2428571428571
KASKAZINI B,Zanzibar,2022,oct,42,22.4142857142857,31.0428571428571
KASKAZINI B,Zanzibar,2022,oct,43,23.0714285714286,30.5714285714286
KASKAZINI B,Zanzibar,2022,nov,45,23.4142857142857,31.4
KASKAZINI B,Zanzibar,2022,nov,46,24.4,31.3
KASKAZINI B,Zanzibar,2022,nov,47,24.4714285714286,31.2
KASKAZINI B,Zanzibar,2022,nov,48,24.4285714285714,30.5714285714286
KASKAZINI B,Zanzibar,2022,dec,49,24.4,32.1
KASKAZINI B,Zanzibar,2022,dec,50,24.4428571428571,31.9857142857143
KASKAZINI B,Zanzibar,2022,dec,51,25.2857142857143,32.2857142857143
KASKAZINI B,Zanzibar,2022,dec,52,24.9571428571429,31.4
KASKAZINI B,Zanzibar,2023,jan,1,26.8857142857143,32.1428571428571
KASKAZINI B,Zanzibar,2023,jan,2,26.0714285714286,31.3285714285714
KASKAZINI B,Zanzibar,2023,jan,3,25.7285714285714,32.4142857142857
KASKAZINI B,Zanzibar,2023,jan,4,25.5428571428571,32.7142857142857
KASKAZINI B,Zanzibar,2023,feb,6,25.0428571428571,33.3571428571429
KASKAZINI B,Zanzibar,2023,feb,7,24.3571428571429,33.2571428571429
KASKAZINI B,Zanzibar,2023,feb,8,25.1857142857143,33.4714285714286
KASKAZINI B,Zanzibar,2023,feb,9,24.1142857142857,33.5142857142857
KASKAZINI B,Zanzibar,2023,mar,10,24.7714285714286,33.9142857142857
KASKAZINI B,Zanzibar,2023,mar,11,25.5714285714286,34.1428571428571
KASKAZINI B,Zanzibar,2023,mar,12,26.0142857142857,31.7571428571429
KASKAZINI B,Zanzibar,2023,mar,13,25.9857142857143,31.3
KASKAZINI B,Zanzibar,2023,apr,14,25.5285714285714,31.5857142857143
KASKAZINI B,Zanzibar,2023,apr,15,25.3,31.2714285714286
KASKAZINI B,Zanzibar,2023,apr,16,24.8714285714286,28.8142857142857
KASKAZINI B,Zanzibar,2023,apr,17,24.7,30.0571428571429
KASKAZINI B,Zanzibar,2023,may,18,24.6571428571429,30.8857142857143
KASKAZINI B,Zanzibar,2023,may,19,24.9571428571429,30.5142857142857
KASKAZINI B,Zanzibar,2023,may,20,25.3571428571429,31.0714285714286
KASKAZINI B,Zanzibar,2023,may,21,24.3,29.9
KASKAZINI B,Zanzibar,2023,jun,23,23.8714285714286,28.7571428571429
KASKAZINI B,Zanzibar,2023,jun,24,23.9714285714286,29.6714285714286
KASKAZINI B,Zanzibar,2023,jun,25,23.1,30.1285714285714
KASKAZINI B,Zanzibar,2023,jun,26,23.6142857142857,29.6
KASKAZINI B,Zanzibar,2023,jul,27,23.2,28.4428571428571
KASKAZINI B,Zanzibar,2023,jul,28,22.8142857142857,29.1571428571429
KASKAZINI B,Zanzibar,2023,jul,29,22.6714285714286,29.6285714285714
KASKAZINI B,Zanzibar,2023,jul,30,22.0142857142857,28.5857142857143
KASKAZINI B,Zanzibar,2023,aug,32,22.4428571428571,29.3857142857143
KASKAZINI B,Zanzibar,2023,aug,33,22.4,29.9428571428571
KASKAZINI B,Zanzibar,2023,aug,34,22.5714285714286,30.6571428571429
KASKAZINI B,Zanzibar,2023,aug,35,22.4285714285714,30.4285714285714
KASKAZINI B,Zanzibar,2023,sep,36,21.2285714285714,31.2428571428571
KASKAZINI B,Zanzibar,2023,sep,37,20.9857142857143,31.0571428571429
KASKAZINI B,Zanzibar,2023,sep,38,20.4285714285714,31.4285714285714
KASKAZINI B,Zanzibar,2023,sep,39,22.1571428571429,30.8857142857143
KASKAZINI B,Zanzibar,2023,oct,40,24.8714285714286,30.7142857142857
KASKAZINI B,Zanzibar,2023,oct,41,24.2,31.5285714285714
KASKAZINI B,Zanzibar,2023,oct,42,24.0,32.1571428571429
KASKAZINI B,Zanzibar,2023,oct,43,24.1,31.3285714285714
KASKAZINI B,Zanzibar,2023,nov,45,25.0142857142857,27.8714285714286
KASKAZINI B,Zanzibar,2023,nov,46,24.3857142857143,29.7
KASKAZINI B,Zanzibar,2023,nov,47,24.1428571428571,30.1
KASKAZINI B,Zanzibar,2023,nov,48,24.7,30.3714285714286
KASKAZINI B,Zanzibar,2023,dec,49,23.6857142857143,30.7142857142857
KASKAZINI B,Zanzibar,2023,dec,50,25.0714285714286,31.5285714285714
KASKAZINI B,Zanzibar,2023,dec,51,25.1142857142857,32.1571428571429
KASKAZINI B,Zanzibar,2023,dec,52,25.6428571428571,31.3285714285714
KATI,Zanzibar,2019,jan,2,26.8857142857143,33.0571428571429
KATI,Zanzibar,2019,jan,3,26.0714285714286,33.8142857142857
KATI,Zanzibar,2019,jan,4,25.7285714285714,33.6
KATI,Zanzibar,2019,jan,5,25.5428571428571,33.2571428571429
KATI,Zanzibar,2019,feb,6,25.0428571428571,34.5142857142857
KATI,Zanzibar,2019,feb,7,24.3571428571429,31.9857142857143
KATI,Zanzibar,2019,feb,8,25.1857142857143,31.3285714285714
KATI,Zanzibar,2019,feb,9,24.1142857142857,32.7285714285714
KATI,Zanzibar,2019,mar,10,24.7714285714286,33.8
KATI,Zanzibar,2019,mar,11,25.5714285714286,34.1285714285714
KATI,Zanzibar,2019,mar,12,26.0142857142857,35.2714285714286
KATI,Zanzibar,2019,mar,13,25.9857142857143,34.8285714285714
KATI,Zanzibar,2019,apr,14,25.5285714285714,32.4714285714286
KATI,Zanzibar,2019,apr,15,25.3,32.0428571428571
KATI,Zanzibar,2019,apr,16,24.8714285714286,31.4142857142857
KATI,Zanzibar,2019,apr,17,24.7,30.2
KATI,Zanzibar,2019,may,19,24.6571428571429,31.4142857142857
KATI,Zanzibar,2019,may,20,24.9571428571429,30.7285714285714
KATI,Zanzibar,2019,may,21,25.3571428571429,31.4714285714286
KATI,Zanzibar,2019,may,22,24.3,30.6571428571429
KATI,Zanzibar,2019,jun,23,23.8714285714286,30.3285714285714
KATI,Zanzibar,2019,jun,24,23.9714285714286,30.3142857142857
KATI,Zanzibar,2019,jun,25,23.1,29.9
KATI,Zanzibar,2019,jun,26,23.6142857142857,29.6857142857143
KATI,Zanzibar,2019,jul,27,23.2,30.8
KATI,Zanzibar,2019,jul,28,22.8142857142857,30.2571428571429
KATI,Zanzibar,2019,jul,29,22.6714285714286,29.5
KATI,Zanzibar,2019,jul,30,22.0142857142857,30.3714285714286
KATI,Zanzibar,2019,aug,32,22.4428571428571,30.3285714285714
KATI,Zanzibar,2019,aug,33,22.4,29.8857142857143
KATI,Zanzibar,2019,aug,34,22.5714285714286,30.6714285714286
KATI,Zanzibar,2019,aug,35,22.4285714285714,30.1857142857143
KATI,Zanzibar,2019,sep,36,21.2285714285714,29.2142857142857
KATI,Zanzibar,2019,sep,37,20.9857142857143,30.3
KATI,Zanzibar,2019,sep,38,20.4285714285714,30.7142857142857
KATI,Zanzibar,2019,sep,39,22.1571428571429,30.5285714285714
KATI,Zanzibar,2019,oct,41,24.8714285714286,29.9142857142857
KATI,Zanzibar,2019,oct,42,24.2,29.0
KATI,Zanzibar,2019,oct,43,24.0,29.7428571428571
KATI,Zanzibar,2019,oct,44,24.1,30.6
KATI,Zanzibar,2019,nov,45,25.0142857142857,32.0285714285714
KATI,Zanzibar,2019,nov,46,24.3857142857143,31.2428571428571
KATI,Zanzibar,2019,nov,47,24.1428571428571,31.1857142857143
KATI,Zanzibar,2019,nov,48,24.7,31.9285714285714
KATI,Zanzibar,2019,dec,49,23.6857142857143,32.6571428571429
KATI,Zanzibar,2019,dec,50,25.0714285714286,33.3142857142857
KATI,Zanzibar,2019,dec,51,25.1142857142857,31.8714285714286
KATI,Zanzibar,2019,dec,52,25.6428571428571,33.8
KATI,Zanzibar,2020,jan,2,25.8428571428571,33.7
KATI,Zanzibar,2020,jan,3,25.4857142857143,33.1285714285714
KATI,Zanzibar,2020,jan,4,24.9285714285714,31.6714285714286
KATI,Zanzibar,2020,jan,5,25.8,30.7571428571429
KATI,Zanzibar,2020,feb,6,25.0571428571429,34.5142857142857
KATI,Zanzibar,2020,feb,7,25.1428571428571,31.9857142857143
KATI,Zanzibar,2020,feb,8,25.9714285714286,31.3285714285714
KATI,Zanzibar,2020,feb,9,26.375,32.7285714285714
KATI,Zanzibar,2020,mar,10,25.4,32.2571428571429
KATI,Zanzibar,2020,mar,11,24.9428571428571,32.1857142857143
KATI,Zanzibar,2020,mar,12,25.8428571428571,32.0571428571429
KATI,Zanzibar,2020,mar,13,25.5375,31.8714285714286
KATI,Zanzibar,2020,apr,15,25.7714285714286,32.8857142857143
KATI,Zanzibar,2020,apr,16,24.3857142857143,30.1571428571429
KATI,Zanzibar,2020,apr,17,24.6571428571429,29.1857142857143
KATI,Zanzibar,2020,apr,18,25.0,30.9571428571429
KATI,Zanzibar,2020,may,19,24.9285714285714,30.2142857142857
KATI,Zanzibar,2020,may,20,25.7285714285714,30.4571428571429
KATI,Zanzibar,2020,may,21,24.5142857142857,29.9285714285714
KATI,Zanzibar,2020,may,22,24.325,30.7714285714286
KATI,Zanzibar,2020,jun,23,24.9428571428571,30.4571428571429
KATI,Zanzibar,2020,jun,24,24.2428571428571,30.6428571428571
KATI,Zanzibar,2020,jun,25,23.5,30.3857142857143
KATI,Zanzibar,2020,jun,26,24.225,29.8714285714286
KATI,Zanzibar,2020,jul,28,23.5857142857143,29.7714285714286
KATI,Zanzibar,2020,jul,29,23.1,29.6
KATI,Zanzibar,2020,jul,30,22.7285714285714,28.8285714285714
KATI,Zanzibar,2020,jul,31,22.75,29.3428571428571
KATI,Zanzibar,2020,aug,32,23.0285714285714,29.8571428571429
KATI,Zanzibar,2020,aug,33,22.0571428571429,29.3285714285714
KATI,Zanzibar,2020,aug,34,22.6857142857143,29.2285714285714
KATI,Zanzibar,2020,aug,35,21.95,29.5
KATI,Zanzibar,2020,sep,37,23.0428571428571,29.9
KATI,Zanzibar,2020,sep,38,23.7142857142857,30.7
KATI,Zanzibar,2020,sep,39,22.1857142857143,31.0714285714286
KATI,Zanzibar,2020,sep,40,23.1,30.6857142857143
KATI,Zanzibar,2020,oct,41,24.0857142857143,31.7857142857143
KATI,Zanzibar,2020,oct,42,23.4857142857143,32.1142857142857
KATI,Zanzibar,2020,oct,43,23.5285714285714,31.3428571428571
KATI,Zanzibar,2020,oct,44,23.875,31.3142857142857
KATI,Zanzibar,2020,nov,45,22.8,30.0428571428571
KATI,Zanzibar,2020,nov,46,24.1857142857143,29.9428571428571
KATI,Zanzibar,2020,nov,47,24.6285714285714,30.9714285714286
KATI,Zanzibar,2020,nov,48,24.7875,30.6714285714286
KATI,Zanzibar,2020,dec,50,24.5285714285714,31.5285714285714
KATI,Zanzibar,2020,dec,51,25.0571428571429,31.9428571428571
KATI,Zanzibar,2020,dec,52,24.5428571428571,31.7
KATI,Zanzibar,2021,jan,1,25.3142857142857,31.4571428571429
KATI,Zanzibar,2021,jan,2,25.2714285714286,31.2
KATI,Zanzibar,2021,jan,3,25.0714285714286,33.2428571428572
KATI,Zanzibar,2021,jan,4,25.0857142857143,32.9428571428571
KATI,Zanzibar,2021,feb,5,24.9571428571429,32.9428571428571
KATI,Zanzibar,2021,feb,6,25.7285714285714,31.3714285714286
KATI,Zanzibar,2021,feb,7,25.0857142857143,32.5
KATI,Zanzibar,2021,feb,8,25.2428571428571,33.2428571428572
KATI,Zanzibar,2021,mar,9,26.1571428571429,33.9
KATI,Zanzibar,2021,mar,10,25.0428571428571,33.5285714285714
KATI,Zanzibar,2021,mar,11,25.0,32.8714285714286
KATI,Zanzibar,2021,mar,12,25.7714285714286,32.8571428571429
KATI,Zanzibar,2021,apr,14,25.5285714285714,31.9142857142857
KATI,Zanzibar,2021,apr,15,24.3571428571429,29.5857142857143
KATI,Zanzibar,2021,apr,16,24.5428571428571,29.9571428571429
KATI,Zanzibar,2021,apr,17,25.5428571428571,31.2571428571429
KATI,Zanzibar,2021,may,18,24.9142857142857,28.9142857142857
KATI,Zanzibar,2021,may,19,24.8,30.9857142857143
KATI,Zanzibar,2021,may,20,24.7142857142857,31.2285714285714
KATI,Zanzibar,2021,may,21,24.3428571428571,30.7857142857143
KATI,Zanzibar,2021,jun,23,23.9,30.1714285714286
KATI,Zanzibar,2021,jun,24,23.3428571428571,29.2
KATI,Zanzibar,2021,jun,25,23.3714285714286,29.1571428571429
KATI,Zanzibar,2021,jun,26,21.8428571428571,29.5142857142857
KATI,Zanzibar,2021,jul,27,23.1571428571429,29.7857142857143
KATI,Zanzibar,2021,jul,28,23.7142857142857,29.6428571428571
KATI,Zanzibar,2021,jul,29,23.4857142857143,30.0571428571429
KATI,Zanzibar,2021,jul,30,23.2857142857143,29.5571428571429
KATI,Zanzibar,2021,aug,31,22.8571428571429,29.4
KATI,Zanzibar,2021,aug,32,21.6571428571429,29.3714285714286
KATI,Zanzibar,2021,aug,33,22.7571428571429,29.3714285714286
KATI,Zanzibar,2021,aug,34,21.5285714285714,30.1
KATI,Zanzibar,2021,sep,36,23.1428571428571,30.2571428571429
KATI,Zanzibar,2021,sep,37,22.9,30.0285714285714
KATI,Zanzibar,2021,sep,38,22.3714285714286,30.8
KATI,Zanzibar,2021,sep,39,22.8714285714286,30.7
KATI,Zanzibar,2021,oct,40,22.9,31.8857142857143
KATI,Zanzibar,2021,oct,41,23.5142857142857,31.6
KATI,Zanzibar,2021,oct,42,22.9,31.0714285714286
KATI,Zanzibar,2021,oct,43,23.5285714285714,31.8571428571429
KATI,Zanzibar,2021,nov,44,24.8571428571429,33.0428571428571
KATI,Zanzibar,2021,nov,45,24.1428571428571,32.7142857142857
KATI,Zanzibar,2021,nov,46,24.0714285714286,32.9714285714286
KATI,Zanzibar,2021,nov,47,25.6571428571429,32.6833333333333
KATI,Zanzibar,2021,dec,49,25.5285714285714,31.1714285714286
KATI,Zanzibar,2021,dec,50,24.3571428571429,30.7428571428571
KATI,Zanzibar,2021,dec,51,25.1142857142857,31.3714285714286
KATI,Zanzibar,2021,dec,52,25.0571428571429,31.5285714285714
KATI,Zanzibar,2022,jan,1,26.0,33.6142857142857
KATI,Zanzibar,2022,jan,2,26.2142857142857,33.7571428571429
KATI,Zanzibar,2022,jan,3,25.3142857142857,33.0285714285714
KATI,Zanzibar,2022,jan,4,24.4714285714286,31.0571428571429
KATI,Zanzibar,2022,feb,6,24.8285714285714,31.3714285714286
KATI,Zanzibar,2022,feb,7,25.7142857142857,32.2714285714286
KATI,Zanzibar,2022,feb,8,25.6285714285714,33.3428571428571
KATI,Zanzibar,2022,feb,9,25.7857142857143,32.1285714285714
KATI,Zanzibar,2022,mar,10,25.5714285714286,33.8571428571429
KATI,Zanzibar,2022,mar,11,25.7714285714286,33.7285714285714
KATI,Zanzibar,2022,mar,12,26.1714285714286,33.8714285714286
KATI,Zanzibar,2022,mar,13,25.5857142857143,32.8714285714286
KATI,Zanzibar,2022,apr,14,25.7571428571429,32.9285714285714
KATI,Zanzibar,2022,apr,15,25.4142857142857,31.5285714285714
KATI,Zanzibar,2022,apr,16,24.8285714285714,30.4
KATI,Zanzibar,2022,apr,17,25.1857142857143,29.9714285714286
KATI,Zanzibar,2022,may,18,24.8142857142857,30.4
KATI,Zanzibar,2022,may,19,25.7285714285714,31.5285714285714
KATI,Zanzibar,2022,may,20,25.1714285714286,31.2428571428571
KATI,Zanzibar,2022,may,21,24.9857142857143,31.7571428571429
KATI,Zanzibar,2022,jun,23,23.6142857142857,30.8142857142857
KATI,Zanzibar,2022,jun,24,24.6428571428571,30.9714285714286
KATI,Zanzibar,2022,jun,25,23.6,30.2285714285714
KATI,Zanzibar,2022,jun,26,24.1142857142857,29.6571428571429
KATI,Zanzibar,2022,jul,27,22.2428571428571,28.6857142857143
KATI,Zanzibar,2022,jul,28,22.1285714285714,29.0428571428571
KATI,Zanzibar,2022,jul,29,22.4857142857143,28.4428571428571
KATI,Zanzibar,2022,jul,30,21.9571428571429,28.6571428571429
KATI,Zanzibar,2022,aug,31,21.7428571428571,29.0857142857143
KATI,Zanzibar,2022,aug,32,21.8285714285714,28.6857142857143
KATI,Zanzibar,2022,aug,33,20.5285714285714,29.5571428571429
KATI,Zanzibar,2022,aug,34,21.6,28.9857142857143
KATI,Zanzibar,2022,sep,36,22.2571428571429,30.0285714285714
KATI,Zanzibar,2022,sep,37,21.7285714285714,30.2571428571429
KATI,Zanzibar,2022,sep,38,23.0857142857143,30.5714285714286
KATI,Zanzibar,2022,sep,39,23.0,30.8714285714286
KATI,Zanzibar,2022,oct,40,22.5285714285714,30.6714285714286
KATI,Zanzibar,2022,oct,41,22.2714285714286,31.2428571428571
KATI,Zanzibar,2022,oct,42,22.4142857142857,31.0428571428571
KATI,Zanzibar,2022,oct,43,23.0714285714286,30.5714285714286
KATI,Zanzibar,2022,nov,45,23.4142857142857,31.4
KATI,Zanzibar,2022,nov,46,24.4,31.3
KATI,Zanzibar,2022,nov,47,24.4714285714286,31.2
KATI,Zanzibar,2022,nov,48,24.4285714285714,30.5714285714286
KATI,Zanzibar,2022,dec,49,24.4,32.1
KATI,Zanzibar,2022,dec,50,24.4428571428571,31.9857142857143
KATI,Zanzibar,2022,dec,51,25.2857142857143,32.2857142857143
KATI,Zanzibar,2022,dec,52,24.9571428571429,31.4
KATI,Zanzibar,2023,jan,1,26.8857142857143,32.1428571428571
KATI,Zanzibar,2023,jan,2,26.0714285714286,31.3285714285714
KATI,Zanzibar,2023,jan,3,25.7285714285714,32.4142857142857
KATI,Zanzibar,2023,jan,4,25.5428571428571,32.7142857142857
KATI,Zanzibar,2023,feb,6,25.0428571428571,33.3571428571429
KATI,Zanzibar,2023,feb,7,24.3571428571429,33.2571428571429
KATI,Zanzibar,2023,feb,8,25.1857142857143,33.4714285714286
KATI,Zanzibar,2023,feb,9,24.1142857142857,33.5142857142857
KATI,Zanzibar,2023,mar,10,24.7714285714286,33.9142857142857
KATI,Zanzibar,2023,mar,11,25.5714285714286,34.1428571428571
KATI,Zanzibar,2023,mar,12,26.0142857142857,31.7571428571429
KATI,Zanzibar,2023,mar,13,25.9857142857143,31.3
KATI,Zanzibar,2023,apr,14,25.5285714285714,31.5857142857143
KATI,Zanzibar,2023,apr,15,25.3,31.2714285714286
KATI,Zanzibar,2023,apr,16,24.8714285714286,28.8142857142857
KATI,Zanzibar,2023,apr,17,24.7,30.0571428571429
KATI,Zanzibar,2023,may,18,24.6571428571429,30.8857142857143
KATI,Zanzibar,2023,may,19,24.9571428571429,30.5142857142857
KATI,Zanzibar,2023,may,20,25.3571428571429,31.0714285714286
KATI,Zanzibar,2023,may,21,24.3,29.9
KATI,Zanzibar,2023,jun,23,23.8714285714286,28.7571428571429
KATI,Zanzibar,2023,jun,24,23.9714285714286,29.6714285714286
KATI,Zanzibar,2023,jun,25,23.1,30.1285714285714
KATI,Zanzibar,2023,jun,26,23.6142857142857,29.6
KATI,Zanzibar,2023,jul,27,23.2,28.4428571428571
KATI,Zanzibar,2023,jul,28,22.8142857142857,29.1571428571429
KATI,Zanzibar,2023,jul,29,22.6714285714286,29.6285714285714
KATI,Zanzibar,2023,jul,30,22.0142857142857,28.5857142857143
KATI,Zanzibar,2023,aug,32,22.4428571428571,29.3857142857143
KATI,Zanzibar,2023,aug,33,22.4,29.9428571428571
KATI,Zanzibar,2023,aug,34,22.5714285714286,30.6571428571429
KATI,Zanzibar,2023,aug,35,22.4285714285714,30.4285714285714
KATI,Zanzibar,2023,sep,36,21.2285714285714,31.2428571428571
KATI,Zanzibar,2023,sep,37,20.9857142857143,31.0571428571429
KATI,Zanzibar,2023,sep,38,20.4285714285714,31.4285714285714
KATI,Zanzibar,2023,sep,39,22.1571428571429,30.8857142857143
KATI,Zanzibar,2023,oct,40,24.8714285714286,30.7142857142857
KATI,Zanzibar,2023,oct,41,24.2,31.5285714285714
KATI,Zanzibar,2023,oct,42,24.0,32.1571428571429
KATI,Zanzibar,2023,oct,43,24.1,31.3285714285714
KATI,Zanzibar,2023,nov,45,25.0142857142857,27.8714285714286
KATI,Zanzibar,2023,nov,46,24.3857142857143,29.7
KATI,Zanzibar,2023,nov,47,24.1428571428571,30.1
KATI,Zanzibar,2023,nov,48,24.7,30.3714285714286
KATI,Zanzibar,2023,dec,49,23.6857142857143,30.7142857142857
KATI,Zanzibar,2023,dec,50,25.0714285714286,31.5285714285714
KATI,Zanzibar,2023,dec,51,25.1142857142857,32.1571428571429
KATI,Zanzibar,2023,dec,52,25.6428571428571,31.3285714285714
KUSINI,Zanzibar,2019,jan,2,26.8857142857143,33.0571428571429
KUSINI,Zanzibar,2019,jan,3,26.0714285714286,33.8142857142857
KUSINI,Zanzibar,2019,jan,4,25.7285714285714,33.6
KUSINI,Zanzibar,2019,jan,5,25.5428571428571,33.2571428571429
KUSINI,Zanzibar,2019,feb,6,25.0428571428571,34.5142857142857
KUSINI,Zanzibar,2019,feb,7,24.3571428571429,31.9857142857143
KUSINI,Zanzibar,2019,feb,8,25.1857142857143,31.3285714285714
KUSINI,Zanzibar,2019,feb,9,24.1142857142857,32.7285714285714
KUSINI,Zanzibar,2019,mar,10,24.7714285714286,33.8
KUSINI,Zanzibar,2019,mar,11,25.5714285714286,34.1285714285714
KUSINI,Zanzibar,2019,mar,12,26.0142857142857,35.2714285714286
KUSINI,Zanzibar,2019,mar,13,25.9857142857143,34.8285714285714
KUSINI,Zanzibar,2019,apr,14,25.5285714285714,32.4714285714286
KUSINI,Zanzibar,2019,apr,15,25.3,32.0428571428571
KUSINI,Zanzibar,2019,apr,16,24.8714285714286,31.4142857142857
KUSINI,Zanzibar,2019,apr,17,24.7,30.2
KUSINI,Zanzibar,2019,may,19,24.6571428571429,31.4142857142857
KUSINI,Zanzibar,2019,may,20,24.9571428571429,30.7285714285714
KUSINI,Zanzibar,2019,may,21,25.3571428571429,31.4714285714286
KUSINI,Zanzibar,2019,may,22,24.3,30.6571428571429
KUSINI,Zanzibar,2019,jun,23,23.8714285714286,30.3285714285714
KUSINI,Zanzibar,2019,jun,24,23.9714285714286,30.3142857142857
KUSINI,Zanzibar,2019,jun,25,23.1,29.9
KUSINI,Zanzibar,2019,jun,26,23.6142857142857,29.6857142857143
KUSINI,Zanzibar,2019,jul,27,23.2,30.8
KUSINI,Zanzibar,2019,jul,28,22.8142857142857,30.2571428571429
KUSINI,Zanzibar,2019,jul,29,22.6714285714286,29.5
KUSINI,Zanzibar,2019,jul,30,22.0142857142857,30.3714285714286
KUSINI,Zanzibar,2019,aug,32,22.4428571428571,30.3285714285714
KUSINI,Zanzibar,2019,aug,33,22.4,29.8857142857143
KUSINI,Zanzibar,2019,aug,34,22.5714285714286,30.6714285714286
KUSINI,Zanzibar,2019,aug,35,22.4285714285714,30.1857142857143
KUSINI,Zanzibar,2019,sep,36,21.2285714285714,29.2142857142857
KUSINI,Zanzibar,2019,sep,37,20.9857142857143,30.3
KUSINI,Zanzibar,2019,sep,38,20.4285714285714,30.7142857142857
KUSINI,Zanzibar,2019,sep,39,22.1571428571429,30.5285714285714
KUSINI,Zanzibar,2019,oct,41,24.8714285714286,29.9142857142857
KUSINI,Zanzibar,2019,oct,42,24.2,29.0
KUSINI,Zanzibar,2019,oct,43,24.0,29.7428571428571
KUSINI,Zanzibar,2019,oct,44,24.1,30.6
KUSINI,Zanzibar,2019,nov,45,25.0142857142857,32.0285714285714
KUSINI,Zanzibar,2019,nov,46,24.3857142857143,31.2428571428571
KUSINI,Zanzibar,2019,nov,47,24.1428571428571,31.1857142857143
KUSINI,Zanzibar,2019,nov,48,24.7,31.9285714285714
KUSINI,Zanzibar,2019,dec,49,23.6857142857143,32.6571428571429
KUSINI,Zanzibar,2019,dec,50,25.0714285714286,33.3142857142857
KUSINI,Zanzibar,2019,dec,51,25.1142857142857,31.8714285714286
KUSINI,Zanzibar,2019,dec,52,25.6428571428571,33.8
KUSINI,Zanzibar,2020,jan,2,25.8428571428571,33.7
KUSINI,Zanzibar,2020,jan,3,25.4857142857143,33.1285714285714
KUSINI,Zanzibar,2020,jan,4,24.9285714285714,31.6714285714286
KUSINI,Zanzibar,2020,jan,5,25.8,30.7571428571429
KUSINI,Zanzibar,2020,feb,6,25.0571428571429,34.5142857142857
KUSINI,Zanzibar,2020,feb,7,25.1428571428571,31.9857142857143
KUSINI,Zanzibar,2020,feb,8,25.9714285714286,31.3285714285714
KUSINI,Zanzibar,2020,feb,9,26.375,32.7285714285714
KUSINI,Zanzibar,2020,mar,10,25.4,32.2571428571429
KUSINI,Zanzibar,2020,mar,11,24.9428571428571,32.1857142857143
KUSINI,Zanzibar,2020,mar,12,25.8428571428571,32.0571428571429
KUSINI,Zanzibar,2020,mar,13,25.5375,31.8714285714286
KUSINI,Zanzibar,2020,apr,15,25.7714285714286,32.8857142857143
KUSINI,Zanzibar,2020,apr,16,24.3857142857143,30.1571428571429
KUSINI,Zanzibar,2020,apr,17,24.6571428571429,29.1857142857143
KUSINI,Zanzibar,2020,apr,18,25.0,30.9571428571429
KUSINI,Zanzibar,2020,may,19,24.9285714285714,30.2142857142857
KUSINI,Zanzibar,2020,may,20,25.7285714285714,30.4571428571429
KUSINI,Zanzibar,2020,may,21,24.5142857142857,29.9285714285714
KUSINI,Zanzibar,2020,may,22,24.325,30.7714285714286
KUSINI,Zanzibar,2020,jun,23,24.9428571428571,30.4571428571429
KUSINI,Zanzibar,2020,jun,24,24.2428571428571,30.6428571428571
KUSINI,Zanzibar,2020,jun,25,23.5,30.3857142857143
KUSINI,Zanzibar,2020,jun,26,24.225,29.8714285714286
KUSINI,Zanzibar,2020,jul,28,23.5857142857143,29.7714285714286
KUSINI,Zanzibar,2020,jul,29,23.1,29.6
KUSINI,Zanzibar,2020,jul,30,22.7285714285714,28.8285714285714
KUSINI,Zanzibar,2020,jul,31,22.75,29.3428571428571
KUSINI,Zanzibar,2020,aug,32,23.0285714285714,29.8571428571429
KUSINI,Zanzibar,2020,aug,33,22.0571428571429,29.3285714285714
KUSINI,Zanzibar,2020,aug,34,22.6857142857143,29.2285714285714
KUSINI,Zanzibar,2020,aug,35,21.95,29.5
KUSINI,Zanzibar,2020,sep,37,23.0428571428571,29.9
KUSINI,Zanzibar,2020,sep,38,23.7142857142857,30.7
KUSINI,Zanzibar,2020,sep,39,22.1857142857143,31.0714285714286
KUSINI,Zanzibar,2020,sep,40,23.1,30.6857142857143
KUSINI,Zanzibar,2020,oct,41,24.0857142857143,31.7857142857143
KUSINI,Zanzibar,2020,oct,42,23.4857142857143,32.1142857142857
KUSINI,Zanzibar,2020,oct,43,23.5285714285714,31.3428571428571
KUSINI,Zanzibar,2020,oct,44,23.875,31.3142857142857
KUSINI,Zanzibar,2020,nov,45,22.8,30.0428571428571
KUSINI,Zanzibar,2020,nov,46,24.1857142857143,29.9428571428571
KUSINI,Zanzibar,2020,nov,47,24.6285714285714,30.9714285714286
KUSINI,Zanzibar,2020,nov,48,24.7875,30.6714285714286
KUSINI,Zanzibar,2020,dec,50,24.5285714285714,31.5285714285714
KUSINI,Zanzibar,2020,dec,51,25.0571428571429,31.9428571428571
KUSINI,Zanzibar,2020,dec,52,24.5428571428571,31.7
KUSINI,Zanzibar,2021,jan,1,25.3142857142857,31.4571428571429
KUSINI,Zanzibar,2021,jan,2,25.2714285714286,31.2
KUSINI,Zanzibar,2021,jan,3,25.0714285714286,33.2428571428572
KUSINI,Zanzibar,2021,jan,4,25.0857142857143,32.9428571428571
KUSINI,Zanzibar,2021,feb,5,24.9571428571429,32.9428571428571
KUSINI,Zanzibar,2021,feb,6,25.7285714285714,31.3714285714286
KUSINI,Zanzibar,2021,feb,7,25.0857142857143,32.5
KUSINI,Zanzibar,2021,feb,8,25.2428571428571,33.2428571428572
KUSINI,Zanzibar,2021,mar,9,26.1571428571429,33.9
KUSINI,Zanzibar,2021,mar,10,25.0428571428571,33.5285714285714
KUSINI,Zanzibar,2021,mar,11,25.0,32.8714285714286
KUSINI,Zanzibar,2021,mar,12,25.7714285714286,32.8571428571429
KUSINI,Zanzibar,2021,apr,14,25.5285714285714,31.9142857142857
KUSINI,Zanzibar,2021,apr,15,24.3571428571429,29.5857142857143
KUSINI,Zanzibar,2021,apr,16,24.5428571428571,29.9571428571429
KUSINI,Zanzibar,2021,apr,17,25.5428571428571,31.2571428571429
KUSINI,Zanzibar,2021,may,18,24.9142857142857,28.9142857142857
KUSINI,Zanzibar,2021,may,19,24.8,30.9857142857143
KUSINI,Zanzibar,2021,may,20,24.7142857142857,31.2285714285714
KUSINI,Zanzibar,2021,may,21,24.3428571428571,30.7857142857143
KUSINI,Zanzibar,2021,jun,23,23.9,30.1714285714286
KUSINI,Zanzibar,2021,jun,24,23.3428571428571,29.2
KUSINI,Zanzibar,2021,jun,25,23.3714285714286,29.1571428571429
KUSINI,Zanzibar,2021,jun,26,21.8428571428571,29.5142857142857
KUSINI,Zanzibar,2021,jul,27,23.1571428571429,29.7857142857143
KUSINI,Zanzibar,2021,jul,28,23.7142857142857,29.6428571428571
KUSINI,Zanzibar,2021,jul,29,23.4857142857143,30.0571428571429
KUSINI,Zanzibar,2021,jul,30,23.2857142857143,29.5571428571429
KUSINI,Zanzibar,2021,aug,31,22.8571428571429,29.4
KUSINI,Zanzibar,2021,aug,32,21.6571428571429,29.3714285714286
KUSINI,Zanzibar,2021,aug,33,22.7571428571429,29.3714285714286
KUSINI,Zanzibar,2021,aug,34,21.5285714285714,30.1
KUSINI,Zanzibar,2021,sep,36,23.1428571428571,30.2571428571429
KUSINI,Zanzibar,2021,sep,37,22.9,30.0285714285714
KUSINI,Zanzibar,2021,sep,38,22.3714285714286,30.8
KUSINI,Zanzibar,2021,sep,39,22.8714285714286,30.7
KUSINI,Zanzibar,2021,oct,40,22.9,31.8857142857143
KUSINI,Zanzibar,2021,oct,41,23.5142857142857,31.6
KUSINI,Zanzibar,2021,oct,42,22.9,31.0714285714286
KUSINI,Zanzibar,2021,oct,43,23.5285714285714,31.8571428571429
KUSINI,Zanzibar,2021,nov,44,24.8571428571429,33.0428571428571
KUSINI,Zanzibar,2021,nov,45,24.1428571428571,32.7142857142857
KUSINI,Zanzibar,2021,nov,46,24.0714285714286,32.9714285714286
KUSINI,Zanzibar,2021,nov,47,25.6571428571429,32.6833333333333
KUSINI,Zanzibar,2021,dec,49,25.5285714285714,31.1714285714286
KUSINI,Zanzibar,2021,dec,50,24.3571428571429,30.7428571428571
KUSINI,Zanzibar,2021,dec,51,25.1142857142857,31.3714285714286
KUSINI,Zanzibar,2021,dec,52,25.0571428571429,31.5285714285714
KUSINI,Zanzibar,2022,jan,1,26.0,33.6142857142857
KUSINI,Zanzibar,2022,jan,2,26.2142857142857,33.7571428571429
KUSINI,Zanzibar,2022,jan,3,25.3142857142857,33.0285714285714
KUSINI,Zanzibar,2022,jan,4,24.4714285714286,31.0571428571429
KUSINI,Zanzibar,2022,feb,6,24.8285714285714,31.3714285714286
KUSINI,Zanzibar,2022,feb,7,25.7142857142857,32.2714285714286
KUSINI,Zanzibar,2022,feb,8,25.6285714285714,33.3428571428571
KUSINI,Zanzibar,2022,feb,9,25.7857142857143,32.1285714285714
KUSINI,Zanzibar,2022,mar,10,25.5714285714286,33.8571428571429
KUSINI,Zanzibar,2022,mar,11,25.7714285714286,33.7285714285714
KUSINI,Zanzibar,2022,mar,12,26.1714285714286,33.8714285714286
KUSINI,Zanzibar,2022,mar,13,25.5857142857143,32.8714285714286
KUSINI,Zanzibar,2022,apr,14,25.7571428571429,32.9285714285714
KUSINI,Zanzibar,2022,apr,15,25.4142857142857,31.5285714285714
KUSINI,Zanzibar,2022,apr,16,24.8285714285714,30.4
KUSINI,Zanzibar,2022,apr,17,25.1857142857143,29.9714285714286
KUSINI,Zanzibar,2022,may,18,24.8142857142857,30.4
KUSINI,Zanzibar,2022,may,19,25.7285714285714,31.5285714285714
KUSINI,Zanzibar,2022,may,20,25.1714285714286,31.2428571428571
KUSINI,Zanzibar,2022,may,21,24.9857142857143,31.7571428571429
KUSINI,Zanzibar,2022,jun,23,23.6142857142857,30.8142857142857
KUSINI,Zanzibar,2022,jun,24,24.6428571428571,30.9714285714286
KUSINI,Zanzibar,2022,jun,25,23.6,30.2285714285714
KUSINI,Zanzibar,2022,jun,26,24.1142857142857,29.6571428571429
KUSINI,Zanzibar,2022,jul,27,22.2428571428571,28.6857142857143
KUSINI,Zanzibar,2022,jul,28,22.1285714285714,29.0428571428571
KUSINI,Zanzibar,2022,jul,29,22.4857142857143,28.4428571428571
KUSINI,Zanzibar,2022,jul,30,21.9571428571429,28.6571428571429
KUSINI,Zanzibar,2022,aug,31,21.7428571428571,29.0857142857143
KUSINI,Zanzibar,2022,aug,32,21.8285714285714,28.6857142857143
KUSINI,Zanzibar,2022,aug,33,20.5285714285714,29.5571428571429
KUSINI,Zanzibar,2022,aug,34,21.6,28.9857142857143
KUSINI,Zanzibar,2022,sep,36,22.2571428571429,30.0285714285714
KUSINI,Zanzibar,2022,sep,37,21.7285714285714,30.2571428571429
KUSINI,Zanzibar,2022,sep,38,23.0857142857143,30.5714285714286
KUSINI,Zanzibar,2022,sep,39,23.0,30.8714285714286
KUSINI,Zanzibar,2022,oct,40,22.5285714285714,30.6714285714286
KUSINI,Zanzibar,2022,oct,41,22.2714285714286,31.2428571428571
KUSINI,Zanzibar,2022,oct,42,22.4142857142857,31.0428571428571
KUSINI,Zanzibar,2022,oct,43,23.0714285714286,30.5714285714286
KUSINI,Zanzibar,2022,nov,45,23.4142857142857,31.4
KUSINI,Zanzibar,2022,nov,46,24.4,31.3
KUSINI,Zanzibar,2022,nov,47,24.4714285714286,31.2
KUSINI,Zanzibar,2022,nov,48,24.4285714285714,30.5714285714286
KUSINI,Zanzibar,2022,dec,49,24.4,32.1
KUSINI,Zanzibar,2022,dec,50,24.4428571428571,31.9857142857143
KUSINI,Zanzibar,2022,dec,51,25.2857142857143,32.2857142857143
KUSINI,Zanzibar,2022,dec,52,24.9571428571429,31.4
KUSINI,Zanzibar,2023,jan,1,26.8857142857143,32.1428571428571
KUSINI,Zanzibar,2023,jan,2,26.0714285714286,31.3285714285714
KUSINI,Zanzibar,2023,jan,3,25.7285714285714,32.4142857142857
KUSINI,Zanzibar,2023,jan,4,25.5428571428571,32.7142857142857
KUSINI,Zanzibar,2023,feb,6,25.0428571428571,33.3571428571429
KUSINI,Zanzibar,2023,feb,7,24.3571428571429,33.2571428571429
KUSINI,Zanzibar,2023,feb,8,25.1857142857143,33.4714285714286
KUSINI,Zanzibar,2023,feb,9,24.1142857142857,33.5142857142857
KUSINI,Zanzibar,2023,mar,10,24.7714285714286,33.9142857142857
KUSINI,Zanzibar,2023,mar,11,25.5714285714286,34.1428571428571
KUSINI,Zanzibar,2023,mar,12,26.0142857142857,31.7571428571429
KUSINI,Zanzibar,2023,mar,13,25.9857142857143,31.3
KUSINI,Zanzibar,2023,apr,14,25.5285714285714,31.5857142857143
KUSINI,Zanzibar,2023,apr,15,25.3,31.2714285714286
KUSINI,Zanzibar,2023,apr,16,24.8714285714286,28.8142857142857
KUSINI,Zanzibar,2023,apr,17,24.7,30.0571428571429
KUSINI,Zanzibar,2023,may,18,24.6571428571429,30.8857142857143
KUSINI,Zanzibar,2023,may,19,24.9571428571429,30.5142857142857
KUSINI,Zanzibar,2023,may,20,25.3571428571429,31.0714285714286
KUSINI,Zanzibar,2023,may,21,24.3,29.9
KUSINI,Zanzibar,2023,jun,23,23.8714285714286,28.7571428571429
KUSINI,Zanzibar,2023,jun,24,23.9714285714286,29.6714285714286
KUSINI,Zanzibar,2023,jun,25,23.1,30.1285714285714
KUSINI,Zanzibar,2023,jun,26,23.6142857142857,29.6
KUSINI,Zanzibar,2023,jul,27,23.2,28.4428571428571
KUSINI,Zanzibar,2023,jul,28,22.8142857142857,29.1571428571429
KUSINI,Zanzibar,2023,jul,29,22.6714285714286,29.6285714285714
KUSINI,Zanzibar,2023,jul,30,22.0142857142857,28.5857142857143
KUSINI,Zanzibar,2023,aug,32,22.4428571428571,29.3857142857143
KUSINI,Zanzibar,2023,aug,33,22.4,29.9428571428571
KUSINI,Zanzibar,2023,aug,34,22.5714285714286,30.6571428571429
KUSINI,Zanzibar,2023,aug,35,22.4285714285714,30.4285714285714
KUSINI,Zanzibar,2023,sep,36,21.2285714285714,31.2428571428571
KUSINI,Zanzibar,2023,sep,37,20.9857142857143,31.0571428571429
KUSINI,Zanzibar,2023,sep,38,20.4285714285714,31.4285714285714
KUSINI,Zanzibar,2023,sep,39,22.1571428571429,30.8857142857143
KUSINI,Zanzibar,2023,oct,40,24.8714285714286,30.7142857142857
KUSINI,Zanzibar,2023,oct,41,24.2,31.5285714285714
KUSINI,Zanzibar,2023,oct,42,24.0,32.1571428571429
KUSINI,Zanzibar,2023,oct,43,24.1,31.3285714285714
KUSINI,Zanzibar,2023,nov,45,25.0142857142857,27.8714285714286
KUSINI,Zanzibar,2023,nov,46,24.3857142857143,29.7
KUSINI,Zanzibar,2023,nov,47,24.1428571428571,30.1
KUSINI,Zanzibar,2023,nov,48,24.7,30.3714285714286
KUSINI,Zanzibar,2023,dec,49,23.6857142857143,30.7142857142857
KUSINI,Zanzibar,2023,dec,50,25.0714285714286,31.5285714285714
KUSINI,Zanzibar,2023,dec,51,25.1142857142857,32.1571428571429
KUSINI,Zanzibar,2023,dec,52,25.6428571428571,31.3285714285714
MAGHARIBI  A,Zanzibar,2019,jan,2,26.8857142857143,33.0571428571429
MAGHARIBI  A,Zanzibar,2019,jan,3,26.0714285714286,33.8142857142857
MAGHARIBI  A,Zanzibar,2019,jan,4,25.7285714285714,33.6
MAGHARIBI  A,Zanzibar,2019,jan,5,25.5428571428571,33.2571428571429
MAGHARIBI  A,Zanzibar,2019,feb,6,25.0428571428571,34.5142857142857
MAGHARIBI  A,Zanzibar,2019,feb,7,24.3571428571429,31.9857142857143
MAGHARIBI  A,Zanzibar,2019,feb,8,25.1857142857143,31.3285714285714
MAGHARIBI  A,Zanzibar,2019,feb,9,24.1142857142857,32.7285714285714
MAGHARIBI  A,Zanzibar,2019,mar,10,24.7714285714286,33.8
MAGHARIBI  A,Zanzibar,2019,mar,11,25.5714285714286,34.1285714285714
MAGHARIBI  A,Zanzibar,2019,mar,12,26.0142857142857,35.2714285714286
MAGHARIBI  A,Zanzibar,2019,mar,13,25.9857142857143,34.8285714285714
MAGHARIBI  A,Zanzibar,2019,apr,14,25.5285714285714,32.4714285714286
MAGHARIBI  A,Zanzibar,2019,apr,15,25.3,32.0428571428571
MAGHARIBI  A,Zanzibar,2019,apr,16,24.8714285714286,31.4142857142857
MAGHARIBI  A,Zanzibar,2019,apr,17,24.7,30.2
MAGHARIBI  A,Zanzibar,2019,may,19,24.6571428571429,31.4142857142857
MAGHARIBI  A,Zanzibar,2019,may,20,24.9571428571429,30.7285714285714
MAGHARIBI  A,Zanzibar,2019,may,21,25.3571428571429,31.4714285714286
MAGHARIBI  A,Zanzibar,2019,may,22,24.3,30.6571428571429
MAGHARIBI  A,Zanzibar,2019,jun,23,23.8714285714286,30.3285714285714
MAGHARIBI  A,Zanzibar,2019,jun,24,23.9714285714286,30.3142857142857
MAGHARIBI  A,Zanzibar,2019,jun,25,23.1,29.9
MAGHARIBI  A,Zanzibar,2019,jun,26,23.6142857142857,29.6857142857143
MAGHARIBI  A,Zanzibar,2019,jul,27,23.2,30.8
MAGHARIBI  A,Zanzibar,2019,jul,28,22.8142857142857,30.2571428571429
MAGHARIBI  A,Zanzibar,2019,jul,29,22.6714285714286,29.5
MAGHARIBI  A,Zanzibar,2019,jul,30,22.0142857142857,30.3714285714286
MAGHARIBI  A,Zanzibar,2019,aug,32,22.4428571428571,30.3285714285714
MAGHARIBI  A,Zanzibar,2019,aug,33,22.4,29.8857142857143
MAGHARIBI  A,Zanzibar,2019,aug,34,22.5714285714286,30.6714285714286
MAGHARIBI  A,Zanzibar,2019,aug,35,22.4285714285714,30.1857142857143
MAGHARIBI  A,Zanzibar,2019,sep,36,21.2285714285714,29.2142857142857
MAGHARIBI  A,Zanzibar,2019,sep,37,20.9857142857143,30.3
MAGHARIBI  A,Zanzibar,2019,sep,38,20.4285714285714,30.7142857142857
MAGHARIBI  A,Zanzibar,2019,sep,39,22.1571428571429,30.5285714285714
MAGHARIBI  A,Zanzibar,2019,oct,41,24.8714285714286,29.9142857142857
MAGHARIBI  A,Zanzibar,2019,oct,42,24.2,29.0
MAGHARIBI  A,Zanzibar,2019,oct,43,24.0,29.7428571428571
MAGHARIBI  A,Zanzibar,2019,oct,44,24.1,30.6
MAGHARIBI  A,Zanzibar,2019,nov,45,25.0142857142857,32.0285714285714
MAGHARIBI  A,Zanzibar,2019,nov,46,24.3857142857143,31.2428571428571
MAGHARIBI  A,Zanzibar,2019,nov,47,24.1428571428571,31.1857142857143
MAGHARIBI  A,Zanzibar,2019,nov,48,24.7,31.9285714285714
MAGHARIBI  A,Zanzibar,2019,dec,49,23.6857142857143,32.6571428571429
MAGHARIBI  A,Zanzibar,2019,dec,50,25.0714285714286,33.3142857142857
MAGHARIBI  A,Zanzibar,2019,dec,51,25.1142857142857,31.8714285714286
MAGHARIBI  A,Zanzibar,2019,dec,52,25.6428571428571,33.8
MAGHARIBI  A,Zanzibar,2020,jan,2,25.8428571428571,33.7
MAGHARIBI  A,Zanzibar,2020,jan,3,25.4857142857143,33.1285714285714
MAGHARIBI  A,Zanzibar,2020,jan,4,24.9285714285714,31.6714285714286
MAGHARIBI  A,Zanzibar,2020,jan,5,25.8,30.7571428571429
MAGHARIBI  A,Zanzibar,2020,feb,6,25.0571428571429,34.5142857142857
MAGHARIBI  A,Zanzibar,2020,feb,7,25.1428571428571,31.9857142857143
MAGHARIBI  A,Zanzibar,2020,feb,8,25.9714285714286,31.3285714285714
MAGHARIBI  A,Zanzibar,2020,feb,9,26.375,32.7285714285714
MAGHARIBI  A,Zanzibar,2020,mar,10,25.4,32.2571428571429
MAGHARIBI  A,Zanzibar,2020,mar,11,24.9428571428571,32.1857142857143
MAGHARIBI  A,Zanzibar,2020,mar,12,25.8428571428571,32.0571428571429
MAGHARIBI  A,Zanzibar,2020,mar,13,25.5375,31.8714285714286
MAGHARIBI  A,Zanzibar,2020,apr,15,25.7714285714286,32.8857142857143
MAGHARIBI  A,Zanzibar,2020,apr,16,24.3857142857143,30.1571428571429
MAGHARIBI  A,Zanzibar,2020,apr,17,24.6571428571429,29.1857142857143
MAGHARIBI  A,Zanzibar,2020,apr,18,25.0,30.9571428571429
MAGHARIBI  A,Zanzibar,2020,may,19,24.9285714285714,30.2142857142857
MAGHARIBI  A,Zanzibar,2020,may,20,25.7285714285714,30.4571428571429
MAGHARIBI  A,Zanzibar,2020,may,21,24.5142857142857,29.9285714285714
MAGHARIBI  A,Zanzibar,2020,may,22,24.325,30.7714285714286
MAGHARIBI  A,Zanzibar,2020,jun,23,24.9428571428571,30.4571428571429
MAGHARIBI  A,Zanzibar,2020,jun,24,24.2428571428571,30.6428571428571
MAGHARIBI  A,Zanzibar,2020,jun,25,23.5,30.3857142857143
MAGHARIBI  A,Zanzibar,2020,jun,26,24.225,29.8714285714286
MAGHARIBI  A,Zanzibar,2020,jul,28,23.5857142857143,29.7714285714286
MAGHARIBI  A,Zanzibar,2020,jul,29,23.1,29.6
MAGHARIBI  A,Zanzibar,2020,jul,30,22.7285714285714,28.8285714285714
MAGHARIBI  A,Zanzibar,2020,jul,31,22.75,29.3428571428571
MAGHARIBI  A,Zanzibar,2020,aug,32,23.0285714285714,29.8571428571429
MAGHARIBI  A,Zanzibar,2020,aug,33,22.0571428571429,29.3285714285714
MAGHARIBI  A,Zanzibar,2020,aug,34,22.6857142857143,29.2285714285714
MAGHARIBI  A,Zanzibar,2020,aug,35,21.95,29.5
MAGHARIBI  A,Zanzibar,2020,sep,37,23.0428571428571,29.9
MAGHARIBI  A,Zanzibar,2020,sep,38,23.7142857142857,30.7
MAGHARIBI  A,Zanzibar,2020,sep,39,22.1857142857143,31.0714285714286
MAGHARIBI  A,Zanzibar,2020,sep,40,23.1,30.6857142857143
MAGHARIBI  A,Zanzibar,2020,oct,41,24.0857142857143,31.7857142857143
MAGHARIBI  A,Zanzibar,2020,oct,42,23.4857142857143,32.1142857142857
MAGHARIBI  A,Zanzibar,2020,oct,43,23.5285714285714,31.3428571428571
MAGHARIBI  A,Zanzibar,2020,oct,44,23.875,31.3142857142857
MAGHARIBI  A,Zanzibar,2020,nov,45,22.8,30.0428571428571
MAGHARIBI  A,Zanzibar,2020,nov,46,24.1857142857143,29.9428571428571
MAGHARIBI  A,Zanzibar,2020,nov,47,24.6285714285714,30.9714285714286
MAGHARIBI  A,Zanzibar,2020,nov,48,24.7875,30.6714285714286
MAGHARIBI  A,Zanzibar,2020,dec,50,24.5285714285714,31.5285714285714
MAGHARIBI  A,Zanzibar,2020,dec,51,25.0571428571429,31.9428571428571
MAGHARIBI  A,Zanzibar,2020,dec,52,24.5428571428571,31.7
MAGHARIBI  A,Zanzibar,2021,jan,1,25.3142857142857,31.4571428571429
MAGHARIBI  A,Zanzibar,2021,jan,2,25.2714285714286,31.2
MAGHARIBI  A,Zanzibar,2021,jan,3,25.0714285714286,33.2428571428572
MAGHARIBI  A,Zanzibar,2021,jan,4,25.0857142857143,32.9428571428571
MAGHARIBI  A,Zanzibar,2021,feb,5,24.9571428571429,32.9428571428571
MAGHARIBI  A,Zanzibar,2021,feb,6,25.7285714285714,31.3714285714286
MAGHARIBI  A,Zanzibar,2021,feb,7,25.0857142857143,32.5
MAGHARIBI  A,Zanzibar,2021,feb,8,25.2428571428571,33.2428571428572
MAGHARIBI  A,Zanzibar,2021,mar,9,26.1571428571429,33.9
MAGHARIBI  A,Zanzibar,2021,mar,10,25.0428571428571,33.5285714285714
MAGHARIBI  A,Zanzibar,2021,mar,11,25.0,32.8714285714286
MAGHARIBI  A,Zanzibar,2021,mar,12,25.7714285714286,32.8571428571429
MAGHARIBI  A,Zanzibar,2021,apr,14,25.5285714285714,31.9142857142857
MAGHARIBI  A,Zanzibar,2021,apr,15,24.3571428571429,29.5857142857143
MAGHARIBI  A,Zanzibar,2021,apr,16,24.5428571428571,29.9571428571429
MAGHARIBI  A,Zanzibar,2021,apr,17,25.5428571428571,31.2571428571429
MAGHARIBI  A,Zanzibar,2021,may,18,24.9142857142857,28.9142857142857
MAGHARIBI  A,Zanzibar,2021,may,19,24.8,30.9857142857143
MAGHARIBI  A,Zanzibar,2021,may,20,24.7142857142857,31.2285714285714
MAGHARIBI  A,Zanzibar,2021,may,21,24.3428571428571,30.7857142857143
MAGHARIBI  A,Zanzibar,2021,jun,23,23.9,30.1714285714286
MAGHARIBI  A,Zanzibar,2021,jun,24,23.3428571428571,29.2
MAGHARIBI  A,Zanzibar,2021,jun,25,23.3714285714286,29.1571428571429
MAGHARIBI  A,Zanzibar,2021,jun,26,21.8428571428571,29.5142857142857
MAGHARIBI  A,Zanzibar,2021,jul,27,23.1571428571429,29.7857142857143
MAGHARIBI  A,Zanzibar,2021,jul,28,23.7142857142857,29.6428571428571
MAGHARIBI  A,Zanzibar,2021,jul,29,23.4857142857143,30.0571428571429
MAGHARIBI  A,Zanzibar,2021,jul,30,23.2857142857143,29.5571428571429
MAGHARIBI  A,Zanzibar,2021,aug,31,22.8571428571429,29.4
MAGHARIBI  A,Zanzibar,2021,aug,32,21.6571428571429,29.3714285714286
MAGHARIBI  A,Zanzibar,2021,aug,33,22.7571428571429,29.3714285714286
MAGHARIBI  A,Zanzibar,2021,aug,34,21.5285714285714,30.1
MAGHARIBI  A,Zanzibar,2021,sep,36,23.1428571428571,30.2571428571429
MAGHARIBI  A,Zanzibar,2021,sep,37,22.9,30.0285714285714
MAGHARIBI  A,Zanzibar,2021,sep,38,22.3714285714286,30.8
MAGHARIBI  A,Zanzibar,2021,sep,39,22.8714285714286,30.7
MAGHARIBI  A,Zanzibar,2021,oct,40,22.9,31.8857142857143
MAGHARIBI  A,Zanzibar,2021,oct,41,23.5142857142857,31.6
MAGHARIBI  A,Zanzibar,2021,oct,42,22.9,31.0714285714286
MAGHARIBI  A,Zanzibar,2021,oct,43,23.5285714285714,31.8571428571429
MAGHARIBI  A,Zanzibar,2021,nov,44,24.8571428571429,33.0428571428571
MAGHARIBI  A,Zanzibar,2021,nov,45,24.1428571428571,32.7142857142857
MAGHARIBI  A,Zanzibar,2021,nov,46,24.0714285714286,32.9714285714286
MAGHARIBI  A,Zanzibar,2021,nov,47,25.6571428571429,32.6833333333333
MAGHARIBI  A,Zanzibar,2021,dec,49,25.5285714285714,31.1714285714286
MAGHARIBI  A,Zanzibar,2021,dec,50,24.3571428571429,30.7428571428571
MAGHARIBI  A,Zanzibar,2021,dec,51,25.1142857142857,31.3714285714286
MAGHARIBI  A,Zanzibar,2021,dec,52,25.0571428571429,31.5285714285714
MAGHARIBI  A,Zanzibar,2022,jan,1,26.0,33.6142857142857
MAGHARIBI  A,Zanzibar,2022,jan,2,26.2142857142857,33.7571428571429
MAGHARIBI  A,Zanzibar,2022,jan,3,25.3142857142857,33.0285714285714
MAGHARIBI  A,Zanzibar,2022,jan,4,24.4714285714286,31.0571428571429
MAGHARIBI  A,Zanzibar,2022,feb,6,24.8285714285714,31.3714285714286
MAGHARIBI  A,Zanzibar,2022,feb,7,25.7142857142857,32.2714285714286
MAGHARIBI  A,Zanzibar,2022,feb,8,25.6285714285714,33.3428571428571
MAGHARIBI  A,Zanzibar,2022,feb,9,25.7857142857143,32.1285714285714
MAGHARIBI  A,Zanzibar,2022,mar,10,25.5714285714286,33.8571428571429
MAGHARIBI  A,Zanzibar,2022,mar,11,25.7714285714286,33.7285714285714
MAGHARIBI  A,Zanzibar,2022,mar,12,26.1714285714286,33.8714285714286
MAGHARIBI  A,Zanzibar,2022,mar,13,25.5857142857143,32.8714285714286
MAGHARIBI  A,Zanzibar,2022,apr,14,25.7571428571429,32.9285714285714
MAGHARIBI  A,Zanzibar,2022,apr,15,25.4142857142857,31.5285714285714
MAGHARIBI  A,Zanzibar,2022,apr,16,24.8285714285714,30.4
MAGHARIBI  A,Zanzibar,2022,apr,17,25.1857142857143,29.9714285714286
MAGHARIBI  A,Zanzibar,2022,may,18,24.8142857142857,30.4
MAGHARIBI  A,Zanzibar,2022,may,19,25.7285714285714,31.5285714285714
MAGHARIBI  A,Zanzibar,2022,may,20,25.1714285714286,31.2428571428571
MAGHARIBI  A,Zanzibar,2022,may,21,24.9857142857143,31.7571428571429
MAGHARIBI  A,Zanzibar,2022,jun,23,23.6142857142857,30.8142857142857
MAGHARIBI  A,Zanzibar,2022,jun,24,24.6428571428571,30.9714285714286
MAGHARIBI  A,Zanzibar,2022,jun,25,23.6,30.2285714285714
MAGHARIBI  A,Zanzibar,2022,jun,26,24.1142857142857,29.6571428571429
MAGHARIBI  A,Zanzibar,2022,jul,27,22.2428571428571,28.6857142857143
MAGHARIBI  A,Zanzibar,2022,jul,28,22.1285714285714,29.0428571428571
MAGHARIBI  A,Zanzibar,2022,jul,29,22.4857142857143,28.4428571428571
MAGHARIBI  A,Zanzibar,2022,jul,30,21.9571428571429,28.6571428571429
MAGHARIBI  A,Zanzibar,2022,aug,31,21.7428571428571,29.0857142857143
MAGHARIBI  A,Zanzibar,2022,aug,32,21.8285714285714,28.6857142857143
MAGHARIBI  A,Zanzibar,2022,aug,33,20.5285714285714,29.5571428571429
MAGHARIBI  A,Zanzibar,2022,aug,34,21.6,28.9857142857143
MAGHARIBI  A,Zanzibar,2022,sep,36,22.2571428571429,30.0285714285714
MAGHARIBI  A,Zanzibar,2022,sep,37,21.7285714285714,30.2571428571429
MAGHARIBI  A,Zanzibar,2022,sep,38,23.0857142857143,30.5714285714286
MAGHARIBI  A,Zanzibar,2022,sep,39,23.0,30.8714285714286
MAGHARIBI  A,Zanzibar,2022,oct,40,22.5285714285714,30.6714285714286
MAGHARIBI  A,Zanzibar,2022,oct,41,22.2714285714286,31.2428571428571
MAGHARIBI  A,Zanzibar,2022,oct,42,22.4142857142857,31.0428571428571
MAGHARIBI  A,Zanzibar,2022,oct,43,23.0714285714286,30.5714285714286
MAGHARIBI  A,Zanzibar,2022,nov,45,23.4142857142857,31.4
MAGHARIBI  A,Zanzibar,2022,nov,46,24.4,31.3
MAGHARIBI  A,Zanzibar,2022,nov,47,24.4714285714286,31.2
MAGHARIBI  A,Zanzibar,2022,nov,48,24.4285714285714,30.5714285714286
MAGHARIBI  A,Zanzibar,2022,dec,49,24.4,32.1
MAGHARIBI  A,Zanzibar,2022,dec,50,24.4428571428571,31.9857142857143
MAGHARIBI  A,Zanzibar,2022,dec,51,25.2857142857143,32.2857142857143
MAGHARIBI  A,Zanzibar,2022,dec,52,24.9571428571429,31.4
MAGHARIBI  A,Zanzibar,2023,jan,1,26.8857142857143,32.1428571428571
MAGHARIBI  A,Zanzibar,2023,jan,2,26.0714285714286,31.3285714285714
MAGHARIBI  A,Zanzibar,2023,jan,3,25.7285714285714,32.4142857142857
MAGHARIBI  A,Zanzibar,2023,jan,4,25.5428571428571,32.7142857142857
MAGHARIBI  A,Zanzibar,2023,feb,6,25.0428571428571,33.3571428571429
MAGHARIBI  A,Zanzibar,2023,feb,7,24.3571428571429,33.2571428571429
MAGHARIBI  A,Zanzibar,2023,feb,8,25.1857142857143,33.4714285714286
MAGHARIBI  A,Zanzibar,2023,feb,9,24.1142857142857,33.5142857142857
MAGHARIBI  A,Zanzibar,2023,mar,10,24.7714285714286,33.9142857142857
MAGHARIBI  A,Zanzibar,2023,mar,11,25.5714285714286,34.1428571428571
MAGHARIBI  A,Zanzibar,2023,mar,12,26.0142857142857,31.7571428571429
MAGHARIBI  A,Zanzibar,2023,mar,13,25.9857142857143,31.3
MAGHARIBI  A,Zanzibar,2023,apr,14,25.5285714285714,31.5857142857143
MAGHARIBI  A,Zanzibar,2023,apr,15,25.3,31.2714285714286
MAGHARIBI  A,Zanzibar,2023,apr,16,24.8714285714286,28.8142857142857
MAGHARIBI  A,Zanzibar,2023,apr,17,24.7,30.0571428571429
MAGHARIBI  A,Zanzibar,2023,may,18,24.6571428571429,30.8857142857143
MAGHARIBI  A,Zanzibar,2023,may,19,24.9571428571429,30.5142857142857
MAGHARIBI  A,Zanzibar,2023,may,20,25.3571428571429,31.0714285714286
MAGHARIBI  A,Zanzibar,2023,may,21,24.3,29.9
MAGHARIBI  A,Zanzibar,2023,jun,23,23.8714285714286,28.7571428571429
MAGHARIBI  A,Zanzibar,2023,jun,24,23.9714285714286,29.6714285714286
MAGHARIBI  A,Zanzibar,2023,jun,25,23.1,30.1285714285714
MAGHARIBI  A,Zanzibar,2023,jun,26,23.6142857142857,29.6
MAGHARIBI  A,Zanzibar,2023,jul,27,23.2,28.4428571428571
MAGHARIBI  A,Zanzibar,2023,jul,28,22.8142857142857,29.1571428571429
MAGHARIBI  A,Zanzibar,2023,jul,29,22.6714285714286,29.6285714285714
MAGHARIBI  A,Zanzibar,2023,jul,30,22.0142857142857,28.5857142857143
MAGHARIBI  A,Zanzibar,2023,aug,32,22.4428571428571,29.3857142857143
MAGHARIBI  A,Zanzibar,2023,aug,33,22.4,29.9428571428571
MAGHARIBI  A,Zanzibar,2023,aug,34,22.5714285714286,30.6571428571429
MAGHARIBI  A,Zanzibar,2023,aug,35,22.4285714285714,30.4285714285714
MAGHARIBI  A,Zanzibar,2023,sep,36,21.2285714285714,31.2428571428571
MAGHARIBI  A,Zanzibar,2023,sep,37,20.9857142857143,31.0571428571429
MAGHARIBI  A,Zanzibar,2023,sep,38,20.4285714285714,31.4285714285714
MAGHARIBI  A,Zanzibar,2023,sep,39,22.1571428571429,30.8857142857143
MAGHARIBI  A,Zanzibar,2023,oct,40,24.8714285714286,30.7142857142857
MAGHARIBI  A,Zanzibar,2023,oct,41,24.2,31.5285714285714
MAGHARIBI  A,Zanzibar,2023,oct,42,24.0,32.1571428571429
MAGHARIBI  A,Zanzibar,2023,oct,43,24.1,31.3285714285714
MAGHARIBI  A,Zanzibar,2023,nov,45,25.0142857142857,27.8714285714286
MAGHARIBI  A,Zanzibar,2023,nov,46,24.3857142857143,29.7
MAGHARIBI  A,Zanzibar,2023,nov,47,24.1428571428571,30.1
MAGHARIBI  A,Zanzibar,2023,nov,48,24.7,30.3714285714286
MAGHARIBI  A,Zanzibar,2023,dec,49,23.6857142857143,30.7142857142857
MAGHARIBI  A,Zanzibar,2023,dec,50,25.0714285714286,31.5285714285714
MAGHARIBI  A,Zanzibar,2023,dec,51,25.1142857142857,32.1571428571429
MAGHARIBI  A,Zanzibar,2023,dec,52,25.6428571428571,31.3285714285714
MAGHARIBI  B,Zanzibar,2019,jan,2,26.8857142857143,33.0571428571429
MAGHARIBI  B,Zanzibar,2019,jan,3,26.0714285714286,33.8142857142857
MAGHARIBI  B,Zanzibar,2019,jan,4,25.7285714285714,33.6
MAGHARIBI  B,Zanzibar,2019,jan,5,25.5428571428571,33.2571428571429
MAGHARIBI  B,Zanzibar,2019,feb,6,25.0428571428571,34.5142857142857
MAGHARIBI  B,Zanzibar,2019,feb,7,24.3571428571429,31.9857142857143
MAGHARIBI  B,Zanzibar,2019,feb,8,25.1857142857143,31.3285714285714
MAGHARIBI  B,Zanzibar,2019,feb,9,24.1142857142857,32.7285714285714
MAGHARIBI  B,Zanzibar,2019,mar,10,24.7714285714286,33.8
MAGHARIBI  B,Zanzibar,2019,mar,11,25.5714285714286,34.1285714285714
MAGHARIBI  B,Zanzibar,2019,mar,12,26.0142857142857,35.2714285714286
MAGHARIBI  B,Zanzibar,2019,mar,13,25.9857142857143,34.8285714285714
MAGHARIBI  B,Zanzibar,2019,apr,14,25.5285714285714,32.4714285714286
MAGHARIBI  B,Zanzibar,2019,apr,15,25.3,32.0428571428571
MAGHARIBI  B,Zanzibar,2019,apr,16,24.8714285714286,31.4142857142857
MAGHARIBI  B,Zanzibar,2019,apr,17,24.7,30.2
MAGHARIBI  B,Zanzibar,2019,may,19,24.6571428571429,31.4142857142857
MAGHARIBI  B,Zanzibar,2019,may,20,24.9571428571429,30.7285714285714
MAGHARIBI  B,Zanzibar,2019,may,21,25.3571428571429,31.4714285714286
MAGHARIBI  B,Zanzibar,2019,may,22,24.3,30.6571428571429
MAGHARIBI  B,Zanzibar,2019,jun,23,23.8714285714286,30.3285714285714
MAGHARIBI  B,Zanzibar,2019,jun,24,23.9714285714286,30.3142857142857
MAGHARIBI  B,Zanzibar,2019,jun,25,23.1,29.9
MAGHARIBI  B,Zanzibar,2019,jun,26,23.6142857142857,29.6857142857143
MAGHARIBI  B,Zanzibar,2019,jul,27,23.2,30.8
MAGHARIBI  B,Zanzibar,2019,jul,28,22.8142857142857,30.2571428571429
MAGHARIBI  B,Zanzibar,2019,jul,29,22.6714285714286,29.5
MAGHARIBI  B,Zanzibar,2019,jul,30,22.0142857142857,30.3714285714286
MAGHARIBI  B,Zanzibar,2019,aug,32,22.4428571428571,30.3285714285714
MAGHARIBI  B,Zanzibar,2019,aug,33,22.4,29.8857142857143
MAGHARIBI  B,Zanzibar,2019,aug,34,22.5714285714286,30.6714285714286
MAGHARIBI  B,Zanzibar,2019,aug,35,22.4285714285714,30.1857142857143
MAGHARIBI  B,Zanzibar,2019,sep,36,21.2285714285714,29.2142857142857
MAGHARIBI  B,Zanzibar,2019,sep,37,20.9857142857143,30.3
MAGHARIBI  B,Zanzibar,2019,sep,38,20.4285714285714,30.7142857142857
MAGHARIBI  B,Zanzibar,2019,sep,39,22.1571428571429,30.5285714285714
MAGHARIBI  B,Zanzibar,2019,oct,41,24.8714285714286,29.9142857142857
MAGHARIBI  B,Zanzibar,2019,oct,42,24.2,29.0
MAGHARIBI  B,Zanzibar,2019,oct,43,24.0,29.7428571428571
MAGHARIBI  B,Zanzibar,2019,oct,44,24.1,30.6
MAGHARIBI  B,Zanzibar,2019,nov,45,25.0142857142857,32.0285714285714
MAGHARIBI  B,Zanzibar,2019,nov,46,24.3857142857143,31.2428571428571
MAGHARIBI  B,Zanzibar,2019,nov,47,24.1428571428571,31.1857142857143
MAGHARIBI  B,Zanzibar,2019,nov,48,24.7,31.9285714285714
MAGHARIBI  B,Zanzibar,2019,dec,49,23.6857142857143,32.6571428571429
MAGHARIBI  B,Zanzibar,2019,dec,50,25.0714285714286,33.3142857142857
MAGHARIBI  B,Zanzibar,2019,dec,51,25.1142857142857,31.8714285714286
MAGHARIBI  B,Zanzibar,2019,dec,52,25.6428571428571,33.8
MAGHARIBI  B,Zanzibar,2020,jan,2,25.8428571428571,33.7
MAGHARIBI  B,Zanzibar,2020,jan,3,25.4857142857143,33.1285714285714
MAGHARIBI  B,Zanzibar,2020,jan,4,24.9285714285714,31.6714285714286
MAGHARIBI  B,Zanzibar,2020,jan,5,25.8,30.7571428571429
MAGHARIBI  B,Zanzibar,2020,feb,6,25.0571428571429,34.5142857142857
MAGHARIBI  B,Zanzibar,2020,feb,7,25.1428571428571,31.9857142857143
MAGHARIBI  B,Zanzibar,2020,feb,8,25.9714285714286,31.3285714285714
MAGHARIBI  B,Zanzibar,2020,feb,9,26.375,32.7285714285714
MAGHARIBI  B,Zanzibar,2020,mar,10,25.4,32.2571428571429
MAGHARIBI  B,Zanzibar,2020,mar,11,24.9428571428571,32.1857142857143
MAGHARIBI  B,Zanzibar,2020,mar,12,25.8428571428571,32.0571428571429
MAGHARIBI  B,Zanzibar,2020,mar,13,25.5375,31.8714285714286
MAGHARIBI  B,Zanzibar,2020,apr,15,25.7714285714286,32.8857142857143
MAGHARIBI  B,Zanzibar,2020,apr,16,24.3857142857143,30.1571428571429
MAGHARIBI  B,Zanzibar,2020,apr,17,24.6571428571429,29.1857142857143
MAGHARIBI  B,Zanzibar,2020,apr,18,25.0,30.9571428571429
MAGHARIBI  B,Zanzibar,2020,may,19,24.9285714285714,30.2142857142857
MAGHARIBI  B,Zanzibar,2020,may,20,25.7285714285714,30.4571428571429
MAGHARIBI  B,Zanzibar,2020,may,21,24.5142857142857,29.9285714285714
MAGHARIBI  B,Zanzibar,2020,may,22,24.325,30.7714285714286
MAGHARIBI  B,Zanzibar,2020,jun,23,24.9428571428571,30.4571428571429
MAGHARIBI  B,Zanzibar,2020,jun,24,24.2428571428571,30.6428571428571
MAGHARIBI  B,Zanzibar,2020,jun,25,23.5,30.3857142857143
MAGHARIBI  B,Zanzibar,2020,jun,26,24.225,29.8714285714286
MAGHARIBI  B,Zanzibar,2020,jul,28,23.5857142857143,29.7714285714286
MAGHARIBI  B,Zanzibar,2020,jul,29,23.1,29.6
MAGHARIBI  B,Zanzibar,2020,jul,30,22.7285714285714,28.8285714285714
MAGHARIBI  B,Zanzibar,2020,jul,31,22.75,29.3428571428571
MAGHARIBI  B,Zanzibar,2020,aug,32,23.0285714285714,29.8571428571429
MAGHARIBI  B,Zanzibar,2020,aug,33,22.0571428571429,29.3285714285714
MAGHARIBI  B,Zanzibar,2020,aug,34,22.6857142857143,29.2285714285714
MAGHARIBI  B,Zanzibar,2020,aug,35,21.95,29.5
MAGHARIBI  B,Zanzibar,2020,sep,37,23.0428571428571,29.9
MAGHARIBI  B,Zanzibar,2020,sep,38,23.7142857142857,30.7
MAGHARIBI  B,Zanzibar,2020,sep,39,22.1857142857143,31.0714285714286
MAGHARIBI  B,Zanzibar,2020,sep,40,23.1,30.6857142857143
MAGHARIBI  B,Zanzibar,2020,oct,41,24.0857142857143,31.7857142857143
MAGHARIBI  B,Zanzibar,2020,oct,42,23.4857142857143,32.1142857142857
MAGHARIBI  B,Zanzibar,2020,oct,43,23.5285714285714,31.3428571428571
MAGHARIBI  B,Zanzibar,2020,oct,44,23.875,31.3142857142857
MAGHARIBI  B,Zanzibar,2020,nov,45,22.8,30.0428571428571
MAGHARIBI  B,Zanzibar,2020,nov,46,24.1857142857143,29.9428571428571
MAGHARIBI  B,Zanzibar,2020,nov,47,24.6285714285714,30.9714285714286
MAGHARIBI  B,Zanzibar,2020,nov,48,24.7875,30.6714285714286
MAGHARIBI  B,Zanzibar,2020,dec,50,24.5285714285714,31.5285714285714
MAGHARIBI  B,Zanzibar,2020,dec,51,25.0571428571429,31.9428571428571
MAGHARIBI  B,Zanzibar,2020,dec,52,24.5428571428571,31.7
MAGHARIBI  B,Zanzibar,2021,jan,1,25.3142857142857,31.4571428571429
MAGHARIBI  B,Zanzibar,2021,jan,2,25.2714285714286,31.2
MAGHARIBI  B,Zanzibar,2021,jan,3,25.0714285714286,33.2428571428572
MAGHARIBI  B,Zanzibar,2021,jan,4,25.0857142857143,32.9428571428571
MAGHARIBI  B,Zanzibar,2021,feb,5,24.9571428571429,32.9428571428571
MAGHARIBI  B,Zanzibar,2021,feb,6,25.7285714285714,31.3714285714286
MAGHARIBI  B,Zanzibar,2021,feb,7,25.0857142857143,32.5
MAGHARIBI  B,Zanzibar,2021,feb,8,25.2428571428571,33.2428571428572
MAGHARIBI  B,Zanzibar,2021,mar,9,26.1571428571429,33.9
MAGHARIBI  B,Zanzibar,2021,mar,10,25.0428571428571,33.5285714285714
MAGHARIBI  B,Zanzibar,2021,mar,11,25.0,32.8714285714286
MAGHARIBI  B,Zanzibar,2021,mar,12,25.7714285714286,32.8571428571429
MAGHARIBI  B,Zanzibar,2021,apr,14,25.5285714285714,31.9142857142857
MAGHARIBI  B,Zanzibar,2021,apr,15,24.3571428571429,29.5857142857143
MAGHARIBI  B,Zanzibar,2021,apr,16,24.5428571428571,29.9571428571429
MAGHARIBI  B,Zanzibar,2021,apr,17,25.5428571428571,31.2571428571429
MAGHARIBI  B,Zanzibar,2021,may,18,24.9142857142857,28.9142857142857
MAGHARIBI  B,Zanzibar,2021,may,19,24.8,30.9857142857143
MAGHARIBI  B,Zanzibar,2021,may,20,24.7142857142857,31.2285714285714
MAGHARIBI  B,Zanzibar,2021,may,21,24.3428571428571,30.7857142857143
MAGHARIBI  B,Zanzibar,2021,jun,23,23.9,30.1714285714286
MAGHARIBI  B,Zanzibar,2021,jun,24,23.3428571428571,29.2
MAGHARIBI  B,Zanzibar,2021,jun,25,23.3714285714286,29.1571428571429
MAGHARIBI  B,Zanzibar,2021,jun,26,21.8428571428571,29.5142857142857
MAGHARIBI  B,Zanzibar,2021,jul,27,23.1571428571429,29.7857142857143
MAGHARIBI  B,Zanzibar,2021,jul,28,23.7142857142857,29.6428571428571
MAGHARIBI  B,Zanzibar,2021,jul,29,23.4857142857143,30.0571428571429
MAGHARIBI  B,Zanzibar,2021,jul,30,23.2857142857143,29.5571428571429
MAGHARIBI  B,Zanzibar,2021,aug,31,22.8571428571429,29.4
MAGHARIBI  B,Zanzibar,2021,aug,32,21.6571428571429,29.3714285714286
MAGHARIBI  B,Zanzibar,2021,aug,33,22.7571428571429,29.3714285714286
MAGHARIBI  B,Zanzibar,2021,aug,34,21.5285714285714,30.1
MAGHARIBI  B,Zanzibar,2021,sep,36,23.1428571428571,30.2571428571429
MAGHARIBI  B,Zanzibar,2021,sep,37,22.9,30.0285714285714
MAGHARIBI  B,Zanzibar,2021,sep,38,22.3714285714286,30.8
MAGHARIBI  B,Zanzibar,2021,sep,39,22.8714285714286,30.7
MAGHARIBI  B,Zanzibar,2021,oct,40,22.9,31.8857142857143
MAGHARIBI  B,Zanzibar,2021,oct,41,23.5142857142857,31.6
MAGHARIBI  B,Zanzibar,2021,oct,42,22.9,31.0714285714286
MAGHARIBI  B,Zanzibar,2021,oct,43,23.5285714285714,31.8571428571429
MAGHARIBI  B,Zanzibar,2021,nov,44,24.8571428571429,33.0428571428571
MAGHARIBI  B,Zanzibar,2021,nov,45,24.1428571428571,32.7142857142857
MAGHARIBI  B,Zanzibar,2021,nov,46,24.0714285714286,32.9714285714286
MAGHARIBI  B,Zanzibar,2021,nov,47,25.6571428571429,32.6833333333333
MAGHARIBI  B,Zanzibar,2021,dec,49,25.5285714285714,31.1714285714286
MAGHARIBI  B,Zanzibar,2021,dec,50,24.3571428571429,30.7428571428571
MAGHARIBI  B,Zanzibar,2021,dec,51,25.1142857142857,31.3714285714286
MAGHARIBI  B,Zanzibar,2021,dec,52,25.0571428571429,31.5285714285714
MAGHARIBI  B,Zanzibar,2022,jan,1,26.0,33.6142857142857
MAGHARIBI  B,Zanzibar,2022,jan,2,26.2142857142857,33.7571428571429
MAGHARIBI  B,Zanzibar,2022,jan,3,25.3142857142857,33.0285714285714
MAGHARIBI  B,Zanzibar,2022,jan,4,24.4714285714286,31.0571428571429
MAGHARIBI  B,Zanzibar,2022,feb,6,24.8285714285714,31.3714285714286
MAGHARIBI  B,Zanzibar,2022,feb,7,25.7142857142857,32.2714285714286
MAGHARIBI  B,Zanzibar,2022,feb,8,25.6285714285714,33.3428571428571
MAGHARIBI  B,Zanzibar,2022,feb,9,25.7857142857143,32.1285714285714
MAGHARIBI  B,Zanzibar,2022,mar,10,25.5714285714286,33.8571428571429
MAGHARIBI  B,Zanzibar,2022,mar,11,25.7714285714286,33.7285714285714
MAGHARIBI  B,Zanzibar,2022,mar,12,26.1714285714286,33.8714285714286
MAGHARIBI  B,Zanzibar,2022,mar,13,25.5857142857143,32.8714285714286
MAGHARIBI  B,Zanzibar,2022,apr,14,25.7571428571429,32.9285714285714
MAGHARIBI  B,Zanzibar,2022,apr,15,25.4142857142857,31.5285714285714
MAGHARIBI  B,Zanzibar,2022,apr,16,24.8285714285714,30.4
MAGHARIBI  B,Zanzibar,2022,apr,17,25.1857142857143,29.9714285714286
MAGHARIBI  B,Zanzibar,2022,may,18,24.8142857142857,30.4
MAGHARIBI  B,Zanzibar,2022,may,19,25.7285714285714,31.5285714285714
MAGHARIBI  B,Zanzibar,2022,may,20,25.1714285714286,31.2428571428571
MAGHARIBI  B,Zanzibar,2022,may,21,24.9857142857143,31.7571428571429
MAGHARIBI  B,Zanzibar,2022,jun,23,23.6142857142857,30.8142857142857
MAGHARIBI  B,Zanzibar,2022,jun,24,24.6428571428571,30.9714285714286
MAGHARIBI  B,Zanzibar,2022,jun,25,23.6,30.2285714285714
MAGHARIBI  B,Zanzibar,2022,jun,26,24.1142857142857,29.6571428571429
MAGHARIBI  B,Zanzibar,2022,jul,27,22.2428571428571,28.6857142857143
MAGHARIBI  B,Zanzibar,2022,jul,28,22.1285714285714,29.0428571428571
MAGHARIBI  B,Zanzibar,2022,jul,29,22.4857142857143,28.4428571428571
MAGHARIBI  B,Zanzibar,2022,jul,30,21.9571428571429,28.6571428571429
MAGHARIBI  B,Zanzibar,2022,aug,31,21.7428571428571,29.0857142857143
MAGHARIBI  B,Zanzibar,2022,aug,32,21.8285714285714,28.6857142857143
MAGHARIBI  B,Zanzibar,2022,aug,33,20.5285714285714,29.5571428571429
MAGHARIBI  B,Zanzibar,2022,aug,34,21.6,28.9857142857143
MAGHARIBI  B,Zanzibar,2022,sep,36,22.2571428571429,30.0285714285714
MAGHARIBI  B,Zanzibar,2022,sep,37,21.7285714285714,30.2571428571429
MAGHARIBI  B,Zanzibar,2022,sep,38,23.0857142857143,30.5714285714286
MAGHARIBI  B,Zanzibar,2022,sep,39,23.0,30.8714285714286
MAGHARIBI  B,Zanzibar,2022,oct,40,22.5285714285714,30.6714285714286
MAGHARIBI  B,Zanzibar,2022,oct,41,22.2714285714286,31.2428571428571
MAGHARIBI  B,Zanzibar,2022,oct,42,22.4142857142857,31.0428571428571
MAGHARIBI  B,Zanzibar,2022,oct,43,23.0714285714286,30.5714285714286
MAGHARIBI  B,Zanzibar,2022,nov,45,23.4142857142857,31.4
MAGHARIBI  B,Zanzibar,2022,nov,46,24.4,31.3
MAGHARIBI  B,Zanzibar,2022,nov,47,24.4714285714286,31.2
MAGHARIBI  B,Zanzibar,2022,nov,48,24.4285714285714,30.5714285714286
MAGHARIBI  B,Zanzibar,2022,dec,49,24.4,32.1
MAGHARIBI  B,Zanzibar,2022,dec,50,24.4428571428571,31.9857142857143
MAGHARIBI  B,Zanzibar,2022,dec,51,25.2857142857143,32.2857142857143
MAGHARIBI  B,Zanzibar,2022,dec,52,24.9571428571429,31.4
MAGHARIBI  B,Zanzibar,2023,jan,1,26.8857142857143,32.1428571428571
MAGHARIBI  B,Zanzibar,2023,jan,2,26.0714285714286,31.3285714285714
MAGHARIBI  B,Zanzibar,2023,jan,3,25.7285714285714,32.4142857142857
MAGHARIBI  B,Zanzibar,2023,jan,4,25.5428571428571,32.7142857142857
MAGHARIBI  B,Zanzibar,2023,feb,6,25.0428571428571,33.3571428571429
MAGHARIBI  B,Zanzibar,2023,feb,7,24.3571428571429,33.2571428571429
MAGHARIBI  B,Zanzibar,2023,feb,8,25.1857142857143,33.4714285714286
MAGHARIBI  B,Zanzibar,2023,feb,9,24.1142857142857,33.5142857142857
MAGHARIBI  B,Zanzibar,2023,mar,10,24.7714285714286,33.9142857142857
MAGHARIBI  B,Zanzibar,2023,mar,11,25.5714285714286,34.1428571428571
MAGHARIBI  B,Zanzibar,2023,mar,12,26.0142857142857,31.7571428571429
MAGHARIBI  B,Zanzibar,2023,mar,13,25.9857142857143,31.3
MAGHARIBI  B,Zanzibar,2023,apr,14,25.5285714285714,31.5857142857143
MAGHARIBI  B,Zanzibar,2023,apr,15,25.3,31.2714285714286
MAGHARIBI  B,Zanzibar,2023,apr,16,24.8714285714286,28.8142857142857
MAGHARIBI  B,Zanzibar,2023,apr,17,24.7,30.0571428571429
MAGHARIBI  B,Zanzibar,2023,may,18,24.6571428571429,30.8857142857143
MAGHARIBI  B,Zanzibar,2023,may,19,24.9571428571429,30.5142857142857
MAGHARIBI  B,Zanzibar,2023,may,20,25.3571428571429,31.0714285714286
MAGHARIBI  B,Zanzibar,2023,may,21,24.3,29.9
MAGHARIBI  B,Zanzibar,2023,jun,23,23.8714285714286,28.7571428571429
MAGHARIBI  B,Zanzibar,2023,jun,24,23.9714285714286,29.6714285714286
MAGHARIBI  B,Zanzibar,2023,jun,25,23.1,30.1285714285714
MAGHARIBI  B,Zanzibar,2023,jun,26,23.6142857142857,29.6
MAGHARIBI  B,Zanzibar,2023,jul,27,23.2,28.4428571428571
MAGHARIBI  B,Zanzibar,2023,jul,28,22.8142857142857,29.1571428571429
MAGHARIBI  B,Zanzibar,2023,jul,29,22.6714285714286,29.6285714285714
MAGHARIBI  B,Zanzibar,2023,jul,30,22.0142857142857,28.5857142857143
MAGHARIBI  B,Zanzibar,2023,aug,32,22.4428571428571,29.3857142857143
MAGHARIBI  B,Zanzibar,2023,aug,33,22.4,29.9428571428571
MAGHARIBI  B,Zanzibar,2023,aug,34,22.5714285714286,30.6571428571429
MAGHARIBI  B,Zanzibar,2023,aug,35,22.4285714285714,30.4285714285714
MAGHARIBI  B,Zanzibar,2023,sep,36,21.2285714285714,31.2428571428571
MAGHARIBI  B,Zanzibar,2023,sep,37,20.9857142857143,31.0571428571429
MAGHARIBI  B,Zanzibar,2023,sep,38,20.4285714285714,31.4285714285714
MAGHARIBI  B,Zanzibar,2023,sep,39,22.1571428571429,30.8857142857143
MAGHARIBI  B,Zanzibar,2023,oct,40,24.8714285714286,30.7142857142857
MAGHARIBI  B,Zanzibar,2023,oct,41,24.2,31.5285714285714
MAGHARIBI  B,Zanzibar,2023,oct,42,24.0,32.1571428571429
MAGHARIBI  B,Zanzibar,2023,oct,43,24.1,31.3285714285714
MAGHARIBI  B,Zanzibar,2023,nov,45,25.0142857142857,27.8714285714286
MAGHARIBI  B,Zanzibar,2023,nov,46,24.3857142857143,29.7
MAGHARIBI  B,Zanzibar,2023,nov,47,24.1428571428571,30.1
MAGHARIBI  B,Zanzibar,2023,nov,48,24.7,30.3714285714286
MAGHARIBI  B,Zanzibar,2023,dec,49,23.6857142857143,30.7142857142857
MAGHARIBI  B,Zanzibar,2023,dec,50,25.0714285714286,31.5285714285714
MAGHARIBI  B,Zanzibar,2023,dec,51,25.1142857142857,32.1571428571429
MAGHARIBI  B,Zanzibar,2023,dec,52,25.6428571428571,31.3285714285714
MICHEWENI,Pemba,2018,jan,1,24.3428571428571,29.8166666666667
MICHEWENI,Pemba,2018,jan,2,23.8,29.6428571428571
MICHEWENI,Pemba,2018,jan,3,23.3571428571429,30.2285714285714
MICHEWENI,Pemba,2018,jan,4,22.8285714285714,30.4428571428571
MICHEWENI,Pemba,2018,feb,6,23.8571428571429,31.4142857142857
MICHEWENI,Pemba,2018,feb,7,24.5714285714286,31.5428571428571
MICHEWENI,Pemba,2018,feb,8,24.4,32.1
MICHEWENI,Pemba,2018,feb,9,23.7428571428571,32.4714285714286
MICHEWENI,Pemba,2018,mar,10,23.7714285714286,31.5333333333333
MICHEWENI,Pemba,2018,mar,11,23.8428571428571,30.3
MICHEWENI,Pemba,2018,mar,12,24.4428571428571,31.9714285714286
MICHEWENI,Pemba,2018,mar,13,24.0285714285714,31.4
MICHEWENI,Pemba,2018,apr,14,24.5857142857143,31.8714285714286
MICHEWENI,Pemba,2018,apr,15,24.1857142857143,30.9142857142857
MICHEWENI,Pemba,2018,apr,16,23.7142857142857,28.5714285714286
MICHEWENI,Pemba,2018,apr,17,24.7714285714286,29.8
MICHEWENI,Pemba,2018,may,19,22.8714285714286,28.3285714285714
MICHEWENI,Pemba,2018,may,20,23.4285714285714,29.4571428571429
MICHEWENI,Pemba,2018,may,21,24.1142857142857,29.6428571428571
MICHEWENI,Pemba,2018,may,22,23.9571428571429,29.7285714285714
MICHEWENI,Pemba,2018,jun,23,23.9714285714286,28.9571428571429
MICHEWENI,Pemba,2018,jun,24,22.8714285714286,29.2714285714286
MICHEWENI,Pemba,2018,jun,25,23.1857142857143,29.4714285714286
MICHEWENI,Pemba,2018,jun,26,23.5714285714286,28.6285714285714
MICHEWENI,Pemba,2018,jul,27,22.7714285714286,28.4285714285714
MICHEWENI,Pemba,2018,jul,28,23.0857142857143,28.7428571428571
MICHEWENI,Pemba,2018,jul,29,22.9285714285714,28.3
MICHEWENI,Pemba,2018,jul,30,23.2142857142857,27.5285714285714
MICHEWENI,Pemba,2018,aug,32,22.9857142857143,27.6142857142857
MICHEWENI,Pemba,2018,aug,33,23.5714285714286,28.6428571428571
MICHEWENI,Pemba,2018,aug,34,24.0142857142857,29.1571428571429
MICHEWENI,Pemba,2018,aug,35,24.6714285714286,28.6571428571429
MICHEWENI,Pemba,2018,sep,36,23.3142857142857,29.2
MICHEWENI,Pemba,2018,sep,37,23.6571428571429,29.6428571428571
MICHEWENI,Pemba,2018,sep,38,22.2,29.7285714285714
MICHEWENI,Pemba,2018,sep,39,23.2,29.3714285714286
MICHEWENI,Pemba,2018,oct,40,23.2,28.8
MICHEWENI,Pemba,2018,oct,41,23.5428571428571,29.3
MICHEWENI,Pemba,2018,oct,42,23.2285714285714,30.3857142857143
MICHEWENI,Pemba,2018,oct,43,23.7571428571429,29.6714285714286
MICHEWENI,Pemba,2018,nov,45,22.9857142857143,30.8285714285714
MICHEWENI,Pemba,2018,nov,46,23.5714285714286,30.4714285714286
MICHEWENI,Pemba,2018,nov,47,24.0142857142857,30.7142857142857
MICHEWENI,Pemba,2018,nov,48,24.6714285714286,31.4857142857143
MICHEWENI,Pemba,2018,dec,49,24.3166666666667,30.7857142857143
MICHEWENI,Pemba,2018,dec,50,24.35,30.0714285714286
MICHEWENI,Pemba,2018,dec,51,24.7714285714286,30.5714285714286
MICHEWENI,Pemba,2018,dec,52,24.8428571428571,30.7714285714286
MICHEWENI,Pemba,2019,jan,2,25.5571428571429,32.3285714285714
MICHEWENI,Pemba,2019,jan,3,25.7,32.3571428571429
MICHEWENI,Pemba,2019,jan,4,24.4857142857143,32.3
MICHEWENI,Pemba,2019,jan,5,25.725,31.825
MICHEWENI,Pemba,2019,feb,6,24.7857142857143,30.7142857142857
MICHEWENI,Pemba,2019,feb,7,24.6857142857143,31.2428571428571
MICHEWENI,Pemba,2019,feb,8,25.2571428571429,31.6571428571429
MICHEWENI,Pemba,2019,feb,9,25.6,32.3625
MICHEWENI,Pemba,2019,mar,10,25.0142857142857,33.1142857142857
MICHEWENI,Pemba,2019,mar,11,25.1142857142857,32.5714285714286
MICHEWENI,Pemba,2019,mar,12,24.1714285714286,32.7
MICHEWENI,Pemba,2019,mar,13,24.5125,32.9125
MICHEWENI,Pemba,2019,apr,14,24.9428571428571,31.8142857142857
MICHEWENI,Pemba,2019,apr,15,25.0142857142857,31.0714285714286
MICHEWENI,Pemba,2019,apr,16,25.6428571428571,32.3571428571429
MICHEWENI,Pemba,2019,apr,17,25.2125,32.125
MICHEWENI,Pemba,2019,may,19,24.8285714285714,29.4142857142857
MICHEWENI,Pemba,2019,may,20,25.0428571428571,28.1428571428571
MICHEWENI,Pemba,2019,may,21,24.4428571428571,29.2285714285714
MICHEWENI,Pemba,2019,may,22,24.55,28.75
MICHEWENI,Pemba,2019,jun,23,24.1571428571429,29.4142857142857
MICHEWENI,Pemba,2019,jun,24,23.7714285714286,29.1428571428571
MICHEWENI,Pemba,2019,jun,25,24.3,28.8714285714286
MICHEWENI,Pemba,2019,jun,26,24.175,29.1875
MICHEWENI,Pemba,2019,jul,27,24.1857142857143,29.3571428571429
MICHEWENI,Pemba,2019,jul,28,24.6428571428571,29.0857142857143
MICHEWENI,Pemba,2019,jul,29,23.5,28.3857142857143
MICHEWENI,Pemba,2019,jul,30,24.4,28.2375
MICHEWENI,Pemba,2019,aug,32,23.7571428571429,28.9571428571429
MICHEWENI,Pemba,2019,aug,33,24.0428571428571,28.9285714285714
MICHEWENI,Pemba,2019,aug,34,24.3,28.8571428571429
MICHEWENI,Pemba,2019,aug,35,23.8375,29.0375
MICHEWENI,Pemba,2019,sep,36,23.1857142857143,29.4428571428571
MICHEWENI,Pemba,2019,sep,37,23.9285714285714,28.9714285714286
MICHEWENI,Pemba,2019,sep,38,23.5428571428571,29.6571428571429
MICHEWENI,Pemba,2019,sep,39,24.2375,29.875
MICHEWENI,Pemba,2019,oct,41,23.8,29.5285714285714
MICHEWENI,Pemba,2019,oct,42,24.0857142857143,28.8285714285714
MICHEWENI,Pemba,2019,oct,43,23.6428571428571,29.3
MICHEWENI,Pemba,2019,oct,44,24.6375,30.0
MICHEWENI,Pemba,2019,nov,45,24.6857142857143,30.4285714285714
MICHEWENI,Pemba,2019,nov,46,24.6285714285714,30.5571428571429
MICHEWENI,Pemba,2019,nov,47,25.6714285714286,31.1857142857143
MICHEWENI,Pemba,2019,nov,48,24.6875,30.8625
MICHEWENI,Pemba,2019,dec,49,25.1428571428571,32.1
MICHEWENI,Pemba,2019,dec,50,24.8285714285714,31.9857142857143
MICHEWENI,Pemba,2019,dec,51,24.2857142857143,32.2
MICHEWENI,Pemba,2019,dec,52,25.375,32.0375
MICHEWENI,Pemba,2020,jan,2,25.8142857142857,32.0714285714286
MICHEWENI,Pemba,2020,jan,3,25.6,31.7714285714286
MICHEWENI,Pemba,2020,jan,4,26.0142857142857,30.6714285714286
MICHEWENI,Pemba,2020,jan,5,25.8428571428571,30.725
MICHEWENI,Pemba,2020,feb,6,24.7857142857143,30.7142857142857
MICHEWENI,Pemba,2020,feb,7,24.8625,31.2428571428571
MICHEWENI,Pemba,2020,feb,8,25.1428571428571,31.6571428571429
MICHEWENI,Pemba,2020,feb,9,25.6428571428571,32.3625
MICHEWENI,Pemba,2020,mar,10,25.5857142857143,31.8714285714286
MICHEWENI,Pemba,2020,mar,11,25.7625,31.7428571428571
MICHEWENI,Pemba,2020,mar,12,25.4285714285714,31.6714285714286
MICHEWENI,Pemba,2020,mar,13,25.0142857142857,31.425
MICHEWENI,Pemba,2020,apr,15,25.5,31.5
MICHEWENI,Pemba,2020,apr,16,24.9,29.6571428571429
MICHEWENI,Pemba,2020,apr,17,23.9857142857143,29.0
MICHEWENI,Pemba,2020,apr,18,24.5142857142857,29.25
MICHEWENI,Pemba,2020,may,19,24.4,28.9714285714286
MICHEWENI,Pemba,2020,may,20,24.3625,29.2857142857143
MICHEWENI,Pemba,2020,may,21,24.2142857142857,29.2714285714286
MICHEWENI,Pemba,2020,may,22,24.5428571428571,29.7125
MICHEWENI,Pemba,2020,jun,23,25.1285714285714,29.0857142857143
MICHEWENI,Pemba,2020,jun,24,24.5625,28.9714285714286
MICHEWENI,Pemba,2020,jun,25,24.8,27.9142857142857
MICHEWENI,Pemba,2020,jun,26,23.7,28.2375
MICHEWENI,Pemba,2020,jul,28,24.1428571428571,27.7571428571429
MICHEWENI,Pemba,2020,jul,29,23.4625,28.2571428571429
MICHEWENI,Pemba,2020,jul,30,23.3857142857143,27.5
MICHEWENI,Pemba,2020,jul,31,24.3142857142857,27.65
MICHEWENI,Pemba,2020,aug,32,23.2142857142857,27.9714285714286
MICHEWENI,Pemba,2020,aug,33,22.3625,27.6428571428571
MICHEWENI,Pemba,2020,aug,34,23.7,28.2
MICHEWENI,Pemba,2020,aug,35,23.2428571428571,28.2875
MICHEWENI,Pemba,2020,sep,37,23.0,28.0714285714286
MICHEWENI,Pemba,2020,sep,38,22.5625,28.8
MICHEWENI,Pemba,2020,sep,39,22.8,28.5285714285714
MICHEWENI,Pemba,2020,sep,40,22.9142857142857,28.7625
MICHEWENI,Pemba,2020,oct,41,22.6142857142857,29.6
MICHEWENI,Pemba,2020,oct,42,23.8,30.4428571428571
MICHEWENI,Pemba,2020,oct,43,23.2428571428571,30.0428571428571
MICHEWENI,Pemba,2020,oct,44,24.7714285714286,30.5
MICHEWENI,Pemba,2020,nov,45,25.0142857142857,30.0428571428571
MICHEWENI,Pemba,2020,nov,46,24.1125,29.7571428571429
MICHEWENI,Pemba,2020,nov,47,25.3285714285714,30.3142857142857
MICHEWENI,Pemba,2020,nov,48,24.4857142857143,31.025
MICHEWENI,Pemba,2020,dec,50,24.4857142857143,31.2285714285714
MICHEWENI,Pemba,2020,dec,51,24.8375,31.4857142857143
MICHEWENI,Pemba,2020,dec,52,25.1571428571429,31.1142857142857
MICHEWENI,Pemba,2021,jan,1,24.4714285714286,30.6857142857143
MICHEWENI,Pemba,2021,jan,2,24.5428571428571,29.625
MICHEWENI,Pemba,2021,jan,3,23.7571428571429,30.6857142857143
MICHEWENI,Pemba,2021,jan,4,24.4571428571429,30.4333333333333
MICHEWENI,Pemba,2021,feb,5,23.5,31.0142857142857
MICHEWENI,Pemba,2021,feb,6,25.3714285714286,30.4125
MICHEWENI,Pemba,2021,feb,7,24.6142857142857,30.9142857142857
MICHEWENI,Pemba,2021,feb,8,24.4142857142857,31.5833333333333
MICHEWENI,Pemba,2021,mar,9,24.3571428571429,31.8571428571429
MICHEWENI,Pemba,2021,mar,10,24.1285714285714,31.4625
MICHEWENI,Pemba,2021,mar,11,23.9714285714286,31.9571428571429
MICHEWENI,Pemba,2021,mar,12,23.9714285714286,30.9666666666667
MICHEWENI,Pemba,2021,apr,14,25.2571428571429,30.7571428571429
MICHEWENI,Pemba,2021,apr,15,24.6714285714286,29.75
MICHEWENI,Pemba,2021,apr,16,24.4571428571429,28.2
MICHEWENI,Pemba,2021,apr,17,24.9,30.4666666666667
MICHEWENI,Pemba,2021,may,18,23.8714285714286,28.3285714285714
MICHEWENI,Pemba,2021,may,19,25.0571428571429,29.625
MICHEWENI,Pemba,2021,may,20,24.7857142857143,29.7
MICHEWENI,Pemba,2021,may,21,25.2285714285714,29.2166666666667
MICHEWENI,Pemba,2021,jun,23,23.9714285714286,29.0714285714286
MICHEWENI,Pemba,2021,jun,24,24.4,28.25
MICHEWENI,Pemba,2021,jun,25,23.4285714285714,28.2857142857143
MICHEWENI,Pemba,2021,jun,26,23.0142857142857,27.7
MICHEWENI,Pemba,2021,jul,27,23.5,27.9571428571429
MICHEWENI,Pemba,2021,jul,28,24.1,27.925
MICHEWENI,Pemba,2021,jul,29,24.2285714285714,27.8285714285714
MICHEWENI,Pemba,2021,jul,30,23.5714285714286,27.3
MICHEWENI,Pemba,2021,aug,31,22.4428571428571,27.4142857142857
MICHEWENI,Pemba,2021,aug,32,22.2,27.9875
MICHEWENI,Pemba,2021,aug,33,22.9142857142857,27.9142857142857
MICHEWENI,Pemba,2021,aug,34,22.2714285714286,27.85
MICHEWENI,Pemba,2021,sep,36,24.1428571428571,27.4142857142857
MICHEWENI,Pemba,2021,sep,37,23.6857142857143,27.9875
MICHEWENI,Pemba,2021,sep,38,23.4,27.9142857142857
MICHEWENI,Pemba,2021,sep,39,23.1142857142857,27.85
MICHEWENI,Pemba,2021,oct,40,23.1714285714286,29.1142857142857
MICHEWENI,Pemba,2021,oct,41,23.9428571428571,29.5125
MICHEWENI,Pemba,2021,oct,42,24.5285714285714,29.4
MICHEWENI,Pemba,2021,oct,43,22.5142857142857,30.1833333333333
MICHEWENI,Pemba,2021,nov,44,24.4285714285714,30.6714285714286
MICHEWENI,Pemba,2021,nov,45,23.5857142857143,31.075
MICHEWENI,Pemba,2021,nov,46,23.8428571428571,31.1714285714286
MICHEWENI,Pemba,2021,nov,47,25.0857142857143,31.5666666666667
MICHEWENI,Pemba,2021,dec,49,24.5571428571429,30.8857142857143
MICHEWENI,Pemba,2021,dec,50,24.4714285714286,31.0
MICHEWENI,Pemba,2021,dec,51,24.6857142857143,31.1428571428571
MICHEWENI,Pemba,2021,dec,52,24.7571428571429,31.6
MICHEWENI,Pemba,2022,jan,1,25.4428571428571,32.3428571428571
MICHEWENI,Pemba,2022,jan,2,26.0428571428571,31.9285714285714
MICHEWENI,Pemba,2022,jan,3,24.0571428571429,31.2857142857143
MICHEWENI,Pemba,2022,jan,4,25.0714285714286,30.3142857142857
MICHEWENI,Pemba,2022,feb,6,24.0714285714286,31.2142857142857
MICHEWENI,Pemba,2022,feb,7,24.5571428571429,31.1428571428571
MICHEWENI,Pemba,2022,feb,8,24.1428571428571,31.8
MICHEWENI,Pemba,2022,feb,9,25.3,31.1714285714286
MICHEWENI,Pemba,2022,mar,10,24.2714285714286,31.3285714285714
MICHEWENI,Pemba,2022,mar,11,24.4571428571429,32.0
MICHEWENI,Pemba,2022,mar,12,24.3,31.7142857142857
MICHEWENI,Pemba,2022,mar,13,25.6428571428571,32.0428571428571
MICHEWENI,Pemba,2022,apr,14,25.2,31.8714285714286
MICHEWENI,Pemba,2022,apr,15,25.5142857142857,30.9142857142857
MICHEWENI,Pemba,2022,apr,16,24.5428571428571,29.5714285714286
MICHEWENI,Pemba,2022,apr,17,24.8857142857143,30.6571428571429
MICHEWENI,Pemba,2022,may,18,24.3428571428571,29.2285714285714
MICHEWENI,Pemba,2022,may,19,25.9714285714286,29.9714285714286
MICHEWENI,Pemba,2022,may,20,25.8,29.9571428571429
MICHEWENI,Pemba,2022,may,21,26.3142857142857,30.2
MICHEWENI,Pemba,2022,jun,23,23.7,27.7428571428571
MICHEWENI,Pemba,2022,jun,24,24.3857142857143,28.8428571428571
MICHEWENI,Pemba,2022,jun,25,24.8142857142857,28.7857142857143
MICHEWENI,Pemba,2022,jun,26,24.5428571428571,28.1714285714286
MICHEWENI,Pemba,2022,jul,27,22.9571428571429,27.0285714285714
MICHEWENI,Pemba,2022,jul,28,22.5142857142857,27.1571428571429
MICHEWENI,Pemba,2022,jul,29,22.9714285714286,27.4285714285714
MICHEWENI,Pemba,2022,jul,30,23.2142857142857,27.2285714285714
MICHEWENI,Pemba,2022,aug,31,21.3714285714286,27.2285714285714
MICHEWENI,Pemba,2022,aug,32,22.6142857142857,27.3714285714286
MICHEWENI,Pemba,2022,aug,33,21.7571428571429,27.6428571428571
MICHEWENI,Pemba,2022,aug,34,22.4857142857143,27.4714285714286
MICHEWENI,Pemba,2022,sep,36,21.5571428571429,27.7285714285714
MICHEWENI,Pemba,2022,sep,37,21.7285714285714,28.0571428571429
MICHEWENI,Pemba,2022,sep,38,22.9714285714286,28.1142857142857
MICHEWENI,Pemba,2022,sep,39,23.4857142857143,28.4857142857143
MICHEWENI,Pemba,2022,oct,40,22.8428571428571,28.1857142857143
MICHEWENI,Pemba,2022,oct,41,23.5,28.4428571428571
MICHEWENI,Pemba,2022,oct,42,22.9142857142857,28.7
MICHEWENI,Pemba,2022,oct,43,23.6714285714286,28.8285714285714
MICHEWENI,Pemba,2022,nov,45,23.2428571428571,29.9857142857143
MICHEWENI,Pemba,2022,nov,46,24.0142857142857,30.3571428571429
MICHEWENI,Pemba,2022,nov,47,24.1142857142857,30.2857142857143
MICHEWENI,Pemba,2022,nov,48,24.3571428571429,30.6428571428571
MICHEWENI,Pemba,2022,dec,49,24.4,31.4857142857143
MICHEWENI,Pemba,2022,dec,50,24.0857142857143,31.8
MICHEWENI,Pemba,2022,dec,51,25.4714285714286,31.8142857142857
MICHEWENI,Pemba,2022,dec,52,26.0285714285714,31.3428571428571
MICHEWENI,Pemba,2023,jan,1,25.2,32.1142857142857
MICHEWENI,Pemba,2023,jan,2,24.6571428571429,31.85
MICHEWENI,Pemba,2023,jan,3,24.7,31.7333333333333
MICHEWENI,Pemba,2023,jan,4,25.6857142857143,30.8571428571429
MICHEWENI,Pemba,2023,feb,6,24.2571428571429,31.8571428571429
MICHEWENI,Pemba,2023,feb,7,25.0142857142857,31.1875
MICHEWENI,Pemba,2023,feb,8,25.3,31.5
MICHEWENI,Pemba,2023,feb,9,23.5714285714286,31.6857142857143
MICHEWENI,Pemba,2023,mar,10,24.2571428571429,31.9571428571429
MICHEWENI,Pemba,2023,mar,11,25.0142857142857,32.3875
MICHEWENI,Pemba,2023,mar,12,25.3,31.6666666666667
MICHEWENI,Pemba,2023,mar,13,23.5714285714286,31.0571428571429
MICHEWENI,Pemba,2023,apr,14,25.3142857142857,31.4857142857143
MICHEWENI,Pemba,2023,apr,15,25.5714285714286,31.6625
MICHEWENI,Pemba,2023,apr,16,25.1857142857143,28.7333333333333
MICHEWENI,Pemba,2023,apr,17,25.1,29.2857142857143
MICHEWENI,Pemba,2023,may,18,25.2285714285714,30.1428571428571
MICHEWENI,Pemba,2023,may,19,25.3714285714286,30.075
MICHEWENI,Pemba,2023,may,20,25.5142857142857,30.45
MICHEWENI,Pemba,2023,may,21,24.5142857142857,29.2714285714286
MICHEWENI,Pemba,2023,jun,23,23.0,28.9571428571429
MICHEWENI,Pemba,2023,jun,24,23.7857142857143,29.3125
MICHEWENI,Pemba,2023,jun,25,23.8142857142857,29.4333333333333
MICHEWENI,Pemba,2023,jun,26,23.9714285714286,28.7
MICHEWENI,Pemba,2023,jul,27,23.6,28.4285714285714
MICHEWENI,Pemba,2023,jul,28,23.1714285714286,28.675
MICHEWENI,Pemba,2023,jul,29,24.4,28.8
MICHEWENI,Pemba,2023,jul,30,24.1714285714286,28.5142857142857
MICHEWENI,Pemba,2023,aug,32,23.8285714285714,28.4285714285714
MICHEWENI,Pemba,2023,aug,33,23.7142857142857,28.675
MICHEWENI,Pemba,2023,aug,34,22.8285714285714,28.8
MICHEWENI,Pemba,2023,aug,35,23.3857142857143,28.5142857142857
MICHEWENI,Pemba,2023,sep,36,23.2857142857143,29.1714285714286
MICHEWENI,Pemba,2023,sep,37,23.8285714285714,29.5
MICHEWENI,Pemba,2023,sep,38,23.9857142857143,29.8666666666667
MICHEWENI,Pemba,2023,sep,39,24.3857142857143,30.2142857142857
MICHEWENI,Pemba,2023,oct,40,23.9714285714286,30.4857142857143
MICHEWENI,Pemba,2023,oct,41,23.7285714285714,31.0375
MICHEWENI,Pemba,2023,oct,42,25.2142857142857,31.1166666666667
MICHEWENI,Pemba,2023,oct,43,24.6285714285714,31.1857142857143
MICHEWENI,Pemba,2023,nov,45,24.0857142857143,28.7428571428571
MICHEWENI,Pemba,2023,nov,46,24.5571428571429,30.5
MICHEWENI,Pemba,2023,nov,47,24.9714285714286,30.0833333333333
MICHEWENI,Pemba,2023,nov,48,24.3428571428571,30.5571428571429
MICHEWENI,Pemba,2023,dec,49,25.5714285714286,31.3142857142857
MICHEWENI,Pemba,2023,dec,50,24.5285714285714,31.3625
MICHEWENI,Pemba,2023,dec,51,25.4142857142857,31.5833333333333
MICHEWENI,Pemba,2023,dec,52,26.1857142857143,31.7285714285714
MJINI,Zanzibar,2019,jan,2,26.8857142857143,33.0571428571429
MJINI,Zanzibar,2019,jan,3,26.0714285714286,33.8142857142857
MJINI,Zanzibar,2019,jan,4,25.7285714285714,33.6
MJINI,Zanzibar,2019,jan,5,25.5428571428571,33.2571428571429
MJINI,Zanzibar,2019,feb,6,25.0428571428571,34.5142857142857
MJINI,Zanzibar,2019,feb,7,24.3571428571429,31.9857142857143
MJINI,Zanzibar,2019,feb,8,25.1857142857143,31.3285714285714
MJINI,Zanzibar,2019,feb,9,24.1142857142857,32.7285714285714
MJINI,Zanzibar,2019,mar,10,24.7714285714286,33.8
MJINI,Zanzibar,2019,mar,11,25.5714285714286,34.1285714285714
MJINI,Zanzibar,2019,mar,12,26.0142857142857,35.2714285714286
MJINI,Zanzibar,2019,mar,13,25.9857142857143,34.8285714285714
MJINI,Zanzibar,2019,apr,14,25.5285714285714,32.4714285714286
MJINI,Zanzibar,2019,apr,15,25.3,32.0428571428571
MJINI,Zanzibar,2019,apr,16,24.8714285714286,31.4142857142857
MJINI,Zanzibar,2019,apr,17,24.7,30.2
MJINI,Zanzibar,2019,may,19,24.6571428571429,31.4142857142857
MJINI,Zanzibar,2019,may,20,24.9571428571429,30.7285714285714
MJINI,Zanzibar,2019,may,21,25.3571428571429,31.4714285714286
MJINI,Zanzibar,2019,may,22,24.3,30.6571428571429
MJINI,Zanzibar,2019,jun,23,23.8714285714286,30.3285714285714
MJINI,Zanzibar,2019,jun,24,23.9714285714286,30.3142857142857
MJINI,Zanzibar,2019,jun,25,23.1,29.9
MJINI,Zanzibar,2019,jun,26,23.6142857142857,29.6857142857143
MJINI,Zanzibar,2019,jul,27,23.2,30.8
MJINI,Zanzibar,2019,jul,28,22.8142857142857,30.2571428571429
MJINI,Zanzibar,2019,jul,29,22.6714285714286,29.5
MJINI,Zanzibar,2019,jul,30,22.0142857142857,30.3714285714286
MJINI,Zanzibar,2019,aug,32,22.4428571428571,30.3285714285714
MJINI,Zanzibar,2019,aug,33,22.4,29.8857142857143
MJINI,Zanzibar,2019,aug,34,22.5714285714286,30.6714285714286
MJINI,Zanzibar,2019,aug,35,22.4285714285714,30.1857142857143
MJINI,Zanzibar,2019,sep,36,21.2285714285714,29.2142857142857
MJINI,Zanzibar,2019,sep,37,20.9857142857143,30.3
MJINI,Zanzibar,2019,sep,38,20.4285714285714,30.7142857142857
MJINI,Zanzibar,2019,sep,39,22.1571428571429,30.5285714285714
MJINI,Zanzibar,2019,oct,41,24.8714285714286,29.9142857142857
MJINI,Zanzibar,2019,oct,42,24.2,29.0
MJINI,Zanzibar,2019,oct,43,24.0,29.7428571428571
MJINI,Zanzibar,2019,oct,44,24.1,30.6
MJINI,Zanzibar,2019,nov,45,25.0142857142857,32.0285714285714
MJINI,Zanzibar,2019,nov,46,24.3857142857143,31.2428571428571
MJINI,Zanzibar,2019,nov,47,24.1428571428571,31.1857142857143
MJINI,Zanzibar,2019,nov,48,24.7,31.9285714285714
MJINI,Zanzibar,2019,dec,49,23.6857142857143,32.6571428571429
MJINI,Zanzibar,2019,dec,50,25.0714285714286,33.3142857142857
MJINI,Zanzibar,2019,dec,51,25.1142857142857,31.8714285714286
MJINI,Zanzibar,2019,dec,52,25.6428571428571,33.8
MJINI,Zanzibar,2020,jan,2,25.8428571428571,33.7
MJINI,Zanzibar,2020,jan,3,25.4857142857143,33.1285714285714
MJINI,Zanzibar,2020,jan,4,24.9285714285714,31.6714285714286
MJINI,Zanzibar,2020,jan,5,25.8,30.7571428571429
MJINI,Zanzibar,2020,feb,6,25.0571428571429,34.5142857142857
MJINI,Zanzibar,2020,feb,7,25.1428571428571,31.9857142857143
MJINI,Zanzibar,2020,feb,8,25.9714285714286,31.3285714285714
MJINI,Zanzibar,2020,feb,9,26.375,32.7285714285714
MJINI,Zanzibar,2020,mar,10,25.4,32.2571428571429
MJINI,Zanzibar,2020,mar,11,24.9428571428571,32.1857142857143
MJINI,Zanzibar,2020,mar,12,25.8428571428571,32.0571428571429
MJINI,Zanzibar,2020,mar,13,25.5375,31.8714285714286
MJINI,Zanzibar,2020,apr,15,25.7714285714286,32.8857142857143
MJINI,Zanzibar,2020,apr,16,24.3857142857143,30.1571428571429
MJINI,Zanzibar,2020,apr,17,24.6571428571429,29.1857142857143
MJINI,Zanzibar,2020,apr,18,25.0,30.9571428571429
MJINI,Zanzibar,2020,may,19,24.9285714285714,30.2142857142857
MJINI,Zanzibar,2020,may,20,25.7285714285714,30.4571428571429
MJINI,Zanzibar,2020,may,21,24.5142857142857,29.9285714285714
MJINI,Zanzibar,2020,may,22,24.325,30.7714285714286
MJINI,Zanzibar,2020,jun,23,24.9428571428571,30.4571428571429
MJINI,Zanzibar,2020,jun,24,24.2428571428571,30.6428571428571
MJINI,Zanzibar,2020,jun,25,23.5,30.3857142857143
MJINI,Zanzibar,2020,jun,26,24.225,29.8714285714286
MJINI,Zanzibar,2020,jul,28,23.5857142857143,29.7714285714286
MJINI,Zanzibar,2020,jul,29,23.1,29.6
MJINI,Zanzibar,2020,jul,30,22.7285714285714,28.8285714285714
MJINI,Zanzibar,2020,jul,31,22.75,29.3428571428571
MJINI,Zanzibar,2020,aug,32,23.0285714285714,29.8571428571429
MJINI,Zanzibar,2020,aug,33,22.0571428571429,29.3285714285714
MJINI,Zanzibar,2020,aug,34,22.6857142857143,29.2285714285714
MJINI,Zanzibar,2020,aug,35,21.95,29.5
MJINI,Zanzibar,2020,sep,37,23.0428571428571,29.9
MJINI,Zanzibar,2020,sep,38,23.7142857142857,30.7
MJINI,Zanzibar,2020,sep,39,22.1857142857143,31.0714285714286
MJINI,Zanzibar,2020,sep,40,23.1,30.6857142857143
MJINI,Zanzibar,2020,oct,41,24.0857142857143,31.7857142857143
MJINI,Zanzibar,2020,oct,42,23.4857142857143,32.1142857142857
MJINI,Zanzibar,2020,oct,43,23.5285714285714,31.3428571428571
MJINI,Zanzibar,2020,oct,44,23.875,31.3142857142857
MJINI,Zanzibar,2020,nov,45,22.8,30.0428571428571
MJINI,Zanzibar,2020,nov,46,24.1857142857143,29.9428571428571
MJINI,Zanzibar,2020,nov,47,24.6285714285714,30.9714285714286
MJINI,Zanzibar,2020,nov,48,24.7875,30.6714285714286
MJINI,Zanzibar,2020,dec,50,24.5285714285714,31.5285714285714
MJINI,Zanzibar,2020,dec,51,25.0571428571429,31.9428571428571
MJINI,Zanzibar,2020,dec,52,24.5428571428571,31.7
MJINI,Zanzibar,2021,jan,1,25.3142857142857,31.4571428571429
MJINI,Zanzibar,2021,jan,2,25.2714285714286,31.2
MJINI,Zanzibar,2021,jan,3,25.0714285714286,33.2428571428572
MJINI,Zanzibar,2021,jan,4,25.0857142857143,32.9428571428571
MJINI,Zanzibar,2021,feb,5,24.9571428571429,32.9428571428571
MJINI,Zanzibar,2021,feb,6,25.7285714285714,31.3714285714286
MJINI,Zanzibar,2021,feb,7,25.0857142857143,32.5
MJINI,Zanzibar,2021,feb,8,25.2428571428571,33.2428571428572
MJINI,Zanzibar,2021,mar,9,26.1571428571429,33.9
MJINI,Zanzibar,2021,mar,10,25.0428571428571,33.5285714285714
MJINI,Zanzibar,2021,mar,11,25.0,32.8714285714286
MJINI,Zanzibar,2021,mar,12,25.7714285714286,32.8571428571429
MJINI,Zanzibar,2021,apr,14,25.5285714285714,31.9142857142857
MJINI,Zanzibar,2021,apr,15,24.3571428571429,29.5857142857143
MJINI,Zanzibar,2021,apr,16,24.5428571428571,29.9571428571429
MJINI,Zanzibar,2021,apr,17,25.5428571428571,31.2571428571429
MJINI,Zanzibar,2021,may,18,24.9142857142857,28.9142857142857
MJINI,Zanzibar,2021,may,19,24.8,30.9857142857143
MJINI,Zanzibar,2021,may,20,24.7142857142857,31.2285714285714
MJINI,Zanzibar,2021,may,21,24.3428571428571,30.7857142857143
MJINI,Zanzibar,2021,jun,23,23.9,30.1714285714286
MJINI,Zanzibar,2021,jun,24,23.3428571428571,29.2
MJINI,Zanzibar,2021,jun,25,23.3714285714286,29.1571428571429
MJINI,Zanzibar,2021,jun,26,21.8428571428571,29.5142857142857
MJINI,Zanzibar,2021,jul,27,23.1571428571429,29.7857142857143
MJINI,Zanzibar,2021,jul,28,23.7142857142857,29.6428571428571
MJINI,Zanzibar,2021,jul,29,23.4857142857143,30.0571428571429
MJINI,Zanzibar,2021,jul,30,23.2857142857143,29.5571428571429
MJINI,Zanzibar,2021,aug,31,22.8571428571429,29.4
MJINI,Zanzibar,2021,aug,32,21.6571428571429,29.3714285714286
MJINI,Zanzibar,2021,aug,33,22.7571428571429,29.3714285714286
MJINI,Zanzibar,2021,aug,34,21.5285714285714,30.1
MJINI,Zanzibar,2021,sep,36,23.1428571428571,30.2571428571429
MJINI,Zanzibar,2021,sep,37,22.9,30.0285714285714
MJINI,Zanzibar,2021,sep,38,22.3714285714286,30.8
MJINI,Zanzibar,2021,sep,39,22.8714285714286,30.7
MJINI,Zanzibar,2021,oct,40,22.9,31.8857142857143
MJINI,Zanzibar,2021,oct,41,23.5142857142857,31.6
MJINI,Zanzibar,2021,oct,42,22.9,31.0714285714286
MJINI,Zanzibar,2021,oct,43,23.5285714285714,31.8571428571429
MJINI,Zanzibar,2021,nov,44,24.8571428571429,33.0428571428571
MJINI,Zanzibar,2021,nov,45,24.1428571428571,32.7142857142857
MJINI,Zanzibar,2021,nov,46,24.0714285714286,32.9714285714286
MJINI,Zanzibar,2021,nov,47,25.6571428571429,32.6833333333333
MJINI,Zanzibar,2021,dec,49,25.5285714285714,31.1714285714286
MJINI,Zanzibar,2021,dec,50,24.3571428571429,30.7428571428571
MJINI,Zanzibar,2021,dec,51,25.1142857142857,31.3714285714286
MJINI,Zanzibar,2021,dec,52,25.0571428571429,31.5285714285714
MJINI,Zanzibar,2022,jan,1,26.0,33.6142857142857
MJINI,Zanzibar,2022,jan,2,26.2142857142857,33.7571428571429
MJINI,Zanzibar,2022,jan,3,25.3142857142857,33.0285714285714
MJINI,Zanzibar,2022,jan,4,24.4714285714286,31.0571428571429
MJINI,Zanzibar,2022,feb,6,24.8285714285714,31.3714285714286
MJINI,Zanzibar,2022,feb,7,25.7142857142857,32.2714285714286
MJINI,Zanzibar,2022,feb,8,25.6285714285714,33.3428571428571
MJINI,Zanzibar,2022,feb,9,25.7857142857143,32.1285714285714
MJINI,Zanzibar,2022,mar,10,25.5714285714286,33.8571428571429
MJINI,Zanzibar,2022,mar,11,25.7714285714286,33.7285714285714
MJINI,Zanzibar,2022,mar,12,26.1714285714286,33.8714285714286
MJINI,Zanzibar,2022,mar,13,25.5857142857143,32.8714285714286
MJINI,Zanzibar,2022,apr,14,25.7571428571429,32.9285714285714
MJINI,Zanzibar,2022,apr,15,25.4142857142857,31.5285714285714
MJINI,Zanzibar,2022,apr,16,24.8285714285714,30.4
MJINI,Zanzibar,2022,apr,17,25.1857142857143,29.9714285714286
MJINI,Zanzibar,2022,may,18,24.8142857142857,30.4
MJINI,Zanzibar,2022,may,19,25.7285714285714,31.5285714285714
MJINI,Zanzibar,2022,may,20,25.1714285714286,31.2428571428571
MJINI,Zanzibar,2022,may,21,24.9857142857143,31.7571428571429
MJINI,Zanzibar,2022,jun,23,23.6142857142857,30.8142857142857
MJINI,Zanzibar,2022,jun,24,24.6428571428571,30.9714285714286
MJINI,Zanzibar,2022,jun,25,23.6,30.2285714285714
MJINI,Zanzibar,2022,jun,26,24.1142857142857,29.6571428571429
MJINI,Zanzibar,2022,jul,27,22.2428571428571,28.6857142857143
MJINI,Zanzibar,2022,jul,28,22.1285714285714,29.0428571428571
MJINI,Zanzibar,2022,jul,29,22.4857142857143,28.4428571428571
MJINI,Zanzibar,2022,jul,30,21.9571428571429,28.6571428571429
MJINI,Zanzibar,2022,aug,31,21.7428571428571,29.0857142857143
MJINI,Zanzibar,2022,aug,32,21.8285714285714,28.6857142857143
MJINI,Zanzibar,2022,aug,33,20.5285714285714,29.5571428571429
MJINI,Zanzibar,2022,aug,34,21.6,28.9857142857143
MJINI,Zanzibar,2022,sep,36,22.2571428571429,30.0285714285714
MJINI,Zanzibar,2022,sep,37,21.7285714285714,30.2571428571429
MJINI,Zanzibar,2022,sep,38,23.0857142857143,30.5714285714286
MJINI,Zanzibar,2022,sep,39,23.0,30.8714285714286
MJINI,Zanzibar,2022,oct,40,22.5285714285714,30.6714285714286
MJINI,Zanzibar,2022,oct,41,22.2714285714286,31.2428571428571
MJINI,Zanzibar,2022,oct,42,22.4142857142857,31.0428571428571
MJINI,Zanzibar,2022,oct,43,23.0714285714286,30.5714285714286
MJINI,Zanzibar,2022,nov,45,23.4142857142857,31.4
MJINI,Zanzibar,2022,nov,46,24.4,31.3
MJINI,Zanzibar,2022,nov,47,24.4714285714286,31.2
MJINI,Zanzibar,2022,nov,48,24.4285714285714,30.5714285714286
MJINI,Zanzibar,2022,dec,49,24.4,32.1
MJINI,Zanzibar,2022,dec,50,24.4428571428571,31.9857142857143
MJINI,Zanzibar,2022,dec,51,25.2857142857143,32.2857142857143
MJINI,Zanzibar,2022,dec,52,24.9571428571429,31.4
MJINI,Zanzibar,2023,jan,1,26.8857142857143,32.1428571428571
MJINI,Zanzibar,2023,jan,2,26.0714285714286,31.3285714285714
MJINI,Zanzibar,2023,jan,3,25.7285714285714,32.4142857142857
MJINI,Zanzibar,2023,jan,4,25.5428571428571,32.7142857142857
MJINI,Zanzibar,2023,feb,6,25.0428571428571,33.3571428571429
MJINI,Zanzibar,2023,feb,7,24.3571428571429,33.2571428571429
MJINI,Zanzibar,2023,feb,8,25.1857142857143,33.4714285714286
MJINI,Zanzibar,2023,feb,9,24.1142857142857,33.5142857142857
MJINI,Zanzibar,2023,mar,10,24.7714285714286,33.9142857142857
MJINI,Zanzibar,2023,mar,11,25.5714285714286,34.1428571428571
MJINI,Zanzibar,2023,mar,12,26.0142857142857,31.7571428571429
MJINI,Zanzibar,2023,mar,13,25.9857142857143,31.3
MJINI,Zanzibar,2023,apr,14,25.5285714285714,31.5857142857143
MJINI,Zanzibar,2023,apr,15,25.3,31.2714285714286
MJINI,Zanzibar,2023,apr,16,24.8714285714286,28.8142857142857
MJINI,Zanzibar,2023,apr,17,24.7,30.0571428571429
MJINI,Zanzibar,2023,may,18,24.6571428571429,30.8857142857143
MJINI,Zanzibar,2023,may,19,24.9571428571429,30.5142857142857
MJINI,Zanzibar,2023,may,20,25.3571428571429,31.0714285714286
MJINI,Zanzibar,2023,may,21,24.3,29.9
MJINI,Zanzibar,2023,jun,23,23.8714285714286,28.7571428571429
MJINI,Zanzibar,2023,jun,24,23.9714285714286,29.6714285714286
MJINI,Zanzibar,2023,jun,25,23.1,30.1285714285714
MJINI,Zanzibar,2023,jun,26,23.6142857142857,29.6
MJINI,Zanzibar,2023,jul,27,23.2,28.4428571428571
MJINI,Zanzibar,2023,jul,28,22.8142857142857,29.1571428571429
MJINI,Zanzibar,2023,jul,29,22.6714285714286,29.6285714285714
MJINI,Zanzibar,2023,jul,30,22.0142857142857,28.5857142857143
MJINI,Zanzibar,2023,aug,32,22.4428571428571,29.3857142857143
MJINI,Zanzibar,2023,aug,33,22.4,29.9428571428571
MJINI,Zanzibar,2023,aug,34,22.5714285714286,30.6571428571429
MJINI,Zanzibar,2023,aug,35,22.4285714285714,30.4285714285714
MJINI,Zanzibar,2023,sep,36,21.2285714285714,31.2428571428571
MJINI,Zanzibar,2023,sep,37,20.9857142857143,31.0571428571429
MJINI,Zanzibar,2023,sep,38,20.4285714285714,31.4285714285714
MJINI,Zanzibar,2023,sep,39,22.1571428571429,30.8857142857143
MJINI,Zanzibar,2023,oct,40,24.8714285714286,30.7142857142857
MJINI,Zanzibar,2023,oct,41,24.2,31.5285714285714
MJINI,Zanzibar,2023,oct,42,24.0,32.1571428571429
MJINI,Zanzibar,2023,oct,43,24.1,31.3285714285714
MJINI,Zanzibar,2023,nov,45,25.0142857142857,27.8714285714286
MJINI,Zanzibar,2023,nov,46,24.3857142857143,29.7
MJINI,Zanzibar,2023,nov,47,24.1428571428571,30.1
MJINI,Zanzibar,2023,nov,48,24.7,30.3714285714286
MJINI,Zanzibar,2023,dec,49,23.6857142857143,30.7142857142857
MJINI,Zanzibar,2023,dec,50,25.0714285714286,31.5285714285714
MJINI,Zanzibar,2023,dec,51,25.1142857142857,32.1571428571429
MJINI,Zanzibar,2023,dec,52,25.6428571428571,31.3285714285714
MKOANI,Pemba,2018,jan,1,24.3428571428571,29.8166666666667
MKOANI,Pemba,2018,jan,2,23.8,29.6428571428571
MKOANI,Pemba,2018,jan,3,23.3571428571429,30.2285714285714
MKOANI,Pemba,2018,jan,4,22.8285714285714,30.4428571428571
MKOANI,Pemba,2018,feb,6,23.8571428571429,31.4142857142857
MKOANI,Pemba,2018,feb,7,24.5714285714286,31.5428571428571
MKOANI,Pemba,2018,feb,8,24.4,32.1
MKOANI,Pemba,2018,feb,9,23.7428571428571,32.4714285714286
MKOANI,Pemba,2018,mar,10,23.7714285714286,31.5333333333333
MKOANI,Pemba,2018,mar,11,23.8428571428571,30.3
MKOANI,Pemba,2018,mar,12,24.4428571428571,31.9714285714286
MKOANI,Pemba,2018,mar,13,24.0285714285714,31.4
MKOANI,Pemba,2018,apr,14,24.5857142857143,31.8714285714286
MKOANI,Pemba,2018,apr,15,24.1857142857143,30.9142857142857
MKOANI,Pemba,2018,apr,16,23.7142857142857,28.5714285714286
MKOANI,Pemba,2018,apr,17,24.7714285714286,29.8
MKOANI,Pemba,2018,may,19,22.8714285714286,28.3285714285714
MKOANI,Pemba,2018,may,20,23.4285714285714,29.4571428571429
MKOANI,Pemba,2018,may,21,24.1142857142857,29.6428571428571
MKOANI,Pemba,2018,may,22,23.9571428571429,29.7285714285714
MKOANI,Pemba,2018,jun,23,23.9714285714286,28.9571428571429
MKOANI,Pemba,2018,jun,24,22.8714285714286,29.2714285714286
MKOANI,Pemba,2018,jun,25,23.1857142857143,29.4714285714286
MKOANI,Pemba,2018,jun,26,23.5714285714286,28.6285714285714
MKOANI,Pemba,2018,jul,27,22.7714285714286,28.4285714285714
MKOANI,Pemba,2018,jul,28,23.0857142857143,28.7428571428571
MKOANI,Pemba,2018,jul,29,22.9285714285714,28.3
MKOANI,Pemba,2018,jul,30,23.2142857142857,27.5285714285714
MKOANI,Pemba,2018,aug,32,22.9857142857143,27.6142857142857
MKOANI,Pemba,2018,aug,33,23.5714285714286,28.6428571428571
MKOANI,Pemba,2018,aug,34,24.0142857142857,29.1571428571429
MKOANI,Pemba,2018,aug,35,24.6714285714286,28.6571428571429
MKOANI,Pemba,2018,sep,36,23.3142857142857,29.2
MKOANI,Pemba,2018,sep,37,23.6571428571429,29.6428571428571
MKOANI,Pemba,2018,sep,38,22.2,29.7285714285714
MKOANI,Pemba,2018,sep,39,23.2,29.3714285714286
MKOANI,Pemba,2018,oct,40,23.2,28.8
MKOANI,Pemba,2018,oct,41,23.5428571428571,29.3
MKOANI,Pemba,2018,oct,42,23.2285714285714,30.3857142857143
MKOANI,Pemba,2018,oct,43,23.7571428571429,29.6714285714286
MKOANI,Pemba,2018,nov,45,22.9857142857143,30.8285714285714
MKOANI,Pemba,2018,nov,46,23.5714285714286,30.4714285714286
MKOANI,Pemba,2018,nov,47,24.0142857142857,30.7142857142857
MKOANI,Pemba,2018,nov,48,24.6714285714286,31.4857142857143
MKOANI,Pemba,2018,dec,49,24.3166666666667,30.7857142857143
MKOANI,Pemba,2018,dec,50,24.35,30.0714285714286
MKOANI,Pemba,2018,dec,51,24.7714285714286,30.5714285714286
MKOANI,Pemba,2018,dec,52,24.8428571428571,30.7714285714286
MKOANI,Pemba,2019,jan,2,25.5571428571429,32.3285714285714
MKOANI,Pemba,2019,jan,3,25.7,32.3571428571429
MKOANI,Pemba,2019,jan,4,24.4857142857143,32.3
MKOANI,Pemba,2019,jan,5,25.725,31.825
MKOANI,Pemba,2019,feb,6,24.7857142857143,30.7142857142857
MKOANI,Pemba,2019,feb,7,24.6857142857143,31.2428571428571
MKOANI,Pemba,2019,feb,8,25.2571428571429,31.6571428571429
MKOANI,Pemba,2019,feb,9,25.6,32.3625
MKOANI,Pemba,2019,mar,10,25.0142857142857,33.1142857142857
MKOANI,Pemba,2019,mar,11,25.1142857142857,32.5714285714286
MKOANI,Pemba,2019,mar,12,24.1714285714286,32.7
MKOANI,Pemba,2019,mar,13,24.5125,32.9125
MKOANI,Pemba,2019,apr,14,24.9428571428571,31.8142857142857
MKOANI,Pemba,2019,apr,15,25.0142857142857,31.0714285714286
MKOANI,Pemba,2019,apr,16,25.6428571428571,32.3571428571429
MKOANI,Pemba,2019,apr,17,25.2125,32.125
MKOANI,Pemba,2019,may,19,24.8285714285714,29.4142857142857
MKOANI,Pemba,2019,may,20,25.0428571428571,28.1428571428571
MKOANI,Pemba,2019,may,21,24.4428571428571,29.2285714285714
MKOANI,Pemba,2019,may,22,24.55,28.75
MKOANI,Pemba,2019,jun,23,24.1571428571429,29.4142857142857
MKOANI,Pemba,2019,jun,24,23.7714285714286,29.1428571428571
MKOANI,Pemba,2019,jun,25,24.3,28.8714285714286
MKOANI,Pemba,2019,jun,26,24.175,29.1875
MKOANI,Pemba,2019,jul,27,24.1857142857143,29.3571428571429
MKOANI,Pemba,2019,jul,28,24.6428571428571,29.0857142857143
MKOANI,Pemba,2019,jul,29,23.5,28.3857142857143
MKOANI,Pemba,2019,jul,30,24.4,28.2375
MKOANI,Pemba,2019,aug,32,23.7571428571429,28.9571428571429
MKOANI,Pemba,2019,aug,33,24.0428571428571,28.9285714285714
MKOANI,Pemba,2019,aug,34,24.3,28.8571428571429
MKOANI,Pemba,2019,aug,35,23.8375,29.0375
MKOANI,Pemba,2019,sep,36,23.1857142857143,29.4428571428571
MKOANI,Pemba,2019,sep,37,23.9285714285714,28.9714285714286
MKOANI,Pemba,2019,sep,38,23.5428571428571,29.6571428571429
MKOANI,Pemba,2019,sep,39,24.2375,29.875
MKOANI,Pemba,2019,oct,41,23.8,29.5285714285714
MKOANI,Pemba,2019,oct,42,24.0857142857143,28.8285714285714
MKOANI,Pemba,2019,oct,43,23.6428571428571,29.3
MKOANI,Pemba,2019,oct,44,24.6375,30.0
MKOANI,Pemba,2019,nov,45,24.6857142857143,30.4285714285714
MKOANI,Pemba,2019,nov,46,24.6285714285714,30.5571428571429
MKOANI,Pemba,2019,nov,47,25.6714285714286,31.1857142857143
MKOANI,Pemba,2019,nov,48,24.6875,30.8625
MKOANI,Pemba,2019,dec,49,25.1428571428571,32.1
MKOANI,Pemba,2019,dec,50,24.8285714285714,31.9857142857143
MKOANI,Pemba,2019,dec,51,24.2857142857143,32.2
MKOANI,Pemba,2019,dec,52,25.375,32.0375
MKOANI,Pemba,2020,jan,2,25.8142857142857,32.0714285714286
MKOANI,Pemba,2020,jan,3,25.6,31.7714285714286
MKOANI,Pemba,2020,jan,4,26.0142857142857,30.6714285714286
MKOANI,Pemba,2020,jan,5,25.8428571428571,30.725
MKOANI,Pemba,2020,feb,6,24.7857142857143,30.7142857142857
MKOANI,Pemba,2020,feb,7,24.8625,31.2428571428571
MKOANI,Pemba,2020,feb,8,25.1428571428571,31.6571428571429
MKOANI,Pemba,2020,feb,9,25.6428571428571,32.3625
MKOANI,Pemba,2020,mar,10,25.5857142857143,31.8714285714286
MKOANI,Pemba,2020,mar,11,25.7625,31.7428571428571
MKOANI,Pemba,2020,mar,12,25.4285714285714,31.6714285714286
MKOANI,Pemba,2020,mar,13,25.0142857142857,31.425
MKOANI,Pemba,2020,apr,15,25.5,31.5
MKOANI,Pemba,2020,apr,16,24.9,29.6571428571429
MKOANI,Pemba,2020,apr,17,23.9857142857143,29.0
MKOANI,Pemba,2020,apr,18,24.5142857142857,29.25
MKOANI,Pemba,2020,may,19,24.4,28.9714285714286
MKOANI,Pemba,2020,may,20,24.3625,29.2857142857143
MKOANI,Pemba,2020,may,21,24.2142857142857,29.2714285714286
MKOANI,Pemba,2020,may,22,24.5428571428571,29.7125
MKOANI,Pemba,2020,jun,23,25.1285714285714,29.0857142857143
MKOANI,Pemba,2020,jun,24,24.5625,28.9714285714286
MKOANI,Pemba,2020,jun,25,24.8,27.9142857142857
MKOANI,Pemba,2020,jun,26,23.7,28.2375
MKOANI,Pemba,2020,jul,28,24.1428571428571,27.7571428571429
MKOANI,Pemba,2020,jul,29,23.4625,28.2571428571429
MKOANI,Pemba,2020,jul,30,23.3857142857143,27.5
MKOANI,Pemba,2020,jul,31,24.3142857142857,27.65
MKOANI,Pemba,2020,aug,32,23.2142857142857,27.9714285714286
MKOANI,Pemba,2020,aug,33,22.3625,27.6428571428571
MKOANI,Pemba,2020,aug,34,23.7,28.2
MKOANI,Pemba,2020,aug,35,23.2428571428571,28.2875
MKOANI,Pemba,2020,sep,37,23.0,28.0714285714286
MKOANI,Pemba,2020,sep,38,22.5625,28.8
MKOANI,Pemba,2020,sep,39,22.8,28.5285714285714
MKOANI,Pemba,2020,sep,40,22.9142857142857,28.7625
MKOANI,Pemba,2020,oct,41,22.6142857142857,29.6
MKOANI,Pemba,2020,oct,42,23.8,30.4428571428571
MKOANI,Pemba,2020,oct,43,23.2428571428571,30.0428571428571
MKOANI,Pemba,2020,oct,44,24.7714285714286,30.5
MKOANI,Pemba,2020,nov,45,25.0142857142857,30.0428571428571
MKOANI,Pemba,2020,nov,46,24.1125,29.7571428571429
MKOANI,Pemba,2020,nov,47,25.3285714285714,30.3142857142857
MKOANI,Pemba,2020,nov,48,24.4857142857143,31.025
MKOANI,Pemba,2020,dec,50,24.4857142857143,31.2285714285714
MKOANI,Pemba,2020,dec,51,24.8375,31.4857142857143
MKOANI,Pemba,2020,dec,52,25.1571428571429,31.1142857142857
MKOANI,Pemba,2021,jan,1,24.4714285714286,30.6857142857143
MKOANI,Pemba,2021,jan,2,24.5428571428571,29.625
MKOANI,Pemba,2021,jan,3,23.7571428571429,30.6857142857143
MKOANI,Pemba,2021,jan,4,24.4571428571429,30.4333333333333
MKOANI,Pemba,2021,feb,5,23.5,31.0142857142857
MKOANI,Pemba,2021,feb,6,25.3714285714286,30.4125
MKOANI,Pemba,2021,feb,7,24.6142857142857,30.9142857142857
MKOANI,Pemba,2021,feb,8,24.4142857142857,31.5833333333333
MKOANI,Pemba,2021,mar,9,24.3571428571429,31.8571428571429
MKOANI,Pemba,2021,mar,10,24.1285714285714,31.4625
MKOANI,Pemba,2021,mar,11,23.9714285714286,31.9571428571429
MKOANI,Pemba,2021,mar,12,23.9714285714286,30.9666666666667
MKOANI,Pemba,2021,apr,14,25.2571428571429,30.7571428571429
MKOANI,Pemba,2021,apr,15,24.6714285714286,29.75
MKOANI,Pemba,2021,apr,16,24.4571428571429,28.2
MKOANI,Pemba,2021,apr,17,24.9,30.4666666666667
MKOANI,Pemba,2021,may,18,23.8714285714286,28.3285714285714
MKOANI,Pemba,2021,may,19,25.0571428571429,29.625
MKOANI,Pemba,2021,may,20,24.7857142857143,29.7
MKOANI,Pemba,2021,may,21,25.2285714285714,29.2166666666667
MKOANI,Pemba,2021,jun,23,23.9714285714286,29.0714285714286
MKOANI,Pemba,2021,jun,24,24.4,28.25
MKOANI,Pemba,2021,jun,25,23.4285714285714,28.2857142857143
MKOANI,Pemba,2021,jun,26,23.0142857142857,27.7
MKOANI,Pemba,2021,jul,27,23.5,27.9571428571429
MKOANI,Pemba,2021,jul,28,24.1,27.925
MKOANI,Pemba,2021,jul,29,24.2285714285714,27.8285714285714
MKOANI,Pemba,2021,jul,30,23.5714285714286,27.3
MKOANI,Pemba,2021,aug,31,22.4428571428571,27.4142857142857
MKOANI,Pemba,2021,aug,32,22.2,27.9875
MKOANI,Pemba,2021,aug,33,22.9142857142857,27.9142857142857
MKOANI,Pemba,2021,aug,34,22.2714285714286,27.85
MKOANI,Pemba,2021,sep,36,24.1428571428571,27.4142857142857
MKOANI,Pemba,2021,sep,37,23.6857142857143,27.9875
MKOANI,Pemba,2021,sep,38,23.4,27.9142857142857
MKOANI,Pemba,2021,sep,39,23.1142857142857,27.85
MKOANI,Pemba,2021,oct,40,23.1714285714286,29.1142857142857
MKOANI,Pemba,2021,oct,41,23.9428571428571,29.5125
MKOANI,Pemba,2021,oct,42,24.5285714285714,29.4
MKOANI,Pemba,2021,oct,43,22.5142857142857,30.1833333333333
MKOANI,Pemba,2021,nov,44,24.4285714285714,30.6714285714286
MKOANI,Pemba,2021,nov,45,23.5857142857143,31.075
MKOANI,Pemba,2021,nov,46,23.8428571428571,31.1714285714286
MKOANI,Pemba,2021,nov,47,25.0857142857143,31.5666666666667
MKOANI,Pemba,2021,dec,49,24.5571428571429,30.8857142857143
MKOANI,Pemba,2021,dec,50,24.4714285714286,31.0
MKOANI,Pemba,2021,dec,51,24.6857142857143,31.1428571428571
MKOANI,Pemba,2021,dec,52,24.7571428571429,31.6
MKOANI,Pemba,2022,jan,1,25.4428571428571,32.3428571428571
MKOANI,Pemba,2022,jan,2,26.0428571428571,31.9285714285714
MKOANI,Pemba,2022,jan,3,24.0571428571429,31.2857142857143
MKOANI,Pemba,2022,jan,4,25.0714285714286,30.3142857142857
MKOANI,Pemba,2022,feb,6,24.0714285714286,31.2142857142857
MKOANI,Pemba,2022,feb,7,24.5571428571429,31.1428571428571
MKOANI,Pemba,2022,feb,8,24.1428571428571,31.8
MKOANI,Pemba,2022,feb,9,25.3,31.1714285714286
MKOANI,Pemba,2022,mar,10,24.2714285714286,31.3285714285714
MKOANI,Pemba,2022,mar,11,24.4571428571429,32.0
MKOANI,Pemba,2022,mar,12,24.3,31.7142857142857
MKOANI,Pemba,2022,mar,13,25.6428571428571,32.0428571428571
MKOANI,Pemba,2022,apr,14,25.2,31.8714285714286
MKOANI,Pemba,2022,apr,15,25.5142857142857,30.9142857142857
MKOANI,Pemba,2022,apr,16,24.5428571428571,29.5714285714286
MKOANI,Pemba,2022,apr,17,24.8857142857143,30.6571428571429
MKOANI,Pemba,2022,may,18,24.3428571428571,29.2285714285714
MKOANI,Pemba,2022,may,19,25.9714285714286,29.9714285714286
MKOANI,Pemba,2022,may,20,25.8,29.9571428571429
MKOANI,Pemba,2022,may,21,26.3142857142857,30.2
MKOANI,Pemba,2022,jun,23,23.7,27.7428571428571
MKOANI,Pemba,2022,jun,24,24.3857142857143,28.8428571428571
MKOANI,Pemba,2022,jun,25,24.8142857142857,28.7857142857143
MKOANI,Pemba,2022,jun,26,24.5428571428571,28.1714285714286
MKOANI,Pemba,2022,jul,27,22.9571428571429,27.0285714285714
MKOANI,Pemba,2022,jul,28,22.5142857142857,27.1571428571429
MKOANI,Pemba,2022,jul,29,22.9714285714286,27.4285714285714
MKOANI,Pemba,2022,jul,30,23.2142857142857,27.2285714285714
MKOANI,Pemba,2022,aug,31,21.3714285714286,27.2285714285714
MKOANI,Pemba,2022,aug,32,22.6142857142857,27.3714285714286
MKOANI,Pemba,2022,aug,33,21.7571428571429,27.6428571428571
MKOANI,Pemba,2022,aug,34,22.4857142857143,27.4714285714286
MKOANI,Pemba,2022,sep,36,21.5571428571429,27.7285714285714
MKOANI,Pemba,2022,sep,37,21.7285714285714,28.0571428571429
MKOANI,Pemba,2022,sep,38,22.9714285714286,28.1142857142857
MKOANI,Pemba,2022,sep,39,23.4857142857143,28.4857142857143
MKOANI,Pemba,2022,oct,40,22.8428571428571,28.1857142857143
MKOANI,Pemba,2022,oct,41,23.5,28.4428571428571
MKOANI,Pemba,2022,oct,42,22.9142857142857,28.7
MKOANI,Pemba,2022,oct,43,23.6714285714286,28.8285714285714
MKOANI,Pemba,2022,nov,45,23.2428571428571,29.9857142857143
MKOANI,Pemba,2022,nov,46,24.0142857142857,30.3571428571429
MKOANI,Pemba,2022,nov,47,24.1142857142857,30.2857142857143
MKOANI,Pemba,2022,nov,48,24.3571428571429,30.6428571428571
MKOANI,Pemba,2022,dec,49,24.4,31.4857142857143
MKOANI,Pemba,2022,dec,50,24.0857142857143,31.8
MKOANI,Pemba,2022,dec,51,25.4714285714286,31.8142857142857
MKOANI,Pemba,2022,dec,52,26.0285714285714,31.3428571428571
MKOANI,Pemba,2023,jan,1,25.2,32.1142857142857
MKOANI,Pemba,2023,jan,2,24.6571428571429,31.85
MKOANI,Pemba,2023,jan,3,24.7,31.7333333333333
MKOANI,Pemba,2023,jan,4,25.6857142857143,30.8571428571429
MKOANI,Pemba,2023,feb,6,24.2571428571429,31.8571428571429
MKOANI,Pemba,2023,feb,7,25.0142857142857,31.1875
MKOANI,Pemba,2023,feb,8,25.3,31.5
MKOANI,Pemba,2023,feb,9,23.5714285714286,31.6857142857143
MKOANI,Pemba,2023,mar,10,24.2571428571429,31.9571428571429
MKOANI,Pemba,2023,mar,11,25.0142857142857,32.3875
MKOANI,Pemba,2023,mar,12,25.3,31.6666666666667
MKOANI,Pemba,2023,mar,13,23.5714285714286,31.0571428571429
MKOANI,Pemba,2023,apr,14,25.3142857142857,31.4857142857143
MKOANI,Pemba,2023,apr,15,25.5714285714286,31.6625
MKOANI,Pemba,2023,apr,16,25.1857142857143,28.7333333333333
MKOANI,Pemba,2023,apr,17,25.1,29.2857142857143
MKOANI,Pemba,2023,may,18,25.2285714285714,30.1428571428571
MKOANI,Pemba,2023,may,19,25.3714285714286,30.075
MKOANI,Pemba,2023,may,20,25.5142857142857,30.45
MKOANI,Pemba,2023,may,21,24.5142857142857,29.2714285714286
MKOANI,Pemba,2023,jun,23,23.0,28.9571428571429
MKOANI,Pemba,2023,jun,24,23.7857142857143,29.3125
MKOANI,Pemba,2023,jun,25,23.8142857142857,29.4333333333333
MKOANI,Pemba,2023,jun,26,23.9714285714286,28.7
MKOANI,Pemba,2023,jul,27,23.6,28.4285714285714
MKOANI,Pemba,2023,jul,28,23.1714285714286,28.675
MKOANI,Pemba,2023,jul,29,24.4,28.8
MKOANI,Pemba,2023,jul,30,24.1714285714286,28.5142857142857
MKOANI,Pemba,2023,aug,32,23.8285714285714,28.4285714285714
MKOANI,Pemba,2023,aug,33,23.7142857142857,28.675
MKOANI,Pemba,2023,aug,34,22.8285714285714,28.8
MKOANI,Pemba,2023,aug,35,23.3857142857143,28.5142857142857
MKOANI,Pemba,2023,sep,36,23.2857142857143,29.1714285714286
MKOANI,Pemba,2023,sep,37,23.8285714285714,29.5
MKOANI,Pemba,2023,sep,38,23.9857142857143,29.8666666666667
MKOANI,Pemba,2023,sep,39,24.3857142857143,30.2142857142857
MKOANI,Pemba,2023,oct,40,23.9714285714286,30.4857142857143
MKOANI,Pemba,2023,oct,41,23.7285714285714,31.0375
MKOANI,Pemba,2023,oct,42,25.2142857142857,31.1166666666667
MKOANI,Pemba,2023,oct,43,24.6285714285714,31.1857142857143
MKOANI,Pemba,2023,nov,45,24.0857142857143,28.7428571428571
MKOANI,Pemba,2023,nov,46,24.5571428571429,30.5
MKOANI,Pemba,2023,nov,47,24.9714285714286,30.0833333333333
MKOANI,Pemba,2023,nov,48,24.3428571428571,30.5571428571429
MKOANI,Pemba,2023,dec,49,25.5714285714286,31.3142857142857
MKOANI,Pemba,2023,dec,50,24.5285714285714,31.3625
MKOANI,Pemba,2023,dec,51,25.4142857142857,31.5833333333333
MKOANI,Pemba,2023,dec,52,26.1857142857143,31.7285714285714
WETE,Pemba,2018,jan,1,24.3428571428571,29.8166666666667
WETE,Pemba,2018,jan,2,23.8,29.6428571428571
WETE,Pemba,2018,jan,3,23.3571428571429,30.2285714285714
WETE,Pemba,2018,jan,4,22.8285714285714,30.4428571428571
WETE,Pemba,2018,feb,6,23.8571428571429,31.4142857142857
WETE,Pemba,2018,feb,7,24.5714285714286,31.5428571428571
WETE,Pemba,2018,feb,8,24.4,32.1
WETE,Pemba,2018,feb,9,23.7428571428571,32.4714285714286
WETE,Pemba,2018,mar,10,23.7714285714286,31.5333333333333
WETE,Pemba,2018,mar,11,23.8428571428571,30.3
WETE,Pemba,2018,mar,12,24.4428571428571,31.9714285714286
WETE,Pemba,2018,mar,13,24.0285714285714,31.4
WETE,Pemba,2018,apr,14,24.5857142857143,31.8714285714286
WETE,Pemba,2018,apr,15,24.1857142857143,30.9142857142857
WETE,Pemba,2018,apr,16,23.7142857142857,28.5714285714286
WETE,Pemba,2018,apr,17,24.7714285714286,29.8
WETE,Pemba,2018,may,19,22.8714285714286,28.3285714285714
WETE,Pemba,2018,may,20,23.4285714285714,29.4571428571429
WETE,Pemba,2018,may,21,24.1142857142857,29.6428571428571
WETE,Pemba,2018,may,22,23.9571428571429,29.7285714285714
WETE,Pemba,2018,jun,23,23.9714285714286,28.9571428571429
WETE,Pemba,2018,jun,24,22.8714285714286,29.2714285714286
WETE,Pemba,2018,jun,25,23.1857142857143,29.4714285714286
WETE,Pemba,2018,jun,26,23.5714285714286,28.6285714285714
WETE,Pemba,2018,jul,27,22.7714285714286,28.4285714285714
WETE,Pemba,2018,jul,28,23.0857142857143,28.7428571428571
WETE,Pemba,2018,jul,29,22.9285714285714,28.3
WETE,Pemba,2018,jul,30,23.2142857142857,27.5285714285714
WETE,Pemba,2018,aug,32,22.9857142857143,27.6142857142857
WETE,Pemba,2018,aug,33,23.5714285714286,28.6428571428571
WETE,Pemba,2018,aug,34,24.0142857142857,29.1571428571429
WETE,Pemba,2018,aug,35,24.6714285714286,28.6571428571429
WETE,Pemba,2018,sep,36,23.3142857142857,29.2
WETE,Pemba,2018,sep,37,23.6571428571429,29.6428571428571
WETE,Pemba,2018,sep,38,22.2,29.7285714285714
WETE,Pemba,2018,sep,39,23.2,29.3714285714286
WETE,Pemba,2018,oct,40,23.2,28.8
WETE,Pemba,2018,oct,41,23.5428571428571,29.3
WETE,Pemba,2018,oct,42,23.2285714285714,30.3857142857143
WETE,Pemba,2018,oct,43,23.7571428571429,29.6714285714286
WETE,Pemba,2018,nov,45,22.9857142857143,30.8285714285714
WETE,Pemba,2018,nov,46,23.5714285714286,30.4714285714286
WETE,Pemba,2018,nov,47,24.0142857142857,30.7142857142857
WETE,Pemba,2018,nov,48,24.6714285714286,31.4857142857143
WETE,Pemba,2018,dec,49,24.3166666666667,30.7857142857143
WETE,Pemba,2018,dec,50,24.35,30.0714285714286
WETE,Pemba,2018,dec,51,24.7714285714286,30.5714285714286
WETE,Pemba,2018,dec,52,24.8428571428571,30.7714285714286
WETE,Pemba,2019,jan,2,25.5571428571429,32.3285714285714
WETE,Pemba,2019,jan,3,25.7,32.3571428571429
WETE,Pemba,2019,jan,4,24.4857142857143,32.3
WETE,Pemba,2019,jan,5,25.725,31.825
WETE,Pemba,2019,feb,6,24.7857142857143,30.7142857142857
WETE,Pemba,2019,feb,7,24.6857142857143,31.2428571428571
WETE,Pemba,2019,feb,8,25.2571428571429,31.6571428571429
WETE,Pemba,2019,feb,9,25.6,32.3625
WETE,Pemba,2019,mar,10,25.0142857142857,33.1142857142857
WETE,Pemba,2019,mar,11,25.1142857142857,32.5714285714286
WETE,Pemba,2019,mar,12,24.1714285714286,32.7
WETE,Pemba,2019,mar,13,24.5125,32.9125
WETE,Pemba,2019,apr,14,24.9428571428571,31.8142857142857
WETE,Pemba,2019,apr,15,25.0142857142857,31.0714285714286
WETE,Pemba,2019,apr,16,25.6428571428571,32.3571428571429
WETE,Pemba,2019,apr,17,25.2125,32.125
WETE,Pemba,2019,may,19,24.8285714285714,29.4142857142857
WETE,Pemba,2019,may,20,25.0428571428571,28.1428571428571
WETE,Pemba,2019,may,21,24.4428571428571,29.2285714285714
WETE,Pemba,2019,may,22,24.55,28.75
WETE,Pemba,2019,jun,23,24.1571428571429,29.4142857142857
WETE,Pemba,2019,jun,24,23.7714285714286,29.1428571428571
WETE,Pemba,2019,jun,25,24.3,28.8714285714286
WETE,Pemba,2019,jun,26,24.175,29.1875
WETE,Pemba,2019,jul,27,24.1857142857143,29.3571428571429
WETE,Pemba,2019,jul,28,24.6428571428571,29.0857142857143
WETE,Pemba,2019,jul,29,23.5,28.3857142857143
WETE,Pemba,2019,jul,30,24.4,28.2375
WETE,Pemba,2019,aug,32,23.7571428571429,28.9571428571429
WETE,Pemba,2019,aug,33,24.0428571428571,28.9285714285714
WETE,Pemba,2019,aug,34,24.3,28.8571428571429
WETE,Pemba,2019,aug,35,23.8375,29.0375
WETE,Pemba,2019,sep,36,23.1857142857143,29.4428571428571
WETE,Pemba,2019,sep,37,23.9285714285714,28.9714285714286
WETE,Pemba,2019,sep,38,23.5428571428571,29.6571428571429
WETE,Pemba,2019,sep,39,24.2375,29.875
WETE,Pemba,2019,oct,41,23.8,29.5285714285714
WETE,Pemba,2019,oct,42,24.0857142857143,28.8285714285714
WETE,Pemba,2019,oct,43,23.6428571428571,29.3
WETE,Pemba,2019,oct,44,24.6375,30.0
WETE,Pemba,2019,nov,45,24.6857142857143,30.4285714285714
WETE,Pemba,2019,nov,46,24.6285714285714,30.5571428571429
WETE,Pemba,2019,nov,47,25.6714285714286,31.1857142857143
WETE,Pemba,2019,nov,48,24.6875,30.8625
WETE,Pemba,2019,dec,49,25.1428571428571,32.1
WETE,Pemba,2019,dec,50,24.8285714285714,31.9857142857143
WETE,Pemba,2019,dec,51,24.2857142857143,32.2
WETE,Pemba,2019,dec,52,25.375,32.0375
WETE,Pemba,2020,jan,2,25.8142857142857,32.0714285714286
WETE,Pemba,2020,jan,3,25.6,31.7714285714286
WETE,Pemba,2020,jan,4,26.0142857142857,30.6714285714286
WETE,Pemba,2020,jan,5,25.8428571428571,30.725
WETE,Pemba,2020,feb,6,24.7857142857143,30.7142857142857
WETE,Pemba,2020,feb,7,24.8625,31.2428571428571
WETE,Pemba,2020,feb,8,25.1428571428571,31.6571428571429
WETE,Pemba,2020,feb,9,25.6428571428571,32.3625
WETE,Pemba,2020,mar,10,25.5857142857143,31.8714285714286
WETE,Pemba,2020,mar,11,25.7625,31.7428571428571
WETE,Pemba,2020,mar,12,25.4285714285714,31.6714285714286
WETE,Pemba,2020,mar,13,25.0142857142857,31.425
WETE,Pemba,2020,apr,15,25.5,31.5
WETE,Pemba,2020,apr,16,24.9,29.6571428571429
WETE,Pemba,2020,apr,17,23.9857142857143,29.0
WETE,Pemba,2020,apr,18,24.5142857142857,29.25
WETE,Pemba,2020,may,19,24.4,28.9714285714286
WETE,Pemba,2020,may,20,24.3625,29.2857142857143
WETE,Pemba,2020,may,21,24.2142857142857,29.2714285714286
WETE,Pemba,2020,may,22,24.5428571428571,29.7125
WETE,Pemba,2020,jun,23,25.1285714285714,29.0857142857143
WETE,Pemba,2020,jun,24,24.5625,28.9714285714286
WETE,Pemba,2020,jun,25,24.8,27.9142857142857
WETE,Pemba,2020,jun,26,23.7,28.2375
WETE,Pemba,2020,jul,28,24.1428571428571,27.7571428571429
WETE,Pemba,2020,jul,29,23.4625,28.2571428571429
WETE,Pemba,2020,jul,30,23.3857142857143,27.5
WETE,Pemba,2020,jul,31,24.3142857142857,27.65
WETE,Pemba,2020,aug,32,23.2142857142857,27.9714285714286
WETE,Pemba,2020,aug,33,22.3625,27.6428571428571
WETE,Pemba,2020,aug,34,23.7,28.2
WETE,Pemba,2020,aug,35,23.2428571428571,28.2875
WETE,Pemba,2020,sep,37,23.0,28.0714285714286
WETE,Pemba,2020,sep,38,22.5625,28.8
WETE,Pemba,2020,sep,39,22.8,28.5285714285714
WETE,Pemba,2020,sep,40,22.9142857142857,28.7625
WETE,Pemba,2020,oct,41,22.6142857142857,29.6
WETE,Pemba,2020,oct,42,23.8,30.4428571428571
WETE,Pemba,2020,oct,43,23.2428571428571,30.0428571428571
WETE,Pemba,2020,oct,44,24.7714285714286,30.5
WETE,Pemba,2020,nov,45,25.0142857142857,30.0428571428571
WETE,Pemba,2020,nov,46,24.1125,29.7571428571429
WETE,Pemba,2020,nov,47,25.3285714285714,30.3142857142857
WETE,Pemba,2020,nov,48,24.4857142857143,31.025
WETE,Pemba,2020,dec,50,24.4857142857143,31.2285714285714
WETE,Pemba,2020,dec,51,24.8375,31.4857142857143
WETE,Pemba,2020,dec,52,25.1571428571429,31.1142857142857
WETE,Pemba,2021,jan,1,24.4714285714286,30.6857142857143
WETE,Pemba,2021,jan,2,24.5428571428571,29.625
WETE,Pemba,2021,jan,3,23.7571428571429,30.6857142857143
WETE,Pemba,2021,jan,4,24.4571428571429,30.4333333333333
WETE,Pemba,2021,feb,5,23.5,31.0142857142857
WETE,Pemba,2021,feb,6,25.3714285714286,30.4125
WETE,Pemba,2021,feb,7,24.6142857142857,30.9142857142857
WETE,Pemba,2021,feb,8,24.4142857142857,31.5833333333333
WETE,Pemba,2021,mar,9,24.3571428571429,31.8571428571429
WETE,Pemba,2021,mar,10,24.1285714285714,31.4625
WETE,Pemba,2021,mar,11,23.9714285714286,31.9571428571429
WETE,Pemba,2021,mar,12,23.9714285714286,30.9666666666667
WETE,Pemba,2021,apr,14,25.2571428571429,30.7571428571429
WETE,Pemba,2021,apr,15,24.6714285714286,29.75
WETE,Pemba,2021,apr,16,24.4571428571429,28.2
WETE,Pemba,2021,apr,17,24.9,30.4666666666667
WETE,Pemba,2021,may,18,23.8714285714286,28.3285714285714
WETE,Pemba,2021,may,19,25.0571428571429,29.625
WETE,Pemba,2021,may,20,24.7857142857143,29.7
WETE,Pemba,2021,may,21,25.2285714285714,29.2166666666667
WETE,Pemba,2021,jun,23,23.9714285714286,29.0714285714286
WETE,Pemba,2021,jun,24,24.4,28.25
WETE,Pemba,2021,jun,25,23.4285714285714,28.2857142857143
WETE,Pemba,2021,jun,26,23.0142857142857,27.7
WETE,Pemba,2021,jul,27,23.5,27.9571428571429
WETE,Pemba,2021,jul,28,24.1,27.925
WETE,Pemba,2021,jul,29,24.2285714285714,27.8285714285714
WETE,Pemba,2021,jul,30,23.5714285714286,27.3
WETE,Pemba,2021,aug,31,22.4428571428571,27.4142857142857
WETE,Pemba,2021,aug,32,22.2,27.9875
WETE,Pemba,2021,aug,33,22.9142857142857,27.9142857142857
WETE,Pemba,2021,aug,34,22.2714285714286,27.85
WETE,Pemba,2021,sep,36,24.1428571428571,27.4142857142857
WETE,Pemba,2021,sep,37,23.6857142857143,27.9875
WETE,Pemba,2021,sep,38,23.4,27.9142857142857
WETE,Pemba,2021,sep,39,23.1142857142857,27.85
WETE,Pemba,2021,oct,40,23.1714285714286,29.1142857142857
WETE,Pemba,2021,oct,41,23.9428571428571,29.5125
WETE,Pemba,2021,oct,42,24.5285714285714,29.4
WETE,Pemba,2021,oct,43,22.5142857142857,30.1833333333333
WETE,Pemba,2021,nov,44,24.4285714285714,30.6714285714286
WETE,Pemba,2021,nov,45,23.5857142857143,31.075
WETE,Pemba,2021,nov,46,23.8428571428571,31.1714285714286
WETE,Pemba,2021,nov,47,25.0857142857143,31.5666666666667
WETE,Pemba,2021,dec,49,24.5571428571429,30.8857142857143
WETE,Pemba,2021,dec,50,24.4714285714286,31.0
WETE,Pemba,2021,dec,51,24.6857142857143,31.1428571428571
WETE,Pemba,2021,dec,52,24.7571428571429,31.6
WETE,Pemba,2022,jan,1,25.4428571428571,32.3428571428571
WETE,Pemba,2022,jan,2,26.0428571428571,31.9285714285714
WETE,Pemba,2022,jan,3,24.0571428571429,31.2857142857143
WETE,Pemba,2022,jan,4,25.0714285714286,30.3142857142857
WETE,Pemba,2022,feb,6,24.0714285714286,31.2142857142857
WETE,Pemba,2022,feb,7,24.5571428571429,31.1428571428571
WETE,Pemba,2022,feb,8,24.1428571428571,31.8
WETE,Pemba,2022,feb,9,25.3,31.1714285714286
WETE,Pemba,2022,mar,10,24.2714285714286,31.3285714285714
WETE,Pemba,2022,mar,11,24.4571428571429,32.0
WETE,Pemba,2022,mar,12,24.3,31.7142857142857
WETE,Pemba,2022,mar,13,25.6428571428571,32.0428571428571
WETE,Pemba,2022,apr,14,25.2,31.8714285714286
WETE,Pemba,2022,apr,15,25.5142857142857,30.9142857142857
WETE,Pemba,2022,apr,16,24.5428571428571,29.5714285714286
WETE,Pemba,2022,apr,17,24.8857142857143,30.6571428571429
WETE,Pemba,2022,may,18,24.3428571428571,29.2285714285714
WETE,Pemba,2022,may,19,25.9714285714286,29.9714285714286
WETE,Pemba,2022,may,20,25.8,29.9571428571429
WETE,Pemba,2022,may,21,26.3142857142857,30.2
WETE,Pemba,2022,jun,23,23.7,27.7428571428571
WETE,Pemba,2022,jun,24,24.3857142857143,28.8428571428571
WETE,Pemba,2022,jun,25,24.8142857142857,28.7857142857143
WETE,Pemba,2022,jun,26,24.5428571428571,28.1714285714286
WETE,Pemba,2022,jul,27,22.9571428571429,27.0285714285714
WETE,Pemba,2022,jul,28,22.5142857142857,27.1571428571429
WETE,Pemba,2022,jul,29,22.9714285714286,27.4285714285714
WETE,Pemba,2022,jul,30,23.2142857142857,27.2285714285714
WETE,Pemba,2022,aug,31,21.3714285714286,27.2285714285714
WETE,Pemba,2022,aug,32,22.6142857142857,27.3714285714286
WETE,Pemba,2022,aug,33,21.7571428571429,27.6428571428571
WETE,Pemba,2022,aug,34,22.4857142857143,27.4714285714286
WETE,Pemba,2022,sep,36,21.5571428571429,27.7285714285714
WETE,Pemba,2022,sep,37,21.7285714285714,28.0571428571429
WETE,Pemba,2022,sep,38,22.9714285714286,28.1142857142857
WETE,Pemba,2022,sep,39,23.4857142857143,28.4857142857143
WETE,Pemba,2022,oct,40,22.8428571428571,28.1857142857143
WETE,Pemba,2022,oct,41,23.5,28.4428571428571
WETE,Pemba,2022,oct,42,22.9142857142857,28.7
WETE,Pemba,2022,oct,43,23.6714285714286,28.8285714285714
WETE,Pemba,2022,nov,45,23.2428571428571,29.9857142857143
WETE,Pemba,2022,nov,46,24.0142857142857,30.3571428571429
WETE,Pemba,2022,nov,47,24.1142857142857,30.2857142857143
WETE,Pemba,2022,nov,48,24.3571428571429,30.6428571428571
WETE,Pemba,2022,dec,49,24.4,31.4857142857143
WETE,Pemba,2022,dec,50,24.0857142857143,31.8
WETE,Pemba,2022,dec,51,25.4714285714286,31.8142857142857
WETE,Pemba,2022,dec,52,26.0285714285714,31.3428571428571
WETE,Pemba,2023,jan,1,25.2,32.1142857142857
WETE,Pemba,2023,jan,2,24.6571428571429,31.85
WETE,Pemba,2023,jan,3,24.7,31.7333333333333
WETE,Pemba,2023,jan,4,25.6857142857143,30.8571428571429
WETE,Pemba,2023,feb,6,24.2571428571429,31.8571428571429
WETE,Pemba,2023,feb,7,25.0142857142857,31.1875
WETE,Pemba,2023,feb,8,25.3,31.5
WETE,Pemba,2023,feb,9,23.5714285714286,31.6857142857143
WETE,Pemba,2023,mar,10,24.2571428571429,31.9571428571429
WETE,Pemba,2023,mar,11,25.0142857142857,32.3875
WETE,Pemba,2023,mar,12,25.3,31.6666666666667
WETE,Pemba,2023,mar,13,23.5714285714286,31.0571428571429
WETE,Pemba,2023,apr,14,25.3142857142857,31.4857142857143
WETE,Pemba,2023,apr,15,25.5714285714286,31.6625
WETE,Pemba,2023,apr,16,25.1857142857143,28.7333333333333
WETE,Pemba,2023,apr,17,25.1,29.2857142857143
WETE,Pemba,2023,may,18,25.2285714285714,30.1428571428571
WETE,Pemba,2023,may,19,25.3714285714286,30.075
WETE,Pemba,2023,may,20,25.5142857142857,30.45
WETE,Pemba,2023,may,21,24.5142857142857,29.2714285714286
WETE,Pemba,2023,jun,23,23.0,28.9571428571429
WETE,Pemba,2023,jun,24,23.7857142857143,29.3125
WETE,Pemba,2023,jun,25,23.8142857142857,29.4333333333333
WETE,Pemba,2023,jun,26,23.9714285714286,28.7
WETE,Pemba,2023,jul,27,23.6,28.4285714285714
WETE,Pemba,2023,jul,28,23.1714285714286,28.675
WETE,Pemba,2023,jul,29,24.4,28.8
WETE,Pemba,2023,jul,30,24.1714285714286,28.5142857142857
WETE,Pemba,2023,aug,32,23.8285714285714,28.4285714285714
WETE,Pemba,2023,aug,33,23.7142857142857,28.675
WETE,Pemba,2023,aug,34,22.8285714285714,28.8
WETE,Pemba,2023,aug,35,23.3857142857143,28.5142857142857
WETE,Pemba,2023,sep,36,23.2857142857143,29.1714285714286
WETE,Pemba,2023,sep,37,23.8285714285714,29.5
WETE,Pemba,2023,sep,38,23.9857142857143,29.8666666666667
WETE,Pemba,2023,sep,39,24.3857142857143,30.2142857142857
WETE,Pemba,2023,oct,40,23.9714285714286,30.4857142857143
WETE,Pemba,2023,oct,41,23.7285714285714,31.0375
WETE,Pemba,2023,oct,42,25.2142857142857,31.1166666666667
WETE,Pemba,2023,oct,43,24.6285714285714,31.1857142857143
WETE,Pemba,2023,nov,45,24.0857142857143,28.7428571428571
WETE,Pemba,2023,nov,46,24.5571428571429,30.5
WETE,Pemba,2023,nov,47,24.9714285714286,30.0833333333333
WETE,Pemba,2023,nov,48,24.3428571428571,30.5571428571429
WETE,Pemba,2023,dec,49,25.5714285714286,31.3142857142857
WETE,Pemba,2023,dec,50,24.5285714285714,31.3625
WETE,Pemba,2023,dec,51,25.4142857142857,31.5833333333333
WETE,Pemba,2023,dec,52,26.1857142857143,31.7285714285714
