District,Year,Month,Day,Net_distribution,Rainfall,Max_temperature,Min_temperature,Humidity,IRS coverage (%),Outbreak
CHAKE-CHAKE,2018,1,2,178072.0,1.53,32.59,26.33,91.98,95.0,False
CHAKE-CHAKE,2018,1,7,178072.0,1.41,33.05,26.61,88.24,95.0,False
CHAKE-CHAKE,2018,1,16,178072.0,0.08,32.42,25.86,89.66,95.0,False
CHAKE-CHAKE,2018,1,22,178072.0,0.0,31.92,26.15,88.85,95.0,False
CHAKE-CHAKE,2018,1,30,178072.0,0.0,31.35,26.23,88.88,95.0,False
CHAKE-CHAKE,2018,2,1,178072.0,0.0,32.03,25.28,90.1,95.0,False
CHAKE-CHAKE,2018,2,6,178072.0,0.0,32.42,25.11,90.82,95.0,False
CHAKE-CHAKE,2018,2,15,178072.0,0.0,31.14,25.45,89.4,95.0,False
CHAKE-CHAKE,2018,2,18,178072.0,0.0,31.92,25.89,88.04,95.0,False
CHAKE-CHAKE,2018,2,26,178072.0,0.0,32.97,25.91,90.4,95.0,False
CHAKE-CHAKE,2018,3,2,178072.0,18.5,33.43,24.54,92.5,95.0,False
CHAKE-CHAKE,2018,3,8,178072.0,9.56,32.59,25.51,91.64,95.0,False
CHAKE-CHAKE,2018,3,12,178072.0,8.32,31.86,24.39,92.19,95.0,False
CHAKE-CHAKE,2018,3,21,178072.0,6.27,33.59,25.02,88.3,95.0,False
CHAKE-CHAKE,2018,3,26,178072.0,9.26,33.78,25.52,92.4,95.0,False
CHAKE-CHAKE,2018,4,2,178072.0,8.15,32.2,24.83,93.7,95.0,False
CHAKE-CHAKE,2018,4,12,178072.0,20.03,30.85,24.59,96.39,95.0,False
CHAKE-CHAKE,2018,4,18,178072.0,16.17,31.8,25.51,94.21,95.0,False
CHAKE-CHAKE,2018,4,22,178072.0,8.13,31.09,25.22,95.11,95.0,False
CHAKE-CHAKE,2018,4,30,178072.0,6.59,31.14,24.64,93.4,95.0,False
CHAKE-CHAKE,2018,5,1,178072.0,37.97,29.41,24.69,95.74,95.0,False
CHAKE-CHAKE,2018,5,6,178072.0,30.76,29.12,24.17,93.62,95.0,False
CHAKE-CHAKE,2018,5,13,178072.0,25.62,29.42,24.78,94.79,95.0,True
CHAKE-CHAKE,2018,5,23,178072.0,9.65,29.28,24.89,94.76,95.0,False
CHAKE-CHAKE,2018,5,27,178072.0,12.86,29.8,24.46,93.94,95.0,False
CHAKE-CHAKE,2018,6,4,178072.0,5.72,30.42,25.61,89.1,95.0,False
CHAKE-CHAKE,2018,6,11,178072.0,2.19,28.81,23.55,87.51,95.0,False
CHAKE-CHAKE,2018,6,18,178072.0,0.03,28.95,23.86,88.7,95.0,True
CHAKE-CHAKE,2018,6,25,178072.0,2.63,29.32,23.27,88.35,95.0,False
CHAKE-CHAKE,2018,7,2,178072.0,1.78,29.95,24.23,86.88,95.0,False
CHAKE-CHAKE,2018,7,8,178072.0,0.79,29.66,24.09,85.4,95.0,False
CHAKE-CHAKE,2018,7,16,178072.0,1.23,28.25,22.92,84.52,95.0,True
CHAKE-CHAKE,2018,7,22,178072.0,1.38,28.6,22.93,86.36,95.0,True
CHAKE-CHAKE,2018,7,30,178072.0,1.64,30.14,23.9,87.5,95.0,False
CHAKE-CHAKE,2018,8,1,178072.0,0.0,29.03,23.31,85.1,95.0,False
CHAKE-CHAKE,2018,8,6,178072.0,0.0,28.41,22.87,84.26,95.0,False
CHAKE-CHAKE,2018,8,13,178072.0,0.0,29.1,22.31,83.74,95.0,False
CHAKE-CHAKE,2018,8,19,178072.0,0.0,29.23,24.11,84.56,95.0,False
CHAKE-CHAKE,2018,8,27,178072.0,0.0,29.1,22.65,84.55,95.0,False
CHAKE-CHAKE,2018,9,1,178072.0,0.84,28.86,23.19,85.0,95.0,False
CHAKE-CHAKE,2018,9,2,178072.0,0.87,28.81,23.13,85.02,95.0,False
CHAKE-CHAKE,2018,9,24,178072.0,5.36,29.82,22.88,83.76,95.0,False
CHAKE-CHAKE,2018,10,1,178072.0,0.0,29.98,24.55,90.09,95.0,False
CHAKE-CHAKE,2018,10,8,178072.0,0.15,29.4,24.25,89.87,95.0,False
CHAKE-CHAKE,2018,10,17,178072.0,0.58,29.36,22.74,86.43,95.0,False
CHAKE-CHAKE,2018,10,22,178072.0,1.4,29.98,23.35,88.67,95.0,False
CHAKE-CHAKE,2018,10,29,178072.0,7.73,30.33,24.2,87.4,95.0,False
CHAKE-CHAKE,2018,11,9,178072.0,1.84,30.87,24.23,93.5,95.0,False
CHAKE-CHAKE,2018,11,14,178072.0,2.02,31.56,23.73,93.9,95.0,False
CHAKE-CHAKE,2018,11,19,178072.0,2.52,31.76,25.04,93.0,95.0,False
CHAKE-CHAKE,2018,11,26,178072.0,0.41,32.22,25.03,91.93,95.0,False
CHAKE-CHAKE,2018,12,3,178072.0,0.0,32.3,24.48,92.6,95.0,False
CHAKE-CHAKE,2018,12,10,178072.0,4.5,32.26,24.29,92.97,95.0,False
CHAKE-CHAKE,2018,12,18,178072.0,1.65,31.65,24.37,95.28,95.0,False
CHAKE-CHAKE,2018,12,24,178072.0,0.78,32.32,24.81,92.29,95.0,False
CHAKE-CHAKE,2019,1,7,222374.0,3.67,33.16,26.13,86.96,95.2,False
CHAKE-CHAKE,2019,1,14,222374.0,0.44,32.77,25.43,89.27,95.2,False
CHAKE-CHAKE,2019,1,20,222374.0,0.52,32.3,24.74,88.91,95.2,False
CHAKE-CHAKE,2019,1,30,222374.0,0.0,32.06,25.52,89.85,95.2,False
CHAKE-CHAKE,2019,2,7,222374.0,0.36,31.44,24.09,88.45,95.2,False
CHAKE-CHAKE,2019,2,11,222374.0,0.25,31.79,24.9,87.5,95.2,False
CHAKE-CHAKE,2019,2,19,222374.0,3.76,30.79,25.38,85.0,95.2,False
CHAKE-CHAKE,2019,2,28,222374.0,38.42,33.35,26.44,85.3,95.2,False
CHAKE-CHAKE,2019,3,1,222374.0,0.0,33.13,24.87,92.0,95.2,False
CHAKE-CHAKE,2019,3,5,222374.0,0.0,33.22,24.49,91.9,95.2,False
CHAKE-CHAKE,2019,3,14,222374.0,0.0,32.9,25.7,88.7,95.2,False
CHAKE-CHAKE,2019,3,18,222374.0,0.0,31.99,25.89,90.73,95.2,False
CHAKE-CHAKE,2019,3,25,222374.0,2.73,34.35,25.9,91.33,95.2,False
CHAKE-CHAKE,2019,4,3,222374.0,22.98,31.31,24.89,94.77,95.2,False
CHAKE-CHAKE,2019,4,8,222374.0,2.19,31.71,25.49,94.56,95.2,False
CHAKE-CHAKE,2019,4,25,222374.0,37.45,30.17,25.03,97.1,95.2,False
CHAKE-CHAKE,2019,4,29,222374.0,70.29,31.87,24.47,94.27,95.2,False
CHAKE-CHAKE,2019,5,3,222374.0,230.0,32.69,25.31,95.0,95.2,False
CHAKE-CHAKE,2019,5,8,222374.0,216.7,29.94,24.82,92.8,95.2,False
CHAKE-CHAKE,2019,5,13,222374.0,143.68,28.48,25.27,95.24,95.2,False
CHAKE-CHAKE,2019,5,25,222374.0,121.38,30.44,23.83,96.2,95.2,False
CHAKE-CHAKE,2019,5,27,222374.0,175.59,29.64,24.5,94.58,95.2,False
CHAKE-CHAKE,2019,6,4,222374.0,7.16,28.93,24.07,85.4,95.2,False
CHAKE-CHAKE,2019,6,9,222374.0,2.94,30.4,24.06,83.69,95.2,False
CHAKE-CHAKE,2019,6,18,222374.0,7.45,28.52,23.12,87.29,95.2,False
CHAKE-CHAKE,2019,6,25,222374.0,0.0,29.73,23.69,86.83,95.2,False
CHAKE-CHAKE,2019,7,1,222374.0,0.0,30.44,23.48,88.37,95.2,False
CHAKE-CHAKE,2019,7,8,222374.0,1.26,29.61,24.47,88.3,95.2,True
CHAKE-CHAKE,2019,7,15,222374.0,2.24,29.23,25.33,87.91,95.2,False
CHAKE-CHAKE,2019,7,22,222374.0,4.46,28.69,22.82,90.07,95.2,True
CHAKE-CHAKE,2019,7,30,222374.0,0.05,28.18,22.42,89.32,95.2,False
CHAKE-CHAKE,2019,8,1,222374.0,7.04,30.69,22.74,92.3,95.2,False
CHAKE-CHAKE,2019,8,5,222374.0,6.18,29.49,22.52,90.88,95.2,False
CHAKE-CHAKE,2019,8,11,222374.0,0.19,29.23,23.87,89.85,95.2,False
CHAKE-CHAKE,2019,8,20,222374.0,2.74,29.66,23.88,90.56,95.2,False
CHAKE-CHAKE,2019,8,29,222374.0,3.66,29.16,21.68,91.47,95.2,False
CHAKE-CHAKE,2019,9,2,222374.0,0.0,29.01,21.53,89.9,95.2,False
CHAKE-CHAKE,2019,9,15,222374.0,0.97,29.91,21.52,88.66,95.2,False
CHAKE-CHAKE,2019,9,24,222374.0,1.11,29.44,22.5,88.27,95.2,False
CHAKE-CHAKE,2019,10,1,222374.0,15.9,29.92,25.29,95.0,95.2,False
CHAKE-CHAKE,2019,10,8,222374.0,75.0,29.07,24.18,94.15,95.2,False
CHAKE-CHAKE,2019,10,14,222374.0,99.74,28.97,24.44,94.4,95.2,False
CHAKE-CHAKE,2019,10,21,222374.0,65.99,28.93,23.39,93.81,95.2,False
CHAKE-CHAKE,2019,10,28,222374.0,72.26,30.31,24.09,95.9,95.2,False
CHAKE-CHAKE,2019,11,1,222374.0,12.26,31.57,24.98,94.0,95.2,False
CHAKE-CHAKE,2019,11,5,222374.0,13.05,30.18,24.66,93.1,95.2,False
CHAKE-CHAKE,2019,11,22,222374.0,28.09,30.56,24.29,93.3,95.2,False
CHAKE-CHAKE,2019,11,25,222374.0,31.45,31.55,24.38,93.17,95.2,False
CHAKE-CHAKE,2019,12,3,222374.0,3.61,32.0,24.85,92.24,95.2,False
CHAKE-CHAKE,2019,12,10,222374.0,2.68,33.38,24.96,91.94,95.2,False
CHAKE-CHAKE,2019,12,15,222374.0,92.49,31.3,24.91,91.58,95.2,True
CHAKE-CHAKE,2019,12,22,222374.0,62.49,32.42,24.85,93.43,95.2,True
CHAKE-CHAKE,2019,12,30,222374.0,31.08,32.46,25.49,94.15,95.2,False
CHAKE-CHAKE,2020,1,2,415012.0,2.94,33.21,26.03,85.9,96.9,False
CHAKE-CHAKE,2020,1,5,415012.0,11.91,32.08,25.79,86.07,96.9,True
CHAKE-CHAKE,2020,1,12,415012.0,23.98,31.65,24.9,86.78,96.9,True
CHAKE-CHAKE,2020,1,19,415012.0,0.09,30.5,25.58,85.99,96.9,True
CHAKE-CHAKE,2020,1,26,415012.0,7.3,30.78,25.8,86.85,96.9,True
CHAKE-CHAKE,2020,2,1,415012.0,0.0,34.84,24.81,94.7,96.9,False
CHAKE-CHAKE,2020,2,2,415012.0,0.0,31.57,24.94,93.24,96.9,True
CHAKE-CHAKE,2020,2,10,415012.0,8.46,31.5,24.67,93.72,96.9,False
CHAKE-CHAKE,2020,2,17,415012.0,0.0,31.09,25.94,92.14,96.9,False
CHAKE-CHAKE,2020,2,23,415012.0,10.39,32.11,26.13,93.9,96.9,False
CHAKE-CHAKE,2020,3,2,415012.0,0.0,32.38,25.73,94.07,96.9,False
CHAKE-CHAKE,2020,3,9,415012.0,0.0,31.78,25.12,92.86,96.9,False
CHAKE-CHAKE,2020,3,16,415012.0,4.06,31.49,26.01,93.38,96.9,False
CHAKE-CHAKE,2020,3,22,415012.0,19.19,31.65,25.36,93.47,96.9,True
CHAKE-CHAKE,2020,3,30,415012.0,53.09,31.71,24.66,95.49,96.9,True
CHAKE-CHAKE,2020,4,1,415012.0,38.97,33.33,25.53,86.4,96.9,True
CHAKE-CHAKE,2020,4,5,415012.0,41.87,31.1,24.83,86.31,96.9,False
CHAKE-CHAKE,2020,4,13,415012.0,41.5,29.68,25.05,84.2,96.9,False
CHAKE-CHAKE,2020,4,19,415012.0,77.5,29.32,24.85,85.72,96.9,False
CHAKE-CHAKE,2020,4,28,415012.0,42.3,30.39,24.03,84.9,96.9,False
CHAKE-CHAKE,2020,5,7,415012.0,76.46,29.2,24.9,89.8,96.9,False
CHAKE-CHAKE,2020,5,11,415012.0,0.0,29.26,24.86,92.57,96.9,False
CHAKE-CHAKE,2020,5,18,415012.0,0.71,29.19,24.64,91.5,96.9,False
CHAKE-CHAKE,2020,5,25,415012.0,3.08,30.63,24.68,92.19,96.9,False
CHAKE-CHAKE,2020,6,1,415012.0,9.41,30.94,25.33,88.2,96.9,False
CHAKE-CHAKE,2020,6,10,415012.0,5.56,30.52,24.22,85.8,96.9,False
CHAKE-CHAKE,2020,6,15,415012.0,1.16,29.78,23.54,86.92,96.9,True
CHAKE-CHAKE,2020,6,21,415012.0,1.13,27.74,24.17,87.52,96.9,False
CHAKE-CHAKE,2020,6,29,415012.0,28.76,27.95,23.81,87.8,96.9,False
CHAKE-CHAKE,2020,7,1,415012.0,0.94,29.78,23.68,80.09,96.9,False
CHAKE-CHAKE,2020,7,5,415012.0,1.74,29.39,23.51,80.14,96.9,False
CHAKE-CHAKE,2020,7,13,415012.0,3.01,28.41,22.41,81.5,96.9,False
CHAKE-CHAKE,2020,7,21,415012.0,3.48,27.13,23.06,80.55,96.9,False
CHAKE-CHAKE,2020,7,27,415012.0,1.05,28.75,23.67,80.28,96.9,True
CHAKE-CHAKE,2020,8,3,415012.0,3.3,28.99,23.27,85.23,96.9,False
CHAKE-CHAKE,2020,8,11,415012.0,0.0,28.02,21.99,86.79,96.9,False
CHAKE-CHAKE,2020,8,16,415012.0,7.0,28.83,22.91,84.86,96.9,False
CHAKE-CHAKE,2020,8,23,415012.0,4.69,28.67,23.34,86.08,96.9,False
CHAKE-CHAKE,2020,9,4,415012.0,0.5,28.98,22.35,88.25,96.9,False
CHAKE-CHAKE,2020,9,6,415012.0,3.92,29.37,23.24,88.09,96.9,False
CHAKE-CHAKE,2020,9,14,415012.0,7.35,29.5,23.52,88.9,96.9,False
CHAKE-CHAKE,2020,9,21,415012.0,3.01,29.26,22.22,88.7,96.9,False
CHAKE-CHAKE,2020,9,28,415012.0,2.23,28.56,23.05,86.73,96.9,False
CHAKE-CHAKE,2020,10,1,415012.0,0.0,31.64,23.2,89.45,96.9,False
CHAKE-CHAKE,2020,10,5,415012.0,0.0,28.37,25.26,90.6,96.9,False
CHAKE-CHAKE,2020,10,13,415012.0,0.37,30.59,23.36,87.01,96.9,False
CHAKE-CHAKE,2020,10,30,415012.0,1.0,30.12,23.88,89.7,96.9,False
CHAKE-CHAKE,2020,11,4,415012.0,0.43,28.43,25.4,93.0,96.9,False
CHAKE-CHAKE,2020,11,9,415012.0,0.0,29.79,24.27,91.92,96.9,False
CHAKE-CHAKE,2020,11,18,415012.0,0.0,31.18,24.96,90.5,96.9,False
CHAKE-CHAKE,2020,11,24,415012.0,0.08,30.29,24.71,90.1,96.9,False
CHAKE-CHAKE,2020,12,1,415012.0,17.57,31.91,24.44,90.44,96.9,False
CHAKE-CHAKE,2020,12,7,415012.0,13.28,31.83,24.4,89.64,96.9,False
CHAKE-CHAKE,2020,12,13,415012.0,11.39,31.79,25.03,90.41,96.9,False
CHAKE-CHAKE,2020,12,22,415012.0,12.1,31.24,24.72,91.4,96.9,False
CHAKE-CHAKE,2020,12,27,415012.0,7.94,31.75,26.53,90.07,96.9,False
CHAKE-CHAKE,2021,1,1,878264.0,2.84,31.34,25.72,89.7,94.7,False
CHAKE-CHAKE,2021,1,3,878264.0,4.65,30.92,24.83,90.17,94.7,False
CHAKE-CHAKE,2021,1,11,878264.0,39.32,30.25,24.69,90.48,94.7,False
CHAKE-CHAKE,2021,1,17,878264.0,0.0,32.45,25.24,90.47,94.7,False
CHAKE-CHAKE,2021,1,25,878264.0,7.76,32.33,25.13,90.11,94.7,True
CHAKE-CHAKE,2021,2,2,878264.0,0.0,32.21,23.7,90.68,94.7,False
CHAKE-CHAKE,2021,2,7,878264.0,2.08,30.84,23.59,89.88,94.7,False
CHAKE-CHAKE,2021,2,15,878264.0,2.23,31.58,25.11,89.64,94.7,False
CHAKE-CHAKE,2021,2,21,878264.0,0.0,30.9,25.02,90.71,94.7,False
CHAKE-CHAKE,2021,3,7,878264.0,0.0,33.96,25.23,68.72,94.7,False
CHAKE-CHAKE,2021,3,15,878264.0,0.0,31.08,24.55,68.42,94.7,False
CHAKE-CHAKE,2021,3,24,878264.0,22.36,32.79,24.96,69.8,94.7,False
CHAKE-CHAKE,2021,4,2,878264.0,40.7,31.6,24.57,88.4,94.7,False
CHAKE-CHAKE,2021,4,5,878264.0,41.76,30.45,25.48,84.82,94.7,False
CHAKE-CHAKE,2021,4,11,878264.0,45.85,29.94,24.81,84.56,94.7,False
CHAKE-CHAKE,2021,4,20,878264.0,83.69,29.26,23.59,85.82,94.7,False
CHAKE-CHAKE,2021,4,25,878264.0,25.95,31.15,25.39,85.23,94.7,False
CHAKE-CHAKE,2021,5,5,878264.0,82.31,28.13,26.01,86.0,94.7,False
CHAKE-CHAKE,2021,5,9,878264.0,0.0,30.9,25.0,87.35,94.7,False
CHAKE-CHAKE,2021,5,18,878264.0,0.77,30.15,24.78,85.57,94.7,False
CHAKE-CHAKE,2021,5,23,878264.0,1.34,30.0,24.72,87.96,94.7,False
CHAKE-CHAKE,2021,6,1,878264.0,10.35,30.19,24.12,83.63,94.7,True
CHAKE-CHAKE,2021,6,7,878264.0,7.15,28.88,23.68,86.78,94.7,False
CHAKE-CHAKE,2021,6,14,878264.0,4.25,28.55,23.45,85.95,94.7,True
CHAKE-CHAKE,2021,6,21,878264.0,1.79,28.13,22.84,84.32,94.7,False
CHAKE-CHAKE,2021,6,27,878264.0,19.45,29.49,22.86,85.3,94.7,False
CHAKE-CHAKE,2021,7,1,878264.0,1.02,30.12,23.17,81.65,94.7,False
CHAKE-CHAKE,2021,7,4,878264.0,0.9,28.4,23.33,82.6,94.7,True
CHAKE-CHAKE,2021,7,11,878264.0,2.98,29.24,24.07,81.13,94.7,False
CHAKE-CHAKE,2021,7,22,878264.0,4.49,27.94,22.98,86.8,94.7,False
CHAKE-CHAKE,2021,7,26,878264.0,1.22,27.66,23.23,83.27,94.7,False
CHAKE-CHAKE,2021,8,3,878264.0,3.32,28.58,21.73,84.6,94.7,False
CHAKE-CHAKE,2021,8,10,878264.0,0.0,29.51,21.38,86.44,94.7,False
CHAKE-CHAKE,2021,8,16,878264.0,0.0,27.95,21.14,85.7,94.7,False
CHAKE-CHAKE,2021,8,25,878264.0,1.2,30.04,21.2,85.93,94.7,False
CHAKE-CHAKE,2021,8,31,878264.0,2.53,28.25,22.26,85.4,94.7,False
CHAKE-CHAKE,2021,9,1,878264.0,0.49,30.42,23.27,86.3,94.7,False
CHAKE-CHAKE,2021,9,5,878264.0,3.12,28.68,23.42,85.22,94.7,False
CHAKE-CHAKE,2021,9,13,878264.0,7.18,27.59,22.86,84.7,94.7,False
CHAKE-CHAKE,2021,9,21,878264.0,2.62,27.71,21.77,86.1,94.7,False
CHAKE-CHAKE,2021,9,28,878264.0,2.28,28.26,22.6,83.17,94.7,False
CHAKE-CHAKE,2021,10,1,878264.0,0.0,31.66,22.97,86.9,94.7,False
CHAKE-CHAKE,2021,10,4,878264.0,0.0,31.74,22.31,88.3,94.7,False
CHAKE-CHAKE,2021,10,11,878264.0,0.0,30.44,23.86,88.82,94.7,False
CHAKE-CHAKE,2021,10,18,878264.0,9.97,30.56,23.29,88.12,94.7,False
CHAKE-CHAKE,2021,10,27,878264.0,0.95,30.91,22.22,88.83,94.7,False
CHAKE-CHAKE,2021,11,2,878264.0,0.47,31.57,24.52,89.55,94.7,False
CHAKE-CHAKE,2021,11,9,878264.0,0.0,32.85,25.07,90.7,94.7,False
CHAKE-CHAKE,2021,11,23,878264.0,0.15,33.43,24.99,88.08,94.7,False
CHAKE-CHAKE,2021,12,5,878264.0,14.6,30.56,24.88,90.61,94.7,False
CHAKE-CHAKE,2021,12,12,878264.0,12.3,30.24,24.41,91.0,94.7,False
CHAKE-CHAKE,2021,12,19,878264.0,12.17,31.27,24.95,91.41,94.7,False
CHAKE-CHAKE,2021,12,28,878264.0,9.6,31.7,25.23,91.13,94.7,False
CHAKE-CHAKE,2022,1,1,388344.4,0.0,32.92,25.32,74.5,97.8,False
CHAKE-CHAKE,2022,1,3,388344.4,0.0,32.61,25.62,74.45,97.8,True
CHAKE-CHAKE,2022,1,9,388344.4,0.45,34.06,26.13,76.62,97.8,False
CHAKE-CHAKE,2022,1,17,388344.4,25.23,33.28,24.4,76.22,97.8,True
CHAKE-CHAKE,2022,1,24,388344.4,19.69,31.32,24.61,76.73,97.8,False
CHAKE-CHAKE,2022,1,30,388344.4,0.0,29.5,24.4,75.9,97.8,False
CHAKE-CHAKE,2022,2,3,388344.4,4.94,31.25,24.56,76.8,97.8,False
CHAKE-CHAKE,2022,2,6,388344.4,2.27,31.88,24.53,77.34,97.8,True
CHAKE-CHAKE,2022,2,13,388344.4,1.6,32.44,25.19,78.34,97.8,False
CHAKE-CHAKE,2022,2,21,388344.4,3.16,31.81,25.23,77.4,97.8,False
CHAKE-CHAKE,2022,3,2,388344.4,0.0,33.52,25.35,68.78,97.8,False
CHAKE-CHAKE,2022,3,8,388344.4,0.0,32.98,23.96,71.1,97.8,False
CHAKE-CHAKE,2022,3,24,388344.4,10.19,33.0,24.86,69.92,97.8,False
CHAKE-CHAKE,2022,3,27,388344.4,11.07,33.24,26.0,71.82,97.8,False
CHAKE-CHAKE,2022,4,6,388344.4,3.32,31.84,24.57,79.71,97.8,False
CHAKE-CHAKE,2022,4,10,388344.4,12.43,31.46,24.85,79.64,97.8,False
CHAKE-CHAKE,2022,4,18,388344.4,95.79,30.2,24.29,80.33,97.8,False
CHAKE-CHAKE,2022,4,27,388344.4,98.7,30.53,26.0,80.09,97.8,False
CHAKE-CHAKE,2022,5,1,388344.4,41.24,30.0,24.67,84.7,97.8,False
CHAKE-CHAKE,2022,5,10,388344.4,0.32,31.64,25.3,82.8,97.8,False
CHAKE-CHAKE,2022,5,16,388344.4,1.5,30.9,25.52,85.8,97.8,False
CHAKE-CHAKE,2022,5,23,388344.4,3.14,30.46,25.71,85.3,97.8,True
CHAKE-CHAKE,2022,5,30,388344.4,6.02,30.16,25.37,84.2,97.8,False
CHAKE-CHAKE,2022,6,1,388344.4,38.17,30.58,23.44,9.66,97.8,False
CHAKE-CHAKE,2022,6,7,388344.4,33.71,28.39,23.71,7.83,97.8,False
CHAKE-CHAKE,2022,6,13,388344.4,4.15,29.53,23.79,8.31,97.8,False
CHAKE-CHAKE,2022,6,20,388344.4,1.19,29.6,25.01,9.92,97.8,False
CHAKE-CHAKE,2022,6,26,388344.4,4.44,29.04,24.06,8.7,97.8,False
CHAKE-CHAKE,2022,7,1,388344.4,15.93,27.98,22.19,95.9,97.8,False
CHAKE-CHAKE,2022,7,18,388344.4,11.04,27.4,22.43,94.92,97.8,False
CHAKE-CHAKE,2022,7,24,388344.4,2.4,28.75,22.37,94.47,97.8,True
CHAKE-CHAKE,2022,7,31,388344.4,0.55,26.94,22.62,92.7,97.8,False
CHAKE-CHAKE,2022,8,13,388344.4,3.49,27.43,21.13,88.7,97.8,False
CHAKE-CHAKE,2022,8,15,388344.4,4.01,27.73,22.39,87.42,97.8,False
CHAKE-CHAKE,2022,8,24,388344.4,0.82,27.26,21.54,88.0,97.8,False
CHAKE-CHAKE,2022,8,30,388344.4,4.8,27.36,21.95,91.3,97.8,False
CHAKE-CHAKE,2022,9,1,388344.4,0.28,29.96,22.35,89.4,97.8,False
CHAKE-CHAKE,2022,9,17,388344.4,1.74,31.26,23.25,88.4,97.8,False
CHAKE-CHAKE,2022,9,19,388344.4,1.67,30.1,22.75,88.5,97.8,False
CHAKE-CHAKE,2022,9,26,388344.4,6.56,29.43,22.35,87.5,97.8,False
CHAKE-CHAKE,2022,10,2,388344.4,0.0,29.15,22.52,90.48,97.8,False
CHAKE-CHAKE,2022,10,17,388344.4,0.0,30.63,22.75,89.4,97.8,False
CHAKE-CHAKE,2022,10,24,388344.4,7.01,29.7,23.5,89.13,97.8,False
CHAKE-CHAKE,2022,11,10,388344.4,1.72,31.76,24.6,91.65,97.8,False
CHAKE-CHAKE,2022,11,14,388344.4,4.84,30.99,24.55,93.37,97.8,False
CHAKE-CHAKE,2022,11,20,388344.4,7.47,30.58,24.82,93.02,97.8,False
CHAKE-CHAKE,2022,11,29,388344.4,6.34,30.83,24.65,93.4,97.8,False
CHAKE-CHAKE,2022,12,1,388344.4,0.0,32.16,24.36,94.1,97.8,False
CHAKE-CHAKE,2022,12,5,388344.4,0.0,31.46,25.51,91.7,97.8,False
CHAKE-CHAKE,2022,12,22,388344.4,0.0,32.1,25.41,94.98,97.8,False
CHAKE-CHAKE,2023,1,1,248000.0,2.33,32.35,27.03,85.4,94.0,False
CHAKE-CHAKE,2023,1,10,248000.0,13.62,31.75,25.11,86.35,94.0,False
CHAKE-CHAKE,2023,1,16,248000.0,10.7,32.37,25.38,87.7,94.0,False
CHAKE-CHAKE,2023,1,23,248000.0,2.2,32.41,25.12,87.49,94.0,False
CHAKE-CHAKE,2023,1,30,248000.0,3.24,30.84,25.96,87.0,94.0,False
CHAKE-CHAKE,2023,2,1,248000.0,3.86,33.5,25.01,90.26,94.0,False
CHAKE-CHAKE,2023,2,7,248000.0,3.5,32.35,24.75,87.2,94.0,False
CHAKE-CHAKE,2023,2,14,248000.0,5.45,31.85,25.15,88.76,94.0,False
CHAKE-CHAKE,2023,2,24,248000.0,0.0,31.3,25.79,88.4,94.0,False
CHAKE-CHAKE,2023,2,26,248000.0,0.0,33.42,23.65,90.1,94.0,False
CHAKE-CHAKE,2023,3,17,248000.0,1.75,31.54,25.59,92.1,94.0,False
CHAKE-CHAKE,2023,3,19,248000.0,1.87,31.55,25.59,91.7,94.0,False
CHAKE-CHAKE,2023,4,7,248000.0,21.13,30.11,25.19,89.5,94.0,False
CHAKE-CHAKE,2023,4,11,248000.0,9.36,31.13,25.23,89.78,94.0,False
CHAKE-CHAKE,2023,4,22,248000.0,197.33,29.01,25.09,90.0,94.0,False
CHAKE-CHAKE,2023,4,24,248000.0,200.7,29.22,25.27,90.07,94.0,False
CHAKE-CHAKE,2023,4,30,248000.0,275.22,28.04,25.07,90.0,94.0,False
CHAKE-CHAKE,2023,5,1,248000.0,8.12,30.55,25.21,96.28,94.0,False
CHAKE-CHAKE,2023,5,15,248000.0,10.87,30.32,25.58,96.07,94.0,False
CHAKE-CHAKE,2023,5,22,248000.0,23.04,30.55,25.11,95.98,94.0,False
CHAKE-CHAKE,2023,6,1,248000.0,68.59,28.38,23.06,89.2,94.0,False
CHAKE-CHAKE,2023,6,4,248000.0,67.93,28.96,23.41,88.51,94.0,False
CHAKE-CHAKE,2023,6,12,248000.0,27.9,29.9,24.07,90.1,94.0,False
CHAKE-CHAKE,2023,6,18,248000.0,0.0,29.74,23.32,89.73,94.0,False
CHAKE-CHAKE,2023,6,26,248000.0,7.95,28.79,23.61,90.42,94.0,False
CHAKE-CHAKE,2023,7,1,248000.0,9.94,28.41,23.73,85.4,94.0,False
CHAKE-CHAKE,2023,7,2,248000.0,10.62,28.26,23.2,84.42,94.0,False
CHAKE-CHAKE,2023,7,9,248000.0,3.21,28.64,22.57,85.68,94.0,True
CHAKE-CHAKE,2023,7,16,248000.0,1.41,28.91,23.02,84.88,94.0,False
CHAKE-CHAKE,2023,7,23,248000.0,3.21,28.89,22.86,84.97,94.0,True
CHAKE-CHAKE,2023,7,31,248000.0,7.01,28.78,23.49,83.8,94.0,False
CHAKE-CHAKE,2023,8,1,248000.0,3.9,29.43,22.59,87.74,94.0,False
CHAKE-CHAKE,2023,8,8,248000.0,4.83,28.76,23.78,88.9,94.0,False
CHAKE-CHAKE,2023,8,14,248000.0,4.1,28.59,23.51,86.5,94.0,False
CHAKE-CHAKE,2023,8,25,248000.0,0.0,30.78,22.95,86.85,94.0,False
CHAKE-CHAKE,2023,8,28,248000.0,0.0,30.71,23.04,86.1,94.0,False
CHAKE-CHAKE,2023,9,17,248000.0,0.0,30.65,20.59,89.08,94.0,False
CHAKE-CHAKE,2023,9,26,248000.0,7.47,30.52,22.53,88.47,94.0,False
CHAKE-CHAKE,2023,10,1,248000.0,2.75,30.47,24.34,90.9,94.0,False
CHAKE-CHAKE,2023,10,12,248000.0,0.0,30.53,23.68,91.96,94.0,False
CHAKE-CHAKE,2023,10,18,248000.0,37.44,32.52,24.64,91.7,94.0,False
CHAKE-CHAKE,2023,10,26,248000.0,1.78,31.24,23.72,92.7,94.0,False
CHAKE-CHAKE,2023,10,29,248000.0,1.86,31.58,24.38,91.95,94.0,False
CHAKE-CHAKE,2023,11,7,248000.0,44.36,29.45,24.72,95.86,94.0,False
CHAKE-CHAKE,2023,11,15,248000.0,49.86,29.31,25.02,97.18,94.0,False
CHAKE-CHAKE,2023,11,22,248000.0,48.42,31.01,24.05,96.5,94.0,False
CHAKE-CHAKE,2023,11,28,248000.0,97.79,30.47,24.79,93.93,94.0,False
CHAKE-CHAKE,2023,12,5,248000.0,16.97,30.64,25.23,89.7,94.0,False
CHAKE-CHAKE,2023,12,10,248000.0,8.28,31.7,24.97,89.65,94.0,True
CHAKE-CHAKE,2023,12,17,248000.0,18.05,31.41,24.94,90.3,94.0,True
CHAKE-CHAKE,2023,12,24,248000.0,3.22,31.76,25.95,90.73,94.0,True
KASKAZINI A,2018,1,2,178072.0,1.76,32.84,25.36,74.71,95.0,True
KASKAZINI A,2018,1,7,178072.0,0.14,33.41,25.37,73.44,95.0,False
KASKAZINI A,2018,1,15,178072.0,0.0,32.43,25.43,74.11,95.0,True
KASKAZINI A,2018,1,22,178072.0,0.0,32.03,25.88,74.91,95.0,True
KASKAZINI A,2018,1,29,178072.0,0.0,31.76,25.03,74.02,95.0,False
KASKAZINI A,2018,2,1,178072.0,0.0,33.46,24.41,71.65,95.0,False
KASKAZINI A,2018,2,4,178072.0,0.0,31.4,24.96,73.33,95.0,False
KASKAZINI A,2018,2,12,178072.0,1.89,30.77,25.06,72.98,95.0,False
KASKAZINI A,2018,2,19,178072.0,2.53,30.7,25.63,72.85,95.0,False
KASKAZINI A,2018,2,26,178072.0,0.0,31.98,26.39,73.86,95.0,False
KASKAZINI A,2018,3,2,178072.0,2.86,32.44,25.61,77.5,95.0,False
KASKAZINI A,2018,3,5,178072.0,3.49,32.04,25.58,77.06,95.0,False
KASKAZINI A,2018,3,12,178072.0,3.75,32.7,25.0,76.96,95.0,False
KASKAZINI A,2018,3,19,178072.0,8.3,33.38,25.15,76.32,95.0,False
KASKAZINI A,2018,3,25,178072.0,16.86,33.92,25.09,77.06,95.0,False
KASKAZINI A,2018,4,3,178072.0,0.0,31.89,25.66,86.65,95.0,False
KASKAZINI A,2018,4,9,178072.0,17.63,30.73,24.59,86.37,95.0,True
KASKAZINI A,2018,4,17,178072.0,13.54,31.91,24.5,86.34,95.0,True
KASKAZINI A,2018,4,23,178072.0,5.01,30.55,25.35,87.88,95.0,False
KASKAZINI A,2018,4,30,178072.0,2.0,30.52,25.99,87.95,95.0,False
KASKAZINI A,2018,5,1,178072.0,23.98,29.63,24.33,83.61,95.0,False
KASKAZINI A,2018,5,7,178072.0,34.6,29.56,24.76,83.28,95.0,True
KASKAZINI A,2018,5,13,178072.0,23.2,29.95,24.38,82.22,95.0,True
KASKAZINI A,2018,5,21,178072.0,9.42,29.72,24.17,82.82,95.0,True
KASKAZINI A,2018,5,28,178072.0,5.19,29.94,24.46,83.22,95.0,False
KASKAZINI A,2018,6,1,178072.0,0.0,30.21,24.06,72.34,95.0,False
KASKAZINI A,2018,6,4,178072.0,0.1,30.24,24.81,73.16,95.0,True
KASKAZINI A,2018,6,10,178072.0,4.13,29.59,23.94,74.11,95.0,True
KASKAZINI A,2018,6,17,178072.0,0.36,28.91,23.8,73.96,95.0,True
KASKAZINI A,2018,6,26,178072.0,0.0,29.64,23.76,73.39,95.0,True
KASKAZINI A,2018,7,1,178072.0,5.64,29.97,23.94,71.06,95.0,True
KASKAZINI A,2018,7,8,178072.0,0.14,29.24,24.06,71.74,95.0,True
KASKAZINI A,2018,7,15,178072.0,0.0,28.97,23.18,69.84,95.0,True
KASKAZINI A,2018,7,22,178072.0,3.2,29.17,23.49,70.77,95.0,True
KASKAZINI A,2018,7,30,178072.0,4.49,29.16,24.41,72.15,95.0,False
KASKAZINI A,2018,8,1,178072.0,0.0,29.24,22.52,73.92,95.0,False
KASKAZINI A,2018,8,5,178072.0,0.0,29.39,22.57,72.69,95.0,True
KASKAZINI A,2018,8,12,178072.0,0.12,28.67,22.93,73.87,95.0,True
KASKAZINI A,2018,8,19,178072.0,0.85,28.89,23.58,75.29,95.0,True
KASKAZINI A,2018,8,27,178072.0,1.32,29.03,22.84,74.26,95.0,False
KASKAZINI A,2018,9,3,178072.0,1.1,29.06,23.35,67.8,95.0,False
KASKAZINI A,2018,9,10,178072.0,1.61,29.38,23.41,67.73,95.0,False
KASKAZINI A,2018,9,16,178072.0,1.02,29.83,22.74,68.8,95.0,True
KASKAZINI A,2018,9,23,178072.0,0.26,29.65,23.03,67.8,95.0,True
KASKAZINI A,2018,9,30,178072.0,0.0,30.0,22.92,70.15,95.0,False
KASKAZINI A,2018,10,1,178072.0,0.0,30.3,23.7,73.79,95.0,False
KASKAZINI A,2018,10,7,178072.0,0.0,29.51,24.13,73.78,95.0,False
KASKAZINI A,2018,10,14,178072.0,4.61,29.48,23.11,73.94,95.0,False
KASKAZINI A,2018,10,22,178072.0,4.98,29.7,24.0,74.22,95.0,True
KASKAZINI A,2018,10,28,178072.0,3.4,30.52,23.85,74.2,95.0,False
KASKAZINI A,2018,11,1,178072.0,4.36,32.46,24.62,75.86,95.0,False
KASKAZINI A,2018,11,5,178072.0,4.77,32.18,24.87,77.26,95.0,False
KASKAZINI A,2018,11,12,178072.0,1.68,31.09,24.52,77.68,95.0,False
KASKAZINI A,2018,11,19,178072.0,9.17,31.08,24.53,76.02,95.0,True
KASKAZINI A,2018,11,26,178072.0,10.5,31.65,25.59,76.65,95.0,False
KASKAZINI A,2018,12,2,178072.0,1.06,32.6,24.6,75.58,95.0,True
KASKAZINI A,2018,12,9,178072.0,0.0,32.62,24.85,76.27,95.0,True
KASKAZINI A,2018,12,16,178072.0,8.75,32.2,24.74,76.62,95.0,True
KASKAZINI A,2018,12,23,178072.0,3.1,32.22,25.11,76.54,95.0,True
KASKAZINI A,2018,12,31,178072.0,0.0,32.74,25.42,76.05,95.0,False
KASKAZINI A,2019,1,2,222374.0,4.77,32.93,25.86,69.2,95.2,False
KASKAZINI A,2019,1,6,222374.0,3.91,32.85,25.88,69.94,95.2,True
KASKAZINI A,2019,1,13,222374.0,3.13,33.02,25.68,69.5,95.2,False
KASKAZINI A,2019,1,21,222374.0,4.59,32.42,24.07,69.93,95.2,True
KASKAZINI A,2019,1,27,222374.0,0.0,33.5,25.12,69.05,95.2,False
KASKAZINI A,2019,2,4,222374.0,0.0,31.59,24.77,66.21,95.2,True
KASKAZINI A,2019,2,10,222374.0,0.0,31.71,23.97,67.16,95.2,False
KASKAZINI A,2019,2,17,222374.0,0.0,31.39,25.26,68.29,95.2,False
KASKAZINI A,2019,2,27,222374.0,47.35,32.48,24.78,67.43,95.2,False
KASKAZINI A,2019,3,6,222374.0,16.8,33.07,24.99,74.75,95.2,False
KASKAZINI A,2019,3,11,222374.0,2.83,33.34,25.07,73.13,95.2,False
KASKAZINI A,2019,3,17,222374.0,11.15,34.89,25.68,72.89,95.2,False
KASKAZINI A,2019,3,25,222374.0,12.82,34.65,24.93,72.39,95.2,True
KASKAZINI A,2019,4,1,222374.0,57.78,31.98,25.09,87.01,95.2,False
KASKAZINI A,2019,4,9,222374.0,3.46,31.99,25.17,87.22,95.2,False
KASKAZINI A,2019,4,14,222374.0,6.92,31.2,25.44,86.82,95.2,False
KASKAZINI A,2019,4,23,222374.0,8.91,32.9,25.41,86.65,95.2,False
KASKAZINI A,2019,4,29,222374.0,56.31,32.89,24.68,87.85,95.2,False
KASKAZINI A,2019,5,1,222374.0,33.3,30.88,24.82,87.31,95.2,True
KASKAZINI A,2019,5,6,222374.0,45.91,29.8,24.7,86.07,95.2,False
KASKAZINI A,2019,5,12,222374.0,40.82,30.51,25.31,86.23,95.2,False
KASKAZINI A,2019,5,23,222374.0,6.97,29.08,24.33,86.23,95.2,False
KASKAZINI A,2019,5,26,222374.0,3.71,30.79,25.56,86.03,95.2,False
KASKAZINI A,2019,6,6,222374.0,0.0,29.44,24.41,71.43,95.2,False
KASKAZINI A,2019,6,10,222374.0,0.52,29.98,24.26,72.06,95.2,False
KASKAZINI A,2019,6,17,222374.0,7.25,28.94,23.09,72.31,95.2,True
KASKAZINI A,2019,6,24,222374.0,16.12,29.33,24.57,72.27,95.2,True
KASKAZINI A,2019,7,1,222374.0,0.0,30.11,23.37,68.98,95.2,True
KASKAZINI A,2019,7,7,222374.0,4.57,30.18,23.71,69.51,95.2,True
KASKAZINI A,2019,7,14,222374.0,6.09,29.08,23.85,68.91,95.2,True
KASKAZINI A,2019,7,22,222374.0,2.24,29.34,22.55,68.91,95.2,True
KASKAZINI A,2019,7,28,222374.0,0.0,29.31,24.11,69.11,95.2,False
KASKAZINI A,2019,8,2,222374.0,0.8,30.34,22.83,72.7,95.2,False
KASKAZINI A,2019,8,4,222374.0,1.58,29.28,23.56,73.15,95.2,True
KASKAZINI A,2019,8,11,222374.0,4.3,29.33,22.64,73.24,95.2,True
KASKAZINI A,2019,8,19,222374.0,4.85,29.39,22.86,73.39,95.2,True
KASKAZINI A,2019,8,25,222374.0,6.89,29.62,23.13,73.52,95.2,True
KASKAZINI A,2019,9,2,222374.0,13.49,30.2,22.56,73.47,95.2,True
KASKAZINI A,2019,9,9,222374.0,5.35,30.03,21.84,74.42,95.2,True
KASKAZINI A,2019,9,15,222374.0,3.13,29.53,23.22,73.41,95.2,True
KASKAZINI A,2019,9,22,222374.0,21.24,29.95,23.96,73.68,95.2,False
KASKAZINI A,2019,10,1,222374.0,0.0,29.91,23.92,77.21,95.2,False
KASKAZINI A,2019,10,6,222374.0,3.67,29.83,23.97,76.85,95.2,False
KASKAZINI A,2019,10,13,222374.0,3.44,29.62,24.07,77.99,95.2,False
KASKAZINI A,2019,10,21,222374.0,0.0,29.46,23.99,77.73,95.2,True
KASKAZINI A,2019,10,29,222374.0,0.0,30.39,24.84,75.91,95.2,False
KASKAZINI A,2019,11,1,222374.0,12.99,31.3,23.92,77.85,95.2,False
KASKAZINI A,2019,11,3,222374.0,16.06,30.62,24.87,76.99,95.2,True
KASKAZINI A,2019,11,10,222374.0,12.67,30.96,24.78,77.36,95.2,False
KASKAZINI A,2019,11,21,222374.0,8.46,31.43,25.56,75.48,95.2,True
KASKAZINI A,2019,11,24,222374.0,32.02,31.84,24.53,76.2,95.2,True
KASKAZINI A,2019,12,1,222374.0,1.59,32.47,24.17,75.3,95.2,True
KASKAZINI A,2019,12,8,222374.0,0.2,32.55,25.05,75.74,95.2,True
KASKAZINI A,2019,12,15,222374.0,2.41,31.97,24.95,75.47,95.2,True
KASKAZINI A,2019,12,22,222374.0,1.95,33.33,25.14,75.83,95.2,True
KASKAZINI A,2019,12,29,222374.0,2.01,32.35,25.87,77.35,95.2,True
KASKAZINI A,2020,1,1,415012.0,0.0,34.06,25.75,74.62,96.9,True
KASKAZINI A,2020,1,5,415012.0,6.17,32.18,25.4,75.33,96.9,True
KASKAZINI A,2020,1,12,415012.0,17.09,31.83,25.25,74.3,96.9,True
KASKAZINI A,2020,1,19,415012.0,33.02,30.86,25.62,74.29,96.9,True
KASKAZINI A,2020,1,26,415012.0,11.29,31.14,25.97,73.81,96.9,True
KASKAZINI A,2020,2,1,415012.0,0.0,34.41,25.74,76.05,96.9,False
KASKAZINI A,2020,2,2,415012.0,0.0,33.44,24.86,74.96,96.9,True
KASKAZINI A,2020,2,9,415012.0,6.63,31.8,25.27,75.21,96.9,True
KASKAZINI A,2020,2,16,415012.0,1.69,31.06,25.38,75.24,96.9,True
KASKAZINI A,2020,2,23,415012.0,0.37,32.58,25.51,75.35,96.9,True
KASKAZINI A,2020,3,1,415012.0,44.55,32.22,25.55,78.76,96.9,True
KASKAZINI A,2020,3,8,415012.0,36.07,32.61,25.71,79.2,96.9,True
KASKAZINI A,2020,3,15,415012.0,34.53,31.77,25.87,78.06,96.9,False
KASKAZINI A,2020,3,22,415012.0,34.36,31.63,25.23,78.41,96.9,True
KASKAZINI A,2020,3,29,415012.0,44.12,31.65,25.05,80.43,96.9,False
KASKAZINI A,2020,4,1,415012.0,36.16,33.06,25.32,87.43,96.9,False
KASKAZINI A,2020,4,6,415012.0,74.74,31.1,25.14,86.72,96.9,False
KASKAZINI A,2020,4,13,415012.0,125.45,29.8,24.61,86.3,96.9,True
KASKAZINI A,2020,4,19,415012.0,147.56,28.77,24.28,86.16,96.9,False
KASKAZINI A,2020,4,26,415012.0,128.71,29.71,24.06,87.01,96.9,True
KASKAZINI A,2020,5,1,415012.0,116.4,29.94,24.57,83.25,96.9,False
KASKAZINI A,2020,5,3,415012.0,84.19,29.25,24.22,83.37,96.9,False
KASKAZINI A,2020,5,10,415012.0,7.55,29.52,24.98,83.99,96.9,True
KASKAZINI A,2020,5,17,415012.0,20.71,29.33,24.45,83.51,96.9,False
KASKAZINI A,2020,5,25,415012.0,2.91,30.63,24.42,83.56,96.9,True
KASKAZINI A,2020,5,31,415012.0,6.98,29.66,24.22,83.5,96.9,False
KASKAZINI A,2020,6,1,415012.0,0.0,30.31,25.43,76.95,96.9,False
KASKAZINI A,2020,6,7,415012.0,1.16,30.32,24.63,77.37,96.9,True
KASKAZINI A,2020,6,14,415012.0,0.9,29.99,24.33,77.72,96.9,True
KASKAZINI A,2020,6,22,415012.0,1.21,28.44,23.76,77.8,96.9,True
KASKAZINI A,2020,6,28,415012.0,5.07,28.28,23.47,76.27,96.9,True
KASKAZINI A,2020,7,1,415012.0,1.16,29.68,24.33,75.42,96.9,False
KASKAZINI A,2020,7,5,415012.0,3.89,28.87,23.93,74.01,96.9,True
KASKAZINI A,2020,7,12,415012.0,10.27,28.36,23.14,75.0,96.9,True
KASKAZINI A,2020,7,19,415012.0,18.78,28.08,22.52,75.46,96.9,True
KASKAZINI A,2020,7,26,415012.0,1.92,28.45,23.67,74.54,96.9,True
KASKAZINI A,2020,8,1,415012.0,1.01,29.79,23.43,76.85,96.9,False
KASKAZINI A,2020,8,3,415012.0,1.17,28.61,23.61,78.04,96.9,True
KASKAZINI A,2020,8,9,415012.0,0.0,29.19,22.21,78.36,96.9,True
KASKAZINI A,2020,8,17,415012.0,14.93,29.24,22.62,77.33,96.9,False
KASKAZINI A,2020,8,23,415012.0,8.99,29.02,22.77,78.07,96.9,True
KASKAZINI A,2020,8,31,415012.0,8.21,29.21,23.3,76.6,96.9,False
KASKAZINI A,2020,9,2,415012.0,0.0,29.91,23.22,81.72,96.9,False
KASKAZINI A,2020,9,7,415012.0,0.0,29.88,23.52,80.82,96.9,True
KASKAZINI A,2020,9,13,415012.0,0.0,30.1,22.76,82.87,96.9,True
KASKAZINI A,2020,9,21,415012.0,2.95,28.99,22.64,81.24,96.9,True
KASKAZINI A,2020,9,28,415012.0,21.48,29.25,23.35,81.82,96.9,True
KASKAZINI A,2020,10,1,415012.0,7.79,31.94,23.79,81.44,96.9,False
KASKAZINI A,2020,10,5,415012.0,8.34,29.7,22.92,81.76,96.9,True
KASKAZINI A,2020,10,13,415012.0,14.73,30.31,24.31,81.8,96.9,False
KASKAZINI A,2020,10,19,415012.0,0.0,31.06,23.61,81.45,96.9,False
KASKAZINI A,2020,10,28,415012.0,8.79,30.48,24.63,81.7,96.9,False
KASKAZINI A,2020,11,2,415012.0,23.76,29.96,23.96,83.6,96.9,True
KASKAZINI A,2020,11,8,415012.0,51.24,29.78,24.68,82.67,96.9,False
KASKAZINI A,2020,11,17,415012.0,35.98,31.17,24.75,82.53,96.9,False
KASKAZINI A,2020,11,22,415012.0,39.24,30.49,25.28,82.99,96.9,True
KASKAZINI A,2020,11,30,415012.0,15.29,30.87,24.53,82.8,96.9,False
KASKAZINI A,2020,12,1,415012.0,5.05,31.73,24.41,80.35,96.9,True
KASKAZINI A,2020,12,7,415012.0,0.64,32.01,24.7,80.33,96.9,True
KASKAZINI A,2020,12,13,415012.0,4.01,31.5,24.76,80.71,96.9,True
KASKAZINI A,2020,12,20,415012.0,12.4,31.47,24.87,80.8,96.9,True
KASKAZINI A,2020,12,27,415012.0,15.48,31.71,25.98,80.65,96.9,True
KASKAZINI A,2021,1,1,878264.0,12.14,31.84,25.73,79.28,94.7,False
KASKAZINI A,2021,1,3,878264.0,13.79,31.08,24.67,78.94,94.7,True
KASKAZINI A,2021,1,10,878264.0,26.97,30.02,25.32,79.34,94.7,True
KASKAZINI A,2021,1,18,878264.0,0.0,32.84,24.09,78.74,94.7,True
KASKAZINI A,2021,1,24,878264.0,8.51,31.81,24.44,79.34,94.7,True
KASKAZINI A,2021,1,31,878264.0,19.82,30.59,23.89,78.55,94.7,False
KASKAZINI A,2021,2,1,878264.0,0.0,32.18,24.87,78.18,94.7,True
KASKAZINI A,2021,2,7,878264.0,4.64,30.74,25.34,78.7,94.7,True
KASKAZINI A,2021,2,14,878264.0,2.36,31.59,25.45,78.37,94.7,True
KASKAZINI A,2021,2,22,878264.0,28.42,31.5,24.34,77.51,94.7,False
KASKAZINI A,2021,2,28,878264.0,67.33,31.85,24.28,77.1,94.7,False
KASKAZINI A,2021,3,1,878264.0,0.0,32.68,26.07,77.41,94.7,False
KASKAZINI A,2021,3,7,878264.0,0.0,32.74,25.14,77.28,94.7,True
KASKAZINI A,2021,3,14,878264.0,0.0,32.52,23.95,77.33,94.7,False
KASKAZINI A,2021,3,21,878264.0,4.77,32.31,25.14,77.79,94.7,True
KASKAZINI A,2021,3,28,878264.0,14.28,31.26,24.41,76.84,94.7,True
KASKAZINI A,2021,4,3,878264.0,51.63,30.55,25.03,86.2,94.7,False
KASKAZINI A,2021,4,4,878264.0,45.01,30.23,24.98,84.07,94.7,False
KASKAZINI A,2021,4,11,878264.0,36.41,29.59,24.87,84.72,94.7,False
KASKAZINI A,2021,4,19,878264.0,68.31,28.45,24.31,84.84,94.7,True
KASKAZINI A,2021,4,26,878264.0,46.49,30.95,24.75,85.33,94.7,False
KASKAZINI A,2021,5,3,878264.0,39.82,29.29,24.22,78.81,94.7,False
KASKAZINI A,2021,5,10,878264.0,0.0,29.93,24.74,78.31,94.7,True
KASKAZINI A,2021,5,16,878264.0,0.0,30.76,24.74,78.27,94.7,True
KASKAZINI A,2021,5,24,878264.0,0.0,30.4,25.09,78.68,94.7,False
KASKAZINI A,2021,5,30,878264.0,0.0,29.21,24.11,77.75,94.7,False
KASKAZINI A,2021,6,2,878264.0,0.0,30.04,23.46,74.42,94.7,False
KASKAZINI A,2021,6,6,878264.0,0.0,29.25,23.78,74.73,94.7,True
KASKAZINI A,2021,6,14,878264.0,0.97,28.82,23.61,74.91,94.7,False
KASKAZINI A,2021,6,20,878264.0,1.64,28.64,23.08,75.24,94.7,True
KASKAZINI A,2021,6,27,878264.0,2.7,28.4,23.09,75.56,94.7,False
KASKAZINI A,2021,7,1,878264.0,0.0,29.69,22.82,72.74,94.7,False
KASKAZINI A,2021,7,7,878264.0,3.75,27.78,23.38,73.35,94.7,False
KASKAZINI A,2021,7,11,878264.0,15.82,28.86,24.08,73.14,94.7,False
KASKAZINI A,2021,7,19,878264.0,0.0,28.67,24.35,73.34,94.7,False
KASKAZINI A,2021,7,25,878264.0,0.0,28.16,23.53,73.55,94.7,True
KASKAZINI A,2021,8,5,878264.0,0.0,26.94,22.74,77.43,94.7,False
KASKAZINI A,2021,8,10,878264.0,0.0,29.42,22.35,75.64,94.7,False
KASKAZINI A,2021,8,16,878264.0,2.01,28.63,22.66,75.52,94.7,True
KASKAZINI A,2021,8,22,878264.0,3.1,28.64,22.25,75.98,94.7,False
KASKAZINI A,2021,8,29,878264.0,2.5,27.92,22.02,76.67,94.7,False
KASKAZINI A,2021,9,6,878264.0,0.0,28.8,23.18,73.79,94.7,False
KASKAZINI A,2021,9,13,878264.0,0.0,27.85,22.96,75.17,94.7,False
KASKAZINI A,2021,9,21,878264.0,0.0,28.66,22.46,75.08,94.7,False
KASKAZINI A,2021,10,1,878264.0,0.0,32.81,23.0,73.45,94.7,False
KASKAZINI A,2021,10,4,878264.0,0.0,31.11,22.73,75.9,94.7,False
KASKAZINI A,2021,10,11,878264.0,0.0,30.97,23.61,75.54,94.7,False
KASKAZINI A,2021,10,18,878264.0,9.77,30.71,23.56,76.15,94.7,False
KASKAZINI A,2021,10,29,878264.0,4.4,29.88,24.01,76.25,94.7,False
KASKAZINI A,2021,11,1,878264.0,0.0,31.17,24.26,77.21,94.7,False
KASKAZINI A,2021,11,7,878264.0,0.0,32.1,24.06,77.45,94.7,False
KASKAZINI A,2021,11,15,878264.0,0.0,31.8,23.98,78.22,94.7,False
KASKAZINI A,2021,11,22,878264.0,12.14,32.72,24.91,75.97,94.7,True
KASKAZINI A,2021,11,29,878264.0,28.78,31.24,25.41,78.3,94.7,False
KASKAZINI A,2021,12,1,878264.0,0.0,31.2,24.88,81.29,94.7,False
KASKAZINI A,2021,12,13,878264.0,17.02,31.03,23.89,80.74,94.7,False
KASKAZINI A,2021,12,19,878264.0,11.34,31.2,24.48,80.59,94.7,False
KASKAZINI A,2021,12,27,878264.0,0.0,32.37,24.94,79.76,94.7,False
KASKAZINI A,2022,1,1,388344.4,0.0,34.27,26.35,78.9,97.8,False
KASKAZINI A,2022,1,2,388344.4,0.0,33.52,25.77,78.7,97.8,True
KASKAZINI A,2022,1,9,388344.4,0.0,33.04,26.28,78.99,97.8,True
KASKAZINI A,2022,1,16,388344.4,30.52,32.65,25.33,78.22,97.8,True
KASKAZINI A,2022,1,23,388344.4,26.83,30.84,24.37,78.06,97.8,True
KASKAZINI A,2022,1,30,388344.4,44.36,30.03,25.16,78.7,97.8,False
KASKAZINI A,2022,2,1,388344.4,27.16,31.07,24.49,80.77,97.8,False
KASKAZINI A,2022,2,6,388344.4,11.34,31.55,24.58,80.07,97.8,True
KASKAZINI A,2022,2,13,388344.4,19.99,32.48,24.9,79.39,97.8,True
KASKAZINI A,2022,2,20,388344.4,27.09,32.28,25.26,80.15,97.8,False
KASKAZINI A,2022,3,1,388344.4,0.0,33.4,24.93,76.8,97.8,False
KASKAZINI A,2022,3,8,388344.4,0.0,32.06,24.19,76.34,97.8,False
KASKAZINI A,2022,3,14,388344.4,0.0,32.73,25.22,77.93,97.8,False
KASKAZINI A,2022,3,21,388344.4,5.12,31.94,25.71,76.96,97.8,False
KASKAZINI A,2022,3,27,388344.4,16.4,32.89,25.34,77.48,97.8,False
KASKAZINI A,2022,4,2,388344.4,0.0,33.41,25.97,83.95,97.8,False
KASKAZINI A,2022,4,4,388344.4,13.61,32.12,25.07,83.84,97.8,False
KASKAZINI A,2022,4,11,388344.4,63.21,31.28,25.46,84.01,97.8,False
KASKAZINI A,2022,4,19,388344.4,157.75,30.27,24.7,83.29,97.8,False
KASKAZINI A,2022,4,25,388344.4,67.0,30.71,25.07,83.15,97.8,False
KASKAZINI A,2022,5,2,388344.4,17.13,29.72,24.19,81.92,97.8,False
KASKAZINI A,2022,5,9,388344.4,0.0,30.64,26.21,81.24,97.8,True
KASKAZINI A,2022,5,15,388344.4,9.2,31.04,25.43,81.04,97.8,False
KASKAZINI A,2022,5,23,388344.4,9.06,30.73,25.81,81.0,97.8,True
KASKAZINI A,2022,5,30,388344.4,6.66,28.98,24.31,80.9,97.8,False
KASKAZINI A,2022,6,1,388344.4,8.3,30.75,23.87,79.54,97.8,False
KASKAZINI A,2022,6,5,388344.4,5.13,28.78,23.97,78.92,97.8,True
KASKAZINI A,2022,6,13,388344.4,3.45,29.65,23.96,79.91,97.8,False
KASKAZINI A,2022,6,20,388344.4,8.31,28.75,24.15,79.89,97.8,True
KASKAZINI A,2022,6,26,388344.4,13.01,29.53,24.41,79.68,97.8,False
KASKAZINI A,2022,7,2,388344.4,0.0,27.73,22.68,80.6,97.8,False
KASKAZINI A,2022,7,4,388344.4,0.0,27.67,22.63,81.21,97.8,True
KASKAZINI A,2022,7,11,388344.4,13.19,26.86,22.16,80.23,97.8,False
KASKAZINI A,2022,7,17,388344.4,3.23,28.51,22.73,80.32,97.8,False
KASKAZINI A,2022,7,25,388344.4,0.0,28.82,22.55,81.32,97.8,False
KASKAZINI A,2022,8,3,388344.4,3.47,27.77,21.47,80.32,97.8,False
KASKAZINI A,2022,8,9,388344.4,10.53,28.2,21.33,78.64,97.8,False
KASKAZINI A,2022,8,15,388344.4,4.51,28.58,21.39,80.08,97.8,False
KASKAZINI A,2022,8,24,388344.4,6.9,28.72,21.74,80.05,97.8,False
KASKAZINI A,2022,8,29,388344.4,17.26,27.8,22.03,79.51,97.8,False
KASKAZINI A,2022,9,1,388344.4,0.0,30.25,21.97,75.21,97.8,False
KASKAZINI A,2022,9,4,388344.4,0.0,28.01,21.5,74.99,97.8,False
KASKAZINI A,2022,9,13,388344.4,1.81,28.74,21.94,75.44,97.8,False
KASKAZINI A,2022,9,25,388344.4,0.0,31.0,22.96,74.81,97.8,False
KASKAZINI A,2022,10,3,388344.4,0.0,30.0,22.22,72.8,97.8,False
KASKAZINI A,2022,10,12,388344.4,9.86,29.08,22.68,72.98,97.8,False
KASKAZINI A,2022,10,17,388344.4,0.0,30.64,22.85,72.79,97.8,False
KASKAZINI A,2022,10,25,388344.4,0.0,30.67,24.04,72.28,97.8,False
KASKAZINI A,2022,11,1,388344.4,17.93,31.41,23.42,74.42,97.8,False
KASKAZINI A,2022,11,6,388344.4,7.04,30.86,24.63,73.85,97.8,False
KASKAZINI A,2022,11,14,388344.4,1.42,30.27,24.08,75.16,97.8,False
KASKAZINI A,2022,11,20,388344.4,13.83,31.4,24.36,76.78,97.8,False
KASKAZINI A,2022,11,28,388344.4,55.65,30.54,25.04,75.15,97.8,False
KASKAZINI A,2022,12,1,388344.4,0.0,33.22,24.93,78.08,97.8,False
KASKAZINI A,2022,12,5,388344.4,0.0,31.87,24.55,77.61,97.8,False
KASKAZINI A,2022,12,14,388344.4,15.48,32.41,23.68,77.14,97.8,False
KASKAZINI A,2022,12,20,388344.4,0.0,31.88,25.11,77.23,97.8,False
KASKAZINI A,2022,12,25,388344.4,6.31,31.25,25.4,77.63,97.8,False
KASKAZINI A,2023,1,1,248000.0,2.03,32.55,25.82,78.22,94.0,True
KASKAZINI A,2023,1,8,248000.0,2.03,31.26,25.63,77.45,94.0,True
KASKAZINI A,2023,1,16,248000.0,2.5,32.07,24.67,78.44,94.0,True
KASKAZINI A,2023,1,22,248000.0,2.43,31.53,25.37,78.09,94.0,False
KASKAZINI A,2023,1,30,248000.0,0.0,31.09,25.5,78.54,94.0,False
KASKAZINI A,2023,2,1,248000.0,0.0,33.23,24.92,76.23,94.0,False
KASKAZINI A,2023,2,5,248000.0,0.0,31.55,24.33,75.0,94.0,False
KASKAZINI A,2023,2,14,248000.0,0.0,32.62,24.94,75.6,94.0,False
KASKAZINI A,2023,2,23,248000.0,0.0,32.86,24.88,74.85,94.0,False
KASKAZINI A,2023,2,26,248000.0,0.0,32.32,23.67,75.35,94.0,False
KASKAZINI A,2023,3,4,248000.0,0.0,33.89,24.14,76.0,94.0,False
KASKAZINI A,2023,3,10,248000.0,0.0,33.45,25.83,76.75,94.0,False
KASKAZINI A,2023,3,13,248000.0,0.0,32.17,24.94,75.97,94.0,False
KASKAZINI A,2023,3,19,248000.0,38.7,31.59,25.6,75.58,94.0,False
KASKAZINI A,2023,3,26,248000.0,25.22,31.06,24.05,76.12,94.0,False
KASKAZINI A,2023,4,1,248000.0,12.13,32.12,25.92,86.65,94.0,False
KASKAZINI A,2023,4,4,248000.0,10.2,30.5,25.63,86.35,94.0,False
KASKAZINI A,2023,4,9,248000.0,9.82,31.56,25.43,85.85,94.0,False
KASKAZINI A,2023,4,17,248000.0,113.16,28.95,25.03,87.32,94.0,False
KASKAZINI A,2023,4,25,248000.0,63.75,30.09,24.82,85.61,94.0,False
KASKAZINI A,2023,4,30,248000.0,126.07,29.94,25.08,86.1,94.0,False
KASKAZINI A,2023,5,1,248000.0,10.19,30.33,25.32,81.71,94.0,False
KASKAZINI A,2023,5,7,248000.0,68.65,29.61,25.3,82.86,94.0,False
KASKAZINI A,2023,5,15,248000.0,13.19,30.92,25.2,82.25,94.0,False
KASKAZINI A,2023,5,21,248000.0,8.42,29.92,24.67,83.02,94.0,True
KASKAZINI A,2023,5,28,248000.0,14.72,29.78,24.65,82.67,94.0,False
KASKAZINI A,2023,6,1,248000.0,48.9,28.42,23.87,82.39,94.0,False
KASKAZINI A,2023,6,4,248000.0,49.44,29.02,23.42,82.07,94.0,True
KASKAZINI A,2023,6,11,248000.0,0.0,29.5,23.96,82.54,94.0,True
KASKAZINI A,2023,6,18,248000.0,0.0,30.1,23.22,82.33,94.0,True
KASKAZINI A,2023,6,25,248000.0,0.0,29.62,23.56,81.77,94.0,True
KASKAZINI A,2023,7,3,248000.0,10.68,28.24,23.94,83.56,94.0,False
KASKAZINI A,2023,7,11,248000.0,14.09,29.03,22.71,83.99,94.0,True
KASKAZINI A,2023,7,16,248000.0,6.51,29.81,23.67,84.1,94.0,True
KASKAZINI A,2023,7,23,248000.0,5.76,28.25,23.28,83.61,94.0,True
KASKAZINI A,2023,7,30,248000.0,11.09,29.18,23.32,83.48,94.0,False
KASKAZINI A,2023,8,1,248000.0,0.0,29.27,22.62,82.37,94.0,False
KASKAZINI A,2023,8,7,248000.0,6.54,29.33,23.76,82.12,94.0,True
KASKAZINI A,2023,8,13,248000.0,10.23,29.19,23.16,82.07,94.0,True
KASKAZINI A,2023,8,21,248000.0,2.1,29.55,22.43,81.29,94.0,True
KASKAZINI A,2023,8,28,248000.0,1.6,29.81,22.95,80.85,94.0,False
KASKAZINI A,2023,9,1,248000.0,0.0,31.49,21.23,76.8,94.0,False
KASKAZINI A,2023,9,5,248000.0,0.0,28.93,22.12,76.74,94.0,False
KASKAZINI A,2023,9,11,248000.0,0.0,29.62,21.43,78.21,94.0,False
KASKAZINI A,2023,9,19,248000.0,0.0,30.68,23.12,76.37,94.0,False
KASKAZINI A,2023,9,25,248000.0,3.49,31.47,22.4,76.82,94.0,False
KASKAZINI A,2023,10,2,248000.0,0.0,30.51,24.59,74.25,94.0,False
KASKAZINI A,2023,10,9,248000.0,0.0,31.35,24.66,75.93,94.0,False
KASKAZINI A,2023,10,15,248000.0,0.0,31.04,23.79,74.04,94.0,False
KASKAZINI A,2023,10,23,248000.0,1.67,31.49,25.44,74.99,94.0,False
KASKAZINI A,2023,10,30,248000.0,23.61,31.43,24.57,75.08,94.0,False
KASKAZINI A,2023,11,2,248000.0,154.19,27.37,25.66,84.7,94.0,False
KASKAZINI A,2023,11,6,248000.0,110.98,29.51,24.25,82.64,94.0,True
KASKAZINI A,2023,11,12,248000.0,47.41,30.13,24.9,82.59,94.0,True
KASKAZINI A,2023,11,19,248000.0,26.29,30.02,24.27,82.38,94.0,True
KASKAZINI A,2023,11,28,248000.0,45.33,30.4,24.07,84.96,94.0,False
KASKAZINI A,2023,12,1,248000.0,24.5,29.93,24.0,81.34,94.0,True
KASKAZINI A,2023,12,4,248000.0,21.46,31.24,25.23,81.72,94.0,True
KASKAZINI A,2023,12,10,248000.0,8.18,31.16,24.71,81.44,94.0,True
KASKAZINI A,2023,12,17,248000.0,20.82,31.91,25.05,80.57,94.0,True
KASKAZINI A,2023,12,24,248000.0,0.3,31.49,25.61,80.91,94.0,True
KASKAZINI B,2018,1,2,178072.0,0.69,32.57,26.37,73.64,95.0,False
KASKAZINI B,2018,1,8,178072.0,0.02,33.11,26.22,73.6,95.0,True
KASKAZINI B,2018,1,15,178072.0,0.0,32.77,25.36,73.75,95.0,False
KASKAZINI B,2018,1,22,178072.0,0.0,31.69,25.63,74.27,95.0,True
KASKAZINI B,2018,1,29,178072.0,0.0,32.19,25.36,73.93,95.0,False
KASKAZINI B,2018,2,2,178072.0,0.0,31.62,24.91,71.5,95.0,False
KASKAZINI B,2018,2,5,178072.0,0.0,32.33,25.17,73.6,95.0,False
KASKAZINI B,2018,2,12,178072.0,2.85,30.85,24.69,73.16,95.0,False
KASKAZINI B,2018,2,18,178072.0,3.16,31.97,24.58,72.86,95.0,False
KASKAZINI B,2018,2,26,178072.0,0.0,33.08,25.78,73.37,95.0,False
KASKAZINI B,2018,3,1,178072.0,4.89,33.22,25.22,77.37,95.0,False
KASKAZINI B,2018,3,6,178072.0,6.06,32.71,25.36,76.71,95.0,False
KASKAZINI B,2018,3,11,178072.0,7.56,32.3,25.49,77.88,95.0,False
KASKAZINI B,2018,3,19,178072.0,10.53,33.93,24.72,75.94,95.0,False
KASKAZINI B,2018,3,26,178072.0,4.44,33.67,25.69,76.4,95.0,False
KASKAZINI B,2018,4,3,178072.0,8.08,32.1,25.38,86.9,95.0,True
KASKAZINI B,2018,4,8,178072.0,9.41,31.05,24.52,86.41,95.0,True
KASKAZINI B,2018,4,17,178072.0,26.26,31.32,24.4,85.88,95.0,False
KASKAZINI B,2018,4,22,178072.0,13.79,30.86,25.14,88.58,95.0,False
KASKAZINI B,2018,4,29,178072.0,2.1,31.16,25.33,87.64,95.0,False
KASKAZINI B,2018,5,2,178072.0,26.34,30.2,23.81,83.68,95.0,False
KASKAZINI B,2018,5,7,178072.0,24.6,29.92,24.12,83.13,95.0,True
KASKAZINI B,2018,5,14,178072.0,14.71,29.03,24.99,82.1,95.0,True
KASKAZINI B,2018,5,21,178072.0,8.1,30.15,24.33,82.72,95.0,True
KASKAZINI B,2018,5,27,178072.0,6.42,29.27,24.42,82.72,95.0,True
KASKAZINI B,2018,6,1,178072.0,0.0,29.56,24.96,72.4,95.0,False
KASKAZINI B,2018,6,4,178072.0,0.66,30.09,24.52,72.88,95.0,True
KASKAZINI B,2018,6,11,178072.0,3.04,29.48,24.64,74.33,95.0,False
KASKAZINI B,2018,6,17,178072.0,0.0,28.76,23.92,74.04,95.0,True
KASKAZINI B,2018,6,25,178072.0,2.36,29.28,23.87,73.01,95.0,True
KASKAZINI B,2018,7,1,178072.0,8.32,30.0,24.2,71.29,95.0,True
KASKAZINI B,2018,7,9,178072.0,0.0,30.03,23.92,71.92,95.0,True
KASKAZINI B,2018,7,16,178072.0,0.0,29.43,23.85,71.92,95.0,False
KASKAZINI B,2018,7,23,178072.0,0.0,29.14,23.75,70.52,95.0,True
KASKAZINI B,2018,7,30,178072.0,0.0,29.63,23.07,72.07,95.0,True
KASKAZINI B,2018,8,1,178072.0,0.0,29.16,23.03,74.96,95.0,False
KASKAZINI B,2018,8,6,178072.0,0.0,29.2,22.98,73.46,95.0,False
KASKAZINI B,2018,8,13,178072.0,0.03,28.96,22.62,73.28,95.0,True
KASKAZINI B,2018,8,20,178072.0,0.69,29.17,23.56,75.35,95.0,True
KASKAZINI B,2018,8,26,178072.0,0.35,29.98,22.19,74.7,95.0,True
KASKAZINI B,2018,9,1,178072.0,1.93,28.21,23.52,68.05,95.0,False
KASKAZINI B,2018,9,2,178072.0,2.0,28.91,23.02,67.82,95.0,True
KASKAZINI B,2018,9,9,178072.0,1.67,29.39,22.79,67.68,95.0,True
KASKAZINI B,2018,9,16,178072.0,2.28,29.4,22.24,68.9,95.0,False
KASKAZINI B,2018,9,25,178072.0,6.51,30.17,22.73,67.77,95.0,True
KASKAZINI B,2018,10,1,178072.0,0.51,30.16,23.71,74.28,95.0,True
KASKAZINI B,2018,10,8,178072.0,0.04,29.05,24.34,73.79,95.0,False
KASKAZINI B,2018,10,14,178072.0,0.0,29.07,23.5,73.57,95.0,True
KASKAZINI B,2018,10,22,178072.0,5.67,29.89,24.05,74.74,95.0,False
KASKAZINI B,2018,10,29,178072.0,9.4,30.45,24.18,73.58,95.0,False
KASKAZINI B,2018,11,1,178072.0,0.0,31.97,24.98,75.83,95.0,False
KASKAZINI B,2018,11,5,178072.0,0.14,32.25,24.85,76.41,95.0,True
KASKAZINI B,2018,11,12,178072.0,1.14,30.97,24.08,76.62,95.0,False
KASKAZINI B,2018,11,19,178072.0,6.89,31.86,24.69,75.83,95.0,False
KASKAZINI B,2018,11,26,178072.0,4.11,31.29,25.8,78.9,95.0,False
KASKAZINI B,2018,12,2,178072.0,0.37,32.1,24.18,75.7,95.0,True
KASKAZINI B,2018,12,10,178072.0,4.71,32.35,25.39,75.61,95.0,False
KASKAZINI B,2018,12,17,178072.0,6.02,32.32,24.71,77.08,95.0,False
KASKAZINI B,2018,12,23,178072.0,2.27,32.36,24.65,76.4,95.0,True
KASKAZINI B,2018,12,31,178072.0,0.0,32.49,24.1,76.05,95.0,False
KASKAZINI B,2019,1,1,222374.0,10.1,33.12,26.4,69.72,95.2,False
KASKAZINI B,2019,1,7,222374.0,3.23,33.26,25.41,68.38,95.2,True
KASKAZINI B,2019,1,14,222374.0,7.97,32.97,25.91,70.2,95.2,False
KASKAZINI B,2019,1,20,222374.0,10.83,32.57,25.02,69.7,95.2,True
KASKAZINI B,2019,1,28,222374.0,3.86,32.95,25.09,69.24,95.2,False
KASKAZINI B,2019,2,1,222374.0,6.2,34.69,25.2,66.5,95.2,False
KASKAZINI B,2019,2,4,222374.0,6.92,31.04,24.42,67.56,95.2,False
KASKAZINI B,2019,2,11,222374.0,0.0,31.79,24.27,67.64,95.2,True
KASKAZINI B,2019,2,21,222374.0,15.72,32.25,25.29,69.4,95.2,False
KASKAZINI B,2019,2,25,222374.0,10.48,31.62,24.46,66.98,95.2,False
KASKAZINI B,2019,3,4,222374.0,4.42,33.42,24.72,72.69,95.2,False
KASKAZINI B,2019,3,10,222374.0,0.0,33.76,25.16,73.52,95.2,False
KASKAZINI B,2019,3,18,222374.0,0.0,34.9,25.11,73.4,95.2,False
KASKAZINI B,2019,3,25,222374.0,18.95,34.96,25.08,72.7,95.2,False
KASKAZINI B,2019,3,31,222374.0,40.11,31.88,24.51,71.35,95.2,False
KASKAZINI B,2019,4,1,222374.0,15.35,31.27,25.38,86.39,95.2,False
KASKAZINI B,2019,4,7,222374.0,16.9,32.03,25.3,87.75,95.2,False
KASKAZINI B,2019,4,15,222374.0,9.72,32.08,24.77,87.3,95.2,False
KASKAZINI B,2019,4,23,222374.0,1.64,32.4,25.84,88.05,95.2,False
KASKAZINI B,2019,4,29,222374.0,0.0,32.34,24.99,87.83,95.2,False
KASKAZINI B,2019,5,2,222374.0,137.24,31.5,24.68,85.14,95.2,False
KASKAZINI B,2019,5,6,222374.0,110.93,29.96,24.83,87.22,95.2,False
KASKAZINI B,2019,5,13,222374.0,101.49,29.1,25.27,86.52,95.2,False
KASKAZINI B,2019,5,20,222374.0,48.1,29.22,24.99,86.82,95.2,True
KASKAZINI B,2019,5,27,222374.0,0.0,29.3,24.41,86.15,95.2,False
KASKAZINI B,2019,6,2,222374.0,0.0,29.96,23.86,70.89,95.2,True
KASKAZINI B,2019,6,10,222374.0,1.6,30.09,23.7,72.37,95.2,False
KASKAZINI B,2019,6,17,222374.0,0.0,29.92,23.52,72.54,95.2,False
KASKAZINI B,2019,6,23,222374.0,0.0,28.82,24.06,71.46,95.2,True
KASKAZINI B,2019,7,1,222374.0,0.0,30.75,23.82,68.63,95.2,True
KASKAZINI B,2019,7,7,222374.0,0.0,30.33,24.35,68.92,95.2,True
KASKAZINI B,2019,7,14,222374.0,3.2,28.85,24.4,69.34,95.2,True
KASKAZINI B,2019,7,21,222374.0,6.82,28.61,23.19,68.89,95.2,True
KASKAZINI B,2019,7,28,222374.0,0.0,28.56,23.65,68.52,95.2,True
KASKAZINI B,2019,8,1,222374.0,0.0,30.97,22.76,74.22,95.2,False
KASKAZINI B,2019,8,4,222374.0,3.23,29.27,22.79,73.53,95.2,False
KASKAZINI B,2019,8,13,222374.0,10.33,29.26,22.57,73.23,95.2,False
KASKAZINI B,2019,8,18,222374.0,3.27,30.28,23.69,73.98,95.2,False
KASKAZINI B,2019,8,27,222374.0,0.0,29.22,23.42,73.36,95.2,False
KASKAZINI B,2019,9,1,222374.0,0.98,29.32,22.29,74.16,95.2,False
KASKAZINI B,2019,9,9,222374.0,10.92,30.14,21.65,74.19,95.2,False
KASKAZINI B,2019,9,16,222374.0,10.46,29.13,22.47,73.3,95.2,False
KASKAZINI B,2019,9,24,222374.0,13.35,30.09,24.18,72.57,95.2,False
KASKAZINI B,2019,9,30,222374.0,20.01,30.33,24.72,73.1,95.2,False
KASKAZINI B,2019,10,6,222374.0,72.9,29.19,24.0,76.83,95.2,True
KASKAZINI B,2019,10,14,222374.0,69.05,29.65,24.14,77.95,95.2,False
KASKAZINI B,2019,10,21,222374.0,44.6,29.29,24.06,77.24,95.2,False
KASKAZINI B,2019,10,28,222374.0,36.58,30.74,24.25,78.15,95.2,False
KASKAZINI B,2019,11,1,222374.0,57.43,32.55,24.3,77.85,95.2,False
KASKAZINI B,2019,11,3,222374.0,57.25,30.77,25.12,77.38,95.2,True
KASKAZINI B,2019,11,11,222374.0,21.56,30.92,24.14,76.91,95.2,False
KASKAZINI B,2019,11,18,222374.0,36.75,31.11,24.7,75.92,95.2,False
KASKAZINI B,2019,11,24,222374.0,14.72,31.88,24.83,76.91,95.2,True
KASKAZINI B,2019,12,1,222374.0,40.55,32.48,23.81,75.41,95.2,True
KASKAZINI B,2019,12,8,222374.0,5.9,32.74,24.9,76.11,95.2,True
KASKAZINI B,2019,12,15,222374.0,40.93,31.98,25.31,75.29,95.2,True
KASKAZINI B,2019,12,22,222374.0,28.39,32.94,25.16,75.43,95.2,True
KASKAZINI B,2019,12,29,222374.0,12.83,31.98,25.55,77.27,95.2,True
KASKAZINI B,2020,1,1,415012.0,0.0,33.13,25.98,74.7,96.9,True
KASKAZINI B,2020,1,5,415012.0,9.12,32.31,25.64,75.68,96.9,True
KASKAZINI B,2020,1,12,415012.0,42.74,31.99,25.16,74.65,96.9,True
KASKAZINI B,2020,1,19,415012.0,92.89,31.36,25.84,74.34,96.9,True
KASKAZINI B,2020,1,26,415012.0,22.12,30.76,25.81,73.82,96.9,True
KASKAZINI B,2020,2,1,415012.0,1.37,34.47,26.1,76.05,96.9,False
KASKAZINI B,2020,2,2,415012.0,1.23,32.6,24.63,74.57,96.9,True
KASKAZINI B,2020,2,10,415012.0,4.66,31.99,24.87,75.16,96.9,True
KASKAZINI B,2020,2,17,415012.0,7.95,31.23,25.76,74.9,96.9,True
KASKAZINI B,2020,2,24,415012.0,2.7,32.32,25.68,75.34,96.9,True
KASKAZINI B,2020,3,1,415012.0,15.0,32.33,25.02,78.69,96.9,True
KASKAZINI B,2020,3,9,415012.0,22.88,32.18,26.02,79.3,96.9,True
KASKAZINI B,2020,3,16,415012.0,12.19,31.97,25.87,78.24,96.9,False
KASKAZINI B,2020,3,23,415012.0,17.88,31.82,25.49,78.17,96.9,True
KASKAZINI B,2020,3,30,415012.0,21.67,30.64,25.74,81.01,96.9,True
KASKAZINI B,2020,4,1,415012.0,31.9,32.84,25.64,86.2,96.9,False
KASKAZINI B,2020,4,6,415012.0,61.77,31.1,24.65,87.22,96.9,True
KASKAZINI B,2020,4,13,415012.0,109.12,29.63,24.68,86.38,96.9,True
KASKAZINI B,2020,4,19,415012.0,178.37,29.31,23.86,86.19,96.9,True
KASKAZINI B,2020,4,27,415012.0,158.18,30.04,25.01,86.56,96.9,False
KASKAZINI B,2020,5,1,415012.0,46.95,29.94,24.41,83.25,96.9,False
KASKAZINI B,2020,5,3,415012.0,46.74,29.4,24.77,83.59,96.9,True
KASKAZINI B,2020,5,11,415012.0,0.0,29.78,24.85,83.49,96.9,True
KASKAZINI B,2020,5,18,415012.0,17.35,29.87,24.52,83.67,96.9,True
KASKAZINI B,2020,5,25,415012.0,0.0,31.18,24.35,83.22,96.9,True
KASKAZINI B,2020,5,31,415012.0,0.0,29.39,24.69,83.5,96.9,False
KASKAZINI B,2020,6,1,415012.0,0.0,30.24,25.16,77.3,96.9,True
KASKAZINI B,2020,6,7,415012.0,0.68,29.73,24.53,77.68,96.9,True
KASKAZINI B,2020,6,15,415012.0,0.14,30.07,23.9,77.69,96.9,True
KASKAZINI B,2020,6,21,415012.0,0.47,28.82,24.02,77.37,96.9,True
KASKAZINI B,2020,6,28,415012.0,2.64,28.34,23.66,77.14,96.9,False
KASKAZINI B,2020,7,1,415012.0,0.0,29.56,24.01,75.85,96.9,False
KASKAZINI B,2020,7,5,415012.0,3.81,28.75,23.31,74.27,96.9,True
KASKAZINI B,2020,7,13,415012.0,9.63,27.89,22.81,75.35,96.9,False
KASKAZINI B,2020,7,19,415012.0,5.12,28.31,23.07,75.57,96.9,True
KASKAZINI B,2020,7,27,415012.0,0.84,29.37,24.13,73.7,96.9,False
KASKAZINI B,2020,8,3,415012.0,1.13,28.96,23.07,77.93,96.9,True
KASKAZINI B,2020,8,10,415012.0,0.0,29.46,21.98,78.15,96.9,False
KASKAZINI B,2020,8,17,415012.0,16.8,28.74,22.95,77.12,96.9,True
KASKAZINI B,2020,8,23,415012.0,10.53,28.64,23.6,78.16,96.9,False
KASKAZINI B,2020,8,30,415012.0,6.97,28.27,22.71,76.67,96.9,False
KASKAZINI B,2020,9,1,415012.0,14.34,29.42,22.76,82.11,96.9,True
KASKAZINI B,2020,9,7,415012.0,10.93,29.49,23.03,81.09,96.9,True
KASKAZINI B,2020,9,13,415012.0,7.11,29.2,22.78,82.6,96.9,True
KASKAZINI B,2020,9,20,415012.0,10.56,29.6,23.02,81.38,96.9,True
KASKAZINI B,2020,9,28,415012.0,14.72,30.54,23.51,82.12,96.9,False
KASKAZINI B,2020,10,1,415012.0,0.0,31.88,24.23,81.95,96.9,False
KASKAZINI B,2020,10,5,415012.0,0.44,29.74,23.35,82.15,96.9,False
KASKAZINI B,2020,10,12,415012.0,2.62,29.67,23.53,81.38,96.9,False
KASKAZINI B,2020,10,20,415012.0,31.0,29.81,23.4,81.79,96.9,False
KASKAZINI B,2020,10,29,415012.0,17.23,31.06,23.61,81.76,96.9,False
KASKAZINI B,2020,11,4,415012.0,88.72,29.49,22.88,83.46,96.9,False
KASKAZINI B,2020,11,9,415012.0,95.21,29.88,24.94,82.85,96.9,False
KASKAZINI B,2020,11,16,415012.0,34.57,30.81,24.67,82.76,96.9,False
KASKAZINI B,2020,11,23,415012.0,38.32,30.73,24.28,82.9,96.9,True
KASKAZINI B,2020,11,30,415012.0,119.9,31.11,25.32,82.8,96.9,False
KASKAZINI B,2020,12,1,415012.0,28.93,31.04,24.2,80.66,96.9,True
KASKAZINI B,2020,12,7,415012.0,8.38,32.08,24.97,80.87,96.9,True
KASKAZINI B,2020,12,14,415012.0,2.22,31.38,24.93,80.14,96.9,True
KASKAZINI B,2020,12,20,415012.0,7.84,31.09,25.19,80.29,96.9,True
KASKAZINI B,2020,12,27,415012.0,4.86,31.28,25.81,80.98,96.9,True
KASKAZINI B,2021,1,1,878264.0,6.9,31.58,24.92,79.09,94.7,False
KASKAZINI B,2021,1,3,878264.0,7.21,31.17,24.96,79.61,94.7,True
KASKAZINI B,2021,1,11,878264.0,5.94,29.81,24.91,79.34,94.7,True
KASKAZINI B,2021,1,18,878264.0,0.0,32.39,24.31,78.68,94.7,True
KASKAZINI B,2021,1,25,878264.0,0.0,31.4,25.29,78.54,94.7,False
KASKAZINI B,2021,1,31,878264.0,0.0,30.41,24.4,78.55,94.7,False
KASKAZINI B,2021,2,1,878264.0,0.0,32.01,24.3,78.36,94.7,True
KASKAZINI B,2021,2,8,878264.0,1.93,31.53,25.3,78.6,94.7,True
KASKAZINI B,2021,2,14,878264.0,1.2,31.7,25.18,78.11,94.7,True
KASKAZINI B,2021,2,21,878264.0,4.84,31.63,24.74,77.83,94.7,True
KASKAZINI B,2021,3,1,878264.0,0.0,34.22,25.33,77.5,94.7,False
KASKAZINI B,2021,3,8,878264.0,0.0,33.2,24.67,77.07,94.7,False
KASKAZINI B,2021,3,14,878264.0,4.6,32.39,24.03,76.57,94.7,False
KASKAZINI B,2021,3,25,878264.0,20.61,32.8,26.4,78.95,94.7,False
KASKAZINI B,2021,3,29,878264.0,30.2,30.92,25.28,77.0,94.7,False
KASKAZINI B,2021,4,1,878264.0,11.8,32.12,25.61,85.35,94.7,False
KASKAZINI B,2021,4,6,878264.0,13.35,30.86,26.02,83.92,94.7,False
KASKAZINI B,2021,4,12,878264.0,23.61,29.51,23.86,84.26,94.7,False
KASKAZINI B,2021,4,19,878264.0,41.48,28.6,24.7,84.84,94.7,False
KASKAZINI B,2021,4,25,878264.0,49.61,30.89,25.33,84.2,94.7,False
KASKAZINI B,2021,5,3,878264.0,38.64,28.84,24.53,78.76,94.7,False
KASKAZINI B,2021,5,11,878264.0,0.0,30.11,25.11,77.71,94.7,True
KASKAZINI B,2021,5,16,878264.0,0.0,30.85,24.93,78.47,94.7,True
KASKAZINI B,2021,5,24,878264.0,0.0,30.34,25.43,78.36,94.7,False
KASKAZINI B,2021,5,30,878264.0,0.0,29.42,25.14,77.81,94.7,False
KASKAZINI B,2021,6,3,878264.0,8.65,30.27,24.27,76.31,94.7,True
KASKAZINI B,2021,6,6,878264.0,7.43,28.74,23.64,74.38,94.7,False
KASKAZINI B,2021,6,14,878264.0,0.31,27.95,23.97,74.74,94.7,True
KASKAZINI B,2021,6,21,878264.0,2.7,28.7,23.39,75.07,94.7,True
KASKAZINI B,2021,6,27,878264.0,12.0,27.95,22.16,75.25,94.7,False
KASKAZINI B,2021,7,2,878264.0,0.81,29.33,23.15,74.05,94.7,False
KASKAZINI B,2021,7,5,878264.0,4.8,28.92,23.55,73.15,94.7,True
KASKAZINI B,2021,7,11,878264.0,8.41,28.61,24.26,73.35,94.7,False
KASKAZINI B,2021,7,19,878264.0,1.05,28.66,24.35,72.68,94.7,True
KASKAZINI B,2021,7,25,878264.0,2.75,27.97,23.53,73.7,94.7,False
KASKAZINI B,2021,8,2,878264.0,2.59,29.29,22.69,76.13,94.7,False
KASKAZINI B,2021,8,9,878264.0,0.0,29.51,21.56,77.07,94.7,False
KASKAZINI B,2021,8,16,878264.0,18.53,28.67,22.33,76.32,94.7,False
KASKAZINI B,2021,8,23,878264.0,9.97,29.13,22.99,76.31,94.7,False
KASKAZINI B,2021,8,29,878264.0,5.57,26.94,21.08,78.1,94.7,False
KASKAZINI B,2021,9,5,878264.0,8.04,28.82,23.46,74.55,94.7,True
KASKAZINI B,2021,9,13,878264.0,16.05,28.23,23.08,74.47,94.7,False
KASKAZINI B,2021,9,20,878264.0,1.1,29.1,23.04,74.92,94.7,True
KASKAZINI B,2021,9,27,878264.0,11.54,30.71,23.25,75.35,94.7,False
KASKAZINI B,2021,10,4,878264.0,1.11,30.09,22.77,75.94,94.7,False
KASKAZINI B,2021,10,11,878264.0,0.0,30.41,23.33,75.86,94.7,False
KASKAZINI B,2021,10,18,878264.0,10.62,30.53,23.41,75.4,94.7,False
KASKAZINI B,2021,10,25,878264.0,2.54,30.31,22.94,75.85,94.7,False
KASKAZINI B,2021,11,3,878264.0,1.62,32.97,24.81,76.78,94.7,False
KASKAZINI B,2021,11,8,878264.0,0.92,31.53,24.43,77.78,94.7,False
KASKAZINI B,2021,11,17,878264.0,2.77,33.38,24.21,77.28,94.7,False
KASKAZINI B,2021,11,24,878264.0,0.41,32.18,25.63,76.52,94.7,False
KASKAZINI B,2021,11,29,878264.0,0.0,31.53,25.47,78.85,94.7,False
KASKAZINI B,2021,12,1,878264.0,42.39,30.67,24.81,80.1,94.7,False
KASKAZINI B,2021,12,6,878264.0,50.15,30.64,24.52,80.44,94.7,False
KASKAZINI B,2021,12,13,878264.0,21.97,31.12,24.14,80.9,94.7,False
KASKAZINI B,2021,12,20,878264.0,13.11,32.06,24.85,81.07,94.7,False
KASKAZINI B,2021,12,27,878264.0,38.7,31.65,25.06,79.93,94.7,True
KASKAZINI B,2022,1,2,388344.4,0.0,32.5,26.25,78.02,97.8,True
KASKAZINI B,2022,1,10,388344.4,0.0,32.55,26.0,78.82,97.8,True
KASKAZINI B,2022,1,17,388344.4,41.98,32.66,24.55,78.41,97.8,True
KASKAZINI B,2022,1,23,388344.4,13.78,31.22,24.57,78.65,97.8,True
KASKAZINI B,2022,1,30,388344.4,22.61,30.64,25.31,78.62,97.8,False
KASKAZINI B,2022,2,1,388344.4,34.77,31.44,24.35,80.29,97.8,False
KASKAZINI B,2022,2,7,388344.4,11.35,31.75,25.36,80.26,97.8,True
KASKAZINI B,2022,2,14,388344.4,10.16,31.67,25.13,79.18,97.8,True
KASKAZINI B,2022,2,21,388344.4,27.23,31.46,24.81,79.84,97.8,False
KASKAZINI B,2022,2,27,388344.4,15.96,31.12,25.13,81.23,97.8,False
KASKAZINI B,2022,3,1,388344.4,0.0,33.83,25.64,76.67,97.8,False
KASKAZINI B,2022,3,7,388344.4,0.0,32.26,23.76,76.39,97.8,False
KASKAZINI B,2022,3,14,388344.4,0.0,32.38,26.29,78.35,97.8,False
KASKAZINI B,2022,3,24,388344.4,2.32,31.52,24.77,76.79,97.8,False
KASKAZINI B,2022,3,29,388344.4,16.72,32.12,25.78,77.54,97.8,False
KASKAZINI B,2022,4,3,388344.4,14.02,32.41,25.19,83.8,97.8,False
KASKAZINI B,2022,4,14,388344.4,25.1,31.34,25.7,83.9,97.8,False
KASKAZINI B,2022,4,18,388344.4,43.41,29.97,24.69,84.23,97.8,False
KASKAZINI B,2022,4,29,388344.4,138.12,29.7,24.7,84.52,97.8,False
KASKAZINI B,2022,5,2,388344.4,15.69,30.08,24.86,80.89,97.8,False
KASKAZINI B,2022,5,9,388344.4,0.0,31.28,25.74,80.45,97.8,False
KASKAZINI B,2022,5,15,388344.4,1.25,30.45,25.65,80.93,97.8,False
KASKAZINI B,2022,5,23,388344.4,2.91,31.07,24.14,81.53,97.8,False
KASKAZINI B,2022,5,30,388344.4,2.87,30.8,24.99,80.9,97.8,False
KASKAZINI B,2022,6,1,388344.4,15.76,31.26,23.93,80.32,97.8,False
KASKAZINI B,2022,6,6,388344.4,8.99,29.09,24.17,79.42,97.8,False
KASKAZINI B,2022,6,13,388344.4,0.0,29.58,24.05,79.7,97.8,False
KASKAZINI B,2022,6,20,388344.4,0.0,30.14,25.3,77.14,97.8,False
KASKAZINI B,2022,6,26,388344.4,13.15,28.87,24.1,79.71,97.8,False
KASKAZINI B,2022,7,1,388344.4,1.51,28.57,22.35,81.9,97.8,False
KASKAZINI B,2022,7,3,388344.4,1.57,27.59,22.8,81.63,97.8,False
KASKAZINI B,2022,7,12,388344.4,7.04,27.49,22.2,81.45,97.8,False
KASKAZINI B,2022,7,17,388344.4,9.27,27.14,22.9,80.15,97.8,False
KASKAZINI B,2022,7,25,388344.4,3.93,28.33,21.87,81.85,97.8,False
KASKAZINI B,2022,8,5,388344.4,0.0,26.3,22.53,77.75,97.8,False
KASKAZINI B,2022,8,9,388344.4,9.58,28.39,22.29,80.55,97.8,False
KASKAZINI B,2022,8,14,388344.4,5.48,28.12,21.31,79.38,97.8,False
KASKAZINI B,2022,8,22,388344.4,1.74,28.12,21.04,80.88,97.8,False
KASKAZINI B,2022,8,30,388344.4,7.38,27.43,22.44,79.1,97.8,False
KASKAZINI B,2022,9,1,388344.4,0.6,29.74,22.53,75.3,97.8,False
KASKAZINI B,2022,9,5,388344.4,0.82,27.67,21.38,75.15,97.8,True
KASKAZINI B,2022,9,12,388344.4,3.04,28.92,21.42,74.44,97.8,False
KASKAZINI B,2022,9,19,388344.4,2.28,29.75,22.88,75.08,97.8,False
KASKAZINI B,2022,9,30,388344.4,8.07,28.71,23.06,74.7,97.8,False
KASKAZINI B,2022,10,3,388344.4,1.11,27.96,22.5,72.09,97.8,False
KASKAZINI B,2022,10,10,388344.4,1.96,30.09,22.43,73.32,97.8,False
KASKAZINI B,2022,10,16,388344.4,2.0,28.22,23.75,73.6,97.8,False
KASKAZINI B,2022,10,23,388344.4,3.23,28.91,23.19,72.63,97.8,False
KASKAZINI B,2022,11,2,388344.4,10.51,32.1,22.8,75.87,97.8,False
KASKAZINI B,2022,11,7,388344.4,2.89,30.68,24.31,75.52,97.8,False
KASKAZINI B,2022,11,23,388344.4,16.34,30.65,24.16,76.27,97.8,False
KASKAZINI B,2022,12,1,388344.4,0.0,32.12,24.04,77.97,97.8,False
KASKAZINI B,2022,12,5,388344.4,0.0,31.87,24.3,77.46,97.8,False
KASKAZINI B,2022,12,13,388344.4,1.28,31.43,23.99,78.05,97.8,False
KASKAZINI B,2022,12,19,388344.4,12.29,31.47,24.93,77.66,97.8,False
KASKAZINI B,2022,12,26,388344.4,32.94,31.12,26.0,76.75,97.8,False
KASKAZINI B,2023,1,3,248000.0,0.0,31.99,25.54,77.9,94.0,False
KASKAZINI B,2023,1,8,248000.0,0.0,31.54,25.42,77.91,94.0,False
KASKAZINI B,2023,1,16,248000.0,0.95,32.1,24.92,79.04,94.0,False
KASKAZINI B,2023,1,22,248000.0,2.16,32.59,25.16,77.42,94.0,True
KASKAZINI B,2023,1,30,248000.0,3.58,30.52,25.52,78.57,94.0,False
KASKAZINI B,2023,2,1,248000.0,0.0,33.58,24.63,76.18,94.0,False
KASKAZINI B,2023,2,6,248000.0,0.08,32.14,24.37,75.1,94.0,False
KASKAZINI B,2023,2,13,248000.0,0.82,31.53,25.47,75.94,94.0,False
KASKAZINI B,2023,2,20,248000.0,0.0,32.36,25.28,75.13,94.0,True
KASKAZINI B,2023,2,27,248000.0,0.0,30.99,23.89,73.85,94.0,False
KASKAZINI B,2023,3,1,248000.0,0.0,33.94,25.1,76.38,94.0,True
KASKAZINI B,2023,3,6,248000.0,0.0,32.37,24.58,76.95,94.0,False
KASKAZINI B,2023,3,15,248000.0,31.09,32.31,26.03,77.31,94.0,False
KASKAZINI B,2023,3,20,248000.0,50.83,31.43,25.38,76.22,94.0,True
KASKAZINI B,2023,3,26,248000.0,4.54,31.1,24.89,76.09,94.0,False
KASKAZINI B,2023,4,1,248000.0,18.18,31.2,24.74,86.65,94.0,False
KASKAZINI B,2023,4,3,248000.0,16.08,31.28,25.81,86.44,94.0,False
KASKAZINI B,2023,4,11,248000.0,18.49,30.78,25.76,85.2,94.0,False
KASKAZINI B,2023,4,17,248000.0,53.15,29.6,25.76,86.39,94.0,False
KASKAZINI B,2023,4,23,248000.0,54.85,29.52,25.18,85.5,94.0,True
KASKAZINI B,2023,5,2,248000.0,10.47,30.88,24.53,82.09,94.0,False
KASKAZINI B,2023,5,8,248000.0,32.33,30.65,25.64,82.48,94.0,False
KASKAZINI B,2023,5,14,248000.0,7.18,31.13,25.15,82.94,94.0,True
KASKAZINI B,2023,5,21,248000.0,10.05,30.18,24.49,82.27,94.0,True
KASKAZINI B,2023,5,28,248000.0,25.84,29.4,24.3,82.89,94.0,True
KASKAZINI B,2023,6,1,248000.0,29.33,28.65,23.66,82.14,94.0,False
KASKAZINI B,2023,6,4,248000.0,23.38,29.13,22.77,81.83,94.0,True
KASKAZINI B,2023,6,11,248000.0,1.45,29.41,23.86,82.54,94.0,True
KASKAZINI B,2023,6,18,248000.0,3.03,29.67,23.59,82.74,94.0,True
KASKAZINI B,2023,6,25,248000.0,0.0,29.48,24.0,82.06,94.0,False
KASKAZINI B,2023,7,2,248000.0,6.88,28.64,23.7,82.91,94.0,True
KASKAZINI B,2023,7,9,248000.0,0.0,28.85,22.62,84.25,94.0,True
KASKAZINI B,2023,7,17,248000.0,0.0,29.05,22.97,83.24,94.0,True
KASKAZINI B,2023,7,23,248000.0,5.53,28.27,23.69,83.66,94.0,True
KASKAZINI B,2023,7,30,248000.0,31.0,28.82,22.79,83.61,94.0,False
KASKAZINI B,2023,8,1,248000.0,4.9,29.24,22.87,81.65,94.0,False
KASKAZINI B,2023,8,7,248000.0,3.87,29.76,23.34,81.92,94.0,True
KASKAZINI B,2023,8,13,248000.0,2.43,29.46,23.39,81.32,94.0,True
KASKAZINI B,2023,8,20,248000.0,2.04,28.69,22.25,81.03,94.0,True
KASKAZINI B,2023,8,27,248000.0,5.04,28.65,23.11,81.39,94.0,False
KASKAZINI B,2023,9,1,248000.0,10.61,30.6,21.28,76.96,94.0,False
KASKAZINI B,2023,9,3,248000.0,8.27,29.41,22.14,77.11,94.0,True
KASKAZINI B,2023,9,16,248000.0,3.96,29.45,24.02,76.9,94.0,False
KASKAZINI B,2023,9,19,248000.0,9.35,31.42,23.39,76.46,94.0,False
KASKAZINI B,2023,9,25,248000.0,15.08,30.99,23.66,77.21,94.0,False
KASKAZINI B,2023,10,2,248000.0,11.74,30.68,24.92,74.9,94.0,False
KASKAZINI B,2023,10,8,248000.0,1.91,31.61,24.09,75.96,94.0,False
KASKAZINI B,2023,10,15,248000.0,0.0,31.49,23.92,74.15,94.0,False
KASKAZINI B,2023,10,22,248000.0,25.0,32.05,24.41,75.79,94.0,False
KASKAZINI B,2023,10,30,248000.0,33.73,31.02,23.78,75.35,94.0,False
KASKAZINI B,2023,11,1,248000.0,153.81,28.04,24.84,83.45,94.0,False
KASKAZINI B,2023,11,6,248000.0,114.37,29.15,23.99,82.72,94.0,True
KASKAZINI B,2023,11,13,248000.0,53.12,30.42,24.18,82.4,94.0,True
KASKAZINI B,2023,11,20,248000.0,37.65,30.05,24.34,82.6,94.0,True
KASKAZINI B,2023,11,26,248000.0,52.32,30.66,24.98,84.02,94.0,False
KASKAZINI B,2023,12,1,248000.0,12.76,30.7,23.54,81.45,94.0,False
KASKAZINI B,2023,12,3,248000.0,12.81,31.24,24.48,81.13,94.0,True
KASKAZINI B,2023,12,10,248000.0,29.71,31.29,24.67,81.56,94.0,True
KASKAZINI B,2023,12,17,248000.0,26.64,31.91,25.82,80.69,94.0,True
KASKAZINI B,2023,12,24,248000.0,10.37,31.64,25.71,81.06,94.0,True
KATI,2018,1,2,366311.12,16.62,30.46,24.21,82.61,95.0,True
KATI,2018,1,7,498408.06,6.84,30.23,24.13,79.57,95.0,True
KATI,2018,1,15,455981.89,13.14,30.02,24.24,83.31,95.0,True
KATI,2018,1,22,415051.53,10.58,30.19,24.05,82.65,95.0,True
KATI,2018,1,29,304742.42,16.16,30.49,24.13,82.96,95.0,False
KATI,2018,2,1,419090.45,13.4,30.66,24.06,80.23,95.0,True
KATI,2018,2,4,419406.69,12.88,31.05,24.28,81.28,95.0,True
KATI,2018,2,12,442061.98,16.47,31.26,24.43,82.62,95.0,False
KATI,2018,2,20,378580.68,8.44,30.84,24.26,80.4,95.0,False
KATI,2018,2,26,435572.92,13.92,30.21,24.01,82.81,95.0,False
KATI,2018,3,1,436859.71,15.52,30.63,23.99,79.4,95.0,False
KATI,2018,3,5,476724.08,24.06,30.68,24.15,80.85,95.0,False
KATI,2018,3,12,372547.65,12.62,31.04,24.48,77.36,95.0,True
KATI,2018,3,19,271202.9,27.21,29.78,24.34,77.49,95.0,False
KATI,2018,3,26,416763.6,19.88,29.79,24.09,59.68,95.0,False
KATI,2018,4,2,509421.22,18.59,31.24,24.53,78.2,95.0,True
KATI,2018,4,9,384369.52,29.01,30.35,24.25,82.46,95.0,True
KATI,2018,4,16,399526.35,30.98,30.02,23.83,81.46,95.0,True
KATI,2018,4,22,391757.59,16.37,30.41,24.19,81.38,95.0,True
KATI,2018,4,30,362921.93,16.39,30.55,24.36,80.91,95.0,False
KATI,2018,5,1,396551.35,12.95,30.19,24.29,78.32,95.0,False
KATI,2018,5,6,411165.63,11.36,30.07,24.31,82.14,95.0,True
KATI,2018,5,13,401506.6,23.56,30.51,24.22,82.92,95.0,True
KATI,2018,5,21,352380.62,16.12,30.54,24.34,81.89,95.0,True
KATI,2018,5,28,377325.57,9.16,31.15,24.27,81.01,95.0,True
KATI,2018,6,1,383590.44,16.77,30.73,24.47,78.99,95.0,False
KATI,2018,6,3,384899.81,13.31,30.8,24.21,80.03,95.0,True
KATI,2018,6,10,423697.43,13.29,30.63,24.33,81.41,95.0,True
KATI,2018,6,18,385255.07,20.23,30.83,24.46,81.8,95.0,True
KATI,2018,6,24,395016.61,14.98,30.66,24.49,82.46,95.0,True
KATI,2018,7,2,431004.54,11.78,30.45,24.12,82.71,95.0,True
KATI,2018,7,8,358429.87,15.79,30.01,24.19,81.43,95.0,True
KATI,2018,7,16,390784.87,12.78,30.36,24.16,80.18,95.0,True
KATI,2018,7,22,379252.68,16.26,30.48,23.96,81.36,95.0,True
KATI,2018,7,29,391097.26,7.5,30.66,24.48,81.57,95.0,True
KATI,2018,8,1,401082.98,15.27,30.48,24.21,81.19,95.0,True
KATI,2018,8,5,291603.77,21.84,30.64,24.32,81.49,95.0,True
KATI,2018,8,12,359442.71,8.93,31.17,24.23,83.35,95.0,True
KATI,2018,8,20,426983.78,9.71,30.66,24.13,83.66,95.0,False
KATI,2018,8,26,438942.41,11.02,30.86,23.97,79.72,95.0,False
KATI,2018,9,1,265864.5,17.25,30.62,24.93,75.4,95.0,False
KATI,2018,9,2,374306.46,13.22,30.53,24.31,81.68,95.0,True
KATI,2018,9,10,439281.68,14.06,30.49,24.23,81.65,95.0,True
KATI,2018,9,16,514826.69,19.73,30.39,24.24,80.86,95.0,True
KATI,2018,9,23,328570.67,21.24,30.47,24.17,79.92,95.0,True
KATI,2018,10,1,356569.1,12.35,30.22,23.9,81.38,95.0,True
KATI,2018,10,8,372038.74,21.68,30.6,24.44,83.53,95.0,False
KATI,2018,10,15,383357.72,13.26,30.9,24.49,82.08,95.0,False
KATI,2018,10,22,444380.16,12.24,30.81,24.61,81.92,95.0,True
KATI,2018,10,28,388631.83,9.47,30.01,23.87,81.09,95.0,True
KATI,2018,11,1,370018.98,3.75,30.58,24.5,74.04,95.0,False
KATI,2018,11,5,380198.07,18.96,30.81,24.3,80.4,95.0,True
KATI,2018,11,11,314161.59,10.29,30.37,24.03,79.06,95.0,True
KATI,2018,11,19,415370.0,22.93,30.45,24.1,81.34,95.0,False
KATI,2018,11,26,280197.2,19.22,30.72,24.61,80.29,95.0,False
KATI,2018,12,3,357554.49,15.01,30.79,24.35,81.7,95.0,True
KATI,2018,12,10,370213.65,14.36,30.62,24.74,81.25,95.0,True
KATI,2018,12,16,340948.09,12.57,30.84,24.23,79.4,95.0,True
KATI,2018,12,23,409406.4,12.39,30.37,24.21,80.17,95.0,True
KATI,2018,12,31,381710.93,17.66,30.3,24.36,81.34,95.0,True
KATI,2019,1,2,328643.62,16.94,30.94,24.49,82.61,95.2,False
KATI,2019,1,7,384467.48,14.6,30.9,24.42,80.41,95.2,True
KATI,2019,1,14,401029.34,15.29,30.68,23.94,82.85,95.2,True
KATI,2019,1,21,367790.61,14.88,30.74,24.42,82.5,95.2,True
KATI,2019,1,28,359095.62,14.75,30.38,23.92,77.55,95.2,True
KATI,2019,2,1,457168.19,18.7,30.55,23.86,76.69,95.2,False
KATI,2019,2,4,417769.57,25.42,30.92,24.37,82.67,95.2,False
KATI,2019,2,11,364933.04,13.57,30.56,24.44,82.07,95.2,True
KATI,2019,2,17,368876.98,13.36,31.0,24.4,82.52,95.2,True
KATI,2019,2,25,385538.96,17.54,30.3,24.5,82.06,95.2,False
KATI,2019,3,1,213036.0,2.08,32.29,26.49,91.55,95.2,False
KATI,2019,3,3,405887.45,7.64,30.21,23.5,82.86,95.2,False
KATI,2019,3,11,351998.4,12.35,30.85,24.56,82.87,95.2,True
KATI,2019,3,17,396690.07,11.67,29.88,23.97,82.93,95.2,False
KATI,2019,3,24,382594.71,13.58,30.73,24.29,81.46,95.2,True
KATI,2019,4,1,343829.77,22.67,30.48,24.44,82.07,95.2,True
KATI,2019,4,8,306358.15,4.22,31.41,24.4,83.3,95.2,False
KATI,2019,4,15,411296.82,17.33,30.75,24.32,77.08,95.2,False
KATI,2019,4,21,380237.12,14.15,30.71,24.61,82.62,95.2,False
KATI,2019,4,28,375888.17,14.45,30.08,24.16,78.7,95.2,False
KATI,2019,5,2,377871.58,7.68,30.38,23.86,82.93,95.2,False
KATI,2019,5,5,395408.02,12.69,31.03,24.32,78.44,95.2,True
KATI,2019,5,12,397326.14,11.74,30.84,24.48,81.88,95.2,True
KATI,2019,5,19,409759.14,17.5,30.43,24.17,82.0,95.2,True
KATI,2019,5,27,412487.03,14.57,30.5,24.02,81.06,95.2,True
KATI,2019,6,2,452563.52,18.63,30.43,24.22,80.42,95.2,True
KATI,2019,6,9,425574.57,13.44,30.32,24.15,82.14,95.2,True
KATI,2019,6,16,419001.69,16.88,30.53,24.25,81.4,95.2,True
KATI,2019,6,23,350598.93,15.56,30.6,24.55,81.17,95.2,True
KATI,2019,6,30,387729.66,10.67,30.89,24.49,76.84,95.2,False
KATI,2019,7,1,447529.32,15.17,30.37,23.87,79.52,95.2,True
KATI,2019,7,7,385711.39,8.26,30.49,24.3,80.75,95.2,True
KATI,2019,7,14,412235.91,16.14,30.49,24.15,82.46,95.2,True
KATI,2019,7,21,383449.55,16.0,30.57,24.13,80.56,95.2,True
KATI,2019,7,28,399808.82,16.74,30.27,24.22,81.78,95.2,True
KATI,2019,8,1,356244.96,10.71,30.76,24.37,80.39,95.2,True
KATI,2019,8,5,426768.47,13.45,30.86,24.2,82.95,95.2,True
KATI,2019,8,11,414102.89,19.87,30.51,24.24,79.93,95.2,True
KATI,2019,8,18,400015.47,14.91,30.39,24.28,82.19,95.2,True
KATI,2019,8,25,421872.12,8.5,30.88,24.44,81.11,95.2,True
KATI,2019,9,1,347840.88,11.48,30.96,24.1,81.99,95.2,True
KATI,2019,9,8,412875.91,9.31,30.61,24.37,83.88,95.2,True
KATI,2019,9,15,450260.5,24.42,30.46,24.35,81.85,95.2,True
KATI,2019,9,22,445387.93,7.83,30.62,24.46,81.55,95.2,True
KATI,2019,9,29,502553.55,12.88,31.09,24.42,80.47,95.2,False
KATI,2019,10,1,422086.24,17.51,30.67,24.33,80.79,95.2,True
KATI,2019,10,7,399760.5,11.26,30.8,24.12,80.2,95.2,True
KATI,2019,10,13,399284.65,17.97,30.77,24.38,82.45,95.2,True
KATI,2019,10,20,368289.45,15.07,30.61,24.31,81.5,95.2,True
KATI,2019,10,28,319673.46,14.16,30.73,24.45,83.51,95.2,False
KATI,2019,11,1,523153.44,24.91,31.58,24.05,81.22,95.2,False
KATI,2019,11,3,347325.14,14.13,31.04,24.3,83.32,95.2,True
KATI,2019,11,11,380611.98,12.43,30.49,24.11,81.0,95.2,True
KATI,2019,11,18,408565.32,11.98,30.5,24.01,81.73,95.2,True
KATI,2019,11,24,393441.82,20.56,30.96,24.32,82.49,95.2,True
KATI,2019,12,1,398368.05,16.44,30.65,24.37,82.93,95.2,True
KATI,2019,12,8,423518.8,12.97,30.56,24.24,80.38,95.2,True
KATI,2019,12,15,401921.84,16.05,30.69,24.3,81.02,95.2,True
KATI,2019,12,22,427809.01,14.3,30.57,24.13,82.23,95.2,True
KATI,2019,12,29,407034.2,14.7,30.49,24.13,80.01,95.2,True
KATI,2020,1,1,401214.71,8.38,30.89,24.35,80.78,96.9,True
KATI,2020,1,5,347419.32,19.31,30.64,24.4,81.99,96.9,True
KATI,2020,1,12,371651.43,15.84,30.68,24.2,81.52,96.9,True
KATI,2020,1,19,375493.8,12.0,30.45,24.11,80.61,96.9,True
KATI,2020,1,26,383504.49,16.54,30.68,24.38,81.15,96.9,True
KATI,2020,2,1,485269.6,17.88,30.71,24.2,81.75,96.9,False
KATI,2020,2,2,390508.33,9.28,30.9,24.59,82.04,96.9,True
KATI,2020,2,9,360981.2,14.41,30.62,24.15,80.97,96.9,True
KATI,2020,2,16,382160.45,19.74,30.47,24.37,81.42,96.9,True
KATI,2020,2,23,373479.99,19.62,30.69,24.5,83.12,96.9,True
KATI,2020,3,1,378221.32,12.8,30.64,24.41,80.84,96.9,True
KATI,2020,3,8,362172.15,12.27,30.22,24.03,81.65,96.9,True
KATI,2020,3,16,399660.77,22.33,30.43,24.17,82.33,96.9,True
KATI,2020,3,22,360257.28,11.41,30.65,24.14,82.74,96.9,True
KATI,2020,3,29,380294.83,10.98,30.16,23.77,84.91,96.9,False
KATI,2020,4,1,369892.54,10.94,30.07,23.89,80.54,96.9,False
KATI,2020,4,6,450391.73,12.26,30.54,24.22,81.64,96.9,True
KATI,2020,4,12,391139.9,12.02,30.73,24.3,80.87,96.9,True
KATI,2020,4,20,356172.78,18.51,30.79,24.33,82.42,96.9,True
KATI,2020,4,26,358447.3,18.55,30.39,24.22,80.68,96.9,True
KATI,2020,5,1,396464.17,14.43,30.68,24.18,81.03,96.9,False
KATI,2020,5,3,428859.21,13.34,30.59,24.01,80.73,96.9,False
KATI,2020,5,10,409037.74,16.64,30.3,24.15,81.36,96.9,True
KATI,2020,5,17,406055.0,15.0,30.48,24.14,79.18,96.9,True
KATI,2020,5,24,375246.88,22.21,30.4,24.24,82.58,96.9,True
KATI,2020,5,31,381484.23,31.28,30.44,24.29,81.94,96.9,False
KATI,2020,6,1,431123.39,12.41,31.06,24.4,81.27,96.9,True
KATI,2020,6,7,401994.15,16.58,30.68,24.43,82.1,96.9,True
KATI,2020,6,14,395175.07,15.02,30.62,24.26,80.86,96.9,True
KATI,2020,6,21,358136.66,10.82,30.51,24.13,80.88,96.9,True
KATI,2020,6,28,402417.13,19.39,30.62,24.3,80.91,96.9,True
KATI,2020,7,1,429473.32,18.54,30.38,24.48,80.01,96.9,True
KATI,2020,7,5,440718.03,16.54,30.53,24.22,78.58,96.9,True
KATI,2020,7,13,388434.67,12.33,30.5,24.17,80.79,96.9,True
KATI,2020,7,19,445697.53,20.01,30.49,24.22,80.36,96.9,True
KATI,2020,7,27,362992.94,19.15,30.51,24.4,83.08,96.9,True
KATI,2020,8,1,318693.0,21.66,31.01,23.5,75.52,96.9,False
KATI,2020,8,2,404719.71,14.34,30.66,24.43,81.21,96.9,True
KATI,2020,8,9,351791.49,20.77,30.61,24.16,82.1,96.9,True
KATI,2020,8,16,392011.39,6.49,30.59,24.09,79.89,96.9,True
KATI,2020,8,23,405150.76,12.74,30.22,24.05,81.42,96.9,True
KATI,2020,8,31,373667.31,11.69,30.11,24.2,81.96,96.9,False
KATI,2020,9,1,399914.01,9.8,30.29,23.93,79.81,96.9,True
KATI,2020,9,7,377202.11,21.01,31.05,24.59,83.48,96.9,True
KATI,2020,9,13,410107.61,19.8,30.52,24.21,80.18,96.9,True
KATI,2020,9,20,438370.2,13.17,30.47,24.13,79.47,96.9,True
KATI,2020,9,27,462051.44,13.14,30.56,24.26,78.8,96.9,True
KATI,2020,10,2,318432.6,21.44,30.49,23.07,81.14,96.9,False
KATI,2020,10,4,388497.61,17.83,30.71,24.45,83.57,96.9,True
KATI,2020,10,12,434231.58,12.47,30.43,24.13,81.46,96.9,True
KATI,2020,10,18,410730.21,19.84,30.36,24.12,80.94,96.9,True
KATI,2020,10,26,464198.93,17.1,29.85,24.36,81.23,96.9,True
KATI,2020,11,3,341374.95,8.28,30.18,24.61,78.58,96.9,True
KATI,2020,11,9,388344.4,9.14,30.99,24.15,80.75,96.9,False
KATI,2020,11,15,439798.28,13.4,31.0,24.57,79.89,96.9,True
KATI,2020,11,23,410783.8,11.47,30.78,24.15,80.21,96.9,True
KATI,2020,11,29,393523.86,29.86,30.21,23.71,82.91,96.9,False
KATI,2020,12,1,379135.6,13.62,30.67,24.28,81.92,96.9,True
KATI,2020,12,6,382107.13,16.87,30.44,24.24,81.47,96.9,True
KATI,2020,12,13,393605.57,16.26,30.66,24.1,80.01,96.9,True
KATI,2020,12,21,334061.5,15.53,31.16,24.26,82.53,96.9,True
KATI,2020,12,27,406030.57,11.48,30.56,24.04,81.8,96.9,True
KATI,2021,1,1,374744.85,13.64,30.5,23.9,77.45,94.7,False
KATI,2021,1,3,406767.27,16.52,30.62,24.35,81.28,94.7,True
KATI,2021,1,10,407239.48,18.07,30.63,24.24,82.0,94.7,True
KATI,2021,1,17,367679.16,15.33,30.58,24.29,82.59,94.7,True
KATI,2021,1,24,366527.35,17.89,30.52,24.05,82.64,94.7,True
KATI,2021,1,31,296542.0,9.53,29.96,23.84,72.82,94.7,False
KATI,2021,2,1,389852.54,13.73,30.61,24.11,81.3,94.7,True
KATI,2021,2,7,425236.56,14.25,30.69,24.07,82.26,94.7,True
KATI,2021,2,14,413134.54,17.64,30.41,24.11,82.2,94.7,True
KATI,2021,2,21,382922.19,12.81,30.54,24.28,81.75,94.7,True
KATI,2021,2,28,323762.88,9.56,30.91,24.28,83.65,94.7,False
KATI,2021,3,1,393240.06,18.46,30.59,24.54,82.04,94.7,True
KATI,2021,3,7,407723.56,16.28,30.61,24.18,81.75,94.7,True
KATI,2021,3,14,389989.42,19.66,30.76,24.43,81.13,94.7,True
KATI,2021,3,22,428615.89,16.8,30.45,24.53,80.61,94.7,True
KATI,2021,3,28,433381.0,24.92,30.51,24.34,80.64,94.7,True
KATI,2021,4,1,339411.35,20.91,30.4,24.53,83.08,94.7,False
KATI,2021,4,4,374776.86,10.88,30.78,24.29,80.15,94.7,True
KATI,2021,4,11,380271.05,9.2,30.87,24.45,78.48,94.7,True
KATI,2021,4,19,380812.99,26.93,30.78,24.84,81.94,94.7,True
KATI,2021,4,27,434901.2,20.53,30.52,24.53,81.42,94.7,True
KATI,2021,5,1,440912.5,35.48,31.48,24.28,83.75,94.7,False
KATI,2021,5,2,417491.68,13.44,30.32,23.87,82.06,94.7,True
KATI,2021,5,9,385113.7,19.03,30.57,24.34,80.31,94.7,True
KATI,2021,5,16,368091.28,17.37,30.66,24.13,81.92,94.7,True
KATI,2021,5,23,390769.82,13.18,30.68,24.37,81.07,94.7,True
KATI,2021,5,30,473277.97,12.51,30.65,23.59,82.63,94.7,False
KATI,2021,6,1,380989.86,13.9,30.47,24.31,80.96,94.7,True
KATI,2021,6,6,387355.07,14.16,30.66,24.25,80.98,94.7,True
KATI,2021,6,13,350041.79,26.35,30.61,24.3,83.69,94.7,True
KATI,2021,6,21,367149.26,14.42,30.37,24.06,83.48,94.7,True
KATI,2021,6,27,465781.81,15.56,30.33,24.04,82.93,94.7,True
KATI,2021,7,1,432069.61,21.2,31.01,24.15,80.26,94.7,False
KATI,2021,7,4,372026.61,19.08,30.73,24.44,84.23,94.7,True
KATI,2021,7,11,385586.67,15.49,30.83,24.32,80.67,94.7,True
KATI,2021,7,18,452139.93,16.53,30.19,24.15,81.96,94.7,True
KATI,2021,7,25,376262.54,12.89,30.94,24.42,81.68,94.7,True
KATI,2021,8,1,416627.66,13.44,30.9,24.21,80.98,94.7,True
KATI,2021,8,8,378425.79,23.9,30.54,24.51,82.67,94.7,True
KATI,2021,8,15,409304.64,11.18,30.34,23.85,80.43,94.7,True
KATI,2021,8,23,385930.74,16.4,30.66,24.28,78.44,94.7,True
KATI,2021,8,29,494224.44,20.35,29.85,24.12,82.72,94.7,False
KATI,2021,9,1,476483.6,8.76,30.26,24.06,82.71,94.7,False
KATI,2021,9,5,396473.65,13.87,30.6,24.26,80.4,94.7,True
KATI,2021,9,12,443053.52,15.52,30.61,24.28,81.76,94.7,True
KATI,2021,9,19,453280.32,17.28,30.8,24.23,79.08,94.7,True
KATI,2021,9,26,419996.03,9.21,30.76,24.0,82.12,94.7,True
KATI,2021,10,1,331440.38,8.17,30.18,24.16,81.06,94.7,False
KATI,2021,10,3,396817.43,14.46,30.99,24.42,80.48,94.7,True
KATI,2021,10,10,328137.89,21.11,31.12,24.78,81.83,94.7,True
KATI,2021,10,17,395042.12,18.11,30.68,24.27,80.86,94.7,True
KATI,2021,10,24,399796.82,16.67,30.75,24.3,80.6,94.7,True
KATI,2021,11,1,336180.53,16.33,30.2,24.32,81.73,94.7,True
KATI,2021,11,7,408897.39,15.25,30.13,24.18,78.2,94.7,True
KATI,2021,11,15,334659.02,9.27,30.58,23.97,81.62,94.7,False
KATI,2021,11,22,420416.99,9.13,31.2,24.43,79.41,94.7,False
KATI,2021,11,29,440912.5,14.22,30.12,24.28,76.25,94.7,False
KATI,2021,12,2,414368.05,13.36,30.36,24.66,79.76,94.7,False
KATI,2021,12,5,447026.8,15.77,30.13,24.25,81.84,94.7,True
KATI,2021,12,12,402696.86,11.87,30.81,24.42,81.32,94.7,False
KATI,2021,12,19,370613.77,11.5,30.93,24.17,81.75,94.7,True
KATI,2021,12,26,334230.58,21.97,30.9,24.41,81.36,94.7,True
KATI,2022,1,1,296542.0,14.06,29.6,23.88,72.8,97.8,False
KATI,2022,1,2,450237.38,15.47,30.64,24.34,82.39,97.8,True
KATI,2022,1,9,353229.56,20.94,30.54,24.07,81.11,97.8,True
KATI,2022,1,16,381082.56,17.62,30.29,24.33,81.93,97.8,True
KATI,2022,1,23,357511.62,18.38,30.58,24.31,83.44,97.8,True
KATI,2022,1,30,365609.04,20.64,29.58,23.94,84.79,97.8,False
KATI,2022,2,1,412981.84,12.95,30.52,24.44,79.93,97.8,True
KATI,2022,2,6,358135.13,10.0,30.41,23.98,78.45,97.8,True
KATI,2022,2,13,399252.02,16.33,30.84,24.21,82.96,97.8,True
KATI,2022,2,20,345531.78,7.82,30.13,24.08,81.07,97.8,True
KATI,2022,2,27,300820.4,39.24,29.08,22.91,79.08,97.8,False
KATI,2022,3,2,376173.52,16.19,31.07,24.54,87.04,97.8,False
KATI,2022,3,7,351094.97,8.94,30.81,24.29,80.79,97.8,True
KATI,2022,3,14,464801.12,22.15,30.16,24.32,81.87,97.8,True
KATI,2022,3,20,391930.45,15.98,30.32,24.02,81.79,97.8,True
KATI,2022,3,27,372291.23,8.36,29.77,23.58,78.83,97.8,False
KATI,2022,4,2,356365.77,7.42,31.11,24.53,83.72,97.8,False
KATI,2022,4,4,403983.53,18.95,30.55,24.34,81.65,97.8,True
KATI,2022,4,10,361406.17,10.04,31.33,24.54,82.48,97.8,True
KATI,2022,4,17,364360.18,11.47,30.4,24.39,81.5,97.8,True
KATI,2022,4,24,419250.54,17.79,31.11,24.33,82.88,97.8,True
KATI,2022,5,1,398764.27,14.62,30.92,24.97,77.83,97.8,False
KATI,2022,5,8,386227.74,24.5,30.69,24.06,83.22,97.8,True
KATI,2022,5,16,410284.62,11.92,30.69,24.18,81.54,97.8,True
KATI,2022,5,22,363713.42,17.66,30.48,24.16,80.82,97.8,True
KATI,2022,5,30,418621.37,9.36,30.5,24.24,80.74,97.8,True
KATI,2022,6,1,374316.75,22.02,30.45,24.21,85.0,97.8,False
KATI,2022,6,5,349645.48,17.14,30.73,24.42,82.45,97.8,True
KATI,2022,6,12,420558.86,16.27,30.67,24.21,81.6,97.8,True
KATI,2022,6,19,376223.94,16.29,30.22,24.32,78.99,97.8,True
KATI,2022,6,26,433492.24,16.55,30.67,23.96,80.74,97.8,True
KATI,2022,7,1,346394.08,8.92,30.37,24.29,79.16,97.8,False
KATI,2022,7,3,373935.08,21.59,30.67,24.16,83.17,97.8,True
KATI,2022,7,10,363269.26,15.87,30.18,24.14,82.13,97.8,True
KATI,2022,7,17,398323.23,19.2,31.01,24.48,81.04,97.8,False
KATI,2022,7,24,419196.7,18.01,30.95,23.78,82.38,97.8,False
KATI,2022,7,31,248000.0,119.16,28.92,25.17,87.25,97.8,False
KATI,2022,8,1,368912.28,18.18,29.92,23.63,81.61,97.8,False
KATI,2022,8,9,401345.15,12.96,30.64,24.2,81.46,97.8,True
KATI,2022,8,15,323547.87,19.4,30.34,23.89,81.2,97.8,False
KATI,2022,8,23,437087.77,19.03,31.03,24.31,80.81,97.8,True
KATI,2022,8,28,516362.05,3.74,31.08,24.24,71.01,97.8,False
KATI,2022,9,1,342682.36,31.3,30.07,24.39,82.97,97.8,False
KATI,2022,9,4,358864.36,9.31,30.23,24.02,82.45,97.8,True
KATI,2022,9,11,495613.19,15.39,30.6,24.46,81.3,97.8,True
KATI,2022,9,19,456846.87,15.99,31.03,24.48,76.12,97.8,False
KATI,2022,9,26,364969.95,12.08,31.26,24.55,74.15,97.8,False
KATI,2022,10,1,401678.2,19.85,31.03,25.01,77.92,97.8,False
KATI,2022,10,2,304691.42,11.29,30.09,24.2,80.83,97.8,False
KATI,2022,10,10,443239.06,13.58,29.81,23.91,81.62,97.8,False
KATI,2022,10,16,325597.31,5.77,30.5,24.37,81.63,97.8,False
KATI,2022,10,23,352546.23,5.04,30.48,24.38,81.97,97.8,False
KATI,2022,10,31,243984.0,38.38,31.07,25.14,79.54,97.8,False
KATI,2022,11,2,550319.0,3.56,32.56,25.68,78.92,97.8,False
KATI,2022,11,7,440917.45,22.19,30.67,24.28,82.0,97.8,True
KATI,2022,11,14,445016.8,11.14,30.43,24.24,78.45,97.8,False
KATI,2022,11,21,358497.1,13.91,30.34,23.9,81.31,97.8,True
KATI,2022,11,28,391629.57,13.29,30.01,23.35,81.47,97.8,False
KATI,2022,12,1,356894.08,16.13,30.45,24.25,80.73,97.8,False
KATI,2022,12,5,383840.83,14.32,30.55,23.78,78.87,97.8,True
KATI,2022,12,11,396127.34,19.71,30.85,24.02,80.72,97.8,True
KATI,2022,12,18,392295.21,18.52,30.59,24.33,82.79,97.8,True
KATI,2022,12,25,363957.91,12.79,30.43,24.12,79.12,97.8,True
KATI,2023,1,1,434295.66,15.67,30.36,24.08,80.49,94.0,True
KATI,2023,1,8,357335.34,12.13,30.7,24.22,80.8,94.0,True
KATI,2023,1,15,366235.96,16.21,30.64,24.5,80.83,94.0,True
KATI,2023,1,22,366059.9,12.43,30.75,24.7,78.9,94.0,True
KATI,2023,1,29,445203.85,21.88,30.6,24.48,83.3,94.0,True
KATI,2023,2,1,376982.12,15.97,30.59,24.11,80.44,94.0,False
KATI,2023,2,5,370743.18,11.98,30.39,24.03,81.11,94.0,True
KATI,2023,2,12,431235.88,20.22,30.32,24.29,81.27,94.0,True
KATI,2023,2,19,390347.02,13.37,30.72,24.58,81.99,94.0,True
KATI,2023,2,26,639971.1,24.32,30.3,24.54,82.8,94.0,False
KATI,2023,3,1,496217.39,11.41,30.51,23.77,80.49,94.0,False
KATI,2023,3,5,345633.08,10.74,30.99,24.42,81.6,94.0,True
KATI,2023,3,12,423346.64,20.32,30.62,24.03,81.0,94.0,True
KATI,2023,3,19,490554.81,14.59,30.38,24.12,80.65,94.0,True
KATI,2023,3,26,379630.96,20.76,30.32,24.19,79.58,94.0,False
KATI,2023,4,1,332442.85,29.54,30.94,24.61,85.83,94.0,False
KATI,2023,4,3,395728.07,41.32,30.58,24.29,83.18,94.0,False
KATI,2023,4,11,381840.21,15.51,30.27,24.37,82.2,94.0,False
KATI,2023,4,17,423256.9,13.83,31.0,24.66,79.32,94.0,True
KATI,2023,4,23,378455.33,24.0,30.81,24.09,82.67,94.0,False
KATI,2023,4,30,350904.31,7.78,30.78,24.4,79.77,94.0,False
KATI,2023,5,1,391223.21,14.57,30.55,24.22,82.21,94.0,True
KATI,2023,5,7,434642.35,22.04,30.56,24.13,80.19,94.0,True
KATI,2023,5,14,418278.14,11.15,30.84,24.46,79.93,94.0,True
KATI,2023,5,21,362011.43,18.15,30.52,24.4,80.85,94.0,True
KATI,2023,5,28,383295.66,12.39,30.69,24.46,81.41,94.0,True
KATI,2023,6,1,479176.04,3.61,29.7,23.59,79.23,94.0,False
KATI,2023,6,4,361552.89,14.92,30.6,24.33,81.79,94.0,True
KATI,2023,6,11,371770.22,19.64,30.66,24.36,81.23,94.0,True
KATI,2023,6,18,394282.42,18.15,30.67,24.2,81.36,94.0,True
KATI,2023,6,25,370222.24,13.31,30.61,24.27,82.79,94.0,True
KATI,2023,7,1,318253.6,4.84,30.27,23.91,84.28,94.0,False
KATI,2023,7,2,411059.1,10.2,30.72,24.28,81.72,94.0,True
KATI,2023,7,9,413626.77,11.36,30.62,24.16,82.36,94.0,True
KATI,2023,7,16,405829.06,15.92,30.9,24.51,82.04,94.0,True
KATI,2023,7,23,396415.34,15.71,30.47,24.25,81.68,94.0,True
KATI,2023,7,30,257731.73,12.13,30.65,24.32,80.58,94.0,False
KATI,2023,8,1,372480.99,15.06,30.52,24.25,82.55,94.0,True
KATI,2023,8,7,368244.3,16.76,30.22,24.18,81.62,94.0,True
KATI,2023,8,13,400984.86,17.37,30.55,24.26,82.01,94.0,True
KATI,2023,8,20,467426.02,19.39,30.27,24.16,82.42,94.0,True
KATI,2023,8,28,353299.0,8.57,30.74,24.38,80.67,94.0,True
KATI,2023,9,1,367442.02,13.52,30.99,24.64,78.59,94.0,False
KATI,2023,9,4,373900.91,19.88,30.9,24.27,81.69,94.0,True
KATI,2023,9,11,369607.43,13.94,30.64,24.28,82.37,94.0,True
KATI,2023,9,18,358460.03,27.9,30.49,24.47,79.43,94.0,True
KATI,2023,9,24,338488.44,21.15,30.54,24.08,84.42,94.0,False
KATI,2023,10,2,386860.62,20.46,30.38,24.38,81.1,94.0,True
KATI,2023,10,8,411844.48,21.47,30.63,24.37,82.22,94.0,True
KATI,2023,10,15,333719.27,11.27,30.5,24.02,79.86,94.0,True
KATI,2023,10,22,396842.74,18.49,30.5,24.03,80.08,94.0,True
KATI,2023,10,29,321146.22,15.63,30.81,24.17,84.87,94.0,True
KATI,2023,11,2,408038.26,15.13,31.5,24.36,83.68,94.0,False
KATI,2023,11,6,363641.32,21.38,30.87,24.32,79.5,94.0,True
KATI,2023,11,12,369245.36,15.78,30.6,24.4,79.32,94.0,True
KATI,2023,11,19,430402.71,12.86,30.72,24.35,80.7,94.0,True
KATI,2023,11,26,364983.69,18.27,30.51,24.14,81.22,94.0,True
KATI,2023,12,1,526505.16,21.62,30.29,24.83,77.74,94.0,False
KATI,2023,12,3,377948.2,12.0,30.54,24.11,81.18,94.0,True
KATI,2023,12,10,400216.72,17.45,30.28,24.1,80.57,94.0,True
KATI,2023,12,17,384342.18,16.37,30.73,24.38,81.35,94.0,True
KATI,2023,12,24,418479.51,14.92,30.75,24.26,81.53,94.0,True
KUSINI,2018,1,1,178072.0,8.03,32.7,25.92,73.59,95.0,True
KUSINI,2018,1,7,178072.0,1.23,32.54,25.58,73.69,95.0,False
KUSINI,2018,1,14,178072.0,0.2,32.86,25.42,73.86,95.0,False
KUSINI,2018,1,22,178072.0,0.0,32.41,24.79,73.63,95.0,False
KUSINI,2018,1,28,178072.0,0.0,32.24,25.88,74.96,95.0,False
KUSINI,2018,2,2,178072.0,0.0,32.68,24.94,71.5,95.0,False
KUSINI,2018,2,5,178072.0,0.0,32.07,25.11,72.79,95.0,False
KUSINI,2018,2,12,178072.0,0.0,31.2,24.92,72.9,95.0,False
KUSINI,2018,2,18,178072.0,0.0,31.62,25.74,72.95,95.0,False
KUSINI,2018,2,27,178072.0,0.0,32.18,25.4,74.95,95.0,False
KUSINI,2018,3,2,178072.0,4.15,33.04,25.9,77.55,95.0,False
KUSINI,2018,3,4,178072.0,3.2,32.77,25.31,77.66,95.0,False
KUSINI,2018,3,12,178072.0,0.81,32.36,25.31,76.81,95.0,False
KUSINI,2018,3,26,178072.0,9.19,33.77,25.12,76.67,95.0,False
KUSINI,2018,4,6,178072.0,14.05,32.43,25.2,86.95,95.0,False
KUSINI,2018,4,9,178072.0,12.75,30.57,24.89,86.57,95.0,False
KUSINI,2018,4,19,178072.0,38.71,30.93,24.66,86.63,95.0,False
KUSINI,2018,4,23,178072.0,25.66,31.32,24.94,86.47,95.0,False
KUSINI,2018,5,3,178072.0,61.31,30.03,24.07,83.97,95.0,False
KUSINI,2018,5,7,178072.0,38.58,29.29,24.64,83.13,95.0,True
KUSINI,2018,5,14,178072.0,17.51,29.58,24.12,82.62,95.0,True
KUSINI,2018,5,21,178072.0,14.77,30.37,24.48,83.86,95.0,False
KUSINI,2018,5,28,178072.0,16.55,30.12,24.49,83.05,95.0,False
KUSINI,2018,6,4,178072.0,1.76,30.14,24.8,73.84,95.0,False
KUSINI,2018,6,11,178072.0,1.74,30.57,24.36,73.42,95.0,False
KUSINI,2018,6,18,178072.0,0.0,28.61,23.61,74.61,95.0,False
KUSINI,2018,6,24,178072.0,0.0,29.29,23.66,73.6,95.0,True
KUSINI,2018,7,2,178072.0,12.58,30.18,23.82,71.47,95.0,True
KUSINI,2018,7,9,178072.0,0.51,29.35,23.75,72.22,95.0,True
KUSINI,2018,7,16,178072.0,0.18,28.75,22.78,70.86,95.0,True
KUSINI,2018,7,23,178072.0,0.17,28.18,23.55,70.89,95.0,False
KUSINI,2018,7,31,178072.0,0.83,29.62,23.88,72.35,95.0,False
KUSINI,2018,8,1,178072.0,0.0,30.21,23.35,73.89,95.0,False
KUSINI,2018,8,6,178072.0,0.0,29.25,23.3,73.59,95.0,False
KUSINI,2018,8,12,178072.0,0.0,28.92,22.96,74.03,95.0,False
KUSINI,2018,8,20,178072.0,0.0,29.55,23.57,75.08,95.0,False
KUSINI,2018,8,28,178072.0,1.7,28.7,22.57,74.78,95.0,False
KUSINI,2018,9,3,178072.0,1.52,28.49,22.63,67.41,95.0,False
KUSINI,2018,9,10,178072.0,0.0,29.71,22.85,67.88,95.0,False
KUSINI,2018,9,16,178072.0,2.81,29.8,22.67,68.68,95.0,True
KUSINI,2018,9,24,178072.0,0.82,29.84,23.33,67.87,95.0,True
KUSINI,2018,10,1,178072.0,0.0,29.95,24.42,73.95,95.0,False
KUSINI,2018,10,8,178072.0,0.0,29.38,23.75,73.61,95.0,False
KUSINI,2018,10,15,178072.0,0.0,29.36,23.44,74.25,95.0,False
KUSINI,2018,10,24,178072.0,0.0,28.98,23.03,73.85,95.0,False
KUSINI,2018,10,30,178072.0,7.78,30.93,22.65,73.35,95.0,False
KUSINI,2018,11,5,178072.0,0.0,31.86,24.31,75.88,95.0,False
KUSINI,2018,11,12,178072.0,0.0,30.93,24.06,77.64,95.0,False
KUSINI,2018,11,19,178072.0,4.62,31.98,24.56,74.2,95.0,False
KUSINI,2018,11,26,178072.0,4.87,31.1,25.17,75.62,95.0,False
KUSINI,2018,12,12,178072.0,5.43,31.89,25.44,75.15,95.0,False
KUSINI,2018,12,16,178072.0,4.85,31.84,25.53,76.34,95.0,False
KUSINI,2018,12,23,178072.0,3.21,31.27,24.86,76.45,95.0,False
KUSINI,2019,1,4,222374.0,5.56,33.06,26.62,68.65,95.2,False
KUSINI,2019,1,7,222374.0,3.17,32.8,25.63,69.33,95.2,True
KUSINI,2019,1,14,222374.0,0.0,32.62,25.5,68.75,95.2,False
KUSINI,2019,1,21,222374.0,0.0,32.14,24.8,69.71,95.2,False
KUSINI,2019,1,27,222374.0,0.0,32.9,25.81,69.07,95.2,False
KUSINI,2019,2,4,222374.0,0.0,32.1,25.16,67.6,95.2,False
KUSINI,2019,2,17,222374.0,0.0,31.7,24.91,67.97,95.2,False
KUSINI,2019,2,25,222374.0,24.76,32.62,24.82,67.78,95.2,False
KUSINI,2019,3,1,222374.0,10.68,33.11,25.35,70.75,95.2,False
KUSINI,2019,3,4,222374.0,10.84,33.28,24.88,71.2,95.2,False
KUSINI,2019,3,11,222374.0,0.0,33.73,25.47,73.2,95.2,False
KUSINI,2019,3,19,222374.0,0.0,33.45,24.72,74.03,95.2,False
KUSINI,2019,3,25,222374.0,11.48,33.63,26.22,72.57,95.2,False
KUSINI,2019,4,4,222374.0,75.72,32.21,25.03,86.5,95.2,False
KUSINI,2019,4,8,222374.0,80.21,31.34,24.73,87.65,95.2,False
KUSINI,2019,4,17,222374.0,0.0,32.03,24.98,85.82,95.2,False
KUSINI,2019,4,24,222374.0,12.23,30.52,25.13,87.92,95.2,False
KUSINI,2019,4,29,222374.0,28.58,32.2,24.5,87.85,95.2,False
KUSINI,2019,5,2,222374.0,102.22,31.32,24.83,85.02,95.2,False
KUSINI,2019,5,5,222374.0,121.03,30.42,24.77,87.08,95.2,False
KUSINI,2019,5,13,222374.0,96.18,28.97,25.28,87.11,95.2,False
KUSINI,2019,5,20,222374.0,26.48,30.0,24.66,86.7,95.2,False
KUSINI,2019,5,27,222374.0,82.34,29.45,24.76,85.71,95.2,False
KUSINI,2019,6,3,222374.0,0.0,29.74,24.06,71.56,95.2,False
KUSINI,2019,6,10,222374.0,0.0,29.48,24.15,72.33,95.2,True
KUSINI,2019,6,17,222374.0,0.0,29.97,23.65,72.67,95.2,True
KUSINI,2019,6,24,222374.0,0.0,29.03,24.47,71.88,95.2,False
KUSINI,2019,7,1,222374.0,0.0,30.68,23.5,68.95,95.2,True
KUSINI,2019,7,8,222374.0,1.55,30.06,24.15,69.01,95.2,True
KUSINI,2019,7,15,222374.0,2.16,29.5,22.9,69.15,95.2,True
KUSINI,2019,7,22,222374.0,1.3,29.81,22.66,68.71,95.2,False
KUSINI,2019,7,29,222374.0,0.0,28.23,22.63,68.86,95.2,False
KUSINI,2019,8,1,222374.0,7.74,30.2,22.0,73.36,95.2,False
KUSINI,2019,8,7,222374.0,2.07,29.52,22.83,73.09,95.2,False
KUSINI,2019,8,14,222374.0,0.0,28.88,24.35,73.19,95.2,False
KUSINI,2019,8,19,222374.0,0.0,29.65,23.18,73.32,95.2,False
KUSINI,2019,8,26,222374.0,0.0,30.14,23.65,73.77,95.2,False
KUSINI,2019,9,2,222374.0,0.0,29.67,21.28,73.62,95.2,False
KUSINI,2019,9,11,222374.0,0.0,29.87,23.43,73.82,95.2,False
KUSINI,2019,9,16,222374.0,0.0,29.9,21.12,73.35,95.2,False
KUSINI,2019,9,24,222374.0,0.0,29.14,22.86,71.75,95.2,False
KUSINI,2019,10,2,222374.0,28.25,29.53,23.97,76.52,95.2,False
KUSINI,2019,10,6,222374.0,24.03,29.35,24.83,76.2,95.2,False
KUSINI,2019,10,17,222374.0,26.65,30.35,24.15,78.13,95.2,False
KUSINI,2019,11,1,222374.0,16.09,32.16,25.69,77.85,95.2,False
KUSINI,2019,11,3,222374.0,15.9,31.91,25.21,77.4,95.2,False
KUSINI,2019,11,12,222374.0,16.14,31.35,24.57,77.82,95.2,False
KUSINI,2019,11,20,222374.0,16.47,31.28,24.78,76.96,95.2,False
KUSINI,2019,11,25,222374.0,15.34,31.2,24.58,76.03,95.2,False
KUSINI,2019,12,1,222374.0,36.73,32.27,23.8,75.67,95.2,False
KUSINI,2019,12,10,222374.0,4.64,33.15,24.88,75.49,95.2,True
KUSINI,2019,12,16,222374.0,48.85,31.84,24.58,76.3,95.2,False
KUSINI,2019,12,23,222374.0,125.52,30.35,23.13,74.45,95.2,False
KUSINI,2019,12,31,222374.0,2.73,31.96,25.07,77.05,95.2,False
KUSINI,2020,1,1,415012.0,31.36,34.0,25.66,74.67,96.9,False
KUSINI,2020,1,6,415012.0,17.61,32.42,25.39,76.14,96.9,True
KUSINI,2020,1,12,415012.0,0.7,31.79,24.99,74.67,96.9,True
KUSINI,2020,1,19,415012.0,5.3,30.9,25.61,74.17,96.9,True
KUSINI,2020,1,27,415012.0,34.24,29.93,25.67,74.17,96.9,True
KUSINI,2020,2,3,415012.0,35.82,32.32,24.87,74.97,96.9,True
KUSINI,2020,2,9,415012.0,17.38,31.33,24.71,75.75,96.9,True
KUSINI,2020,2,17,415012.0,0.0,31.32,25.94,75.14,96.9,False
KUSINI,2020,2,23,415012.0,0.0,32.46,26.2,75.34,96.9,True
KUSINI,2020,3,2,415012.0,21.27,32.22,25.45,77.71,96.9,False
KUSINI,2020,3,10,415012.0,54.01,32.48,25.43,79.17,96.9,False
KUSINI,2020,3,16,415012.0,19.88,32.27,25.82,78.34,96.9,False
KUSINI,2020,3,24,415012.0,5.27,31.7,24.95,78.91,96.9,True
KUSINI,2020,3,30,415012.0,6.2,31.49,25.2,80.65,96.9,False
KUSINI,2020,4,1,415012.0,47.17,32.8,25.52,86.26,96.9,False
KUSINI,2020,4,6,415012.0,45.92,31.49,25.28,87.8,96.9,False
KUSINI,2020,4,12,415012.0,134.56,29.35,24.41,86.48,96.9,True
KUSINI,2020,4,20,415012.0,132.78,28.79,24.37,86.5,96.9,False
KUSINI,2020,4,28,415012.0,192.3,29.65,24.55,86.47,96.9,False
KUSINI,2020,5,1,415012.0,84.29,30.19,24.98,84.95,96.9,False
KUSINI,2020,5,4,415012.0,98.28,29.5,24.74,82.98,96.9,False
KUSINI,2020,5,10,415012.0,5.12,30.04,25.04,83.9,96.9,False
KUSINI,2020,5,17,415012.0,42.39,29.53,24.31,83.69,96.9,False
KUSINI,2020,5,25,415012.0,0.0,31.3,24.66,83.0,96.9,False
KUSINI,2020,6,1,415012.0,0.0,30.51,25.14,77.1,96.9,False
KUSINI,2020,6,8,415012.0,6.6,29.89,24.43,77.62,96.9,False
KUSINI,2020,6,14,415012.0,6.45,29.38,24.49,77.88,96.9,True
KUSINI,2020,6,22,415012.0,2.63,28.37,24.4,77.69,96.9,False
KUSINI,2020,6,29,415012.0,17.22,27.96,24.27,77.24,96.9,False
KUSINI,2020,7,1,415012.0,8.4,30.2,24.18,76.02,96.9,True
KUSINI,2020,7,6,415012.0,8.09,28.46,23.4,73.32,96.9,True
KUSINI,2020,7,13,415012.0,13.59,28.01,23.2,74.98,96.9,True
KUSINI,2020,7,19,415012.0,13.96,28.03,23.32,75.18,96.9,True
KUSINI,2020,7,27,415012.0,0.0,27.8,22.97,74.25,96.9,False
KUSINI,2020,8,3,415012.0,2.73,29.34,23.2,78.46,96.9,False
KUSINI,2020,8,9,415012.0,0.0,28.72,21.83,77.89,96.9,True
KUSINI,2020,8,17,415012.0,10.41,28.26,22.48,77.25,96.9,False
KUSINI,2020,8,23,415012.0,3.35,28.94,22.44,77.82,96.9,True
KUSINI,2020,8,31,415012.0,3.22,28.36,23.65,76.6,96.9,False
KUSINI,2020,9,2,415012.0,0.0,29.86,22.53,81.77,96.9,False
KUSINI,2020,9,6,415012.0,0.0,30.34,22.39,80.66,96.9,False
KUSINI,2020,9,14,415012.0,0.0,29.62,22.78,83.05,96.9,True
KUSINI,2020,9,20,415012.0,0.38,29.34,22.82,81.3,96.9,True
KUSINI,2020,9,28,415012.0,5.92,29.78,23.0,82.25,96.9,True
KUSINI,2020,10,2,415012.0,0.0,32.5,23.85,82.33,96.9,False
KUSINI,2020,10,5,415012.0,0.52,30.83,23.45,81.44,96.9,False
KUSINI,2020,10,11,415012.0,2.01,31.19,23.72,82.44,96.9,True
KUSINI,2020,10,19,415012.0,14.54,30.36,23.33,81.39,96.9,False
KUSINI,2020,10,27,415012.0,7.56,31.0,24.27,81.92,96.9,False
KUSINI,2020,11,3,415012.0,0.0,29.78,25.36,83.65,96.9,False
KUSINI,2020,11,9,415012.0,44.18,30.12,24.28,83.29,96.9,False
KUSINI,2020,11,16,415012.0,22.27,29.93,24.33,82.68,96.9,True
KUSINI,2020,11,25,415012.0,8.45,30.9,24.8,82.2,96.9,False
KUSINI,2020,11,29,415012.0,14.06,31.32,25.06,82.55,96.9,False
KUSINI,2020,12,2,415012.0,0.0,31.87,24.73,81.91,96.9,False
KUSINI,2020,12,7,415012.0,0.0,31.39,24.92,80.38,96.9,False
KUSINI,2020,12,14,415012.0,0.0,31.6,24.81,80.78,96.9,True
KUSINI,2020,12,20,415012.0,0.0,31.45,25.54,81.26,96.9,True
KUSINI,2020,12,27,415012.0,0.0,32.0,25.58,80.17,96.9,True
KUSINI,2021,1,1,878264.0,0.0,31.47,24.81,79.35,94.7,False
KUSINI,2021,1,3,878264.0,1.23,30.82,24.77,78.78,94.7,True
KUSINI,2021,1,11,878264.0,47.72,29.71,24.88,78.92,94.7,True
KUSINI,2021,1,17,878264.0,0.0,32.0,24.61,78.62,94.7,True
KUSINI,2021,1,25,878264.0,0.0,32.05,25.59,78.81,94.7,True
KUSINI,2021,2,1,878264.0,0.0,32.3,24.94,78.18,94.7,False
KUSINI,2021,2,8,878264.0,27.48,31.62,25.27,78.16,94.7,True
KUSINI,2021,2,14,878264.0,9.9,31.89,24.78,78.61,94.7,True
KUSINI,2021,2,21,878264.0,1.87,31.94,24.94,77.94,94.7,True
KUSINI,2021,2,28,878264.0,5.86,32.45,23.97,77.1,94.7,False
KUSINI,2021,3,1,878264.0,0.0,33.08,25.65,77.88,94.7,False
KUSINI,2021,3,8,878264.0,0.0,32.7,24.72,77.1,94.7,False
KUSINI,2021,3,16,878264.0,6.79,31.84,24.16,78.49,94.7,True
KUSINI,2021,3,23,878264.0,13.77,32.39,24.23,77.12,94.7,False
KUSINI,2021,3,29,878264.0,13.97,31.69,24.89,76.98,94.7,True
KUSINI,2021,4,2,878264.0,35.92,32.06,25.58,85.45,94.7,False
KUSINI,2021,4,4,878264.0,51.91,30.44,24.71,83.46,94.7,True
KUSINI,2021,4,11,878264.0,102.68,29.65,24.57,84.35,94.7,True
KUSINI,2021,4,18,878264.0,56.2,28.7,24.69,84.79,94.7,True
KUSINI,2021,4,25,878264.0,48.39,31.26,25.16,83.91,94.7,False
KUSINI,2021,5,1,878264.0,96.64,28.98,25.47,78.0,94.7,False
KUSINI,2021,5,2,878264.0,89.46,28.4,24.08,78.54,94.7,True
KUSINI,2021,5,10,878264.0,0.0,30.27,24.58,77.42,94.7,True
KUSINI,2021,5,16,878264.0,7.03,31.02,25.03,78.34,94.7,True
KUSINI,2021,5,24,878264.0,3.06,30.15,24.76,78.6,94.7,True
KUSINI,2021,5,30,878264.0,0.0,29.01,24.63,77.84,94.7,False
KUSINI,2021,6,3,878264.0,7.95,29.47,23.63,74.38,94.7,False
KUSINI,2021,6,6,878264.0,6.06,29.13,24.18,74.86,94.7,True
KUSINI,2021,6,14,878264.0,2.84,28.8,23.81,74.74,94.7,True
KUSINI,2021,6,20,878264.0,6.63,28.45,22.66,75.22,94.7,True
KUSINI,2021,6,28,878264.0,3.78,29.47,21.91,76.04,94.7,False
KUSINI,2021,7,1,878264.0,0.0,30.08,23.42,72.85,94.7,False
KUSINI,2021,7,5,878264.0,2.98,28.18,23.26,73.48,94.7,False
KUSINI,2021,7,12,878264.0,22.45,28.86,23.76,72.8,94.7,False
KUSINI,2021,7,19,878264.0,0.0,29.18,24.18,73.96,94.7,False
KUSINI,2021,7,26,878264.0,0.0,29.13,23.52,72.99,94.7,False
KUSINI,2021,8,2,878264.0,0.0,28.38,23.11,76.83,94.7,True
KUSINI,2021,8,10,878264.0,3.75,29.12,21.54,76.85,94.7,False
KUSINI,2021,8,16,878264.0,6.2,28.96,22.7,75.41,94.7,False
KUSINI,2021,8,22,878264.0,4.96,29.18,22.59,75.98,94.7,False
KUSINI,2021,8,30,878264.0,5.95,28.17,20.95,77.77,94.7,False
KUSINI,2021,9,1,878264.0,0.0,30.14,23.24,75.44,94.7,False
KUSINI,2021,9,6,878264.0,4.4,29.65,23.02,74.5,94.7,False
KUSINI,2021,9,12,878264.0,5.89,28.56,23.37,75.03,94.7,True
KUSINI,2021,9,19,878264.0,0.6,29.13,23.53,75.02,94.7,False
KUSINI,2021,9,27,878264.0,0.0,27.73,22.81,74.82,94.7,False
KUSINI,2021,10,1,878264.0,0.0,31.95,22.88,73.45,94.7,False
KUSINI,2021,10,4,878264.0,0.0,32.22,23.53,76.32,94.7,False
KUSINI,2021,10,10,878264.0,0.0,31.23,23.91,75.51,94.7,False
KUSINI,2021,10,20,878264.0,0.0,30.49,23.36,76.26,94.7,False
KUSINI,2021,10,26,878264.0,4.8,31.28,23.49,75.57,94.7,False
KUSINI,2021,11,1,878264.0,0.0,32.64,24.84,76.95,94.7,False
KUSINI,2021,11,9,878264.0,0.0,32.57,23.8,77.53,94.7,False
KUSINI,2021,11,15,878264.0,0.0,31.76,23.85,77.79,94.7,False
KUSINI,2021,11,22,878264.0,3.22,31.9,24.91,76.82,94.7,False
KUSINI,2021,11,28,878264.0,5.55,32.1,24.6,78.55,94.7,False
KUSINI,2021,12,2,878264.0,19.17,31.21,26.14,82.5,94.7,False
KUSINI,2021,12,7,878264.0,18.59,30.78,24.3,80.23,94.7,False
KUSINI,2021,12,13,878264.0,18.83,31.13,24.57,81.06,94.7,False
KUSINI,2021,12,19,878264.0,18.65,31.0,24.56,80.38,94.7,True
KUSINI,2021,12,27,878264.0,0.0,31.52,24.38,81.41,94.7,True
KUSINI,2022,1,2,388344.4,0.0,33.05,25.72,77.7,97.8,False
KUSINI,2022,1,10,388344.4,0.0,32.86,26.19,78.62,97.8,True
KUSINI,2022,1,18,388344.4,21.08,33.31,24.51,78.93,97.8,False
KUSINI,2022,1,23,388344.4,20.31,30.88,24.28,78.46,97.8,True
KUSINI,2022,1,30,388344.4,31.64,30.3,25.04,78.8,97.8,False
KUSINI,2022,2,1,388344.4,15.94,31.28,23.99,80.55,97.8,False
KUSINI,2022,2,7,388344.4,11.1,32.2,24.87,80.56,97.8,False
KUSINI,2022,2,14,388344.4,6.05,31.92,25.2,79.18,97.8,False
KUSINI,2022,2,21,388344.4,13.0,31.32,25.29,79.6,97.8,False
KUSINI,2022,2,27,388344.4,40.31,31.71,25.06,82.3,97.8,False
KUSINI,2022,3,1,388344.4,0.0,33.51,25.9,76.33,97.8,False
KUSINI,2022,3,6,388344.4,0.0,31.95,25.17,76.69,97.8,False
KUSINI,2022,3,15,388344.4,0.44,32.58,25.03,77.63,97.8,False
KUSINI,2022,3,21,388344.4,1.24,31.54,26.1,76.53,97.8,False
KUSINI,2022,3,28,388344.4,0.0,32.21,25.97,77.54,97.8,True
KUSINI,2022,4,3,388344.4,0.0,33.13,24.71,83.9,97.8,False
KUSINI,2022,4,11,388344.4,38.67,30.43,25.15,84.57,97.8,False
KUSINI,2022,4,19,388344.4,63.79,30.19,24.49,83.58,97.8,True
KUSINI,2022,4,25,388344.4,48.47,30.03,24.95,84.12,97.8,False
KUSINI,2022,5,2,388344.4,36.73,29.18,24.74,80.78,97.8,False
KUSINI,2022,5,8,388344.4,11.63,30.75,25.2,80.55,97.8,False
KUSINI,2022,5,15,388344.4,0.0,30.07,25.88,81.12,97.8,False
KUSINI,2022,5,24,388344.4,9.86,31.5,24.96,80.61,97.8,False
KUSINI,2022,5,30,388344.4,15.72,30.56,25.12,80.9,97.8,False
KUSINI,2022,6,1,388344.4,41.48,31.11,23.88,80.07,97.8,False
KUSINI,2022,6,5,388344.4,26.1,28.82,24.2,79.35,97.8,True
KUSINI,2022,6,13,388344.4,0.0,29.58,24.38,80.59,97.8,False
KUSINI,2022,6,19,388344.4,0.0,29.72,24.64,78.69,97.8,False
KUSINI,2022,6,26,388344.4,0.0,28.75,24.49,79.84,97.8,True
KUSINI,2022,7,1,388344.4,13.71,29.06,21.84,81.9,97.8,False
KUSINI,2022,7,3,388344.4,13.08,27.51,22.65,80.65,97.8,True
KUSINI,2022,7,13,388344.4,5.73,27.09,21.43,80.0,97.8,False
KUSINI,2022,7,19,388344.4,13.63,27.84,22.6,80.28,97.8,False
KUSINI,2022,7,25,388344.4,0.0,28.01,22.51,80.56,97.8,False
KUSINI,2022,7,31,388344.4,0.0,26.97,21.72,81.15,97.8,False
KUSINI,2022,8,1,388344.4,0.0,28.85,21.62,79.5,97.8,False
KUSINI,2022,8,10,388344.4,0.76,28.33,21.4,79.07,97.8,False
KUSINI,2022,8,15,388344.4,3.38,28.7,21.35,80.33,97.8,False
KUSINI,2022,8,23,388344.4,3.4,27.29,22.13,81.38,97.8,False
KUSINI,2022,8,28,388344.4,0.0,28.01,21.92,79.64,97.8,False
KUSINI,2022,9,1,388344.4,0.0,29.42,21.68,74.68,97.8,False
KUSINI,2022,9,7,388344.4,0.0,29.18,21.68,74.08,97.8,False
KUSINI,2022,9,12,388344.4,0.0,29.86,22.02,74.03,97.8,False
KUSINI,2022,9,20,388344.4,0.0,30.4,22.8,74.2,97.8,False
KUSINI,2022,9,26,388344.4,0.0,30.01,23.16,75.58,97.8,False
KUSINI,2022,10,6,388344.4,0.0,27.69,22.5,71.92,97.8,False
KUSINI,2022,10,11,388344.4,0.0,29.4,22.73,73.18,97.8,False
KUSINI,2022,10,16,388344.4,0.0,30.7,23.09,73.61,97.8,False
KUSINI,2022,10,23,388344.4,0.0,29.32,23.03,73.26,97.8,False
KUSINI,2022,10,30,388344.4,0.0,28.68,23.83,72.82,97.8,False
KUSINI,2022,11,1,388344.4,0.0,32.0,23.1,75.57,97.8,False
KUSINI,2022,11,10,388344.4,0.0,31.04,23.92,75.42,97.8,False
KUSINI,2022,11,14,388344.4,0.0,30.4,24.23,75.67,97.8,False
KUSINI,2022,11,21,388344.4,12.04,30.41,24.49,75.8,97.8,False
KUSINI,2022,11,27,388344.4,27.42,30.92,24.22,74.72,97.8,False
KUSINI,2022,12,3,388344.4,0.0,32.22,24.64,77.95,97.8,False
KUSINI,2022,12,5,388344.4,0.0,30.56,25.25,77.74,97.8,False
KUSINI,2022,12,11,388344.4,0.0,31.73,23.66,78.75,97.8,False
KUSINI,2022,12,19,388344.4,0.0,32.16,25.24,77.64,97.8,True
KUSINI,2022,12,28,388344.4,6.9,31.48,25.9,77.95,97.8,False
KUSINI,2023,1,1,248000.0,4.63,32.21,26.64,79.19,94.0,False
KUSINI,2023,1,9,248000.0,0.0,31.62,25.42,77.77,94.0,True
KUSINI,2023,1,15,248000.0,1.82,32.14,25.06,78.17,94.0,True
KUSINI,2023,1,22,248000.0,2.83,31.95,25.33,78.4,94.0,True
KUSINI,2023,1,30,248000.0,0.0,31.66,25.43,78.49,94.0,False
KUSINI,2023,2,1,248000.0,13.47,33.45,24.92,76.51,94.0,False
KUSINI,2023,2,6,248000.0,18.08,33.0,24.87,75.65,94.0,False
KUSINI,2023,2,12,248000.0,13.37,31.82,24.46,75.53,94.0,True
KUSINI,2023,2,19,248000.0,0.0,32.56,25.36,75.15,94.0,True
KUSINI,2023,2,26,248000.0,0.0,32.06,23.62,74.76,94.0,True
KUSINI,2023,3,1,248000.0,1.75,33.74,24.36,76.48,94.0,True
KUSINI,2023,3,5,248000.0,10.38,32.85,25.0,76.92,94.0,True
KUSINI,2023,3,12,248000.0,13.7,33.26,25.42,75.77,94.0,False
KUSINI,2023,3,20,248000.0,8.52,31.51,25.96,75.79,94.0,False
KUSINI,2023,3,26,248000.0,16.77,30.75,24.45,76.32,94.0,True
KUSINI,2023,4,3,248000.0,18.68,31.46,25.53,86.73,94.0,False
KUSINI,2023,4,9,248000.0,27.79,31.67,25.72,86.36,94.0,True
KUSINI,2023,4,16,248000.0,72.77,28.88,25.24,86.74,94.0,True
KUSINI,2023,4,24,248000.0,75.33,29.67,25.5,86.21,94.0,True
KUSINI,2023,4,30,248000.0,148.83,28.54,24.24,86.1,94.0,False
KUSINI,2023,5,1,248000.0,40.14,31.1,24.98,82.3,94.0,True
KUSINI,2023,5,7,248000.0,25.82,30.25,25.08,82.27,94.0,True
KUSINI,2023,5,15,248000.0,11.56,30.37,25.49,82.04,94.0,True
KUSINI,2023,5,21,248000.0,10.29,30.39,24.89,82.7,94.0,True
KUSINI,2023,5,28,248000.0,15.64,29.94,24.2,82.81,94.0,True
KUSINI,2023,6,1,248000.0,37.09,28.86,23.46,82.27,94.0,True
KUSINI,2023,6,4,248000.0,29.55,29.21,23.39,82.1,94.0,True
KUSINI,2023,6,11,248000.0,0.0,29.23,23.95,82.68,94.0,True
KUSINI,2023,6,18,248000.0,0.0,29.99,23.49,82.21,94.0,True
KUSINI,2023,6,25,248000.0,17.98,28.95,24.25,82.01,94.0,True
KUSINI,2023,7,1,248000.0,33.54,29.04,22.79,84.75,94.0,False
KUSINI,2023,7,2,248000.0,31.78,28.4,23.33,82.99,94.0,True
KUSINI,2023,7,10,248000.0,0.0,29.14,23.12,84.14,94.0,True
KUSINI,2023,7,16,248000.0,0.0,29.27,22.98,83.93,94.0,True
KUSINI,2023,7,24,248000.0,0.0,28.67,22.65,83.91,94.0,True
KUSINI,2023,7,30,248000.0,0.0,29.11,23.41,83.18,94.0,False
KUSINI,2023,8,1,248000.0,0.0,29.42,23.68,82.95,94.0,True
KUSINI,2023,8,7,248000.0,3.24,29.41,23.55,82.47,94.0,True
KUSINI,2023,8,13,248000.0,8.31,29.75,22.01,81.29,94.0,True
KUSINI,2023,8,21,248000.0,14.51,28.79,22.68,81.28,94.0,True
KUSINI,2023,8,27,248000.0,0.0,29.16,22.42,81.68,94.0,False
KUSINI,2023,9,1,248000.0,0.0,31.61,21.59,76.52,94.0,False
KUSINI,2023,9,6,248000.0,0.0,29.66,21.98,77.23,94.0,False
KUSINI,2023,9,11,248000.0,0.0,30.58,21.97,76.87,94.0,False
KUSINI,2023,9,18,248000.0,0.0,31.5,23.3,77.42,94.0,False
KUSINI,2023,9,26,248000.0,0.0,30.83,22.96,77.12,94.0,False
KUSINI,2023,10,2,248000.0,9.7,30.63,24.64,74.6,94.0,False
KUSINI,2023,10,8,248000.0,2.52,31.39,23.99,75.2,94.0,True
KUSINI,2023,10,16,248000.0,0.0,31.66,24.0,74.18,94.0,False
KUSINI,2023,10,23,248000.0,0.0,31.02,24.59,76.28,94.0,True
KUSINI,2023,10,30,248000.0,0.0,30.55,24.3,75.35,94.0,False
KUSINI,2023,11,1,248000.0,41.38,27.87,25.35,84.2,94.0,False
KUSINI,2023,11,6,248000.0,43.63,29.32,25.81,82.94,94.0,False
KUSINI,2023,11,12,248000.0,43.87,30.31,24.54,82.84,94.0,False
KUSINI,2023,11,19,248000.0,20.98,29.91,24.2,82.51,94.0,True
KUSINI,2023,11,26,248000.0,9.6,30.7,24.28,82.49,94.0,True
KUSINI,2023,12,1,248000.0,10.76,31.14,23.7,81.45,94.0,False
KUSINI,2023,12,4,248000.0,11.26,31.65,25.13,81.57,94.0,True
KUSINI,2023,12,10,248000.0,10.71,31.12,24.82,80.97,94.0,True
KUSINI,2023,12,17,248000.0,3.63,31.94,25.26,80.66,94.0,True
KUSINI,2023,12,24,248000.0,16.3,31.45,25.79,81.02,94.0,True
MAGHARIBI A,2018,1,1,178072.0,1.44,33.13,25.46,73.48,95.0,True
MAGHARIBI A,2018,1,7,178072.0,1.2,32.82,25.26,74.28,95.0,False
MAGHARIBI A,2018,1,14,178072.0,0.16,32.26,25.53,73.81,95.0,True
MAGHARIBI A,2018,1,21,178072.0,0.0,32.52,25.12,75.42,95.0,True
MAGHARIBI A,2018,1,28,178072.0,0.0,32.1,25.82,75.05,95.0,False
MAGHARIBI A,2018,2,1,178072.0,0.0,32.61,24.59,71.66,95.0,False
MAGHARIBI A,2018,2,5,178072.0,0.0,32.3,25.11,72.56,95.0,True
MAGHARIBI A,2018,2,11,178072.0,1.59,31.13,25.36,72.92,95.0,False
MAGHARIBI A,2018,2,19,178072.0,1.54,31.59,25.33,72.77,95.0,False
MAGHARIBI A,2018,2,25,178072.0,0.0,32.21,26.01,72.43,95.0,False
MAGHARIBI A,2018,3,1,178072.0,0.66,32.45,25.51,77.31,95.0,False
MAGHARIBI A,2018,3,4,178072.0,2.95,32.58,24.85,76.8,95.0,False
MAGHARIBI A,2018,3,11,178072.0,4.19,32.65,25.22,77.47,95.0,False
MAGHARIBI A,2018,3,19,178072.0,6.33,33.94,25.03,76.52,95.0,False
MAGHARIBI A,2018,3,25,178072.0,13.56,33.73,25.41,77.34,95.0,False
MAGHARIBI A,2018,4,2,178072.0,17.06,32.7,25.3,86.72,95.0,True
MAGHARIBI A,2018,4,8,178072.0,9.22,30.46,24.8,86.62,95.0,False
MAGHARIBI A,2018,4,16,178072.0,26.14,30.96,24.5,86.2,95.0,True
MAGHARIBI A,2018,4,22,178072.0,18.69,31.67,24.99,87.32,95.0,False
MAGHARIBI A,2018,4,29,178072.0,0.0,30.28,25.38,87.64,95.0,False
MAGHARIBI A,2018,5,2,178072.0,26.36,29.19,24.34,83.63,95.0,False
MAGHARIBI A,2018,5,6,178072.0,27.99,29.82,25.23,83.04,95.0,True
MAGHARIBI A,2018,5,13,178072.0,24.69,29.66,24.98,82.57,95.0,True
MAGHARIBI A,2018,5,20,178072.0,7.34,29.84,24.01,82.71,95.0,True
MAGHARIBI A,2018,5,27,178072.0,5.72,29.78,24.69,82.58,95.0,True
MAGHARIBI A,2018,6,1,178072.0,0.0,30.16,23.79,72.4,95.0,False
MAGHARIBI A,2018,6,3,178072.0,1.3,29.67,24.49,72.29,95.0,True
MAGHARIBI A,2018,6,10,178072.0,2.97,29.43,23.82,73.78,95.0,True
MAGHARIBI A,2018,6,17,178072.0,0.0,29.39,23.52,73.04,95.0,True
MAGHARIBI A,2018,6,24,178072.0,0.74,29.37,23.63,73.91,95.0,True
MAGHARIBI A,2018,7,1,178072.0,8.11,30.21,23.7,71.66,95.0,True
MAGHARIBI A,2018,7,8,178072.0,0.92,29.73,23.91,71.77,95.0,True
MAGHARIBI A,2018,7,15,178072.0,0.2,28.93,23.91,71.63,95.0,True
MAGHARIBI A,2018,7,22,178072.0,0.2,28.65,23.05,70.74,95.0,True
MAGHARIBI A,2018,7,30,178072.0,0.5,29.28,23.67,72.22,95.0,False
MAGHARIBI A,2018,8,1,178072.0,0.0,29.24,23.34,74.43,95.0,True
MAGHARIBI A,2018,8,5,178072.0,0.07,29.46,23.16,73.68,95.0,True
MAGHARIBI A,2018,8,12,178072.0,0.38,29.16,22.8,73.55,95.0,True
MAGHARIBI A,2018,8,20,178072.0,0.12,29.3,23.8,75.45,95.0,True
MAGHARIBI A,2018,8,26,178072.0,2.86,29.53,23.2,74.69,95.0,True
MAGHARIBI A,2018,9,1,178072.0,0.88,29.64,22.74,68.05,95.0,False
MAGHARIBI A,2018,9,2,178072.0,0.9,28.85,22.82,67.6,95.0,True
MAGHARIBI A,2018,9,9,178072.0,0.5,29.41,23.28,67.83,95.0,True
MAGHARIBI A,2018,9,16,178072.0,3.5,29.54,22.19,69.11,95.0,True
MAGHARIBI A,2018,9,23,178072.0,1.55,29.66,23.0,68.18,95.0,True
MAGHARIBI A,2018,9,30,178072.0,1.35,29.57,23.15,70.15,95.0,False
MAGHARIBI A,2018,10,1,178072.0,2.31,29.97,23.91,73.84,95.0,True
MAGHARIBI A,2018,10,7,178072.0,1.2,30.28,24.37,73.81,95.0,False
MAGHARIBI A,2018,10,14,178072.0,1.46,29.14,23.31,73.52,95.0,True
MAGHARIBI A,2018,10,22,178072.0,4.67,29.97,23.39,74.49,95.0,True
MAGHARIBI A,2018,10,29,178072.0,8.12,30.62,23.64,73.24,95.0,False
MAGHARIBI A,2018,11,1,178072.0,0.0,32.18,24.56,75.7,95.0,False
MAGHARIBI A,2018,11,4,178072.0,0.0,31.58,24.1,77.31,95.0,False
MAGHARIBI A,2018,11,11,178072.0,0.61,31.21,24.38,77.52,95.0,True
MAGHARIBI A,2018,11,20,178072.0,5.6,32.0,24.93,75.86,95.0,False
MAGHARIBI A,2018,11,25,178072.0,3.99,31.92,24.76,78.0,95.0,False
MAGHARIBI A,2018,12,1,178072.0,1.36,32.76,24.32,75.8,95.0,False
MAGHARIBI A,2018,12,2,178072.0,1.24,31.92,24.69,76.21,95.0,True
MAGHARIBI A,2018,12,9,178072.0,1.52,32.26,25.22,75.14,95.0,True
MAGHARIBI A,2018,12,16,178072.0,3.29,31.94,24.48,76.71,95.0,True
MAGHARIBI A,2018,12,24,178072.0,1.44,32.36,24.8,76.54,95.0,True
MAGHARIBI A,2018,12,31,178072.0,0.0,32.07,25.82,76.05,95.0,False
MAGHARIBI A,2019,1,2,222374.0,4.09,32.44,26.34,69.56,95.2,False
MAGHARIBI A,2019,1,7,222374.0,1.26,33.78,26.09,69.36,95.2,True
MAGHARIBI A,2019,1,13,222374.0,1.26,32.41,26.2,69.4,95.2,True
MAGHARIBI A,2019,1,20,222374.0,5.94,32.79,25.74,69.42,95.2,True
MAGHARIBI A,2019,1,27,222374.0,0.0,32.71,25.81,69.35,95.2,True
MAGHARIBI A,2019,2,1,222374.0,0.0,34.35,25.64,67.39,95.2,False
MAGHARIBI A,2019,2,3,222374.0,1.03,33.95,24.58,66.53,95.2,True
MAGHARIBI A,2019,2,10,222374.0,4.78,31.49,24.7,67.34,95.2,True
MAGHARIBI A,2019,2,18,222374.0,1.21,31.55,25.13,67.24,95.2,False
MAGHARIBI A,2019,2,25,222374.0,32.42,32.39,24.06,67.77,95.2,False
MAGHARIBI A,2019,3,1,222374.0,6.84,34.66,24.42,70.81,95.2,False
MAGHARIBI A,2019,3,4,222374.0,6.52,33.25,24.46,73.07,95.2,False
MAGHARIBI A,2019,3,10,222374.0,0.0,33.13,25.26,73.86,95.2,False
MAGHARIBI A,2019,3,18,222374.0,0.0,34.7,25.19,72.93,95.2,False
MAGHARIBI A,2019,3,24,222374.0,3.31,34.93,26.11,72.44,95.2,False
MAGHARIBI A,2019,4,1,222374.0,53.86,32.15,25.26,86.57,95.2,False
MAGHARIBI A,2019,4,8,222374.0,52.59,31.83,25.15,87.71,95.2,False
MAGHARIBI A,2019,4,14,222374.0,28.71,31.35,25.62,86.89,95.2,True
MAGHARIBI A,2019,4,22,222374.0,10.24,32.15,25.5,86.97,95.2,False
MAGHARIBI A,2019,4,30,222374.0,1.63,32.54,26.02,87.75,95.2,False
MAGHARIBI A,2019,5,1,222374.0,159.11,31.34,24.8,86.36,95.2,False
MAGHARIBI A,2019,5,5,222374.0,140.84,30.06,25.11,85.32,95.2,True
MAGHARIBI A,2019,5,12,222374.0,108.35,28.69,25.37,86.9,95.2,True
MAGHARIBI A,2019,5,19,222374.0,24.69,29.44,25.69,86.91,95.2,True
MAGHARIBI A,2019,5,26,222374.0,86.19,29.46,24.65,86.32,95.2,True
MAGHARIBI A,2019,6,1,222374.0,0.0,29.95,23.69,71.1,95.2,False
MAGHARIBI A,2019,6,2,222374.0,0.0,29.83,23.99,71.04,95.2,True
MAGHARIBI A,2019,6,9,222374.0,1.01,30.06,24.3,72.19,95.2,True
MAGHARIBI A,2019,6,16,222374.0,0.1,29.47,23.25,71.6,95.2,True
MAGHARIBI A,2019,6,24,222374.0,0.0,29.6,23.9,72.12,95.2,True
MAGHARIBI A,2019,6,30,222374.0,0.0,29.19,24.31,71.75,95.2,False
MAGHARIBI A,2019,7,1,222374.0,1.26,29.8,23.59,68.7,95.2,True
MAGHARIBI A,2019,7,7,222374.0,0.82,29.67,23.3,69.55,95.2,True
MAGHARIBI A,2019,7,14,222374.0,10.14,29.33,23.26,68.62,95.2,True
MAGHARIBI A,2019,7,21,222374.0,9.03,29.45,22.81,68.9,95.2,True
MAGHARIBI A,2019,7,28,222374.0,0.0,28.77,23.05,68.47,95.2,True
MAGHARIBI A,2019,8,1,222374.0,8.83,30.53,23.26,73.0,95.2,False
MAGHARIBI A,2019,8,4,222374.0,7.99,29.13,23.01,73.42,95.2,True
MAGHARIBI A,2019,8,11,222374.0,6.28,29.62,23.6,72.9,95.2,False
MAGHARIBI A,2019,8,18,222374.0,4.59,29.2,23.6,72.77,95.2,False
MAGHARIBI A,2019,8,25,222374.0,4.68,29.51,23.1,73.46,95.2,True
MAGHARIBI A,2019,9,1,222374.0,3.15,29.01,21.47,74.3,95.2,False
MAGHARIBI A,2019,9,8,222374.0,28.07,30.33,21.48,74.38,95.2,True
MAGHARIBI A,2019,9,15,222374.0,13.16,30.22,22.1,73.61,95.2,True
MAGHARIBI A,2019,9,23,222374.0,14.12,30.46,23.41,73.34,95.2,True
MAGHARIBI A,2019,9,30,222374.0,43.31,29.0,23.31,73.1,95.2,False
MAGHARIBI A,2019,10,2,222374.0,35.43,29.46,23.86,76.62,95.2,False
MAGHARIBI A,2019,10,6,222374.0,63.26,29.53,24.46,77.05,95.2,False
MAGHARIBI A,2019,10,13,222374.0,91.67,29.04,24.44,78.26,95.2,True
MAGHARIBI A,2019,10,20,222374.0,33.85,29.76,23.69,76.89,95.2,True
MAGHARIBI A,2019,10,28,222374.0,18.28,30.2,23.81,77.27,95.2,True
MAGHARIBI A,2019,11,1,222374.0,67.45,32.01,25.61,77.85,95.2,False
MAGHARIBI A,2019,11,3,222374.0,41.49,31.1,24.66,77.29,95.2,True
MAGHARIBI A,2019,11,10,222374.0,2.52,31.02,24.84,76.95,95.2,True
MAGHARIBI A,2019,11,17,222374.0,32.76,31.14,24.64,76.45,95.2,True
MAGHARIBI A,2019,11,24,222374.0,16.24,31.51,24.84,76.31,95.2,True
MAGHARIBI A,2019,12,1,222374.0,51.03,32.48,24.27,75.16,95.2,True
MAGHARIBI A,2019,12,8,222374.0,32.55,33.13,24.84,75.61,95.2,True
MAGHARIBI A,2019,12,15,222374.0,62.02,31.76,25.01,75.37,95.2,True
MAGHARIBI A,2019,12,22,222374.0,62.11,32.7,24.85,75.03,95.2,True
MAGHARIBI A,2019,12,29,222374.0,20.73,31.96,25.59,77.21,95.2,True
MAGHARIBI A,2020,1,1,415012.0,0.0,33.1,25.51,74.69,96.9,True
MAGHARIBI A,2020,1,5,415012.0,1.26,32.6,25.36,75.51,96.9,True
MAGHARIBI A,2020,1,12,415012.0,35.71,32.02,25.25,74.49,96.9,True
MAGHARIBI A,2020,1,19,415012.0,93.11,31.48,25.91,74.26,96.9,True
MAGHARIBI A,2020,1,26,415012.0,18.56,30.81,25.99,74.09,96.9,True
MAGHARIBI A,2020,2,1,415012.0,27.69,34.48,25.1,76.05,96.9,False
MAGHARIBI A,2020,2,2,415012.0,24.86,31.43,24.83,74.85,96.9,True
MAGHARIBI A,2020,2,9,415012.0,10.54,31.49,24.82,75.02,96.9,True
MAGHARIBI A,2020,2,16,415012.0,10.83,31.31,25.23,75.61,96.9,True
MAGHARIBI A,2020,2,23,415012.0,10.02,32.01,25.57,75.17,96.9,True
MAGHARIBI A,2020,3,1,415012.0,6.01,32.06,25.34,78.67,96.9,True
MAGHARIBI A,2020,3,8,415012.0,17.33,31.68,25.26,78.45,96.9,True
MAGHARIBI A,2020,3,15,415012.0,29.43,31.91,25.36,78.52,96.9,True
MAGHARIBI A,2020,3,22,415012.0,38.34,31.54,25.5,78.7,96.9,True
MAGHARIBI A,2020,3,29,415012.0,60.04,30.88,25.18,80.47,96.9,True
MAGHARIBI A,2020,4,1,415012.0,54.6,32.99,25.84,87.0,96.9,False
MAGHARIBI A,2020,4,5,415012.0,92.17,31.21,25.04,87.31,96.9,True
MAGHARIBI A,2020,4,12,415012.0,173.84,29.85,24.59,86.17,96.9,True
MAGHARIBI A,2020,4,19,415012.0,234.86,29.09,24.37,86.14,96.9,True
MAGHARIBI A,2020,4,26,415012.0,30.46,30.28,24.35,86.91,96.9,True
MAGHARIBI A,2020,5,1,415012.0,87.98,30.49,24.97,83.57,96.9,False
MAGHARIBI A,2020,5,3,415012.0,65.59,29.4,24.92,83.86,96.9,True
MAGHARIBI A,2020,5,10,415012.0,6.17,29.32,24.65,83.63,96.9,True
MAGHARIBI A,2020,5,17,415012.0,21.96,29.58,24.23,83.85,96.9,True
MAGHARIBI A,2020,5,24,415012.0,5.04,30.21,24.42,83.64,96.9,True
MAGHARIBI A,2020,5,31,415012.0,9.63,29.31,24.02,83.5,96.9,False
MAGHARIBI A,2020,6,1,415012.0,0.0,30.14,24.86,77.76,96.9,True
MAGHARIBI A,2020,6,7,415012.0,0.42,29.38,25.1,77.33,96.9,True
MAGHARIBI A,2020,6,14,415012.0,0.4,29.5,24.45,77.55,96.9,True
MAGHARIBI A,2020,6,21,415012.0,0.47,28.77,23.68,77.43,96.9,True
MAGHARIBI A,2020,6,28,415012.0,1.39,29.21,23.88,76.15,96.9,True
MAGHARIBI A,2020,7,1,415012.0,0.0,29.57,23.74,75.44,96.9,True
MAGHARIBI A,2020,7,5,415012.0,1.36,28.73,23.44,73.76,96.9,True
MAGHARIBI A,2020,7,12,415012.0,3.54,28.41,23.51,74.4,96.9,True
MAGHARIBI A,2020,7,19,415012.0,6.75,27.97,23.31,75.07,96.9,True
MAGHARIBI A,2020,7,26,415012.0,1.54,28.75,23.77,74.09,96.9,True
MAGHARIBI A,2020,8,1,415012.0,2.05,30.59,22.5,76.85,96.9,False
MAGHARIBI A,2020,8,2,415012.0,1.74,28.61,22.81,76.81,96.9,True
MAGHARIBI A,2020,8,9,415012.0,0.0,28.66,22.19,77.79,96.9,True
MAGHARIBI A,2020,8,16,415012.0,4.42,28.72,22.85,77.72,96.9,True
MAGHARIBI A,2020,8,23,415012.0,2.32,29.09,23.29,77.91,96.9,True
MAGHARIBI A,2020,8,30,415012.0,2.73,28.03,23.59,76.98,96.9,False
MAGHARIBI A,2020,9,1,415012.0,1.0,30.25,22.8,81.01,96.9,True
MAGHARIBI A,2020,9,6,415012.0,0.53,29.08,23.48,80.99,96.9,True
MAGHARIBI A,2020,9,13,415012.0,2.42,29.7,23.12,82.39,96.9,True
MAGHARIBI A,2020,9,20,415012.0,4.52,30.27,23.06,82.07,96.9,False
MAGHARIBI A,2020,9,27,415012.0,2.82,29.3,23.25,81.63,96.9,False
MAGHARIBI A,2020,10,1,415012.0,19.35,32.33,24.19,82.21,96.9,False
MAGHARIBI A,2020,10,4,415012.0,18.68,31.04,23.75,81.95,96.9,False
MAGHARIBI A,2020,10,11,415012.0,21.23,31.46,23.84,82.11,96.9,True
MAGHARIBI A,2020,10,18,415012.0,29.24,30.84,23.43,82.02,96.9,True
MAGHARIBI A,2020,10,26,415012.0,26.0,31.17,24.54,81.65,96.9,True
MAGHARIBI A,2020,11,1,415012.0,22.1,29.72,23.34,83.18,96.9,True
MAGHARIBI A,2020,11,10,415012.0,48.01,30.06,24.49,83.33,96.9,True
MAGHARIBI A,2020,11,16,415012.0,31.48,30.43,24.72,82.5,96.9,False
MAGHARIBI A,2020,11,23,415012.0,18.71,30.23,24.87,83.15,96.9,True
MAGHARIBI A,2020,11,29,415012.0,35.75,31.4,24.34,82.77,96.9,False
MAGHARIBI A,2020,12,1,415012.0,16.68,31.12,24.29,79.26,96.9,True
MAGHARIBI A,2020,12,6,415012.0,2.56,31.81,24.84,80.23,96.9,True
MAGHARIBI A,2020,12,13,415012.0,7.54,31.62,24.59,80.64,96.9,True
MAGHARIBI A,2020,12,20,415012.0,30.42,31.03,24.9,80.67,96.9,True
MAGHARIBI A,2020,12,27,415012.0,39.37,31.41,26.15,80.62,96.9,True
MAGHARIBI A,2021,1,1,878264.0,9.35,30.92,25.05,79.14,94.7,False
MAGHARIBI A,2021,1,3,878264.0,10.43,31.04,24.62,79.26,94.7,True
MAGHARIBI A,2021,1,10,878264.0,10.26,30.13,25.27,79.15,94.7,True
MAGHARIBI A,2021,1,17,878264.0,0.0,32.87,24.8,78.65,94.7,True
MAGHARIBI A,2021,1,24,878264.0,0.52,31.96,24.61,79.68,94.7,True
MAGHARIBI A,2021,1,31,878264.0,1.05,31.01,24.26,78.55,94.7,False
MAGHARIBI A,2021,2,1,878264.0,0.0,32.37,24.89,78.28,94.7,True
MAGHARIBI A,2021,2,7,878264.0,4.01,31.36,24.93,78.62,94.7,True
MAGHARIBI A,2021,2,14,878264.0,4.34,31.18,25.24,78.2,94.7,True
MAGHARIBI A,2021,2,21,878264.0,1.7,32.21,24.46,77.88,94.7,True
MAGHARIBI A,2021,2,28,878264.0,2.08,32.48,24.26,77.1,94.7,False
MAGHARIBI A,2021,3,1,878264.0,3.16,33.12,25.64,77.47,94.7,True
MAGHARIBI A,2021,3,7,878264.0,5.23,33.05,24.56,77.0,94.7,True
MAGHARIBI A,2021,3,15,878264.0,36.93,32.81,24.56,77.2,94.7,True
MAGHARIBI A,2021,3,21,878264.0,38.09,31.87,24.59,77.1,94.7,False
MAGHARIBI A,2021,3,28,878264.0,7.06,31.21,24.66,76.9,94.7,True
MAGHARIBI A,2021,4,1,878264.0,34.96,31.52,25.14,85.46,94.7,False
MAGHARIBI A,2021,4,4,878264.0,40.0,30.18,25.23,83.52,94.7,True
MAGHARIBI A,2021,4,11,878264.0,48.16,29.58,24.48,83.88,94.7,True
MAGHARIBI A,2021,4,19,878264.0,34.65,28.71,24.35,83.97,94.7,True
MAGHARIBI A,2021,4,25,878264.0,49.87,30.83,25.01,85.05,94.7,True
MAGHARIBI A,2021,5,1,878264.0,43.7,28.73,26.17,78.0,94.7,False
MAGHARIBI A,2021,5,2,878264.0,43.91,28.45,24.1,78.84,94.7,True
MAGHARIBI A,2021,5,9,878264.0,0.0,30.85,25.2,76.86,94.7,True
MAGHARIBI A,2021,5,16,878264.0,5.35,30.32,25.2,78.38,94.7,True
MAGHARIBI A,2021,5,23,878264.0,0.6,30.8,24.92,78.65,94.7,True
MAGHARIBI A,2021,5,30,878264.0,0.0,28.85,24.81,77.89,94.7,False
MAGHARIBI A,2021,6,2,878264.0,3.22,29.93,23.88,74.04,94.7,False
MAGHARIBI A,2021,6,6,878264.0,2.65,29.44,23.89,75.28,94.7,True
MAGHARIBI A,2021,6,13,878264.0,8.05,28.48,23.46,74.38,94.7,True
MAGHARIBI A,2021,6,20,878264.0,8.77,28.47,23.09,75.08,94.7,True
MAGHARIBI A,2021,6,27,878264.0,0.0,27.6,22.53,75.23,94.7,True
MAGHARIBI A,2021,7,1,878264.0,1.66,30.4,24.12,72.45,94.7,False
MAGHARIBI A,2021,7,4,878264.0,5.21,28.41,23.27,73.38,94.7,True
MAGHARIBI A,2021,7,11,878264.0,11.13,28.94,23.92,73.09,94.7,True
MAGHARIBI A,2021,7,19,878264.0,5.41,29.65,24.18,74.24,94.7,True
MAGHARIBI A,2021,7,25,878264.0,4.23,28.49,23.21,73.38,94.7,False
MAGHARIBI A,2021,8,1,878264.0,0.0,28.39,22.9,76.65,94.7,False
MAGHARIBI A,2021,8,9,878264.0,0.0,28.77,21.75,77.03,94.7,True
MAGHARIBI A,2021,8,15,878264.0,2.52,29.1,22.57,76.1,94.7,True
MAGHARIBI A,2021,8,22,878264.0,4.25,28.16,22.48,76.29,94.7,False
MAGHARIBI A,2021,8,29,878264.0,5.77,27.88,21.74,77.44,94.7,False
MAGHARIBI A,2021,9,1,878264.0,4.22,30.05,23.46,75.56,94.7,False
MAGHARIBI A,2021,9,5,878264.0,5.73,28.46,23.0,74.27,94.7,True
MAGHARIBI A,2021,9,12,878264.0,6.67,29.04,23.2,75.08,94.7,True
MAGHARIBI A,2021,9,19,878264.0,2.63,28.08,22.73,74.84,94.7,True
MAGHARIBI A,2021,9,27,878264.0,16.73,29.47,23.2,74.63,94.7,True
MAGHARIBI A,2021,10,1,878264.0,3.27,31.81,22.48,73.45,94.7,False
MAGHARIBI A,2021,10,3,878264.0,3.52,29.85,23.18,75.86,94.7,True
MAGHARIBI A,2021,10,10,878264.0,2.61,30.79,23.91,75.78,94.7,True
MAGHARIBI A,2021,10,18,878264.0,0.52,30.52,23.19,75.78,94.7,True
MAGHARIBI A,2021,10,24,878264.0,3.39,31.52,23.23,75.8,94.7,True
MAGHARIBI A,2021,10,31,878264.0,9.0,29.23,22.55,76.0,94.7,False
MAGHARIBI A,2021,11,1,878264.0,2.14,32.76,24.98,77.64,94.7,True
MAGHARIBI A,2021,11,7,878264.0,1.68,32.38,24.13,77.89,94.7,True
MAGHARIBI A,2021,11,14,878264.0,2.62,32.09,23.79,77.82,94.7,False
MAGHARIBI A,2021,11,22,878264.0,23.17,33.06,24.28,75.84,94.7,False
MAGHARIBI A,2021,11,28,878264.0,48.45,31.41,25.89,78.52,94.7,True
MAGHARIBI A,2021,12,1,878264.0,30.05,31.07,25.09,80.44,94.7,False
MAGHARIBI A,2021,12,6,878264.0,42.66,30.56,24.41,80.33,94.7,False
MAGHARIBI A,2021,12,12,878264.0,41.64,31.11,24.75,80.94,94.7,False
MAGHARIBI A,2021,12,20,878264.0,9.55,31.76,25.03,79.86,94.7,True
MAGHARIBI A,2021,12,26,878264.0,22.65,31.65,24.74,80.37,94.7,True
MAGHARIBI A,2022,1,1,388344.4,0.0,33.54,26.12,78.9,97.8,False
MAGHARIBI A,2022,1,2,388344.4,0.0,32.78,25.76,78.4,97.8,True
MAGHARIBI A,2022,1,9,388344.4,0.0,32.41,26.33,78.67,97.8,True
MAGHARIBI A,2022,1,16,388344.4,27.61,32.68,24.97,78.22,97.8,True
MAGHARIBI A,2022,1,23,388344.4,19.19,30.75,24.33,77.99,97.8,True
MAGHARIBI A,2022,1,30,388344.4,29.54,29.79,24.97,78.67,97.8,False
MAGHARIBI A,2022,2,2,388344.4,22.91,31.57,24.94,80.39,97.8,True
MAGHARIBI A,2022,2,7,388344.4,13.25,31.7,24.53,80.1,97.8,True
MAGHARIBI A,2022,2,13,388344.4,10.51,32.23,25.02,79.66,97.8,False
MAGHARIBI A,2022,2,21,388344.4,19.41,32.01,24.8,80.02,97.8,True
MAGHARIBI A,2022,2,27,388344.4,3.24,30.56,24.99,80.75,97.8,False
MAGHARIBI A,2022,3,1,388344.4,0.0,33.73,24.44,77.24,97.8,False
MAGHARIBI A,2022,3,6,388344.4,0.0,32.37,24.43,77.16,97.8,True
MAGHARIBI A,2022,3,13,388344.4,0.0,32.96,25.05,77.92,97.8,True
MAGHARIBI A,2022,3,20,388344.4,1.5,32.35,25.23,77.07,97.8,True
MAGHARIBI A,2022,3,27,388344.4,6.92,32.47,26.07,77.5,97.8,True
MAGHARIBI A,2022,4,1,388344.4,17.18,32.28,26.41,83.88,97.8,False
MAGHARIBI A,2022,4,3,388344.4,20.17,32.25,25.19,83.67,97.8,True
MAGHARIBI A,2022,4,10,388344.4,21.05,31.3,25.12,83.92,97.8,True
MAGHARIBI A,2022,4,18,388344.4,60.52,30.17,24.44,83.96,97.8,True
MAGHARIBI A,2022,4,24,388344.4,54.24,30.24,25.02,83.44,97.8,True
MAGHARIBI A,2022,5,2,388344.4,31.83,29.28,24.69,81.25,97.8,True
MAGHARIBI A,2022,5,8,388344.4,3.77,30.9,25.85,80.95,97.8,True
MAGHARIBI A,2022,5,15,388344.4,3.1,30.28,25.86,80.36,97.8,True
MAGHARIBI A,2022,5,22,388344.4,4.49,31.37,25.65,80.68,97.8,True
MAGHARIBI A,2022,5,29,388344.4,3.99,30.36,24.97,81.25,97.8,False
MAGHARIBI A,2022,6,1,388344.4,10.66,30.88,23.46,80.0,97.8,False
MAGHARIBI A,2022,6,5,388344.4,3.31,30.11,24.57,79.14,97.8,True
MAGHARIBI A,2022,6,12,388344.4,0.9,29.26,24.55,79.65,97.8,True
MAGHARIBI A,2022,6,19,388344.4,4.62,29.43,23.93,78.99,97.8,True
MAGHARIBI A,2022,6,27,388344.4,9.32,29.27,24.48,79.7,97.8,True
MAGHARIBI A,2022,7,1,388344.4,6.02,28.56,22.38,81.9,97.8,False
MAGHARIBI A,2022,7,3,388344.4,6.27,27.71,22.55,81.24,97.8,True
MAGHARIBI A,2022,7,11,388344.4,14.48,27.68,22.08,80.27,97.8,True
MAGHARIBI A,2022,7,18,388344.4,12.29,28.55,22.39,80.13,97.8,False
MAGHARIBI A,2022,7,24,388344.4,15.98,28.53,22.42,81.18,97.8,False
MAGHARIBI A,2022,7,31,388344.4,30.16,26.43,22.6,81.15,97.8,False
MAGHARIBI A,2022,8,1,388344.4,3.13,28.58,22.08,79.03,97.8,False
MAGHARIBI A,2022,8,9,388344.4,5.78,28.54,22.72,80.29,97.8,True
MAGHARIBI A,2022,8,14,388344.4,5.73,28.09,21.7,79.95,97.8,False
MAGHARIBI A,2022,8,21,388344.4,2.9,28.11,21.39,80.25,97.8,False
MAGHARIBI A,2022,8,28,388344.4,1.12,27.69,22.11,79.17,97.8,False
MAGHARIBI A,2022,9,2,388344.4,4.21,30.18,22.17,73.9,97.8,False
MAGHARIBI A,2022,9,5,388344.4,1.93,29.28,21.98,74.58,97.8,False
MAGHARIBI A,2022,9,11,388344.4,0.0,29.63,21.84,74.89,97.8,False
MAGHARIBI A,2022,9,18,388344.4,0.0,28.48,22.94,73.59,97.8,True
MAGHARIBI A,2022,9,25,388344.4,0.0,29.45,23.05,75.13,97.8,False
MAGHARIBI A,2022,10,2,388344.4,1.46,28.84,22.38,71.92,97.8,False
MAGHARIBI A,2022,10,9,388344.4,0.0,30.93,22.5,73.32,97.8,True
MAGHARIBI A,2022,10,17,388344.4,1.11,30.1,22.54,73.94,97.8,True
MAGHARIBI A,2022,10,24,388344.4,0.07,29.69,23.31,73.2,97.8,False
MAGHARIBI A,2022,10,31,388344.4,0.0,28.09,23.0,72.45,97.8,False
MAGHARIBI A,2022,11,2,388344.4,5.17,31.11,23.48,74.93,97.8,False
MAGHARIBI A,2022,11,6,388344.4,5.46,30.82,23.99,75.15,97.8,False
MAGHARIBI A,2022,11,13,388344.4,6.56,31.11,24.05,74.79,97.8,False
MAGHARIBI A,2022,11,21,388344.4,10.48,30.24,23.96,76.32,97.8,False
MAGHARIBI A,2022,11,27,388344.4,15.0,30.72,24.44,74.73,97.8,False
MAGHARIBI A,2022,12,1,388344.4,0.56,32.27,24.75,78.77,97.8,False
MAGHARIBI A,2022,12,5,388344.4,3.86,31.8,24.34,77.69,97.8,False
MAGHARIBI A,2022,12,12,388344.4,26.9,31.61,24.36,78.54,97.8,True
MAGHARIBI A,2022,12,19,388344.4,0.0,32.11,25.4,77.51,97.8,True
MAGHARIBI A,2022,12,26,388344.4,60.81,31.33,25.52,77.72,97.8,False
MAGHARIBI A,2023,1,1,248000.0,0.0,32.4,26.16,78.46,94.0,True
MAGHARIBI A,2023,1,8,248000.0,30.02,31.15,25.84,77.61,94.0,True
MAGHARIBI A,2023,1,15,248000.0,9.3,32.48,25.11,78.05,94.0,True
MAGHARIBI A,2023,1,22,248000.0,1.02,32.25,25.32,77.79,94.0,True
MAGHARIBI A,2023,1,29,248000.0,2.3,31.16,25.03,77.86,94.0,True
MAGHARIBI A,2023,2,1,248000.0,0.6,32.95,24.72,76.39,94.0,True
MAGHARIBI A,2023,2,5,248000.0,1.63,32.81,24.46,75.4,94.0,True
MAGHARIBI A,2023,2,12,248000.0,1.1,32.14,25.03,75.77,94.0,True
MAGHARIBI A,2023,2,20,248000.0,0.0,31.66,24.59,75.27,94.0,True
MAGHARIBI A,2023,2,26,248000.0,0.0,32.32,23.54,74.3,94.0,False
MAGHARIBI A,2023,3,1,248000.0,0.0,33.95,24.44,75.96,94.0,True
MAGHARIBI A,2023,3,5,248000.0,0.0,33.24,25.18,77.03,94.0,True
MAGHARIBI A,2023,3,12,248000.0,7.89,32.03,25.84,76.66,94.0,True
MAGHARIBI A,2023,3,19,248000.0,16.0,31.41,25.96,76.05,94.0,False
MAGHARIBI A,2023,3,26,248000.0,5.66,30.96,24.72,76.02,94.0,True
MAGHARIBI A,2023,4,1,248000.0,34.86,31.59,26.19,86.65,94.0,False
MAGHARIBI A,2023,4,2,248000.0,38.73,31.64,25.27,86.78,94.0,True
MAGHARIBI A,2023,4,9,248000.0,32.55,31.58,25.46,86.12,94.0,True
MAGHARIBI A,2023,4,16,248000.0,102.18,28.76,24.77,86.61,94.0,True
MAGHARIBI A,2023,4,23,248000.0,91.93,29.34,24.63,85.8,94.0,True
MAGHARIBI A,2023,4,30,248000.0,150.35,28.51,25.34,86.1,94.0,False
MAGHARIBI A,2023,5,2,248000.0,13.9,30.59,24.8,82.24,94.0,True
MAGHARIBI A,2023,5,7,248000.0,28.02,30.3,25.17,82.19,94.0,True
MAGHARIBI A,2023,5,14,248000.0,21.5,30.31,25.21,82.15,94.0,True
MAGHARIBI A,2023,5,21,248000.0,7.37,30.54,24.69,82.07,94.0,True
MAGHARIBI A,2023,5,28,248000.0,11.71,29.21,24.51,82.74,94.0,True
MAGHARIBI A,2023,6,1,248000.0,52.65,29.01,23.7,82.71,94.0,True
MAGHARIBI A,2023,6,4,248000.0,32.29,29.07,23.37,82.06,94.0,True
MAGHARIBI A,2023,6,11,248000.0,2.17,29.35,23.49,82.52,94.0,True
MAGHARIBI A,2023,6,18,248000.0,0.26,29.56,23.65,82.8,94.0,True
MAGHARIBI A,2023,6,25,248000.0,0.0,29.57,23.58,82.02,94.0,True
MAGHARIBI A,2023,7,1,248000.0,12.13,28.12,24.21,84.75,94.0,False
MAGHARIBI A,2023,7,2,248000.0,13.03,28.45,23.41,83.31,94.0,True
MAGHARIBI A,2023,7,9,248000.0,5.74,28.73,22.95,84.23,94.0,True
MAGHARIBI A,2023,7,16,248000.0,0.94,29.24,23.64,84.13,94.0,True
MAGHARIBI A,2023,7,23,248000.0,11.44,28.42,23.03,84.12,94.0,True
MAGHARIBI A,2023,7,30,248000.0,20.46,28.14,22.9,82.81,94.0,True
MAGHARIBI A,2023,8,1,248000.0,2.78,28.91,23.11,82.47,94.0,True
MAGHARIBI A,2023,8,6,248000.0,0.95,29.59,22.97,81.94,94.0,True
MAGHARIBI A,2023,8,13,248000.0,1.41,30.16,22.9,81.71,94.0,True
MAGHARIBI A,2023,8,20,248000.0,3.0,29.37,22.84,80.95,94.0,True
MAGHARIBI A,2023,8,27,248000.0,8.03,29.82,22.69,81.16,94.0,True
MAGHARIBI A,2023,9,1,248000.0,0.0,31.69,20.66,77.05,94.0,True
MAGHARIBI A,2023,9,3,248000.0,0.05,29.2,22.7,77.1,94.0,True
MAGHARIBI A,2023,9,10,248000.0,1.42,30.52,22.78,76.94,94.0,True
MAGHARIBI A,2023,9,18,248000.0,0.0,30.77,22.86,77.03,94.0,True
MAGHARIBI A,2023,9,24,248000.0,7.59,30.76,23.2,76.41,94.0,True
MAGHARIBI A,2023,10,1,248000.0,17.99,30.66,23.74,74.64,94.0,True
MAGHARIBI A,2023,10,8,248000.0,0.4,31.32,24.41,75.35,94.0,True
MAGHARIBI A,2023,10,15,248000.0,0.77,31.36,24.15,74.72,94.0,True
MAGHARIBI A,2023,10,22,248000.0,13.38,31.23,24.77,76.01,94.0,True
MAGHARIBI A,2023,10,29,248000.0,25.86,31.04,24.4,75.35,94.0,True
MAGHARIBI A,2023,11,1,248000.0,166.2,28.42,25.07,83.77,94.0,True
MAGHARIBI A,2023,11,5,248000.0,80.02,29.31,24.38,83.0,94.0,True
MAGHARIBI A,2023,11,12,248000.0,38.93,30.19,24.11,82.27,94.0,True
MAGHARIBI A,2023,11,19,248000.0,42.12,30.08,24.71,82.65,94.0,True
MAGHARIBI A,2023,11,26,248000.0,30.22,30.31,24.69,83.11,94.0,True
MAGHARIBI A,2023,12,1,248000.0,23.27,30.32,23.84,81.38,94.0,True
MAGHARIBI A,2023,12,3,248000.0,25.65,31.04,24.57,81.23,94.0,True
MAGHARIBI A,2023,12,10,248000.0,54.44,30.98,25.02,81.35,94.0,True
MAGHARIBI A,2023,12,17,248000.0,21.95,31.84,25.56,80.73,94.0,True
MAGHARIBI A,2023,12,24,248000.0,10.84,31.85,25.49,80.68,94.0,True
MAGHARIBI B,2018,1,1,178072.0,6.95,32.31,25.63,73.8,95.0,True
MAGHARIBI B,2018,1,7,178072.0,4.3,32.44,26.16,73.97,95.0,True
MAGHARIBI B,2018,1,14,178072.0,0.34,32.41,25.22,73.81,95.0,True
MAGHARIBI B,2018,1,21,178072.0,0.0,32.34,25.15,74.5,95.0,True
MAGHARIBI B,2018,1,28,178072.0,0.0,32.29,25.55,74.29,95.0,True
MAGHARIBI B,2018,2,1,178072.0,0.0,32.74,25.23,71.8,95.0,False
MAGHARIBI B,2018,2,4,178072.0,0.0,31.99,25.14,72.92,95.0,True
MAGHARIBI B,2018,2,11,178072.0,1.25,31.38,24.64,73.17,95.0,True
MAGHARIBI B,2018,2,19,178072.0,4.27,31.04,25.67,72.55,95.0,True
MAGHARIBI B,2018,2,26,178072.0,0.0,33.08,26.11,73.34,95.0,False
MAGHARIBI B,2018,3,1,178072.0,1.68,33.07,25.57,77.46,95.0,False
MAGHARIBI B,2018,3,5,178072.0,3.27,33.04,25.32,76.78,95.0,True
MAGHARIBI B,2018,3,11,178072.0,4.23,31.89,25.31,77.07,95.0,True
MAGHARIBI B,2018,3,19,178072.0,8.48,33.22,25.16,77.09,95.0,True
MAGHARIBI B,2018,3,26,178072.0,0.46,33.39,25.38,76.44,95.0,False
MAGHARIBI B,2018,4,2,178072.0,4.45,32.47,25.74,86.23,95.0,False
MAGHARIBI B,2018,4,9,178072.0,26.62,30.49,25.02,86.51,95.0,True
MAGHARIBI B,2018,4,15,178072.0,38.62,30.77,24.65,85.52,95.0,True
MAGHARIBI B,2018,4,22,178072.0,18.26,31.53,24.34,87.24,95.0,True
MAGHARIBI B,2018,4,30,178072.0,0.64,30.61,25.19,87.95,95.0,False
MAGHARIBI B,2018,5,1,178072.0,23.51,29.6,24.77,83.32,95.0,True
MAGHARIBI B,2018,5,6,178072.0,25.3,29.29,24.96,82.98,95.0,True
MAGHARIBI B,2018,5,13,178072.0,22.16,29.66,24.94,82.63,95.0,True
MAGHARIBI B,2018,5,21,178072.0,8.83,29.75,24.42,82.61,95.0,True
MAGHARIBI B,2018,5,27,178072.0,1.72,29.62,24.4,82.97,95.0,True
MAGHARIBI B,2018,6,1,178072.0,2.15,30.4,24.67,72.4,95.0,False
MAGHARIBI B,2018,6,3,178072.0,1.97,30.11,24.88,73.19,95.0,True
MAGHARIBI B,2018,6,10,178072.0,0.13,29.49,24.07,72.86,95.0,True
MAGHARIBI B,2018,6,17,178072.0,0.1,28.71,23.42,74.06,95.0,True
MAGHARIBI B,2018,6,24,178072.0,1.26,29.24,23.07,73.09,95.0,True
MAGHARIBI B,2018,7,1,178072.0,15.27,29.87,24.17,71.62,95.0,True
MAGHARIBI B,2018,7,8,178072.0,2.46,29.68,23.8,71.52,95.0,True
MAGHARIBI B,2018,7,15,178072.0,0.14,29.16,22.89,71.11,95.0,True
MAGHARIBI B,2018,7,23,178072.0,0.07,28.64,23.11,70.61,95.0,True
MAGHARIBI B,2018,7,29,178072.0,0.0,29.28,23.77,72.05,95.0,True
MAGHARIBI B,2018,8,1,178072.0,0.1,28.88,23.34,74.42,95.0,True
MAGHARIBI B,2018,8,5,178072.0,0.06,29.07,22.96,73.13,95.0,True
MAGHARIBI B,2018,8,13,178072.0,0.11,28.66,23.06,73.65,95.0,True
MAGHARIBI B,2018,8,19,178072.0,0.44,29.3,23.52,74.68,95.0,False
MAGHARIBI B,2018,8,26,178072.0,2.0,29.55,22.94,74.87,95.0,True
MAGHARIBI B,2018,9,3,178072.0,1.98,28.78,22.63,67.61,95.0,False
MAGHARIBI B,2018,9,9,178072.0,0.83,28.58,23.23,68.26,95.0,True
MAGHARIBI B,2018,9,16,178072.0,0.42,29.61,21.92,68.38,95.0,True
MAGHARIBI B,2018,9,23,178072.0,0.64,29.79,22.32,67.86,95.0,True
MAGHARIBI B,2018,10,1,178072.0,0.82,30.29,23.58,73.92,95.0,True
MAGHARIBI B,2018,10,7,178072.0,0.74,29.67,23.77,73.9,95.0,True
MAGHARIBI B,2018,10,14,178072.0,2.36,29.42,23.6,74.26,95.0,True
MAGHARIBI B,2018,10,22,178072.0,4.02,29.82,23.46,75.88,95.0,False
MAGHARIBI B,2018,10,28,178072.0,7.46,30.53,23.33,74.13,95.0,True
MAGHARIBI B,2018,11,1,178072.0,0.0,32.05,25.44,75.7,95.0,False
MAGHARIBI B,2018,11,4,178072.0,0.0,31.7,24.63,76.72,95.0,True
MAGHARIBI B,2018,11,11,178072.0,0.35,31.06,24.32,76.99,95.0,True
MAGHARIBI B,2018,11,18,178072.0,3.36,32.0,25.1,75.28,95.0,True
MAGHARIBI B,2018,11,25,178072.0,3.45,31.98,25.17,77.46,95.0,True
MAGHARIBI B,2018,12,2,178072.0,4.36,32.06,24.29,76.03,95.0,True
MAGHARIBI B,2018,12,9,178072.0,4.43,32.17,25.07,75.65,95.0,True
MAGHARIBI B,2018,12,16,178072.0,10.32,31.56,24.22,76.58,95.0,True
MAGHARIBI B,2018,12,23,178072.0,4.73,32.43,24.83,76.78,95.0,True
MAGHARIBI B,2018,12,30,178072.0,0.33,33.41,25.52,76.01,95.0,False
MAGHARIBI B,2019,1,1,222374.0,5.88,32.88,26.81,69.67,95.2,True
MAGHARIBI B,2019,1,6,222374.0,2.52,33.33,25.9,69.55,95.2,True
MAGHARIBI B,2019,1,13,222374.0,1.59,32.9,25.84,69.84,95.2,True
MAGHARIBI B,2019,1,20,222374.0,2.86,32.33,25.4,69.48,95.2,True
MAGHARIBI B,2019,1,27,222374.0,0.0,32.78,25.85,69.27,95.2,True
MAGHARIBI B,2019,2,1,222374.0,0.0,35.05,24.64,67.23,95.2,False
MAGHARIBI B,2019,2,3,222374.0,0.12,31.54,24.87,66.82,95.2,True
MAGHARIBI B,2019,2,10,222374.0,1.61,31.64,24.45,67.29,95.2,True
MAGHARIBI B,2019,2,17,222374.0,15.1,31.84,25.68,67.89,95.2,True
MAGHARIBI B,2019,2,24,222374.0,64.39,32.32,25.01,67.39,95.2,False
MAGHARIBI B,2019,3,1,222374.0,5.79,34.0,25.4,70.75,95.2,False
MAGHARIBI B,2019,3,4,222374.0,6.74,33.3,24.54,72.68,95.2,True
MAGHARIBI B,2019,3,11,222374.0,0.0,33.23,25.09,73.61,95.2,True
MAGHARIBI B,2019,3,17,222374.0,0.0,34.48,25.82,73.65,95.2,False
MAGHARIBI B,2019,3,25,222374.0,2.0,34.73,25.63,72.71,95.2,True
MAGHARIBI B,2019,3,31,222374.0,4.0,32.14,23.68,71.35,95.2,False
MAGHARIBI B,2019,4,2,222374.0,52.61,32.68,25.52,86.06,95.2,False
MAGHARIBI B,2019,4,7,222374.0,36.75,31.86,24.91,87.65,95.2,True
MAGHARIBI B,2019,4,15,222374.0,20.14,31.06,24.69,87.53,95.2,True
MAGHARIBI B,2019,4,21,222374.0,4.06,31.34,25.03,87.24,95.2,True
MAGHARIBI B,2019,4,28,222374.0,0.0,31.46,24.57,87.65,95.2,False
MAGHARIBI B,2019,5,1,222374.0,175.94,31.61,24.95,85.56,95.2,True
MAGHARIBI B,2019,5,5,222374.0,164.15,30.52,24.75,85.9,95.2,True
MAGHARIBI B,2019,5,12,222374.0,133.78,29.43,24.96,86.27,95.2,True
MAGHARIBI B,2019,5,19,222374.0,35.16,30.05,24.57,86.22,95.2,True
MAGHARIBI B,2019,5,26,222374.0,83.01,29.92,24.55,85.72,95.2,True
MAGHARIBI B,2019,6,1,222374.0,0.0,30.56,23.66,71.1,95.2,False
MAGHARIBI B,2019,6,2,222374.0,0.0,30.5,23.89,71.13,95.2,True
MAGHARIBI B,2019,6,9,222374.0,0.0,29.58,23.72,72.38,95.2,True
MAGHARIBI B,2019,6,16,222374.0,0.0,29.93,23.39,72.24,95.2,True
MAGHARIBI B,2019,6,23,222374.0,0.0,28.64,24.02,71.44,95.2,True
MAGHARIBI B,2019,6,30,222374.0,0.0,28.64,23.68,71.75,95.2,False
MAGHARIBI B,2019,7,1,222374.0,0.0,30.63,23.36,69.32,95.2,True
MAGHARIBI B,2019,7,7,222374.0,0.0,29.68,24.47,69.17,95.2,True
MAGHARIBI B,2019,7,14,222374.0,0.03,29.69,23.67,69.4,95.2,True
MAGHARIBI B,2019,7,21,222374.0,0.03,29.09,23.12,68.95,95.2,True
MAGHARIBI B,2019,7,28,222374.0,0.0,28.48,23.11,68.6,95.2,True
MAGHARIBI B,2019,8,1,222374.0,6.08,30.01,22.67,73.3,95.2,True
MAGHARIBI B,2019,8,4,222374.0,8.2,29.26,22.56,73.27,95.2,True
MAGHARIBI B,2019,8,11,222374.0,10.31,28.94,22.76,72.99,95.2,True
MAGHARIBI B,2019,8,18,222374.0,0.0,29.28,23.72,73.17,95.2,True
MAGHARIBI B,2019,8,25,222374.0,0.99,29.51,23.0,73.56,95.2,True
MAGHARIBI B,2019,9,1,222374.0,7.0,29.09,21.72,73.64,95.2,True
MAGHARIBI B,2019,9,8,222374.0,16.46,29.75,21.87,74.14,95.2,True
MAGHARIBI B,2019,9,15,222374.0,10.67,29.53,23.19,73.37,95.2,True
MAGHARIBI B,2019,9,23,222374.0,1.53,29.83,22.72,73.0,95.2,True
MAGHARIBI B,2019,9,29,222374.0,4.96,29.46,22.67,73.36,95.2,False
MAGHARIBI B,2019,10,1,222374.0,19.42,30.02,24.42,76.76,95.2,True
MAGHARIBI B,2019,10,6,222374.0,65.7,29.34,24.38,77.23,95.2,True
MAGHARIBI B,2019,10,13,222374.0,93.56,29.39,24.19,78.0,95.2,True
MAGHARIBI B,2019,10,20,222374.0,63.2,29.41,23.64,77.64,95.2,True
MAGHARIBI B,2019,10,27,222374.0,80.88,30.31,24.44,77.31,95.2,False
MAGHARIBI B,2019,11,1,222374.0,6.66,32.74,26.29,77.85,95.2,False
MAGHARIBI B,2019,11,3,222374.0,11.44,30.57,25.17,77.52,95.2,True
MAGHARIBI B,2019,11,10,222374.0,39.46,31.41,24.1,77.01,95.2,True
MAGHARIBI B,2019,11,17,222374.0,39.26,31.39,24.68,76.45,95.2,True
MAGHARIBI B,2019,11,24,222374.0,7.93,31.73,24.42,76.46,95.2,True
MAGHARIBI B,2019,12,1,222374.0,51.13,32.26,24.33,75.08,95.2,True
MAGHARIBI B,2019,12,8,222374.0,5.95,33.45,25.18,75.56,95.2,True
MAGHARIBI B,2019,12,15,222374.0,49.93,31.8,24.9,75.41,95.2,True
MAGHARIBI B,2019,12,22,222374.0,36.24,33.06,24.99,75.41,95.2,True
MAGHARIBI B,2019,12,29,222374.0,6.78,32.28,26.24,77.36,95.2,True
MAGHARIBI B,2020,1,1,415012.0,0.0,33.34,25.72,74.75,96.9,True
MAGHARIBI B,2020,1,5,415012.0,7.48,32.9,25.62,75.72,96.9,True
MAGHARIBI B,2020,1,12,415012.0,30.2,31.85,25.14,74.54,96.9,True
MAGHARIBI B,2020,1,19,415012.0,63.89,30.72,25.68,74.45,96.9,True
MAGHARIBI B,2020,1,26,415012.0,16.96,30.88,25.81,73.84,96.9,True
MAGHARIBI B,2020,2,1,415012.0,10.18,34.89,24.82,76.05,96.9,False
MAGHARIBI B,2020,2,2,415012.0,11.12,32.58,25.08,74.93,96.9,True
MAGHARIBI B,2020,2,9,415012.0,3.4,31.68,25.03,74.93,96.9,True
MAGHARIBI B,2020,2,16,415012.0,4.03,31.3,26.02,75.32,96.9,True
MAGHARIBI B,2020,2,23,415012.0,2.7,32.18,25.61,75.57,96.9,True
MAGHARIBI B,2020,3,1,415012.0,20.2,31.96,25.32,78.36,96.9,True
MAGHARIBI B,2020,3,8,415012.0,38.97,32.26,25.36,78.48,96.9,True
MAGHARIBI B,2020,3,15,415012.0,12.19,31.72,25.96,78.49,96.9,True
MAGHARIBI B,2020,3,22,415012.0,6.45,31.87,25.2,78.09,96.9,True
MAGHARIBI B,2020,3,29,415012.0,7.73,31.61,24.76,80.31,96.9,True
MAGHARIBI B,2020,4,1,415012.0,21.07,32.66,25.75,86.71,96.9,True
MAGHARIBI B,2020,4,5,415012.0,69.21,30.87,25.5,86.94,96.9,True
MAGHARIBI B,2020,4,12,415012.0,119.28,29.59,25.08,86.48,96.9,True
MAGHARIBI B,2020,4,19,415012.0,171.3,29.31,23.9,86.6,96.9,True
MAGHARIBI B,2020,4,26,415012.0,28.26,30.45,24.74,86.44,96.9,True
MAGHARIBI B,2020,5,1,415012.0,48.85,30.62,24.9,84.46,96.9,False
MAGHARIBI B,2020,5,3,415012.0,53.97,29.5,24.39,83.65,96.9,True
MAGHARIBI B,2020,5,10,415012.0,2.66,29.58,25.12,83.67,96.9,True
MAGHARIBI B,2020,5,17,415012.0,27.47,29.55,24.36,83.92,96.9,True
MAGHARIBI B,2020,5,24,415012.0,2.14,30.02,24.55,83.34,96.9,True
MAGHARIBI B,2020,5,31,415012.0,3.46,30.48,25.02,83.5,96.9,False
MAGHARIBI B,2020,6,1,415012.0,0.0,30.07,25.14,77.28,96.9,True
MAGHARIBI B,2020,6,7,415012.0,0.46,30.53,23.93,77.35,96.9,True
MAGHARIBI B,2020,6,14,415012.0,0.27,29.72,24.37,77.85,96.9,True
MAGHARIBI B,2020,6,21,415012.0,0.0,28.76,24.33,77.42,96.9,True
MAGHARIBI B,2020,6,28,415012.0,0.0,28.97,23.47,77.16,96.9,True
MAGHARIBI B,2020,7,1,415012.0,0.0,29.69,24.07,75.46,96.9,True
MAGHARIBI B,2020,7,5,415012.0,7.74,28.54,23.4,73.75,96.9,True
MAGHARIBI B,2020,7,12,415012.0,15.23,28.5,23.5,75.07,96.9,True
MAGHARIBI B,2020,7,19,415012.0,0.89,28.23,22.89,75.13,96.9,True
MAGHARIBI B,2020,7,26,415012.0,2.26,28.85,23.99,74.01,96.9,True
MAGHARIBI B,2020,8,1,415012.0,0.0,29.53,23.47,76.85,96.9,False
MAGHARIBI B,2020,8,2,415012.0,0.0,29.31,23.51,78.13,96.9,True
MAGHARIBI B,2020,8,9,415012.0,0.0,29.01,22.22,77.98,96.9,True
MAGHARIBI B,2020,8,16,415012.0,17.26,28.96,23.34,77.92,96.9,True
MAGHARIBI B,2020,8,23,415012.0,6.13,28.99,22.85,77.71,96.9,True
MAGHARIBI B,2020,8,30,415012.0,8.77,28.43,23.3,76.72,96.9,False
MAGHARIBI B,2020,9,1,415012.0,0.26,29.89,22.99,81.9,96.9,True
MAGHARIBI B,2020,9,6,415012.0,0.38,28.79,23.05,81.11,96.9,True
MAGHARIBI B,2020,9,13,415012.0,1.37,30.32,23.14,83.11,96.9,True
MAGHARIBI B,2020,9,20,415012.0,1.69,28.73,22.8,81.42,96.9,True
MAGHARIBI B,2020,9,27,415012.0,1.38,30.4,22.51,82.43,96.9,True
MAGHARIBI B,2020,10,1,415012.0,7.56,31.92,23.75,82.1,96.9,True
MAGHARIBI B,2020,10,4,415012.0,9.0,30.76,23.18,82.14,96.9,True
MAGHARIBI B,2020,10,11,415012.0,15.96,31.21,23.4,81.84,96.9,True
MAGHARIBI B,2020,10,18,415012.0,16.11,30.9,23.58,81.4,96.9,True
MAGHARIBI B,2020,10,25,415012.0,29.13,31.46,23.81,81.44,96.9,True
MAGHARIBI B,2020,11,1,415012.0,22.44,30.05,23.62,83.46,96.9,True
MAGHARIBI B,2020,11,8,415012.0,46.68,30.06,24.52,82.67,96.9,True
MAGHARIBI B,2020,11,15,415012.0,15.27,30.3,25.06,82.78,96.9,True
MAGHARIBI B,2020,11,22,415012.0,20.15,30.27,25.26,83.17,96.9,True
MAGHARIBI B,2020,11,30,415012.0,95.5,30.33,24.58,82.8,96.9,False
MAGHARIBI B,2020,12,1,415012.0,28.38,30.95,24.33,79.66,96.9,True
MAGHARIBI B,2020,12,6,415012.0,16.81,31.69,24.76,80.61,96.9,True
MAGHARIBI B,2020,12,13,415012.0,15.61,31.49,25.17,80.6,96.9,True
MAGHARIBI B,2020,12,20,415012.0,23.17,31.49,24.73,80.59,96.9,True
MAGHARIBI B,2020,12,27,415012.0,34.0,31.26,26.07,81.07,96.9,True
MAGHARIBI B,2021,1,1,878264.0,5.68,31.9,25.37,79.15,94.7,True
MAGHARIBI B,2021,1,3,878264.0,5.26,30.94,25.02,79.29,94.7,True
MAGHARIBI B,2021,1,10,878264.0,2.57,30.22,24.78,78.94,94.7,True
MAGHARIBI B,2021,1,17,878264.0,0.0,32.1,24.7,78.54,94.7,True
MAGHARIBI B,2021,1,24,878264.0,5.39,32.01,24.69,79.36,94.7,True
MAGHARIBI B,2021,1,31,878264.0,11.51,29.39,23.94,78.55,94.7,False
MAGHARIBI B,2021,2,1,878264.0,3.41,31.96,24.69,78.38,94.7,True
MAGHARIBI B,2021,2,7,878264.0,6.17,30.81,24.79,78.73,94.7,True
MAGHARIBI B,2021,2,14,878264.0,5.52,31.14,24.9,78.27,94.7,True
MAGHARIBI B,2021,2,21,878264.0,4.58,31.28,24.85,77.69,94.7,True
MAGHARIBI B,2021,2,28,878264.0,15.5,30.99,24.86,77.1,94.7,False
MAGHARIBI B,2021,3,1,878264.0,0.0,33.5,25.47,77.42,94.7,True
MAGHARIBI B,2021,3,7,878264.0,0.41,32.9,24.52,77.02,94.7,True
MAGHARIBI B,2021,3,14,878264.0,7.48,32.05,24.28,77.49,94.7,True
MAGHARIBI B,2021,3,21,878264.0,8.74,32.12,24.69,77.33,94.7,True
MAGHARIBI B,2021,3,28,878264.0,3.09,31.67,23.94,76.71,94.7,True
MAGHARIBI B,2021,4,1,878264.0,7.64,31.98,25.03,85.49,94.7,True
MAGHARIBI B,2021,4,4,878264.0,18.73,30.46,25.01,83.14,94.7,True
MAGHARIBI B,2021,4,11,878264.0,40.43,29.64,24.54,84.37,94.7,True
MAGHARIBI B,2021,4,18,878264.0,35.04,29.44,24.8,84.16,94.7,True
MAGHARIBI B,2021,4,25,878264.0,35.76,31.26,25.44,84.55,94.7,True
MAGHARIBI B,2021,5,1,878264.0,37.14,28.89,24.43,78.0,94.7,False
MAGHARIBI B,2021,5,2,878264.0,36.85,28.07,24.73,79.46,94.7,True
MAGHARIBI B,2021,5,9,878264.0,0.0,31.04,25.16,77.73,94.7,True
MAGHARIBI B,2021,5,16,878264.0,0.0,31.06,24.83,78.34,94.7,True
MAGHARIBI B,2021,5,23,878264.0,0.0,30.23,25.26,78.64,94.7,True
MAGHARIBI B,2021,5,30,878264.0,0.0,28.68,25.13,77.86,94.7,True
MAGHARIBI B,2021,6,1,878264.0,21.18,30.11,23.74,75.04,94.7,True
MAGHARIBI B,2021,6,6,878264.0,8.96,29.67,23.87,75.11,94.7,True
MAGHARIBI B,2021,6,13,878264.0,3.18,28.8,23.75,74.54,94.7,True
MAGHARIBI B,2021,6,20,878264.0,2.42,28.64,22.74,74.57,94.7,True
MAGHARIBI B,2021,6,27,878264.0,6.18,28.83,22.99,75.82,94.7,True
MAGHARIBI B,2021,7,1,878264.0,0.0,30.23,23.09,73.4,94.7,True
MAGHARIBI B,2021,7,4,878264.0,3.42,28.78,23.72,73.19,94.7,True
MAGHARIBI B,2021,7,11,878264.0,7.64,28.56,23.55,73.04,94.7,True
MAGHARIBI B,2021,7,19,878264.0,0.0,29.28,24.14,73.74,94.7,True
MAGHARIBI B,2021,7,25,878264.0,1.48,28.35,23.65,73.32,94.7,True
MAGHARIBI B,2021,8,1,878264.0,0.0,28.9,22.82,76.15,94.7,True
MAGHARIBI B,2021,8,9,878264.0,1.16,28.82,21.72,75.78,94.7,True
MAGHARIBI B,2021,8,15,878264.0,3.56,28.68,23.0,76.08,94.7,True
MAGHARIBI B,2021,8,22,878264.0,2.62,29.36,22.13,76.09,94.7,True
MAGHARIBI B,2021,8,29,878264.0,1.76,27.95,22.07,77.63,94.7,False
MAGHARIBI B,2021,9,1,878264.0,0.0,30.18,23.75,75.64,94.7,False
MAGHARIBI B,2021,9,5,878264.0,0.95,28.36,23.37,75.14,94.7,True
MAGHARIBI B,2021,9,12,878264.0,2.23,29.08,23.03,74.96,94.7,True
MAGHARIBI B,2021,9,19,878264.0,0.63,28.97,23.33,74.66,94.7,True
MAGHARIBI B,2021,9,26,878264.0,3.32,29.95,23.33,74.95,94.7,True
MAGHARIBI B,2021,10,1,878264.0,0.0,32.38,22.8,73.5,94.7,False
MAGHARIBI B,2021,10,3,878264.0,0.08,30.07,22.95,75.84,94.7,True
MAGHARIBI B,2021,10,10,878264.0,2.43,30.0,23.55,74.77,94.7,True
MAGHARIBI B,2021,10,17,878264.0,6.9,29.79,22.67,76.01,94.7,True
MAGHARIBI B,2021,10,24,878264.0,0.92,30.92,23.18,75.66,94.7,True
MAGHARIBI B,2021,10,31,878264.0,0.12,30.08,23.18,76.0,94.7,False
MAGHARIBI B,2021,11,1,878264.0,0.0,31.86,24.73,77.44,94.7,True
MAGHARIBI B,2021,11,7,878264.0,0.44,31.8,24.2,78.05,94.7,True
MAGHARIBI B,2021,11,14,878264.0,0.36,31.91,23.54,77.89,94.7,True
MAGHARIBI B,2021,11,21,878264.0,1.74,31.7,24.05,76.54,94.7,True
MAGHARIBI B,2021,11,29,878264.0,6.53,32.17,25.85,78.76,94.7,False
MAGHARIBI B,2021,12,1,878264.0,47.75,31.45,24.65,81.61,94.7,False
MAGHARIBI B,2021,12,5,878264.0,40.88,30.65,25.2,79.86,94.7,True
MAGHARIBI B,2021,12,12,878264.0,32.7,31.47,24.3,80.57,94.7,True
MAGHARIBI B,2021,12,19,878264.0,32.61,31.04,24.63,80.45,94.7,True
MAGHARIBI B,2021,12,26,878264.0,36.91,31.52,24.53,81.32,94.7,True
MAGHARIBI B,2022,1,1,388344.4,0.0,33.7,24.28,78.9,97.8,False
MAGHARIBI B,2022,1,2,388344.4,0.0,32.11,25.98,78.1,97.8,True
MAGHARIBI B,2022,1,9,388344.4,29.65,32.58,26.2,78.8,97.8,True
MAGHARIBI B,2022,1,16,388344.4,1.84,32.64,25.39,78.17,97.8,True
MAGHARIBI B,2022,1,23,388344.4,0.26,30.89,24.38,78.12,97.8,True
MAGHARIBI B,2022,1,30,388344.4,0.0,30.68,24.92,78.71,97.8,False
MAGHARIBI B,2022,2,1,388344.4,29.14,31.55,24.63,80.68,97.8,True
MAGHARIBI B,2022,2,6,388344.4,13.97,32.21,24.37,79.97,97.8,True
MAGHARIBI B,2022,2,14,388344.4,3.72,31.92,25.65,79.05,97.8,True
MAGHARIBI B,2022,2,20,388344.4,0.03,31.79,24.99,80.02,97.8,True
MAGHARIBI B,2022,2,27,388344.4,0.0,31.34,24.6,81.1,97.8,False
MAGHARIBI B,2022,3,1,388344.4,0.0,33.88,24.62,77.59,97.8,True
MAGHARIBI B,2022,3,6,388344.4,0.0,32.81,24.84,76.91,97.8,True
MAGHARIBI B,2022,3,13,388344.4,8.38,32.51,25.06,77.97,97.8,True
MAGHARIBI B,2022,3,20,388344.4,30.16,31.54,25.92,76.81,97.8,True
MAGHARIBI B,2022,3,28,388344.4,18.69,32.72,25.48,77.55,97.8,True
MAGHARIBI B,2022,4,1,388344.4,1.54,32.22,26.43,83.42,97.8,False
MAGHARIBI B,2022,4,3,388344.4,1.42,32.17,25.18,84.04,97.8,True
MAGHARIBI B,2022,4,10,388344.4,2.77,31.09,25.67,83.89,97.8,True
MAGHARIBI B,2022,4,17,388344.4,80.51,30.18,24.54,84.04,97.8,True
MAGHARIBI B,2022,4,24,388344.4,59.63,30.6,24.72,82.36,97.8,True
MAGHARIBI B,2022,5,1,388344.4,18.05,29.83,24.45,81.33,97.8,True
MAGHARIBI B,2022,5,8,388344.4,16.49,30.36,25.08,80.35,97.8,True
MAGHARIBI B,2022,5,15,388344.4,3.27,30.62,25.88,81.92,97.8,True
MAGHARIBI B,2022,5,22,388344.4,3.13,31.29,25.87,81.09,97.8,True
MAGHARIBI B,2022,5,29,388344.4,6.7,30.2,25.88,81.08,97.8,True
MAGHARIBI B,2022,6,1,388344.4,1.6,30.8,23.46,79.87,97.8,True
MAGHARIBI B,2022,6,5,388344.4,4.09,28.97,23.99,78.7,97.8,True
MAGHARIBI B,2022,6,12,388344.4,6.77,29.34,24.27,80.22,97.8,True
MAGHARIBI B,2022,6,19,388344.4,0.0,29.29,24.26,80.1,97.8,True
MAGHARIBI B,2022,6,26,388344.4,0.0,28.57,24.5,79.95,97.8,True
MAGHARIBI B,2022,7,1,388344.4,8.37,29.65,22.74,81.38,97.8,False
MAGHARIBI B,2022,7,3,388344.4,8.37,27.72,22.91,81.1,97.8,True
MAGHARIBI B,2022,7,10,388344.4,0.8,28.21,22.46,79.87,97.8,True
MAGHARIBI B,2022,7,17,388344.4,2.33,27.86,22.86,80.14,97.8,True
MAGHARIBI B,2022,7,24,388344.4,4.31,28.75,21.18,81.49,97.8,False
MAGHARIBI B,2022,7,31,388344.4,7.6,27.2,23.68,81.15,97.8,False
MAGHARIBI B,2022,8,1,388344.4,1.29,28.26,21.69,78.48,97.8,True
MAGHARIBI B,2022,8,7,388344.4,0.67,28.05,22.14,79.43,97.8,True
MAGHARIBI B,2022,8,14,388344.4,0.51,27.71,22.57,79.9,97.8,True
MAGHARIBI B,2022,8,21,388344.4,0.21,29.12,20.66,79.31,97.8,True
MAGHARIBI B,2022,8,28,388344.4,0.17,27.37,21.93,79.78,97.8,True
MAGHARIBI B,2022,9,1,388344.4,0.0,30.25,21.6,75.24,97.8,False
MAGHARIBI B,2022,9,5,388344.4,0.42,28.7,22.16,75.15,97.8,True
MAGHARIBI B,2022,9,11,388344.4,1.65,29.24,21.36,75.01,97.8,True
MAGHARIBI B,2022,9,19,388344.4,1.08,30.1,22.85,74.5,97.8,True
MAGHARIBI B,2022,9,26,388344.4,5.89,30.68,23.41,75.08,97.8,True
MAGHARIBI B,2022,10,2,388344.4,1.86,30.29,23.01,72.73,97.8,False
MAGHARIBI B,2022,10,10,388344.4,0.0,29.35,22.97,73.1,97.8,False
MAGHARIBI B,2022,10,17,388344.4,3.64,30.75,22.77,73.64,97.8,True
MAGHARIBI B,2022,10,23,388344.4,11.52,29.72,23.34,72.84,97.8,True
MAGHARIBI B,2022,10,30,388344.4,17.01,28.87,22.49,73.2,97.8,False
MAGHARIBI B,2022,11,3,388344.4,7.99,30.83,23.49,74.32,97.8,False
MAGHARIBI B,2022,11,6,388344.4,63.74,31.03,23.89,75.21,97.8,False
MAGHARIBI B,2022,11,13,388344.4,66.51,30.68,24.48,75.18,97.8,True
MAGHARIBI B,2022,11,20,388344.4,42.94,30.28,24.26,76.64,97.8,True
MAGHARIBI B,2022,11,28,388344.4,12.5,30.76,24.14,75.42,97.8,False
MAGHARIBI B,2022,12,1,388344.4,0.0,32.11,24.84,78.61,97.8,False
MAGHARIBI B,2022,12,5,388344.4,0.0,31.52,24.93,77.78,97.8,False
MAGHARIBI B,2022,12,11,388344.4,30.54,32.05,23.95,78.58,97.8,True
MAGHARIBI B,2022,12,18,388344.4,25.85,31.94,25.2,77.54,97.8,True
MAGHARIBI B,2022,12,25,388344.4,32.28,31.49,25.77,77.27,97.8,True
MAGHARIBI B,2023,1,1,248000.0,1.75,31.99,26.56,78.7,94.0,True
MAGHARIBI B,2023,1,8,248000.0,32.27,31.61,26.07,78.15,94.0,True
MAGHARIBI B,2023,1,15,248000.0,8.87,31.99,25.06,77.56,94.0,True
MAGHARIBI B,2023,1,22,248000.0,0.34,32.35,25.36,78.55,94.0,True
MAGHARIBI B,2023,1,29,248000.0,0.0,30.15,25.97,78.03,94.0,True
MAGHARIBI B,2023,2,1,248000.0,0.0,33.3,24.52,76.19,94.0,True
MAGHARIBI B,2023,2,5,248000.0,0.98,32.16,24.86,74.9,94.0,True
MAGHARIBI B,2023,2,12,248000.0,3.2,31.77,24.61,75.54,94.0,True
MAGHARIBI B,2023,2,19,248000.0,0.05,32.12,25.56,75.11,94.0,True
MAGHARIBI B,2023,2,27,248000.0,0.0,31.37,23.67,74.23,94.0,True
MAGHARIBI B,2023,3,1,248000.0,0.0,34.21,25.01,75.98,94.0,True
MAGHARIBI B,2023,3,6,248000.0,0.0,33.42,24.82,77.1,94.0,True
MAGHARIBI B,2023,3,12,248000.0,11.09,31.96,25.99,76.29,94.0,True
MAGHARIBI B,2023,3,19,248000.0,31.93,31.73,25.4,76.12,94.0,True
MAGHARIBI B,2023,3,26,248000.0,15.4,31.09,24.66,75.98,94.0,True
MAGHARIBI B,2023,4,1,248000.0,26.25,32.17,25.45,86.65,94.0,False
MAGHARIBI B,2023,4,3,248000.0,24.58,31.79,25.7,86.44,94.0,False
MAGHARIBI B,2023,4,9,248000.0,2.96,31.47,25.5,86.13,94.0,True
MAGHARIBI B,2023,4,16,248000.0,79.64,28.91,24.63,86.9,94.0,True
MAGHARIBI B,2023,4,23,248000.0,48.29,29.61,25.03,85.82,94.0,True
MAGHARIBI B,2023,4,30,248000.0,72.52,28.66,24.68,86.1,94.0,False
MAGHARIBI B,2023,5,1,248000.0,35.68,30.51,24.57,82.66,94.0,True
MAGHARIBI B,2023,5,7,248000.0,23.97,30.46,25.15,82.65,94.0,True
MAGHARIBI B,2023,5,14,248000.0,7.03,31.1,25.47,82.68,94.0,True
MAGHARIBI B,2023,5,21,248000.0,2.18,30.37,24.68,82.41,94.0,True
MAGHARIBI B,2023,5,28,248000.0,5.16,29.48,24.1,82.75,94.0,True
MAGHARIBI B,2023,6,1,248000.0,54.18,28.92,24.24,82.37,94.0,True
MAGHARIBI B,2023,6,4,248000.0,34.97,29.62,23.81,81.9,94.0,True
MAGHARIBI B,2023,6,11,248000.0,10.01,29.67,23.92,82.43,94.0,True
MAGHARIBI B,2023,6,18,248000.0,0.0,29.78,23.57,82.67,94.0,True
MAGHARIBI B,2023,6,25,248000.0,0.0,29.57,23.47,81.83,94.0,True
MAGHARIBI B,2023,7,1,248000.0,27.95,28.44,23.65,84.75,94.0,False
MAGHARIBI B,2023,7,2,248000.0,23.73,28.43,23.96,83.6,94.0,True
MAGHARIBI B,2023,7,9,248000.0,0.86,28.93,23.05,84.37,94.0,True
MAGHARIBI B,2023,7,16,248000.0,2.31,29.76,23.23,83.57,94.0,True
MAGHARIBI B,2023,7,23,248000.0,3.47,28.92,23.3,83.95,94.0,True
MAGHARIBI B,2023,7,30,248000.0,6.87,28.76,23.24,83.06,94.0,True
MAGHARIBI B,2023,8,1,248000.0,1.44,29.38,23.49,82.78,94.0,True
MAGHARIBI B,2023,8,6,248000.0,1.13,28.93,23.47,82.09,94.0,True
MAGHARIBI B,2023,8,13,248000.0,0.45,29.13,22.89,81.65,94.0,True
MAGHARIBI B,2023,8,20,248000.0,0.2,30.15,22.36,80.2,94.0,True
MAGHARIBI B,2023,8,27,248000.0,0.19,29.45,23.21,81.14,94.0,True
MAGHARIBI B,2023,9,1,248000.0,0.0,31.14,21.24,76.88,94.0,True
MAGHARIBI B,2023,9,3,248000.0,0.35,30.13,22.31,76.77,94.0,True
MAGHARIBI B,2023,9,10,248000.0,1.64,29.95,21.85,77.27,94.0,True
MAGHARIBI B,2023,9,17,248000.0,0.99,30.74,21.4,76.8,94.0,True
MAGHARIBI B,2023,9,24,248000.0,6.41,30.51,23.37,76.78,94.0,True
MAGHARIBI B,2023,10,1,248000.0,5.52,30.81,24.49,74.55,94.0,True
MAGHARIBI B,2023,10,8,248000.0,0.95,31.14,24.02,75.53,94.0,True
MAGHARIBI B,2023,10,15,248000.0,2.06,31.32,24.44,74.55,94.0,True
MAGHARIBI B,2023,10,22,248000.0,12.24,31.31,24.73,75.76,94.0,True
MAGHARIBI B,2023,10,29,248000.0,20.93,31.85,24.31,75.21,94.0,True
MAGHARIBI B,2023,11,1,248000.0,252.41,27.77,24.3,83.15,94.0,True
MAGHARIBI B,2023,11,5,248000.0,189.5,29.35,24.58,82.92,94.0,True
MAGHARIBI B,2023,11,12,248000.0,75.76,29.89,24.39,82.39,94.0,True
MAGHARIBI B,2023,11,19,248000.0,58.86,30.1,24.75,82.58,94.0,True
MAGHARIBI B,2023,11,26,248000.0,18.56,30.41,24.31,82.81,94.0,True
MAGHARIBI B,2023,12,1,248000.0,28.59,31.28,23.86,81.44,94.0,True
MAGHARIBI B,2023,12,3,248000.0,27.18,31.24,24.7,81.25,94.0,True
MAGHARIBI B,2023,12,10,248000.0,30.32,31.17,24.96,81.39,94.0,True
MAGHARIBI B,2023,12,17,248000.0,24.85,32.14,25.03,80.6,94.0,True
MAGHARIBI B,2023,12,24,248000.0,30.99,31.49,25.6,80.87,94.0,True
MICHEWENI,2018,1,1,178072.0,0.72,33.22,26.22,90.78,95.0,True
MICHEWENI,2018,1,8,178072.0,0.49,33.01,25.4,89.49,95.0,True
MICHEWENI,2018,1,14,178072.0,0.08,32.5,25.17,89.88,95.0,True
MICHEWENI,2018,1,21,178072.0,0.0,32.38,25.42,89.46,95.0,True
MICHEWENI,2018,1,28,178072.0,0.0,32.08,25.4,90.65,95.0,True
MICHEWENI,2018,2,2,178072.0,0.0,32.85,24.47,90.1,95.0,False
MICHEWENI,2018,2,5,178072.0,0.91,32.1,25.11,89.92,95.0,True
MICHEWENI,2018,2,11,178072.0,1.5,31.27,25.1,89.87,95.0,True
MICHEWENI,2018,2,20,178072.0,3.15,32.35,25.12,88.72,95.0,True
MICHEWENI,2018,2,26,178072.0,4.54,33.15,25.79,90.7,95.0,False
MICHEWENI,2018,3,1,178072.0,10.47,32.92,24.48,91.7,95.0,False
MICHEWENI,2018,3,5,178072.0,11.43,33.38,25.14,90.8,95.0,False
MICHEWENI,2018,3,14,178072.0,0.18,31.99,24.89,96.5,95.0,False
MICHEWENI,2018,3,21,178072.0,3.65,33.9,25.04,91.05,95.0,False
MICHEWENI,2018,3,26,178072.0,10.51,33.66,26.03,93.2,95.0,False
MICHEWENI,2018,4,3,178072.0,10.75,31.91,24.86,93.38,95.0,False
MICHEWENI,2018,4,9,178072.0,16.05,29.87,24.35,95.84,95.0,False
MICHEWENI,2018,4,15,178072.0,14.93,31.36,24.56,94.01,95.0,False
MICHEWENI,2018,4,23,178072.0,14.93,30.92,24.81,93.1,95.0,False
MICHEWENI,2018,4,30,178072.0,20.36,31.99,25.77,93.4,95.0,False
MICHEWENI,2018,5,1,178072.0,19.39,29.5,24.81,95.81,95.0,False
MICHEWENI,2018,5,6,178072.0,14.4,30.08,24.5,93.04,95.0,True
MICHEWENI,2018,5,16,178072.0,13.84,30.18,24.42,95.53,95.0,False
MICHEWENI,2018,5,21,178072.0,16.05,29.44,24.36,95.22,95.0,True
MICHEWENI,2018,5,28,178072.0,28.8,29.99,24.02,93.31,95.0,False
MICHEWENI,2018,6,1,178072.0,1.02,30.38,24.08,88.4,95.0,False
MICHEWENI,2018,6,3,178072.0,1.12,30.29,24.97,88.31,95.0,False
MICHEWENI,2018,6,11,178072.0,7.51,29.27,23.85,87.98,95.0,False
MICHEWENI,2018,6,17,178072.0,6.86,28.5,23.73,88.38,95.0,True
MICHEWENI,2018,6,24,178072.0,1.93,29.47,23.55,88.3,95.0,True
MICHEWENI,2018,7,2,178072.0,1.73,30.34,24.03,86.9,95.0,True
MICHEWENI,2018,7,8,178072.0,0.37,29.62,23.63,85.89,95.0,True
MICHEWENI,2018,7,15,178072.0,2.02,28.9,23.24,84.82,95.0,False
MICHEWENI,2018,7,23,178072.0,2.08,28.5,23.93,86.79,95.0,False
MICHEWENI,2018,7,30,178072.0,1.17,29.9,23.37,86.85,95.0,False
MICHEWENI,2018,8,1,178072.0,0.91,29.33,23.26,83.6,95.0,False
MICHEWENI,2018,8,6,178072.0,0.84,29.62,22.85,83.26,95.0,True
MICHEWENI,2018,8,13,178072.0,0.64,28.89,22.55,84.34,95.0,True
MICHEWENI,2018,8,19,178072.0,0.44,29.78,23.9,87.14,95.0,False
MICHEWENI,2018,8,27,178072.0,0.5,29.32,23.18,84.79,95.0,False
MICHEWENI,2018,9,3,178072.0,1.13,29.19,23.04,84.72,95.0,False
MICHEWENI,2018,9,10,178072.0,0.72,29.73,23.21,82.08,95.0,False
MICHEWENI,2018,9,17,178072.0,0.52,29.24,22.64,85.52,95.0,False
MICHEWENI,2018,9,24,178072.0,0.12,30.34,22.89,82.92,95.0,False
MICHEWENI,2018,10,1,178072.0,0.0,29.89,23.34,87.82,95.0,False
MICHEWENI,2018,10,7,178072.0,0.0,30.26,23.49,88.49,95.0,False
MICHEWENI,2018,10,19,178072.0,0.53,29.32,23.26,88.6,95.0,False
MICHEWENI,2018,10,22,178072.0,0.51,29.71,23.27,88.5,95.0,False
MICHEWENI,2018,10,29,178072.0,4.4,30.51,24.86,87.6,95.0,False
MICHEWENI,2018,11,3,178072.0,6.22,32.29,24.39,93.1,95.0,False
MICHEWENI,2018,11,5,178072.0,5.09,32.57,24.71,96.45,95.0,False
MICHEWENI,2018,11,11,178072.0,2.33,31.13,24.43,92.86,95.0,False
MICHEWENI,2018,11,19,178072.0,2.1,31.06,24.95,94.09,95.0,False
MICHEWENI,2018,11,25,178072.0,0.0,32.22,24.4,93.45,95.0,False
MICHEWENI,2018,12,3,178072.0,0.0,32.2,24.1,92.78,95.0,True
MICHEWENI,2018,12,10,178072.0,0.0,32.37,24.65,93.8,95.0,True
MICHEWENI,2018,12,16,178072.0,0.86,32.0,24.69,94.16,95.0,True
MICHEWENI,2018,12,23,178072.0,0.68,32.56,25.27,93.36,95.0,True
MICHEWENI,2018,12,30,178072.0,0.58,32.64,25.54,92.45,95.0,False
MICHEWENI,2019,1,1,222374.0,0.0,33.09,27.15,89.92,95.2,True
MICHEWENI,2019,1,7,222374.0,0.0,33.08,25.73,87.23,95.2,False
MICHEWENI,2019,1,14,222374.0,0.0,32.23,25.47,87.7,95.2,False
MICHEWENI,2019,1,21,222374.0,0.0,32.51,25.71,88.82,95.2,False
MICHEWENI,2019,1,28,222374.0,0.0,32.2,25.86,89.82,95.2,False
MICHEWENI,2019,2,4,222374.0,0.0,30.74,25.24,88.45,95.2,True
MICHEWENI,2019,2,11,222374.0,0.0,31.53,24.66,89.54,95.2,True
MICHEWENI,2019,2,18,222374.0,0.0,31.45,25.12,87.82,95.2,False
MICHEWENI,2019,2,26,222374.0,6.57,32.97,25.51,85.53,95.2,False
MICHEWENI,2019,3,2,222374.0,0.0,33.15,25.1,91.2,95.2,False
MICHEWENI,2019,3,4,222374.0,0.0,33.53,24.08,91.88,95.2,False
MICHEWENI,2019,3,11,222374.0,0.0,34.84,24.6,91.62,95.2,False
MICHEWENI,2019,3,18,222374.0,0.0,34.61,24.3,93.7,95.2,False
MICHEWENI,2019,3,27,222374.0,23.33,35.36,24.31,92.9,95.2,False
MICHEWENI,2019,4,3,222374.0,17.56,32.41,25.23,94.37,95.2,False
MICHEWENI,2019,4,8,222374.0,18.57,31.31,24.52,93.77,95.2,False
MICHEWENI,2019,5,6,222374.0,43.03,29.85,24.45,93.06,95.2,False
MICHEWENI,2019,5,12,222374.0,63.48,28.8,24.75,94.25,95.2,True
MICHEWENI,2019,5,19,222374.0,18.19,30.02,25.29,94.33,95.2,False
MICHEWENI,2019,5,27,222374.0,5.86,30.59,24.94,94.69,95.2,False
MICHEWENI,2019,6,3,222374.0,7.44,29.92,24.75,84.8,95.2,False
MICHEWENI,2019,6,10,222374.0,0.0,30.0,24.4,85.39,95.2,False
MICHEWENI,2019,6,16,222374.0,7.35,29.25,23.76,86.93,95.2,False
MICHEWENI,2019,6,23,222374.0,2.15,29.65,23.87,86.28,95.2,True
MICHEWENI,2019,6,30,222374.0,1.04,29.6,24.39,85.0,95.2,False
MICHEWENI,2019,7,1,222374.0,13.65,29.9,23.66,88.7,95.2,True
MICHEWENI,2019,7,7,222374.0,10.09,29.47,23.49,89.38,95.2,True
MICHEWENI,2019,7,15,222374.0,4.11,29.42,24.55,87.94,95.2,True
MICHEWENI,2019,7,22,222374.0,0.99,27.99,21.64,85.3,95.2,False
MICHEWENI,2019,7,29,222374.0,0.9,28.41,22.75,88.92,95.2,True
MICHEWENI,2019,8,1,222374.0,0.0,31.04,22.36,92.3,95.2,False
MICHEWENI,2019,8,6,222374.0,0.0,29.11,22.46,90.9,95.2,False
MICHEWENI,2019,8,13,222374.0,7.77,28.44,23.0,89.53,95.2,False
MICHEWENI,2019,8,18,222374.0,23.78,30.79,22.88,89.92,95.2,False
MICHEWENI,2019,8,28,222374.0,0.27,29.67,23.34,90.85,95.2,False
MICHEWENI,2019,9,12,222374.0,1.18,29.35,23.61,88.77,95.2,False
MICHEWENI,2019,9,19,222374.0,0.15,30.94,24.16,89.3,95.2,False
MICHEWENI,2019,10,3,222374.0,1.41,29.57,24.44,92.8,95.2,False
MICHEWENI,2019,10,8,222374.0,1.71,29.07,24.13,96.1,95.2,False
MICHEWENI,2019,10,15,222374.0,23.49,28.53,24.01,94.93,95.2,False
MICHEWENI,2019,10,20,222374.0,0.54,29.97,24.29,93.86,95.2,False
MICHEWENI,2019,10,27,222374.0,1.19,30.08,24.91,93.9,95.2,False
MICHEWENI,2019,11,5,222374.0,5.96,30.39,24.84,92.6,95.2,True
MICHEWENI,2019,11,12,222374.0,12.63,30.43,24.78,92.7,95.2,False
MICHEWENI,2019,11,18,222374.0,3.81,31.15,25.51,95.42,95.2,False
MICHEWENI,2019,11,24,222374.0,29.61,31.7,24.51,93.74,95.2,True
MICHEWENI,2019,12,2,222374.0,13.84,31.52,23.15,93.93,95.2,True
MICHEWENI,2019,12,8,222374.0,27.91,32.95,24.84,92.18,95.2,True
MICHEWENI,2019,12,15,222374.0,15.66,31.69,24.38,92.52,95.2,True
MICHEWENI,2019,12,22,222374.0,21.18,32.66,24.73,93.67,95.2,True
MICHEWENI,2019,12,29,222374.0,43.59,31.84,25.6,93.87,95.2,True
MICHEWENI,2020,1,1,415012.0,7.9,34.34,26.38,86.5,96.9,False
MICHEWENI,2020,1,5,415012.0,5.98,32.29,25.73,85.74,96.9,True
MICHEWENI,2020,1,12,415012.0,0.0,32.0,25.31,86.45,96.9,True
MICHEWENI,2020,1,19,415012.0,0.0,30.69,26.04,86.62,96.9,True
MICHEWENI,2020,1,26,415012.0,0.0,30.94,26.55,86.13,96.9,True
MICHEWENI,2020,2,1,415012.0,0.0,34.58,24.91,94.7,96.9,False
MICHEWENI,2020,2,2,415012.0,0.0,34.15,24.37,93.22,96.9,True
MICHEWENI,2020,2,9,415012.0,6.1,32.03,24.79,94.14,96.9,True
MICHEWENI,2020,2,16,415012.0,0.54,31.59,25.43,92.59,96.9,True
MICHEWENI,2020,2,23,415012.0,24.6,32.7,25.85,93.49,96.9,True
MICHEWENI,2020,3,2,415012.0,0.0,32.29,25.58,93.61,96.9,True
MICHEWENI,2020,3,9,415012.0,0.0,32.12,24.82,93.24,96.9,True
MICHEWENI,2020,3,15,415012.0,0.0,31.45,25.79,94.09,96.9,False
MICHEWENI,2020,3,22,415012.0,0.24,31.56,25.43,93.32,96.9,True
MICHEWENI,2020,3,29,415012.0,0.58,31.58,25.47,93.22,96.9,True
MICHEWENI,2020,4,1,415012.0,29.64,32.69,25.84,85.82,96.9,True
MICHEWENI,2020,4,5,415012.0,35.89,31.68,25.34,85.35,96.9,True
MICHEWENI,2020,4,12,415012.0,46.59,29.36,24.92,84.23,96.9,True
MICHEWENI,2020,4,19,415012.0,28.88,28.87,24.23,85.33,96.9,True
MICHEWENI,2020,4,26,415012.0,49.48,29.23,24.65,83.79,96.9,True
MICHEWENI,2020,5,1,415012.0,45.02,29.86,25.13,91.0,96.9,False
MICHEWENI,2020,5,3,415012.0,44.07,29.42,25.33,90.38,96.9,False
MICHEWENI,2020,5,11,415012.0,112.36,29.0,24.67,92.85,96.9,True
MICHEWENI,2020,5,17,415012.0,45.48,29.91,24.38,91.17,96.9,False
MICHEWENI,2020,5,24,415012.0,158.17,30.35,24.14,91.3,96.9,False
MICHEWENI,2020,6,1,415012.0,3.98,30.02,24.43,88.14,96.9,False
MICHEWENI,2020,6,8,415012.0,1.12,30.28,24.66,86.43,96.9,False
MICHEWENI,2020,6,15,415012.0,5.8,30.34,23.71,86.81,96.9,True
MICHEWENI,2020,6,22,415012.0,1.4,29.98,24.68,86.84,96.9,True
MICHEWENI,2020,6,28,415012.0,0.0,28.24,23.96,87.8,96.9,True
MICHEWENI,2020,7,1,415012.0,3.62,30.27,23.76,80.1,96.9,False
MICHEWENI,2020,7,6,415012.0,0.68,29.15,23.72,81.04,96.9,True
MICHEWENI,2020,7,13,415012.0,0.0,29.12,23.28,80.07,96.9,False
MICHEWENI,2020,7,21,415012.0,14.6,27.64,22.93,81.11,96.9,False
MICHEWENI,2020,7,27,415012.0,0.0,28.61,23.98,80.16,96.9,True
MICHEWENI,2020,8,3,415012.0,15.33,28.36,23.74,84.33,96.9,False
MICHEWENI,2020,8,10,415012.0,0.0,28.75,22.13,87.29,96.9,False
MICHEWENI,2020,8,16,415012.0,0.0,29.19,22.93,84.91,96.9,False
MICHEWENI,2020,8,24,415012.0,6.21,29.02,21.88,85.27,96.9,True
MICHEWENI,2020,8,31,415012.0,15.33,28.48,24.06,86.1,96.9,False
MICHEWENI,2020,9,1,415012.0,0.0,30.39,23.11,86.17,96.9,False
MICHEWENI,2020,9,7,415012.0,8.8,29.18,23.19,87.45,96.9,False
MICHEWENI,2020,9,14,415012.0,1.53,31.03,22.82,89.09,96.9,False
MICHEWENI,2020,9,21,415012.0,2.26,28.43,22.44,88.81,96.9,False
MICHEWENI,2020,9,30,415012.0,17.19,28.77,22.23,86.8,96.9,False
MICHEWENI,2020,10,1,415012.0,19.09,30.74,25.04,90.98,96.9,False
MICHEWENI,2020,10,4,415012.0,22.11,30.9,23.06,90.49,96.9,False
MICHEWENI,2020,10,11,415012.0,55.4,31.11,23.39,88.65,96.9,False
MICHEWENI,2020,10,18,415012.0,32.08,31.04,23.25,90.23,96.9,False
MICHEWENI,2020,11,1,415012.0,7.29,30.19,24.57,91.48,96.9,False
MICHEWENI,2020,11,14,415012.0,42.32,29.62,23.18,92.2,96.9,False
MICHEWENI,2020,11,16,415012.0,9.05,30.44,24.9,90.37,96.9,False
MICHEWENI,2020,11,26,415012.0,30.61,30.78,24.94,89.0,96.9,False
MICHEWENI,2020,11,30,415012.0,67.91,30.92,23.82,89.8,96.9,False
MICHEWENI,2020,12,2,415012.0,37.95,32.03,24.25,88.6,96.9,False
MICHEWENI,2020,12,7,415012.0,22.75,31.82,24.66,89.9,96.9,False
MICHEWENI,2020,12,13,415012.0,15.42,31.73,24.63,89.85,96.9,False
MICHEWENI,2020,12,23,415012.0,11.34,31.35,25.74,91.96,96.9,False
MICHEWENI,2020,12,28,415012.0,0.0,31.89,25.83,91.3,96.9,False
MICHEWENI,2021,1,1,878264.0,0.0,31.21,25.74,89.3,94.7,False
MICHEWENI,2021,1,5,878264.0,0.0,30.72,24.5,88.55,94.7,False
MICHEWENI,2021,1,10,878264.0,0.0,30.37,24.8,89.82,94.7,False
MICHEWENI,2021,1,18,878264.0,0.0,32.7,24.04,90.28,94.7,False
MICHEWENI,2021,1,24,878264.0,4.52,33.22,25.28,88.77,94.7,False
MICHEWENI,2021,2,1,878264.0,0.0,32.61,24.7,89.43,94.7,False
MICHEWENI,2021,2,8,878264.0,0.0,30.96,24.41,89.48,94.7,False
MICHEWENI,2021,2,14,878264.0,0.0,30.96,25.13,90.75,94.7,False
MICHEWENI,2021,2,22,878264.0,0.0,30.93,24.72,86.73,94.7,False
MICHEWENI,2021,3,1,878264.0,3.57,33.36,25.75,66.4,94.7,False
MICHEWENI,2021,3,15,878264.0,4.3,31.4,24.38,68.75,94.7,False
MICHEWENI,2021,3,29,878264.0,73.5,31.1,25.09,68.12,94.7,False
MICHEWENI,2021,4,12,878264.0,41.91,29.98,25.18,85.13,94.7,False
MICHEWENI,2021,4,19,878264.0,48.52,28.99,24.79,84.9,94.7,False
MICHEWENI,2021,4,25,878264.0,84.61,31.62,25.49,84.98,94.7,False
MICHEWENI,2021,5,3,878264.0,160.72,29.04,23.49,85.8,94.7,False
MICHEWENI,2021,5,15,878264.0,157.27,28.48,24.98,84.3,94.7,False
MICHEWENI,2021,5,16,878264.0,78.72,30.52,25.0,87.04,94.7,False
MICHEWENI,2021,5,24,878264.0,68.21,30.58,24.13,88.63,94.7,False
MICHEWENI,2021,5,30,878264.0,87.82,29.42,24.43,86.3,94.7,False
MICHEWENI,2021,6,1,878264.0,5.54,30.03,24.21,83.83,94.7,False
MICHEWENI,2021,6,12,878264.0,7.44,29.74,24.73,84.6,94.7,False
MICHEWENI,2021,6,14,878264.0,18.67,28.61,23.24,85.58,94.7,False
MICHEWENI,2021,6,20,878264.0,20.49,29.79,22.39,85.61,94.7,False
MICHEWENI,2021,6,27,878264.0,29.56,28.49,22.77,84.38,94.7,True
MICHEWENI,2021,7,1,878264.0,4.33,29.56,23.18,86.0,94.7,False
MICHEWENI,2021,7,7,878264.0,2.92,29.4,24.07,82.64,94.7,False
MICHEWENI,2021,7,11,878264.0,2.11,28.09,23.83,81.66,94.7,False
MICHEWENI,2021,7,19,878264.0,0.0,29.4,23.56,81.85,94.7,False
MICHEWENI,2021,8,2,878264.0,12.86,28.29,23.33,85.33,94.7,False
MICHEWENI,2021,8,8,878264.0,1.03,29.0,22.17,88.33,94.7,False
MICHEWENI,2021,8,16,878264.0,4.57,28.44,21.82,85.39,94.7,False
MICHEWENI,2021,8,23,878264.0,2.62,29.27,22.44,85.95,94.7,False
MICHEWENI,2021,8,29,878264.0,0.0,27.61,21.66,85.56,94.7,False
MICHEWENI,2021,9,1,878264.0,0.0,30.44,23.33,85.6,94.7,False
MICHEWENI,2021,9,13,878264.0,2.36,28.5,22.87,85.14,94.7,False
MICHEWENI,2021,9,23,878264.0,7.25,27.65,23.72,83.1,94.7,False
MICHEWENI,2021,10,4,878264.0,0.66,30.55,23.85,88.57,94.7,False
MICHEWENI,2021,10,11,878264.0,0.0,31.51,24.31,90.31,94.7,False
MICHEWENI,2021,10,18,878264.0,0.0,29.94,23.72,87.7,94.7,False
MICHEWENI,2021,10,26,878264.0,59.63,31.88,22.53,88.07,94.7,False
MICHEWENI,2021,10,31,878264.0,112.06,30.45,22.72,86.5,94.7,False
MICHEWENI,2021,11,3,878264.0,34.22,32.98,23.57,89.9,94.7,False
MICHEWENI,2021,11,8,878264.0,32.63,31.18,24.54,91.28,94.7,False
MICHEWENI,2021,11,18,878264.0,6.29,33.14,24.23,88.0,94.7,False
MICHEWENI,2021,11,23,878264.0,7.39,31.28,24.14,89.34,94.7,False
MICHEWENI,2021,11,29,878264.0,26.63,31.69,25.67,86.8,94.7,False
MICHEWENI,2021,12,2,878264.0,28.85,30.67,25.66,92.1,94.7,False
MICHEWENI,2021,12,13,878264.0,55.26,31.08,24.58,93.02,94.7,False
MICHEWENI,2021,12,19,878264.0,0.95,31.25,25.03,92.74,94.7,False
MICHEWENI,2021,12,27,878264.0,0.0,31.84,25.02,90.77,94.7,False
MICHEWENI,2022,1,4,388344.4,0.0,33.37,25.24,77.4,97.8,False
MICHEWENI,2022,1,9,388344.4,0.0,32.5,26.09,75.28,97.8,False
MICHEWENI,2022,1,16,388344.4,11.96,32.82,24.23,75.6,97.8,False
MICHEWENI,2022,1,24,388344.4,3.79,31.8,24.3,76.41,97.8,False
MICHEWENI,2022,2,1,388344.4,0.0,31.75,24.52,78.0,97.8,False
MICHEWENI,2022,2,6,388344.4,0.0,31.14,24.49,76.74,97.8,False
MICHEWENI,2022,2,13,388344.4,2.23,31.24,24.99,76.64,97.8,False
MICHEWENI,2022,2,22,388344.4,14.53,31.99,24.55,78.14,97.8,False
MICHEWENI,2022,2,28,388344.4,0.5,31.23,25.16,75.4,97.8,False
MICHEWENI,2022,3,1,388344.4,0.0,33.51,25.51,68.28,97.8,False
MICHEWENI,2022,3,7,388344.4,0.0,32.8,25.06,68.77,97.8,False
MICHEWENI,2022,3,13,388344.4,0.0,33.04,26.2,70.17,97.8,False
MICHEWENI,2022,3,21,388344.4,11.67,32.28,25.55,70.09,97.8,False
MICHEWENI,2022,3,28,388344.4,23.41,32.33,25.74,71.57,97.8,False
MICHEWENI,2022,4,1,388344.4,25.78,32.44,25.63,81.82,97.8,False
MICHEWENI,2022,4,4,388344.4,25.4,32.08,24.93,79.38,97.8,False
MICHEWENI,2022,4,11,388344.4,6.13,31.32,25.62,80.24,97.8,False
MICHEWENI,2022,4,17,388344.4,143.13,29.95,24.6,79.98,97.8,False
MICHEWENI,2022,4,25,388344.4,82.59,29.8,24.92,80.67,97.8,False
MICHEWENI,2022,5,1,388344.4,74.36,29.24,24.55,86.61,97.8,False
MICHEWENI,2022,5,9,388344.4,4.38,30.77,26.23,85.35,97.8,False
MICHEWENI,2022,5,19,388344.4,27.05,32.17,25.26,83.0,97.8,False
MICHEWENI,2022,5,23,388344.4,8.02,31.8,26.25,86.28,97.8,False
MICHEWENI,2022,5,30,388344.4,9.8,30.57,25.51,84.48,97.8,False
MICHEWENI,2022,6,1,388344.4,30.99,30.37,23.58,9.71,97.8,True
MICHEWENI,2022,6,6,388344.4,24.05,28.37,23.99,8.33,97.8,False
MICHEWENI,2022,6,12,388344.4,11.25,29.57,24.52,8.87,97.8,False
MICHEWENI,2022,6,19,388344.4,11.61,29.29,25.12,9.35,97.8,False
MICHEWENI,2022,6,26,388344.4,9.04,29.9,25.05,8.1,97.8,False
MICHEWENI,2022,7,6,388344.4,23.41,28.22,22.79,93.95,97.8,False
MICHEWENI,2022,7,11,388344.4,25.65,28.25,22.44,94.53,97.8,False
MICHEWENI,2022,7,18,388344.4,5.06,28.46,21.91,94.36,97.8,False
MICHEWENI,2022,7,24,388344.4,1.37,28.37,22.97,93.29,97.8,False
MICHEWENI,2022,8,1,388344.4,0.0,27.89,21.94,89.8,97.8,False
MICHEWENI,2022,8,9,388344.4,3.85,29.03,21.83,89.7,97.8,False
MICHEWENI,2022,8,26,388344.4,6.33,29.21,22.64,90.7,97.8,False
MICHEWENI,2022,8,30,388344.4,9.76,27.51,21.92,89.77,97.8,False
MICHEWENI,2022,9,8,388344.4,0.0,27.83,21.62,88.6,97.8,False
MICHEWENI,2022,9,12,388344.4,0.0,29.62,21.76,87.82,97.8,False
MICHEWENI,2022,9,18,388344.4,0.43,31.38,23.09,88.5,97.8,False
MICHEWENI,2022,10,8,388344.4,0.74,28.86,23.05,89.1,97.8,False
MICHEWENI,2022,10,17,388344.4,8.58,30.54,21.6,89.8,97.8,False
MICHEWENI,2022,10,27,388344.4,6.82,31.1,23.34,88.7,97.8,False
MICHEWENI,2022,11,1,388344.4,6.54,30.37,23.43,92.75,97.8,False
MICHEWENI,2022,11,10,388344.4,17.95,31.51,24.16,93.65,97.8,False
MICHEWENI,2022,11,13,388344.4,15.57,30.36,24.92,94.9,97.8,False
MICHEWENI,2022,11,21,388344.4,23.57,30.0,24.39,92.49,97.8,False
MICHEWENI,2022,12,5,388344.4,0.0,31.62,24.26,91.15,97.8,False
MICHEWENI,2022,12,11,388344.4,12.35,32.02,23.41,94.69,97.8,False
MICHEWENI,2022,12,18,388344.4,5.43,32.98,25.09,94.6,97.8,False
MICHEWENI,2022,12,27,388344.4,2.04,30.3,25.79,93.1,97.8,False
MICHEWENI,2023,1,3,248000.0,3.1,32.23,26.01,85.0,94.0,False
MICHEWENI,2023,1,9,248000.0,1.75,30.88,26.57,87.6,94.0,False
MICHEWENI,2023,1,15,248000.0,1.51,31.53,24.41,87.87,94.0,False
MICHEWENI,2023,1,23,248000.0,0.24,32.43,25.34,87.54,94.0,False
MICHEWENI,2023,1,31,248000.0,0.0,30.72,25.52,87.8,94.0,False
MICHEWENI,2023,2,1,248000.0,0.0,32.44,25.22,91.0,94.0,False
MICHEWENI,2023,2,6,248000.0,0.0,32.01,25.08,90.54,94.0,False
MICHEWENI,2023,2,15,248000.0,0.0,31.59,25.3,89.6,94.0,False
MICHEWENI,2023,2,20,248000.0,0.0,32.14,25.03,88.84,94.0,False
MICHEWENI,2023,3,6,248000.0,0.0,33.28,24.62,91.32,94.0,False
MICHEWENI,2023,3,13,248000.0,0.0,32.57,24.88,92.7,94.0,False
MICHEWENI,2023,3,20,248000.0,64.88,31.97,25.04,91.1,94.0,False
MICHEWENI,2023,3,28,248000.0,42.93,31.24,23.38,93.0,94.0,False
MICHEWENI,2023,4,3,248000.0,20.06,31.62,25.11,88.56,94.0,False
MICHEWENI,2023,4,10,248000.0,55.6,31.18,25.25,89.3,94.0,False
MICHEWENI,2023,4,25,248000.0,75.64,29.92,24.85,89.82,94.0,False
MICHEWENI,2023,4,30,248000.0,100.02,29.37,24.84,90.0,94.0,False
MICHEWENI,2023,5,9,248000.0,46.26,30.44,25.54,96.3,94.0,False
MICHEWENI,2023,5,14,248000.0,32.44,30.98,24.92,93.46,94.0,False
MICHEWENI,2023,5,23,248000.0,11.82,30.31,24.68,95.1,94.0,True
MICHEWENI,2023,5,28,248000.0,18.22,29.26,24.09,94.34,94.0,False
MICHEWENI,2023,6,1,248000.0,77.63,28.51,24.08,89.6,94.0,False
MICHEWENI,2023,6,7,248000.0,21.11,29.81,23.95,89.12,94.0,False
MICHEWENI,2023,6,12,248000.0,18.14,29.04,23.6,89.68,94.0,False
MICHEWENI,2023,6,18,248000.0,2.53,29.8,23.22,90.26,94.0,False
MICHEWENI,2023,6,25,248000.0,7.98,28.85,23.69,90.53,94.0,False
MICHEWENI,2023,7,1,248000.0,19.69,28.91,23.16,85.4,94.0,False
MICHEWENI,2023,7,3,248000.0,16.87,27.85,23.48,84.98,94.0,False
MICHEWENI,2023,7,14,248000.0,9.59,28.87,21.67,83.7,94.0,False
MICHEWENI,2023,7,16,248000.0,18.55,29.17,23.54,84.69,94.0,False
MICHEWENI,2023,7,28,248000.0,4.25,28.63,23.28,84.94,94.0,False
MICHEWENI,2023,7,31,248000.0,9.77,27.58,24.79,83.8,94.0,False
MICHEWENI,2023,8,1,248000.0,5.47,29.19,23.35,86.54,94.0,False
MICHEWENI,2023,8,14,248000.0,2.75,30.25,23.17,87.93,94.0,False
MICHEWENI,2023,8,24,248000.0,2.17,30.8,23.01,86.67,94.0,False
MICHEWENI,2023,8,27,248000.0,1.99,30.41,23.97,85.95,94.0,False
MICHEWENI,2023,9,12,248000.0,1.16,29.11,20.72,88.14,94.0,False
MICHEWENI,2023,9,18,248000.0,0.87,30.99,22.01,88.59,94.0,False
MICHEWENI,2023,9,29,248000.0,40.01,29.12,22.06,88.6,94.0,False
MICHEWENI,2023,10,1,248000.0,7.24,31.1,24.57,92.5,94.0,False
MICHEWENI,2023,10,13,248000.0,0.0,31.58,23.93,90.8,94.0,False
MICHEWENI,2023,10,15,248000.0,14.16,32.09,24.61,92.25,94.0,False
MICHEWENI,2023,10,22,248000.0,33.76,30.93,24.54,91.53,94.0,False
MICHEWENI,2023,10,30,248000.0,54.11,31.1,24.82,92.7,94.0,False
MICHEWENI,2023,11,2,248000.0,119.42,27.92,24.59,94.78,94.0,False
MICHEWENI,2023,11,6,248000.0,91.04,29.36,24.66,96.0,94.0,False
MICHEWENI,2023,11,13,248000.0,72.51,30.99,24.12,94.68,94.0,False
MICHEWENI,2023,11,21,248000.0,83.76,30.54,24.76,95.22,94.0,False
MICHEWENI,2023,11,26,248000.0,151.81,30.75,24.48,94.4,94.0,False
MICHEWENI,2023,12,1,248000.0,1.54,30.68,23.51,89.4,94.0,False
MICHEWENI,2023,12,3,248000.0,1.7,31.23,25.12,89.11,94.0,False
MICHEWENI,2023,12,10,248000.0,12.46,31.8,25.62,89.94,94.0,False
MICHEWENI,2023,12,18,248000.0,17.8,31.59,25.27,91.41,94.0,True
MICHEWENI,2023,12,24,248000.0,2.71,31.62,25.67,91.28,94.0,True
MJINI,2018,1,1,178072.0,3.65,32.47,25.79,73.68,95.0,True
MJINI,2018,1,7,178072.0,1.96,32.92,25.5,73.96,95.0,True
MJINI,2018,1,14,178072.0,0.04,32.79,25.4,73.83,95.0,True
MJINI,2018,1,21,178072.0,0.0,32.31,25.16,76.19,95.0,True
MJINI,2018,1,28,178072.0,0.0,32.01,25.06,74.55,95.0,True
MJINI,2018,2,1,178072.0,0.0,32.36,24.73,71.74,95.0,True
MJINI,2018,2,5,178072.0,0.0,32.15,24.4,73.12,95.0,True
MJINI,2018,2,11,178072.0,1.39,31.33,24.81,72.92,95.0,True
MJINI,2018,2,18,178072.0,1.64,31.75,25.39,72.88,95.0,True
MJINI,2018,2,26,178072.0,0.0,32.22,25.46,72.79,95.0,False
MJINI,2018,3,1,178072.0,0.82,33.46,25.8,77.42,95.0,True
MJINI,2018,3,4,178072.0,1.14,32.8,25.66,77.01,95.0,True
MJINI,2018,3,11,178072.0,2.27,32.76,25.43,77.31,95.0,True
MJINI,2018,3,19,178072.0,9.95,34.01,25.0,76.48,95.0,True
MJINI,2018,3,25,178072.0,4.25,33.42,24.98,76.64,95.0,True
MJINI,2018,4,2,178072.0,7.51,32.16,25.44,86.74,95.0,True
MJINI,2018,4,8,178072.0,20.33,30.32,24.31,86.31,95.0,True
MJINI,2018,4,16,178072.0,25.19,30.92,24.62,85.12,95.0,True
MJINI,2018,4,22,178072.0,5.2,30.9,24.84,86.93,95.0,True
MJINI,2018,4,29,178072.0,1.14,30.98,25.2,86.52,95.0,False
MJINI,2018,5,1,178072.0,27.31,29.64,25.18,83.42,95.0,True
MJINI,2018,5,6,178072.0,26.7,29.33,24.7,83.0,95.0,True
MJINI,2018,5,13,178072.0,18.28,29.37,24.33,82.28,95.0,True
MJINI,2018,5,20,178072.0,10.98,29.53,24.11,82.22,95.0,True
MJINI,2018,5,27,178072.0,1.43,29.88,24.45,82.83,95.0,True
MJINI,2018,6,1,178072.0,0.0,30.42,25.17,72.29,95.0,False
MJINI,2018,6,3,178072.0,0.03,29.77,24.25,72.91,95.0,True
MJINI,2018,6,10,178072.0,0.1,29.62,23.78,73.2,95.0,True
MJINI,2018,6,17,178072.0,0.52,28.96,23.61,74.01,95.0,True
MJINI,2018,6,24,178072.0,2.13,29.15,23.61,73.11,95.0,True
MJINI,2018,7,1,178072.0,10.51,29.84,23.76,71.42,95.0,True
MJINI,2018,7,8,178072.0,1.08,29.63,24.19,71.74,95.0,True
MJINI,2018,7,15,178072.0,0.28,29.18,23.72,71.45,95.0,True
MJINI,2018,7,22,178072.0,0.07,29.27,23.22,70.81,95.0,True
MJINI,2018,7,29,178072.0,0.0,29.12,23.86,71.76,95.0,True
MJINI,2018,8,1,178072.0,0.0,29.57,23.36,74.7,95.0,True
MJINI,2018,8,5,178072.0,0.03,29.11,23.26,72.71,95.0,True
MJINI,2018,8,13,178072.0,0.14,28.75,23.05,73.6,95.0,True
MJINI,2018,8,19,178072.0,0.16,29.43,23.64,75.73,95.0,True
MJINI,2018,8,27,178072.0,2.06,29.68,23.56,74.66,95.0,True
MJINI,2018,9,2,178072.0,0.0,28.87,22.97,67.84,95.0,True
MJINI,2018,9,10,178072.0,1.32,29.12,22.74,67.74,95.0,True
MJINI,2018,9,16,178072.0,0.58,29.5,22.13,68.55,95.0,True
MJINI,2018,9,24,178072.0,0.6,29.99,22.74,68.1,95.0,True
MJINI,2018,10,1,178072.0,3.64,29.89,23.9,73.94,95.0,False
MJINI,2018,10,7,178072.0,1.61,29.62,24.18,73.86,95.0,True
MJINI,2018,10,15,178072.0,1.36,29.71,23.32,74.37,95.0,False
MJINI,2018,10,24,178072.0,4.27,29.76,24.4,74.86,95.0,True
MJINI,2018,10,28,178072.0,5.31,30.61,23.67,74.37,95.0,True
MJINI,2018,11,1,178072.0,0.0,32.09,23.55,75.75,95.0,False
MJINI,2018,11,6,178072.0,0.03,31.86,24.46,76.3,95.0,True
MJINI,2018,11,11,178072.0,0.7,30.72,23.74,76.91,95.0,True
MJINI,2018,11,18,178072.0,15.26,31.92,24.8,74.94,95.0,True
MJINI,2018,11,25,178072.0,6.61,32.3,24.79,76.65,95.0,True
MJINI,2018,12,3,178072.0,4.24,32.41,24.27,76.33,95.0,True
MJINI,2018,12,9,178072.0,1.17,32.22,25.22,76.05,95.0,True
MJINI,2018,12,16,178072.0,6.09,31.65,24.59,76.48,95.0,True
MJINI,2018,12,23,178072.0,1.97,32.2,25.35,76.55,95.0,True
MJINI,2018,12,30,178072.0,0.07,33.08,25.45,76.04,95.0,False
MJINI,2019,1,1,222374.0,0.0,32.92,26.27,70.08,95.2,True
MJINI,2019,1,6,222374.0,0.0,32.95,25.98,69.78,95.2,True
MJINI,2019,1,13,222374.0,0.0,32.88,26.13,69.63,95.2,True
MJINI,2019,1,20,222374.0,0.0,32.72,24.99,69.69,95.2,True
MJINI,2019,1,28,222374.0,0.0,32.22,26.0,69.1,95.2,True
MJINI,2019,2,1,222374.0,0.36,33.81,24.85,67.46,95.2,False
MJINI,2019,2,3,222374.0,0.35,32.61,24.87,67.19,95.2,True
MJINI,2019,2,10,222374.0,0.0,31.74,24.8,67.45,95.2,True
MJINI,2019,2,17,222374.0,1.45,31.14,25.02,67.8,95.2,True
MJINI,2019,2,24,222374.0,91.17,32.71,24.65,67.55,95.2,True
MJINI,2019,3,1,222374.0,15.34,33.93,24.38,70.79,95.2,False
MJINI,2019,3,3,222374.0,13.31,34.02,24.96,72.72,95.2,True
MJINI,2019,3,10,222374.0,0.0,32.69,25.32,74.08,95.2,True
MJINI,2019,3,17,222374.0,0.0,34.11,25.47,73.64,95.2,True
MJINI,2019,3,25,222374.0,2.26,34.57,25.0,72.94,95.2,True
MJINI,2019,3,31,222374.0,4.16,32.5,24.68,71.35,95.2,False
MJINI,2019,4,1,222374.0,29.02,32.86,25.69,86.79,95.2,True
MJINI,2019,4,7,222374.0,22.14,31.42,25.4,87.46,95.2,True
MJINI,2019,4,14,222374.0,16.86,31.53,25.26,87.2,95.2,True
MJINI,2019,4,21,222374.0,8.04,31.87,25.12,87.0,95.2,True
MJINI,2019,4,28,222374.0,0.0,31.68,25.13,87.75,95.2,False
MJINI,2019,5,1,222374.0,185.22,31.32,24.98,85.87,95.2,False
MJINI,2019,5,6,222374.0,136.63,30.34,24.97,87.09,95.2,True
MJINI,2019,5,12,222374.0,91.09,29.27,25.16,86.39,95.2,True
MJINI,2019,5,19,222374.0,23.38,29.61,24.42,86.1,95.2,True
MJINI,2019,5,26,222374.0,67.21,29.86,24.57,85.83,95.2,True
MJINI,2019,6,1,222374.0,0.0,30.71,24.09,71.1,95.2,False
MJINI,2019,6,2,222374.0,0.0,30.17,24.02,71.23,95.2,True
MJINI,2019,6,9,222374.0,0.0,29.44,24.08,72.02,95.2,True
MJINI,2019,6,16,222374.0,0.0,29.96,23.62,72.22,95.2,True
MJINI,2019,6,23,222374.0,0.0,29.33,23.92,72.05,95.2,True
MJINI,2019,6,30,222374.0,0.0,29.07,23.97,71.75,95.2,False
MJINI,2019,7,1,222374.0,0.0,30.31,23.39,68.93,95.2,True
MJINI,2019,7,7,222374.0,0.0,29.84,24.05,69.38,95.2,True
MJINI,2019,7,14,222374.0,0.2,29.03,23.41,69.07,95.2,True
MJINI,2019,7,21,222374.0,0.2,29.22,23.12,69.0,95.2,True
MJINI,2019,7,28,222374.0,0.0,29.15,23.76,68.96,95.2,True
MJINI,2019,8,1,222374.0,9.77,30.41,21.78,74.11,95.2,True
MJINI,2019,8,4,222374.0,11.22,29.16,22.77,73.39,95.2,True
MJINI,2019,8,11,222374.0,4.53,29.0,23.18,73.07,95.2,True
MJINI,2019,8,18,222374.0,0.0,30.19,23.52,73.58,95.2,True
MJINI,2019,8,25,222374.0,6.23,29.5,22.76,73.44,95.2,True
MJINI,2019,9,1,222374.0,0.09,28.54,23.01,74.12,95.2,True
MJINI,2019,9,8,222374.0,9.44,29.94,22.21,74.05,95.2,True
MJINI,2019,9,15,222374.0,4.32,30.16,22.65,73.46,95.2,True
MJINI,2019,9,22,222374.0,1.14,30.03,22.89,72.89,95.2,True
MJINI,2019,9,29,222374.0,9.86,30.02,24.38,73.17,95.2,False
MJINI,2019,10,1,222374.0,42.36,30.25,24.59,76.68,95.2,False
MJINI,2019,10,6,222374.0,56.03,29.37,24.22,77.41,95.2,True
MJINI,2019,10,13,222374.0,103.29,29.44,24.16,78.37,95.2,True
MJINI,2019,10,20,222374.0,94.2,29.33,23.95,77.32,95.2,True
MJINI,2019,10,27,222374.0,78.6,30.38,24.21,77.26,95.2,True
MJINI,2019,11,1,222374.0,20.49,32.12,24.84,78.11,95.2,False
MJINI,2019,11,3,222374.0,25.9,30.89,24.82,77.39,95.2,True
MJINI,2019,11,10,222374.0,42.59,30.72,24.32,77.23,95.2,True
MJINI,2019,11,17,222374.0,30.08,31.01,24.69,76.26,95.2,True
MJINI,2019,11,24,222374.0,10.35,31.3,24.48,76.08,95.2,True
MJINI,2019,12,1,222374.0,44.09,32.48,24.51,75.51,95.2,True
MJINI,2019,12,8,222374.0,7.79,32.36,25.27,75.75,95.2,True
MJINI,2019,12,15,222374.0,50.43,32.07,24.89,75.41,95.2,True
MJINI,2019,12,22,222374.0,35.09,33.12,25.13,75.55,95.2,True
MJINI,2019,12,29,222374.0,7.27,31.69,26.06,77.29,95.2,True
MJINI,2020,1,1,415012.0,0.0,33.95,26.1,74.71,96.9,True
MJINI,2020,1,5,415012.0,1.36,32.46,25.49,75.44,96.9,True
MJINI,2020,1,12,415012.0,23.26,32.34,25.41,74.69,96.9,True
MJINI,2020,1,19,415012.0,58.53,31.07,25.81,74.23,96.9,True
MJINI,2020,1,26,415012.0,12.48,30.8,25.96,73.83,96.9,True
MJINI,2020,2,1,415012.0,0.3,34.73,24.13,76.05,96.9,True
MJINI,2020,2,2,415012.0,0.29,32.51,24.99,74.61,96.9,True
MJINI,2020,2,9,415012.0,0.0,31.44,25.15,75.3,96.9,True
MJINI,2020,2,16,415012.0,15.03,31.52,25.65,75.13,96.9,True
MJINI,2020,2,23,415012.0,6.48,32.23,25.87,75.45,96.9,True
MJINI,2020,3,1,415012.0,19.2,32.08,25.57,78.75,96.9,True
MJINI,2020,3,8,415012.0,39.4,31.74,25.18,78.6,96.9,True
MJINI,2020,3,15,415012.0,14.2,32.06,25.72,78.41,96.9,True
MJINI,2020,3,22,415012.0,5.94,31.75,25.66,78.52,96.9,True
MJINI,2020,3,29,415012.0,7.29,31.18,25.56,80.53,96.9,True
MJINI,2020,4,1,415012.0,3.93,33.09,25.92,86.41,96.9,True
MJINI,2020,4,5,415012.0,41.25,30.89,24.84,86.73,96.9,True
MJINI,2020,4,12,415012.0,114.19,29.85,24.34,86.4,96.9,True
MJINI,2020,4,19,415012.0,162.16,29.28,24.59,86.87,96.9,True
MJINI,2020,4,26,415012.0,133.49,30.06,24.59,86.61,96.9,True
MJINI,2020,5,1,415012.0,44.74,29.99,25.32,84.66,96.9,True
MJINI,2020,5,3,415012.0,36.21,29.83,24.89,83.68,96.9,True
MJINI,2020,5,10,415012.0,2.38,29.04,24.73,83.75,96.9,True
MJINI,2020,5,17,415012.0,20.35,29.61,24.59,83.98,96.9,True
MJINI,2020,5,24,415012.0,3.91,30.41,24.42,83.65,96.9,True
MJINI,2020,5,31,415012.0,4.99,30.4,23.3,83.5,96.9,True
MJINI,2020,6,1,415012.0,0.0,30.15,24.77,77.29,96.9,True
MJINI,2020,6,7,415012.0,0.08,30.21,24.42,77.28,96.9,True
MJINI,2020,6,14,415012.0,0.04,29.45,24.42,77.6,96.9,True
MJINI,2020,6,21,415012.0,0.0,29.23,24.06,77.54,96.9,True
MJINI,2020,6,28,415012.0,0.0,28.1,24.31,76.46,96.9,True
MJINI,2020,7,1,415012.0,0.0,29.77,23.6,75.38,96.9,True
MJINI,2020,7,5,415012.0,5.03,28.38,23.56,73.78,96.9,True
MJINI,2020,7,12,415012.0,12.72,28.6,23.39,74.69,96.9,True
MJINI,2020,7,19,415012.0,1.04,27.97,22.98,75.22,96.9,True
MJINI,2020,7,26,415012.0,3.4,28.85,23.69,74.15,96.9,True
MJINI,2020,8,1,415012.0,0.0,29.31,22.37,76.85,96.9,False
MJINI,2020,8,2,415012.0,0.0,29.09,22.82,77.45,96.9,True
MJINI,2020,8,9,415012.0,0.0,28.67,22.02,77.73,96.9,True
MJINI,2020,8,16,415012.0,9.43,29.06,23.17,77.79,96.9,True
MJINI,2020,8,23,415012.0,7.8,29.06,22.79,77.89,96.9,True
MJINI,2020,8,30,415012.0,11.85,28.15,23.85,77.3,96.9,False
MJINI,2020,9,1,415012.0,0.49,29.68,23.52,81.75,96.9,True
MJINI,2020,9,6,415012.0,0.57,28.92,23.38,81.07,96.9,True
MJINI,2020,9,13,415012.0,0.91,29.54,23.24,82.38,96.9,True
MJINI,2020,9,20,415012.0,2.07,28.89,23.0,81.48,96.9,True
MJINI,2020,9,27,415012.0,5.07,30.36,22.71,81.72,96.9,True
MJINI,2020,10,1,415012.0,5.69,31.95,23.44,82.19,96.9,True
MJINI,2020,10,4,415012.0,4.57,30.0,23.21,82.45,96.9,True
MJINI,2020,10,11,415012.0,4.07,31.59,23.58,81.91,96.9,True
MJINI,2020,10,18,415012.0,29.36,30.73,23.04,81.72,96.9,True
MJINI,2020,10,25,415012.0,17.3,31.0,24.49,82.21,96.9,True
MJINI,2020,11,1,415012.0,19.56,30.08,23.25,83.46,96.9,True
MJINI,2020,11,8,415012.0,41.67,29.68,23.88,82.53,96.9,True
MJINI,2020,11,15,415012.0,34.29,30.29,24.39,82.83,96.9,True
MJINI,2020,11,22,415012.0,48.45,30.43,25.01,82.89,96.9,True
MJINI,2020,11,29,415012.0,167.56,30.91,25.39,82.75,96.9,True
MJINI,2020,12,1,415012.0,10.19,31.34,24.54,80.46,96.9,True
MJINI,2020,12,6,415012.0,5.37,31.59,24.95,80.94,96.9,True
MJINI,2020,12,13,415012.0,2.8,31.46,24.79,80.48,96.9,True
MJINI,2020,12,20,415012.0,5.73,31.59,24.8,80.79,96.9,True
MJINI,2020,12,27,415012.0,11.38,31.15,25.7,80.75,96.9,True
MJINI,2021,1,1,878264.0,4.55,32.09,25.16,79.14,94.7,True
MJINI,2021,1,3,878264.0,5.35,31.23,24.96,79.18,94.7,True
MJINI,2021,1,10,878264.0,6.7,29.83,24.96,79.26,94.7,True
MJINI,2021,1,17,878264.0,0.0,32.56,24.32,78.76,94.7,True
MJINI,2021,1,24,878264.0,0.0,32.16,24.72,79.26,94.7,True
MJINI,2021,1,31,878264.0,0.0,30.22,23.84,78.55,94.7,False
MJINI,2021,2,1,878264.0,0.0,32.19,24.85,78.24,94.7,True
MJINI,2021,2,7,878264.0,3.02,31.53,23.83,78.78,94.7,True
MJINI,2021,2,14,878264.0,1.74,32.35,25.17,78.78,94.7,True
MJINI,2021,2,21,878264.0,2.6,31.66,25.0,77.7,94.7,True
MJINI,2021,2,28,878264.0,6.17,32.01,24.05,77.1,94.7,False
MJINI,2021,3,1,878264.0,0.0,33.42,25.2,77.38,94.7,True
MJINI,2021,3,7,878264.0,0.0,32.73,24.53,76.9,94.7,True
MJINI,2021,3,15,878264.0,4.98,32.19,24.52,77.17,94.7,True
MJINI,2021,3,21,878264.0,4.93,31.98,25.11,77.77,94.7,True
MJINI,2021,3,28,878264.0,0.39,31.48,25.04,77.14,94.7,False
MJINI,2021,4,1,878264.0,14.69,31.74,25.76,85.52,94.7,False
MJINI,2021,4,4,878264.0,28.69,30.84,25.02,83.88,94.7,False
MJINI,2021,4,11,878264.0,67.54,29.96,24.25,84.68,94.7,True
MJINI,2021,4,18,878264.0,34.16,28.78,24.46,84.78,94.7,True
MJINI,2021,4,25,878264.0,59.56,31.23,25.14,85.48,94.7,True
MJINI,2021,5,1,878264.0,24.8,29.27,25.62,78.0,94.7,False
MJINI,2021,5,2,878264.0,25.84,28.68,24.06,79.26,94.7,True
MJINI,2021,5,9,878264.0,1.62,30.77,24.71,77.65,94.7,True
MJINI,2021,5,16,878264.0,0.16,30.86,25.1,78.56,94.7,True
MJINI,2021,5,23,878264.0,0.0,30.14,24.86,78.6,94.7,True
MJINI,2021,5,30,878264.0,0.0,29.31,25.39,77.88,94.7,False
MJINI,2021,6,1,878264.0,1.14,29.46,24.13,74.5,94.7,True
MJINI,2021,6,6,878264.0,2.62,28.91,23.69,74.87,94.7,True
MJINI,2021,6,13,878264.0,3.85,28.76,23.81,74.53,94.7,True
MJINI,2021,6,20,878264.0,1.93,28.57,22.92,74.72,94.7,True
MJINI,2021,6,27,878264.0,0.55,28.08,22.75,75.43,94.7,True
MJINI,2021,7,1,878264.0,0.0,29.74,23.29,72.74,94.7,True
MJINI,2021,7,4,878264.0,1.57,28.2,23.45,73.85,94.7,True
MJINI,2021,7,11,878264.0,10.07,28.58,24.17,72.9,94.7,True
MJINI,2021,7,18,878264.0,0.0,29.01,24.54,73.38,94.7,True
MJINI,2021,7,25,878264.0,2.26,29.55,23.66,73.15,94.7,True
MJINI,2021,8,1,878264.0,0.11,28.65,22.47,77.53,94.7,False
MJINI,2021,8,8,878264.0,0.01,28.73,21.65,75.72,94.7,True
MJINI,2021,8,15,878264.0,5.58,28.69,22.46,76.06,94.7,True
MJINI,2021,8,23,878264.0,5.36,29.75,22.06,76.25,94.7,True
MJINI,2021,8,30,878264.0,2.8,28.45,21.86,77.88,94.7,False
MJINI,2021,9,1,878264.0,0.0,30.34,23.67,75.67,94.7,False
MJINI,2021,9,5,878264.0,2.47,28.61,23.76,74.71,94.7,True
MJINI,2021,9,13,878264.0,5.36,28.61,23.4,74.81,94.7,True
MJINI,2021,9,19,878264.0,0.24,30.0,23.73,74.24,94.7,False
MJINI,2021,9,26,878264.0,0.27,30.28,22.48,74.89,94.7,True
MJINI,2021,10,1,878264.0,0.0,32.91,22.99,73.45,94.7,False
MJINI,2021,10,3,878264.0,0.0,30.2,23.13,75.97,94.7,True
MJINI,2021,10,10,878264.0,1.91,31.54,24.31,75.24,94.7,True
MJINI,2021,10,17,878264.0,20.55,30.5,23.75,76.21,94.7,True
MJINI,2021,10,24,878264.0,3.56,30.67,23.32,76.04,94.7,True
MJINI,2021,11,1,878264.0,0.0,31.78,24.49,77.54,94.7,False
MJINI,2021,11,8,878264.0,0.0,31.42,24.58,77.42,94.7,True
MJINI,2021,11,14,878264.0,0.0,31.7,23.78,77.61,94.7,True
MJINI,2021,11,21,878264.0,1.54,32.04,25.1,76.62,94.7,True
MJINI,2021,11,28,878264.0,3.09,32.27,25.31,78.6,94.7,False
MJINI,2021,12,1,878264.0,23.43,31.13,24.66,81.45,94.7,False
MJINI,2021,12,5,878264.0,30.87,30.82,24.93,80.68,94.7,True
MJINI,2021,12,12,878264.0,37.9,31.05,24.73,80.65,94.7,True
MJINI,2021,12,19,878264.0,14.76,31.25,24.83,79.3,94.7,True
MJINI,2021,12,26,878264.0,21.54,31.75,24.94,81.69,94.7,True
MJINI,2022,1,1,388344.4,0.0,33.54,25.23,78.9,97.8,False
MJINI,2022,1,2,388344.4,0.0,32.63,25.81,78.22,97.8,True
MJINI,2022,1,9,388344.4,0.0,32.7,25.95,78.3,97.8,True
MJINI,2022,1,16,388344.4,103.35,32.82,25.18,78.18,97.8,True
MJINI,2022,1,23,388344.4,75.34,31.08,24.04,77.5,97.8,True
MJINI,2022,1,31,388344.4,99.5,30.23,24.9,78.6,97.8,False
MJINI,2022,2,1,388344.4,20.87,31.51,24.31,80.39,97.8,True
MJINI,2022,2,6,388344.4,7.01,32.04,24.62,80.32,97.8,True
MJINI,2022,2,13,388344.4,3.97,31.7,25.71,79.13,97.8,True
MJINI,2022,2,20,388344.4,11.37,31.45,24.65,80.34,97.8,False
MJINI,2022,2,27,388344.4,4.05,31.33,25.35,81.56,97.8,False
MJINI,2022,3,1,388344.4,0.0,34.18,25.06,77.64,97.8,False
MJINI,2022,3,6,388344.4,0.0,32.66,24.69,77.23,97.8,True
MJINI,2022,3,13,388344.4,0.0,33.0,25.15,77.69,97.8,True
MJINI,2022,3,20,388344.4,0.22,31.93,25.21,76.85,97.8,True
MJINI,2022,3,27,388344.4,13.16,32.25,25.31,77.58,97.8,True
MJINI,2022,4,1,388344.4,0.0,33.25,25.82,83.78,97.8,False
MJINI,2022,4,3,388344.4,0.75,31.7,26.06,84.06,97.8,True
MJINI,2022,4,10,388344.4,27.94,31.49,25.16,83.85,97.8,True
MJINI,2022,4,17,388344.4,72.55,30.26,24.42,83.83,97.8,True
MJINI,2022,4,25,388344.4,31.72,29.58,24.9,84.26,97.8,False
MJINI,2022,5,1,388344.4,18.86,29.66,24.81,81.12,97.8,True
MJINI,2022,5,8,388344.4,7.41,30.41,25.12,80.44,97.8,True
MJINI,2022,5,15,388344.4,2.33,30.73,25.84,81.56,97.8,True
MJINI,2022,5,22,388344.4,2.3,30.55,25.31,81.35,97.8,True
MJINI,2022,5,29,388344.4,0.7,30.07,24.62,81.69,97.8,True
MJINI,2022,6,1,388344.4,5.45,31.05,24.02,80.43,97.8,False
MJINI,2022,6,5,388344.4,3.22,28.74,23.63,79.29,97.8,True
MJINI,2022,6,12,388344.4,0.18,29.08,24.64,80.49,97.8,True
MJINI,2022,6,19,388344.4,2.47,29.88,25.03,77.89,97.8,False
MJINI,2022,6,26,388344.4,0.94,29.14,24.1,79.21,97.8,False
MJINI,2022,7,1,388344.4,6.16,27.87,22.19,81.58,97.8,True
MJINI,2022,7,3,388344.4,5.89,28.21,22.35,81.59,97.8,False
MJINI,2022,7,10,388344.4,4.01,28.09,22.95,80.31,97.8,True
MJINI,2022,7,17,388344.4,10.31,28.49,22.92,79.66,97.8,True
MJINI,2022,7,25,388344.4,6.57,28.12,21.89,81.67,97.8,False
MJINI,2022,8,1,388344.4,2.42,29.03,21.67,79.24,97.8,False
MJINI,2022,8,7,388344.4,8.29,28.61,22.13,79.75,97.8,True
MJINI,2022,8,14,388344.4,6.29,27.99,22.16,80.43,97.8,True
MJINI,2022,8,21,388344.4,0.31,27.32,21.13,79.94,97.8,True
MJINI,2022,8,29,388344.4,4.16,27.32,21.41,79.44,97.8,True
MJINI,2022,9,1,388344.4,0.0,29.88,22.33,74.04,97.8,False
MJINI,2022,9,4,388344.4,0.03,28.6,22.29,75.75,97.8,False
MJINI,2022,9,11,388344.4,0.96,28.58,22.02,74.82,97.8,False
MJINI,2022,9,19,388344.4,1.37,29.71,22.61,74.61,97.8,True
MJINI,2022,9,25,388344.4,2.06,30.45,23.31,75.14,97.8,False
MJINI,2022,10,2,388344.4,1.89,29.23,22.32,73.28,97.8,False
MJINI,2022,10,10,388344.4,0.0,29.72,22.86,73.53,97.8,False
MJINI,2022,10,17,388344.4,0.0,29.46,22.4,73.64,97.8,False
MJINI,2022,10,23,388344.4,2.49,29.63,22.91,72.86,97.8,True
MJINI,2022,10,30,388344.4,6.09,29.23,23.93,72.6,97.8,False
MJINI,2022,11,2,388344.4,0.0,29.79,23.41,74.51,97.8,False
MJINI,2022,11,6,388344.4,1.63,30.15,23.51,75.99,97.8,False
MJINI,2022,11,13,388344.4,11.51,30.42,24.52,74.71,97.8,False
MJINI,2022,11,20,388344.4,16.18,31.02,24.43,76.75,97.8,False
MJINI,2022,11,27,388344.4,15.47,30.53,24.64,74.93,97.8,False
MJINI,2022,12,1,388344.4,0.54,31.78,23.98,78.24,97.8,False
MJINI,2022,12,4,388344.4,2.0,31.49,24.18,77.83,97.8,True
MJINI,2022,12,11,388344.4,12.62,32.16,23.9,78.19,97.8,False
MJINI,2022,12,18,388344.4,14.28,31.67,25.71,77.57,97.8,True
MJINI,2022,12,25,388344.4,33.4,31.23,25.92,77.62,97.8,True
MJINI,2023,1,1,248000.0,2.74,32.52,26.69,78.73,94.0,True
MJINI,2023,1,8,248000.0,10.29,31.32,25.65,78.1,94.0,True
MJINI,2023,1,15,248000.0,4.48,32.28,24.55,78.33,94.0,True
MJINI,2023,1,22,248000.0,0.0,31.97,25.9,78.13,94.0,True
MJINI,2023,1,30,248000.0,0.0,30.7,25.49,78.71,94.0,False
MJINI,2023,2,1,248000.0,0.0,33.45,24.41,76.09,94.0,False
MJINI,2023,2,5,248000.0,3.55,32.37,24.68,75.19,94.0,True
MJINI,2023,2,12,248000.0,15.23,31.97,24.45,75.81,94.0,True
MJINI,2023,2,19,248000.0,0.0,32.13,25.21,74.92,94.0,True
MJINI,2023,2,26,248000.0,0.0,32.24,22.97,74.47,94.0,True
MJINI,2023,3,1,248000.0,0.0,33.75,24.95,76.47,94.0,False
MJINI,2023,3,5,248000.0,0.0,33.06,24.79,76.91,94.0,True
MJINI,2023,3,12,248000.0,16.38,32.06,25.74,76.56,94.0,False
MJINI,2023,3,20,248000.0,22.79,31.74,25.82,75.42,94.0,True
MJINI,2023,3,26,248000.0,11.13,31.69,24.93,76.51,94.0,True
MJINI,2023,4,1,248000.0,19.6,30.65,25.98,86.65,94.0,False
MJINI,2023,4,2,248000.0,23.36,31.42,25.56,86.67,94.0,False
MJINI,2023,4,9,248000.0,18.52,31.49,25.43,86.15,94.0,True
MJINI,2023,4,16,248000.0,70.5,29.25,25.07,86.82,94.0,True
MJINI,2023,4,24,248000.0,51.81,30.04,25.15,85.89,94.0,True
MJINI,2023,4,30,248000.0,79.79,29.4,24.82,86.1,94.0,False
MJINI,2023,5,1,248000.0,30.28,30.48,24.8,81.9,94.0,True
MJINI,2023,5,7,248000.0,15.16,30.63,25.04,82.9,94.0,True
MJINI,2023,5,14,248000.0,9.73,30.22,25.62,82.51,94.0,True
MJINI,2023,5,21,248000.0,5.64,29.86,24.78,82.29,94.0,True
MJINI,2023,5,28,248000.0,4.73,29.91,24.19,82.68,94.0,True
MJINI,2023,6,1,248000.0,47.63,28.71,23.43,82.88,94.0,True
MJINI,2023,6,4,248000.0,47.99,28.92,23.45,82.07,94.0,True
MJINI,2023,6,11,248000.0,0.0,29.34,23.8,82.57,94.0,True
MJINI,2023,6,18,248000.0,0.0,29.63,23.63,82.18,94.0,True
MJINI,2023,6,25,248000.0,0.0,29.32,23.85,81.88,94.0,True
MJINI,2023,7,1,248000.0,26.88,28.62,23.16,84.75,94.0,False
MJINI,2023,7,2,248000.0,23.57,28.32,23.3,83.19,94.0,True
MJINI,2023,7,9,248000.0,0.0,28.86,22.89,84.46,94.0,True
MJINI,2023,7,16,248000.0,0.0,29.51,23.65,83.79,94.0,True
MJINI,2023,7,23,248000.0,4.0,28.72,23.41,83.86,94.0,True
MJINI,2023,7,30,248000.0,10.79,28.33,23.01,83.07,94.0,True
MJINI,2023,8,1,248000.0,7.47,29.27,23.07,82.47,94.0,True
MJINI,2023,8,6,248000.0,5.64,28.81,23.59,82.01,94.0,True
MJINI,2023,8,13,248000.0,3.67,29.57,22.66,82.07,94.0,True
MJINI,2023,8,20,248000.0,3.15,29.56,22.86,81.06,94.0,True
MJINI,2023,8,27,248000.0,0.0,29.31,23.24,81.38,94.0,True
MJINI,2023,9,1,248000.0,0.71,31.57,21.31,76.99,94.0,True
MJINI,2023,9,3,248000.0,0.63,29.8,22.57,76.97,94.0,True
MJINI,2023,9,10,248000.0,0.0,30.06,22.29,77.31,94.0,True
MJINI,2023,9,17,248000.0,0.0,30.3,22.22,76.88,94.0,True
MJINI,2023,9,24,248000.0,3.08,30.43,23.7,76.58,94.0,True
MJINI,2023,10,1,248000.0,7.36,30.67,24.96,74.59,94.0,True
MJINI,2023,10,8,248000.0,0.59,31.3,24.12,75.37,94.0,True
MJINI,2023,10,15,248000.0,0.0,31.89,24.14,74.78,94.0,True
MJINI,2023,10,22,248000.0,11.61,31.32,25.11,75.94,94.0,True
MJINI,2023,10,29,248000.0,20.99,30.68,24.27,75.24,94.0,True
MJINI,2023,11,1,248000.0,248.81,28.45,24.45,83.2,94.0,True
MJINI,2023,11,5,248000.0,193.93,29.21,24.33,82.83,94.0,True
MJINI,2023,11,12,248000.0,59.69,30.47,24.26,82.47,94.0,True
MJINI,2023,11,19,248000.0,44.95,29.77,25.04,82.67,94.0,True
MJINI,2023,11,26,248000.0,60.67,30.13,24.18,82.93,94.0,True
MJINI,2023,12,1,248000.0,25.79,30.81,23.75,81.41,94.0,True
MJINI,2023,12,3,248000.0,23.34,31.22,24.85,81.18,94.0,True
MJINI,2023,12,10,248000.0,14.27,31.2,24.73,81.39,94.0,True
MJINI,2023,12,17,248000.0,13.02,32.12,25.1,80.65,94.0,True
MJINI,2023,12,24,248000.0,12.4,31.67,26.2,80.94,94.0,True
MKOANI,2020,1,1,415012.0,4.88,34.28,25.64,87.04,96.9,False
MKOANI,2020,1,6,415012.0,7.45,32.74,25.61,85.44,96.9,True
MKOANI,2020,1,13,415012.0,11.13,31.98,25.03,86.34,96.9,True
MKOANI,2020,1,19,415012.0,20.61,30.69,25.49,86.19,96.9,True
MKOANI,2020,1,26,415012.0,16.89,30.41,26.21,85.62,96.9,True
MKOANI,2020,2,2,415012.0,28.53,32.4,25.36,93.17,96.9,True
MKOANI,2020,2,9,415012.0,6.92,32.08,24.93,92.69,96.9,False
MKOANI,2020,2,16,415012.0,9.09,30.91,25.35,93.87,96.9,True
MKOANI,2020,2,23,415012.0,6.65,32.3,25.81,94.6,96.9,False
MKOANI,2020,3,1,415012.0,65.66,31.9,25.58,93.53,96.9,True
MKOANI,2020,3,9,415012.0,18.36,31.48,25.26,95.93,96.9,False
MKOANI,2020,3,16,415012.0,7.43,31.61,26.16,93.54,96.9,False
MKOANI,2020,3,22,415012.0,10.86,32.2,25.12,93.89,96.9,False
MKOANI,2020,3,29,415012.0,128.77,31.44,25.28,94.54,96.9,False
MKOANI,2020,4,1,415012.0,123.01,32.83,25.92,86.07,96.9,False
MKOANI,2020,4,5,415012.0,131.98,30.96,24.96,85.0,96.9,False
MKOANI,2020,4,12,415012.0,144.49,29.65,24.45,83.98,96.9,True
MKOANI,2020,4,20,415012.0,153.72,31.56,24.88,85.72,96.9,False
MKOANI,2020,4,26,415012.0,155.65,30.37,25.11,84.99,96.9,False
MKOANI,2020,5,1,415012.0,179.12,30.44,25.53,91.0,96.9,False
MKOANI,2020,5,3,415012.0,173.0,29.95,24.45,89.82,96.9,False
MKOANI,2020,5,11,415012.0,132.86,29.74,24.67,91.81,96.9,False
MKOANI,2020,5,17,415012.0,6.84,29.32,24.34,91.67,96.9,False
MKOANI,2020,5,25,415012.0,43.75,31.02,24.82,92.73,96.9,False
MKOANI,2020,6,1,415012.0,22.72,30.21,25.13,87.33,96.9,False
MKOANI,2020,6,9,415012.0,22.16,30.01,23.4,85.92,96.9,False
MKOANI,2020,6,16,415012.0,10.85,30.27,24.43,86.66,96.9,False
MKOANI,2020,6,21,415012.0,5.62,28.73,24.08,87.21,96.9,False
MKOANI,2020,6,28,415012.0,6.3,28.76,23.55,87.8,96.9,False
MKOANI,2020,7,3,415012.0,4.23,29.49,23.11,79.3,96.9,False
MKOANI,2020,7,5,415012.0,19.15,29.37,23.04,79.14,96.9,False
MKOANI,2020,7,19,415012.0,17.71,27.53,23.17,80.71,96.9,False
MKOANI,2020,7,30,415012.0,9.89,28.08,24.03,79.8,96.9,False
MKOANI,2020,8,9,415012.0,7.25,29.09,22.2,87.01,96.9,False
MKOANI,2020,8,17,415012.0,2.49,29.1,23.21,84.17,96.9,False
MKOANI,2020,8,24,415012.0,3.2,29.43,23.03,84.72,96.9,False
MKOANI,2020,8,31,415012.0,6.3,28.08,23.12,86.1,96.9,False
MKOANI,2020,9,2,415012.0,1.37,29.48,22.98,87.8,96.9,False
MKOANI,2020,9,9,415012.0,0.69,30.67,22.89,89.0,96.9,False
MKOANI,2020,9,18,415012.0,0.0,29.87,22.23,90.5,96.9,False
MKOANI,2020,9,24,415012.0,0.0,29.15,22.24,90.5,96.9,False
MKOANI,2020,10,5,415012.0,2.19,30.29,24.06,90.51,96.9,False
MKOANI,2020,11,5,415012.0,1.95,29.04,22.95,90.0,96.9,False
MKOANI,2020,11,11,415012.0,50.93,30.71,24.64,92.1,96.9,False
MKOANI,2020,11,22,415012.0,19.98,30.5,24.56,90.4,96.9,False
MKOANI,2020,11,30,415012.0,65.7,31.57,24.35,89.8,96.9,False
MKOANI,2020,12,1,415012.0,7.1,31.55,24.35,89.61,96.9,False
MKOANI,2020,12,9,415012.0,14.22,32.1,24.2,89.26,96.9,False
MKOANI,2020,12,13,415012.0,13.46,30.46,24.7,89.24,96.9,False
MKOANI,2020,12,21,415012.0,20.07,30.61,24.83,88.4,96.9,False
MKOANI,2020,12,28,415012.0,13.12,31.36,25.53,90.47,96.9,False
MKOANI,2021,1,1,878264.0,0.0,31.7,24.99,89.7,94.7,False
MKOANI,2021,1,4,878264.0,0.72,30.68,25.01,89.98,94.7,False
MKOANI,2021,1,11,878264.0,8.85,29.52,24.95,90.94,94.7,False
MKOANI,2021,1,19,878264.0,0.0,31.16,25.04,87.92,94.7,False
MKOANI,2021,1,25,878264.0,0.0,32.74,25.12,90.72,94.7,False
MKOANI,2021,2,8,878264.0,13.81,31.02,25.37,89.33,94.7,False
MKOANI,2021,2,15,878264.0,5.88,31.89,24.62,89.5,94.7,False
MKOANI,2021,2,21,878264.0,1.16,31.77,24.94,87.14,94.7,False
MKOANI,2021,3,7,878264.0,0.0,32.0,24.63,68.4,94.7,False
MKOANI,2021,3,14,878264.0,7.59,32.56,23.52,68.86,94.7,False
MKOANI,2021,3,21,878264.0,21.91,32.37,25.21,70.34,94.7,False
MKOANI,2021,4,1,878264.0,28.82,31.99,25.35,85.3,94.7,False
MKOANI,2021,4,8,878264.0,69.18,29.55,24.68,84.3,94.7,False
MKOANI,2021,4,16,878264.0,108.64,30.25,24.56,84.4,94.7,False
MKOANI,2021,4,19,878264.0,190.41,30.36,25.61,84.1,94.7,False
MKOANI,2021,4,25,878264.0,189.56,30.86,24.61,85.84,94.7,False
MKOANI,2021,5,7,878264.0,143.2,28.45,23.77,87.3,94.7,False
MKOANI,2021,5,9,878264.0,9.82,31.03,24.8,87.4,94.7,False
MKOANI,2021,5,28,878264.0,6.25,30.19,25.14,88.1,94.7,False
MKOANI,2021,6,3,878264.0,0.0,30.11,24.22,83.3,94.7,False
MKOANI,2021,6,14,878264.0,13.65,28.26,23.74,84.94,94.7,False
MKOANI,2021,6,21,878264.0,3.2,28.1,23.54,85.56,94.7,False
MKOANI,2021,6,30,878264.0,20.76,27.59,23.87,83.7,94.7,False
MKOANI,2021,7,2,878264.0,6.88,29.66,23.39,78.8,94.7,False
MKOANI,2021,7,7,878264.0,6.67,26.96,23.08,82.3,94.7,False
MKOANI,2021,7,12,878264.0,1.82,29.85,23.7,82.58,94.7,False
MKOANI,2021,7,19,878264.0,15.58,29.99,25.19,85.2,94.7,False
MKOANI,2021,7,30,878264.0,4.09,28.41,24.63,85.9,94.7,False
MKOANI,2021,8,1,878264.0,8.41,29.38,22.32,87.15,94.7,False
MKOANI,2021,8,9,878264.0,12.72,29.79,21.39,87.8,94.7,False
MKOANI,2021,8,25,878264.0,15.54,29.97,22.08,85.98,94.7,False
MKOANI,2021,9,3,878264.0,16.82,30.32,23.75,85.06,94.7,False
MKOANI,2021,9,6,878264.0,14.48,27.3,24.23,85.93,94.7,False
MKOANI,2021,9,20,878264.0,11.68,31.1,22.99,85.5,94.7,False
MKOANI,2021,9,28,878264.0,7.03,30.26,23.88,85.5,94.7,False
MKOANI,2021,10,22,878264.0,0.0,28.93,22.5,88.6,94.7,False
MKOANI,2021,10,28,878264.0,13.36,31.03,23.08,88.77,94.7,False
MKOANI,2021,10,31,878264.0,28.89,30.15,22.17,86.5,94.7,False
MKOANI,2021,11,15,878264.0,2.6,30.89,23.32,89.72,94.7,False
MKOANI,2021,11,21,878264.0,1.58,31.3,24.26,88.2,94.7,False
MKOANI,2021,11,29,878264.0,42.68,32.61,25.47,86.8,94.7,False
MKOANI,2021,12,2,878264.0,71.31,32.57,25.57,92.1,94.7,False
MKOANI,2021,12,19,878264.0,96.21,31.07,23.87,92.12,94.7,False
MKOANI,2022,1,1,388344.4,0.0,33.22,26.36,74.5,97.8,False
MKOANI,2022,1,7,388344.4,0.0,32.0,25.18,74.4,97.8,False
MKOANI,2022,1,11,388344.4,0.0,31.96,26.42,74.73,97.8,False
MKOANI,2022,1,16,388344.4,35.07,33.08,25.01,76.1,97.8,False
MKOANI,2022,1,24,388344.4,21.8,31.13,23.97,75.81,97.8,False
MKOANI,2022,1,31,388344.4,17.63,30.77,24.96,74.5,97.8,False
MKOANI,2022,2,1,388344.4,0.0,31.78,24.49,78.0,97.8,False
MKOANI,2022,2,10,388344.4,4.44,33.06,26.44,76.0,97.8,False
MKOANI,2022,2,15,388344.4,4.33,30.46,24.49,73.58,97.8,False
MKOANI,2022,2,20,388344.4,0.0,32.05,25.04,78.03,97.8,False
MKOANI,2022,3,6,388344.4,0.0,32.93,25.34,67.95,97.8,False
MKOANI,2022,3,20,388344.4,5.38,32.3,25.32,69.17,97.8,True
MKOANI,2022,3,28,388344.4,3.45,31.7,25.87,64.49,97.8,False
MKOANI,2022,4,11,388344.4,6.32,31.17,25.61,80.83,97.8,False
MKOANI,2022,4,21,388344.4,87.95,29.47,25.57,79.2,97.8,False
MKOANI,2022,4,25,388344.4,109.34,30.09,25.44,77.7,97.8,False
MKOANI,2022,5,6,388344.4,91.88,28.88,25.02,84.4,97.8,False
MKOANI,2022,5,24,388344.4,31.66,30.5,25.45,85.6,97.8,False
MKOANI,2022,5,29,388344.4,38.82,30.36,24.66,86.05,97.8,False
MKOANI,2022,6,1,388344.4,0.0,31.05,23.36,10.08,97.8,False
MKOANI,2022,6,16,388344.4,5.52,30.92,23.71,7.74,97.8,False
MKOANI,2022,6,23,388344.4,4.77,27.92,24.52,8.6,97.8,False
MKOANI,2022,6,29,388344.4,20.18,27.6,23.62,8.8,97.8,False
MKOANI,2022,7,8,388344.4,24.25,27.01,22.48,93.8,97.8,False
MKOANI,2022,7,10,388344.4,13.44,27.78,22.45,93.3,97.8,False
MKOANI,2022,8,1,388344.4,18.84,29.41,21.54,92.1,97.8,False
MKOANI,2022,8,15,388344.4,7.48,29.6,20.3,88.59,97.8,False
MKOANI,2022,8,24,388344.4,7.99,27.0,22.22,88.0,97.8,False
MKOANI,2022,9,30,388344.4,17.03,27.76,24.25,87.4,97.8,False
MKOANI,2022,10,3,388344.4,11.36,30.47,23.15,91.2,97.8,False
MKOANI,2022,10,11,388344.4,8.33,31.02,23.97,90.3,97.8,False
MKOANI,2022,11,16,388344.4,4.57,30.79,23.82,92.2,97.8,False
MKOANI,2022,12,8,388344.4,54.13,31.63,24.02,93.77,97.8,False
MKOANI,2022,12,15,388344.4,60.67,32.31,25.03,95.6,97.8,False
MKOANI,2023,1,24,248000.0,15.03,33.17,25.82,87.18,94.0,False
MKOANI,2023,1,29,248000.0,24.03,30.83,25.68,85.92,94.0,False
MKOANI,2023,2,1,248000.0,11.54,33.37,25.46,90.48,94.0,False
MKOANI,2023,2,6,248000.0,11.57,32.07,24.25,90.6,94.0,False
MKOANI,2023,2,16,248000.0,8.46,31.26,25.95,88.7,94.0,False
MKOANI,2023,2,21,248000.0,2.2,32.27,24.86,87.66,94.0,False
MKOANI,2023,2,28,248000.0,9.69,31.68,23.8,89.4,94.0,False
MKOANI,2023,3,2,248000.0,4.59,34.59,24.81,91.9,94.0,False
MKOANI,2023,3,8,248000.0,4.68,31.77,24.76,89.9,94.0,False
MKOANI,2023,3,20,248000.0,28.81,32.53,25.02,91.1,94.0,False
MKOANI,2023,3,31,248000.0,51.24,30.32,24.65,88.7,94.0,False
MKOANI,2023,4,3,248000.0,99.81,31.53,25.48,88.4,94.0,False
MKOANI,2023,4,15,248000.0,55.77,32.47,25.53,90.3,94.0,False
MKOANI,2023,4,24,248000.0,226.02,28.31,25.66,89.9,94.0,False
MKOANI,2023,5,2,248000.0,85.87,29.93,25.33,93.0,94.0,False
MKOANI,2023,5,8,248000.0,97.34,29.58,25.59,97.7,94.0,False
MKOANI,2023,5,19,248000.0,21.28,31.54,24.87,95.3,94.0,False
MKOANI,2023,5,21,248000.0,41.23,29.9,24.4,95.31,94.0,False
MKOANI,2023,5,30,248000.0,51.51,29.61,24.23,93.3,94.0,False
MKOANI,2023,6,1,248000.0,38.01,29.41,24.57,89.2,94.0,False
MKOANI,2023,6,12,248000.0,16.08,29.49,23.74,90.9,94.0,False
MKOANI,2023,6,21,248000.0,26.97,29.11,23.04,88.6,94.0,False
MKOANI,2023,6,25,248000.0,26.82,29.05,24.16,90.65,94.0,False
MKOANI,2023,7,5,248000.0,16.5,28.54,23.98,84.37,94.0,False
MKOANI,2023,7,9,248000.0,5.7,28.89,23.06,84.26,94.0,False
MKOANI,2023,7,23,248000.0,7.39,28.58,24.1,86.15,94.0,False
MKOANI,2023,7,31,248000.0,20.28,27.78,24.64,83.8,94.0,False
MKOANI,2023,8,1,248000.0,4.39,29.71,22.56,87.35,94.0,False
MKOANI,2023,8,10,248000.0,5.69,29.85,21.8,86.7,94.0,False
MKOANI,2023,8,25,248000.0,4.36,30.34,21.46,86.6,94.0,False
MKOANI,2023,8,28,248000.0,4.68,29.94,23.34,86.1,94.0,False
MKOANI,2023,9,7,248000.0,2.23,28.98,23.78,87.86,94.0,False
MKOANI,2023,9,21,248000.0,5.74,29.35,19.75,89.3,94.0,False
MKOANI,2023,9,28,248000.0,4.96,31.61,24.7,87.5,94.0,False
MKOANI,2023,10,6,248000.0,0.98,30.86,24.81,92.2,94.0,False
MKOANI,2023,10,19,248000.0,19.46,32.38,25.25,91.75,94.0,False
MKOANI,2023,10,23,248000.0,20.01,31.11,25.39,92.63,94.0,False
MKOANI,2023,11,2,248000.0,219.03,27.97,25.25,96.3,94.0,False
MKOANI,2023,11,6,248000.0,184.12,28.57,24.15,94.48,94.0,False
MKOANI,2023,11,13,248000.0,162.38,30.75,24.49,95.4,94.0,False
MKOANI,2023,11,21,248000.0,151.31,29.74,24.71,94.72,94.0,False
MKOANI,2023,11,28,248000.0,123.88,30.44,24.43,95.67,94.0,False
MKOANI,2023,12,1,248000.0,33.28,30.62,23.84,89.4,94.0,False
MKOANI,2023,12,5,248000.0,34.76,30.93,24.77,90.22,94.0,False
MKOANI,2023,12,11,248000.0,45.54,32.0,24.88,89.7,94.0,True
MKOANI,2023,12,18,248000.0,24.81,31.77,25.0,90.3,94.0,True
MKOANI,2023,12,24,248000.0,7.23,31.97,25.85,89.82,94.0,True
WETE,2018,1,1,178072.0,8.36,33.07,25.83,92.22,95.0,False
WETE,2018,1,7,178072.0,7.77,32.65,25.64,88.22,95.0,False
WETE,2018,1,14,178072.0,0.07,32.21,25.03,89.59,95.0,True
WETE,2018,1,22,178072.0,0.02,32.08,24.6,90.06,95.0,True
WETE,2018,1,28,178072.0,0.0,32.06,25.74,88.97,95.0,False
WETE,2018,2,1,178072.0,0.0,32.76,25.09,90.1,95.0,False
WETE,2018,2,4,178072.0,0.0,32.43,24.79,90.25,95.0,False
WETE,2018,2,11,178072.0,0.0,30.84,24.94,90.44,95.0,True
WETE,2018,2,19,178072.0,0.0,31.79,24.97,90.2,95.0,False
WETE,2018,2,28,178072.0,0.0,33.3,25.29,90.9,95.0,False
WETE,2018,3,1,178072.0,2.34,32.74,26.28,91.7,95.0,False
WETE,2018,3,6,178072.0,2.44,33.39,24.78,91.6,95.0,False
WETE,2018,3,15,178072.0,5.31,32.67,25.85,92.8,95.0,False
WETE,2018,3,19,178072.0,6.19,33.92,24.82,90.15,95.0,False
WETE,2018,4,3,178072.0,5.46,32.17,25.36,93.42,95.0,False
WETE,2018,4,9,178072.0,16.21,30.24,24.75,96.29,95.0,True
WETE,2018,4,18,178072.0,19.49,31.38,25.06,93.85,95.0,False
WETE,2018,4,23,178072.0,10.36,31.54,24.36,94.0,95.0,True
WETE,2018,4,30,178072.0,5.16,30.96,24.6,93.4,95.0,False
WETE,2018,5,2,178072.0,25.19,29.81,24.03,95.82,95.0,True
WETE,2018,5,7,178072.0,28.81,29.67,24.64,93.84,95.0,True
WETE,2018,5,13,178072.0,24.92,29.56,25.07,94.14,95.0,True
WETE,2018,5,20,178072.0,1.86,30.0,24.3,94.11,95.0,True
WETE,2018,5,27,178072.0,0.84,29.28,24.19,94.62,95.0,True
WETE,2018,6,1,178072.0,0.14,30.92,24.72,88.67,95.0,False
WETE,2018,6,4,178072.0,0.12,30.54,24.71,87.97,95.0,False
WETE,2018,6,10,178072.0,3.73,29.78,23.68,89.14,95.0,False
WETE,2018,6,17,178072.0,4.75,29.02,23.56,88.5,95.0,True
WETE,2018,6,25,178072.0,4.1,29.01,24.1,88.72,95.0,True
WETE,2018,7,1,178072.0,4.43,30.38,23.95,87.35,95.0,False
WETE,2018,7,9,178072.0,2.84,29.45,23.37,85.72,95.0,False
WETE,2018,7,17,178072.0,0.4,28.68,22.93,83.9,95.0,False
WETE,2018,7,22,178072.0,0.74,29.14,23.18,85.12,95.0,False
WETE,2018,8,1,178072.0,0.0,30.34,22.98,85.1,95.0,False
WETE,2018,8,6,178072.0,1.11,28.61,22.89,83.69,95.0,False
WETE,2018,8,13,178072.0,0.52,28.8,22.89,83.07,95.0,False
WETE,2018,8,20,178072.0,0.33,29.64,23.49,84.36,95.0,False
WETE,2018,8,27,178072.0,0.88,29.22,23.16,84.02,95.0,False
WETE,2018,9,3,178072.0,1.96,28.82,22.93,82.83,95.0,False
WETE,2018,9,12,178072.0,0.0,29.03,23.65,82.2,95.0,False
WETE,2018,9,24,178072.0,6.53,29.63,22.96,82.66,95.0,False
WETE,2018,9,30,178072.0,6.28,29.15,22.45,83.8,95.0,False
WETE,2018,10,1,178072.0,0.19,30.19,23.73,88.67,95.0,False
WETE,2018,10,9,178072.0,0.0,29.98,23.74,90.15,95.0,False
WETE,2018,10,16,178072.0,3.34,29.37,23.65,86.63,95.0,False
WETE,2018,10,29,178072.0,28.3,30.48,24.15,87.92,95.0,False
WETE,2018,11,1,178072.0,0.0,32.05,24.55,94.91,95.0,False
WETE,2018,11,5,178072.0,0.0,31.99,24.38,96.05,95.0,False
WETE,2018,11,21,178072.0,10.96,31.58,25.11,95.54,95.0,False
WETE,2018,11,26,178072.0,8.45,31.86,25.45,93.48,95.0,False
WETE,2018,12,3,178072.0,1.1,31.95,24.64,92.76,95.0,False
WETE,2018,12,10,178072.0,5.09,32.24,25.33,93.49,95.0,False
WETE,2018,12,18,178072.0,4.72,30.78,24.3,90.5,95.0,False
WETE,2018,12,24,178072.0,3.84,31.26,24.8,91.34,95.0,False
WETE,2018,12,30,178072.0,4.26,32.63,26.16,92.9,95.0,False
WETE,2019,1,1,222374.0,9.7,32.44,26.7,88.9,95.2,False
WETE,2019,1,8,222374.0,2.72,33.47,25.64,88.58,95.2,False
WETE,2019,1,14,222374.0,0.0,33.29,25.72,89.09,95.2,True
WETE,2019,1,21,222374.0,0.0,32.17,25.37,89.43,95.2,False
WETE,2019,1,28,222374.0,0.0,32.15,25.71,88.79,95.2,False
WETE,2019,2,4,222374.0,0.0,31.06,25.36,87.29,95.2,False
WETE,2019,2,11,222374.0,6.04,31.65,24.91,88.5,95.2,False
WETE,2019,2,18,222374.0,0.0,31.03,24.85,86.9,95.2,False
WETE,2019,2,25,222374.0,41.72,32.88,23.86,87.04,95.2,False
WETE,2019,3,1,222374.0,0.0,33.74,24.68,92.0,95.2,False
WETE,2019,3,7,222374.0,0.0,34.06,24.94,90.5,95.2,False
WETE,2019,3,11,222374.0,0.0,33.2,25.24,90.21,95.2,False
WETE,2019,3,19,222374.0,0.0,35.4,23.75,94.0,95.2,False
WETE,2019,3,29,222374.0,0.5,32.58,26.25,91.3,95.2,False
WETE,2019,4,1,222374.0,31.36,32.62,25.84,95.38,95.2,False
WETE,2019,4,8,222374.0,36.83,32.13,24.82,93.8,95.2,False
WETE,2019,4,15,222374.0,43.64,31.32,24.84,94.14,95.2,False
WETE,2019,4,22,222374.0,30.19,31.48,25.33,94.78,95.2,False
WETE,2019,4,29,222374.0,58.87,31.55,24.07,94.22,95.2,False
WETE,2019,5,2,222374.0,34.8,31.56,25.24,94.05,95.2,False
WETE,2019,5,6,222374.0,55.14,29.23,24.67,94.66,95.2,False
WETE,2019,5,13,222374.0,85.56,28.89,25.04,95.04,95.2,True
WETE,2019,5,19,222374.0,52.08,30.45,24.79,93.61,95.2,True
WETE,2019,5,27,222374.0,213.19,29.68,24.37,95.13,95.2,False
WETE,2019,6,2,222374.0,4.39,30.0,24.61,87.2,95.2,False
WETE,2019,6,10,222374.0,0.69,29.89,23.78,84.61,95.2,True
WETE,2019,6,16,222374.0,6.13,29.7,23.13,86.63,95.2,True
WETE,2019,6,24,222374.0,1.41,29.91,24.05,87.47,95.2,False
WETE,2019,7,1,222374.0,3.8,31.03,23.49,88.81,95.2,True
WETE,2019,7,7,222374.0,0.94,30.05,24.02,88.39,95.2,True
WETE,2019,7,14,222374.0,9.32,29.37,23.71,89.18,95.2,True
WETE,2019,7,22,222374.0,12.14,29.12,23.48,89.54,95.2,True
WETE,2019,7,29,222374.0,0.0,27.99,23.06,89.33,95.2,True
WETE,2019,8,2,222374.0,14.29,30.33,22.03,89.6,95.2,False
WETE,2019,8,6,222374.0,14.57,28.37,22.7,90.94,95.2,False
WETE,2019,8,12,222374.0,0.0,28.79,24.19,90.82,95.2,False
WETE,2019,8,24,222374.0,0.0,28.68,24.66,91.9,95.2,False
WETE,2019,8,31,222374.0,14.1,29.16,24.14,89.9,95.2,False
WETE,2019,9,1,222374.0,0.0,29.44,21.3,88.32,95.2,False
WETE,2019,9,8,222374.0,13.01,29.71,22.31,88.65,95.2,False
WETE,2019,9,17,222374.0,0.0,30.47,21.84,90.6,95.2,False
WETE,2019,9,23,222374.0,4.34,29.87,23.21,88.78,95.2,False
WETE,2019,9,29,222374.0,18.42,29.76,23.35,88.5,95.2,False
WETE,2019,10,1,222374.0,22.91,29.61,24.32,94.27,95.2,False
WETE,2019,10,7,222374.0,60.41,29.05,24.3,94.32,95.2,True
WETE,2019,10,15,222374.0,67.05,28.7,24.69,95.07,95.2,False
WETE,2019,10,20,222374.0,32.71,29.59,24.22,93.53,95.2,True
WETE,2019,10,30,222374.0,85.67,30.29,24.23,96.68,95.2,False
WETE,2019,11,5,222374.0,8.09,29.93,24.73,92.74,95.2,False
WETE,2019,11,17,222374.0,7.69,30.65,23.83,94.87,95.2,False
WETE,2019,11,26,222374.0,57.93,31.39,24.16,94.7,95.2,False
WETE,2019,12,4,222374.0,40.46,32.73,25.23,90.99,95.2,False
WETE,2019,12,8,222374.0,5.58,33.11,25.14,92.88,95.2,True
WETE,2019,12,15,222374.0,21.25,32.36,24.64,92.54,95.2,True
WETE,2019,12,22,222374.0,16.08,32.51,25.08,92.97,95.2,True
WETE,2019,12,30,222374.0,0.0,31.91,25.4,93.99,95.2,False
WETE,2020,1,1,415012.0,0.0,33.76,26.46,86.81,96.9,True
WETE,2020,1,5,415012.0,0.0,32.52,26.1,85.93,96.9,True
WETE,2020,1,12,415012.0,3.87,32.11,25.53,86.47,96.9,True
WETE,2020,1,19,415012.0,15.87,30.8,25.54,86.43,96.9,True
WETE,2020,1,26,415012.0,5.05,30.19,25.84,86.55,96.9,True
WETE,2020,2,1,415012.0,0.0,34.92,25.54,94.7,96.9,False
WETE,2020,2,2,415012.0,0.0,33.04,24.45,92.68,96.9,True
WETE,2020,2,10,415012.0,0.0,31.89,25.37,93.76,96.9,True
WETE,2020,2,16,415012.0,0.0,31.49,25.85,93.57,96.9,True
WETE,2020,2,23,415012.0,5.62,33.14,26.11,93.23,96.9,True
WETE,2020,3,1,415012.0,32.27,32.1,25.51,93.75,96.9,True
WETE,2020,3,9,415012.0,13.99,31.82,25.1,92.77,96.9,True
WETE,2020,3,15,415012.0,17.97,32.32,26.04,93.68,96.9,False
WETE,2020,3,22,415012.0,24.75,31.81,25.1,93.41,96.9,True
WETE,2020,3,29,415012.0,62.68,31.64,25.67,94.48,96.9,True
WETE,2020,4,1,415012.0,49.75,32.81,25.67,85.83,96.9,True
WETE,2020,4,5,415012.0,60.26,31.64,25.43,84.58,96.9,False
WETE,2020,4,12,415012.0,178.28,29.25,24.84,84.21,96.9,False
WETE,2020,4,20,415012.0,54.84,29.36,24.57,85.33,96.9,True
WETE,2020,4,26,415012.0,116.94,29.72,24.76,84.47,96.9,True
WETE,2020,5,1,415012.0,94.83,30.98,23.97,91.0,96.9,False
WETE,2020,5,3,415012.0,94.6,29.23,24.37,90.46,96.9,True
WETE,2020,5,11,415012.0,49.86,29.77,25.23,91.87,96.9,True
WETE,2020,5,17,415012.0,25.11,30.08,24.34,91.24,96.9,True
WETE,2020,5,26,415012.0,2.95,30.04,24.63,91.93,96.9,False
WETE,2020,6,1,415012.0,13.67,30.1,24.96,87.3,96.9,False
WETE,2020,6,7,415012.0,12.89,29.88,24.46,86.21,96.9,False
WETE,2020,6,14,415012.0,3.7,29.99,23.8,86.92,96.9,False
WETE,2020,6,23,415012.0,7.85,29.9,24.74,85.61,96.9,False
WETE,2020,6,29,415012.0,19.04,27.95,23.62,87.8,96.9,False
WETE,2020,7,1,415012.0,7.5,29.62,23.44,80.06,96.9,False
WETE,2020,7,5,415012.0,7.01,27.99,23.4,80.85,96.9,False
WETE,2020,7,13,415012.0,4.92,28.43,23.45,79.8,96.9,False
WETE,2020,7,20,415012.0,3.76,27.97,23.41,81.16,96.9,False
WETE,2020,7,27,415012.0,2.61,28.12,22.95,81.46,96.9,False
WETE,2020,8,1,415012.0,0.0,30.42,22.62,86.7,96.9,False
WETE,2020,8,2,415012.0,0.0,28.58,22.89,84.95,96.9,True
WETE,2020,8,10,415012.0,0.0,28.49,21.86,86.81,96.9,True
WETE,2020,8,16,415012.0,4.9,28.13,23.17,85.23,96.9,True
WETE,2020,8,24,415012.0,0.47,29.32,22.61,84.92,96.9,True
WETE,2020,8,30,415012.0,0.0,28.44,23.32,86.08,96.9,False
WETE,2020,9,1,415012.0,0.0,29.88,23.31,88.78,96.9,False
WETE,2020,9,11,415012.0,0.0,29.89,23.11,87.8,96.9,False
WETE,2020,9,14,415012.0,7.91,29.88,22.6,88.96,96.9,False
WETE,2020,9,21,415012.0,14.26,28.83,22.78,89.24,96.9,False
WETE,2020,9,30,415012.0,8.83,28.92,22.81,86.8,96.9,False
WETE,2020,10,5,415012.0,1.7,30.56,23.66,91.16,96.9,False
WETE,2020,10,11,415012.0,9.07,31.45,23.74,89.51,96.9,False
WETE,2020,10,26,415012.0,3.17,31.48,24.55,88.86,96.9,False
WETE,2020,11,3,415012.0,0.0,29.99,25.58,91.2,96.9,False
WETE,2020,11,13,415012.0,26.99,29.78,24.03,91.1,96.9,False
WETE,2020,11,17,415012.0,6.47,31.24,25.48,91.06,96.9,False
WETE,2020,11,23,415012.0,5.85,30.62,24.89,90.06,96.9,False
WETE,2020,11,30,415012.0,9.39,30.66,24.79,89.8,96.9,False
WETE,2020,12,1,415012.0,30.03,31.05,23.92,91.62,96.9,False
WETE,2020,12,7,415012.0,6.43,32.01,24.91,90.08,96.9,True
WETE,2020,12,14,415012.0,9.84,31.68,24.66,90.81,96.9,True
WETE,2020,12,21,415012.0,21.3,31.61,24.28,89.05,96.9,False
WETE,2020,12,28,415012.0,0.0,31.55,26.42,89.92,96.9,False
WETE,2021,1,1,878264.0,28.12,31.43,25.42,89.52,94.7,False
WETE,2021,1,3,878264.0,34.4,31.19,24.76,90.53,94.7,True
WETE,2021,1,10,878264.0,34.84,31.27,24.67,89.86,94.7,False
WETE,2021,1,19,878264.0,0.0,31.3,24.62,90.27,94.7,False
WETE,2021,1,26,878264.0,0.0,33.16,24.38,88.89,94.7,False
WETE,2021,2,1,878264.0,4.19,33.24,23.92,91.61,94.7,False
WETE,2021,2,10,878264.0,0.0,30.98,24.94,89.3,94.7,False
WETE,2021,2,14,878264.0,0.0,31.67,24.98,90.07,94.7,True
WETE,2021,2,21,878264.0,0.0,32.68,24.69,88.38,94.7,True
WETE,2021,2,28,878264.0,0.0,31.31,24.64,91.3,94.7,False
WETE,2021,3,8,878264.0,0.0,33.26,25.19,68.25,94.7,False
WETE,2021,3,16,878264.0,11.26,32.53,24.29,67.61,94.7,True
WETE,2021,3,21,878264.0,12.71,30.82,24.26,69.8,94.7,False
WETE,2021,3,29,878264.0,64.92,31.6,24.22,68.18,94.7,False
WETE,2021,4,1,878264.0,22.47,31.02,26.46,81.7,94.7,False
WETE,2021,4,4,878264.0,26.62,30.69,24.9,84.66,94.7,False
WETE,2021,4,11,878264.0,38.51,29.69,25.17,85.08,94.7,False
WETE,2021,4,19,878264.0,59.99,28.55,24.4,84.57,94.7,True
WETE,2021,4,25,878264.0,40.16,30.97,25.41,86.0,94.7,False
WETE,2021,5,2,878264.0,70.42,28.49,24.67,85.96,94.7,True
WETE,2021,5,10,878264.0,0.0,30.93,23.61,87.23,94.7,False
WETE,2021,5,16,878264.0,1.67,31.14,24.39,86.16,94.7,True
WETE,2021,5,23,878264.0,1.76,30.58,24.24,87.52,94.7,False
WETE,2021,5,31,878264.0,0.0,28.79,25.3,86.3,94.7,False
WETE,2021,6,1,878264.0,2.44,29.85,23.94,84.17,94.7,True
WETE,2021,6,7,878264.0,13.9,29.11,23.97,86.58,94.7,False
WETE,2021,6,14,878264.0,3.86,28.93,23.85,85.52,94.7,False
WETE,2021,6,21,878264.0,1.22,28.86,23.47,84.06,94.7,True
WETE,2021,6,27,878264.0,20.23,28.14,22.35,86.14,94.7,False
WETE,2021,7,1,878264.0,0.0,30.65,22.81,85.1,94.7,False
WETE,2021,7,4,878264.0,0.0,28.66,23.57,82.41,94.7,False
WETE,2021,7,11,878264.0,1.14,28.62,24.2,82.45,94.7,False
WETE,2021,7,19,878264.0,0.0,29.6,24.39,84.76,94.7,False
WETE,2021,7,26,878264.0,0.0,29.55,23.57,80.98,94.7,False
WETE,2021,8,1,878264.0,8.93,28.91,22.75,86.47,94.7,False
WETE,2021,8,9,878264.0,0.0,29.12,22.04,87.15,94.7,False
WETE,2021,8,16,878264.0,2.27,29.55,22.69,85.92,94.7,False
WETE,2021,8,31,878264.0,2.09,27.77,22.31,85.4,94.7,False
WETE,2021,9,1,878264.0,1.06,30.42,24.07,84.83,94.7,False
WETE,2021,9,6,878264.0,1.02,27.2,23.6,85.85,94.7,False
WETE,2021,9,13,878264.0,2.68,29.14,22.8,85.52,94.7,False
WETE,2021,10,2,878264.0,0.0,31.76,22.23,88.5,94.7,False
WETE,2021,10,4,878264.0,0.0,31.74,23.33,88.3,94.7,False
WETE,2021,10,11,878264.0,0.0,30.39,24.25,90.5,94.7,False
WETE,2021,10,18,878264.0,5.54,30.52,23.55,88.41,94.7,False
WETE,2021,10,31,878264.0,2.05,30.04,22.47,86.5,94.7,False
WETE,2021,11,1,878264.0,0.0,32.07,24.79,89.31,94.7,False
WETE,2021,11,11,878264.0,0.0,32.55,24.14,90.48,94.7,False
WETE,2021,11,15,878264.0,0.0,30.65,23.18,89.5,94.7,False
WETE,2021,11,25,878264.0,21.08,33.21,25.7,90.04,94.7,False
WETE,2021,12,5,878264.0,51.16,30.36,24.93,91.43,94.7,False
WETE,2021,12,13,878264.0,51.56,30.93,24.66,90.67,94.7,False
WETE,2021,12,20,878264.0,15.45,31.54,24.78,91.92,94.7,True
WETE,2022,1,2,388344.4,0.0,32.68,25.41,75.11,97.8,True
WETE,2022,1,9,388344.4,0.0,33.14,26.29,75.64,97.8,True
WETE,2022,1,16,388344.4,4.7,33.0,24.81,75.52,97.8,True
WETE,2022,1,24,388344.4,0.28,31.04,24.64,75.87,97.8,False
WETE,2022,1,31,388344.4,0.0,30.6,25.92,74.5,97.8,False
WETE,2022,2,1,388344.4,0.0,31.39,25.11,77.6,97.8,False
WETE,2022,2,6,388344.4,0.0,31.77,25.15,76.04,97.8,False
WETE,2022,2,14,388344.4,10.49,31.38,25.68,77.57,97.8,False
WETE,2022,2,21,388344.4,28.1,32.43,24.77,77.16,97.8,False
WETE,2022,3,3,388344.4,0.0,33.33,24.54,68.91,97.8,False
WETE,2022,3,7,388344.4,0.0,32.53,24.69,67.98,97.8,True
WETE,2022,3,14,388344.4,0.0,32.06,25.01,68.92,97.8,False
WETE,2022,3,21,388344.4,3.66,31.24,25.35,69.23,97.8,False
WETE,2022,3,28,388344.4,13.7,32.79,25.14,71.68,97.8,False
WETE,2022,4,1,388344.4,5.01,32.53,25.26,82.34,97.8,False
WETE,2022,4,4,388344.4,5.13,32.02,24.9,79.66,97.8,True
WETE,2022,4,11,388344.4,9.75,31.38,25.73,78.35,97.8,True
WETE,2022,4,18,388344.4,85.67,29.95,24.82,79.84,97.8,True
WETE,2022,4,24,388344.4,91.68,30.3,24.9,81.14,97.8,False
WETE,2022,5,2,388344.4,39.28,29.58,25.24,86.57,97.8,True
WETE,2022,5,8,388344.4,2.58,30.99,26.09,86.1,97.8,True
WETE,2022,5,16,388344.4,11.69,30.67,25.3,86.01,97.8,True
WETE,2022,5,23,388344.4,13.9,31.9,25.64,85.49,97.8,True
WETE,2022,5,30,388344.4,24.24,30.07,26.24,84.2,97.8,False
WETE,2022,6,2,388344.4,33.14,30.28,22.84,9.6,97.8,False
WETE,2022,6,7,388344.4,30.8,28.06,24.79,8.8,97.8,False
WETE,2022,6,16,388344.4,5.67,29.19,24.9,9.55,97.8,False
WETE,2022,6,19,388344.4,1.74,29.07,24.51,9.7,97.8,False
WETE,2022,6,27,388344.4,10.68,28.88,24.38,8.45,97.8,False
WETE,2022,7,1,388344.4,16.56,29.24,21.7,95.9,97.8,False
WETE,2022,7,5,388344.4,15.09,26.57,22.89,95.08,97.8,False
WETE,2022,7,10,388344.4,10.1,28.39,22.69,94.27,97.8,False
WETE,2022,7,18,388344.4,6.48,28.09,23.08,93.9,97.8,False
WETE,2022,7,27,388344.4,0.0,28.25,22.39,93.94,97.8,False
WETE,2022,7,31,388344.4,0.0,27.44,23.08,92.7,97.8,False
WETE,2022,8,2,388344.4,0.0,28.76,20.88,88.52,97.8,False
WETE,2022,8,9,388344.4,0.0,28.3,22.16,88.75,97.8,False
WETE,2022,8,15,388344.4,0.0,27.29,21.57,87.8,97.8,False
WETE,2022,9,8,388344.4,0.0,29.29,21.89,89.53,97.8,False
WETE,2022,9,12,388344.4,0.0,28.52,21.78,86.42,97.8,False
WETE,2022,9,30,388344.4,5.13,29.12,23.55,87.4,97.8,False
WETE,2022,10,14,388344.4,0.0,28.63,21.39,90.4,97.8,False
WETE,2022,10,19,388344.4,5.39,30.25,22.66,89.46,97.8,False
WETE,2022,10,31,388344.4,54.39,29.55,24.25,91.4,97.8,False
WETE,2022,11,1,388344.4,0.0,31.46,23.7,92.66,97.8,False
WETE,2022,11,7,388344.4,0.0,29.53,23.16,92.19,97.8,False
WETE,2022,11,14,388344.4,10.43,30.27,24.01,93.81,97.8,False
WETE,2022,11,21,388344.4,15.74,30.69,24.05,94.28,97.8,False
WETE,2022,11,27,388344.4,42.43,30.52,25.03,92.03,97.8,False
WETE,2022,12,2,388344.4,0.0,31.62,24.28,95.0,97.8,False
WETE,2022,12,16,388344.4,5.12,31.77,25.33,94.62,97.8,False
WETE,2022,12,19,388344.4,5.22,32.87,25.01,93.55,97.8,False
WETE,2022,12,27,388344.4,4.89,31.4,26.07,93.4,97.8,False
WETE,2023,1,9,248000.0,7.33,31.85,25.83,87.75,94.0,False
WETE,2023,1,18,248000.0,0.0,32.15,25.35,85.68,94.0,False
WETE,2023,1,23,248000.0,1.8,31.89,25.05,87.6,94.0,False
WETE,2023,1,30,248000.0,9.56,30.9,25.27,87.55,94.0,False
WETE,2023,2,1,248000.0,0.0,33.11,24.85,90.53,94.0,False
WETE,2023,2,6,248000.0,0.0,32.18,24.89,90.68,94.0,False
WETE,2023,2,13,248000.0,0.0,31.2,24.69,89.78,94.0,False
WETE,2023,2,19,248000.0,0.0,32.17,25.16,89.16,94.0,False
WETE,2023,2,28,248000.0,0.0,31.96,23.66,89.4,94.0,False
WETE,2023,3,2,248000.0,0.0,33.6,24.31,91.7,94.0,False
WETE,2023,3,5,248000.0,0.0,31.79,24.3,90.02,94.0,False
WETE,2023,3,23,248000.0,23.33,31.63,25.3,92.65,94.0,False
WETE,2023,3,29,248000.0,17.17,31.14,25.8,91.62,94.0,False
WETE,2023,4,8,248000.0,10.86,31.16,25.34,90.5,94.0,False
WETE,2023,4,11,248000.0,29.99,31.79,24.98,89.38,94.0,False
WETE,2023,4,17,248000.0,83.17,28.3,24.18,89.51,94.0,False
WETE,2023,4,24,248000.0,81.87,29.75,24.69,90.26,94.0,False
WETE,2023,5,4,248000.0,0.0,30.69,24.53,95.36,94.0,False
WETE,2023,5,7,248000.0,5.84,30.39,25.0,95.92,94.0,False
WETE,2023,5,19,248000.0,0.0,30.74,25.28,95.3,94.0,False
WETE,2023,5,22,248000.0,30.38,30.07,25.03,95.38,94.0,False
WETE,2023,5,29,248000.0,81.03,29.48,24.82,94.75,94.0,False
WETE,2023,6,3,248000.0,0.0,29.41,22.53,88.7,94.0,False
WETE,2023,6,5,248000.0,26.33,29.14,23.55,88.48,94.0,False
WETE,2023,6,12,248000.0,89.38,28.99,24.33,89.75,94.0,False
WETE,2023,6,18,248000.0,0.0,29.88,23.57,89.89,94.0,False
WETE,2023,6,26,248000.0,4.69,29.8,23.56,90.75,94.0,False
WETE,2023,7,5,248000.0,15.65,28.35,22.87,85.1,94.0,False
WETE,2023,7,11,248000.0,6.11,29.06,23.26,85.52,94.0,False
WETE,2023,7,16,248000.0,6.25,29.23,22.64,85.19,94.0,False
WETE,2023,7,24,248000.0,2.38,28.69,23.41,85.0,94.0,False
WETE,2023,7,31,248000.0,2.8,28.32,23.21,83.8,94.0,False
WETE,2023,8,3,248000.0,0.0,28.87,23.49,88.1,94.0,False
WETE,2023,8,7,248000.0,0.0,29.4,23.83,85.0,94.0,False
WETE,2023,8,13,248000.0,0.75,29.7,22.55,87.21,94.0,True
WETE,2023,8,21,248000.0,6.76,29.4,22.35,86.5,94.0,False
WETE,2023,8,28,248000.0,8.85,29.0,22.88,87.53,94.0,False
WETE,2023,9,1,248000.0,0.0,30.9,21.42,88.75,94.0,False
WETE,2023,9,4,248000.0,0.0,30.74,23.16,87.99,94.0,False
WETE,2023,9,12,248000.0,0.0,29.48,22.35,87.51,94.0,False
WETE,2023,9,17,248000.0,0.0,30.59,21.86,89.9,94.0,False
WETE,2023,9,25,248000.0,0.0,30.52,22.14,87.94,94.0,False
WETE,2023,10,2,248000.0,12.24,31.04,25.64,91.1,94.0,False
WETE,2023,10,10,248000.0,0.0,31.03,23.85,90.97,94.0,False
WETE,2023,10,16,248000.0,31.6,31.83,23.45,92.28,94.0,False
WETE,2023,10,25,248000.0,15.39,31.52,24.74,91.54,94.0,False
WETE,2023,10,29,248000.0,23.36,31.55,23.42,92.55,94.0,False
WETE,2023,11,1,248000.0,79.02,27.61,24.53,96.02,94.0,False
WETE,2023,11,8,248000.0,72.23,28.33,25.06,93.0,94.0,False
WETE,2023,11,13,248000.0,47.55,30.52,24.16,96.27,94.0,False
WETE,2023,11,20,248000.0,48.76,29.95,24.73,94.73,94.0,False
WETE,2023,11,26,248000.0,46.81,30.28,24.42,92.7,94.0,False
WETE,2023,12,2,248000.0,5.25,30.95,23.93,94.4,94.0,False
WETE,2023,12,3,248000.0,7.78,30.99,25.04,89.58,94.0,True
WETE,2023,12,10,248000.0,30.77,30.95,24.91,89.41,94.0,True
WETE,2023,12,17,248000.0,14.07,31.94,25.17,90.89,94.0,True
WETE,2023,12,24,248000.0,14.48,31.79,26.07,91.27,94.0,True
