District,Station,Year,Month,Week,Rainfall,Max_temperature,Min_temperature,Humidity
CHAKE-CHAKE,Karume airport Pemba,2018,1,1,1.53,32.59,26.33,91.98
CHAKE-CHAKE,Karume airport Pemba,2018,1,2,1.41,33.05,26.61,88.24
CHAKE-CHAKE,Karume airport Pemba,2018,1,3,0.08,32.42,25.86,89.66
CHAKE-CHAKE,Karume airport Pemba,2018,1,4,0.0,31.92,26.15,88.85
CHAKE-CHAKE,Karume airport Pemba,2018,1,5,0.0,31.35,26.23,88.88
CHAKE-CHAKE,Karume airport Pemba,2018,2,5,0.0,32.03,25.28,90.1
CHAKE-CHAKE,Karume airport Pemba,2018,2,6,0.0,32.42,25.11,90.82
CHAKE-CHAKE,Karume airport Pemba,2018,2,7,0.0,31.14,25.45,89.4
CHAKE-CHAKE,Karume airport Pemba,2018,2,8,0.0,31.92,25.89,88.04
CHAKE-CHAKE,Karume airport Pemba,2018,2,9,0.0,32.97,25.91,90.4
CHAKE-CHAKE,Karume airport Pemba,2018,3,9,18.5,33.43,24.54,92.5
CHAKE-CHAKE,Karume airport Pemba,2018,3,10,9.56,32.59,25.51,91.64
CHAKE-CHAKE,Karume airport Pemba,2018,3,11,8.32,31.86,24.39,92.19
CHAKE-CHAKE,Karume airport Pemba,2018,3,12,6.27,33.59,25.02,88.3
CHAKE-CHAKE,Karume airport Pemba,2018,3,13,9.26,33.78,25.52,92.4
CHAKE-CHAKE,Karume airport Pemba,2018,4,14,8.15,32.2,24.83,93.7
CHAKE-CHAKE,Karume airport Pemba,2018,4,15,20.03,30.85,24.59,96.39
CHAKE-CHAKE,Karume airport Pemba,2018,4,16,16.17,31.8,25.51,94.21
CHAKE-CHAKE,Karume airport Pemba,2018,4,17,8.13,31.09,25.22,95.11
CHAKE-CHAKE,Karume airport Pemba,2018,4,18,6.59,31.14,24.64,93.4
CHAKE-CHAKE,Karume airport Pemba,2018,5,18,37.97,29.41,24.69,95.74
CHAKE-CHAKE,Karume airport Pemba,2018,5,19,30.76,29.12,24.17,93.62
CHAKE-CHAKE,Karume airport Pemba,2018,5,20,25.62,29.42,24.78,94.79
CHAKE-CHAKE,Karume airport Pemba,2018,5,21,9.65,29.28,24.89,94.76
CHAKE-CHAKE,Karume airport Pemba,2018,5,22,12.86,29.8,24.46,93.94
CHAKE-CHAKE,Karume airport Pemba,2018,6,23,5.72,30.42,25.61,89.1
CHAKE-CHAKE,Karume airport Pemba,2018,6,24,2.19,28.81,23.55,87.51
CHAKE-CHAKE,Karume airport Pemba,2018,6,25,0.03,28.95,23.86,88.7
CHAKE-CHAKE,Karume airport Pemba,2018,6,26,2.63,29.32,23.27,88.35
CHAKE-CHAKE,Karume airport Pemba,2018,7,27,1.78,29.95,24.23,86.88
CHAKE-CHAKE,Karume airport Pemba,2018,7,28,0.79,29.66,24.09,85.4
CHAKE-CHAKE,Karume airport Pemba,2018,7,29,1.23,28.25,22.92,84.52
CHAKE-CHAKE,Karume airport Pemba,2018,7,30,1.38,28.6,22.93,86.36
CHAKE-CHAKE,Karume airport Pemba,2018,7,31,1.64,30.14,23.9,87.5
CHAKE-CHAKE,Karume airport Pemba,2018,8,31,0.0,29.03,23.31,85.1
CHAKE-CHAKE,Karume airport Pemba,2018,8,32,0.0,28.41,22.87,84.26
CHAKE-CHAKE,Karume airport Pemba,2018,8,33,0.0,29.1,22.31,83.74
CHAKE-CHAKE,Karume airport Pemba,2018,8,34,0.0,29.23,24.11,84.56
CHAKE-CHAKE,Karume airport Pemba,2018,8,35,0.0,29.1,22.65,84.55
CHAKE-CHAKE,Karume airport Pemba,2018,9,35,0.84,28.86,23.19,85.0
CHAKE-CHAKE,Karume airport Pemba,2018,9,36,0.87,28.81,23.13,85.02
CHAKE-CHAKE,Karume airport Pemba,2018,9,39,5.36,29.82,22.88,83.76
CHAKE-CHAKE,Karume airport Pemba,2018,10,40,0.0,29.98,24.55,90.09
CHAKE-CHAKE,Karume airport Pemba,2018,10,41,0.15,29.4,24.25,89.87
CHAKE-CHAKE,Karume airport Pemba,2018,10,42,0.58,29.36,22.74,86.43
CHAKE-CHAKE,Karume airport Pemba,2018,10,43,1.4,29.98,23.35,88.67
CHAKE-CHAKE,Karume airport Pemba,2018,10,44,7.73,30.33,24.2,87.4
CHAKE-CHAKE,Karume airport Pemba,2018,11,45,1.84,30.87,24.23,93.5
CHAKE-CHAKE,Karume airport Pemba,2018,11,46,2.02,31.56,23.73,93.9
CHAKE-CHAKE,Karume airport Pemba,2018,11,47,2.52,31.76,25.04,93.0
CHAKE-CHAKE,Karume airport Pemba,2018,11,48,0.41,32.22,25.03,91.93
CHAKE-CHAKE,Karume airport Pemba,2018,12,49,0.0,32.3,24.48,92.6
CHAKE-CHAKE,Karume airport Pemba,2018,12,50,4.5,32.26,24.29,92.97
CHAKE-CHAKE,Karume airport Pemba,2018,12,51,1.65,31.65,24.37,95.28
CHAKE-CHAKE,Karume airport Pemba,2018,12,52,0.78,32.32,24.81,92.29
CHAKE-CHAKE,Karume airport Pemba,2019,1,2,3.67,33.16,26.13,86.96
CHAKE-CHAKE,Karume airport Pemba,2019,1,3,0.44,32.77,25.43,89.27
CHAKE-CHAKE,Karume airport Pemba,2019,1,4,0.52,32.3,24.74,88.91
CHAKE-CHAKE,Karume airport Pemba,2019,1,5,0.0,32.06,25.52,89.85
CHAKE-CHAKE,Karume airport Pemba,2019,2,6,0.36,31.44,24.09,88.45
CHAKE-CHAKE,Karume airport Pemba,2019,2,7,0.25,31.79,24.9,87.5
CHAKE-CHAKE,Karume airport Pemba,2019,2,8,3.76,30.79,25.38,85.0
CHAKE-CHAKE,Karume airport Pemba,2019,2,9,38.42,33.35,26.44,85.3
CHAKE-CHAKE,Karume airport Pemba,2019,3,9,0.0,33.13,24.87,92.0
CHAKE-CHAKE,Karume airport Pemba,2019,3,10,0.0,33.22,24.49,91.9
CHAKE-CHAKE,Karume airport Pemba,2019,3,11,0.0,32.9,25.7,88.7
CHAKE-CHAKE,Karume airport Pemba,2019,3,12,0.0,31.99,25.89,90.73
CHAKE-CHAKE,Karume airport Pemba,2019,3,13,2.73,34.35,25.9,91.33
CHAKE-CHAKE,Karume airport Pemba,2019,4,14,22.98,31.31,24.89,94.77
CHAKE-CHAKE,Karume airport Pemba,2019,4,15,2.19,31.71,25.49,94.56
CHAKE-CHAKE,Karume airport Pemba,2019,4,17,37.45,30.17,25.03,97.1
CHAKE-CHAKE,Karume airport Pemba,2019,4,18,70.29,31.87,24.47,94.27
CHAKE-CHAKE,Karume airport Pemba,2019,5,18,230.0,32.69,25.31,95.0
CHAKE-CHAKE,Karume airport Pemba,2019,5,19,216.7,29.94,24.82,92.8
CHAKE-CHAKE,Karume airport Pemba,2019,5,20,143.68,28.48,25.27,95.24
CHAKE-CHAKE,Karume airport Pemba,2019,5,21,121.38,30.44,23.83,96.2
CHAKE-CHAKE,Karume airport Pemba,2019,5,22,175.59,29.64,24.5,94.58
CHAKE-CHAKE,Karume airport Pemba,2019,6,23,7.16,28.93,24.07,85.4
CHAKE-CHAKE,Karume airport Pemba,2019,6,24,2.94,30.4,24.06,83.69
CHAKE-CHAKE,Karume airport Pemba,2019,6,25,7.45,28.52,23.12,87.29
CHAKE-CHAKE,Karume airport Pemba,2019,6,26,0.0,29.73,23.69,86.83
CHAKE-CHAKE,Karume airport Pemba,2019,7,27,0.0,30.44,23.48,88.37
CHAKE-CHAKE,Karume airport Pemba,2019,7,28,1.26,29.61,24.47,88.3
CHAKE-CHAKE,Karume airport Pemba,2019,7,29,2.24,29.23,25.33,87.91
CHAKE-CHAKE,Karume airport Pemba,2019,7,30,4.46,28.69,22.82,90.07
CHAKE-CHAKE,Karume airport Pemba,2019,7,31,0.05,28.18,22.42,89.32
CHAKE-CHAKE,Karume airport Pemba,2019,8,31,7.04,30.69,22.74,92.3
CHAKE-CHAKE,Karume airport Pemba,2019,8,32,6.18,29.49,22.52,90.88
CHAKE-CHAKE,Karume airport Pemba,2019,8,33,0.19,29.23,23.87,89.85
CHAKE-CHAKE,Karume airport Pemba,2019,8,34,2.74,29.66,23.88,90.56
CHAKE-CHAKE,Karume airport Pemba,2019,8,35,3.66,29.16,21.68,91.47
CHAKE-CHAKE,Karume airport Pemba,2019,9,36,0.0,29.01,21.53,89.9
CHAKE-CHAKE,Karume airport Pemba,2019,9,38,0.97,29.91,21.52,88.66
CHAKE-CHAKE,Karume airport Pemba,2019,9,39,1.11,29.44,22.5,88.27
CHAKE-CHAKE,Karume airport Pemba,2019,10,40,15.9,29.92,25.29,95.0
CHAKE-CHAKE,Karume airport Pemba,2019,10,41,75.0,29.07,24.18,94.15
CHAKE-CHAKE,Karume airport Pemba,2019,10,42,99.74,28.97,24.44,94.4
CHAKE-CHAKE,Karume airport Pemba,2019,10,43,65.99,28.93,23.39,93.81
CHAKE-CHAKE,Karume airport Pemba,2019,10,44,72.26,30.31,24.09,95.9
CHAKE-CHAKE,Karume airport Pemba,2019,11,44,12.26,31.57,24.98,94.0
CHAKE-CHAKE,Karume airport Pemba,2019,11,45,13.05,30.18,24.66,93.1
CHAKE-CHAKE,Karume airport Pemba,2019,11,47,28.09,30.56,24.29,93.3
CHAKE-CHAKE,Karume airport Pemba,2019,11,48,31.45,31.55,24.38,93.17
CHAKE-CHAKE,Karume airport Pemba,2019,12,49,3.61,32.0,24.85,92.24
CHAKE-CHAKE,Karume airport Pemba,2019,12,50,2.68,33.38,24.96,91.94
CHAKE-CHAKE,Karume airport Pemba,2019,12,51,92.49,31.3,24.91,91.58
CHAKE-CHAKE,Karume airport Pemba,2019,12,52,62.49,32.42,24.85,93.43
CHAKE-CHAKE,Karume airport Pemba,2019,12,53,31.08,32.46,25.49,94.15
CHAKE-CHAKE,Karume airport Pemba,2020,1,1,2.94,33.21,26.03,85.9
CHAKE-CHAKE,Karume airport Pemba,2020,1,2,11.91,32.08,25.79,86.07
CHAKE-CHAKE,Karume airport Pemba,2020,1,3,23.98,31.65,24.9,86.78
CHAKE-CHAKE,Karume airport Pemba,2020,1,4,0.09,30.5,25.58,85.99
CHAKE-CHAKE,Karume airport Pemba,2020,1,5,7.3,30.78,25.8,86.85
CHAKE-CHAKE,Karume airport Pemba,2020,2,5,0.0,34.84,24.81,94.7
CHAKE-CHAKE,Karume airport Pemba,2020,2,6,0.0,31.57,24.94,93.24
CHAKE-CHAKE,Karume airport Pemba,2020,2,7,8.46,31.5,24.67,93.72
CHAKE-CHAKE,Karume airport Pemba,2020,2,8,0.0,31.09,25.94,92.14
CHAKE-CHAKE,Karume airport Pemba,2020,2,9,10.39,32.11,26.13,93.9
CHAKE-CHAKE,Karume airport Pemba,2020,3,10,0.0,32.38,25.73,94.07
CHAKE-CHAKE,Karume airport Pemba,2020,3,11,0.0,31.78,25.12,92.86
CHAKE-CHAKE,Karume airport Pemba,2020,3,12,4.06,31.49,26.01,93.38
CHAKE-CHAKE,Karume airport Pemba,2020,3,13,19.19,31.65,25.36,93.47
CHAKE-CHAKE,Karume airport Pemba,2020,3,14,53.09,31.71,24.66,95.49
CHAKE-CHAKE,Karume airport Pemba,2020,4,14,38.97,33.33,25.53,86.4
CHAKE-CHAKE,Karume airport Pemba,2020,4,15,41.87,31.1,24.83,86.31
CHAKE-CHAKE,Karume airport Pemba,2020,4,16,41.5,29.68,25.05,84.2
CHAKE-CHAKE,Karume airport Pemba,2020,4,17,77.5,29.32,24.85,85.72
CHAKE-CHAKE,Karume airport Pemba,2020,4,18,42.3,30.39,24.03,84.9
CHAKE-CHAKE,Karume airport Pemba,2020,5,19,76.46,29.2,24.9,89.8
CHAKE-CHAKE,Karume airport Pemba,2020,5,20,0.0,29.26,24.86,92.57
CHAKE-CHAKE,Karume airport Pemba,2020,5,21,0.71,29.19,24.64,91.5
CHAKE-CHAKE,Karume airport Pemba,2020,5,22,3.08,30.63,24.68,92.19
CHAKE-CHAKE,Karume airport Pemba,2020,6,23,9.41,30.94,25.33,88.2
CHAKE-CHAKE,Karume airport Pemba,2020,6,24,5.56,30.52,24.22,85.8
CHAKE-CHAKE,Karume airport Pemba,2020,6,25,1.16,29.78,23.54,86.92
CHAKE-CHAKE,Karume airport Pemba,2020,6,26,1.13,27.74,24.17,87.52
CHAKE-CHAKE,Karume airport Pemba,2020,6,27,28.76,27.95,23.81,87.8
CHAKE-CHAKE,Karume airport Pemba,2020,7,27,0.94,29.78,23.68,80.09
CHAKE-CHAKE,Karume airport Pemba,2020,7,28,1.74,29.39,23.51,80.14
CHAKE-CHAKE,Karume airport Pemba,2020,7,29,3.01,28.41,22.41,81.5
CHAKE-CHAKE,Karume airport Pemba,2020,7,30,3.48,27.13,23.06,80.55
CHAKE-CHAKE,Karume airport Pemba,2020,7,31,1.05,28.75,23.67,80.28
CHAKE-CHAKE,Karume airport Pemba,2020,8,32,3.3,28.99,23.27,85.23
CHAKE-CHAKE,Karume airport Pemba,2020,8,33,0.0,28.02,21.99,86.79
CHAKE-CHAKE,Karume airport Pemba,2020,8,34,7.0,28.83,22.91,84.86
CHAKE-CHAKE,Karume airport Pemba,2020,8,35,4.69,28.67,23.34,86.08
CHAKE-CHAKE,Karume airport Pemba,2020,9,36,0.5,28.98,22.35,88.25
CHAKE-CHAKE,Karume airport Pemba,2020,9,37,3.92,29.37,23.24,88.09
CHAKE-CHAKE,Karume airport Pemba,2020,9,38,7.35,29.5,23.52,88.9
CHAKE-CHAKE,Karume airport Pemba,2020,9,39,3.01,29.26,22.22,88.7
CHAKE-CHAKE,Karume airport Pemba,2020,9,40,2.23,28.56,23.05,86.73
CHAKE-CHAKE,Karume airport Pemba,2020,10,40,0.0,31.64,23.2,89.45
CHAKE-CHAKE,Karume airport Pemba,2020,10,41,0.0,28.37,25.26,90.6
CHAKE-CHAKE,Karume airport Pemba,2020,10,42,0.37,30.59,23.36,87.01
CHAKE-CHAKE,Karume airport Pemba,2020,10,44,1.0,30.12,23.88,89.7
CHAKE-CHAKE,Karume airport Pemba,2020,11,45,0.43,28.43,25.4,93.0
CHAKE-CHAKE,Karume airport Pemba,2020,11,46,0.0,29.79,24.27,91.92
CHAKE-CHAKE,Karume airport Pemba,2020,11,47,0.0,31.18,24.96,90.5
CHAKE-CHAKE,Karume airport Pemba,2020,11,48,0.08,30.29,24.71,90.1
CHAKE-CHAKE,Karume airport Pemba,2020,12,49,17.57,31.91,24.44,90.44
CHAKE-CHAKE,Karume airport Pemba,2020,12,50,13.28,31.83,24.4,89.64
CHAKE-CHAKE,Karume airport Pemba,2020,12,51,11.39,31.79,25.03,90.41
CHAKE-CHAKE,Karume airport Pemba,2020,12,52,12.1,31.24,24.72,91.4
CHAKE-CHAKE,Karume airport Pemba,2020,12,53,7.94,31.75,26.53,90.07
CHAKE-CHAKE,Karume airport Pemba,2021,1,1,2.84,31.34,25.72,89.7
CHAKE-CHAKE,Karume airport Pemba,2021,1,2,4.65,30.92,24.83,90.17
CHAKE-CHAKE,Karume airport Pemba,2021,1,3,39.32,30.25,24.69,90.48
CHAKE-CHAKE,Karume airport Pemba,2021,1,4,0.0,32.45,25.24,90.47
CHAKE-CHAKE,Karume airport Pemba,2021,1,5,7.76,32.33,25.13,90.11
CHAKE-CHAKE,Karume airport Pemba,2021,2,6,0.0,32.21,23.7,90.68
CHAKE-CHAKE,Karume airport Pemba,2021,2,7,2.08,30.84,23.59,89.88
CHAKE-CHAKE,Karume airport Pemba,2021,2,8,2.23,31.58,25.11,89.64
CHAKE-CHAKE,Karume airport Pemba,2021,2,9,0.0,30.9,25.02,90.71
CHAKE-CHAKE,Karume airport Pemba,2021,3,11,0.0,33.96,25.23,68.72
CHAKE-CHAKE,Karume airport Pemba,2021,3,12,0.0,31.08,24.55,68.42
CHAKE-CHAKE,Karume airport Pemba,2021,3,13,22.36,32.79,24.96,69.8
CHAKE-CHAKE,Karume airport Pemba,2021,4,14,40.7,31.6,24.57,88.4
CHAKE-CHAKE,Karume airport Pemba,2021,4,15,41.76,30.45,25.48,84.82
CHAKE-CHAKE,Karume airport Pemba,2021,4,16,45.85,29.94,24.81,84.56
CHAKE-CHAKE,Karume airport Pemba,2021,4,17,83.69,29.26,23.59,85.82
CHAKE-CHAKE,Karume airport Pemba,2021,4,18,25.95,31.15,25.39,85.23
CHAKE-CHAKE,Karume airport Pemba,2021,5,19,82.31,28.13,26.01,86.0
CHAKE-CHAKE,Karume airport Pemba,2021,5,20,0.0,30.9,25.0,87.35
CHAKE-CHAKE,Karume airport Pemba,2021,5,21,0.77,30.15,24.78,85.57
CHAKE-CHAKE,Karume airport Pemba,2021,5,22,1.34,30.0,24.72,87.96
CHAKE-CHAKE,Karume airport Pemba,2021,6,23,10.35,30.19,24.12,83.63
CHAKE-CHAKE,Karume airport Pemba,2021,6,24,7.15,28.88,23.68,86.78
CHAKE-CHAKE,Karume airport Pemba,2021,6,25,4.25,28.55,23.45,85.95
CHAKE-CHAKE,Karume airport Pemba,2021,6,26,1.79,28.13,22.84,84.32
CHAKE-CHAKE,Karume airport Pemba,2021,6,27,19.45,29.49,22.86,85.3
CHAKE-CHAKE,Karume airport Pemba,2021,7,27,1.02,30.12,23.17,81.65
CHAKE-CHAKE,Karume airport Pemba,2021,7,28,0.9,28.4,23.33,82.6
CHAKE-CHAKE,Karume airport Pemba,2021,7,29,2.98,29.24,24.07,81.13
CHAKE-CHAKE,Karume airport Pemba,2021,7,30,4.49,27.94,22.98,86.8
CHAKE-CHAKE,Karume airport Pemba,2021,7,31,1.22,27.66,23.23,83.27
CHAKE-CHAKE,Karume airport Pemba,2021,8,32,3.32,28.58,21.73,84.6
CHAKE-CHAKE,Karume airport Pemba,2021,8,33,0.0,29.51,21.38,86.44
CHAKE-CHAKE,Karume airport Pemba,2021,8,34,0.0,27.95,21.14,85.7
CHAKE-CHAKE,Karume airport Pemba,2021,8,35,1.2,30.04,21.2,85.93
CHAKE-CHAKE,Karume airport Pemba,2021,8,36,2.53,28.25,22.26,85.4
CHAKE-CHAKE,Karume airport Pemba,2021,9,36,0.49,30.42,23.27,86.3
CHAKE-CHAKE,Karume airport Pemba,2021,9,37,3.12,28.68,23.42,85.22
CHAKE-CHAKE,Karume airport Pemba,2021,9,38,7.18,27.59,22.86,84.7
CHAKE-CHAKE,Karume airport Pemba,2021,9,39,2.62,27.71,21.77,86.1
CHAKE-CHAKE,Karume airport Pemba,2021,9,40,2.28,28.26,22.6,83.17
CHAKE-CHAKE,Karume airport Pemba,2021,10,40,0.0,31.66,22.97,86.9
CHAKE-CHAKE,Karume airport Pemba,2021,10,41,0.0,31.74,22.31,88.3
CHAKE-CHAKE,Karume airport Pemba,2021,10,42,0.0,30.44,23.86,88.82
CHAKE-CHAKE,Karume airport Pemba,2021,10,43,9.97,30.56,23.29,88.12
CHAKE-CHAKE,Karume airport Pemba,2021,10,44,0.95,30.91,22.22,88.83
CHAKE-CHAKE,Karume airport Pemba,2021,11,45,0.47,31.57,24.52,89.55
CHAKE-CHAKE,Karume airport Pemba,2021,11,46,0.0,32.85,25.07,90.7
CHAKE-CHAKE,Karume airport Pemba,2021,11,48,0.15,33.43,24.99,88.08
CHAKE-CHAKE,Karume airport Pemba,2021,12,50,14.6,30.56,24.88,90.61
CHAKE-CHAKE,Karume airport Pemba,2021,12,51,12.3,30.24,24.41,91.0
CHAKE-CHAKE,Karume airport Pemba,2021,12,52,12.17,31.27,24.95,91.41
CHAKE-CHAKE,Karume airport Pemba,2021,12,53,9.6,31.7,25.23,91.13
CHAKE-CHAKE,Karume airport Pemba,2022,1,1,0.0,32.92,25.32,74.5
CHAKE-CHAKE,Karume airport Pemba,2022,1,2,0.0,32.61,25.62,74.45
CHAKE-CHAKE,Karume airport Pemba,2022,1,3,0.45,34.06,26.13,76.62
CHAKE-CHAKE,Karume airport Pemba,2022,1,4,25.23,33.28,24.4,76.22
CHAKE-CHAKE,Karume airport Pemba,2022,1,5,19.69,31.32,24.61,76.73
CHAKE-CHAKE,Karume airport Pemba,2022,1,6,0.0,29.5,24.4,75.9
CHAKE-CHAKE,Karume airport Pemba,2022,2,6,4.94,31.25,24.56,76.8
CHAKE-CHAKE,Karume airport Pemba,2022,2,7,2.27,31.88,24.53,77.34
CHAKE-CHAKE,Karume airport Pemba,2022,2,8,1.6,32.44,25.19,78.34
CHAKE-CHAKE,Karume airport Pemba,2022,2,9,3.16,31.81,25.23,77.4
CHAKE-CHAKE,Karume airport Pemba,2022,3,10,0.0,33.52,25.35,68.78
CHAKE-CHAKE,Karume airport Pemba,2022,3,11,0.0,32.98,23.96,71.1
CHAKE-CHAKE,Karume airport Pemba,2022,3,13,10.19,33.0,24.86,69.92
CHAKE-CHAKE,Karume airport Pemba,2022,3,14,11.07,33.24,26.0,71.82
CHAKE-CHAKE,Karume airport Pemba,2022,4,15,3.32,31.84,24.57,79.71
CHAKE-CHAKE,Karume airport Pemba,2022,4,16,12.43,31.46,24.85,79.64
CHAKE-CHAKE,Karume airport Pemba,2022,4,17,95.79,30.2,24.29,80.33
CHAKE-CHAKE,Karume airport Pemba,2022,4,18,98.7,30.53,26.0,80.09
CHAKE-CHAKE,Karume airport Pemba,2022,5,19,41.24,30.0,24.67,84.7
CHAKE-CHAKE,Karume airport Pemba,2022,5,20,0.32,31.64,25.3,82.8
CHAKE-CHAKE,Karume airport Pemba,2022,5,21,1.5,30.9,25.52,85.8
CHAKE-CHAKE,Karume airport Pemba,2022,5,22,3.14,30.46,25.71,85.3
CHAKE-CHAKE,Karume airport Pemba,2022,5,23,6.02,30.16,25.37,84.2
CHAKE-CHAKE,Karume airport Pemba,2022,6,23,38.17,30.58,23.44,9.66
CHAKE-CHAKE,Karume airport Pemba,2022,6,24,33.71,28.39,23.71,7.83
CHAKE-CHAKE,Karume airport Pemba,2022,6,25,4.15,29.53,23.79,8.31
CHAKE-CHAKE,Karume airport Pemba,2022,6,26,1.19,29.6,25.01,9.92
CHAKE-CHAKE,Karume airport Pemba,2022,6,27,4.44,29.04,24.06,8.7
CHAKE-CHAKE,Karume airport Pemba,2022,7,27,15.93,27.98,22.19,95.9
CHAKE-CHAKE,Karume airport Pemba,2022,7,30,11.04,27.4,22.43,94.92
CHAKE-CHAKE,Karume airport Pemba,2022,7,31,2.4,28.75,22.37,94.47
CHAKE-CHAKE,Karume airport Pemba,2022,7,32,0.55,26.94,22.62,92.7
CHAKE-CHAKE,Karume airport Pemba,2022,8,33,3.49,27.43,21.13,88.7
CHAKE-CHAKE,Karume airport Pemba,2022,8,34,4.01,27.73,22.39,87.42
CHAKE-CHAKE,Karume airport Pemba,2022,8,35,0.82,27.26,21.54,88.0
CHAKE-CHAKE,Karume airport Pemba,2022,8,36,4.8,27.36,21.95,91.3
CHAKE-CHAKE,Karume airport Pemba,2022,9,36,0.28,29.96,22.35,89.4
CHAKE-CHAKE,Karume airport Pemba,2022,9,38,1.74,31.26,23.25,88.4
CHAKE-CHAKE,Karume airport Pemba,2022,9,39,1.67,30.1,22.75,88.5
CHAKE-CHAKE,Karume airport Pemba,2022,9,40,6.56,29.43,22.35,87.5
CHAKE-CHAKE,Karume airport Pemba,2022,10,41,0.0,29.15,22.52,90.48
CHAKE-CHAKE,Karume airport Pemba,2022,10,43,0.0,30.63,22.75,89.4
CHAKE-CHAKE,Karume airport Pemba,2022,10,44,7.01,29.7,23.5,89.13
CHAKE-CHAKE,Karume airport Pemba,2022,11,46,1.72,31.76,24.6,91.65
CHAKE-CHAKE,Karume airport Pemba,2022,11,47,4.84,30.99,24.55,93.37
CHAKE-CHAKE,Karume airport Pemba,2022,11,48,7.47,30.58,24.82,93.02
CHAKE-CHAKE,Karume airport Pemba,2022,11,49,6.34,30.83,24.65,93.4
CHAKE-CHAKE,Karume airport Pemba,2022,12,49,0.0,32.16,24.36,94.1
CHAKE-CHAKE,Karume airport Pemba,2022,12,50,0.0,31.46,25.51,91.7
CHAKE-CHAKE,Karume airport Pemba,2022,12,52,0.0,32.1,25.41,94.98
CHAKE-CHAKE,Karume airport Pemba,2023,1,1,2.33,32.35,27.03,85.4
CHAKE-CHAKE,Karume airport Pemba,2023,1,2,13.62,31.75,25.11,86.35
CHAKE-CHAKE,Karume airport Pemba,2023,1,3,10.7,32.37,25.38,87.7
CHAKE-CHAKE,Karume airport Pemba,2023,1,4,2.2,32.41,25.12,87.49
CHAKE-CHAKE,Karume airport Pemba,2023,1,5,3.24,30.84,25.96,87.0
CHAKE-CHAKE,Karume airport Pemba,2023,2,5,3.86,33.5,25.01,90.26
CHAKE-CHAKE,Karume airport Pemba,2023,2,6,3.5,32.35,24.75,87.2
CHAKE-CHAKE,Karume airport Pemba,2023,2,7,5.45,31.85,25.15,88.76
CHAKE-CHAKE,Karume airport Pemba,2023,2,8,0.0,31.3,25.79,88.4
CHAKE-CHAKE,Karume airport Pemba,2023,2,9,0.0,33.42,23.65,90.1
CHAKE-CHAKE,Karume airport Pemba,2023,3,11,1.75,31.54,25.59,92.1
CHAKE-CHAKE,Karume airport Pemba,2023,3,12,1.87,31.55,25.59,91.7
CHAKE-CHAKE,Karume airport Pemba,2023,4,14,21.13,30.11,25.19,89.5
CHAKE-CHAKE,Karume airport Pemba,2023,4,15,9.36,31.13,25.23,89.78
CHAKE-CHAKE,Karume airport Pemba,2023,4,16,197.33,29.01,25.09,90.0
CHAKE-CHAKE,Karume airport Pemba,2023,4,17,200.7,29.22,25.27,90.07
CHAKE-CHAKE,Karume airport Pemba,2023,4,18,275.22,28.04,25.07,90.0
CHAKE-CHAKE,Karume airport Pemba,2023,5,18,8.12,30.55,25.21,96.28
CHAKE-CHAKE,Karume airport Pemba,2023,5,20,10.87,30.32,25.58,96.07
CHAKE-CHAKE,Karume airport Pemba,2023,5,21,23.04,30.55,25.11,95.98
CHAKE-CHAKE,Karume airport Pemba,2023,6,22,68.59,28.38,23.06,89.2
CHAKE-CHAKE,Karume airport Pemba,2023,6,23,67.93,28.96,23.41,88.51
CHAKE-CHAKE,Karume airport Pemba,2023,6,24,27.9,29.9,24.07,90.1
CHAKE-CHAKE,Karume airport Pemba,2023,6,25,0.0,29.74,23.32,89.73
CHAKE-CHAKE,Karume airport Pemba,2023,6,26,7.95,28.79,23.61,90.42
CHAKE-CHAKE,Karume airport Pemba,2023,7,26,9.94,28.41,23.73,85.4
CHAKE-CHAKE,Karume airport Pemba,2023,7,27,10.62,28.26,23.2,84.42
CHAKE-CHAKE,Karume airport Pemba,2023,7,28,3.21,28.64,22.57,85.68
CHAKE-CHAKE,Karume airport Pemba,2023,7,29,1.41,28.91,23.02,84.88
CHAKE-CHAKE,Karume airport Pemba,2023,7,30,3.21,28.89,22.86,84.97
CHAKE-CHAKE,Karume airport Pemba,2023,7,31,7.01,28.78,23.49,83.8
CHAKE-CHAKE,Karume airport Pemba,2023,8,31,3.9,29.43,22.59,87.74
CHAKE-CHAKE,Karume airport Pemba,2023,8,32,4.83,28.76,23.78,88.9
CHAKE-CHAKE,Karume airport Pemba,2023,8,33,4.1,28.59,23.51,86.5
CHAKE-CHAKE,Karume airport Pemba,2023,8,34,0.0,30.78,22.95,86.85
CHAKE-CHAKE,Karume airport Pemba,2023,8,35,0.0,30.71,23.04,86.1
CHAKE-CHAKE,Karume airport Pemba,2023,9,38,0.0,30.65,20.59,89.08
CHAKE-CHAKE,Karume airport Pemba,2023,9,39,7.47,30.52,22.53,88.47
CHAKE-CHAKE,Karume airport Pemba,2023,10,40,2.75,30.47,24.34,90.9
CHAKE-CHAKE,Karume airport Pemba,2023,10,41,0.0,30.53,23.68,91.96
CHAKE-CHAKE,Karume airport Pemba,2023,10,42,37.44,32.52,24.64,91.7
CHAKE-CHAKE,Karume airport Pemba,2023,10,43,1.78,31.24,23.72,92.7
CHAKE-CHAKE,Karume airport Pemba,2023,10,44,1.86,31.58,24.38,91.95
CHAKE-CHAKE,Karume airport Pemba,2023,11,45,44.36,29.45,24.72,95.86
CHAKE-CHAKE,Karume airport Pemba,2023,11,46,49.86,29.31,25.02,97.18
CHAKE-CHAKE,Karume airport Pemba,2023,11,47,48.42,31.01,24.05,96.5
CHAKE-CHAKE,Karume airport Pemba,2023,11,48,97.79,30.47,24.79,93.93
CHAKE-CHAKE,Karume airport Pemba,2023,12,49,16.97,30.64,25.23,89.7
CHAKE-CHAKE,Karume airport Pemba,2023,12,50,8.28,31.7,24.97,89.65
CHAKE-CHAKE,Karume airport Pemba,2023,12,51,18.05,31.41,24.94,90.3
CHAKE-CHAKE,Karume airport Pemba,2023,12,52,3.22,31.76,25.95,90.73
KASKAZINI A,MKOKOTONI-Zanzibar,2018,1,1,1.76,32.84,25.36,74.71
KASKAZINI A,MKOKOTONI-Zanzibar,2018,1,2,0.14,33.41,25.37,73.44
KASKAZINI A,MKOKOTONI-Zanzibar,2018,1,3,0.0,32.43,25.43,74.11
KASKAZINI A,MKOKOTONI-Zanzibar,2018,1,4,0.0,32.03,25.88,74.91
KASKAZINI A,MKOKOTONI-Zanzibar,2018,1,5,0.0,31.76,25.03,74.02
KASKAZINI A,MKOKOTONI-Zanzibar,2018,2,5,0.0,33.46,24.41,71.65
KASKAZINI A,MKOKOTONI-Zanzibar,2018,2,6,0.0,31.4,24.96,73.33
KASKAZINI A,MKOKOTONI-Zanzibar,2018,2,7,1.89,30.77,25.06,72.98
KASKAZINI A,MKOKOTONI-Zanzibar,2018,2,8,2.53,30.7,25.63,72.85
KASKAZINI A,MKOKOTONI-Zanzibar,2018,2,9,0.0,31.98,26.39,73.86
KASKAZINI A,MKOKOTONI-Zanzibar,2018,3,9,2.86,32.44,25.61,77.5
KASKAZINI A,MKOKOTONI-Zanzibar,2018,3,10,3.49,32.04,25.58,77.06
KASKAZINI A,MKOKOTONI-Zanzibar,2018,3,11,3.75,32.7,25.0,76.96
KASKAZINI A,MKOKOTONI-Zanzibar,2018,3,12,8.3,33.38,25.15,76.32
KASKAZINI A,MKOKOTONI-Zanzibar,2018,3,13,16.86,33.92,25.09,77.06
KASKAZINI A,MKOKOTONI-Zanzibar,2018,4,14,0.0,31.89,25.66,86.65
KASKAZINI A,MKOKOTONI-Zanzibar,2018,4,15,17.63,30.73,24.59,86.37
KASKAZINI A,MKOKOTONI-Zanzibar,2018,4,16,13.54,31.91,24.5,86.34
KASKAZINI A,MKOKOTONI-Zanzibar,2018,4,17,5.01,30.55,25.35,87.88
KASKAZINI A,MKOKOTONI-Zanzibar,2018,4,18,2.0,30.52,25.99,87.95
KASKAZINI A,MKOKOTONI-Zanzibar,2018,5,18,23.98,29.63,24.33,83.61
KASKAZINI A,MKOKOTONI-Zanzibar,2018,5,19,34.6,29.56,24.76,83.28
KASKAZINI A,MKOKOTONI-Zanzibar,2018,5,20,23.2,29.95,24.38,82.22
KASKAZINI A,MKOKOTONI-Zanzibar,2018,5,21,9.42,29.72,24.17,82.82
KASKAZINI A,MKOKOTONI-Zanzibar,2018,5,22,5.19,29.94,24.46,83.22
KASKAZINI A,MKOKOTONI-Zanzibar,2018,6,22,0.0,30.21,24.06,72.34
KASKAZINI A,MKOKOTONI-Zanzibar,2018,6,23,0.1,30.24,24.81,73.16
KASKAZINI A,MKOKOTONI-Zanzibar,2018,6,24,4.13,29.59,23.94,74.11
KASKAZINI A,MKOKOTONI-Zanzibar,2018,6,25,0.36,28.91,23.8,73.96
KASKAZINI A,MKOKOTONI-Zanzibar,2018,6,26,0.0,29.64,23.76,73.39
KASKAZINI A,MKOKOTONI-Zanzibar,2018,7,27,5.64,29.97,23.94,71.06
KASKAZINI A,MKOKOTONI-Zanzibar,2018,7,28,0.14,29.24,24.06,71.74
KASKAZINI A,MKOKOTONI-Zanzibar,2018,7,29,0.0,28.97,23.18,69.84
KASKAZINI A,MKOKOTONI-Zanzibar,2018,7,30,3.2,29.17,23.49,70.77
KASKAZINI A,MKOKOTONI-Zanzibar,2018,7,31,4.49,29.16,24.41,72.15
KASKAZINI A,MKOKOTONI-Zanzibar,2018,8,31,0.0,29.24,22.52,73.92
KASKAZINI A,MKOKOTONI-Zanzibar,2018,8,32,0.0,29.39,22.57,72.69
KASKAZINI A,MKOKOTONI-Zanzibar,2018,8,33,0.12,28.67,22.93,73.87
KASKAZINI A,MKOKOTONI-Zanzibar,2018,8,34,0.85,28.89,23.58,75.29
KASKAZINI A,MKOKOTONI-Zanzibar,2018,8,35,1.32,29.03,22.84,74.26
KASKAZINI A,MKOKOTONI-Zanzibar,2018,9,36,1.1,29.06,23.35,67.8
KASKAZINI A,MKOKOTONI-Zanzibar,2018,9,37,1.61,29.38,23.41,67.73
KASKAZINI A,MKOKOTONI-Zanzibar,2018,9,38,1.02,29.83,22.74,68.8
KASKAZINI A,MKOKOTONI-Zanzibar,2018,9,39,0.26,29.65,23.03,67.8
KASKAZINI A,MKOKOTONI-Zanzibar,2018,9,40,0.0,30.0,22.92,70.15
KASKAZINI A,MKOKOTONI-Zanzibar,2018,10,40,0.0,30.3,23.7,73.79
KASKAZINI A,MKOKOTONI-Zanzibar,2018,10,41,0.0,29.51,24.13,73.78
KASKAZINI A,MKOKOTONI-Zanzibar,2018,10,42,4.61,29.48,23.11,73.94
KASKAZINI A,MKOKOTONI-Zanzibar,2018,10,43,4.98,29.7,24.0,74.22
KASKAZINI A,MKOKOTONI-Zanzibar,2018,10,44,3.4,30.52,23.85,74.2
KASKAZINI A,MKOKOTONI-Zanzibar,2018,11,44,4.36,32.46,24.62,75.86
KASKAZINI A,MKOKOTONI-Zanzibar,2018,11,45,4.77,32.18,24.87,77.26
KASKAZINI A,MKOKOTONI-Zanzibar,2018,11,46,1.68,31.09,24.52,77.68
KASKAZINI A,MKOKOTONI-Zanzibar,2018,11,47,9.17,31.08,24.53,76.02
KASKAZINI A,MKOKOTONI-Zanzibar,2018,11,48,10.5,31.65,25.59,76.65
KASKAZINI A,MKOKOTONI-Zanzibar,2018,12,49,1.06,32.6,24.6,75.58
KASKAZINI A,MKOKOTONI-Zanzibar,2018,12,50,0.0,32.62,24.85,76.27
KASKAZINI A,MKOKOTONI-Zanzibar,2018,12,51,8.75,32.2,24.74,76.62
KASKAZINI A,MKOKOTONI-Zanzibar,2018,12,52,3.1,32.22,25.11,76.54
KASKAZINI A,MKOKOTONI-Zanzibar,2018,12,53,0.0,32.74,25.42,76.05
KASKAZINI A,MKOKOTONI-Zanzibar,2019,1,1,4.77,32.93,25.86,69.2
KASKAZINI A,MKOKOTONI-Zanzibar,2019,1,2,3.91,32.85,25.88,69.94
KASKAZINI A,MKOKOTONI-Zanzibar,2019,1,3,3.13,33.02,25.68,69.5
KASKAZINI A,MKOKOTONI-Zanzibar,2019,1,4,4.59,32.42,24.07,69.93
KASKAZINI A,MKOKOTONI-Zanzibar,2019,1,5,0.0,33.5,25.12,69.05
KASKAZINI A,MKOKOTONI-Zanzibar,2019,2,6,0.0,31.59,24.77,66.21
KASKAZINI A,MKOKOTONI-Zanzibar,2019,2,7,0.0,31.71,23.97,67.16
KASKAZINI A,MKOKOTONI-Zanzibar,2019,2,8,0.0,31.39,25.26,68.29
KASKAZINI A,MKOKOTONI-Zanzibar,2019,2,9,47.35,32.48,24.78,67.43
KASKAZINI A,MKOKOTONI-Zanzibar,2019,3,10,16.8,33.07,24.99,74.75
KASKAZINI A,MKOKOTONI-Zanzibar,2019,3,11,2.83,33.34,25.07,73.13
KASKAZINI A,MKOKOTONI-Zanzibar,2019,3,12,11.15,34.89,25.68,72.89
KASKAZINI A,MKOKOTONI-Zanzibar,2019,3,13,12.82,34.65,24.93,72.39
KASKAZINI A,MKOKOTONI-Zanzibar,2019,4,14,57.78,31.98,25.09,87.01
KASKAZINI A,MKOKOTONI-Zanzibar,2019,4,15,3.46,31.99,25.17,87.22
KASKAZINI A,MKOKOTONI-Zanzibar,2019,4,16,6.92,31.2,25.44,86.82
KASKAZINI A,MKOKOTONI-Zanzibar,2019,4,17,8.91,32.9,25.41,86.65
KASKAZINI A,MKOKOTONI-Zanzibar,2019,4,18,56.31,32.89,24.68,87.85
KASKAZINI A,MKOKOTONI-Zanzibar,2019,5,18,33.3,30.88,24.82,87.31
KASKAZINI A,MKOKOTONI-Zanzibar,2019,5,19,45.91,29.8,24.7,86.07
KASKAZINI A,MKOKOTONI-Zanzibar,2019,5,20,40.82,30.51,25.31,86.23
KASKAZINI A,MKOKOTONI-Zanzibar,2019,5,21,6.97,29.08,24.33,86.23
KASKAZINI A,MKOKOTONI-Zanzibar,2019,5,22,3.71,30.79,25.56,86.03
KASKAZINI A,MKOKOTONI-Zanzibar,2019,6,23,0.0,29.44,24.41,71.43
KASKAZINI A,MKOKOTONI-Zanzibar,2019,6,24,0.52,29.98,24.26,72.06
KASKAZINI A,MKOKOTONI-Zanzibar,2019,6,25,7.25,28.94,23.09,72.31
KASKAZINI A,MKOKOTONI-Zanzibar,2019,6,26,16.12,29.33,24.57,72.27
KASKAZINI A,MKOKOTONI-Zanzibar,2019,7,27,0.0,30.11,23.37,68.98
KASKAZINI A,MKOKOTONI-Zanzibar,2019,7,28,4.57,30.18,23.71,69.51
KASKAZINI A,MKOKOTONI-Zanzibar,2019,7,29,6.09,29.08,23.85,68.91
KASKAZINI A,MKOKOTONI-Zanzibar,2019,7,30,2.24,29.34,22.55,68.91
KASKAZINI A,MKOKOTONI-Zanzibar,2019,7,31,0.0,29.31,24.11,69.11
KASKAZINI A,MKOKOTONI-Zanzibar,2019,8,31,0.8,30.34,22.83,72.7
KASKAZINI A,MKOKOTONI-Zanzibar,2019,8,32,1.58,29.28,23.56,73.15
KASKAZINI A,MKOKOTONI-Zanzibar,2019,8,33,4.3,29.33,22.64,73.24
KASKAZINI A,MKOKOTONI-Zanzibar,2019,8,34,4.85,29.39,22.86,73.39
KASKAZINI A,MKOKOTONI-Zanzibar,2019,8,35,6.89,29.62,23.13,73.52
KASKAZINI A,MKOKOTONI-Zanzibar,2019,9,36,13.49,30.2,22.56,73.47
KASKAZINI A,MKOKOTONI-Zanzibar,2019,9,37,5.35,30.03,21.84,74.42
KASKAZINI A,MKOKOTONI-Zanzibar,2019,9,38,3.13,29.53,23.22,73.41
KASKAZINI A,MKOKOTONI-Zanzibar,2019,9,39,21.24,29.95,23.96,73.68
KASKAZINI A,MKOKOTONI-Zanzibar,2019,10,40,0.0,29.91,23.92,77.21
KASKAZINI A,MKOKOTONI-Zanzibar,2019,10,41,3.67,29.83,23.97,76.85
KASKAZINI A,MKOKOTONI-Zanzibar,2019,10,42,3.44,29.62,24.07,77.99
KASKAZINI A,MKOKOTONI-Zanzibar,2019,10,43,0.0,29.46,23.99,77.73
KASKAZINI A,MKOKOTONI-Zanzibar,2019,10,44,0.0,30.39,24.84,75.91
KASKAZINI A,MKOKOTONI-Zanzibar,2019,11,44,12.99,31.3,23.92,77.85
KASKAZINI A,MKOKOTONI-Zanzibar,2019,11,45,16.06,30.62,24.87,76.99
KASKAZINI A,MKOKOTONI-Zanzibar,2019,11,46,12.67,30.96,24.78,77.36
KASKAZINI A,MKOKOTONI-Zanzibar,2019,11,47,8.46,31.43,25.56,75.48
KASKAZINI A,MKOKOTONI-Zanzibar,2019,11,48,32.02,31.84,24.53,76.2
KASKAZINI A,MKOKOTONI-Zanzibar,2019,12,49,1.59,32.47,24.17,75.3
KASKAZINI A,MKOKOTONI-Zanzibar,2019,12,50,0.2,32.55,25.05,75.74
KASKAZINI A,MKOKOTONI-Zanzibar,2019,12,51,2.41,31.97,24.95,75.47
KASKAZINI A,MKOKOTONI-Zanzibar,2019,12,52,1.95,33.33,25.14,75.83
KASKAZINI A,MKOKOTONI-Zanzibar,2019,12,53,2.01,32.35,25.87,77.35
KASKAZINI A,MKOKOTONI-Zanzibar,2020,1,1,0.0,34.06,25.75,74.62
KASKAZINI A,MKOKOTONI-Zanzibar,2020,1,2,6.17,32.18,25.4,75.33
KASKAZINI A,MKOKOTONI-Zanzibar,2020,1,3,17.09,31.83,25.25,74.3
KASKAZINI A,MKOKOTONI-Zanzibar,2020,1,4,33.02,30.86,25.62,74.29
KASKAZINI A,MKOKOTONI-Zanzibar,2020,1,5,11.29,31.14,25.97,73.81
KASKAZINI A,MKOKOTONI-Zanzibar,2020,2,5,0.0,34.41,25.74,76.05
KASKAZINI A,MKOKOTONI-Zanzibar,2020,2,6,0.0,33.44,24.86,74.96
KASKAZINI A,MKOKOTONI-Zanzibar,2020,2,7,6.63,31.8,25.27,75.21
KASKAZINI A,MKOKOTONI-Zanzibar,2020,2,8,1.69,31.06,25.38,75.24
KASKAZINI A,MKOKOTONI-Zanzibar,2020,2,9,0.37,32.58,25.51,75.35
KASKAZINI A,MKOKOTONI-Zanzibar,2020,3,10,44.55,32.22,25.55,78.76
KASKAZINI A,MKOKOTONI-Zanzibar,2020,3,11,36.07,32.61,25.71,79.2
KASKAZINI A,MKOKOTONI-Zanzibar,2020,3,12,34.53,31.77,25.87,78.06
KASKAZINI A,MKOKOTONI-Zanzibar,2020,3,13,34.36,31.63,25.23,78.41
KASKAZINI A,MKOKOTONI-Zanzibar,2020,3,14,44.12,31.65,25.05,80.43
KASKAZINI A,MKOKOTONI-Zanzibar,2020,4,14,36.16,33.06,25.32,87.43
KASKAZINI A,MKOKOTONI-Zanzibar,2020,4,15,74.74,31.1,25.14,86.72
KASKAZINI A,MKOKOTONI-Zanzibar,2020,4,16,125.45,29.8,24.61,86.3
KASKAZINI A,MKOKOTONI-Zanzibar,2020,4,17,147.56,28.77,24.28,86.16
KASKAZINI A,MKOKOTONI-Zanzibar,2020,4,18,128.71,29.71,24.06,87.01
KASKAZINI A,MKOKOTONI-Zanzibar,2020,5,18,116.4,29.94,24.57,83.25
KASKAZINI A,MKOKOTONI-Zanzibar,2020,5,19,84.19,29.25,24.22,83.37
KASKAZINI A,MKOKOTONI-Zanzibar,2020,5,20,7.55,29.52,24.98,83.99
KASKAZINI A,MKOKOTONI-Zanzibar,2020,5,21,20.71,29.33,24.45,83.51
KASKAZINI A,MKOKOTONI-Zanzibar,2020,5,22,2.91,30.63,24.42,83.56
KASKAZINI A,MKOKOTONI-Zanzibar,2020,5,23,6.98,29.66,24.22,83.5
KASKAZINI A,MKOKOTONI-Zanzibar,2020,6,23,0.0,30.31,25.43,76.95
KASKAZINI A,MKOKOTONI-Zanzibar,2020,6,24,1.16,30.32,24.63,77.37
KASKAZINI A,MKOKOTONI-Zanzibar,2020,6,25,0.9,29.99,24.33,77.72
KASKAZINI A,MKOKOTONI-Zanzibar,2020,6,26,1.21,28.44,23.76,77.8
KASKAZINI A,MKOKOTONI-Zanzibar,2020,6,27,5.07,28.28,23.47,76.27
KASKAZINI A,MKOKOTONI-Zanzibar,2020,7,27,1.16,29.68,24.33,75.42
KASKAZINI A,MKOKOTONI-Zanzibar,2020,7,28,3.89,28.87,23.93,74.01
KASKAZINI A,MKOKOTONI-Zanzibar,2020,7,29,10.27,28.36,23.14,75.0
KASKAZINI A,MKOKOTONI-Zanzibar,2020,7,30,18.78,28.08,22.52,75.46
KASKAZINI A,MKOKOTONI-Zanzibar,2020,7,31,1.92,28.45,23.67,74.54
KASKAZINI A,MKOKOTONI-Zanzibar,2020,8,31,1.01,29.79,23.43,76.85
KASKAZINI A,MKOKOTONI-Zanzibar,2020,8,32,1.17,28.61,23.61,78.04
KASKAZINI A,MKOKOTONI-Zanzibar,2020,8,33,0.0,29.19,22.21,78.36
KASKAZINI A,MKOKOTONI-Zanzibar,2020,8,34,14.93,29.24,22.62,77.33
KASKAZINI A,MKOKOTONI-Zanzibar,2020,8,35,8.99,29.02,22.77,78.07
KASKAZINI A,MKOKOTONI-Zanzibar,2020,8,36,8.21,29.21,23.3,76.6
KASKAZINI A,MKOKOTONI-Zanzibar,2020,9,36,0.0,29.91,23.22,81.72
KASKAZINI A,MKOKOTONI-Zanzibar,2020,9,37,0.0,29.88,23.52,80.82
KASKAZINI A,MKOKOTONI-Zanzibar,2020,9,38,0.0,30.1,22.76,82.87
KASKAZINI A,MKOKOTONI-Zanzibar,2020,9,39,2.95,28.99,22.64,81.24
KASKAZINI A,MKOKOTONI-Zanzibar,2020,9,40,21.48,29.25,23.35,81.82
KASKAZINI A,MKOKOTONI-Zanzibar,2020,10,40,7.79,31.94,23.79,81.44
KASKAZINI A,MKOKOTONI-Zanzibar,2020,10,41,8.34,29.7,22.92,81.76
KASKAZINI A,MKOKOTONI-Zanzibar,2020,10,42,14.73,30.31,24.31,81.8
KASKAZINI A,MKOKOTONI-Zanzibar,2020,10,43,0.0,31.06,23.61,81.45
KASKAZINI A,MKOKOTONI-Zanzibar,2020,10,44,8.79,30.48,24.63,81.7
KASKAZINI A,MKOKOTONI-Zanzibar,2020,11,45,23.76,29.96,23.96,83.6
KASKAZINI A,MKOKOTONI-Zanzibar,2020,11,46,51.24,29.78,24.68,82.67
KASKAZINI A,MKOKOTONI-Zanzibar,2020,11,47,35.98,31.17,24.75,82.53
KASKAZINI A,MKOKOTONI-Zanzibar,2020,11,48,39.24,30.49,25.28,82.99
KASKAZINI A,MKOKOTONI-Zanzibar,2020,11,49,15.29,30.87,24.53,82.8
KASKAZINI A,MKOKOTONI-Zanzibar,2020,12,49,5.05,31.73,24.41,80.35
KASKAZINI A,MKOKOTONI-Zanzibar,2020,12,50,0.64,32.01,24.7,80.33
KASKAZINI A,MKOKOTONI-Zanzibar,2020,12,51,4.01,31.5,24.76,80.71
KASKAZINI A,MKOKOTONI-Zanzibar,2020,12,52,12.4,31.47,24.87,80.8
KASKAZINI A,MKOKOTONI-Zanzibar,2020,12,53,15.48,31.71,25.98,80.65
KASKAZINI A,MKOKOTONI-Zanzibar,2021,1,1,12.14,31.84,25.73,79.28
KASKAZINI A,MKOKOTONI-Zanzibar,2021,1,2,13.79,31.08,24.67,78.94
KASKAZINI A,MKOKOTONI-Zanzibar,2021,1,3,26.97,30.02,25.32,79.34
KASKAZINI A,MKOKOTONI-Zanzibar,2021,1,4,0.0,32.84,24.09,78.74
KASKAZINI A,MKOKOTONI-Zanzibar,2021,1,5,8.51,31.81,24.44,79.34
KASKAZINI A,MKOKOTONI-Zanzibar,2021,1,6,19.82,30.59,23.89,78.55
KASKAZINI A,MKOKOTONI-Zanzibar,2021,2,6,0.0,32.18,24.87,78.18
KASKAZINI A,MKOKOTONI-Zanzibar,2021,2,7,4.64,30.74,25.34,78.7
KASKAZINI A,MKOKOTONI-Zanzibar,2021,2,8,2.36,31.59,25.45,78.37
KASKAZINI A,MKOKOTONI-Zanzibar,2021,2,9,28.42,31.5,24.34,77.51
KASKAZINI A,MKOKOTONI-Zanzibar,2021,2,10,67.33,31.85,24.28,77.1
KASKAZINI A,MKOKOTONI-Zanzibar,2021,3,10,0.0,32.68,26.07,77.41
KASKAZINI A,MKOKOTONI-Zanzibar,2021,3,11,0.0,32.74,25.14,77.28
KASKAZINI A,MKOKOTONI-Zanzibar,2021,3,12,0.0,32.52,23.95,77.33
KASKAZINI A,MKOKOTONI-Zanzibar,2021,3,13,4.77,32.31,25.14,77.79
KASKAZINI A,MKOKOTONI-Zanzibar,2021,3,14,14.28,31.26,24.41,76.84
KASKAZINI A,MKOKOTONI-Zanzibar,2021,4,14,51.63,30.55,25.03,86.2
KASKAZINI A,MKOKOTONI-Zanzibar,2021,4,15,45.01,30.23,24.98,84.07
KASKAZINI A,MKOKOTONI-Zanzibar,2021,4,16,36.41,29.59,24.87,84.72
KASKAZINI A,MKOKOTONI-Zanzibar,2021,4,17,68.31,28.45,24.31,84.84
KASKAZINI A,MKOKOTONI-Zanzibar,2021,4,18,46.49,30.95,24.75,85.33
KASKAZINI A,MKOKOTONI-Zanzibar,2021,5,19,39.82,29.29,24.22,78.81
KASKAZINI A,MKOKOTONI-Zanzibar,2021,5,20,0.0,29.93,24.74,78.31
KASKAZINI A,MKOKOTONI-Zanzibar,2021,5,21,0.0,30.76,24.74,78.27
KASKAZINI A,MKOKOTONI-Zanzibar,2021,5,22,0.0,30.4,25.09,78.68
KASKAZINI A,MKOKOTONI-Zanzibar,2021,5,23,0.0,29.21,24.11,77.75
KASKAZINI A,MKOKOTONI-Zanzibar,2021,6,23,0.0,30.04,23.46,74.42
KASKAZINI A,MKOKOTONI-Zanzibar,2021,6,24,0.0,29.25,23.78,74.73
KASKAZINI A,MKOKOTONI-Zanzibar,2021,6,25,0.97,28.82,23.61,74.91
KASKAZINI A,MKOKOTONI-Zanzibar,2021,6,26,1.64,28.64,23.08,75.24
KASKAZINI A,MKOKOTONI-Zanzibar,2021,6,27,2.7,28.4,23.09,75.56
KASKAZINI A,MKOKOTONI-Zanzibar,2021,7,27,0.0,29.69,22.82,72.74
KASKAZINI A,MKOKOTONI-Zanzibar,2021,7,28,3.75,27.78,23.38,73.35
KASKAZINI A,MKOKOTONI-Zanzibar,2021,7,29,15.82,28.86,24.08,73.14
KASKAZINI A,MKOKOTONI-Zanzibar,2021,7,30,0.0,28.67,24.35,73.34
KASKAZINI A,MKOKOTONI-Zanzibar,2021,7,31,0.0,28.16,23.53,73.55
KASKAZINI A,MKOKOTONI-Zanzibar,2021,8,32,0.0,26.94,22.74,77.43
KASKAZINI A,MKOKOTONI-Zanzibar,2021,8,33,0.0,29.42,22.35,75.64
KASKAZINI A,MKOKOTONI-Zanzibar,2021,8,34,2.01,28.63,22.66,75.52
KASKAZINI A,MKOKOTONI-Zanzibar,2021,8,35,3.1,28.64,22.25,75.98
KASKAZINI A,MKOKOTONI-Zanzibar,2021,8,36,2.5,27.92,22.02,76.67
KASKAZINI A,MKOKOTONI-Zanzibar,2021,9,37,0.0,28.8,23.18,73.79
KASKAZINI A,MKOKOTONI-Zanzibar,2021,9,38,0.0,27.85,22.96,75.17
KASKAZINI A,MKOKOTONI-Zanzibar,2021,9,39,0.0,28.66,22.46,75.08
KASKAZINI A,MKOKOTONI-Zanzibar,2021,10,40,0.0,32.81,23.0,73.45
KASKAZINI A,MKOKOTONI-Zanzibar,2021,10,41,0.0,31.11,22.73,75.9
KASKAZINI A,MKOKOTONI-Zanzibar,2021,10,42,0.0,30.97,23.61,75.54
KASKAZINI A,MKOKOTONI-Zanzibar,2021,10,43,9.77,30.71,23.56,76.15
KASKAZINI A,MKOKOTONI-Zanzibar,2021,10,44,4.4,29.88,24.01,76.25
KASKAZINI A,MKOKOTONI-Zanzibar,2021,11,45,0.0,31.17,24.26,77.21
KASKAZINI A,MKOKOTONI-Zanzibar,2021,11,46,0.0,32.1,24.06,77.45
KASKAZINI A,MKOKOTONI-Zanzibar,2021,11,47,0.0,31.8,23.98,78.22
KASKAZINI A,MKOKOTONI-Zanzibar,2021,11,48,12.14,32.72,24.91,75.97
KASKAZINI A,MKOKOTONI-Zanzibar,2021,11,49,28.78,31.24,25.41,78.3
KASKAZINI A,MKOKOTONI-Zanzibar,2021,12,49,0.0,31.2,24.88,81.29
KASKAZINI A,MKOKOTONI-Zanzibar,2021,12,51,17.02,31.03,23.89,80.74
KASKAZINI A,MKOKOTONI-Zanzibar,2021,12,52,11.34,31.2,24.48,80.59
KASKAZINI A,MKOKOTONI-Zanzibar,2021,12,53,0.0,32.37,24.94,79.76
KASKAZINI A,MKOKOTONI-Zanzibar,2022,1,1,0.0,34.27,26.35,78.9
KASKAZINI A,MKOKOTONI-Zanzibar,2022,1,2,0.0,33.52,25.77,78.7
KASKAZINI A,MKOKOTONI-Zanzibar,2022,1,3,0.0,33.04,26.28,78.99
KASKAZINI A,MKOKOTONI-Zanzibar,2022,1,4,30.52,32.65,25.33,78.22
KASKAZINI A,MKOKOTONI-Zanzibar,2022,1,5,26.83,30.84,24.37,78.06
KASKAZINI A,MKOKOTONI-Zanzibar,2022,1,6,44.36,30.03,25.16,78.7
KASKAZINI A,MKOKOTONI-Zanzibar,2022,2,6,27.16,31.07,24.49,80.77
KASKAZINI A,MKOKOTONI-Zanzibar,2022,2,7,11.34,31.55,24.58,80.07
KASKAZINI A,MKOKOTONI-Zanzibar,2022,2,8,19.99,32.48,24.9,79.39
KASKAZINI A,MKOKOTONI-Zanzibar,2022,2,9,27.09,32.28,25.26,80.15
KASKAZINI A,MKOKOTONI-Zanzibar,2022,3,10,0.0,33.4,24.93,76.8
KASKAZINI A,MKOKOTONI-Zanzibar,2022,3,11,0.0,32.06,24.19,76.34
KASKAZINI A,MKOKOTONI-Zanzibar,2022,3,12,0.0,32.73,25.22,77.93
KASKAZINI A,MKOKOTONI-Zanzibar,2022,3,13,5.12,31.94,25.71,76.96
KASKAZINI A,MKOKOTONI-Zanzibar,2022,3,14,16.4,32.89,25.34,77.48
KASKAZINI A,MKOKOTONI-Zanzibar,2022,4,14,0.0,33.41,25.97,83.95
KASKAZINI A,MKOKOTONI-Zanzibar,2022,4,15,13.61,32.12,25.07,83.84
KASKAZINI A,MKOKOTONI-Zanzibar,2022,4,16,63.21,31.28,25.46,84.01
KASKAZINI A,MKOKOTONI-Zanzibar,2022,4,17,157.75,30.27,24.7,83.29
KASKAZINI A,MKOKOTONI-Zanzibar,2022,4,18,67.0,30.71,25.07,83.15
KASKAZINI A,MKOKOTONI-Zanzibar,2022,5,19,17.13,29.72,24.19,81.92
KASKAZINI A,MKOKOTONI-Zanzibar,2022,5,20,0.0,30.64,26.21,81.24
KASKAZINI A,MKOKOTONI-Zanzibar,2022,5,21,9.2,31.04,25.43,81.04
KASKAZINI A,MKOKOTONI-Zanzibar,2022,5,22,9.06,30.73,25.81,81.0
KASKAZINI A,MKOKOTONI-Zanzibar,2022,5,23,6.66,28.98,24.31,80.9
KASKAZINI A,MKOKOTONI-Zanzibar,2022,6,23,8.3,30.75,23.87,79.54
KASKAZINI A,MKOKOTONI-Zanzibar,2022,6,24,5.13,28.78,23.97,78.92
KASKAZINI A,MKOKOTONI-Zanzibar,2022,6,25,3.45,29.65,23.96,79.91
KASKAZINI A,MKOKOTONI-Zanzibar,2022,6,26,8.31,28.75,24.15,79.89
KASKAZINI A,MKOKOTONI-Zanzibar,2022,6,27,13.01,29.53,24.41,79.68
KASKAZINI A,MKOKOTONI-Zanzibar,2022,7,27,0.0,27.73,22.68,80.6
KASKAZINI A,MKOKOTONI-Zanzibar,2022,7,28,0.0,27.67,22.63,81.21
KASKAZINI A,MKOKOTONI-Zanzibar,2022,7,29,13.19,26.86,22.16,80.23
KASKAZINI A,MKOKOTONI-Zanzibar,2022,7,30,3.23,28.51,22.73,80.32
KASKAZINI A,MKOKOTONI-Zanzibar,2022,7,31,0.0,28.82,22.55,81.32
KASKAZINI A,MKOKOTONI-Zanzibar,2022,8,32,3.47,27.77,21.47,80.32
KASKAZINI A,MKOKOTONI-Zanzibar,2022,8,33,10.53,28.2,21.33,78.64
KASKAZINI A,MKOKOTONI-Zanzibar,2022,8,34,4.51,28.58,21.39,80.08
KASKAZINI A,MKOKOTONI-Zanzibar,2022,8,35,6.9,28.72,21.74,80.05
KASKAZINI A,MKOKOTONI-Zanzibar,2022,8,36,17.26,27.8,22.03,79.51
KASKAZINI A,MKOKOTONI-Zanzibar,2022,9,36,0.0,30.25,21.97,75.21
KASKAZINI A,MKOKOTONI-Zanzibar,2022,9,37,0.0,28.01,21.5,74.99
KASKAZINI A,MKOKOTONI-Zanzibar,2022,9,38,1.81,28.74,21.94,75.44
KASKAZINI A,MKOKOTONI-Zanzibar,2022,9,40,0.0,31.0,22.96,74.81
KASKAZINI A,MKOKOTONI-Zanzibar,2022,10,41,0.0,30.0,22.22,72.8
KASKAZINI A,MKOKOTONI-Zanzibar,2022,10,42,9.86,29.08,22.68,72.98
KASKAZINI A,MKOKOTONI-Zanzibar,2022,10,43,0.0,30.64,22.85,72.79
KASKAZINI A,MKOKOTONI-Zanzibar,2022,10,44,0.0,30.67,24.04,72.28
KASKAZINI A,MKOKOTONI-Zanzibar,2022,11,45,17.93,31.41,23.42,74.42
KASKAZINI A,MKOKOTONI-Zanzibar,2022,11,46,7.04,30.86,24.63,73.85
KASKAZINI A,MKOKOTONI-Zanzibar,2022,11,47,1.42,30.27,24.08,75.16
KASKAZINI A,MKOKOTONI-Zanzibar,2022,11,48,13.83,31.4,24.36,76.78
KASKAZINI A,MKOKOTONI-Zanzibar,2022,11,49,55.65,30.54,25.04,75.15
KASKAZINI A,MKOKOTONI-Zanzibar,2022,12,49,0.0,33.22,24.93,78.08
KASKAZINI A,MKOKOTONI-Zanzibar,2022,12,50,0.0,31.87,24.55,77.61
KASKAZINI A,MKOKOTONI-Zanzibar,2022,12,51,15.48,32.41,23.68,77.14
KASKAZINI A,MKOKOTONI-Zanzibar,2022,12,52,0.0,31.88,25.11,77.23
KASKAZINI A,MKOKOTONI-Zanzibar,2022,12,53,6.31,31.25,25.4,77.63
KASKAZINI A,MKOKOTONI-Zanzibar,2023,1,1,2.03,32.55,25.82,78.22
KASKAZINI A,MKOKOTONI-Zanzibar,2023,1,2,2.03,31.26,25.63,77.45
KASKAZINI A,MKOKOTONI-Zanzibar,2023,1,3,2.5,32.07,24.67,78.44
KASKAZINI A,MKOKOTONI-Zanzibar,2023,1,4,2.43,31.53,25.37,78.09
KASKAZINI A,MKOKOTONI-Zanzibar,2023,1,5,0.0,31.09,25.5,78.54
KASKAZINI A,MKOKOTONI-Zanzibar,2023,2,5,0.0,33.23,24.92,76.23
KASKAZINI A,MKOKOTONI-Zanzibar,2023,2,6,0.0,31.55,24.33,75.0
KASKAZINI A,MKOKOTONI-Zanzibar,2023,2,7,0.0,32.62,24.94,75.6
KASKAZINI A,MKOKOTONI-Zanzibar,2023,2,8,0.0,32.86,24.88,74.85
KASKAZINI A,MKOKOTONI-Zanzibar,2023,2,9,0.0,32.32,23.67,75.35
KASKAZINI A,MKOKOTONI-Zanzibar,2023,3,9,0.0,33.89,24.14,76.0
KASKAZINI A,MKOKOTONI-Zanzibar,2023,3,10,0.0,33.45,25.83,76.75
KASKAZINI A,MKOKOTONI-Zanzibar,2023,3,11,0.0,32.17,24.94,75.97
KASKAZINI A,MKOKOTONI-Zanzibar,2023,3,12,38.7,31.59,25.6,75.58
KASKAZINI A,MKOKOTONI-Zanzibar,2023,3,13,25.22,31.06,24.05,76.12
KASKAZINI A,MKOKOTONI-Zanzibar,2023,4,13,12.13,32.12,25.92,86.65
KASKAZINI A,MKOKOTONI-Zanzibar,2023,4,14,10.2,30.5,25.63,86.35
KASKAZINI A,MKOKOTONI-Zanzibar,2023,4,15,9.82,31.56,25.43,85.85
KASKAZINI A,MKOKOTONI-Zanzibar,2023,4,16,113.16,28.95,25.03,87.32
KASKAZINI A,MKOKOTONI-Zanzibar,2023,4,17,63.75,30.09,24.82,85.61
KASKAZINI A,MKOKOTONI-Zanzibar,2023,4,18,126.07,29.94,25.08,86.1
KASKAZINI A,MKOKOTONI-Zanzibar,2023,5,18,10.19,30.33,25.32,81.71
KASKAZINI A,MKOKOTONI-Zanzibar,2023,5,19,68.65,29.61,25.3,82.86
KASKAZINI A,MKOKOTONI-Zanzibar,2023,5,20,13.19,30.92,25.2,82.25
KASKAZINI A,MKOKOTONI-Zanzibar,2023,5,21,8.42,29.92,24.67,83.02
KASKAZINI A,MKOKOTONI-Zanzibar,2023,5,22,14.72,29.78,24.65,82.67
KASKAZINI A,MKOKOTONI-Zanzibar,2023,6,22,48.9,28.42,23.87,82.39
KASKAZINI A,MKOKOTONI-Zanzibar,2023,6,23,49.44,29.02,23.42,82.07
KASKAZINI A,MKOKOTONI-Zanzibar,2023,6,24,0.0,29.5,23.96,82.54
KASKAZINI A,MKOKOTONI-Zanzibar,2023,6,25,0.0,30.1,23.22,82.33
KASKAZINI A,MKOKOTONI-Zanzibar,2023,6,26,0.0,29.62,23.56,81.77
KASKAZINI A,MKOKOTONI-Zanzibar,2023,7,27,10.68,28.24,23.94,83.56
KASKAZINI A,MKOKOTONI-Zanzibar,2023,7,28,14.09,29.03,22.71,83.99
KASKAZINI A,MKOKOTONI-Zanzibar,2023,7,29,6.51,29.81,23.67,84.1
KASKAZINI A,MKOKOTONI-Zanzibar,2023,7,30,5.76,28.25,23.28,83.61
KASKAZINI A,MKOKOTONI-Zanzibar,2023,7,31,11.09,29.18,23.32,83.48
KASKAZINI A,MKOKOTONI-Zanzibar,2023,8,31,0.0,29.27,22.62,82.37
KASKAZINI A,MKOKOTONI-Zanzibar,2023,8,32,6.54,29.33,23.76,82.12
KASKAZINI A,MKOKOTONI-Zanzibar,2023,8,33,10.23,29.19,23.16,82.07
KASKAZINI A,MKOKOTONI-Zanzibar,2023,8,34,2.1,29.55,22.43,81.29
KASKAZINI A,MKOKOTONI-Zanzibar,2023,8,35,1.6,29.81,22.95,80.85
KASKAZINI A,MKOKOTONI-Zanzibar,2023,9,35,0.0,31.49,21.23,76.8
KASKAZINI A,MKOKOTONI-Zanzibar,2023,9,36,0.0,28.93,22.12,76.74
KASKAZINI A,MKOKOTONI-Zanzibar,2023,9,37,0.0,29.62,21.43,78.21
KASKAZINI A,MKOKOTONI-Zanzibar,2023,9,38,0.0,30.68,23.12,76.37
KASKAZINI A,MKOKOTONI-Zanzibar,2023,9,39,3.49,31.47,22.4,76.82
KASKAZINI A,MKOKOTONI-Zanzibar,2023,10,40,0.0,30.51,24.59,74.25
KASKAZINI A,MKOKOTONI-Zanzibar,2023,10,41,0.0,31.35,24.66,75.93
KASKAZINI A,MKOKOTONI-Zanzibar,2023,10,42,0.0,31.04,23.79,74.04
KASKAZINI A,MKOKOTONI-Zanzibar,2023,10,43,1.67,31.49,25.44,74.99
KASKAZINI A,MKOKOTONI-Zanzibar,2023,10,44,23.61,31.43,24.57,75.08
KASKAZINI A,MKOKOTONI-Zanzibar,2023,11,44,154.19,27.37,25.66,84.7
KASKAZINI A,MKOKOTONI-Zanzibar,2023,11,45,110.98,29.51,24.25,82.64
KASKAZINI A,MKOKOTONI-Zanzibar,2023,11,46,47.41,30.13,24.9,82.59
KASKAZINI A,MKOKOTONI-Zanzibar,2023,11,47,26.29,30.02,24.27,82.38
KASKAZINI A,MKOKOTONI-Zanzibar,2023,11,48,45.33,30.4,24.07,84.96
KASKAZINI A,MKOKOTONI-Zanzibar,2023,12,48,24.5,29.93,24.0,81.34
KASKAZINI A,MKOKOTONI-Zanzibar,2023,12,49,21.46,31.24,25.23,81.72
KASKAZINI A,MKOKOTONI-Zanzibar,2023,12,50,8.18,31.16,24.71,81.44
KASKAZINI A,MKOKOTONI-Zanzibar,2023,12,51,20.82,31.91,25.05,80.57
KASKAZINI A,MKOKOTONI-Zanzibar,2023,12,52,0.3,31.49,25.61,80.91
KASKAZINI B,Mahonda,2018,1,1,0.69,32.57,26.37,73.64
KASKAZINI B,Mahonda,2018,1,2,0.02,33.11,26.22,73.6
KASKAZINI B,Mahonda,2018,1,3,0.0,32.77,25.36,73.75
KASKAZINI B,Mahonda,2018,1,4,0.0,31.69,25.63,74.27
KASKAZINI B,Mahonda,2018,1,5,0.0,32.19,25.36,73.93
KASKAZINI B,Mahonda,2018,2,5,0.0,31.62,24.91,71.5
KASKAZINI B,Mahonda,2018,2,6,0.0,32.33,25.17,73.6
KASKAZINI B,Mahonda,2018,2,7,2.85,30.85,24.69,73.16
KASKAZINI B,Mahonda,2018,2,8,3.16,31.97,24.58,72.86
KASKAZINI B,Mahonda,2018,2,9,0.0,33.08,25.78,73.37
KASKAZINI B,Mahonda,2018,3,9,4.89,33.22,25.22,77.37
KASKAZINI B,Mahonda,2018,3,10,6.06,32.71,25.36,76.71
KASKAZINI B,Mahonda,2018,3,11,7.56,32.3,25.49,77.88
KASKAZINI B,Mahonda,2018,3,12,10.53,33.93,24.72,75.94
KASKAZINI B,Mahonda,2018,3,13,4.44,33.67,25.69,76.4
KASKAZINI B,Mahonda,2018,4,14,8.08,32.1,25.38,86.9
KASKAZINI B,Mahonda,2018,4,15,9.41,31.05,24.52,86.41
KASKAZINI B,Mahonda,2018,4,16,26.26,31.32,24.4,85.88
KASKAZINI B,Mahonda,2018,4,17,13.79,30.86,25.14,88.58
KASKAZINI B,Mahonda,2018,4,18,2.1,31.16,25.33,87.64
KASKAZINI B,Mahonda,2018,5,18,26.34,30.2,23.81,83.68
KASKAZINI B,Mahonda,2018,5,19,24.6,29.92,24.12,83.13
KASKAZINI B,Mahonda,2018,5,20,14.71,29.03,24.99,82.1
KASKAZINI B,Mahonda,2018,5,21,8.1,30.15,24.33,82.72
KASKAZINI B,Mahonda,2018,5,22,6.42,29.27,24.42,82.72
KASKAZINI B,Mahonda,2018,6,22,0.0,29.56,24.96,72.4
KASKAZINI B,Mahonda,2018,6,23,0.66,30.09,24.52,72.88
KASKAZINI B,Mahonda,2018,6,24,3.04,29.48,24.64,74.33
KASKAZINI B,Mahonda,2018,6,25,0.0,28.76,23.92,74.04
KASKAZINI B,Mahonda,2018,6,26,2.36,29.28,23.87,73.01
KASKAZINI B,Mahonda,2018,7,27,8.32,30.0,24.2,71.29
KASKAZINI B,Mahonda,2018,7,28,0.0,30.03,23.92,71.92
KASKAZINI B,Mahonda,2018,7,29,0.0,29.43,23.85,71.92
KASKAZINI B,Mahonda,2018,7,30,0.0,29.14,23.75,70.52
KASKAZINI B,Mahonda,2018,7,31,0.0,29.63,23.07,72.07
KASKAZINI B,Mahonda,2018,8,31,0.0,29.16,23.03,74.96
KASKAZINI B,Mahonda,2018,8,32,0.0,29.2,22.98,73.46
KASKAZINI B,Mahonda,2018,8,33,0.03,28.96,22.62,73.28
KASKAZINI B,Mahonda,2018,8,34,0.69,29.17,23.56,75.35
KASKAZINI B,Mahonda,2018,8,35,0.35,29.98,22.19,74.7
KASKAZINI B,Mahonda,2018,9,35,1.93,28.21,23.52,68.05
KASKAZINI B,Mahonda,2018,9,36,2.0,28.91,23.02,67.82
KASKAZINI B,Mahonda,2018,9,37,1.67,29.39,22.79,67.68
KASKAZINI B,Mahonda,2018,9,38,2.28,29.4,22.24,68.9
KASKAZINI B,Mahonda,2018,9,39,6.51,30.17,22.73,67.77
KASKAZINI B,Mahonda,2018,10,40,0.51,30.16,23.71,74.28
KASKAZINI B,Mahonda,2018,10,41,0.04,29.05,24.34,73.79
KASKAZINI B,Mahonda,2018,10,42,0.0,29.07,23.5,73.57
KASKAZINI B,Mahonda,2018,10,43,5.67,29.89,24.05,74.74
KASKAZINI B,Mahonda,2018,10,44,9.4,30.45,24.18,73.58
KASKAZINI B,Mahonda,2018,11,44,0.0,31.97,24.98,75.83
KASKAZINI B,Mahonda,2018,11,45,0.14,32.25,24.85,76.41
KASKAZINI B,Mahonda,2018,11,46,1.14,30.97,24.08,76.62
KASKAZINI B,Mahonda,2018,11,47,6.89,31.86,24.69,75.83
KASKAZINI B,Mahonda,2018,11,48,4.11,31.29,25.8,78.9
KASKAZINI B,Mahonda,2018,12,49,0.37,32.1,24.18,75.7
KASKAZINI B,Mahonda,2018,12,50,4.71,32.35,25.39,75.61
KASKAZINI B,Mahonda,2018,12,51,6.02,32.32,24.71,77.08
KASKAZINI B,Mahonda,2018,12,52,2.27,32.36,24.65,76.4
KASKAZINI B,Mahonda,2018,12,53,0.0,32.49,24.1,76.05
KASKAZINI B,Mahonda,2019,1,1,10.1,33.12,26.4,69.72
KASKAZINI B,Mahonda,2019,1,2,3.23,33.26,25.41,68.38
KASKAZINI B,Mahonda,2019,1,3,7.97,32.97,25.91,70.2
KASKAZINI B,Mahonda,2019,1,4,10.83,32.57,25.02,69.7
KASKAZINI B,Mahonda,2019,1,5,3.86,32.95,25.09,69.24
KASKAZINI B,Mahonda,2019,2,5,6.2,34.69,25.2,66.5
KASKAZINI B,Mahonda,2019,2,6,6.92,31.04,24.42,67.56
KASKAZINI B,Mahonda,2019,2,7,0.0,31.79,24.27,67.64
KASKAZINI B,Mahonda,2019,2,8,15.72,32.25,25.29,69.4
KASKAZINI B,Mahonda,2019,2,9,10.48,31.62,24.46,66.98
KASKAZINI B,Mahonda,2019,3,10,4.42,33.42,24.72,72.69
KASKAZINI B,Mahonda,2019,3,11,0.0,33.76,25.16,73.52
KASKAZINI B,Mahonda,2019,3,12,0.0,34.9,25.11,73.4
KASKAZINI B,Mahonda,2019,3,13,18.95,34.96,25.08,72.7
KASKAZINI B,Mahonda,2019,3,14,40.11,31.88,24.51,71.35
KASKAZINI B,Mahonda,2019,4,14,15.35,31.27,25.38,86.39
KASKAZINI B,Mahonda,2019,4,15,16.9,32.03,25.3,87.75
KASKAZINI B,Mahonda,2019,4,16,9.72,32.08,24.77,87.3
KASKAZINI B,Mahonda,2019,4,17,1.64,32.4,25.84,88.05
KASKAZINI B,Mahonda,2019,4,18,0.0,32.34,24.99,87.83
KASKAZINI B,Mahonda,2019,5,18,137.24,31.5,24.68,85.14
KASKAZINI B,Mahonda,2019,5,19,110.93,29.96,24.83,87.22
KASKAZINI B,Mahonda,2019,5,20,101.49,29.1,25.27,86.52
KASKAZINI B,Mahonda,2019,5,21,48.1,29.22,24.99,86.82
KASKAZINI B,Mahonda,2019,5,22,0.0,29.3,24.41,86.15
KASKAZINI B,Mahonda,2019,6,23,0.0,29.96,23.86,70.89
KASKAZINI B,Mahonda,2019,6,24,1.6,30.09,23.7,72.37
KASKAZINI B,Mahonda,2019,6,25,0.0,29.92,23.52,72.54
KASKAZINI B,Mahonda,2019,6,26,0.0,28.82,24.06,71.46
KASKAZINI B,Mahonda,2019,7,27,0.0,30.75,23.82,68.63
KASKAZINI B,Mahonda,2019,7,28,0.0,30.33,24.35,68.92
KASKAZINI B,Mahonda,2019,7,29,3.2,28.85,24.4,69.34
KASKAZINI B,Mahonda,2019,7,30,6.82,28.61,23.19,68.89
KASKAZINI B,Mahonda,2019,7,31,0.0,28.56,23.65,68.52
KASKAZINI B,Mahonda,2019,8,31,0.0,30.97,22.76,74.22
KASKAZINI B,Mahonda,2019,8,32,3.23,29.27,22.79,73.53
KASKAZINI B,Mahonda,2019,8,33,10.33,29.26,22.57,73.23
KASKAZINI B,Mahonda,2019,8,34,3.27,30.28,23.69,73.98
KASKAZINI B,Mahonda,2019,8,35,0.0,29.22,23.42,73.36
KASKAZINI B,Mahonda,2019,9,36,0.98,29.32,22.29,74.16
KASKAZINI B,Mahonda,2019,9,37,10.92,30.14,21.65,74.19
KASKAZINI B,Mahonda,2019,9,38,10.46,29.13,22.47,73.3
KASKAZINI B,Mahonda,2019,9,39,13.35,30.09,24.18,72.57
KASKAZINI B,Mahonda,2019,9,40,20.01,30.33,24.72,73.1
KASKAZINI B,Mahonda,2019,10,41,72.9,29.19,24.0,76.83
KASKAZINI B,Mahonda,2019,10,42,69.05,29.65,24.14,77.95
KASKAZINI B,Mahonda,2019,10,43,44.6,29.29,24.06,77.24
KASKAZINI B,Mahonda,2019,10,44,36.58,30.74,24.25,78.15
KASKAZINI B,Mahonda,2019,11,44,57.43,32.55,24.3,77.85
KASKAZINI B,Mahonda,2019,11,45,57.25,30.77,25.12,77.38
KASKAZINI B,Mahonda,2019,11,46,21.56,30.92,24.14,76.91
KASKAZINI B,Mahonda,2019,11,47,36.75,31.11,24.7,75.92
KASKAZINI B,Mahonda,2019,11,48,14.72,31.88,24.83,76.91
KASKAZINI B,Mahonda,2019,12,49,40.55,32.48,23.81,75.41
KASKAZINI B,Mahonda,2019,12,50,5.9,32.74,24.9,76.11
KASKAZINI B,Mahonda,2019,12,51,40.93,31.98,25.31,75.29
KASKAZINI B,Mahonda,2019,12,52,28.39,32.94,25.16,75.43
KASKAZINI B,Mahonda,2019,12,53,12.83,31.98,25.55,77.27
KASKAZINI B,Mahonda,2020,1,1,0.0,33.13,25.98,74.7
KASKAZINI B,Mahonda,2020,1,2,9.12,32.31,25.64,75.68
KASKAZINI B,Mahonda,2020,1,3,42.74,31.99,25.16,74.65
KASKAZINI B,Mahonda,2020,1,4,92.89,31.36,25.84,74.34
KASKAZINI B,Mahonda,2020,1,5,22.12,30.76,25.81,73.82
KASKAZINI B,Mahonda,2020,2,5,1.37,34.47,26.1,76.05
KASKAZINI B,Mahonda,2020,2,6,1.23,32.6,24.63,74.57
KASKAZINI B,Mahonda,2020,2,7,4.66,31.99,24.87,75.16
KASKAZINI B,Mahonda,2020,2,8,7.95,31.23,25.76,74.9
KASKAZINI B,Mahonda,2020,2,9,2.7,32.32,25.68,75.34
KASKAZINI B,Mahonda,2020,3,10,15.0,32.33,25.02,78.69
KASKAZINI B,Mahonda,2020,3,11,22.88,32.18,26.02,79.3
KASKAZINI B,Mahonda,2020,3,12,12.19,31.97,25.87,78.24
KASKAZINI B,Mahonda,2020,3,13,17.88,31.82,25.49,78.17
KASKAZINI B,Mahonda,2020,3,14,21.67,30.64,25.74,81.01
KASKAZINI B,Mahonda,2020,4,14,31.9,32.84,25.64,86.2
KASKAZINI B,Mahonda,2020,4,15,61.77,31.1,24.65,87.22
KASKAZINI B,Mahonda,2020,4,16,109.12,29.63,24.68,86.38
KASKAZINI B,Mahonda,2020,4,17,178.37,29.31,23.86,86.19
KASKAZINI B,Mahonda,2020,4,18,158.18,30.04,25.01,86.56
KASKAZINI B,Mahonda,2020,5,18,46.95,29.94,24.41,83.25
KASKAZINI B,Mahonda,2020,5,19,46.74,29.4,24.77,83.59
KASKAZINI B,Mahonda,2020,5,20,0.0,29.78,24.85,83.49
KASKAZINI B,Mahonda,2020,5,21,17.35,29.87,24.52,83.67
KASKAZINI B,Mahonda,2020,5,22,0.0,31.18,24.35,83.22
KASKAZINI B,Mahonda,2020,5,23,0.0,29.39,24.69,83.5
KASKAZINI B,Mahonda,2020,6,23,0.0,30.24,25.16,77.3
KASKAZINI B,Mahonda,2020,6,24,0.68,29.73,24.53,77.68
KASKAZINI B,Mahonda,2020,6,25,0.14,30.07,23.9,77.69
KASKAZINI B,Mahonda,2020,6,26,0.47,28.82,24.02,77.37
KASKAZINI B,Mahonda,2020,6,27,2.64,28.34,23.66,77.14
KASKAZINI B,Mahonda,2020,7,27,0.0,29.56,24.01,75.85
KASKAZINI B,Mahonda,2020,7,28,3.81,28.75,23.31,74.27
KASKAZINI B,Mahonda,2020,7,29,9.63,27.89,22.81,75.35
KASKAZINI B,Mahonda,2020,7,30,5.12,28.31,23.07,75.57
KASKAZINI B,Mahonda,2020,7,31,0.84,29.37,24.13,73.7
KASKAZINI B,Mahonda,2020,8,32,1.13,28.96,23.07,77.93
KASKAZINI B,Mahonda,2020,8,33,0.0,29.46,21.98,78.15
KASKAZINI B,Mahonda,2020,8,34,16.8,28.74,22.95,77.12
KASKAZINI B,Mahonda,2020,8,35,10.53,28.64,23.6,78.16
KASKAZINI B,Mahonda,2020,8,36,6.97,28.27,22.71,76.67
KASKAZINI B,Mahonda,2020,9,36,14.34,29.42,22.76,82.11
KASKAZINI B,Mahonda,2020,9,37,10.93,29.49,23.03,81.09
KASKAZINI B,Mahonda,2020,9,38,7.11,29.2,22.78,82.6
KASKAZINI B,Mahonda,2020,9,39,10.56,29.6,23.02,81.38
KASKAZINI B,Mahonda,2020,9,40,14.72,30.54,23.51,82.12
KASKAZINI B,Mahonda,2020,10,40,0.0,31.88,24.23,81.95
KASKAZINI B,Mahonda,2020,10,41,0.44,29.74,23.35,82.15
KASKAZINI B,Mahonda,2020,10,42,2.62,29.67,23.53,81.38
KASKAZINI B,Mahonda,2020,10,43,31.0,29.81,23.4,81.79
KASKAZINI B,Mahonda,2020,10,44,17.23,31.06,23.61,81.76
KASKAZINI B,Mahonda,2020,11,45,88.72,29.49,22.88,83.46
KASKAZINI B,Mahonda,2020,11,46,95.21,29.88,24.94,82.85
KASKAZINI B,Mahonda,2020,11,47,34.57,30.81,24.67,82.76
KASKAZINI B,Mahonda,2020,11,48,38.32,30.73,24.28,82.9
KASKAZINI B,Mahonda,2020,11,49,119.9,31.11,25.32,82.8
KASKAZINI B,Mahonda,2020,12,49,28.93,31.04,24.2,80.66
KASKAZINI B,Mahonda,2020,12,50,8.38,32.08,24.97,80.87
KASKAZINI B,Mahonda,2020,12,51,2.22,31.38,24.93,80.14
KASKAZINI B,Mahonda,2020,12,52,7.84,31.09,25.19,80.29
KASKAZINI B,Mahonda,2020,12,53,4.86,31.28,25.81,80.98
KASKAZINI B,Mahonda,2021,1,1,6.9,31.58,24.92,79.09
KASKAZINI B,Mahonda,2021,1,2,7.21,31.17,24.96,79.61
KASKAZINI B,Mahonda,2021,1,3,5.94,29.81,24.91,79.34
KASKAZINI B,Mahonda,2021,1,4,0.0,32.39,24.31,78.68
KASKAZINI B,Mahonda,2021,1,5,0.0,31.4,25.29,78.54
KASKAZINI B,Mahonda,2021,1,6,0.0,30.41,24.4,78.55
KASKAZINI B,Mahonda,2021,2,6,0.0,32.01,24.3,78.36
KASKAZINI B,Mahonda,2021,2,7,1.93,31.53,25.3,78.6
KASKAZINI B,Mahonda,2021,2,8,1.2,31.7,25.18,78.11
KASKAZINI B,Mahonda,2021,2,9,4.84,31.63,24.74,77.83
KASKAZINI B,Mahonda,2021,3,10,0.0,34.22,25.33,77.5
KASKAZINI B,Mahonda,2021,3,11,0.0,33.2,24.67,77.07
KASKAZINI B,Mahonda,2021,3,12,4.6,32.39,24.03,76.57
KASKAZINI B,Mahonda,2021,3,13,20.61,32.8,26.4,78.95
KASKAZINI B,Mahonda,2021,3,14,30.2,30.92,25.28,77.0
KASKAZINI B,Mahonda,2021,4,14,11.8,32.12,25.61,85.35
KASKAZINI B,Mahonda,2021,4,15,13.35,30.86,26.02,83.92
KASKAZINI B,Mahonda,2021,4,16,23.61,29.51,23.86,84.26
KASKAZINI B,Mahonda,2021,4,17,41.48,28.6,24.7,84.84
KASKAZINI B,Mahonda,2021,4,18,49.61,30.89,25.33,84.2
KASKAZINI B,Mahonda,2021,5,19,38.64,28.84,24.53,78.76
KASKAZINI B,Mahonda,2021,5,20,0.0,30.11,25.11,77.71
KASKAZINI B,Mahonda,2021,5,21,0.0,30.85,24.93,78.47
KASKAZINI B,Mahonda,2021,5,22,0.0,30.34,25.43,78.36
KASKAZINI B,Mahonda,2021,5,23,0.0,29.42,25.14,77.81
KASKAZINI B,Mahonda,2021,6,23,8.65,30.27,24.27,76.31
KASKAZINI B,Mahonda,2021,6,24,7.43,28.74,23.64,74.38
KASKAZINI B,Mahonda,2021,6,25,0.31,27.95,23.97,74.74
KASKAZINI B,Mahonda,2021,6,26,2.7,28.7,23.39,75.07
KASKAZINI B,Mahonda,2021,6,27,12.0,27.95,22.16,75.25
KASKAZINI B,Mahonda,2021,7,27,0.81,29.33,23.15,74.05
KASKAZINI B,Mahonda,2021,7,28,4.8,28.92,23.55,73.15
KASKAZINI B,Mahonda,2021,7,29,8.41,28.61,24.26,73.35
KASKAZINI B,Mahonda,2021,7,30,1.05,28.66,24.35,72.68
KASKAZINI B,Mahonda,2021,7,31,2.75,27.97,23.53,73.7
KASKAZINI B,Mahonda,2021,8,32,2.59,29.29,22.69,76.13
KASKAZINI B,Mahonda,2021,8,33,0.0,29.51,21.56,77.07
KASKAZINI B,Mahonda,2021,8,34,18.53,28.67,22.33,76.32
KASKAZINI B,Mahonda,2021,8,35,9.97,29.13,22.99,76.31
KASKAZINI B,Mahonda,2021,8,36,5.57,26.94,21.08,78.1
KASKAZINI B,Mahonda,2021,9,37,8.04,28.82,23.46,74.55
KASKAZINI B,Mahonda,2021,9,38,16.05,28.23,23.08,74.47
KASKAZINI B,Mahonda,2021,9,39,1.1,29.1,23.04,74.92
KASKAZINI B,Mahonda,2021,9,40,11.54,30.71,23.25,75.35
KASKAZINI B,Mahonda,2021,10,41,1.11,30.09,22.77,75.94
KASKAZINI B,Mahonda,2021,10,42,0.0,30.41,23.33,75.86
KASKAZINI B,Mahonda,2021,10,43,10.62,30.53,23.41,75.4
KASKAZINI B,Mahonda,2021,10,44,2.54,30.31,22.94,75.85
KASKAZINI B,Mahonda,2021,11,45,1.62,32.97,24.81,76.78
KASKAZINI B,Mahonda,2021,11,46,0.92,31.53,24.43,77.78
KASKAZINI B,Mahonda,2021,11,47,2.77,33.38,24.21,77.28
KASKAZINI B,Mahonda,2021,11,48,0.41,32.18,25.63,76.52
KASKAZINI B,Mahonda,2021,11,49,0.0,31.53,25.47,78.85
KASKAZINI B,Mahonda,2021,12,49,42.39,30.67,24.81,80.1
KASKAZINI B,Mahonda,2021,12,50,50.15,30.64,24.52,80.44
KASKAZINI B,Mahonda,2021,12,51,21.97,31.12,24.14,80.9
KASKAZINI B,Mahonda,2021,12,52,13.11,32.06,24.85,81.07
KASKAZINI B,Mahonda,2021,12,53,38.7,31.65,25.06,79.93
KASKAZINI B,Mahonda,2022,1,2,0.0,32.5,26.25,78.02
KASKAZINI B,Mahonda,2022,1,3,0.0,32.55,26.0,78.82
KASKAZINI B,Mahonda,2022,1,4,41.98,32.66,24.55,78.41
KASKAZINI B,Mahonda,2022,1,5,13.78,31.22,24.57,78.65
KASKAZINI B,Mahonda,2022,1,6,22.61,30.64,25.31,78.62
KASKAZINI B,Mahonda,2022,2,6,34.77,31.44,24.35,80.29
KASKAZINI B,Mahonda,2022,2,7,11.35,31.75,25.36,80.26
KASKAZINI B,Mahonda,2022,2,8,10.16,31.67,25.13,79.18
KASKAZINI B,Mahonda,2022,2,9,27.23,31.46,24.81,79.84
KASKAZINI B,Mahonda,2022,2,10,15.96,31.12,25.13,81.23
KASKAZINI B,Mahonda,2022,3,10,0.0,33.83,25.64,76.67
KASKAZINI B,Mahonda,2022,3,11,0.0,32.26,23.76,76.39
KASKAZINI B,Mahonda,2022,3,12,0.0,32.38,26.29,78.35
KASKAZINI B,Mahonda,2022,3,13,2.32,31.52,24.77,76.79
KASKAZINI B,Mahonda,2022,3,14,16.72,32.12,25.78,77.54
KASKAZINI B,Mahonda,2022,4,15,14.02,32.41,25.19,83.8
KASKAZINI B,Mahonda,2022,4,16,25.1,31.34,25.7,83.9
KASKAZINI B,Mahonda,2022,4,17,43.41,29.97,24.69,84.23
KASKAZINI B,Mahonda,2022,4,18,138.12,29.7,24.7,84.52
KASKAZINI B,Mahonda,2022,5,19,15.69,30.08,24.86,80.89
KASKAZINI B,Mahonda,2022,5,20,0.0,31.28,25.74,80.45
KASKAZINI B,Mahonda,2022,5,21,1.25,30.45,25.65,80.93
KASKAZINI B,Mahonda,2022,5,22,2.91,31.07,24.14,81.53
KASKAZINI B,Mahonda,2022,5,23,2.87,30.8,24.99,80.9
KASKAZINI B,Mahonda,2022,6,23,15.76,31.26,23.93,80.32
KASKAZINI B,Mahonda,2022,6,24,8.99,29.09,24.17,79.42
KASKAZINI B,Mahonda,2022,6,25,0.0,29.58,24.05,79.7
KASKAZINI B,Mahonda,2022,6,26,0.0,30.14,25.3,77.14
KASKAZINI B,Mahonda,2022,6,27,13.15,28.87,24.1,79.71
KASKAZINI B,Mahonda,2022,7,27,1.51,28.57,22.35,81.9
KASKAZINI B,Mahonda,2022,7,28,1.57,27.59,22.8,81.63
KASKAZINI B,Mahonda,2022,7,29,7.04,27.49,22.2,81.45
KASKAZINI B,Mahonda,2022,7,30,9.27,27.14,22.9,80.15
KASKAZINI B,Mahonda,2022,7,31,3.93,28.33,21.87,81.85
KASKAZINI B,Mahonda,2022,8,32,0.0,26.3,22.53,77.75
KASKAZINI B,Mahonda,2022,8,33,9.58,28.39,22.29,80.55
KASKAZINI B,Mahonda,2022,8,34,5.48,28.12,21.31,79.38
KASKAZINI B,Mahonda,2022,8,35,1.74,28.12,21.04,80.88
KASKAZINI B,Mahonda,2022,8,36,7.38,27.43,22.44,79.1
KASKAZINI B,Mahonda,2022,9,36,0.6,29.74,22.53,75.3
KASKAZINI B,Mahonda,2022,9,37,0.82,27.67,21.38,75.15
KASKAZINI B,Mahonda,2022,9,38,3.04,28.92,21.42,74.44
KASKAZINI B,Mahonda,2022,9,39,2.28,29.75,22.88,75.08
KASKAZINI B,Mahonda,2022,9,40,8.07,28.71,23.06,74.7
KASKAZINI B,Mahonda,2022,10,41,1.11,27.96,22.5,72.09
KASKAZINI B,Mahonda,2022,10,42,1.96,30.09,22.43,73.32
KASKAZINI B,Mahonda,2022,10,43,2.0,28.22,23.75,73.6
KASKAZINI B,Mahonda,2022,10,44,3.23,28.91,23.19,72.63
KASKAZINI B,Mahonda,2022,11,45,10.51,32.1,22.8,75.87
KASKAZINI B,Mahonda,2022,11,46,2.89,30.68,24.31,75.52
KASKAZINI B,Mahonda,2022,11,48,16.34,30.65,24.16,76.27
KASKAZINI B,Mahonda,2022,12,49,0.0,32.12,24.04,77.97
KASKAZINI B,Mahonda,2022,12,50,0.0,31.87,24.3,77.46
KASKAZINI B,Mahonda,2022,12,51,1.28,31.43,23.99,78.05
KASKAZINI B,Mahonda,2022,12,52,12.29,31.47,24.93,77.66
KASKAZINI B,Mahonda,2022,12,53,32.94,31.12,26.0,76.75
KASKAZINI B,Mahonda,2023,1,1,0.0,31.99,25.54,77.9
KASKAZINI B,Mahonda,2023,1,2,0.0,31.54,25.42,77.91
KASKAZINI B,Mahonda,2023,1,3,0.95,32.1,24.92,79.04
KASKAZINI B,Mahonda,2023,1,4,2.16,32.59,25.16,77.42
KASKAZINI B,Mahonda,2023,1,5,3.58,30.52,25.52,78.57
KASKAZINI B,Mahonda,2023,2,5,0.0,33.58,24.63,76.18
KASKAZINI B,Mahonda,2023,2,6,0.08,32.14,24.37,75.1
KASKAZINI B,Mahonda,2023,2,7,0.82,31.53,25.47,75.94
KASKAZINI B,Mahonda,2023,2,8,0.0,32.36,25.28,75.13
KASKAZINI B,Mahonda,2023,2,9,0.0,30.99,23.89,73.85
KASKAZINI B,Mahonda,2023,3,9,0.0,33.94,25.1,76.38
KASKAZINI B,Mahonda,2023,3,10,0.0,32.37,24.58,76.95
KASKAZINI B,Mahonda,2023,3,11,31.09,32.31,26.03,77.31
KASKAZINI B,Mahonda,2023,3,12,50.83,31.43,25.38,76.22
KASKAZINI B,Mahonda,2023,3,13,4.54,31.1,24.89,76.09
KASKAZINI B,Mahonda,2023,4,13,18.18,31.2,24.74,86.65
KASKAZINI B,Mahonda,2023,4,14,16.08,31.28,25.81,86.44
KASKAZINI B,Mahonda,2023,4,15,18.49,30.78,25.76,85.2
KASKAZINI B,Mahonda,2023,4,16,53.15,29.6,25.76,86.39
KASKAZINI B,Mahonda,2023,4,17,54.85,29.52,25.18,85.5
KASKAZINI B,Mahonda,2023,5,18,10.47,30.88,24.53,82.09
KASKAZINI B,Mahonda,2023,5,19,32.33,30.65,25.64,82.48
KASKAZINI B,Mahonda,2023,5,20,7.18,31.13,25.15,82.94
KASKAZINI B,Mahonda,2023,5,21,10.05,30.18,24.49,82.27
KASKAZINI B,Mahonda,2023,5,22,25.84,29.4,24.3,82.89
KASKAZINI B,Mahonda,2023,6,22,29.33,28.65,23.66,82.14
KASKAZINI B,Mahonda,2023,6,23,23.38,29.13,22.77,81.83
KASKAZINI B,Mahonda,2023,6,24,1.45,29.41,23.86,82.54
KASKAZINI B,Mahonda,2023,6,25,3.03,29.67,23.59,82.74
KASKAZINI B,Mahonda,2023,6,26,0.0,29.48,24.0,82.06
KASKAZINI B,Mahonda,2023,7,27,6.88,28.64,23.7,82.91
KASKAZINI B,Mahonda,2023,7,28,0.0,28.85,22.62,84.25
KASKAZINI B,Mahonda,2023,7,29,0.0,29.05,22.97,83.24
KASKAZINI B,Mahonda,2023,7,30,5.53,28.27,23.69,83.66
KASKAZINI B,Mahonda,2023,7,31,31.0,28.82,22.79,83.61
KASKAZINI B,Mahonda,2023,8,31,4.9,29.24,22.87,81.65
KASKAZINI B,Mahonda,2023,8,32,3.87,29.76,23.34,81.92
KASKAZINI B,Mahonda,2023,8,33,2.43,29.46,23.39,81.32
KASKAZINI B,Mahonda,2023,8,34,2.04,28.69,22.25,81.03
KASKAZINI B,Mahonda,2023,8,35,5.04,28.65,23.11,81.39
KASKAZINI B,Mahonda,2023,9,35,10.61,30.6,21.28,76.96
KASKAZINI B,Mahonda,2023,9,36,8.27,29.41,22.14,77.11
KASKAZINI B,Mahonda,2023,9,37,3.96,29.45,24.02,76.9
KASKAZINI B,Mahonda,2023,9,38,9.35,31.42,23.39,76.46
KASKAZINI B,Mahonda,2023,9,39,15.08,30.99,23.66,77.21
KASKAZINI B,Mahonda,2023,10,40,11.74,30.68,24.92,74.9
KASKAZINI B,Mahonda,2023,10,41,1.91,31.61,24.09,75.96
KASKAZINI B,Mahonda,2023,10,42,0.0,31.49,23.92,74.15
KASKAZINI B,Mahonda,2023,10,43,25.0,32.05,24.41,75.79
KASKAZINI B,Mahonda,2023,10,44,33.73,31.02,23.78,75.35
KASKAZINI B,Mahonda,2023,11,44,153.81,28.04,24.84,83.45
KASKAZINI B,Mahonda,2023,11,45,114.37,29.15,23.99,82.72
KASKAZINI B,Mahonda,2023,11,46,53.12,30.42,24.18,82.4
KASKAZINI B,Mahonda,2023,11,47,37.65,30.05,24.34,82.6
KASKAZINI B,Mahonda,2023,11,48,52.32,30.66,24.98,84.02
KASKAZINI B,Mahonda,2023,12,48,12.76,30.7,23.54,81.45
KASKAZINI B,Mahonda,2023,12,49,12.81,31.24,24.48,81.13
KASKAZINI B,Mahonda,2023,12,50,29.71,31.29,24.67,81.56
KASKAZINI B,Mahonda,2023,12,51,26.64,31.91,25.82,80.69
KASKAZINI B,Mahonda,2023,12,52,10.37,31.64,25.71,81.06
KATI,Weni,2018,1,1,16.62,30.46,24.21,82.61
KATI,Matangatuani,2018,1,2,6.84,30.23,24.13,79.57
KATI,Karume airport Pemba,2018,1,3,13.14,30.02,24.24,83.31
KATI,Weni,2018,1,4,10.58,30.19,24.05,82.65
KATI,MKOKOTONI-Zanzibar,2018,1,5,16.16,30.49,24.13,82.96
KATI,VICTORIA GARDEN,2018,2,5,13.4,30.66,24.06,80.23
KATI,Zanzibar Airport,2018,2,6,12.88,31.05,24.28,81.28
KATI,Karume airport Pemba,2018,2,7,16.47,31.26,24.43,82.62
KATI,VICTORIA GARDEN,2018,2,8,8.44,30.84,24.26,80.4
KATI,Mahonda,2018,2,9,13.92,30.21,24.01,82.81
KATI,Matangatuani,2018,3,9,15.52,30.63,23.99,79.4
KATI,Makunduchi,2018,3,10,24.06,30.68,24.15,80.85
KATI,MKOKOTONI-Zanzibar,2018,3,11,12.62,31.04,24.48,77.36
KATI,Karume airport Pemba,2018,3,12,27.21,29.78,24.34,77.49
KATI,Matangatuani,2018,3,13,19.88,29.79,24.09,59.68
KATI,Matangatuani,2018,4,14,18.59,31.24,24.53,78.2
KATI,Weni,2018,4,15,29.01,30.35,24.25,82.46
KATI,Zanzibar Airport,2018,4,16,30.98,30.02,23.83,81.46
KATI,Karume airport Pemba,2018,4,17,16.37,30.41,24.19,81.38
KATI,Zanzibar Airport,2018,4,18,16.39,30.55,24.36,80.91
KATI,Weni,2018,5,18,12.95,30.19,24.29,78.32
KATI,Zanzibar Airport,2018,5,19,11.36,30.07,24.31,82.14
KATI,Karume airport Pemba,2018,5,20,23.56,30.51,24.22,82.92
KATI,Mahonda,2018,5,21,16.12,30.54,24.34,81.89
KATI,Weni,2018,5,22,9.16,31.15,24.27,81.01
KATI,KIZIMBANI-Zanzibar,2018,6,22,16.77,30.73,24.47,78.99
KATI,MKOKOTONI-Zanzibar,2018,6,23,13.31,30.8,24.21,80.03
KATI,Zanzibar Airport,2018,6,24,13.29,30.63,24.33,81.41
KATI,Karume airport Pemba,2018,6,25,20.23,30.83,24.46,81.8
KATI,Weni,2018,6,26,14.98,30.66,24.49,82.46
KATI,VICTORIA GARDEN,2018,7,27,11.78,30.45,24.12,82.71
KATI,MKOKOTONI-Zanzibar,2018,7,28,15.79,30.01,24.19,81.43
KATI,Matangatuani,2018,7,29,12.78,30.36,24.16,80.18
KATI,Zanzibar Airport,2018,7,30,16.26,30.48,23.96,81.36
KATI,Matangatuani,2018,7,31,7.5,30.66,24.48,81.57
KATI,Zanzibar Airport,2018,8,31,15.27,30.48,24.21,81.19
KATI,Weni,2018,8,32,21.84,30.64,24.32,81.49
KATI,Weni,2018,8,33,8.93,31.17,24.23,83.35
KATI,Karume airport Pemba,2018,8,34,9.71,30.66,24.13,83.66
KATI,Makunduchi,2018,8,35,11.02,30.86,23.97,79.72
KATI,VICTORIA GARDEN,2018,9,35,17.25,30.62,24.93,75.4
KATI,KIZIMBANI-Zanzibar,2018,9,36,13.22,30.53,24.31,81.68
KATI,Karume airport Pemba,2018,9,37,14.06,30.49,24.23,81.65
KATI,KIZIMBANI-Zanzibar,2018,9,38,19.73,30.39,24.24,80.86
KATI,MKOKOTONI-Zanzibar,2018,9,39,21.24,30.47,24.17,79.92
KATI,Weni,2018,10,40,12.35,30.22,23.9,81.38
KATI,Karume airport Pemba,2018,10,41,21.68,30.6,24.44,83.53
KATI,MKOKOTONI-Zanzibar,2018,10,42,13.26,30.9,24.49,82.08
KATI,Makunduchi,2018,10,43,12.24,30.81,24.61,81.92
KATI,MKOKOTONI-Zanzibar,2018,10,44,9.47,30.01,23.87,81.09
KATI,Mahonda,2018,11,44,3.75,30.58,24.5,74.04
KATI,Weni,2018,11,45,18.96,30.81,24.3,80.4
KATI,Makunduchi,2018,11,46,10.29,30.37,24.03,79.06
KATI,MKOKOTONI-Zanzibar,2018,11,47,22.93,30.45,24.1,81.34
KATI,VICTORIA GARDEN,2018,11,48,19.22,30.72,24.61,80.29
KATI,Zanzibar Airport,2018,12,49,15.01,30.79,24.35,81.7
KATI,Karume airport Pemba,2018,12,50,14.36,30.62,24.74,81.25
KATI,MKOKOTONI-Zanzibar,2018,12,51,12.57,30.84,24.23,79.4
KATI,VICTORIA GARDEN,2018,12,52,12.39,30.37,24.21,80.17
KATI,MKOKOTONI-Zanzibar,2018,12,53,17.66,30.3,24.36,81.34
KATI,Abdalla mzee-Mkoani,2019,1,1,16.94,30.94,24.49,82.61
KATI,MKOKOTONI-Zanzibar,2019,1,2,14.6,30.9,24.42,80.41
KATI,Karume airport Pemba,2019,1,3,15.29,30.68,23.94,82.85
KATI,Karume airport Pemba,2019,1,4,14.88,30.74,24.42,82.5
KATI,VICTORIA GARDEN,2019,1,5,14.75,30.38,23.92,77.55
KATI,Zanzibar Airport,2019,2,5,18.7,30.55,23.86,76.69
KATI,Weni,2019,2,6,25.42,30.92,24.37,82.67
KATI,Karume airport Pemba,2019,2,7,13.57,30.56,24.44,82.07
KATI,KIZIMBANI-Zanzibar,2019,2,8,13.36,31.0,24.4,82.52
KATI,KIZIMBANI-Zanzibar,2019,2,9,17.54,30.3,24.5,82.06
KATI,Karume airport Pemba,2019,3,9,2.08,32.29,26.49,91.55
KATI,Karume airport Pemba,2019,3,10,7.64,30.21,23.5,82.86
KATI,Zanzibar Airport,2019,3,11,12.35,30.85,24.56,82.87
KATI,Karume airport Pemba,2019,3,12,11.67,29.88,23.97,82.93
KATI,KIZIMBANI-Zanzibar,2019,3,13,13.58,30.73,24.29,81.46
KATI,Matangatuani,2019,4,14,22.67,30.48,24.44,82.07
KATI,Zanzibar Airport,2019,4,15,4.22,31.41,24.4,83.3
KATI,Zanzibar Airport,2019,4,16,17.33,30.75,24.32,77.08
KATI,Mahonda,2019,4,17,14.15,30.71,24.61,82.62
KATI,Makunduchi,2019,4,18,14.45,30.08,24.16,78.7
KATI,Makunduchi,2019,5,18,7.68,30.38,23.86,82.93
KATI,Makunduchi,2019,5,19,12.69,31.03,24.32,78.44
KATI,Makunduchi,2019,5,20,11.74,30.84,24.48,81.88
KATI,Weni,2019,5,21,17.5,30.43,24.17,82.0
KATI,Makunduchi,2019,5,22,14.57,30.5,24.02,81.06
KATI,Weni,2019,6,23,18.63,30.43,24.22,80.42
KATI,Abdalla mzee-Mkoani,2019,6,24,13.44,30.32,24.15,82.14
KATI,Makunduchi,2019,6,25,16.88,30.53,24.25,81.4
KATI,Karume airport Pemba,2019,6,26,15.56,30.6,24.55,81.17
KATI,KIZIMBANI-Zanzibar,2019,6,27,10.67,30.89,24.49,76.84
KATI,Mahonda,2019,7,27,15.17,30.37,23.87,79.52
KATI,Zanzibar Airport,2019,7,28,8.26,30.49,24.3,80.75
KATI,Weni,2019,7,29,16.14,30.49,24.15,82.46
KATI,Karume airport Pemba,2019,7,30,16.0,30.57,24.13,80.56
KATI,VICTORIA GARDEN,2019,7,31,16.74,30.27,24.22,81.78
KATI,KIZIMBANI-Zanzibar,2019,8,31,10.71,30.76,24.37,80.39
KATI,VICTORIA GARDEN,2019,8,32,13.45,30.86,24.2,82.95
KATI,Karume airport Pemba,2019,8,33,19.87,30.51,24.24,79.93
KATI,Karume airport Pemba,2019,8,34,14.91,30.39,24.28,82.19
KATI,Makunduchi,2019,8,35,8.5,30.88,24.44,81.11
KATI,Mahonda,2019,9,36,11.48,30.96,24.1,81.99
KATI,Zanzibar Airport,2019,9,37,9.31,30.61,24.37,83.88
KATI,Weni,2019,9,38,24.42,30.46,24.35,81.85
KATI,Weni,2019,9,39,7.83,30.62,24.46,81.55
KATI,Mahonda,2019,9,40,12.88,31.09,24.42,80.47
KATI,MKOKOTONI-Zanzibar,2019,10,40,17.51,30.67,24.33,80.79
KATI,KIZIMBANI-Zanzibar,2019,10,41,11.26,30.8,24.12,80.2
KATI,KIZIMBANI-Zanzibar,2019,10,42,17.97,30.77,24.38,82.45
KATI,Zanzibar Airport,2019,10,43,15.07,30.61,24.31,81.5
KATI,Abdalla mzee-Mkoani,2019,10,44,14.16,30.73,24.45,83.51
KATI,KIZIMBANI-Zanzibar,2019,11,44,24.91,31.58,24.05,81.22
KATI,Weni,2019,11,45,14.13,31.04,24.3,83.32
KATI,Karume airport Pemba,2019,11,46,12.43,30.49,24.11,81.0
KATI,Abdalla mzee-Mkoani,2019,11,47,11.98,30.5,24.01,81.73
KATI,Mahonda,2019,11,48,20.56,30.96,24.32,82.49
KATI,Zanzibar Airport,2019,12,49,16.44,30.65,24.37,82.93
KATI,MKOKOTONI-Zanzibar,2019,12,50,12.97,30.56,24.24,80.38
KATI,VICTORIA GARDEN,2019,12,51,16.05,30.69,24.3,81.02
KATI,KIZIMBANI-Zanzibar,2019,12,52,14.3,30.57,24.13,82.23
KATI,KIZIMBANI-Zanzibar,2019,12,53,14.7,30.49,24.13,80.01
KATI,Weni,2020,1,1,8.38,30.89,24.35,80.78
KATI,Weni,2020,1,2,19.31,30.64,24.4,81.99
KATI,KIZIMBANI-Zanzibar,2020,1,3,15.84,30.68,24.2,81.52
KATI,VICTORIA GARDEN,2020,1,4,12.0,30.45,24.11,80.61
KATI,Weni,2020,1,5,16.54,30.68,24.38,81.15
KATI,Abdalla mzee-Mkoani,2020,2,5,17.88,30.71,24.2,81.75
KATI,Weni,2020,2,6,9.28,30.9,24.59,82.04
KATI,VICTORIA GARDEN,2020,2,7,14.41,30.62,24.15,80.97
KATI,KIZIMBANI-Zanzibar,2020,2,8,19.74,30.47,24.37,81.42
KATI,Zanzibar Airport,2020,2,9,19.62,30.69,24.5,83.12
KATI,MKOKOTONI-Zanzibar,2020,3,10,12.8,30.64,24.41,80.84
KATI,KIZIMBANI-Zanzibar,2020,3,11,12.27,30.22,24.03,81.65
KATI,Mahonda,2020,3,12,22.33,30.43,24.17,82.33
KATI,Matangatuani,2020,3,13,11.41,30.65,24.14,82.74
KATI,Weni,2020,3,14,10.98,30.16,23.77,84.91
KATI,Matangatuani,2020,4,14,10.94,30.07,23.89,80.54
KATI,Weni,2020,4,15,12.26,30.54,24.22,81.64
KATI,KIZIMBANI-Zanzibar,2020,4,16,12.02,30.73,24.3,80.87
KATI,Abdalla mzee-Mkoani,2020,4,17,18.51,30.79,24.33,82.42
KATI,MKOKOTONI-Zanzibar,2020,4,18,18.55,30.39,24.22,80.68
KATI,Zanzibar Airport,2020,5,18,14.43,30.68,24.18,81.03
KATI,Weni,2020,5,19,13.34,30.59,24.01,80.73
KATI,KIZIMBANI-Zanzibar,2020,5,20,16.64,30.3,24.15,81.36
KATI,VICTORIA GARDEN,2020,5,21,15.0,30.48,24.14,79.18
KATI,Abdalla mzee-Mkoani,2020,5,22,22.21,30.4,24.24,82.58
KATI,Matangatuani,2020,5,23,31.28,30.44,24.29,81.94
KATI,Mahonda,2020,6,23,12.41,31.06,24.4,81.27
KATI,VICTORIA GARDEN,2020,6,24,16.58,30.68,24.43,82.1
KATI,Makunduchi,2020,6,25,15.02,30.62,24.26,80.86
KATI,Abdalla mzee-Mkoani,2020,6,26,10.82,30.51,24.13,80.88
KATI,Matangatuani,2020,6,27,19.39,30.62,24.3,80.91
KATI,VICTORIA GARDEN,2020,7,27,18.54,30.38,24.48,80.01
KATI,Matangatuani,2020,7,28,16.54,30.53,24.22,78.58
KATI,Abdalla mzee-Mkoani,2020,7,29,12.33,30.5,24.17,80.79
KATI,VICTORIA GARDEN,2020,7,30,20.01,30.49,24.22,80.36
KATI,MKOKOTONI-Zanzibar,2020,7,31,19.15,30.51,24.4,83.08
KATI,Mahonda,2020,8,31,21.66,31.01,23.5,75.52
KATI,Makunduchi,2020,8,32,14.34,30.66,24.43,81.21
KATI,Mahonda,2020,8,33,20.77,30.61,24.16,82.1
KATI,KIZIMBANI-Zanzibar,2020,8,34,6.49,30.59,24.09,79.89
KATI,Weni,2020,8,35,12.74,30.22,24.05,81.42
KATI,KIZIMBANI-Zanzibar,2020,8,36,11.69,30.11,24.2,81.96
KATI,VICTORIA GARDEN,2020,9,36,9.8,30.29,23.93,79.81
KATI,Karume airport Pemba,2020,9,37,21.01,31.05,24.59,83.48
KATI,KIZIMBANI-Zanzibar,2020,9,38,19.8,30.52,24.21,80.18
KATI,Weni,2020,9,39,13.17,30.47,24.13,79.47
KATI,KIZIMBANI-Zanzibar,2020,9,40,13.14,30.56,24.26,78.8
KATI,KIZIMBANI-Zanzibar,2020,10,40,21.44,30.49,23.07,81.14
KATI,MKOKOTONI-Zanzibar,2020,10,41,17.83,30.71,24.45,83.57
KATI,Abdalla mzee-Mkoani,2020,10,42,12.47,30.43,24.13,81.46
KATI,VICTORIA GARDEN,2020,10,43,19.84,30.36,24.12,80.94
KATI,VICTORIA GARDEN,2020,10,44,17.1,29.85,24.36,81.23
KATI,KIZIMBANI-Zanzibar,2020,11,45,8.28,30.18,24.61,78.58
KATI,KIZIMBANI-Zanzibar,2020,11,46,9.14,30.99,24.15,80.75
KATI,Weni,2020,11,47,13.4,31.0,24.57,79.89
KATI,VICTORIA GARDEN,2020,11,48,11.47,30.78,24.15,80.21
KATI,Weni,2020,11,49,29.86,30.21,23.71,82.91
KATI,Zanzibar Airport,2020,12,49,13.62,30.67,24.28,81.92
KATI,MKOKOTONI-Zanzibar,2020,12,50,16.87,30.44,24.24,81.47
KATI,MKOKOTONI-Zanzibar,2020,12,51,16.26,30.66,24.1,80.01
KATI,Matangatuani,2020,12,52,15.53,31.16,24.26,82.53
KATI,KIZIMBANI-Zanzibar,2020,12,53,11.48,30.56,24.04,81.8
KATI,Abdalla mzee-Mkoani,2021,1,1,13.64,30.5,23.9,77.45
KATI,MKOKOTONI-Zanzibar,2021,1,2,16.52,30.62,24.35,81.28
KATI,KIZIMBANI-Zanzibar,2021,1,3,18.07,30.63,24.24,82.0
KATI,Abdalla mzee-Mkoani,2021,1,4,15.33,30.58,24.29,82.59
KATI,MKOKOTONI-Zanzibar,2021,1,5,17.89,30.52,24.05,82.64
KATI,KIZIMBANI-Zanzibar,2021,1,6,9.53,29.96,23.84,72.82
KATI,Weni,2021,2,6,13.73,30.61,24.11,81.3
KATI,Karume airport Pemba,2021,2,7,14.25,30.69,24.07,82.26
KATI,KIZIMBANI-Zanzibar,2021,2,8,17.64,30.41,24.11,82.2
KATI,KIZIMBANI-Zanzibar,2021,2,9,12.81,30.54,24.28,81.75
KATI,Weni,2021,2,10,9.56,30.91,24.28,83.65
KATI,Makunduchi,2021,3,10,18.46,30.59,24.54,82.04
KATI,VICTORIA GARDEN,2021,3,11,16.28,30.61,24.18,81.75
KATI,Abdalla mzee-Mkoani,2021,3,12,19.66,30.76,24.43,81.13
KATI,VICTORIA GARDEN,2021,3,13,16.8,30.45,24.53,80.61
KATI,VICTORIA GARDEN,2021,3,14,24.92,30.51,24.34,80.64
KATI,Weni,2021,4,14,20.91,30.4,24.53,83.08
KATI,KIZIMBANI-Zanzibar,2021,4,15,10.88,30.78,24.29,80.15
KATI,MKOKOTONI-Zanzibar,2021,4,16,9.2,30.87,24.45,78.48
KATI,MKOKOTONI-Zanzibar,2021,4,17,26.93,30.78,24.84,81.94
KATI,MKOKOTONI-Zanzibar,2021,4,18,20.53,30.52,24.53,81.42
KATI,Zanzibar Airport,2021,5,18,35.48,31.48,24.28,83.75
KATI,Karume airport Pemba,2021,5,19,13.44,30.32,23.87,82.06
KATI,VICTORIA GARDEN,2021,5,20,19.03,30.57,24.34,80.31
KATI,Abdalla mzee-Mkoani,2021,5,21,17.37,30.66,24.13,81.92
KATI,Abdalla mzee-Mkoani,2021,5,22,13.18,30.68,24.37,81.07
KATI,Abdalla mzee-Mkoani,2021,5,23,12.51,30.65,23.59,82.63
KATI,Zanzibar Airport,2021,6,23,13.9,30.47,24.31,80.96
KATI,Weni,2021,6,24,14.16,30.66,24.25,80.98
KATI,Karume airport Pemba,2021,6,25,26.35,30.61,24.3,83.69
KATI,Abdalla mzee-Mkoani,2021,6,26,14.42,30.37,24.06,83.48
KATI,Matangatuani,2021,6,27,15.56,30.33,24.04,82.93
KATI,Zanzibar Airport,2021,7,27,21.2,31.01,24.15,80.26
KATI,Karume airport Pemba,2021,7,28,19.08,30.73,24.44,84.23
KATI,Mahonda,2021,7,29,15.49,30.83,24.32,80.67
KATI,Zanzibar Airport,2021,7,30,16.53,30.19,24.15,81.96
KATI,Matangatuani,2021,7,31,12.89,30.94,24.42,81.68
KATI,Zanzibar Airport,2021,8,32,13.44,30.9,24.21,80.98
KATI,Matangatuani,2021,8,33,23.9,30.54,24.51,82.67
KATI,Matangatuani,2021,8,34,11.18,30.34,23.85,80.43
KATI,KIZIMBANI-Zanzibar,2021,8,35,16.4,30.66,24.28,78.44
KATI,KIZIMBANI-Zanzibar,2021,8,36,20.35,29.85,24.12,82.72
KATI,MKOKOTONI-Zanzibar,2021,9,36,8.76,30.26,24.06,82.71
KATI,Weni,2021,9,37,13.87,30.6,24.26,80.4
KATI,KIZIMBANI-Zanzibar,2021,9,38,15.52,30.61,24.28,81.76
KATI,Mahonda,2021,9,39,17.28,30.8,24.23,79.08
KATI,Makunduchi,2021,9,40,9.21,30.76,24.0,82.12
KATI,Matangatuani,2021,10,40,8.17,30.18,24.16,81.06
KATI,KIZIMBANI-Zanzibar,2021,10,41,14.46,30.99,24.42,80.48
KATI,Karume airport Pemba,2021,10,42,21.11,31.12,24.78,81.83
KATI,Makunduchi,2021,10,43,18.11,30.68,24.27,80.86
KATI,Weni,2021,10,44,16.67,30.75,24.3,80.6
KATI,Karume airport Pemba,2021,11,45,16.33,30.2,24.32,81.73
KATI,Weni,2021,11,46,15.25,30.13,24.18,78.2
KATI,Weni,2021,11,47,9.27,30.58,23.97,81.62
KATI,MKOKOTONI-Zanzibar,2021,11,48,9.13,31.2,24.43,79.41
KATI,Zanzibar Airport,2021,11,49,14.22,30.12,24.28,76.25
KATI,MKOKOTONI-Zanzibar,2021,12,49,13.36,30.36,24.66,79.76
KATI,Karume airport Pemba,2021,12,50,15.77,30.13,24.25,81.84
KATI,KIZIMBANI-Zanzibar,2021,12,51,11.87,30.81,24.42,81.32
KATI,Weni,2021,12,52,11.5,30.93,24.17,81.75
KATI,Weni,2021,12,53,21.97,30.9,24.41,81.36
KATI,Makunduchi,2022,1,1,14.06,29.6,23.88,72.8
KATI,Makunduchi,2022,1,2,15.47,30.64,24.34,82.39
KATI,Abdalla mzee-Mkoani,2022,1,3,20.94,30.54,24.07,81.11
KATI,Karume airport Pemba,2022,1,4,17.62,30.29,24.33,81.93
KATI,Abdalla mzee-Mkoani,2022,1,5,18.38,30.58,24.31,83.44
KATI,Karume airport Pemba,2022,1,6,20.64,29.58,23.94,84.79
KATI,Makunduchi,2022,2,6,12.95,30.52,24.44,79.93
KATI,Mahonda,2022,2,7,10.0,30.41,23.98,78.45
KATI,Matangatuani,2022,2,8,16.33,30.84,24.21,82.96
KATI,Zanzibar Airport,2022,2,9,7.82,30.13,24.08,81.07
KATI,VICTORIA GARDEN,2022,2,10,39.24,29.08,22.91,79.08
KATI,VICTORIA GARDEN,2022,3,10,16.19,31.07,24.54,87.04
KATI,Weni,2022,3,11,8.94,30.81,24.29,80.79
KATI,Weni,2022,3,12,22.15,30.16,24.32,81.87
KATI,Weni,2022,3,13,15.98,30.32,24.02,81.79
KATI,VICTORIA GARDEN,2022,3,14,8.36,29.77,23.58,78.83
KATI,Weni,2022,4,14,7.42,31.11,24.53,83.72
KATI,Weni,2022,4,15,18.95,30.55,24.34,81.65
KATI,Makunduchi,2022,4,16,10.04,31.33,24.54,82.48
KATI,KIZIMBANI-Zanzibar,2022,4,17,11.47,30.4,24.39,81.5
KATI,MKOKOTONI-Zanzibar,2022,4,18,17.79,31.11,24.33,82.88
KATI,Zanzibar Airport,2022,5,19,14.62,30.92,24.97,77.83
KATI,VICTORIA GARDEN,2022,5,20,24.5,30.69,24.06,83.22
KATI,Makunduchi,2022,5,21,11.92,30.69,24.18,81.54
KATI,Mahonda,2022,5,22,17.66,30.48,24.16,80.82
KATI,Karume airport Pemba,2022,5,23,9.36,30.5,24.24,80.74
KATI,Weni,2022,6,23,22.02,30.45,24.21,85.0
KATI,Karume airport Pemba,2022,6,24,17.14,30.73,24.42,82.45
KATI,Weni,2022,6,25,16.27,30.67,24.21,81.6
KATI,Abdalla mzee-Mkoani,2022,6,26,16.29,30.22,24.32,78.99
KATI,Mahonda,2022,6,27,16.55,30.67,23.96,80.74
KATI,Makunduchi,2022,7,27,8.92,30.37,24.29,79.16
KATI,Zanzibar Airport,2022,7,28,21.59,30.67,24.16,83.17
KATI,Matangatuani,2022,7,29,15.87,30.18,24.14,82.13
KATI,Makunduchi,2022,7,30,19.2,31.01,24.48,81.04
KATI,KIZIMBANI-Zanzibar,2022,7,31,18.01,30.95,23.78,82.38
KATI,MKOKOTONI-Zanzibar,2022,7,32,119.16,28.92,25.17,87.25
KATI,Matangatuani,2022,8,32,18.18,29.92,23.63,81.61
KATI,VICTORIA GARDEN,2022,8,33,12.96,30.64,24.2,81.46
KATI,Makunduchi,2022,8,34,19.4,30.34,23.89,81.2
KATI,VICTORIA GARDEN,2022,8,35,19.03,31.03,24.31,80.81
KATI,MKOKOTONI-Zanzibar,2022,8,36,3.74,31.08,24.24,71.01
KATI,Abdalla mzee-Mkoani,2022,9,36,31.3,30.07,24.39,82.97
KATI,Matangatuani,2022,9,37,9.31,30.23,24.02,82.45
KATI,Karume airport Pemba,2022,9,38,15.39,30.6,24.46,81.3
KATI,Zanzibar Airport,2022,9,39,15.99,31.03,24.48,76.12
KATI,VICTORIA GARDEN,2022,9,40,12.08,31.26,24.55,74.15
KATI,Zanzibar Airport,2022,10,40,19.85,31.03,25.01,77.92
KATI,Karume airport Pemba,2022,10,41,11.29,30.09,24.2,80.83
KATI,Matangatuani,2022,10,42,13.58,29.81,23.91,81.62
KATI,Makunduchi,2022,10,43,5.77,30.5,24.37,81.63
KATI,Weni,2022,10,44,5.04,30.48,24.38,81.97
KATI,MKOKOTONI-Zanzibar,2022,10,45,38.38,31.07,25.14,79.54
KATI,Zanzibar Airport,2022,11,45,3.56,32.56,25.68,78.92
KATI,Matangatuani,2022,11,46,22.19,30.67,24.28,82.0
KATI,Zanzibar Airport,2022,11,47,11.14,30.43,24.24,78.45
KATI,KIZIMBANI-Zanzibar,2022,11,48,13.91,30.34,23.9,81.31
KATI,Zanzibar Airport,2022,11,49,13.29,30.01,23.35,81.47
KATI,KIZIMBANI-Zanzibar,2022,12,49,16.13,30.45,24.25,80.73
KATI,Matangatuani,2022,12,50,14.32,30.55,23.78,78.87
KATI,Makunduchi,2022,12,51,19.71,30.85,24.02,80.72
KATI,KIZIMBANI-Zanzibar,2022,12,52,18.52,30.59,24.33,82.79
KATI,Weni,2022,12,53,12.79,30.43,24.12,79.12
KATI,Makunduchi,2023,1,1,15.67,30.36,24.08,80.49
KATI,Matangatuani,2023,1,2,12.13,30.7,24.22,80.8
KATI,Mahonda,2023,1,3,16.21,30.64,24.5,80.83
KATI,Mahonda,2023,1,4,12.43,30.75,24.7,78.9
KATI,Weni,2023,1,5,21.88,30.6,24.48,83.3
KATI,KIZIMBANI-Zanzibar,2023,2,5,15.97,30.59,24.11,80.44
KATI,Makunduchi,2023,2,6,11.98,30.39,24.03,81.11
KATI,Matangatuani,2023,2,7,20.22,30.32,24.29,81.27
KATI,Karume airport Pemba,2023,2,8,13.37,30.72,24.58,81.99
KATI,Mahonda,2023,2,9,24.32,30.3,24.54,82.8
KATI,Zanzibar Airport,2023,3,9,11.41,30.51,23.77,80.49
KATI,MKOKOTONI-Zanzibar,2023,3,10,10.74,30.99,24.42,81.6
KATI,Makunduchi,2023,3,11,20.32,30.62,24.03,81.0
KATI,Makunduchi,2023,3,12,14.59,30.38,24.12,80.65
KATI,Matangatuani,2023,3,13,20.76,30.32,24.19,79.58
KATI,Karume airport Pemba,2023,4,13,29.54,30.94,24.61,85.83
KATI,Weni,2023,4,14,41.32,30.58,24.29,83.18
KATI,Abdalla mzee-Mkoani,2023,4,15,15.51,30.27,24.37,82.2
KATI,Abdalla mzee-Mkoani,2023,4,16,13.83,31.0,24.66,79.32
KATI,Abdalla mzee-Mkoani,2023,4,17,24.0,30.81,24.09,82.67
KATI,Weni,2023,4,18,7.78,30.78,24.4,79.77
KATI,Karume airport Pemba,2023,5,18,14.57,30.55,24.22,82.21
KATI,MKOKOTONI-Zanzibar,2023,5,19,22.04,30.56,24.13,80.19
KATI,Makunduchi,2023,5,20,11.15,30.84,24.46,79.93
KATI,Mahonda,2023,5,21,18.15,30.52,24.4,80.85
KATI,Matangatuani,2023,5,22,12.39,30.69,24.46,81.41
KATI,VICTORIA GARDEN,2023,6,22,3.61,29.7,23.59,79.23
KATI,Zanzibar Airport,2023,6,23,14.92,30.6,24.33,81.79
KATI,KIZIMBANI-Zanzibar,2023,6,24,19.64,30.66,24.36,81.23
KATI,Mahonda,2023,6,25,18.15,30.67,24.2,81.36
KATI,KIZIMBANI-Zanzibar,2023,6,26,13.31,30.61,24.27,82.79
KATI,Matangatuani,2023,7,26,4.84,30.27,23.91,84.28
KATI,KIZIMBANI-Zanzibar,2023,7,27,10.2,30.72,24.28,81.72
KATI,KIZIMBANI-Zanzibar,2023,7,28,11.36,30.62,24.16,82.36
KATI,Matangatuani,2023,7,29,15.92,30.9,24.51,82.04
KATI,Matangatuani,2023,7,30,15.71,30.47,24.25,81.68
KATI,Matangatuani,2023,7,31,12.13,30.65,24.32,80.58
KATI,Karume airport Pemba,2023,8,31,15.06,30.52,24.25,82.55
KATI,Zanzibar Airport,2023,8,32,16.76,30.22,24.18,81.62
KATI,Abdalla mzee-Mkoani,2023,8,33,17.37,30.55,24.26,82.01
KATI,VICTORIA GARDEN,2023,8,34,19.39,30.27,24.16,82.42
KATI,Mahonda,2023,8,35,8.57,30.74,24.38,80.67
KATI,Makunduchi,2023,9,35,13.52,30.99,24.64,78.59
KATI,VICTORIA GARDEN,2023,9,36,19.88,30.9,24.27,81.69
KATI,VICTORIA GARDEN,2023,9,37,13.94,30.64,24.28,82.37
KATI,Matangatuani,2023,9,38,27.9,30.49,24.47,79.43
KATI,Matangatuani,2023,9,39,21.15,30.54,24.08,84.42
KATI,MKOKOTONI-Zanzibar,2023,10,40,20.46,30.38,24.38,81.1
KATI,Zanzibar Airport,2023,10,41,21.47,30.63,24.37,82.22
KATI,KIZIMBANI-Zanzibar,2023,10,42,11.27,30.5,24.02,79.86
KATI,Karume airport Pemba,2023,10,43,18.49,30.5,24.03,80.08
KATI,Weni,2023,10,44,15.63,30.81,24.17,84.87
KATI,Weni,2023,11,44,15.13,31.5,24.36,83.68
KATI,Weni,2023,11,45,21.38,30.87,24.32,79.5
KATI,Weni,2023,11,46,15.78,30.6,24.4,79.32
KATI,Weni,2023,11,47,12.86,30.72,24.35,80.7
KATI,MKOKOTONI-Zanzibar,2023,11,48,18.27,30.51,24.14,81.22
KATI,Makunduchi,2023,12,48,21.62,30.29,24.83,77.74
KATI,KIZIMBANI-Zanzibar,2023,12,49,12.0,30.54,24.11,81.18
KATI,MKOKOTONI-Zanzibar,2023,12,50,17.45,30.28,24.1,80.57
KATI,Weni,2023,12,51,16.37,30.73,24.38,81.35
KATI,MKOKOTONI-Zanzibar,2023,12,52,14.92,30.75,24.26,81.53
KUSINI,Makunduchi,2018,1,1,8.03,32.7,25.92,73.59
KUSINI,Makunduchi,2018,1,2,1.23,32.54,25.58,73.69
KUSINI,Makunduchi,2018,1,3,0.2,32.86,25.42,73.86
KUSINI,Makunduchi,2018,1,4,0.0,32.41,24.79,73.63
KUSINI,Makunduchi,2018,1,5,0.0,32.24,25.88,74.96
KUSINI,Makunduchi,2018,2,5,0.0,32.68,24.94,71.5
KUSINI,Makunduchi,2018,2,6,0.0,32.07,25.11,72.79
KUSINI,Makunduchi,2018,2,7,0.0,31.2,24.92,72.9
KUSINI,Makunduchi,2018,2,8,0.0,31.62,25.74,72.95
KUSINI,Makunduchi,2018,2,9,0.0,32.18,25.4,74.95
KUSINI,Makunduchi,2018,3,9,4.15,33.04,25.9,77.55
KUSINI,Makunduchi,2018,3,10,3.2,32.77,25.31,77.66
KUSINI,Makunduchi,2018,3,11,0.81,32.36,25.31,76.81
KUSINI,Makunduchi,2018,3,13,9.19,33.77,25.12,76.67
KUSINI,Makunduchi,2018,4,14,14.05,32.43,25.2,86.95
KUSINI,Makunduchi,2018,4,15,12.75,30.57,24.89,86.57
KUSINI,Makunduchi,2018,4,16,38.71,30.93,24.66,86.63
KUSINI,Makunduchi,2018,4,17,25.66,31.32,24.94,86.47
KUSINI,Makunduchi,2018,5,18,61.31,30.03,24.07,83.97
KUSINI,Makunduchi,2018,5,19,38.58,29.29,24.64,83.13
KUSINI,Makunduchi,2018,5,20,17.51,29.58,24.12,82.62
KUSINI,Makunduchi,2018,5,21,14.77,30.37,24.48,83.86
KUSINI,Makunduchi,2018,5,22,16.55,30.12,24.49,83.05
KUSINI,Makunduchi,2018,6,23,1.76,30.14,24.8,73.84
KUSINI,Makunduchi,2018,6,24,1.74,30.57,24.36,73.42
KUSINI,Makunduchi,2018,6,25,0.0,28.61,23.61,74.61
KUSINI,Makunduchi,2018,6,26,0.0,29.29,23.66,73.6
KUSINI,Makunduchi,2018,7,27,12.58,30.18,23.82,71.47
KUSINI,Makunduchi,2018,7,28,0.51,29.35,23.75,72.22
KUSINI,Makunduchi,2018,7,29,0.18,28.75,22.78,70.86
KUSINI,Makunduchi,2018,7,30,0.17,28.18,23.55,70.89
KUSINI,Makunduchi,2018,7,31,0.83,29.62,23.88,72.35
KUSINI,Makunduchi,2018,8,31,0.0,30.21,23.35,73.89
KUSINI,Makunduchi,2018,8,32,0.0,29.25,23.3,73.59
KUSINI,Makunduchi,2018,8,33,0.0,28.92,22.96,74.03
KUSINI,Makunduchi,2018,8,34,0.0,29.55,23.57,75.08
KUSINI,Makunduchi,2018,8,35,1.7,28.7,22.57,74.78
KUSINI,Makunduchi,2018,9,36,1.52,28.49,22.63,67.41
KUSINI,Makunduchi,2018,9,37,0.0,29.71,22.85,67.88
KUSINI,Makunduchi,2018,9,38,2.81,29.8,22.67,68.68
KUSINI,Makunduchi,2018,9,39,0.82,29.84,23.33,67.87
KUSINI,Makunduchi,2018,10,40,0.0,29.95,24.42,73.95
KUSINI,Makunduchi,2018,10,41,0.0,29.38,23.75,73.61
KUSINI,Makunduchi,2018,10,42,0.0,29.36,23.44,74.25
KUSINI,Makunduchi,2018,10,43,0.0,28.98,23.03,73.85
KUSINI,Makunduchi,2018,10,44,7.78,30.93,22.65,73.35
KUSINI,Makunduchi,2018,11,45,0.0,31.86,24.31,75.88
KUSINI,Makunduchi,2018,11,46,0.0,30.93,24.06,77.64
KUSINI,Makunduchi,2018,11,47,4.62,31.98,24.56,74.2
KUSINI,Makunduchi,2018,11,48,4.87,31.1,25.17,75.62
KUSINI,Makunduchi,2018,12,50,5.43,31.89,25.44,75.15
KUSINI,Makunduchi,2018,12,51,4.85,31.84,25.53,76.34
KUSINI,Makunduchi,2018,12,52,3.21,31.27,24.86,76.45
KUSINI,Makunduchi,2019,1,1,5.56,33.06,26.62,68.65
KUSINI,Makunduchi,2019,1,2,3.17,32.8,25.63,69.33
KUSINI,Makunduchi,2019,1,3,0.0,32.62,25.5,68.75
KUSINI,Makunduchi,2019,1,4,0.0,32.14,24.8,69.71
KUSINI,Makunduchi,2019,1,5,0.0,32.9,25.81,69.07
KUSINI,Makunduchi,2019,2,6,0.0,32.1,25.16,67.6
KUSINI,Makunduchi,2019,2,8,0.0,31.7,24.91,67.97
KUSINI,Makunduchi,2019,2,9,24.76,32.62,24.82,67.78
KUSINI,Makunduchi,2019,3,9,10.68,33.11,25.35,70.75
KUSINI,Makunduchi,2019,3,10,10.84,33.28,24.88,71.2
KUSINI,Makunduchi,2019,3,11,0.0,33.73,25.47,73.2
KUSINI,Makunduchi,2019,3,12,0.0,33.45,24.72,74.03
KUSINI,Makunduchi,2019,3,13,11.48,33.63,26.22,72.57
KUSINI,Makunduchi,2019,4,14,75.72,32.21,25.03,86.5
KUSINI,Makunduchi,2019,4,15,80.21,31.34,24.73,87.65
KUSINI,Makunduchi,2019,4,16,0.0,32.03,24.98,85.82
KUSINI,Makunduchi,2019,4,17,12.23,30.52,25.13,87.92
KUSINI,Makunduchi,2019,4,18,28.58,32.2,24.5,87.85
KUSINI,Makunduchi,2019,5,18,102.22,31.32,24.83,85.02
KUSINI,Makunduchi,2019,5,19,121.03,30.42,24.77,87.08
KUSINI,Makunduchi,2019,5,20,96.18,28.97,25.28,87.11
KUSINI,Makunduchi,2019,5,21,26.48,30.0,24.66,86.7
KUSINI,Makunduchi,2019,5,22,82.34,29.45,24.76,85.71
KUSINI,Makunduchi,2019,6,23,0.0,29.74,24.06,71.56
KUSINI,Makunduchi,2019,6,24,0.0,29.48,24.15,72.33
KUSINI,Makunduchi,2019,6,25,0.0,29.97,23.65,72.67
KUSINI,Makunduchi,2019,6,26,0.0,29.03,24.47,71.88
KUSINI,Makunduchi,2019,7,27,0.0,30.68,23.5,68.95
KUSINI,Makunduchi,2019,7,28,1.55,30.06,24.15,69.01
KUSINI,Makunduchi,2019,7,29,2.16,29.5,22.9,69.15
KUSINI,Makunduchi,2019,7,30,1.3,29.81,22.66,68.71
KUSINI,Makunduchi,2019,7,31,0.0,28.23,22.63,68.86
KUSINI,Makunduchi,2019,8,31,7.74,30.2,22.0,73.36
KUSINI,Makunduchi,2019,8,32,2.07,29.52,22.83,73.09
KUSINI,Makunduchi,2019,8,33,0.0,28.88,24.35,73.19
KUSINI,Makunduchi,2019,8,34,0.0,29.65,23.18,73.32
KUSINI,Makunduchi,2019,8,35,0.0,30.14,23.65,73.77
KUSINI,Makunduchi,2019,9,36,0.0,29.67,21.28,73.62
KUSINI,Makunduchi,2019,9,37,0.0,29.87,23.43,73.82
KUSINI,Makunduchi,2019,9,38,0.0,29.9,21.12,73.35
KUSINI,Makunduchi,2019,9,39,0.0,29.14,22.86,71.75
KUSINI,Makunduchi,2019,10,40,28.25,29.53,23.97,76.52
KUSINI,Makunduchi,2019,10,41,24.03,29.35,24.83,76.2
KUSINI,Makunduchi,2019,10,42,26.65,30.35,24.15,78.13
KUSINI,Makunduchi,2019,11,44,16.09,32.16,25.69,77.85
KUSINI,Makunduchi,2019,11,45,15.9,31.91,25.21,77.4
KUSINI,Makunduchi,2019,11,46,16.14,31.35,24.57,77.82
KUSINI,Makunduchi,2019,11,47,16.47,31.28,24.78,76.96
KUSINI,Makunduchi,2019,11,48,15.34,31.2,24.58,76.03
KUSINI,Makunduchi,2019,12,49,36.73,32.27,23.8,75.67
KUSINI,Makunduchi,2019,12,50,4.64,33.15,24.88,75.49
KUSINI,Makunduchi,2019,12,51,48.85,31.84,24.58,76.3
KUSINI,Makunduchi,2019,12,52,125.52,30.35,23.13,74.45
KUSINI,Makunduchi,2019,12,53,2.73,31.96,25.07,77.05
KUSINI,Makunduchi,2020,1,1,31.36,34.0,25.66,74.67
KUSINI,Makunduchi,2020,1,2,17.61,32.42,25.39,76.14
KUSINI,Makunduchi,2020,1,3,0.7,31.79,24.99,74.67
KUSINI,Makunduchi,2020,1,4,5.3,30.9,25.61,74.17
KUSINI,Makunduchi,2020,1,5,34.24,29.93,25.67,74.17
KUSINI,Makunduchi,2020,2,6,35.82,32.32,24.87,74.97
KUSINI,Makunduchi,2020,2,7,17.38,31.33,24.71,75.75
KUSINI,Makunduchi,2020,2,8,0.0,31.32,25.94,75.14
KUSINI,Makunduchi,2020,2,9,0.0,32.46,26.2,75.34
KUSINI,Makunduchi,2020,3,10,21.27,32.22,25.45,77.71
KUSINI,Makunduchi,2020,3,11,54.01,32.48,25.43,79.17
KUSINI,Makunduchi,2020,3,12,19.88,32.27,25.82,78.34
KUSINI,Makunduchi,2020,3,13,5.27,31.7,24.95,78.91
KUSINI,Makunduchi,2020,3,14,6.2,31.49,25.2,80.65
KUSINI,Makunduchi,2020,4,14,47.17,32.8,25.52,86.26
KUSINI,Makunduchi,2020,4,15,45.92,31.49,25.28,87.8
KUSINI,Makunduchi,2020,4,16,134.56,29.35,24.41,86.48
KUSINI,Makunduchi,2020,4,17,132.78,28.79,24.37,86.5
KUSINI,Makunduchi,2020,4,18,192.3,29.65,24.55,86.47
KUSINI,Makunduchi,2020,5,18,84.29,30.19,24.98,84.95
KUSINI,Makunduchi,2020,5,19,98.28,29.5,24.74,82.98
KUSINI,Makunduchi,2020,5,20,5.12,30.04,25.04,83.9
KUSINI,Makunduchi,2020,5,21,42.39,29.53,24.31,83.69
KUSINI,Makunduchi,2020,5,22,0.0,31.3,24.66,83.0
KUSINI,Makunduchi,2020,6,23,0.0,30.51,25.14,77.1
KUSINI,Makunduchi,2020,6,24,6.6,29.89,24.43,77.62
KUSINI,Makunduchi,2020,6,25,6.45,29.38,24.49,77.88
KUSINI,Makunduchi,2020,6,26,2.63,28.37,24.4,77.69
KUSINI,Makunduchi,2020,6,27,17.22,27.96,24.27,77.24
KUSINI,Makunduchi,2020,7,27,8.4,30.2,24.18,76.02
KUSINI,Makunduchi,2020,7,28,8.09,28.46,23.4,73.32
KUSINI,Makunduchi,2020,7,29,13.59,28.01,23.2,74.98
KUSINI,Makunduchi,2020,7,30,13.96,28.03,23.32,75.18
KUSINI,Makunduchi,2020,7,31,0.0,27.8,22.97,74.25
KUSINI,Makunduchi,2020,8,32,2.73,29.34,23.2,78.46
KUSINI,Makunduchi,2020,8,33,0.0,28.72,21.83,77.89
KUSINI,Makunduchi,2020,8,34,10.41,28.26,22.48,77.25
KUSINI,Makunduchi,2020,8,35,3.35,28.94,22.44,77.82
KUSINI,Makunduchi,2020,8,36,3.22,28.36,23.65,76.6
KUSINI,Makunduchi,2020,9,36,0.0,29.86,22.53,81.77
KUSINI,Makunduchi,2020,9,37,0.0,30.34,22.39,80.66
KUSINI,Makunduchi,2020,9,38,0.0,29.62,22.78,83.05
KUSINI,Makunduchi,2020,9,39,0.38,29.34,22.82,81.3
KUSINI,Makunduchi,2020,9,40,5.92,29.78,23.0,82.25
KUSINI,Makunduchi,2020,10,40,0.0,32.5,23.85,82.33
KUSINI,Makunduchi,2020,10,41,0.52,30.83,23.45,81.44
KUSINI,Makunduchi,2020,10,42,2.01,31.19,23.72,82.44
KUSINI,Makunduchi,2020,10,43,14.54,30.36,23.33,81.39
KUSINI,Makunduchi,2020,10,44,7.56,31.0,24.27,81.92
KUSINI,Makunduchi,2020,11,45,0.0,29.78,25.36,83.65
KUSINI,Makunduchi,2020,11,46,44.18,30.12,24.28,83.29
KUSINI,Makunduchi,2020,11,47,22.27,29.93,24.33,82.68
KUSINI,Makunduchi,2020,11,48,8.45,30.9,24.8,82.2
KUSINI,Makunduchi,2020,11,49,14.06,31.32,25.06,82.55
KUSINI,Makunduchi,2020,12,49,0.0,31.87,24.73,81.91
KUSINI,Makunduchi,2020,12,50,0.0,31.39,24.92,80.38
KUSINI,Makunduchi,2020,12,51,0.0,31.6,24.81,80.78
KUSINI,Makunduchi,2020,12,52,0.0,31.45,25.54,81.26
KUSINI,Makunduchi,2020,12,53,0.0,32.0,25.58,80.17
KUSINI,Makunduchi,2021,1,1,0.0,31.47,24.81,79.35
KUSINI,Makunduchi,2021,1,2,1.23,30.82,24.77,78.78
KUSINI,Makunduchi,2021,1,3,47.72,29.71,24.88,78.92
KUSINI,Makunduchi,2021,1,4,0.0,32.0,24.61,78.62
KUSINI,Makunduchi,2021,1,5,0.0,32.05,25.59,78.81
KUSINI,Makunduchi,2021,2,6,0.0,32.3,24.94,78.18
KUSINI,Makunduchi,2021,2,7,27.48,31.62,25.27,78.16
KUSINI,Makunduchi,2021,2,8,9.9,31.89,24.78,78.61
KUSINI,Makunduchi,2021,2,9,1.87,31.94,24.94,77.94
KUSINI,Makunduchi,2021,2,10,5.86,32.45,23.97,77.1
KUSINI,Makunduchi,2021,3,10,0.0,33.08,25.65,77.88
KUSINI,Makunduchi,2021,3,11,0.0,32.7,24.72,77.1
KUSINI,Makunduchi,2021,3,12,6.79,31.84,24.16,78.49
KUSINI,Makunduchi,2021,3,13,13.77,32.39,24.23,77.12
KUSINI,Makunduchi,2021,3,14,13.97,31.69,24.89,76.98
KUSINI,Makunduchi,2021,4,14,35.92,32.06,25.58,85.45
KUSINI,Makunduchi,2021,4,15,51.91,30.44,24.71,83.46
KUSINI,Makunduchi,2021,4,16,102.68,29.65,24.57,84.35
KUSINI,Makunduchi,2021,4,17,56.2,28.7,24.69,84.79
KUSINI,Makunduchi,2021,4,18,48.39,31.26,25.16,83.91
KUSINI,Makunduchi,2021,5,18,96.64,28.98,25.47,78.0
KUSINI,Makunduchi,2021,5,19,89.46,28.4,24.08,78.54
KUSINI,Makunduchi,2021,5,20,0.0,30.27,24.58,77.42
KUSINI,Makunduchi,2021,5,21,7.03,31.02,25.03,78.34
KUSINI,Makunduchi,2021,5,22,3.06,30.15,24.76,78.6
KUSINI,Makunduchi,2021,5,23,0.0,29.01,24.63,77.84
KUSINI,Makunduchi,2021,6,23,7.95,29.47,23.63,74.38
KUSINI,Makunduchi,2021,6,24,6.06,29.13,24.18,74.86
KUSINI,Makunduchi,2021,6,25,2.84,28.8,23.81,74.74
KUSINI,Makunduchi,2021,6,26,6.63,28.45,22.66,75.22
KUSINI,Makunduchi,2021,6,27,3.78,29.47,21.91,76.04
KUSINI,Makunduchi,2021,7,27,0.0,30.08,23.42,72.85
KUSINI,Makunduchi,2021,7,28,2.98,28.18,23.26,73.48
KUSINI,Makunduchi,2021,7,29,22.45,28.86,23.76,72.8
KUSINI,Makunduchi,2021,7,30,0.0,29.18,24.18,73.96
KUSINI,Makunduchi,2021,7,31,0.0,29.13,23.52,72.99
KUSINI,Makunduchi,2021,8,32,0.0,28.38,23.11,76.83
KUSINI,Makunduchi,2021,8,33,3.75,29.12,21.54,76.85
KUSINI,Makunduchi,2021,8,34,6.2,28.96,22.7,75.41
KUSINI,Makunduchi,2021,8,35,4.96,29.18,22.59,75.98
KUSINI,Makunduchi,2021,8,36,5.95,28.17,20.95,77.77
KUSINI,Makunduchi,2021,9,36,0.0,30.14,23.24,75.44
KUSINI,Makunduchi,2021,9,37,4.4,29.65,23.02,74.5
KUSINI,Makunduchi,2021,9,38,5.89,28.56,23.37,75.03
KUSINI,Makunduchi,2021,9,39,0.6,29.13,23.53,75.02
KUSINI,Makunduchi,2021,9,40,0.0,27.73,22.81,74.82
KUSINI,Makunduchi,2021,10,40,0.0,31.95,22.88,73.45
KUSINI,Makunduchi,2021,10,41,0.0,32.22,23.53,76.32
KUSINI,Makunduchi,2021,10,42,0.0,31.23,23.91,75.51
KUSINI,Makunduchi,2021,10,43,0.0,30.49,23.36,76.26
KUSINI,Makunduchi,2021,10,44,4.8,31.28,23.49,75.57
KUSINI,Makunduchi,2021,11,45,0.0,32.64,24.84,76.95
KUSINI,Makunduchi,2021,11,46,0.0,32.57,23.8,77.53
KUSINI,Makunduchi,2021,11,47,0.0,31.76,23.85,77.79
KUSINI,Makunduchi,2021,11,48,3.22,31.9,24.91,76.82
KUSINI,Makunduchi,2021,11,49,5.55,32.1,24.6,78.55
KUSINI,Makunduchi,2021,12,49,19.17,31.21,26.14,82.5
KUSINI,Makunduchi,2021,12,50,18.59,30.78,24.3,80.23
KUSINI,Makunduchi,2021,12,51,18.83,31.13,24.57,81.06
KUSINI,Makunduchi,2021,12,52,18.65,31.0,24.56,80.38
KUSINI,Makunduchi,2021,12,53,0.0,31.52,24.38,81.41
KUSINI,Makunduchi,2022,1,2,0.0,33.05,25.72,77.7
KUSINI,Makunduchi,2022,1,3,0.0,32.86,26.19,78.62
KUSINI,Makunduchi,2022,1,4,21.08,33.31,24.51,78.93
KUSINI,Makunduchi,2022,1,5,20.31,30.88,24.28,78.46
KUSINI,Makunduchi,2022,1,6,31.64,30.3,25.04,78.8
KUSINI,Makunduchi,2022,2,6,15.94,31.28,23.99,80.55
KUSINI,Makunduchi,2022,2,7,11.1,32.2,24.87,80.56
KUSINI,Makunduchi,2022,2,8,6.05,31.92,25.2,79.18
KUSINI,Makunduchi,2022,2,9,13.0,31.32,25.29,79.6
KUSINI,Makunduchi,2022,2,10,40.31,31.71,25.06,82.3
KUSINI,Makunduchi,2022,3,10,0.0,33.51,25.9,76.33
KUSINI,Makunduchi,2022,3,11,0.0,31.95,25.17,76.69
KUSINI,Makunduchi,2022,3,12,0.44,32.58,25.03,77.63
KUSINI,Makunduchi,2022,3,13,1.24,31.54,26.1,76.53
KUSINI,Makunduchi,2022,3,14,0.0,32.21,25.97,77.54
KUSINI,Makunduchi,2022,4,15,0.0,33.13,24.71,83.9
KUSINI,Makunduchi,2022,4,16,38.67,30.43,25.15,84.57
KUSINI,Makunduchi,2022,4,17,63.79,30.19,24.49,83.58
KUSINI,Makunduchi,2022,4,18,48.47,30.03,24.95,84.12
KUSINI,Makunduchi,2022,5,19,36.73,29.18,24.74,80.78
KUSINI,Makunduchi,2022,5,20,11.63,30.75,25.2,80.55
KUSINI,Makunduchi,2022,5,21,0.0,30.07,25.88,81.12
KUSINI,Makunduchi,2022,5,22,9.86,31.5,24.96,80.61
KUSINI,Makunduchi,2022,5,23,15.72,30.56,25.12,80.9
KUSINI,Makunduchi,2022,6,23,41.48,31.11,23.88,80.07
KUSINI,Makunduchi,2022,6,24,26.1,28.82,24.2,79.35
KUSINI,Makunduchi,2022,6,25,0.0,29.58,24.38,80.59
KUSINI,Makunduchi,2022,6,26,0.0,29.72,24.64,78.69
KUSINI,Makunduchi,2022,6,27,0.0,28.75,24.49,79.84
KUSINI,Makunduchi,2022,7,27,13.71,29.06,21.84,81.9
KUSINI,Makunduchi,2022,7,28,13.08,27.51,22.65,80.65
KUSINI,Makunduchi,2022,7,29,5.73,27.09,21.43,80.0
KUSINI,Makunduchi,2022,7,30,13.63,27.84,22.6,80.28
KUSINI,Makunduchi,2022,7,31,0.0,28.01,22.51,80.56
KUSINI,Makunduchi,2022,7,32,0.0,26.97,21.72,81.15
KUSINI,Makunduchi,2022,8,32,0.0,28.85,21.62,79.5
KUSINI,Makunduchi,2022,8,33,0.76,28.33,21.4,79.07
KUSINI,Makunduchi,2022,8,34,3.38,28.7,21.35,80.33
KUSINI,Makunduchi,2022,8,35,3.4,27.29,22.13,81.38
KUSINI,Makunduchi,2022,8,36,0.0,28.01,21.92,79.64
KUSINI,Makunduchi,2022,9,36,0.0,29.42,21.68,74.68
KUSINI,Makunduchi,2022,9,37,0.0,29.18,21.68,74.08
KUSINI,Makunduchi,2022,9,38,0.0,29.86,22.02,74.03
KUSINI,Makunduchi,2022,9,39,0.0,30.4,22.8,74.2
KUSINI,Makunduchi,2022,9,40,0.0,30.01,23.16,75.58
KUSINI,Makunduchi,2022,10,41,0.0,27.69,22.5,71.92
KUSINI,Makunduchi,2022,10,42,0.0,29.4,22.73,73.18
KUSINI,Makunduchi,2022,10,43,0.0,30.7,23.09,73.61
KUSINI,Makunduchi,2022,10,44,0.0,29.32,23.03,73.26
KUSINI,Makunduchi,2022,10,45,0.0,28.68,23.83,72.82
KUSINI,Makunduchi,2022,11,45,0.0,32.0,23.1,75.57
KUSINI,Makunduchi,2022,11,46,0.0,31.04,23.92,75.42
KUSINI,Makunduchi,2022,11,47,0.0,30.4,24.23,75.67
KUSINI,Makunduchi,2022,11,48,12.04,30.41,24.49,75.8
KUSINI,Makunduchi,2022,11,49,27.42,30.92,24.22,74.72
KUSINI,Makunduchi,2022,12,49,0.0,32.22,24.64,77.95
KUSINI,Makunduchi,2022,12,50,0.0,30.56,25.25,77.74
KUSINI,Makunduchi,2022,12,51,0.0,31.73,23.66,78.75
KUSINI,Makunduchi,2022,12,52,0.0,32.16,25.24,77.64
KUSINI,Makunduchi,2022,12,53,6.9,31.48,25.9,77.95
KUSINI,Makunduchi,2023,1,1,4.63,32.21,26.64,79.19
KUSINI,Makunduchi,2023,1,2,0.0,31.62,25.42,77.77
KUSINI,Makunduchi,2023,1,3,1.82,32.14,25.06,78.17
KUSINI,Makunduchi,2023,1,4,2.83,31.95,25.33,78.4
KUSINI,Makunduchi,2023,1,5,0.0,31.66,25.43,78.49
KUSINI,Makunduchi,2023,2,5,13.47,33.45,24.92,76.51
KUSINI,Makunduchi,2023,2,6,18.08,33.0,24.87,75.65
KUSINI,Makunduchi,2023,2,7,13.37,31.82,24.46,75.53
KUSINI,Makunduchi,2023,2,8,0.0,32.56,25.36,75.15
KUSINI,Makunduchi,2023,2,9,0.0,32.06,23.62,74.76
KUSINI,Makunduchi,2023,3,9,1.75,33.74,24.36,76.48
KUSINI,Makunduchi,2023,3,10,10.38,32.85,25.0,76.92
KUSINI,Makunduchi,2023,3,11,13.7,33.26,25.42,75.77
KUSINI,Makunduchi,2023,3,12,8.52,31.51,25.96,75.79
KUSINI,Makunduchi,2023,3,13,16.77,30.75,24.45,76.32
KUSINI,Makunduchi,2023,4,14,18.68,31.46,25.53,86.73
KUSINI,Makunduchi,2023,4,15,27.79,31.67,25.72,86.36
KUSINI,Makunduchi,2023,4,16,72.77,28.88,25.24,86.74
KUSINI,Makunduchi,2023,4,17,75.33,29.67,25.5,86.21
KUSINI,Makunduchi,2023,4,18,148.83,28.54,24.24,86.1
KUSINI,Makunduchi,2023,5,18,40.14,31.1,24.98,82.3
KUSINI,Makunduchi,2023,5,19,25.82,30.25,25.08,82.27
KUSINI,Makunduchi,2023,5,20,11.56,30.37,25.49,82.04
KUSINI,Makunduchi,2023,5,21,10.29,30.39,24.89,82.7
KUSINI,Makunduchi,2023,5,22,15.64,29.94,24.2,82.81
KUSINI,Makunduchi,2023,6,22,37.09,28.86,23.46,82.27
KUSINI,Makunduchi,2023,6,23,29.55,29.21,23.39,82.1
KUSINI,Makunduchi,2023,6,24,0.0,29.23,23.95,82.68
KUSINI,Makunduchi,2023,6,25,0.0,29.99,23.49,82.21
KUSINI,Makunduchi,2023,6,26,17.98,28.95,24.25,82.01
KUSINI,Makunduchi,2023,7,26,33.54,29.04,22.79,84.75
KUSINI,Makunduchi,2023,7,27,31.78,28.4,23.33,82.99
KUSINI,Makunduchi,2023,7,28,0.0,29.14,23.12,84.14
KUSINI,Makunduchi,2023,7,29,0.0,29.27,22.98,83.93
KUSINI,Makunduchi,2023,7,30,0.0,28.67,22.65,83.91
KUSINI,Makunduchi,2023,7,31,0.0,29.11,23.41,83.18
KUSINI,Makunduchi,2023,8,31,0.0,29.42,23.68,82.95
KUSINI,Makunduchi,2023,8,32,3.24,29.41,23.55,82.47
KUSINI,Makunduchi,2023,8,33,8.31,29.75,22.01,81.29
KUSINI,Makunduchi,2023,8,34,14.51,28.79,22.68,81.28
KUSINI,Makunduchi,2023,8,35,0.0,29.16,22.42,81.68
KUSINI,Makunduchi,2023,9,35,0.0,31.61,21.59,76.52
KUSINI,Makunduchi,2023,9,36,0.0,29.66,21.98,77.23
KUSINI,Makunduchi,2023,9,37,0.0,30.58,21.97,76.87
KUSINI,Makunduchi,2023,9,38,0.0,31.5,23.3,77.42
KUSINI,Makunduchi,2023,9,39,0.0,30.83,22.96,77.12
KUSINI,Makunduchi,2023,10,40,9.7,30.63,24.64,74.6
KUSINI,Makunduchi,2023,10,41,2.52,31.39,23.99,75.2
KUSINI,Makunduchi,2023,10,42,0.0,31.66,24.0,74.18
KUSINI,Makunduchi,2023,10,43,0.0,31.02,24.59,76.28
KUSINI,Makunduchi,2023,10,44,0.0,30.55,24.3,75.35
KUSINI,Makunduchi,2023,11,44,41.38,27.87,25.35,84.2
KUSINI,Makunduchi,2023,11,45,43.63,29.32,25.81,82.94
KUSINI,Makunduchi,2023,11,46,43.87,30.31,24.54,82.84
KUSINI,Makunduchi,2023,11,47,20.98,29.91,24.2,82.51
KUSINI,Makunduchi,2023,11,48,9.6,30.7,24.28,82.49
KUSINI,Makunduchi,2023,12,48,10.76,31.14,23.7,81.45
KUSINI,Makunduchi,2023,12,49,11.26,31.65,25.13,81.57
KUSINI,Makunduchi,2023,12,50,10.71,31.12,24.82,80.97
KUSINI,Makunduchi,2023,12,51,3.63,31.94,25.26,80.66
KUSINI,Makunduchi,2023,12,52,16.3,31.45,25.79,81.02
MAGHARIBI A,KIZIMBANI-Zanzibar,2018,1,1,1.44,33.13,25.46,73.48
MAGHARIBI A,KIZIMBANI-Zanzibar,2018,1,2,1.2,32.82,25.26,74.28
MAGHARIBI A,KIZIMBANI-Zanzibar,2018,1,3,0.16,32.26,25.53,73.81
MAGHARIBI A,KIZIMBANI-Zanzibar,2018,1,4,0.0,32.52,25.12,75.42
MAGHARIBI A,KIZIMBANI-Zanzibar,2018,1,5,0.0,32.1,25.82,75.05
MAGHARIBI A,KIZIMBANI-Zanzibar,2018,2,5,0.0,32.61,24.59,71.66
MAGHARIBI A,KIZIMBANI-Zanzibar,2018,2,6,0.0,32.3,25.11,72.56
MAGHARIBI A,KIZIMBANI-Zanzibar,2018,2,7,1.59,31.13,25.36,72.92
MAGHARIBI A,KIZIMBANI-Zanzibar,2018,2,8,1.54,31.59,25.33,72.77
MAGHARIBI A,KIZIMBANI-Zanzibar,2018,2,9,0.0,32.21,26.01,72.43
MAGHARIBI A,KIZIMBANI-Zanzibar,2018,3,9,0.66,32.45,25.51,77.31
MAGHARIBI A,KIZIMBANI-Zanzibar,2018,3,10,2.95,32.58,24.85,76.8
MAGHARIBI A,KIZIMBANI-Zanzibar,2018,3,11,4.19,32.65,25.22,77.47
MAGHARIBI A,KIZIMBANI-Zanzibar,2018,3,12,6.33,33.94,25.03,76.52
MAGHARIBI A,KIZIMBANI-Zanzibar,2018,3,13,13.56,33.73,25.41,77.34
MAGHARIBI A,KIZIMBANI-Zanzibar,2018,4,14,17.06,32.7,25.3,86.72
MAGHARIBI A,KIZIMBANI-Zanzibar,2018,4,15,9.22,30.46,24.8,86.62
MAGHARIBI A,KIZIMBANI-Zanzibar,2018,4,16,26.14,30.96,24.5,86.2
MAGHARIBI A,KIZIMBANI-Zanzibar,2018,4,17,18.69,31.67,24.99,87.32
MAGHARIBI A,KIZIMBANI-Zanzibar,2018,4,18,0.0,30.28,25.38,87.64
MAGHARIBI A,KIZIMBANI-Zanzibar,2018,5,18,26.36,29.19,24.34,83.63
MAGHARIBI A,KIZIMBANI-Zanzibar,2018,5,19,27.99,29.82,25.23,83.04
MAGHARIBI A,KIZIMBANI-Zanzibar,2018,5,20,24.69,29.66,24.98,82.57
MAGHARIBI A,KIZIMBANI-Zanzibar,2018,5,21,7.34,29.84,24.01,82.71
MAGHARIBI A,KIZIMBANI-Zanzibar,2018,5,22,5.72,29.78,24.69,82.58
MAGHARIBI A,KIZIMBANI-Zanzibar,2018,6,22,0.0,30.16,23.79,72.4
MAGHARIBI A,KIZIMBANI-Zanzibar,2018,6,23,1.3,29.67,24.49,72.29
MAGHARIBI A,KIZIMBANI-Zanzibar,2018,6,24,2.97,29.43,23.82,73.78
MAGHARIBI A,KIZIMBANI-Zanzibar,2018,6,25,0.0,29.39,23.52,73.04
MAGHARIBI A,KIZIMBANI-Zanzibar,2018,6,26,0.74,29.37,23.63,73.91
MAGHARIBI A,KIZIMBANI-Zanzibar,2018,7,27,8.11,30.21,23.7,71.66
MAGHARIBI A,KIZIMBANI-Zanzibar,2018,7,28,0.92,29.73,23.91,71.77
MAGHARIBI A,KIZIMBANI-Zanzibar,2018,7,29,0.2,28.93,23.91,71.63
MAGHARIBI A,KIZIMBANI-Zanzibar,2018,7,30,0.2,28.65,23.05,70.74
MAGHARIBI A,KIZIMBANI-Zanzibar,2018,7,31,0.5,29.28,23.67,72.22
MAGHARIBI A,KIZIMBANI-Zanzibar,2018,8,31,0.0,29.24,23.34,74.43
MAGHARIBI A,KIZIMBANI-Zanzibar,2018,8,32,0.07,29.46,23.16,73.68
MAGHARIBI A,KIZIMBANI-Zanzibar,2018,8,33,0.38,29.16,22.8,73.55
MAGHARIBI A,KIZIMBANI-Zanzibar,2018,8,34,0.12,29.3,23.8,75.45
MAGHARIBI A,KIZIMBANI-Zanzibar,2018,8,35,2.86,29.53,23.2,74.69
MAGHARIBI A,KIZIMBANI-Zanzibar,2018,9,35,0.88,29.64,22.74,68.05
MAGHARIBI A,KIZIMBANI-Zanzibar,2018,9,36,0.9,28.85,22.82,67.6
MAGHARIBI A,KIZIMBANI-Zanzibar,2018,9,37,0.5,29.41,23.28,67.83
MAGHARIBI A,KIZIMBANI-Zanzibar,2018,9,38,3.5,29.54,22.19,69.11
MAGHARIBI A,KIZIMBANI-Zanzibar,2018,9,39,1.55,29.66,23.0,68.18
MAGHARIBI A,KIZIMBANI-Zanzibar,2018,9,40,1.35,29.57,23.15,70.15
MAGHARIBI A,KIZIMBANI-Zanzibar,2018,10,40,2.31,29.97,23.91,73.84
MAGHARIBI A,KIZIMBANI-Zanzibar,2018,10,41,1.2,30.28,24.37,73.81
MAGHARIBI A,KIZIMBANI-Zanzibar,2018,10,42,1.46,29.14,23.31,73.52
MAGHARIBI A,KIZIMBANI-Zanzibar,2018,10,43,4.67,29.97,23.39,74.49
MAGHARIBI A,KIZIMBANI-Zanzibar,2018,10,44,8.12,30.62,23.64,73.24
MAGHARIBI A,KIZIMBANI-Zanzibar,2018,11,44,0.0,32.18,24.56,75.7
MAGHARIBI A,KIZIMBANI-Zanzibar,2018,11,45,0.0,31.58,24.1,77.31
MAGHARIBI A,KIZIMBANI-Zanzibar,2018,11,46,0.61,31.21,24.38,77.52
MAGHARIBI A,KIZIMBANI-Zanzibar,2018,11,47,5.6,32.0,24.93,75.86
MAGHARIBI A,KIZIMBANI-Zanzibar,2018,11,48,3.99,31.92,24.76,78.0
MAGHARIBI A,KIZIMBANI-Zanzibar,2018,12,48,1.36,32.76,24.32,75.8
MAGHARIBI A,KIZIMBANI-Zanzibar,2018,12,49,1.24,31.92,24.69,76.21
MAGHARIBI A,KIZIMBANI-Zanzibar,2018,12,50,1.52,32.26,25.22,75.14
MAGHARIBI A,KIZIMBANI-Zanzibar,2018,12,51,3.29,31.94,24.48,76.71
MAGHARIBI A,KIZIMBANI-Zanzibar,2018,12,52,1.44,32.36,24.8,76.54
MAGHARIBI A,KIZIMBANI-Zanzibar,2018,12,53,0.0,32.07,25.82,76.05
MAGHARIBI A,KIZIMBANI-Zanzibar,2019,1,1,4.09,32.44,26.34,69.56
MAGHARIBI A,KIZIMBANI-Zanzibar,2019,1,2,1.26,33.78,26.09,69.36
MAGHARIBI A,KIZIMBANI-Zanzibar,2019,1,3,1.26,32.41,26.2,69.4
MAGHARIBI A,KIZIMBANI-Zanzibar,2019,1,4,5.94,32.79,25.74,69.42
MAGHARIBI A,KIZIMBANI-Zanzibar,2019,1,5,0.0,32.71,25.81,69.35
MAGHARIBI A,KIZIMBANI-Zanzibar,2019,2,5,0.0,34.35,25.64,67.39
MAGHARIBI A,KIZIMBANI-Zanzibar,2019,2,6,1.03,33.95,24.58,66.53
MAGHARIBI A,KIZIMBANI-Zanzibar,2019,2,7,4.78,31.49,24.7,67.34
MAGHARIBI A,KIZIMBANI-Zanzibar,2019,2,8,1.21,31.55,25.13,67.24
MAGHARIBI A,KIZIMBANI-Zanzibar,2019,2,9,32.42,32.39,24.06,67.77
MAGHARIBI A,KIZIMBANI-Zanzibar,2019,3,9,6.84,34.66,24.42,70.81
MAGHARIBI A,KIZIMBANI-Zanzibar,2019,3,10,6.52,33.25,24.46,73.07
MAGHARIBI A,KIZIMBANI-Zanzibar,2019,3,11,0.0,33.13,25.26,73.86
MAGHARIBI A,KIZIMBANI-Zanzibar,2019,3,12,0.0,34.7,25.19,72.93
MAGHARIBI A,KIZIMBANI-Zanzibar,2019,3,13,3.31,34.93,26.11,72.44
MAGHARIBI A,KIZIMBANI-Zanzibar,2019,4,14,53.86,32.15,25.26,86.57
MAGHARIBI A,KIZIMBANI-Zanzibar,2019,4,15,52.59,31.83,25.15,87.71
MAGHARIBI A,KIZIMBANI-Zanzibar,2019,4,16,28.71,31.35,25.62,86.89
MAGHARIBI A,KIZIMBANI-Zanzibar,2019,4,17,10.24,32.15,25.5,86.97
MAGHARIBI A,KIZIMBANI-Zanzibar,2019,4,18,1.63,32.54,26.02,87.75
MAGHARIBI A,KIZIMBANI-Zanzibar,2019,5,18,159.11,31.34,24.8,86.36
MAGHARIBI A,KIZIMBANI-Zanzibar,2019,5,19,140.84,30.06,25.11,85.32
MAGHARIBI A,KIZIMBANI-Zanzibar,2019,5,20,108.35,28.69,25.37,86.9
MAGHARIBI A,KIZIMBANI-Zanzibar,2019,5,21,24.69,29.44,25.69,86.91
MAGHARIBI A,KIZIMBANI-Zanzibar,2019,5,22,86.19,29.46,24.65,86.32
MAGHARIBI A,KIZIMBANI-Zanzibar,2019,6,22,0.0,29.95,23.69,71.1
MAGHARIBI A,KIZIMBANI-Zanzibar,2019,6,23,0.0,29.83,23.99,71.04
MAGHARIBI A,KIZIMBANI-Zanzibar,2019,6,24,1.01,30.06,24.3,72.19
MAGHARIBI A,KIZIMBANI-Zanzibar,2019,6,25,0.1,29.47,23.25,71.6
MAGHARIBI A,KIZIMBANI-Zanzibar,2019,6,26,0.0,29.6,23.9,72.12
MAGHARIBI A,KIZIMBANI-Zanzibar,2019,6,27,0.0,29.19,24.31,71.75
MAGHARIBI A,KIZIMBANI-Zanzibar,2019,7,27,1.26,29.8,23.59,68.7
MAGHARIBI A,KIZIMBANI-Zanzibar,2019,7,28,0.82,29.67,23.3,69.55
MAGHARIBI A,KIZIMBANI-Zanzibar,2019,7,29,10.14,29.33,23.26,68.62
MAGHARIBI A,KIZIMBANI-Zanzibar,2019,7,30,9.03,29.45,22.81,68.9
MAGHARIBI A,KIZIMBANI-Zanzibar,2019,7,31,0.0,28.77,23.05,68.47
MAGHARIBI A,KIZIMBANI-Zanzibar,2019,8,31,8.83,30.53,23.26,73.0
MAGHARIBI A,KIZIMBANI-Zanzibar,2019,8,32,7.99,29.13,23.01,73.42
MAGHARIBI A,KIZIMBANI-Zanzibar,2019,8,33,6.28,29.62,23.6,72.9
MAGHARIBI A,KIZIMBANI-Zanzibar,2019,8,34,4.59,29.2,23.6,72.77
MAGHARIBI A,KIZIMBANI-Zanzibar,2019,8,35,4.68,29.51,23.1,73.46
MAGHARIBI A,KIZIMBANI-Zanzibar,2019,9,36,3.15,29.01,21.47,74.3
MAGHARIBI A,KIZIMBANI-Zanzibar,2019,9,37,28.07,30.33,21.48,74.38
MAGHARIBI A,KIZIMBANI-Zanzibar,2019,9,38,13.16,30.22,22.1,73.61
MAGHARIBI A,KIZIMBANI-Zanzibar,2019,9,39,14.12,30.46,23.41,73.34
MAGHARIBI A,KIZIMBANI-Zanzibar,2019,9,40,43.31,29.0,23.31,73.1
MAGHARIBI A,KIZIMBANI-Zanzibar,2019,10,40,35.43,29.46,23.86,76.62
MAGHARIBI A,KIZIMBANI-Zanzibar,2019,10,41,63.26,29.53,24.46,77.05
MAGHARIBI A,KIZIMBANI-Zanzibar,2019,10,42,91.67,29.04,24.44,78.26
MAGHARIBI A,KIZIMBANI-Zanzibar,2019,10,43,33.85,29.76,23.69,76.89
MAGHARIBI A,KIZIMBANI-Zanzibar,2019,10,44,18.28,30.2,23.81,77.27
MAGHARIBI A,KIZIMBANI-Zanzibar,2019,11,44,67.45,32.01,25.61,77.85
MAGHARIBI A,KIZIMBANI-Zanzibar,2019,11,45,41.49,31.1,24.66,77.29
MAGHARIBI A,KIZIMBANI-Zanzibar,2019,11,46,2.52,31.02,24.84,76.95
MAGHARIBI A,KIZIMBANI-Zanzibar,2019,11,47,32.76,31.14,24.64,76.45
MAGHARIBI A,KIZIMBANI-Zanzibar,2019,11,48,16.24,31.51,24.84,76.31
MAGHARIBI A,KIZIMBANI-Zanzibar,2019,12,49,51.03,32.48,24.27,75.16
MAGHARIBI A,KIZIMBANI-Zanzibar,2019,12,50,32.55,33.13,24.84,75.61
MAGHARIBI A,KIZIMBANI-Zanzibar,2019,12,51,62.02,31.76,25.01,75.37
MAGHARIBI A,KIZIMBANI-Zanzibar,2019,12,52,62.11,32.7,24.85,75.03
MAGHARIBI A,KIZIMBANI-Zanzibar,2019,12,53,20.73,31.96,25.59,77.21
MAGHARIBI A,KIZIMBANI-Zanzibar,2020,1,1,0.0,33.1,25.51,74.69
MAGHARIBI A,KIZIMBANI-Zanzibar,2020,1,2,1.26,32.6,25.36,75.51
MAGHARIBI A,KIZIMBANI-Zanzibar,2020,1,3,35.71,32.02,25.25,74.49
MAGHARIBI A,KIZIMBANI-Zanzibar,2020,1,4,93.11,31.48,25.91,74.26
MAGHARIBI A,KIZIMBANI-Zanzibar,2020,1,5,18.56,30.81,25.99,74.09
MAGHARIBI A,KIZIMBANI-Zanzibar,2020,2,5,27.69,34.48,25.1,76.05
MAGHARIBI A,KIZIMBANI-Zanzibar,2020,2,6,24.86,31.43,24.83,74.85
MAGHARIBI A,KIZIMBANI-Zanzibar,2020,2,7,10.54,31.49,24.82,75.02
MAGHARIBI A,KIZIMBANI-Zanzibar,2020,2,8,10.83,31.31,25.23,75.61
MAGHARIBI A,KIZIMBANI-Zanzibar,2020,2,9,10.02,32.01,25.57,75.17
MAGHARIBI A,KIZIMBANI-Zanzibar,2020,3,10,6.01,32.06,25.34,78.67
MAGHARIBI A,KIZIMBANI-Zanzibar,2020,3,11,17.33,31.68,25.26,78.45
MAGHARIBI A,KIZIMBANI-Zanzibar,2020,3,12,29.43,31.91,25.36,78.52
MAGHARIBI A,KIZIMBANI-Zanzibar,2020,3,13,38.34,31.54,25.5,78.7
MAGHARIBI A,KIZIMBANI-Zanzibar,2020,3,14,60.04,30.88,25.18,80.47
MAGHARIBI A,KIZIMBANI-Zanzibar,2020,4,14,54.6,32.99,25.84,87.0
MAGHARIBI A,KIZIMBANI-Zanzibar,2020,4,15,92.17,31.21,25.04,87.31
MAGHARIBI A,KIZIMBANI-Zanzibar,2020,4,16,173.84,29.85,24.59,86.17
MAGHARIBI A,KIZIMBANI-Zanzibar,2020,4,17,234.86,29.09,24.37,86.14
MAGHARIBI A,KIZIMBANI-Zanzibar,2020,4,18,30.46,30.28,24.35,86.91
MAGHARIBI A,KIZIMBANI-Zanzibar,2020,5,18,87.98,30.49,24.97,83.57
MAGHARIBI A,KIZIMBANI-Zanzibar,2020,5,19,65.59,29.4,24.92,83.86
MAGHARIBI A,KIZIMBANI-Zanzibar,2020,5,20,6.17,29.32,24.65,83.63
MAGHARIBI A,KIZIMBANI-Zanzibar,2020,5,21,21.96,29.58,24.23,83.85
MAGHARIBI A,KIZIMBANI-Zanzibar,2020,5,22,5.04,30.21,24.42,83.64
MAGHARIBI A,KIZIMBANI-Zanzibar,2020,5,23,9.63,29.31,24.02,83.5
MAGHARIBI A,KIZIMBANI-Zanzibar,2020,6,23,0.0,30.14,24.86,77.76
MAGHARIBI A,KIZIMBANI-Zanzibar,2020,6,24,0.42,29.38,25.1,77.33
MAGHARIBI A,KIZIMBANI-Zanzibar,2020,6,25,0.4,29.5,24.45,77.55
MAGHARIBI A,KIZIMBANI-Zanzibar,2020,6,26,0.47,28.77,23.68,77.43
MAGHARIBI A,KIZIMBANI-Zanzibar,2020,6,27,1.39,29.21,23.88,76.15
MAGHARIBI A,KIZIMBANI-Zanzibar,2020,7,27,0.0,29.57,23.74,75.44
MAGHARIBI A,KIZIMBANI-Zanzibar,2020,7,28,1.36,28.73,23.44,73.76
MAGHARIBI A,KIZIMBANI-Zanzibar,2020,7,29,3.54,28.41,23.51,74.4
MAGHARIBI A,KIZIMBANI-Zanzibar,2020,7,30,6.75,27.97,23.31,75.07
MAGHARIBI A,KIZIMBANI-Zanzibar,2020,7,31,1.54,28.75,23.77,74.09
MAGHARIBI A,KIZIMBANI-Zanzibar,2020,8,31,2.05,30.59,22.5,76.85
MAGHARIBI A,KIZIMBANI-Zanzibar,2020,8,32,1.74,28.61,22.81,76.81
MAGHARIBI A,KIZIMBANI-Zanzibar,2020,8,33,0.0,28.66,22.19,77.79
MAGHARIBI A,KIZIMBANI-Zanzibar,2020,8,34,4.42,28.72,22.85,77.72
MAGHARIBI A,KIZIMBANI-Zanzibar,2020,8,35,2.32,29.09,23.29,77.91
MAGHARIBI A,KIZIMBANI-Zanzibar,2020,8,36,2.73,28.03,23.59,76.98
MAGHARIBI A,KIZIMBANI-Zanzibar,2020,9,36,1.0,30.25,22.8,81.01
MAGHARIBI A,KIZIMBANI-Zanzibar,2020,9,37,0.53,29.08,23.48,80.99
MAGHARIBI A,KIZIMBANI-Zanzibar,2020,9,38,2.42,29.7,23.12,82.39
MAGHARIBI A,KIZIMBANI-Zanzibar,2020,9,39,4.52,30.27,23.06,82.07
MAGHARIBI A,KIZIMBANI-Zanzibar,2020,9,40,2.82,29.3,23.25,81.63
MAGHARIBI A,KIZIMBANI-Zanzibar,2020,10,40,19.35,32.33,24.19,82.21
MAGHARIBI A,KIZIMBANI-Zanzibar,2020,10,41,18.68,31.04,23.75,81.95
MAGHARIBI A,KIZIMBANI-Zanzibar,2020,10,42,21.23,31.46,23.84,82.11
MAGHARIBI A,KIZIMBANI-Zanzibar,2020,10,43,29.24,30.84,23.43,82.02
MAGHARIBI A,KIZIMBANI-Zanzibar,2020,10,44,26.0,31.17,24.54,81.65
MAGHARIBI A,KIZIMBANI-Zanzibar,2020,11,45,22.1,29.72,23.34,83.18
MAGHARIBI A,KIZIMBANI-Zanzibar,2020,11,46,48.01,30.06,24.49,83.33
MAGHARIBI A,KIZIMBANI-Zanzibar,2020,11,47,31.48,30.43,24.72,82.5
MAGHARIBI A,KIZIMBANI-Zanzibar,2020,11,48,18.71,30.23,24.87,83.15
MAGHARIBI A,KIZIMBANI-Zanzibar,2020,11,49,35.75,31.4,24.34,82.77
MAGHARIBI A,KIZIMBANI-Zanzibar,2020,12,49,16.68,31.12,24.29,79.26
MAGHARIBI A,KIZIMBANI-Zanzibar,2020,12,50,2.56,31.81,24.84,80.23
MAGHARIBI A,KIZIMBANI-Zanzibar,2020,12,51,7.54,31.62,24.59,80.64
MAGHARIBI A,KIZIMBANI-Zanzibar,2020,12,52,30.42,31.03,24.9,80.67
MAGHARIBI A,KIZIMBANI-Zanzibar,2020,12,53,39.37,31.41,26.15,80.62
MAGHARIBI A,KIZIMBANI-Zanzibar,2021,1,1,9.35,30.92,25.05,79.14
MAGHARIBI A,KIZIMBANI-Zanzibar,2021,1,2,10.43,31.04,24.62,79.26
MAGHARIBI A,KIZIMBANI-Zanzibar,2021,1,3,10.26,30.13,25.27,79.15
MAGHARIBI A,KIZIMBANI-Zanzibar,2021,1,4,0.0,32.87,24.8,78.65
MAGHARIBI A,KIZIMBANI-Zanzibar,2021,1,5,0.52,31.96,24.61,79.68
MAGHARIBI A,KIZIMBANI-Zanzibar,2021,1,6,1.05,31.01,24.26,78.55
MAGHARIBI A,KIZIMBANI-Zanzibar,2021,2,6,0.0,32.37,24.89,78.28
MAGHARIBI A,KIZIMBANI-Zanzibar,2021,2,7,4.01,31.36,24.93,78.62
MAGHARIBI A,KIZIMBANI-Zanzibar,2021,2,8,4.34,31.18,25.24,78.2
MAGHARIBI A,KIZIMBANI-Zanzibar,2021,2,9,1.7,32.21,24.46,77.88
MAGHARIBI A,KIZIMBANI-Zanzibar,2021,2,10,2.08,32.48,24.26,77.1
MAGHARIBI A,KIZIMBANI-Zanzibar,2021,3,10,3.16,33.12,25.64,77.47
MAGHARIBI A,KIZIMBANI-Zanzibar,2021,3,11,5.23,33.05,24.56,77.0
MAGHARIBI A,KIZIMBANI-Zanzibar,2021,3,12,36.93,32.81,24.56,77.2
MAGHARIBI A,KIZIMBANI-Zanzibar,2021,3,13,38.09,31.87,24.59,77.1
MAGHARIBI A,KIZIMBANI-Zanzibar,2021,3,14,7.06,31.21,24.66,76.9
MAGHARIBI A,KIZIMBANI-Zanzibar,2021,4,14,34.96,31.52,25.14,85.46
MAGHARIBI A,KIZIMBANI-Zanzibar,2021,4,15,40.0,30.18,25.23,83.52
MAGHARIBI A,KIZIMBANI-Zanzibar,2021,4,16,48.16,29.58,24.48,83.88
MAGHARIBI A,KIZIMBANI-Zanzibar,2021,4,17,34.65,28.71,24.35,83.97
MAGHARIBI A,KIZIMBANI-Zanzibar,2021,4,18,49.87,30.83,25.01,85.05
MAGHARIBI A,KIZIMBANI-Zanzibar,2021,5,18,43.7,28.73,26.17,78.0
MAGHARIBI A,KIZIMBANI-Zanzibar,2021,5,19,43.91,28.45,24.1,78.84
MAGHARIBI A,KIZIMBANI-Zanzibar,2021,5,20,0.0,30.85,25.2,76.86
MAGHARIBI A,KIZIMBANI-Zanzibar,2021,5,21,5.35,30.32,25.2,78.38
MAGHARIBI A,KIZIMBANI-Zanzibar,2021,5,22,0.6,30.8,24.92,78.65
MAGHARIBI A,KIZIMBANI-Zanzibar,2021,5,23,0.0,28.85,24.81,77.89
MAGHARIBI A,KIZIMBANI-Zanzibar,2021,6,23,3.22,29.93,23.88,74.04
MAGHARIBI A,KIZIMBANI-Zanzibar,2021,6,24,2.65,29.44,23.89,75.28
MAGHARIBI A,KIZIMBANI-Zanzibar,2021,6,25,8.05,28.48,23.46,74.38
MAGHARIBI A,KIZIMBANI-Zanzibar,2021,6,26,8.77,28.47,23.09,75.08
MAGHARIBI A,KIZIMBANI-Zanzibar,2021,6,27,0.0,27.6,22.53,75.23
MAGHARIBI A,KIZIMBANI-Zanzibar,2021,7,27,1.66,30.4,24.12,72.45
MAGHARIBI A,KIZIMBANI-Zanzibar,2021,7,28,5.21,28.41,23.27,73.38
MAGHARIBI A,KIZIMBANI-Zanzibar,2021,7,29,11.13,28.94,23.92,73.09
MAGHARIBI A,KIZIMBANI-Zanzibar,2021,7,30,5.41,29.65,24.18,74.24
MAGHARIBI A,KIZIMBANI-Zanzibar,2021,7,31,4.23,28.49,23.21,73.38
MAGHARIBI A,KIZIMBANI-Zanzibar,2021,8,32,0.0,28.39,22.9,76.65
MAGHARIBI A,KIZIMBANI-Zanzibar,2021,8,33,0.0,28.77,21.75,77.03
MAGHARIBI A,KIZIMBANI-Zanzibar,2021,8,34,2.52,29.1,22.57,76.1
MAGHARIBI A,KIZIMBANI-Zanzibar,2021,8,35,4.25,28.16,22.48,76.29
MAGHARIBI A,KIZIMBANI-Zanzibar,2021,8,36,5.77,27.88,21.74,77.44
MAGHARIBI A,KIZIMBANI-Zanzibar,2021,9,36,4.22,30.05,23.46,75.56
MAGHARIBI A,KIZIMBANI-Zanzibar,2021,9,37,5.73,28.46,23.0,74.27
MAGHARIBI A,KIZIMBANI-Zanzibar,2021,9,38,6.67,29.04,23.2,75.08
MAGHARIBI A,KIZIMBANI-Zanzibar,2021,9,39,2.63,28.08,22.73,74.84
MAGHARIBI A,KIZIMBANI-Zanzibar,2021,9,40,16.73,29.47,23.2,74.63
MAGHARIBI A,KIZIMBANI-Zanzibar,2021,10,40,3.27,31.81,22.48,73.45
MAGHARIBI A,KIZIMBANI-Zanzibar,2021,10,41,3.52,29.85,23.18,75.86
MAGHARIBI A,KIZIMBANI-Zanzibar,2021,10,42,2.61,30.79,23.91,75.78
MAGHARIBI A,KIZIMBANI-Zanzibar,2021,10,43,0.52,30.52,23.19,75.78
MAGHARIBI A,KIZIMBANI-Zanzibar,2021,10,44,3.39,31.52,23.23,75.8
MAGHARIBI A,KIZIMBANI-Zanzibar,2021,10,45,9.0,29.23,22.55,76.0
MAGHARIBI A,KIZIMBANI-Zanzibar,2021,11,45,2.14,32.76,24.98,77.64
MAGHARIBI A,KIZIMBANI-Zanzibar,2021,11,46,1.68,32.38,24.13,77.89
MAGHARIBI A,KIZIMBANI-Zanzibar,2021,11,47,2.62,32.09,23.79,77.82
MAGHARIBI A,KIZIMBANI-Zanzibar,2021,11,48,23.17,33.06,24.28,75.84
MAGHARIBI A,KIZIMBANI-Zanzibar,2021,11,49,48.45,31.41,25.89,78.52
MAGHARIBI A,KIZIMBANI-Zanzibar,2021,12,49,30.05,31.07,25.09,80.44
MAGHARIBI A,KIZIMBANI-Zanzibar,2021,12,50,42.66,30.56,24.41,80.33
MAGHARIBI A,KIZIMBANI-Zanzibar,2021,12,51,41.64,31.11,24.75,80.94
MAGHARIBI A,KIZIMBANI-Zanzibar,2021,12,52,9.55,31.76,25.03,79.86
MAGHARIBI A,KIZIMBANI-Zanzibar,2021,12,53,22.65,31.65,24.74,80.37
MAGHARIBI A,KIZIMBANI-Zanzibar,2022,1,1,0.0,33.54,26.12,78.9
MAGHARIBI A,KIZIMBANI-Zanzibar,2022,1,2,0.0,32.78,25.76,78.4
MAGHARIBI A,KIZIMBANI-Zanzibar,2022,1,3,0.0,32.41,26.33,78.67
MAGHARIBI A,KIZIMBANI-Zanzibar,2022,1,4,27.61,32.68,24.97,78.22
MAGHARIBI A,KIZIMBANI-Zanzibar,2022,1,5,19.19,30.75,24.33,77.99
MAGHARIBI A,KIZIMBANI-Zanzibar,2022,1,6,29.54,29.79,24.97,78.67
MAGHARIBI A,KIZIMBANI-Zanzibar,2022,2,6,22.91,31.57,24.94,80.39
MAGHARIBI A,KIZIMBANI-Zanzibar,2022,2,7,13.25,31.7,24.53,80.1
MAGHARIBI A,KIZIMBANI-Zanzibar,2022,2,8,10.51,32.23,25.02,79.66
MAGHARIBI A,KIZIMBANI-Zanzibar,2022,2,9,19.41,32.01,24.8,80.02
MAGHARIBI A,KIZIMBANI-Zanzibar,2022,2,10,3.24,30.56,24.99,80.75
MAGHARIBI A,KIZIMBANI-Zanzibar,2022,3,10,0.0,33.73,24.44,77.24
MAGHARIBI A,KIZIMBANI-Zanzibar,2022,3,11,0.0,32.37,24.43,77.16
MAGHARIBI A,KIZIMBANI-Zanzibar,2022,3,12,0.0,32.96,25.05,77.92
MAGHARIBI A,KIZIMBANI-Zanzibar,2022,3,13,1.5,32.35,25.23,77.07
MAGHARIBI A,KIZIMBANI-Zanzibar,2022,3,14,6.92,32.47,26.07,77.5
MAGHARIBI A,KIZIMBANI-Zanzibar,2022,4,14,17.18,32.28,26.41,83.88
MAGHARIBI A,KIZIMBANI-Zanzibar,2022,4,15,20.17,32.25,25.19,83.67
MAGHARIBI A,KIZIMBANI-Zanzibar,2022,4,16,21.05,31.3,25.12,83.92
MAGHARIBI A,KIZIMBANI-Zanzibar,2022,4,17,60.52,30.17,24.44,83.96
MAGHARIBI A,KIZIMBANI-Zanzibar,2022,4,18,54.24,30.24,25.02,83.44
MAGHARIBI A,KIZIMBANI-Zanzibar,2022,5,19,31.83,29.28,24.69,81.25
MAGHARIBI A,KIZIMBANI-Zanzibar,2022,5,20,3.77,30.9,25.85,80.95
MAGHARIBI A,KIZIMBANI-Zanzibar,2022,5,21,3.1,30.28,25.86,80.36
MAGHARIBI A,KIZIMBANI-Zanzibar,2022,5,22,4.49,31.37,25.65,80.68
MAGHARIBI A,KIZIMBANI-Zanzibar,2022,5,23,3.99,30.36,24.97,81.25
MAGHARIBI A,KIZIMBANI-Zanzibar,2022,6,23,10.66,30.88,23.46,80.0
MAGHARIBI A,KIZIMBANI-Zanzibar,2022,6,24,3.31,30.11,24.57,79.14
MAGHARIBI A,KIZIMBANI-Zanzibar,2022,6,25,0.9,29.26,24.55,79.65
MAGHARIBI A,KIZIMBANI-Zanzibar,2022,6,26,4.62,29.43,23.93,78.99
MAGHARIBI A,KIZIMBANI-Zanzibar,2022,6,27,9.32,29.27,24.48,79.7
MAGHARIBI A,KIZIMBANI-Zanzibar,2022,7,27,6.02,28.56,22.38,81.9
MAGHARIBI A,KIZIMBANI-Zanzibar,2022,7,28,6.27,27.71,22.55,81.24
MAGHARIBI A,KIZIMBANI-Zanzibar,2022,7,29,14.48,27.68,22.08,80.27
MAGHARIBI A,KIZIMBANI-Zanzibar,2022,7,30,12.29,28.55,22.39,80.13
MAGHARIBI A,KIZIMBANI-Zanzibar,2022,7,31,15.98,28.53,22.42,81.18
MAGHARIBI A,KIZIMBANI-Zanzibar,2022,7,32,30.16,26.43,22.6,81.15
MAGHARIBI A,KIZIMBANI-Zanzibar,2022,8,32,3.13,28.58,22.08,79.03
MAGHARIBI A,KIZIMBANI-Zanzibar,2022,8,33,5.78,28.54,22.72,80.29
MAGHARIBI A,KIZIMBANI-Zanzibar,2022,8,34,5.73,28.09,21.7,79.95
MAGHARIBI A,KIZIMBANI-Zanzibar,2022,8,35,2.9,28.11,21.39,80.25
MAGHARIBI A,KIZIMBANI-Zanzibar,2022,8,36,1.12,27.69,22.11,79.17
MAGHARIBI A,KIZIMBANI-Zanzibar,2022,9,36,4.21,30.18,22.17,73.9
MAGHARIBI A,KIZIMBANI-Zanzibar,2022,9,37,1.93,29.28,21.98,74.58
MAGHARIBI A,KIZIMBANI-Zanzibar,2022,9,38,0.0,29.63,21.84,74.89
MAGHARIBI A,KIZIMBANI-Zanzibar,2022,9,39,0.0,28.48,22.94,73.59
MAGHARIBI A,KIZIMBANI-Zanzibar,2022,9,40,0.0,29.45,23.05,75.13
MAGHARIBI A,KIZIMBANI-Zanzibar,2022,10,41,1.46,28.84,22.38,71.92
MAGHARIBI A,KIZIMBANI-Zanzibar,2022,10,42,0.0,30.93,22.5,73.32
MAGHARIBI A,KIZIMBANI-Zanzibar,2022,10,43,1.11,30.1,22.54,73.94
MAGHARIBI A,KIZIMBANI-Zanzibar,2022,10,44,0.07,29.69,23.31,73.2
MAGHARIBI A,KIZIMBANI-Zanzibar,2022,10,45,0.0,28.09,23.0,72.45
MAGHARIBI A,KIZIMBANI-Zanzibar,2022,11,45,5.17,31.11,23.48,74.93
MAGHARIBI A,KIZIMBANI-Zanzibar,2022,11,46,5.46,30.82,23.99,75.15
MAGHARIBI A,KIZIMBANI-Zanzibar,2022,11,47,6.56,31.11,24.05,74.79
MAGHARIBI A,KIZIMBANI-Zanzibar,2022,11,48,10.48,30.24,23.96,76.32
MAGHARIBI A,KIZIMBANI-Zanzibar,2022,11,49,15.0,30.72,24.44,74.73
MAGHARIBI A,KIZIMBANI-Zanzibar,2022,12,49,0.56,32.27,24.75,78.77
MAGHARIBI A,KIZIMBANI-Zanzibar,2022,12,50,3.86,31.8,24.34,77.69
MAGHARIBI A,KIZIMBANI-Zanzibar,2022,12,51,26.9,31.61,24.36,78.54
MAGHARIBI A,KIZIMBANI-Zanzibar,2022,12,52,0.0,32.11,25.4,77.51
MAGHARIBI A,KIZIMBANI-Zanzibar,2022,12,53,60.81,31.33,25.52,77.72
MAGHARIBI A,KIZIMBANI-Zanzibar,2023,1,1,0.0,32.4,26.16,78.46
MAGHARIBI A,KIZIMBANI-Zanzibar,2023,1,2,30.02,31.15,25.84,77.61
MAGHARIBI A,KIZIMBANI-Zanzibar,2023,1,3,9.3,32.48,25.11,78.05
MAGHARIBI A,KIZIMBANI-Zanzibar,2023,1,4,1.02,32.25,25.32,77.79
MAGHARIBI A,KIZIMBANI-Zanzibar,2023,1,5,2.3,31.16,25.03,77.86
MAGHARIBI A,KIZIMBANI-Zanzibar,2023,2,5,0.6,32.95,24.72,76.39
MAGHARIBI A,KIZIMBANI-Zanzibar,2023,2,6,1.63,32.81,24.46,75.4
MAGHARIBI A,KIZIMBANI-Zanzibar,2023,2,7,1.1,32.14,25.03,75.77
MAGHARIBI A,KIZIMBANI-Zanzibar,2023,2,8,0.0,31.66,24.59,75.27
MAGHARIBI A,KIZIMBANI-Zanzibar,2023,2,9,0.0,32.32,23.54,74.3
MAGHARIBI A,KIZIMBANI-Zanzibar,2023,3,9,0.0,33.95,24.44,75.96
MAGHARIBI A,KIZIMBANI-Zanzibar,2023,3,10,0.0,33.24,25.18,77.03
MAGHARIBI A,KIZIMBANI-Zanzibar,2023,3,11,7.89,32.03,25.84,76.66
MAGHARIBI A,KIZIMBANI-Zanzibar,2023,3,12,16.0,31.41,25.96,76.05
MAGHARIBI A,KIZIMBANI-Zanzibar,2023,3,13,5.66,30.96,24.72,76.02
MAGHARIBI A,KIZIMBANI-Zanzibar,2023,4,13,34.86,31.59,26.19,86.65
MAGHARIBI A,KIZIMBANI-Zanzibar,2023,4,14,38.73,31.64,25.27,86.78
MAGHARIBI A,KIZIMBANI-Zanzibar,2023,4,15,32.55,31.58,25.46,86.12
MAGHARIBI A,KIZIMBANI-Zanzibar,2023,4,16,102.18,28.76,24.77,86.61
MAGHARIBI A,KIZIMBANI-Zanzibar,2023,4,17,91.93,29.34,24.63,85.8
MAGHARIBI A,KIZIMBANI-Zanzibar,2023,4,18,150.35,28.51,25.34,86.1
MAGHARIBI A,KIZIMBANI-Zanzibar,2023,5,18,13.9,30.59,24.8,82.24
MAGHARIBI A,KIZIMBANI-Zanzibar,2023,5,19,28.02,30.3,25.17,82.19
MAGHARIBI A,KIZIMBANI-Zanzibar,2023,5,20,21.5,30.31,25.21,82.15
MAGHARIBI A,KIZIMBANI-Zanzibar,2023,5,21,7.37,30.54,24.69,82.07
MAGHARIBI A,KIZIMBANI-Zanzibar,2023,5,22,11.71,29.21,24.51,82.74
MAGHARIBI A,KIZIMBANI-Zanzibar,2023,6,22,52.65,29.01,23.7,82.71
MAGHARIBI A,KIZIMBANI-Zanzibar,2023,6,23,32.29,29.07,23.37,82.06
MAGHARIBI A,KIZIMBANI-Zanzibar,2023,6,24,2.17,29.35,23.49,82.52
MAGHARIBI A,KIZIMBANI-Zanzibar,2023,6,25,0.26,29.56,23.65,82.8
MAGHARIBI A,KIZIMBANI-Zanzibar,2023,6,26,0.0,29.57,23.58,82.02
MAGHARIBI A,KIZIMBANI-Zanzibar,2023,7,26,12.13,28.12,24.21,84.75
MAGHARIBI A,KIZIMBANI-Zanzibar,2023,7,27,13.03,28.45,23.41,83.31
MAGHARIBI A,KIZIMBANI-Zanzibar,2023,7,28,5.74,28.73,22.95,84.23
MAGHARIBI A,KIZIMBANI-Zanzibar,2023,7,29,0.94,29.24,23.64,84.13
MAGHARIBI A,KIZIMBANI-Zanzibar,2023,7,30,11.44,28.42,23.03,84.12
MAGHARIBI A,KIZIMBANI-Zanzibar,2023,7,31,20.46,28.14,22.9,82.81
MAGHARIBI A,KIZIMBANI-Zanzibar,2023,8,31,2.78,28.91,23.11,82.47
MAGHARIBI A,KIZIMBANI-Zanzibar,2023,8,32,0.95,29.59,22.97,81.94
MAGHARIBI A,KIZIMBANI-Zanzibar,2023,8,33,1.41,30.16,22.9,81.71
MAGHARIBI A,KIZIMBANI-Zanzibar,2023,8,34,3.0,29.37,22.84,80.95
MAGHARIBI A,KIZIMBANI-Zanzibar,2023,8,35,8.03,29.82,22.69,81.16
MAGHARIBI A,KIZIMBANI-Zanzibar,2023,9,35,0.0,31.69,20.66,77.05
MAGHARIBI A,KIZIMBANI-Zanzibar,2023,9,36,0.05,29.2,22.7,77.1
MAGHARIBI A,KIZIMBANI-Zanzibar,2023,9,37,1.42,30.52,22.78,76.94
MAGHARIBI A,KIZIMBANI-Zanzibar,2023,9,38,0.0,30.77,22.86,77.03
MAGHARIBI A,KIZIMBANI-Zanzibar,2023,9,39,7.59,30.76,23.2,76.41
MAGHARIBI A,KIZIMBANI-Zanzibar,2023,10,40,17.99,30.66,23.74,74.64
MAGHARIBI A,KIZIMBANI-Zanzibar,2023,10,41,0.4,31.32,24.41,75.35
MAGHARIBI A,KIZIMBANI-Zanzibar,2023,10,42,0.77,31.36,24.15,74.72
MAGHARIBI A,KIZIMBANI-Zanzibar,2023,10,43,13.38,31.23,24.77,76.01
MAGHARIBI A,KIZIMBANI-Zanzibar,2023,10,44,25.86,31.04,24.4,75.35
MAGHARIBI A,KIZIMBANI-Zanzibar,2023,11,44,166.2,28.42,25.07,83.77
MAGHARIBI A,KIZIMBANI-Zanzibar,2023,11,45,80.02,29.31,24.38,83.0
MAGHARIBI A,KIZIMBANI-Zanzibar,2023,11,46,38.93,30.19,24.11,82.27
MAGHARIBI A,KIZIMBANI-Zanzibar,2023,11,47,42.12,30.08,24.71,82.65
MAGHARIBI A,KIZIMBANI-Zanzibar,2023,11,48,30.22,30.31,24.69,83.11
MAGHARIBI A,KIZIMBANI-Zanzibar,2023,12,48,23.27,30.32,23.84,81.38
MAGHARIBI A,KIZIMBANI-Zanzibar,2023,12,49,25.65,31.04,24.57,81.23
MAGHARIBI A,KIZIMBANI-Zanzibar,2023,12,50,54.44,30.98,25.02,81.35
MAGHARIBI A,KIZIMBANI-Zanzibar,2023,12,51,21.95,31.84,25.56,80.73
MAGHARIBI A,KIZIMBANI-Zanzibar,2023,12,52,10.84,31.85,25.49,80.68
MAGHARIBI B,Zanzibar Airport,2018,1,1,6.95,32.31,25.63,73.8
MAGHARIBI B,Zanzibar Airport,2018,1,2,4.3,32.44,26.16,73.97
MAGHARIBI B,Zanzibar Airport,2018,1,3,0.34,32.41,25.22,73.81
MAGHARIBI B,Zanzibar Airport,2018,1,4,0.0,32.34,25.15,74.5
MAGHARIBI B,Zanzibar Airport,2018,1,5,0.0,32.29,25.55,74.29
MAGHARIBI B,Zanzibar Airport,2018,2,5,0.0,32.74,25.23,71.8
MAGHARIBI B,Zanzibar Airport,2018,2,6,0.0,31.99,25.14,72.92
MAGHARIBI B,Zanzibar Airport,2018,2,7,1.25,31.38,24.64,73.17
MAGHARIBI B,Zanzibar Airport,2018,2,8,4.27,31.04,25.67,72.55
MAGHARIBI B,Zanzibar Airport,2018,2,9,0.0,33.08,26.11,73.34
MAGHARIBI B,Zanzibar Airport,2018,3,9,1.68,33.07,25.57,77.46
MAGHARIBI B,Zanzibar Airport,2018,3,10,3.27,33.04,25.32,76.78
MAGHARIBI B,Zanzibar Airport,2018,3,11,4.23,31.89,25.31,77.07
MAGHARIBI B,Zanzibar Airport,2018,3,12,8.48,33.22,25.16,77.09
MAGHARIBI B,Zanzibar Airport,2018,3,13,0.46,33.39,25.38,76.44
MAGHARIBI B,Zanzibar Airport,2018,4,14,4.45,32.47,25.74,86.23
MAGHARIBI B,Zanzibar Airport,2018,4,15,26.62,30.49,25.02,86.51
MAGHARIBI B,Zanzibar Airport,2018,4,16,38.62,30.77,24.65,85.52
MAGHARIBI B,Zanzibar Airport,2018,4,17,18.26,31.53,24.34,87.24
MAGHARIBI B,Zanzibar Airport,2018,4,18,0.64,30.61,25.19,87.95
MAGHARIBI B,Zanzibar Airport,2018,5,18,23.51,29.6,24.77,83.32
MAGHARIBI B,Zanzibar Airport,2018,5,19,25.3,29.29,24.96,82.98
MAGHARIBI B,Zanzibar Airport,2018,5,20,22.16,29.66,24.94,82.63
MAGHARIBI B,Zanzibar Airport,2018,5,21,8.83,29.75,24.42,82.61
MAGHARIBI B,Zanzibar Airport,2018,5,22,1.72,29.62,24.4,82.97
MAGHARIBI B,Zanzibar Airport,2018,6,22,2.15,30.4,24.67,72.4
MAGHARIBI B,Zanzibar Airport,2018,6,23,1.97,30.11,24.88,73.19
MAGHARIBI B,Zanzibar Airport,2018,6,24,0.13,29.49,24.07,72.86
MAGHARIBI B,Zanzibar Airport,2018,6,25,0.1,28.71,23.42,74.06
MAGHARIBI B,Zanzibar Airport,2018,6,26,1.26,29.24,23.07,73.09
MAGHARIBI B,Zanzibar Airport,2018,7,27,15.27,29.87,24.17,71.62
MAGHARIBI B,Zanzibar Airport,2018,7,28,2.46,29.68,23.8,71.52
MAGHARIBI B,Zanzibar Airport,2018,7,29,0.14,29.16,22.89,71.11
MAGHARIBI B,Zanzibar Airport,2018,7,30,0.07,28.64,23.11,70.61
MAGHARIBI B,Zanzibar Airport,2018,7,31,0.0,29.28,23.77,72.05
MAGHARIBI B,Zanzibar Airport,2018,8,31,0.1,28.88,23.34,74.42
MAGHARIBI B,Zanzibar Airport,2018,8,32,0.06,29.07,22.96,73.13
MAGHARIBI B,Zanzibar Airport,2018,8,33,0.11,28.66,23.06,73.65
MAGHARIBI B,Zanzibar Airport,2018,8,34,0.44,29.3,23.52,74.68
MAGHARIBI B,Zanzibar Airport,2018,8,35,2.0,29.55,22.94,74.87
MAGHARIBI B,Zanzibar Airport,2018,9,36,1.98,28.78,22.63,67.61
MAGHARIBI B,Zanzibar Airport,2018,9,37,0.83,28.58,23.23,68.26
MAGHARIBI B,Zanzibar Airport,2018,9,38,0.42,29.61,21.92,68.38
MAGHARIBI B,Zanzibar Airport,2018,9,39,0.64,29.79,22.32,67.86
MAGHARIBI B,Zanzibar Airport,2018,10,40,0.82,30.29,23.58,73.92
MAGHARIBI B,Zanzibar Airport,2018,10,41,0.74,29.67,23.77,73.9
MAGHARIBI B,Zanzibar Airport,2018,10,42,2.36,29.42,23.6,74.26
MAGHARIBI B,Zanzibar Airport,2018,10,43,4.02,29.82,23.46,75.88
MAGHARIBI B,Zanzibar Airport,2018,10,44,7.46,30.53,23.33,74.13
MAGHARIBI B,Zanzibar Airport,2018,11,44,0.0,32.05,25.44,75.7
MAGHARIBI B,Zanzibar Airport,2018,11,45,0.0,31.7,24.63,76.72
MAGHARIBI B,Zanzibar Airport,2018,11,46,0.35,31.06,24.32,76.99
MAGHARIBI B,Zanzibar Airport,2018,11,47,3.36,32.0,25.1,75.28
MAGHARIBI B,Zanzibar Airport,2018,11,48,3.45,31.98,25.17,77.46
MAGHARIBI B,Zanzibar Airport,2018,12,49,4.36,32.06,24.29,76.03
MAGHARIBI B,Zanzibar Airport,2018,12,50,4.43,32.17,25.07,75.65
MAGHARIBI B,Zanzibar Airport,2018,12,51,10.32,31.56,24.22,76.58
MAGHARIBI B,Zanzibar Airport,2018,12,52,4.73,32.43,24.83,76.78
MAGHARIBI B,Zanzibar Airport,2018,12,53,0.33,33.41,25.52,76.01
MAGHARIBI B,Zanzibar Airport,2019,1,1,5.88,32.88,26.81,69.67
MAGHARIBI B,Zanzibar Airport,2019,1,2,2.52,33.33,25.9,69.55
MAGHARIBI B,Zanzibar Airport,2019,1,3,1.59,32.9,25.84,69.84
MAGHARIBI B,Zanzibar Airport,2019,1,4,2.86,32.33,25.4,69.48
MAGHARIBI B,Zanzibar Airport,2019,1,5,0.0,32.78,25.85,69.27
MAGHARIBI B,Zanzibar Airport,2019,2,5,0.0,35.05,24.64,67.23
MAGHARIBI B,Zanzibar Airport,2019,2,6,0.12,31.54,24.87,66.82
MAGHARIBI B,Zanzibar Airport,2019,2,7,1.61,31.64,24.45,67.29
MAGHARIBI B,Zanzibar Airport,2019,2,8,15.1,31.84,25.68,67.89
MAGHARIBI B,Zanzibar Airport,2019,2,9,64.39,32.32,25.01,67.39
MAGHARIBI B,Zanzibar Airport,2019,3,9,5.79,34.0,25.4,70.75
MAGHARIBI B,Zanzibar Airport,2019,3,10,6.74,33.3,24.54,72.68
MAGHARIBI B,Zanzibar Airport,2019,3,11,0.0,33.23,25.09,73.61
MAGHARIBI B,Zanzibar Airport,2019,3,12,0.0,34.48,25.82,73.65
MAGHARIBI B,Zanzibar Airport,2019,3,13,2.0,34.73,25.63,72.71
MAGHARIBI B,Zanzibar Airport,2019,3,14,4.0,32.14,23.68,71.35
MAGHARIBI B,Zanzibar Airport,2019,4,14,52.61,32.68,25.52,86.06
MAGHARIBI B,Zanzibar Airport,2019,4,15,36.75,31.86,24.91,87.65
MAGHARIBI B,Zanzibar Airport,2019,4,16,20.14,31.06,24.69,87.53
MAGHARIBI B,Zanzibar Airport,2019,4,17,4.06,31.34,25.03,87.24
MAGHARIBI B,Zanzibar Airport,2019,4,18,0.0,31.46,24.57,87.65
MAGHARIBI B,Zanzibar Airport,2019,5,18,175.94,31.61,24.95,85.56
MAGHARIBI B,Zanzibar Airport,2019,5,19,164.15,30.52,24.75,85.9
MAGHARIBI B,Zanzibar Airport,2019,5,20,133.78,29.43,24.96,86.27
MAGHARIBI B,Zanzibar Airport,2019,5,21,35.16,30.05,24.57,86.22
MAGHARIBI B,Zanzibar Airport,2019,5,22,83.01,29.92,24.55,85.72
MAGHARIBI B,Zanzibar Airport,2019,6,22,0.0,30.56,23.66,71.1
MAGHARIBI B,Zanzibar Airport,2019,6,23,0.0,30.5,23.89,71.13
MAGHARIBI B,Zanzibar Airport,2019,6,24,0.0,29.58,23.72,72.38
MAGHARIBI B,Zanzibar Airport,2019,6,25,0.0,29.93,23.39,72.24
MAGHARIBI B,Zanzibar Airport,2019,6,26,0.0,28.64,24.02,71.44
MAGHARIBI B,Zanzibar Airport,2019,6,27,0.0,28.64,23.68,71.75
MAGHARIBI B,Zanzibar Airport,2019,7,27,0.0,30.63,23.36,69.32
MAGHARIBI B,Zanzibar Airport,2019,7,28,0.0,29.68,24.47,69.17
MAGHARIBI B,Zanzibar Airport,2019,7,29,0.03,29.69,23.67,69.4
MAGHARIBI B,Zanzibar Airport,2019,7,30,0.03,29.09,23.12,68.95
MAGHARIBI B,Zanzibar Airport,2019,7,31,0.0,28.48,23.11,68.6
MAGHARIBI B,Zanzibar Airport,2019,8,31,6.08,30.01,22.67,73.3
MAGHARIBI B,Zanzibar Airport,2019,8,32,8.2,29.26,22.56,73.27
MAGHARIBI B,Zanzibar Airport,2019,8,33,10.31,28.94,22.76,72.99
MAGHARIBI B,Zanzibar Airport,2019,8,34,0.0,29.28,23.72,73.17
MAGHARIBI B,Zanzibar Airport,2019,8,35,0.99,29.51,23.0,73.56
MAGHARIBI B,Zanzibar Airport,2019,9,36,7.0,29.09,21.72,73.64
MAGHARIBI B,Zanzibar Airport,2019,9,37,16.46,29.75,21.87,74.14
MAGHARIBI B,Zanzibar Airport,2019,9,38,10.67,29.53,23.19,73.37
MAGHARIBI B,Zanzibar Airport,2019,9,39,1.53,29.83,22.72,73.0
MAGHARIBI B,Zanzibar Airport,2019,9,40,4.96,29.46,22.67,73.36
MAGHARIBI B,Zanzibar Airport,2019,10,40,19.42,30.02,24.42,76.76
MAGHARIBI B,Zanzibar Airport,2019,10,41,65.7,29.34,24.38,77.23
MAGHARIBI B,Zanzibar Airport,2019,10,42,93.56,29.39,24.19,78.0
MAGHARIBI B,Zanzibar Airport,2019,10,43,63.2,29.41,23.64,77.64
MAGHARIBI B,Zanzibar Airport,2019,10,44,80.88,30.31,24.44,77.31
MAGHARIBI B,Zanzibar Airport,2019,11,44,6.66,32.74,26.29,77.85
MAGHARIBI B,Zanzibar Airport,2019,11,45,11.44,30.57,25.17,77.52
MAGHARIBI B,Zanzibar Airport,2019,11,46,39.46,31.41,24.1,77.01
MAGHARIBI B,Zanzibar Airport,2019,11,47,39.26,31.39,24.68,76.45
MAGHARIBI B,Zanzibar Airport,2019,11,48,7.93,31.73,24.42,76.46
MAGHARIBI B,Zanzibar Airport,2019,12,49,51.13,32.26,24.33,75.08
MAGHARIBI B,Zanzibar Airport,2019,12,50,5.95,33.45,25.18,75.56
MAGHARIBI B,Zanzibar Airport,2019,12,51,49.93,31.8,24.9,75.41
MAGHARIBI B,Zanzibar Airport,2019,12,52,36.24,33.06,24.99,75.41
MAGHARIBI B,Zanzibar Airport,2019,12,53,6.78,32.28,26.24,77.36
MAGHARIBI B,Zanzibar Airport,2020,1,1,0.0,33.34,25.72,74.75
MAGHARIBI B,Zanzibar Airport,2020,1,2,7.48,32.9,25.62,75.72
MAGHARIBI B,Zanzibar Airport,2020,1,3,30.2,31.85,25.14,74.54
MAGHARIBI B,Zanzibar Airport,2020,1,4,63.89,30.72,25.68,74.45
MAGHARIBI B,Zanzibar Airport,2020,1,5,16.96,30.88,25.81,73.84
MAGHARIBI B,Zanzibar Airport,2020,2,5,10.18,34.89,24.82,76.05
MAGHARIBI B,Zanzibar Airport,2020,2,6,11.12,32.58,25.08,74.93
MAGHARIBI B,Zanzibar Airport,2020,2,7,3.4,31.68,25.03,74.93
MAGHARIBI B,Zanzibar Airport,2020,2,8,4.03,31.3,26.02,75.32
MAGHARIBI B,Zanzibar Airport,2020,2,9,2.7,32.18,25.61,75.57
MAGHARIBI B,Zanzibar Airport,2020,3,10,20.2,31.96,25.32,78.36
MAGHARIBI B,Zanzibar Airport,2020,3,11,38.97,32.26,25.36,78.48
MAGHARIBI B,Zanzibar Airport,2020,3,12,12.19,31.72,25.96,78.49
MAGHARIBI B,Zanzibar Airport,2020,3,13,6.45,31.87,25.2,78.09
MAGHARIBI B,Zanzibar Airport,2020,3,14,7.73,31.61,24.76,80.31
MAGHARIBI B,Zanzibar Airport,2020,4,14,21.07,32.66,25.75,86.71
MAGHARIBI B,Zanzibar Airport,2020,4,15,69.21,30.87,25.5,86.94
MAGHARIBI B,Zanzibar Airport,2020,4,16,119.28,29.59,25.08,86.48
MAGHARIBI B,Zanzibar Airport,2020,4,17,171.3,29.31,23.9,86.6
MAGHARIBI B,Zanzibar Airport,2020,4,18,28.26,30.45,24.74,86.44
MAGHARIBI B,Zanzibar Airport,2020,5,18,48.85,30.62,24.9,84.46
MAGHARIBI B,Zanzibar Airport,2020,5,19,53.97,29.5,24.39,83.65
MAGHARIBI B,Zanzibar Airport,2020,5,20,2.66,29.58,25.12,83.67
MAGHARIBI B,Zanzibar Airport,2020,5,21,27.47,29.55,24.36,83.92
MAGHARIBI B,Zanzibar Airport,2020,5,22,2.14,30.02,24.55,83.34
MAGHARIBI B,Zanzibar Airport,2020,5,23,3.46,30.48,25.02,83.5
MAGHARIBI B,Zanzibar Airport,2020,6,23,0.0,30.07,25.14,77.28
MAGHARIBI B,Zanzibar Airport,2020,6,24,0.46,30.53,23.93,77.35
MAGHARIBI B,Zanzibar Airport,2020,6,25,0.27,29.72,24.37,77.85
MAGHARIBI B,Zanzibar Airport,2020,6,26,0.0,28.76,24.33,77.42
MAGHARIBI B,Zanzibar Airport,2020,6,27,0.0,28.97,23.47,77.16
MAGHARIBI B,Zanzibar Airport,2020,7,27,0.0,29.69,24.07,75.46
MAGHARIBI B,Zanzibar Airport,2020,7,28,7.74,28.54,23.4,73.75
MAGHARIBI B,Zanzibar Airport,2020,7,29,15.23,28.5,23.5,75.07
MAGHARIBI B,Zanzibar Airport,2020,7,30,0.89,28.23,22.89,75.13
MAGHARIBI B,Zanzibar Airport,2020,7,31,2.26,28.85,23.99,74.01
MAGHARIBI B,Zanzibar Airport,2020,8,31,0.0,29.53,23.47,76.85
MAGHARIBI B,Zanzibar Airport,2020,8,32,0.0,29.31,23.51,78.13
MAGHARIBI B,Zanzibar Airport,2020,8,33,0.0,29.01,22.22,77.98
MAGHARIBI B,Zanzibar Airport,2020,8,34,17.26,28.96,23.34,77.92
MAGHARIBI B,Zanzibar Airport,2020,8,35,6.13,28.99,22.85,77.71
MAGHARIBI B,Zanzibar Airport,2020,8,36,8.77,28.43,23.3,76.72
MAGHARIBI B,Zanzibar Airport,2020,9,36,0.26,29.89,22.99,81.9
MAGHARIBI B,Zanzibar Airport,2020,9,37,0.38,28.79,23.05,81.11
MAGHARIBI B,Zanzibar Airport,2020,9,38,1.37,30.32,23.14,83.11
MAGHARIBI B,Zanzibar Airport,2020,9,39,1.69,28.73,22.8,81.42
MAGHARIBI B,Zanzibar Airport,2020,9,40,1.38,30.4,22.51,82.43
MAGHARIBI B,Zanzibar Airport,2020,10,40,7.56,31.92,23.75,82.1
MAGHARIBI B,Zanzibar Airport,2020,10,41,9.0,30.76,23.18,82.14
MAGHARIBI B,Zanzibar Airport,2020,10,42,15.96,31.21,23.4,81.84
MAGHARIBI B,Zanzibar Airport,2020,10,43,16.11,30.9,23.58,81.4
MAGHARIBI B,Zanzibar Airport,2020,10,44,29.13,31.46,23.81,81.44
MAGHARIBI B,Zanzibar Airport,2020,11,45,22.44,30.05,23.62,83.46
MAGHARIBI B,Zanzibar Airport,2020,11,46,46.68,30.06,24.52,82.67
MAGHARIBI B,Zanzibar Airport,2020,11,47,15.27,30.3,25.06,82.78
MAGHARIBI B,Zanzibar Airport,2020,11,48,20.15,30.27,25.26,83.17
MAGHARIBI B,Zanzibar Airport,2020,11,49,95.5,30.33,24.58,82.8
MAGHARIBI B,Zanzibar Airport,2020,12,49,28.38,30.95,24.33,79.66
MAGHARIBI B,Zanzibar Airport,2020,12,50,16.81,31.69,24.76,80.61
MAGHARIBI B,Zanzibar Airport,2020,12,51,15.61,31.49,25.17,80.6
MAGHARIBI B,Zanzibar Airport,2020,12,52,23.17,31.49,24.73,80.59
MAGHARIBI B,Zanzibar Airport,2020,12,53,34.0,31.26,26.07,81.07
MAGHARIBI B,Zanzibar Airport,2021,1,1,5.68,31.9,25.37,79.15
MAGHARIBI B,Zanzibar Airport,2021,1,2,5.26,30.94,25.02,79.29
MAGHARIBI B,Zanzibar Airport,2021,1,3,2.57,30.22,24.78,78.94
MAGHARIBI B,Zanzibar Airport,2021,1,4,0.0,32.1,24.7,78.54
MAGHARIBI B,Zanzibar Airport,2021,1,5,5.39,32.01,24.69,79.36
MAGHARIBI B,Zanzibar Airport,2021,1,6,11.51,29.39,23.94,78.55
MAGHARIBI B,Zanzibar Airport,2021,2,6,3.41,31.96,24.69,78.38
MAGHARIBI B,Zanzibar Airport,2021,2,7,6.17,30.81,24.79,78.73
MAGHARIBI B,Zanzibar Airport,2021,2,8,5.52,31.14,24.9,78.27
MAGHARIBI B,Zanzibar Airport,2021,2,9,4.58,31.28,24.85,77.69
MAGHARIBI B,Zanzibar Airport,2021,2,10,15.5,30.99,24.86,77.1
MAGHARIBI B,Zanzibar Airport,2021,3,10,0.0,33.5,25.47,77.42
MAGHARIBI B,Zanzibar Airport,2021,3,11,0.41,32.9,24.52,77.02
MAGHARIBI B,Zanzibar Airport,2021,3,12,7.48,32.05,24.28,77.49
MAGHARIBI B,Zanzibar Airport,2021,3,13,8.74,32.12,24.69,77.33
MAGHARIBI B,Zanzibar Airport,2021,3,14,3.09,31.67,23.94,76.71
MAGHARIBI B,Zanzibar Airport,2021,4,14,7.64,31.98,25.03,85.49
MAGHARIBI B,Zanzibar Airport,2021,4,15,18.73,30.46,25.01,83.14
MAGHARIBI B,Zanzibar Airport,2021,4,16,40.43,29.64,24.54,84.37
MAGHARIBI B,Zanzibar Airport,2021,4,17,35.04,29.44,24.8,84.16
MAGHARIBI B,Zanzibar Airport,2021,4,18,35.76,31.26,25.44,84.55
MAGHARIBI B,Zanzibar Airport,2021,5,18,37.14,28.89,24.43,78.0
MAGHARIBI B,Zanzibar Airport,2021,5,19,36.85,28.07,24.73,79.46
MAGHARIBI B,Zanzibar Airport,2021,5,20,0.0,31.04,25.16,77.73
MAGHARIBI B,Zanzibar Airport,2021,5,21,0.0,31.06,24.83,78.34
MAGHARIBI B,Zanzibar Airport,2021,5,22,0.0,30.23,25.26,78.64
MAGHARIBI B,Zanzibar Airport,2021,5,23,0.0,28.68,25.13,77.86
MAGHARIBI B,Zanzibar Airport,2021,6,23,21.18,30.11,23.74,75.04
MAGHARIBI B,Zanzibar Airport,2021,6,24,8.96,29.67,23.87,75.11
MAGHARIBI B,Zanzibar Airport,2021,6,25,3.18,28.8,23.75,74.54
MAGHARIBI B,Zanzibar Airport,2021,6,26,2.42,28.64,22.74,74.57
MAGHARIBI B,Zanzibar Airport,2021,6,27,6.18,28.83,22.99,75.82
MAGHARIBI B,Zanzibar Airport,2021,7,27,0.0,30.23,23.09,73.4
MAGHARIBI B,Zanzibar Airport,2021,7,28,3.42,28.78,23.72,73.19
MAGHARIBI B,Zanzibar Airport,2021,7,29,7.64,28.56,23.55,73.04
MAGHARIBI B,Zanzibar Airport,2021,7,30,0.0,29.28,24.14,73.74
MAGHARIBI B,Zanzibar Airport,2021,7,31,1.48,28.35,23.65,73.32
MAGHARIBI B,Zanzibar Airport,2021,8,32,0.0,28.9,22.82,76.15
MAGHARIBI B,Zanzibar Airport,2021,8,33,1.16,28.82,21.72,75.78
MAGHARIBI B,Zanzibar Airport,2021,8,34,3.56,28.68,23.0,76.08
MAGHARIBI B,Zanzibar Airport,2021,8,35,2.62,29.36,22.13,76.09
MAGHARIBI B,Zanzibar Airport,2021,8,36,1.76,27.95,22.07,77.63
MAGHARIBI B,Zanzibar Airport,2021,9,36,0.0,30.18,23.75,75.64
MAGHARIBI B,Zanzibar Airport,2021,9,37,0.95,28.36,23.37,75.14
MAGHARIBI B,Zanzibar Airport,2021,9,38,2.23,29.08,23.03,74.96
MAGHARIBI B,Zanzibar Airport,2021,9,39,0.63,28.97,23.33,74.66
MAGHARIBI B,Zanzibar Airport,2021,9,40,3.32,29.95,23.33,74.95
MAGHARIBI B,Zanzibar Airport,2021,10,40,0.0,32.38,22.8,73.5
MAGHARIBI B,Zanzibar Airport,2021,10,41,0.08,30.07,22.95,75.84
MAGHARIBI B,Zanzibar Airport,2021,10,42,2.43,30.0,23.55,74.77
MAGHARIBI B,Zanzibar Airport,2021,10,43,6.9,29.79,22.67,76.01
MAGHARIBI B,Zanzibar Airport,2021,10,44,0.92,30.92,23.18,75.66
MAGHARIBI B,Zanzibar Airport,2021,10,45,0.12,30.08,23.18,76.0
MAGHARIBI B,Zanzibar Airport,2021,11,45,0.0,31.86,24.73,77.44
MAGHARIBI B,Zanzibar Airport,2021,11,46,0.44,31.8,24.2,78.05
MAGHARIBI B,Zanzibar Airport,2021,11,47,0.36,31.91,23.54,77.89
MAGHARIBI B,Zanzibar Airport,2021,11,48,1.74,31.7,24.05,76.54
MAGHARIBI B,Zanzibar Airport,2021,11,49,6.53,32.17,25.85,78.76
MAGHARIBI B,Zanzibar Airport,2021,12,49,47.75,31.45,24.65,81.61
MAGHARIBI B,Zanzibar Airport,2021,12,50,40.88,30.65,25.2,79.86
MAGHARIBI B,Zanzibar Airport,2021,12,51,32.7,31.47,24.3,80.57
MAGHARIBI B,Zanzibar Airport,2021,12,52,32.61,31.04,24.63,80.45
MAGHARIBI B,Zanzibar Airport,2021,12,53,36.91,31.52,24.53,81.32
MAGHARIBI B,Zanzibar Airport,2022,1,1,0.0,33.7,24.28,78.9
MAGHARIBI B,Zanzibar Airport,2022,1,2,0.0,32.11,25.98,78.1
MAGHARIBI B,Zanzibar Airport,2022,1,3,29.65,32.58,26.2,78.8
MAGHARIBI B,Zanzibar Airport,2022,1,4,1.84,32.64,25.39,78.17
MAGHARIBI B,Zanzibar Airport,2022,1,5,0.26,30.89,24.38,78.12
MAGHARIBI B,Zanzibar Airport,2022,1,6,0.0,30.68,24.92,78.71
MAGHARIBI B,Zanzibar Airport,2022,2,6,29.14,31.55,24.63,80.68
MAGHARIBI B,Zanzibar Airport,2022,2,7,13.97,32.21,24.37,79.97
MAGHARIBI B,Zanzibar Airport,2022,2,8,3.72,31.92,25.65,79.05
MAGHARIBI B,Zanzibar Airport,2022,2,9,0.03,31.79,24.99,80.02
MAGHARIBI B,Zanzibar Airport,2022,2,10,0.0,31.34,24.6,81.1
MAGHARIBI B,Zanzibar Airport,2022,3,10,0.0,33.88,24.62,77.59
MAGHARIBI B,Zanzibar Airport,2022,3,11,0.0,32.81,24.84,76.91
MAGHARIBI B,Zanzibar Airport,2022,3,12,8.38,32.51,25.06,77.97
MAGHARIBI B,Zanzibar Airport,2022,3,13,30.16,31.54,25.92,76.81
MAGHARIBI B,Zanzibar Airport,2022,3,14,18.69,32.72,25.48,77.55
MAGHARIBI B,Zanzibar Airport,2022,4,14,1.54,32.22,26.43,83.42
MAGHARIBI B,Zanzibar Airport,2022,4,15,1.42,32.17,25.18,84.04
MAGHARIBI B,Zanzibar Airport,2022,4,16,2.77,31.09,25.67,83.89
MAGHARIBI B,Zanzibar Airport,2022,4,17,80.51,30.18,24.54,84.04
MAGHARIBI B,Zanzibar Airport,2022,4,18,59.63,30.6,24.72,82.36
MAGHARIBI B,Zanzibar Airport,2022,5,19,18.05,29.83,24.45,81.33
MAGHARIBI B,Zanzibar Airport,2022,5,20,16.49,30.36,25.08,80.35
MAGHARIBI B,Zanzibar Airport,2022,5,21,3.27,30.62,25.88,81.92
MAGHARIBI B,Zanzibar Airport,2022,5,22,3.13,31.29,25.87,81.09
MAGHARIBI B,Zanzibar Airport,2022,5,23,6.7,30.2,25.88,81.08
MAGHARIBI B,Zanzibar Airport,2022,6,23,1.6,30.8,23.46,79.87
MAGHARIBI B,Zanzibar Airport,2022,6,24,4.09,28.97,23.99,78.7
MAGHARIBI B,Zanzibar Airport,2022,6,25,6.77,29.34,24.27,80.22
MAGHARIBI B,Zanzibar Airport,2022,6,26,0.0,29.29,24.26,80.1
MAGHARIBI B,Zanzibar Airport,2022,6,27,0.0,28.57,24.5,79.95
MAGHARIBI B,Zanzibar Airport,2022,7,27,8.37,29.65,22.74,81.38
MAGHARIBI B,Zanzibar Airport,2022,7,28,8.37,27.72,22.91,81.1
MAGHARIBI B,Zanzibar Airport,2022,7,29,0.8,28.21,22.46,79.87
MAGHARIBI B,Zanzibar Airport,2022,7,30,2.33,27.86,22.86,80.14
MAGHARIBI B,Zanzibar Airport,2022,7,31,4.31,28.75,21.18,81.49
MAGHARIBI B,Zanzibar Airport,2022,7,32,7.6,27.2,23.68,81.15
MAGHARIBI B,Zanzibar Airport,2022,8,32,1.29,28.26,21.69,78.48
MAGHARIBI B,Zanzibar Airport,2022,8,33,0.67,28.05,22.14,79.43
MAGHARIBI B,Zanzibar Airport,2022,8,34,0.51,27.71,22.57,79.9
MAGHARIBI B,Zanzibar Airport,2022,8,35,0.21,29.12,20.66,79.31
MAGHARIBI B,Zanzibar Airport,2022,8,36,0.17,27.37,21.93,79.78
MAGHARIBI B,Zanzibar Airport,2022,9,36,0.0,30.25,21.6,75.24
MAGHARIBI B,Zanzibar Airport,2022,9,37,0.42,28.7,22.16,75.15
MAGHARIBI B,Zanzibar Airport,2022,9,38,1.65,29.24,21.36,75.01
MAGHARIBI B,Zanzibar Airport,2022,9,39,1.08,30.1,22.85,74.5
MAGHARIBI B,Zanzibar Airport,2022,9,40,5.89,30.68,23.41,75.08
MAGHARIBI B,Zanzibar Airport,2022,10,41,1.86,30.29,23.01,72.73
MAGHARIBI B,Zanzibar Airport,2022,10,42,0.0,29.35,22.97,73.1
MAGHARIBI B,Zanzibar Airport,2022,10,43,3.64,30.75,22.77,73.64
MAGHARIBI B,Zanzibar Airport,2022,10,44,11.52,29.72,23.34,72.84
MAGHARIBI B,Zanzibar Airport,2022,10,45,17.01,28.87,22.49,73.2
MAGHARIBI B,Zanzibar Airport,2022,11,45,7.99,30.83,23.49,74.32
MAGHARIBI B,Zanzibar Airport,2022,11,46,63.74,31.03,23.89,75.21
MAGHARIBI B,Zanzibar Airport,2022,11,47,66.51,30.68,24.48,75.18
MAGHARIBI B,Zanzibar Airport,2022,11,48,42.94,30.28,24.26,76.64
MAGHARIBI B,Zanzibar Airport,2022,11,49,12.5,30.76,24.14,75.42
MAGHARIBI B,Zanzibar Airport,2022,12,49,0.0,32.11,24.84,78.61
MAGHARIBI B,Zanzibar Airport,2022,12,50,0.0,31.52,24.93,77.78
MAGHARIBI B,Zanzibar Airport,2022,12,51,30.54,32.05,23.95,78.58
MAGHARIBI B,Zanzibar Airport,2022,12,52,25.85,31.94,25.2,77.54
MAGHARIBI B,Zanzibar Airport,2022,12,53,32.28,31.49,25.77,77.27
MAGHARIBI B,Zanzibar Airport,2023,1,1,1.75,31.99,26.56,78.7
MAGHARIBI B,Zanzibar Airport,2023,1,2,32.27,31.61,26.07,78.15
MAGHARIBI B,Zanzibar Airport,2023,1,3,8.87,31.99,25.06,77.56
MAGHARIBI B,Zanzibar Airport,2023,1,4,0.34,32.35,25.36,78.55
MAGHARIBI B,Zanzibar Airport,2023,1,5,0.0,30.15,25.97,78.03
MAGHARIBI B,Zanzibar Airport,2023,2,5,0.0,33.3,24.52,76.19
MAGHARIBI B,Zanzibar Airport,2023,2,6,0.98,32.16,24.86,74.9
MAGHARIBI B,Zanzibar Airport,2023,2,7,3.2,31.77,24.61,75.54
MAGHARIBI B,Zanzibar Airport,2023,2,8,0.05,32.12,25.56,75.11
MAGHARIBI B,Zanzibar Airport,2023,2,9,0.0,31.37,23.67,74.23
MAGHARIBI B,Zanzibar Airport,2023,3,9,0.0,34.21,25.01,75.98
MAGHARIBI B,Zanzibar Airport,2023,3,10,0.0,33.42,24.82,77.1
MAGHARIBI B,Zanzibar Airport,2023,3,11,11.09,31.96,25.99,76.29
MAGHARIBI B,Zanzibar Airport,2023,3,12,31.93,31.73,25.4,76.12
MAGHARIBI B,Zanzibar Airport,2023,3,13,15.4,31.09,24.66,75.98
MAGHARIBI B,Zanzibar Airport,2023,4,13,26.25,32.17,25.45,86.65
MAGHARIBI B,Zanzibar Airport,2023,4,14,24.58,31.79,25.7,86.44
MAGHARIBI B,Zanzibar Airport,2023,4,15,2.96,31.47,25.5,86.13
MAGHARIBI B,Zanzibar Airport,2023,4,16,79.64,28.91,24.63,86.9
MAGHARIBI B,Zanzibar Airport,2023,4,17,48.29,29.61,25.03,85.82
MAGHARIBI B,Zanzibar Airport,2023,4,18,72.52,28.66,24.68,86.1
MAGHARIBI B,Zanzibar Airport,2023,5,18,35.68,30.51,24.57,82.66
MAGHARIBI B,Zanzibar Airport,2023,5,19,23.97,30.46,25.15,82.65
MAGHARIBI B,Zanzibar Airport,2023,5,20,7.03,31.1,25.47,82.68
MAGHARIBI B,Zanzibar Airport,2023,5,21,2.18,30.37,24.68,82.41
MAGHARIBI B,Zanzibar Airport,2023,5,22,5.16,29.48,24.1,82.75
MAGHARIBI B,Zanzibar Airport,2023,6,22,54.18,28.92,24.24,82.37
MAGHARIBI B,Zanzibar Airport,2023,6,23,34.97,29.62,23.81,81.9
MAGHARIBI B,Zanzibar Airport,2023,6,24,10.01,29.67,23.92,82.43
MAGHARIBI B,Zanzibar Airport,2023,6,25,0.0,29.78,23.57,82.67
MAGHARIBI B,Zanzibar Airport,2023,6,26,0.0,29.57,23.47,81.83
MAGHARIBI B,Zanzibar Airport,2023,7,26,27.95,28.44,23.65,84.75
MAGHARIBI B,Zanzibar Airport,2023,7,27,23.73,28.43,23.96,83.6
MAGHARIBI B,Zanzibar Airport,2023,7,28,0.86,28.93,23.05,84.37
MAGHARIBI B,Zanzibar Airport,2023,7,29,2.31,29.76,23.23,83.57
MAGHARIBI B,Zanzibar Airport,2023,7,30,3.47,28.92,23.3,83.95
MAGHARIBI B,Zanzibar Airport,2023,7,31,6.87,28.76,23.24,83.06
MAGHARIBI B,Zanzibar Airport,2023,8,31,1.44,29.38,23.49,82.78
MAGHARIBI B,Zanzibar Airport,2023,8,32,1.13,28.93,23.47,82.09
MAGHARIBI B,Zanzibar Airport,2023,8,33,0.45,29.13,22.89,81.65
MAGHARIBI B,Zanzibar Airport,2023,8,34,0.2,30.15,22.36,80.2
MAGHARIBI B,Zanzibar Airport,2023,8,35,0.19,29.45,23.21,81.14
MAGHARIBI B,Zanzibar Airport,2023,9,35,0.0,31.14,21.24,76.88
MAGHARIBI B,Zanzibar Airport,2023,9,36,0.35,30.13,22.31,76.77
MAGHARIBI B,Zanzibar Airport,2023,9,37,1.64,29.95,21.85,77.27
MAGHARIBI B,Zanzibar Airport,2023,9,38,0.99,30.74,21.4,76.8
MAGHARIBI B,Zanzibar Airport,2023,9,39,6.41,30.51,23.37,76.78
MAGHARIBI B,Zanzibar Airport,2023,10,40,5.52,30.81,24.49,74.55
MAGHARIBI B,Zanzibar Airport,2023,10,41,0.95,31.14,24.02,75.53
MAGHARIBI B,Zanzibar Airport,2023,10,42,2.06,31.32,24.44,74.55
MAGHARIBI B,Zanzibar Airport,2023,10,43,12.24,31.31,24.73,75.76
MAGHARIBI B,Zanzibar Airport,2023,10,44,20.93,31.85,24.31,75.21
MAGHARIBI B,Zanzibar Airport,2023,11,44,252.41,27.77,24.3,83.15
MAGHARIBI B,Zanzibar Airport,2023,11,45,189.5,29.35,24.58,82.92
MAGHARIBI B,Zanzibar Airport,2023,11,46,75.76,29.89,24.39,82.39
MAGHARIBI B,Zanzibar Airport,2023,11,47,58.86,30.1,24.75,82.58
MAGHARIBI B,Zanzibar Airport,2023,11,48,18.56,30.41,24.31,82.81
MAGHARIBI B,Zanzibar Airport,2023,12,48,28.59,31.28,23.86,81.44
MAGHARIBI B,Zanzibar Airport,2023,12,49,27.18,31.24,24.7,81.25
MAGHARIBI B,Zanzibar Airport,2023,12,50,30.32,31.17,24.96,81.39
MAGHARIBI B,Zanzibar Airport,2023,12,51,24.85,32.14,25.03,80.6
MAGHARIBI B,Zanzibar Airport,2023,12,52,30.99,31.49,25.6,80.87
MICHEWENI,Matangatuani,2018,1,1,0.72,33.22,26.22,90.78
MICHEWENI,Matangatuani,2018,1,2,0.49,33.01,25.4,89.49
MICHEWENI,Matangatuani,2018,1,3,0.08,32.5,25.17,89.88
MICHEWENI,Matangatuani,2018,1,4,0.0,32.38,25.42,89.46
MICHEWENI,Matangatuani,2018,1,5,0.0,32.08,25.4,90.65
MICHEWENI,Matangatuani,2018,2,5,0.0,32.85,24.47,90.1
MICHEWENI,Matangatuani,2018,2,6,0.91,32.1,25.11,89.92
MICHEWENI,Matangatuani,2018,2,7,1.5,31.27,25.1,89.87
MICHEWENI,Matangatuani,2018,2,8,3.15,32.35,25.12,88.72
MICHEWENI,Matangatuani,2018,2,9,4.54,33.15,25.79,90.7
MICHEWENI,Matangatuani,2018,3,9,10.47,32.92,24.48,91.7
MICHEWENI,Matangatuani,2018,3,10,11.43,33.38,25.14,90.8
MICHEWENI,Matangatuani,2018,3,11,0.18,31.99,24.89,96.5
MICHEWENI,Matangatuani,2018,3,12,3.65,33.9,25.04,91.05
MICHEWENI,Matangatuani,2018,3,13,10.51,33.66,26.03,93.2
MICHEWENI,Matangatuani,2018,4,14,10.75,31.91,24.86,93.38
MICHEWENI,Matangatuani,2018,4,15,16.05,29.87,24.35,95.84
MICHEWENI,Matangatuani,2018,4,16,14.93,31.36,24.56,94.01
MICHEWENI,Matangatuani,2018,4,17,14.93,30.92,24.81,93.1
MICHEWENI,Matangatuani,2018,4,18,20.36,31.99,25.77,93.4
MICHEWENI,Matangatuani,2018,5,18,19.39,29.5,24.81,95.81
MICHEWENI,Matangatuani,2018,5,19,14.4,30.08,24.5,93.04
MICHEWENI,Matangatuani,2018,5,20,13.84,30.18,24.42,95.53
MICHEWENI,Matangatuani,2018,5,21,16.05,29.44,24.36,95.22
MICHEWENI,Matangatuani,2018,5,22,28.8,29.99,24.02,93.31
MICHEWENI,Matangatuani,2018,6,22,1.02,30.38,24.08,88.4
MICHEWENI,Matangatuani,2018,6,23,1.12,30.29,24.97,88.31
MICHEWENI,Matangatuani,2018,6,24,7.51,29.27,23.85,87.98
MICHEWENI,Matangatuani,2018,6,25,6.86,28.5,23.73,88.38
MICHEWENI,Matangatuani,2018,6,26,1.93,29.47,23.55,88.3
MICHEWENI,Matangatuani,2018,7,27,1.73,30.34,24.03,86.9
MICHEWENI,Matangatuani,2018,7,28,0.37,29.62,23.63,85.89
MICHEWENI,Matangatuani,2018,7,29,2.02,28.9,23.24,84.82
MICHEWENI,Matangatuani,2018,7,30,2.08,28.5,23.93,86.79
MICHEWENI,Matangatuani,2018,7,31,1.17,29.9,23.37,86.85
MICHEWENI,Matangatuani,2018,8,31,0.91,29.33,23.26,83.6
MICHEWENI,Matangatuani,2018,8,32,0.84,29.62,22.85,83.26
MICHEWENI,Matangatuani,2018,8,33,0.64,28.89,22.55,84.34
MICHEWENI,Matangatuani,2018,8,34,0.44,29.78,23.9,87.14
MICHEWENI,Matangatuani,2018,8,35,0.5,29.32,23.18,84.79
MICHEWENI,Matangatuani,2018,9,36,1.13,29.19,23.04,84.72
MICHEWENI,Matangatuani,2018,9,37,0.72,29.73,23.21,82.08
MICHEWENI,Matangatuani,2018,9,38,0.52,29.24,22.64,85.52
MICHEWENI,Matangatuani,2018,9,39,0.12,30.34,22.89,82.92
MICHEWENI,Matangatuani,2018,10,40,0.0,29.89,23.34,87.82
MICHEWENI,Matangatuani,2018,10,41,0.0,30.26,23.49,88.49
MICHEWENI,Matangatuani,2018,10,42,0.53,29.32,23.26,88.6
MICHEWENI,Matangatuani,2018,10,43,0.51,29.71,23.27,88.5
MICHEWENI,Matangatuani,2018,10,44,4.4,30.51,24.86,87.6
MICHEWENI,Matangatuani,2018,11,44,6.22,32.29,24.39,93.1
MICHEWENI,Matangatuani,2018,11,45,5.09,32.57,24.71,96.45
MICHEWENI,Matangatuani,2018,11,46,2.33,31.13,24.43,92.86
MICHEWENI,Matangatuani,2018,11,47,2.1,31.06,24.95,94.09
MICHEWENI,Matangatuani,2018,11,48,0.0,32.22,24.4,93.45
MICHEWENI,Matangatuani,2018,12,49,0.0,32.2,24.1,92.78
MICHEWENI,Matangatuani,2018,12,50,0.0,32.37,24.65,93.8
MICHEWENI,Matangatuani,2018,12,51,0.86,32.0,24.69,94.16
MICHEWENI,Matangatuani,2018,12,52,0.68,32.56,25.27,93.36
MICHEWENI,Matangatuani,2018,12,53,0.58,32.64,25.54,92.45
MICHEWENI,Matangatuani,2019,1,1,0.0,33.09,27.15,89.92
MICHEWENI,Matangatuani,2019,1,2,0.0,33.08,25.73,87.23
MICHEWENI,Matangatuani,2019,1,3,0.0,32.23,25.47,87.7
MICHEWENI,Matangatuani,2019,1,4,0.0,32.51,25.71,88.82
MICHEWENI,Matangatuani,2019,1,5,0.0,32.2,25.86,89.82
MICHEWENI,Matangatuani,2019,2,6,0.0,30.74,25.24,88.45
MICHEWENI,Matangatuani,2019,2,7,0.0,31.53,24.66,89.54
MICHEWENI,Matangatuani,2019,2,8,0.0,31.45,25.12,87.82
MICHEWENI,Matangatuani,2019,2,9,6.57,32.97,25.51,85.53
MICHEWENI,Matangatuani,2019,3,9,0.0,33.15,25.1,91.2
MICHEWENI,Matangatuani,2019,3,10,0.0,33.53,24.08,91.88
MICHEWENI,Matangatuani,2019,3,11,0.0,34.84,24.6,91.62
MICHEWENI,Matangatuani,2019,3,12,0.0,34.61,24.3,93.7
MICHEWENI,Matangatuani,2019,3,13,23.33,35.36,24.31,92.9
MICHEWENI,Matangatuani,2019,4,14,17.56,32.41,25.23,94.37
MICHEWENI,Matangatuani,2019,4,15,18.57,31.31,24.52,93.77
MICHEWENI,Matangatuani,2019,5,19,43.03,29.85,24.45,93.06
MICHEWENI,Matangatuani,2019,5,20,63.48,28.8,24.75,94.25
MICHEWENI,Matangatuani,2019,5,21,18.19,30.02,25.29,94.33
MICHEWENI,Matangatuani,2019,5,22,5.86,30.59,24.94,94.69
MICHEWENI,Matangatuani,2019,6,23,7.44,29.92,24.75,84.8
MICHEWENI,Matangatuani,2019,6,24,0.0,30.0,24.4,85.39
MICHEWENI,Matangatuani,2019,6,25,7.35,29.25,23.76,86.93
MICHEWENI,Matangatuani,2019,6,26,2.15,29.65,23.87,86.28
MICHEWENI,Matangatuani,2019,6,27,1.04,29.6,24.39,85.0
MICHEWENI,Matangatuani,2019,7,27,13.65,29.9,23.66,88.7
MICHEWENI,Matangatuani,2019,7,28,10.09,29.47,23.49,89.38
MICHEWENI,Matangatuani,2019,7,29,4.11,29.42,24.55,87.94
MICHEWENI,Matangatuani,2019,7,30,0.99,27.99,21.64,85.3
MICHEWENI,Matangatuani,2019,7,31,0.9,28.41,22.75,88.92
MICHEWENI,Matangatuani,2019,8,31,0.0,31.04,22.36,92.3
MICHEWENI,Matangatuani,2019,8,32,0.0,29.11,22.46,90.9
MICHEWENI,Matangatuani,2019,8,33,7.77,28.44,23.0,89.53
MICHEWENI,Matangatuani,2019,8,34,23.78,30.79,22.88,89.92
MICHEWENI,Matangatuani,2019,8,35,0.27,29.67,23.34,90.85
MICHEWENI,Matangatuani,2019,9,37,1.18,29.35,23.61,88.77
MICHEWENI,Matangatuani,2019,9,38,0.15,30.94,24.16,89.3
MICHEWENI,Matangatuani,2019,10,40,1.41,29.57,24.44,92.8
MICHEWENI,Matangatuani,2019,10,41,1.71,29.07,24.13,96.1
MICHEWENI,Matangatuani,2019,10,42,23.49,28.53,24.01,94.93
MICHEWENI,Matangatuani,2019,10,43,0.54,29.97,24.29,93.86
MICHEWENI,Matangatuani,2019,10,44,1.19,30.08,24.91,93.9
MICHEWENI,Matangatuani,2019,11,45,5.96,30.39,24.84,92.6
MICHEWENI,Matangatuani,2019,11,46,12.63,30.43,24.78,92.7
MICHEWENI,Matangatuani,2019,11,47,3.81,31.15,25.51,95.42
MICHEWENI,Matangatuani,2019,11,48,29.61,31.7,24.51,93.74
MICHEWENI,Matangatuani,2019,12,49,13.84,31.52,23.15,93.93
MICHEWENI,Matangatuani,2019,12,50,27.91,32.95,24.84,92.18
MICHEWENI,Matangatuani,2019,12,51,15.66,31.69,24.38,92.52
MICHEWENI,Matangatuani,2019,12,52,21.18,32.66,24.73,93.67
MICHEWENI,Matangatuani,2019,12,53,43.59,31.84,25.6,93.87
MICHEWENI,Matangatuani,2020,1,1,7.9,34.34,26.38,86.5
MICHEWENI,Matangatuani,2020,1,2,5.98,32.29,25.73,85.74
MICHEWENI,Matangatuani,2020,1,3,0.0,32.0,25.31,86.45
MICHEWENI,Matangatuani,2020,1,4,0.0,30.69,26.04,86.62
MICHEWENI,Matangatuani,2020,1,5,0.0,30.94,26.55,86.13
MICHEWENI,Matangatuani,2020,2,5,0.0,34.58,24.91,94.7
MICHEWENI,Matangatuani,2020,2,6,0.0,34.15,24.37,93.22
MICHEWENI,Matangatuani,2020,2,7,6.1,32.03,24.79,94.14
MICHEWENI,Matangatuani,2020,2,8,0.54,31.59,25.43,92.59
MICHEWENI,Matangatuani,2020,2,9,24.6,32.7,25.85,93.49
MICHEWENI,Matangatuani,2020,3,10,0.0,32.29,25.58,93.61
MICHEWENI,Matangatuani,2020,3,11,0.0,32.12,24.82,93.24
MICHEWENI,Matangatuani,2020,3,12,0.0,31.45,25.79,94.09
MICHEWENI,Matangatuani,2020,3,13,0.24,31.56,25.43,93.32
MICHEWENI,Matangatuani,2020,3,14,0.58,31.58,25.47,93.22
MICHEWENI,Matangatuani,2020,4,14,29.64,32.69,25.84,85.82
MICHEWENI,Matangatuani,2020,4,15,35.89,31.68,25.34,85.35
MICHEWENI,Matangatuani,2020,4,16,46.59,29.36,24.92,84.23
MICHEWENI,Matangatuani,2020,4,17,28.88,28.87,24.23,85.33
MICHEWENI,Matangatuani,2020,4,18,49.48,29.23,24.65,83.79
MICHEWENI,Matangatuani,2020,5,18,45.02,29.86,25.13,91.0
MICHEWENI,Matangatuani,2020,5,19,44.07,29.42,25.33,90.38
MICHEWENI,Matangatuani,2020,5,20,112.36,29.0,24.67,92.85
MICHEWENI,Matangatuani,2020,5,21,45.48,29.91,24.38,91.17
MICHEWENI,Matangatuani,2020,5,22,158.17,30.35,24.14,91.3
MICHEWENI,Matangatuani,2020,6,23,3.98,30.02,24.43,88.14
MICHEWENI,Matangatuani,2020,6,24,1.12,30.28,24.66,86.43
MICHEWENI,Matangatuani,2020,6,25,5.8,30.34,23.71,86.81
MICHEWENI,Matangatuani,2020,6,26,1.4,29.98,24.68,86.84
MICHEWENI,Matangatuani,2020,6,27,0.0,28.24,23.96,87.8
MICHEWENI,Matangatuani,2020,7,27,3.62,30.27,23.76,80.1
MICHEWENI,Matangatuani,2020,7,28,0.68,29.15,23.72,81.04
MICHEWENI,Matangatuani,2020,7,29,0.0,29.12,23.28,80.07
MICHEWENI,Matangatuani,2020,7,30,14.6,27.64,22.93,81.11
MICHEWENI,Matangatuani,2020,7,31,0.0,28.61,23.98,80.16
MICHEWENI,Matangatuani,2020,8,32,15.33,28.36,23.74,84.33
MICHEWENI,Matangatuani,2020,8,33,0.0,28.75,22.13,87.29
MICHEWENI,Matangatuani,2020,8,34,0.0,29.19,22.93,84.91
MICHEWENI,Matangatuani,2020,8,35,6.21,29.02,21.88,85.27
MICHEWENI,Matangatuani,2020,8,36,15.33,28.48,24.06,86.1
MICHEWENI,Matangatuani,2020,9,36,0.0,30.39,23.11,86.17
MICHEWENI,Matangatuani,2020,9,37,8.8,29.18,23.19,87.45
MICHEWENI,Matangatuani,2020,9,38,1.53,31.03,22.82,89.09
MICHEWENI,Matangatuani,2020,9,39,2.26,28.43,22.44,88.81
MICHEWENI,Matangatuani,2020,9,40,17.19,28.77,22.23,86.8
MICHEWENI,Matangatuani,2020,10,40,19.09,30.74,25.04,90.98
MICHEWENI,Matangatuani,2020,10,41,22.11,30.9,23.06,90.49
MICHEWENI,Matangatuani,2020,10,42,55.4,31.11,23.39,88.65
MICHEWENI,Matangatuani,2020,10,43,32.08,31.04,23.25,90.23
MICHEWENI,Matangatuani,2020,11,45,7.29,30.19,24.57,91.48
MICHEWENI,Matangatuani,2020,11,46,42.32,29.62,23.18,92.2
MICHEWENI,Matangatuani,2020,11,47,9.05,30.44,24.9,90.37
MICHEWENI,Matangatuani,2020,11,48,30.61,30.78,24.94,89.0
MICHEWENI,Matangatuani,2020,11,49,67.91,30.92,23.82,89.8
MICHEWENI,Matangatuani,2020,12,49,37.95,32.03,24.25,88.6
MICHEWENI,Matangatuani,2020,12,50,22.75,31.82,24.66,89.9
MICHEWENI,Matangatuani,2020,12,51,15.42,31.73,24.63,89.85
MICHEWENI,Matangatuani,2020,12,52,11.34,31.35,25.74,91.96
MICHEWENI,Matangatuani,2020,12,53,0.0,31.89,25.83,91.3
MICHEWENI,Matangatuani,2021,1,1,0.0,31.21,25.74,89.3
MICHEWENI,Matangatuani,2021,1,2,0.0,30.72,24.5,88.55
MICHEWENI,Matangatuani,2021,1,3,0.0,30.37,24.8,89.82
MICHEWENI,Matangatuani,2021,1,4,0.0,32.7,24.04,90.28
MICHEWENI,Matangatuani,2021,1,5,4.52,33.22,25.28,88.77
MICHEWENI,Matangatuani,2021,2,6,0.0,32.61,24.7,89.43
MICHEWENI,Matangatuani,2021,2,7,0.0,30.96,24.41,89.48
MICHEWENI,Matangatuani,2021,2,8,0.0,30.96,25.13,90.75
MICHEWENI,Matangatuani,2021,2,9,0.0,30.93,24.72,86.73
MICHEWENI,Matangatuani,2021,3,10,3.57,33.36,25.75,66.4
MICHEWENI,Matangatuani,2021,3,12,4.3,31.4,24.38,68.75
MICHEWENI,Matangatuani,2021,3,14,73.5,31.1,25.09,68.12
MICHEWENI,Matangatuani,2021,4,16,41.91,29.98,25.18,85.13
MICHEWENI,Matangatuani,2021,4,17,48.52,28.99,24.79,84.9
MICHEWENI,Matangatuani,2021,4,18,84.61,31.62,25.49,84.98
MICHEWENI,Matangatuani,2021,5,19,160.72,29.04,23.49,85.8
MICHEWENI,Matangatuani,2021,5,20,157.27,28.48,24.98,84.3
MICHEWENI,Matangatuani,2021,5,21,78.72,30.52,25.0,87.04
MICHEWENI,Matangatuani,2021,5,22,68.21,30.58,24.13,88.63
MICHEWENI,Matangatuani,2021,5,23,87.82,29.42,24.43,86.3
MICHEWENI,Matangatuani,2021,6,23,5.54,30.03,24.21,83.83
MICHEWENI,Matangatuani,2021,6,24,7.44,29.74,24.73,84.6
MICHEWENI,Matangatuani,2021,6,25,18.67,28.61,23.24,85.58
MICHEWENI,Matangatuani,2021,6,26,20.49,29.79,22.39,85.61
MICHEWENI,Matangatuani,2021,6,27,29.56,28.49,22.77,84.38
MICHEWENI,Matangatuani,2021,7,27,4.33,29.56,23.18,86.0
MICHEWENI,Matangatuani,2021,7,28,2.92,29.4,24.07,82.64
MICHEWENI,Matangatuani,2021,7,29,2.11,28.09,23.83,81.66
MICHEWENI,Matangatuani,2021,7,30,0.0,29.4,23.56,81.85
MICHEWENI,Matangatuani,2021,8,32,12.86,28.29,23.33,85.33
MICHEWENI,Matangatuani,2021,8,33,1.03,29.0,22.17,88.33
MICHEWENI,Matangatuani,2021,8,34,4.57,28.44,21.82,85.39
MICHEWENI,Matangatuani,2021,8,35,2.62,29.27,22.44,85.95
MICHEWENI,Matangatuani,2021,8,36,0.0,27.61,21.66,85.56
MICHEWENI,Matangatuani,2021,9,36,0.0,30.44,23.33,85.6
MICHEWENI,Matangatuani,2021,9,38,2.36,28.5,22.87,85.14
MICHEWENI,Matangatuani,2021,9,39,7.25,27.65,23.72,83.1
MICHEWENI,Matangatuani,2021,10,41,0.66,30.55,23.85,88.57
MICHEWENI,Matangatuani,2021,10,42,0.0,31.51,24.31,90.31
MICHEWENI,Matangatuani,2021,10,43,0.0,29.94,23.72,87.7
MICHEWENI,Matangatuani,2021,10,44,59.63,31.88,22.53,88.07
MICHEWENI,Matangatuani,2021,10,45,112.06,30.45,22.72,86.5
MICHEWENI,Matangatuani,2021,11,45,34.22,32.98,23.57,89.9
MICHEWENI,Matangatuani,2021,11,46,32.63,31.18,24.54,91.28
MICHEWENI,Matangatuani,2021,11,47,6.29,33.14,24.23,88.0
MICHEWENI,Matangatuani,2021,11,48,7.39,31.28,24.14,89.34
MICHEWENI,Matangatuani,2021,11,49,26.63,31.69,25.67,86.8
MICHEWENI,Matangatuani,2021,12,49,28.85,30.67,25.66,92.1
MICHEWENI,Matangatuani,2021,12,51,55.26,31.08,24.58,93.02
MICHEWENI,Matangatuani,2021,12,52,0.95,31.25,25.03,92.74
MICHEWENI,Matangatuani,2021,12,53,0.0,31.84,25.02,90.77
MICHEWENI,Matangatuani,2022,1,2,0.0,33.37,25.24,77.4
MICHEWENI,Matangatuani,2022,1,3,0.0,32.5,26.09,75.28
MICHEWENI,Matangatuani,2022,1,4,11.96,32.82,24.23,75.6
MICHEWENI,Matangatuani,2022,1,5,3.79,31.8,24.3,76.41
MICHEWENI,Matangatuani,2022,2,6,0.0,31.75,24.52,78.0
MICHEWENI,Matangatuani,2022,2,7,0.0,31.14,24.49,76.74
MICHEWENI,Matangatuani,2022,2,8,2.23,31.24,24.99,76.64
MICHEWENI,Matangatuani,2022,2,9,14.53,31.99,24.55,78.14
MICHEWENI,Matangatuani,2022,2,10,0.5,31.23,25.16,75.4
MICHEWENI,Matangatuani,2022,3,10,0.0,33.51,25.51,68.28
MICHEWENI,Matangatuani,2022,3,11,0.0,32.8,25.06,68.77
MICHEWENI,Matangatuani,2022,3,12,0.0,33.04,26.2,70.17
MICHEWENI,Matangatuani,2022,3,13,11.67,32.28,25.55,70.09
MICHEWENI,Matangatuani,2022,3,14,23.41,32.33,25.74,71.57
MICHEWENI,Matangatuani,2022,4,14,25.78,32.44,25.63,81.82
MICHEWENI,Matangatuani,2022,4,15,25.4,32.08,24.93,79.38
MICHEWENI,Matangatuani,2022,4,16,6.13,31.32,25.62,80.24
MICHEWENI,Matangatuani,2022,4,17,143.13,29.95,24.6,79.98
MICHEWENI,Matangatuani,2022,4,18,82.59,29.8,24.92,80.67
MICHEWENI,Matangatuani,2022,5,19,74.36,29.24,24.55,86.61
MICHEWENI,Matangatuani,2022,5,20,4.38,30.77,26.23,85.35
MICHEWENI,Matangatuani,2022,5,21,27.05,32.17,25.26,83.0
MICHEWENI,Matangatuani,2022,5,22,8.02,31.8,26.25,86.28
MICHEWENI,Matangatuani,2022,5,23,9.8,30.57,25.51,84.48
MICHEWENI,Matangatuani,2022,6,23,30.99,30.37,23.58,9.71
MICHEWENI,Matangatuani,2022,6,24,24.05,28.37,23.99,8.33
MICHEWENI,Matangatuani,2022,6,25,11.25,29.57,24.52,8.87
MICHEWENI,Matangatuani,2022,6,26,11.61,29.29,25.12,9.35
MICHEWENI,Matangatuani,2022,6,27,9.04,29.9,25.05,8.1
MICHEWENI,Matangatuani,2022,7,28,23.41,28.22,22.79,93.95
MICHEWENI,Matangatuani,2022,7,29,25.65,28.25,22.44,94.53
MICHEWENI,Matangatuani,2022,7,30,5.06,28.46,21.91,94.36
MICHEWENI,Matangatuani,2022,7,31,1.37,28.37,22.97,93.29
MICHEWENI,Matangatuani,2022,8,32,0.0,27.89,21.94,89.8
MICHEWENI,Matangatuani,2022,8,33,3.85,29.03,21.83,89.7
MICHEWENI,Matangatuani,2022,8,35,6.33,29.21,22.64,90.7
MICHEWENI,Matangatuani,2022,8,36,9.76,27.51,21.92,89.77
MICHEWENI,Matangatuani,2022,9,37,0.0,27.83,21.62,88.6
MICHEWENI,Matangatuani,2022,9,38,0.0,29.62,21.76,87.82
MICHEWENI,Matangatuani,2022,9,39,0.43,31.38,23.09,88.5
MICHEWENI,Matangatuani,2022,10,41,0.74,28.86,23.05,89.1
MICHEWENI,Matangatuani,2022,10,43,8.58,30.54,21.6,89.8
MICHEWENI,Matangatuani,2022,10,44,6.82,31.1,23.34,88.7
MICHEWENI,Matangatuani,2022,11,45,6.54,30.37,23.43,92.75
MICHEWENI,Matangatuani,2022,11,46,17.95,31.51,24.16,93.65
MICHEWENI,Matangatuani,2022,11,47,15.57,30.36,24.92,94.9
MICHEWENI,Matangatuani,2022,11,48,23.57,30.0,24.39,92.49
MICHEWENI,Matangatuani,2022,12,50,0.0,31.62,24.26,91.15
MICHEWENI,Matangatuani,2022,12,51,12.35,32.02,23.41,94.69
MICHEWENI,Matangatuani,2022,12,52,5.43,32.98,25.09,94.6
MICHEWENI,Matangatuani,2022,12,53,2.04,30.3,25.79,93.1
MICHEWENI,Matangatuani,2023,1,1,3.1,32.23,26.01,85.0
MICHEWENI,Matangatuani,2023,1,2,1.75,30.88,26.57,87.6
MICHEWENI,Matangatuani,2023,1,3,1.51,31.53,24.41,87.87
MICHEWENI,Matangatuani,2023,1,4,0.24,32.43,25.34,87.54
MICHEWENI,Matangatuani,2023,1,5,0.0,30.72,25.52,87.8
MICHEWENI,Matangatuani,2023,2,5,0.0,32.44,25.22,91.0
MICHEWENI,Matangatuani,2023,2,6,0.0,32.01,25.08,90.54
MICHEWENI,Matangatuani,2023,2,7,0.0,31.59,25.3,89.6
MICHEWENI,Matangatuani,2023,2,8,0.0,32.14,25.03,88.84
MICHEWENI,Matangatuani,2023,3,10,0.0,33.28,24.62,91.32
MICHEWENI,Matangatuani,2023,3,11,0.0,32.57,24.88,92.7
MICHEWENI,Matangatuani,2023,3,12,64.88,31.97,25.04,91.1
MICHEWENI,Matangatuani,2023,3,13,42.93,31.24,23.38,93.0
MICHEWENI,Matangatuani,2023,4,14,20.06,31.62,25.11,88.56
MICHEWENI,Matangatuani,2023,4,15,55.6,31.18,25.25,89.3
MICHEWENI,Matangatuani,2023,4,17,75.64,29.92,24.85,89.82
MICHEWENI,Matangatuani,2023,4,18,100.02,29.37,24.84,90.0
MICHEWENI,Matangatuani,2023,5,19,46.26,30.44,25.54,96.3
MICHEWENI,Matangatuani,2023,5,20,32.44,30.98,24.92,93.46
MICHEWENI,Matangatuani,2023,5,21,11.82,30.31,24.68,95.1
MICHEWENI,Matangatuani,2023,5,22,18.22,29.26,24.09,94.34
MICHEWENI,Matangatuani,2023,6,22,77.63,28.51,24.08,89.6
MICHEWENI,Matangatuani,2023,6,23,21.11,29.81,23.95,89.12
MICHEWENI,Matangatuani,2023,6,24,18.14,29.04,23.6,89.68
MICHEWENI,Matangatuani,2023,6,25,2.53,29.8,23.22,90.26
MICHEWENI,Matangatuani,2023,6,26,7.98,28.85,23.69,90.53
MICHEWENI,Matangatuani,2023,7,26,19.69,28.91,23.16,85.4
MICHEWENI,Matangatuani,2023,7,27,16.87,27.85,23.48,84.98
MICHEWENI,Matangatuani,2023,7,28,9.59,28.87,21.67,83.7
MICHEWENI,Matangatuani,2023,7,29,18.55,29.17,23.54,84.69
MICHEWENI,Matangatuani,2023,7,30,4.25,28.63,23.28,84.94
MICHEWENI,Matangatuani,2023,7,31,9.77,27.58,24.79,83.8
MICHEWENI,Matangatuani,2023,8,31,5.47,29.19,23.35,86.54
MICHEWENI,Matangatuani,2023,8,33,2.75,30.25,23.17,87.93
MICHEWENI,Matangatuani,2023,8,34,2.17,30.8,23.01,86.67
MICHEWENI,Matangatuani,2023,8,35,1.99,30.41,23.97,85.95
MICHEWENI,Matangatuani,2023,9,37,1.16,29.11,20.72,88.14
MICHEWENI,Matangatuani,2023,9,38,0.87,30.99,22.01,88.59
MICHEWENI,Matangatuani,2023,9,39,40.01,29.12,22.06,88.6
MICHEWENI,Matangatuani,2023,10,40,7.24,31.1,24.57,92.5
MICHEWENI,Matangatuani,2023,10,41,0.0,31.58,23.93,90.8
MICHEWENI,Matangatuani,2023,10,42,14.16,32.09,24.61,92.25
MICHEWENI,Matangatuani,2023,10,43,33.76,30.93,24.54,91.53
MICHEWENI,Matangatuani,2023,10,44,54.11,31.1,24.82,92.7
MICHEWENI,Matangatuani,2023,11,44,119.42,27.92,24.59,94.78
MICHEWENI,Matangatuani,2023,11,45,91.04,29.36,24.66,96.0
MICHEWENI,Matangatuani,2023,11,46,72.51,30.99,24.12,94.68
MICHEWENI,Matangatuani,2023,11,47,83.76,30.54,24.76,95.22
MICHEWENI,Matangatuani,2023,11,48,151.81,30.75,24.48,94.4
MICHEWENI,Matangatuani,2023,12,48,1.54,30.68,23.51,89.4
MICHEWENI,Matangatuani,2023,12,49,1.7,31.23,25.12,89.11
MICHEWENI,Matangatuani,2023,12,50,12.46,31.8,25.62,89.94
MICHEWENI,Matangatuani,2023,12,51,17.8,31.59,25.27,91.41
MICHEWENI,Matangatuani,2023,12,52,2.71,31.62,25.67,91.28
MJINI,VICTORIA GARDEN,2018,1,1,3.65,32.47,25.79,73.68
MJINI,VICTORIA GARDEN,2018,1,2,1.96,32.92,25.5,73.96
MJINI,VICTORIA GARDEN,2018,1,3,0.04,32.79,25.4,73.83
MJINI,VICTORIA GARDEN,2018,1,4,0.0,32.31,25.16,76.19
MJINI,VICTORIA GARDEN,2018,1,5,0.0,32.01,25.06,74.55
MJINI,VICTORIA GARDEN,2018,2,5,0.0,32.36,24.73,71.74
MJINI,VICTORIA GARDEN,2018,2,6,0.0,32.15,24.4,73.12
MJINI,VICTORIA GARDEN,2018,2,7,1.39,31.33,24.81,72.92
MJINI,VICTORIA GARDEN,2018,2,8,1.64,31.75,25.39,72.88
MJINI,VICTORIA GARDEN,2018,2,9,0.0,32.22,25.46,72.79
MJINI,VICTORIA GARDEN,2018,3,9,0.82,33.46,25.8,77.42
MJINI,VICTORIA GARDEN,2018,3,10,1.14,32.8,25.66,77.01
MJINI,VICTORIA GARDEN,2018,3,11,2.27,32.76,25.43,77.31
MJINI,VICTORIA GARDEN,2018,3,12,9.95,34.01,25.0,76.48
MJINI,VICTORIA GARDEN,2018,3,13,4.25,33.42,24.98,76.64
MJINI,VICTORIA GARDEN,2018,4,14,7.51,32.16,25.44,86.74
MJINI,VICTORIA GARDEN,2018,4,15,20.33,30.32,24.31,86.31
MJINI,VICTORIA GARDEN,2018,4,16,25.19,30.92,24.62,85.12
MJINI,VICTORIA GARDEN,2018,4,17,5.2,30.9,24.84,86.93
MJINI,VICTORIA GARDEN,2018,4,18,1.14,30.98,25.2,86.52
MJINI,VICTORIA GARDEN,2018,5,18,27.31,29.64,25.18,83.42
MJINI,VICTORIA GARDEN,2018,5,19,26.7,29.33,24.7,83.0
MJINI,VICTORIA GARDEN,2018,5,20,18.28,29.37,24.33,82.28
MJINI,VICTORIA GARDEN,2018,5,21,10.98,29.53,24.11,82.22
MJINI,VICTORIA GARDEN,2018,5,22,1.43,29.88,24.45,82.83
MJINI,VICTORIA GARDEN,2018,6,22,0.0,30.42,25.17,72.29
MJINI,VICTORIA GARDEN,2018,6,23,0.03,29.77,24.25,72.91
MJINI,VICTORIA GARDEN,2018,6,24,0.1,29.62,23.78,73.2
MJINI,VICTORIA GARDEN,2018,6,25,0.52,28.96,23.61,74.01
MJINI,VICTORIA GARDEN,2018,6,26,2.13,29.15,23.61,73.11
MJINI,VICTORIA GARDEN,2018,7,27,10.51,29.84,23.76,71.42
MJINI,VICTORIA GARDEN,2018,7,28,1.08,29.63,24.19,71.74
MJINI,VICTORIA GARDEN,2018,7,29,0.28,29.18,23.72,71.45
MJINI,VICTORIA GARDEN,2018,7,30,0.07,29.27,23.22,70.81
MJINI,VICTORIA GARDEN,2018,7,31,0.0,29.12,23.86,71.76
MJINI,VICTORIA GARDEN,2018,8,31,0.0,29.57,23.36,74.7
MJINI,VICTORIA GARDEN,2018,8,32,0.03,29.11,23.26,72.71
MJINI,VICTORIA GARDEN,2018,8,33,0.14,28.75,23.05,73.6
MJINI,VICTORIA GARDEN,2018,8,34,0.16,29.43,23.64,75.73
MJINI,VICTORIA GARDEN,2018,8,35,2.06,29.68,23.56,74.66
MJINI,VICTORIA GARDEN,2018,9,36,0.0,28.87,22.97,67.84
MJINI,VICTORIA GARDEN,2018,9,37,1.32,29.12,22.74,67.74
MJINI,VICTORIA GARDEN,2018,9,38,0.58,29.5,22.13,68.55
MJINI,VICTORIA GARDEN,2018,9,39,0.6,29.99,22.74,68.1
MJINI,VICTORIA GARDEN,2018,10,40,3.64,29.89,23.9,73.94
MJINI,VICTORIA GARDEN,2018,10,41,1.61,29.62,24.18,73.86
MJINI,VICTORIA GARDEN,2018,10,42,1.36,29.71,23.32,74.37
MJINI,VICTORIA GARDEN,2018,10,43,4.27,29.76,24.4,74.86
MJINI,VICTORIA GARDEN,2018,10,44,5.31,30.61,23.67,74.37
MJINI,VICTORIA GARDEN,2018,11,44,0.0,32.09,23.55,75.75
MJINI,VICTORIA GARDEN,2018,11,45,0.03,31.86,24.46,76.3
MJINI,VICTORIA GARDEN,2018,11,46,0.7,30.72,23.74,76.91
MJINI,VICTORIA GARDEN,2018,11,47,15.26,31.92,24.8,74.94
MJINI,VICTORIA GARDEN,2018,11,48,6.61,32.3,24.79,76.65
MJINI,VICTORIA GARDEN,2018,12,49,4.24,32.41,24.27,76.33
MJINI,VICTORIA GARDEN,2018,12,50,1.17,32.22,25.22,76.05
MJINI,VICTORIA GARDEN,2018,12,51,6.09,31.65,24.59,76.48
MJINI,VICTORIA GARDEN,2018,12,52,1.97,32.2,25.35,76.55
MJINI,VICTORIA GARDEN,2018,12,53,0.07,33.08,25.45,76.04
MJINI,VICTORIA GARDEN,2019,1,1,0.0,32.92,26.27,70.08
MJINI,VICTORIA GARDEN,2019,1,2,0.0,32.95,25.98,69.78
MJINI,VICTORIA GARDEN,2019,1,3,0.0,32.88,26.13,69.63
MJINI,VICTORIA GARDEN,2019,1,4,0.0,32.72,24.99,69.69
MJINI,VICTORIA GARDEN,2019,1,5,0.0,32.22,26.0,69.1
MJINI,VICTORIA GARDEN,2019,2,5,0.36,33.81,24.85,67.46
MJINI,VICTORIA GARDEN,2019,2,6,0.35,32.61,24.87,67.19
MJINI,VICTORIA GARDEN,2019,2,7,0.0,31.74,24.8,67.45
MJINI,VICTORIA GARDEN,2019,2,8,1.45,31.14,25.02,67.8
MJINI,VICTORIA GARDEN,2019,2,9,91.17,32.71,24.65,67.55
MJINI,VICTORIA GARDEN,2019,3,9,15.34,33.93,24.38,70.79
MJINI,VICTORIA GARDEN,2019,3,10,13.31,34.02,24.96,72.72
MJINI,VICTORIA GARDEN,2019,3,11,0.0,32.69,25.32,74.08
MJINI,VICTORIA GARDEN,2019,3,12,0.0,34.11,25.47,73.64
MJINI,VICTORIA GARDEN,2019,3,13,2.26,34.57,25.0,72.94
MJINI,VICTORIA GARDEN,2019,3,14,4.16,32.5,24.68,71.35
MJINI,VICTORIA GARDEN,2019,4,14,29.02,32.86,25.69,86.79
MJINI,VICTORIA GARDEN,2019,4,15,22.14,31.42,25.4,87.46
MJINI,VICTORIA GARDEN,2019,4,16,16.86,31.53,25.26,87.2
MJINI,VICTORIA GARDEN,2019,4,17,8.04,31.87,25.12,87.0
MJINI,VICTORIA GARDEN,2019,4,18,0.0,31.68,25.13,87.75
MJINI,VICTORIA GARDEN,2019,5,18,185.22,31.32,24.98,85.87
MJINI,VICTORIA GARDEN,2019,5,19,136.63,30.34,24.97,87.09
MJINI,VICTORIA GARDEN,2019,5,20,91.09,29.27,25.16,86.39
MJINI,VICTORIA GARDEN,2019,5,21,23.38,29.61,24.42,86.1
MJINI,VICTORIA GARDEN,2019,5,22,67.21,29.86,24.57,85.83
MJINI,VICTORIA GARDEN,2019,6,22,0.0,30.71,24.09,71.1
MJINI,VICTORIA GARDEN,2019,6,23,0.0,30.17,24.02,71.23
MJINI,VICTORIA GARDEN,2019,6,24,0.0,29.44,24.08,72.02
MJINI,VICTORIA GARDEN,2019,6,25,0.0,29.96,23.62,72.22
MJINI,VICTORIA GARDEN,2019,6,26,0.0,29.33,23.92,72.05
MJINI,VICTORIA GARDEN,2019,6,27,0.0,29.07,23.97,71.75
MJINI,VICTORIA GARDEN,2019,7,27,0.0,30.31,23.39,68.93
MJINI,VICTORIA GARDEN,2019,7,28,0.0,29.84,24.05,69.38
MJINI,VICTORIA GARDEN,2019,7,29,0.2,29.03,23.41,69.07
MJINI,VICTORIA GARDEN,2019,7,30,0.2,29.22,23.12,69.0
MJINI,VICTORIA GARDEN,2019,7,31,0.0,29.15,23.76,68.96
MJINI,VICTORIA GARDEN,2019,8,31,9.77,30.41,21.78,74.11
MJINI,VICTORIA GARDEN,2019,8,32,11.22,29.16,22.77,73.39
MJINI,VICTORIA GARDEN,2019,8,33,4.53,29.0,23.18,73.07
MJINI,VICTORIA GARDEN,2019,8,34,0.0,30.19,23.52,73.58
MJINI,VICTORIA GARDEN,2019,8,35,6.23,29.5,22.76,73.44
MJINI,VICTORIA GARDEN,2019,9,36,0.09,28.54,23.01,74.12
MJINI,VICTORIA GARDEN,2019,9,37,9.44,29.94,22.21,74.05
MJINI,VICTORIA GARDEN,2019,9,38,4.32,30.16,22.65,73.46
MJINI,VICTORIA GARDEN,2019,9,39,1.14,30.03,22.89,72.89
MJINI,VICTORIA GARDEN,2019,9,40,9.86,30.02,24.38,73.17
MJINI,VICTORIA GARDEN,2019,10,40,42.36,30.25,24.59,76.68
MJINI,VICTORIA GARDEN,2019,10,41,56.03,29.37,24.22,77.41
MJINI,VICTORIA GARDEN,2019,10,42,103.29,29.44,24.16,78.37
MJINI,VICTORIA GARDEN,2019,10,43,94.2,29.33,23.95,77.32
MJINI,VICTORIA GARDEN,2019,10,44,78.6,30.38,24.21,77.26
MJINI,VICTORIA GARDEN,2019,11,44,20.49,32.12,24.84,78.11
MJINI,VICTORIA GARDEN,2019,11,45,25.9,30.89,24.82,77.39
MJINI,VICTORIA GARDEN,2019,11,46,42.59,30.72,24.32,77.23
MJINI,VICTORIA GARDEN,2019,11,47,30.08,31.01,24.69,76.26
MJINI,VICTORIA GARDEN,2019,11,48,10.35,31.3,24.48,76.08
MJINI,VICTORIA GARDEN,2019,12,49,44.09,32.48,24.51,75.51
MJINI,VICTORIA GARDEN,2019,12,50,7.79,32.36,25.27,75.75
MJINI,VICTORIA GARDEN,2019,12,51,50.43,32.07,24.89,75.41
MJINI,VICTORIA GARDEN,2019,12,52,35.09,33.12,25.13,75.55
MJINI,VICTORIA GARDEN,2019,12,53,7.27,31.69,26.06,77.29
MJINI,VICTORIA GARDEN,2020,1,1,0.0,33.95,26.1,74.71
MJINI,VICTORIA GARDEN,2020,1,2,1.36,32.46,25.49,75.44
MJINI,VICTORIA GARDEN,2020,1,3,23.26,32.34,25.41,74.69
MJINI,VICTORIA GARDEN,2020,1,4,58.53,31.07,25.81,74.23
MJINI,VICTORIA GARDEN,2020,1,5,12.48,30.8,25.96,73.83
MJINI,VICTORIA GARDEN,2020,2,5,0.3,34.73,24.13,76.05
MJINI,VICTORIA GARDEN,2020,2,6,0.29,32.51,24.99,74.61
MJINI,VICTORIA GARDEN,2020,2,7,0.0,31.44,25.15,75.3
MJINI,VICTORIA GARDEN,2020,2,8,15.03,31.52,25.65,75.13
MJINI,VICTORIA GARDEN,2020,2,9,6.48,32.23,25.87,75.45
MJINI,VICTORIA GARDEN,2020,3,10,19.2,32.08,25.57,78.75
MJINI,VICTORIA GARDEN,2020,3,11,39.4,31.74,25.18,78.6
MJINI,VICTORIA GARDEN,2020,3,12,14.2,32.06,25.72,78.41
MJINI,VICTORIA GARDEN,2020,3,13,5.94,31.75,25.66,78.52
MJINI,VICTORIA GARDEN,2020,3,14,7.29,31.18,25.56,80.53
MJINI,VICTORIA GARDEN,2020,4,14,3.93,33.09,25.92,86.41
MJINI,VICTORIA GARDEN,2020,4,15,41.25,30.89,24.84,86.73
MJINI,VICTORIA GARDEN,2020,4,16,114.19,29.85,24.34,86.4
MJINI,VICTORIA GARDEN,2020,4,17,162.16,29.28,24.59,86.87
MJINI,VICTORIA GARDEN,2020,4,18,133.49,30.06,24.59,86.61
MJINI,VICTORIA GARDEN,2020,5,18,44.74,29.99,25.32,84.66
MJINI,VICTORIA GARDEN,2020,5,19,36.21,29.83,24.89,83.68
MJINI,VICTORIA GARDEN,2020,5,20,2.38,29.04,24.73,83.75
MJINI,VICTORIA GARDEN,2020,5,21,20.35,29.61,24.59,83.98
MJINI,VICTORIA GARDEN,2020,5,22,3.91,30.41,24.42,83.65
MJINI,VICTORIA GARDEN,2020,5,23,4.99,30.4,23.3,83.5
MJINI,VICTORIA GARDEN,2020,6,23,0.0,30.15,24.77,77.29
MJINI,VICTORIA GARDEN,2020,6,24,0.08,30.21,24.42,77.28
MJINI,VICTORIA GARDEN,2020,6,25,0.04,29.45,24.42,77.6
MJINI,VICTORIA GARDEN,2020,6,26,0.0,29.23,24.06,77.54
MJINI,VICTORIA GARDEN,2020,6,27,0.0,28.1,24.31,76.46
MJINI,VICTORIA GARDEN,2020,7,27,0.0,29.77,23.6,75.38
MJINI,VICTORIA GARDEN,2020,7,28,5.03,28.38,23.56,73.78
MJINI,VICTORIA GARDEN,2020,7,29,12.72,28.6,23.39,74.69
MJINI,VICTORIA GARDEN,2020,7,30,1.04,27.97,22.98,75.22
MJINI,VICTORIA GARDEN,2020,7,31,3.4,28.85,23.69,74.15
MJINI,VICTORIA GARDEN,2020,8,31,0.0,29.31,22.37,76.85
MJINI,VICTORIA GARDEN,2020,8,32,0.0,29.09,22.82,77.45
MJINI,VICTORIA GARDEN,2020,8,33,0.0,28.67,22.02,77.73
MJINI,VICTORIA GARDEN,2020,8,34,9.43,29.06,23.17,77.79
MJINI,VICTORIA GARDEN,2020,8,35,7.8,29.06,22.79,77.89
MJINI,VICTORIA GARDEN,2020,8,36,11.85,28.15,23.85,77.3
MJINI,VICTORIA GARDEN,2020,9,36,0.49,29.68,23.52,81.75
MJINI,VICTORIA GARDEN,2020,9,37,0.57,28.92,23.38,81.07
MJINI,VICTORIA GARDEN,2020,9,38,0.91,29.54,23.24,82.38
MJINI,VICTORIA GARDEN,2020,9,39,2.07,28.89,23.0,81.48
MJINI,VICTORIA GARDEN,2020,9,40,5.07,30.36,22.71,81.72
MJINI,VICTORIA GARDEN,2020,10,40,5.69,31.95,23.44,82.19
MJINI,VICTORIA GARDEN,2020,10,41,4.57,30.0,23.21,82.45
MJINI,VICTORIA GARDEN,2020,10,42,4.07,31.59,23.58,81.91
MJINI,VICTORIA GARDEN,2020,10,43,29.36,30.73,23.04,81.72
MJINI,VICTORIA GARDEN,2020,10,44,17.3,31.0,24.49,82.21
MJINI,VICTORIA GARDEN,2020,11,45,19.56,30.08,23.25,83.46
MJINI,VICTORIA GARDEN,2020,11,46,41.67,29.68,23.88,82.53
MJINI,VICTORIA GARDEN,2020,11,47,34.29,30.29,24.39,82.83
MJINI,VICTORIA GARDEN,2020,11,48,48.45,30.43,25.01,82.89
MJINI,VICTORIA GARDEN,2020,11,49,167.56,30.91,25.39,82.75
MJINI,VICTORIA GARDEN,2020,12,49,10.19,31.34,24.54,80.46
MJINI,VICTORIA GARDEN,2020,12,50,5.37,31.59,24.95,80.94
MJINI,VICTORIA GARDEN,2020,12,51,2.8,31.46,24.79,80.48
MJINI,VICTORIA GARDEN,2020,12,52,5.73,31.59,24.8,80.79
MJINI,VICTORIA GARDEN,2020,12,53,11.38,31.15,25.7,80.75
MJINI,VICTORIA GARDEN,2021,1,1,4.55,32.09,25.16,79.14
MJINI,VICTORIA GARDEN,2021,1,2,5.35,31.23,24.96,79.18
MJINI,VICTORIA GARDEN,2021,1,3,6.7,29.83,24.96,79.26
MJINI,VICTORIA GARDEN,2021,1,4,0.0,32.56,24.32,78.76
MJINI,VICTORIA GARDEN,2021,1,5,0.0,32.16,24.72,79.26
MJINI,VICTORIA GARDEN,2021,1,6,0.0,30.22,23.84,78.55
MJINI,VICTORIA GARDEN,2021,2,6,0.0,32.19,24.85,78.24
MJINI,VICTORIA GARDEN,2021,2,7,3.02,31.53,23.83,78.78
MJINI,VICTORIA GARDEN,2021,2,8,1.74,32.35,25.17,78.78
MJINI,VICTORIA GARDEN,2021,2,9,2.6,31.66,25.0,77.7
MJINI,VICTORIA GARDEN,2021,2,10,6.17,32.01,24.05,77.1
MJINI,VICTORIA GARDEN,2021,3,10,0.0,33.42,25.2,77.38
MJINI,VICTORIA GARDEN,2021,3,11,0.0,32.73,24.53,76.9
MJINI,VICTORIA GARDEN,2021,3,12,4.98,32.19,24.52,77.17
MJINI,VICTORIA GARDEN,2021,3,13,4.93,31.98,25.11,77.77
MJINI,VICTORIA GARDEN,2021,3,14,0.39,31.48,25.04,77.14
MJINI,VICTORIA GARDEN,2021,4,14,14.69,31.74,25.76,85.52
MJINI,VICTORIA GARDEN,2021,4,15,28.69,30.84,25.02,83.88
MJINI,VICTORIA GARDEN,2021,4,16,67.54,29.96,24.25,84.68
MJINI,VICTORIA GARDEN,2021,4,17,34.16,28.78,24.46,84.78
MJINI,VICTORIA GARDEN,2021,4,18,59.56,31.23,25.14,85.48
MJINI,VICTORIA GARDEN,2021,5,18,24.8,29.27,25.62,78.0
MJINI,VICTORIA GARDEN,2021,5,19,25.84,28.68,24.06,79.26
MJINI,VICTORIA GARDEN,2021,5,20,1.62,30.77,24.71,77.65
MJINI,VICTORIA GARDEN,2021,5,21,0.16,30.86,25.1,78.56
MJINI,VICTORIA GARDEN,2021,5,22,0.0,30.14,24.86,78.6
MJINI,VICTORIA GARDEN,2021,5,23,0.0,29.31,25.39,77.88
MJINI,VICTORIA GARDEN,2021,6,23,1.14,29.46,24.13,74.5
MJINI,VICTORIA GARDEN,2021,6,24,2.62,28.91,23.69,74.87
MJINI,VICTORIA GARDEN,2021,6,25,3.85,28.76,23.81,74.53
MJINI,VICTORIA GARDEN,2021,6,26,1.93,28.57,22.92,74.72
MJINI,VICTORIA GARDEN,2021,6,27,0.55,28.08,22.75,75.43
MJINI,VICTORIA GARDEN,2021,7,27,0.0,29.74,23.29,72.74
MJINI,VICTORIA GARDEN,2021,7,28,1.57,28.2,23.45,73.85
MJINI,VICTORIA GARDEN,2021,7,29,10.07,28.58,24.17,72.9
MJINI,VICTORIA GARDEN,2021,7,30,0.0,29.01,24.54,73.38
MJINI,VICTORIA GARDEN,2021,7,31,2.26,29.55,23.66,73.15
MJINI,VICTORIA GARDEN,2021,8,32,0.11,28.65,22.47,77.53
MJINI,VICTORIA GARDEN,2021,8,33,0.01,28.73,21.65,75.72
MJINI,VICTORIA GARDEN,2021,8,34,5.58,28.69,22.46,76.06
MJINI,VICTORIA GARDEN,2021,8,35,5.36,29.75,22.06,76.25
MJINI,VICTORIA GARDEN,2021,8,36,2.8,28.45,21.86,77.88
MJINI,VICTORIA GARDEN,2021,9,36,0.0,30.34,23.67,75.67
MJINI,VICTORIA GARDEN,2021,9,37,2.47,28.61,23.76,74.71
MJINI,VICTORIA GARDEN,2021,9,38,5.36,28.61,23.4,74.81
MJINI,VICTORIA GARDEN,2021,9,39,0.24,30.0,23.73,74.24
MJINI,VICTORIA GARDEN,2021,9,40,0.27,30.28,22.48,74.89
MJINI,VICTORIA GARDEN,2021,10,40,0.0,32.91,22.99,73.45
MJINI,VICTORIA GARDEN,2021,10,41,0.0,30.2,23.13,75.97
MJINI,VICTORIA GARDEN,2021,10,42,1.91,31.54,24.31,75.24
MJINI,VICTORIA GARDEN,2021,10,43,20.55,30.5,23.75,76.21
MJINI,VICTORIA GARDEN,2021,10,44,3.56,30.67,23.32,76.04
MJINI,VICTORIA GARDEN,2021,11,45,0.0,31.78,24.49,77.54
MJINI,VICTORIA GARDEN,2021,11,46,0.0,31.42,24.58,77.42
MJINI,VICTORIA GARDEN,2021,11,47,0.0,31.7,23.78,77.61
MJINI,VICTORIA GARDEN,2021,11,48,1.54,32.04,25.1,76.62
MJINI,VICTORIA GARDEN,2021,11,49,3.09,32.27,25.31,78.6
MJINI,VICTORIA GARDEN,2021,12,49,23.43,31.13,24.66,81.45
MJINI,VICTORIA GARDEN,2021,12,50,30.87,30.82,24.93,80.68
MJINI,VICTORIA GARDEN,2021,12,51,37.9,31.05,24.73,80.65
MJINI,VICTORIA GARDEN,2021,12,52,14.76,31.25,24.83,79.3
MJINI,VICTORIA GARDEN,2021,12,53,21.54,31.75,24.94,81.69
MJINI,VICTORIA GARDEN,2022,1,1,0.0,33.54,25.23,78.9
MJINI,VICTORIA GARDEN,2022,1,2,0.0,32.63,25.81,78.22
MJINI,VICTORIA GARDEN,2022,1,3,0.0,32.7,25.95,78.3
MJINI,VICTORIA GARDEN,2022,1,4,103.35,32.82,25.18,78.18
MJINI,VICTORIA GARDEN,2022,1,5,75.34,31.08,24.04,77.5
MJINI,VICTORIA GARDEN,2022,1,6,99.5,30.23,24.9,78.6
MJINI,VICTORIA GARDEN,2022,2,6,20.87,31.51,24.31,80.39
MJINI,VICTORIA GARDEN,2022,2,7,7.01,32.04,24.62,80.32
MJINI,VICTORIA GARDEN,2022,2,8,3.97,31.7,25.71,79.13
MJINI,VICTORIA GARDEN,2022,2,9,11.37,31.45,24.65,80.34
MJINI,VICTORIA GARDEN,2022,2,10,4.05,31.33,25.35,81.56
MJINI,VICTORIA GARDEN,2022,3,10,0.0,34.18,25.06,77.64
MJINI,VICTORIA GARDEN,2022,3,11,0.0,32.66,24.69,77.23
MJINI,VICTORIA GARDEN,2022,3,12,0.0,33.0,25.15,77.69
MJINI,VICTORIA GARDEN,2022,3,13,0.22,31.93,25.21,76.85
MJINI,VICTORIA GARDEN,2022,3,14,13.16,32.25,25.31,77.58
MJINI,VICTORIA GARDEN,2022,4,14,0.0,33.25,25.82,83.78
MJINI,VICTORIA GARDEN,2022,4,15,0.75,31.7,26.06,84.06
MJINI,VICTORIA GARDEN,2022,4,16,27.94,31.49,25.16,83.85
MJINI,VICTORIA GARDEN,2022,4,17,72.55,30.26,24.42,83.83
MJINI,VICTORIA GARDEN,2022,4,18,31.72,29.58,24.9,84.26
MJINI,VICTORIA GARDEN,2022,5,19,18.86,29.66,24.81,81.12
MJINI,VICTORIA GARDEN,2022,5,20,7.41,30.41,25.12,80.44
MJINI,VICTORIA GARDEN,2022,5,21,2.33,30.73,25.84,81.56
MJINI,VICTORIA GARDEN,2022,5,22,2.3,30.55,25.31,81.35
MJINI,VICTORIA GARDEN,2022,5,23,0.7,30.07,24.62,81.69
MJINI,VICTORIA GARDEN,2022,6,23,5.45,31.05,24.02,80.43
MJINI,VICTORIA GARDEN,2022,6,24,3.22,28.74,23.63,79.29
MJINI,VICTORIA GARDEN,2022,6,25,0.18,29.08,24.64,80.49
MJINI,VICTORIA GARDEN,2022,6,26,2.47,29.88,25.03,77.89
MJINI,VICTORIA GARDEN,2022,6,27,0.94,29.14,24.1,79.21
MJINI,VICTORIA GARDEN,2022,7,27,6.16,27.87,22.19,81.58
MJINI,VICTORIA GARDEN,2022,7,28,5.89,28.21,22.35,81.59
MJINI,VICTORIA GARDEN,2022,7,29,4.01,28.09,22.95,80.31
MJINI,VICTORIA GARDEN,2022,7,30,10.31,28.49,22.92,79.66
MJINI,VICTORIA GARDEN,2022,7,31,6.57,28.12,21.89,81.67
MJINI,VICTORIA GARDEN,2022,8,32,2.42,29.03,21.67,79.24
MJINI,VICTORIA GARDEN,2022,8,33,8.29,28.61,22.13,79.75
MJINI,VICTORIA GARDEN,2022,8,34,6.29,27.99,22.16,80.43
MJINI,VICTORIA GARDEN,2022,8,35,0.31,27.32,21.13,79.94
MJINI,VICTORIA GARDEN,2022,8,36,4.16,27.32,21.41,79.44
MJINI,VICTORIA GARDEN,2022,9,36,0.0,29.88,22.33,74.04
MJINI,VICTORIA GARDEN,2022,9,37,0.03,28.6,22.29,75.75
MJINI,VICTORIA GARDEN,2022,9,38,0.96,28.58,22.02,74.82
MJINI,VICTORIA GARDEN,2022,9,39,1.37,29.71,22.61,74.61
MJINI,VICTORIA GARDEN,2022,9,40,2.06,30.45,23.31,75.14
MJINI,VICTORIA GARDEN,2022,10,41,1.89,29.23,22.32,73.28
MJINI,VICTORIA GARDEN,2022,10,42,0.0,29.72,22.86,73.53
MJINI,VICTORIA GARDEN,2022,10,43,0.0,29.46,22.4,73.64
MJINI,VICTORIA GARDEN,2022,10,44,2.49,29.63,22.91,72.86
MJINI,VICTORIA GARDEN,2022,10,45,6.09,29.23,23.93,72.6
MJINI,VICTORIA GARDEN,2022,11,45,0.0,29.79,23.41,74.51
MJINI,VICTORIA GARDEN,2022,11,46,1.63,30.15,23.51,75.99
MJINI,VICTORIA GARDEN,2022,11,47,11.51,30.42,24.52,74.71
MJINI,VICTORIA GARDEN,2022,11,48,16.18,31.02,24.43,76.75
MJINI,VICTORIA GARDEN,2022,11,49,15.47,30.53,24.64,74.93
MJINI,VICTORIA GARDEN,2022,12,49,0.54,31.78,23.98,78.24
MJINI,VICTORIA GARDEN,2022,12,50,2.0,31.49,24.18,77.83
MJINI,VICTORIA GARDEN,2022,12,51,12.62,32.16,23.9,78.19
MJINI,VICTORIA GARDEN,2022,12,52,14.28,31.67,25.71,77.57
MJINI,VICTORIA GARDEN,2022,12,53,33.4,31.23,25.92,77.62
MJINI,VICTORIA GARDEN,2023,1,1,2.74,32.52,26.69,78.73
MJINI,VICTORIA GARDEN,2023,1,2,10.29,31.32,25.65,78.1
MJINI,VICTORIA GARDEN,2023,1,3,4.48,32.28,24.55,78.33
MJINI,VICTORIA GARDEN,2023,1,4,0.0,31.97,25.9,78.13
MJINI,VICTORIA GARDEN,2023,1,5,0.0,30.7,25.49,78.71
MJINI,VICTORIA GARDEN,2023,2,5,0.0,33.45,24.41,76.09
MJINI,VICTORIA GARDEN,2023,2,6,3.55,32.37,24.68,75.19
MJINI,VICTORIA GARDEN,2023,2,7,15.23,31.97,24.45,75.81
MJINI,VICTORIA GARDEN,2023,2,8,0.0,32.13,25.21,74.92
MJINI,VICTORIA GARDEN,2023,2,9,0.0,32.24,22.97,74.47
MJINI,VICTORIA GARDEN,2023,3,9,0.0,33.75,24.95,76.47
MJINI,VICTORIA GARDEN,2023,3,10,0.0,33.06,24.79,76.91
MJINI,VICTORIA GARDEN,2023,3,11,16.38,32.06,25.74,76.56
MJINI,VICTORIA GARDEN,2023,3,12,22.79,31.74,25.82,75.42
MJINI,VICTORIA GARDEN,2023,3,13,11.13,31.69,24.93,76.51
MJINI,VICTORIA GARDEN,2023,4,13,19.6,30.65,25.98,86.65
MJINI,VICTORIA GARDEN,2023,4,14,23.36,31.42,25.56,86.67
MJINI,VICTORIA GARDEN,2023,4,15,18.52,31.49,25.43,86.15
MJINI,VICTORIA GARDEN,2023,4,16,70.5,29.25,25.07,86.82
MJINI,VICTORIA GARDEN,2023,4,17,51.81,30.04,25.15,85.89
MJINI,VICTORIA GARDEN,2023,4,18,79.79,29.4,24.82,86.1
MJINI,VICTORIA GARDEN,2023,5,18,30.28,30.48,24.8,81.9
MJINI,VICTORIA GARDEN,2023,5,19,15.16,30.63,25.04,82.9
MJINI,VICTORIA GARDEN,2023,5,20,9.73,30.22,25.62,82.51
MJINI,VICTORIA GARDEN,2023,5,21,5.64,29.86,24.78,82.29
MJINI,VICTORIA GARDEN,2023,5,22,4.73,29.91,24.19,82.68
MJINI,VICTORIA GARDEN,2023,6,22,47.63,28.71,23.43,82.88
MJINI,VICTORIA GARDEN,2023,6,23,47.99,28.92,23.45,82.07
MJINI,VICTORIA GARDEN,2023,6,24,0.0,29.34,23.8,82.57
MJINI,VICTORIA GARDEN,2023,6,25,0.0,29.63,23.63,82.18
MJINI,VICTORIA GARDEN,2023,6,26,0.0,29.32,23.85,81.88
MJINI,VICTORIA GARDEN,2023,7,26,26.88,28.62,23.16,84.75
MJINI,VICTORIA GARDEN,2023,7,27,23.57,28.32,23.3,83.19
MJINI,VICTORIA GARDEN,2023,7,28,0.0,28.86,22.89,84.46
MJINI,VICTORIA GARDEN,2023,7,29,0.0,29.51,23.65,83.79
MJINI,VICTORIA GARDEN,2023,7,30,4.0,28.72,23.41,83.86
MJINI,VICTORIA GARDEN,2023,7,31,10.79,28.33,23.01,83.07
MJINI,VICTORIA GARDEN,2023,8,31,7.47,29.27,23.07,82.47
MJINI,VICTORIA GARDEN,2023,8,32,5.64,28.81,23.59,82.01
MJINI,VICTORIA GARDEN,2023,8,33,3.67,29.57,22.66,82.07
MJINI,VICTORIA GARDEN,2023,8,34,3.15,29.56,22.86,81.06
MJINI,VICTORIA GARDEN,2023,8,35,0.0,29.31,23.24,81.38
MJINI,VICTORIA GARDEN,2023,9,35,0.71,31.57,21.31,76.99
MJINI,VICTORIA GARDEN,2023,9,36,0.63,29.8,22.57,76.97
MJINI,VICTORIA GARDEN,2023,9,37,0.0,30.06,22.29,77.31
MJINI,VICTORIA GARDEN,2023,9,38,0.0,30.3,22.22,76.88
MJINI,VICTORIA GARDEN,2023,9,39,3.08,30.43,23.7,76.58
MJINI,VICTORIA GARDEN,2023,10,40,7.36,30.67,24.96,74.59
MJINI,VICTORIA GARDEN,2023,10,41,0.59,31.3,24.12,75.37
MJINI,VICTORIA GARDEN,2023,10,42,0.0,31.89,24.14,74.78
MJINI,VICTORIA GARDEN,2023,10,43,11.61,31.32,25.11,75.94
MJINI,VICTORIA GARDEN,2023,10,44,20.99,30.68,24.27,75.24
MJINI,VICTORIA GARDEN,2023,11,44,248.81,28.45,24.45,83.2
MJINI,VICTORIA GARDEN,2023,11,45,193.93,29.21,24.33,82.83
MJINI,VICTORIA GARDEN,2023,11,46,59.69,30.47,24.26,82.47
MJINI,VICTORIA GARDEN,2023,11,47,44.95,29.77,25.04,82.67
MJINI,VICTORIA GARDEN,2023,11,48,60.67,30.13,24.18,82.93
MJINI,VICTORIA GARDEN,2023,12,48,25.79,30.81,23.75,81.41
MJINI,VICTORIA GARDEN,2023,12,49,23.34,31.22,24.85,81.18
MJINI,VICTORIA GARDEN,2023,12,50,14.27,31.2,24.73,81.39
MJINI,VICTORIA GARDEN,2023,12,51,13.02,32.12,25.1,80.65
MJINI,VICTORIA GARDEN,2023,12,52,12.4,31.67,26.2,80.94
MKOANI,Abdalla mzee-Mkoani,2020,1,1,4.88,34.28,25.64,87.04
MKOANI,Abdalla mzee-Mkoani,2020,1,2,7.45,32.74,25.61,85.44
MKOANI,Abdalla mzee-Mkoani,2020,1,3,11.13,31.98,25.03,86.34
MKOANI,Abdalla mzee-Mkoani,2020,1,4,20.61,30.69,25.49,86.19
MKOANI,Abdalla mzee-Mkoani,2020,1,5,16.89,30.41,26.21,85.62
MKOANI,Abdalla mzee-Mkoani,2020,2,6,28.53,32.4,25.36,93.17
MKOANI,Abdalla mzee-Mkoani,2020,2,7,6.92,32.08,24.93,92.69
MKOANI,Abdalla mzee-Mkoani,2020,2,8,9.09,30.91,25.35,93.87
MKOANI,Abdalla mzee-Mkoani,2020,2,9,6.65,32.3,25.81,94.6
MKOANI,Abdalla mzee-Mkoani,2020,3,10,65.66,31.9,25.58,93.53
MKOANI,Abdalla mzee-Mkoani,2020,3,11,18.36,31.48,25.26,95.93
MKOANI,Abdalla mzee-Mkoani,2020,3,12,7.43,31.61,26.16,93.54
MKOANI,Abdalla mzee-Mkoani,2020,3,13,10.86,32.2,25.12,93.89
MKOANI,Abdalla mzee-Mkoani,2020,3,14,128.77,31.44,25.28,94.54
MKOANI,Abdalla mzee-Mkoani,2020,4,14,123.01,32.83,25.92,86.07
MKOANI,Abdalla mzee-Mkoani,2020,4,15,131.98,30.96,24.96,85.0
MKOANI,Abdalla mzee-Mkoani,2020,4,16,144.49,29.65,24.45,83.98
MKOANI,Abdalla mzee-Mkoani,2020,4,17,153.72,31.56,24.88,85.72
MKOANI,Abdalla mzee-Mkoani,2020,4,18,155.65,30.37,25.11,84.99
MKOANI,Abdalla mzee-Mkoani,2020,5,18,179.12,30.44,25.53,91.0
MKOANI,Abdalla mzee-Mkoani,2020,5,19,173.0,29.95,24.45,89.82
MKOANI,Abdalla mzee-Mkoani,2020,5,20,132.86,29.74,24.67,91.81
MKOANI,Abdalla mzee-Mkoani,2020,5,21,6.84,29.32,24.34,91.67
MKOANI,Abdalla mzee-Mkoani,2020,5,22,43.75,31.02,24.82,92.73
MKOANI,Abdalla mzee-Mkoani,2020,6,23,22.72,30.21,25.13,87.33
MKOANI,Abdalla mzee-Mkoani,2020,6,24,22.16,30.01,23.4,85.92
MKOANI,Abdalla mzee-Mkoani,2020,6,25,10.85,30.27,24.43,86.66
MKOANI,Abdalla mzee-Mkoani,2020,6,26,5.62,28.73,24.08,87.21
MKOANI,Abdalla mzee-Mkoani,2020,6,27,6.3,28.76,23.55,87.8
MKOANI,Abdalla mzee-Mkoani,2020,7,27,4.23,29.49,23.11,79.3
MKOANI,Abdalla mzee-Mkoani,2020,7,28,19.15,29.37,23.04,79.14
MKOANI,Abdalla mzee-Mkoani,2020,7,30,17.71,27.53,23.17,80.71
MKOANI,Abdalla mzee-Mkoani,2020,7,31,9.89,28.08,24.03,79.8
MKOANI,Abdalla mzee-Mkoani,2020,8,33,7.25,29.09,22.2,87.01
MKOANI,Abdalla mzee-Mkoani,2020,8,34,2.49,29.1,23.21,84.17
MKOANI,Abdalla mzee-Mkoani,2020,8,35,3.2,29.43,23.03,84.72
MKOANI,Abdalla mzee-Mkoani,2020,8,36,6.3,28.08,23.12,86.1
MKOANI,Abdalla mzee-Mkoani,2020,9,36,1.37,29.48,22.98,87.8
MKOANI,Abdalla mzee-Mkoani,2020,9,37,0.69,30.67,22.89,89.0
MKOANI,Abdalla mzee-Mkoani,2020,9,38,0.0,29.87,22.23,90.5
MKOANI,Abdalla mzee-Mkoani,2020,9,39,0.0,29.15,22.24,90.5
MKOANI,Abdalla mzee-Mkoani,2020,10,41,2.19,30.29,24.06,90.51
MKOANI,Abdalla mzee-Mkoani,2020,11,45,1.95,29.04,22.95,90.0
MKOANI,Abdalla mzee-Mkoani,2020,11,46,50.93,30.71,24.64,92.1
MKOANI,Abdalla mzee-Mkoani,2020,11,48,19.98,30.5,24.56,90.4
MKOANI,Abdalla mzee-Mkoani,2020,11,49,65.7,31.57,24.35,89.8
MKOANI,Abdalla mzee-Mkoani,2020,12,49,7.1,31.55,24.35,89.61
MKOANI,Abdalla mzee-Mkoani,2020,12,50,14.22,32.1,24.2,89.26
MKOANI,Abdalla mzee-Mkoani,2020,12,51,13.46,30.46,24.7,89.24
MKOANI,Abdalla mzee-Mkoani,2020,12,52,20.07,30.61,24.83,88.4
MKOANI,Abdalla mzee-Mkoani,2020,12,53,13.12,31.36,25.53,90.47
MKOANI,Abdalla mzee-Mkoani,2021,1,1,0.0,31.7,24.99,89.7
MKOANI,Abdalla mzee-Mkoani,2021,1,2,0.72,30.68,25.01,89.98
MKOANI,Abdalla mzee-Mkoani,2021,1,3,8.85,29.52,24.95,90.94
MKOANI,Abdalla mzee-Mkoani,2021,1,4,0.0,31.16,25.04,87.92
MKOANI,Abdalla mzee-Mkoani,2021,1,5,0.0,32.74,25.12,90.72
MKOANI,Abdalla mzee-Mkoani,2021,2,7,13.81,31.02,25.37,89.33
MKOANI,Abdalla mzee-Mkoani,2021,2,8,5.88,31.89,24.62,89.5
MKOANI,Abdalla mzee-Mkoani,2021,2,9,1.16,31.77,24.94,87.14
MKOANI,Abdalla mzee-Mkoani,2021,3,11,0.0,32.0,24.63,68.4
MKOANI,Abdalla mzee-Mkoani,2021,3,12,7.59,32.56,23.52,68.86
MKOANI,Abdalla mzee-Mkoani,2021,3,13,21.91,32.37,25.21,70.34
MKOANI,Abdalla mzee-Mkoani,2021,4,14,28.82,31.99,25.35,85.3
MKOANI,Abdalla mzee-Mkoani,2021,4,15,69.18,29.55,24.68,84.3
MKOANI,Abdalla mzee-Mkoani,2021,4,16,108.64,30.25,24.56,84.4
MKOANI,Abdalla mzee-Mkoani,2021,4,17,190.41,30.36,25.61,84.1
MKOANI,Abdalla mzee-Mkoani,2021,4,18,189.56,30.86,24.61,85.84
MKOANI,Abdalla mzee-Mkoani,2021,5,19,143.2,28.45,23.77,87.3
MKOANI,Abdalla mzee-Mkoani,2021,5,20,9.82,31.03,24.8,87.4
MKOANI,Abdalla mzee-Mkoani,2021,5,22,6.25,30.19,25.14,88.1
MKOANI,Abdalla mzee-Mkoani,2021,6,23,0.0,30.11,24.22,83.3
MKOANI,Abdalla mzee-Mkoani,2021,6,25,13.65,28.26,23.74,84.94
MKOANI,Abdalla mzee-Mkoani,2021,6,26,3.2,28.1,23.54,85.56
MKOANI,Abdalla mzee-Mkoani,2021,6,27,20.76,27.59,23.87,83.7
MKOANI,Abdalla mzee-Mkoani,2021,7,27,6.88,29.66,23.39,78.8
MKOANI,Abdalla mzee-Mkoani,2021,7,28,6.67,26.96,23.08,82.3
MKOANI,Abdalla mzee-Mkoani,2021,7,29,1.82,29.85,23.7,82.58
MKOANI,Abdalla mzee-Mkoani,2021,7,30,15.58,29.99,25.19,85.2
MKOANI,Abdalla mzee-Mkoani,2021,7,31,4.09,28.41,24.63,85.9
MKOANI,Abdalla mzee-Mkoani,2021,8,32,8.41,29.38,22.32,87.15
MKOANI,Abdalla mzee-Mkoani,2021,8,33,12.72,29.79,21.39,87.8
MKOANI,Abdalla mzee-Mkoani,2021,8,35,15.54,29.97,22.08,85.98
MKOANI,Abdalla mzee-Mkoani,2021,9,36,16.82,30.32,23.75,85.06
MKOANI,Abdalla mzee-Mkoani,2021,9,37,14.48,27.3,24.23,85.93
MKOANI,Abdalla mzee-Mkoani,2021,9,39,11.68,31.1,22.99,85.5
MKOANI,Abdalla mzee-Mkoani,2021,9,40,7.03,30.26,23.88,85.5
MKOANI,Abdalla mzee-Mkoani,2021,10,43,0.0,28.93,22.5,88.6
MKOANI,Abdalla mzee-Mkoani,2021,10,44,13.36,31.03,23.08,88.77
MKOANI,Abdalla mzee-Mkoani,2021,10,45,28.89,30.15,22.17,86.5
MKOANI,Abdalla mzee-Mkoani,2021,11,47,2.6,30.89,23.32,89.72
MKOANI,Abdalla mzee-Mkoani,2021,11,48,1.58,31.3,24.26,88.2
MKOANI,Abdalla mzee-Mkoani,2021,11,49,42.68,32.61,25.47,86.8
MKOANI,Abdalla mzee-Mkoani,2021,12,49,71.31,32.57,25.57,92.1
MKOANI,Abdalla mzee-Mkoani,2021,12,52,96.21,31.07,23.87,92.12
MKOANI,Abdalla mzee-Mkoani,2022,1,1,0.0,33.22,26.36,74.5
MKOANI,Abdalla mzee-Mkoani,2022,1,2,0.0,32.0,25.18,74.4
MKOANI,Abdalla mzee-Mkoani,2022,1,3,0.0,31.96,26.42,74.73
MKOANI,Abdalla mzee-Mkoani,2022,1,4,35.07,33.08,25.01,76.1
MKOANI,Abdalla mzee-Mkoani,2022,1,5,21.8,31.13,23.97,75.81
MKOANI,Abdalla mzee-Mkoani,2022,1,6,17.63,30.77,24.96,74.5
MKOANI,Abdalla mzee-Mkoani,2022,2,6,0.0,31.78,24.49,78.0
MKOANI,Abdalla mzee-Mkoani,2022,2,7,4.44,33.06,26.44,76.0
MKOANI,Abdalla mzee-Mkoani,2022,2,8,4.33,30.46,24.49,73.58
MKOANI,Abdalla mzee-Mkoani,2022,2,9,0.0,32.05,25.04,78.03
MKOANI,Abdalla mzee-Mkoani,2022,3,11,0.0,32.93,25.34,67.95
MKOANI,Abdalla mzee-Mkoani,2022,3,13,5.38,32.3,25.32,69.17
MKOANI,Abdalla mzee-Mkoani,2022,3,14,3.45,31.7,25.87,64.49
MKOANI,Abdalla mzee-Mkoani,2022,4,16,6.32,31.17,25.61,80.83
MKOANI,Abdalla mzee-Mkoani,2022,4,17,87.95,29.47,25.57,79.2
MKOANI,Abdalla mzee-Mkoani,2022,4,18,109.34,30.09,25.44,77.7
MKOANI,Abdalla mzee-Mkoani,2022,5,19,91.88,28.88,25.02,84.4
MKOANI,Abdalla mzee-Mkoani,2022,5,22,31.66,30.5,25.45,85.6
MKOANI,Abdalla mzee-Mkoani,2022,5,23,38.82,30.36,24.66,86.05
MKOANI,Abdalla mzee-Mkoani,2022,6,23,0.0,31.05,23.36,10.08
MKOANI,Abdalla mzee-Mkoani,2022,6,25,5.52,30.92,23.71,7.74
MKOANI,Abdalla mzee-Mkoani,2022,6,26,4.77,27.92,24.52,8.6
MKOANI,Abdalla mzee-Mkoani,2022,6,27,20.18,27.6,23.62,8.8
MKOANI,Abdalla mzee-Mkoani,2022,7,28,24.25,27.01,22.48,93.8
MKOANI,Abdalla mzee-Mkoani,2022,7,29,13.44,27.78,22.45,93.3
MKOANI,Abdalla mzee-Mkoani,2022,8,32,18.84,29.41,21.54,92.1
MKOANI,Abdalla mzee-Mkoani,2022,8,34,7.48,29.6,20.3,88.59
MKOANI,Abdalla mzee-Mkoani,2022,8,35,7.99,27.0,22.22,88.0
MKOANI,Abdalla mzee-Mkoani,2022,9,40,17.03,27.76,24.25,87.4
MKOANI,Abdalla mzee-Mkoani,2022,10,41,11.36,30.47,23.15,91.2
MKOANI,Abdalla mzee-Mkoani,2022,10,42,8.33,31.02,23.97,90.3
MKOANI,Abdalla mzee-Mkoani,2022,11,47,4.57,30.79,23.82,92.2
MKOANI,Abdalla mzee-Mkoani,2022,12,50,54.13,31.63,24.02,93.77
MKOANI,Abdalla mzee-Mkoani,2022,12,51,60.67,32.31,25.03,95.6
MKOANI,Abdalla mzee-Mkoani,2023,1,4,15.03,33.17,25.82,87.18
MKOANI,Abdalla mzee-Mkoani,2023,1,5,24.03,30.83,25.68,85.92
MKOANI,Abdalla mzee-Mkoani,2023,2,5,11.54,33.37,25.46,90.48
MKOANI,Abdalla mzee-Mkoani,2023,2,6,11.57,32.07,24.25,90.6
MKOANI,Abdalla mzee-Mkoani,2023,2,7,8.46,31.26,25.95,88.7
MKOANI,Abdalla mzee-Mkoani,2023,2,8,2.2,32.27,24.86,87.66
MKOANI,Abdalla mzee-Mkoani,2023,2,9,9.69,31.68,23.8,89.4
MKOANI,Abdalla mzee-Mkoani,2023,3,9,4.59,34.59,24.81,91.9
MKOANI,Abdalla mzee-Mkoani,2023,3,10,4.68,31.77,24.76,89.9
MKOANI,Abdalla mzee-Mkoani,2023,3,12,28.81,32.53,25.02,91.1
MKOANI,Abdalla mzee-Mkoani,2023,3,13,51.24,30.32,24.65,88.7
MKOANI,Abdalla mzee-Mkoani,2023,4,14,99.81,31.53,25.48,88.4
MKOANI,Abdalla mzee-Mkoani,2023,4,15,55.77,32.47,25.53,90.3
MKOANI,Abdalla mzee-Mkoani,2023,4,17,226.02,28.31,25.66,89.9
MKOANI,Abdalla mzee-Mkoani,2023,5,18,85.87,29.93,25.33,93.0
MKOANI,Abdalla mzee-Mkoani,2023,5,19,97.34,29.58,25.59,97.7
MKOANI,Abdalla mzee-Mkoani,2023,5,20,21.28,31.54,24.87,95.3
MKOANI,Abdalla mzee-Mkoani,2023,5,21,41.23,29.9,24.4,95.31
MKOANI,Abdalla mzee-Mkoani,2023,5,22,51.51,29.61,24.23,93.3
MKOANI,Abdalla mzee-Mkoani,2023,6,22,38.01,29.41,24.57,89.2
MKOANI,Abdalla mzee-Mkoani,2023,6,24,16.08,29.49,23.74,90.9
MKOANI,Abdalla mzee-Mkoani,2023,6,25,26.97,29.11,23.04,88.6
MKOANI,Abdalla mzee-Mkoani,2023,6,26,26.82,29.05,24.16,90.65
MKOANI,Abdalla mzee-Mkoani,2023,7,27,16.5,28.54,23.98,84.37
MKOANI,Abdalla mzee-Mkoani,2023,7,28,5.7,28.89,23.06,84.26
MKOANI,Abdalla mzee-Mkoani,2023,7,30,7.39,28.58,24.1,86.15
MKOANI,Abdalla mzee-Mkoani,2023,7,31,20.28,27.78,24.64,83.8
MKOANI,Abdalla mzee-Mkoani,2023,8,31,4.39,29.71,22.56,87.35
MKOANI,Abdalla mzee-Mkoani,2023,8,32,5.69,29.85,21.8,86.7
MKOANI,Abdalla mzee-Mkoani,2023,8,34,4.36,30.34,21.46,86.6
MKOANI,Abdalla mzee-Mkoani,2023,8,35,4.68,29.94,23.34,86.1
MKOANI,Abdalla mzee-Mkoani,2023,9,36,2.23,28.98,23.78,87.86
MKOANI,Abdalla mzee-Mkoani,2023,9,38,5.74,29.35,19.75,89.3
MKOANI,Abdalla mzee-Mkoani,2023,9,39,4.96,31.61,24.7,87.5
MKOANI,Abdalla mzee-Mkoani,2023,10,40,0.98,30.86,24.81,92.2
MKOANI,Abdalla mzee-Mkoani,2023,10,42,19.46,32.38,25.25,91.75
MKOANI,Abdalla mzee-Mkoani,2023,10,43,20.01,31.11,25.39,92.63
MKOANI,Abdalla mzee-Mkoani,2023,11,44,219.03,27.97,25.25,96.3
MKOANI,Abdalla mzee-Mkoani,2023,11,45,184.12,28.57,24.15,94.48
MKOANI,Abdalla mzee-Mkoani,2023,11,46,162.38,30.75,24.49,95.4
MKOANI,Abdalla mzee-Mkoani,2023,11,47,151.31,29.74,24.71,94.72
MKOANI,Abdalla mzee-Mkoani,2023,11,48,123.88,30.44,24.43,95.67
MKOANI,Abdalla mzee-Mkoani,2023,12,48,33.28,30.62,23.84,89.4
MKOANI,Abdalla mzee-Mkoani,2023,12,49,34.76,30.93,24.77,90.22
MKOANI,Abdalla mzee-Mkoani,2023,12,50,45.54,32.0,24.88,89.7
MKOANI,Abdalla mzee-Mkoani,2023,12,51,24.81,31.77,25.0,90.3
MKOANI,Abdalla mzee-Mkoani,2023,12,52,7.23,31.97,25.85,89.82
WETE,Weni,2018,1,1,8.36,33.07,25.83,92.22
WETE,Weni,2018,1,2,7.77,32.65,25.64,88.22
WETE,Weni,2018,1,3,0.07,32.21,25.03,89.59
WETE,Weni,2018,1,4,0.02,32.08,24.6,90.06
WETE,Weni,2018,1,5,0.0,32.06,25.74,88.97
WETE,Weni,2018,2,5,0.0,32.76,25.09,90.1
WETE,Weni,2018,2,6,0.0,32.43,24.79,90.25
WETE,Weni,2018,2,7,0.0,30.84,24.94,90.44
WETE,Weni,2018,2,8,0.0,31.79,24.97,90.2
WETE,Weni,2018,2,9,0.0,33.3,25.29,90.9
WETE,Weni,2018,3,9,2.34,32.74,26.28,91.7
WETE,Weni,2018,3,10,2.44,33.39,24.78,91.6
WETE,Weni,2018,3,11,5.31,32.67,25.85,92.8
WETE,Weni,2018,3,12,6.19,33.92,24.82,90.15
WETE,Weni,2018,4,14,5.46,32.17,25.36,93.42
WETE,Weni,2018,4,15,16.21,30.24,24.75,96.29
WETE,Weni,2018,4,16,19.49,31.38,25.06,93.85
WETE,Weni,2018,4,17,10.36,31.54,24.36,94.0
WETE,Weni,2018,4,18,5.16,30.96,24.6,93.4
WETE,Weni,2018,5,18,25.19,29.81,24.03,95.82
WETE,Weni,2018,5,19,28.81,29.67,24.64,93.84
WETE,Weni,2018,5,20,24.92,29.56,25.07,94.14
WETE,Weni,2018,5,21,1.86,30.0,24.3,94.11
WETE,Weni,2018,5,22,0.84,29.28,24.19,94.62
WETE,Weni,2018,6,22,0.14,30.92,24.72,88.67
WETE,Weni,2018,6,23,0.12,30.54,24.71,87.97
WETE,Weni,2018,6,24,3.73,29.78,23.68,89.14
WETE,Weni,2018,6,25,4.75,29.02,23.56,88.5
WETE,Weni,2018,6,26,4.1,29.01,24.1,88.72
WETE,Weni,2018,7,27,4.43,30.38,23.95,87.35
WETE,Weni,2018,7,28,2.84,29.45,23.37,85.72
WETE,Weni,2018,7,29,0.4,28.68,22.93,83.9
WETE,Weni,2018,7,30,0.74,29.14,23.18,85.12
WETE,Weni,2018,8,31,0.0,30.34,22.98,85.1
WETE,Weni,2018,8,32,1.11,28.61,22.89,83.69
WETE,Weni,2018,8,33,0.52,28.8,22.89,83.07
WETE,Weni,2018,8,34,0.33,29.64,23.49,84.36
WETE,Weni,2018,8,35,0.88,29.22,23.16,84.02
WETE,Weni,2018,9,36,1.96,28.82,22.93,82.83
WETE,Weni,2018,9,37,0.0,29.03,23.65,82.2
WETE,Weni,2018,9,39,6.53,29.63,22.96,82.66
WETE,Weni,2018,9,40,6.28,29.15,22.45,83.8
WETE,Weni,2018,10,40,0.19,30.19,23.73,88.67
WETE,Weni,2018,10,41,0.0,29.98,23.74,90.15
WETE,Weni,2018,10,42,3.34,29.37,23.65,86.63
WETE,Weni,2018,10,44,28.3,30.48,24.15,87.92
WETE,Weni,2018,11,44,0.0,32.05,24.55,94.91
WETE,Weni,2018,11,45,0.0,31.99,24.38,96.05
WETE,Weni,2018,11,47,10.96,31.58,25.11,95.54
WETE,Weni,2018,11,48,8.45,31.86,25.45,93.48
WETE,Weni,2018,12,49,1.1,31.95,24.64,92.76
WETE,Weni,2018,12,50,5.09,32.24,25.33,93.49
WETE,Weni,2018,12,51,4.72,30.78,24.3,90.5
WETE,Weni,2018,12,52,3.84,31.26,24.8,91.34
WETE,Weni,2018,12,53,4.26,32.63,26.16,92.9
WETE,Weni,2019,1,1,9.7,32.44,26.7,88.9
WETE,Weni,2019,1,2,2.72,33.47,25.64,88.58
WETE,Weni,2019,1,3,0.0,33.29,25.72,89.09
WETE,Weni,2019,1,4,0.0,32.17,25.37,89.43
WETE,Weni,2019,1,5,0.0,32.15,25.71,88.79
WETE,Weni,2019,2,6,0.0,31.06,25.36,87.29
WETE,Weni,2019,2,7,6.04,31.65,24.91,88.5
WETE,Weni,2019,2,8,0.0,31.03,24.85,86.9
WETE,Weni,2019,2,9,41.72,32.88,23.86,87.04
WETE,Weni,2019,3,9,0.0,33.74,24.68,92.0
WETE,Weni,2019,3,10,0.0,34.06,24.94,90.5
WETE,Weni,2019,3,11,0.0,33.2,25.24,90.21
WETE,Weni,2019,3,12,0.0,35.4,23.75,94.0
WETE,Weni,2019,3,13,0.5,32.58,26.25,91.3
WETE,Weni,2019,4,14,31.36,32.62,25.84,95.38
WETE,Weni,2019,4,15,36.83,32.13,24.82,93.8
WETE,Weni,2019,4,16,43.64,31.32,24.84,94.14
WETE,Weni,2019,4,17,30.19,31.48,25.33,94.78
WETE,Weni,2019,4,18,58.87,31.55,24.07,94.22
WETE,Weni,2019,5,18,34.8,31.56,25.24,94.05
WETE,Weni,2019,5,19,55.14,29.23,24.67,94.66
WETE,Weni,2019,5,20,85.56,28.89,25.04,95.04
WETE,Weni,2019,5,21,52.08,30.45,24.79,93.61
WETE,Weni,2019,5,22,213.19,29.68,24.37,95.13
WETE,Weni,2019,6,23,4.39,30.0,24.61,87.2
WETE,Weni,2019,6,24,0.69,29.89,23.78,84.61
WETE,Weni,2019,6,25,6.13,29.7,23.13,86.63
WETE,Weni,2019,6,26,1.41,29.91,24.05,87.47
WETE,Weni,2019,7,27,3.8,31.03,23.49,88.81
WETE,Weni,2019,7,28,0.94,30.05,24.02,88.39
WETE,Weni,2019,7,29,9.32,29.37,23.71,89.18
WETE,Weni,2019,7,30,12.14,29.12,23.48,89.54
WETE,Weni,2019,7,31,0.0,27.99,23.06,89.33
WETE,Weni,2019,8,31,14.29,30.33,22.03,89.6
WETE,Weni,2019,8,32,14.57,28.37,22.7,90.94
WETE,Weni,2019,8,33,0.0,28.79,24.19,90.82
WETE,Weni,2019,8,34,0.0,28.68,24.66,91.9
WETE,Weni,2019,8,35,14.1,29.16,24.14,89.9
WETE,Weni,2019,9,36,0.0,29.44,21.3,88.32
WETE,Weni,2019,9,37,13.01,29.71,22.31,88.65
WETE,Weni,2019,9,38,0.0,30.47,21.84,90.6
WETE,Weni,2019,9,39,4.34,29.87,23.21,88.78
WETE,Weni,2019,9,40,18.42,29.76,23.35,88.5
WETE,Weni,2019,10,40,22.91,29.61,24.32,94.27
WETE,Weni,2019,10,41,60.41,29.05,24.3,94.32
WETE,Weni,2019,10,42,67.05,28.7,24.69,95.07
WETE,Weni,2019,10,43,32.71,29.59,24.22,93.53
WETE,Weni,2019,10,44,85.67,30.29,24.23,96.68
WETE,Weni,2019,11,45,8.09,29.93,24.73,92.74
WETE,Weni,2019,11,47,7.69,30.65,23.83,94.87
WETE,Weni,2019,11,48,57.93,31.39,24.16,94.7
WETE,Weni,2019,12,49,40.46,32.73,25.23,90.99
WETE,Weni,2019,12,50,5.58,33.11,25.14,92.88
WETE,Weni,2019,12,51,21.25,32.36,24.64,92.54
WETE,Weni,2019,12,52,16.08,32.51,25.08,92.97
WETE,Weni,2019,12,53,0.0,31.91,25.4,93.99
WETE,Weni,2020,1,1,0.0,33.76,26.46,86.81
WETE,Weni,2020,1,2,0.0,32.52,26.1,85.93
WETE,Weni,2020,1,3,3.87,32.11,25.53,86.47
WETE,Weni,2020,1,4,15.87,30.8,25.54,86.43
WETE,Weni,2020,1,5,5.05,30.19,25.84,86.55
WETE,Weni,2020,2,5,0.0,34.92,25.54,94.7
WETE,Weni,2020,2,6,0.0,33.04,24.45,92.68
WETE,Weni,2020,2,7,0.0,31.89,25.37,93.76
WETE,Weni,2020,2,8,0.0,31.49,25.85,93.57
WETE,Weni,2020,2,9,5.62,33.14,26.11,93.23
WETE,Weni,2020,3,10,32.27,32.1,25.51,93.75
WETE,Weni,2020,3,11,13.99,31.82,25.1,92.77
WETE,Weni,2020,3,12,17.97,32.32,26.04,93.68
WETE,Weni,2020,3,13,24.75,31.81,25.1,93.41
WETE,Weni,2020,3,14,62.68,31.64,25.67,94.48
WETE,Weni,2020,4,14,49.75,32.81,25.67,85.83
WETE,Weni,2020,4,15,60.26,31.64,25.43,84.58
WETE,Weni,2020,4,16,178.28,29.25,24.84,84.21
WETE,Weni,2020,4,17,54.84,29.36,24.57,85.33
WETE,Weni,2020,4,18,116.94,29.72,24.76,84.47
WETE,Weni,2020,5,18,94.83,30.98,23.97,91.0
WETE,Weni,2020,5,19,94.6,29.23,24.37,90.46
WETE,Weni,2020,5,20,49.86,29.77,25.23,91.87
WETE,Weni,2020,5,21,25.11,30.08,24.34,91.24
WETE,Weni,2020,5,22,2.95,30.04,24.63,91.93
WETE,Weni,2020,6,23,13.67,30.1,24.96,87.3
WETE,Weni,2020,6,24,12.89,29.88,24.46,86.21
WETE,Weni,2020,6,25,3.7,29.99,23.8,86.92
WETE,Weni,2020,6,26,7.85,29.9,24.74,85.61
WETE,Weni,2020,6,27,19.04,27.95,23.62,87.8
WETE,Weni,2020,7,27,7.5,29.62,23.44,80.06
WETE,Weni,2020,7,28,7.01,27.99,23.4,80.85
WETE,Weni,2020,7,29,4.92,28.43,23.45,79.8
WETE,Weni,2020,7,30,3.76,27.97,23.41,81.16
WETE,Weni,2020,7,31,2.61,28.12,22.95,81.46
WETE,Weni,2020,8,31,0.0,30.42,22.62,86.7
WETE,Weni,2020,8,32,0.0,28.58,22.89,84.95
WETE,Weni,2020,8,33,0.0,28.49,21.86,86.81
WETE,Weni,2020,8,34,4.9,28.13,23.17,85.23
WETE,Weni,2020,8,35,0.47,29.32,22.61,84.92
WETE,Weni,2020,8,36,0.0,28.44,23.32,86.08
WETE,Weni,2020,9,36,0.0,29.88,23.31,88.78
WETE,Weni,2020,9,37,0.0,29.89,23.11,87.8
WETE,Weni,2020,9,38,7.91,29.88,22.6,88.96
WETE,Weni,2020,9,39,14.26,28.83,22.78,89.24
WETE,Weni,2020,9,40,8.83,28.92,22.81,86.8
WETE,Weni,2020,10,41,1.7,30.56,23.66,91.16
WETE,Weni,2020,10,42,9.07,31.45,23.74,89.51
WETE,Weni,2020,10,44,3.17,31.48,24.55,88.86
WETE,Weni,2020,11,45,0.0,29.99,25.58,91.2
WETE,Weni,2020,11,46,26.99,29.78,24.03,91.1
WETE,Weni,2020,11,47,6.47,31.24,25.48,91.06
WETE,Weni,2020,11,48,5.85,30.62,24.89,90.06
WETE,Weni,2020,11,49,9.39,30.66,24.79,89.8
WETE,Weni,2020,12,49,30.03,31.05,23.92,91.62
WETE,Weni,2020,12,50,6.43,32.01,24.91,90.08
WETE,Weni,2020,12,51,9.84,31.68,24.66,90.81
WETE,Weni,2020,12,52,21.3,31.61,24.28,89.05
WETE,Weni,2020,12,53,0.0,31.55,26.42,89.92
WETE,Weni,2021,1,1,28.12,31.43,25.42,89.52
WETE,Weni,2021,1,2,34.4,31.19,24.76,90.53
WETE,Weni,2021,1,3,34.84,31.27,24.67,89.86
WETE,Weni,2021,1,4,0.0,31.3,24.62,90.27
WETE,Weni,2021,1,5,0.0,33.16,24.38,88.89
WETE,Weni,2021,2,6,4.19,33.24,23.92,91.61
WETE,Weni,2021,2,7,0.0,30.98,24.94,89.3
WETE,Weni,2021,2,8,0.0,31.67,24.98,90.07
WETE,Weni,2021,2,9,0.0,32.68,24.69,88.38
WETE,Weni,2021,2,10,0.0,31.31,24.64,91.3
WETE,Weni,2021,3,11,0.0,33.26,25.19,68.25
WETE,Weni,2021,3,12,11.26,32.53,24.29,67.61
WETE,Weni,2021,3,13,12.71,30.82,24.26,69.8
WETE,Weni,2021,3,14,64.92,31.6,24.22,68.18
WETE,Weni,2021,4,14,22.47,31.02,26.46,81.7
WETE,Weni,2021,4,15,26.62,30.69,24.9,84.66
WETE,Weni,2021,4,16,38.51,29.69,25.17,85.08
WETE,Weni,2021,4,17,59.99,28.55,24.4,84.57
WETE,Weni,2021,4,18,40.16,30.97,25.41,86.0
WETE,Weni,2021,5,19,70.42,28.49,24.67,85.96
WETE,Weni,2021,5,20,0.0,30.93,23.61,87.23
WETE,Weni,2021,5,21,1.67,31.14,24.39,86.16
WETE,Weni,2021,5,22,1.76,30.58,24.24,87.52
WETE,Weni,2021,5,23,0.0,28.79,25.3,86.3
WETE,Weni,2021,6,23,2.44,29.85,23.94,84.17
WETE,Weni,2021,6,24,13.9,29.11,23.97,86.58
WETE,Weni,2021,6,25,3.86,28.93,23.85,85.52
WETE,Weni,2021,6,26,1.22,28.86,23.47,84.06
WETE,Weni,2021,6,27,20.23,28.14,22.35,86.14
WETE,Weni,2021,7,27,0.0,30.65,22.81,85.1
WETE,Weni,2021,7,28,0.0,28.66,23.57,82.41
WETE,Weni,2021,7,29,1.14,28.62,24.2,82.45
WETE,Weni,2021,7,30,0.0,29.6,24.39,84.76
WETE,Weni,2021,7,31,0.0,29.55,23.57,80.98
WETE,Weni,2021,8,32,8.93,28.91,22.75,86.47
WETE,Weni,2021,8,33,0.0,29.12,22.04,87.15
WETE,Weni,2021,8,34,2.27,29.55,22.69,85.92
WETE,Weni,2021,8,36,2.09,27.77,22.31,85.4
WETE,Weni,2021,9,36,1.06,30.42,24.07,84.83
WETE,Weni,2021,9,37,1.02,27.2,23.6,85.85
WETE,Weni,2021,9,38,2.68,29.14,22.8,85.52
WETE,Weni,2021,10,40,0.0,31.76,22.23,88.5
WETE,Weni,2021,10,41,0.0,31.74,23.33,88.3
WETE,Weni,2021,10,42,0.0,30.39,24.25,90.5
WETE,Weni,2021,10,43,5.54,30.52,23.55,88.41
WETE,Weni,2021,10,45,2.05,30.04,22.47,86.5
WETE,Weni,2021,11,45,0.0,32.07,24.79,89.31
WETE,Weni,2021,11,46,0.0,32.55,24.14,90.48
WETE,Weni,2021,11,47,0.0,30.65,23.18,89.5
WETE,Weni,2021,11,48,21.08,33.21,25.7,90.04
WETE,Weni,2021,12,50,51.16,30.36,24.93,91.43
WETE,Weni,2021,12,51,51.56,30.93,24.66,90.67
WETE,Weni,2021,12,52,15.45,31.54,24.78,91.92
WETE,Weni,2022,1,2,0.0,32.68,25.41,75.11
WETE,Weni,2022,1,3,0.0,33.14,26.29,75.64
WETE,Weni,2022,1,4,4.7,33.0,24.81,75.52
WETE,Weni,2022,1,5,0.28,31.04,24.64,75.87
WETE,Weni,2022,1,6,0.0,30.6,25.92,74.5
WETE,Weni,2022,2,6,0.0,31.39,25.11,77.6
WETE,Weni,2022,2,7,0.0,31.77,25.15,76.04
WETE,Weni,2022,2,8,10.49,31.38,25.68,77.57
WETE,Weni,2022,2,9,28.1,32.43,24.77,77.16
WETE,Weni,2022,3,10,0.0,33.33,24.54,68.91
WETE,Weni,2022,3,11,0.0,32.53,24.69,67.98
WETE,Weni,2022,3,12,0.0,32.06,25.01,68.92
WETE,Weni,2022,3,13,3.66,31.24,25.35,69.23
WETE,Weni,2022,3,14,13.7,32.79,25.14,71.68
WETE,Weni,2022,4,14,5.01,32.53,25.26,82.34
WETE,Weni,2022,4,15,5.13,32.02,24.9,79.66
WETE,Weni,2022,4,16,9.75,31.38,25.73,78.35
WETE,Weni,2022,4,17,85.67,29.95,24.82,79.84
WETE,Weni,2022,4,18,91.68,30.3,24.9,81.14
WETE,Weni,2022,5,19,39.28,29.58,25.24,86.57
WETE,Weni,2022,5,20,2.58,30.99,26.09,86.1
WETE,Weni,2022,5,21,11.69,30.67,25.3,86.01
WETE,Weni,2022,5,22,13.9,31.9,25.64,85.49
WETE,Weni,2022,5,23,24.24,30.07,26.24,84.2
WETE,Weni,2022,6,23,33.14,30.28,22.84,9.6
WETE,Weni,2022,6,24,30.8,28.06,24.79,8.8
WETE,Weni,2022,6,25,5.67,29.19,24.9,9.55
WETE,Weni,2022,6,26,1.74,29.07,24.51,9.7
WETE,Weni,2022,6,27,10.68,28.88,24.38,8.45
WETE,Weni,2022,7,27,16.56,29.24,21.7,95.9
WETE,Weni,2022,7,28,15.09,26.57,22.89,95.08
WETE,Weni,2022,7,29,10.1,28.39,22.69,94.27
WETE,Weni,2022,7,30,6.48,28.09,23.08,93.9
WETE,Weni,2022,7,31,0.0,28.25,22.39,93.94
WETE,Weni,2022,7,32,0.0,27.44,23.08,92.7
WETE,Weni,2022,8,32,0.0,28.76,20.88,88.52
WETE,Weni,2022,8,33,0.0,28.3,22.16,88.75
WETE,Weni,2022,8,34,0.0,27.29,21.57,87.8
WETE,Weni,2022,9,37,0.0,29.29,21.89,89.53
WETE,Weni,2022,9,38,0.0,28.52,21.78,86.42
WETE,Weni,2022,9,40,5.13,29.12,23.55,87.4
WETE,Weni,2022,10,42,0.0,28.63,21.39,90.4
WETE,Weni,2022,10,43,5.39,30.25,22.66,89.46
WETE,Weni,2022,10,45,54.39,29.55,24.25,91.4
WETE,Weni,2022,11,45,0.0,31.46,23.7,92.66
WETE,Weni,2022,11,46,0.0,29.53,23.16,92.19
WETE,Weni,2022,11,47,10.43,30.27,24.01,93.81
WETE,Weni,2022,11,48,15.74,30.69,24.05,94.28
WETE,Weni,2022,11,49,42.43,30.52,25.03,92.03
WETE,Weni,2022,12,49,0.0,31.62,24.28,95.0
WETE,Weni,2022,12,51,5.12,31.77,25.33,94.62
WETE,Weni,2022,12,52,5.22,32.87,25.01,93.55
WETE,Weni,2022,12,53,4.89,31.4,26.07,93.4
WETE,Weni,2023,1,2,7.33,31.85,25.83,87.75
WETE,Weni,2023,1,3,0.0,32.15,25.35,85.68
WETE,Weni,2023,1,4,1.8,31.89,25.05,87.6
WETE,Weni,2023,1,5,9.56,30.9,25.27,87.55
WETE,Weni,2023,2,5,0.0,33.11,24.85,90.53
WETE,Weni,2023,2,6,0.0,32.18,24.89,90.68
WETE,Weni,2023,2,7,0.0,31.2,24.69,89.78
WETE,Weni,2023,2,8,0.0,32.17,25.16,89.16
WETE,Weni,2023,2,9,0.0,31.96,23.66,89.4
WETE,Weni,2023,3,9,0.0,33.6,24.31,91.7
WETE,Weni,2023,3,10,0.0,31.79,24.3,90.02
WETE,Weni,2023,3,12,23.33,31.63,25.3,92.65
WETE,Weni,2023,3,13,17.17,31.14,25.8,91.62
WETE,Weni,2023,4,14,10.86,31.16,25.34,90.5
WETE,Weni,2023,4,15,29.99,31.79,24.98,89.38
WETE,Weni,2023,4,16,83.17,28.3,24.18,89.51
WETE,Weni,2023,4,17,81.87,29.75,24.69,90.26
WETE,Weni,2023,5,18,0.0,30.69,24.53,95.36
WETE,Weni,2023,5,19,5.84,30.39,25.0,95.92
WETE,Weni,2023,5,20,0.0,30.74,25.28,95.3
WETE,Weni,2023,5,21,30.38,30.07,25.03,95.38
WETE,Weni,2023,5,22,81.03,29.48,24.82,94.75
WETE,Weni,2023,6,22,0.0,29.41,22.53,88.7
WETE,Weni,2023,6,23,26.33,29.14,23.55,88.48
WETE,Weni,2023,6,24,89.38,28.99,24.33,89.75
WETE,Weni,2023,6,25,0.0,29.88,23.57,89.89
WETE,Weni,2023,6,26,4.69,29.8,23.56,90.75
WETE,Weni,2023,7,27,15.65,28.35,22.87,85.1
WETE,Weni,2023,7,28,6.11,29.06,23.26,85.52
WETE,Weni,2023,7,29,6.25,29.23,22.64,85.19
WETE,Weni,2023,7,30,2.38,28.69,23.41,85.0
WETE,Weni,2023,7,31,2.8,28.32,23.21,83.8
WETE,Weni,2023,8,31,0.0,28.87,23.49,88.1
WETE,Weni,2023,8,32,0.0,29.4,23.83,85.0
WETE,Weni,2023,8,33,0.75,29.7,22.55,87.21
WETE,Weni,2023,8,34,6.76,29.4,22.35,86.5
WETE,Weni,2023,8,35,8.85,29.0,22.88,87.53
WETE,Weni,2023,9,35,0.0,30.9,21.42,88.75
WETE,Weni,2023,9,36,0.0,30.74,23.16,87.99
WETE,Weni,2023,9,37,0.0,29.48,22.35,87.51
WETE,Weni,2023,9,38,0.0,30.59,21.86,89.9
WETE,Weni,2023,9,39,0.0,30.52,22.14,87.94
WETE,Weni,2023,10,40,12.24,31.04,25.64,91.1
WETE,Weni,2023,10,41,0.0,31.03,23.85,90.97
WETE,Weni,2023,10,42,31.6,31.83,23.45,92.28
WETE,Weni,2023,10,43,15.39,31.52,24.74,91.54
WETE,Weni,2023,10,44,23.36,31.55,23.42,92.55
WETE,Weni,2023,11,44,79.02,27.61,24.53,96.02
WETE,Weni,2023,11,45,72.23,28.33,25.06,93.0
WETE,Weni,2023,11,46,47.55,30.52,24.16,96.27
WETE,Weni,2023,11,47,48.76,29.95,24.73,94.73
WETE,Weni,2023,11,48,46.81,30.28,24.42,92.7
WETE,Weni,2023,12,48,5.25,30.95,23.93,94.4
WETE,Weni,2023,12,49,7.78,30.99,25.04,89.58
WETE,Weni,2023,12,50,30.77,30.95,24.91,89.41
WETE,Weni,2023,12,51,14.07,31.94,25.17,90.89
WETE,Weni,2023,12,52,14.48,31.79,26.07,91.27
