District,Year,Month,Week,Day,Age In Years,Household Location - Latitude,Household Location - Longitude,Sex,AgeGroupLabel,Travel History,Occupation,Household Member Type,Facility,Facility District,Facility Type,Household Island,Household Shehia,Sn,Malaria Case ID,Net_distribution,Rainfall,Max_temperature,Min_temperature,Humidity,IRS coverage (%),Station,Outbreak
CHAKE-CHAKE,2018,1,1,2,16.37,-5.92,39.37,Male,15-29 yrs,YES,Other,Index Case,MWANAMASHUNGI DISPENSARY,MJINI,PRIVATE,PEMBA,CHACHANI,70676,117189,178072.0,1.53,32.59,26.33,91.98,95.0,Karume airport Pemba,False
CHAKE-CHAKE,2018,1,2,7,24.36,-5.3,39.73,Female,30-44 yrs,NO,Other,Other Household Member,ZIWANI POLICE,MJINI,PUBLIC,PEMBA,OLE,70946,117052,178072.0,1.41,33.05,26.61,88.24,95.0,Karume airport Pemba,False
CHAKE-CHAKE,2018,1,3,16,16.12,-5.36,39.65,Male,< 5 yrs,NO,Other,Other Household Member,ZIWANI POLICE,MJINI,PUBLIC,PEMBA,MADUNGU,71357,117301,178072.0,0.08,32.42,25.86,89.66,95.0,Karume airport Pemba,False
CHAKE-CHAKE,2018,1,4,22,13.0,-5.61,39.56,Male,15-29 yrs,NO,Other,Index Case,Unknown,MJINI,PUBLIC,PEMBA,NDAGONI,71701,117616,178072.0,0.0,31.92,26.15,88.85,95.0,Karume airport Pemba,False
CHAKE-CHAKE,2018,1,5,30,18.43,-5.82,39.43,Male,15-29 yrs,NO,Other,Other Household Member,ZIWANI POLICE,MJINI,PUBLIC,PEMBA,UWANDANI,72122,117277,178072.0,0.0,31.35,26.23,88.88,95.0,Karume airport Pemba,False
CHAKE-CHAKE,2018,2,5,1,24.51,-5.24,39.78,Male,15-29 yrs,NO,Other,Other Household Member,ZIWANI POLICE,MJINI,PUBLIC,PEMBA,MKOROSHONI,72266,117801,178072.0,0.0,32.03,25.28,90.1,95.0,Karume airport Pemba,False
CHAKE-CHAKE,2018,2,6,6,13.38,-5.86,39.38,Male,5-14 yrs,NO,Other,Other Household Member,ZIWANI POLICE,MJINI,PUBLIC,PEMBA,MADUNGU,72404,116281,178072.0,0.0,32.42,25.11,90.82,95.0,Karume airport Pemba,False
CHAKE-CHAKE,2018,2,7,15,39.0,-5.52,39.53,Male,45+ yrs,YES,Other,Index Case,ALI KHAMIS CAMP,MJINI,PUBLIC,PEMBA,WAWI,72761,117999,178072.0,0.0,31.14,25.45,89.4,95.0,Karume airport Pemba,False
CHAKE-CHAKE,2018,2,8,18,31.62,-5.88,39.39,Female,45+ yrs,YES,Other,Index Case,BAHJA DISPENSARY,MJINI,PRIVATE,PEMBA,MBUZINI,72811,118021,178072.0,0.0,31.92,25.89,88.04,95.0,Karume airport Pemba,False
CHAKE-CHAKE,2018,2,9,26,9.5,-5.98,39.34,Male,< 5 yrs,YES,Other,Index Case,ALI KHAMIS CAMP,MJINI,PUBLIC,PEMBA,WAWI,73025,118117,178072.0,0.0,32.97,25.91,90.4,95.0,Karume airport Pemba,False
CHAKE-CHAKE,2018,3,9,2,23.3,-5.98,39.34,Female,15-29 yrs,NO,Other,Other Household Member,ZIWANI POLICE,MJINI,PUBLIC,PEMBA,WAWI,73131,118117,178072.0,18.5,33.43,24.54,92.5,95.0,Karume airport Pemba,False
CHAKE-CHAKE,2018,3,10,8,13.61,-5.23,39.81,Female,< 5 yrs,NO,Other,Index Case,Unknown,MJINI,PUBLIC,PEMBA,KIBOKONI,73274,118207,178072.0,9.56,32.59,25.51,91.64,95.0,Karume airport Pemba,False
CHAKE-CHAKE,2018,3,11,12,26.7,-5.22,39.76,Male,15-29 yrs,NO,Other,Other Household Member,ZIWANI POLICE,MJINI,PUBLIC,PEMBA,NGAMBWA,73370,118216,178072.0,8.32,31.86,24.39,92.19,95.0,Karume airport Pemba,False
CHAKE-CHAKE,2018,3,12,21,14.4,-5.06,39.72,Male,< 5 yrs,NO,Other,Other Household Member,ZIWANI POLICE,MJINI,PUBLIC,PEMBA,ZIWANI,73577,117942,178072.0,6.27,33.59,25.02,88.3,95.0,Karume airport Pemba,False
CHAKE-CHAKE,2018,3,13,26,18.33,-5.18,39.82,Female,15-29 yrs,YES,Other,Index Case,DIRA DISPENSARY,MJINI,PRIVATE,PEMBA,OLE,73757,118336,178072.0,9.26,33.78,25.52,92.4,95.0,Karume airport Pemba,False
CHAKE-CHAKE,2018,4,14,2,50.0,-5.98,39.34,Female,45+ yrs,NO,Other,Index Case,ALI KHAMIS CAMP,MJINI,PUBLIC,PEMBA,MVUMONI,73898,118373,178072.0,8.15,32.2,24.83,93.7,95.0,Karume airport Pemba,False
CHAKE-CHAKE,2018,4,15,12,17.71,-5.58,39.5,Female,15-29 yrs,NO,Other,Other Household Member,ZIWANI POLICE,MJINI,PUBLIC,PEMBA,NDAGONI,74355,117517,178072.0,20.03,30.85,24.59,96.39,95.0,Karume airport Pemba,False
CHAKE-CHAKE,2018,4,16,18,17.67,-5.22,39.77,Male,45+ yrs,NO,Other,Index Case,NDAGONI PHCU,MJINI,PUBLIC,PEMBA,WESHA,74651,118565,178072.0,16.17,31.8,25.51,94.21,95.0,Karume airport Pemba,False
CHAKE-CHAKE,2018,4,17,22,15.0,-5.32,39.67,Male,30-44 yrs,NO,Other,Index Case,MWANAMASHUNGI DISPENSARY,MJINI,PRIVATE,PEMBA,NDAGONI,74849,118601,178072.0,8.13,31.09,25.22,95.11,95.0,Karume airport Pemba,False
CHAKE-CHAKE,2018,4,18,30,20.45,-5.4,39.66,Male,15-29 yrs,NO,Other,Other Household Member,ZIWANI POLICE,MJINI,PUBLIC,PEMBA,MBUZINI,75288,118662,178072.0,6.59,31.14,24.64,93.4,95.0,Karume airport Pemba,False
CHAKE-CHAKE,2018,5,18,1,22.56,-5.57,39.51,Female,15-29 yrs,YES,Other,Index Case,ALI KHAMIS CAMP,MJINI,PUBLIC,PEMBA,WAWI,75341,118718,178072.0,37.97,29.41,24.69,95.74,95.0,Karume airport Pemba,False
CHAKE-CHAKE,2018,5,19,6,21.1,-5.77,39.46,Male,5-14 yrs,NO,Other,Index Case,BAHJA DISPENSARY,MJINI,PRIVATE,PEMBA,TIBIRINZI,75638,118779,178072.0,30.76,29.12,24.17,93.62,95.0,Karume airport Pemba,False
CHAKE-CHAKE,2018,5,20,13,18.52,-5.67,39.5,Male,30-44 yrs,YES,Other,Index Case,MWANAMASHUNGI DISPENSARY,MJINI,PRIVATE,PEMBA,PUJINI KUMVINI,76034,118902,178072.0,25.62,29.42,24.78,94.79,95.0,Karume airport Pemba,True
CHAKE-CHAKE,2018,5,21,23,19.43,-5.78,39.46,Male,30-44 yrs,YES,Other,Index Case,Unknown,MJINI,PUBLIC,PEMBA,CHANJAANI,76989,119178,178072.0,9.65,29.28,24.89,94.76,95.0,Karume airport Pemba,False
CHAKE-CHAKE,2018,5,22,27,23.08,-5.63,39.54,Female,45+ yrs,NO,Other,Other Household Member,ZIWANI POLICE,MJINI,PUBLIC,PEMBA,OLE,77221,118012,178072.0,12.86,29.8,24.46,93.94,95.0,Karume airport Pemba,False
CHAKE-CHAKE,2018,6,23,4,18.78,-5.31,39.73,Female,15-29 yrs,NO,Other,Other Household Member,ZIWANI POLICE,MJINI,PUBLIC,PEMBA,NDAGONI,77662,119305,178072.0,5.72,30.42,25.61,89.1,95.0,Karume airport Pemba,False
CHAKE-CHAKE,2018,6,24,11,20.22,-5.98,39.34,Male,< 5 yrs,NO,Other,Index Case,MAHONDA MEDICAL CENTRE,NORTH B,PRIVATE,PEMBA,KICHUNGWANI,78320,119495,178072.0,2.19,28.81,23.55,87.51,95.0,Karume airport Pemba,False
CHAKE-CHAKE,2018,6,25,18,18.05,-5.5,39.6,Female,5-14 yrs,NO,Other,Index Case,GOMBANI PHCU,MJINI,PUBLIC,PEMBA,NDAGONI,78803,119641,178072.0,0.03,28.95,23.86,88.7,95.0,Karume airport Pemba,True
CHAKE-CHAKE,2018,6,26,25,15.23,-5.54,39.6,Male,< 5 yrs,NO,Other,Other Household Member,ZIWANI POLICE,MJINI,PUBLIC,PEMBA,PUJINI,79238,119699,178072.0,2.63,29.32,23.27,88.35,95.0,Karume airport Pemba,False
CHAKE-CHAKE,2018,7,27,2,25.89,-5.35,39.73,Male,5-14 yrs,NO,Other,Index Case,ZIWANI PHCU,MJINI,PUBLIC,PEMBA,KWALE,79835,120138,178072.0,1.78,29.95,24.23,86.88,95.0,Karume airport Pemba,False
CHAKE-CHAKE,2018,7,28,8,28.67,-5.86,39.41,Male,45+ yrs,YES,Other,Index Case,DIRA DISPENSARY,MJINI,PRIVATE,PEMBA,MADUNGU,80329,120306,178072.0,0.79,29.66,24.09,85.4,95.0,Karume airport Pemba,False
CHAKE-CHAKE,2018,7,29,16,21.6,-5.31,39.69,Male,15-29 yrs,YES,Other,Index Case,BAHJA DISPENSARY,MJINI,PRIVATE,PEMBA,CHONGA,80910,120532,178072.0,1.23,28.25,22.92,84.52,95.0,Karume airport Pemba,True
CHAKE-CHAKE,2018,7,30,22,19.71,-5.84,39.42,Male,30-44 yrs,NO,Other,Index Case,DIRA DISPENSARY,MJINI,PRIVATE,PEMBA,ZIWANI,81271,120664,178072.0,1.38,28.6,22.93,86.36,95.0,Karume airport Pemba,True
CHAKE-CHAKE,2018,7,31,30,18.0,-5.98,39.34,Male,5-14 yrs,NO,Other,Other Household Member,ZIWANI POLICE,MJINI,PUBLIC,PEMBA,NDAGONI,81621,120741,178072.0,1.64,30.14,23.9,87.5,95.0,Karume airport Pemba,False
CHAKE-CHAKE,2018,8,31,1,13.67,-5.98,39.34,Female,5-14 yrs,NO,Other,Other Household Member,ZIWANI POLICE,MJINI,PUBLIC,PEMBA,NDAGONI,81745,120790,178072.0,0.0,29.03,23.31,85.1,95.0,Karume airport Pemba,False
CHAKE-CHAKE,2018,8,32,6,13.4,-5.19,39.81,Male,15-29 yrs,YES,Other,Index Case,MWANAMASHUNGI DISPENSARY,MJINI,PRIVATE,PEMBA,OLE,82000,121008,178072.0,0.0,28.41,22.87,84.26,95.0,Karume airport Pemba,False
CHAKE-CHAKE,2018,8,33,13,21.86,-5.54,39.59,Male,30-44 yrs,NO,Other,Index Case,Unknown,MJINI,PUBLIC,PEMBA,TIBIRINZI,82363,121086,178072.0,0.0,29.1,22.31,83.74,95.0,Karume airport Pemba,False
CHAKE-CHAKE,2018,8,34,19,22.07,-5.89,39.38,Female,30-44 yrs,NO,Other,Index Case,Unknown,MJINI,PUBLIC,PEMBA,WESHA,82701,121183,178072.0,0.0,29.23,24.11,84.56,95.0,Karume airport Pemba,False
CHAKE-CHAKE,2018,8,35,27,16.5,-5.33,39.7,Male,5-14 yrs,NO,Other,Other Household Member,ZIWANI POLICE,MJINI,PUBLIC,PEMBA,TIBIRINZI,83042,121271,178072.0,0.0,29.1,22.65,84.55,95.0,Karume airport Pemba,False
CHAKE-CHAKE,2018,9,35,1,22.0,-5.98,39.34,Male,< 5 yrs,NO,Other,Index Case,DIRA DISPENSARY,CHAKECHAKE,PRIVATE,PEMBA,WARA,83194,121347,178072.0,0.84,28.86,23.19,85.0,95.0,Karume airport Pemba,False
CHAKE-CHAKE,2018,9,36,2,18.25,-5.98,39.34,Male,< 5 yrs,NO,Other,Index Case,DIRA DISPENSARY,CHAKECHAKE,PRIVATE,PEMBA,WARA,83230,121363,178072.0,0.87,28.81,23.13,85.02,95.0,Karume airport Pemba,False
CHAKE-CHAKE,2018,9,39,24,21.2,-5.27,39.66,Male,15-29 yrs,NO,Other,Index Case,VITONGOJI COTTAGE HOSPITAL,MJINI,PUBLIC,PEMBA,OLE,83916,121647,178072.0,5.36,29.82,22.88,83.76,95.0,Karume airport Pemba,False
CHAKE-CHAKE,2018,10,40,1,31.69,-5.91,39.37,Female,< 5 yrs,NO,Other,Other Household Member,ZIWANI POLICE,MJINI,PUBLIC,PEMBA,MGOGONI,84137,121723,178072.0,0.0,29.98,24.55,90.09,95.0,Karume airport Pemba,False
CHAKE-CHAKE,2018,10,41,8,23.71,-5.53,39.6,Female,5-14 yrs,NO,Other,Index Case,ALI KHAMIS CAMP,MJINI,PUBLIC,PEMBA,WARA,84347,121820,178072.0,0.15,29.4,24.25,89.87,95.0,Karume airport Pemba,False
CHAKE-CHAKE,2018,10,42,17,21.37,-5.21,39.78,Female,< 5 yrs,YES,Other,Index Case,GOMBANI PHCU,MJINI,PUBLIC,PEMBA,NGAMBWA,84584,121905,178072.0,0.58,29.36,22.74,86.43,95.0,Karume airport Pemba,False
CHAKE-CHAKE,2018,10,43,22,17.4,-5.5,39.65,Male,15-29 yrs,NO,Other,Index Case,JKU WAWI,MJINI,PUBLIC,PEMBA,WAWI,84730,121925,178072.0,1.4,29.98,23.35,88.67,95.0,Karume airport Pemba,False
CHAKE-CHAKE,2018,10,44,29,13.57,-5.98,39.34,Male,15-29 yrs,NO,Other,Other Household Member,ZIWANI POLICE,MJINI,PUBLIC,PEMBA,ZIWANI,84895,121964,178072.0,7.73,30.33,24.2,87.4,95.0,Karume airport Pemba,False
CHAKE-CHAKE,2018,11,45,9,29.0,-5.98,39.34,Female,15-29 yrs,NO,Other,Index Case,MWANAMASHUNGI DISPENSARY,MJINI,PRIVATE,PEMBA,MFIKIWA,85357,122165,178072.0,1.84,30.87,24.23,93.5,95.0,Karume airport Pemba,False
CHAKE-CHAKE,2018,11,46,14,22.0,-5.98,39.34,Male,< 5 yrs,NO,Other,Index Case,Unknown,CHAKECHAKE,PUBLIC,PEMBA,CHACHANI,85472,122166,178072.0,2.02,31.56,23.73,93.9,95.0,Karume airport Pemba,False
CHAKE-CHAKE,2018,11,47,19,30.67,-5.98,39.34,Male,< 5 yrs,NO,Other,Index Case,Unknown,CHAKECHAKE,PUBLIC,PEMBA,NDAGONI,85587,122220,178072.0,2.52,31.76,25.04,93.0,95.0,Karume airport Pemba,False
CHAKE-CHAKE,2018,11,48,26,25.14,-5.98,39.34,Female,5-14 yrs,NO,Other,Index Case,BAHJA DISPENSARY,MJINI,PRIVATE,PEMBA,MSINGINI,85799,122278,178072.0,0.41,32.22,25.03,91.93,95.0,Karume airport Pemba,False
CHAKE-CHAKE,2018,12,49,3,21.69,-5.98,39.34,Female,30-44 yrs,NO,Other,Other Household Member,ZIWANI POLICE,MJINI,PUBLIC,PEMBA,MSINGINI,85911,122278,178072.0,0.0,32.3,24.48,92.6,95.0,Karume airport Pemba,False
CHAKE-CHAKE,2018,12,50,10,20.46,-5.98,39.34,Female,15-29 yrs,YES,Other,Index Case,ALI KHAMIS CAMP,MJINI,PUBLIC,PEMBA,WAWI,86279,122414,178072.0,4.5,32.26,24.29,92.97,95.0,Karume airport Pemba,False
CHAKE-CHAKE,2018,12,51,18,19.5,-5.9,39.37,Male,5-14 yrs,NO,Other,Index Case,GOMBANI PHCU,MJINI,PUBLIC,PEMBA,NDAGONI,86625,122505,178072.0,1.65,31.65,24.37,95.28,95.0,Karume airport Pemba,False
CHAKE-CHAKE,2018,12,52,24,35.57,-5.44,39.57,Female,< 5 yrs,NO,Other,Other Household Member,ZIWANI POLICE,MJINI,PUBLIC,PEMBA,OLE,86860,122550,178072.0,0.78,32.32,24.81,92.29,95.0,Karume airport Pemba,False
CHAKE-CHAKE,2019,1,2,7,17.97,-5.84,39.43,Male,15-29 yrs,NO,Other,Other Household Member,ZIWANI POLICE,MJINI,PUBLIC,PEMBA,TIBIRINZI,87587,122649,222374.0,3.67,33.16,26.13,86.96,95.2,Karume airport Pemba,False
CHAKE-CHAKE,2019,1,3,14,18.04,-5.98,39.34,Female,5-14 yrs,YES,Other,Index Case,ABDALLA MZEE REGIONAL HOSPITAL,MJINI,PUBLIC,PEMBA,MGELEMA,88347,123034,222374.0,0.44,32.77,25.43,89.27,95.2,Karume airport Pemba,False
CHAKE-CHAKE,2019,1,4,20,19.0,-5.98,39.34,Female,15-29 yrs,YES,Other,Index Case,Unknown,MJINI,PUBLIC,PEMBA,CHACHANI,88623,123033,222374.0,0.52,32.3,24.74,88.91,95.2,Karume airport Pemba,False
CHAKE-CHAKE,2019,1,5,30,20.0,-5.98,39.34,Female,30-44 yrs,NO,Other,Other Household Member,ZIWANI POLICE,MJINI,PUBLIC,PEMBA,MGELEMA,89333,123034,222374.0,0.0,32.06,25.52,89.85,95.2,Karume airport Pemba,False
CHAKE-CHAKE,2019,2,6,7,39.0,-5.98,39.34,Male,45+ yrs,YES,Other,Index Case,Unknown,MJINI,PUBLIC,PEMBA,MKOROSHONI,89648,123265,222374.0,0.36,31.44,24.09,88.45,95.2,Karume airport Pemba,False
CHAKE-CHAKE,2019,2,7,11,21.5,-5.98,39.34,Male,< 5 yrs,NO,Other,Index Case,TUNDAUWA PHCU+,CHAKECHAKE,PUBLIC,PEMBA,KILINDI,89821,123329,222374.0,0.25,31.79,24.9,87.5,95.2,Karume airport Pemba,False
CHAKE-CHAKE,2019,2,8,19,16.5,-5.98,39.34,Male,< 5 yrs,NO,Other,Index Case,TUNDAUWA PHCU+,CHAKECHAKE,PUBLIC,PEMBA,KILINDI,90148,123424,222374.0,3.76,30.79,25.38,85.0,95.2,Karume airport Pemba,False
CHAKE-CHAKE,2019,2,9,28,19.0,-5.98,39.34,Female,15-29 yrs,YES,Other,Index Case,MWANAMASHUNGI DISPENSARY,MJINI,PRIVATE,PEMBA,SHUNGI,90534,123513,222374.0,38.42,33.35,26.44,85.3,95.2,Karume airport Pemba,False
CHAKE-CHAKE,2019,3,9,1,29.0,-5.98,39.34,Male,15-29 yrs,YES,Other,Index Case,ZIWANI PHCU,MJINI,PUBLIC,PEMBA,ZIWANI,90565,123522,222374.0,0.0,33.13,24.87,92.0,95.2,Karume airport Pemba,False
CHAKE-CHAKE,2019,3,10,5,3.0,-5.98,39.34,Female,< 5 yrs,YES,Other,Index Case,ALI KHAMIS CAMP,MJINI,PUBLIC,PEMBA,WAWI,90711,123551,222374.0,0.0,33.22,24.49,91.9,95.2,Karume airport Pemba,False
CHAKE-CHAKE,2019,3,11,14,29.0,-5.98,39.34,Female,15-29 yrs,YES,Other,Index Case,GOMBANI PHCU,MJINI,PUBLIC,PEMBA,TIBIRINZI,91007,123617,222374.0,0.0,32.9,25.7,88.7,95.2,Karume airport Pemba,False
CHAKE-CHAKE,2019,3,12,18,16.44,-5.98,39.34,Male,5-14 yrs,NO,Other,Index Case,PUJINI PHCU+,MJINI,PUBLIC,PEMBA,PUJINI KUMVINI,91122,123639,222374.0,0.0,31.99,25.89,90.73,95.2,Karume airport Pemba,False
CHAKE-CHAKE,2019,3,13,25,20.65,-5.83,39.41,Male,30-44 yrs,NO,Other,Other Household Member,ZIWANI POLICE,MJINI,PUBLIC,PEMBA,MADUNGU,91352,123347,222374.0,2.73,34.35,25.9,91.33,95.2,Karume airport Pemba,False
CHAKE-CHAKE,2019,4,14,3,24.83,-5.85,39.41,Male,15-29 yrs,NO,Other,Other Household Member,ZIWANI POLICE,MJINI,PUBLIC,PEMBA,WARA,91741,123700,222374.0,22.98,31.31,24.89,94.77,95.2,Karume airport Pemba,False
CHAKE-CHAKE,2019,4,15,8,18.02,-5.87,39.4,Male,< 5 yrs,NO,Other,Index Case,ABDALLA MZEE REGIONAL HOSPITAL,MJINI,PUBLIC,PEMBA,MADUNGU,91912,123804,222374.0,2.19,31.71,25.49,94.56,95.2,Karume airport Pemba,False
CHAKE-CHAKE,2019,4,17,25,55.0,-5.98,39.34,Male,45+ yrs,NO,Other,Index Case,NDAGONI PHCU,MJINI,PUBLIC,PEMBA,WESHA,92359,123919,222374.0,37.45,30.17,25.03,97.1,95.2,Karume airport Pemba,False
CHAKE-CHAKE,2019,4,18,29,28.11,-5.98,39.34,Female,45+ yrs,NO,Other,Other Household Member,ZIWANI POLICE,MJINI,PUBLIC,PEMBA,WESHA,92432,123919,222374.0,70.29,31.87,24.47,94.27,95.2,Karume airport Pemba,False
CHAKE-CHAKE,2019,5,18,3,20.0,-5.9,39.38,Male,< 5 yrs,YES,Other,Index Case,Unknown,MJINI,PUBLIC,PEMBA,MGELEMA,92622,124030,222374.0,230.0,32.69,25.31,95.0,95.2,Karume airport Pemba,False
CHAKE-CHAKE,2019,5,19,8,19.27,-5.33,39.74,Female,< 5 yrs,NO,Other,Other Household Member,ZIWANI POLICE,MJINI,PUBLIC,PEMBA,MGELEMA,92783,124030,222374.0,216.7,29.94,24.82,92.8,95.2,Karume airport Pemba,False
CHAKE-CHAKE,2019,5,20,13,24.29,-5.24,39.79,Female,5-14 yrs,NO,Other,Other Household Member,ZIWANI POLICE,MJINI,PUBLIC,PEMBA,MVUMONI,93062,124077,222374.0,143.68,28.48,25.27,95.24,95.2,Karume airport Pemba,False
CHAKE-CHAKE,2019,5,21,25,18.56,-5.08,39.72,Female,5-14 yrs,YES,Other,Index Case,Unknown,MJINI,PUBLIC,PEMBA,TIBIRINZI,93963,124302,222374.0,121.38,30.44,23.83,96.2,95.2,Karume airport Pemba,False
CHAKE-CHAKE,2019,5,22,27,23.23,-5.27,39.77,Female,15-29 yrs,NO,Other,Index Case,VITONGOJI COTTAGE HOSPITAL,MJINI,PUBLIC,PEMBA,KIBOKONI,94095,124337,222374.0,175.59,29.64,24.5,94.58,95.2,Karume airport Pemba,False
CHAKE-CHAKE,2019,6,23,4,19.92,-5.18,39.78,Male,< 5 yrs,YES,Other,Index Case,ZIWANI PHCU,MJINI,PUBLIC,PEMBA,ZIWANI,94467,124435,222374.0,7.16,28.93,24.07,85.4,95.2,Karume airport Pemba,False
CHAKE-CHAKE,2019,6,24,9,19.6,-5.31,39.74,Male,< 5 yrs,NO,Other,Index Case,BAHJA DISPENSARY,MJINI,PRIVATE,PEMBA,WAWI,94626,124510,222374.0,2.94,30.4,24.06,83.69,95.2,Karume airport Pemba,False
CHAKE-CHAKE,2019,6,25,18,23.48,-5.23,39.79,Female,30-44 yrs,NO,Other,Other Household Member,ZIWANI POLICE,MJINI,PUBLIC,PEMBA,VITONGOJI,95259,124620,222374.0,7.45,28.52,23.12,87.29,95.2,Karume airport Pemba,False
CHAKE-CHAKE,2019,6,26,25,20.5,-5.47,39.67,Male,30-44 yrs,NO,Other,Index Case,ALI KHAMIS CAMP,MJINI,PUBLIC,PEMBA,WAWI,95843,124859,222374.0,0.0,29.73,23.69,86.83,95.2,Karume airport Pemba,False
CHAKE-CHAKE,2019,7,27,1,25.38,-5.92,39.37,Male,5-14 yrs,NO,Other,Index Case,ALI KHAMIS CAMP,MJINI,PUBLIC,PEMBA,VITONGOJI,96376,125084,222374.0,0.0,30.44,23.48,88.37,95.2,Karume airport Pemba,False
CHAKE-CHAKE,2019,7,28,8,22.59,-5.47,39.63,Female,45+ yrs,YES,Other,Index Case,Unknown,MJINI,PUBLIC,PEMBA,MJINI OLE,96909,125168,222374.0,1.26,29.61,24.47,88.3,95.2,Karume airport Pemba,True
CHAKE-CHAKE,2019,7,29,15,28.16,-5.16,39.75,Male,45+ yrs,NO,Other,Index Case,ALI KHAMIS CAMP,MJINI,PUBLIC,PEMBA,WAWI,97498,125546,222374.0,2.24,29.23,25.33,87.91,95.2,Karume airport Pemba,False
CHAKE-CHAKE,2019,7,30,22,21.04,-5.3,39.69,Female,45+ yrs,NO,Other,Other Household Member,ZIWANI POLICE,MJINI,PUBLIC,PEMBA,WESHA,98114,125331,222374.0,4.46,28.69,22.82,90.07,95.2,Karume airport Pemba,True
CHAKE-CHAKE,2019,7,31,30,17.0,-5.35,39.68,Male,15-29 yrs,YES,Fisherman,Index Case,DIRA DISPENSARY,MJINI,PRIVATE,PEMBA,NDAGONI,99008,125945,222374.0,0.05,28.18,22.42,89.32,95.2,Karume airport Pemba,False
CHAKE-CHAKE,2019,8,31,1,18.0,-5.33,39.71,Male,< 5 yrs,YES,Other,Index Case,BAHJA DISPENSARY,MJINI,PRIVATE,PEMBA,CHONGA,99144,125865,222374.0,7.04,30.69,22.74,92.3,95.2,Karume airport Pemba,False
CHAKE-CHAKE,2019,8,32,5,18.83,-5.37,39.67,Female,15-29 yrs,NO,Student,Index Case,MWANAMASHUNGI DISPENSARY,MJINI,PRIVATE,PEMBA,OLE,99438,126081,222374.0,6.18,29.49,22.52,90.88,95.2,Karume airport Pemba,False
CHAKE-CHAKE,2019,8,33,11,19.46,-5.16,39.81,Male,15-29 yrs,NO,Other,Index Case,DIRA DISPENSARY,MJINI,PRIVATE,PEMBA,CHANJAANI,99728,126131,222374.0,0.19,29.23,23.87,89.85,95.2,Karume airport Pemba,False
CHAKE-CHAKE,2019,8,34,20,25.2,-5.25,39.7,Female,15-29 yrs,YES,Other,Index Case,MWANAMASHUNGI DISPENSARY,MJINI,PRIVATE,PEMBA,CHONGA,100254,126282,222374.0,2.74,29.66,23.88,90.56,95.2,Karume airport Pemba,False
CHAKE-CHAKE,2019,8,35,29,37.67,-5.23,39.77,Male,45+ yrs,YES,Civil Servant,Index Case,ALI KHAMIS CAMP,MJINI,PUBLIC,PEMBA,NGAMBWA,100699,126425,222374.0,3.66,29.16,21.68,91.47,95.2,Karume airport Pemba,False
CHAKE-CHAKE,2019,9,36,2,28.0,-5.25,39.77,Male,15-29 yrs,NO,Watchman/Police,Other Household Member,ZIWANI POLICE,MJINI,PUBLIC,PEMBA,MADUNGU,100770,126418,222374.0,0.0,29.01,21.53,89.9,95.2,Karume airport Pemba,False
CHAKE-CHAKE,2019,9,38,15,20.3,-5.33,39.73,Male,30-44 yrs,YES,Business,Index Case,DIRA DISPENSARY,MJINI,PRIVATE,PEMBA,WAWI,101402,126635,222374.0,0.97,29.91,21.52,88.66,95.2,Karume airport Pemba,False
CHAKE-CHAKE,2019,9,39,24,13.0,-5.25,39.77,Female,5-14 yrs,NO,Student,Other Household Member,ZIWANI POLICE,MJINI,PUBLIC,PEMBA,CHANJAANI,101731,126748,222374.0,1.11,29.44,22.5,88.27,95.2,Karume airport Pemba,False
CHAKE-CHAKE,2019,10,40,1,13.0,-5.98,39.34,Male,5-14 yrs,NO,Other,Index Case,FUONI PHCU+,WEST B,PUBLIC,PEMBA,UWANDANI,101899,126830,222374.0,15.9,29.92,25.29,95.0,95.2,Karume airport Pemba,False
CHAKE-CHAKE,2019,10,41,8,20.15,-5.15,39.75,Male,< 5 yrs,NO,Other,Other Household Member,ZIWANI POLICE,MJINI,PUBLIC,PEMBA,MFIKIWA,102130,126885,222374.0,75.0,29.07,24.18,94.15,95.2,Karume airport Pemba,False
CHAKE-CHAKE,2019,10,42,14,13.44,-5.25,39.78,Female,15-29 yrs,YES,Other,Index Case,VITONGOJI COTTAGE HOSPITAL,MJINI,PUBLIC,PEMBA,VITONGOJI,102276,126922,222374.0,99.74,28.97,24.44,94.4,95.2,Karume airport Pemba,False
CHAKE-CHAKE,2019,10,43,21,14.55,-5.51,39.59,Female,5-14 yrs,NO,Student,Index Case,ALI KHAMIS CAMP,MJINI,PUBLIC,PEMBA,WAWI,102685,125352,222374.0,65.99,28.93,23.39,93.81,95.2,Karume airport Pemba,False
CHAKE-CHAKE,2019,10,44,28,19.86,-5.24,39.78,Male,15-29 yrs,NO,Other,Other Household Member,ZIWANI POLICE,MJINI,PUBLIC,PEMBA,CHANJAANI,103019,127016,222374.0,72.26,30.31,24.09,95.9,95.2,Karume airport Pemba,False
CHAKE-CHAKE,2019,11,44,1,26.0,-5.26,39.8,Male,15-29 yrs,YES,Other,Index Case,MWANAMASHUNGI DISPENSARY,MJINI,PRIVATE,PEMBA,MFIKIWA,103172,127104,222374.0,12.26,31.57,24.98,94.0,95.2,Karume airport Pemba,False
CHAKE-CHAKE,2019,11,45,5,25.0,-5.25,39.78,Male,15-29 yrs,NO,Other,Index Case,JKU WAWI,MJINI,PUBLIC,PEMBA,WAWI,103289,127146,222374.0,13.05,30.18,24.66,93.1,95.2,Karume airport Pemba,False
CHAKE-CHAKE,2019,11,47,22,23.0,-5.24,39.78,Male,15-29 yrs,NO,Other,Index Case,Unknown,MJINI,PUBLIC,PEMBA,WARA,104103,127373,222374.0,28.09,30.56,24.29,93.3,95.2,Karume airport Pemba,False
CHAKE-CHAKE,2019,11,48,25,22.15,-5.26,39.77,Male,45+ yrs,NO,Civil Servant,Other Household Member,ZIWANI POLICE,MJINI,PUBLIC,PEMBA,WARA,104273,127373,222374.0,31.45,31.55,24.38,93.17,95.2,Karume airport Pemba,False
CHAKE-CHAKE,2019,12,49,3,19.15,-5.34,39.7,Male,15-29 yrs,NO,Other,Index Case,MBUZINI PHCU,MJINI,PUBLIC,PEMBA,MBUZINI,105243,127765,222374.0,3.61,32.0,24.85,92.24,95.2,Karume airport Pemba,False
CHAKE-CHAKE,2019,12,50,10,25.69,-5.94,39.39,Male,15-29 yrs,YES,Other,Index Case,VITONGOJI COTTAGE HOSPITAL,MJINI,PUBLIC,PEMBA,WAWI,105918,128082,222374.0,2.68,33.38,24.96,91.94,95.2,Karume airport Pemba,False
CHAKE-CHAKE,2019,12,51,15,25.03,-5.24,39.79,Male,15-29 yrs,NO,Other,Index Case,VITONGOJI COTTAGE HOSPITAL,MJINI,PUBLIC,PEMBA,KIBOKONI,106788,128389,222374.0,92.49,31.3,24.91,91.58,95.2,Karume airport Pemba,True
CHAKE-CHAKE,2019,12,52,22,22.3,-5.43,39.65,Female,15-29 yrs,NO,Other,Other Household Member,ZIWANI POLICE,MJINI,PUBLIC,PEMBA,MSINGINI,108108,128806,222374.0,62.49,32.42,24.85,93.43,95.2,Karume airport Pemba,True
CHAKE-CHAKE,2019,12,53,30,13.62,-5.38,39.68,Female,15-29 yrs,NO,Other,Other Household Member,ZIWANI POLICE,MJINI,PUBLIC,PEMBA,MKOROSHONI,109564,129759,222374.0,31.08,32.46,25.49,94.15,95.2,Karume airport Pemba,False
CHAKE-CHAKE,2020,1,1,2,22.12,-5.35,39.7,Male,30-44 yrs,NO,Fisherman,Index Case,TUNDAUWA PHCU+,MJINI,PUBLIC,PEMBA,KILINDI,110103,130045,415012.0,2.94,33.21,26.03,85.9,96.9,Karume airport Pemba,False
CHAKE-CHAKE,2020,1,2,5,20.85,-5.35,39.71,Male,5-14 yrs,NO,Other,Index Case,AVECINNA DISPENSARY,MJINI,PRIVATE,PEMBA,WARA,110638,130327,415012.0,11.91,32.08,25.79,86.07,96.9,Karume airport Pemba,True
CHAKE-CHAKE,2020,1,3,12,19.61,-5.47,39.62,Male,15-29 yrs,NO,Other,Index Case,AVECINNA DISPENSARY,CHAKECHAKE,PRIVATE,PEMBA,WAWI,111955,130993,415012.0,23.98,31.65,24.9,86.78,96.9,Karume airport Pemba,True
CHAKE-CHAKE,2020,1,4,19,19.25,-5.37,39.68,Female,15-29 yrs,NO,Other,Index Case,CHAKECHAKE DISTRICT HOSPITAL,MJINI,PUBLIC,PEMBA,MATALE,113625,131805,415012.0,0.09,30.5,25.58,85.99,96.9,Karume airport Pemba,True
CHAKE-CHAKE,2020,1,5,26,19.44,-5.37,39.66,Male,15-29 yrs,NO,Other,Other Household Member,ZIWANI POLICE,MJINI,PUBLIC,PEMBA,CHANJAANI,115124,132086,415012.0,7.3,30.78,25.8,86.85,96.9,Karume airport Pemba,True
CHAKE-CHAKE,2020,2,5,1,0.0,-5.98,39.34,Male,< 5 yrs,NO,Other,Index Case,WETE DISTRICT HOSPITAL,WETE,PUBLIC,PEMBA,CHANJAANI,116143,133148,415012.0,0.0,34.84,24.81,94.7,96.9,Karume airport Pemba,False
CHAKE-CHAKE,2020,2,6,2,20.92,-5.25,39.73,Male,15-29 yrs,YES,Business,Index Case,MWANAMASHUNGI DISPENSARY,MJINI,PRIVATE,PEMBA,KILINDI,116225,133201,415012.0,0.0,31.57,24.94,93.24,96.9,Karume airport Pemba,True
CHAKE-CHAKE,2020,2,7,10,18.35,-5.37,39.68,Female,45+ yrs,NO,Other,Other Household Member,ZIWANI POLICE,MJINI,PUBLIC,PEMBA,GOMBANI,117078,132591,415012.0,8.46,31.5,24.67,93.72,96.9,Karume airport Pemba,False
CHAKE-CHAKE,2020,2,8,17,21.12,-5.31,39.72,Male,30-44 yrs,NO,Other,Index Case,DIRA DISPENSARY,MJINI,PRIVATE,PEMBA,CHANJAANI,117725,133995,415012.0,0.0,31.09,25.94,92.14,96.9,Karume airport Pemba,False
CHAKE-CHAKE,2020,2,9,23,26.61,-5.36,39.67,Male,15-29 yrs,NO,Student,Index Case,SELEMU DISPENSARY,MJINI,PRIVATE,PEMBA,CHANJAANI,118229,134228,415012.0,10.39,32.11,26.13,93.9,96.9,Karume airport Pemba,False
CHAKE-CHAKE,2020,3,10,2,16.58,-5.33,39.73,Male,15-29 yrs,NO,Other,Index Case,CHAKECHAKE DISTRICT HOSPITAL,MJINI,PUBLIC,PEMBA,MKOROSHONI,119074,134817,415012.0,0.0,32.38,25.73,94.07,96.9,Karume airport Pemba,False
CHAKE-CHAKE,2020,3,11,9,22.92,-5.36,39.67,Female,30-44 yrs,NO,Other,Index Case,MWANAMASHUNGI DISPENSARY,MJINI,PRIVATE,PEMBA,CHACHANI,119683,134951,415012.0,0.0,31.78,25.12,92.86,96.9,Karume airport Pemba,False
CHAKE-CHAKE,2020,3,12,16,20.53,-5.48,39.63,Female,15-29 yrs,NO,Business,Other Household Member,ZIWANI POLICE,MJINI,PUBLIC,PEMBA,CHONGA,120200,135056,415012.0,4.06,31.49,26.01,93.38,96.9,Karume airport Pemba,False
CHAKE-CHAKE,2020,3,13,22,19.76,-5.28,39.72,Female,< 5 yrs,NO,Other,Other Household Member,ZIWANI POLICE,MJINI,PUBLIC,PEMBA,CHANJAANI,120651,134228,415012.0,19.19,31.65,25.36,93.47,96.9,Karume airport Pemba,True
CHAKE-CHAKE,2020,3,14,30,16.6,-5.24,39.72,Male,< 5 yrs,YES,Other,Index Case,ALI KHAMIS CAMP,MJINI,PUBLIC,PEMBA,WAWI,121828,135491,415012.0,53.09,31.71,24.66,95.49,96.9,Karume airport Pemba,True
CHAKE-CHAKE,2020,4,14,1,20.49,-5.36,39.67,Female,15-29 yrs,NO,Other,Other Household Member,ZIWANI POLICE,MJINI,PUBLIC,PEMBA,MBUZINI,122070,135541,415012.0,38.97,33.33,25.53,86.4,96.9,Karume airport Pemba,True
CHAKE-CHAKE,2020,4,15,5,21.52,-5.27,39.74,Male,5-14 yrs,NO,Student,Index Case,TUNDAUWA PHCU+,MJINI,PUBLIC,PEMBA,KILINDI,122471,135677,415012.0,41.87,31.1,24.83,86.31,96.9,Karume airport Pemba,False
CHAKE-CHAKE,2020,4,16,13,17.23,-5.25,39.76,Female,< 5 yrs,YES,Other,Index Case,VITONGOJI COTTAGE HOSPITAL,MJINI,PUBLIC,PEMBA,WAWI,123155,135904,415012.0,41.5,29.68,25.05,84.2,96.9,Karume airport Pemba,False
CHAKE-CHAKE,2020,4,17,19,31.0,-5.48,39.62,Female,15-29 yrs,NO,Other,Index Case,MWANAMASHUNGI DISPENSARY,MJINI,PRIVATE,PEMBA,CHONGA,123795,136106,415012.0,77.5,29.32,24.85,85.72,96.9,Karume airport Pemba,False
CHAKE-CHAKE,2020,4,18,28,28.0,-5.61,39.54,Female,15-29 yrs,NO,Other,Index Case,CHAKECHAKE DISTRICT HOSPITAL,MJINI,PUBLIC,PEMBA,WARA,124656,136358,415012.0,42.3,30.39,24.03,84.9,96.9,Karume airport Pemba,False
CHAKE-CHAKE,2020,5,19,7,20.0,-5.36,39.68,Male,< 5 yrs,NO,Other,Other Household Member,ZIWANI POLICE,MJINI,PUBLIC,PEMBA,NDAGONI,125393,136495,415012.0,76.46,29.2,24.9,89.8,96.9,Karume airport Pemba,False
CHAKE-CHAKE,2020,5,20,11,28.23,-5.22,39.78,Male,15-29 yrs,YES,Other,Index Case,GOMBANI PHCU,MJINI,PUBLIC,PEMBA,MKOROSHONI,125790,136720,415012.0,0.0,29.26,24.86,92.57,96.9,Karume airport Pemba,False
CHAKE-CHAKE,2020,5,21,18,27.95,-5.25,39.76,Male,5-14 yrs,NO,Student,Other Household Member,ZIWANI POLICE,MJINI,PUBLIC,PEMBA,MKOROSHONI,126403,136720,415012.0,0.71,29.19,24.64,91.5,96.9,Karume airport Pemba,False
CHAKE-CHAKE,2020,5,22,25,17.28,-5.22,39.73,Male,< 5 yrs,NO,Other,Index Case,DIRA DISPENSARY,MJINI,PRIVATE,PEMBA,CHANJAANI,127140,137217,415012.0,3.08,30.63,24.68,92.19,96.9,Karume airport Pemba,False
CHAKE-CHAKE,2020,6,23,1,23.1,-5.32,39.76,Female,< 5 yrs,NO,Other,Other Household Member,ZIWANI POLICE,MJINI,PUBLIC,PEMBA,WAWI,127963,137408,415012.0,9.41,30.94,25.33,88.2,96.9,Karume airport Pemba,False
CHAKE-CHAKE,2020,6,24,10,30.0,-5.64,39.52,Male,15-29 yrs,NO,Other,Index Case,MGELEMA PHCU,MJINI,PUBLIC,PEMBA,MGELEMA,128921,137983,415012.0,5.56,30.52,24.22,85.8,96.9,Karume airport Pemba,False
CHAKE-CHAKE,2020,6,25,15,23.69,-5.29,39.77,Male,30-44 yrs,YES,Other,Index Case,VITONGOJI COTTAGE HOSPITAL,MJINI,PUBLIC,PEMBA,GOMBANI,129560,138267,415012.0,1.16,29.78,23.54,86.92,96.9,Karume airport Pemba,True
CHAKE-CHAKE,2020,6,26,21,17.59,-5.26,39.77,Male,15-29 yrs,YES,Watchman/Police,Index Case,ALI KHAMIS CAMP,MJINI,PUBLIC,PEMBA,WAWI,130340,138699,415012.0,1.13,27.74,24.17,87.52,96.9,Karume airport Pemba,False
CHAKE-CHAKE,2020,6,27,29,20.6,-5.27,39.76,Male,15-29 yrs,YES,Other,Index Case,AVECINNA DISPENSARY,MJINI,PRIVATE,PEMBA,GOMBANI,131372,138965,415012.0,28.76,27.95,23.81,87.8,96.9,Karume airport Pemba,False
CHAKE-CHAKE,2020,7,27,1,19.62,-5.34,39.63,Male,30-44 yrs,YES,Business,Index Case,WESHA PHCU+,MJINI,PUBLIC,PEMBA,NDAGONI,131645,139068,415012.0,0.94,29.78,23.68,80.09,96.9,Karume airport Pemba,False
CHAKE-CHAKE,2020,7,28,5,24.1,-5.27,39.76,Female,45+ yrs,NO,Other,Other Household Member,ZIWANI POLICE,MJINI,PUBLIC,PEMBA,GOMBANI,132111,139199,415012.0,1.74,29.39,23.51,80.14,96.9,Karume airport Pemba,False
CHAKE-CHAKE,2020,7,29,13,6.5,-5.61,39.55,Male,5-14 yrs,NO,Student,Index Case,ABDALLA MZEE REGIONAL HOSPITAL,MJINI,PUBLIC,PEMBA,CHONGA,133089,139588,415012.0,3.01,28.41,22.41,81.5,96.9,Karume airport Pemba,False
CHAKE-CHAKE,2020,7,30,21,21.0,-5.23,39.74,Female,5-14 yrs,NO,Student,Other Household Member,ZIWANI POLICE,MJINI,PUBLIC,PEMBA,CHONGA,133691,139588,415012.0,3.48,27.13,23.06,80.55,96.9,Karume airport Pemba,False
CHAKE-CHAKE,2020,7,31,27,18.59,-5.31,39.74,Female,5-14 yrs,NO,Student,Other Household Member,ZIWANI POLICE,MJINI,PUBLIC,PEMBA,CHONGA,134308,139968,415012.0,1.05,28.75,23.67,80.28,96.9,Karume airport Pemba,True
CHAKE-CHAKE,2020,8,32,3,27.42,-5.23,39.78,Female,30-44 yrs,NO,Other,Index Case,ALI KHAMIS CAMP,MJINI,PUBLIC,PEMBA,WAWI,134821,140144,415012.0,3.3,28.99,23.27,85.23,96.9,Karume airport Pemba,False
CHAKE-CHAKE,2020,8,33,11,24.35,-5.28,39.77,Male,< 5 yrs,YES,Other,Index Case,CHAKECHAKE DISTRICT HOSPITAL,MJINI,PUBLIC,PEMBA,CHANJAANI,135309,140348,415012.0,0.0,28.02,21.99,86.79,96.9,Karume airport Pemba,False
CHAKE-CHAKE,2020,8,34,16,23.13,-5.27,39.77,Male,15-29 yrs,NO,Other,Index Case,VITONGOJI COTTAGE HOSPITAL,MJINI,PUBLIC,PEMBA,VITONGOJI,135603,140431,415012.0,7.0,28.83,22.91,84.86,96.9,Karume airport Pemba,False
CHAKE-CHAKE,2020,8,35,23,23.48,-5.38,39.69,Male,30-44 yrs,YES,Business,Index Case,MWANAMASHUNGI DISPENSARY,MJINI,PRIVATE,PEMBA,PUJINI,136008,140574,415012.0,4.69,28.67,23.34,86.08,96.9,Karume airport Pemba,False
CHAKE-CHAKE,2020,9,36,4,29.0,-5.62,39.56,Male,30-44 yrs,YES,Other,Index Case,CHAKECHAKE DISTRICT HOSPITAL,MJINI,PUBLIC,PEMBA,CHANJAANI,136977,140840,415012.0,0.5,28.98,22.35,88.25,96.9,Karume airport Pemba,False
CHAKE-CHAKE,2020,9,37,6,33.54,-5.25,39.79,Female,15-29 yrs,YES,Other,Index Case,CHONGA PHCU,MJINI,PUBLIC,PEMBA,WAWI,137029,140892,415012.0,3.92,29.37,23.24,88.09,96.9,Karume airport Pemba,False
CHAKE-CHAKE,2020,9,38,14,30.0,-5.27,39.78,Male,30-44 yrs,YES,Other,Index Case,ALI KHAMIS CAMP,MJINI,PUBLIC,PEMBA,WAWI,137567,141028,415012.0,7.35,29.5,23.52,88.9,96.9,Karume airport Pemba,False
CHAKE-CHAKE,2020,9,39,21,20.0,-5.31,39.75,Male,15-29 yrs,NO,Business,Other Household Member,ZIWANI POLICE,MJINI,PUBLIC,PEMBA,CHONGA,137932,141157,415012.0,3.01,29.26,22.22,88.7,96.9,Karume airport Pemba,False
CHAKE-CHAKE,2020,9,40,28,18.71,-5.53,39.62,Female,15-29 yrs,YES,Other,Index Case,ALI KHAMIS CAMP,MJINI,PUBLIC,PEMBA,MKOROSHONI,138414,141331,415012.0,2.23,28.56,23.05,86.73,96.9,Karume airport Pemba,False
CHAKE-CHAKE,2020,10,40,1,22.57,-5.24,39.79,Female,15-29 yrs,YES,Business,Index Case,ALI KHAMIS CAMP,MJINI,PUBLIC,PEMBA,WAWI,138576,141372,415012.0,0.0,31.64,23.2,89.45,96.9,Karume airport Pemba,False
CHAKE-CHAKE,2020,10,41,5,30.5,-5.18,39.82,Male,45+ yrs,NO,Civil Servant,Other Household Member,ZIWANI POLICE,MJINI,PUBLIC,PEMBA,MJINI OLE,138764,141395,415012.0,0.0,28.37,25.26,90.6,96.9,Karume airport Pemba,False
CHAKE-CHAKE,2020,10,42,13,18.49,-5.23,39.79,Male,30-44 yrs,YES,Business,Index Case,CHAKECHAKE DISTRICT HOSPITAL,MJINI,PUBLIC,PEMBA,MADUNGU,139287,141606,415012.0,0.37,30.59,23.36,87.01,96.9,Karume airport Pemba,False
CHAKE-CHAKE,2020,10,44,30,2.0,-5.22,39.78,Female,< 5 yrs,YES,Other,Index Case,CHAKECHAKE DISTRICT HOSPITAL,MJINI,PUBLIC,PEMBA,GOMBANI,139834,141806,415012.0,1.0,30.12,23.88,89.7,96.9,Karume airport Pemba,False
CHAKE-CHAKE,2020,11,45,4,42.0,-5.18,39.8,Male,30-44 yrs,YES,Business,Index Case,DIRA DISPENSARY,MJINI,PRIVATE,PEMBA,OLE,139927,141863,415012.0,0.43,28.43,25.4,93.0,96.9,Karume airport Pemba,False
CHAKE-CHAKE,2020,11,46,9,17.6,-5.24,39.77,Male,30-44 yrs,YES,Watchman/Police,Index Case,MWANAMASHUNGI DISPENSARY,MJINI,PRIVATE,PEMBA,MGOGONI,140019,141918,415012.0,0.0,29.79,24.27,91.92,96.9,Karume airport Pemba,False
CHAKE-CHAKE,2020,11,47,18,28.0,-5.19,39.79,Male,30-44 yrs,NO,Business,Other Household Member,ZIWANI POLICE,MJINI,PUBLIC,PEMBA,MBUZINI,140228,141950,415012.0,0.0,31.18,24.96,90.5,96.9,Karume airport Pemba,False
CHAKE-CHAKE,2020,11,48,24,22.55,-5.24,39.77,Female,< 5 yrs,NO,Other,Other Household Member,ZIWANI POLICE,MJINI,PUBLIC,PEMBA,NDAGONI,140482,141930,415012.0,0.08,30.29,24.71,90.1,96.9,Karume airport Pemba,False
CHAKE-CHAKE,2020,12,49,1,27.0,-5.53,39.62,Male,30-44 yrs,NO,Watchman/Police,Other Household Member,ZIWANI POLICE,MJINI,PUBLIC,PEMBA,WAWI,140899,142260,415012.0,17.57,31.91,24.44,90.44,96.9,Karume airport Pemba,False
CHAKE-CHAKE,2020,12,50,7,34.29,-5.24,39.77,Male,5-14 yrs,YES,Other,Index Case,VITONGOJI COTTAGE HOSPITAL,MJINI,PUBLIC,PEMBA,TIBIRINZI,141353,142421,415012.0,13.28,31.83,24.4,89.64,96.9,Karume airport Pemba,False
CHAKE-CHAKE,2020,12,51,13,19.24,-5.27,39.79,Male,5-14 yrs,NO,Other,Other Household Member,ZIWANI POLICE,MJINI,PUBLIC,PEMBA,TIBIRINZI,141807,142577,415012.0,11.39,31.79,25.03,90.41,96.9,Karume airport Pemba,False
CHAKE-CHAKE,2020,12,52,22,16.05,-5.21,39.79,Male,5-14 yrs,NO,Student,Index Case,MBUZINI PHCU,MJINI,PUBLIC,PEMBA,MBUZINI,143060,143046,415012.0,12.1,31.24,24.72,91.4,96.9,Karume airport Pemba,False
CHAKE-CHAKE,2020,12,53,27,29.0,-5.21,39.78,Male,5-14 yrs,YES,Student,Index Case,DIRA DISPENSARY,MJINI,PRIVATE,PEMBA,WAWI,143549,143232,415012.0,7.94,31.75,26.53,90.07,96.9,Karume airport Pemba,False
CHAKE-CHAKE,2021,1,1,1,23.5,-5.59,39.56,Male,5-14 yrs,NO,Student,Index Case,ALI KHAMIS CAMP,MJINI,PUBLIC,PEMBA,KWALE,144287,143431,878264.0,2.84,31.34,25.72,89.7,94.7,Karume airport Pemba,False
CHAKE-CHAKE,2021,1,2,3,18.05,-5.26,39.76,Male,15-29 yrs,YES,Student,Index Case,VITONGOJI COTTAGE HOSPITAL,MJINI,PUBLIC,PEMBA,MATALE,144449,143473,878264.0,4.65,30.92,24.83,90.17,94.7,Karume airport Pemba,False
CHAKE-CHAKE,2021,1,3,11,19.42,-5.23,39.78,Female,5-14 yrs,NO,Student,Other Household Member,ZIWANI POLICE,MJINI,PUBLIC,PEMBA,MBUZINI,145605,143754,878264.0,39.32,30.25,24.69,90.48,94.7,Karume airport Pemba,False
CHAKE-CHAKE,2021,1,4,17,20.83,-5.21,39.78,Male,5-14 yrs,NO,Other,Other Household Member,ZIWANI POLICE,MJINI,PUBLIC,PEMBA,MSINGINI,146506,143958,878264.0,0.0,32.45,25.24,90.47,94.7,Karume airport Pemba,False
CHAKE-CHAKE,2021,1,5,25,24.17,-5.23,39.8,Female,15-29 yrs,NO,Business,Index Case,IHSANI MEDICAL CLINIC,MJINI,PRIVATE,PEMBA,ZIWANI,147606,144421,878264.0,7.76,32.33,25.13,90.11,94.7,Karume airport Pemba,True
CHAKE-CHAKE,2021,2,6,2,19.04,-5.23,39.78,Male,5-14 yrs,NO,Student,Index Case,DIRA DISPENSARY,MJINI,PRIVATE,PEMBA,MKOROSHONI,148475,144664,878264.0,0.0,32.21,23.7,90.68,94.7,Karume airport Pemba,False
CHAKE-CHAKE,2021,2,7,7,26.0,-5.23,39.79,Male,15-29 yrs,NO,Other,Index Case,DIRA DISPENSARY,MJINI,PRIVATE,PEMBA,OLE,148954,144785,878264.0,2.08,30.84,23.59,89.88,94.7,Karume airport Pemba,False
CHAKE-CHAKE,2021,2,8,15,17.6,-5.24,39.79,Female,15-29 yrs,NO,Other,Other Household Member,ZIWANI POLICE,MJINI,PUBLIC,PEMBA,WAWI,149532,144904,878264.0,2.23,31.58,25.11,89.64,94.7,Karume airport Pemba,False
CHAKE-CHAKE,2021,2,9,21,16.53,-5.28,39.76,Male,5-14 yrs,NO,Student,Index Case,VITONGOJI COTTAGE HOSPITAL,MJINI,PUBLIC,PEMBA,WARA,149988,145078,878264.0,0.0,30.9,25.02,90.71,94.7,Karume airport Pemba,False
CHAKE-CHAKE,2021,3,11,7,23.53,-5.26,39.78,Male,15-29 yrs,NO,Business,Index Case,DIRA DISPENSARY,MJINI,PRIVATE,PEMBA,GOMBANI,150868,145354,878264.0,0.0,33.96,25.23,68.72,94.7,Karume airport Pemba,False
CHAKE-CHAKE,2021,3,12,15,23.2,-5.29,39.71,Male,15-29 yrs,YES,Business,Index Case,MGELEMA PHCU,MJINI,PUBLIC,PEMBA,MGELEMA,151353,145503,878264.0,0.0,31.08,24.55,68.42,94.7,Karume airport Pemba,False
CHAKE-CHAKE,2021,3,13,24,40.71,-5.45,39.68,Male,45+ yrs,NO,Business,Index Case,CHAKECHAKE DISTRICT HOSPITAL,MJINI,PUBLIC,PEMBA,TIBIRINZI,151912,145998,878264.0,22.36,32.79,24.96,69.8,94.7,Karume airport Pemba,False
CHAKE-CHAKE,2021,4,14,2,34.0,-5.98,39.34,Female,30-44 yrs,NO,Housewife,Index Case,ALI KHAMIS CAMP,MJINI,PUBLIC,PEMBA,WAWI,152373,145844,878264.0,40.7,31.6,24.57,88.4,94.7,Karume airport Pemba,False
CHAKE-CHAKE,2021,4,15,5,22.75,-5.61,39.56,Female,15-29 yrs,NO,Housewife,Other Household Member,ZIWANI POLICE,MJINI,PUBLIC,PEMBA,WAWI,152463,145844,878264.0,41.76,30.45,25.48,84.82,94.7,Karume airport Pemba,False
CHAKE-CHAKE,2021,4,16,11,17.02,-5.24,39.78,Male,15-29 yrs,NO,Business,Index Case,DIRA DISPENSARY,MJINI,PRIVATE,PEMBA,WARA,152713,145928,878264.0,45.85,29.94,24.81,84.56,94.7,Karume airport Pemba,False
CHAKE-CHAKE,2021,4,17,20,15.27,-5.22,39.76,Male,15-29 yrs,YES,Business,Index Case,MWANAMASHUNGI DISPENSARY,MJINI,PRIVATE,PEMBA,MADUNGU,153229,146084,878264.0,83.69,29.26,23.59,85.82,94.7,Karume airport Pemba,False
CHAKE-CHAKE,2021,4,18,25,16.82,-5.27,39.77,Male,5-14 yrs,NO,Student,Other Household Member,ZIWANI POLICE,MJINI,PUBLIC,PEMBA,SHUNGI,153516,146170,878264.0,25.95,31.15,25.39,85.23,94.7,Karume airport Pemba,False
CHAKE-CHAKE,2021,5,19,5,17.0,-5.25,39.77,Female,15-29 yrs,NO,Student,Index Case,JKU WAWI,MJINI,PUBLIC,PEMBA,WAWI,154036,146358,878264.0,82.31,28.13,26.01,86.0,94.7,Karume airport Pemba,False
CHAKE-CHAKE,2021,5,20,9,36.5,-5.2,39.79,Male,45+ yrs,NO,Business,Index Case,AVECINNA DISPENSARY,MJINI,PRIVATE,PEMBA,NGAMBWA,154343,146419,878264.0,0.0,30.9,25.0,87.35,94.7,Karume airport Pemba,False
CHAKE-CHAKE,2021,5,21,18,15.62,-5.26,39.78,Female,15-29 yrs,YES,Unemployed,Index Case,DIRA DISPENSARY,MJINI,PRIVATE,PEMBA,CHANJAANI,154868,146625,878264.0,0.77,30.15,24.78,85.57,94.7,Karume airport Pemba,False
CHAKE-CHAKE,2021,5,22,23,20.0,-5.37,39.69,Female,15-29 yrs,NO,Business,Other Household Member,ZIWANI POLICE,MJINI,PUBLIC,PEMBA,WARA,155287,146716,878264.0,1.34,30.0,24.72,87.96,94.7,Karume airport Pemba,False
CHAKE-CHAKE,2021,6,23,1,22.62,-5.25,39.75,Male,30-44 yrs,NO,Farmer,Index Case,BAHJA DISPENSARY,MJINI,PRIVATE,PEMBA,WESHA,155981,146917,878264.0,10.35,30.19,24.12,83.63,94.7,Karume airport Pemba,True
CHAKE-CHAKE,2021,6,24,7,17.67,-5.45,39.63,Female,30-44 yrs,NO,Housewife,Other Household Member,ZIWANI POLICE,MJINI,PUBLIC,PEMBA,GOMBANI,156372,147044,878264.0,7.15,28.88,23.68,86.78,94.7,Karume airport Pemba,False
CHAKE-CHAKE,2021,6,25,14,24.8,-5.5,39.62,Female,30-44 yrs,NO,Housewife,Index Case,VITONGOJI COTTAGE HOSPITAL,MJINI,PUBLIC,PEMBA,WAWI,156718,147208,878264.0,4.25,28.55,23.45,85.95,94.7,Karume airport Pemba,True
CHAKE-CHAKE,2021,6,26,21,18.97,-5.26,39.74,Female,45+ yrs,NO,Housewife,Other Household Member,ZIWANI POLICE,MJINI,PUBLIC,PEMBA,MBUZINI,157126,147307,878264.0,1.79,28.13,22.84,84.32,94.7,Karume airport Pemba,False
CHAKE-CHAKE,2021,6,27,27,19.33,-5.28,39.78,Female,15-29 yrs,YES,Housewife,Index Case,MWANAMASHUNGI DISPENSARY,MJINI,PRIVATE,PEMBA,MFIKIWA,157638,147495,878264.0,19.45,29.49,22.86,85.3,94.7,Karume airport Pemba,False
CHAKE-CHAKE,2021,7,27,1,21.0,-5.63,39.55,Female,5-14 yrs,NO,Student,Index Case,VITONGOJI COTTAGE HOSPITAL,MJINI,PUBLIC,PEMBA,NGAMBWA,157891,147413,878264.0,1.02,30.12,23.17,81.65,94.7,Karume airport Pemba,False
CHAKE-CHAKE,2021,7,28,4,19.73,-5.25,39.75,Female,15-29 yrs,NO,Business,Other Household Member,ZIWANI POLICE,MJINI,PUBLIC,PEMBA,CHONGA,158092,147621,878264.0,0.9,28.4,23.33,82.6,94.7,Karume airport Pemba,True
CHAKE-CHAKE,2021,7,29,11,27.08,-5.28,39.74,Male,45+ yrs,NO,Farmer,Other Household Member,ZIWANI POLICE,MJINI,PUBLIC,PEMBA,WARA,158449,148053,878264.0,2.98,29.24,24.07,81.13,94.7,Karume airport Pemba,False
CHAKE-CHAKE,2021,7,30,22,31.17,-5.27,39.75,Female,45+ yrs,NO,Farmer,Index Case,ZIWANI PHCU,MJINI,PUBLIC,PEMBA,ZIWANI,159073,147941,878264.0,4.49,27.94,22.98,86.8,94.7,Karume airport Pemba,False
CHAKE-CHAKE,2021,7,31,26,34.47,-5.23,39.78,Male,15-29 yrs,NO,Business,Index Case,MWANAMASHUNGI DISPENSARY,MJINI,PRIVATE,PEMBA,WAWI,159260,148002,878264.0,1.22,27.66,23.23,83.27,94.7,Karume airport Pemba,False
CHAKE-CHAKE,2021,8,32,3,26.0,-5.98,39.34,Male,15-29 yrs,NO,Watchman/Police,Index Case,ALI KHAMIS CAMP,MJINI,PUBLIC,PEMBA,MVUMONI,159652,148222,878264.0,3.32,28.58,21.73,84.6,94.7,Karume airport Pemba,False
CHAKE-CHAKE,2021,8,33,10,20.32,-5.25,39.76,Female,15-29 yrs,NO,Farmer,Other Household Member,ZIWANI POLICE,MJINI,PUBLIC,PEMBA,SHUNGI,159858,148218,878264.0,0.0,29.51,21.38,86.44,94.7,Karume airport Pemba,False
CHAKE-CHAKE,2021,8,34,16,27.0,-5.23,39.76,Male,15-29 yrs,NO,Farmer,Index Case,WESHA PHCU+,MJINI,PUBLIC,PEMBA,WESHA,160118,148288,878264.0,0.0,27.95,21.14,85.7,94.7,Karume airport Pemba,False
CHAKE-CHAKE,2021,8,35,25,19.33,-5.19,39.79,Male,5-14 yrs,YES,Under school age (<6 years),Index Case,MBUZINI PHCU,MJINI,PUBLIC,PEMBA,MBUZINI,160413,148397,878264.0,1.2,30.04,21.2,85.93,94.7,Karume airport Pemba,False
CHAKE-CHAKE,2021,8,36,31,32.0,-5.23,39.83,Male,15-29 yrs,NO,Student,Index Case,KIBOKONI PHCU,MJINI,PUBLIC,PEMBA,KIBOKONI,160611,148456,878264.0,2.53,28.25,22.26,85.4,94.7,Karume airport Pemba,False
CHAKE-CHAKE,2021,9,36,1,19.85,-5.24,39.79,Male,30-44 yrs,NO,Farmer,Other Household Member,ZIWANI POLICE,MJINI,PUBLIC,PEMBA,UWANDANI,160635,148457,878264.0,0.49,30.42,23.27,86.3,94.7,Karume airport Pemba,False
CHAKE-CHAKE,2021,9,37,5,21.62,-5.27,39.76,Female,< 5 yrs,NO,Under school age (<6 years),Other Household Member,ZIWANI POLICE,MJINI,PUBLIC,PEMBA,MJINI OLE,160727,148489,878264.0,3.12,28.68,23.42,85.22,94.7,Karume airport Pemba,False
CHAKE-CHAKE,2021,9,38,13,23.75,-5.44,39.65,Female,15-29 yrs,NO,Housewife,Other Household Member,ZIWANI POLICE,MJINI,PUBLIC,PEMBA,WESHA,161132,148571,878264.0,7.18,27.59,22.86,84.7,94.7,Karume airport Pemba,False
CHAKE-CHAKE,2021,9,39,21,19.2,-5.18,39.82,Male,5-14 yrs,NO,Student,Index Case,KANGAGANI PHCU,MJINI,PUBLIC,PEMBA,MJINI OLE,161425,148671,878264.0,2.62,27.71,21.77,86.1,94.7,Karume airport Pemba,False
CHAKE-CHAKE,2021,9,40,28,14.03,-5.23,39.74,Male,15-29 yrs,NO,Fisherman,Index Case,WESHA PHCU+,MJINI,PUBLIC,PEMBA,WESHA,161698,148750,878264.0,2.28,28.26,22.6,83.17,94.7,Karume airport Pemba,False
CHAKE-CHAKE,2021,10,40,1,25.0,-5.61,39.55,Female,15-29 yrs,NO,Housewife,Index Case,WESHA PHCU+,MJINI,PUBLIC,PEMBA,WESHA,161842,148780,878264.0,0.0,31.66,22.97,86.9,94.7,Karume airport Pemba,False
CHAKE-CHAKE,2021,10,41,4,27.0,-5.24,39.77,Male,15-29 yrs,NO,Farmer,Other Household Member,ZIWANI POLICE,MJINI,PUBLIC,PEMBA,WESHA,161914,148780,878264.0,0.0,31.74,22.31,88.3,94.7,Karume airport Pemba,False
CHAKE-CHAKE,2021,10,42,11,13.62,-5.28,39.76,Male,5-14 yrs,YES,Student,Index Case,NGOMENI PHCU,MJINI,PUBLIC,PEMBA,MGELEMA,162210,148884,878264.0,0.0,30.44,23.86,88.82,94.7,Karume airport Pemba,False
CHAKE-CHAKE,2021,10,43,18,25.83,-5.26,39.77,Female,45+ yrs,NO,Housewife,Other Household Member,ZIWANI POLICE,MJINI,PUBLIC,PEMBA,MBUZINI,162365,148923,878264.0,9.97,30.56,23.29,88.12,94.7,Karume airport Pemba,False
CHAKE-CHAKE,2021,10,44,27,17.78,-5.27,39.76,Female,< 5 yrs,NO,Under school age (<6 years),Index Case,ALI KHAMIS CAMP,MJINI,PUBLIC,PEMBA,VITONGOJI,162726,149044,878264.0,0.95,30.91,22.22,88.83,94.7,Karume airport Pemba,False
CHAKE-CHAKE,2021,11,45,2,25.5,-5.54,39.6,Female,15-29 yrs,YES,Housewife,Index Case,FUFUNI DISPENSARY,MJINI,PRIVATE,PEMBA,KICHUNGWANI,162907,149074,878264.0,0.47,31.57,24.52,89.55,94.7,Karume airport Pemba,False
CHAKE-CHAKE,2021,11,46,9,4.0,-5.98,39.34,Male,< 5 yrs,NO,Under school age (<6 years),Index Case,WESHA PHCU+,MJINI,PUBLIC,PEMBA,WESHA,163232,149170,878264.0,0.0,32.85,25.07,90.7,94.7,Karume airport Pemba,False
CHAKE-CHAKE,2021,11,48,23,30.5,-5.27,39.77,Male,15-29 yrs,YES,Unemployed,Index Case,BAHJA DISPENSARY,MJINI,PRIVATE,PEMBA,CHANJAANI,163600,149299,878264.0,0.15,33.43,24.99,88.08,94.7,Karume airport Pemba,False
CHAKE-CHAKE,2021,12,50,5,21.29,-5.17,39.75,Male,15-29 yrs,YES,Student,Index Case,WETE DISTRICT HOSPITAL,MJINI,PUBLIC,PEMBA,KIBOKONI,163982,149395,878264.0,14.6,30.56,24.88,90.61,94.7,Karume airport Pemba,False
CHAKE-CHAKE,2021,12,51,12,37.5,-5.21,39.71,Male,30-44 yrs,NO,Farmer,Other Household Member,ZIWANI POLICE,MJINI,PUBLIC,PEMBA,NDAGONI,164180,149452,878264.0,12.3,30.24,24.41,91.0,94.7,Karume airport Pemba,False
CHAKE-CHAKE,2021,12,52,19,20.5,-5.41,39.68,Female,15-29 yrs,NO,Housewife,Other Household Member,ZIWANI POLICE,MJINI,PUBLIC,PEMBA,MADUNGU,164362,149443,878264.0,12.17,31.27,24.95,91.41,94.7,Karume airport Pemba,False
CHAKE-CHAKE,2021,12,53,28,22.33,-5.24,39.76,Male,< 5 yrs,NO,Under school age (<6 years),Index Case,ABDALLA MZEE REGIONAL HOSPITAL,MJINI,PUBLIC,PEMBA,TIBIRINZI,164777,149624,878264.0,9.6,31.7,25.23,91.13,94.7,Karume airport Pemba,False
CHAKE-CHAKE,2022,1,1,1,17.75,-5.23,39.78,Female,15-29 yrs,NO,Unemployed,Other Household Member,ZIWANI POLICE,MJINI,PUBLIC,PEMBA,MKOROSHONI,165045,149676,388344.4,0.0,32.92,25.32,74.5,97.8,Karume airport Pemba,False
CHAKE-CHAKE,2022,1,2,3,18.33,-5.23,39.77,Female,15-29 yrs,NO,Housewife,Index Case,NDAGONI PHCU,MJINI,PUBLIC,PEMBA,NDAGONI,165112,149697,388344.4,0.0,32.61,25.62,74.45,97.8,Karume airport Pemba,True
CHAKE-CHAKE,2022,1,3,9,28.0,-5.26,39.76,Female,15-29 yrs,NO,Unemployed,Other Household Member,ZIWANI POLICE,MJINI,PUBLIC,PEMBA,TIBIRINZI,165883,149892,388344.4,0.45,34.06,26.13,76.62,97.8,Karume airport Pemba,False
CHAKE-CHAKE,2022,1,4,17,18.32,-5.25,39.76,Male,15-29 yrs,YES,Business,Index Case,CHAKECHAKE DISTRICT HOSPITAL,MJINI,PUBLIC,PEMBA,WARA,166987,150376,388344.4,25.23,33.28,24.4,76.22,97.8,Karume airport Pemba,True
CHAKE-CHAKE,2022,1,5,24,29.75,-5.24,39.78,Male,15-29 yrs,NO,Unemployed,Index Case,AVECINNA DISPENSARY,MJINI,PRIVATE,PEMBA,GOMBANI,167641,150364,388344.4,19.69,31.32,24.61,76.73,97.8,Karume airport Pemba,False
CHAKE-CHAKE,2022,1,6,30,25.45,-5.24,39.77,Male,15-29 yrs,NO,Business,Other Household Member,ZIWANI POLICE,MJINI,PUBLIC,PEMBA,WARA,168083,150376,388344.4,0.0,29.5,24.4,75.9,97.8,Karume airport Pemba,False
CHAKE-CHAKE,2022,2,6,3,25.67,-5.49,39.62,Female,15-29 yrs,YES,Farmer,Index Case,DIRA DISPENSARY,MJINI,PRIVATE,PEMBA,WAWI,168416,150562,388344.4,4.94,31.25,24.56,76.8,97.8,Karume airport Pemba,False
CHAKE-CHAKE,2022,2,7,6,24.3,-5.26,39.77,Male,15-29 yrs,NO,Business,Index Case,BAHJA DISPENSARY,MJINI,PRIVATE,PEMBA,TIBIRINZI,168467,150599,388344.4,2.27,31.88,24.53,77.34,97.8,Karume airport Pemba,True
CHAKE-CHAKE,2022,2,8,13,30.51,-5.23,39.8,Male,45+ yrs,NO,Farmer,Index Case,MWANAMASHUNGI DISPENSARY,MJINI,PRIVATE,PEMBA,KIBOKONI,168934,150698,388344.4,1.6,32.44,25.19,78.34,97.8,Karume airport Pemba,False
CHAKE-CHAKE,2022,2,9,21,25.86,-5.22,39.8,Male,15-29 yrs,NO,Business,Other Household Member,ZIWANI POLICE,MJINI,PUBLIC,PEMBA,VITONGOJI,169268,150779,388344.4,3.16,31.81,25.23,77.4,97.8,Karume airport Pemba,False
CHAKE-CHAKE,2022,3,10,2,31.17,-5.2,39.77,Male,15-29 yrs,NO,Business,Index Case,VITONGOJI COTTAGE HOSPITAL,MJINI,PUBLIC,PEMBA,OLE,169672,150930,388344.4,0.0,33.52,25.35,68.78,97.8,Karume airport Pemba,False
CHAKE-CHAKE,2022,3,11,8,24.5,-5.26,39.82,Male,15-29 yrs,NO,Business,Index Case,MVUMONI (FURAHA) PHCU,MJINI,PUBLIC,PEMBA,MVUMONI,170009,151046,388344.4,0.0,32.98,23.96,71.1,97.8,Karume airport Pemba,False
CHAKE-CHAKE,2022,3,13,24,27.5,-5.24,39.77,Male,15-29 yrs,NO,Business,Index Case,IHSANI MEDICAL CLINIC,MJINI,PRIVATE,PEMBA,CHACHANI,170844,151246,388344.4,10.19,33.0,24.86,69.92,97.8,Karume airport Pemba,False
CHAKE-CHAKE,2022,3,14,27,24.4,-5.22,39.77,Male,15-29 yrs,NO,Business,Index Case,DIRA DISPENSARY,MJINI,PRIVATE,PEMBA,GOMBANI,170926,151281,388344.4,11.07,33.24,26.0,71.82,97.8,Karume airport Pemba,False
CHAKE-CHAKE,2022,4,15,6,17.43,-5.23,39.78,Female,15-29 yrs,YES,Housewife,Index Case,DIRA DISPENSARY,MJINI,PRIVATE,PEMBA,WARA,171492,151432,388344.4,3.32,31.84,24.57,79.71,97.8,Karume airport Pemba,False
CHAKE-CHAKE,2022,4,16,10,15.69,-5.24,39.77,Male,30-44 yrs,NO,Business,Index Case,KMKM WETE,MJINI,PUBLIC,PEMBA,MVUMONI,171632,151469,388344.4,12.43,31.46,24.85,79.64,97.8,Karume airport Pemba,False
CHAKE-CHAKE,2022,4,17,18,16.17,-5.3,39.74,Male,30-44 yrs,NO,Civil Servant,Index Case,DIRA DISPENSARY,MJINI,PRIVATE,PEMBA,MKOROSHONI,171938,151555,388344.4,95.79,30.2,24.29,80.33,97.8,Karume airport Pemba,False
CHAKE-CHAKE,2022,4,18,27,22.4,-5.19,39.79,Male,15-29 yrs,NO,Business,Index Case,DIRA DISPENSARY,MJINI,PRIVATE,PEMBA,KICHUNGWANI,172297,151678,388344.4,98.7,30.53,26.0,80.09,97.8,Karume airport Pemba,False
CHAKE-CHAKE,2022,5,19,1,16.2,-5.24,39.77,Female,15-29 yrs,NO,Housewife,Index Case,CHAKECHAKE DISTRICT HOSPITAL,MJINI,PUBLIC,PEMBA,MSINGINI,172460,151717,388344.4,41.24,30.0,24.67,84.7,97.8,Karume airport Pemba,False
CHAKE-CHAKE,2022,5,20,10,31.5,-5.24,39.81,Male,30-44 yrs,YES,Civil Servant,Index Case,ALI KHAMIS CAMP,MJINI,PUBLIC,PEMBA,WAWI,172839,151822,388344.4,0.32,31.64,25.3,82.8,97.8,Karume airport Pemba,False
CHAKE-CHAKE,2022,5,21,16,18.5,-5.22,39.74,Female,15-29 yrs,NO,Business,Index Case,CHAKECHAKE DISTRICT HOSPITAL,MJINI,PUBLIC,PEMBA,CHONGA,173041,151927,388344.4,1.5,30.9,25.52,85.8,97.8,Karume airport Pemba,False
CHAKE-CHAKE,2022,5,22,23,15.43,-5.24,39.78,Male,15-29 yrs,NO,Business,Index Case,UWANDANI PHCU,MJINI,PUBLIC,PEMBA,UWANDANI,173338,152028,388344.4,3.14,30.46,25.71,85.3,97.8,Karume airport Pemba,True
CHAKE-CHAKE,2022,5,23,30,15.75,-5.2,39.8,Male,30-44 yrs,NO,Farmer,Other Household Member,ZIWANI POLICE,MJINI,PUBLIC,PEMBA,ZIWANI,173737,152123,388344.4,6.02,30.16,25.37,84.2,97.8,Karume airport Pemba,False
CHAKE-CHAKE,2022,6,23,1,23.67,-5.23,39.79,Male,5-14 yrs,NO,Student,Other Household Member,ZIWANI POLICE,MJINI,PUBLIC,PEMBA,NGAMBWA,173881,152175,388344.4,38.17,30.58,23.44,9.66,97.8,Karume airport Pemba,False
CHAKE-CHAKE,2022,6,24,7,30.43,-5.25,39.77,Female,15-29 yrs,YES,Business,Index Case,ALI KHAMIS CAMP,MJINI,PUBLIC,PEMBA,WAWI,174177,152299,388344.4,33.71,28.39,23.71,7.83,97.8,Karume airport Pemba,False
CHAKE-CHAKE,2022,6,25,13,21.6,-5.21,39.8,Male,5-14 yrs,NO,Other,Index Case,VITONGOJI COTTAGE HOSPITAL,MJINI,PUBLIC,PEMBA,UWANDANI,174494,152391,388344.4,4.15,29.53,23.79,8.31,97.8,Karume airport Pemba,False
CHAKE-CHAKE,2022,6,26,20,23.0,-5.25,39.77,Female,30-44 yrs,NO,Farmer,Other Household Member,ZIWANI POLICE,MJINI,PUBLIC,PEMBA,WAWI,174785,152468,388344.4,1.19,29.6,25.01,9.92,97.8,Karume airport Pemba,False
CHAKE-CHAKE,2022,6,27,26,18.91,-5.24,39.81,Male,< 5 yrs,NO,Under school age (<6 years),Other Household Member,ZIWANI POLICE,MJINI,PUBLIC,PEMBA,MVUMONI,175059,152543,388344.4,4.44,29.04,24.06,8.7,97.8,Karume airport Pemba,False
CHAKE-CHAKE,2022,7,27,1,57.0,-5.21,39.67,Female,45+ yrs,NO,Housewife,Other Household Member,ZIWANI POLICE,MJINI,PUBLIC,PEMBA,NDAGONI,175328,152629,388344.4,15.93,27.98,22.19,95.9,97.8,Karume airport Pemba,False
CHAKE-CHAKE,2022,7,30,18,23.8,-5.23,39.79,Male,30-44 yrs,NO,Other,Index Case,VITONGOJI COTTAGE HOSPITAL,MJINI,PUBLIC,PEMBA,UWANDANI,175882,1151,388344.4,11.04,27.4,22.43,94.92,97.8,Karume airport Pemba,False
CHAKE-CHAKE,2022,7,31,24,15.72,-5.25,39.8,Female,15-29 yrs,NO,Housewife,Other Household Member,ZIWANI POLICE,MJINI,PUBLIC,PEMBA,UWANDANI,176027,1151,388344.4,2.4,28.75,22.37,94.47,97.8,Karume airport Pemba,True
CHAKE-CHAKE,2022,7,32,31,2.0,-5.98,39.34,Male,< 5 yrs,NO,Other,Index Case,IHSANI MEDICAL CLINIC,MJINI,PRIVATE,PEMBA,PUJINI,176246,1242,388344.4,0.55,26.94,22.62,92.7,97.8,Karume airport Pemba,False
CHAKE-CHAKE,2022,8,33,13,53.0,-5.22,39.77,Male,45+ yrs,NO,Other,Index Case,VITONGOJI COTTAGE HOSPITAL,MJINI,PUBLIC,PEMBA,GOMBANI,176572,1370,388344.4,3.49,27.43,21.13,88.7,97.8,Karume airport Pemba,False
CHAKE-CHAKE,2022,8,34,15,18.79,-5.41,39.65,Female,15-29 yrs,NO,Other,Other Household Member,ZIWANI POLICE,MJINI,PUBLIC,PEMBA,MBUZINI,176646,1372,388344.4,4.01,27.73,22.39,87.42,97.8,Karume airport Pemba,False
CHAKE-CHAKE,2022,8,35,24,21.8,-6.21,39.26,Female,5-14 yrs,NO,Student,Other Household Member,ZIWANI POLICE,MJINI,PUBLIC,PEMBA,UWANDANI,176788,1361,388344.4,0.82,27.26,21.54,88.0,97.8,Karume airport Pemba,False
CHAKE-CHAKE,2022,8,36,30,30.0,-5.24,39.78,Female,30-44 yrs,YES,Other,Index Case,CHAKECHAKE DISTRICT HOSPITAL,MJINI,PUBLIC,PEMBA,WARA,176968,1452,388344.4,4.8,27.36,21.95,91.3,97.8,Karume airport Pemba,False
CHAKE-CHAKE,2022,9,36,1,16.0,-5.24,39.81,Male,15-29 yrs,YES,Other,Index Case,ALI KHAMIS CAMP,MJINI,PUBLIC,PEMBA,WAWI,177034,1479,388344.4,0.28,29.96,22.35,89.4,97.8,Karume airport Pemba,False
CHAKE-CHAKE,2022,9,38,17,1.0,-5.24,39.79,Female,< 5 yrs,YES,Farmer,Index Case,VITONGOJI COTTAGE HOSPITAL,MJINI,PUBLIC,PEMBA,VITONGOJI,177363,1602,388344.4,1.74,31.26,23.25,88.4,97.8,Karume airport Pemba,False
CHAKE-CHAKE,2022,9,39,19,11.67,-5.26,39.77,Male,< 5 yrs,NO,Under school age (<6 years),Index Case,CHONGA PHCU,MJINI,PUBLIC,PEMBA,CHONGA,177416,1635,388344.4,1.67,30.1,22.75,88.5,97.8,Karume airport Pemba,False
CHAKE-CHAKE,2022,9,40,26,29.6,-5.28,39.76,Female,30-44 yrs,NO,Housewife,Other Household Member,ZIWANI POLICE,MJINI,PUBLIC,PEMBA,MJINI OLE,177515,1625,388344.4,6.56,29.43,22.35,87.5,97.8,Karume airport Pemba,False
CHAKE-CHAKE,2022,10,41,2,22.99,-5.5,39.6,Female,15-29 yrs,NO,Unemployed,Index Case,MNAZI MMOJA HOSPITAL,MJINI,PUBLIC,PEMBA,CHACHANI,177680,1688,388344.4,0.0,29.15,22.52,90.48,97.8,Karume airport Pemba,False
CHAKE-CHAKE,2022,10,43,17,22.33,-5.61,39.64,Male,15-29 yrs,NO,Other,Index Case,CHAKECHAKE DISTRICT HOSPITAL,MJINI,PUBLIC,PEMBA,PUJINI,177942,1759,388344.4,0.0,30.63,22.75,89.4,97.8,Karume airport Pemba,False
CHAKE-CHAKE,2022,10,44,24,7.33,-5.2,39.82,Male,< 5 yrs,NO,Other,Index Case,UWANDANI PHCU,MJINI,PUBLIC,PEMBA,UWANDANI,178089,1813,388344.4,7.01,29.7,23.5,89.13,97.8,Karume airport Pemba,False
CHAKE-CHAKE,2022,11,46,10,30.17,-5.24,39.78,Female,15-29 yrs,NO,Housewife,Index Case,GOMBANI PHCU,MJINI,PUBLIC,PEMBA,WARA,178335,1906,388344.4,1.72,31.76,24.6,91.65,97.8,Karume airport Pemba,False
CHAKE-CHAKE,2022,11,47,14,22.33,-5.48,39.63,Male,30-44 yrs,YES,Other,Index Case,ALI KHAMIS CAMP,MJINI,PUBLIC,PEMBA,WARA,178438,1927,388344.4,4.84,30.99,24.55,93.37,97.8,Karume airport Pemba,False
CHAKE-CHAKE,2022,11,48,20,19.25,-5.3,39.74,Male,30-44 yrs,NO,Business,Index Case,DIRA DISPENSARY,MJINI,PRIVATE,PEMBA,GOMBANI,178520,1962,388344.4,7.47,30.58,24.82,93.02,97.8,Karume airport Pemba,False
CHAKE-CHAKE,2022,11,49,29,25.0,-5.24,39.78,Female,5-14 yrs,NO,Student,Other Household Member,ZIWANI POLICE,MJINI,PUBLIC,PEMBA,WARA,178723,2014,388344.4,6.34,30.83,24.65,93.4,97.8,Karume airport Pemba,False
CHAKE-CHAKE,2022,12,49,1,12.0,-5.23,39.8,Male,15-29 yrs,YES,Other,Index Case,IHSANI MEDICAL CLINIC,MJINI,PRIVATE,PEMBA,WARA,178771,2047,388344.4,0.0,32.16,24.36,94.1,97.8,Karume airport Pemba,False
CHAKE-CHAKE,2022,12,50,5,1.0,-5.22,39.82,Female,< 5 yrs,NO,Housewife,Other Household Member,ZIWANI POLICE,MJINI,PUBLIC,PEMBA,VITONGOJI,178829,2042,388344.4,0.0,31.46,25.51,91.7,97.8,Karume airport Pemba,False
CHAKE-CHAKE,2022,12,52,22,13.42,-5.23,39.78,Male,5-14 yrs,YES,Other,Index Case,VIKUNGUNI PHCU,MJINI,PUBLIC,PEMBA,WARA,179281,2215,388344.4,0.0,32.1,25.41,94.98,97.8,Karume airport Pemba,False
CHAKE-CHAKE,2023,1,1,1,30.0,-5.61,39.56,Female,30-44 yrs,YES,Other,Index Case,CHAKECHAKE DISTRICT HOSPITAL,MJINI,PUBLIC,PEMBA,WARA,179575,2337,248000.0,2.33,32.35,27.03,85.4,94.0,Karume airport Pemba,False
CHAKE-CHAKE,2023,1,2,10,26.8,-5.32,39.71,Male,15-29 yrs,YES,Business,Index Case,CHAKECHAKE DISTRICT HOSPITAL,MJINI,PUBLIC,PEMBA,CHACHANI,180065,2480,248000.0,13.62,31.75,25.11,86.35,94.0,Karume airport Pemba,False
CHAKE-CHAKE,2023,1,3,16,27.0,-5.73,39.48,Male,15-29 yrs,NO,Other,Index Case,CHAKECHAKE DISTRICT HOSPITAL,MJINI,PUBLIC,PEMBA,CHACHANI,180491,2580,248000.0,10.7,32.37,25.38,87.7,94.0,Karume airport Pemba,False
CHAKE-CHAKE,2023,1,4,23,28.0,-5.32,39.73,Female,5-14 yrs,NO,Student,Other Household Member,ZIWANI POLICE,MJINI,PUBLIC,PEMBA,CHACHANI,180904,2480,248000.0,2.2,32.41,25.12,87.49,94.0,Karume airport Pemba,False
CHAKE-CHAKE,2023,1,5,30,24.5,-5.22,39.78,Male,15-29 yrs,NO,Other,Index Case,IHSANI MEDICAL CLINIC,MJINI,PRIVATE,PEMBA,WARA,181400,2885,248000.0,3.24,30.84,25.96,87.0,94.0,Karume airport Pemba,False
CHAKE-CHAKE,2023,2,5,1,20.75,-5.24,39.8,Female,< 5 yrs,NO,Other,Index Case,CHAKECHAKE DISTRICT HOSPITAL,MJINI,PUBLIC,PEMBA,MGOGONI,181547,2913,248000.0,3.86,33.5,25.01,90.26,94.0,Karume airport Pemba,False
CHAKE-CHAKE,2023,2,6,7,29.67,-5.26,39.77,Female,< 5 yrs,YES,Other,Index Case,CHAKECHAKE DISTRICT HOSPITAL,MJINI,PUBLIC,PEMBA,CHANJAANI,181851,3004,248000.0,3.5,32.35,24.75,87.2,94.0,Karume airport Pemba,False
CHAKE-CHAKE,2023,2,7,14,34.0,-5.55,39.58,Female,5-14 yrs,YES,Student,Index Case,DIRA DISPENSARY,MJINI,PRIVATE,PEMBA,KWALE,182254,3107,248000.0,5.45,31.85,25.15,88.76,94.0,Karume airport Pemba,False
CHAKE-CHAKE,2023,2,8,24,39.5,-5.61,39.56,Female,15-29 yrs,YES,Other,Index Case,MWANAMASHUNGI DISPENSARY,MJINI,PRIVATE,PEMBA,CHANJAANI,182761,3290,248000.0,0.0,31.3,25.79,88.4,94.0,Karume airport Pemba,False
CHAKE-CHAKE,2023,2,9,26,56.0,-5.25,39.77,Male,45+ yrs,NO,Farmer,Other Household Member,ZIWANI POLICE,MJINI,PUBLIC,PEMBA,CHANJAANI,182811,3290,248000.0,0.0,33.42,23.65,90.1,94.0,Karume airport Pemba,False
CHAKE-CHAKE,2023,3,11,17,6.0,-5.29,39.74,Male,< 5 yrs,NO,Under school age (<6 years),Index Case,CHAKECHAKE DISTRICT HOSPITAL,MJINI,PUBLIC,PEMBA,MADUNGU,183484,3557,248000.0,1.75,31.54,25.59,92.1,94.0,Karume airport Pemba,False
CHAKE-CHAKE,2023,3,12,19,27.8,-5.27,39.75,Female,5-14 yrs,NO,Student,Other Household Member,ZIWANI POLICE,MJINI,PUBLIC,PEMBA,SHUNGI,183520,3554,248000.0,1.87,31.55,25.59,91.7,94.0,Karume airport Pemba,False
CHAKE-CHAKE,2023,4,14,7,30.0,-5.63,39.54,Male,30-44 yrs,NO,Farmer,Index Case,BAHJA DISPENSARY,MJINI,PRIVATE,PEMBA,SHUNGI,184166,3767,248000.0,21.13,30.11,25.19,89.5,94.0,Karume airport Pemba,False
CHAKE-CHAKE,2023,4,15,11,19.1,-5.29,39.71,Male,15-29 yrs,YES,Other,Index Case,VITONGOJI COTTAGE HOSPITAL,MJINI,PUBLIC,PEMBA,VITONGOJI,184240,3796,248000.0,9.36,31.13,25.23,89.78,94.0,Karume airport Pemba,False
CHAKE-CHAKE,2023,4,16,22,32.5,-5.25,39.78,Female,15-29 yrs,NO,Student,Index Case,AMAL HOSPITAL,MJINI,PUBLIC,PEMBA,CHANJAANI,184603,8715,248000.0,197.33,29.01,25.09,90.0,94.0,Karume airport Pemba,False
CHAKE-CHAKE,2023,4,17,24,36.09,-5.28,39.76,Male,45+ yrs,NO,Farmer,Other Household Member,ZIWANI POLICE,MJINI,PUBLIC,PEMBA,MADUNGU,184624,3557,248000.0,200.7,29.22,25.27,90.07,94.0,Karume airport Pemba,False
CHAKE-CHAKE,2023,4,18,30,28.0,-5.25,39.78,Male,15-29 yrs,YES,Other,Index Case,ALI KHAMIS CAMP,MJINI,PUBLIC,PEMBA,MGOGONI,184879,4113,248000.0,275.22,28.04,25.07,90.0,94.0,Karume airport Pemba,False
CHAKE-CHAKE,2023,5,18,1,37.17,-5.27,39.79,Male,15-29 yrs,NO,Other,Index Case,VITONGOJI COTTAGE HOSPITAL,MJINI,PUBLIC,PEMBA,UWANDANI,184913,4059,248000.0,8.12,30.55,25.21,96.28,94.0,Karume airport Pemba,False
CHAKE-CHAKE,2023,5,20,15,26.67,-5.23,39.76,Female,15-29 yrs,NO,Other,Index Case,ALI KHAMIS CAMP,MJINI,PUBLIC,PEMBA,WAWI,185850,4344,248000.0,10.87,30.32,25.58,96.07,94.0,Karume airport Pemba,False
CHAKE-CHAKE,2023,5,21,22,34.17,-5.37,39.71,Female,30-44 yrs,NO,Housewife,Index Case,AMAL HOSPITAL,MJINI,PUBLIC,PEMBA,MFIKIWA,186399,8717,248000.0,23.04,30.55,25.11,95.98,94.0,Karume airport Pemba,False
CHAKE-CHAKE,2023,6,22,1,10.0,-5.19,39.66,Female,5-14 yrs,NO,Student,Index Case,BAHJA DISPENSARY,MJINI,PRIVATE,PEMBA,NDAGONI,187527,4806,248000.0,68.59,28.38,23.06,89.2,94.0,Karume airport Pemba,False
CHAKE-CHAKE,2023,6,23,4,32.83,-5.29,39.71,Male,30-44 yrs,NO,Farmer,Other Household Member,ZIWANI POLICE,MJINI,PUBLIC,PEMBA,SHUNGI,187718,4805,248000.0,67.93,28.96,23.41,88.51,94.0,Karume airport Pemba,False
CHAKE-CHAKE,2023,6,24,12,23.0,-5.28,39.79,Male,15-29 yrs,NO,Other,Index Case,PUJINI PHCU+,MJINI,PUBLIC,PEMBA,PUJINI KUMVINI,188616,5141,248000.0,27.9,29.9,24.07,90.1,94.0,Karume airport Pemba,False
CHAKE-CHAKE,2023,6,25,18,27.41,-5.3,39.75,Male,15-29 yrs,NO,Other,Index Case,VITONGOJI COTTAGE HOSPITAL,MJINI,PUBLIC,PEMBA,VITONGOJI,189421,5415,248000.0,0.0,29.74,23.32,89.73,94.0,Karume airport Pemba,False
CHAKE-CHAKE,2023,6,26,26,27.44,-5.22,39.77,Female,15-29 yrs,NO,Unemployed,Other Household Member,ZIWANI POLICE,MJINI,PUBLIC,PEMBA,WESHA,190535,5685,248000.0,7.95,28.79,23.61,90.42,94.0,Karume airport Pemba,False
CHAKE-CHAKE,2023,7,26,1,30.14,-5.29,39.78,Female,< 5 yrs,NO,Under school age (<6 years),Other Household Member,ZIWANI POLICE,MJINI,PUBLIC,PEMBA,PUJINI KUMVINI,191047,5946,248000.0,9.94,28.41,23.73,85.4,94.0,Karume airport Pemba,False
CHAKE-CHAKE,2023,7,27,2,34.5,-5.35,39.7,Male,15-29 yrs,NO,Other,Index Case,BAHJA DISPENSARY,MJINI,PRIVATE,PEMBA,KWALE,191147,5974,248000.0,10.62,28.26,23.2,84.42,94.0,Karume airport Pemba,False
CHAKE-CHAKE,2023,7,28,9,21.0,-5.32,39.74,Male,5-14 yrs,NO,Student,Index Case,CHAKECHAKE DISTRICT HOSPITAL,MJINI,PUBLIC,PEMBA,CHONGA,191917,6164,248000.0,3.21,28.64,22.57,85.68,94.0,Karume airport Pemba,True
CHAKE-CHAKE,2023,7,29,16,20.5,-5.21,39.75,Male,5-14 yrs,NO,Student,Index Case,DIRA DISPENSARY,MJINI,PRIVATE,PEMBA,KWALE,192827,6413,248000.0,1.41,28.91,23.02,84.88,94.0,Karume airport Pemba,False
CHAKE-CHAKE,2023,7,30,23,22.37,-5.29,39.7,Male,15-29 yrs,YES,Student,Index Case,CHAKECHAKE DISTRICT HOSPITAL,MJINI,PUBLIC,PEMBA,KICHUNGWANI,193701,6664,248000.0,3.21,28.89,22.86,84.97,94.0,Karume airport Pemba,True
CHAKE-CHAKE,2023,7,31,31,21.0,-5.21,39.77,Male,15-29 yrs,YES,Business,Index Case,DIRA DISPENSARY,MJINI,PRIVATE,PEMBA,PUJINI,194804,6995,248000.0,7.01,28.78,23.49,83.8,94.0,Karume airport Pemba,False
CHAKE-CHAKE,2023,8,31,1,21.76,-5.31,39.72,Male,15-29 yrs,YES,Business,Index Case,MBUZINI PHCU,MJINI,PUBLIC,PEMBA,MBUZINI,194882,7043,248000.0,3.9,29.43,22.59,87.74,94.0,Karume airport Pemba,False
CHAKE-CHAKE,2023,8,32,8,17.0,-5.24,39.78,Female,15-29 yrs,YES,Student,Index Case,ABDALLA MZEE REGIONAL HOSPITAL,MJINI,PUBLIC,PEMBA,WARA,195831,7276,248000.0,4.83,28.76,23.78,88.9,94.0,Karume airport Pemba,False
CHAKE-CHAKE,2023,8,33,14,45.0,-5.24,39.78,Female,45+ yrs,NO,Housewife,Other Household Member,ZIWANI POLICE,MJINI,PUBLIC,PEMBA,WARA,196324,7276,248000.0,4.1,28.59,23.51,86.5,94.0,Karume airport Pemba,False
CHAKE-CHAKE,2023,8,34,25,22.0,-5.21,39.8,Male,15-29 yrs,NO,Farmer,Index Case,VITONGOJI COTTAGE HOSPITAL,MJINI,PUBLIC,PEMBA,UWANDANI,197515,7863,248000.0,0.0,30.78,22.95,86.85,94.0,Karume airport Pemba,False
CHAKE-CHAKE,2023,8,35,28,39.5,-5.19,39.81,Male,30-44 yrs,NO,Other,Index Case,VITONGOJI COTTAGE HOSPITAL,MJINI,PUBLIC,PEMBA,OLE,197813,7951,248000.0,0.0,30.71,23.04,86.1,94.0,Karume airport Pemba,False
CHAKE-CHAKE,2023,9,38,17,17.84,-5.28,39.75,Male,15-29 yrs,NO,Other,Index Case,CHAKECHAKE DISTRICT HOSPITAL,MJINI,PUBLIC,PEMBA,MBUZINI,199611,8437,248000.0,0.0,30.65,20.59,89.08,94.0,Karume airport Pemba,False
CHAKE-CHAKE,2023,9,39,26,25.33,-5.29,39.75,Male,15-29 yrs,YES,Business,Index Case,DIRA DISPENSARY,MJINI,PRIVATE,PEMBA,TIBIRINZI,200498,8684,248000.0,7.47,30.52,22.53,88.47,94.0,Karume airport Pemba,False
CHAKE-CHAKE,2023,10,40,1,16.07,-5.34,39.72,Female,15-29 yrs,YES,Student,Index Case,CHAKECHAKE DISTRICT HOSPITAL,MJINI,PUBLIC,PEMBA,MKOROSHONI,200829,8771,248000.0,2.75,30.47,24.34,90.9,94.0,Karume airport Pemba,False
CHAKE-CHAKE,2023,10,41,12,29.67,-5.26,39.78,Female,15-29 yrs,YES,Business,Index Case,GOMBANI PHCU,MJINI,PUBLIC,PEMBA,MKOROSHONI,201894,9093,248000.0,0.0,30.53,23.68,91.96,94.0,Karume airport Pemba,False
CHAKE-CHAKE,2023,10,42,18,17.76,-5.18,39.8,Female,< 5 yrs,NO,Under school age (<6 years),Other Household Member,ZIWANI POLICE,MJINI,PUBLIC,PEMBA,UWANDANI,202440,9186,248000.0,37.44,32.52,24.64,91.7,94.0,Karume airport Pemba,False
CHAKE-CHAKE,2023,10,43,26,18.0,-5.24,39.77,Female,15-29 yrs,YES,Other,Index Case,BAHJA DISPENSARY,MJINI,PRIVATE,PEMBA,SHUNGI,203189,9432,248000.0,1.78,31.24,23.72,92.7,94.0,Karume airport Pemba,False
CHAKE-CHAKE,2023,10,44,29,20.6,-5.22,39.78,Male,30-44 yrs,NO,Business,Other Household Member,ZIWANI POLICE,MJINI,PUBLIC,PEMBA,GOMBANI,203360,9471,248000.0,1.86,31.58,24.38,91.95,94.0,Karume airport Pemba,False
CHAKE-CHAKE,2023,11,45,7,17.5,-5.26,39.79,Male,15-29 yrs,NO,Business,Index Case,AMAL HOSPITAL,MJINI,PUBLIC,PEMBA,WAWI,204112,9816,248000.0,44.36,29.45,24.72,95.86,94.0,Karume airport Pemba,False
CHAKE-CHAKE,2023,11,46,15,30.6,-5.42,39.71,Female,15-29 yrs,NO,Housewife,Index Case,CHAKECHAKE DISTRICT HOSPITAL,MJINI,PUBLIC,PEMBA,MSINGINI,205358,11084,248000.0,49.86,29.31,25.02,97.18,94.0,Karume airport Pemba,False
CHAKE-CHAKE,2023,11,47,22,55.0,-5.23,39.78,Male,45+ yrs,NO,Other,Index Case,AMAL HOSPITAL,MJINI,PUBLIC,PEMBA,WARA,206256,11040,248000.0,48.42,31.01,24.05,96.5,94.0,Karume airport Pemba,False
CHAKE-CHAKE,2023,11,48,28,17.67,-5.34,39.64,Male,5-14 yrs,NO,Student,Index Case,NDAGONI PHCU,MJINI,PUBLIC,PEMBA,NDAGONI,207170,11590,248000.0,97.79,30.47,24.79,93.93,94.0,Karume airport Pemba,False
CHAKE-CHAKE,2023,12,49,5,27.83,-5.28,39.77,Male,15-29 yrs,NO,Business,Index Case,ABDALLA MZEE REGIONAL HOSPITAL,MJINI,PUBLIC,PEMBA,TIBIRINZI,208628,12399,248000.0,16.97,30.64,25.23,89.7,94.0,Karume airport Pemba,False
CHAKE-CHAKE,2023,12,50,10,24.89,-5.28,39.77,Male,30-44 yrs,NO,Other,Index Case,CHAKECHAKE DISTRICT HOSPITAL,MJINI,PUBLIC,PEMBA,GOMBANI,209838,13196,248000.0,8.28,31.7,24.97,89.65,94.0,Karume airport Pemba,True
CHAKE-CHAKE,2023,12,51,17,22.96,-5.32,39.72,Male,5-14 yrs,NO,Student,Other Household Member,ZIWANI POLICE,MJINI,PUBLIC,PEMBA,KICHUNGWANI,211698,14528,248000.0,18.05,31.41,24.94,90.3,94.0,Karume airport Pemba,True
CHAKE-CHAKE,2023,12,52,24,28.24,-5.35,39.71,Female,15-29 yrs,YES,Other,Index Case,VITONGOJI COTTAGE HOSPITAL,MJINI,PUBLIC,PEMBA,GOMBANI,213390,17217,248000.0,3.22,31.76,25.95,90.73,94.0,Karume airport Pemba,True
KASKAZINI A,2018,1,1,2,22.2,-5.9,39.29,Male,15-29 yrs,NO,Other,Other Household Member,ZIWANI POLICE,MJINI,PUBLIC,UNGUJA,MKOKOTONI,70589,116661,178072.0,1.76,32.84,25.36,74.71,95.0,MKOKOTONI-Zanzibar,True
KASKAZINI A,2018,1,2,7,22.11,-5.91,39.32,Male,15-29 yrs,NO,Other,Index Case,ASSA-KHERI DISPENSARY,MJINI,PRIVATE,UNGUJA,NUNGWI BANDAKUU,70965,117302,178072.0,0.14,33.41,25.37,73.44,95.0,MKOKOTONI-Zanzibar,False
KASKAZINI A,2018,1,3,15,21.68,-5.88,39.32,Male,5-14 yrs,NO,Other,Index Case,DONGE MCHANGANI PHCU,MJINI,PUBLIC,UNGUJA,DONGE MCHANGANI,71345,117446,178072.0,0.0,32.43,25.43,74.11,95.0,MKOKOTONI-Zanzibar,True
KASKAZINI A,2018,1,4,22,20.92,-5.9,39.29,Female,15-29 yrs,NO,Other,Index Case,DONGE MCHANGANI PHCU,MJINI,PUBLIC,UNGUJA,DONGE MCHANGANI,71699,117613,178072.0,0.0,32.03,25.88,74.91,95.0,MKOKOTONI-Zanzibar,True
KASKAZINI A,2018,1,5,29,19.0,-5.9,39.34,Male,< 5 yrs,NO,Other,Index Case,TUMBATU GOMANI PHCU+,NORTH A,PUBLIC,UNGUJA,TUMBATU UVIVINI,72107,117778,178072.0,0.0,31.76,25.03,74.02,95.0,MKOKOTONI-Zanzibar,False
KASKAZINI A,2018,2,5,1,25.22,-5.88,39.28,Female,15-29 yrs,YES,Other,Index Case,MKOKOTONI PHCU,MJINI,PUBLIC,UNGUJA,MKOKOTONI,72288,117836,178072.0,0.0,33.46,24.41,71.65,95.0,MKOKOTONI-Zanzibar,False
KASKAZINI A,2018,2,6,4,20.91,-5.89,39.32,Female,15-29 yrs,NO,Other,Other Household Member,ZIWANI POLICE,MJINI,PUBLIC,UNGUJA,KIGOMANI,72349,117847,178072.0,0.0,31.4,24.96,73.33,95.0,MKOKOTONI-Zanzibar,False
KASKAZINI A,2018,2,7,12,17.33,-5.87,39.3,Male,15-29 yrs,YES,Other,Index Case,MKOKOTONI PHCU,MJINI,PUBLIC,UNGUJA,MKOKOTONI,72621,117955,178072.0,1.89,30.77,25.06,72.98,95.0,MKOKOTONI-Zanzibar,False
KASKAZINI A,2018,2,8,19,28.5,-5.79,39.33,Female,30-44 yrs,NO,Other,Other Household Member,ZIWANI POLICE,MJINI,PUBLIC,UNGUJA,MBUYU TENDE,72836,117994,178072.0,2.53,30.7,25.63,72.85,95.0,MKOKOTONI-Zanzibar,False
KASKAZINI A,2018,2,9,26,20.89,-5.9,39.29,Male,< 5 yrs,NO,Other,Index Case,MKOKOTONI PHCU,NORTH A,PUBLIC,UNGUJA,MKOKOTONI,73020,118112,178072.0,0.0,31.98,26.39,73.86,95.0,MKOKOTONI-Zanzibar,False
KASKAZINI A,2018,3,9,2,33.0,-5.92,39.27,Male,15-29 yrs,NO,Other,Index Case,KIVUNGE DISTRICT HOSPITAL,MJINI,PUBLIC,UNGUJA,DONGE MCHANGANI,73157,118155,178072.0,2.86,32.44,25.61,77.5,95.0,MKOKOTONI-Zanzibar,False
KASKAZINI A,2018,3,10,5,23.69,-5.87,39.28,Female,5-14 yrs,NO,Other,Other Household Member,ZIWANI POLICE,MJINI,PUBLIC,UNGUJA,DONGE KIPANGE,73200,118163,178072.0,3.49,32.04,25.58,77.06,95.0,MKOKOTONI-Zanzibar,False
KASKAZINI A,2018,3,11,12,26.33,-5.96,39.27,Female,30-44 yrs,NO,Other,Index Case,TUMBATU GOMANI PHCU+,MJINI,PUBLIC,UNGUJA,TUMBATU GOMANI,73380,118221,178072.0,3.75,32.7,25.0,76.96,95.0,MKOKOTONI-Zanzibar,False
KASKAZINI A,2018,3,12,19,19.75,-5.9,39.29,Female,5-14 yrs,YES,Other,Index Case,DONGE MCHANGANI PHCU,MJINI,PUBLIC,UNGUJA,DONGE MCHANGANI,73500,118280,178072.0,8.3,33.38,25.15,76.32,95.0,MKOKOTONI-Zanzibar,False
KASKAZINI A,2018,3,13,25,21.43,-5.89,39.31,Male,15-29 yrs,NO,Other,Other Household Member,ZIWANI POLICE,MJINI,PUBLIC,UNGUJA,KIGOMANI,73692,118321,178072.0,16.86,33.92,25.09,77.06,95.0,MKOKOTONI-Zanzibar,False
KASKAZINI A,2018,4,14,3,19.0,-6.01,39.3,Male,< 5 yrs,NO,Other,Other Household Member,ZIWANI POLICE,MJINI,PUBLIC,UNGUJA,DONGE KIPANGE,73919,118316,178072.0,0.0,31.89,25.66,86.65,95.0,MKOKOTONI-Zanzibar,False
KASKAZINI A,2018,4,15,9,21.13,-5.9,39.28,Female,15-29 yrs,NO,Other,Index Case,DONGE MCHANGANI PHCU,MJINI,PUBLIC,UNGUJA,DONGE MCHANGANI,74134,118459,178072.0,17.63,30.73,24.59,86.37,95.0,MKOKOTONI-Zanzibar,True
KASKAZINI A,2018,4,16,17,17.55,-5.81,39.28,Female,< 5 yrs,NO,Other,Other Household Member,ZIWANI POLICE,MJINI,PUBLIC,UNGUJA,NUNGWI BANDAKUU,74556,118522,178072.0,13.54,31.91,24.5,86.34,95.0,MKOKOTONI-Zanzibar,True
KASKAZINI A,2018,4,17,23,23.48,-5.85,39.28,Female,15-29 yrs,YES,Other,Index Case,PWANI MCHANGANI PHCU,MJINI,PUBLIC,UNGUJA,PWANI MCHANGANI,74990,118612,178072.0,5.01,30.55,25.35,87.88,95.0,MKOKOTONI-Zanzibar,False
KASKAZINI A,2018,4,18,30,12.25,-5.92,39.27,Male,5-14 yrs,YES,Other,Index Case,MATEMWE PHCU+,MJINI,PUBLIC,UNGUJA,MATEMWE KASKAZINI,75306,118702,178072.0,2.0,30.52,25.99,87.95,95.0,MKOKOTONI-Zanzibar,False
KASKAZINI A,2018,5,18,1,22.79,-5.89,39.28,Male,15-29 yrs,NO,Other,Index Case,MAHONDA MEDICAL CENTRE,MJINI,PRIVATE,UNGUJA,DONGE MCHANGANI,75339,118715,178072.0,23.98,29.63,24.33,83.61,95.0,MKOKOTONI-Zanzibar,False
KASKAZINI A,2018,5,19,7,19.21,-5.91,39.28,Female,< 5 yrs,NO,Other,Other Household Member,ZIWANI POLICE,MJINI,PUBLIC,UNGUJA,DONGE MCHANGANI,75664,118748,178072.0,34.6,29.56,24.76,83.28,95.0,MKOKOTONI-Zanzibar,True
KASKAZINI A,2018,5,20,13,22.1,-5.9,39.3,Male,30-44 yrs,NO,Other,Index Case,KIVUNGE DISTRICT HOSPITAL,MJINI,PUBLIC,UNGUJA,PITANAZAKO,76039,118967,178072.0,23.2,29.95,24.38,82.22,95.0,MKOKOTONI-Zanzibar,True
KASKAZINI A,2018,5,21,21,22.48,-5.89,39.31,Female,45+ yrs,NO,Other,Other Household Member,ZIWANI POLICE,MJINI,PUBLIC,UNGUJA,KIVUNGE,76794,119061,178072.0,9.42,29.72,24.17,82.82,95.0,MKOKOTONI-Zanzibar,True
KASKAZINI A,2018,5,22,28,21.8,-5.9,39.31,Female,5-14 yrs,NO,Other,Other Household Member,ZIWANI POLICE,MJINI,PUBLIC,UNGUJA,MATEMWE KUSINI,77316,119236,178072.0,5.19,29.94,24.46,83.22,95.0,MKOKOTONI-Zanzibar,False
KASKAZINI A,2018,6,22,1,25.25,-5.89,39.31,Female,15-29 yrs,NO,Other,Other Household Member,ZIWANI POLICE,MJINI,PUBLIC,UNGUJA,TUMBATU JONGOWE,77558,119272,178072.0,0.0,30.21,24.06,72.34,95.0,MKOKOTONI-Zanzibar,False
KASKAZINI A,2018,6,23,4,21.49,-5.86,39.31,Female,15-29 yrs,NO,Other,Index Case,PWANI MCHANGANI PHCU,MJINI,PUBLIC,UNGUJA,PWANI MCHANGANI,77745,119395,178072.0,0.1,30.24,24.81,73.16,95.0,MKOKOTONI-Zanzibar,True
KASKAZINI A,2018,6,24,10,23.34,-5.89,39.3,Female,15-29 yrs,YES,Other,Index Case,AL-MANNA DISPENSARY,MJINI,PRIVATE,UNGUJA,GAMBA,78224,119488,178072.0,4.13,29.59,23.94,74.11,95.0,MKOKOTONI-Zanzibar,True
KASKAZINI A,2018,6,25,17,22.96,-5.88,39.29,Male,5-14 yrs,NO,Other,Other Household Member,ZIWANI POLICE,MJINI,PUBLIC,UNGUJA,KIGOMANI,78607,119566,178072.0,0.36,28.91,23.8,73.96,95.0,MKOKOTONI-Zanzibar,True
KASKAZINI A,2018,6,26,26,22.24,-5.82,39.31,Female,15-29 yrs,NO,Other,Index Case,NUNGWI PHCU+,MJINI,PUBLIC,UNGUJA,NUNGWI BANDAKUU,79408,120015,178072.0,0.0,29.64,23.76,73.39,95.0,MKOKOTONI-Zanzibar,True
KASKAZINI A,2018,7,27,1,19.9,-5.89,39.29,Male,15-29 yrs,NO,Other,Index Case,KIVUNGE DISTRICT HOSPITAL,MJINI,PUBLIC,UNGUJA,MKOKOTONI,79791,120093,178072.0,5.64,29.97,23.94,71.06,95.0,MKOKOTONI-Zanzibar,True
KASKAZINI A,2018,7,28,8,21.82,-5.94,39.31,Male,5-14 yrs,NO,Other,Index Case,KIVUNGE DISTRICT HOSPITAL,MJINI,PUBLIC,UNGUJA,KINYASINI,80324,120300,178072.0,0.14,29.24,24.06,71.74,95.0,MKOKOTONI-Zanzibar,True
KASKAZINI A,2018,7,29,15,19.35,-5.9,39.29,Female,15-29 yrs,YES,Other,Index Case,AL-MANNA DISPENSARY,MJINI,PRIVATE,UNGUJA,NUNGWI BANDAKUU,80801,120502,178072.0,0.0,28.97,23.18,69.84,95.0,MKOKOTONI-Zanzibar,True
KASKAZINI A,2018,7,30,22,20.32,-5.87,39.31,Female,< 5 yrs,NO,Other,Other Household Member,ZIWANI POLICE,MJINI,PUBLIC,UNGUJA,TAZARI,81265,120620,178072.0,3.2,29.17,23.49,70.77,95.0,MKOKOTONI-Zanzibar,True
KASKAZINI A,2018,7,31,30,22.67,-5.94,39.28,Male,15-29 yrs,NO,Other,Other Household Member,ZIWANI POLICE,MJINI,PUBLIC,UNGUJA,KINYASINI,81613,120273,178072.0,4.49,29.16,24.41,72.15,95.0,MKOKOTONI-Zanzibar,False
KASKAZINI A,2018,8,31,1,22.1,-5.86,39.27,Male,15-29 yrs,NO,Other,Other Household Member,ZIWANI POLICE,MJINI,PUBLIC,UNGUJA,MTO WAPWANI,81776,120814,178072.0,0.0,29.24,22.52,73.92,95.0,MKOKOTONI-Zanzibar,False
KASKAZINI A,2018,8,32,5,24.18,-5.9,39.29,Female,5-14 yrs,YES,Other,Index Case,KIVUNGE DISTRICT HOSPITAL,MJINI,PUBLIC,UNGUJA,MKOKOTONI,81941,120923,178072.0,0.0,29.39,22.57,72.69,95.0,MKOKOTONI-Zanzibar,True
KASKAZINI A,2018,8,33,12,23.13,-5.98,39.28,Male,< 5 yrs,NO,Other,Other Household Member,ZIWANI POLICE,MJINI,PUBLIC,UNGUJA,MKOKOTONI,82208,121047,178072.0,0.12,28.67,22.93,73.87,95.0,MKOKOTONI-Zanzibar,True
KASKAZINI A,2018,8,34,19,24.0,-5.91,39.3,Male,5-14 yrs,NO,Other,Other Household Member,ZIWANI POLICE,MJINI,PUBLIC,UNGUJA,CHAANI MASINGINI,82697,121179,178072.0,0.85,28.89,23.58,75.29,95.0,MKOKOTONI-Zanzibar,True
KASKAZINI A,2018,8,35,27,32.25,-5.93,39.28,Male,45+ yrs,NO,Other,Other Household Member,ZIWANI POLICE,MJINI,PUBLIC,UNGUJA,MKOKOTONI,83013,121224,178072.0,1.32,29.03,22.84,74.26,95.0,MKOKOTONI-Zanzibar,False
KASKAZINI A,2018,9,36,3,25.1,-5.91,39.31,Male,5-14 yrs,NO,Other,Index Case,GAMBA PHCU,MJINI,PUBLIC,UNGUJA,GAMBA,83262,121376,178072.0,1.1,29.06,23.35,67.8,95.0,MKOKOTONI-Zanzibar,False
KASKAZINI A,2018,9,37,10,25.28,-5.8,39.29,Female,15-29 yrs,NO,Other,Index Case,NUNGWI PHCU+,MJINI,PUBLIC,UNGUJA,NUNGWI BANDAKUU,83488,121463,178072.0,1.61,29.38,23.41,67.73,95.0,MKOKOTONI-Zanzibar,False
KASKAZINI A,2018,9,38,16,19.98,-5.93,39.3,Female,5-14 yrs,NO,Other,Other Household Member,ZIWANI POLICE,MJINI,PUBLIC,UNGUJA,MKOKOTONI,83690,121516,178072.0,1.02,29.83,22.74,68.8,95.0,MKOKOTONI-Zanzibar,True
KASKAZINI A,2018,9,39,23,19.97,-5.92,39.31,Male,5-14 yrs,NO,Other,Other Household Member,ZIWANI POLICE,MJINI,PUBLIC,UNGUJA,CHAANI KUBWA,83881,121608,178072.0,0.26,29.65,23.03,67.8,95.0,MKOKOTONI-Zanzibar,True
KASKAZINI A,2018,9,40,30,18.87,-5.89,39.29,Female,15-29 yrs,NO,Other,Other Household Member,ZIWANI POLICE,MJINI,PUBLIC,UNGUJA,KIBENI,84075,121629,178072.0,0.0,30.0,22.92,70.15,95.0,MKOKOTONI-Zanzibar,False
KASKAZINI A,2018,10,40,1,19.0,-5.86,39.26,Female,15-29 yrs,YES,Other,Index Case,MKOKOTONI PHCU,MJINI,PUBLIC,UNGUJA,MKOKOTONI,84157,121730,178072.0,0.0,30.3,23.7,73.79,95.0,MKOKOTONI-Zanzibar,False
KASKAZINI A,2018,10,41,7,21.0,-5.9,39.29,Male,45+ yrs,NO,Other,Index Case,AL-MANNA DISPENSARY,MJINI,PRIVATE,UNGUJA,NUNGWI BANDAKUU,84311,121808,178072.0,0.0,29.51,24.13,73.78,95.0,MKOKOTONI-Zanzibar,False
KASKAZINI A,2018,10,42,14,21.68,-5.9,39.3,Male,30-44 yrs,NO,Other,Index Case,BUBUBU MEDICAL DISPENSARY,MJINI,PRIVATE,UNGUJA,PWANI MCHANGANI,84502,121879,178072.0,4.61,29.48,23.11,73.94,95.0,MKOKOTONI-Zanzibar,False
KASKAZINI A,2018,10,43,22,23.9,-5.97,39.29,Male,5-14 yrs,YES,Other,Index Case,KIVUNGE DISTRICT HOSPITAL,MJINI,PUBLIC,UNGUJA,KINYASINI,84736,121932,178072.0,4.98,29.7,24.0,74.22,95.0,MKOKOTONI-Zanzibar,True
KASKAZINI A,2018,10,44,28,21.29,-5.9,39.31,Female,5-14 yrs,NO,Other,Other Household Member,ZIWANI POLICE,MJINI,PUBLIC,UNGUJA,MATEMWE KUSINI,84870,121956,178072.0,3.4,30.52,23.85,74.2,95.0,MKOKOTONI-Zanzibar,False
KASKAZINI A,2018,11,44,1,22.31,-5.83,39.27,Male,15-29 yrs,NO,Other,Other Household Member,ZIWANI POLICE,MJINI,PUBLIC,UNGUJA,MKOKOTONI,85022,122018,178072.0,4.36,32.46,24.62,75.86,95.0,MKOKOTONI-Zanzibar,False
KASKAZINI A,2018,11,45,5,22.1,-5.92,39.34,Male,45+ yrs,NO,Other,Index Case,KIVUNGE DISTRICT HOSPITAL,MJINI,PUBLIC,UNGUJA,PALE,85101,119873,178072.0,4.77,32.18,24.87,77.26,95.0,MKOKOTONI-Zanzibar,False
KASKAZINI A,2018,11,46,12,25.06,-5.94,39.32,Male,15-29 yrs,NO,Other,Index Case,MATEMWE PHCU+,MJINI,PUBLIC,UNGUJA,KIGOMANI,85406,122150,178072.0,1.68,31.09,24.52,77.68,95.0,MKOKOTONI-Zanzibar,False
KASKAZINI A,2018,11,47,19,21.72,-5.85,39.29,Male,15-29 yrs,NO,Other,Index Case,TAZARI PHCU,MJINI,PUBLIC,UNGUJA,FUKUCHANI,85574,122211,178072.0,9.17,31.08,24.53,76.02,95.0,MKOKOTONI-Zanzibar,True
KASKAZINI A,2018,11,48,26,21.65,-5.95,39.28,Female,5-14 yrs,NO,Other,Other Household Member,ZIWANI POLICE,MJINI,PUBLIC,UNGUJA,KINYASINI,85769,122237,178072.0,10.5,31.65,25.59,76.65,95.0,MKOKOTONI-Zanzibar,False
KASKAZINI A,2018,12,49,2,21.19,-5.9,39.28,Female,30-44 yrs,YES,Other,Index Case,KIVUNGE DISTRICT HOSPITAL,MJINI,PUBLIC,UNGUJA,CHUTAMA,85900,122305,178072.0,1.06,32.6,24.6,75.58,95.0,MKOKOTONI-Zanzibar,True
KASKAZINI A,2018,12,50,9,22.37,-5.9,39.27,Female,45+ yrs,NO,Other,Other Household Member,ZIWANI POLICE,MJINI,PUBLIC,UNGUJA,KIGOMANI,86178,122388,178072.0,0.0,32.62,24.85,76.27,95.0,MKOKOTONI-Zanzibar,True
KASKAZINI A,2018,12,51,16,21.94,-5.85,39.29,Female,5-14 yrs,NO,Other,Index Case,AL-MANNA DISPENSARY,MJINI,PRIVATE,UNGUJA,NUNGWI BANDAKUU,86544,122477,178072.0,8.75,32.2,24.74,76.62,95.0,MKOKOTONI-Zanzibar,True
KASKAZINI A,2018,12,52,23,21.09,-5.88,39.29,Female,5-14 yrs,NO,Other,Other Household Member,ZIWANI POLICE,MJINI,PUBLIC,UNGUJA,MKWAJUNI,86823,122531,178072.0,3.1,32.22,25.11,76.54,95.0,MKOKOTONI-Zanzibar,True
KASKAZINI A,2018,12,53,31,23.5,-5.94,39.29,Male,< 5 yrs,NO,Other,Index Case,MAKAO MAKUU JKU,URBAN,PUBLIC,UNGUJA,TAZARI,87143,122683,178072.0,0.0,32.74,25.42,76.05,95.0,MKOKOTONI-Zanzibar,False
KASKAZINI A,2019,1,1,2,19.73,-5.9,39.26,Male,15-29 yrs,NO,Other,Other Household Member,ZIWANI POLICE,MJINI,PUBLIC,UNGUJA,MUWANDA,87299,122633,222374.0,4.77,32.93,25.86,69.2,95.2,MKOKOTONI-Zanzibar,False
KASKAZINI A,2019,1,2,6,22.39,-5.86,39.32,Male,45+ yrs,NO,Other,Other Household Member,ZIWANI POLICE,MJINI,PUBLIC,UNGUJA,KIGOMANI,87531,122719,222374.0,3.91,32.85,25.88,69.94,95.2,MKOKOTONI-Zanzibar,True
KASKAZINI A,2019,1,3,13,20.18,-5.88,39.29,Male,15-29 yrs,NO,Other,Index Case,AL-MANNA DISPENSARY,MJINI,PRIVATE,UNGUJA,NUNGWI BANDAKUU,88211,122907,222374.0,3.13,33.02,25.68,69.5,95.2,MKOKOTONI-Zanzibar,False
KASKAZINI A,2019,1,4,21,25.43,-5.89,39.3,Male,< 5 yrs,NO,Other,Index Case,KENDWA PHCU,MJINI,PUBLIC,UNGUJA,KILINDI,88777,123044,222374.0,4.59,32.42,24.07,69.93,95.2,MKOKOTONI-Zanzibar,True
KASKAZINI A,2019,1,5,27,25.5,-5.9,39.3,Male,15-29 yrs,NO,Other,Other Household Member,ZIWANI POLICE,MJINI,PUBLIC,UNGUJA,GAMBA,89148,123152,222374.0,0.0,33.5,25.12,69.05,95.2,MKOKOTONI-Zanzibar,False
KASKAZINI A,2019,2,6,4,28.31,-5.94,39.3,Male,< 5 yrs,NO,Other,Index Case,CHAANI KUBWA PHCU,MJINI,PUBLIC,UNGUJA,CHAANI MASINGINI,89554,123241,222374.0,0.0,31.59,24.77,66.21,95.2,MKOKOTONI-Zanzibar,True
KASKAZINI A,2019,2,7,10,22.91,-5.95,39.32,Male,45+ yrs,NO,Other,Other Household Member,ZIWANI POLICE,MJINI,PUBLIC,UNGUJA,CHAANI MASINGINI,89746,123240,222374.0,0.0,31.71,23.97,67.16,95.2,MKOKOTONI-Zanzibar,False
KASKAZINI A,2019,2,8,17,21.38,-5.92,39.29,Male,15-29 yrs,NO,Other,Index Case,AL-MANNA DISPENSARY,MJINI,PRIVATE,UNGUJA,NUNGWI BANDAKUU,90077,123405,222374.0,0.0,31.39,25.26,68.29,95.2,MKOKOTONI-Zanzibar,False
KASKAZINI A,2019,2,9,27,24.33,-5.92,39.29,Female,15-29 yrs,NO,Other,Other Household Member,ZIWANI POLICE,MJINI,PUBLIC,UNGUJA,CHAANI KUBWA,90462,123470,222374.0,47.35,32.48,24.78,67.43,95.2,MKOKOTONI-Zanzibar,False
KASKAZINI A,2019,3,10,6,17.92,-5.81,39.3,Male,30-44 yrs,NO,Other,Other Household Member,ZIWANI POLICE,MJINI,PUBLIC,UNGUJA,KIDOTI,90747,123553,222374.0,16.8,33.07,24.99,74.75,95.2,MKOKOTONI-Zanzibar,False
KASKAZINI A,2019,3,11,11,31.1,-5.9,39.27,Female,30-44 yrs,NO,Other,Other Household Member,ZIWANI POLICE,MJINI,PUBLIC,UNGUJA,MKOKOTONI,90889,123575,222374.0,2.83,33.34,25.07,73.13,95.2,MKOKOTONI-Zanzibar,False
KASKAZINI A,2019,3,12,17,23.89,-5.91,39.28,Male,15-29 yrs,NO,Other,Other Household Member,ZIWANI POLICE,MJINI,PUBLIC,UNGUJA,CHAANI KUBWA,91052,123629,222374.0,11.15,34.89,25.68,72.89,95.2,MKOKOTONI-Zanzibar,False
KASKAZINI A,2019,3,13,25,22.97,-5.82,39.3,Female,30-44 yrs,NO,Other,Other Household Member,ZIWANI POLICE,MJINI,PUBLIC,UNGUJA,MATEMWE KASKAZINI,91425,123686,222374.0,12.82,34.65,24.93,72.39,95.2,MKOKOTONI-Zanzibar,True
KASKAZINI A,2019,4,14,1,20.55,-5.9,39.27,Male,< 5 yrs,NO,Other,Other Household Member,ZIWANI POLICE,MJINI,PUBLIC,UNGUJA,DONGE MCHANGANI,91677,123723,222374.0,57.78,31.98,25.09,87.01,95.2,MKOKOTONI-Zanzibar,False
KASKAZINI A,2019,4,15,9,18.5,-5.93,39.31,Male,15-29 yrs,YES,Other,Index Case,DONGE MCHANGANI PHCU,MJINI,PUBLIC,UNGUJA,DONGE MCHANGANI,91921,123794,222374.0,3.46,31.99,25.17,87.22,95.2,MKOKOTONI-Zanzibar,False
KASKAZINI A,2019,4,16,14,24.75,-5.94,39.34,Male,30-44 yrs,YES,Other,Index Case,MAWIMBINI DISPENSARY,MJINI,PRIVATE,UNGUJA,CHAANI MASINGINI,92018,123833,222374.0,6.92,31.2,25.44,86.82,95.2,MKOKOTONI-Zanzibar,False
KASKAZINI A,2019,4,17,23,30.0,-5.98,39.34,Female,30-44 yrs,YES,Other,Index Case,NUNGWI PHCU+,MJINI,PUBLIC,UNGUJA,NUNGWI BANDAKUU,92303,123897,222374.0,8.91,32.9,25.41,86.65,95.2,MKOKOTONI-Zanzibar,False
KASKAZINI A,2019,4,18,29,28.67,-5.98,39.34,Male,30-44 yrs,NO,Other,Other Household Member,ZIWANI POLICE,MJINI,PUBLIC,UNGUJA,DONGE MCHANGANI,92417,123870,222374.0,56.31,32.89,24.68,87.85,95.2,MKOKOTONI-Zanzibar,False
KASKAZINI A,2019,5,18,1,21.81,-5.89,39.29,Female,15-29 yrs,YES,Other,Index Case,AL-MANNA DISPENSARY,MJINI,PRIVATE,UNGUJA,NUNGWI KIUNGANI,92507,123964,222374.0,33.3,30.88,24.82,87.31,95.2,MKOKOTONI-Zanzibar,True
KASKAZINI A,2019,5,19,6,29.32,-5.88,39.25,Male,15-29 yrs,NO,Other,Index Case,MAWIMBINI DISPENSARY,MJINI,PRIVATE,UNGUJA,MTO WAPWANI,92716,124016,222374.0,45.91,29.8,24.7,86.07,95.2,MKOKOTONI-Zanzibar,False
KASKAZINI A,2019,5,20,12,23.41,-5.88,39.29,Female,15-29 yrs,NO,Other,Other Household Member,ZIWANI POLICE,MJINI,PUBLIC,UNGUJA,MKOKOTONI,93000,124087,222374.0,40.82,30.51,25.31,86.23,95.2,MKOKOTONI-Zanzibar,False
KASKAZINI A,2019,5,21,23,30.33,-5.95,39.27,Male,< 5 yrs,NO,Other,Index Case,BUBUBU MEDICAL DISPENSARY,WEST A,PRIVATE,UNGUJA,DONGE MCHANGANI,93861,124282,222374.0,6.97,29.08,24.33,86.23,95.2,MKOKOTONI-Zanzibar,False
KASKAZINI A,2019,5,22,26,22.22,-5.89,39.31,Female,15-29 yrs,NO,Other,Index Case,KIVUNGE DISTRICT HOSPITAL,MJINI,PUBLIC,UNGUJA,MTO WAPWANI,93983,124306,222374.0,3.71,30.79,25.56,86.03,95.2,MKOKOTONI-Zanzibar,False
KASKAZINI A,2019,6,23,6,28.3,-5.78,39.28,Female,15-29 yrs,YES,Other,Index Case,MKOKOTONI PHCU,MJINI,PUBLIC,UNGUJA,MTO WAPWANI,94494,124437,222374.0,0.0,29.44,24.41,71.43,95.2,MKOKOTONI-Zanzibar,False
KASKAZINI A,2019,6,24,10,26.3,-5.87,39.29,Female,30-44 yrs,YES,Other,Index Case,KIJINI PHCU,MJINI,PUBLIC,UNGUJA,MBUYU TENDE,94703,124517,222374.0,0.52,29.98,24.26,72.06,95.2,MKOKOTONI-Zanzibar,False
KASKAZINI A,2019,6,25,17,19.64,-5.8,39.3,Male,30-44 yrs,YES,Other,Index Case,TAZARI PHCU,MJINI,PUBLIC,UNGUJA,TAZARI,95217,124666,222374.0,7.25,28.94,23.09,72.31,95.2,MKOKOTONI-Zanzibar,True
KASKAZINI A,2019,6,26,24,20.88,-5.89,39.31,Male,15-29 yrs,YES,Other,Index Case,NUNGWI PHCU+,MJINI,PUBLIC,UNGUJA,NUNGWI BANDAKUU,95815,124851,222374.0,16.12,29.33,24.57,72.27,95.2,MKOKOTONI-Zanzibar,True
KASKAZINI A,2019,7,27,1,27.52,-5.95,39.32,Male,< 5 yrs,NO,Other,Index Case,KIVUNGE DISTRICT HOSPITAL,NORTH A,PUBLIC,UNGUJA,KIVUNGE,96370,125077,222374.0,0.0,30.11,23.37,68.98,95.2,MKOKOTONI-Zanzibar,True
KASKAZINI A,2019,7,28,7,22.62,-5.91,39.29,Male,< 5 yrs,NO,Other,Index Case,AL-MANNA DISPENSARY,NORTH A,PRIVATE,UNGUJA,TAZARI,96877,125264,222374.0,4.57,30.18,23.71,69.51,95.2,MKOKOTONI-Zanzibar,True
KASKAZINI A,2019,7,29,14,23.47,-5.88,39.29,Male,15-29 yrs,NO,Other,Index Case,KIBWENI KMKM,MJINI,PUBLIC,UNGUJA,KIVUNGE,97327,125639,222374.0,6.09,29.08,23.85,68.91,95.2,MKOKOTONI-Zanzibar,True
KASKAZINI A,2019,7,30,22,16.64,-5.88,39.26,Male,15-29 yrs,YES,Fisherman,Index Case,TUMBATU JONGOWE PHCU,MJINI,PUBLIC,UNGUJA,TUMBATU JONGOWE,98249,125719,222374.0,2.24,29.34,22.55,68.91,95.2,MKOKOTONI-Zanzibar,True
KASKAZINI A,2019,7,31,28,15.9,-5.88,39.28,Male,5-14 yrs,NO,Student,Other Household Member,ZIWANI POLICE,MJINI,PUBLIC,UNGUJA,PITANAZAKO,98806,125867,222374.0,0.0,29.31,24.11,69.11,95.2,MKOKOTONI-Zanzibar,False
KASKAZINI A,2019,8,31,2,23.1,-5.89,39.27,Female,15-29 yrs,NO,Other,Index Case,AHSANA DISPENSARY,MJINI,PRIVATE,UNGUJA,NUNGWI KIUNGANI,99249,126002,222374.0,0.8,30.34,22.83,72.7,95.2,MKOKOTONI-Zanzibar,False
KASKAZINI A,2019,8,32,4,24.81,-5.86,39.3,Male,15-29 yrs,YES,Watchman/Police,Index Case,AL-MANNA DISPENSARY,MJINI,PRIVATE,UNGUJA,NUNGWI BANDAKUU,99335,126025,222374.0,1.58,29.28,23.56,73.15,95.2,MKOKOTONI-Zanzibar,True
KASKAZINI A,2019,8,33,11,20.93,-5.85,39.3,Male,15-29 yrs,NO,Other,Other Household Member,ZIWANI POLICE,MJINI,PUBLIC,UNGUJA,GAMBA,99726,126128,222374.0,4.3,29.33,22.64,73.24,95.2,MKOKOTONI-Zanzibar,True
KASKAZINI A,2019,8,34,19,25.03,-5.91,39.32,Female,30-44 yrs,YES,Business,Index Case,UPENJA PHCU,MJINI,PUBLIC,UNGUJA,KINYASINI,100193,126253,222374.0,4.85,29.39,22.86,73.39,95.2,MKOKOTONI-Zanzibar,True
KASKAZINI A,2019,8,35,25,24.04,-5.89,39.28,Female,15-29 yrs,NO,Other,Other Household Member,ZIWANI POLICE,MJINI,PUBLIC,UNGUJA,KINYASINI,100494,126300,222374.0,6.89,29.62,23.13,73.52,95.2,MKOKOTONI-Zanzibar,True
KASKAZINI A,2019,9,36,2,23.39,-5.88,39.29,Male,30-44 yrs,NO,Fisherman,Other Household Member,ZIWANI POLICE,MJINI,PUBLIC,UNGUJA,TAZARI,100840,126448,222374.0,13.49,30.2,22.56,73.47,95.2,MKOKOTONI-Zanzibar,True
KASKAZINI A,2019,9,37,9,22.1,-5.88,39.27,Male,15-29 yrs,YES,Business,Index Case,DONGE MCHANGANI PHCU,MJINI,PUBLIC,UNGUJA,DONGE KIPANGE,101181,126557,222374.0,5.35,30.03,21.84,74.42,95.2,MKOKOTONI-Zanzibar,True
KASKAZINI A,2019,9,38,15,21.04,-5.9,39.26,Male,30-44 yrs,NO,Other,Index Case,KIVUNGE DISTRICT HOSPITAL,MJINI,PUBLIC,UNGUJA,KIVUNGE,101408,126640,222374.0,3.13,29.53,23.22,73.41,95.2,MKOKOTONI-Zanzibar,True
KASKAZINI A,2019,9,39,22,22.07,-5.9,39.27,Male,15-29 yrs,NO,Other,Other Household Member,ZIWANI POLICE,MJINI,PUBLIC,UNGUJA,PITANAZAKO,101683,126701,222374.0,21.24,29.95,23.96,73.68,95.2,MKOKOTONI-Zanzibar,False
KASKAZINI A,2019,10,40,1,26.68,-5.8,39.26,Female,5-14 yrs,NO,Student,Other Household Member,ZIWANI POLICE,MJINI,PUBLIC,UNGUJA,TUMBATU GOMANI,101894,126827,222374.0,0.0,29.91,23.92,77.21,95.2,MKOKOTONI-Zanzibar,False
KASKAZINI A,2019,10,41,6,29.54,-5.9,39.26,Male,15-29 yrs,NO,Student,Index Case,BUBUBU MEDICAL DISPENSARY,MJINI,PRIVATE,UNGUJA,DONGE KIPANGE,102086,126962,222374.0,3.67,29.83,23.97,76.85,95.2,MKOKOTONI-Zanzibar,False
KASKAZINI A,2019,10,42,13,30.5,-6.02,39.23,Male,5-14 yrs,NO,Student,Other Household Member,ZIWANI POLICE,MJINI,PUBLIC,UNGUJA,CHUTAMA,102243,126877,222374.0,3.44,29.62,24.07,77.99,95.2,MKOKOTONI-Zanzibar,False
KASKAZINI A,2019,10,43,21,20.96,-5.91,39.27,Male,15-29 yrs,NO,Business,Other Household Member,ZIWANI POLICE,MJINI,PUBLIC,UNGUJA,DONGE MCHANGANI,102782,126993,222374.0,0.0,29.46,23.99,77.73,95.2,MKOKOTONI-Zanzibar,True
KASKAZINI A,2019,10,44,29,18.6,-5.89,39.27,Male,15-29 yrs,YES,Fisherman,Index Case,KIVUNGE DISTRICT HOSPITAL,MJINI,PUBLIC,UNGUJA,MKOKOTONI,103066,127067,222374.0,0.0,30.39,24.84,75.91,95.2,MKOKOTONI-Zanzibar,False
KASKAZINI A,2019,11,44,1,24.1,-5.88,39.27,Male,15-29 yrs,NO,Other,Index Case,KIVUNGE DISTRICT HOSPITAL,MJINI,PUBLIC,UNGUJA,MKOKOTONI,103168,127099,222374.0,12.99,31.3,23.92,77.85,95.2,MKOKOTONI-Zanzibar,False
KASKAZINI A,2019,11,45,3,25.08,-5.81,39.29,Male,15-29 yrs,YES,Watchman/Police,Index Case,AL-RAHMA HOSPITAL,MJINI,PRIVATE,UNGUJA,KIDOTI,103197,127112,222374.0,16.06,30.62,24.87,76.99,95.2,MKOKOTONI-Zanzibar,True
KASKAZINI A,2019,11,46,10,27.09,-5.86,39.28,Female,30-44 yrs,NO,Other,Other Household Member,ZIWANI POLICE,MJINI,PUBLIC,UNGUJA,NUNGWI KIUNGANI,103505,127205,222374.0,12.67,30.96,24.78,77.36,95.2,MKOKOTONI-Zanzibar,False
KASKAZINI A,2019,11,47,21,22.7,-5.89,39.28,Male,15-29 yrs,NO,Fisherman,Index Case,MKOKOTONI PHCU,MJINI,PUBLIC,UNGUJA,MTO WAPWANI,104045,127363,222374.0,8.46,31.43,25.56,75.48,95.2,MKOKOTONI-Zanzibar,True
KASKAZINI A,2019,11,48,24,21.13,-5.88,39.27,Male,15-29 yrs,NO,Fisherman,Index Case,KIVUNGE DISTRICT HOSPITAL,MJINI,PUBLIC,UNGUJA,MTO WAPWANI,104236,127427,222374.0,32.02,31.84,24.53,76.2,95.2,MKOKOTONI-Zanzibar,True
KASKAZINI A,2019,12,49,1,24.25,-5.89,39.28,Male,30-44 yrs,YES,Fisherman,Index Case,KIVUNGE DISTRICT HOSPITAL,MJINI,PUBLIC,UNGUJA,MTO WAPWANI,105028,127687,222374.0,1.59,32.47,24.17,75.3,95.2,MKOKOTONI-Zanzibar,True
KASKAZINI A,2019,12,50,8,19.95,-5.9,39.28,Male,5-14 yrs,NO,Other,Other Household Member,ZIWANI POLICE,MJINI,PUBLIC,UNGUJA,KINYASINI,105682,127918,222374.0,0.2,32.55,25.05,75.74,95.2,MKOKOTONI-Zanzibar,True
KASKAZINI A,2019,12,51,15,20.2,-5.87,39.29,Female,30-44 yrs,NO,Other,Index Case,NORTH VALLEY DISPENSARY,MJINI,PRIVATE,UNGUJA,KIDOTI,106817,128412,222374.0,2.41,31.97,24.95,75.47,95.2,MKOKOTONI-Zanzibar,True
KASKAZINI A,2019,12,52,22,20.29,-5.86,39.29,Male,45+ yrs,NO,Other,Index Case,NUNGWI PHCU+,MJINI,PUBLIC,UNGUJA,KIGUNDA,108058,128654,222374.0,1.95,33.33,25.14,75.83,95.2,MKOKOTONI-Zanzibar,True
KASKAZINI A,2019,12,53,29,24.35,-5.89,39.27,Male,30-44 yrs,NO,Other,Other Household Member,ZIWANI POLICE,MJINI,PUBLIC,UNGUJA,MKOKOTONI,109329,129644,222374.0,2.01,32.35,25.87,77.35,95.2,MKOKOTONI-Zanzibar,True
KASKAZINI A,2020,1,1,1,22.92,-5.87,39.28,Male,15-29 yrs,YES,Fisherman,Index Case,MAWIMBINI DISPENSARY,MJINI,PRIVATE,UNGUJA,MATEMWE KASKAZINI,109940,130034,415012.0,0.0,34.06,25.75,74.62,96.9,MKOKOTONI-Zanzibar,True
KASKAZINI A,2020,1,2,5,24.09,-5.87,39.28,Male,30-44 yrs,NO,Watchman/Police,Index Case,KIVUNGE DISTRICT HOSPITAL,MJINI,PUBLIC,UNGUJA,KINYASINI,110588,130213,415012.0,6.17,32.18,25.4,75.33,96.9,MKOKOTONI-Zanzibar,True
KASKAZINI A,2020,1,3,12,19.13,-5.83,39.34,Female,15-29 yrs,YES,Student,Index Case,TUMBATU GOMANI PHCU+,MJINI,PUBLIC,UNGUJA,TUMBATU GOMANI,111973,131014,415012.0,17.09,31.83,25.25,74.3,96.9,MKOKOTONI-Zanzibar,True
KASKAZINI A,2020,1,4,19,22.64,-5.84,39.29,Male,30-44 yrs,YES,Watchman/Police,Index Case,AL-MANNA DISPENSARY,MJINI,PRIVATE,UNGUJA,NUNGWI BANDAKUU,113650,131831,415012.0,33.02,30.86,25.62,74.29,96.9,MKOKOTONI-Zanzibar,True
KASKAZINI A,2020,1,5,26,23.27,-5.88,39.3,Female,15-29 yrs,NO,Other,Other Household Member,ZIWANI POLICE,MJINI,PUBLIC,UNGUJA,KIVUNGE,115127,132087,415012.0,11.29,31.14,25.97,73.81,96.9,MKOKOTONI-Zanzibar,True
KASKAZINI A,2020,2,5,1,17.67,-5.87,39.29,Male,< 5 yrs,YES,Other,Index Case,KIVUNGE DISTRICT HOSPITAL,MJINI,PUBLIC,UNGUJA,FUKUCHANI,116164,133169,415012.0,0.0,34.41,25.74,76.05,96.9,MKOKOTONI-Zanzibar,False
KASKAZINI A,2020,2,6,2,21.86,-5.87,39.3,Male,15-29 yrs,NO,Watchman/Police,Other Household Member,ZIWANI POLICE,MJINI,PUBLIC,UNGUJA,NUNGWI BANDAKUU,116256,133479,415012.0,0.0,33.44,24.86,74.96,96.9,MKOKOTONI-Zanzibar,True
KASKAZINI A,2020,2,7,9,28.53,-5.9,39.29,Male,< 5 yrs,NO,Other,Other Household Member,ZIWANI POLICE,MJINI,PUBLIC,UNGUJA,MOGA,117049,133624,415012.0,6.63,31.8,25.27,75.21,96.9,MKOKOTONI-Zanzibar,True
KASKAZINI A,2020,2,8,16,19.76,-5.87,39.3,Male,< 5 yrs,NO,Other,Index Case,KIVUNGE DISTRICT HOSPITAL,NORTH A,PUBLIC,UNGUJA,MKWAJUNI,117574,133909,415012.0,1.69,31.06,25.38,75.24,96.9,MKOKOTONI-Zanzibar,True
KASKAZINI A,2020,2,9,23,23.43,-5.87,39.29,Female,< 5 yrs,NO,Other,Other Household Member,ZIWANI POLICE,MJINI,PUBLIC,UNGUJA,FUKUCHANI,118232,134252,415012.0,0.37,32.58,25.51,75.35,96.9,MKOKOTONI-Zanzibar,True
KASKAZINI A,2020,3,10,1,29.3,-5.89,39.29,Male,30-44 yrs,NO,Other,Other Household Member,ZIWANI POLICE,MJINI,PUBLIC,UNGUJA,NUNGWI BANDAKUU,118893,134617,415012.0,44.55,32.22,25.55,78.76,96.9,MKOKOTONI-Zanzibar,True
KASKAZINI A,2020,3,11,8,25.95,-5.87,39.31,Female,< 5 yrs,YES,Other,Index Case,NORTH VALLEY DISPENSARY,MJINI,PRIVATE,UNGUJA,KILINDI,119544,134888,415012.0,36.07,32.61,25.71,79.2,96.9,MKOKOTONI-Zanzibar,True
KASKAZINI A,2020,3,12,15,22.45,-5.83,39.29,Male,15-29 yrs,NO,Other,Index Case,KIVUNGE DISTRICT HOSPITAL,MJINI,PUBLIC,UNGUJA,MKOKOTONI,120153,135086,415012.0,34.53,31.77,25.87,78.06,96.9,MKOKOTONI-Zanzibar,False
KASKAZINI A,2020,3,13,22,27.88,-5.87,39.28,Male,15-29 yrs,YES,Watchman/Police,Index Case,AL-MANNA DISPENSARY,MJINI,PRIVATE,UNGUJA,NUNGWI BANDAKUU,120765,135227,415012.0,34.36,31.63,25.23,78.41,96.9,MKOKOTONI-Zanzibar,True
KASKAZINI A,2020,3,14,29,25.55,-5.86,39.27,Male,5-14 yrs,NO,Student,Other Household Member,ZIWANI POLICE,MJINI,PUBLIC,UNGUJA,KIDOTI,121686,135449,415012.0,44.12,31.65,25.05,80.43,96.9,MKOKOTONI-Zanzibar,False
KASKAZINI A,2020,4,14,1,19.7,-5.9,39.26,Female,5-14 yrs,NO,Other,Other Household Member,ZIWANI POLICE,MJINI,PUBLIC,UNGUJA,NUNGWI BANDAKUU,122043,135481,415012.0,36.16,33.06,25.32,87.43,96.9,MKOKOTONI-Zanzibar,False
KASKAZINI A,2020,4,15,6,29.48,-5.87,39.28,Male,30-44 yrs,NO,Fisherman,Index Case,TAZARI PHCU,MJINI,PUBLIC,UNGUJA,KIGUNDA,122618,135714,415012.0,74.74,31.1,25.14,86.72,96.9,MKOKOTONI-Zanzibar,False
KASKAZINI A,2020,4,16,13,26.76,-5.86,39.28,Male,30-44 yrs,NO,Fisherman,Index Case,KIVUNGE DISTRICT HOSPITAL,MJINI,PUBLIC,UNGUJA,KIBENI,123171,135924,415012.0,125.45,29.8,24.61,86.3,96.9,MKOKOTONI-Zanzibar,True
KASKAZINI A,2020,4,17,19,23.1,-5.91,39.27,Female,30-44 yrs,NO,Other,Other Household Member,ZIWANI POLICE,MJINI,PUBLIC,UNGUJA,TUMBATU UVIVINI,123781,1360718,415012.0,147.56,28.77,24.28,86.16,96.9,MKOKOTONI-Zanzibar,False
KASKAZINI A,2020,4,18,26,21.23,-5.82,39.28,Male,30-44 yrs,YES,Fisherman,Index Case,KIVUNGE DISTRICT HOSPITAL,MJINI,PUBLIC,UNGUJA,MUWANGE,124474,136283,415012.0,128.71,29.71,24.06,87.01,96.9,MKOKOTONI-Zanzibar,True
KASKAZINI A,2020,5,18,1,22.2,-5.88,39.31,Male,15-29 yrs,NO,Other,Other Household Member,ZIWANI POLICE,MJINI,PUBLIC,UNGUJA,DONGE MCHANGANI,124971,136388,415012.0,116.4,29.94,24.57,83.25,96.9,MKOKOTONI-Zanzibar,False
KASKAZINI A,2020,5,19,3,21.2,-5.93,39.29,Male,15-29 yrs,YES,Other,Index Case,KIVUNGE DISTRICT HOSPITAL,MJINI,PUBLIC,UNGUJA,MKWAJUNI,125102,136448,415012.0,84.19,29.25,24.22,83.37,96.9,MKOKOTONI-Zanzibar,False
KASKAZINI A,2020,5,20,10,19.91,-5.88,39.28,Male,15-29 yrs,NO,Other,Other Household Member,ZIWANI POLICE,MJINI,PUBLIC,UNGUJA,CHAANI MASINGINI,125661,136596,415012.0,7.55,29.52,24.98,83.99,96.9,MKOKOTONI-Zanzibar,True
KASKAZINI A,2020,5,21,17,24.95,-5.89,39.29,Male,30-44 yrs,YES,Business,Index Case,KIVUNGE DISTRICT HOSPITAL,MJINI,PUBLIC,UNGUJA,MOGA,126364,136831,415012.0,20.71,29.33,24.45,83.51,96.9,MKOKOTONI-Zanzibar,False
KASKAZINI A,2020,5,22,25,20.65,-5.9,39.29,Female,5-14 yrs,NO,Other,Other Household Member,ZIWANI POLICE,MJINI,PUBLIC,UNGUJA,KIVUNGE,127104,137148,415012.0,2.91,30.63,24.42,83.56,96.9,MKOKOTONI-Zanzibar,True
KASKAZINI A,2020,5,23,31,21.0,-5.87,39.33,Male,5-14 yrs,NO,Other,Other Household Member,ZIWANI POLICE,MJINI,PUBLIC,UNGUJA,MATEMWE KASKAZINI,127834,137468,415012.0,6.98,29.66,24.22,83.5,96.9,MKOKOTONI-Zanzibar,False
KASKAZINI A,2020,6,23,1,22.94,-5.85,39.29,Female,< 5 yrs,NO,Other,Other Household Member,ZIWANI POLICE,MJINI,PUBLIC,UNGUJA,GAMBA,127886,137110,415012.0,0.0,30.31,25.43,76.95,96.9,MKOKOTONI-Zanzibar,False
KASKAZINI A,2020,6,24,7,28.83,-5.88,39.29,Male,15-29 yrs,NO,Watchman/Police,Index Case,AL-MANNA DISPENSARY,MJINI,PRIVATE,UNGUJA,KILINDI,128531,137826,415012.0,1.16,30.32,24.63,77.37,96.9,MKOKOTONI-Zanzibar,True
KASKAZINI A,2020,6,25,14,25.65,-5.83,39.3,Male,5-14 yrs,NO,Other,Other Household Member,ZIWANI POLICE,MJINI,PUBLIC,UNGUJA,PITANAZAKO,129432,138209,415012.0,0.9,29.99,24.33,77.72,96.9,MKOKOTONI-Zanzibar,True
KASKAZINI A,2020,6,26,22,23.55,-5.87,39.29,Male,15-29 yrs,YES,Other,Index Case,KIVUNGE DISTRICT HOSPITAL,MJINI,PUBLIC,UNGUJA,PWANI MCHANGANI,130516,138633,415012.0,1.21,28.44,23.76,77.8,96.9,MKOKOTONI-Zanzibar,True
KASKAZINI A,2020,6,27,28,27.59,-5.9,39.25,Male,15-29 yrs,YES,Fisherman,Index Case,KIVUNGE DISTRICT HOSPITAL,MJINI,PUBLIC,UNGUJA,MTO WAPWANI,131186,138860,415012.0,5.07,28.28,23.47,76.27,96.9,MKOKOTONI-Zanzibar,True
KASKAZINI A,2020,7,27,1,18.89,-5.85,39.27,Male,5-14 yrs,NO,Student,Other Household Member,ZIWANI POLICE,MJINI,PUBLIC,UNGUJA,MKOKOTONI,131551,138845,415012.0,1.16,29.68,24.33,75.42,96.9,MKOKOTONI-Zanzibar,False
KASKAZINI A,2020,7,28,5,21.95,-5.86,39.29,Male,30-44 yrs,NO,Other,Other Household Member,ZIWANI POLICE,MJINI,PUBLIC,UNGUJA,MKOKOTONI,132118,139210,415012.0,3.89,28.87,23.93,74.01,96.9,MKOKOTONI-Zanzibar,True
KASKAZINI A,2020,7,29,12,24.85,-5.88,39.3,Male,15-29 yrs,NO,Fisherman,Index Case,MNAZI MMOJA HOSPITAL,MJINI,PUBLIC,UNGUJA,MUWANGE,132926,139513,415012.0,10.27,28.36,23.14,75.0,96.9,MKOKOTONI-Zanzibar,True
KASKAZINI A,2020,7,30,19,20.22,-5.87,39.31,Female,15-29 yrs,NO,Other,Other Household Member,ZIWANI POLICE,MJINI,PUBLIC,UNGUJA,PITANAZAKO,133561,139727,415012.0,18.78,28.08,22.52,75.46,96.9,MKOKOTONI-Zanzibar,True
KASKAZINI A,2020,7,31,26,23.79,-5.87,39.31,Female,15-29 yrs,NO,Other,Other Household Member,ZIWANI POLICE,MJINI,PUBLIC,UNGUJA,MATEMWE KASKAZINI,134202,139956,415012.0,1.92,28.45,23.67,74.54,96.9,MKOKOTONI-Zanzibar,True
KASKAZINI A,2020,8,31,1,16.5,-5.93,39.3,Female,< 5 yrs,NO,Other,Other Household Member,ZIWANI POLICE,MJINI,PUBLIC,UNGUJA,MKOKOTONI,134691,140093,415012.0,1.01,29.79,23.43,76.85,96.9,MKOKOTONI-Zanzibar,False
KASKAZINI A,2020,8,32,3,22.59,-5.87,39.29,Female,15-29 yrs,NO,Student,Index Case,KIVUNGE DISTRICT HOSPITAL,MJINI,PUBLIC,UNGUJA,KIDOTI,134790,140120,415012.0,1.17,28.61,23.61,78.04,96.9,MKOKOTONI-Zanzibar,True
KASKAZINI A,2020,8,33,9,23.8,-5.9,39.28,Male,30-44 yrs,NO,Fisherman,Index Case,AL-MANNA DISPENSARY,MJINI,PRIVATE,UNGUJA,KILINDI,135168,140273,415012.0,0.0,29.19,22.21,78.36,96.9,MKOKOTONI-Zanzibar,True
KASKAZINI A,2020,8,34,17,22.86,-5.86,39.29,Male,30-44 yrs,YES,Other,Index Case,NUNGWI PHCU+,MJINI,PUBLIC,UNGUJA,NUNGWI BANDAKUU,135645,140443,415012.0,14.93,29.24,22.62,77.33,96.9,MKOKOTONI-Zanzibar,False
KASKAZINI A,2020,8,35,23,18.99,-5.88,39.31,Male,15-29 yrs,NO,Other,Other Household Member,ZIWANI POLICE,MJINI,PUBLIC,UNGUJA,KANDWI,135997,140563,415012.0,8.99,29.02,22.77,78.07,96.9,MKOKOTONI-Zanzibar,True
KASKAZINI A,2020,8,36,31,32.19,-5.86,39.36,Male,30-44 yrs,NO,Other,Other Household Member,ZIWANI POLICE,MJINI,PUBLIC,UNGUJA,KIGOMANI,136647,140722,415012.0,8.21,29.21,23.3,76.6,96.9,MKOKOTONI-Zanzibar,False
KASKAZINI A,2020,9,36,2,20.53,-5.81,39.28,Female,15-29 yrs,NO,Other,Other Household Member,ZIWANI POLICE,MJINI,PUBLIC,UNGUJA,DONGE MCHANGANI,136786,140770,415012.0,0.0,29.91,23.22,81.72,96.9,MKOKOTONI-Zanzibar,False
KASKAZINI A,2020,9,37,7,22.36,-5.85,39.3,Female,15-29 yrs,YES,Other,Index Case,PWANI MCHANGANI PHCU,MJINI,PUBLIC,UNGUJA,PWANI MCHANGANI,137113,140867,415012.0,0.0,29.88,23.52,80.82,96.9,MKOKOTONI-Zanzibar,True
KASKAZINI A,2020,9,38,13,26.17,-5.85,39.27,Male,15-29 yrs,YES,Business,Index Case,MAWIMBINI DISPENSARY,MJINI,PRIVATE,UNGUJA,POTOA,137465,140981,415012.0,0.0,30.1,22.76,82.87,96.9,MKOKOTONI-Zanzibar,True
KASKAZINI A,2020,9,39,21,26.61,-5.91,39.33,Male,< 5 yrs,YES,Other,Index Case,PWANI MCHANGANI PHCU,MJINI,PUBLIC,UNGUJA,PWANI MCHANGANI,137933,141158,415012.0,2.95,28.99,22.64,81.24,96.9,MKOKOTONI-Zanzibar,True
KASKAZINI A,2020,9,40,28,19.94,-5.93,39.3,Female,5-14 yrs,YES,Student,Index Case,CHAANI KUBWA PHCU,MJINI,PUBLIC,UNGUJA,CHAANI MASINGINI,138395,141299,415012.0,21.48,29.25,23.35,81.82,96.9,MKOKOTONI-Zanzibar,True
KASKAZINI A,2020,10,40,1,23.96,-5.88,39.3,Female,30-44 yrs,NO,Other,Other Household Member,ZIWANI POLICE,MJINI,PUBLIC,UNGUJA,MBUYU TENDE,138580,141373,415012.0,7.79,31.94,23.79,81.44,96.9,MKOKOTONI-Zanzibar,False
KASKAZINI A,2020,10,41,5,26.85,-5.92,39.31,Female,15-29 yrs,YES,Other,Index Case,UPENJA PHCU,MJINI,PUBLIC,UNGUJA,KANDWI,138817,141452,415012.0,8.34,29.7,22.92,81.76,96.9,MKOKOTONI-Zanzibar,True
KASKAZINI A,2020,10,42,13,22.27,-5.88,39.28,Female,15-29 yrs,NO,Other,Index Case,TAZARI PHCU,MJINI,PUBLIC,UNGUJA,KIVUNGE,139272,141589,415012.0,14.73,30.31,24.31,81.8,96.9,MKOKOTONI-Zanzibar,False
KASKAZINI A,2020,10,43,19,24.8,-5.86,39.26,Male,15-29 yrs,NO,Other,Index Case,KIVUNGE DISTRICT HOSPITAL,MJINI,PUBLIC,UNGUJA,MKOKOTONI,139534,141682,415012.0,0.0,31.06,23.61,81.45,96.9,MKOKOTONI-Zanzibar,False
KASKAZINI A,2020,10,44,28,20.0,-5.95,39.3,Male,15-29 yrs,YES,Other,Index Case,KIVUNGE DISTRICT HOSPITAL,MJINI,PUBLIC,UNGUJA,CHAANI KUBWA,139800,141782,415012.0,8.79,30.48,24.63,81.7,96.9,MKOKOTONI-Zanzibar,False
KASKAZINI A,2020,11,45,2,26.08,-5.9,39.3,Male,30-44 yrs,YES,Civil Servant,Index Case,KIVUNGE DISTRICT HOSPITAL,MJINI,PUBLIC,UNGUJA,KINYASINI,139860,141823,415012.0,23.76,29.96,23.96,83.6,96.9,MKOKOTONI-Zanzibar,True
KASKAZINI A,2020,11,46,8,24.64,-5.89,39.28,Female,30-44 yrs,NO,Other,Other Household Member,ZIWANI POLICE,MJINI,PUBLIC,UNGUJA,KIGUNDA,139994,141899,415012.0,51.24,29.78,24.68,82.67,96.9,MKOKOTONI-Zanzibar,False
KASKAZINI A,2020,11,47,17,19.73,-5.91,39.29,Male,30-44 yrs,NO,Civil Servant,Other Household Member,ZIWANI POLICE,MJINI,PUBLIC,UNGUJA,KINYASINI,140205,141990,415012.0,35.98,31.17,24.75,82.53,96.9,MKOKOTONI-Zanzibar,False
KASKAZINI A,2020,11,48,22,25.92,-5.85,39.3,Male,45+ yrs,YES,Fisherman,Index Case,TUMBATU GOMANI PHCU+,MJINI,PUBLIC,UNGUJA,TUMBATU GOMANI,140372,142061,415012.0,39.24,30.49,25.28,82.99,96.9,MKOKOTONI-Zanzibar,True
KASKAZINI A,2020,11,49,30,24.35,-5.9,39.28,Male,30-44 yrs,YES,Business,Index Case,KIVUNGE DISTRICT HOSPITAL,MJINI,PUBLIC,UNGUJA,PITANAZAKO,140827,142219,415012.0,15.29,30.87,24.53,82.8,96.9,MKOKOTONI-Zanzibar,False
KASKAZINI A,2020,12,49,1,23.65,-5.86,39.31,Male,5-14 yrs,YES,Other,Index Case,MATEMWE PHCU+,MJINI,PUBLIC,UNGUJA,MATEMWE KASKAZINI,140880,142239,415012.0,5.05,31.73,24.41,80.35,96.9,MKOKOTONI-Zanzibar,True
KASKAZINI A,2020,12,50,7,22.65,-5.86,39.29,Female,30-44 yrs,YES,Other,Index Case,DONGE MCHANGANI PHCU,MJINI,PUBLIC,UNGUJA,DONGE MCHANGANI,141331,142399,415012.0,0.64,32.01,24.7,80.33,96.9,MKOKOTONI-Zanzibar,True
KASKAZINI A,2020,12,51,13,24.79,-5.9,39.3,Female,15-29 yrs,NO,Other,Other Household Member,ZIWANI POLICE,MJINI,PUBLIC,UNGUJA,KINYASINI,141790,142568,415012.0,4.01,31.5,24.76,80.71,96.9,MKOKOTONI-Zanzibar,True
KASKAZINI A,2020,12,52,20,22.32,-5.83,39.29,Female,45+ yrs,NO,Other,Other Household Member,ZIWANI POLICE,MJINI,PUBLIC,UNGUJA,MATEMWE KASKAZINI,142732,142905,415012.0,12.4,31.47,24.87,80.8,96.9,MKOKOTONI-Zanzibar,True
KASKAZINI A,2020,12,53,27,22.83,-5.85,39.29,Female,30-44 yrs,NO,Other,Other Household Member,ZIWANI POLICE,MJINI,PUBLIC,UNGUJA,NUNGWI BANDAKUU,143540,143213,415012.0,15.48,31.71,25.98,80.65,96.9,MKOKOTONI-Zanzibar,True
KASKAZINI A,2021,1,1,1,32.81,-5.85,39.3,Female,15-29 yrs,NO,Other,Index Case,KIVUNGE DISTRICT HOSPITAL,MJINI,PUBLIC,UNGUJA,PWANI MCHANGANI,144288,143433,878264.0,12.14,31.84,25.73,79.28,94.7,MKOKOTONI-Zanzibar,False
KASKAZINI A,2021,1,2,3,20.8,-5.86,39.28,Female,30-44 yrs,NO,Other,Other Household Member,ZIWANI POLICE,MJINI,PUBLIC,UNGUJA,NUNGWI BANDAKUU,144437,143452,878264.0,13.79,31.08,24.67,78.94,94.7,MKOKOTONI-Zanzibar,True
KASKAZINI A,2021,1,3,10,21.24,-5.88,39.31,Male,30-44 yrs,YES,Watchman/Police,Index Case,AL-MANNA DISPENSARY,MJINI,PRIVATE,UNGUJA,KILINDI,145515,143789,878264.0,26.97,30.02,25.32,79.34,94.7,MKOKOTONI-Zanzibar,True
KASKAZINI A,2021,1,4,18,18.71,-5.84,39.32,Male,15-29 yrs,YES,Civil Servant,Index Case,MATEMWE PHCU+,MJINI,PUBLIC,UNGUJA,MATEMWE KUSINI,146714,144106,878264.0,0.0,32.84,24.09,78.74,94.7,MKOKOTONI-Zanzibar,True
KASKAZINI A,2021,1,5,24,22.47,-5.87,39.28,Male,< 5 yrs,YES,Other,Index Case,KIVUNGE DISTRICT HOSPITAL,MJINI,PUBLIC,UNGUJA,KIVUNGE,147432,144355,878264.0,8.51,31.81,24.44,79.34,94.7,MKOKOTONI-Zanzibar,True
KASKAZINI A,2021,1,6,31,25.0,-5.86,39.3,Male,15-29 yrs,NO,Fisherman,Index Case,MBWENI MATREKTA PHCU,MJINI,PUBLIC,UNGUJA,KILINDI,148215,144492,878264.0,19.82,30.59,23.89,78.55,94.7,MKOKOTONI-Zanzibar,False
KASKAZINI A,2021,2,6,1,19.19,-5.91,39.29,Female,30-44 yrs,NO,Other,Other Household Member,ZIWANI POLICE,MJINI,PUBLIC,UNGUJA,KINYASINI,148410,144634,878264.0,0.0,32.18,24.87,78.18,94.7,MKOKOTONI-Zanzibar,True
KASKAZINI A,2021,2,7,7,19.56,-5.85,39.28,Male,15-29 yrs,NO,Watchman/Police,Index Case,GLORY DISPENSARY,MJINI,PRIVATE,UNGUJA,PWANI MCHANGANI,148938,144778,878264.0,4.64,30.74,25.34,78.7,94.7,MKOKOTONI-Zanzibar,True
KASKAZINI A,2021,2,8,14,25.74,-5.85,39.29,Male,30-44 yrs,NO,Other,Other Household Member,ZIWANI POLICE,MJINI,PUBLIC,UNGUJA,KILINDI,149464,144907,878264.0,2.36,31.59,25.45,78.37,94.7,MKOKOTONI-Zanzibar,True
KASKAZINI A,2021,2,9,22,25.37,-5.89,39.31,Male,15-29 yrs,NO,Student,Other Household Member,ZIWANI POLICE,MJINI,PUBLIC,UNGUJA,MKOKOTONI,150072,145067,878264.0,28.42,31.5,24.34,77.51,94.7,MKOKOTONI-Zanzibar,False
KASKAZINI A,2021,2,10,28,17.0,-5.85,39.3,Male,15-29 yrs,YES,Other,Index Case,GAMBA PHCU,MJINI,PUBLIC,UNGUJA,CHUTAMA,150497,145240,878264.0,67.33,31.85,24.28,77.1,94.7,MKOKOTONI-Zanzibar,False
KASKAZINI A,2021,3,10,1,23.0,-5.87,39.25,Male,30-44 yrs,NO,Fisherman,Index Case,KITOPE CHURCH DISPENSARY,MJINI,PRIVATE,UNGUJA,TUMBATU UVIVINI,150550,145329,878264.0,0.0,32.68,26.07,77.41,94.7,MKOKOTONI-Zanzibar,False
KASKAZINI A,2021,3,11,7,24.09,-5.85,39.29,Female,30-44 yrs,NO,Other,Other Household Member,ZIWANI POLICE,MJINI,PUBLIC,UNGUJA,KINYASINI,150822,145233,878264.0,0.0,32.74,25.14,77.28,94.7,MKOKOTONI-Zanzibar,True
KASKAZINI A,2021,3,12,14,21.68,-5.89,39.26,Male,15-29 yrs,NO,Other,Index Case,KIVUNGE DISTRICT HOSPITAL,MJINI,PUBLIC,UNGUJA,MKWAJUNI,151302,145492,878264.0,0.0,32.52,23.95,77.33,94.7,MKOKOTONI-Zanzibar,False
KASKAZINI A,2021,3,13,21,23.3,-5.88,39.27,Male,30-44 yrs,NO,Business,Index Case,TUMBATU JONGOWE PHCU,MJINI,PUBLIC,UNGUJA,TUMBATU JONGOWE,151718,145652,878264.0,4.77,32.31,25.14,77.79,94.7,MKOKOTONI-Zanzibar,True
KASKAZINI A,2021,3,14,28,19.64,-5.88,39.29,Male,15-29 yrs,NO,Fisherman,Index Case,KIVUNGE DISTRICT HOSPITAL,MJINI,PUBLIC,UNGUJA,MKOKOTONI,152081,145741,878264.0,14.28,31.26,24.41,76.84,94.7,MKOKOTONI-Zanzibar,True
KASKAZINI A,2021,4,14,3,33.25,-5.73,39.3,Female,30-44 yrs,NO,Business,Other Household Member,ZIWANI POLICE,MJINI,PUBLIC,UNGUJA,NUNGWI KIUNGANI,152401,145836,878264.0,51.63,30.55,25.03,86.2,94.7,MKOKOTONI-Zanzibar,False
KASKAZINI A,2021,4,15,4,21.75,-5.89,39.28,Male,15-29 yrs,NO,Business,Index Case,NORTH VALLEY DISPENSARY,MJINI,PRIVATE,UNGUJA,NUNGWI BANDAKUU,152408,145841,878264.0,45.01,30.23,24.98,84.07,94.7,MKOKOTONI-Zanzibar,False
KASKAZINI A,2021,4,16,11,24.07,-5.87,39.29,Female,15-29 yrs,NO,Housewife,Other Household Member,ZIWANI POLICE,MJINI,PUBLIC,UNGUJA,DONGE MCHANGANI,152707,145918,878264.0,36.41,29.59,24.87,84.72,94.7,MKOKOTONI-Zanzibar,False
KASKAZINI A,2021,4,17,19,21.63,-5.88,39.28,Male,15-29 yrs,NO,Fisherman,Index Case,AL-MANNA DISPENSARY,MJINI,PRIVATE,UNGUJA,NUNGWI BANDAKUU,153170,146064,878264.0,68.31,28.45,24.31,84.84,94.7,MKOKOTONI-Zanzibar,True
KASKAZINI A,2021,4,18,26,32.78,-5.87,39.27,Female,< 5 yrs,YES,Other,Index Case,NORTH VALLEY DISPENSARY,MJINI,PRIVATE,UNGUJA,KILINDI,153554,146183,878264.0,46.49,30.95,24.75,85.33,94.7,MKOKOTONI-Zanzibar,False
KASKAZINI A,2021,5,19,3,24.21,-5.88,39.25,Female,15-29 yrs,NO,Housewife,Index Case,TUMBATU GOMANI PHCU+,MJINI,PUBLIC,UNGUJA,MTAKUJA,153893,146315,878264.0,39.82,29.29,24.22,78.81,94.7,MKOKOTONI-Zanzibar,False
KASKAZINI A,2021,5,20,10,22.52,-5.85,39.28,Female,15-29 yrs,NO,Housewife,Index Case,PWANI MCHANGANI PHCU,MJINI,PUBLIC,UNGUJA,PWANI MCHANGANI,154369,146439,878264.0,0.0,29.93,24.74,78.31,94.7,MKOKOTONI-Zanzibar,True
KASKAZINI A,2021,5,21,16,28.29,-5.84,39.3,Male,15-29 yrs,NO,Other,Index Case,KIVUNGE DISTRICT HOSPITAL,MJINI,PUBLIC,UNGUJA,MUWANGE,154617,146549,878264.0,0.0,30.76,24.74,78.27,94.7,MKOKOTONI-Zanzibar,True
KASKAZINI A,2021,5,22,24,24.0,-5.9,39.3,Female,15-29 yrs,YES,Other,Index Case,KENDWA PHCU,MJINI,PUBLIC,UNGUJA,MATEMWE KASKAZINI,155397,146766,878264.0,0.0,30.4,25.09,78.68,94.7,MKOKOTONI-Zanzibar,False
KASKAZINI A,2021,5,23,30,46.0,-5.84,39.29,Female,15-29 yrs,YES,Housewife,Index Case,KIDOTI PHCU,MJINI,PUBLIC,UNGUJA,BWEREU,155841,146877,878264.0,0.0,29.21,24.11,77.75,94.7,MKOKOTONI-Zanzibar,False
KASKAZINI A,2021,6,23,2,29.86,-5.81,39.3,Male,15-29 yrs,NO,Other,Index Case,AL-MANNA DISPENSARY,MJINI,PRIVATE,UNGUJA,NUNGWI KIUNGANI,156041,146947,878264.0,0.0,30.04,23.46,74.42,94.7,MKOKOTONI-Zanzibar,False
KASKAZINI A,2021,6,24,6,20.05,-5.77,39.29,Female,< 5 yrs,NO,Other,Other Household Member,ZIWANI POLICE,MJINI,PUBLIC,UNGUJA,NUNGWI KIUNGANI,156284,147009,878264.0,0.0,29.25,23.78,74.73,94.7,MKOKOTONI-Zanzibar,True
KASKAZINI A,2021,6,25,14,20.9,-5.85,39.29,Male,15-29 yrs,NO,Fisherman,Index Case,TAZARI PHCU,MJINI,PUBLIC,UNGUJA,TAZARI,156711,147201,878264.0,0.97,28.82,23.61,74.91,94.7,MKOKOTONI-Zanzibar,False
KASKAZINI A,2021,6,26,20,20.86,-5.82,39.32,Male,15-29 yrs,NO,Farmer,Index Case,GLORY DISPENSARY,MJINI,PRIVATE,UNGUJA,KINYASINI,157073,147289,878264.0,1.64,28.64,23.08,75.24,94.7,MKOKOTONI-Zanzibar,True
KASKAZINI A,2021,6,27,27,22.46,-5.9,39.3,Female,15-29 yrs,NO,Student,Other Household Member,ZIWANI POLICE,MJINI,PUBLIC,UNGUJA,MKOKOTONI,157630,147480,878264.0,2.7,28.4,23.09,75.56,94.7,MKOKOTONI-Zanzibar,False
KASKAZINI A,2021,7,27,1,16.14,-5.85,39.26,Male,5-14 yrs,NO,Under school age (<6 years),Other Household Member,ZIWANI POLICE,MJINI,PUBLIC,UNGUJA,MKWAJUNI,157938,147570,878264.0,0.0,29.69,22.82,72.74,94.7,MKOKOTONI-Zanzibar,False
KASKAZINI A,2021,7,28,7,24.11,-5.93,39.3,Male,15-29 yrs,NO,Other,Other Household Member,ZIWANI POLICE,MJINI,PUBLIC,UNGUJA,BWEREU,158223,146877,878264.0,3.75,27.78,23.38,73.35,94.7,MKOKOTONI-Zanzibar,False
KASKAZINI A,2021,7,29,11,22.24,-5.87,39.3,Male,15-29 yrs,YES,Business,Index Case,KIVUNGE DISTRICT HOSPITAL,MJINI,PUBLIC,UNGUJA,KIBENI,158443,147751,878264.0,15.82,28.86,24.08,73.14,94.7,MKOKOTONI-Zanzibar,False
KASKAZINI A,2021,7,30,19,19.32,-5.91,39.29,Female,15-29 yrs,NO,Housewife,Index Case,KENDWA PHCU,MJINI,PUBLIC,UNGUJA,NUNGWI KIUNGANI,158995,147909,878264.0,0.0,28.67,24.35,73.34,94.7,MKOKOTONI-Zanzibar,False
KASKAZINI A,2021,7,31,25,23.24,-5.89,39.29,Female,30-44 yrs,NO,Housewife,Other Household Member,ZIWANI POLICE,MJINI,PUBLIC,UNGUJA,GAMBA,159170,147971,878264.0,0.0,28.16,23.53,73.55,94.7,MKOKOTONI-Zanzibar,True
KASKAZINI A,2021,8,32,5,13.67,-5.89,39.3,Male,30-44 yrs,NO,Business,Index Case,KIVUNGE DISTRICT HOSPITAL,MJINI,PUBLIC,UNGUJA,PITANAZAKO,159721,148139,878264.0,0.0,26.94,22.74,77.43,94.7,MKOKOTONI-Zanzibar,False
KASKAZINI A,2021,8,33,10,27.65,-5.92,39.28,Male,15-29 yrs,NO,Farmer,Other Household Member,ZIWANI POLICE,MJINI,PUBLIC,UNGUJA,DONGE MCHANGANI,159851,148211,878264.0,0.0,29.42,22.35,75.64,94.7,MKOKOTONI-Zanzibar,False
KASKAZINI A,2021,8,34,16,24.35,-5.9,39.28,Male,< 5 yrs,NO,Other,Index Case,ICB DISPENSARY,MJINI,PRIVATE,UNGUJA,NUNGWI KIUNGANI,160068,148167,878264.0,2.01,28.63,22.66,75.52,94.7,MKOKOTONI-Zanzibar,True
KASKAZINI A,2021,8,35,22,23.03,-5.87,39.3,Male,30-44 yrs,NO,Business,Index Case,GLORY DISPENSARY,MJINI,PRIVATE,UNGUJA,CHAANI KUBWA,160300,148355,878264.0,3.1,28.64,22.25,75.98,94.7,MKOKOTONI-Zanzibar,False
KASKAZINI A,2021,8,36,29,21.22,-5.89,39.34,Male,30-44 yrs,NO,Business,Other Household Member,ZIWANI POLICE,MJINI,PUBLIC,UNGUJA,CHAANI KUBWA,160521,148423,878264.0,2.5,27.92,22.02,76.67,94.7,MKOKOTONI-Zanzibar,False
KASKAZINI A,2021,9,37,6,22.06,-5.89,39.32,Female,15-29 yrs,YES,Housewife,Index Case,KIJINI PHCU,MJINI,PUBLIC,UNGUJA,KIJINI MATEMWE,160777,148499,878264.0,0.0,28.8,23.18,73.79,94.7,MKOKOTONI-Zanzibar,False
KASKAZINI A,2021,9,38,13,24.0,-5.79,39.3,Female,30-44 yrs,NO,Business,Other Household Member,ZIWANI POLICE,MJINI,PUBLIC,UNGUJA,NUNGWI BANDAKUU,161182,148597,878264.0,0.0,27.85,22.96,75.17,94.7,MKOKOTONI-Zanzibar,False
KASKAZINI A,2021,9,39,21,25.83,-5.85,39.34,Male,15-29 yrs,YES,Other,Index Case,MATEMWE PHCU+,MJINI,PUBLIC,UNGUJA,MATEMWE KASKAZINI,161436,148678,878264.0,0.0,28.66,22.46,75.08,94.7,MKOKOTONI-Zanzibar,False
KASKAZINI A,2021,10,40,1,23.0,-5.88,39.27,Female,5-14 yrs,NO,Under school age (<6 years),Other Household Member,ZIWANI POLICE,MJINI,PUBLIC,UNGUJA,MKOKOTONI,161846,148784,878264.0,0.0,32.81,23.0,73.45,94.7,MKOKOTONI-Zanzibar,False
KASKAZINI A,2021,10,41,4,12.58,-5.84,39.28,Female,15-29 yrs,YES,Business,Index Case,GLORY DISPENSARY,MJINI,PRIVATE,UNGUJA,KINYASINI,161918,148802,878264.0,0.0,31.11,22.73,75.9,94.7,MKOKOTONI-Zanzibar,False
KASKAZINI A,2021,10,42,11,33.0,-5.88,39.33,Male,15-29 yrs,NO,Other,Index Case,PWANI MCHANGANI PHCU,MJINI,PUBLIC,UNGUJA,PWANI MCHANGANI,162217,148895,878264.0,0.0,30.97,23.61,75.54,94.7,MKOKOTONI-Zanzibar,False
KASKAZINI A,2021,10,43,18,25.41,-5.82,39.28,Male,5-14 yrs,NO,Student,Index Case,TUMBATU GOMANI PHCU+,MJINI,PUBLIC,UNGUJA,TUMBATU GOMANI,162382,148937,878264.0,9.77,30.71,23.56,76.15,94.7,MKOKOTONI-Zanzibar,False
KASKAZINI A,2021,10,44,29,24.0,-5.73,39.3,Female,15-29 yrs,NO,Other,Index Case,KENDWA PHCU,MJINI,PUBLIC,UNGUJA,NUNGWI KIUNGANI,162814,149059,878264.0,4.4,29.88,24.01,76.25,94.7,MKOKOTONI-Zanzibar,False
KASKAZINI A,2021,11,45,1,19.39,-5.91,39.29,Male,15-29 yrs,NO,Business,Other Household Member,ZIWANI POLICE,MJINI,PUBLIC,UNGUJA,NUNGWI KIUNGANI,162887,149079,878264.0,0.0,31.17,24.26,77.21,94.7,MKOKOTONI-Zanzibar,False
KASKAZINI A,2021,11,46,7,17.14,-5.88,39.28,Female,< 5 yrs,NO,Other,Other Household Member,ZIWANI POLICE,MJINI,PUBLIC,UNGUJA,KIBENI,163129,149146,878264.0,0.0,32.1,24.06,77.45,94.7,MKOKOTONI-Zanzibar,False
KASKAZINI A,2021,11,47,15,18.88,-5.88,39.33,Male,5-14 yrs,NO,Under school age (<6 years),Other Household Member,ZIWANI POLICE,MJINI,PUBLIC,UNGUJA,MBUYU TENDE,163419,149219,878264.0,0.0,31.8,23.98,78.22,94.7,MKOKOTONI-Zanzibar,False
KASKAZINI A,2021,11,48,22,20.15,-5.89,39.32,Male,5-14 yrs,NO,Student,Index Case,MKOKOTONI PHCU,MJINI,PUBLIC,UNGUJA,MKOKOTONI,163562,149276,878264.0,12.14,32.72,24.91,75.97,94.7,MKOKOTONI-Zanzibar,True
KASKAZINI A,2021,11,49,29,16.25,-5.91,39.25,Female,< 5 yrs,YES,Farmer,Index Case,DONGE MCHANGANI PHCU,MJINI,PUBLIC,UNGUJA,DONGE MCHANGANI,163865,149345,878264.0,28.78,31.24,25.41,78.3,94.7,MKOKOTONI-Zanzibar,False
KASKAZINI A,2021,12,49,1,19.33,-5.88,39.27,Male,5-14 yrs,NO,Under school age (<6 years),Index Case,KIVUNGE DISTRICT HOSPITAL,MJINI,PUBLIC,UNGUJA,MKOKOTONI,163893,149371,878264.0,0.0,31.2,24.88,81.29,94.7,MKOKOTONI-Zanzibar,False
KASKAZINI A,2021,12,51,13,19.21,-5.82,39.28,Female,< 5 yrs,NO,Other,Index Case,MKOKOTONI PHCU,MJINI,PUBLIC,UNGUJA,MKOKOTONI,164205,149458,878264.0,17.02,31.03,23.89,80.74,94.7,MKOKOTONI-Zanzibar,False
KASKAZINI A,2021,12,52,19,16.19,-5.87,39.29,Male,< 5 yrs,NO,Other,Index Case,MAWIMBINI DISPENSARY,MJINI,PRIVATE,UNGUJA,MKOKOTONI,164365,149506,878264.0,11.34,31.2,24.48,80.59,94.7,MKOKOTONI-Zanzibar,False
KASKAZINI A,2021,12,53,27,19.2,-5.84,39.29,Female,15-29 yrs,NO,Other,Index Case,PWANI MCHANGANI PHCU,MJINI,PUBLIC,UNGUJA,PWANI MCHANGANI,164713,149589,878264.0,0.0,32.37,24.94,79.76,94.7,MKOKOTONI-Zanzibar,False
KASKAZINI A,2022,1,1,1,5.0,-5.88,39.25,Female,5-14 yrs,NO,Other,Index Case,KAUTHAR SPECIALIZED CLINIC,MJINI,PUBLIC,UNGUJA,MKOKOTONI,165046,149679,388344.4,0.0,34.27,26.35,78.9,97.8,MKOKOTONI-Zanzibar,False
KASKAZINI A,2022,1,2,2,17.78,-5.82,39.29,Female,15-29 yrs,NO,Other,Other Household Member,ZIWANI POLICE,MJINI,PUBLIC,UNGUJA,MKOKOTONI,165057,149679,388344.4,0.0,33.52,25.77,78.7,97.8,MKOKOTONI-Zanzibar,True
KASKAZINI A,2022,1,3,9,26.45,-5.84,39.29,Female,15-29 yrs,NO,Housewife,Other Household Member,ZIWANI POLICE,MJINI,PUBLIC,UNGUJA,MKOKOTONI,165890,149906,388344.4,0.0,33.04,26.28,78.99,97.8,MKOKOTONI-Zanzibar,True
KASKAZINI A,2022,1,4,16,17.5,-5.85,39.29,Female,< 5 yrs,NO,Other,Other Household Member,ZIWANI POLICE,MJINI,PUBLIC,UNGUJA,KILINDI,166729,150113,388344.4,30.52,32.65,25.33,78.22,97.8,MKOKOTONI-Zanzibar,True
KASKAZINI A,2022,1,5,23,20.99,-5.85,39.29,Male,15-29 yrs,NO,Other,Other Household Member,ZIWANI POLICE,MJINI,PUBLIC,UNGUJA,MKOKOTONI,167516,150339,388344.4,26.83,30.84,24.37,78.06,97.8,MKOKOTONI-Zanzibar,True
KASKAZINI A,2022,1,6,30,22.0,-5.84,39.35,Female,15-29 yrs,NO,Student,Index Case,MAWIMBINI DISPENSARY,MJINI,PRIVATE,UNGUJA,MBUYU TENDE,168107,150493,388344.4,44.36,30.03,25.16,78.7,97.8,MKOKOTONI-Zanzibar,False
KASKAZINI A,2022,2,6,1,23.28,-5.87,39.28,Male,45+ yrs,NO,Fisherman,Index Case,KIVUNGE DISTRICT HOSPITAL,MJINI,PUBLIC,UNGUJA,MKWAJUNI,168274,150535,388344.4,27.16,31.07,24.49,80.77,97.8,MKOKOTONI-Zanzibar,False
KASKAZINI A,2022,2,7,6,23.09,-5.85,39.3,Male,< 5 yrs,NO,Other,Other Household Member,ZIWANI POLICE,MJINI,PUBLIC,UNGUJA,KILIMANI TAZARI,168458,150586,388344.4,11.34,31.55,24.58,80.07,97.8,MKOKOTONI-Zanzibar,True
KASKAZINI A,2022,2,8,13,22.73,-5.86,39.3,Male,30-44 yrs,NO,Other,Index Case,KIBWENI KMKM,MJINI,PUBLIC,UNGUJA,KIGUNDA,168921,150576,388344.4,19.99,32.48,24.9,79.39,97.8,MKOKOTONI-Zanzibar,True
KASKAZINI A,2022,2,9,20,22.12,-5.9,39.33,Male,30-44 yrs,NO,Business,Other Household Member,ZIWANI POLICE,MJINI,PUBLIC,UNGUJA,KILINDI,169243,150781,388344.4,27.09,32.28,25.26,80.15,97.8,MKOKOTONI-Zanzibar,False
KASKAZINI A,2022,3,10,1,17.64,-5.85,39.28,Male,5-14 yrs,NO,Under school age (<6 years),Index Case,DONGE MCHANGANI PHCU,MJINI,PUBLIC,UNGUJA,DONGE KIPANGE,169627,150913,388344.4,0.0,33.4,24.93,76.8,97.8,MKOKOTONI-Zanzibar,False
KASKAZINI A,2022,3,11,8,17.44,-5.87,39.31,Female,< 5 yrs,NO,Other,Other Household Member,ZIWANI POLICE,MJINI,PUBLIC,UNGUJA,NUNGWI KIUNGANI,169998,151013,388344.4,0.0,32.06,24.19,76.34,97.8,MKOKOTONI-Zanzibar,False
KASKAZINI A,2022,3,12,14,26.68,-5.86,39.25,Male,15-29 yrs,NO,Farmer,Other Household Member,ZIWANI POLICE,MJINI,PUBLIC,UNGUJA,GAMBA,170343,151089,388344.4,0.0,32.73,25.22,77.93,97.8,MKOKOTONI-Zanzibar,False
KASKAZINI A,2022,3,13,21,20.47,-5.84,39.31,Male,45+ yrs,NO,Other,Other Household Member,ZIWANI POLICE,MJINI,PUBLIC,UNGUJA,MKOKOTONI,170717,151200,388344.4,5.12,31.94,25.71,76.96,97.8,MKOKOTONI-Zanzibar,False
KASKAZINI A,2022,3,14,27,23.77,-5.85,39.28,Female,< 5 yrs,NO,Other,Index Case,KIVUNGE DISTRICT HOSPITAL,MJINI,PUBLIC,UNGUJA,POTOA,170925,151280,388344.4,16.4,32.89,25.34,77.48,97.8,MKOKOTONI-Zanzibar,False
KASKAZINI A,2022,4,14,2,25.0,-5.89,39.29,Male,15-29 yrs,NO,Civil Servant,Index Case,MAWIMBINI DISPENSARY,MJINI,PRIVATE,UNGUJA,MKWAJUNI,171201,151372,388344.4,0.0,33.41,25.97,83.95,97.8,MKOKOTONI-Zanzibar,False
KASKAZINI A,2022,4,15,4,28.79,-5.88,39.3,Female,30-44 yrs,NO,Business,Index Case,KAUTHAR SPECIALIZED CLINIC,MJINI,PUBLIC,UNGUJA,NUNGWI KIUNGANI,171335,151394,388344.4,13.61,32.12,25.07,83.84,97.8,MKOKOTONI-Zanzibar,False
KASKAZINI A,2022,4,16,11,23.75,-5.85,39.29,Male,30-44 yrs,NO,Other,Index Case,GAMBA PHCU,MJINI,PUBLIC,UNGUJA,CHUTAMA,171712,151486,388344.4,63.21,31.28,25.46,84.01,97.8,MKOKOTONI-Zanzibar,False
KASKAZINI A,2022,4,17,19,23.73,-5.9,39.26,Male,15-29 yrs,NO,Farmer,Index Case,DONGE MCHANGANI PHCU,MJINI,PUBLIC,UNGUJA,DONGE MCHANGANI,171973,151561,388344.4,157.75,30.27,24.7,83.29,97.8,MKOKOTONI-Zanzibar,False
KASKAZINI A,2022,4,18,25,17.01,-5.9,39.27,Female,15-29 yrs,NO,Housewife,Other Household Member,ZIWANI POLICE,MJINI,PUBLIC,UNGUJA,MKOKOTONI,172233,151642,388344.4,67.0,30.71,25.07,83.15,97.8,MKOKOTONI-Zanzibar,False
KASKAZINI A,2022,5,19,2,22.27,-5.84,39.27,Male,< 5 yrs,NO,Housewife,Index Case,KENDWA PHCU,MJINI,PUBLIC,UNGUJA,KILINDI,172494,151715,388344.4,17.13,29.72,24.19,81.92,97.8,MKOKOTONI-Zanzibar,False
KASKAZINI A,2022,5,20,9,20.54,-5.82,39.29,Female,15-29 yrs,NO,Other,Index Case,NUNGWI PHCU+,MJINI,PUBLIC,UNGUJA,NUNGWI KIUNGANI,172808,151813,388344.4,0.0,30.64,26.21,81.24,97.8,MKOKOTONI-Zanzibar,True
KASKAZINI A,2022,5,21,15,23.01,-5.87,39.28,Male,5-14 yrs,NO,Other,Index Case,GLORY DISPENSARY,MJINI,PRIVATE,UNGUJA,KINYASINI,172979,151893,388344.4,9.2,31.04,25.43,81.04,97.8,MKOKOTONI-Zanzibar,False
KASKAZINI A,2022,5,22,23,20.15,-5.87,39.29,Female,15-29 yrs,NO,Housewife,Other Household Member,ZIWANI POLICE,MJINI,PUBLIC,UNGUJA,NUNGWI BANDAKUU,173354,152037,388344.4,9.06,30.73,25.81,81.0,97.8,MKOKOTONI-Zanzibar,True
KASKAZINI A,2022,5,23,30,24.0,-5.91,39.3,Male,15-29 yrs,NO,Student,Index Case,PWANI MCHANGANI PHCU,MJINI,PUBLIC,UNGUJA,KINYASINI,173743,152148,388344.4,6.66,28.98,24.31,80.9,97.8,MKOKOTONI-Zanzibar,False
KASKAZINI A,2022,6,23,1,28.1,-5.91,39.32,Male,30-44 yrs,NO,Business,Other Household Member,ZIWANI POLICE,MJINI,PUBLIC,UNGUJA,KINYASINI,173830,152118,388344.4,8.3,30.75,23.87,79.54,97.8,MKOKOTONI-Zanzibar,False
KASKAZINI A,2022,6,24,5,24.97,-5.89,39.29,Male,15-29 yrs,NO,Fisherman,Index Case,MKOKOTONI PHCU,MJINI,PUBLIC,UNGUJA,MTO WAPWANI,174047,1102,388344.4,5.13,28.78,23.97,78.92,97.8,MKOKOTONI-Zanzibar,True
KASKAZINI A,2022,6,25,13,20.35,-5.84,39.28,Male,15-29 yrs,NO,Business,Index Case,AHSANA DISPENSARY,MJINI,PRIVATE,UNGUJA,NUNGWI KIUNGANI,174492,152387,388344.4,3.45,29.65,23.96,79.91,97.8,MKOKOTONI-Zanzibar,False
KASKAZINI A,2022,6,26,20,33.42,-5.87,39.27,Male,45+ yrs,NO,Business,Index Case,MKOKOTONI PHCU,MJINI,PUBLIC,UNGUJA,MTO WAPWANI,174801,152490,388344.4,8.31,28.75,24.15,79.89,97.8,MKOKOTONI-Zanzibar,True
KASKAZINI A,2022,6,27,26,24.8,-5.88,39.26,Male,30-44 yrs,NO,Business,Other Household Member,ZIWANI POLICE,MJINI,PUBLIC,UNGUJA,MTO WAPWANI,175057,152541,388344.4,13.01,29.53,24.41,79.68,97.8,MKOKOTONI-Zanzibar,False
KASKAZINI A,2022,7,27,2,23.33,-5.95,39.3,Male,< 5 yrs,NO,Other,Index Case,KAUTHAR SPECIALIZED CLINIC,NORTH A,PUBLIC,UNGUJA,MTO WAPWANI,175367,152657,388344.4,0.0,27.73,22.68,80.6,97.8,MKOKOTONI-Zanzibar,False
KASKAZINI A,2022,7,28,4,21.77,-5.94,39.26,Male,< 5 yrs,NO,Other,Index Case,MKOKOTONI PHCU,NORTH A,PUBLIC,UNGUJA,MTO WAPWANI,175428,152676,388344.4,0.0,27.67,22.63,81.21,97.8,MKOKOTONI-Zanzibar,True
KASKAZINI A,2022,7,29,11,30.26,-5.8,39.28,Female,15-29 yrs,NO,Business,Index Case,TAZARI PHCU,MJINI,PUBLIC,UNGUJA,TAZARI,175630,1103,388344.4,13.19,26.86,22.16,80.23,97.8,MKOKOTONI-Zanzibar,False
KASKAZINI A,2022,7,30,17,24.14,-5.87,39.26,Female,15-29 yrs,NO,Housewife,Other Household Member,ZIWANI POLICE,MJINI,PUBLIC,UNGUJA,MTAKUJA,175824,1142,388344.4,3.23,28.51,22.73,80.32,97.8,MKOKOTONI-Zanzibar,False
KASKAZINI A,2022,7,31,25,27.52,-5.91,39.27,Female,30-44 yrs,YES,Other,Index case,NUNGWI PHCU+,KASKAZINI A,PUBLIC,UNGUJA,Nungwi bandakuu,NotInvest,UNKNOWN_CASE,388344.4,0.0,28.82,22.55,81.32,97.8,MKOKOTONI-Zanzibar,False
KASKAZINI A,2022,8,32,3,19.57,-5.87,39.33,Female,30-44 yrs,NO,Housewife,Index Case,PWANI MCHANGANI PHCU,MJINI,PUBLIC,UNGUJA,PWANI MCHANGANI,176345,1278,388344.4,3.47,27.77,21.47,80.32,97.8,MKOKOTONI-Zanzibar,False
KASKAZINI A,2022,8,33,9,19.12,-5.92,39.24,Male,15-29 yrs,NO,Farmer,Index Case,DONGE MCHANGANI PHCU,MJINI,PUBLIC,UNGUJA,DONGE MCHANGANI,176452,1300,388344.4,10.53,28.2,21.33,78.64,97.8,MKOKOTONI-Zanzibar,False
KASKAZINI A,2022,8,34,15,18.94,-5.91,39.25,Female,15-29 yrs,NO,Other,Other Household Member,ZIWANI POLICE,MJINI,PUBLIC,UNGUJA,DONGE MCHANGANI,176629,1338,388344.4,4.51,28.58,21.39,80.08,97.8,MKOKOTONI-Zanzibar,False
KASKAZINI A,2022,8,35,24,14.0,-5.91,39.29,Female,< 5 yrs,NO,Other,Index Case,KAUTHAR SPECIALIZED CLINIC,MJINI,PUBLIC,UNGUJA,CHUTAMA,176806,1423,388344.4,6.9,28.72,21.74,80.05,97.8,MKOKOTONI-Zanzibar,False
KASKAZINI A,2022,8,36,29,21.82,-5.82,39.29,Female,15-29 yrs,NO,Student,Index Case,NUNGWI PHCU+,MJINI,PUBLIC,UNGUJA,NUNGWI KIUNGANI,176950,1439,388344.4,17.26,27.8,22.03,79.51,97.8,MKOKOTONI-Zanzibar,False
KASKAZINI A,2022,9,36,1,17.19,-5.88,39.27,Female,15-29 yrs,NO,Business,Other Household Member,ZIWANI POLICE,MJINI,PUBLIC,UNGUJA,MTO WAPWANI,177017,1441,388344.4,0.0,30.25,21.97,75.21,97.8,MKOKOTONI-Zanzibar,False
KASKAZINI A,2022,9,37,4,24.1,-5.87,39.26,Female,15-29 yrs,NO,Other,Index Case,NORTH VALLEY DISPENSARY,MJINI,PRIVATE,UNGUJA,KILINDI,177080,1498,388344.4,0.0,28.01,21.5,74.99,97.8,MKOKOTONI-Zanzibar,False
KASKAZINI A,2022,9,38,13,21.17,-5.9,39.28,Male,45+ yrs,NO,Farmer,Index Case,DONGE MCHANGANI PHCU,MJINI,PUBLIC,UNGUJA,DONGE MCHANGANI,177260,1583,388344.4,1.81,28.74,21.94,75.44,97.8,MKOKOTONI-Zanzibar,False
KASKAZINI A,2022,9,40,25,25.24,-5.86,39.31,Male,15-29 yrs,NO,Business,Index Case,HOME DISPENSARY,MJINI,PUBLIC,UNGUJA,MATEMWE KUSINI,177504,1644,388344.4,0.0,31.0,22.96,74.81,97.8,MKOKOTONI-Zanzibar,False
KASKAZINI A,2022,10,41,3,26.5,-5.91,39.31,Male,15-29 yrs,NO,Farmer,Index Case,DONGE MCHANGANI PHCU,MJINI,PUBLIC,UNGUJA,DONGE MCHANGANI,177689,1691,388344.4,0.0,30.0,22.22,72.8,97.8,MKOKOTONI-Zanzibar,False
KASKAZINI A,2022,10,42,12,22.5,-5.93,39.23,Male,< 5 yrs,NO,Other,Index Case,DONGE MCHANGANI PHCU,MJINI,PUBLIC,UNGUJA,DONGE MCHANGANI,177860,1739,388344.4,9.86,29.08,22.68,72.98,97.8,MKOKOTONI-Zanzibar,False
KASKAZINI A,2022,10,43,17,27.93,-5.88,39.34,Female,30-44 yrs,NO,Housewife,Index Case,KIJINI PHCU,MJINI,PUBLIC,UNGUJA,MBUYU TENDE,177935,1753,388344.4,0.0,30.64,22.85,72.79,97.8,MKOKOTONI-Zanzibar,False
KASKAZINI A,2022,10,44,25,20.0,-5.89,39.32,Male,15-29 yrs,NO,Civil Servant,Index Case,PWANI MCHANGANI PHCU,MJINI,PUBLIC,UNGUJA,PWANI MCHANGANI,178096,1812,388344.4,0.0,30.67,24.04,72.28,97.8,MKOKOTONI-Zanzibar,False
KASKAZINI A,2022,11,45,1,20.22,-5.9,39.32,Male,15-29 yrs,NO,Fisherman,Index Case,GAMBA PHCU,MJINI,PUBLIC,UNGUJA,MKWAJUNI,178198,1853,388344.4,17.93,31.41,23.42,74.42,97.8,MKOKOTONI-Zanzibar,False
KASKAZINI A,2022,11,46,6,22.07,-5.75,39.3,Male,30-44 yrs,NO,Business,Index Case,KIVUNGE DISTRICT HOSPITAL,MJINI,PUBLIC,UNGUJA,KIDOTI,178273,1943,388344.4,7.04,30.86,24.63,73.85,97.8,MKOKOTONI-Zanzibar,False
KASKAZINI A,2022,11,47,14,27.83,-5.88,39.32,Female,15-29 yrs,NO,Housewife,Index Case,NUNGWI PHCU+,MJINI,PUBLIC,UNGUJA,KILIMANI TAZARI,178440,1930,388344.4,1.42,30.27,24.08,75.16,97.8,MKOKOTONI-Zanzibar,False
KASKAZINI A,2022,11,48,20,23.67,-5.92,39.32,Female,15-29 yrs,NO,Other,Index Case,GLORY CLINIC,MJINI,PRIVATE,UNGUJA,KINYASINI,178516,1796,388344.4,13.83,31.4,24.36,76.78,97.8,MKOKOTONI-Zanzibar,False
KASKAZINI A,2022,11,49,28,29.0,-5.83,39.27,Female,15-29 yrs,NO,Other,Index Case,EAZY TIBA MEDICAL CENTER,MJINI,PUBLIC,UNGUJA,NUNGWI KIUNGANI,178711,2030,388344.4,55.65,30.54,25.04,75.15,97.8,MKOKOTONI-Zanzibar,False
KASKAZINI A,2022,12,49,1,26.46,-5.87,39.28,Male,15-29 yrs,NO,Farmer,Other Household Member,ZIWANI POLICE,MJINI,PUBLIC,UNGUJA,DONGE MCHANGANI,178756,2017,388344.4,0.0,33.22,24.93,78.08,97.8,MKOKOTONI-Zanzibar,False
KASKAZINI A,2022,12,50,5,20.46,-5.89,39.25,Male,15-29 yrs,NO,Farmer,Index Case,DONGE MCHANGANI PHCU,MJINI,PUBLIC,UNGUJA,DONGE MCHANGANI,178851,2077,388344.4,0.0,31.87,24.55,77.61,97.8,MKOKOTONI-Zanzibar,False
KASKAZINI A,2022,12,51,14,34.75,-5.84,39.26,Female,15-29 yrs,NO,Other,Index Case,MKOKOTONI PHCU,MJINI,PUBLIC,UNGUJA,MKOKOTONI,179053,2131,388344.4,15.48,32.41,23.68,77.14,97.8,MKOKOTONI-Zanzibar,False
KASKAZINI A,2022,12,52,20,23.96,-5.92,39.29,Male,15-29 yrs,NO,Business,Index Case,NUNGWI PHCU+,MJINI,PUBLIC,UNGUJA,NUNGWI KIUNGANI,179187,2180,388344.4,0.0,31.88,25.11,77.23,97.8,MKOKOTONI-Zanzibar,False
KASKAZINI A,2022,12,53,25,26.68,-5.88,39.29,Female,45+ yrs,NO,Business,Other Household Member,ZIWANI POLICE,MJINI,PUBLIC,UNGUJA,MKWAJUNI,179362,2228,388344.4,6.31,31.25,25.4,77.63,97.8,MKOKOTONI-Zanzibar,False
KASKAZINI A,2023,1,1,1,19.01,-5.87,39.31,Female,15-29 yrs,NO,Housewife,Other Household Member,ZIWANI POLICE,MJINI,PUBLIC,UNGUJA,FUKUCHANI,179568,2295,248000.0,2.03,32.55,25.82,78.22,94.0,MKOKOTONI-Zanzibar,True
KASKAZINI A,2023,1,2,8,19.3,-5.9,39.29,Male,5-14 yrs,NO,Student,Index Case,KAUTHAR SPECIALIZED CLINIC,MJINI,PUBLIC,UNGUJA,MKOKOTONI,179924,2421,248000.0,2.03,31.26,25.63,77.45,94.0,MKOKOTONI-Zanzibar,True
KASKAZINI A,2023,1,3,16,20.38,-5.88,39.3,Female,5-14 yrs,YES,Other,Index Case,NUNGWI PHCU+,MJINI,PUBLIC,UNGUJA,NUNGWI KIUNGANI,180506,2593,248000.0,2.5,32.07,24.67,78.44,94.0,MKOKOTONI-Zanzibar,True
KASKAZINI A,2023,1,4,22,24.77,-5.84,39.32,Female,< 5 yrs,NO,Other,Other Household Member,ZIWANI POLICE,MJINI,PUBLIC,UNGUJA,KIDOTI,180870,2698,248000.0,2.43,31.53,25.37,78.09,94.0,MKOKOTONI-Zanzibar,False
KASKAZINI A,2023,1,5,30,18.31,-5.88,39.27,Female,< 5 yrs,NO,Other,Other Household Member,ZIWANI POLICE,MJINI,PUBLIC,UNGUJA,MKOKOTONI,181392,2873,248000.0,0.0,31.09,25.5,78.54,94.0,MKOKOTONI-Zanzibar,False
KASKAZINI A,2023,2,5,1,24.29,-5.83,39.31,Female,15-29 yrs,NO,Other,Other Household Member,ZIWANI POLICE,MJINI,PUBLIC,UNGUJA,KILIMANI TAZARI,181550,2914,248000.0,0.0,33.23,24.92,76.23,94.0,MKOKOTONI-Zanzibar,False
KASKAZINI A,2023,2,6,5,25.31,-5.87,39.3,Male,15-29 yrs,NO,Other,Other Household Member,ZIWANI POLICE,MJINI,PUBLIC,UNGUJA,MATEMWE KASKAZINI,181710,2972,248000.0,0.0,31.55,24.33,75.0,94.0,MKOKOTONI-Zanzibar,False
KASKAZINI A,2023,2,7,14,16.85,-5.91,39.31,Male,15-29 yrs,YES,Fisherman,Index Case,MKOKOTONI PHCU,MJINI,PUBLIC,UNGUJA,MKOKOTONI,182251,3103,248000.0,0.0,32.62,24.94,75.6,94.0,MKOKOTONI-Zanzibar,False
KASKAZINI A,2023,2,8,23,22.71,-5.83,39.29,Male,15-29 yrs,YES,Fisherman,Index Case,KAUTHAR SPECIALIZED CLINIC,MJINI,PUBLIC,UNGUJA,MKOKOTONI,182708,3268,248000.0,0.0,32.86,24.88,74.85,94.0,MKOKOTONI-Zanzibar,False
KASKAZINI A,2023,2,9,26,25.5,-5.9,39.3,Male,15-29 yrs,NO,Other,Other Household Member,ZIWANI POLICE,MJINI,PUBLIC,UNGUJA,MUWANGE,182813,3301,248000.0,0.0,32.32,23.67,75.35,94.0,MKOKOTONI-Zanzibar,False
KASKAZINI A,2023,3,9,4,26.25,-5.88,39.29,Female,5-14 yrs,NO,Housewife,Other Household Member,ZIWANI POLICE,MJINI,PUBLIC,UNGUJA,KIBENI,183090,3422,248000.0,0.0,33.89,24.14,76.0,94.0,MKOKOTONI-Zanzibar,False
KASKAZINI A,2023,3,10,10,32.0,-5.76,39.3,Male,30-44 yrs,YES,Other,Index Case,KAUTHAR SPECIALIZED CLINIC,MJINI,PUBLIC,UNGUJA,KILINDI,183289,3502,248000.0,0.0,33.45,25.83,76.75,94.0,MKOKOTONI-Zanzibar,False
KASKAZINI A,2023,3,11,13,26.78,-5.94,39.3,Male,5-14 yrs,NO,Student,Other Household Member,ZIWANI POLICE,MJINI,PUBLIC,UNGUJA,KINYASINI,183386,3520,248000.0,0.0,32.17,24.94,75.97,94.0,MKOKOTONI-Zanzibar,False
KASKAZINI A,2023,3,12,19,25.04,-5.88,39.33,Male,15-29 yrs,NO,Civil Servant,Other Household Member,ZIWANI POLICE,MJINI,PUBLIC,UNGUJA,KINYASINI,183518,3548,248000.0,38.7,31.59,25.6,75.58,94.0,MKOKOTONI-Zanzibar,False
KASKAZINI A,2023,3,13,26,23.27,-5.79,39.29,Male,15-29 yrs,NO,Fisherman,Index Case,NORTH VALLEY DISPENSARY,MJINI,PRIVATE,UNGUJA,KILINDI,183733,3653,248000.0,25.22,31.06,24.05,76.12,94.0,MKOKOTONI-Zanzibar,False
KASKAZINI A,2023,4,13,1,12.54,-5.73,39.3,Male,15-29 yrs,NO,Business,Other Household Member,ZIWANI POLICE,MJINI,PUBLIC,UNGUJA,NUNGWI KIUNGANI,184072,3724,248000.0,12.13,32.12,25.92,86.65,94.0,MKOKOTONI-Zanzibar,False
KASKAZINI A,2023,4,14,4,24.25,-5.93,39.36,Female,30-44 yrs,NO,Business,Index Case,PWANI MCHANGANI PHCU,MJINI,PUBLIC,UNGUJA,PWANI MCHANGANI,184132,3747,248000.0,10.2,30.5,25.63,86.35,94.0,MKOKOTONI-Zanzibar,False
KASKAZINI A,2023,4,15,9,33.62,-5.86,39.25,Male,30-44 yrs,YES,Civil Servant,Index Case,AL NOOR ALANOOR DISPENSARY,MJINI,PUBLIC,UNGUJA,BWEREU,184190,3784,248000.0,9.82,31.56,25.43,85.85,94.0,MKOKOTONI-Zanzibar,False
KASKAZINI A,2023,4,16,17,24.18,-5.9,39.25,Female,15-29 yrs,YES,Housewife,Index Case,DONGE MCHANGANI PHCU,MJINI,PUBLIC,UNGUJA,DONGE MCHANGANI,184434,3848,248000.0,113.16,28.95,25.03,87.32,94.0,MKOKOTONI-Zanzibar,False
KASKAZINI A,2023,4,17,25,34.77,-5.91,39.24,Female,45+ yrs,YES,Farmer,Index Case,TUMBATU JONGOWE PHCU,MJINI,PUBLIC,UNGUJA,MTO WAPWANI,184699,3953,248000.0,63.75,30.09,24.82,85.61,94.0,MKOKOTONI-Zanzibar,False
KASKAZINI A,2023,4,18,30,31.0,-5.83,39.29,Male,15-29 yrs,YES,Farmer,Index Case,KIVUNGE DISTRICT HOSPITAL,MJINI,PUBLIC,UNGUJA,KIDOTI,184874,4050,248000.0,126.07,29.94,25.08,86.1,94.0,MKOKOTONI-Zanzibar,False
KASKAZINI A,2023,5,18,1,27.12,-5.88,39.29,Male,15-29 yrs,NO,Farmer,Other Household Member,ZIWANI POLICE,MJINI,PUBLIC,UNGUJA,KIDOTI,184903,4050,248000.0,10.19,30.33,25.32,81.71,94.0,MKOKOTONI-Zanzibar,False
KASKAZINI A,2023,5,19,7,18.86,-5.92,39.26,Male,15-29 yrs,NO,Business,Index Case,ZUHA DISPENSARY,MJINI,PRIVATE,UNGUJA,KANDWI,185282,4180,248000.0,68.65,29.61,25.3,82.86,94.0,MKOKOTONI-Zanzibar,False
KASKAZINI A,2023,5,20,15,23.24,-5.78,39.3,Female,15-29 yrs,NO,Business,Index Case,MATEMWE PHCU+,MJINI,PUBLIC,UNGUJA,MATEMWE KUSINI,185851,4346,248000.0,13.19,30.92,25.2,82.25,94.0,MKOKOTONI-Zanzibar,False
KASKAZINI A,2023,5,21,21,20.18,-5.9,39.27,Female,30-44 yrs,NO,Business,Other Household Member,ZIWANI POLICE,MJINI,PUBLIC,UNGUJA,KINYASINI,186296,4463,248000.0,8.42,29.92,24.67,83.02,94.0,MKOKOTONI-Zanzibar,True
KASKAZINI A,2023,5,22,28,20.48,-5.88,39.29,Male,15-29 yrs,YES,Student,Index Case,MNAZI MMOJA HOSPITAL,MJINI,PUBLIC,UNGUJA,NUNGWI BANDAKUU,186990,4754,248000.0,14.72,29.78,24.65,82.67,94.0,MKOKOTONI-Zanzibar,False
KASKAZINI A,2023,6,22,1,28.09,-5.87,39.28,Male,15-29 yrs,NO,Student,Other Household Member,ZIWANI POLICE,MJINI,PUBLIC,UNGUJA,KIVUNGE,187475,4761,248000.0,48.9,28.42,23.87,82.39,94.0,MKOKOTONI-Zanzibar,False
KASKAZINI A,2023,6,23,4,24.1,-5.86,39.29,Male,45+ yrs,YES,Business,Index Case,AHSANA DISPENSARY,MJINI,PRIVATE,UNGUJA,KILINDI,187758,4870,248000.0,49.44,29.02,23.42,82.07,94.0,MKOKOTONI-Zanzibar,True
KASKAZINI A,2023,6,24,11,19.01,-5.86,39.29,Male,15-29 yrs,NO,Fisherman,Other Household Member,ZIWANI POLICE,MJINI,PUBLIC,UNGUJA,MTO WAPWANI,188476,5092,248000.0,0.0,29.5,23.96,82.54,94.0,MKOKOTONI-Zanzibar,True
KASKAZINI A,2023,6,25,18,23.81,-5.87,39.28,Female,30-44 yrs,NO,Other,Other Household Member,ZIWANI POLICE,MJINI,PUBLIC,UNGUJA,NUNGWI KIUNGANI,189395,5363,248000.0,0.0,30.1,23.22,82.33,94.0,MKOKOTONI-Zanzibar,True
KASKAZINI A,2023,6,26,25,24.15,-6.02,39.27,Male,30-44 yrs,NO,Business,Other Household Member,ZIWANI POLICE,MJINI,PUBLIC,UNGUJA,NUNGWI BANDAKUU,190431,5612,248000.0,0.0,29.62,23.56,81.77,94.0,MKOKOTONI-Zanzibar,True
KASKAZINI A,2023,7,27,3,26.65,-5.88,39.25,Male,15-29 yrs,NO,Fisherman,Index Case,TUMBATU JONGOWE PHCU,MJINI,PUBLIC,UNGUJA,TUMBATU JONGOWE,191337,6027,248000.0,10.68,28.24,23.94,83.56,94.0,MKOKOTONI-Zanzibar,False
KASKAZINI A,2023,7,28,11,26.13,-5.94,39.3,Female,45+ yrs,NO,Housewife,Index Case,MATEMWE PHCU+,MJINI,PUBLIC,UNGUJA,MATEMWE KASKAZINI,192177,6205,248000.0,14.09,29.03,22.71,83.99,94.0,MKOKOTONI-Zanzibar,True
KASKAZINI A,2023,7,29,16,26.61,-5.94,39.28,Female,30-44 yrs,NO,Housewife,Index Case,KIVUNGE DISTRICT HOSPITAL,MJINI,PUBLIC,UNGUJA,MTO WAPWANI,192826,6403,248000.0,6.51,29.81,23.67,84.1,94.0,MKOKOTONI-Zanzibar,True
KASKAZINI A,2023,7,30,23,19.17,-5.89,39.29,Male,30-44 yrs,YES,Business,Index Case,HOME DISPENSARY,MJINI,PUBLIC,UNGUJA,KINYASINI,193707,6670,248000.0,5.76,28.25,23.28,83.61,94.0,MKOKOTONI-Zanzibar,True
KASKAZINI A,2023,7,31,30,17.1,-5.9,39.31,Female,15-29 yrs,NO,Other,Other Household Member,ZIWANI POLICE,MJINI,PUBLIC,UNGUJA,KILINDI,194653,6901,248000.0,11.09,29.18,23.32,83.48,94.0,MKOKOTONI-Zanzibar,False
KASKAZINI A,2023,8,31,1,29.49,-5.9,39.28,Male,30-44 yrs,NO,Other,Other Household Member,ZIWANI POLICE,MJINI,PUBLIC,UNGUJA,CHAANI KUBWA,194862,7007,248000.0,0.0,29.27,22.62,82.37,94.0,MKOKOTONI-Zanzibar,False
KASKAZINI A,2023,8,32,7,25.18,-5.87,39.28,Male,15-29 yrs,NO,Farmer,Index Case,DONGE MCHANGANI PHCU,MJINI,PUBLIC,UNGUJA,DONGE MCHANGANI,195623,7214,248000.0,6.54,29.33,23.76,82.12,94.0,MKOKOTONI-Zanzibar,True
KASKAZINI A,2023,8,33,13,23.2,-5.84,39.29,Male,15-29 yrs,NO,Business,Other Household Member,ZIWANI POLICE,MJINI,PUBLIC,UNGUJA,NUNGWI BANDAKUU,196253,7391,248000.0,10.23,29.19,23.16,82.07,94.0,MKOKOTONI-Zanzibar,True
KASKAZINI A,2023,8,34,21,24.14,-5.87,39.29,Male,15-29 yrs,YES,Health worker,Index Case,DONGE VIJIBWENI PHCU,MJINI,PUBLIC,UNGUJA,MKOKOTONI,197115,7686,248000.0,2.1,29.55,22.43,81.29,94.0,MKOKOTONI-Zanzibar,True
KASKAZINI A,2023,8,35,28,26.35,-5.86,39.32,Female,< 5 yrs,NO,Other,Other Household Member,ZIWANI POLICE,MJINI,PUBLIC,UNGUJA,KIGUNDA,197800,7927,248000.0,1.6,29.81,22.95,80.85,94.0,MKOKOTONI-Zanzibar,False
KASKAZINI A,2023,9,35,1,20.18,-5.85,39.3,Male,15-29 yrs,NO,Other,Index Case,KAUTHAR SPECIALIZED CLINIC,MJINI,PUBLIC,UNGUJA,MKWAJUNI,198264,8043,248000.0,0.0,31.49,21.23,76.8,94.0,MKOKOTONI-Zanzibar,False
KASKAZINI A,2023,9,36,5,21.5,-5.81,39.3,Male,15-29 yrs,NO,Watchman/Police,Index Case,DR LII DISPENSARY,MJINI,PUBLIC,UNGUJA,MATEMWE KUSINI,198616,8147,248000.0,0.0,28.93,22.12,76.74,94.0,MKOKOTONI-Zanzibar,False
KASKAZINI A,2023,9,37,11,14.95,-5.94,39.24,Male,< 5 yrs,YES,Fisherman,Index Case,KIBWENI KMKM,MJINI,PUBLIC,UNGUJA,NUNGWI KIUNGANI,199260,8540,248000.0,0.0,29.62,21.43,78.21,94.0,MKOKOTONI-Zanzibar,False
KASKAZINI A,2023,9,38,19,25.08,-5.86,39.28,Male,45+ yrs,NO,Business,Index Case,NORTH VALLEY DISPENSARY,MJINI,PRIVATE,UNGUJA,KILINDI,199770,8498,248000.0,0.0,30.68,23.12,76.37,94.0,MKOKOTONI-Zanzibar,False
KASKAZINI A,2023,9,39,25,23.88,-5.91,39.29,Female,< 5 yrs,YES,Other,Index Case,PWANI MCHANGANI PHCU,MJINI,PUBLIC,UNGUJA,PWANI MCHANGANI,200438,8637,248000.0,3.49,31.47,22.4,76.82,94.0,MKOKOTONI-Zanzibar,False
KASKAZINI A,2023,10,40,2,30.97,-5.89,39.27,Male,30-44 yrs,NO,Business,Other Household Member,ZIWANI POLICE,MJINI,PUBLIC,UNGUJA,NUNGWI BANDAKUU,200925,8809,248000.0,0.0,30.51,24.59,74.25,94.0,MKOKOTONI-Zanzibar,False
KASKAZINI A,2023,10,41,9,35.9,-5.86,39.28,Female,30-44 yrs,NO,Housewife,Index Case,CHAANI KUBWA PHCU,MJINI,PUBLIC,UNGUJA,CHAANI MASINGINI,201490,8960,248000.0,0.0,31.35,24.66,75.93,94.0,MKOKOTONI-Zanzibar,False
KASKAZINI A,2023,10,42,15,25.56,-5.9,39.28,Female,15-29 yrs,NO,Student,Index Case,KAUTHAR SPECIALIZED CLINIC,MJINI,PUBLIC,UNGUJA,CHAANI MASINGINI,202086,9139,248000.0,0.0,31.04,23.79,74.04,94.0,MKOKOTONI-Zanzibar,False
KASKAZINI A,2023,10,43,23,25.5,-5.88,39.3,Male,15-29 yrs,NO,Farmer,Other Household Member,ZIWANI POLICE,MJINI,PUBLIC,UNGUJA,DONGE MCHANGANI,202855,9323,248000.0,1.67,31.49,25.44,74.99,94.0,MKOKOTONI-Zanzibar,False
KASKAZINI A,2023,10,44,30,27.5,-5.84,39.27,Male,15-29 yrs,NO,Civil Servant,Index Case,AFYA FIRST DISPENSARY,MJINI,PUBLIC,UNGUJA,NUNGWI KIUNGANI,203484,9536,248000.0,23.61,31.43,24.57,75.08,94.0,MKOKOTONI-Zanzibar,False
KASKAZINI A,2023,11,44,2,17.67,-5.93,39.26,Male,45+ yrs,NO,Other,Other Household Member,ZIWANI POLICE,MJINI,PUBLIC,UNGUJA,DONGE KIPANGE,203697,9596,248000.0,154.19,27.37,25.66,84.7,94.0,MKOKOTONI-Zanzibar,False
KASKAZINI A,2023,11,45,6,31.67,-5.84,39.3,Male,45+ yrs,NO,Business,Index Case,KAUTHAR SPECIALIZED CLINIC,MJINI,PUBLIC,UNGUJA,MUWANGE,204036,9792,248000.0,110.98,29.51,24.25,82.64,94.0,MKOKOTONI-Zanzibar,True
KASKAZINI A,2023,11,46,12,20.87,-5.83,39.29,Male,45+ yrs,NO,Fisherman,Other Household Member,ZIWANI POLICE,MJINI,PUBLIC,UNGUJA,NUNGWI KIUNGANI,204818,10104,248000.0,47.41,30.13,24.9,82.59,94.0,MKOKOTONI-Zanzibar,True
KASKAZINI A,2023,11,47,19,24.44,-5.91,39.28,Male,45+ yrs,NO,Fisherman,Other Household Member,ZIWANI POLICE,MJINI,PUBLIC,UNGUJA,TUMBATU JONGOWE,205767,10693,248000.0,26.29,30.02,24.27,82.38,94.0,MKOKOTONI-Zanzibar,True
KASKAZINI A,2023,11,48,28,21.79,-5.89,39.3,Female,< 5 yrs,NO,Other,Index Case,KIJINI PHCU,MJINI,PUBLIC,UNGUJA,MBUYU TENDE,207167,11585,248000.0,45.33,30.4,24.07,84.96,94.0,MKOKOTONI-Zanzibar,False
KASKAZINI A,2023,12,48,1,26.08,-5.83,39.3,Female,15-29 yrs,NO,Other,Index Case,KIJINI PHCU,MJINI,PUBLIC,UNGUJA,MBUYU TENDE,207928,11878,248000.0,24.5,29.93,24.0,81.34,94.0,MKOKOTONI-Zanzibar,True
KASKAZINI A,2023,12,49,4,25.71,-5.89,39.29,Male,15-29 yrs,NO,Student,Index Case,TAZARI PHCU,MJINI,PUBLIC,UNGUJA,KIGUNDA,208424,12163,248000.0,21.46,31.24,25.23,81.72,94.0,MKOKOTONI-Zanzibar,True
KASKAZINI A,2023,12,50,10,23.69,-5.84,39.29,Male,45+ yrs,YES,Health worker,Index Case,TUMBATU GOMANI PHCU+,MJINI,PUBLIC,UNGUJA,TUMBATU UVIVINI,209854,13258,248000.0,8.18,31.16,24.71,81.44,94.0,MKOKOTONI-Zanzibar,True
KASKAZINI A,2023,12,51,17,26.48,-5.87,39.3,Male,30-44 yrs,NO,Other,Index case,DR LII DISPENSARY,KASKAZINI A,PUBLIC,UNGUJA,KIGOMANI,NotInvest,UNKNOWN_CASE,248000.0,20.82,31.91,25.05,80.57,94.0,MKOKOTONI-Zanzibar,True
KASKAZINI A,2023,12,52,24,25.52,-5.84,39.3,Male,15-29 yrs,NO,Other,Index Case,DR LII DISPENSARY,MJINI,PUBLIC,UNGUJA,MATEMWE KUSINI,213413,17745,248000.0,0.3,31.49,25.61,80.91,94.0,MKOKOTONI-Zanzibar,True
KASKAZINI B,2018,1,1,2,21.86,-6.07,39.24,Male,30-44 yrs,NO,Other,Other Household Member,ZIWANI POLICE,MJINI,PUBLIC,UNGUJA,KINDUNI,70600,117042,178072.0,0.69,32.57,26.37,73.64,95.0,Mahonda,False
KASKAZINI B,2018,1,2,8,23.97,-6.07,39.22,Female,< 5 yrs,NO,Other,Index Case,KITOPE PHCU,MJINI,PUBLIC,UNGUJA,KITOPE,71088,117295,178072.0,0.02,33.11,26.22,73.6,95.0,Mahonda,True
KASKAZINI B,2018,1,3,15,17.86,-5.97,39.3,Female,< 5 yrs,NO,Other,Index Case,Unknown,MJINI,PUBLIC,UNGUJA,KIDAZINI,71348,117531,178072.0,0.0,32.77,25.36,73.75,95.0,Mahonda,False
KASKAZINI B,2018,1,4,22,19.52,-6.01,39.26,Male,5-14 yrs,NO,Other,Other Household Member,ZIWANI POLICE,MJINI,PUBLIC,UNGUJA,MAFUFUNI,71661,117348,178072.0,0.0,31.69,25.63,74.27,95.0,Mahonda,True
KASKAZINI B,2018,1,5,29,18.67,-5.96,39.27,Female,15-29 yrs,NO,Other,Other Household Member,ZIWANI POLICE,MJINI,PUBLIC,UNGUJA,KITOPE,72073,117636,178072.0,0.0,32.19,25.36,73.93,95.0,Mahonda,False
KASKAZINI B,2018,2,5,2,15.0,-6.01,39.33,Female,15-29 yrs,NO,Other,Index Case,UPENJA PHCU,MJINI,PUBLIC,UNGUJA,KILOMBERO,72329,117850,178072.0,0.0,31.62,24.91,71.5,95.0,Mahonda,False
KASKAZINI B,2018,2,6,5,16.68,-6.04,39.29,Male,30-44 yrs,NO,Other,Other Household Member,ZIWANI POLICE,MJINI,PUBLIC,UNGUJA,DONGE MBIJI,72358,117655,178072.0,0.0,32.33,25.17,73.6,95.0,Mahonda,False
KASKAZINI B,2018,2,7,12,21.19,-5.97,39.26,Female,5-14 yrs,NO,Other,Index Case,MAHONDA PHCU+,MJINI,PUBLIC,UNGUJA,MAHONDA,72623,117957,178072.0,2.85,30.85,24.69,73.16,95.0,Mahonda,False
KASKAZINI B,2018,2,8,18,19.7,-5.97,39.21,Male,5-14 yrs,NO,Other,Index Case,MAHONDA MEDICAL CENTRE,MJINI,PRIVATE,UNGUJA,KIOMBAMVUA,72814,118040,178072.0,3.16,31.97,24.58,72.86,95.0,Mahonda,False
KASKAZINI B,2018,2,9,26,27.83,-5.99,39.24,Female,30-44 yrs,NO,Other,Other Household Member,ZIWANI POLICE,MJINI,PUBLIC,UNGUJA,MBALENI,73007,118093,178072.0,0.0,33.08,25.78,73.37,95.0,Mahonda,False
KASKAZINI B,2018,3,9,1,16.76,-5.98,39.3,Female,15-29 yrs,YES,Other,Index Case,BUBUBU MEDICAL DISPENSARY,MJINI,PRIVATE,UNGUJA,KIOMBAMVUA,73118,118136,178072.0,4.89,33.22,25.22,77.37,95.0,Mahonda,False
KASKAZINI B,2018,3,10,6,22.16,-6.01,39.27,Female,5-14 yrs,NO,Other,Index Case,KIWENGWA PHCU,MJINI,PUBLIC,UNGUJA,KIWENGWA,73239,118192,178072.0,6.06,32.71,25.36,76.71,95.0,Mahonda,False
KASKAZINI B,2018,3,11,11,26.25,-6.1,39.26,Female,15-29 yrs,NO,Other,Other Household Member,ZIWANI POLICE,MJINI,PUBLIC,UNGUJA,KIWENGWA,73351,118199,178072.0,7.56,32.3,25.49,77.88,95.0,Mahonda,False
KASKAZINI B,2018,3,12,19,23.53,-5.96,39.21,Female,45+ yrs,NO,Other,Other Household Member,ZIWANI POLICE,MJINI,PUBLIC,UNGUJA,FUJONI,73491,117789,178072.0,10.53,33.93,24.72,75.94,95.0,Mahonda,False
KASKAZINI B,2018,3,13,26,18.48,-5.97,39.26,Female,30-44 yrs,NO,Other,Other Household Member,ZIWANI POLICE,MJINI,PUBLIC,UNGUJA,MKATALENI,73740,118308,178072.0,4.44,33.67,25.69,76.4,95.0,Mahonda,False
KASKAZINI B,2018,4,14,3,19.46,-5.99,39.22,Female,15-29 yrs,NO,Other,Index Case,KIVUNGE DISTRICT HOSPITAL,MJINI,PUBLIC,UNGUJA,MAHONDA,73930,118386,178072.0,8.08,32.1,25.38,86.9,95.0,Mahonda,True
KASKAZINI B,2018,4,15,8,19.24,-5.99,39.25,Female,< 5 yrs,NO,Other,Other Household Member,ZIWANI POLICE,MJINI,PUBLIC,UNGUJA,MAHONDA,74096,118386,178072.0,9.41,31.05,24.52,86.41,95.0,Mahonda,True
KASKAZINI B,2018,4,16,17,21.35,-5.98,39.27,Female,5-14 yrs,NO,Other,Index Case,KITOPE PHCU,MJINI,PUBLIC,UNGUJA,KITOPE,74567,118549,178072.0,26.26,31.32,24.4,85.88,95.0,Mahonda,False
KASKAZINI B,2018,4,17,22,16.14,-5.99,39.25,Female,15-29 yrs,NO,Other,Other Household Member,ZIWANI POLICE,MJINI,PUBLIC,UNGUJA,KINDUNI,74841,118573,178072.0,13.79,30.86,25.14,88.58,95.0,Mahonda,False
KASKAZINI B,2018,4,18,29,17.0,-6.01,39.25,Female,< 5 yrs,NO,Other,Index Case,MAHONDA MEDICAL CENTRE,MJINI,PRIVATE,UNGUJA,MAHONDA,75249,118685,178072.0,2.1,31.16,25.33,87.64,95.0,Mahonda,False
KASKAZINI B,2018,5,18,2,24.83,-5.94,39.2,Female,30-44 yrs,YES,Other,Index Case,KIONGWE PHCU,MJINI,PUBLIC,UNGUJA,MAFUFUNI,75429,118722,178072.0,26.34,30.2,23.81,83.68,95.0,Mahonda,False
KASKAZINI B,2018,5,19,7,21.4,-5.98,39.21,Male,45+ yrs,NO,Other,Other Household Member,ZIWANI POLICE,MJINI,PUBLIC,UNGUJA,BUMBWINI MISUFINI,75675,118763,178072.0,24.6,29.92,24.12,83.13,95.0,Mahonda,True
KASKAZINI B,2018,5,20,14,24.67,-5.97,39.23,Male,30-44 yrs,NO,Other,Index Case,BUMBWINI MAKOBA PHCU,MJINI,PUBLIC,UNGUJA,BUMBWINI MISUFINI,76194,118914,178072.0,14.71,29.03,24.99,82.1,95.0,Mahonda,True
KASKAZINI B,2018,5,21,21,20.76,-6.01,39.28,Male,15-29 yrs,NO,Other,Other Household Member,ZIWANI POLICE,MJINI,PUBLIC,UNGUJA,FUJONI,76776,119008,178072.0,8.1,30.15,24.33,82.72,95.0,Mahonda,True
KASKAZINI B,2018,5,22,27,24.79,-5.97,39.23,Male,15-29 yrs,NO,Other,Index Case,KIVUNGE DISTRICT HOSPITAL,MJINI,PUBLIC,UNGUJA,UPENJA,77265,119244,178072.0,6.42,29.27,24.42,82.72,95.0,Mahonda,True
KASKAZINI B,2018,6,22,1,27.13,-5.93,39.21,Male,15-29 yrs,NO,Other,Other Household Member,ZIWANI POLICE,MJINI,PUBLIC,UNGUJA,MAFUFUNI,77574,119357,178072.0,0.0,29.56,24.96,72.4,95.0,Mahonda,False
KASKAZINI B,2018,6,23,4,19.78,-6.0,39.24,Male,45+ yrs,NO,Other,Other Household Member,ZIWANI POLICE,MJINI,PUBLIC,UNGUJA,KIOMBAMVUA,77681,119355,178072.0,0.66,30.09,24.52,72.88,95.0,Mahonda,True
KASKAZINI B,2018,6,24,11,19.93,-5.98,39.23,Male,5-14 yrs,NO,Other,Index Case,BUMBWINI MAKOBA PHCU,MJINI,PUBLIC,UNGUJA,BUMBWINI MAKOBA,78327,119505,178072.0,3.04,29.48,24.64,74.33,95.0,Mahonda,False
KASKAZINI B,2018,6,25,17,19.96,-5.99,39.35,Male,< 5 yrs,NO,Other,Index Case,MAHONDA MEDICAL CENTRE,NORTH B,PRIVATE,UNGUJA,KINDUNI,78617,119607,178072.0,0.0,28.76,23.92,74.04,95.0,Mahonda,True
KASKAZINI B,2018,6,26,25,20.47,-5.99,39.23,Female,5-14 yrs,NO,Other,Other Household Member,ZIWANI POLICE,MJINI,PUBLIC,UNGUJA,BUMBWINI MISUFINI,79241,119737,178072.0,2.36,29.28,23.87,73.01,95.0,Mahonda,True
KASKAZINI B,2018,7,27,1,20.21,-5.97,39.25,Male,45+ yrs,NO,Other,Other Household Member,ZIWANI POLICE,MJINI,PUBLIC,UNGUJA,DONGE MBIJI,79759,119718,178072.0,8.32,30.0,24.2,71.29,95.0,Mahonda,True
KASKAZINI B,2018,7,28,9,22.39,-5.98,39.23,Female,15-29 yrs,NO,Other,Other Household Member,ZIWANI POLICE,MJINI,PUBLIC,UNGUJA,UPENJA,80372,120177,178072.0,0.0,30.03,23.92,71.92,95.0,Mahonda,True
KASKAZINI B,2018,7,29,16,18.07,-6.0,39.25,Male,< 5 yrs,NO,Other,Index Case,BANDARINI PHCU,URBAN,PUBLIC,UNGUJA,BUMBWINI MISUFINI,80887,120503,178072.0,0.0,29.43,23.85,71.92,95.0,Mahonda,False
KASKAZINI B,2018,7,30,23,18.19,-5.99,39.26,Female,15-29 yrs,NO,Other,Index Case,MAHONDA PHCU+,MJINI,PUBLIC,UNGUJA,MAHONDA,81383,121064,178072.0,0.0,29.14,23.75,70.52,95.0,Mahonda,True
KASKAZINI B,2018,7,31,30,18.91,-5.99,39.25,Female,45+ yrs,NO,Other,Other Household Member,ZIWANI POLICE,MJINI,PUBLIC,UNGUJA,KITOPE,81608,120165,178072.0,0.0,29.63,23.07,72.07,95.0,Mahonda,True
KASKAZINI B,2018,8,31,1,25.45,-6.0,39.3,Female,5-14 yrs,NO,Other,Other Household Member,ZIWANI POLICE,MJINI,PUBLIC,UNGUJA,BUMBWINI MAKOBA,81729,120691,178072.0,0.0,29.16,23.03,74.96,95.0,Mahonda,False
KASKAZINI B,2018,8,32,6,24.0,-5.97,39.24,Female,15-29 yrs,YES,Other,Index Case,BUMBWINI MAKOBA PHCU,MJINI,PUBLIC,UNGUJA,MAFUFUNI,81991,120956,178072.0,0.0,29.2,22.98,73.46,95.0,Mahonda,False
KASKAZINI B,2018,8,33,13,23.13,-6.02,39.25,Male,45+ yrs,NO,Other,Other Household Member,ZIWANI POLICE,MJINI,PUBLIC,UNGUJA,UPENJA,82245,119952,178072.0,0.03,28.96,22.62,73.28,95.0,Mahonda,True
KASKAZINI B,2018,8,34,20,22.55,-5.99,39.22,Male,30-44 yrs,YES,Other,Index Case,Unknown,MJINI,PUBLIC,UNGUJA,BUMBWINI MISUFINI,82777,121201,178072.0,0.69,29.17,23.56,75.35,95.0,Mahonda,True
KASKAZINI B,2018,8,35,26,22.85,-5.98,39.25,Female,15-29 yrs,YES,Other,Index Case,MAHONDA MEDICAL CENTRE,MJINI,PRIVATE,UNGUJA,MAHONDA,82969,121401,178072.0,0.35,29.98,22.19,74.7,95.0,Mahonda,True
KASKAZINI B,2018,9,35,1,15.0,-6.14,39.26,Male,15-29 yrs,NO,Other,Index Case,BUBUBU MEDICAL DISPENSARY,MJINI,PRIVATE,UNGUJA,KIWENGWA,83200,121353,178072.0,1.93,28.21,23.52,68.05,95.0,Mahonda,False
KASKAZINI B,2018,9,36,2,18.9,-5.98,39.26,Female,30-44 yrs,NO,Other,Other Household Member,ZIWANI POLICE,MJINI,PUBLIC,UNGUJA,MKATALENI,83214,121080,178072.0,2.0,28.91,23.02,67.82,95.0,Mahonda,True
KASKAZINI B,2018,9,37,9,20.33,-5.99,39.23,Male,15-29 yrs,YES,Other,Index Case,MAHONDA MEDICAL CENTRE,MJINI,PRIVATE,UNGUJA,MAHONDA,83426,121451,178072.0,1.67,29.39,22.79,67.68,95.0,Mahonda,True
KASKAZINI B,2018,9,38,16,24.75,-6.02,39.24,Male,< 5 yrs,NO,Other,Index Case,AL-RAHMA HOSPITAL,URBAN,PRIVATE,UNGUJA,MATETEMA,83696,121531,178072.0,2.28,29.4,22.24,68.9,95.0,Mahonda,False
KASKAZINI B,2018,9,39,25,20.26,-5.98,39.21,Male,15-29 yrs,NO,Other,Index Case,Unknown,MJINI,PUBLIC,UNGUJA,KIDAZINI,83956,121674,178072.0,6.51,30.17,22.73,67.77,95.0,Mahonda,True
KASKAZINI B,2018,10,40,1,20.47,-5.99,39.25,Male,30-44 yrs,NO,Other,Other Household Member,ZIWANI POLICE,MJINI,PUBLIC,UNGUJA,MGAMBO,84115,121501,178072.0,0.51,30.16,23.71,74.28,95.0,Mahonda,True
KASKAZINI B,2018,10,41,8,17.5,-6.0,39.27,Male,15-29 yrs,NO,Other,Index Case,ZINGWE ZINGWE PHCU,MJINI,PUBLIC,UNGUJA,MANGAPWANI,84351,121824,178072.0,0.04,29.05,24.34,73.79,95.0,Mahonda,False
KASKAZINI B,2018,10,42,14,24.06,-5.99,39.25,Male,30-44 yrs,YES,Other,Index Case,MAHONDA MEDICAL CENTRE,MJINI,PRIVATE,UNGUJA,MAHONDA,84503,121941,178072.0,0.0,29.07,23.5,73.57,95.0,Mahonda,True
KASKAZINI B,2018,10,43,22,16.42,-6.0,39.24,Female,< 5 yrs,NO,Other,Other Household Member,ZIWANI POLICE,MJINI,PUBLIC,UNGUJA,BUMBWINI MISUFINI,84720,121908,178072.0,5.67,29.89,24.05,74.74,95.0,Mahonda,False
KASKAZINI B,2018,10,44,29,23.55,-5.99,39.25,Female,15-29 yrs,NO,Other,Other Household Member,ZIWANI POLICE,MJINI,PUBLIC,UNGUJA,MAHONDA,84891,121943,178072.0,9.4,30.45,24.18,73.58,95.0,Mahonda,False
KASKAZINI B,2018,11,44,1,19.36,-5.98,39.31,Male,15-29 yrs,YES,Other,Index Case,UPENJA PHCU,MJINI,PUBLIC,UNGUJA,PANGENI,85032,122041,178072.0,0.0,31.97,24.98,75.83,95.0,Mahonda,False
KASKAZINI B,2018,11,45,5,19.0,-5.99,39.26,Male,15-29 yrs,YES,Other,Index Case,KITOPE PHCU,MJINI,PUBLIC,UNGUJA,MBALENI,85157,122076,178072.0,0.14,32.25,24.85,76.41,95.0,Mahonda,True
KASKAZINI B,2018,11,46,12,19.84,-6.0,39.25,Male,5-14 yrs,NO,Other,Other Household Member,ZIWANI POLICE,MJINI,PUBLIC,UNGUJA,KIOMBAMVUA,85396,122117,178072.0,1.14,30.97,24.08,76.62,95.0,Mahonda,False
KASKAZINI B,2018,11,47,19,23.52,-6.01,39.24,Male,45+ yrs,NO,Other,Other Household Member,ZIWANI POLICE,MJINI,PUBLIC,UNGUJA,MGAMBO,85573,122209,178072.0,6.89,31.86,24.69,75.83,95.0,Mahonda,False
KASKAZINI B,2018,11,48,26,16.0,-6.01,39.27,Female,< 5 yrs,YES,Other,Index Case,KIWENGWA PHCU,MJINI,PUBLIC,UNGUJA,KIWENGWA,85793,122272,178072.0,4.11,31.29,25.8,78.9,95.0,Mahonda,False
KASKAZINI B,2018,12,49,2,24.56,-6.0,39.24,Male,15-29 yrs,YES,Other,Index Case,MAHONDA MEDICAL CENTRE,MJINI,PRIVATE,UNGUJA,KIWENGWA,85903,122308,178072.0,0.37,32.1,24.18,75.7,95.0,Mahonda,True
KASKAZINI B,2018,12,50,10,20.24,-6.0,39.23,Male,30-44 yrs,NO,Other,Other Household Member,ZIWANI POLICE,MJINI,PUBLIC,UNGUJA,MATETEMA,86266,122402,178072.0,4.71,32.35,25.39,75.61,95.0,Mahonda,False
KASKAZINI B,2018,12,51,17,17.93,-6.0,39.34,Female,15-29 yrs,NO,Other,Other Household Member,ZIWANI POLICE,MJINI,PUBLIC,UNGUJA,BUMBWINI MAKOBA,86595,122461,178072.0,6.02,32.32,24.71,77.08,95.0,Mahonda,False
KASKAZINI B,2018,12,52,23,22.86,-5.97,39.25,Male,30-44 yrs,NO,Other,Index Case,IMANI CLINIC,MJINI,PRIVATE,UNGUJA,ZINGWEZINGWE,86827,122575,178072.0,2.27,32.36,24.65,76.4,95.0,Mahonda,True
KASKAZINI B,2018,12,53,31,20.92,-5.98,39.22,Female,5-14 yrs,NO,Other,Other Household Member,ZIWANI POLICE,MJINI,PUBLIC,UNGUJA,BUMBWINI MISUFINI,87149,122684,178072.0,0.0,32.49,24.1,76.05,95.0,Mahonda,False
KASKAZINI B,2019,1,1,1,21.73,-5.99,39.25,Female,15-29 yrs,NO,Other,Other Household Member,ZIWANI POLICE,MJINI,PUBLIC,UNGUJA,ZINGWEZINGWE,87208,122575,222374.0,10.1,33.12,26.4,69.72,95.2,Mahonda,False
KASKAZINI B,2019,1,2,7,20.87,-5.98,39.24,Male,45+ yrs,NO,Other,Other Household Member,ZIWANI POLICE,MJINI,PUBLIC,UNGUJA,MANGAPWANI,87654,122740,222374.0,3.23,33.26,25.41,68.38,95.2,Mahonda,True
KASKAZINI B,2019,1,3,14,22.24,-6.03,39.22,Female,15-29 yrs,NO,Other,Other Household Member,ZIWANI POLICE,MJINI,PUBLIC,UNGUJA,MNYIMBI,88287,122883,222374.0,7.97,32.97,25.91,70.2,95.2,Mahonda,False
KASKAZINI B,2019,1,4,20,21.02,-5.99,39.25,Female,15-29 yrs,YES,Other,Index Case,MAHONDA MEDICAL CENTRE,MJINI,PRIVATE,UNGUJA,DONGE MAJENZI,88620,123030,222374.0,10.83,32.57,25.02,69.7,95.2,Mahonda,True
KASKAZINI B,2019,1,5,28,20.47,-6.0,39.23,Male,15-29 yrs,NO,Other,Other Household Member,ZIWANI POLICE,MJINI,PUBLIC,UNGUJA,KIDAZINI,89250,123143,222374.0,3.86,32.95,25.09,69.24,95.2,Mahonda,False
KASKAZINI B,2019,2,5,1,20.67,-5.97,39.24,Female,5-14 yrs,NO,Other,Other Household Member,ZIWANI POLICE,MJINI,PUBLIC,UNGUJA,BUMBWINI MAKOBA,89446,123200,222374.0,6.2,34.69,25.2,66.5,95.2,Mahonda,False
KASKAZINI B,2019,2,6,4,20.1,-5.98,39.25,Female,15-29 yrs,YES,Other,Index Case,ZINGWE ZINGWE PHCU,MJINI,PUBLIC,UNGUJA,ZINGWEZINGWE,89557,123244,222374.0,6.92,31.04,24.42,67.56,95.2,Mahonda,False
KASKAZINI B,2019,2,7,11,19.34,-5.97,39.25,Female,5-14 yrs,NO,Other,Other Household Member,ZIWANI POLICE,MJINI,PUBLIC,UNGUJA,BUMBWINI MISUFINI,89797,123288,222374.0,0.0,31.79,24.27,67.64,95.2,Mahonda,True
KASKAZINI B,2019,2,8,21,27.17,-5.98,39.25,Female,15-29 yrs,NO,Other,Other Household Member,ZIWANI POLICE,MJINI,PUBLIC,UNGUJA,MKATALENI,90240,123448,222374.0,15.72,32.25,25.29,69.4,95.2,Mahonda,False
KASKAZINI B,2019,2,9,25,28.3,-5.99,39.24,Female,15-29 yrs,NO,Other,Index Case,Unknown,MJINI,PUBLIC,UNGUJA,KIDAZINI,90424,123481,222374.0,10.48,31.62,24.46,66.98,95.2,Mahonda,False
KASKAZINI B,2019,3,10,4,17.2,-5.98,39.23,Female,< 5 yrs,NO,Other,Index Case,Unknown,MJINI,PUBLIC,UNGUJA,BUMBWINI MISUFINI,90673,123541,222374.0,4.42,33.42,24.72,72.69,95.2,Mahonda,False
KASKAZINI B,2019,3,11,10,18.87,-5.97,39.24,Female,< 5 yrs,NO,Other,Index Case,MAHONDA MEDICAL CENTRE,MJINI,PRIVATE,UNGUJA,DONGE MAJENZI,90841,123590,222374.0,0.0,33.76,25.16,73.52,95.2,Mahonda,False
KASKAZINI B,2019,3,12,18,26.25,-5.98,39.24,Male,30-44 yrs,NO,Other,Other Household Member,ZIWANI POLICE,MJINI,PUBLIC,UNGUJA,DONGE MAJENZI,91059,123590,222374.0,0.0,34.9,25.11,73.4,95.2,Mahonda,False
KASKAZINI B,2019,3,13,25,25.25,-5.98,39.24,Male,5-14 yrs,NO,Other,Index Case,Unknown,MJINI,PUBLIC,UNGUJA,KIDAZINI,91433,123695,222374.0,18.95,34.96,25.08,72.7,95.2,Mahonda,False
KASKAZINI B,2019,3,14,31,56.0,-5.98,39.34,Male,45+ yrs,YES,Other,Index Case,ALTABIB DISPENSARY,MJINI,PRIVATE,UNGUJA,BUMBWINI MISUFINI,91655,123740,222374.0,40.11,31.88,24.51,71.35,95.2,Mahonda,False
KASKAZINI B,2019,4,14,1,24.36,-5.99,39.21,Male,45+ yrs,NO,Other,Other Household Member,ZIWANI POLICE,MJINI,PUBLIC,UNGUJA,DONGE MBIJI,91706,123743,222374.0,15.35,31.27,25.38,86.39,95.2,Mahonda,False
KASKAZINI B,2019,4,15,7,27.0,-6.02,39.25,Male,15-29 yrs,NO,Other,Index Case,MAHONDA MEDICAL CENTRE,MJINI,PRIVATE,UNGUJA,KITOPE,91848,123784,222374.0,16.9,32.03,25.3,87.75,95.2,Mahonda,False
KASKAZINI B,2019,4,16,15,19.6,-5.99,39.28,Female,15-29 yrs,NO,Other,Other Household Member,ZIWANI POLICE,MJINI,PUBLIC,UNGUJA,BUMBWINI MISUFINI,92028,123740,222374.0,9.72,32.08,24.77,87.3,95.2,Mahonda,False
KASKAZINI B,2019,4,17,23,20.99,-6.1,39.26,Male,15-29 yrs,NO,Other,Index Case,FUJONI PHCU,MJINI,PUBLIC,UNGUJA,MANGAPWANI,92297,123890,222374.0,1.64,32.4,25.84,88.05,95.2,Mahonda,False
KASKAZINI B,2019,4,18,29,25.4,-6.03,39.29,Female,15-29 yrs,YES,Other,Index Case,UPENJA PHCU,MJINI,PUBLIC,UNGUJA,KIWENGWA,92466,123948,222374.0,0.0,32.34,24.99,87.83,95.2,Mahonda,False
KASKAZINI B,2019,5,18,2,20.29,-6.09,39.22,Female,< 5 yrs,NO,Other,Other Household Member,ZIWANI POLICE,MJINI,PUBLIC,UNGUJA,FUJONI,92540,123958,222374.0,137.24,31.5,24.68,85.14,95.2,Mahonda,False
KASKAZINI B,2019,5,19,6,26.68,-5.99,39.27,Male,15-29 yrs,NO,Other,Index Case,ZINGWE ZINGWE PHCU,MJINI,PUBLIC,UNGUJA,ZINGWEZINGWE,92720,124023,222374.0,110.93,29.96,24.83,87.22,95.2,Mahonda,False
KASKAZINI B,2019,5,20,13,19.72,-5.97,39.29,Male,5-14 yrs,NO,Other,Index Case,MAHONDA MEDICAL CENTRE,MJINI,PRIVATE,UNGUJA,DONGE MBIJI,93112,124118,222374.0,101.49,29.1,25.27,86.52,95.2,Mahonda,False
KASKAZINI B,2019,5,21,20,25.34,-5.97,39.25,Male,15-29 yrs,NO,Other,Other Household Member,ZIWANI POLICE,MJINI,PUBLIC,UNGUJA,DONGE MBIJI,93480,124179,222374.0,48.1,29.22,24.99,86.82,95.2,Mahonda,True
KASKAZINI B,2019,5,22,27,21.65,-5.98,39.31,Female,15-29 yrs,NO,Other,Other Household Member,ZIWANI POLICE,MJINI,PUBLIC,UNGUJA,BUMBWINI MAKOBA,94037,124290,222374.0,0.0,29.3,24.41,86.15,95.2,Mahonda,False
KASKAZINI B,2019,6,23,2,25.74,-5.97,39.29,Male,< 5 yrs,NO,Other,Index Case,UTAPOA DISPENSARY MFENESINI,WEST A,PRIVATE,UNGUJA,KIOMBAMVUA,94381,124408,222374.0,0.0,29.96,23.86,70.89,95.2,Mahonda,True
KASKAZINI B,2019,6,24,10,22.03,-6.01,39.23,Female,5-14 yrs,NO,Other,Other Household Member,ZIWANI POLICE,MJINI,PUBLIC,UNGUJA,BUMBWINI MISUFINI,94657,124446,222374.0,1.6,30.09,23.7,72.37,95.2,Mahonda,False
KASKAZINI B,2019,6,25,17,20.89,-5.96,39.24,Female,15-29 yrs,NO,Other,Other Household Member,ZIWANI POLICE,MJINI,PUBLIC,UNGUJA,BUMBWINI MAKOBA,95129,124597,222374.0,0.0,29.92,23.52,72.54,95.2,Mahonda,False
KASKAZINI B,2019,6,26,23,21.89,-5.99,39.24,Male,15-29 yrs,NO,Other,Index Case,Unknown,MJINI,PUBLIC,UNGUJA,MANGAPWANI,95683,126088,222374.0,0.0,28.82,24.06,71.46,95.2,Mahonda,True
KASKAZINI B,2019,7,27,1,26.39,-5.98,39.27,Male,15-29 yrs,YES,Business,Index Case,KIWENGWA PHCU,MJINI,PUBLIC,UNGUJA,KIWENGWA,96323,125037,222374.0,0.0,30.75,23.82,68.63,95.2,Mahonda,True
KASKAZINI B,2019,7,28,7,28.42,-5.98,39.23,Female,15-29 yrs,NO,Student,Index Case,MAHONDA MEDICAL CENTRE,MJINI,PRIVATE,UNGUJA,KIONGWE KIDOGO,96875,125261,222374.0,0.0,30.33,24.35,68.92,95.2,Mahonda,True
KASKAZINI B,2019,7,29,14,20.47,-5.98,39.26,Male,5-14 yrs,NO,Student,Index Case,KIVUNGE DISTRICT HOSPITAL,MJINI,PUBLIC,UNGUJA,UPENJA,97315,125475,222374.0,3.2,28.85,24.4,69.34,95.2,Mahonda,True
KASKAZINI B,2019,7,30,21,22.43,-5.99,39.29,Male,15-29 yrs,NO,Student,Other Household Member,ZIWANI POLICE,MJINI,PUBLIC,UNGUJA,UPENJA,98072,125475,222374.0,6.82,28.61,23.19,68.89,95.2,Mahonda,True
KASKAZINI B,2019,7,31,28,18.24,-6.03,39.26,Female,< 5 yrs,YES,Other,Index Case,MAHONDA MEDICAL CENTRE,MJINI,PRIVATE,UNGUJA,KITOPE,98809,125869,222374.0,0.0,28.56,23.65,68.52,95.2,Mahonda,True
KASKAZINI B,2019,8,31,1,20.6,-6.02,39.27,Male,15-29 yrs,YES,Business,Index Case,KITOPE CHURCH DISPENSARY,MJINI,PRIVATE,UNGUJA,DONGE MBIJI,99196,125968,222374.0,0.0,30.97,22.76,74.22,95.2,Mahonda,False
KASKAZINI B,2019,8,32,4,22.47,-6.0,39.25,Female,15-29 yrs,NO,Civil Servant,Other Household Member,ZIWANI POLICE,MJINI,PUBLIC,UNGUJA,MATETEMA,99316,125920,222374.0,3.23,29.27,22.79,73.53,95.2,Mahonda,False
KASKAZINI B,2019,8,33,13,23.58,-6.02,39.25,Female,15-29 yrs,NO,Student,Other Household Member,ZIWANI POLICE,MJINI,PUBLIC,UNGUJA,MANGAPWANI,99742,126059,222374.0,10.33,29.26,22.57,73.23,95.2,Mahonda,False
KASKAZINI B,2019,8,34,18,28.62,-6.0,39.29,Male,30-44 yrs,YES,Business,Index Case,MAHONDA MEDICAL CENTRE,MJINI,PRIVATE,UNGUJA,MAHONDA,100140,126243,222374.0,3.27,30.28,23.69,73.98,95.2,Mahonda,False
KASKAZINI B,2019,8,35,27,23.43,-6.02,39.24,Male,30-44 yrs,YES,Business,Index Case,MAHONDA PHCU+,MJINI,PUBLIC,UNGUJA,MAHONDA,100592,126382,222374.0,0.0,29.22,23.42,73.36,95.2,Mahonda,False
KASKAZINI B,2019,9,36,1,25.19,-5.99,39.25,Female,30-44 yrs,NO,Other,Other Household Member,ZIWANI POLICE,MJINI,PUBLIC,UNGUJA,MBALENI,100750,126428,222374.0,0.98,29.32,22.29,74.16,95.2,Mahonda,False
KASKAZINI B,2019,9,37,9,21.78,-5.98,39.24,Male,45+ yrs,NO,Business,Other Household Member,ZIWANI POLICE,MJINI,PUBLIC,UNGUJA,KITOPE,101132,126513,222374.0,10.92,30.14,21.65,74.19,95.2,Mahonda,False
KASKAZINI B,2019,9,38,16,27.33,-5.96,39.2,Female,15-29 yrs,YES,Business,Index Case,BUMBWINI MAKOBA PHCU,MJINI,PUBLIC,UNGUJA,BUMBWINI MISUFINI,101494,126662,222374.0,10.46,29.13,22.47,73.3,95.2,Mahonda,False
KASKAZINI B,2019,9,39,24,14.38,-6.0,39.24,Female,30-44 yrs,YES,Other,Index Case,BUMBWINI MAKOBA PHCU,MJINI,PUBLIC,UNGUJA,BUMBWINI MAKOBA,101750,126763,222374.0,13.35,30.09,24.18,72.57,95.2,Mahonda,False
KASKAZINI B,2019,9,40,30,3.0,-6.02,39.26,Female,< 5 yrs,YES,Other,Index Case,KITOPE PHCU,MJINI,PUBLIC,UNGUJA,MBALENI,101852,126426,222374.0,20.01,30.33,24.72,73.1,95.2,Mahonda,False
KASKAZINI B,2019,10,41,6,23.99,-6.0,39.31,Male,30-44 yrs,NO,Civil Servant,Index Case,KIVUNGE DISTRICT HOSPITAL,MJINI,PUBLIC,UNGUJA,UPENJA,102080,126870,222374.0,72.9,29.19,24.0,76.83,95.2,Mahonda,True
KASKAZINI B,2019,10,42,14,26.9,-6.04,39.23,Female,15-29 yrs,NO,Other,Other Household Member,ZIWANI POLICE,MJINI,PUBLIC,UNGUJA,FUJONI,102265,126910,222374.0,69.05,29.65,24.14,77.95,95.2,Mahonda,False
KASKAZINI B,2019,10,43,21,28.93,-6.0,39.24,Female,15-29 yrs,NO,Other,Index Case,ZINGWE ZINGWE PHCU,MJINI,PUBLIC,UNGUJA,ZINGWEZINGWE,102797,127005,222374.0,44.6,29.29,24.06,77.24,95.2,Mahonda,False
KASKAZINI B,2019,10,44,28,14.5,-6.06,39.24,Male,5-14 yrs,YES,Other,Index Case,BUBUBU MEDICAL DISPENSARY,MJINI,PRIVATE,UNGUJA,KIWENGWA,103047,127206,222374.0,36.58,30.74,24.25,78.15,95.2,Mahonda,False
KASKAZINI B,2019,11,44,1,30.0,-5.98,39.23,Male,15-29 yrs,YES,Business,Index Case,KITOPE PHCU,MJINI,PUBLIC,UNGUJA,KITOPE,103160,127090,222374.0,57.43,32.55,24.3,77.85,95.2,Mahonda,False
KASKAZINI B,2019,11,45,3,21.19,-6.0,39.22,Male,30-44 yrs,YES,Business,Index Case,KIBWENI KMKM,MJINI,PUBLIC,UNGUJA,KITOPE,103201,127190,222374.0,57.25,30.77,25.12,77.38,95.2,Mahonda,True
KASKAZINI B,2019,11,46,11,25.38,-6.01,39.29,Female,< 5 yrs,NO,Other,Other Household Member,ZIWANI POLICE,MJINI,PUBLIC,UNGUJA,MAHONDA,103531,127191,222374.0,21.56,30.92,24.14,76.91,95.2,Mahonda,False
KASKAZINI B,2019,11,47,18,26.5,-5.99,39.23,Male,15-29 yrs,NO,Watchman/Police,Index Case,BUMBWINI MAKOBA PHCU,MJINI,PUBLIC,UNGUJA,BUMBWINI MISUFINI,103868,127309,222374.0,36.75,31.11,24.7,75.92,95.2,Mahonda,False
KASKAZINI B,2019,11,48,24,20.98,-5.98,39.27,Male,5-14 yrs,NO,Student,Other Household Member,ZIWANI POLICE,MJINI,PUBLIC,UNGUJA,DONGE VIJIBWENI,104238,127430,222374.0,14.72,31.88,24.83,76.91,95.2,Mahonda,True
KASKAZINI B,2019,12,49,1,22.04,-5.99,39.29,Male,15-29 yrs,YES,Business,Index Case,MAHONDA MEDICAL CENTRE,MJINI,PRIVATE,UNGUJA,MAHONDA,105036,127700,222374.0,40.55,32.48,23.81,75.41,95.2,Mahonda,True
KASKAZINI B,2019,12,50,8,23.31,-6.0,39.3,Male,30-44 yrs,YES,Business,Index Case,UTAPOA DISPENSARY MFENESINI,MJINI,PRIVATE,UNGUJA,KITOPE,105713,127980,222374.0,5.9,32.74,24.9,76.11,95.2,Mahonda,True
KASKAZINI B,2019,12,51,15,17.76,-6.0,39.28,Male,5-14 yrs,NO,Other,Index Case,MAFUNZO-MAKAOO MAKUU,URBAN,PUBLIC,UNGUJA,MAHONDA,106820,128416,222374.0,40.93,31.98,25.31,75.29,95.2,Mahonda,True
KASKAZINI B,2019,12,52,22,20.48,-6.0,39.26,Female,45+ yrs,NO,Other,Other Household Member,ZIWANI POLICE,MJINI,PUBLIC,UNGUJA,KISONGONI,108074,128709,222374.0,28.39,32.94,25.16,75.43,95.2,Mahonda,True
KASKAZINI B,2019,12,53,29,26.14,-6.0,39.25,Male,15-29 yrs,YES,Fisherman,Index Case,KIBWENI KMKM,MJINI,PUBLIC,UNGUJA,FUJONI,109383,130030,222374.0,12.83,31.98,25.55,77.27,95.2,Mahonda,True
KASKAZINI B,2020,1,1,1,23.84,-5.99,39.24,Female,15-29 yrs,NO,Other,Other Household Member,ZIWANI POLICE,MJINI,PUBLIC,UNGUJA,MKADINI,109875,129861,415012.0,0.0,33.13,25.98,74.7,96.9,Mahonda,True
KASKAZINI B,2020,1,2,5,23.17,-5.99,39.27,Male,15-29 yrs,NO,Other,Index Case,MNAZI MMOJA HOSPITAL,URBAN,PUBLIC,UNGUJA,BUMBWINI MISUFINI,110609,130287,415012.0,9.12,32.31,25.64,75.68,96.9,Mahonda,True
KASKAZINI B,2020,1,3,12,23.21,-5.99,39.28,Male,5-14 yrs,YES,Student,Index Case,MAHONDA MEDICAL CENTRE,MJINI,PRIVATE,UNGUJA,MBALENI,111953,130991,415012.0,42.74,31.99,25.16,74.65,96.9,Mahonda,True
KASKAZINI B,2020,1,4,19,25.71,-5.98,39.28,Male,30-44 yrs,NO,Other,Other Household Member,ZIWANI POLICE,MJINI,PUBLIC,UNGUJA,MAHONDA,113631,131809,415012.0,92.89,31.36,25.84,74.34,96.9,Mahonda,True
KASKAZINI B,2020,1,5,26,23.61,-5.98,39.26,Female,5-14 yrs,NO,Student,Other Household Member,ZIWANI POLICE,MJINI,PUBLIC,UNGUJA,MAHONDA,115087,131901,415012.0,22.12,30.76,25.81,73.82,96.9,Mahonda,True
KASKAZINI B,2020,2,5,1,34.5,-6.03,39.23,Male,30-44 yrs,NO,Business,Other Household Member,ZIWANI POLICE,MJINI,PUBLIC,UNGUJA,MKADINI,116135,132975,415012.0,1.37,34.47,26.1,76.05,96.9,Mahonda,False
KASKAZINI B,2020,2,6,2,27.4,-6.0,39.27,Male,30-44 yrs,YES,Other,Index Case,MAHONDA MEDICAL CENTRE,MJINI,PRIVATE,UNGUJA,KITOPE,116250,133313,415012.0,1.23,32.6,24.63,74.57,96.9,Mahonda,True
KASKAZINI B,2020,2,7,10,24.06,-5.98,39.27,Male,5-14 yrs,NO,Other,Index Case,MAHONDA MEDICAL CENTRE,NORTH B,PRIVATE,UNGUJA,MAHONDA,117133,133657,415012.0,4.66,31.99,24.87,75.16,96.9,Mahonda,True
KASKAZINI B,2020,2,8,17,25.71,-5.99,39.23,Male,15-29 yrs,NO,Other,Index Case,BUMBWINI MISUFINI PHCU+,MJINI,PUBLIC,UNGUJA,BUMBWINI MISUFINI,117696,133965,415012.0,7.95,31.23,25.76,74.9,96.9,Mahonda,True
KASKAZINI B,2020,2,9,24,23.58,-5.98,39.27,Male,45+ yrs,NO,Other,Index Case,MAHONDA MEDICAL CENTRE,MJINI,PRIVATE,UNGUJA,KIWENGWA,118364,134331,415012.0,2.7,32.32,25.68,75.34,96.9,Mahonda,True
KASKAZINI B,2020,3,10,1,29.89,-5.98,39.29,Female,30-44 yrs,YES,Business,Index Case,UTAPOA DISPENSARY MFENESINI,MJINI,PRIVATE,UNGUJA,KINDUNI,118898,134628,415012.0,15.0,32.33,25.02,78.69,96.9,Mahonda,True
KASKAZINI B,2020,3,11,9,22.62,-5.99,39.27,Male,< 5 yrs,NO,Other,Index Case,MAHONDA PHCU+,MJINI,PUBLIC,UNGUJA,MAHONDA,119686,134969,415012.0,22.88,32.18,26.02,79.3,96.9,Mahonda,True
KASKAZINI B,2020,3,12,16,17.07,-5.98,39.25,Male,30-44 yrs,NO,Other,Other Household Member,ZIWANI POLICE,MJINI,PUBLIC,UNGUJA,MKATALENI,120158,132828,415012.0,12.19,31.97,25.87,78.24,96.9,Mahonda,False
KASKAZINI B,2020,3,13,23,22.35,-5.98,39.22,Male,5-14 yrs,NO,Student,Index Case,KIOMBA MVUA PHCU,MJINI,PUBLIC,UNGUJA,KIOMBAMVUA,120964,135241,415012.0,17.88,31.82,25.49,78.17,96.9,Mahonda,True
KASKAZINI B,2020,3,14,30,18.24,-5.98,39.22,Male,15-29 yrs,NO,Student,Index Case,BUMBWINI MISUFINI PHCU+,MJINI,PUBLIC,UNGUJA,MANGAPWANI,121817,135484,415012.0,21.67,30.64,25.74,81.01,96.9,Mahonda,True
KASKAZINI B,2020,4,14,1,15.84,-5.96,39.24,Female,30-44 yrs,NO,Business,Index Case,ZINGWE ZINGWE PHCU,MJINI,PUBLIC,UNGUJA,ZINGWEZINGWE,122107,135607,415012.0,31.9,32.84,25.64,86.2,96.9,Mahonda,False
KASKAZINI B,2020,4,15,6,24.74,-5.97,39.23,Female,15-29 yrs,NO,Business,Other Household Member,ZIWANI POLICE,MJINI,PUBLIC,UNGUJA,MAHONDA,122559,135625,415012.0,61.77,31.1,24.65,87.22,96.9,Mahonda,True
KASKAZINI B,2020,4,16,13,19.26,-5.98,39.24,Male,< 5 yrs,NO,Other,Other Household Member,ZIWANI POLICE,MJINI,PUBLIC,UNGUJA,KISONGONI,123146,135869,415012.0,109.12,29.63,24.68,86.38,96.9,Mahonda,True
KASKAZINI B,2020,4,17,19,21.64,-5.98,39.24,Female,30-44 yrs,NO,Other,Other Household Member,ZIWANI POLICE,MJINI,PUBLIC,UNGUJA,KIONGWE KIDOGO,123779,136048,415012.0,178.37,29.31,23.86,86.19,96.9,Mahonda,True
KASKAZINI B,2020,4,18,27,22.67,-5.98,39.3,Male,30-44 yrs,NO,Other,Other Household Member,ZIWANI POLICE,MJINI,PUBLIC,UNGUJA,PANGENI,124495,136232,415012.0,158.18,30.04,25.01,86.56,96.9,Mahonda,False
KASKAZINI B,2020,5,18,1,15.38,-6.0,39.25,Male,< 5 yrs,NO,Other,Other Household Member,ZIWANI POLICE,MJINI,PUBLIC,UNGUJA,MAHONDA,124972,136399,415012.0,46.95,29.94,24.41,83.25,96.9,Mahonda,False
KASKAZINI B,2020,5,19,3,24.15,-5.96,39.26,Female,30-44 yrs,NO,Other,Other Household Member,ZIWANI POLICE,MJINI,PUBLIC,UNGUJA,KISONGONI,125079,136375,415012.0,46.74,29.4,24.77,83.59,96.9,Mahonda,True
KASKAZINI B,2020,5,20,11,24.61,-5.99,39.26,Female,30-44 yrs,NO,Other,Index Case,FUJONI PHCU,MJINI,PUBLIC,UNGUJA,MANGAPWANI,125739,136627,415012.0,0.0,29.78,24.85,83.49,96.9,Mahonda,True
KASKAZINI B,2020,5,21,18,21.59,-5.99,39.24,Female,30-44 yrs,NO,Business,Other Household Member,ZIWANI POLICE,MJINI,PUBLIC,UNGUJA,FUJONI,126483,136860,415012.0,17.35,29.87,24.52,83.67,96.9,Mahonda,True
KASKAZINI B,2020,5,22,25,20.31,-5.98,39.24,Female,5-14 yrs,YES,Student,Index Case,KITOPE CHURCH DISPENSARY,MJINI,PRIVATE,UNGUJA,MBALENI,127097,137143,415012.0,0.0,31.18,24.35,83.22,96.9,Mahonda,True
KASKAZINI B,2020,5,23,31,27.0,-6.19,39.22,Male,15-29 yrs,NO,Business,Index Case,AL-RAHMA HOSPITAL,MJINI,PRIVATE,UNGUJA,KIOMBAMVUA,127850,137486,415012.0,0.0,29.39,24.69,83.5,96.9,Mahonda,False
KASKAZINI B,2020,6,23,1,22.92,-5.97,39.22,Female,5-14 yrs,NO,Other,Other Household Member,ZIWANI POLICE,MJINI,PUBLIC,UNGUJA,BUMBWINI MAKOBA,127999,137515,415012.0,0.0,30.24,25.16,77.3,96.9,Mahonda,True
KASKAZINI B,2020,6,24,7,25.0,-5.99,39.24,Female,15-29 yrs,NO,Business,Index Case,MAHONDA MEDICAL CENTRE,MJINI,PRIVATE,UNGUJA,MAHONDA,128552,137877,415012.0,0.68,29.73,24.53,77.68,96.9,Mahonda,True
KASKAZINI B,2020,6,25,15,24.38,-6.0,39.24,Female,30-44 yrs,NO,Business,Other Household Member,ZIWANI POLICE,MJINI,PUBLIC,UNGUJA,BUMBWINI MAKOBA,129533,138180,415012.0,0.14,30.07,23.9,77.69,96.9,Mahonda,True
KASKAZINI B,2020,6,26,21,23.75,-5.99,39.24,Male,45+ yrs,NO,Business,Index Case,MAHONDA MEDICAL CENTRE,MJINI,PRIVATE,UNGUJA,DONGE MBIJI,130324,138549,415012.0,0.47,28.82,24.02,77.37,96.9,Mahonda,True
KASKAZINI B,2020,6,27,28,26.75,-5.97,39.24,Male,15-29 yrs,NO,Watchman/Police,Index Case,KIBWENI KMKM,MJINI,PUBLIC,UNGUJA,MGAMBO,131207,138971,415012.0,2.64,28.34,23.66,77.14,96.9,Mahonda,False
KASKAZINI B,2020,7,27,1,23.57,-5.96,39.23,Male,5-14 yrs,NO,Student,Other Household Member,ZIWANI POLICE,MJINI,PUBLIC,UNGUJA,KITOPE,131598,139008,415012.0,0.0,29.56,24.01,75.85,96.9,Mahonda,False
KASKAZINI B,2020,7,28,5,20.69,-5.99,39.27,Male,< 5 yrs,NO,Other,Other Household Member,ZIWANI POLICE,MJINI,PUBLIC,UNGUJA,BUMBWINI MAKOBA,132097,139163,415012.0,3.81,28.75,23.31,74.27,96.9,Mahonda,True
KASKAZINI B,2020,7,29,13,29.57,-5.99,39.23,Female,45+ yrs,YES,Business,Index Case,FUJONI PHCU,MJINI,PUBLIC,UNGUJA,MANGAPWANI,133044,139531,415012.0,9.63,27.89,22.81,75.35,96.9,Mahonda,False
KASKAZINI B,2020,7,30,19,24.79,-6.0,39.27,Female,30-44 yrs,NO,Other,Other Household Member,ZIWANI POLICE,MJINI,PUBLIC,UNGUJA,UPENJA,133545,139685,415012.0,5.12,28.31,23.07,75.57,96.9,Mahonda,True
KASKAZINI B,2020,7,31,27,16.89,-5.98,39.3,Female,5-14 yrs,NO,Student,Other Household Member,ZIWANI POLICE,MJINI,PUBLIC,UNGUJA,KILOMBERO,134270,139902,415012.0,0.84,29.37,24.13,73.7,96.9,Mahonda,False
KASKAZINI B,2020,8,32,3,18.9,-6.0,39.29,Male,45+ yrs,NO,Other,Other Household Member,ZIWANI POLICE,MJINI,PUBLIC,UNGUJA,KIWENGWA,134761,139996,415012.0,1.13,28.96,23.07,77.93,96.9,Mahonda,True
KASKAZINI B,2020,8,33,10,28.29,-5.99,39.29,Female,30-44 yrs,NO,Business,Other Household Member,ZIWANI POLICE,MJINI,PUBLIC,UNGUJA,KIDAZINI,135187,140233,415012.0,0.0,29.46,21.98,78.15,96.9,Mahonda,False
KASKAZINI B,2020,8,34,17,27.92,-6.0,39.25,Male,5-14 yrs,YES,Other,Index Case,KITOPE PHCU,MJINI,PUBLIC,UNGUJA,MBALENI,135653,140449,415012.0,16.8,28.74,22.95,77.12,96.9,Mahonda,True
KASKAZINI B,2020,8,35,23,20.61,-5.98,39.29,Female,15-29 yrs,NO,Other,Other Household Member,ZIWANI POLICE,MJINI,PUBLIC,UNGUJA,KISONGONI,135999,140571,415012.0,10.53,28.64,23.6,78.16,96.9,Mahonda,False
KASKAZINI B,2020,8,36,30,22.41,-5.98,39.23,Female,15-29 yrs,NO,Other,Index Case,KIVUNGE DISTRICT HOSPITAL,MJINI,PUBLIC,UNGUJA,KITOPE,136532,140707,415012.0,6.97,28.27,22.71,76.67,96.9,Mahonda,False
KASKAZINI B,2020,9,36,1,22.37,-6.02,39.28,Female,15-29 yrs,NO,Business,Other Household Member,ZIWANI POLICE,MJINI,PUBLIC,UNGUJA,MAFUFUNI,136706,140741,415012.0,14.34,29.42,22.76,82.11,96.9,Mahonda,True
KASKAZINI B,2020,9,37,7,16.71,-5.98,39.22,Female,< 5 yrs,NO,Other,Other Household Member,ZIWANI POLICE,MJINI,PUBLIC,UNGUJA,MKADINI,137073,140846,415012.0,10.93,29.49,23.03,81.09,96.9,Mahonda,True
KASKAZINI B,2020,9,38,13,24.29,-5.98,39.24,Male,45+ yrs,NO,Other,Other Household Member,ZIWANI POLICE,MJINI,PUBLIC,UNGUJA,KILOMBERO,137442,140847,415012.0,7.11,29.2,22.78,82.6,96.9,Mahonda,True
KASKAZINI B,2020,9,39,20,19.94,-5.99,39.24,Female,5-14 yrs,NO,Student,Other Household Member,ZIWANI POLICE,MJINI,PUBLIC,UNGUJA,KWAGUBE,137853,141120,415012.0,10.56,29.6,23.02,81.38,96.9,Mahonda,True
KASKAZINI B,2020,9,40,28,20.07,-6.01,39.25,Female,5-14 yrs,NO,Student,Other Household Member,ZIWANI POLICE,MJINI,PUBLIC,UNGUJA,KITOPE,138314,141252,415012.0,14.72,30.54,23.51,82.12,96.9,Mahonda,False
KASKAZINI B,2020,10,40,1,16.62,-6.01,39.29,Female,< 5 yrs,NO,Other,Index Case,MGONJONI PHCU,MJINI,PUBLIC,UNGUJA,KILOMBERO,138565,141369,415012.0,0.0,31.88,24.23,81.95,96.9,Mahonda,False
KASKAZINI B,2020,10,41,5,27.48,-5.97,39.23,Male,30-44 yrs,NO,Business,Other Household Member,ZIWANI POLICE,MJINI,PUBLIC,UNGUJA,MANGAPWANI,138803,141438,415012.0,0.44,29.74,23.35,82.15,96.9,Mahonda,False
KASKAZINI B,2020,10,42,12,23.26,-5.99,39.22,Female,15-29 yrs,NO,Student,Index Case,BUMBWINI MISUFINI PHCU+,MJINI,PUBLIC,UNGUJA,KIDAZINI,139212,141578,415012.0,2.62,29.67,23.53,81.38,96.9,Mahonda,False
KASKAZINI B,2020,10,43,20,17.73,-5.98,39.23,Male,15-29 yrs,YES,Other,Index Case,FUJONI PHCU,MJINI,PUBLIC,UNGUJA,MANGAPWANI,139585,141695,415012.0,31.0,29.81,23.4,81.79,96.9,Mahonda,False
KASKAZINI B,2020,10,44,29,23.0,-5.94,39.23,Male,15-29 yrs,YES,Watchman/Police,Index Case,MAHONDA MEDICAL CENTRE,MJINI,PRIVATE,UNGUJA,DONGE MTAMBILE,139808,141787,415012.0,17.23,31.06,23.61,81.76,96.9,Mahonda,False
KASKAZINI B,2020,11,45,4,24.12,-6.04,39.28,Male,15-29 yrs,YES,Other,Index Case,KITOPE PHCU,MJINI,PUBLIC,UNGUJA,KITOPE,139917,141858,415012.0,88.72,29.49,22.88,83.46,96.9,Mahonda,False
KASKAZINI B,2020,11,46,9,18.08,-6.04,39.28,Male,15-29 yrs,YES,Business,Index Case,BUMBWINI MISUFINI PHCU+,MJINI,PUBLIC,UNGUJA,MANGAPWANI,140017,141916,415012.0,95.21,29.88,24.94,82.85,96.9,Mahonda,False
KASKAZINI B,2020,11,47,16,26.36,-6.01,39.32,Female,30-44 yrs,NO,Other,Other Household Member,ZIWANI POLICE,MJINI,PUBLIC,UNGUJA,KILOMBERO,140170,141943,415012.0,34.57,30.81,24.67,82.76,96.9,Mahonda,False
KASKAZINI B,2020,11,48,23,19.92,-6.06,39.31,Female,30-44 yrs,NO,Other,Other Household Member,ZIWANI POLICE,MJINI,PUBLIC,UNGUJA,MATETEMA,140392,141929,415012.0,38.32,30.73,24.28,82.9,96.9,Mahonda,True
KASKAZINI B,2020,11,49,30,22.0,-6.01,39.31,Male,15-29 yrs,NO,Other,Other Household Member,ZIWANI POLICE,MJINI,PUBLIC,UNGUJA,KILOMBERO,140760,142163,415012.0,119.9,31.11,25.32,82.8,96.9,Mahonda,False
KASKAZINI B,2020,12,49,1,18.38,-5.99,39.29,Female,15-29 yrs,NO,Business,Other Household Member,ZIWANI POLICE,MJINI,PUBLIC,UNGUJA,ZINGWEZINGWE,140842,142205,415012.0,28.93,31.04,24.2,80.66,96.9,Mahonda,True
KASKAZINI B,2020,12,50,7,25.09,-5.98,39.25,Female,45+ yrs,NO,Business,Other Household Member,ZIWANI POLICE,MJINI,PUBLIC,UNGUJA,MANGAPWANI,141334,142401,415012.0,8.38,32.08,24.97,80.87,96.9,Mahonda,True
KASKAZINI B,2020,12,51,14,19.2,-5.98,39.26,Female,30-44 yrs,NO,Other,Other Household Member,ZIWANI POLICE,MJINI,PUBLIC,UNGUJA,DONGE MTAMBILE,141877,142550,415012.0,2.22,31.38,24.93,80.14,96.9,Mahonda,True
KASKAZINI B,2020,12,52,20,29.18,-6.0,39.25,Male,45+ yrs,YES,Business,Index Case,MAHONDA MEDICAL CENTRE,MJINI,PRIVATE,UNGUJA,MKATALENI,142736,142950,415012.0,7.84,31.09,25.19,80.29,96.9,Mahonda,True
KASKAZINI B,2020,12,53,27,19.62,-5.99,39.27,Female,45+ yrs,NO,Other,Index Case,KIVUNGE DISTRICT HOSPITAL,MJINI,PUBLIC,UNGUJA,KILOMBERO,143544,143226,415012.0,4.86,31.28,25.81,80.98,96.9,Mahonda,True
KASKAZINI B,2021,1,1,1,20.29,-5.97,39.3,Male,15-29 yrs,NO,Student,Index Case,MAHONDA MEDICAL CENTRE,MJINI,PRIVATE,UNGUJA,KISONGONI,144293,143442,878264.0,6.9,31.58,24.92,79.09,94.7,Mahonda,False
KASKAZINI B,2021,1,2,3,17.93,-6.0,39.27,Male,< 5 yrs,YES,Other,Index Case,KENDWA PHCU,MJINI,PUBLIC,UNGUJA,MAHONDA,144416,142315,878264.0,7.21,31.17,24.96,79.61,94.7,Mahonda,True
KASKAZINI B,2021,1,3,11,21.07,-5.98,39.26,Female,15-29 yrs,YES,Business,Index Case,BUMBWINI MAKOBA PHCU,MJINI,PUBLIC,UNGUJA,BUMBWINI MISUFINI,145696,143829,878264.0,5.94,29.81,24.91,79.34,94.7,Mahonda,True
KASKAZINI B,2021,1,4,18,24.3,-6.0,39.27,Male,15-29 yrs,YES,Business,Index Case,MAHONDA MEDICAL CENTRE,MJINI,PRIVATE,UNGUJA,MAHONDA,146676,144082,878264.0,0.0,32.39,24.31,78.68,94.7,Mahonda,True
KASKAZINI B,2021,1,5,25,21.75,-6.0,39.23,Male,45+ yrs,NO,Fisherman,Index Case,BUMBWINI MAKOBA PHCU,MJINI,PUBLIC,UNGUJA,BUMBWINI MAKOBA,147564,144384,878264.0,0.0,31.4,25.29,78.54,94.7,Mahonda,False
KASKAZINI B,2021,1,6,31,14.75,-5.97,39.31,Female,15-29 yrs,NO,Other,Other Household Member,ZIWANI POLICE,MJINI,PUBLIC,UNGUJA,UPENJA,148224,144592,878264.0,0.0,30.41,24.4,78.55,94.7,Mahonda,False
KASKAZINI B,2021,2,6,1,21.55,-5.99,39.27,Male,5-14 yrs,NO,Student,Other Household Member,ZIWANI POLICE,MJINI,PUBLIC,UNGUJA,BUMBWINI MAKOBA,148384,144620,878264.0,0.0,32.01,24.3,78.36,94.7,Mahonda,True
KASKAZINI B,2021,2,7,8,19.28,-5.99,39.25,Female,30-44 yrs,NO,Other,Other Household Member,ZIWANI POLICE,MJINI,PUBLIC,UNGUJA,MAHONDA,149059,144774,878264.0,1.93,31.53,25.3,78.6,94.7,Mahonda,True
KASKAZINI B,2021,2,8,14,21.44,-5.98,39.26,Male,15-29 yrs,YES,Student,Index Case,MAHONDA MEDICAL CENTRE,MJINI,PRIVATE,UNGUJA,KINDUNI,149465,144912,878264.0,1.2,31.7,25.18,78.11,94.7,Mahonda,True
KASKAZINI B,2021,2,9,21,22.48,-6.0,39.27,Female,5-14 yrs,YES,Student,Index Case,KIVUNGE DISTRICT HOSPITAL,MJINI,PUBLIC,UNGUJA,MAHONDA,149987,145077,878264.0,4.84,31.63,24.74,77.83,94.7,Mahonda,True
KASKAZINI B,2021,3,10,1,17.83,-6.0,39.26,Male,15-29 yrs,NO,Other,Index Case,KIWENGWA PHCU,MJINI,PUBLIC,UNGUJA,UPENJA,150535,145244,878264.0,0.0,34.22,25.33,77.5,94.7,Mahonda,False
KASKAZINI B,2021,3,11,8,21.42,-5.98,39.22,Female,30-44 yrs,NO,Business,Other Household Member,ZIWANI POLICE,MJINI,PUBLIC,UNGUJA,FUJONI,150944,145375,878264.0,0.0,33.2,24.67,77.07,94.7,Mahonda,False
KASKAZINI B,2021,3,12,14,25.33,-5.97,39.22,Female,< 5 yrs,YES,Other,Index Case,MAHONDA MEDICAL CENTRE,MJINI,PRIVATE,UNGUJA,DONGE KARANGE,151306,145500,878264.0,4.6,32.39,24.03,76.57,94.7,Mahonda,False
KASKAZINI B,2021,3,13,25,28.0,-5.97,39.31,Male,15-29 yrs,YES,Business,Index Case,GLORY DISPENSARY,MJINI,PRIVATE,UNGUJA,KINDUNI,151979,145715,878264.0,20.61,32.8,26.4,78.95,94.7,Mahonda,False
KASKAZINI B,2021,3,14,29,24.43,-5.99,39.24,Female,< 5 yrs,NO,Other,Other Household Member,ZIWANI POLICE,MJINI,PUBLIC,UNGUJA,KITOPE,152151,145752,878264.0,30.2,30.92,25.28,77.0,94.7,Mahonda,False
KASKAZINI B,2021,4,14,1,20.6,-6.03,39.21,Male,< 5 yrs,YES,Other,Index Case,FUJONI PHCU,MJINI,PUBLIC,UNGUJA,FUJONI,152343,145817,878264.0,11.8,32.12,25.61,85.35,94.7,Mahonda,False
KASKAZINI B,2021,4,15,6,23.23,-5.98,39.25,Female,15-29 yrs,NO,Unemployed,Index Case,MAHONDA PHCU+,MJINI,PUBLIC,UNGUJA,MKATALENI,152519,145941,878264.0,13.35,30.86,26.02,83.92,94.7,Mahonda,False
KASKAZINI B,2021,4,16,12,21.68,-5.98,39.22,Female,< 5 yrs,YES,Other,Index Case,BUMBWINI MISUFINI PHCU+,MJINI,PUBLIC,UNGUJA,MANGAPWANI,152828,145962,878264.0,23.61,29.51,23.86,84.26,94.7,Mahonda,False
KASKAZINI B,2021,4,17,19,23.14,-5.96,39.24,Female,15-29 yrs,NO,Farmer,Index Case,DONGE VIJIBWENI PHCU,MJINI,PUBLIC,UNGUJA,DONGE PWANI,153154,146053,878264.0,41.48,28.6,24.7,84.84,94.7,Mahonda,False
KASKAZINI B,2021,4,18,25,21.17,-5.98,39.24,Female,30-44 yrs,NO,Housewife,Other Household Member,ZIWANI POLICE,MJINI,PUBLIC,UNGUJA,KIWENGWA,153502,146162,878264.0,49.61,30.89,25.33,84.2,94.7,Mahonda,False
KASKAZINI B,2021,5,19,3,24.74,-5.99,39.25,Male,< 5 yrs,NO,Under school age (<6 years),Other Household Member,ZIWANI POLICE,MJINI,PUBLIC,UNGUJA,MKATALENI,153868,146268,878264.0,38.64,28.84,24.53,78.76,94.7,Mahonda,False
KASKAZINI B,2021,5,20,11,23.91,-6.01,39.29,Male,15-29 yrs,NO,Other,Index Case,KITOPE CHURCH DISPENSARY,MJINI,PRIVATE,UNGUJA,MBALENI,154422,146479,878264.0,0.0,30.11,25.11,77.71,94.7,Mahonda,True
KASKAZINI B,2021,5,21,16,19.3,-5.99,39.28,Female,5-14 yrs,NO,Other,Other Household Member,ZIWANI POLICE,MJINI,PUBLIC,UNGUJA,UPENJA,154610,146539,878264.0,0.0,30.85,24.93,78.47,94.7,Mahonda,True
KASKAZINI B,2021,5,22,24,23.0,-5.98,39.26,Male,45+ yrs,NO,Other,Other Household Member,ZIWANI POLICE,MJINI,PUBLIC,UNGUJA,MBALENI,155377,146748,878264.0,0.0,30.34,25.43,78.36,94.7,Mahonda,False
KASKAZINI B,2021,5,23,30,22.25,-6.01,39.35,Female,< 5 yrs,NO,Under school age (<6 years),Other Household Member,ZIWANI POLICE,MJINI,PUBLIC,UNGUJA,KILOMBERO,155838,146871,878264.0,0.0,29.42,25.14,77.81,94.7,Mahonda,False
KASKAZINI B,2021,6,23,3,19.9,-5.97,39.27,Female,15-29 yrs,YES,Other,Index Case,DONGE VIJIBWENI PHCU,MJINI,PUBLIC,UNGUJA,DONGE MBIJI,156111,146961,878264.0,8.65,30.27,24.27,76.31,94.7,Mahonda,True
KASKAZINI B,2021,6,24,6,22.42,-5.99,39.29,Male,15-29 yrs,NO,Civil Servant,Index Case,KIVUNGE DISTRICT HOSPITAL,MJINI,PUBLIC,UNGUJA,UPENJA,156288,147018,878264.0,7.43,28.74,23.64,74.38,94.7,Mahonda,False
KASKAZINI B,2021,6,25,14,22.78,-5.98,39.24,Male,15-29 yrs,NO,Fisherman,Other Household Member,ZIWANI POLICE,MJINI,PUBLIC,UNGUJA,BUMBWINI MISUFINI,156695,146994,878264.0,0.31,27.95,23.97,74.74,94.7,Mahonda,True
KASKAZINI B,2021,6,26,21,20.03,-6.0,39.3,Male,5-14 yrs,YES,Under school age (<6 years),Index Case,MAHONDA PHCU+,MJINI,PUBLIC,UNGUJA,MAHONDA,157152,147374,878264.0,2.7,28.7,23.39,75.07,94.7,Mahonda,True
KASKAZINI B,2021,6,27,27,20.12,-5.99,39.27,Male,5-14 yrs,NO,Student,Index Case,GLORY DISPENSARY,MJINI,PRIVATE,UNGUJA,UPENJA,157642,147498,878264.0,12.0,27.95,22.16,75.25,94.7,Mahonda,False
KASKAZINI B,2021,7,27,2,25.0,-5.97,39.22,Female,15-29 yrs,YES,Farmer,Index Case,ZINGWE ZINGWE PHCU,MJINI,PUBLIC,UNGUJA,KIDAZINI,158019,147601,878264.0,0.81,29.33,23.15,74.05,94.7,Mahonda,False
KASKAZINI B,2021,7,28,5,28.05,-5.98,39.24,Male,15-29 yrs,NO,Farmer,Index Case,ZINGWE ZINGWE PHCU,MJINI,PUBLIC,UNGUJA,ZINGWEZINGWE,158163,147637,878264.0,4.8,28.92,23.55,73.15,94.7,Mahonda,True
KASKAZINI B,2021,7,29,11,19.81,-5.99,39.25,Male,< 5 yrs,YES,Under school age (<6 years),Index Case,FUJONI PHCU,MJINI,PUBLIC,UNGUJA,MANGAPWANI,158442,147749,878264.0,8.41,28.61,24.26,73.35,94.7,Mahonda,False
KASKAZINI B,2021,7,30,19,22.2,-5.98,39.26,Female,30-44 yrs,NO,Fisherman,Index Case,DONGE VIJIBWENI PHCU,MJINI,PUBLIC,UNGUJA,NJIA YA MTONI,158972,147899,878264.0,1.05,28.66,24.35,72.68,94.7,Mahonda,True
KASKAZINI B,2021,7,31,25,22.78,-5.97,39.25,Male,15-29 yrs,YES,Other,Index Case,ICB DISPENSARY,MJINI,PRIVATE,UNGUJA,KILOMBERO,159174,147989,878264.0,2.75,27.97,23.53,73.7,94.7,Mahonda,False
KASKAZINI B,2021,8,32,2,24.38,-6.0,39.27,Male,5-14 yrs,NO,Student,Other Household Member,ZIWANI POLICE,MJINI,PUBLIC,UNGUJA,BUMBWINI MISUFINI,159588,148068,878264.0,2.59,29.29,22.69,76.13,94.7,Mahonda,False
KASKAZINI B,2021,8,33,9,19.46,-5.98,39.27,Male,< 5 yrs,YES,Under school age (<6 years),Index Case,MAHONDA PHCU+,MJINI,PUBLIC,UNGUJA,MGAMBO,159825,148200,878264.0,0.0,29.51,21.56,77.07,94.7,Mahonda,False
KASKAZINI B,2021,8,34,16,20.48,-5.96,39.24,Male,45+ yrs,NO,Fisherman,Index Case,BUMBWINI MAKOBA PHCU,MJINI,PUBLIC,UNGUJA,MAFUFUNI,160127,148294,878264.0,18.53,28.67,22.33,76.32,94.7,Mahonda,False
KASKAZINI B,2021,8,35,23,29.78,-6.0,39.31,Male,45+ yrs,NO,Civil Servant,Other Household Member,ZIWANI POLICE,MJINI,PUBLIC,UNGUJA,MAHONDA,160352,148369,878264.0,9.97,29.13,22.99,76.31,94.7,Mahonda,False
KASKAZINI B,2021,8,36,29,20.44,-5.98,39.23,Male,< 5 yrs,YES,Under school age (<6 years),Index Case,AL-TWAYYB DISPENSARY,MJINI,PUBLIC,UNGUJA,FUJONI,160526,148431,878264.0,5.57,26.94,21.08,78.1,94.7,Mahonda,False
KASKAZINI B,2021,9,37,5,19.23,-5.99,39.25,Female,30-44 yrs,YES,Business,Index Case,AL-TWAYYB DISPENSARY,MJINI,PUBLIC,UNGUJA,MANGAPWANI,160728,148490,878264.0,8.04,28.82,23.46,74.55,94.7,Mahonda,True
KASKAZINI B,2021,9,38,13,16.53,-6.01,39.27,Female,30-44 yrs,NO,Business,Other Household Member,ZIWANI POLICE,MJINI,PUBLIC,UNGUJA,MANGAPWANI,161148,148574,878264.0,16.05,28.23,23.08,74.47,94.7,Mahonda,False
KASKAZINI B,2021,9,39,20,32.52,-6.0,39.27,Male,30-44 yrs,YES,Other,Index Case,KIBWENI KMKM,MJINI,PUBLIC,UNGUJA,KITOPE,161420,148669,878264.0,1.1,29.1,23.04,74.92,94.7,Mahonda,True
KASKAZINI B,2021,9,40,27,21.27,-6.01,39.25,Male,45+ yrs,NO,Farmer,Other Household Member,ZIWANI POLICE,MJINI,PUBLIC,UNGUJA,KITOPE,161659,148732,878264.0,11.54,30.71,23.25,75.35,94.7,Mahonda,False
KASKAZINI B,2021,10,41,4,18.12,-6.01,39.22,Male,15-29 yrs,YES,Fisherman,Index Case,AL-TWAYYB DISPENSARY,MJINI,PUBLIC,UNGUJA,MANGAPWANI,161946,148830,878264.0,1.11,30.09,22.77,75.94,94.7,Mahonda,False
KASKAZINI B,2021,10,42,11,16.03,-5.98,39.24,Male,15-29 yrs,NO,Farmer,Other Household Member,ZIWANI POLICE,MJINI,PUBLIC,UNGUJA,MKATALENI,162196,148862,878264.0,0.0,30.41,23.33,75.86,94.7,Mahonda,False
KASKAZINI B,2021,10,43,18,20.41,-5.99,39.24,Female,30-44 yrs,NO,Business,Other Household Member,ZIWANI POLICE,MJINI,PUBLIC,UNGUJA,MANGAPWANI,162358,148908,878264.0,10.62,30.53,23.41,75.4,94.7,Mahonda,False
KASKAZINI B,2021,10,44,25,26.83,-6.01,39.24,Male,30-44 yrs,NO,Fisherman,Other Household Member,ZIWANI POLICE,MJINI,PUBLIC,UNGUJA,BUMBWINI MISUFINI,162620,149006,878264.0,2.54,30.31,22.94,75.85,94.7,Mahonda,False
KASKAZINI B,2021,11,45,3,18.21,-5.93,39.27,Female,15-29 yrs,NO,Student,Index Case,CHAANI KUBWA PHCU,MJINI,PUBLIC,UNGUJA,MGAMBO,162951,149102,878264.0,1.62,32.97,24.81,76.78,94.7,Mahonda,False
KASKAZINI B,2021,11,46,8,24.24,-6.0,39.23,Female,15-29 yrs,NO,Other,Other Household Member,ZIWANI POLICE,MJINI,PUBLIC,UNGUJA,MAHONDA,163185,149125,878264.0,0.92,31.53,24.43,77.78,94.7,Mahonda,False
KASKAZINI B,2021,11,47,17,22.0,-6.0,39.21,Male,15-29 yrs,YES,Business,Index Case,AL-TWAYYB DISPENSARY,MJINI,PUBLIC,UNGUJA,MANGAPWANI,163496,149240,878264.0,2.77,33.38,24.21,77.28,94.7,Mahonda,False
KASKAZINI B,2021,11,48,24,24.0,-6.0,39.21,Male,5-14 yrs,YES,Other,Index Case,AL-TWAYYB DISPENSARY,MJINI,PUBLIC,UNGUJA,MANGAPWANI,163636,149302,878264.0,0.41,32.18,25.63,76.52,94.7,Mahonda,False
KASKAZINI B,2021,11,49,29,28.67,-5.99,39.21,Female,15-29 yrs,NO,Business,Other Household Member,ZIWANI POLICE,MJINI,PUBLIC,UNGUJA,MANGAPWANI,163833,149272,878264.0,0.0,31.53,25.47,78.85,94.7,Mahonda,False
KASKAZINI B,2021,12,49,1,18.72,-5.99,39.28,Male,30-44 yrs,NO,Other,Other Household Member,ZIWANI POLICE,MJINI,PUBLIC,UNGUJA,MAHONDA,163891,149346,878264.0,42.39,30.67,24.81,80.1,94.7,Mahonda,False
KASKAZINI B,2021,12,50,6,19.77,-5.98,39.2,Male,15-29 yrs,YES,Watchman/Police,Index Case,BUMBWINI MAKOBA PHCU,MJINI,PUBLIC,UNGUJA,BUMBWINI MAKOBA,164025,149418,878264.0,50.15,30.64,24.52,80.44,94.7,Mahonda,False
KASKAZINI B,2021,12,51,13,24.8,-6.0,39.29,Female,15-29 yrs,YES,Housewife,Index Case,KITOPE PHCU,MJINI,PUBLIC,UNGUJA,MBALENI,164208,149461,878264.0,21.97,31.12,24.14,80.9,94.7,Mahonda,False
KASKAZINI B,2021,12,52,20,22.36,-5.99,39.25,Female,15-29 yrs,NO,Housewife,Index Case,KIWENGWA PHCU,MJINI,PUBLIC,UNGUJA,KIWENGWA,164409,149518,878264.0,13.11,32.06,24.85,81.07,94.7,Mahonda,False
KASKAZINI B,2021,12,53,27,25.42,-6.0,39.25,Female,15-29 yrs,YES,Student,Index Case,MAHONDA PHCU+,MJINI,PUBLIC,UNGUJA,MAHONDA,164712,149588,878264.0,38.7,31.65,25.06,79.93,94.7,Mahonda,True
KASKAZINI B,2022,1,2,2,20.16,-6.0,39.28,Male,45+ yrs,NO,Business,Index Case,AL-TWAYYB DISPENSARY,MJINI,PUBLIC,UNGUJA,KIDAZINI,165062,149691,388344.4,0.0,32.5,26.25,78.02,97.8,Mahonda,True
KASKAZINI B,2022,1,3,10,22.45,-5.98,39.29,Female,5-14 yrs,NO,Student,Other Household Member,ZIWANI POLICE,MJINI,PUBLIC,UNGUJA,MKATALENI,166046,149948,388344.4,0.0,32.55,26.0,78.82,97.8,Mahonda,True
KASKAZINI B,2022,1,4,17,19.16,-5.99,39.26,Female,5-14 yrs,NO,Student,Other Household Member,ZIWANI POLICE,MJINI,PUBLIC,UNGUJA,MANGAPWANI,166825,150095,388344.4,41.98,32.66,24.55,78.41,97.8,Mahonda,True
KASKAZINI B,2022,1,5,23,19.33,-5.99,39.26,Female,15-29 yrs,NO,Housewife,Other Household Member,ZIWANI POLICE,MJINI,PUBLIC,UNGUJA,DONGE MBIJI,167504,150332,388344.4,13.78,31.22,24.57,78.65,97.8,Mahonda,True
KASKAZINI B,2022,1,6,30,20.45,-5.97,39.31,Female,30-44 yrs,NO,Farmer,Index Case,AL-SHIFAA KAZOLE DISPENSARY,MJINI,PUBLIC,UNGUJA,MBALENI,168100,150490,388344.4,22.61,30.64,25.31,78.62,97.8,Mahonda,False
KASKAZINI B,2022,2,6,1,24.38,-6.02,39.26,Male,45+ yrs,NO,Farmer,Other Household Member,ZIWANI POLICE,MJINI,PUBLIC,UNGUJA,MBALENI,168220,150490,388344.4,34.77,31.44,24.35,80.29,97.8,Mahonda,False
KASKAZINI B,2022,2,7,7,21.42,-5.98,39.25,Female,< 5 yrs,NO,Under school age (<6 years),Other Household Member,ZIWANI POLICE,MJINI,PUBLIC,UNGUJA,FUJONI,168512,150567,388344.4,11.35,31.75,25.36,80.26,97.8,Mahonda,True
KASKAZINI B,2022,2,8,14,17.06,-6.0,39.24,Male,30-44 yrs,NO,Other,Other Household Member,ZIWANI POLICE,MJINI,PUBLIC,UNGUJA,MAHONDA,168970,150673,388344.4,10.16,31.67,25.13,79.18,97.8,Mahonda,True
KASKAZINI B,2022,2,9,21,25.05,-5.99,39.26,Male,30-44 yrs,NO,Farmer,Other Household Member,ZIWANI POLICE,MJINI,PUBLIC,UNGUJA,MAHONDA,169262,150763,388344.4,27.23,31.46,24.81,79.84,97.8,Mahonda,False
KASKAZINI B,2022,2,10,27,30.0,-6.01,39.22,Male,15-29 yrs,NO,Watchman/Police,Index Case,KVZ MTONI,MJINI,PUBLIC,UNGUJA,MKATALENI,169550,150877,388344.4,15.96,31.12,25.13,81.23,97.8,Mahonda,False
KASKAZINI B,2022,3,10,1,32.71,-5.98,39.27,Male,< 5 yrs,NO,Other,Index Case,HOME DISPENSARY,NORTH A,PUBLIC,UNGUJA,KISONGONI,169635,150922,388344.4,0.0,33.83,25.64,76.67,97.8,Mahonda,False
KASKAZINI B,2022,3,11,7,18.69,-5.98,39.23,Male,15-29 yrs,NO,Student,Other Household Member,ZIWANI POLICE,MJINI,PUBLIC,UNGUJA,MAHONDA,169895,150951,388344.4,0.0,32.26,23.76,76.39,97.8,Mahonda,False
KASKAZINI B,2022,3,12,14,30.33,-6.0,39.27,Female,15-29 yrs,NO,Other,Index Case,KIWENGWA PHCU,MJINI,PUBLIC,UNGUJA,KIWENGWA,170339,151067,388344.4,0.0,32.38,26.29,78.35,97.8,Mahonda,False
KASKAZINI B,2022,3,13,24,19.6,-6.01,39.2,Female,30-44 yrs,NO,Housewife,Other Household Member,ZIWANI POLICE,MJINI,PUBLIC,UNGUJA,FUJONI,170846,151247,388344.4,2.32,31.52,24.77,76.79,97.8,Mahonda,False
KASKAZINI B,2022,3,14,29,20.0,-6.0,39.23,Female,< 5 yrs,NO,Under school age (<6 years),Index Case,MAHONDA PHCU+,MJINI,PUBLIC,UNGUJA,KINDUNI,171011,151308,388344.4,16.72,32.12,25.78,77.54,97.8,Mahonda,False
KASKAZINI B,2022,4,15,3,18.65,-5.99,39.28,Female,15-29 yrs,NO,Other,Index Case,GLORY DISPENSARY,MJINI,PRIVATE,UNGUJA,KINDUNI,171226,151328,388344.4,14.02,32.41,25.19,83.8,97.8,Mahonda,False
KASKAZINI B,2022,4,16,14,26.0,-6.0,39.21,Female,15-29 yrs,NO,Housewife,Index Case,AL-TWAYYB DISPENSARY,MJINI,PUBLIC,UNGUJA,ZINGWEZINGWE,171872,151531,388344.4,25.1,31.34,25.7,83.9,97.8,Mahonda,False
KASKAZINI B,2022,4,17,18,17.95,-5.98,39.28,Female,< 5 yrs,NO,Under school age (<6 years),Index Case,MAHONDA PHCU+,MJINI,PUBLIC,UNGUJA,KINDUNI,171942,151614,388344.4,43.41,29.97,24.69,84.23,97.8,Mahonda,False
KASKAZINI B,2022,4,18,29,16.38,-5.99,39.36,Male,< 5 yrs,NO,Under school age (<6 years),Index Case,KIWENGWA PHCU,MJINI,PUBLIC,UNGUJA,KIWENGWA,172400,151698,388344.4,138.12,29.7,24.7,84.52,97.8,Mahonda,False
KASKAZINI B,2022,5,19,2,20.85,-6.0,39.26,Male,< 5 yrs,NO,Unemployed,Index Case,MAHONDA MEDICAL CENTRE,MJINI,PRIVATE,UNGUJA,MKATALENI,172517,151732,388344.4,15.69,30.08,24.86,80.89,97.8,Mahonda,False
KASKAZINI B,2022,5,20,9,18.55,-5.99,39.25,Male,15-29 yrs,NO,Unemployed,Other Household Member,ZIWANI POLICE,MJINI,PUBLIC,UNGUJA,MKATALENI,172717,151732,388344.4,0.0,31.28,25.74,80.45,97.8,Mahonda,False
KASKAZINI B,2022,5,21,15,24.62,-5.98,39.24,Male,15-29 yrs,NO,Business,Index Case,KIBWENI KMKM,MJINI,PUBLIC,UNGUJA,MKADINI,172983,151898,388344.4,1.25,30.45,25.65,80.93,97.8,Mahonda,False
KASKAZINI B,2022,5,22,23,21.33,-6.01,39.3,Female,5-14 yrs,NO,Under school age (<6 years),Index Case,UPENJA PHCU,MJINI,PUBLIC,UNGUJA,KILOMBERO,173342,152031,388344.4,2.91,31.07,24.14,81.53,97.8,Mahonda,False
KASKAZINI B,2022,5,23,30,27.0,-5.99,39.29,Male,< 5 yrs,NO,Under school age (<6 years),Index Case,MAHONDA PHCU+,MJINI,PUBLIC,UNGUJA,KINDUNI,173757,152159,388344.4,2.87,30.8,24.99,80.9,97.8,Mahonda,False
KASKAZINI B,2022,6,23,1,20.91,-5.98,39.27,Male,< 5 yrs,NO,Under school age (<6 years),Other Household Member,ZIWANI POLICE,MJINI,PUBLIC,UNGUJA,KINDUNI,173860,152159,388344.4,15.76,31.26,23.93,80.32,97.8,Mahonda,False
KASKAZINI B,2022,6,24,6,25.83,-5.98,39.25,Female,< 5 yrs,NO,Housewife,Index Case,KIONGWE PHCU,MJINI,PUBLIC,UNGUJA,BUMBWINI MISUFINI,174114,152274,388344.4,8.99,29.09,24.17,79.42,97.8,Mahonda,False
KASKAZINI B,2022,6,25,13,19.21,-6.0,39.31,Female,30-44 yrs,NO,Housewife,Other Household Member,ZIWANI POLICE,MJINI,PUBLIC,UNGUJA,KIWENGWA,174466,152352,388344.4,0.0,29.58,24.05,79.7,97.8,Mahonda,False
KASKAZINI B,2022,6,26,20,30.06,-6.0,39.36,Male,45+ yrs,NO,Other,Other Household Member,ZIWANI POLICE,MJINI,PUBLIC,UNGUJA,KIWENGWA,174764,152452,388344.4,0.0,30.14,25.3,77.14,97.8,Mahonda,False
KASKAZINI B,2022,6,27,26,30.17,-5.98,39.29,Male,< 5 yrs,NO,Other,Index Case,MGONJONI PHCU,NORTH B,PUBLIC,UNGUJA,KILOMBERO,175049,152503,388344.4,13.15,28.87,24.1,79.71,97.8,Mahonda,False
KASKAZINI B,2022,7,27,1,26.33,-6.0,39.19,Male,30-44 yrs,NO,Other,Other Household Member,ZIWANI POLICE,MJINI,PUBLIC,UNGUJA,MANGAPWANI,175329,152630,388344.4,1.51,28.57,22.35,81.9,97.8,Mahonda,False
KASKAZINI B,2022,7,28,3,20.08,-6.06,39.27,Female,15-29 yrs,NO,Student,Other Household Member,ZIWANI POLICE,MJINI,PUBLIC,UNGUJA,KIWENGWA,175379,152602,388344.4,1.57,27.59,22.8,81.63,97.8,Mahonda,False
KASKAZINI B,2022,7,29,12,25.92,-5.98,39.25,Male,5-14 yrs,NO,Student,Other Household Member,ZIWANI POLICE,MJINI,PUBLIC,UNGUJA,BUMBWINI MISUFINI,175676,1100,388344.4,7.04,27.49,22.2,81.45,97.8,Mahonda,False
KASKAZINI B,2022,7,30,17,27.5,-6.0,39.28,Female,45+ yrs,NO,Other,Index Case,MNAZI MMOJA HOSPITAL,MJINI,PUBLIC,UNGUJA,KISONGONI,175820,1128,388344.4,9.27,27.14,22.9,80.15,97.8,Mahonda,False
KASKAZINI B,2022,7,31,25,29.0,-5.99,39.23,Female,15-29 yrs,NO,Housewife,Other Household Member,ZIWANI POLICE,MJINI,PUBLIC,UNGUJA,KITOPE,176074,1193,388344.4,3.93,28.33,21.87,81.85,97.8,Mahonda,False
KASKAZINI B,2022,8,32,5,16.5,-5.99,39.24,Male,15-29 yrs,NO,Watchman/Police,Index Case,KIONGWE PHCU,MJINI,PUBLIC,UNGUJA,MAFUFUNI,176401,2255,388344.4,0.0,26.3,22.53,77.75,97.8,Mahonda,False
KASKAZINI B,2022,8,33,9,19.77,-5.99,39.26,Male,45+ yrs,NO,Other,Other Household Member,ZIWANI POLICE,MJINI,PUBLIC,UNGUJA,MAFUFUNI,176459,2255,388344.4,9.58,28.39,22.29,80.55,97.8,Mahonda,False
KASKAZINI B,2022,8,34,14,34.0,-6.0,39.22,Female,30-44 yrs,NO,Other,Index Case,AL-TWAYYB DISPENSARY,MJINI,PUBLIC,UNGUJA,MANGAPWANI,176594,1345,388344.4,5.48,28.12,21.31,79.38,97.8,Mahonda,False
KASKAZINI B,2022,8,35,22,32.67,-6.0,39.24,Male,30-44 yrs,NO,Civil Servant,Index Case,KITOPE PHCU,MJINI,PUBLIC,UNGUJA,MATETEMA,176770,2264,388344.4,1.74,28.12,21.04,80.88,97.8,Mahonda,False
KASKAZINI B,2022,8,36,30,19.75,-6.02,39.26,Male,15-29 yrs,NO,Other,Index Case,KITOPE PHCU,MJINI,PUBLIC,UNGUJA,MATETEMA,176962,1444,388344.4,7.38,27.43,22.44,79.1,97.8,Mahonda,False
KASKAZINI B,2022,9,36,1,27.29,-6.01,39.24,Male,30-44 yrs,NO,Other,Other Household Member,ZIWANI POLICE,MJINI,PUBLIC,UNGUJA,FUJONI,177022,1464,388344.4,0.6,29.74,22.53,75.3,97.8,Mahonda,False
KASKAZINI B,2022,9,37,5,14.17,-5.98,39.29,Male,15-29 yrs,NO,Other,Other Household Member,ZIWANI POLICE,MJINI,PUBLIC,UNGUJA,MATETEMA,177099,1444,388344.4,0.82,27.67,21.38,75.15,97.8,Mahonda,True
KASKAZINI B,2022,9,38,12,30.17,-6.01,39.31,Male,15-29 yrs,NO,Other,Index Case,HOME DISPENSARY,MJINI,PUBLIC,UNGUJA,KILOMBERO,177253,1577,388344.4,3.04,28.92,21.42,74.44,97.8,Mahonda,False
KASKAZINI B,2022,9,39,19,27.5,-5.95,39.27,Male,15-29 yrs,NO,Farmer,Other Household Member,ZIWANI POLICE,MJINI,PUBLIC,UNGUJA,DONGE PWANI,177407,1608,388344.4,2.28,29.75,22.88,75.08,97.8,Mahonda,False
KASKAZINI B,2022,9,40,30,13.0,-5.98,39.34,Female,5-14 yrs,NO,Other,Index Case,MAHONDA PHCU+,MJINI,PUBLIC,UNGUJA,MAHONDA,177668,1680,388344.4,8.07,28.71,23.06,74.7,97.8,Mahonda,False
KASKAZINI B,2022,10,41,3,22.0,-5.99,39.26,Female,5-14 yrs,NO,Unemployed,Index Case,MAHONDA PHCU+,MJINI,PUBLIC,UNGUJA,MAHONDA,177691,1694,388344.4,1.11,27.96,22.5,72.09,97.8,Mahonda,False
KASKAZINI B,2022,10,42,10,23.0,-6.04,39.26,Male,15-29 yrs,NO,Business,Index Case,SELEM PHCU+,MJINI,PUBLIC,UNGUJA,DONGE VIJIBWENI,177818,1864,388344.4,1.96,30.09,22.43,73.32,97.8,Mahonda,False
KASKAZINI B,2022,10,43,16,28.6,-5.98,39.3,Female,45+ yrs,NO,Housewife,Other Household Member,ZIWANI POLICE,MJINI,PUBLIC,UNGUJA,MGAMBO,177918,1748,388344.4,2.0,28.22,23.75,73.6,97.8,Mahonda,False
KASKAZINI B,2022,10,44,23,26.85,-6.01,39.3,Female,45+ yrs,NO,Other,Index Case,KIBWENI KMKM,MJINI,PUBLIC,UNGUJA,MBALENI,178067,1799,388344.4,3.23,28.91,23.19,72.63,97.8,Mahonda,False
KASKAZINI B,2022,11,45,2,21.0,-5.97,39.37,Male,45+ yrs,NO,Business,Index Case,PWANI MCHANGANI PHCU,MJINI,PUBLIC,UNGUJA,KIWENGWA,178200,1854,388344.4,10.51,32.1,22.8,75.87,97.8,Mahonda,False
KASKAZINI B,2022,11,46,7,23.4,-5.96,39.26,Male,5-14 yrs,NO,Student,Index Case,MAHONDA PHCU+,MJINI,PUBLIC,UNGUJA,MAHONDA,178277,1911,388344.4,2.89,30.68,24.31,75.52,97.8,Mahonda,False
KASKAZINI B,2022,11,48,23,23.83,-5.98,39.22,Male,5-14 yrs,YES,Student,Index Case,ZINGWE ZINGWE PHCU,MJINI,PUBLIC,UNGUJA,ZINGWEZINGWE,178586,1984,388344.4,16.34,30.65,24.16,76.27,97.8,Mahonda,False
KASKAZINI B,2022,12,49,1,41.5,-6.0,39.27,Male,45+ yrs,NO,Farmer,Index Case,AL-TWAYYB DISPENSARY,MJINI,PUBLIC,UNGUJA,KIOMBAMVUA,178773,2465,388344.4,0.0,32.12,24.04,77.97,97.8,Mahonda,False
KASKAZINI B,2022,12,50,5,26.43,-6.02,39.29,Female,15-29 yrs,NO,Housewife,Index Case,GHANA PHCU,MJINI,PUBLIC,UNGUJA,KITOPE,178855,2082,388344.4,0.0,31.87,24.3,77.46,97.8,Mahonda,False
KASKAZINI B,2022,12,51,13,32.0,-6.0,39.28,Female,15-29 yrs,NO,Housewife,Index Case,AL-SHIFAA KAZOLE DISPENSARY,MJINI,PUBLIC,UNGUJA,MATETEMA,179039,2127,388344.4,1.28,31.43,23.99,78.05,97.8,Mahonda,False
KASKAZINI B,2022,12,52,19,18.97,-5.99,39.29,Male,15-29 yrs,NO,Business,Index Case,MAHONDA PHCU+,MJINI,PUBLIC,UNGUJA,MAHONDA,179162,2169,388344.4,12.29,31.47,24.93,77.66,97.8,Mahonda,False
KASKAZINI B,2022,12,53,26,21.1,-5.99,39.22,Female,15-29 yrs,NO,Other,Index Case,MAHONDA PHCU+,MJINI,PUBLIC,UNGUJA,MAHONDA,179380,2208,388344.4,32.94,31.12,26.0,76.75,97.8,Mahonda,False
KASKAZINI B,2023,1,1,3,17.56,-5.99,39.34,Male,< 5 yrs,NO,Other,Other Household Member,ZIWANI POLICE,MJINI,PUBLIC,UNGUJA,MATETEMA,179670,2264,248000.0,0.0,31.99,25.54,77.9,94.0,Mahonda,False
KASKAZINI B,2023,1,2,8,22.38,-6.01,39.25,Male,30-44 yrs,YES,Unemployed,Index Case,TAMSEF,MJINI,PUBLIC,UNGUJA,KIWENGWA,179922,2401,248000.0,0.0,31.54,25.42,77.91,94.0,Mahonda,False
KASKAZINI B,2023,1,3,16,19.64,-6.0,39.23,Female,< 5 yrs,NO,Other,Other Household Member,ZIWANI POLICE,MJINI,PUBLIC,UNGUJA,DONGE MTAMBILE,180446,2506,248000.0,0.95,32.1,24.92,79.04,94.0,Mahonda,False
KASKAZINI B,2023,1,4,22,20.14,-6.1,39.22,Male,< 5 yrs,NO,Other,Index Case,MAHONDA MEDICAL CLINICAL,MJINI,PRIVATE,UNGUJA,DONGE VIJIBWENI,180895,2728,248000.0,2.16,32.59,25.16,77.42,94.0,Mahonda,True
KASKAZINI B,2023,1,5,30,32.0,-6.11,39.26,Male,30-44 yrs,NO,Other,Index Case,TAMSEF,MJINI,PUBLIC,UNGUJA,KIWENGWA,181386,2861,248000.0,3.58,30.52,25.52,78.57,94.0,Mahonda,False
KASKAZINI B,2023,2,5,1,29.67,-6.11,39.26,Male,15-29 yrs,NO,Other,Other Household Member,ZIWANI POLICE,MJINI,PUBLIC,UNGUJA,MAHONDA,181530,2897,248000.0,0.0,33.58,24.63,76.18,94.0,Mahonda,False
KASKAZINI B,2023,2,6,6,22.16,-6.08,39.23,Female,< 5 yrs,YES,Other,Index Case,MNAZI MMOJA HOSPITAL,MJINI,PUBLIC,UNGUJA,BUMBWINI MISUFINI,181737,2800,248000.0,0.08,32.14,24.37,75.1,94.0,Mahonda,False
KASKAZINI B,2023,2,7,13,25.17,-5.98,39.24,Male,15-29 yrs,NO,Business,Other Household Member,ZIWANI POLICE,MJINI,PUBLIC,UNGUJA,BUMBWINI MAKOBA,182156,3070,248000.0,0.82,31.53,25.47,75.94,94.0,Mahonda,False
KASKAZINI B,2023,2,8,20,19.22,-6.03,39.26,Female,15-29 yrs,NO,Housewife,Index Case,KIWENGWA PHCU,MJINI,PUBLIC,UNGUJA,KIWENGWA,182518,3183,248000.0,0.0,32.36,25.28,75.13,94.0,Mahonda,True
KASKAZINI B,2023,2,9,27,29.85,-6.02,39.23,Male,45+ yrs,YES,Farmer,Index Case,KIBWENI KMKM,MJINI,PUBLIC,UNGUJA,MAHONDA,182863,3387,248000.0,0.0,30.99,23.89,73.85,94.0,Mahonda,False
KASKAZINI B,2023,3,9,1,18.59,-6.05,39.23,Female,45+ yrs,NO,Business,Other Household Member,ZIWANI POLICE,MJINI,PUBLIC,UNGUJA,FUJONI,182941,3355,248000.0,0.0,33.94,25.1,76.38,94.0,Mahonda,True
KASKAZINI B,2023,3,10,6,19.58,-6.07,39.23,Male,15-29 yrs,NO,Student,Other Household Member,ZIWANI POLICE,MJINI,PUBLIC,UNGUJA,MAHONDA,183124,3387,248000.0,0.0,32.37,24.58,76.95,94.0,Mahonda,False
KASKAZINI B,2023,3,11,15,21.24,-6.0,39.25,Male,15-29 yrs,YES,Business,Index Case,TAMSEF,MJINI,PUBLIC,UNGUJA,KIWENGWA,183418,3534,248000.0,31.09,32.31,26.03,77.31,94.0,Mahonda,False
KASKAZINI B,2023,3,12,20,30.34,-5.98,39.26,Male,30-44 yrs,NO,Farmer,Index Case,KIBWENI KMKM,MJINI,PUBLIC,UNGUJA,KITOPE,183556,3603,248000.0,50.83,31.43,25.38,76.22,94.0,Mahonda,True
KASKAZINI B,2023,3,13,26,17.7,-5.99,39.22,Female,15-29 yrs,YES,Housewife,Index Case,AL-SHIFAA KAZOLE DISPENSARY,MJINI,PUBLIC,UNGUJA,MATETEMA,183734,3655,248000.0,4.54,31.1,24.89,76.09,94.0,Mahonda,False
KASKAZINI B,2023,4,13,1,24.61,-6.01,39.26,Female,30-44 yrs,NO,Housewife,Other Household Member,ZIWANI POLICE,MJINI,PUBLIC,UNGUJA,KITOPE,184069,3717,248000.0,18.18,31.2,24.74,86.65,94.0,Mahonda,False
KASKAZINI B,2023,4,14,3,26.0,-5.99,39.33,Male,15-29 yrs,YES,Under school age (<6 years),Index Case,KITOPE PHCU,MJINI,PUBLIC,UNGUJA,KIWENGWA,184118,3739,248000.0,16.08,31.28,25.81,86.44,94.0,Mahonda,False
KASKAZINI B,2023,4,15,11,28.83,-5.99,39.25,Male,30-44 yrs,NO,Farmer,Other Household Member,ZIWANI POLICE,MJINI,PUBLIC,UNGUJA,BUMBWINI MISUFINI,184234,3790,248000.0,18.49,30.78,25.76,85.2,94.0,Mahonda,False
KASKAZINI B,2023,4,16,17,13.5,-5.94,39.2,Male,15-29 yrs,YES,Fisherman,Index Case,KIONGWE PHCU,MJINI,PUBLIC,UNGUJA,MAFUFUNI,184439,3851,248000.0,53.15,29.6,25.76,86.39,94.0,Mahonda,False
KASKAZINI B,2023,4,17,23,21.17,-5.97,39.24,Male,30-44 yrs,YES,Unemployed,Index Case,TAMSEF,MJINI,PUBLIC,UNGUJA,KIWENGWA,184620,3948,248000.0,54.85,29.52,25.18,85.5,94.0,Mahonda,True
KASKAZINI B,2023,5,18,2,22.34,-5.99,39.27,Male,15-29 yrs,NO,Business,Index Case,AL-SHIFAA KAZOLE DISPENSARY,MJINI,PUBLIC,UNGUJA,MATETEMA,184957,4085,248000.0,10.47,30.88,24.53,82.09,94.0,Mahonda,False
KASKAZINI B,2023,5,19,8,20.13,-5.97,39.29,Male,15-29 yrs,YES,Business,Index Case,TAMSEF,MJINI,PUBLIC,UNGUJA,KIWENGWA,185341,4194,248000.0,32.33,30.65,25.64,82.48,94.0,Mahonda,False
KASKAZINI B,2023,5,20,14,19.93,-5.98,39.23,Male,30-44 yrs,YES,Watchman/Police,Index Case,KIBWENI KMKM,MJINI,PUBLIC,UNGUJA,KIOMBAMVUA,185756,4342,248000.0,7.18,31.13,25.15,82.94,94.0,Mahonda,True
KASKAZINI B,2023,5,21,21,21.48,-5.99,39.26,Female,< 5 yrs,NO,Under school age (<6 years),Other Household Member,ZIWANI POLICE,MJINI,PUBLIC,UNGUJA,MKADINI,186306,4469,248000.0,10.05,30.18,24.49,82.27,94.0,Mahonda,True
KASKAZINI B,2023,5,22,28,21.87,-5.98,39.24,Female,< 5 yrs,NO,Under school age (<6 years),Other Household Member,ZIWANI POLICE,MJINI,PUBLIC,UNGUJA,MAFUFUNI,186952,4633,248000.0,25.84,29.4,24.3,82.89,94.0,Mahonda,True
KASKAZINI B,2023,6,22,1,25.23,-6.0,39.27,Female,30-44 yrs,NO,Housewife,Other Household Member,ZIWANI POLICE,MJINI,PUBLIC,UNGUJA,BUMBWINI MAKOBA,187440,4718,248000.0,29.33,28.65,23.66,82.14,94.0,Mahonda,False
KASKAZINI B,2023,6,23,4,25.03,-6.0,39.26,Male,30-44 yrs,NO,Watchman/Police,Index Case,AL-SHIFAA KAZOLE DISPENSARY,MJINI,PUBLIC,UNGUJA,MATETEMA,187755,4867,248000.0,23.38,29.13,22.77,81.83,94.0,Mahonda,True
KASKAZINI B,2023,6,24,11,22.24,-6.0,39.26,Male,15-29 yrs,NO,Other,Index Case,KITOPE CHURCH DISPENSARY,MJINI,PRIVATE,UNGUJA,MAHONDA,188425,5017,248000.0,1.45,29.41,23.86,82.54,94.0,Mahonda,True
KASKAZINI B,2023,6,25,18,24.92,-5.99,39.26,Male,< 5 yrs,NO,Other,Index Case,GLORY DISPENSARY,MJINI,PRIVATE,UNGUJA,KIWENGWA,189432,5464,248000.0,3.03,29.67,23.59,82.74,94.0,Mahonda,True
KASKAZINI B,2023,6,26,25,21.74,-6.0,39.27,Male,15-29 yrs,NO,Farmer,Other Household Member,ZIWANI POLICE,MJINI,PUBLIC,UNGUJA,DONGE MAJENZI,190487,5711,248000.0,0.0,29.48,24.0,82.06,94.0,Mahonda,False
KASKAZINI B,2023,7,27,2,27.5,-6.0,39.24,Male,15-29 yrs,YES,Business,Index Case,TAMSEF,MJINI,PUBLIC,UNGUJA,KIWENGWA,191154,5988,248000.0,6.88,28.64,23.7,82.91,94.0,Mahonda,True
KASKAZINI B,2023,7,28,9,17.4,-5.99,39.23,Male,15-29 yrs,NO,Fisherman,Index Case,MAHONDA MEDICAL CLINICAL,MJINI,PRIVATE,UNGUJA,KIDAZINI,191910,6154,248000.0,0.0,28.85,22.62,84.25,94.0,Mahonda,True
KASKAZINI B,2023,7,29,17,18.18,-5.99,39.25,Male,< 5 yrs,YES,Under school age (<6 years),Index Case,KITOPE PHCU,MJINI,PUBLIC,UNGUJA,KITOPE,192936,6427,248000.0,0.0,29.05,22.97,83.24,94.0,Mahonda,True
KASKAZINI B,2023,7,30,23,18.01,-6.0,39.26,Male,5-14 yrs,NO,Student,Other Household Member,ZIWANI POLICE,MJINI,PUBLIC,UNGUJA,KILOMBERO,193653,6534,248000.0,5.53,28.27,23.69,83.66,94.0,Mahonda,True
KASKAZINI B,2023,7,31,30,24.56,-5.99,39.31,Male,15-29 yrs,YES,Unemployed,Index Case,HOME DISPENSARY,MJINI,PUBLIC,UNGUJA,UPENJA,194669,6932,248000.0,31.0,28.82,22.79,83.61,94.0,Mahonda,False
KASKAZINI B,2023,8,31,1,17.83,-6.0,39.27,Female,15-29 yrs,NO,Housewife,Other Household Member,ZIWANI POLICE,MJINI,PUBLIC,UNGUJA,KILOMBERO,194849,6982,248000.0,4.9,29.24,22.87,81.65,94.0,Mahonda,False
KASKAZINI B,2023,8,32,7,23.28,-6.0,39.21,Female,5-14 yrs,NO,Student,Other Household Member,ZIWANI POLICE,MJINI,PUBLIC,UNGUJA,KIOMBAMVUA,195579,7162,248000.0,3.87,29.76,23.34,81.92,94.0,Mahonda,True
KASKAZINI B,2023,8,33,13,22.79,-5.98,39.22,Male,30-44 yrs,NO,Other,Other Household Member,ZIWANI POLICE,MJINI,PUBLIC,UNGUJA,MGAMBO,196257,7397,248000.0,2.43,29.46,23.39,81.32,94.0,Mahonda,True
KASKAZINI B,2023,8,34,20,22.03,-5.97,39.24,Female,15-29 yrs,YES,Housewife,Index Case,HOME DISPENSARY,MJINI,PUBLIC,UNGUJA,KINDUNI,197057,7671,248000.0,2.04,28.69,22.25,81.03,94.0,Mahonda,True
KASKAZINI B,2023,8,35,27,21.9,-6.0,39.24,Male,45+ yrs,NO,Other,Index Case,KAUTHAR SPECIALIZED CLINIC,MJINI,PUBLIC,UNGUJA,MAHONDA,197605,7861,248000.0,5.04,28.65,23.11,81.39,94.0,Mahonda,False
KASKAZINI B,2023,9,35,1,30.2,-5.99,39.33,Male,45+ yrs,NO,Other,Index Case,KAUTHAR SPECIALIZED CLINIC,MJINI,PUBLIC,UNGUJA,MAHONDA,198263,8042,248000.0,10.61,30.6,21.28,76.96,94.0,Mahonda,False
KASKAZINI B,2023,9,36,3,21.96,-5.99,39.29,Female,5-14 yrs,NO,Under school age (<6 years),Index Case,MAHONDA MEDICAL CLINICAL,MJINI,PRIVATE,UNGUJA,KINDUNI,198344,8076,248000.0,8.27,29.41,22.14,77.11,94.0,Mahonda,True
KASKAZINI B,2023,9,37,16,27.0,-5.98,39.34,Female,15-29 yrs,NO,Other,Index Case,KITOPE CHURCH DISPENSARY,MJINI,PRIVATE,UNGUJA,MATETEMA,199530,8330,248000.0,3.96,29.45,24.02,76.9,94.0,Mahonda,False
KASKAZINI B,2023,9,38,19,31.0,-6.01,39.24,Male,45+ yrs,NO,Business,Index Case,HOME DISPENSARY,MJINI,PUBLIC,UNGUJA,MGAMBO,199787,8520,248000.0,9.35,31.42,23.39,76.46,94.0,Mahonda,False
KASKAZINI B,2023,9,39,25,20.11,-5.99,39.28,Female,15-29 yrs,NO,Housewife,Index Case,MAHONDA PHCU+,MJINI,PUBLIC,UNGUJA,MAHONDA,200437,8635,248000.0,15.08,30.99,23.66,77.21,94.0,Mahonda,False
KASKAZINI B,2023,10,40,2,45.0,-5.99,39.25,Male,45+ yrs,NO,Business,Index Case,MNAZI MMOJA HOSPITAL,MJINI,PUBLIC,UNGUJA,MKATALENI,200920,8802,248000.0,11.74,30.68,24.92,74.9,94.0,Mahonda,False
KASKAZINI B,2023,10,41,8,26.21,-6.0,39.25,Male,30-44 yrs,YES,Unemployed,Index Case,AL-SHIFAA KAZOLE DISPENSARY,MJINI,PUBLIC,UNGUJA,MAHONDA,201374,9059,248000.0,1.91,31.61,24.09,75.96,94.0,Mahonda,False
KASKAZINI B,2023,10,42,15,23.59,-6.0,39.25,Male,30-44 yrs,YES,Watchman/Police,Index Case,MELINANE DISPENSARY,MJINI,PUBLIC,UNGUJA,MKADINI,202088,9148,248000.0,0.0,31.49,23.92,74.15,94.0,Mahonda,False
KASKAZINI B,2023,10,43,22,26.37,-5.95,39.22,Female,30-44 yrs,YES,Business,Index Case,MPENDAE PHCU+,MJINI,PUBLIC,UNGUJA,BUMBWINI MISUFINI,202772,9304,248000.0,25.0,32.05,24.41,75.79,94.0,Mahonda,False
KASKAZINI B,2023,10,44,30,22.75,-5.98,39.3,Male,15-29 yrs,YES,Fisherman,Index Case,KIBWENI KMKM,MJINI,PUBLIC,UNGUJA,KIDAZINI,203501,9563,248000.0,33.73,31.02,23.78,75.35,94.0,Mahonda,False
KASKAZINI B,2023,11,44,1,32.67,-6.0,39.32,Female,15-29 yrs,NO,Housewife,Index Case,KIWENGWA PHCU,MJINI,PUBLIC,UNGUJA,KIWENGWA,203647,9572,248000.0,153.81,28.04,24.84,83.45,94.0,Mahonda,False
KASKAZINI B,2023,11,45,6,20.37,-6.0,39.25,Male,45+ yrs,NO,Business,Index Case,DONGE VIJIBWENI PHCU,MJINI,PUBLIC,UNGUJA,DONGE MBIJI,203981,9727,248000.0,114.37,29.15,23.99,82.72,94.0,Mahonda,True
KASKAZINI B,2023,11,46,13,21.47,-5.99,39.22,Male,30-44 yrs,NO,Fisherman,Index Case,BUMBWINI MAKOBA PHCU,MJINI,PUBLIC,UNGUJA,BUMBWINI MAKOBA,205077,10469,248000.0,53.12,30.42,24.18,82.4,94.0,Mahonda,True
KASKAZINI B,2023,11,47,20,21.02,-5.99,39.25,Male,15-29 yrs,NO,Farmer,Index Case,KITOPE PHCU,MJINI,PUBLIC,UNGUJA,KITOPE,205961,10840,248000.0,37.65,30.05,24.34,82.6,94.0,Mahonda,True
KASKAZINI B,2023,11,48,26,17.32,-5.97,39.23,Female,5-14 yrs,NO,Other,Index Case,HOME DISPENSARY,MJINI,PUBLIC,UNGUJA,UPENJA,206844,11381,248000.0,52.32,30.66,24.98,84.02,94.0,Mahonda,False
KASKAZINI B,2023,12,48,1,24.0,-5.98,39.24,Male,15-29 yrs,NO,Business,Index Case,KITOPE CHURCH DISPENSARY,MJINI,PRIVATE,UNGUJA,DONGE VIJIBWENI,207914,11862,248000.0,12.76,30.7,23.54,81.45,94.0,Mahonda,False
KASKAZINI B,2023,12,49,3,24.26,-5.98,39.24,Male,15-29 yrs,NO,Other,Index Case,KIOMBA MVUA PHCU,MJINI,PUBLIC,UNGUJA,MKADINI,208186,20763,248000.0,12.81,31.24,24.48,81.13,94.0,Mahonda,True
KASKAZINI B,2023,12,50,10,26.61,-5.99,39.24,Male,45+ yrs,NO,Watchman/Police,Index Case,AFYA FIRST DISPENSARY,MJINI,PUBLIC,UNGUJA,KITOPE,209857,13269,248000.0,29.71,31.29,24.67,81.56,94.0,Mahonda,True
KASKAZINI B,2023,12,51,17,22.76,-5.99,39.25,Female,45+ yrs,NO,Housewife,Other Household Member,ZIWANI POLICE,MJINI,PUBLIC,UNGUJA,KIDAZINI,211645,13945,248000.0,26.64,31.91,25.82,80.69,94.0,Mahonda,True
KASKAZINI B,2023,12,52,24,22.28,-5.98,39.25,Male,15-29 yrs,NO,Farmer,Index Case,HOME DISPENSARY,MJINI,PUBLIC,UNGUJA,KILOMBERO,213404,17395,248000.0,10.37,31.64,25.71,81.06,94.0,Mahonda,True
KATI,2018,1,1,2,19.14,-6.07,39.37,Male,5-14 yrs,NO,Other,Other Household Member,ZIWANI POLICE,MJINI,PUBLIC,UNGUJA,CHWAKA,70627,117101,366311.12,16.62,30.46,24.21,82.61,95.0,Weni,True
KATI,2018,1,2,7,16.57,-6.02,39.34,Female,< 5 yrs,NO,Other,Index Case,JUMBI DISPENSARY,MJINI,PRIVATE,UNGUJA,BINGUNI,70960,117265,498408.06,6.84,30.23,24.13,79.57,95.0,Matangatuani,True
KATI,2018,1,3,15,21.11,-6.05,39.34,Female,15-29 yrs,NO,Other,Other Household Member,ZIWANI POLICE,MJINI,PUBLIC,UNGUJA,TUNGUU,71288,117330,455981.89,13.14,30.02,24.24,83.31,95.0,Karume airport Pemba,True
KATI,2018,1,4,22,20.23,-6.15,39.33,Male,< 5 yrs,NO,Other,Index Case,BAMBI PHCU,MJINI,PUBLIC,UNGUJA,BAMBI,71685,117598,415051.53,10.58,30.19,24.05,82.65,95.0,Weni,True
KATI,2018,1,5,29,26.35,-6.03,39.35,Female,15-29 yrs,NO,Other,Other Household Member,ZIWANI POLICE,MJINI,PUBLIC,UNGUJA,MIWANI,71998,117233,304742.42,16.16,30.49,24.13,82.96,95.0,MKOKOTONI-Zanzibar,False
KATI,2018,2,5,1,22.27,-6.12,39.38,Male,45+ yrs,NO,Other,Other Household Member,ZIWANI POLICE,MJINI,PUBLIC,UNGUJA,CHWAKA,72242,117767,419090.45,13.4,30.66,24.06,80.23,95.0,VICTORIA GARDEN,True
KATI,2018,2,6,4,28.22,-6.17,39.37,Female,5-14 yrs,NO,Other,Index Case,UNGUJA UKUU PHCU+,MJINI,PUBLIC,UNGUJA,UNGUJA UKUU KAEPWANI,72355,117912,419406.69,12.88,31.05,24.28,81.28,95.0,Zanzibar Airport,True
KATI,2018,2,7,12,25.48,-6.2,39.36,Male,15-29 yrs,YES,Other,Index Case,UNGUJA UKUU PHCU+,MJINI,PUBLIC,UNGUJA,KIKUNGWI,72622,117956,442061.98,16.47,31.26,24.43,82.62,95.0,Karume airport Pemba,False
KATI,2018,2,8,20,21.6,-5.98,39.34,Male,15-29 yrs,NO,Other,Index Case,MACHUI PHCU,MJINI,PUBLIC,UNGUJA,MACHUI,72901,118245,378580.68,8.44,30.84,24.26,80.4,95.0,VICTORIA GARDEN,False
KATI,2018,2,9,26,18.7,-6.16,39.31,Female,30-44 yrs,NO,Other,Other Household Member,ZIWANI POLICE,MJINI,PUBLIC,UNGUJA,UBAGO,72986,117872,435572.92,13.92,30.21,24.01,82.81,95.0,Mahonda,False
KATI,2018,3,9,1,15.09,-6.15,39.36,Male,5-14 yrs,NO,Other,Index Case,JUMBI DISPENSARY,MJINI,PRIVATE,UNGUJA,JUMBI,73125,118170,436859.71,15.52,30.63,23.99,79.4,95.0,Matangatuani,False
KATI,2018,3,10,5,15.9,-6.12,39.38,Female,< 5 yrs,NO,Other,Index Case,ST LUKES,MJINI,PRIVATE,UNGUJA,PAGALI,73211,118186,476724.08,24.06,30.68,24.15,80.85,95.0,Makunduchi,False
KATI,2018,3,11,12,21.51,-6.13,39.32,Female,15-29 yrs,NO,Other,Index Case,UMBUJI PHCU,MJINI,PUBLIC,UNGUJA,PAGALI,73379,118220,372547.65,12.62,31.04,24.48,77.36,95.0,MKOKOTONI-Zanzibar,True
KATI,2018,3,12,19,21.75,-6.02,39.27,Female,15-29 yrs,NO,Other,Index Case,BAMBI PHCU,MJINI,PUBLIC,UNGUJA,BAMBI,73505,118295,271202.9,27.21,29.78,24.34,77.49,95.0,Karume airport Pemba,False
KATI,2018,3,13,26,23.25,-6.14,39.35,Male,< 5 yrs,NO,Other,Index Case,KOANI DISPENSARY,CENTRAL,PRIVATE,UNGUJA,KIDIMNI,73745,118330,416763.6,19.88,29.79,24.09,59.68,95.0,Matangatuani,False
KATI,2018,4,14,2,24.6,-6.18,39.35,Female,< 5 yrs,NO,Other,Other Household Member,ZIWANI POLICE,MJINI,PUBLIC,UNGUJA,KOANI,73883,118244,509421.22,18.59,31.24,24.53,78.2,95.0,Matangatuani,True
KATI,2018,4,15,9,20.26,-6.22,39.39,Male,5-14 yrs,NO,Other,Other Household Member,ZIWANI POLICE,MJINI,PUBLIC,UNGUJA,PETE,74152,118460,384369.52,29.01,30.35,24.25,82.46,95.0,Weni,True
KATI,2018,4,16,16,19.51,-6.17,39.36,Female,5-14 yrs,NO,Other,Index Case,MIWANI PHCU,MJINI,PUBLIC,UNGUJA,MIWANI,74508,118536,399526.35,30.98,30.02,23.83,81.46,95.0,Zanzibar Airport,True
KATI,2018,4,17,22,20.7,-6.16,39.34,Female,< 5 yrs,NO,Other,Other Household Member,ZIWANI POLICE,MJINI,PUBLIC,UNGUJA,JUMBI,74825,118404,391757.59,16.37,30.41,24.19,81.38,95.0,Karume airport Pemba,True
KATI,2018,4,18,30,21.55,-6.2,39.36,Male,30-44 yrs,NO,Other,Other Household Member,ZIWANI POLICE,MJINI,PUBLIC,UNGUJA,MCHANGANI SHAMBA,75275,118636,362921.93,16.39,30.55,24.36,80.91,95.0,Zanzibar Airport,False
KATI,2018,5,18,1,22.31,-6.1,39.3,Male,5-14 yrs,NO,Other,Other Household Member,ZIWANI POLICE,MJINI,PUBLIC,UNGUJA,MIWANI,75318,118578,396551.35,12.95,30.19,24.29,78.32,95.0,Weni,False
KATI,2018,5,19,6,19.79,-6.2,39.34,Female,30-44 yrs,NO,Other,Other Household Member,ZIWANI POLICE,MJINI,PUBLIC,UNGUJA,UZINI,75635,118758,411165.63,11.36,30.07,24.31,82.14,95.0,Zanzibar Airport,True
KATI,2018,5,20,13,21.74,-6.13,39.34,Male,5-14 yrs,NO,Other,Index Case,JUMBI DISPENSARY,MJINI,PRIVATE,UNGUJA,JUMBI,76041,119296,401506.6,23.56,30.51,24.22,82.92,95.0,Karume airport Pemba,True
KATI,2018,5,21,21,21.28,-6.1,39.33,Female,30-44 yrs,NO,Other,Other Household Member,ZIWANI POLICE,MJINI,PUBLIC,UNGUJA,JUMBI,76792,119044,352380.62,16.12,30.54,24.34,81.89,95.0,Mahonda,True
KATI,2018,5,22,28,17.73,-6.14,39.31,Male,15-29 yrs,YES,Other,Index Case,UZINI PHCU+,MJINI,PUBLIC,UNGUJA,MCHANGANI SHAMBA,77350,119304,377325.57,9.16,31.15,24.27,81.01,95.0,Weni,True
KATI,2018,6,22,1,27.82,-6.2,39.35,Male,30-44 yrs,NO,Other,Other Household Member,ZIWANI POLICE,MJINI,PUBLIC,UNGUJA,MACHUI,77553,119032,383590.44,16.77,30.73,24.47,78.99,95.0,KIZIMBANI-Zanzibar,False
KATI,2018,6,23,3,24.03,-6.15,39.34,Female,45+ yrs,YES,Other,Index Case,KOANI DISPENSARY,MJINI,PRIVATE,UNGUJA,JENDELE,77648,119403,384899.81,13.31,30.8,24.21,80.03,95.0,MKOKOTONI-Zanzibar,True
KATI,2018,6,24,10,22.99,-6.19,39.33,Male,5-14 yrs,NO,Other,Other Household Member,ZIWANI POLICE,MJINI,PUBLIC,UNGUJA,TUNGUU,78180,119229,423697.43,13.29,30.63,24.33,81.41,95.0,Zanzibar Airport,True
KATI,2018,6,25,18,20.58,-6.08,39.33,Female,30-44 yrs,NO,Other,Other Household Member,ZIWANI POLICE,MJINI,PUBLIC,UNGUJA,NDIJANI MSEWENI,78741,119565,385255.07,20.23,30.83,24.46,81.8,95.0,Karume airport Pemba,True
KATI,2018,6,26,24,22.76,-6.08,39.34,Male,< 5 yrs,NO,Other,Index Case,JUMBI DISPENSARY,CENTRAL,PRIVATE,UNGUJA,TUNGUU,79208,119818,395016.61,14.98,30.66,24.49,82.46,95.0,Weni,True
KATI,2018,7,27,2,25.84,-6.14,39.35,Male,< 5 yrs,NO,Other,Index Case,MIWANI PHCU,CENTRAL,PUBLIC,UNGUJA,MIWANI,79837,120140,431004.54,11.78,30.45,24.12,82.71,95.0,VICTORIA GARDEN,True
KATI,2018,7,28,8,22.11,-6.05,39.35,Male,15-29 yrs,NO,Other,Index Case,KOANI DISPENSARY,MJINI,PRIVATE,UNGUJA,PAGALI,80333,120376,358429.87,15.79,30.01,24.19,81.43,95.0,MKOKOTONI-Zanzibar,True
KATI,2018,7,29,16,22.61,-6.09,39.34,Male,< 5 yrs,NO,Other,Index Case,MODERN DISPENSARY,CENTRAL,PRIVATE,UNGUJA,MIWANI,80893,120514,390784.87,12.78,30.36,24.16,80.18,95.0,Matangatuani,True
KATI,2018,7,30,22,22.0,-6.13,39.36,Male,< 5 yrs,NO,Other,Index Case,JUMBI DISPENSARY,CENTRAL,PRIVATE,UNGUJA,JUMBI,81270,120663,379252.68,16.26,30.48,23.96,81.36,95.0,Zanzibar Airport,True
KATI,2018,7,31,29,21.32,-6.1,39.33,Male,15-29 yrs,NO,Other,Other Household Member,ZIWANI POLICE,MJINI,PUBLIC,UNGUJA,TUNGUU,81591,120780,391097.26,7.5,30.66,24.48,81.57,95.0,Matangatuani,True
KATI,2018,8,31,1,22.81,-6.1,39.33,Male,30-44 yrs,NO,Other,Other Household Member,ZIWANI POLICE,MJINI,PUBLIC,UNGUJA,NDIJANI MSEWENI,81782,120815,401082.98,15.27,30.48,24.21,81.19,95.0,Zanzibar Airport,True
KATI,2018,8,32,5,23.88,-6.11,39.32,Male,< 5 yrs,NO,Other,Index Case,JUMBI DISPENSARY,CENTRAL,PRIVATE,UNGUJA,PETE,81942,120924,291603.77,21.84,30.64,24.32,81.49,95.0,Weni,True
KATI,2018,8,33,12,20.38,-6.13,39.34,Male,< 5 yrs,NO,Other,Index Case,JUMBI DISPENSARY,MJINI,PRIVATE,UNGUJA,BUNGI,82215,121049,359442.71,8.93,31.17,24.23,83.35,95.0,Weni,True
KATI,2018,8,34,20,18.9,-6.26,39.39,Female,5-14 yrs,NO,Other,Other Household Member,ZIWANI POLICE,MJINI,PUBLIC,UNGUJA,UZINI,82707,121062,426983.78,9.71,30.66,24.13,83.66,95.0,Karume airport Pemba,False
KATI,2018,8,35,26,22.78,-6.14,39.35,Male,15-29 yrs,NO,Other,Index Case,JUMBI DISPENSARY,MJINI,PRIVATE,UNGUJA,JUMBI,82967,121281,438942.41,11.02,30.86,23.97,79.72,95.0,Makunduchi,False
KATI,2018,9,35,1,17.0,-6.03,39.33,Male,< 5 yrs,NO,Other,Index Case,JUMBI DISPENSARY,CENTRAL,PRIVATE,UNGUJA,JUMBI,83198,121351,265864.5,17.25,30.62,24.93,75.4,95.0,VICTORIA GARDEN,False
KATI,2018,9,36,2,21.79,-6.19,39.32,Female,15-29 yrs,NO,Other,Other Household Member,ZIWANI POLICE,MJINI,PUBLIC,UNGUJA,JUMBI,83219,121281,374306.46,13.22,30.53,24.31,81.68,95.0,KIZIMBANI-Zanzibar,True
KATI,2018,9,37,10,27.19,-6.18,39.33,Female,< 5 yrs,NO,Other,Other Household Member,ZIWANI POLICE,MJINI,PUBLIC,UNGUJA,CHUCHUMILE,83476,121445,439281.68,14.06,30.49,24.23,81.65,95.0,Karume airport Pemba,True
KATI,2018,9,38,16,22.17,-6.1,39.32,Female,15-29 yrs,YES,Other,Index Case,MODERN DISPENSARY,MJINI,PRIVATE,UNGUJA,KIBOJE MKWAJUNI,83692,121527,514826.69,19.73,30.39,24.24,80.86,95.0,KIZIMBANI-Zanzibar,True
KATI,2018,9,39,23,22.24,-6.11,39.37,Male,< 5 yrs,NO,Other,Index Case,JUMBI DISPENSARY,CENTRAL,PRIVATE,UNGUJA,JUMBI,83898,121641,328570.67,21.24,30.47,24.17,79.92,95.0,MKOKOTONI-Zanzibar,True
KATI,2018,10,40,1,21.09,-6.12,39.32,Female,< 5 yrs,NO,Other,Other Household Member,ZIWANI POLICE,MJINI,PUBLIC,UNGUJA,MIWANI,84120,121601,356569.1,12.35,30.22,23.9,81.38,95.0,Weni,True
KATI,2018,10,41,8,24.03,-6.12,39.32,Female,30-44 yrs,NO,Other,Other Household Member,ZIWANI POLICE,MJINI,PUBLIC,UNGUJA,CHUCHUMILE,84322,121754,372038.74,21.68,30.6,24.44,83.53,95.0,Karume airport Pemba,False
KATI,2018,10,42,15,19.6,-6.13,39.31,Female,5-14 yrs,YES,Other,Index Case,KIBOJE PHCU,MJINI,PUBLIC,UNGUJA,MIWANI,84533,121889,383357.72,13.26,30.9,24.49,82.08,95.0,MKOKOTONI-Zanzibar,False
KATI,2018,10,43,22,22.16,-6.15,39.35,Male,< 5 yrs,YES,Other,Index Case,UMBUJI PHCU,MJINI,PUBLIC,UNGUJA,PAGALI,84729,121924,444380.16,12.24,30.81,24.61,81.92,95.0,Makunduchi,True
KATI,2018,10,44,28,20.89,-6.16,39.35,Female,5-14 yrs,NO,Other,Other Household Member,ZIWANI POLICE,MJINI,PUBLIC,UNGUJA,UNGUJA UKUU KAEPWANI,84877,121963,388631.83,9.47,30.01,23.87,81.09,95.0,MKOKOTONI-Zanzibar,True
KATI,2018,11,44,1,17.78,-6.19,39.34,Female,15-29 yrs,NO,Other,Other Household Member,ZIWANI POLICE,MJINI,PUBLIC,UNGUJA,BUNGI,85007,121926,370018.98,3.75,30.58,24.5,74.04,95.0,Mahonda,False
KATI,2018,11,45,5,20.69,-6.1,39.31,Male,45+ yrs,YES,Other,Index Case,GHANA PHCU,MJINI,PUBLIC,UNGUJA,GHANA,85158,122077,380198.07,18.96,30.81,24.3,80.4,95.0,Weni,True
KATI,2018,11,46,11,20.24,-6.1,39.29,Male,< 5 yrs,NO,Other,Index Case,JUMBI DISPENSARY,CENTRAL,PRIVATE,UNGUJA,JUMBI,85376,122130,314161.59,10.29,30.37,24.03,79.06,95.0,Makunduchi,True
KATI,2018,11,47,19,27.45,-6.09,39.32,Male,30-44 yrs,NO,Other,Other Household Member,ZIWANI POLICE,MJINI,PUBLIC,UNGUJA,KIDIMNI,85561,122196,415370.0,22.93,30.45,24.1,81.34,95.0,MKOKOTONI-Zanzibar,False
KATI,2018,11,48,26,27.43,-6.09,39.34,Female,5-14 yrs,NO,Other,Other Household Member,ZIWANI POLICE,MJINI,PUBLIC,UNGUJA,BAMBI,85772,122239,280197.2,19.22,30.72,24.61,80.29,95.0,VICTORIA GARDEN,False
KATI,2018,12,49,3,20.62,-6.14,39.34,Male,30-44 yrs,YES,Other,Index Case,CHWAKA PHCU+,MJINI,PUBLIC,UNGUJA,CHWAKA,85951,122320,357554.49,15.01,30.79,24.35,81.7,95.0,Zanzibar Airport,True
KATI,2018,12,50,10,20.88,-6.12,39.32,Male,30-44 yrs,NO,Other,Other Household Member,ZIWANI POLICE,MJINI,PUBLIC,UNGUJA,UZINI,86252,122393,370213.65,14.36,30.62,24.74,81.25,95.0,Karume airport Pemba,True
KATI,2018,12,51,16,22.71,-6.15,39.33,Male,5-14 yrs,NO,Other,Other Household Member,ZIWANI POLICE,MJINI,PUBLIC,UNGUJA,JUMBI,86538,122473,340948.09,12.57,30.84,24.23,79.4,95.0,MKOKOTONI-Zanzibar,True
KATI,2018,12,52,23,22.19,-6.15,39.32,Female,45+ yrs,NO,Other,Index Case,JUMBI DISPENSARY,MJINI,PRIVATE,UNGUJA,JUMBI,86831,122579,409406.4,12.39,30.37,24.21,80.17,95.0,VICTORIA GARDEN,True
KATI,2018,12,53,31,22.14,-6.08,39.3,Female,15-29 yrs,NO,Other,Index Case,UZINI PHCU+,MJINI,PUBLIC,UNGUJA,UZINI,87161,122691,381710.93,17.66,30.3,24.36,81.34,95.0,MKOKOTONI-Zanzibar,True
KATI,2019,1,1,2,24.95,-6.11,39.32,Male,15-29 yrs,NO,Other,Index Case,MIWANI PHCU,MJINI,PUBLIC,UNGUJA,MIWANI,87361,122722,328643.62,16.94,30.94,24.49,82.61,95.2,Abdalla mzee-Mkoani,False
KATI,2019,1,2,7,24.61,-6.13,39.32,Female,30-44 yrs,NO,Other,Other Household Member,ZIWANI POLICE,MJINI,PUBLIC,UNGUJA,JUMBI,87604,122689,384467.48,14.6,30.9,24.42,80.41,95.2,MKOKOTONI-Zanzibar,True
KATI,2019,1,3,14,22.27,-6.11,39.32,Female,5-14 yrs,NO,Other,Other Household Member,ZIWANI POLICE,MJINI,PUBLIC,UNGUJA,MIWANI,88278,122868,401029.34,15.29,30.68,23.94,82.85,95.2,Karume airport Pemba,True
KATI,2019,1,4,21,20.03,-6.12,39.34,Male,15-29 yrs,NO,Other,Other Household Member,ZIWANI POLICE,MJINI,PUBLIC,UNGUJA,UROA,88734,123010,367790.61,14.88,30.74,24.42,82.5,95.2,Karume airport Pemba,True
KATI,2019,1,5,28,25.88,-6.13,39.33,Female,< 5 yrs,NO,Other,Other Household Member,ZIWANI POLICE,MJINI,PUBLIC,UNGUJA,JUMBI,89265,123150,359095.62,14.75,30.38,23.92,77.55,95.2,VICTORIA GARDEN,True
KATI,2019,2,5,1,20.83,-6.06,39.31,Female,15-29 yrs,NO,Other,Other Household Member,ZIWANI POLICE,MJINI,PUBLIC,UNGUJA,MIWANI,89427,123147,457168.19,18.7,30.55,23.86,76.69,95.2,Zanzibar Airport,False
KATI,2019,2,6,4,23.9,-6.13,39.27,Male,15-29 yrs,NO,Other,Index Case,UZINI PHCU+,MJINI,PUBLIC,UNGUJA,UZINI,89550,123237,417769.57,25.42,30.92,24.37,82.67,95.2,Weni,False
KATI,2019,2,7,11,22.3,-6.09,39.31,Male,5-14 yrs,NO,Other,Index Case,GHANA PHCU,MJINI,PUBLIC,UNGUJA,GHANA,89812,123315,364933.04,13.57,30.56,24.44,82.07,95.2,Karume airport Pemba,True
KATI,2019,2,8,17,22.02,-6.12,39.32,Female,5-14 yrs,NO,Other,Index Case,KOANI DISPENSARY,MJINI,PRIVATE,UNGUJA,UBAGO,90081,123409,368876.98,13.36,31.0,24.4,82.52,95.2,KIZIMBANI-Zanzibar,True
KATI,2019,2,9,25,20.49,-6.13,39.32,Male,30-44 yrs,NO,Other,Other Household Member,ZIWANI POLICE,MJINI,PUBLIC,UNGUJA,KOANI,90372,123440,385538.96,17.54,30.3,24.5,82.06,95.2,KIZIMBANI-Zanzibar,False
KATI,2019,3,9,1,22.0,-6.1,39.32,Male,15-29 yrs,NO,Other,Index Case,KOANI DISPENSARY,MJINI,PRIVATE,UNGUJA,KIDIMNI,90569,123576,213036.0,2.08,32.29,26.49,91.55,95.2,Karume airport Pemba,False
KATI,2019,3,10,3,27.25,-6.11,39.35,Male,45+ yrs,YES,Other,Index Case,MNAZI MMOJA HOSPITAL,MJINI,PUBLIC,UNGUJA,JUMBI,90594,123533,405887.45,7.64,30.21,23.5,82.86,95.2,Karume airport Pemba,False
KATI,2019,3,11,11,21.11,-6.12,39.34,Male,5-14 yrs,NO,Other,Index Case,DUNGA PHCU,MJINI,PUBLIC,UNGUJA,DUNGA KIEMBENI,90904,123587,351998.4,12.35,30.85,24.56,82.87,95.2,Zanzibar Airport,True
KATI,2019,3,12,17,27.73,-6.1,39.33,Female,30-44 yrs,NO,Other,Other Household Member,ZIWANI POLICE,MJINI,PUBLIC,UNGUJA,JENDELE,91047,123607,396690.07,11.67,29.88,23.97,82.93,95.2,Karume airport Pemba,False
KATI,2019,3,13,24,21.46,-6.11,39.32,Male,30-44 yrs,NO,Business,Index Case,ASSA-KHERI DISPENSARY,MJINI,PRIVATE,UNGUJA,TUNGUU,91329,123889,382594.71,13.58,30.73,24.29,81.46,95.2,KIZIMBANI-Zanzibar,True
KATI,2019,4,14,1,18.18,-6.1,39.31,Male,15-29 yrs,NO,Other,Other Household Member,ZIWANI POLICE,MJINI,PUBLIC,UNGUJA,MIWANI,91662,123702,343829.77,22.67,30.48,24.44,82.07,95.2,Matangatuani,True
KATI,2019,4,15,8,20.5,-6.11,39.34,Male,5-14 yrs,NO,Other,Other Household Member,ZIWANI POLICE,MJINI,PUBLIC,UNGUJA,DUNGA KIEMBENI,91876,123769,306358.15,4.22,31.41,24.4,83.3,95.2,Zanzibar Airport,False
KATI,2019,4,16,15,19.47,-6.14,39.35,Male,30-44 yrs,NO,Other,Other Household Member,ZIWANI POLICE,MJINI,PUBLIC,UNGUJA,KOANI,92039,123785,411296.82,17.33,30.75,24.32,77.08,95.2,Zanzibar Airport,False
KATI,2019,4,17,21,18.94,-6.13,39.32,Female,15-29 yrs,YES,Other,Index Case,JUMBI DISPENSARY,MJINI,PRIVATE,UNGUJA,NDIJANI MSEWENI,92254,123883,380237.12,14.15,30.71,24.61,82.62,95.2,Mahonda,False
KATI,2019,4,18,28,16.1,-5.98,39.34,Female,15-29 yrs,NO,Other,Index Case,KOANI DISPENSARY,MJINI,PRIVATE,UNGUJA,PONGWE,92412,123936,375888.17,14.45,30.08,24.16,78.7,95.2,Makunduchi,False
KATI,2019,5,18,2,17.94,-6.03,39.33,Female,< 5 yrs,NO,Other,Index Case,GHANA PHCU,MJINI,PUBLIC,UNGUJA,GHANA,92557,123979,377871.58,7.68,30.38,23.86,82.93,95.2,Makunduchi,False
KATI,2019,5,19,5,22.7,-6.11,39.36,Female,30-44 yrs,NO,Other,Index Case,AL-RAHMA HOSPITAL,MJINI,PRIVATE,UNGUJA,KOANI,92669,124008,395408.02,12.69,31.03,24.32,78.44,95.2,Makunduchi,True
KATI,2019,5,20,12,27.59,-6.19,39.3,Female,30-44 yrs,NO,Other,Other Household Member,ZIWANI POLICE,MJINI,PUBLIC,UNGUJA,MCHANGANI SHAMBA,92943,123932,397326.14,11.74,30.84,24.48,81.88,95.2,Makunduchi,True
KATI,2019,5,21,19,22.1,-6.15,39.35,Male,30-44 yrs,NO,Other,Index Case,JUMBI DISPENSARY,MJINI,PRIVATE,UNGUJA,JUMBI,93454,124197,409759.14,17.5,30.43,24.17,82.0,95.2,Weni,True
KATI,2019,5,22,27,22.78,-6.17,39.35,Female,15-29 yrs,NO,Other,Index Case,MODERN DISPENSARY,MJINI,PRIVATE,UNGUJA,GHANA,94064,124310,412487.03,14.57,30.5,24.02,81.06,95.2,Makunduchi,True
KATI,2019,6,23,2,19.27,-6.17,39.37,Female,15-29 yrs,NO,Other,Other Household Member,ZIWANI POLICE,MJINI,PUBLIC,UNGUJA,MIWANI,94371,124391,452563.52,18.63,30.43,24.22,80.42,95.2,Weni,True
KATI,2019,6,24,9,24.15,-6.17,39.34,Female,15-29 yrs,NO,Other,Other Household Member,ZIWANI POLICE,MJINI,PUBLIC,UNGUJA,NDIJANI MSEWENI,94608,124467,425574.57,13.44,30.32,24.15,82.14,95.2,Abdalla mzee-Mkoani,True
KATI,2019,6,25,16,20.95,-6.16,39.36,Female,15-29 yrs,NO,Other,Index Case,JUMBI DISPENSARY,MJINI,PRIVATE,UNGUJA,TUNGUU,95093,124632,419001.69,16.88,30.53,24.25,81.4,95.2,Makunduchi,True
KATI,2019,6,26,23,18.63,-6.11,39.36,Male,5-14 yrs,NO,Other,Other Household Member,ZIWANI POLICE,MJINI,PUBLIC,UNGUJA,UNGUJA UKUU KAEBONA,95648,124673,350598.93,15.56,30.6,24.55,81.17,95.2,Karume airport Pemba,True
KATI,2019,6,27,30,27.92,-6.14,39.3,Female,45+ yrs,NO,Other,Other Household Member,ZIWANI POLICE,MJINI,PUBLIC,UNGUJA,KOANI,96186,124918,387729.66,10.67,30.89,24.49,76.84,95.2,KIZIMBANI-Zanzibar,False
KATI,2019,7,27,1,21.67,-6.01,39.34,Male,< 5 yrs,NO,Other,Index Case,UZI PHCU,CENTRAL,PUBLIC,UNGUJA,NGAMBWA,96375,125083,447529.32,15.17,30.37,23.87,79.52,95.2,Mahonda,True
KATI,2019,7,28,7,24.62,-6.12,39.35,Male,< 5 yrs,NO,Other,Index Case,UNGUJA UKUU KMKM,CENTRAL,PUBLIC,UNGUJA,UZI,96876,125263,385711.39,8.26,30.49,24.3,80.75,95.2,Zanzibar Airport,True
KATI,2019,7,29,14,22.16,-6.19,39.35,Female,15-29 yrs,NO,Other,Index Case,JUMBI DISPENSARY,MJINI,PRIVATE,UNGUJA,JUMBI,97317,125484,412235.91,16.14,30.49,24.15,82.46,95.2,Weni,True
KATI,2019,7,30,21,21.0,-6.13,39.33,Male,15-29 yrs,NO,Business,Index Case,MNAZI MMOJA HOSPITAL,MJINI,PUBLIC,UNGUJA,UZINI,98062,107917,383449.55,16.0,30.57,24.13,80.56,95.2,Karume airport Pemba,True
KATI,2019,7,31,28,19.68,-6.11,39.35,Male,< 5 yrs,NO,Other,Index Case,JUMBI DISPENSARY,CENTRAL,PRIVATE,UNGUJA,JUMBI,98813,125873,399808.82,16.74,30.27,24.22,81.78,95.2,VICTORIA GARDEN,True
KATI,2019,8,31,1,25.08,-6.15,39.33,Male,< 5 yrs,NO,Other,Other Household Member,ZIWANI POLICE,MJINI,PUBLIC,UNGUJA,MACHUI,99175,125931,356244.96,10.71,30.76,24.37,80.39,95.2,KIZIMBANI-Zanzibar,True
KATI,2019,8,32,5,26.06,-6.14,39.34,Male,45+ yrs,NO,Other,Other Household Member,ZIWANI POLICE,MJINI,PUBLIC,UNGUJA,MCHANGANI SHAMBA,99399,126009,426768.47,13.45,30.86,24.2,82.95,95.2,VICTORIA GARDEN,True
KATI,2019,8,33,11,23.17,-6.15,39.37,Male,15-29 yrs,NO,Other,Other Household Member,ZIWANI POLICE,MJINI,PUBLIC,UNGUJA,MPAPA,99714,126105,414102.89,19.87,30.51,24.24,79.93,95.2,Karume airport Pemba,True
KATI,2019,8,34,18,22.7,-6.17,39.32,Female,30-44 yrs,NO,Other,Other Household Member,ZIWANI POLICE,MJINI,PUBLIC,UNGUJA,JUMBI,100119,126222,400015.47,14.91,30.39,24.28,82.19,95.2,Karume airport Pemba,True
KATI,2019,8,35,25,21.52,-6.14,39.33,Male,15-29 yrs,NO,Other,Other Household Member,ZIWANI POLICE,MJINI,PUBLIC,UNGUJA,BAMBI,100497,126340,421872.12,8.5,30.88,24.44,81.11,95.2,Makunduchi,True
KATI,2019,9,36,1,23.03,-6.18,39.3,Male,15-29 yrs,YES,Other,Index Case,JUMBI DISPENSARY,MJINI,PRIVATE,UNGUJA,JUMBI,100763,126438,347840.88,11.48,30.96,24.1,81.99,95.2,Mahonda,True
KATI,2019,9,37,8,28.26,-6.16,39.33,Male,15-29 yrs,NO,Business,Other Household Member,ZIWANI POLICE,MJINI,PUBLIC,UNGUJA,JUMBI,101101,126524,412875.91,9.31,30.61,24.37,83.88,95.2,Zanzibar Airport,True
KATI,2019,9,38,15,21.68,-6.12,39.31,Male,5-14 yrs,NO,Student,Other Household Member,ZIWANI POLICE,MJINI,PUBLIC,UNGUJA,JUMBI,101391,126626,450260.5,24.42,30.46,24.35,81.85,95.2,Weni,True
KATI,2019,9,39,22,20.88,-6.06,39.32,Male,15-29 yrs,NO,Other,Index Case,JUMBI DISPENSARY,MJINI,PRIVATE,UNGUJA,JUMBI,101685,126719,445387.93,7.83,30.62,24.46,81.55,95.2,Weni,True
KATI,2019,9,40,29,23.0,-6.23,39.37,Female,15-29 yrs,NO,Business,Other Household Member,ZIWANI POLICE,MJINI,PUBLIC,UNGUJA,TINDINI,101840,126743,502553.55,12.88,31.09,24.42,80.47,95.2,Mahonda,False
KATI,2019,10,40,1,19.26,-6.11,39.33,Female,30-44 yrs,YES,Other,Index Case,KIBOJE PHCU,MJINI,PUBLIC,UNGUJA,KIBOJE MWEMBE SHAURI,101898,126829,422086.24,17.51,30.67,24.33,80.79,95.2,MKOKOTONI-Zanzibar,True
KATI,2019,10,41,7,24.99,-6.23,39.35,Female,5-14 yrs,YES,Student,Index Case,UNGUJA UKUU PHCU+,MJINI,PUBLIC,UNGUJA,UNGUJA UKUU KAEBONA,102109,126876,399760.5,11.26,30.8,24.12,80.2,95.2,KIZIMBANI-Zanzibar,True
KATI,2019,10,42,13,25.04,-6.14,39.34,Female,5-14 yrs,NO,Other,Index Case,JUMBI DISPENSARY,MJINI,PRIVATE,UNGUJA,TUNGUU,102248,126918,399284.65,17.97,30.77,24.38,82.45,95.2,KIZIMBANI-Zanzibar,True
KATI,2019,10,43,20,19.93,-6.15,39.33,Male,5-14 yrs,YES,Other,Index Case,JUMBI DISPENSARY,MJINI,PRIVATE,UNGUJA,TUNGUU,102671,126988,368289.45,15.07,30.61,24.31,81.5,95.2,Zanzibar Airport,True
KATI,2019,10,44,28,22.72,-6.14,39.32,Male,15-29 yrs,NO,Other,Index Case,UZINI PHCU+,CENTRAL,PUBLIC,UNGUJA,UZINI,103035,127055,319673.46,14.16,30.73,24.45,83.51,95.2,Abdalla mzee-Mkoani,False
KATI,2019,11,44,1,17.1,-6.15,39.32,Female,15-29 yrs,NO,Other,Index Case,JUMBI DISPENSARY,MJINI,PRIVATE,UNGUJA,JUMBI,103170,127101,523153.44,24.91,31.58,24.05,81.22,95.2,KIZIMBANI-Zanzibar,False
KATI,2019,11,45,3,22.06,-6.15,39.32,Male,30-44 yrs,NO,Business,Index Case,JUMBI DISPENSARY,MJINI,PRIVATE,UNGUJA,TUNGUU,103196,127111,347325.14,14.13,31.04,24.3,83.32,95.2,Weni,True
KATI,2019,11,46,11,26.9,-6.14,39.36,Female,45+ yrs,YES,Health worker,Index Case,SDA DISPENSARY,MJINI,PRIVATE,UNGUJA,TUNGUU,103562,127214,380611.98,12.43,30.49,24.11,81.0,95.2,Karume airport Pemba,True
KATI,2019,11,47,18,19.95,-6.14,39.29,Male,15-29 yrs,NO,Business,Other Household Member,ZIWANI POLICE,MJINI,PUBLIC,UNGUJA,CHEJU ZAWIANI,103848,127282,408565.32,11.98,30.5,24.01,81.73,95.2,Abdalla mzee-Mkoani,True
KATI,2019,11,48,24,17.33,-6.14,39.33,Male,5-14 yrs,YES,Other,Index Case,FUONI PHCU+,MJINI,PUBLIC,UNGUJA,JUMBI,104231,127423,393441.82,20.56,30.96,24.32,82.49,95.2,Mahonda,True
KATI,2019,12,49,1,21.25,-6.18,39.33,Male,< 5 yrs,NO,Student,Index Case,UNGUJA UKUU KMKM,MJINI,PUBLIC,UNGUJA,PETE,105009,127649,398368.05,16.44,30.65,24.37,82.93,95.2,Zanzibar Airport,True
KATI,2019,12,50,8,20.15,-6.15,39.33,Male,15-29 yrs,YES,Business,Index Case,AL-RAHMA HOSPITAL,MJINI,PRIVATE,UNGUJA,MCHANGANI SHAMBA,105723,127992,423518.8,12.97,30.56,24.24,80.38,95.2,MKOKOTONI-Zanzibar,True
KATI,2019,12,51,15,22.26,-6.15,39.33,Male,30-44 yrs,NO,Other,Index Case,JUMBI DISPENSARY,CENTRAL,PRIVATE,UNGUJA,JUMBI,106828,128424,401921.84,16.05,30.69,24.3,81.02,95.2,VICTORIA GARDEN,True
KATI,2019,12,52,22,19.44,-6.15,39.34,Female,15-29 yrs,NO,Other,Index Case,JUMBI DISPENSARY,MJINI,PRIVATE,UNGUJA,BUNGI,108123,128961,427809.01,14.3,30.57,24.13,82.23,95.2,KIZIMBANI-Zanzibar,True
KATI,2019,12,53,29,20.64,-6.14,39.33,Male,30-44 yrs,NO,Other,Index Case,UTAPOA DISPENSARY,URBAN,PRIVATE,UNGUJA,MCHANGANI SHAMBA,109345,129666,407034.2,14.7,30.49,24.13,80.01,95.2,KIZIMBANI-Zanzibar,True
KATI,2020,1,1,1,21.33,-6.12,39.32,Male,30-44 yrs,NO,Other,Index Case,ASSA-KHERI DISPENSARY,URBAN,PRIVATE,UNGUJA,BAMBI,109934,129991,401214.71,8.38,30.89,24.35,80.78,96.9,Weni,True
KATI,2020,1,2,5,23.02,-6.15,39.33,Male,5-14 yrs,NO,Other,Index Case,UTAPOA DISPENSARY,URBAN,PRIVATE,UNGUJA,MCHANGANI SHAMBA,110608,130286,347419.32,19.31,30.64,24.4,81.99,96.9,Weni,True
KATI,2020,1,3,12,23.59,-6.13,39.33,Male,< 5 yrs,NO,Other,Index Case,AL-RAHMA HOSPITAL,URBAN,PRIVATE,UNGUJA,UROA,111940,130975,371651.43,15.84,30.68,24.2,81.52,96.9,KIZIMBANI-Zanzibar,True
KATI,2020,1,4,19,21.67,-6.12,39.33,Male,5-14 yrs,NO,Other,Other Household Member,ZIWANI POLICE,MJINI,PUBLIC,UNGUJA,JUMBI,113592,131523,375493.8,12.0,30.45,24.11,80.61,96.9,VICTORIA GARDEN,True
KATI,2020,1,5,26,20.47,-6.14,39.33,Male,15-29 yrs,NO,Business,Index Case,MODERN DISPENSARY,MJINI,PRIVATE,UNGUJA,KIBOJE MWEMBE SHAURI,115190,132580,383504.49,16.54,30.68,24.38,81.15,96.9,Weni,True
KATI,2020,2,5,1,21.71,-6.24,39.34,Male,15-29 yrs,NO,Other,Other Household Member,ZIWANI POLICE,MJINI,PUBLIC,UNGUJA,UBAGO,116138,133004,485269.6,17.88,30.71,24.2,81.75,96.9,Abdalla mzee-Mkoani,False
KATI,2020,2,6,2,22.39,-6.15,39.33,Female,5-14 yrs,NO,Other,Index Case,JUMBI DISPENSARY,MJINI,PRIVATE,UNGUJA,JUMBI,116216,133192,390508.33,9.28,30.9,24.59,82.04,96.9,Weni,True
KATI,2020,2,7,9,19.67,-6.12,39.31,Female,30-44 yrs,NO,Business,Other Household Member,ZIWANI POLICE,MJINI,PUBLIC,UNGUJA,MIWANI,117007,133466,360981.2,14.41,30.62,24.15,80.97,96.9,VICTORIA GARDEN,True
KATI,2020,2,8,16,22.87,-6.14,39.34,Female,< 5 yrs,NO,Other,Index Case,JUMBI DISPENSARY,MJINI,PRIVATE,UNGUJA,TUNGUU,117594,133918,382160.45,19.74,30.47,24.37,81.42,96.9,KIZIMBANI-Zanzibar,True
KATI,2020,2,9,23,23.25,-6.11,39.31,Male,5-14 yrs,YES,Student,Index Case,KOANI DISPENSARY,MJINI,PRIVATE,UNGUJA,UROA,118247,134291,373479.99,19.62,30.69,24.5,83.12,96.9,Zanzibar Airport,True
KATI,2020,3,10,1,23.66,-6.11,39.31,Female,45+ yrs,YES,Business,Index Case,TUNGUU PHCU,MJINI,PUBLIC,UNGUJA,JUMBI,118883,134488,378221.32,12.8,30.64,24.41,80.84,96.9,MKOKOTONI-Zanzibar,True
KATI,2020,3,11,8,23.01,-6.09,39.35,Male,< 5 yrs,NO,Other,Index Case,JUMBI DISPENSARY,CENTRAL,PRIVATE,UNGUJA,JUMBI,119553,134900,362172.15,12.27,30.22,24.03,81.65,96.9,KIZIMBANI-Zanzibar,True
KATI,2020,3,12,16,24.17,-6.12,39.34,Female,30-44 yrs,NO,Other,Other Household Member,ZIWANI POLICE,MJINI,PUBLIC,UNGUJA,UMBUJI,120169,134917,399660.77,22.33,30.43,24.17,82.33,96.9,Mahonda,True
KATI,2020,3,13,22,25.77,-6.16,39.32,Female,45+ yrs,NO,Other,Index Case,MNAZI MMOJA HOSPITAL,MJINI,PUBLIC,UNGUJA,KIBOJE MKWAJUNI,120764,135226,360257.28,11.41,30.65,24.14,82.74,96.9,Matangatuani,True
KATI,2020,3,14,29,24.92,-6.16,39.3,Male,15-29 yrs,YES,Business,Index Case,UTAPOA DISPENSARY,MJINI,PRIVATE,UNGUJA,MCHANGANI SHAMBA,121698,135462,380294.83,10.98,30.16,23.77,84.91,96.9,Weni,False
KATI,2020,4,14,1,23.06,-6.16,39.3,Female,< 5 yrs,NO,Other,Other Household Member,ZIWANI POLICE,MJINI,PUBLIC,UNGUJA,DUNGA KIEMBENI,122036,135479,369892.54,10.94,30.07,23.89,80.54,96.9,Matangatuani,False
KATI,2020,4,15,6,24.88,-6.18,39.31,Female,15-29 yrs,YES,Other,Index Case,MAFUNZO-MAKAOO MAKUU,MJINI,PUBLIC,UNGUJA,KIDIMNI,122632,135735,450391.73,12.26,30.54,24.22,81.64,96.9,Weni,True
KATI,2020,4,16,12,22.43,-6.15,39.3,Male,30-44 yrs,NO,Business,Index Case,KOANI DISPENSARY,MJINI,PRIVATE,UNGUJA,KIDIMNI,123119,135893,391139.9,12.02,30.73,24.3,80.87,96.9,KIZIMBANI-Zanzibar,True
KATI,2020,4,17,20,23.5,-6.14,39.32,Female,45+ yrs,NO,Other,Other Household Member,ZIWANI POLICE,MJINI,PUBLIC,UNGUJA,GHANA,123890,136109,356172.78,18.51,30.79,24.33,82.42,96.9,Abdalla mzee-Mkoani,True
KATI,2020,4,18,26,27.74,-6.11,39.32,Male,30-44 yrs,NO,Business,Other Household Member,ZIWANI POLICE,MJINI,PUBLIC,UNGUJA,GHANA,124430,136081,358447.3,18.55,30.39,24.22,80.68,96.9,MKOKOTONI-Zanzibar,True
KATI,2020,5,18,1,24.71,-6.08,39.31,Male,45+ yrs,NO,Other,Other Household Member,ZIWANI POLICE,MJINI,PUBLIC,UNGUJA,MIWANI,124978,136408,396464.17,14.43,30.68,24.18,81.03,96.9,Zanzibar Airport,False
KATI,2020,5,19,3,20.66,-6.05,39.32,Female,30-44 yrs,NO,Civil Servant,Other Household Member,ZIWANI POLICE,MJINI,PUBLIC,UNGUJA,MCHANGANI SHAMBA,125065,133747,428859.21,13.34,30.59,24.01,80.73,96.9,Weni,False
KATI,2020,5,20,10,20.07,-6.14,39.32,Male,5-14 yrs,NO,Student,Index Case,JUMBI DISPENSARY,MJINI,PRIVATE,UNGUJA,JUMBI,125669,136606,409037.74,16.64,30.3,24.15,81.36,96.9,KIZIMBANI-Zanzibar,True
KATI,2020,5,21,17,22.46,-6.11,39.33,Female,15-29 yrs,NO,Student,Other Household Member,ZIWANI POLICE,MJINI,PUBLIC,UNGUJA,NGAMBWA,126326,136681,406055.0,15.0,30.48,24.14,79.18,96.9,VICTORIA GARDEN,True
KATI,2020,5,22,24,22.85,-6.19,39.33,Female,15-29 yrs,NO,Business,Index Case,UNGUJA UKUU KMKM,MJINI,PUBLIC,UNGUJA,BUNGI,127056,137160,375246.88,22.21,30.4,24.24,82.58,96.9,Abdalla mzee-Mkoani,True
KATI,2020,5,23,31,27.86,-6.19,39.33,Male,30-44 yrs,NO,Watchman/Police,Index Case,AL-RAHMA HOSPITAL,MJINI,PRIVATE,UNGUJA,NDIJANI MSEWENI,127856,137492,381484.23,31.28,30.44,24.29,81.94,96.9,Matangatuani,False
KATI,2020,6,23,1,19.49,-6.16,39.3,Female,5-14 yrs,NO,Student,Other Household Member,ZIWANI POLICE,MJINI,PUBLIC,UNGUJA,JUMBI,127912,137262,431123.39,12.41,31.06,24.4,81.27,96.9,Mahonda,True
KATI,2020,6,24,7,22.34,-6.15,39.32,Male,30-44 yrs,NO,Other,Index Case,JUMBI DISPENSARY,MJINI,PRIVATE,UNGUJA,JUMBI,128529,137824,401994.15,16.58,30.68,24.43,82.1,96.9,VICTORIA GARDEN,True
KATI,2020,6,25,14,24.03,-6.17,39.32,Male,< 5 yrs,NO,Other,Other Household Member,ZIWANI POLICE,MJINI,PUBLIC,UNGUJA,JUMBI,129416,138131,395175.07,15.02,30.62,24.26,80.86,96.9,Makunduchi,True
KATI,2020,6,26,21,23.18,-6.16,39.33,Female,< 5 yrs,NO,Other,Other Household Member,ZIWANI POLICE,MJINI,PUBLIC,UNGUJA,JUMBI,130296,138487,358136.66,10.82,30.51,24.13,80.88,96.9,Abdalla mzee-Mkoani,True
KATI,2020,6,27,28,19.95,-6.16,39.34,Male,5-14 yrs,NO,Student,Other Household Member,ZIWANI POLICE,MJINI,PUBLIC,UNGUJA,KIBOJE MWEMBE SHAURI,131184,138819,402417.13,19.39,30.62,24.3,80.91,96.9,Matangatuani,True
KATI,2020,7,27,1,27.57,-6.15,39.33,Female,15-29 yrs,YES,Other,Index Case,UZINI PHCU+,MJINI,PUBLIC,UNGUJA,DUNGA KIEMBENI,131667,139097,429473.32,18.54,30.38,24.48,80.01,96.9,VICTORIA GARDEN,True
KATI,2020,7,28,5,22.02,-6.15,39.32,Male,15-29 yrs,NO,Other,Index Case,JUMBI DISPENSARY,MJINI,PRIVATE,UNGUJA,JUMBI,132125,139218,440718.03,16.54,30.53,24.22,78.58,96.9,Matangatuani,True
KATI,2020,7,29,13,24.48,-6.16,39.33,Female,15-29 yrs,NO,Other,Index Case,UZINI PHCU+,MJINI,PUBLIC,UNGUJA,MGENI HAJI,133056,139543,388434.67,12.33,30.5,24.17,80.79,96.9,Abdalla mzee-Mkoani,True
KATI,2020,7,30,19,25.72,-6.14,39.33,Male,15-29 yrs,NO,Other,Index Case,JUMBI DISPENSARY,MJINI,PRIVATE,UNGUJA,BUNGI,133562,139732,445697.53,20.01,30.49,24.22,80.36,96.9,VICTORIA GARDEN,True
KATI,2020,7,31,27,24.88,-6.17,39.34,Female,15-29 yrs,NO,Other,Other Household Member,ZIWANI POLICE,MJINI,PUBLIC,UNGUJA,MGENI HAJI,134284,139938,362992.94,19.15,30.51,24.4,83.08,96.9,MKOKOTONI-Zanzibar,True
KATI,2020,8,31,1,41.0,-6.24,39.37,Male,15-29 yrs,NO,Other,Index Case,JUMBI DISPENSARY,MJINI,PRIVATE,UNGUJA,NDIJANI MSEWENI,134699,140109,318693.0,21.66,31.01,23.5,75.52,96.9,Mahonda,False
KATI,2020,8,32,2,21.27,-6.18,39.34,Male,45+ yrs,NO,Other,Index Case,TAWAQAL HOSPITAL,MJINI,PRIVATE,UNGUJA,JUMBI,134728,140117,404719.71,14.34,30.66,24.43,81.21,96.9,Makunduchi,True
KATI,2020,8,33,9,22.26,-6.12,39.33,Male,15-29 yrs,NO,Civil Servant,Other Household Member,ZIWANI POLICE,MJINI,PUBLIC,UNGUJA,TUNGUU,135147,140123,351791.49,20.77,30.61,24.16,82.1,96.9,Mahonda,True
KATI,2020,8,34,16,29.57,-6.21,39.32,Female,15-29 yrs,NO,Other,Other Household Member,ZIWANI POLICE,MJINI,PUBLIC,UNGUJA,JUMBI,135588,140254,392011.39,6.49,30.59,24.09,79.89,96.9,KIZIMBANI-Zanzibar,True
KATI,2020,8,35,23,20.85,-6.15,39.33,Male,< 5 yrs,YES,Other,Index Case,MODERN DISPENSARY,MJINI,PRIVATE,UNGUJA,KIBOJE MKWAJUNI,136011,140578,405150.76,12.74,30.22,24.05,81.42,96.9,Weni,True
KATI,2020,8,36,31,24.89,-6.15,39.31,Male,45+ yrs,NO,Other,Other Household Member,ZIWANI POLICE,MJINI,PUBLIC,UNGUJA,KIDIMNI,136560,140652,373667.31,11.69,30.11,24.2,81.96,96.9,KIZIMBANI-Zanzibar,False
KATI,2020,9,36,1,20.12,-6.14,39.32,Female,15-29 yrs,YES,Other,Index Case,ST LUKES,MJINI,PRIVATE,UNGUJA,MACHUI,136697,140736,399914.01,9.8,30.29,23.93,79.81,96.9,VICTORIA GARDEN,True
KATI,2020,9,37,7,25.87,-6.12,39.33,Female,30-44 yrs,NO,Other,Other Household Member,ZIWANI POLICE,MJINI,PUBLIC,UNGUJA,CHEJU ZAWIANI,137062,140833,377202.11,21.01,31.05,24.59,83.48,96.9,Karume airport Pemba,True
KATI,2020,9,38,13,19.79,-6.15,39.33,Male,30-44 yrs,NO,Other,Index Case,JUMBI DISPENSARY,CENTRAL,PRIVATE,UNGUJA,JUMBI,137468,140987,410107.61,19.8,30.52,24.21,80.18,96.9,KIZIMBANI-Zanzibar,True
KATI,2020,9,39,20,22.75,-6.17,39.35,Male,30-44 yrs,NO,Watchman/Police,Other Household Member,ZIWANI POLICE,MJINI,PUBLIC,UNGUJA,TINDINI,137845,141051,438370.2,13.17,30.47,24.13,79.47,96.9,Weni,True
KATI,2020,9,40,27,21.8,-6.16,39.33,Female,5-14 yrs,NO,Student,Other Household Member,ZIWANI POLICE,MJINI,PUBLIC,UNGUJA,KIDIMNI,138246,141238,462051.44,13.14,30.56,24.26,78.8,96.9,KIZIMBANI-Zanzibar,True
KATI,2020,10,40,2,18.5,-6.13,39.29,Male,15-29 yrs,NO,Other,Index Case,MACHUI PHCU,MJINI,PUBLIC,UNGUJA,MACHUI,138656,141408,318432.6,21.44,30.49,23.07,81.14,96.9,KIZIMBANI-Zanzibar,False
KATI,2020,10,41,4,22.21,-6.13,39.34,Female,5-14 yrs,NO,Student,Other Household Member,ZIWANI POLICE,MJINI,PUBLIC,UNGUJA,UNGUJA UKUU KAEBONA,138716,141348,388497.61,17.83,30.71,24.45,83.57,96.9,MKOKOTONI-Zanzibar,True
KATI,2020,10,42,12,24.54,-6.13,39.32,Male,5-14 yrs,NO,Other,Other Household Member,ZIWANI POLICE,MJINI,PUBLIC,UNGUJA,KOANI,139184,141544,434231.58,12.47,30.43,24.13,81.46,96.9,Abdalla mzee-Mkoani,True
KATI,2020,10,43,18,21.92,-6.18,39.35,Female,5-14 yrs,NO,Other,Other Household Member,ZIWANI POLICE,MJINI,PUBLIC,UNGUJA,BAMBI,139475,141571,410730.21,19.84,30.36,24.12,80.94,96.9,VICTORIA GARDEN,True
KATI,2020,10,44,26,27.6,-6.15,39.32,Male,45+ yrs,YES,Other,Index Case,MWERA PONGWE,MJINI,PUBLIC,UNGUJA,UBAGO,139774,141770,464198.93,17.1,29.85,24.36,81.23,96.9,VICTORIA GARDEN,True
KATI,2020,11,45,3,23.92,-6.13,39.36,Female,5-14 yrs,NO,Student,Other Household Member,ZIWANI POLICE,MJINI,PUBLIC,UNGUJA,CHEJU HANYEGWA MCHANA,139886,141837,341374.95,8.28,30.18,24.61,78.58,96.9,KIZIMBANI-Zanzibar,True
KATI,2020,11,46,9,20.71,-6.17,39.33,Female,15-29 yrs,NO,Other,Other Household Member,ZIWANI POLICE,MJINI,PUBLIC,UNGUJA,JUMBI,139998,141742,388344.4,9.14,30.99,24.15,80.75,96.9,KIZIMBANI-Zanzibar,False
KATI,2020,11,47,15,22.15,-6.18,39.35,Female,45+ yrs,NO,Other,Other Household Member,ZIWANI POLICE,MJINI,PUBLIC,UNGUJA,UMBUJI,140145,141856,439798.28,13.4,31.0,24.57,79.89,96.9,Weni,True
KATI,2020,11,48,23,21.83,-6.14,39.34,Male,45+ yrs,NO,Business,Other Household Member,ZIWANI POLICE,MJINI,PUBLIC,UNGUJA,GHANA,140412,141983,410783.8,11.47,30.78,24.15,80.21,96.9,VICTORIA GARDEN,True
KATI,2020,11,49,29,18.21,-6.09,39.31,Female,15-29 yrs,NO,Other,Other Household Member,ZIWANI POLICE,MJINI,PUBLIC,UNGUJA,BUNGI,140706,142187,393523.86,29.86,30.21,23.71,82.91,96.9,Weni,False
KATI,2020,12,49,1,21.8,-6.15,39.33,Male,< 5 yrs,NO,Other,Other Household Member,ZIWANI POLICE,MJINI,PUBLIC,UNGUJA,UZINI,140847,142216,379135.6,13.62,30.67,24.28,81.92,96.9,Zanzibar Airport,True
KATI,2020,12,50,6,23.13,-6.18,39.33,Female,15-29 yrs,NO,Business,Other Household Member,ZIWANI POLICE,MJINI,PUBLIC,UNGUJA,TINDINI,141252,142358,382107.13,16.87,30.44,24.24,81.47,96.9,MKOKOTONI-Zanzibar,True
KATI,2020,12,51,13,22.29,-6.16,39.33,Male,5-14 yrs,NO,Student,Other Household Member,ZIWANI POLICE,MJINI,PUBLIC,UNGUJA,BINGUNI,141772,142475,393605.57,16.26,30.66,24.1,80.01,96.9,MKOKOTONI-Zanzibar,True
KATI,2020,12,52,21,24.24,-6.15,39.32,Male,< 5 yrs,NO,Other,Other Household Member,ZIWANI POLICE,MJINI,PUBLIC,UNGUJA,MIWANI,142940,142991,334061.5,15.53,31.16,24.26,82.53,96.9,Matangatuani,True
KATI,2020,12,53,27,21.99,-6.17,39.35,Male,15-29 yrs,NO,Other,Other Household Member,ZIWANI POLICE,MJINI,PUBLIC,UNGUJA,PETE,143518,143166,406030.57,11.48,30.56,24.04,81.8,96.9,KIZIMBANI-Zanzibar,True
KATI,2021,1,1,1,25.11,-6.21,39.31,Male,15-29 yrs,NO,Other,Index Case,JUMBI DISPENSARY,MJINI,PRIVATE,UNGUJA,JUMBI,144290,143436,374744.85,13.64,30.5,23.9,77.45,94.7,Abdalla mzee-Mkoani,False
KATI,2021,1,2,3,24.77,-6.13,39.31,Female,30-44 yrs,YES,Business,Index Case,SAFI MEDICAL DISPENSARY,MJINI,PRIVATE,UNGUJA,JUMBI,144457,143484,406767.27,16.52,30.62,24.35,81.28,94.7,MKOKOTONI-Zanzibar,True
KATI,2021,1,3,10,24.47,-6.17,39.33,Male,15-29 yrs,NO,Other,Other Household Member,ZIWANI POLICE,MJINI,PUBLIC,UNGUJA,JUMBI,145487,143562,407239.48,18.07,30.63,24.24,82.0,94.7,KIZIMBANI-Zanzibar,True
KATI,2021,1,4,17,21.7,-6.17,39.35,Female,45+ yrs,NO,Other,Other Household Member,ZIWANI POLICE,MJINI,PUBLIC,UNGUJA,JUMBI,146500,143954,367679.16,15.33,30.58,24.29,82.59,94.7,Abdalla mzee-Mkoani,True
KATI,2021,1,5,24,24.23,-6.13,39.32,Female,< 5 yrs,NO,Other,Other Household Member,ZIWANI POLICE,MJINI,PUBLIC,UNGUJA,TUNGUU,147423,144225,366527.35,17.89,30.52,24.05,82.64,94.7,MKOKOTONI-Zanzibar,True
KATI,2021,1,6,31,28.0,-6.18,39.29,Male,5-14 yrs,NO,Other,Other Household Member,ZIWANI POLICE,MJINI,PUBLIC,UNGUJA,JUMBI,148220,144564,296542.0,9.53,29.96,23.84,72.82,94.7,KIZIMBANI-Zanzibar,False
KATI,2021,2,6,1,23.59,-6.14,39.33,Male,5-14 yrs,NO,Student,Other Household Member,ZIWANI POLICE,MJINI,PUBLIC,UNGUJA,TUNDUNI,148261,144382,389852.54,13.73,30.61,24.11,81.3,94.7,Weni,True
KATI,2021,2,7,7,22.89,-6.14,39.32,Male,45+ yrs,NO,Other,Other Household Member,ZIWANI POLICE,MJINI,PUBLIC,UNGUJA,DUNGA BWENI,148922,144683,425236.56,14.25,30.69,24.07,82.26,94.7,Karume airport Pemba,True
KATI,2021,2,8,14,24.21,-6.15,39.33,Male,15-29 yrs,NO,Student,Index Case,JUMBI DISPENSARY,MJINI,PRIVATE,UNGUJA,UBAGO,149466,144913,413134.54,17.64,30.41,24.11,82.2,94.7,KIZIMBANI-Zanzibar,True
KATI,2021,2,9,21,22.33,-6.15,39.33,Male,< 5 yrs,NO,Other,Index Case,JUMBI DISPENSARY,MJINI,PRIVATE,UNGUJA,JUMBI,149984,145074,382922.19,12.81,30.54,24.28,81.75,94.7,KIZIMBANI-Zanzibar,True
KATI,2021,2,10,28,26.4,-6.2,39.3,Female,< 5 yrs,YES,Other,Index Case,JUMBI DISPENSARY,MJINI,PRIVATE,UNGUJA,JUMBI,150489,145227,323762.88,9.56,30.91,24.28,83.65,94.7,Weni,False
KATI,2021,3,10,1,21.66,-6.14,39.31,Male,< 5 yrs,NO,Other,Index Case,MIWANI PHCU,MJINI,PUBLIC,UNGUJA,MIWANI,150532,145241,393240.06,18.46,30.59,24.54,82.04,94.7,Makunduchi,True
KATI,2021,3,11,7,22.72,-6.14,39.34,Male,5-14 yrs,NO,Other,Other Household Member,ZIWANI POLICE,MJINI,PUBLIC,UNGUJA,JUMBI,150833,145254,407723.56,16.28,30.61,24.18,81.75,94.7,VICTORIA GARDEN,True
KATI,2021,3,12,14,25.88,-6.15,39.32,Male,5-14 yrs,NO,Other,Other Household Member,ZIWANI POLICE,MJINI,PUBLIC,UNGUJA,JUMBI,151287,145349,389989.42,19.66,30.76,24.43,81.13,94.7,Abdalla mzee-Mkoani,True
KATI,2021,3,13,22,21.59,-6.16,39.35,Female,< 5 yrs,NO,Other,Index Case,JUMBI DISPENSARY,MJINI,PRIVATE,UNGUJA,UBAGO,151769,145657,428615.89,16.8,30.45,24.53,80.61,94.7,VICTORIA GARDEN,True
KATI,2021,3,14,28,21.25,-6.11,39.32,Male,< 5 yrs,YES,Other,Index Case,KOANI DISPENSARY,MJINI,PRIVATE,UNGUJA,KOANI,152082,145742,433381.0,24.92,30.51,24.34,80.64,94.7,VICTORIA GARDEN,True
KATI,2021,4,14,1,21.74,-6.09,39.32,Male,15-29 yrs,NO,Farmer,Other Household Member,ZIWANI POLICE,MJINI,PUBLIC,UNGUJA,MCHANGANI SHAMBA,152289,145753,339411.35,20.91,30.4,24.53,83.08,94.7,Weni,False
KATI,2021,4,15,4,23.59,-6.14,39.35,Female,30-44 yrs,NO,Business,Index Case,JUMBI DISPENSARY,MJINI,PRIVATE,UNGUJA,JUMBI,152409,145842,374776.86,10.88,30.78,24.29,80.15,94.7,KIZIMBANI-Zanzibar,True
KATI,2021,4,16,11,19.98,-6.14,39.34,Male,5-14 yrs,NO,Student,Other Household Member,ZIWANI POLICE,MJINI,PUBLIC,UNGUJA,KIBOJE MKWAJUNI,152704,145911,380271.05,9.2,30.87,24.45,78.48,94.7,MKOKOTONI-Zanzibar,True
KATI,2021,4,17,19,19.0,-6.16,39.32,Male,15-29 yrs,NO,Farmer,Other Household Member,ZIWANI POLICE,MJINI,PUBLIC,UNGUJA,JUMBI,153115,146006,380812.99,26.93,30.78,24.84,81.94,94.7,MKOKOTONI-Zanzibar,True
KATI,2021,4,18,27,23.69,-6.19,39.36,Female,5-14 yrs,NO,Under school age (<6 years),Index Case,UNGUJA UKUU PHCU+,MJINI,PUBLIC,UNGUJA,UNGUJA UKUU KAEBONA,153585,146201,434901.2,20.53,30.52,24.53,81.42,94.7,MKOKOTONI-Zanzibar,True
KATI,2021,5,18,1,24.25,-6.28,39.35,Male,30-44 yrs,NO,Business,Other Household Member,ZIWANI POLICE,MJINI,PUBLIC,UNGUJA,UNGUJA UKUU KAEBONA,153779,146201,440912.5,35.48,31.48,24.28,83.75,94.7,Zanzibar Airport,False
KATI,2021,5,19,2,25.38,-6.15,39.34,Male,5-14 yrs,NO,Student,Other Household Member,ZIWANI POLICE,MJINI,PUBLIC,UNGUJA,NDIJANI MWEMBEPUNDA,153823,146254,417491.68,13.44,30.32,23.87,82.06,94.7,Karume airport Pemba,True
KATI,2021,5,20,9,24.18,-6.19,39.34,Female,15-29 yrs,NO,Housewife,Other Household Member,ZIWANI POLICE,MJINI,PUBLIC,UNGUJA,MCHANGANI SHAMBA,154335,146404,385113.7,19.03,30.57,24.34,80.31,94.7,VICTORIA GARDEN,True
KATI,2021,5,21,16,26.94,-6.19,39.36,Male,15-29 yrs,YES,Watchman/Police,Index Case,UNGUJA UKUU KMKM,MJINI,PUBLIC,UNGUJA,CHEJU ZAWIANI,154619,146551,368091.28,17.37,30.66,24.13,81.92,94.7,Abdalla mzee-Mkoani,True
KATI,2021,5,22,23,22.57,-6.15,39.32,Male,30-44 yrs,NO,Civil Servant,Other Household Member,ZIWANI POLICE,MJINI,PUBLIC,UNGUJA,JUMBI,155236,146560,390769.82,13.18,30.68,24.37,81.07,94.7,Abdalla mzee-Mkoani,True
KATI,2021,5,23,30,12.86,-6.2,39.34,Female,< 5 yrs,NO,Other,Index Case,JUMBI DISPENSARY,MJINI,PRIVATE,UNGUJA,JUMBI,155845,146879,473277.97,12.51,30.65,23.59,82.63,94.7,Abdalla mzee-Mkoani,False
KATI,2021,6,23,1,24.58,-6.15,39.33,Female,30-44 yrs,NO,Housewife,Other Household Member,ZIWANI POLICE,MJINI,PUBLIC,UNGUJA,DUNGA KIEMBENI,155974,146900,380989.86,13.9,30.47,24.31,80.96,94.7,Zanzibar Airport,True
KATI,2021,6,24,6,18.88,-6.14,39.33,Female,30-44 yrs,YES,Business,Index Case,SAMIH MEDICAL CLINIC,MJINI,PRIVATE,UNGUJA,BAMBI,156292,147022,387355.07,14.16,30.66,24.25,80.98,94.7,Weni,True
KATI,2021,6,25,13,23.38,-6.17,39.35,Male,< 5 yrs,NO,Other,Index Case,UTAPOA DISPENSARY,URBAN,PRIVATE,UNGUJA,MACHUI,156681,147172,350041.79,26.35,30.61,24.3,83.69,94.7,Karume airport Pemba,True
KATI,2021,6,26,21,23.78,-6.16,39.36,Male,< 5 yrs,NO,Under school age (<6 years),Other Household Member,ZIWANI POLICE,MJINI,PUBLIC,UNGUJA,BINGUNI,157102,147276,367149.26,14.42,30.37,24.06,83.48,94.7,Abdalla mzee-Mkoani,True
KATI,2021,6,27,27,20.14,-6.19,39.37,Male,15-29 yrs,YES,Business,Index Case,ASSA-KHERI DISPENSARY,MJINI,PRIVATE,UNGUJA,JUMBI,157632,147491,465781.81,15.56,30.33,24.04,82.93,94.7,Matangatuani,True
KATI,2021,7,27,1,23.27,-6.15,39.38,Male,5-14 yrs,NO,Student,Other Household Member,ZIWANI POLICE,MJINI,PUBLIC,UNGUJA,UKONGORONI,157934,147566,432069.61,21.2,31.01,24.15,80.26,94.7,Zanzibar Airport,False
KATI,2021,7,28,4,22.58,-6.18,39.32,Female,5-14 yrs,NO,Student,Other Household Member,ZIWANI POLICE,MJINI,PUBLIC,UNGUJA,DUNGA BWENI,158091,147602,372026.61,19.08,30.73,24.44,84.23,94.7,Karume airport Pemba,True
KATI,2021,7,29,11,22.51,-6.14,39.32,Male,15-29 yrs,NO,Farmer,Other Household Member,ZIWANI POLICE,MJINI,PUBLIC,UNGUJA,JUMBI,158432,147714,385586.67,15.49,30.83,24.32,80.67,94.7,Mahonda,True
KATI,2021,7,30,18,22.53,-6.16,39.34,Male,5-14 yrs,NO,Student,Index Case,JUMBI DISPENSARY,MJINI,PRIVATE,UNGUJA,CHEJU ZAWIANI,158908,147881,452139.93,16.53,30.19,24.15,81.96,94.7,Zanzibar Airport,True
KATI,2021,7,31,25,19.45,-6.15,39.33,Male,30-44 yrs,YES,Business,Index Case,MODERN DISPENSARY,MJINI,PRIVATE,UNGUJA,MCHANGANI SHAMBA,159173,147985,376262.54,12.89,30.94,24.42,81.68,94.7,Matangatuani,True
KATI,2021,8,32,1,30.49,-6.16,39.32,Female,15-29 yrs,NO,Farmer,Other Household Member,ZIWANI POLICE,MJINI,PUBLIC,UNGUJA,BUNGI,159535,148044,416627.66,13.44,30.9,24.21,80.98,94.7,Zanzibar Airport,True
KATI,2021,8,33,8,25.22,-6.16,39.34,Female,5-14 yrs,NO,Student,Other Household Member,ZIWANI POLICE,MJINI,PUBLIC,UNGUJA,BUNGI,159780,148147,378425.79,23.9,30.54,24.51,82.67,94.7,Matangatuani,True
KATI,2021,8,34,15,19.29,-6.18,39.33,Female,15-29 yrs,NO,Housewife,Other Household Member,ZIWANI POLICE,MJINI,PUBLIC,UNGUJA,JUMBI,160037,148175,409304.64,11.18,30.34,23.85,80.43,94.7,Matangatuani,True
KATI,2021,8,35,23,22.72,-6.15,39.32,Female,30-44 yrs,NO,Business,Other Household Member,ZIWANI POLICE,MJINI,PUBLIC,UNGUJA,JUMBI,160319,148304,385930.74,16.4,30.66,24.28,78.44,94.7,KIZIMBANI-Zanzibar,True
KATI,2021,8,36,29,32.7,-6.18,39.32,Female,15-29 yrs,NO,Unemployed,Index Case,JUMBI DISPENSARY,MJINI,PRIVATE,UNGUJA,TUNGUU,160529,148436,494224.44,20.35,29.85,24.12,82.72,94.7,KIZIMBANI-Zanzibar,False
KATI,2021,9,36,1,22.44,-6.12,39.31,Female,15-29 yrs,NO,Housewife,Other Household Member,ZIWANI POLICE,MJINI,PUBLIC,UNGUJA,KIKUNGWI,160627,148416,476483.6,8.76,30.26,24.06,82.71,94.7,MKOKOTONI-Zanzibar,False
KATI,2021,9,37,5,21.02,-6.13,39.32,Female,15-29 yrs,NO,Other,Other Household Member,ZIWANI POLICE,MJINI,PUBLIC,UNGUJA,JUMBI,160715,148468,396473.65,13.87,30.6,24.26,80.4,94.7,Weni,True
KATI,2021,9,38,12,19.57,-6.16,39.35,Male,5-14 yrs,YES,Student,Index Case,MNAZI MMOJA HOSPITAL,MJINI,PUBLIC,UNGUJA,DUNGA KIEMBENI,161100,148615,443053.52,15.52,30.61,24.28,81.76,94.7,KIZIMBANI-Zanzibar,True
KATI,2021,9,39,19,21.1,-6.13,39.33,Male,45+ yrs,NO,Business,Other Household Member,ZIWANI POLICE,MJINI,PUBLIC,UNGUJA,DUNGA KIEMBENI,161366,148615,453280.32,17.28,30.8,24.23,79.08,94.7,Mahonda,True
KATI,2021,9,40,26,21.13,-6.16,39.32,Female,15-29 yrs,YES,Business,Index Case,KOANI DISPENSARY,MJINI,PRIVATE,UNGUJA,DUNGA KIEMBENI,161603,148730,419996.03,9.21,30.76,24.0,82.12,94.7,Makunduchi,True
KATI,2021,10,40,1,18.64,-6.11,39.3,Female,45+ yrs,NO,Business,Other Household Member,ZIWANI POLICE,MJINI,PUBLIC,UNGUJA,MIWANI,161793,148734,331440.38,8.17,30.18,24.16,81.06,94.7,Matangatuani,False
KATI,2021,10,41,3,17.78,-6.14,39.34,Female,< 5 yrs,NO,Under school age (<6 years),Other Household Member,ZIWANI POLICE,MJINI,PUBLIC,UNGUJA,UNGUJA UKUU KAEBONA,161874,148829,396817.43,14.46,30.99,24.42,80.48,94.7,KIZIMBANI-Zanzibar,True
KATI,2021,10,42,10,24.69,-6.18,39.31,Female,15-29 yrs,YES,Other,Index Case,SAMIH MEDICAL CLINIC,MJINI,PRIVATE,UNGUJA,DUNGA KIEMBENI,162145,148873,328137.89,21.11,31.12,24.78,81.83,94.7,Karume airport Pemba,True
KATI,2021,10,43,17,23.84,-6.1,39.33,Female,30-44 yrs,NO,Business,Other Household Member,ZIWANI POLICE,MJINI,PUBLIC,UNGUJA,GHANA,162332,148887,395042.12,18.11,30.68,24.27,80.86,94.7,Makunduchi,True
KATI,2021,10,44,24,22.08,-6.12,39.33,Female,30-44 yrs,NO,Housewife,Other Household Member,ZIWANI POLICE,MJINI,PUBLIC,UNGUJA,PETE,162594,148974,399796.82,16.67,30.75,24.3,80.6,94.7,Weni,True
KATI,2021,11,45,1,25.3,-6.18,39.34,Female,15-29 yrs,YES,Business,Index Case,UZINI PHCU+,MJINI,PUBLIC,UNGUJA,DUNGA BWENI,162894,149086,336180.53,16.33,30.2,24.32,81.73,94.7,Karume airport Pemba,True
KATI,2021,11,46,7,24.16,-6.15,39.33,Female,15-29 yrs,NO,Housewife,Index Case,KOANI DISPENSARY,MJINI,PRIVATE,UNGUJA,MIWANI,163132,149152,408897.39,15.25,30.13,24.18,78.2,94.7,Weni,True
KATI,2021,11,47,15,17.88,-6.12,39.37,Female,15-29 yrs,YES,Farmer,Index Case,DUNGA PHCU,MJINI,PUBLIC,UNGUJA,DUNGA KIEMBENI,163428,149223,334659.02,9.27,30.58,23.97,81.62,94.7,Weni,False
KATI,2021,11,48,22,20.48,-6.16,39.36,Male,45+ yrs,YES,Other,Index Case,CHWAKA PHCU+,MJINI,PUBLIC,UNGUJA,CHWAKA,163564,149279,420416.99,9.13,31.2,24.43,79.41,94.7,MKOKOTONI-Zanzibar,False
KATI,2021,11,49,29,27.94,-6.14,39.37,Female,< 5 yrs,NO,Other,Other Household Member,ZIWANI POLICE,MJINI,PUBLIC,UNGUJA,PETE,163852,149326,440912.5,14.22,30.12,24.28,76.25,94.7,Zanzibar Airport,False
KATI,2021,12,49,2,37.25,-6.1,39.3,Male,15-29 yrs,NO,Unemployed,Other Household Member,ZIWANI POLICE,MJINI,PUBLIC,UNGUJA,MIWANI,163917,149355,414368.05,13.36,30.36,24.66,79.76,94.7,MKOKOTONI-Zanzibar,False
KATI,2021,12,50,5,27.69,-6.18,39.33,Female,15-29 yrs,NO,Business,Index Case,JUMBI DISPENSARY,MJINI,PRIVATE,UNGUJA,TUNGUU,163981,149394,447026.8,15.77,30.13,24.25,81.84,94.7,Karume airport Pemba,True
KATI,2021,12,51,12,20.27,-6.1,39.3,Male,< 5 yrs,NO,Other,Index Case,MAKUNDUCHI DISTRICT HOSPITAL,MJINI,PUBLIC,UNGUJA,UNGUJA UKUU KAEBONA,164182,149454,402696.86,11.87,30.81,24.42,81.32,94.7,KIZIMBANI-Zanzibar,False
KATI,2021,12,52,19,22.55,-6.15,39.34,Male,30-44 yrs,YES,Business,Index Case,SAMIH MEDICAL CLINIC,MJINI,PRIVATE,UNGUJA,DUNGA KIEMBENI,164355,149260,370613.77,11.5,30.93,24.17,81.75,94.7,Weni,True
KATI,2021,12,53,26,21.77,-6.12,39.36,Female,5-14 yrs,NO,Student,Other Household Member,ZIWANI POLICE,MJINI,PUBLIC,UNGUJA,UBAGO,164644,149498,334230.58,21.97,30.9,24.41,81.36,94.7,Weni,True
KATI,2022,1,1,1,16.0,-6.06,39.3,Female,15-29 yrs,NO,Student,Index Case,HANKIL MEDICAL SERVICES DISPENSARY,MJINI,PRIVATE,UNGUJA,KOANI,165031,149666,296542.0,14.06,29.6,23.88,72.8,97.8,Makunduchi,False
KATI,2022,1,2,2,21.48,-6.14,39.32,Male,5-14 yrs,NO,Other,Index Case,JUMBI DISPENSARY,MJINI,PRIVATE,UNGUJA,UNGUJA UKUU KAEBONA,165055,149614,450237.38,15.47,30.64,24.34,82.39,97.8,Makunduchi,True
KATI,2022,1,3,9,21.81,-6.13,39.32,Male,5-14 yrs,NO,Other,Index Case,JUMBI DISPENSARY,MJINI,PRIVATE,UNGUJA,JUMBI,165888,149903,353229.56,20.94,30.54,24.07,81.11,97.8,Abdalla mzee-Mkoani,True
KATI,2022,1,4,16,22.07,-6.15,39.31,Male,15-29 yrs,NO,Farmer,Index Case,JUMBI DISPENSARY,MJINI,PRIVATE,UNGUJA,KIKUNGWI,166738,150132,381082.56,17.62,30.29,24.33,81.93,97.8,Karume airport Pemba,True
KATI,2022,1,5,23,21.86,-6.19,39.36,Male,30-44 yrs,NO,Other,Other Household Member,ZIWANI POLICE,MJINI,PUBLIC,UNGUJA,JUMBI,167501,150323,357511.62,18.38,30.58,24.31,83.44,97.8,Abdalla mzee-Mkoani,True
KATI,2022,1,6,30,23.37,-6.11,39.35,Male,< 5 yrs,NO,Other,Index Case,JUMBI DISPENSARY,CENTRAL,PRIVATE,UNGUJA,JUMBI,168108,150494,365609.04,20.64,29.58,23.94,84.79,97.8,Karume airport Pemba,False
KATI,2022,2,6,1,25.65,-6.15,39.31,Male,15-29 yrs,NO,Other,Other Household Member,ZIWANI POLICE,MJINI,PUBLIC,UNGUJA,JUMBI,168226,150513,412981.84,12.95,30.52,24.44,79.93,97.8,Makunduchi,True
KATI,2022,2,7,6,21.82,-6.14,39.33,Male,15-29 yrs,NO,Business,Index Case,UNGUJA UKUU KMKM,MJINI,PUBLIC,UNGUJA,TINDINI,168452,150582,358135.13,10.0,30.41,23.98,78.45,97.8,Mahonda,True
KATI,2022,2,8,13,21.86,-6.12,39.3,Male,15-29 yrs,NO,Student,Other Household Member,ZIWANI POLICE,MJINI,PUBLIC,UNGUJA,MIWANI,168929,150668,399252.02,16.33,30.84,24.21,82.96,97.8,Matangatuani,True
KATI,2022,2,9,20,21.78,-6.16,39.36,Male,15-29 yrs,NO,Business,Other Household Member,ZIWANI POLICE,MJINI,PUBLIC,UNGUJA,KIKUNGWI,169236,150729,345531.78,7.82,30.13,24.08,81.07,97.8,Zanzibar Airport,True
KATI,2022,2,10,27,26.12,-6.09,39.33,Male,5-14 yrs,NO,Student,Other Household Member,ZIWANI POLICE,MJINI,PUBLIC,UNGUJA,JUMBI,169548,150852,300820.4,39.24,29.08,22.91,79.08,97.8,VICTORIA GARDEN,False
KATI,2022,3,10,2,20.84,-6.08,39.38,Female,15-29 yrs,NO,Other,Index Case,SAFI MEDICAL DISPENSARY,MJINI,PRIVATE,UNGUJA,NDIJANI MSEWENI,169644,150866,376173.52,16.19,31.07,24.54,87.04,97.8,VICTORIA GARDEN,False
KATI,2022,3,11,7,21.17,-6.12,39.31,Female,5-14 yrs,NO,Student,Index Case,TUNGUU PHCU,MJINI,PUBLIC,UNGUJA,JUMBI,169916,150975,351094.97,8.94,30.81,24.29,80.79,97.8,Weni,True
KATI,2022,3,12,14,26.93,-6.15,39.35,Male,15-29 yrs,NO,Farmer,Index Case,UROA PHCU,MJINI,PUBLIC,UNGUJA,UROA,170354,151110,464801.12,22.15,30.16,24.32,81.87,97.8,Weni,True
KATI,2022,3,13,20,20.51,-6.15,39.35,Female,< 5 yrs,NO,Other,Index Case,MAKUNDUCHI DISTRICT HOSPITAL,MJINI,PUBLIC,UNGUJA,PETE,170647,151204,391930.45,15.98,30.32,24.02,81.79,97.8,Weni,True
KATI,2022,3,14,27,25.75,-6.13,39.31,Male,< 5 yrs,NO,Under school age (<6 years),Index Case,JUMBI DISPENSARY,MJINI,PRIVATE,UNGUJA,JUMBI,170922,151274,372291.23,8.36,29.77,23.58,78.83,97.8,VICTORIA GARDEN,False
KATI,2022,4,14,2,15.51,-6.16,39.3,Male,5-14 yrs,NO,Student,Other Household Member,ZIWANI POLICE,MJINI,PUBLIC,UNGUJA,JUMBI,171166,151236,356365.77,7.42,31.11,24.53,83.72,97.8,Weni,False
KATI,2022,4,15,4,23.47,-6.13,39.32,Male,15-29 yrs,NO,Student,Index Case,SUZA CHWAKA DISPENSARY,MJINI,PRIVATE,UNGUJA,CHWAKA,171339,151398,403983.53,18.95,30.55,24.34,81.65,97.8,Weni,True
KATI,2022,4,16,10,25.76,-6.15,39.32,Female,15-29 yrs,NO,Housewife,Other Household Member,ZIWANI POLICE,MJINI,PUBLIC,UNGUJA,UNGUJA UKUU KAEPWANI,171628,151429,361406.17,10.04,31.33,24.54,82.48,97.8,Makunduchi,True
KATI,2022,4,17,17,18.32,-6.14,39.33,Female,< 5 yrs,NO,Under school age (<6 years),Other Household Member,ZIWANI POLICE,MJINI,PUBLIC,UNGUJA,KIKUNGWI,171923,151616,364360.18,11.47,30.4,24.39,81.5,97.8,KIZIMBANI-Zanzibar,True
KATI,2022,4,18,24,21.89,-6.16,39.33,Male,5-14 yrs,NO,Student,Other Household Member,ZIWANI POLICE,MJINI,PUBLIC,UNGUJA,KIKUNGWI,172177,151616,419250.54,17.79,31.11,24.33,82.88,97.8,MKOKOTONI-Zanzibar,True
KATI,2022,5,19,1,26.77,-6.13,39.34,Male,15-29 yrs,NO,Farmer,Other Household Member,ZIWANI POLICE,MJINI,PUBLIC,UNGUJA,TUNGUU,172458,151707,398764.27,14.62,30.92,24.97,77.83,97.8,Zanzibar Airport,False
KATI,2022,5,20,8,26.35,-6.11,39.33,Male,5-14 yrs,NO,Student,Other Household Member,ZIWANI POLICE,MJINI,PUBLIC,UNGUJA,JENDELE,172661,151727,386227.74,24.5,30.69,24.06,83.22,97.8,VICTORIA GARDEN,True
KATI,2022,5,21,16,21.68,-6.15,39.35,Female,30-44 yrs,NO,Housewife,Index Case,GHANA PHCU,MJINI,PUBLIC,UNGUJA,GHANA,173033,151912,410284.62,11.92,30.69,24.18,81.54,97.8,Makunduchi,True
KATI,2022,5,22,22,22.03,-6.12,39.33,Male,< 5 yrs,NO,Other,Other Household Member,ZIWANI POLICE,MJINI,PUBLIC,UNGUJA,KOANI,173287,151949,363713.42,17.66,30.48,24.16,80.82,97.8,Mahonda,True
KATI,2022,5,23,30,22.07,-6.16,39.35,Male,15-29 yrs,NO,Other,Index Case,ZIWANI POLICE,MJINI,PUBLIC,UNGUJA,JUMBI,173739,152132,418621.37,9.36,30.5,24.24,80.74,97.8,Karume airport Pemba,True
KATI,2022,6,23,1,19.53,-6.12,39.34,Female,5-14 yrs,NO,Student,Other Household Member,ZIWANI POLICE,MJINI,PUBLIC,UNGUJA,KIBOJE MKWAJUNI,173839,152146,374316.75,22.02,30.45,24.21,85.0,97.8,Weni,False
KATI,2022,6,24,5,25.82,-6.14,39.32,Male,< 5 yrs,NO,Under school age (<6 years),Other Household Member,ZIWANI POLICE,MJINI,PUBLIC,UNGUJA,JUMBI,174049,152125,349645.48,17.14,30.73,24.42,82.45,97.8,Karume airport Pemba,True
KATI,2022,6,25,12,22.66,-6.15,39.34,Female,15-29 yrs,NO,Other,Index Case,GHANA PHCU,MJINI,PUBLIC,UNGUJA,GHANA,174368,151951,420558.86,16.27,30.67,24.21,81.6,97.8,Weni,True
KATI,2022,6,26,19,22.36,-6.16,39.35,Female,30-44 yrs,NO,Business,Index Case,JUMBI DISPENSARY,MJINI,PRIVATE,UNGUJA,UNGUJA UKUU KAEPWANI,174734,152466,376223.94,16.29,30.22,24.32,78.99,97.8,Abdalla mzee-Mkoani,True
KATI,2022,6,27,26,21.26,-6.13,39.34,Male,< 5 yrs,NO,Under school age (<6 years),Other Household Member,ZIWANI POLICE,MJINI,PUBLIC,UNGUJA,KIJIBWEMTU,175040,152502,433492.24,16.55,30.67,23.96,80.74,97.8,Mahonda,True
KATI,2022,7,27,1,21.3,-6.07,39.31,Male,15-29 yrs,NO,Farmer,Other Household Member,ZIWANI POLICE,MJINI,PUBLIC,UNGUJA,MACHUI,175332,152631,346394.08,8.92,30.37,24.29,79.16,97.8,Makunduchi,False
KATI,2022,7,28,3,21.19,-6.12,39.32,Female,5-14 yrs,NO,Student,Index Case,SIHA,MJINI,PUBLIC,UNGUJA,TUNGUU,175386,2166,373935.08,21.59,30.67,24.16,83.17,97.8,Zanzibar Airport,True
KATI,2022,7,29,10,20.79,-6.15,39.32,Male,30-44 yrs,NO,Business,Index Case,SIHA,MJINI,PUBLIC,UNGUJA,JUMBI,175569,1073,363269.26,15.87,30.18,24.14,82.13,97.8,Matangatuani,True
KATI,2022,7,30,17,24.14,-6.16,39.35,Female,5-14 yrs,NO,Student,Other Household Member,ZIWANI POLICE,MJINI,PUBLIC,UNGUJA,UBAGO,175819,1126,398323.23,19.2,31.01,24.48,81.04,97.8,Makunduchi,False
KATI,2022,7,31,24,23.87,-6.13,39.32,Male,5-14 yrs,NO,Student,Other Household Member,ZIWANI POLICE,MJINI,PUBLIC,UNGUJA,JUMBI,176029,1173,419196.7,18.01,30.95,23.78,82.38,97.8,KIZIMBANI-Zanzibar,False
KATI,2022,7,32,31,30.0,-6.09,39.42,Male,30-44 yrs,NO,Business,Index Case,THUWAILA DISPENSARY,MJINI,PUBLIC,UNGUJA,UROA,176248,1251,248000.0,119.16,28.92,25.17,87.25,97.8,MKOKOTONI-Zanzibar,False
KATI,2022,8,32,1,31.21,-6.1,39.38,Female,30-44 yrs,NO,Business,Index Case,UBAGO JESHINI,MJINI,PUBLIC,UNGUJA,KIDIMNI,176302,2059,368912.28,18.18,29.92,23.63,81.61,97.8,Matangatuani,False
KATI,2022,8,33,9,23.18,-6.22,39.36,Female,< 5 yrs,NO,Under school age (<6 years),Index Case,UMBUJI PHCU,MJINI,PUBLIC,UNGUJA,UMBUJI,176455,1303,401345.15,12.96,30.64,24.2,81.46,97.8,VICTORIA GARDEN,True
KATI,2022,8,34,15,18.25,-6.13,39.35,Male,< 5 yrs,NO,Under school age (<6 years),Index Case,SIHA,MJINI,PUBLIC,UNGUJA,JUMBI,176647,1563,323547.87,19.4,30.34,23.89,81.2,97.8,Makunduchi,False
KATI,2022,8,35,23,21.89,-6.13,39.39,Male,30-44 yrs,NO,Other,Index Case,THUWAILA DISPENSARY,MJINI,PUBLIC,UNGUJA,JENDELE,176784,1407,437087.77,19.03,31.03,24.31,80.81,97.8,VICTORIA GARDEN,True
KATI,2022,8,36,28,21.38,-6.17,39.34,Male,5-14 yrs,NO,Under school age (<6 years),Index Case,JUMBI DISPENSARY,MJINI,PRIVATE,UNGUJA,JUMBI,176881,1428,516362.05,3.74,31.08,24.24,71.01,97.8,MKOKOTONI-Zanzibar,False
KATI,2022,9,36,1,24.67,-6.08,39.32,Female,15-29 yrs,NO,Housewife,Index Case,CHWAKA PHCU+,MJINI,PUBLIC,UNGUJA,CHWAKA,177033,1477,342682.36,31.3,30.07,24.39,82.97,97.8,Abdalla mzee-Mkoani,False
KATI,2022,9,37,4,22.4,-6.17,39.32,Female,< 5 yrs,NO,Under school age (<6 years),Other Household Member,ZIWANI POLICE,MJINI,PUBLIC,UNGUJA,CHWAKA,177079,1477,358864.36,9.31,30.23,24.02,82.45,97.8,Matangatuani,True
KATI,2022,9,38,11,24.66,-6.15,39.35,Male,15-29 yrs,NO,Other,Index Case,JUMBI DISPENSARY,MJINI,PRIVATE,UNGUJA,PONGWE,177214,1494,495613.19,15.39,30.6,24.46,81.3,97.8,Karume airport Pemba,True
KATI,2022,9,39,19,10.95,-6.14,39.32,Female,< 5 yrs,NO,Under school age (<6 years),Other Household Member,ZIWANI POLICE,MJINI,PUBLIC,UNGUJA,CHEJU ZAWIANI,177389,1587,456846.87,15.99,31.03,24.48,76.12,97.8,Zanzibar Airport,False
KATI,2022,9,40,26,22.33,-6.12,39.33,Male,30-44 yrs,NO,Business,Index Case,MWERA PONGWE,MJINI,PUBLIC,UNGUJA,JUMBI,177551,1670,364969.95,12.08,31.26,24.55,74.15,97.8,VICTORIA GARDEN,False
KATI,2022,10,40,1,13.5,-6.13,39.32,Female,< 5 yrs,NO,Under school age (<6 years),Index Case,CITY HEALTH CLINIC,MJINI,PUBLIC,UNGUJA,KOANI,177674,1684,401678.2,19.85,31.03,25.01,77.92,97.8,Zanzibar Airport,False
KATI,2022,10,41,2,25.62,-6.14,39.31,Female,45+ yrs,NO,Housewife,Other Household Member,ZIWANI POLICE,MJINI,PUBLIC,UNGUJA,TUNGUU,177677,1662,304691.42,11.29,30.09,24.2,80.83,97.8,Karume airport Pemba,False
KATI,2022,10,42,10,16.63,-6.26,39.35,Male,< 5 yrs,NO,Under school age (<6 years),Index Case,UZI PHCU,MJINI,PUBLIC,UNGUJA,UZI,177817,1743,443239.06,13.58,29.81,23.91,81.62,97.8,Matangatuani,False
KATI,2022,10,43,16,17.26,-6.21,39.38,Female,15-29 yrs,NO,Farmer,Other Household Member,ZIWANI POLICE,MJINI,PUBLIC,UNGUJA,JENDELE,177915,1744,325597.31,5.77,30.5,24.37,81.63,97.8,Makunduchi,False
KATI,2022,10,44,23,26.97,-6.13,39.34,Male,30-44 yrs,NO,Business,Other Household Member,ZIWANI POLICE,MJINI,PUBLIC,UNGUJA,TUNGUU,178066,1782,352546.23,5.04,30.48,24.38,81.97,97.8,Weni,False
KATI,2022,10,45,31,28.58,-6.14,39.34,Male,5-14 yrs,NO,Under school age (<6 years),Index Case,SIHA,MJINI,PUBLIC,UNGUJA,TUNGUU,178185,1851,243984.0,38.38,31.07,25.14,79.54,97.8,MKOKOTONI-Zanzibar,False
KATI,2022,11,45,2,17.0,-6.06,39.31,Female,5-14 yrs,NO,Under school age (<6 years),Index Case,MIWANI PHCU,MJINI,PUBLIC,UNGUJA,MIWANI,178205,1861,550319.0,3.56,32.56,25.68,78.92,97.8,Zanzibar Airport,False
KATI,2022,11,46,7,26.84,-6.12,39.36,Female,15-29 yrs,NO,Other,Index Case,PONGWE PHCU,MJINI,PUBLIC,UNGUJA,PONGWE,178274,1846,440917.45,22.19,30.67,24.28,82.0,97.8,Matangatuani,True
KATI,2022,11,47,14,22.66,-6.13,39.37,Female,< 5 yrs,NO,Under school age (<6 years),Other Household Member,ZIWANI POLICE,MJINI,PUBLIC,UNGUJA,MIWANI,178423,1918,445016.8,11.14,30.43,24.24,78.45,97.8,Zanzibar Airport,False
KATI,2022,11,48,21,22.49,-6.12,39.34,Female,5-14 yrs,NO,Other,Index case,SIHA,KATI,PUBLIC,UNGUJA,JUMBI,NotInvest,1992,358497.1,13.91,30.34,23.9,81.31,97.8,KIZIMBANI-Zanzibar,True
KATI,2022,11,49,28,14.4,-6.13,39.35,Male,15-29 yrs,NO,Farmer,Other Household Member,ZIWANI POLICE,MJINI,PUBLIC,UNGUJA,CHWAKA,178702,1998,391629.57,13.29,30.01,23.35,81.47,97.8,Zanzibar Airport,False
KATI,2022,12,49,1,23.48,-6.1,39.31,Female,30-44 yrs,NO,Housewife,Other Household Member,ZIWANI POLICE,MJINI,PUBLIC,UNGUJA,GHANA,178737,2010,356894.08,16.13,30.45,24.25,80.73,97.8,KIZIMBANI-Zanzibar,False
KATI,2022,12,50,5,20.14,-6.09,39.29,Female,30-44 yrs,NO,Farmer,Index Case,UZINI PHCU+,MJINI,PUBLIC,UNGUJA,UZINI,178849,2075,383840.83,14.32,30.55,23.78,78.87,97.8,Matangatuani,True
KATI,2022,12,51,11,19.11,-6.12,39.34,Male,30-44 yrs,NO,Farmer,Other Household Member,ZIWANI POLICE,MJINI,PUBLIC,UNGUJA,TUNGUU,178936,2009,396127.34,19.71,30.85,24.02,80.72,97.8,Makunduchi,True
KATI,2022,12,52,18,18.5,-6.15,39.33,Male,5-14 yrs,NO,Student,Index Case,SIHA,MJINI,PUBLIC,UNGUJA,JUMBI,179131,2173,392295.21,18.52,30.59,24.33,82.79,97.8,KIZIMBANI-Zanzibar,True
KATI,2022,12,53,25,21.0,-6.13,39.34,Female,30-44 yrs,NO,Farmer,Other Household Member,ZIWANI POLICE,MJINI,PUBLIC,UNGUJA,CHEJU HANYEGWA MCHANA,179357,2206,363957.91,12.79,30.43,24.12,79.12,97.8,Weni,True
KATI,2023,1,1,1,17.95,-6.13,39.32,Female,30-44 yrs,NO,Other,Index Case,JUMBI DISPENSARY,MJINI,PRIVATE,UNGUJA,TUNGUU,179573,2320,434295.66,15.67,30.36,24.08,80.49,94.0,Makunduchi,True
KATI,2023,1,2,8,18.7,-6.13,39.31,Female,15-29 yrs,NO,Other,Other Household Member,ZIWANI POLICE,MJINI,PUBLIC,UNGUJA,TUNGUU,179917,2320,357335.34,12.13,30.7,24.22,80.8,94.0,Matangatuani,True
KATI,2023,1,3,15,21.75,-6.15,39.32,Male,15-29 yrs,NO,Farmer,Other Household Member,ZIWANI POLICE,MJINI,PUBLIC,UNGUJA,CHEJU ZAWIANI,180373,2471,366235.96,16.21,30.64,24.5,80.83,94.0,Mahonda,True
KATI,2023,1,4,22,22.59,-6.11,39.32,Male,15-29 yrs,NO,Farmer,Other Household Member,ZIWANI POLICE,MJINI,PUBLIC,UNGUJA,JENDELE,180850,2684,366059.9,12.43,30.75,24.7,78.9,94.0,Mahonda,True
KATI,2023,1,5,29,18.3,-6.17,39.32,Female,< 5 yrs,NO,Other,Other Household Member,ZIWANI POLICE,MJINI,PUBLIC,UNGUJA,NDIJANI MSEWENI,181319,2780,445203.85,21.88,30.6,24.48,83.3,94.0,Weni,True
KATI,2023,2,5,1,22.94,-6.13,39.32,Female,45+ yrs,NO,Housewife,Other Household Member,ZIWANI POLICE,MJINI,PUBLIC,UNGUJA,KIDIMNI,181503,2882,376982.12,15.97,30.59,24.11,80.44,94.0,KIZIMBANI-Zanzibar,False
KATI,2023,2,6,5,22.84,-6.12,39.31,Female,45+ yrs,NO,Unemployed,Other Household Member,ZIWANI POLICE,MJINI,PUBLIC,UNGUJA,MIWANI,181680,2923,370743.18,11.98,30.39,24.03,81.11,94.0,Makunduchi,True
KATI,2023,2,7,12,21.52,-6.14,39.3,Male,15-29 yrs,NO,Other,Index Case,KIDIMNI PHCU,MJINI,PUBLIC,UNGUJA,UBAGO,182112,3026,431235.88,20.22,30.32,24.29,81.27,94.0,Matangatuani,True
KATI,2023,2,8,19,21.02,-6.16,39.31,Male,15-29 yrs,YES,Business,Index Case,KIDIMNI DISPENSARY,MJINI,PRIVATE,UNGUJA,KOANI,182472,3202,390347.02,13.37,30.72,24.58,81.99,94.0,Karume airport Pemba,True
KATI,2023,2,9,26,20.25,-6.13,39.34,Male,15-29 yrs,NO,Business,Other Household Member,ZIWANI POLICE,MJINI,PUBLIC,UNGUJA,JUMBI,182807,3260,639971.1,24.32,30.3,24.54,82.8,94.0,Mahonda,False
KATI,2023,3,9,1,28.0,-6.19,39.31,Female,15-29 yrs,YES,Farmer,Index Case,MWERA PONGWE,MJINI,PUBLIC,UNGUJA,JUMBI,182958,3372,496217.39,11.41,30.51,23.77,80.49,94.0,Zanzibar Airport,False
KATI,2023,3,10,5,23.09,-6.22,39.33,Female,15-29 yrs,YES,Farmer,Index Case,UNGUJA UKUU KMKM,MJINI,PUBLIC,UNGUJA,BUNGI,183116,3424,345633.08,10.74,30.99,24.42,81.6,94.0,MKOKOTONI-Zanzibar,True
KATI,2023,3,11,12,19.57,-6.19,39.34,Male,15-29 yrs,NO,Business,Other Household Member,ZIWANI POLICE,MJINI,PUBLIC,UNGUJA,JUMBI,183343,3468,423346.64,20.32,30.62,24.03,81.0,94.0,Makunduchi,True
KATI,2023,3,12,19,24.89,-6.09,39.36,Male,45+ yrs,YES,Other,Index Case,JUMBI DISPENSARY,MJINI,PRIVATE,UNGUJA,JUMBI,183522,3569,490554.81,14.59,30.38,24.12,80.65,94.0,Makunduchi,True
KATI,2023,3,13,26,21.13,-6.16,39.34,Male,15-29 yrs,NO,Farmer,Other Household Member,ZIWANI POLICE,MJINI,PUBLIC,UNGUJA,JUMBI,183714,3621,379630.96,20.76,30.32,24.19,79.58,94.0,Matangatuani,False
KATI,2023,4,13,1,28.12,-6.09,39.36,Female,< 5 yrs,NO,Under school age (<6 years),Other Household Member,ZIWANI POLICE,MJINI,PUBLIC,UNGUJA,BAMBI,184081,3727,332442.85,29.54,30.94,24.61,85.83,94.0,Karume airport Pemba,False
KATI,2023,4,14,3,9.83,-6.12,39.29,Female,15-29 yrs,YES,Housewife,Index Case,MACHUI PHCU,MJINI,PUBLIC,UNGUJA,KOANI,184112,3735,395728.07,41.32,30.58,24.29,83.18,94.0,Weni,False
KATI,2023,4,15,11,21.93,-6.26,39.36,Female,5-14 yrs,YES,Student,Index Case,JUMBI DISPENSARY,MJINI,PRIVATE,UNGUJA,BUNGI,184223,3772,381840.21,15.51,30.27,24.37,82.2,94.0,Abdalla mzee-Mkoani,False
KATI,2023,4,16,17,23.33,-6.08,39.34,Male,30-44 yrs,YES,Farmer,Index Case,UZINI PHCU+,MJINI,PUBLIC,UNGUJA,MGENI HAJI,184438,3850,423256.9,13.83,31.0,24.66,79.32,94.0,Abdalla mzee-Mkoani,True
KATI,2023,4,17,23,28.87,-6.14,39.36,Male,5-14 yrs,NO,Student,Other Household Member,ZIWANI POLICE,MJINI,PUBLIC,UNGUJA,CHEJU HANYEGWA MCHANA,184612,3898,378455.33,24.0,30.81,24.09,82.67,94.0,Abdalla mzee-Mkoani,False
KATI,2023,4,18,30,16.89,-6.1,39.32,Female,< 5 yrs,NO,Under school age (<6 years),Other Household Member,ZIWANI POLICE,MJINI,PUBLIC,UNGUJA,MIWANI,184864,4023,350904.31,7.78,30.78,24.4,79.77,94.0,Weni,False
KATI,2023,5,18,1,21.97,-6.16,39.33,Male,5-14 yrs,NO,Student,Other Household Member,ZIWANI POLICE,MJINI,PUBLIC,UNGUJA,BUNGI,184907,4054,391223.21,14.57,30.55,24.22,82.21,94.0,Karume airport Pemba,True
KATI,2023,5,19,7,22.75,-6.18,39.34,Male,30-44 yrs,NO,Farmer,Other Household Member,ZIWANI POLICE,MJINI,PUBLIC,UNGUJA,TINDINI,185275,4178,434642.35,22.04,30.56,24.13,80.19,94.0,MKOKOTONI-Zanzibar,True
KATI,2023,5,20,14,20.11,-6.2,39.34,Male,5-14 yrs,NO,Student,Other Household Member,ZIWANI POLICE,MJINI,PUBLIC,UNGUJA,UNGUJA UKUU KAEPWANI,185737,4319,418278.14,11.15,30.84,24.46,79.93,94.0,Makunduchi,True
KATI,2023,5,21,21,22.59,-6.18,39.35,Male,5-14 yrs,NO,Other,Index Case,TUNGUU PHCU,MJINI,PUBLIC,UNGUJA,TUNGUU,186294,4454,362011.43,18.15,30.52,24.4,80.85,94.0,Mahonda,True
KATI,2023,5,22,28,23.44,-6.18,39.34,Female,15-29 yrs,NO,Unemployed,Other Household Member,ZIWANI POLICE,MJINI,PUBLIC,UNGUJA,PONGWE,186971,4658,383295.66,12.39,30.69,24.46,81.41,94.0,Matangatuani,True
KATI,2023,6,22,1,19.11,-6.19,39.33,Female,15-29 yrs,NO,Housewife,Other Household Member,ZIWANI POLICE,MJINI,PUBLIC,UNGUJA,TUNGUU,187505,4785,479176.04,3.61,29.7,23.59,79.23,94.0,VICTORIA GARDEN,False
KATI,2023,6,23,4,26.12,-6.2,39.35,Female,< 5 yrs,NO,Under school age (<6 years),Index Case,KITOGANI DISTRICT HOSPITAL,MJINI,PUBLIC,UNGUJA,UZI,187748,4857,361552.89,14.92,30.6,24.33,81.79,94.0,Zanzibar Airport,True
KATI,2023,6,24,11,22.5,-6.19,39.33,Female,5-14 yrs,NO,Student,Index Case,MNAZI MMOJA HOSPITAL,MJINI,PUBLIC,UNGUJA,BINGUNI,188467,5080,371770.22,19.64,30.66,24.36,81.23,94.0,KIZIMBANI-Zanzibar,True
KATI,2023,6,25,18,21.41,-6.17,39.36,Female,5-14 yrs,NO,Student,Index Case,SAMIH MEDICAL CLINIC,MJINI,PRIVATE,UNGUJA,CHWAKA,189430,5450,394282.42,18.15,30.67,24.2,81.36,94.0,Mahonda,True
KATI,2023,6,26,25,23.59,-6.2,39.36,Male,45+ yrs,YES,Fisherman,Index Case,THUWAILA DISPENSARY,MJINI,PUBLIC,UNGUJA,CHWAKA,190515,5828,370222.24,13.31,30.61,24.27,82.79,94.0,KIZIMBANI-Zanzibar,True
KATI,2023,7,26,1,9.25,-6.04,39.35,Male,< 5 yrs,NO,Under school age (<6 years),Other Household Member,ZIWANI POLICE,MJINI,PUBLIC,UNGUJA,BAMBI,191050,5951,318253.6,4.84,30.27,23.91,84.28,94.0,Matangatuani,False
KATI,2023,7,27,2,22.01,-6.19,39.32,Female,15-29 yrs,NO,Housewife,Other Household Member,ZIWANI POLICE,MJINI,PUBLIC,UNGUJA,UBAGO,191119,5943,411059.1,10.2,30.72,24.28,81.72,94.0,KIZIMBANI-Zanzibar,True
KATI,2023,7,28,9,21.92,-6.19,39.35,Male,15-29 yrs,NO,Other,Other Household Member,ZIWANI POLICE,MJINI,PUBLIC,UNGUJA,JUMBI,191901,6136,413626.77,11.36,30.62,24.16,82.36,94.0,KIZIMBANI-Zanzibar,True
KATI,2023,7,29,16,24.03,-6.15,39.35,Female,15-29 yrs,NO,Farmer,Other Household Member,ZIWANI POLICE,MJINI,PUBLIC,UNGUJA,PETE,192800,6365,405829.06,15.92,30.9,24.51,82.04,94.0,Matangatuani,True
KATI,2023,7,30,23,22.95,-6.17,39.33,Male,5-14 yrs,NO,Student,Index Case,KIBWENI KMKM,MJINI,PUBLIC,UNGUJA,KIBOJE MWEMBE SHAURI,193700,6663,396415.34,15.71,30.47,24.25,81.68,94.0,Matangatuani,True
KATI,2023,7,31,30,16.8,-6.18,39.32,Female,< 5 yrs,NO,Under school age (<6 years),Index Case,KIBWENI KMKM,MJINI,PUBLIC,UNGUJA,GHANA,194676,6947,257731.73,12.13,30.65,24.32,80.58,94.0,Matangatuani,False
KATI,2023,8,31,1,25.85,-6.14,39.33,Male,30-44 yrs,NO,Farmer,Index Case,TUNGUU PHCU,MJINI,PUBLIC,UNGUJA,BUNGI,194872,7020,372480.99,15.06,30.52,24.25,82.55,94.0,Karume airport Pemba,True
KATI,2023,8,32,7,24.66,-6.2,39.35,Male,15-29 yrs,YES,Business,Index Case,MODERN DISPENSARY,MJINI,PRIVATE,UNGUJA,KIBOJE MWEMBE SHAURI,195685,7332,368244.3,16.76,30.22,24.18,81.62,94.0,Zanzibar Airport,True
KATI,2023,8,33,13,21.3,-6.11,39.33,Male,45+ yrs,NO,Farmer,Other Household Member,ZIWANI POLICE,MJINI,PUBLIC,UNGUJA,NDIJANI MSEWENI,196250,7379,400984.86,17.37,30.55,24.26,82.01,94.0,Abdalla mzee-Mkoani,True
KATI,2023,8,34,20,21.55,-6.17,39.34,Male,15-29 yrs,NO,Other,Index Case,BAMBI PHCU,MJINI,PUBLIC,UNGUJA,BAMBI,197035,7608,467426.02,19.39,30.27,24.16,82.42,94.0,VICTORIA GARDEN,True
KATI,2023,8,35,28,26.71,-6.15,39.35,Male,45+ yrs,YES,Farmer,Index Case,UKONGORONI PHCU,MJINI,PUBLIC,UNGUJA,UKONGORONI,197789,7917,353299.0,8.57,30.74,24.38,80.67,94.0,Mahonda,True
KATI,2023,9,35,1,21.93,-6.11,39.35,Male,5-14 yrs,NO,Under school age (<6 years),Other Household Member,ZIWANI POLICE,MJINI,PUBLIC,UNGUJA,KOANI,198248,8037,367442.02,13.52,30.99,24.64,78.59,94.0,Makunduchi,False
KATI,2023,9,36,4,20.0,-6.13,39.32,Female,30-44 yrs,NO,Housewife,Other Household Member,ZIWANI POLICE,MJINI,PUBLIC,UNGUJA,KOANI,198363,7513,373900.91,19.88,30.9,24.27,81.69,94.0,VICTORIA GARDEN,True
KATI,2023,9,37,11,23.93,-6.15,39.33,Male,< 5 yrs,NO,Under school age (<6 years),Index Case,BAMBI PHCU,MJINI,PUBLIC,UNGUJA,BAMBI,199240,8294,369607.43,13.94,30.64,24.28,82.37,94.0,VICTORIA GARDEN,True
KATI,2023,9,38,18,20.85,-6.17,39.33,Male,15-29 yrs,YES,Other,Index case,KITOGANI DISTRICT HOSPITAL,KUSINI,PUBLIC,UNGUJA,PETE,NotInvest,UNKNOWN_CASE,358460.03,27.9,30.49,24.47,79.43,94.0,Matangatuani,True
KATI,2023,9,39,24,29.89,-6.15,39.33,Female,15-29 yrs,NO,Housewife,Other Household Member,ZIWANI POLICE,MJINI,PUBLIC,UNGUJA,JUMBI,200273,8597,338488.44,21.15,30.54,24.08,84.42,94.0,Matangatuani,False
KATI,2023,10,40,2,19.76,-6.14,39.34,Female,30-44 yrs,NO,Housewife,Other Household Member,ZIWANI POLICE,MJINI,PUBLIC,UNGUJA,CHARAWE,200914,8800,386860.62,20.46,30.38,24.38,81.1,94.0,MKOKOTONI-Zanzibar,True
KATI,2023,10,41,8,23.57,-6.13,39.35,Female,15-29 yrs,NO,Housewife,Other Household Member,ZIWANI POLICE,MJINI,PUBLIC,UNGUJA,CHEJU HANYEGWA MCHANA,201360,8932,411844.48,21.47,30.63,24.37,82.22,94.0,Zanzibar Airport,True
KATI,2023,10,42,15,25.24,-6.11,39.34,Male,15-29 yrs,NO,Other,Index Case,UTAPOA DISPENSARY,MJINI,PRIVATE,UNGUJA,DUNGA KIEMBENI,202022,8972,333719.27,11.27,30.5,24.02,79.86,94.0,KIZIMBANI-Zanzibar,True
KATI,2023,10,43,22,24.02,-6.15,39.33,Female,30-44 yrs,NO,Housewife,Index Case,JUMBI DISPENSARY,MJINI,PRIVATE,UNGUJA,TUNGUU,202775,9307,396842.74,18.49,30.5,24.03,80.08,94.0,Karume airport Pemba,True
KATI,2023,10,44,29,26.59,-6.17,39.33,Male,45+ yrs,NO,Business,Index Case,SIHA,MJINI,PUBLIC,UNGUJA,JUMBI,203380,9495,321146.22,15.63,30.81,24.17,84.87,94.0,Weni,True
KATI,2023,11,44,2,21.5,-6.14,39.33,Male,30-44 yrs,NO,Watchman/Police,Index Case,JUMBI DISPENSARY,MJINI,PRIVATE,UNGUJA,TUNGUU,203731,9639,408038.26,15.13,31.5,24.36,83.68,94.0,Weni,False
KATI,2023,11,45,6,24.38,-6.12,39.33,Male,15-29 yrs,NO,Farmer,Index Case,UMBUJI PHCU,MJINI,PUBLIC,UNGUJA,MPAPA,204021,9770,363641.32,21.38,30.87,24.32,79.5,94.0,Weni,True
KATI,2023,11,46,12,22.58,-6.14,39.33,Male,15-29 yrs,NO,Business,Other Household Member,ZIWANI POLICE,MJINI,PUBLIC,UNGUJA,JUMBI,204787,9781,369245.36,15.78,30.6,24.4,79.32,94.0,Weni,True
KATI,2023,11,47,19,24.87,-6.15,39.33,Male,45+ yrs,YES,Unemployed,Index Case,JITIMAI DISTRICT HOSPITAL,MJINI,PUBLIC,UNGUJA,CHEJU ZAWIANI,205778,10902,430402.71,12.86,30.72,24.35,80.7,94.0,Weni,True
KATI,2023,11,48,26,24.18,-6.19,39.33,Female,15-29 yrs,NO,Student,Other Household Member,ZIWANI POLICE,MJINI,PUBLIC,UNGUJA,JUMBI,206814,11325,364983.69,18.27,30.51,24.14,81.22,94.0,MKOKOTONI-Zanzibar,True
KATI,2023,12,48,1,21.78,-6.08,39.33,Male,5-14 yrs,NO,Student,Index Case,UZINI PHCU+,MJINI,PUBLIC,UNGUJA,MITAKAWANI,207900,11855,526505.16,21.62,30.29,24.83,77.74,94.0,Makunduchi,False
KATI,2023,12,49,3,29.96,-6.16,39.33,Female,15-29 yrs,NO,Other,Index Case,MWERA PHCU+,MJINI,PUBLIC,UNGUJA,KOANI,208149,12065,377948.2,12.0,30.54,24.11,81.18,94.0,KIZIMBANI-Zanzibar,True
KATI,2023,12,50,10,23.27,-6.12,39.32,Male,30-44 yrs,YES,Other,Index case,MAKAO MAKUU JKU,MJINI,PUBLIC,UNGUJA,Jumbi,NotInvest,14269,400216.72,17.45,30.28,24.1,80.57,94.0,MKOKOTONI-Zanzibar,True
KATI,2023,12,51,17,23.95,-6.13,39.33,Male,15-29 yrs,NO,Farmer,Index Case,JUMBI DISPENSARY,MJINI,PRIVATE,UNGUJA,TUNGUU,211729,15096,384342.18,16.37,30.73,24.38,81.35,94.0,Weni,True
KATI,2023,12,52,24,25.01,-6.14,39.33,Male,15-29 yrs,NO,Other,Index case,UTAPOA DISPENSARY,MJINI,PUBLIC,UNGUJA,Tunguu,NotInvest,UNKNOWN_CASE,418479.51,14.92,30.75,24.26,81.53,94.0,MKOKOTONI-Zanzibar,True
KUSINI,2018,1,1,1,29.92,-6.03,39.35,Male,15-29 yrs,YES,Other,Index Case,JAMBIANI PHCU+,MJINI,PUBLIC,UNGUJA,JAMBIANI KIKADINI,70580,117503,178072.0,8.03,32.7,25.92,73.59,95.0,Makunduchi,True
KUSINI,2018,1,2,7,26.0,-6.11,39.38,Male,5-14 yrs,NO,Other,Index Case,MAKUNDUCHI DISTRICT HOSPITAL,MJINI,PUBLIC,UNGUJA,NGANANI,70963,117268,178072.0,1.23,32.54,25.58,73.69,95.0,Makunduchi,False
KUSINI,2018,1,3,14,16.8,-6.05,39.38,Female,15-29 yrs,NO,Other,Index Case,BWEJUU PHCU,MJINI,PUBLIC,UNGUJA,BWEJUU,71275,117111,178072.0,0.2,32.86,25.42,73.86,95.0,Makunduchi,False
KUSINI,2018,1,4,22,27.89,-6.21,39.41,Female,30-44 yrs,NO,Other,Index Case,Unknown,MJINI,PUBLIC,UNGUJA,KITOGANI,71691,117605,178072.0,0.0,32.41,24.79,73.63,95.0,Makunduchi,False
KUSINI,2018,1,5,28,26.3,-6.13,39.38,Female,5-14 yrs,YES,Other,Index Case,MAKUNDUCHI DISTRICT HOSPITAL,MJINI,PUBLIC,UNGUJA,MUYUNI B,71988,117760,178072.0,0.0,32.24,25.88,74.96,95.0,Makunduchi,False
KUSINI,2018,2,5,2,49.12,-6.36,39.45,Female,30-44 yrs,NO,Other,Other Household Member,ZIWANI POLICE,MJINI,PUBLIC,UNGUJA,MUYUNI B,72299,117760,178072.0,0.0,32.68,24.94,71.5,95.0,Makunduchi,False
KUSINI,2018,2,6,5,25.0,-6.04,39.35,Male,30-44 yrs,NO,Other,Other Household Member,ZIWANI POLICE,MJINI,PUBLIC,UNGUJA,BWEJUU,72377,117794,178072.0,0.0,32.07,25.11,72.79,95.0,Makunduchi,False
KUSINI,2018,2,7,12,20.5,-6.14,39.44,Male,30-44 yrs,NO,Other,Index Case,BWEJUU PHCU,MJINI,PUBLIC,UNGUJA,BWEJUU,72639,117976,178072.0,0.0,31.2,24.92,72.9,95.0,Makunduchi,False
KUSINI,2018,2,8,18,22.72,-6.06,39.41,Male,15-29 yrs,NO,Other,Index Case,BWEJUU PHCU,MJINI,PUBLIC,UNGUJA,DONGWE BWEJUU,72815,118065,178072.0,0.0,31.62,25.74,72.95,95.0,Makunduchi,False
KUSINI,2018,2,9,27,28.0,-5.98,39.34,Female,15-29 yrs,YES,Other,Index Case,MAKUNDUCHI DISTRICT HOSPITAL,MJINI,PUBLIC,UNGUJA,KAJENGWA,73032,118123,178072.0,0.0,32.18,25.4,74.95,95.0,Makunduchi,False
KUSINI,2018,3,9,2,21.5,-5.98,39.34,Female,5-14 yrs,YES,Other,Index Case,PAJE PHCU,MJINI,PUBLIC,UNGUJA,PAJE,73141,118145,178072.0,4.15,33.04,25.9,77.55,95.0,Makunduchi,False
KUSINI,2018,3,10,4,20.32,-6.11,39.39,Male,15-29 yrs,NO,Other,Index Case,MNAZI MMOJA HOSPITAL,MJINI,PUBLIC,UNGUJA,PAJE,73197,118173,178072.0,3.2,32.77,25.31,77.66,95.0,Makunduchi,False
KUSINI,2018,3,11,12,17.4,-6.1,39.37,Female,15-29 yrs,NO,Other,Index Case,MAKUNDUCHI DISTRICT HOSPITAL,MJINI,PUBLIC,UNGUJA,MUUNGONI,73384,118229,178072.0,0.81,32.36,25.31,76.81,95.0,Makunduchi,False
KUSINI,2018,3,13,26,21.44,-6.36,39.49,Female,30-44 yrs,NO,Other,Other Household Member,ZIWANI POLICE,MJINI,PUBLIC,UNGUJA,KIZIMKAZI MKUNGUNI,73752,118334,178072.0,9.19,33.77,25.12,76.67,95.0,Makunduchi,False
KUSINI,2018,4,14,6,21.0,-6.26,39.53,Female,15-29 yrs,YES,Other,Index Case,PAJE PHCU,MJINI,PUBLIC,UNGUJA,PAJE,74067,118433,178072.0,14.05,32.43,25.2,86.95,95.0,Makunduchi,False
KUSINI,2018,4,15,9,18.0,-6.17,39.47,Male,30-44 yrs,NO,Other,Other Household Member,ZIWANI POLICE,MJINI,PUBLIC,UNGUJA,PAJE,74121,118433,178072.0,12.75,30.57,24.89,86.57,95.0,Makunduchi,False
KUSINI,2018,4,16,19,24.86,-6.35,39.5,Male,30-44 yrs,NO,Other,Index Case,DONGE MCHANGANI PHCU,MJINI,PUBLIC,UNGUJA,TASANI,74716,118584,178072.0,38.71,30.93,24.66,86.63,95.0,Makunduchi,False
KUSINI,2018,4,17,23,22.43,-6.21,39.41,Male,5-14 yrs,NO,Other,Other Household Member,ZIWANI POLICE,MJINI,PUBLIC,UNGUJA,MUUNGONI,74943,118569,178072.0,25.66,31.32,24.94,86.47,95.0,Makunduchi,False
KUSINI,2018,5,18,3,34.0,-6.09,39.41,Female,45+ yrs,NO,Other,Index Case,MAKUNDUCHI DISTRICT HOSPITAL,MJINI,PUBLIC,UNGUJA,JAMBIANI KIBIGIJA,75479,118741,178072.0,61.31,30.03,24.07,83.97,95.0,Makunduchi,False
KUSINI,2018,5,19,7,19.84,-6.27,39.47,Male,5-14 yrs,NO,Other,Other Household Member,ZIWANI POLICE,MJINI,PUBLIC,UNGUJA,JAMBIANI KIBIGIJA,75658,118741,178072.0,38.58,29.29,24.64,83.13,95.0,Makunduchi,True
KUSINI,2018,5,20,14,24.3,-6.21,39.42,Female,< 5 yrs,NO,Other,Other Household Member,ZIWANI POLICE,MJINI,PUBLIC,UNGUJA,PAJE,76147,118883,178072.0,17.51,29.58,24.12,82.62,95.0,Makunduchi,True
KUSINI,2018,5,21,21,24.28,-6.28,39.42,Male,45+ yrs,NO,Other,Index Case,MUYUNI PHCU+,MJINI,PUBLIC,UNGUJA,MUYUNI B,76804,119092,178072.0,14.77,30.37,24.48,83.86,95.0,Makunduchi,False
KUSINI,2018,5,22,28,22.61,-6.34,39.41,Male,15-29 yrs,YES,Other,Index Case,KIZIMKAZI MKUNGUNI PHCU,MJINI,PUBLIC,UNGUJA,KIZIMKAZI MKUNGUNI,77335,119266,178072.0,16.55,30.12,24.49,83.05,95.0,Makunduchi,False
KUSINI,2018,6,23,4,28.8,-6.27,39.44,Male,30-44 yrs,NO,Other,Other Household Member,ZIWANI POLICE,MJINI,PUBLIC,UNGUJA,KAJENGWA,77652,118846,178072.0,1.76,30.14,24.8,73.84,95.0,Makunduchi,False
KUSINI,2018,6,24,11,24.67,-6.13,39.38,Male,< 5 yrs,NO,Other,Index Case,UTAPOA DISPENSARY,URBAN,PRIVATE,UNGUJA,KITOGANI,78333,119510,178072.0,1.74,30.57,24.36,73.42,95.0,Makunduchi,False
KUSINI,2018,6,25,18,24.56,-6.29,39.43,Male,< 5 yrs,NO,Other,Index Case,JAMBIANI PHCU+,SOUTH,PUBLIC,UNGUJA,JAMBIANI KIBIGIJA,78795,119631,178072.0,0.0,28.61,23.61,74.61,95.0,Makunduchi,False
KUSINI,2018,6,26,24,20.18,-6.19,39.43,Male,30-44 yrs,NO,Other,Index Case,MAKUNDUCHI DISTRICT HOSPITAL,MJINI,PUBLIC,UNGUJA,KIJINI,79214,119838,178072.0,0.0,29.29,23.66,73.6,95.0,Makunduchi,True
KUSINI,2018,7,27,2,20.6,-6.09,39.43,Male,< 5 yrs,NO,Other,Index Case,PAJE PHCU,SOUTH,PUBLIC,UNGUJA,PAJE,79821,120121,178072.0,12.58,30.18,23.82,71.47,95.0,Makunduchi,True
KUSINI,2018,7,28,9,20.25,-6.08,39.37,Male,15-29 yrs,NO,Other,Index Case,MUYUNI PHCU+,MJINI,PUBLIC,UNGUJA,MUYUNI A,80441,120329,178072.0,0.51,29.35,23.75,72.22,95.0,Makunduchi,True
KUSINI,2018,7,29,16,21.88,-6.16,39.4,Male,< 5 yrs,NO,Other,Index Case,Unknown,SOUTH,PUBLIC,UNGUJA,PAJE,80916,120540,178072.0,0.18,28.75,22.78,70.86,95.0,Makunduchi,True
KUSINI,2018,7,30,23,24.62,-6.04,39.35,Male,< 5 yrs,NO,Other,Index Case,Unknown,SOUTH,PUBLIC,UNGUJA,MICHAMVI,81369,120680,178072.0,0.17,28.18,23.55,70.89,95.0,Makunduchi,False
KUSINI,2018,7,31,31,31.0,-5.98,39.34,Male,< 5 yrs,NO,Other,Index Case,BWEJUU PHCU,SOUTH,PUBLIC,UNGUJA,DONGWE BWEJUU,81716,120849,178072.0,0.83,29.62,23.88,72.35,95.0,Makunduchi,False
KUSINI,2018,8,31,1,24.04,-6.2,39.42,Female,< 5 yrs,NO,Other,Index Case,MUYUNI PHCU+,MJINI,PUBLIC,UNGUJA,MUYUNI A,81814,120880,178072.0,0.0,30.21,23.35,73.89,95.0,Makunduchi,False
KUSINI,2018,8,32,6,22.0,-5.98,39.34,Male,< 5 yrs,NO,Other,Index Case,BWEJUU PHCU,SOUTH,PUBLIC,UNGUJA,BWEJUU,81975,120938,178072.0,0.0,29.25,23.3,73.59,95.0,Makunduchi,False
KUSINI,2018,8,33,12,18.85,-6.2,39.41,Male,< 5 yrs,NO,Other,Index Case,Unknown,SOUTH,PUBLIC,UNGUJA,PAJE,82218,121052,178072.0,0.0,28.92,22.96,74.03,95.0,Makunduchi,False
KUSINI,2018,8,34,20,18.83,-6.01,39.32,Male,< 5 yrs,NO,Other,Index Case,BWEJUU PHCU,SOUTH,PUBLIC,UNGUJA,PAJE,82760,121193,178072.0,0.0,29.55,23.57,75.08,95.0,Makunduchi,False
KUSINI,2018,8,35,28,18.33,-6.05,39.37,Female,15-29 yrs,NO,Other,Other Household Member,ZIWANI POLICE,MJINI,PUBLIC,UNGUJA,MUYUNI C,83084,121287,178072.0,1.7,28.7,22.57,74.78,95.0,Makunduchi,False
KUSINI,2018,9,36,3,18.73,-5.93,39.34,Male,< 5 yrs,NO,Other,Index Case,BWEJUU PHCU,SOUTH,PUBLIC,UNGUJA,DONGWE BWEJUU,83270,121387,178072.0,1.52,28.49,22.63,67.41,95.0,Makunduchi,False
KUSINI,2018,9,37,10,22.67,-6.13,39.38,Male,< 5 yrs,NO,Other,Index Case,MAKUNDUCHI DISTRICT HOSPITAL,SOUTH,PUBLIC,UNGUJA,MZURI,83485,121457,178072.0,0.0,29.71,22.85,67.88,95.0,Makunduchi,False
KUSINI,2018,9,38,16,20.09,-6.23,39.46,Male,15-29 yrs,NO,Other,Index Case,MAKUNDUCHI DISTRICT HOSPITAL,MJINI,PUBLIC,UNGUJA,KIZIMKAZI MKUNGUNI,83698,121534,178072.0,2.81,29.8,22.67,68.68,95.0,Makunduchi,True
KUSINI,2018,9,39,24,22.82,-6.16,39.42,Female,5-14 yrs,NO,Other,Other Household Member,ZIWANI POLICE,MJINI,PUBLIC,UNGUJA,KIONGONI,83900,121606,178072.0,0.82,29.84,23.33,67.87,95.0,Makunduchi,True
KUSINI,2018,10,40,1,22.0,-5.98,39.34,Male,< 5 yrs,NO,Other,Index Case,KIZIMKAZI MKUNGUNI PHCU,SOUTH,PUBLIC,UNGUJA,KIZIMKAZI MKUNGUNI,84156,121729,178072.0,0.0,29.95,24.42,73.95,95.0,Makunduchi,False
KUSINI,2018,10,41,8,22.75,-5.9,39.34,Male,30-44 yrs,YES,Other,Index Case,MAWIMBINI DISPENSARY,MJINI,PRIVATE,UNGUJA,KIJINI,84341,121814,178072.0,0.0,29.38,23.75,73.61,95.0,Makunduchi,False
KUSINI,2018,10,42,15,25.25,-6.05,39.39,Male,< 5 yrs,NO,Other,Index Case,BWEJUU PHCU,SOUTH,PUBLIC,UNGUJA,BWEJUU,84534,121890,178072.0,0.0,29.36,23.44,74.25,95.0,Makunduchi,False
KUSINI,2018,10,43,24,22.0,-5.98,39.34,Male,< 5 yrs,NO,Other,Index Case,MAKUNDUCHI DISTRICT HOSPITAL,SOUTH,PUBLIC,UNGUJA,MZURI,84773,121938,178072.0,0.0,28.98,23.03,73.85,95.0,Makunduchi,False
KUSINI,2018,10,44,30,22.0,-5.98,39.34,Male,< 5 yrs,NO,Other,Index Case,KIZIMKAZI MKUNGUNI PHCU,SOUTH,PUBLIC,UNGUJA,KIZIMKAZI MKUNGUNI,84950,122016,178072.0,7.78,30.93,22.65,73.35,95.0,Makunduchi,False
KUSINI,2018,11,45,5,20.72,-5.98,39.34,Male,< 5 yrs,NO,Other,Index Case,BWEJUU PHCU,SOUTH,PUBLIC,UNGUJA,BWEJUU,85152,122069,178072.0,0.0,31.86,24.31,75.88,95.0,Makunduchi,False
KUSINI,2018,11,46,12,22.5,-5.98,39.34,Male,< 5 yrs,NO,Other,Index Case,BWEJUU PHCU,SOUTH,PUBLIC,UNGUJA,DONGWE BWEJUU,85400,122139,178072.0,0.0,30.93,24.06,77.64,95.0,Makunduchi,False
KUSINI,2018,11,47,19,24.0,-5.98,39.34,Male,30-44 yrs,NO,Other,Index Case,JAMBIANI PHCU+,MJINI,PUBLIC,UNGUJA,JAMBIANI KIKADINI,85584,122217,178072.0,4.62,31.98,24.56,74.2,95.0,Makunduchi,False
KUSINI,2018,11,48,26,29.0,-6.21,39.4,Male,15-29 yrs,NO,Other,Index Case,BWEJUU PHCU,MJINI,PUBLIC,UNGUJA,PAJE,85801,122281,178072.0,4.87,31.1,25.17,75.62,95.0,Makunduchi,False
KUSINI,2018,12,50,12,34.0,-5.98,39.34,Female,30-44 yrs,NO,Other,Index Case,KIZIMKAZI MKUNGUNI PHCU,MJINI,PUBLIC,UNGUJA,KIZIMKAZI MKUNGUNI,86316,120034,178072.0,5.43,31.89,25.44,75.15,95.0,Makunduchi,False
KUSINI,2018,12,51,16,22.75,-6.02,39.38,Male,15-29 yrs,NO,Other,Index Case,PAJE PHCU,MJINI,PUBLIC,UNGUJA,BWEJUU,86546,122479,178072.0,4.85,31.84,25.53,76.34,95.0,Makunduchi,False
KUSINI,2018,12,52,23,15.5,-5.89,39.32,Female,5-14 yrs,NO,Other,Other Household Member,ZIWANI POLICE,MJINI,PUBLIC,UNGUJA,KIJINI,86820,122491,178072.0,3.21,31.27,24.86,76.45,95.0,Makunduchi,False
KUSINI,2019,1,1,4,87.0,-5.98,39.34,Male,45+ yrs,NO,Other,Index Case,Unknown,MJINI,PUBLIC,UNGUJA,KITOGANI,87440,122686,222374.0,5.56,33.06,26.62,68.65,95.2,Makunduchi,False
KUSINI,2019,1,2,7,33.37,-6.07,39.39,Male,30-44 yrs,NO,Other,Index Case,PAJE PHCU,MJINI,PUBLIC,UNGUJA,PAJE,87723,129794,222374.0,3.17,32.8,25.63,69.33,95.2,Makunduchi,True
KUSINI,2019,1,3,14,31.38,-6.0,39.34,Male,30-44 yrs,NO,Other,Other Household Member,ZIWANI POLICE,MJINI,PUBLIC,UNGUJA,BWEJUU,88253,122836,222374.0,0.0,32.62,25.5,68.75,95.2,Makunduchi,False
KUSINI,2019,1,4,21,24.27,-6.02,39.36,Female,5-14 yrs,NO,Other,Index Case,BWEJUU PHCU,MJINI,PUBLIC,UNGUJA,DONGWE BWEJUU,88808,123108,222374.0,0.0,32.14,24.8,69.71,95.2,Makunduchi,False
KUSINI,2019,1,5,27,27.69,-6.0,39.34,Female,5-14 yrs,NO,Other,Other Household Member,ZIWANI POLICE,MJINI,PUBLIC,UNGUJA,BWEJUU,89142,123109,222374.0,0.0,32.9,25.81,69.07,95.2,Makunduchi,False
KUSINI,2019,2,6,4,21.5,-6.26,39.45,Male,15-29 yrs,NO,Other,Index Case,BWEJUU PHCU,MJINI,PUBLIC,UNGUJA,BWEJUU,89562,123262,222374.0,0.0,32.1,25.16,67.6,95.2,Makunduchi,False
KUSINI,2019,2,8,17,27.8,-5.98,39.34,Male,15-29 yrs,NO,Other,Index Case,MAKUNDUCHI DISTRICT HOSPITAL,MJINI,PUBLIC,UNGUJA,MUYUNI B,90079,123407,222374.0,0.0,31.7,24.91,67.97,95.2,Makunduchi,False
KUSINI,2019,2,9,25,31.0,-6.11,39.43,Female,15-29 yrs,NO,Other,Index Case,BWEJUU PHCU,MJINI,PUBLIC,UNGUJA,BWEJUU,90431,123488,222374.0,24.76,32.62,24.82,67.78,95.2,Makunduchi,False
KUSINI,2019,3,9,1,35.0,-5.98,39.34,Male,15-29 yrs,NO,Other,Index Case,MAKUNDUCHI DISTRICT HOSPITAL,MJINI,PUBLIC,UNGUJA,KIJINI,90562,123519,222374.0,10.68,33.11,25.35,70.75,95.2,Makunduchi,False
KUSINI,2019,3,10,4,29.33,-6.25,39.48,Male,30-44 yrs,NO,Other,Other Household Member,ZIWANI POLICE,MJINI,PUBLIC,UNGUJA,BWEJUU,90602,123459,222374.0,10.84,33.28,24.88,71.2,95.2,Makunduchi,False
KUSINI,2019,3,11,11,21.8,-6.26,39.53,Male,15-29 yrs,YES,Other,Index Case,MAKUNDUCHI DISTRICT HOSPITAL,MJINI,PUBLIC,UNGUJA,KAJENGWA,90891,123578,222374.0,0.0,33.73,25.47,73.2,95.2,Makunduchi,False
KUSINI,2019,3,12,19,41.5,-6.15,39.44,Male,15-29 yrs,NO,Other,Index Case,JAMBIANI PHCU+,MJINI,PUBLIC,UNGUJA,JAMBIANI KIBIGIJA,91195,123654,222374.0,0.0,33.45,24.72,74.03,95.2,Makunduchi,False
KUSINI,2019,3,13,25,34.0,-6.06,39.39,Male,30-44 yrs,NO,Other,Other Household Member,ZIWANI POLICE,MJINI,PUBLIC,UNGUJA,JAMBIANI KIBIGIJA,91370,123654,222374.0,11.48,33.63,26.22,72.57,95.2,Makunduchi,False
KUSINI,2019,4,14,4,30.5,-6.21,39.4,Male,15-29 yrs,YES,Other,Index Case,KIZIMKAZI MKUNGUNI PHCU,MJINI,PUBLIC,UNGUJA,KIZIMKAZI MKUNGUNI,91777,123760,222374.0,75.72,32.21,25.03,86.5,95.2,Makunduchi,False
KUSINI,2019,4,15,8,24.33,-5.98,39.34,Female,45+ yrs,NO,Other,Other Household Member,ZIWANI POLICE,MJINI,PUBLIC,UNGUJA,BWEJUU,91872,123768,222374.0,80.21,31.34,24.73,87.65,95.2,Makunduchi,False
KUSINI,2019,4,16,17,22.0,-6.28,39.53,Male,15-29 yrs,YES,Other,Index Case,BWEJUU PHCU,MJINI,PUBLIC,UNGUJA,DONGWE BWEJUU,92148,123851,222374.0,0.0,32.03,24.98,85.82,95.2,Makunduchi,False
KUSINI,2019,4,17,24,30.0,-5.98,39.34,Male,30-44 yrs,NO,Other,Index Case,MUYUNI PHCU+,MJINI,PUBLIC,UNGUJA,MUYUNI B,92343,123912,222374.0,12.23,30.52,25.13,87.92,95.2,Makunduchi,False
KUSINI,2019,4,18,29,26.6,-5.98,39.34,Male,15-29 yrs,NO,Other,Other Household Member,ZIWANI POLICE,MJINI,PUBLIC,UNGUJA,MICHAMVI,92452,123940,222374.0,28.58,32.2,24.5,87.85,95.2,Makunduchi,False
KUSINI,2019,5,18,2,23.67,-6.22,39.46,Male,5-14 yrs,NO,Other,Index Case,Unknown,MJINI,PUBLIC,UNGUJA,KITOGANI,92550,123968,222374.0,102.22,31.32,24.83,85.02,95.2,Makunduchi,False
KUSINI,2019,5,19,5,32.0,-6.12,39.44,Male,15-29 yrs,NO,Other,Index Case,MAKUNDUCHI DISTRICT HOSPITAL,MJINI,PUBLIC,UNGUJA,JAMBIANI KIKADINI,92671,124017,222374.0,121.03,30.42,24.77,87.08,95.2,Makunduchi,False
KUSINI,2019,5,20,13,25.75,-6.11,39.43,Female,15-29 yrs,NO,Other,Index Case,MAKUNDUCHI DISTRICT HOSPITAL,MJINI,PUBLIC,UNGUJA,PAJE,93101,124107,222374.0,96.18,28.97,25.28,87.11,95.2,Makunduchi,False
KUSINI,2019,5,21,20,24.1,-6.25,39.52,Female,15-29 yrs,NO,Other,Index Case,BWEJUU PHCU,MJINI,PUBLIC,UNGUJA,PAJE,93518,124219,222374.0,26.48,30.0,24.66,86.7,95.2,Makunduchi,False
KUSINI,2019,5,22,27,27.32,-6.25,39.41,Male,15-29 yrs,NO,Other,Other Household Member,ZIWANI POLICE,MJINI,PUBLIC,UNGUJA,MUYUNI B,93993,124214,222374.0,82.34,29.45,24.76,85.71,95.2,Makunduchi,False
KUSINI,2019,6,23,3,25.88,-6.26,39.41,Male,15-29 yrs,NO,Other,Index Case,MAKUNDUCHI DISTRICT HOSPITAL,MJINI,PUBLIC,UNGUJA,MUUNGONI,94415,124414,222374.0,0.0,29.74,24.06,71.56,95.2,Makunduchi,False
KUSINI,2019,6,24,10,24.92,-6.25,39.44,Male,30-44 yrs,NO,Other,Index Case,MAKUNDUCHI DISTRICT HOSPITAL,MJINI,PUBLIC,UNGUJA,MUYUNI C,94690,124503,222374.0,0.0,29.48,24.15,72.33,95.2,Makunduchi,True
KUSINI,2019,6,25,17,25.17,-6.3,39.44,Female,15-29 yrs,NO,Other,Index Case,KIZIMKAZI MKUNGUNI PHCU,MJINI,PUBLIC,UNGUJA,KIZIMKAZI MKUNGUNI,95224,124685,222374.0,0.0,29.97,23.65,72.67,95.2,Makunduchi,True
KUSINI,2019,6,26,24,23.96,-6.37,39.48,Male,15-29 yrs,NO,Other,Other Household Member,ZIWANI POLICE,MJINI,PUBLIC,UNGUJA,KITOGANI,95732,124753,222374.0,0.0,29.03,24.47,71.88,95.2,Makunduchi,False
KUSINI,2019,7,27,1,30.08,-6.12,39.44,Male,< 5 yrs,NO,Other,Index Case,KIZIMKAZI MKUNGUNI PHCU,SOUTH,PUBLIC,UNGUJA,KIZIMKAZI MKUNGUNI,96312,125027,222374.0,0.0,30.68,23.5,68.95,95.2,Makunduchi,True
KUSINI,2019,7,28,8,31.12,-6.27,39.52,Female,5-14 yrs,NO,Other,Index Case,MAKUNDUCHI DISTRICT HOSPITAL,MJINI,PUBLIC,UNGUJA,PAJE,96953,125307,222374.0,1.55,30.06,24.15,69.01,95.2,Makunduchi,True
KUSINI,2019,7,29,15,31.81,-6.25,39.51,Male,15-29 yrs,NO,Other,Index Case,KIZIMKAZI DIMBANI PHCU,MJINI,PUBLIC,UNGUJA,KIZIMKAZI DIMBANI,97484,125528,222374.0,2.16,29.5,22.9,69.15,95.2,Makunduchi,True
KUSINI,2019,7,30,22,26.17,-6.34,39.51,Male,30-44 yrs,YES,Business,Index Case,MICHAMVI PHCU,MJINI,PUBLIC,UNGUJA,MICHAMVI,98255,125722,222374.0,1.3,29.81,22.66,68.71,95.2,Makunduchi,False
KUSINI,2019,7,31,29,23.57,-6.25,39.52,Female,15-29 yrs,NO,Business,Other Household Member,ZIWANI POLICE,MJINI,PUBLIC,UNGUJA,MICHAMVI,98891,125837,222374.0,0.0,28.23,22.63,68.86,95.2,Makunduchi,False
KUSINI,2019,8,31,1,22.9,-6.3,39.5,Male,30-44 yrs,NO,Fisherman,Other Household Member,ZIWANI POLICE,MJINI,PUBLIC,UNGUJA,MICHAMVI,99191,125963,222374.0,7.74,30.2,22.0,73.36,95.2,Makunduchi,False
KUSINI,2019,8,32,7,17.17,-6.25,39.53,Female,5-14 yrs,NO,Student,Other Household Member,ZIWANI POLICE,MJINI,PUBLIC,UNGUJA,DONGWE BWEJUU,99525,126048,222374.0,2.07,29.52,22.83,73.09,95.2,Makunduchi,False
KUSINI,2019,8,33,14,21.75,-6.38,39.48,Male,15-29 yrs,YES,Watchman/Police,Index Case,Unknown,MJINI,PUBLIC,UNGUJA,JAMBIANI KIBIGIJA,99862,126182,222374.0,0.0,28.88,24.35,73.19,95.2,Makunduchi,False
KUSINI,2019,8,34,19,22.9,-6.2,39.46,Male,5-14 yrs,YES,Student,Index Case,BWEJUU PHCU,MJINI,PUBLIC,UNGUJA,BWEJUU,100202,126259,222374.0,0.0,29.65,23.18,73.32,95.2,Makunduchi,False
KUSINI,2019,8,35,26,24.25,-6.28,39.45,Male,15-29 yrs,NO,Other,Other Household Member,ZIWANI POLICE,MJINI,PUBLIC,UNGUJA,KIZIMKAZI MKUNGUNI,100531,126346,222374.0,0.0,30.14,23.65,73.77,95.2,Makunduchi,False
KUSINI,2019,9,36,2,26.0,-6.32,39.5,Female,15-29 yrs,YES,Business,Index Case,KIZIMKAZI MKUNGUNI PHCU,MJINI,PUBLIC,UNGUJA,KIZIMKAZI MKUNGUNI,100851,126458,222374.0,0.0,29.67,21.28,73.62,95.2,Makunduchi,False
KUSINI,2019,9,37,11,21.67,-6.29,39.43,Female,15-29 yrs,NO,Business,Other Household Member,ZIWANI POLICE,MJINI,PUBLIC,UNGUJA,KIZIMKAZI MKUNGUNI,101271,126587,222374.0,0.0,29.87,23.43,73.82,95.2,Makunduchi,False
KUSINI,2019,9,38,16,30.33,-6.08,39.36,Female,15-29 yrs,NO,Business,Other Household Member,ZIWANI POLICE,MJINI,PUBLIC,UNGUJA,PAJE,101424,126611,222374.0,0.0,29.9,21.12,73.35,95.2,Makunduchi,False
KUSINI,2019,9,39,24,28.0,-6.18,39.22,Female,15-29 yrs,NO,Other,Index Case,MAKUNDUCHI DISTRICT HOSPITAL,MJINI,PUBLIC,UNGUJA,MUYUNI A,101738,126753,222374.0,0.0,29.14,22.86,71.75,95.2,Makunduchi,False
KUSINI,2019,10,40,2,22.29,-6.36,39.48,Male,30-44 yrs,NO,Business,Other Household Member,ZIWANI POLICE,MJINI,PUBLIC,UNGUJA,MICHAMVI,101951,126832,222374.0,28.25,29.53,23.97,76.52,95.2,Makunduchi,False
KUSINI,2019,10,41,6,28.67,-6.28,39.42,Male,45+ yrs,NO,Business,Other Household Member,ZIWANI POLICE,MJINI,PUBLIC,UNGUJA,KIZIMKAZI MKUNGUNI,102078,126869,222374.0,24.03,29.35,24.83,76.2,95.2,Makunduchi,False
KUSINI,2019,10,42,17,16.16,-6.29,39.54,Female,15-29 yrs,NO,Other,Index Case,PAJE PHCU,MJINI,PUBLIC,UNGUJA,KITOGANI,102482,126957,222374.0,26.65,30.35,24.15,78.13,95.2,Makunduchi,False
KUSINI,2019,11,44,1,20.5,-6.26,39.53,Female,30-44 yrs,NO,Business,Other Household Member,ZIWANI POLICE,MJINI,PUBLIC,UNGUJA,MICHAMVI,103159,127089,222374.0,16.09,32.16,25.69,77.85,95.2,Makunduchi,False
KUSINI,2019,11,45,3,24.88,-6.26,39.53,Male,15-29 yrs,YES,Business,Index Case,PAJE PHCU,MJINI,PUBLIC,UNGUJA,PAJE,103199,127119,222374.0,15.9,31.91,25.21,77.4,95.2,Makunduchi,False
KUSINI,2019,11,46,12,22.58,-6.3,39.49,Male,15-29 yrs,YES,Business,Index Case,BWEJUU PHCU,MJINI,PUBLIC,UNGUJA,BWEJUU,103618,127245,222374.0,16.14,31.35,24.57,77.82,95.2,Makunduchi,False
KUSINI,2019,11,47,20,19.5,-6.2,39.28,Male,15-29 yrs,YES,Other,Index Case,BWEJUU PHCU,MJINI,PUBLIC,UNGUJA,DONGWE BWEJUU,103982,127342,222374.0,16.47,31.28,24.78,76.96,95.2,Makunduchi,False
KUSINI,2019,11,48,25,16.15,-6.13,39.34,Female,< 5 yrs,YES,Other,Index Case,KIJINI PHCU,MJINI,PUBLIC,UNGUJA,KIJINI,104395,127472,222374.0,15.34,31.2,24.58,76.03,95.2,Makunduchi,False
KUSINI,2019,12,49,1,24.45,-6.25,39.45,Female,30-44 yrs,NO,Business,Other Household Member,ZIWANI POLICE,MJINI,PUBLIC,UNGUJA,DONGWE BWEJUU,105012,127652,222374.0,36.73,32.27,23.8,75.67,95.2,Makunduchi,False
KUSINI,2019,12,50,10,29.1,-6.19,39.4,Male,15-29 yrs,NO,Other,Index Case,BWEJUU PHCU,MJINI,PUBLIC,UNGUJA,BWEJUU,105879,128037,222374.0,4.64,33.15,24.88,75.49,95.2,Makunduchi,True
KUSINI,2019,12,51,16,23.32,-6.26,39.45,Female,30-44 yrs,NO,Other,Index Case,KIZIMKAZI DIMBANI PHCU,MJINI,PUBLIC,UNGUJA,KIZIMKAZI DIMBANI,106897,128447,222374.0,48.85,31.84,24.58,76.3,95.2,Makunduchi,False
KUSINI,2019,12,52,23,17.67,-6.28,39.43,Male,5-14 yrs,NO,Student,Index Case,MAKUNDUCHI DISTRICT HOSPITAL,MJINI,PUBLIC,UNGUJA,MTENDE,108356,129072,222374.0,125.52,30.35,23.13,74.45,95.2,Makunduchi,False
KUSINI,2019,12,53,31,18.67,-6.29,39.43,Female,15-29 yrs,YES,Other,Index Case,MICHAMVI PHCU,MJINI,PUBLIC,UNGUJA,MICHAMVI,109755,129874,222374.0,2.73,31.96,25.07,77.05,95.2,Makunduchi,False
KUSINI,2020,1,1,1,30.17,-6.24,39.49,Male,5-14 yrs,NO,Other,Index Case,ASSA-KHERI DISPENSARY,URBAN,PRIVATE,UNGUJA,MICHAMVI,109925,129983,415012.0,31.36,34.0,25.66,74.67,96.9,Makunduchi,False
KUSINI,2020,1,2,6,26.27,-6.21,39.44,Female,15-29 yrs,YES,Business,Index Case,JAMBIANI PHCU+,MJINI,PUBLIC,UNGUJA,JAMBIANI KIKADINI,110800,130407,415012.0,17.61,32.42,25.39,76.14,96.9,Makunduchi,True
KUSINI,2020,1,3,12,24.1,-6.17,39.38,Male,30-44 yrs,YES,Business,Index Case,BWEJUU PHCU,MJINI,PUBLIC,UNGUJA,DONGWE BWEJUU,111915,130869,415012.0,0.7,31.79,24.99,74.67,96.9,Makunduchi,True
KUSINI,2020,1,4,19,23.63,-6.26,39.4,Female,30-44 yrs,YES,Business,Index Case,MTENDE PHCU,MJINI,PUBLIC,UNGUJA,MTENDE,113658,131840,415012.0,5.3,30.9,25.61,74.17,96.9,Makunduchi,True
KUSINI,2020,1,5,27,32.76,-6.32,39.47,Female,45+ yrs,NO,Other,Index Case,MTENDE PHCU,MJINI,PUBLIC,UNGUJA,MTENDE,115329,132616,415012.0,34.24,29.93,25.67,74.17,96.9,Makunduchi,True
KUSINI,2020,2,6,3,24.72,-6.14,39.36,Male,15-29 yrs,NO,Other,Index Case,MUUNGONI PHCU,MJINI,PUBLIC,UNGUJA,KITOGANI,116395,133329,415012.0,35.82,32.32,24.87,74.97,96.9,Makunduchi,True
KUSINI,2020,2,7,9,23.15,-6.13,39.45,Male,5-14 yrs,NO,Other,Index Case,MAKUNDUCHI DISTRICT HOSPITAL,MJINI,PUBLIC,UNGUJA,MUYUNI A,117042,133618,415012.0,17.38,31.33,24.71,75.75,96.9,Makunduchi,True
KUSINI,2020,2,8,17,21.67,-6.14,39.38,Male,5-14 yrs,NO,Other,Index Case,MUYUNI PHCU+,MJINI,PUBLIC,UNGUJA,MUYUNI B,117698,133967,415012.0,0.0,31.32,25.94,75.14,96.9,Makunduchi,False
KUSINI,2020,2,9,23,29.4,-6.22,39.47,Male,30-44 yrs,YES,Other,Index Case,BWEJUU PHCU,MJINI,PUBLIC,UNGUJA,BWEJUU,118258,134299,415012.0,0.0,32.46,26.2,75.34,96.9,Makunduchi,True
KUSINI,2020,3,10,2,18.46,-6.28,39.39,Female,5-14 yrs,NO,Student,Other Household Member,ZIWANI POLICE,MJINI,PUBLIC,UNGUJA,MUYUNI B,119058,134684,415012.0,21.27,32.22,25.45,77.71,96.9,Makunduchi,False
KUSINI,2020,3,11,10,27.5,-6.27,39.52,Male,15-29 yrs,YES,Business,Index Case,PAJE PHCU,MJINI,PUBLIC,UNGUJA,PAJE,119770,134960,415012.0,54.01,32.48,25.43,79.17,96.9,Makunduchi,False
KUSINI,2020,3,12,16,31.18,-6.29,39.46,Male,30-44 yrs,YES,Watchman/Police,Index Case,MICHAMVI PHCU,MJINI,PUBLIC,UNGUJA,MICHAMVI,120241,135123,415012.0,19.88,32.27,25.82,78.34,96.9,Makunduchi,False
KUSINI,2020,3,13,24,24.42,-6.34,39.46,Female,< 5 yrs,NO,Student,Other Household Member,ZIWANI POLICE,MJINI,PUBLIC,UNGUJA,KIZIMKAZI MKUNGUNI,121048,135219,415012.0,5.27,31.7,24.95,78.91,96.9,Makunduchi,True
KUSINI,2020,3,14,30,25.25,-6.35,39.47,Male,15-29 yrs,NO,Other,Index Case,MUUNGONI PHCU,MJINI,PUBLIC,UNGUJA,KITOGANI,121790,135466,415012.0,6.2,31.49,25.2,80.65,96.9,Makunduchi,False
KUSINI,2020,4,14,1,29.23,-6.4,39.49,Female,45+ yrs,NO,Other,Other Household Member,ZIWANI POLICE,MJINI,PUBLIC,UNGUJA,MTENDE,122008,135367,415012.0,47.17,32.8,25.52,86.26,96.9,Makunduchi,False
KUSINI,2020,4,15,6,32.0,-6.12,39.31,Male,30-44 yrs,YES,Business,Index Case,BWEJUU PHCU,MJINI,PUBLIC,UNGUJA,BWEJUU,122623,135721,415012.0,45.92,31.49,25.28,87.8,96.9,Makunduchi,False
KUSINI,2020,4,16,12,25.7,-6.27,39.49,Male,30-44 yrs,NO,Watchman/Police,Index Case,KVZ MTONI,MJINI,PUBLIC,UNGUJA,MTENDE,123113,135882,415012.0,134.56,29.35,24.41,86.48,96.9,Makunduchi,True
KUSINI,2020,4,17,20,22.4,-6.22,39.47,Male,< 5 yrs,YES,Business,Index Case,BWEJUU PHCU,MJINI,PUBLIC,UNGUJA,PAJE,123925,136149,415012.0,132.78,28.79,24.37,86.5,96.9,Makunduchi,False
KUSINI,2020,4,18,28,27.0,-6.22,39.41,Male,30-44 yrs,NO,Business,Index Case,JUMBI DISPENSARY,MJINI,PRIVATE,UNGUJA,KAJENGWA,124607,136300,415012.0,192.3,29.65,24.55,86.47,96.9,Makunduchi,False
KUSINI,2020,5,18,1,37.0,-6.23,39.35,Female,5-14 yrs,NO,Student,Other Household Member,ZIWANI POLICE,MJINI,PUBLIC,UNGUJA,DONGWE BWEJUU,124961,136365,415012.0,84.29,30.19,24.98,84.95,96.9,Makunduchi,False
KUSINI,2020,5,19,4,29.0,-6.25,39.47,Male,15-29 yrs,NO,Other,Index Case,JAMBIANI PHCU+,MJINI,PUBLIC,UNGUJA,JAMBIANI KIKADINI,125188,136459,415012.0,98.28,29.5,24.74,82.98,96.9,Makunduchi,False
KUSINI,2020,5,20,10,35.62,-6.27,39.38,Male,30-44 yrs,NO,Watchman/Police,Index Case,PAJE PHCU,MJINI,PUBLIC,UNGUJA,MUYUNI B,125666,136604,415012.0,5.12,30.04,25.04,83.9,96.9,Makunduchi,False
KUSINI,2020,5,21,17,23.81,-6.37,39.45,Male,5-14 yrs,NO,Student,Index Case,JUMBI DISPENSARY,MJINI,PRIVATE,UNGUJA,KITOGANI,126361,136824,415012.0,42.39,29.53,24.31,83.69,96.9,Makunduchi,False
KUSINI,2020,5,22,25,35.62,-6.41,39.54,Male,30-44 yrs,NO,Other,Other Household Member,ZIWANI POLICE,MJINI,PUBLIC,UNGUJA,MZURI,127077,136996,415012.0,0.0,31.3,24.66,83.0,96.9,Makunduchi,False
KUSINI,2020,6,23,1,19.39,-6.28,39.37,Male,< 5 yrs,NO,Fisherman,Index Case,MUUNGONI PHCU,MJINI,PUBLIC,UNGUJA,MUUNGONI,128019,137534,415012.0,0.0,30.51,25.14,77.1,96.9,Makunduchi,False
KUSINI,2020,6,24,8,23.29,-6.31,39.44,Male,15-29 yrs,NO,Other,Other Household Member,ZIWANI POLICE,MJINI,PUBLIC,UNGUJA,MUUNGONI,128613,137702,415012.0,6.6,29.89,24.43,77.62,96.9,Makunduchi,False
KUSINI,2020,6,25,14,27.35,-6.33,39.48,Male,30-44 yrs,NO,Business,Index Case,KIZIMKAZI MKUNGUNI PHCU,MJINI,PUBLIC,UNGUJA,KIZIMKAZI MKUNGUNI,129449,138241,415012.0,6.45,29.38,24.49,77.88,96.9,Makunduchi,True
KUSINI,2020,6,26,22,22.86,-6.26,39.43,Male,5-14 yrs,NO,Other,Index Case,JUMBI DISPENSARY,CENTRAL,PRIVATE,UNGUJA,MUUNGONI,130508,138623,415012.0,2.63,28.37,24.4,77.69,96.9,Makunduchi,False
KUSINI,2020,6,27,29,34.14,-6.28,39.49,Male,30-44 yrs,YES,Other,Index Case,PAJE PHCU,MJINI,PUBLIC,UNGUJA,PAJE,131327,138922,415012.0,17.22,27.96,24.27,77.24,96.9,Makunduchi,False
KUSINI,2020,7,27,1,29.92,-6.32,39.46,Female,15-29 yrs,YES,Business,Index Case,KIZIMKAZI DIMBANI PHCU,MJINI,PUBLIC,UNGUJA,KIZIMKAZI DIMBANI,131642,139065,415012.0,8.4,30.2,24.18,76.02,96.9,Makunduchi,True
KUSINI,2020,7,28,6,33.55,-6.3,39.47,Female,30-44 yrs,NO,Business,Other Household Member,ZIWANI POLICE,MJINI,PUBLIC,UNGUJA,MUUNGONI,132164,138997,415012.0,8.09,28.46,23.4,73.32,96.9,Makunduchi,True
KUSINI,2020,7,29,13,23.83,-6.24,39.47,Male,15-29 yrs,YES,Watchman/Police,Index Case,BWEJUU PHCU,MJINI,PUBLIC,UNGUJA,BWEJUU,133049,139532,415012.0,13.59,28.01,23.2,74.98,96.9,Makunduchi,True
KUSINI,2020,7,30,19,26.68,-6.31,39.53,Female,15-29 yrs,YES,Business,Index Case,BWEJUU PHCU,MJINI,PUBLIC,UNGUJA,DONGWE BWEJUU,133569,139748,415012.0,13.96,28.03,23.32,75.18,96.9,Makunduchi,True
KUSINI,2020,7,31,27,25.25,-6.12,39.35,Male,15-29 yrs,NO,Watchman/Police,Index Case,BWEJUU PHCU,MJINI,PUBLIC,UNGUJA,BWEJUU,134333,139979,415012.0,0.0,27.8,22.97,74.25,96.9,Makunduchi,False
KUSINI,2020,8,32,3,25.43,-6.3,39.49,Female,30-44 yrs,NO,Other,Other Household Member,ZIWANI POLICE,MJINI,PUBLIC,UNGUJA,KAJENGWA,134802,140126,415012.0,2.73,29.34,23.2,78.46,96.9,Makunduchi,False
KUSINI,2020,8,33,9,26.04,-6.33,39.53,Female,30-44 yrs,NO,Other,Index Case,MAKUNDUCHI DISTRICT HOSPITAL,MJINI,PUBLIC,UNGUJA,KITOGANI,135162,140266,415012.0,0.0,28.72,21.83,77.89,96.9,Makunduchi,True
KUSINI,2020,8,34,17,29.33,-6.27,39.47,Male,30-44 yrs,YES,Business,Index Case,BWEJUU PHCU,MJINI,PUBLIC,UNGUJA,BWEJUU,135675,140599,415012.0,10.41,28.26,22.48,77.25,96.9,Makunduchi,False
KUSINI,2020,8,35,23,23.77,-6.24,39.48,Male,30-44 yrs,YES,Business,Index Case,MUUNGONI PHCU,MJINI,PUBLIC,UNGUJA,KITOGANI,136013,140619,415012.0,3.35,28.94,22.44,77.82,96.9,Makunduchi,True
KUSINI,2020,8,36,31,20.48,-6.25,39.52,Female,15-29 yrs,NO,Other,Other Household Member,ZIWANI POLICE,MJINI,PUBLIC,UNGUJA,BWEJUU,136652,140725,415012.0,3.22,28.36,23.65,76.6,96.9,Makunduchi,False
KUSINI,2020,9,36,2,26.0,-6.24,39.36,Male,30-44 yrs,YES,Business,Index Case,KIZIMKAZI MKUNGUNI PHCU,MJINI,PUBLIC,UNGUJA,PAJE,136804,140779,415012.0,0.0,29.86,22.53,81.77,96.9,Makunduchi,False
KUSINI,2020,9,37,6,27.61,-6.36,39.49,Male,30-44 yrs,NO,Business,Other Household Member,ZIWANI POLICE,MJINI,PUBLIC,UNGUJA,KITOGANI,137001,140800,415012.0,0.0,30.34,22.39,80.66,96.9,Makunduchi,False
KUSINI,2020,9,38,14,24.29,-6.24,39.45,Female,30-44 yrs,YES,Other,Index Case,MUUNGONI PHCU,MJINI,PUBLIC,UNGUJA,KITOGANI,137532,141002,415012.0,0.0,29.62,22.78,83.05,96.9,Makunduchi,True
KUSINI,2020,9,39,20,30.58,-6.32,39.46,Female,15-29 yrs,NO,Business,Other Household Member,ZIWANI POLICE,MJINI,PUBLIC,UNGUJA,KIZIMKAZI MKUNGUNI,137844,141038,415012.0,0.38,29.34,22.82,81.3,96.9,Makunduchi,True
KUSINI,2020,9,40,28,24.99,-6.27,39.43,Male,45+ yrs,NO,Other,Other Household Member,ZIWANI POLICE,MJINI,PUBLIC,UNGUJA,TASANI,138274,141182,415012.0,5.92,29.78,23.0,82.25,96.9,Makunduchi,True
KUSINI,2020,10,40,2,30.25,-6.25,39.4,Male,30-44 yrs,YES,Fisherman,Index Case,KIZIMKAZI MKUNGUNI PHCU,MJINI,PUBLIC,UNGUJA,KIZIMKAZI MKUNGUNI,138620,141390,415012.0,0.0,32.5,23.85,82.33,96.9,Makunduchi,False
KUSINI,2020,10,41,5,27.54,-6.25,39.45,Male,15-29 yrs,YES,Business,Index Case,MAKUNDUCHI DISTRICT HOSPITAL,MJINI,PUBLIC,UNGUJA,KIJINI,138820,141455,415012.0,0.52,30.83,23.45,81.44,96.9,Makunduchi,False
KUSINI,2020,10,42,11,25.05,-6.26,39.44,Female,15-29 yrs,NO,Other,Other Household Member,ZIWANI POLICE,MJINI,PUBLIC,UNGUJA,PAJE,139106,141487,415012.0,2.01,31.19,23.72,82.44,96.9,Makunduchi,True
KUSINI,2020,10,43,19,26.38,-6.28,39.54,Female,15-29 yrs,NO,Other,Other Household Member,ZIWANI POLICE,MJINI,PUBLIC,UNGUJA,BWEJUU,139506,141649,415012.0,14.54,30.36,23.33,81.39,96.9,Makunduchi,False
KUSINI,2020,10,44,27,25.6,-6.29,39.49,Female,15-29 yrs,YES,Other,Index Case,JAMBIANI PHCU+,MJINI,PUBLIC,UNGUJA,JAMBIANI KIBIGIJA,139793,141778,415012.0,7.56,31.0,24.27,81.92,96.9,Makunduchi,False
KUSINI,2020,11,45,3,26.0,-6.35,39.48,Male,15-29 yrs,NO,Other,Other Household Member,ZIWANI POLICE,MJINI,PUBLIC,UNGUJA,BWEJUU,139869,141801,415012.0,0.0,29.78,25.36,83.65,96.9,Makunduchi,False
KUSINI,2020,11,46,9,25.17,-6.23,39.51,Female,15-29 yrs,NO,Other,Other Household Member,ZIWANI POLICE,MJINI,PUBLIC,UNGUJA,BWEJUU,140001,141784,415012.0,44.18,30.12,24.28,83.29,96.9,Makunduchi,False
KUSINI,2020,11,47,16,33.64,-6.16,39.44,Male,15-29 yrs,NO,Other,Index Case,JAMBIANI PHCU+,SOUTH,PUBLIC,UNGUJA,PAJE,140190,141985,415012.0,22.27,29.93,24.33,82.68,96.9,Makunduchi,True
KUSINI,2020,11,48,25,24.5,-6.32,39.55,Male,15-29 yrs,NO,Other,Index Case,MAKUNDUCHI DISTRICT HOSPITAL,MJINI,PUBLIC,UNGUJA,KIONGONI,140573,142114,415012.0,8.45,30.9,24.8,82.2,96.9,Makunduchi,False
KUSINI,2020,11,49,29,20.0,-6.25,39.54,Male,15-29 yrs,YES,Business,Index Case,BWEJUU PHCU,MJINI,PUBLIC,UNGUJA,BWEJUU,140708,142231,415012.0,14.06,31.32,25.06,82.55,96.9,Makunduchi,False
KUSINI,2020,12,49,2,24.1,-6.3,39.53,Male,15-29 yrs,NO,Other,Other Household Member,ZIWANI POLICE,MJINI,PUBLIC,UNGUJA,JAMBIANI KIKADINI,140997,142281,415012.0,0.0,31.87,24.73,81.91,96.9,Makunduchi,False
KUSINI,2020,12,50,7,28.71,-6.2,39.25,Male,15-29 yrs,YES,Other,Index Case,MICHAMVI PHCU,MJINI,PUBLIC,UNGUJA,MICHAMVI,141352,142420,415012.0,0.0,31.39,24.92,80.38,96.9,Makunduchi,False
KUSINI,2020,12,51,14,32.62,-6.25,39.43,Male,30-44 yrs,YES,Business,Index Case,MAKUNDUCHI DISTRICT HOSPITAL,MJINI,PUBLIC,UNGUJA,BWEJUU,141980,142661,415012.0,0.0,31.6,24.81,80.78,96.9,Makunduchi,True
KUSINI,2020,12,52,20,27.44,-6.38,39.46,Female,30-44 yrs,YES,Other,Index Case,MUUNGONI PHCU,MJINI,PUBLIC,UNGUJA,MUUNGONI,142750,143150,415012.0,0.0,31.45,25.54,81.26,96.9,Makunduchi,True
KUSINI,2020,12,53,27,29.25,-6.35,39.49,Male,45+ yrs,NO,Business,Index Case,KIZIMKAZI MKUNGUNI PHCU,MJINI,PUBLIC,UNGUJA,KIZIMKAZI MKUNGUNI,143543,143225,415012.0,0.0,32.0,25.58,80.17,96.9,Makunduchi,True
KUSINI,2021,1,1,1,10.0,-6.45,39.47,Female,< 5 yrs,NO,Student,Other Household Member,ZIWANI POLICE,MJINI,PUBLIC,UNGUJA,KIZIMKAZI MKUNGUNI,144283,143427,878264.0,0.0,31.47,24.81,79.35,94.7,Makunduchi,False
KUSINI,2021,1,2,3,27.05,-6.31,39.49,Male,45+ yrs,NO,Other,Index Case,MAKUNDUCHI DISTRICT HOSPITAL,MJINI,PUBLIC,UNGUJA,PAJE,144458,143488,878264.0,1.23,30.82,24.77,78.78,94.7,Makunduchi,True
KUSINI,2021,1,3,11,22.49,-6.28,39.49,Male,30-44 yrs,NO,Other,Other Household Member,ZIWANI POLICE,MJINI,PUBLIC,UNGUJA,PAJE,145578,143727,878264.0,47.72,29.71,24.88,78.92,94.7,Makunduchi,True
KUSINI,2021,1,4,17,21.6,-6.31,39.49,Female,15-29 yrs,YES,Other,Index Case,MAKUNDUCHI DISTRICT HOSPITAL,MJINI,PUBLIC,UNGUJA,JAMBIANI KIBIGIJA,146524,144059,878264.0,0.0,32.0,24.61,78.62,94.7,Makunduchi,True
KUSINI,2021,1,5,25,21.44,-6.32,39.46,Male,< 5 yrs,NO,Other,Index Case,MAKUNDUCHI DISTRICT HOSPITAL,MJINI,PUBLIC,UNGUJA,PAJE,147604,144417,878264.0,0.0,32.05,25.59,78.81,94.7,Makunduchi,True
KUSINI,2021,2,6,1,31.56,-6.29,39.46,Male,45+ yrs,NO,Other,Other Household Member,ZIWANI POLICE,MJINI,PUBLIC,UNGUJA,KITOGANI,148304,144514,878264.0,0.0,32.3,24.94,78.18,94.7,Makunduchi,False
KUSINI,2021,2,7,8,27.06,-6.29,39.48,Female,30-44 yrs,NO,Other,Other Household Member,ZIWANI POLICE,MJINI,PUBLIC,UNGUJA,KITOGANI,149088,144800,878264.0,27.48,31.62,25.27,78.16,94.7,Makunduchi,True
KUSINI,2021,2,8,14,22.64,-6.34,39.46,Female,15-29 yrs,NO,Other,Other Household Member,ZIWANI POLICE,MJINI,PUBLIC,UNGUJA,PAJE,149455,144882,878264.0,9.9,31.89,24.78,78.61,94.7,Makunduchi,True
KUSINI,2021,2,9,21,20.65,-6.36,39.51,Male,15-29 yrs,YES,Other,Index Case,KIZIMKAZI MKUNGUNI PHCU,MJINI,PUBLIC,UNGUJA,KIZIMKAZI MKUNGUNI,149997,145085,878264.0,1.87,31.94,24.94,77.94,94.7,Makunduchi,True
KUSINI,2021,2,10,28,30.0,-6.41,39.56,Male,30-44 yrs,NO,Watchman/Police,Index Case,MAKUNDUCHI DISTRICT HOSPITAL,MJINI,PUBLIC,UNGUJA,NGANANI,150495,145238,878264.0,5.86,32.45,23.97,77.1,94.7,Makunduchi,False
KUSINI,2021,3,10,1,22.67,-6.32,39.45,Female,15-29 yrs,NO,Other,Other Household Member,ZIWANI POLICE,MJINI,PUBLIC,UNGUJA,KIZIMKAZI DIMBANI,150523,145226,878264.0,0.0,33.08,25.65,77.88,94.7,Makunduchi,False
KUSINI,2021,3,11,8,26.6,-6.2,39.42,Male,15-29 yrs,NO,Other,Other Household Member,ZIWANI POLICE,MJINI,PUBLIC,UNGUJA,BWEJUU,150914,145315,878264.0,0.0,32.7,24.72,77.1,94.7,Makunduchi,False
KUSINI,2021,3,12,16,29.67,-6.2,39.27,Male,30-44 yrs,NO,Other,Index Case,PAJE PHCU,MJINI,PUBLIC,UNGUJA,PAJE,151431,145549,878264.0,6.79,31.84,24.16,78.49,94.7,Makunduchi,True
KUSINI,2021,3,13,23,26.16,-6.28,39.36,Female,30-44 yrs,YES,Other,Index Case,MAKUNDUCHI DISTRICT HOSPITAL,MJINI,PUBLIC,UNGUJA,KIZIMKAZI MKUNGUNI,151803,145682,878264.0,13.77,32.39,24.23,77.12,94.7,Makunduchi,False
KUSINI,2021,3,14,29,22.0,-6.25,39.49,Male,30-44 yrs,NO,Business,Index Case,MICHAMVI PHCU,MJINI,PUBLIC,UNGUJA,PAJE,152165,145765,878264.0,13.97,31.69,24.89,76.98,94.7,Makunduchi,True
KUSINI,2021,4,14,2,33.0,-6.18,39.23,Male,30-44 yrs,YES,Business,Index Case,KIZIMKAZI MKUNGUNI PHCU,MJINI,PUBLIC,UNGUJA,KIZIMKAZI MKUNGUNI,152372,145840,878264.0,35.92,32.06,25.58,85.45,94.7,Makunduchi,False
KUSINI,2021,4,15,4,23.52,-6.33,39.45,Male,15-29 yrs,YES,Business,Index Case,KIZIMKAZI MKUNGUNI PHCU,MJINI,PUBLIC,UNGUJA,KIZIMKAZI MKUNGUNI,152407,145826,878264.0,51.91,30.44,24.71,83.46,94.7,Makunduchi,True
KUSINI,2021,4,16,11,28.46,-6.28,39.51,Male,30-44 yrs,NO,Business,Other Household Member,ZIWANI POLICE,MJINI,PUBLIC,UNGUJA,DONGWE BWEJUU,152715,145929,878264.0,102.68,29.65,24.57,84.35,94.7,Makunduchi,True
KUSINI,2021,4,17,18,24.77,-6.31,39.46,Male,30-44 yrs,NO,Business,Index Case,MAKUNDUCHI DISTRICT HOSPITAL,MJINI,PUBLIC,UNGUJA,PAJE,153097,146056,878264.0,56.2,28.7,24.69,84.79,94.7,Makunduchi,True
KUSINI,2021,4,18,25,32.24,-6.32,39.51,Female,15-29 yrs,NO,Other,Other Household Member,ZIWANI POLICE,MJINI,PUBLIC,UNGUJA,KIJINI,153499,146143,878264.0,48.39,31.26,25.16,83.91,94.7,Makunduchi,False
KUSINI,2021,5,18,1,13.67,-6.44,39.47,Male,15-29 yrs,NO,Business,Index Case,KIZIMKAZI DIMBANI PHCU,MJINI,PUBLIC,UNGUJA,KIZIMKAZI DIMBANI,153798,146287,878264.0,96.64,28.98,25.47,78.0,94.7,Makunduchi,False
KUSINI,2021,5,19,2,22.29,-6.35,39.48,Male,5-14 yrs,NO,Student,Index Case,JAMBIANI PHCU+,MJINI,PUBLIC,UNGUJA,JAMBIANI KIBIGIJA,153820,146240,878264.0,89.46,28.4,24.08,78.54,94.7,Makunduchi,True
KUSINI,2021,5,20,10,28.54,-6.39,39.49,Female,30-44 yrs,YES,Business,Index Case,KIZIMKAZI MKUNGUNI PHCU,MJINI,PUBLIC,UNGUJA,KIZIMKAZI MKUNGUNI,154353,146421,878264.0,0.0,30.27,24.58,77.42,94.7,Makunduchi,True
KUSINI,2021,5,21,16,26.42,-6.36,39.47,Male,30-44 yrs,NO,Fisherman,Other Household Member,ZIWANI POLICE,MJINI,PUBLIC,UNGUJA,KIZIMKAZI DIMBANI,154597,146498,878264.0,7.03,31.02,25.03,78.34,94.7,Makunduchi,True
KUSINI,2021,5,22,24,26.76,-6.38,39.51,Male,15-29 yrs,NO,Unemployed,Index Case,KAJENGWA PHCU,MJINI,PUBLIC,UNGUJA,NGANANI,155400,146769,878264.0,3.06,30.15,24.76,78.6,94.7,Makunduchi,True
KUSINI,2021,5,23,30,27.0,-6.33,39.49,Female,15-29 yrs,NO,Business,Index Case,JUMBI DISPENSARY,MJINI,PRIVATE,UNGUJA,PAJE,155846,146880,878264.0,0.0,29.01,24.63,77.84,94.7,Makunduchi,False
KUSINI,2021,6,23,3,23.71,-6.29,39.54,Female,15-29 yrs,NO,Housewife,Other Household Member,ZIWANI POLICE,MJINI,PUBLIC,UNGUJA,KAJENGWA,156063,146905,878264.0,7.95,29.47,23.63,74.38,94.7,Makunduchi,False
KUSINI,2021,6,24,6,28.22,-6.32,39.52,Male,30-44 yrs,NO,Other,Index Case,PAJE PHCU,MJINI,PUBLIC,UNGUJA,PAJE,156301,147100,878264.0,6.06,29.13,24.18,74.86,94.7,Makunduchi,True
KUSINI,2021,6,25,14,25.6,-6.29,39.48,Male,30-44 yrs,YES,Business,Index Case,MICHAMVI PHCU,MJINI,PUBLIC,UNGUJA,MICHAMVI,156721,147212,878264.0,2.84,28.8,23.81,74.74,94.7,Makunduchi,True
KUSINI,2021,6,26,20,22.17,-6.35,39.48,Female,15-29 yrs,NO,Other,Other Household Member,ZIWANI POLICE,MJINI,PUBLIC,UNGUJA,KIONGONI,157069,147283,878264.0,6.63,28.45,22.66,75.22,94.7,Makunduchi,True
KUSINI,2021,6,27,28,21.37,-6.33,39.48,Male,45+ yrs,NO,Farmer,Other Household Member,ZIWANI POLICE,MJINI,PUBLIC,UNGUJA,MUYUNI A,157709,147453,878264.0,3.78,29.47,21.91,76.04,94.7,Makunduchi,False
KUSINI,2021,7,27,1,27.33,-6.28,39.54,Female,15-29 yrs,NO,Business,Other Household Member,ZIWANI POLICE,MJINI,PUBLIC,UNGUJA,DONGWE BWEJUU,157956,147586,878264.0,0.0,30.08,23.42,72.85,94.7,Makunduchi,False
KUSINI,2021,7,28,5,17.89,-6.26,39.47,Male,< 5 yrs,YES,Business,Index Case,BWEJUU PHCU,MJINI,PUBLIC,UNGUJA,DONGWE BWEJUU,158157,147633,878264.0,2.98,28.18,23.26,73.48,94.7,Makunduchi,False
KUSINI,2021,7,29,12,26.82,-6.31,39.5,Female,30-44 yrs,YES,Business,Index Case,MICHAMVI PHCU,MJINI,PUBLIC,UNGUJA,MICHAMVI,158526,147762,878264.0,22.45,28.86,23.76,72.8,94.7,Makunduchi,False
KUSINI,2021,7,30,19,14.68,-6.24,39.53,Male,< 5 yrs,YES,Under school age (<6 years),Index Case,BWEJUU PHCU,MJINI,PUBLIC,UNGUJA,DONGWE BWEJUU,158998,147913,878264.0,0.0,29.18,24.18,73.96,94.7,Makunduchi,False
KUSINI,2021,7,31,26,28.09,-6.27,39.48,Female,15-29 yrs,YES,Other,Index Case,JAMBIANI PHCU+,MJINI,PUBLIC,UNGUJA,JAMBIANI KIKADINI,159268,148087,878264.0,0.0,29.13,23.52,72.99,94.7,Makunduchi,False
KUSINI,2021,8,32,2,28.24,-6.27,39.52,Female,15-29 yrs,YES,Housewife,Index Case,BWEJUU PHCU,MJINI,PUBLIC,UNGUJA,BWEJUU,159605,148090,878264.0,0.0,28.38,23.11,76.83,94.7,Makunduchi,True
KUSINI,2021,8,33,10,24.55,-6.31,39.5,Female,15-29 yrs,NO,Business,Index Case,KAJENGWA PHCU,MJINI,PUBLIC,UNGUJA,KAJENGWA,159855,148216,878264.0,3.75,29.12,21.54,76.85,94.7,Makunduchi,False
KUSINI,2021,8,34,16,23.71,-6.23,39.52,Male,15-29 yrs,NO,Farmer,Other Household Member,ZIWANI POLICE,MJINI,PUBLIC,UNGUJA,PAJE,160071,148192,878264.0,6.2,28.96,22.7,75.41,94.7,Makunduchi,False
KUSINI,2021,8,35,22,24.38,-6.3,39.48,Male,15-29 yrs,NO,Farmer,Index Case,MAKUNDUCHI DISTRICT HOSPITAL,MJINI,PUBLIC,UNGUJA,KIJINI,160306,148359,878264.0,4.96,29.18,22.59,75.98,94.7,Makunduchi,False
KUSINI,2021,8,36,30,21.33,-6.31,39.51,Female,15-29 yrs,YES,Housewife,Index Case,BWEJUU PHCU,MJINI,PUBLIC,UNGUJA,BWEJUU,160588,148445,878264.0,5.95,28.17,20.95,77.77,94.7,Makunduchi,False
KUSINI,2021,9,36,1,16.82,-6.36,39.45,Female,15-29 yrs,NO,Other,Index Case,BWEJUU PHCU,MJINI,PUBLIC,UNGUJA,BWEJUU,160636,148459,878264.0,0.0,30.14,23.24,75.44,94.7,Makunduchi,False
KUSINI,2021,9,37,6,19.33,-6.33,39.47,Female,15-29 yrs,NO,Housewife,Index Case,MUYUNI PHCU+,MJINI,PUBLIC,UNGUJA,MUYUNI C,160776,148498,878264.0,4.4,29.65,23.02,74.5,94.7,Makunduchi,False
KUSINI,2021,9,38,12,20.84,-6.29,39.49,Female,15-29 yrs,NO,Farmer,Other Household Member,ZIWANI POLICE,MJINI,PUBLIC,UNGUJA,BWEJUU,161077,148549,878264.0,5.89,28.56,23.37,75.03,94.7,Makunduchi,True
KUSINI,2021,9,39,19,29.0,-6.31,39.54,Female,30-44 yrs,NO,Farmer,Other Household Member,ZIWANI POLICE,MJINI,PUBLIC,UNGUJA,KIONGONI,161372,148645,878264.0,0.6,29.13,23.53,75.02,94.7,Makunduchi,False
KUSINI,2021,9,40,27,12.65,-6.3,39.52,Male,15-29 yrs,YES,Business,Index Case,KIZIMKAZI DIMBANI PHCU,MJINI,PUBLIC,UNGUJA,KIZIMKAZI MKUNGUNI,161677,148744,878264.0,0.0,27.73,22.81,74.82,94.7,Makunduchi,False
KUSINI,2021,10,40,1,15.0,-5.98,39.34,Female,15-29 yrs,NO,Other,Index Case,MICHAMVI PHCU,MJINI,PUBLIC,UNGUJA,MICHAMVI,161835,148769,878264.0,0.0,31.95,22.88,73.45,94.7,Makunduchi,False
KUSINI,2021,10,41,4,29.21,-6.26,39.52,Female,15-29 yrs,NO,Other,Other Household Member,ZIWANI POLICE,MJINI,PUBLIC,UNGUJA,BWEJUU,161903,148770,878264.0,0.0,32.22,23.53,76.32,94.7,Makunduchi,False
KUSINI,2021,10,42,10,30.0,-6.32,39.49,Male,45+ yrs,NO,Other,Index Case,MAKUNDUCHI DISTRICT HOSPITAL,MJINI,PUBLIC,UNGUJA,MUYUNI A,162146,148874,878264.0,0.0,31.23,23.91,75.51,94.7,Makunduchi,False
KUSINI,2021,10,43,20,27.69,-6.29,39.48,Female,< 5 yrs,YES,Student,Index Case,BWEJUU PHCU,MJINI,PUBLIC,UNGUJA,BWEJUU,162450,148969,878264.0,0.0,30.49,23.36,76.26,94.7,Makunduchi,False
KUSINI,2021,10,44,26,22.33,-6.26,39.53,Male,15-29 yrs,NO,Farmer,Index Case,MAKUNDUCHI DISTRICT HOSPITAL,MJINI,PUBLIC,UNGUJA,KAJENGWA,162645,149005,878264.0,4.8,31.28,23.49,75.57,94.7,Makunduchi,False
KUSINI,2021,11,45,1,27.79,-6.25,39.51,Female,15-29 yrs,NO,Business,Index Case,PAJE PHCU,MJINI,PUBLIC,UNGUJA,PAJE,162888,149080,878264.0,0.0,32.64,24.84,76.95,94.7,Makunduchi,False
KUSINI,2021,11,46,9,29.4,-6.27,39.43,Male,30-44 yrs,YES,Business,Index Case,BWEJUU PHCU,MJINI,PUBLIC,UNGUJA,BWEJUU,163237,149176,878264.0,0.0,32.57,23.8,77.53,94.7,Makunduchi,False
KUSINI,2021,11,47,15,25.08,-6.28,39.48,Female,15-29 yrs,YES,Other,Index Case,BWEJUU PHCU,MJINI,PUBLIC,UNGUJA,BWEJUU,163429,149224,878264.0,0.0,31.76,23.85,77.79,94.7,Makunduchi,False
KUSINI,2021,11,48,22,25.33,-6.31,39.51,Male,30-44 yrs,NO,Farmer,Other Household Member,ZIWANI POLICE,MJINI,PUBLIC,UNGUJA,PAJE,163559,149210,878264.0,3.22,31.9,24.91,76.82,94.7,Makunduchi,False
KUSINI,2021,11,49,28,25.0,-6.15,39.52,Female,5-14 yrs,NO,Student,Other Household Member,ZIWANI POLICE,MJINI,PUBLIC,UNGUJA,MICHAMVI,163813,149248,878264.0,5.55,32.1,24.6,78.55,94.7,Makunduchi,False
KUSINI,2021,12,49,2,17.8,-6.45,39.53,Male,5-14 yrs,NO,Student,Other Household Member,ZIWANI POLICE,MJINI,PUBLIC,UNGUJA,MTENDE,163920,149370,878264.0,19.17,31.21,26.14,82.5,94.7,Makunduchi,False
KUSINI,2021,12,50,7,20.0,-6.36,39.46,Male,15-29 yrs,YES,Unemployed,Index Case,BWEJUU PHCU,MJINI,PUBLIC,UNGUJA,BWEJUU,164040,149423,878264.0,18.59,30.78,24.3,80.23,94.7,Makunduchi,False
KUSINI,2021,12,51,13,24.3,-6.26,39.48,Male,30-44 yrs,NO,Farmer,Other Household Member,ZIWANI POLICE,MJINI,PUBLIC,UNGUJA,PAJE,164200,149455,878264.0,18.83,31.13,24.57,81.06,94.7,Makunduchi,False
KUSINI,2021,12,52,19,19.55,-6.29,39.47,Female,15-29 yrs,NO,Housewife,Other Household Member,ZIWANI POLICE,MJINI,PUBLIC,UNGUJA,KITOGANI,164359,149265,878264.0,18.65,31.0,24.56,80.38,94.7,Makunduchi,True
KUSINI,2021,12,53,27,15.96,-6.26,39.5,Male,15-29 yrs,NO,Farmer,Index Case,BWEJUU PHCU,MJINI,PUBLIC,UNGUJA,DONGWE BWEJUU,164716,149595,878264.0,0.0,31.52,24.38,81.41,94.7,Makunduchi,True
KUSINI,2022,1,2,2,17.13,-6.31,39.47,Female,5-14 yrs,NO,Student,Index Case,BWEJUU PHCU,MJINI,PUBLIC,UNGUJA,BWEJUU,165059,149683,388344.4,0.0,33.05,25.72,77.7,97.8,Makunduchi,False
KUSINI,2022,1,3,10,20.53,-6.34,39.48,Male,5-14 yrs,NO,Student,Index Case,KIZIMKAZI MKUNGUNI PHCU,MJINI,PUBLIC,UNGUJA,KIZIMKAZI MKUNGUNI,166028,149939,388344.4,0.0,32.86,26.19,78.62,97.8,Makunduchi,True
KUSINI,2022,1,4,18,27.83,-6.28,39.46,Male,30-44 yrs,NO,Other,Index Case,MAKUNDUCHI DISTRICT HOSPITAL,MJINI,PUBLIC,UNGUJA,KIZIMKAZI MKUNGUNI,167084,150233,388344.4,21.08,33.31,24.51,78.93,97.8,Makunduchi,False
KUSINI,2022,1,5,23,22.35,-6.25,39.51,Female,5-14 yrs,NO,Student,Other Household Member,ZIWANI POLICE,MJINI,PUBLIC,UNGUJA,BWEJUU,167463,150238,388344.4,20.31,30.88,24.28,78.46,97.8,Makunduchi,True
KUSINI,2022,1,6,30,24.38,-6.45,39.47,Male,30-44 yrs,NO,Farmer,Index Case,KIZIMKAZI MKUNGUNI PHCU,MJINI,PUBLIC,UNGUJA,KIZIMKAZI MKUNGUNI,168112,150499,388344.4,31.64,30.3,25.04,78.8,97.8,Makunduchi,False
KUSINI,2022,2,6,1,14.5,-6.33,39.49,Male,15-29 yrs,NO,Business,Index Case,BWEJUU PHCU,MJINI,PUBLIC,UNGUJA,BWEJUU,168270,150530,388344.4,15.94,31.28,23.99,80.55,97.8,Makunduchi,False
KUSINI,2022,2,7,7,21.44,-6.34,39.49,Female,45+ yrs,NO,Other,Other Household Member,ZIWANI POLICE,MJINI,PUBLIC,UNGUJA,KIZIMKAZI MKUNGUNI,168515,150584,388344.4,11.1,32.2,24.87,80.56,97.8,Makunduchi,False
KUSINI,2022,2,8,14,25.75,-6.25,39.53,Male,15-29 yrs,NO,Student,Other Household Member,ZIWANI POLICE,MJINI,PUBLIC,UNGUJA,BWEJUU,168940,150658,388344.4,6.05,31.92,25.2,79.18,97.8,Makunduchi,False
KUSINI,2022,2,9,21,29.33,-6.34,39.54,Female,30-44 yrs,NO,Business,Other Household Member,ZIWANI POLICE,MJINI,PUBLIC,UNGUJA,BWEJUU,169255,150757,388344.4,13.0,31.32,25.29,79.6,97.8,Makunduchi,False
KUSINI,2022,2,10,27,18.2,-6.43,39.53,Male,30-44 yrs,NO,Unemployed,Other Household Member,ZIWANI POLICE,MJINI,PUBLIC,UNGUJA,KIJINI,169540,150843,388344.4,40.31,31.71,25.06,82.3,97.8,Makunduchi,False
KUSINI,2022,3,10,1,18.86,-6.28,39.48,Male,15-29 yrs,NO,Business,Index Case,MUUNGONI PHCU,MJINI,PUBLIC,UNGUJA,KITOGANI,169634,150920,388344.4,0.0,33.51,25.9,76.33,97.8,Makunduchi,False
KUSINI,2022,3,11,6,24.73,-6.32,39.52,Male,30-44 yrs,NO,Business,Index Case,BWEJUU PHCU,MJINI,PUBLIC,UNGUJA,BWEJUU,169829,150950,388344.4,0.0,31.95,25.17,76.69,97.8,Makunduchi,False
KUSINI,2022,3,12,15,24.9,-6.27,39.48,Female,30-44 yrs,NO,Farmer,Index Case,JUMBI DISPENSARY,MJINI,PRIVATE,UNGUJA,PAJE,170406,151145,388344.4,0.44,32.58,25.03,77.63,97.8,Makunduchi,False
KUSINI,2022,3,13,21,25.8,-6.3,39.49,Male,15-29 yrs,NO,Watchman/Police,Index Case,JAMBIANI PHCU+,MJINI,PUBLIC,UNGUJA,JAMBIANI KIKADINI,170739,151297,388344.4,1.24,31.54,26.1,76.53,97.8,Makunduchi,False
KUSINI,2022,3,14,28,20.47,-6.29,39.51,Male,30-44 yrs,NO,Business,Index Case,AL-HAJI DISPENSARY,MJINI,PRIVATE,UNGUJA,PAJE,170970,151292,388344.4,0.0,32.21,25.97,77.54,97.8,Makunduchi,True
KUSINI,2022,4,15,3,17.5,-6.27,39.52,Male,15-29 yrs,NO,Farmer,Other Household Member,ZIWANI POLICE,MJINI,PUBLIC,UNGUJA,BWEJUU,171213,150884,388344.4,0.0,33.13,24.71,83.9,97.8,Makunduchi,False
KUSINI,2022,4,16,11,20.38,-6.34,39.48,Female,15-29 yrs,NO,Farmer,Other Household Member,ZIWANI POLICE,MJINI,PUBLIC,UNGUJA,MICHAMVI,171672,151446,388344.4,38.67,30.43,25.15,84.57,97.8,Makunduchi,False
KUSINI,2022,4,17,19,19.39,-6.38,39.52,Male,15-29 yrs,NO,Farmer,Index Case,MAKUNDUCHI DISTRICT HOSPITAL,MJINI,PUBLIC,UNGUJA,KAJENGWA,172002,151585,388344.4,63.79,30.19,24.49,83.58,97.8,Makunduchi,True
KUSINI,2022,4,18,25,29.94,-6.33,39.49,Male,15-29 yrs,NO,Student,Other Household Member,ZIWANI POLICE,MJINI,PUBLIC,UNGUJA,KAJENGWA,172227,151632,388344.4,48.47,30.03,24.95,84.12,97.8,Makunduchi,False
KUSINI,2022,5,19,2,22.32,-6.25,39.49,Male,30-44 yrs,NO,Business,Index Case,AL-HAJI DISPENSARY,MJINI,PRIVATE,UNGUJA,PAJE,172523,152162,388344.4,36.73,29.18,24.74,80.78,97.8,Makunduchi,False
KUSINI,2022,5,20,8,18.87,-6.28,39.49,Male,15-29 yrs,NO,Farmer,Other Household Member,ZIWANI POLICE,MJINI,PUBLIC,UNGUJA,PAJE,172685,151768,388344.4,11.63,30.75,25.2,80.55,97.8,Makunduchi,False
KUSINI,2022,5,21,15,19.22,-6.28,39.47,Male,< 5 yrs,NO,Other,Index Case,TASAKHTAA GLOBAL HOSPITAL,URBAN,PRIVATE,UNGUJA,PAJE,172972,151827,388344.4,0.0,30.07,25.88,81.12,97.8,Makunduchi,False
KUSINI,2022,5,22,24,27.4,-6.31,39.51,Female,15-29 yrs,NO,Housewife,Index Case,MUYUNI PHCU+,MJINI,PUBLIC,UNGUJA,MUYUNI C,173398,152057,388344.4,9.86,31.5,24.96,80.61,97.8,Makunduchi,False
KUSINI,2022,5,23,30,26.67,-6.37,39.52,Female,15-29 yrs,NO,Farmer,Index Case,MUUNGONI PHCU,MJINI,PUBLIC,UNGUJA,KIJINI,173753,152153,388344.4,15.72,30.56,25.12,80.9,97.8,Makunduchi,False
KUSINI,2022,6,23,1,27.0,-6.25,39.51,Female,45+ yrs,NO,Housewife,Other Household Member,ZIWANI POLICE,MJINI,PUBLIC,UNGUJA,PAJE,173863,152161,388344.4,41.48,31.11,23.88,80.07,97.8,Makunduchi,False
KUSINI,2022,6,24,5,25.61,-6.33,39.49,Male,45+ yrs,NO,Business,Index Case,AL-HAJI DISPENSARY,MJINI,PRIVATE,UNGUJA,PAJE,174062,152260,388344.4,26.1,28.82,24.2,79.35,97.8,Makunduchi,True
KUSINI,2022,6,25,13,26.75,-6.18,39.38,Male,15-29 yrs,NO,Other,Index Case,AL-HAJI DISPENSARY,MJINI,PRIVATE,UNGUJA,PAJE,174478,152375,388344.4,0.0,29.58,24.38,80.59,97.8,Makunduchi,False
KUSINI,2022,6,26,19,23.43,-6.22,39.36,Male,5-14 yrs,NO,Student,Index Case,MAKUNDUCHI DISTRICT HOSPITAL,MJINI,PUBLIC,UNGUJA,MUUNGONI,174741,152480,388344.4,0.0,29.72,24.64,78.69,97.8,Makunduchi,False
KUSINI,2022,6,27,26,33.44,-6.27,39.44,Female,30-44 yrs,NO,Unemployed,Index Case,MAKUNDUCHI DISTRICT HOSPITAL,MJINI,PUBLIC,UNGUJA,KIZIMKAZI DIMBANI,175034,1087,388344.4,0.0,28.75,24.49,79.84,97.8,Makunduchi,True
KUSINI,2022,7,27,1,25.0,-6.15,39.41,Male,45+ yrs,NO,Other,Other Household Member,ZIWANI POLICE,MJINI,PUBLIC,UNGUJA,MUYUNI B,175323,152585,388344.4,13.71,29.06,21.84,81.9,97.8,Makunduchi,False
KUSINI,2022,7,28,3,23.18,-6.21,39.44,Male,30-44 yrs,NO,Other,Index Case,MAKUNDUCHI DISTRICT HOSPITAL,MJINI,PUBLIC,UNGUJA,PAJE,175371,1089,388344.4,13.08,27.51,22.65,80.65,97.8,Makunduchi,True
KUSINI,2022,7,29,13,35.83,-6.27,39.5,Male,30-44 yrs,NO,Business,Index Case,BWEJUU PHCU,MJINI,PUBLIC,UNGUJA,BWEJUU,175746,1116,388344.4,5.73,27.09,21.43,80.0,97.8,Makunduchi,False
KUSINI,2022,7,30,19,27.5,-6.32,39.48,Male,45+ yrs,NO,Business,Index Case,PAJE PHCU,MJINI,PUBLIC,UNGUJA,PAJE,175915,1157,388344.4,13.63,27.84,22.6,80.28,97.8,Makunduchi,False
KUSINI,2022,7,31,25,24.33,-6.33,39.52,Female,5-14 yrs,NO,Other,Index Case,MUUNGONI PHCU,MJINI,PUBLIC,UNGUJA,KITOGANI,176090,1199,388344.4,0.0,28.01,22.51,80.56,97.8,Makunduchi,False
KUSINI,2022,7,32,31,21.5,-6.18,39.48,Male,15-29 yrs,NO,Other,Index case,PAJE MEDICAL CENTER,KUSINI,PUBLIC,UNGUJA,PAJE,NotInvest,1240,388344.4,0.0,26.97,21.72,81.15,97.8,Makunduchi,False
KUSINI,2022,8,32,1,26.15,-6.26,39.51,Male,15-29 yrs,NO,Other,Index Case,BWEJUU PHCU,MJINI,PUBLIC,UNGUJA,BWEJUU,176282,1246,388344.4,0.0,28.85,21.62,79.5,97.8,Makunduchi,False
KUSINI,2022,8,33,10,18.33,-6.13,39.3,Female,5-14 yrs,NO,Other,Index Case,BWEJUU PHCU,MJINI,PUBLIC,UNGUJA,DONGWE BWEJUU,176482,1323,388344.4,0.76,28.33,21.4,79.07,97.8,Makunduchi,False
KUSINI,2022,8,34,15,34.0,-6.22,39.43,Female,45+ yrs,NO,Farmer,Other Household Member,ZIWANI POLICE,MJINI,PUBLIC,UNGUJA,DONGWE BWEJUU,176607,1324,388344.4,3.38,28.7,21.35,80.33,97.8,Makunduchi,False
KUSINI,2022,8,35,23,18.38,-6.27,39.43,Male,< 5 yrs,NO,Under school age (<6 years),Index Case,MAKUNDUCHI DISTRICT HOSPITAL,MJINI,PUBLIC,UNGUJA,KITOGANI,176783,1405,388344.4,3.4,27.29,22.13,81.38,97.8,Makunduchi,False
KUSINI,2022,8,36,28,20.62,-6.34,39.49,Male,15-29 yrs,NO,Other,Index Case,PAJE MEDICAL CENTER,MJINI,PUBLIC,UNGUJA,PAJE,176883,1476,388344.4,0.0,28.01,21.92,79.64,97.8,Makunduchi,False
KUSINI,2022,9,36,1,29.5,-6.17,39.4,Male,30-44 yrs,NO,Other,Index Case,PAJE PHCU,MJINI,PUBLIC,UNGUJA,MUUNGONI,177032,1475,388344.4,0.0,29.42,21.68,74.68,97.8,Makunduchi,False
KUSINI,2022,9,37,7,24.0,-6.33,39.49,Male,15-29 yrs,NO,Other,Index Case,KIZIMKAZI MKUNGUNI PHCU,MJINI,PUBLIC,UNGUJA,KIZIMKAZI MKUNGUNI,177165,1523,388344.4,0.0,29.18,21.68,74.08,97.8,Makunduchi,False
KUSINI,2022,9,38,12,20.92,-6.3,39.47,Female,15-29 yrs,NO,Other,Index Case,JAMBIANI PHCU+,MJINI,PUBLIC,UNGUJA,JAMBIANI KIKADINI,177232,1541,388344.4,0.0,29.86,22.02,74.03,97.8,Makunduchi,False
KUSINI,2022,9,39,20,0.8,-5.98,39.34,Male,< 5 yrs,NO,Other,Index Case,JAMBIANI PHCU+,MJINI,PUBLIC,UNGUJA,JAMBIANI KIBIGIJA,177435,1619,388344.4,0.0,30.4,22.8,74.2,97.8,Makunduchi,False
KUSINI,2022,9,40,26,27.4,-6.14,39.39,Male,5-14 yrs,NO,Other,Index Case,MAKUNDUCHI DISTRICT HOSPITAL,MJINI,PUBLIC,UNGUJA,KIJINI,177519,1632,388344.4,0.0,30.01,23.16,75.58,97.8,Makunduchi,False
KUSINI,2022,10,41,6,31.0,-6.27,39.35,Female,30-44 yrs,NO,Unemployed,Index Case,MAKUNDUCHI DISTRICT HOSPITAL,MJINI,PUBLIC,UNGUJA,TASANI,177765,1723,388344.4,0.0,27.69,22.5,71.92,97.8,Makunduchi,False
KUSINI,2022,10,42,11,30.5,-6.27,39.49,Male,15-29 yrs,NO,Other,Index Case,MAKUNDUCHI DISTRICT HOSPITAL,MJINI,PUBLIC,UNGUJA,MZURI,177826,1728,388344.4,0.0,29.4,22.73,73.18,97.8,Makunduchi,False
KUSINI,2022,10,43,16,20.88,-6.18,39.43,Female,15-29 yrs,NO,Business,Index Case,BWEJUU PHCU,MJINI,PUBLIC,UNGUJA,DONGWE BWEJUU,177922,1754,388344.4,0.0,30.7,23.09,73.61,97.8,Makunduchi,False
KUSINI,2022,10,44,23,22.0,-6.08,39.36,Male,15-29 yrs,YES,Other,Index case,MAKUNDUCHI DISTRICT HOSPITAL,KUSINI,PUBLIC,UNGUJA,TASANI,NotInvest,1806,388344.4,0.0,29.32,23.03,73.26,97.8,Makunduchi,False
KUSINI,2022,10,45,30,18.5,-6.28,39.43,Female,5-14 yrs,NO,Student,Index Case,PAJE MEDICAL CENTER,MJINI,PUBLIC,UNGUJA,PAJE,178171,1842,388344.4,0.0,28.68,23.83,72.82,97.8,Makunduchi,False
KUSINI,2022,11,45,1,16.33,-6.28,39.43,Female,< 5 yrs,NO,Under school age (<6 years),Index Case,MICHAMVI PHCU,MJINI,PUBLIC,UNGUJA,MICHAMVI,178194,1847,388344.4,0.0,32.0,23.1,75.57,97.8,Makunduchi,False
KUSINI,2022,11,46,10,28.5,-6.24,39.47,Female,30-44 yrs,NO,Business,Index Case,JAMBIANI PHCU+,MJINI,PUBLIC,UNGUJA,JAMBIANI KIKADINI,178333,1903,388344.4,0.0,31.04,23.92,75.42,97.8,Makunduchi,False
KUSINI,2022,11,47,14,12.0,-6.28,39.49,Female,15-29 yrs,NO,Other,Other Household Member,ZIWANI POLICE,MJINI,PUBLIC,UNGUJA,JAMBIANI KIKADINI,178414,1903,388344.4,0.0,30.4,24.23,75.67,97.8,Makunduchi,False
KUSINI,2022,11,48,21,20.56,-6.24,39.45,Male,30-44 yrs,NO,Other,Other Household Member,ZIWANI POLICE,MJINI,PUBLIC,UNGUJA,KITOGANI,178531,1923,388344.4,12.04,30.41,24.49,75.8,97.8,Makunduchi,False
KUSINI,2022,11,49,27,39.5,-6.35,39.52,Female,15-29 yrs,NO,Farmer,Other Household Member,ZIWANI POLICE,MJINI,PUBLIC,UNGUJA,KAJENGWA,178677,1994,388344.4,27.42,30.92,24.22,74.72,97.8,Makunduchi,False
KUSINI,2022,12,49,3,19.5,-6.28,39.54,Male,15-29 yrs,NO,Other,Index Case,PAJE MEDICAL CENTER,MJINI,PUBLIC,UNGUJA,JAMBIANI KIBIGIJA,178809,2040,388344.4,0.0,32.22,24.64,77.95,97.8,Makunduchi,False
KUSINI,2022,12,50,5,27.0,-6.27,39.47,Male,45+ yrs,NO,Farmer,Other Household Member,ZIWANI POLICE,MJINI,PUBLIC,UNGUJA,PAJE,178824,2016,388344.4,0.0,30.56,25.25,77.74,97.8,Makunduchi,False
KUSINI,2022,12,51,11,19.25,-6.3,39.46,Female,5-14 yrs,NO,Under school age (<6 years),Other Household Member,ZIWANI POLICE,MJINI,PUBLIC,UNGUJA,KIZIMKAZI MKUNGUNI,178956,2191,388344.4,0.0,31.73,23.66,78.75,97.8,Makunduchi,False
KUSINI,2022,12,52,19,24.62,-6.35,39.44,Male,15-29 yrs,NO,Other,Index Case,MUYUNI PHCU+,MJINI,PUBLIC,UNGUJA,MUUNGONI,179169,2602,388344.4,0.0,32.16,25.24,77.64,97.8,Makunduchi,True
KUSINI,2022,12,53,28,31.0,-6.27,39.43,Male,30-44 yrs,NO,Business,Index Case,PAJE MEDICAL CENTER,MJINI,PUBLIC,UNGUJA,PAJE,179460,2267,388344.4,6.9,31.48,25.9,77.95,97.8,Makunduchi,False
KUSINI,2023,1,1,1,22.0,-6.22,39.45,Female,15-29 yrs,YES,Other,Index Case,PAJE MEDICAL CENTER,MJINI,PUBLIC,UNGUJA,PAJE,179566,2223,248000.0,4.63,32.21,26.64,79.19,94.0,Makunduchi,False
KUSINI,2023,1,2,9,23.26,-6.36,39.48,Female,30-44 yrs,NO,Business,Other Household Member,ZIWANI POLICE,MJINI,PUBLIC,UNGUJA,PAJE,179934,2333,248000.0,0.0,31.62,25.42,77.77,94.0,Makunduchi,True
KUSINI,2023,1,3,15,35.89,-6.31,39.46,Male,30-44 yrs,YES,Watchman/Police,Index Case,MAKUNDUCHI DISTRICT HOSPITAL,MJINI,PUBLIC,UNGUJA,KIZIMKAZI DIMBANI,180418,2663,248000.0,1.82,32.14,25.06,78.17,94.0,Makunduchi,True
KUSINI,2023,1,4,22,27.22,-6.36,39.48,Male,30-44 yrs,NO,Other,Other Household Member,ZIWANI POLICE,MJINI,PUBLIC,UNGUJA,KIZIMKAZI MKUNGUNI,180832,2650,248000.0,2.83,31.95,25.33,78.4,94.0,Makunduchi,True
KUSINI,2023,1,5,30,21.0,-6.29,39.46,Female,< 5 yrs,NO,Other,Index Case,KIZIMKAZI MKUNGUNI PHCU,MJINI,PUBLIC,UNGUJA,KIZIMKAZI MKUNGUNI,181361,2783,248000.0,0.0,31.66,25.43,78.49,94.0,Makunduchi,False
KUSINI,2023,2,5,1,34.88,-6.29,39.38,Male,30-44 yrs,NO,Farmer,Index Case,MAKUNDUCHI DISTRICT HOSPITAL,MJINI,PUBLIC,UNGUJA,MUYUNI A,181572,2941,248000.0,13.47,33.45,24.92,76.51,94.0,Makunduchi,False
KUSINI,2023,2,6,6,18.81,-6.35,39.48,Male,15-29 yrs,NO,Farmer,Other Household Member,ZIWANI POLICE,MJINI,PUBLIC,UNGUJA,PAJE,181773,2937,248000.0,18.08,33.0,24.87,75.65,94.0,Makunduchi,False
KUSINI,2023,2,7,12,27.33,-6.34,39.47,Male,45+ yrs,NO,Farmer,Other Household Member,ZIWANI POLICE,MJINI,PUBLIC,UNGUJA,PAJE,182127,3046,248000.0,13.37,31.82,24.46,75.53,94.0,Makunduchi,True
KUSINI,2023,2,8,19,26.66,-6.18,39.43,Male,15-29 yrs,YES,Other,Index Case,AL-HAJI DISPENSARY,MJINI,PRIVATE,UNGUJA,JAMBIANI KIBIGIJA,182469,3191,248000.0,0.0,32.56,25.36,75.15,94.0,Makunduchi,True
KUSINI,2023,2,9,26,23.64,-6.19,39.35,Male,15-29 yrs,NO,Watchman/Police,Index Case,MJI MPYA MEDICAL CLINIC,MJINI,PRIVATE,UNGUJA,PAJE,182817,3320,248000.0,0.0,32.06,23.62,74.76,94.0,Makunduchi,True
KUSINI,2023,3,9,1,25.83,-6.18,39.41,Male,15-29 yrs,NO,Other,Other Household Member,ZIWANI POLICE,MJINI,PUBLIC,UNGUJA,KITOGANI,182921,3243,248000.0,1.75,33.74,24.36,76.48,94.0,Makunduchi,True
KUSINI,2023,3,10,5,18.83,-6.28,39.43,Male,15-29 yrs,YES,Other,Index Case,KITOGANI DISTRICT HOSPITAL,MJINI,PUBLIC,UNGUJA,KITOGANI,183117,3425,248000.0,10.38,32.85,25.0,76.92,94.0,Makunduchi,True
KUSINI,2023,3,11,12,30.83,-6.18,39.41,Male,45+ yrs,NO,Other,Other Household Member,ZIWANI POLICE,MJINI,PUBLIC,UNGUJA,KITOGANI,183336,3425,248000.0,13.7,33.26,25.42,75.77,94.0,Makunduchi,False
KUSINI,2023,3,12,20,24.62,-6.12,39.4,Male,15-29 yrs,NO,Other,Index case,PAJE MEDICAL CENTER,KUSINI,PUBLIC,UNGUJA,Paje,NotInvest,3595,248000.0,8.52,31.51,25.96,75.79,94.0,Makunduchi,False
KUSINI,2023,3,13,26,22.32,-6.29,39.45,Female,15-29 yrs,YES,Business,Index Case,KITOGANI DISTRICT HOSPITAL,MJINI,PUBLIC,UNGUJA,MUYUNI C,183732,3651,248000.0,16.77,30.75,24.45,76.32,94.0,Makunduchi,True
KUSINI,2023,4,14,3,22.0,-6.2,39.42,Female,30-44 yrs,NO,Unemployed,Index Case,JAMBIANI PHCU+,MJINI,PUBLIC,UNGUJA,JAMBIANI KIBIGIJA,184119,3740,248000.0,18.68,31.46,25.53,86.73,94.0,Makunduchi,False
KUSINI,2023,4,15,9,28.32,-6.34,39.48,Male,45+ yrs,NO,Fisherman,Other Household Member,ZIWANI POLICE,MJINI,PUBLIC,UNGUJA,KIZIMKAZI DIMBANI,184184,3760,248000.0,27.79,31.67,25.72,86.36,94.0,Makunduchi,True
KUSINI,2023,4,16,16,21.97,-6.31,39.4,Male,15-29 yrs,NO,Other,Index case,PAJE MEDICAL CENTER,KUSINI,PUBLIC,UNGUJA,PAJE,NotInvest,3865,248000.0,72.77,28.88,25.24,86.74,94.0,Makunduchi,True
KUSINI,2023,4,17,24,32.21,-6.28,39.41,Female,< 5 yrs,NO,Under school age (<6 years),Other Household Member,ZIWANI POLICE,MJINI,PUBLIC,UNGUJA,MUUNGONI,184632,3903,248000.0,75.33,29.67,25.5,86.21,94.0,Makunduchi,True
KUSINI,2023,4,18,30,23.6,-6.4,39.42,Male,5-14 yrs,NO,Student,Index Case,KIZIMKAZI MKUNGUNI PHCU,MJINI,PUBLIC,UNGUJA,KIZIMKAZI MKUNGUNI,184872,4047,248000.0,148.83,28.54,24.24,86.1,94.0,Makunduchi,False
KUSINI,2023,5,18,1,20.37,-6.41,39.46,Male,15-29 yrs,NO,Watchman/Police,Index Case,MAKUNDUCHI DISTRICT HOSPITAL,MJINI,PUBLIC,UNGUJA,KIZIMKAZI MKUNGUNI,184918,4091,248000.0,40.14,31.1,24.98,82.3,94.0,Makunduchi,True
KUSINI,2023,5,19,7,26.41,-6.35,39.45,Male,15-29 yrs,NO,Fisherman,Index Case,KIZIMKAZI DIMBANI PHCU,MJINI,PUBLIC,UNGUJA,KIZIMKAZI DIMBANI,185274,4167,248000.0,25.82,30.25,25.08,82.27,94.0,Makunduchi,True
KUSINI,2023,5,20,15,25.86,-6.26,39.44,Male,15-29 yrs,YES,Business,Index Case,PAJE PHCU,MJINI,PUBLIC,UNGUJA,PAJE,185885,4621,248000.0,11.56,30.37,25.49,82.04,94.0,Makunduchi,True
KUSINI,2023,5,21,21,25.12,-6.24,39.48,Male,15-29 yrs,YES,Business,Index Case,EXPRESS MEDICAL HOSPITAL,MJINI,PUBLIC,UNGUJA,JAMBIANI KIBIGIJA,186326,4498,248000.0,10.29,30.39,24.89,82.7,94.0,Makunduchi,True
KUSINI,2023,5,22,28,27.96,-6.26,39.49,Male,45+ yrs,NO,Farmer,Other Household Member,ZIWANI POLICE,MJINI,PUBLIC,UNGUJA,MICHAMVI,186932,4467,248000.0,15.64,29.94,24.2,82.81,94.0,Makunduchi,True
KUSINI,2023,6,22,1,26.48,-6.24,39.43,Female,< 5 yrs,NO,Under school age (<6 years),Other Household Member,ZIWANI POLICE,MJINI,PUBLIC,UNGUJA,PAJE,187415,4683,248000.0,37.09,28.86,23.46,82.27,94.0,Makunduchi,True
KUSINI,2023,6,23,4,26.54,-6.25,39.43,Male,15-29 yrs,NO,Farmer,Index Case,KITOGANI DISTRICT HOSPITAL,MJINI,PUBLIC,UNGUJA,PAJE,187766,4898,248000.0,29.55,29.21,23.39,82.1,94.0,Makunduchi,True
KUSINI,2023,6,24,11,24.14,-6.26,39.45,Female,5-14 yrs,NO,Student,Index Case,MAKUNDUCHI DISTRICT HOSPITAL,MJINI,PUBLIC,UNGUJA,JAMBIANI KIBIGIJA,188499,5138,248000.0,0.0,29.23,23.95,82.68,94.0,Makunduchi,True
KUSINI,2023,6,25,18,24.35,-6.29,39.46,Female,5-14 yrs,NO,Student,Other Household Member,ZIWANI POLICE,MJINI,PUBLIC,UNGUJA,KIZIMKAZI DIMBANI,189376,5212,248000.0,0.0,29.99,23.49,82.21,94.0,Makunduchi,True
KUSINI,2023,6,26,25,23.42,-6.27,39.42,Male,5-14 yrs,YES,Student,Index Case,KITOGANI DISTRICT HOSPITAL,MJINI,PUBLIC,UNGUJA,MZURI,190489,5721,248000.0,17.98,28.95,24.25,82.01,94.0,Makunduchi,True
KUSINI,2023,7,26,1,22.58,-6.36,39.47,Female,30-44 yrs,NO,Business,Index Case,KIBWENI KMKM,MJINI,PUBLIC,UNGUJA,KITOGANI,191053,5959,248000.0,33.54,29.04,22.79,84.75,94.0,Makunduchi,False
KUSINI,2023,7,27,2,27.28,-6.21,39.42,Female,15-29 yrs,NO,Unemployed,Other Household Member,ZIWANI POLICE,MJINI,PUBLIC,UNGUJA,JAMBIANI KIKADINI,191111,5937,248000.0,31.78,28.4,23.33,82.99,94.0,Makunduchi,True
KUSINI,2023,7,28,10,28.32,-6.32,39.47,Male,15-29 yrs,NO,Unemployed,Index Case,PAJE MEDICAL CENTER,MJINI,PUBLIC,UNGUJA,MICHAMVI,192090,6203,248000.0,0.0,29.14,23.12,84.14,94.0,Makunduchi,True
KUSINI,2023,7,29,16,26.22,-6.2,39.43,Male,45+ yrs,NO,Other,Other Household Member,ZIWANI POLICE,MJINI,PUBLIC,UNGUJA,PAJE,192793,6346,248000.0,0.0,29.27,22.98,83.93,94.0,Makunduchi,True
KUSINI,2023,7,30,24,25.38,-6.31,39.42,Male,15-29 yrs,YES,Business,Index Case,BWEJUU PHCU,MJINI,PUBLIC,UNGUJA,BWEJUU,193871,6717,248000.0,0.0,28.67,22.65,83.91,94.0,Makunduchi,True
KUSINI,2023,7,31,30,25.0,-6.15,39.33,Female,15-29 yrs,NO,Farmer,Index Case,KITOGANI DISTRICT HOSPITAL,MJINI,PUBLIC,UNGUJA,KITOGANI,194668,6931,248000.0,0.0,29.11,23.41,83.18,94.0,Makunduchi,False
KUSINI,2023,8,31,1,16.78,-6.15,39.31,Male,5-14 yrs,YES,Business,Index Case,MTENDE PHCU,MJINI,PUBLIC,UNGUJA,MTENDE,194887,7593,248000.0,0.0,29.42,23.68,82.95,94.0,Makunduchi,True
KUSINI,2023,8,32,7,18.67,-6.3,39.5,Female,5-14 yrs,NO,Student,Other Household Member,ZIWANI POLICE,MJINI,PUBLIC,UNGUJA,PAJE,195616,7197,248000.0,3.24,29.41,23.55,82.47,94.0,Makunduchi,True
KUSINI,2023,8,33,13,23.75,-6.24,39.41,Female,15-29 yrs,NO,Business,Other Household Member,ZIWANI POLICE,MJINI,PUBLIC,UNGUJA,JAMBIANI KIBIGIJA,196254,7392,248000.0,8.31,29.75,22.01,81.29,94.0,Makunduchi,True
KUSINI,2023,8,34,21,22.31,-6.18,39.28,Female,15-29 yrs,YES,Farmer,Index Case,BWEJUU PHCU,MJINI,PUBLIC,UNGUJA,BWEJUU,197120,7693,248000.0,14.51,28.79,22.68,81.28,94.0,Makunduchi,True
KUSINI,2023,8,35,27,28.2,-6.18,39.39,Male,15-29 yrs,NO,Watchman/Police,Other Household Member,ZIWANI POLICE,MJINI,PUBLIC,UNGUJA,MICHAMVI,197578,7722,248000.0,0.0,29.16,22.42,81.68,94.0,Makunduchi,False
KUSINI,2023,9,35,1,22.0,-6.22,39.5,Male,15-29 yrs,NO,Other,Index Case,EXPRESS MEDICAL HOSPITAL,MJINI,PUBLIC,UNGUJA,MICHAMVI,198236,8025,248000.0,0.0,31.61,21.59,76.52,94.0,Makunduchi,False
KUSINI,2023,9,36,6,28.78,-6.19,39.34,Male,30-44 yrs,YES,Business,Index Case,JAMBIANI PHCU+,MJINI,PUBLIC,UNGUJA,JAMBIANI KIKADINI,198736,8171,248000.0,0.0,29.66,21.98,77.23,94.0,Makunduchi,False
KUSINI,2023,9,37,11,24.37,-6.15,39.42,Female,< 5 yrs,NO,Under school age (<6 years),Other Household Member,ZIWANI POLICE,MJINI,PUBLIC,UNGUJA,PAJE,199232,8286,248000.0,0.0,30.58,21.97,76.87,94.0,Makunduchi,False
KUSINI,2023,9,38,18,24.5,-6.28,39.43,Female,15-29 yrs,YES,Business,Index Case,KITOGANI DISTRICT HOSPITAL,MJINI,PUBLIC,UNGUJA,KITOGANI,199721,8481,248000.0,0.0,31.5,23.3,77.42,94.0,Makunduchi,False
KUSINI,2023,9,39,26,24.38,-6.25,39.41,Male,30-44 yrs,NO,Farmer,Index Case,KITOGANI DISTRICT HOSPITAL,MJINI,PUBLIC,UNGUJA,KITOGANI,200487,8668,248000.0,0.0,30.83,22.96,77.12,94.0,Makunduchi,False
KUSINI,2023,10,40,2,23.33,-6.26,39.44,Male,45+ yrs,NO,Housewife,Other Household Member,ZIWANI POLICE,MJINI,PUBLIC,UNGUJA,MICHAMVI,200846,8686,248000.0,9.7,30.63,24.64,74.6,94.0,Makunduchi,False
KUSINI,2023,10,41,8,27.76,-6.33,39.45,Female,5-14 yrs,NO,Other,Index Case,MUYUNI PHCU+,MJINI,PUBLIC,UNGUJA,MUYUNI A,201309,8853,248000.0,2.52,31.39,23.99,75.2,94.0,Makunduchi,True
KUSINI,2023,10,42,16,27.27,-6.28,39.45,Male,15-29 yrs,NO,Farmer,Other Household Member,ZIWANI POLICE,MJINI,PUBLIC,UNGUJA,BWEJUU,202116,9051,248000.0,0.0,31.66,24.0,74.18,94.0,Makunduchi,False
KUSINI,2023,10,43,23,16.95,-6.21,39.46,Male,< 5 yrs,NO,Under school age (<6 years),Index Case,BWEJUU PHCU,MJINI,PUBLIC,UNGUJA,BWEJUU,202852,9320,248000.0,0.0,31.02,24.59,76.28,94.0,Makunduchi,True
KUSINI,2023,10,44,30,22.5,-6.15,39.44,Female,15-29 yrs,YES,Business,Index Case,JAMBIANI PHCU+,MJINI,PUBLIC,UNGUJA,JAMBIANI KIBIGIJA,203474,9523,248000.0,0.0,30.55,24.3,75.35,94.0,Makunduchi,False
KUSINI,2023,11,44,1,26.83,-6.09,39.36,Male,30-44 yrs,NO,Farmer,Index Case,KIZIMKAZI MKUNGUNI PHCU,MJINI,PUBLIC,UNGUJA,KIZIMKAZI MKUNGUNI,203668,11004,248000.0,41.38,27.87,25.35,84.2,94.0,Makunduchi,False
KUSINI,2023,11,45,6,20.53,-6.23,39.4,Male,< 5 yrs,NO,Under school age (<6 years),Index Case,PAJE PHCU,MJINI,PUBLIC,UNGUJA,PAJE,203994,9732,248000.0,43.63,29.32,25.81,82.94,94.0,Makunduchi,False
KUSINI,2023,11,46,12,32.17,-6.27,39.44,Male,15-29 yrs,NO,Farmer,Index Case,KITOGANI DISTRICT HOSPITAL,MJINI,PUBLIC,UNGUJA,MUUNGONI,204857,11229,248000.0,43.87,30.31,24.54,82.84,94.0,Makunduchi,False
KUSINI,2023,11,47,19,22.44,-6.22,39.42,Female,30-44 yrs,NO,Housewife,Other Household Member,ZIWANI POLICE,MJINI,PUBLIC,UNGUJA,BWEJUU,205750,10274,248000.0,20.98,29.91,24.2,82.51,94.0,Makunduchi,True
KUSINI,2023,11,48,26,25.56,-6.21,39.44,Male,15-29 yrs,NO,Farmer,Other Household Member,ZIWANI POLICE,MJINI,PUBLIC,UNGUJA,MUUNGONI,206795,11229,248000.0,9.6,30.7,24.28,82.49,94.0,Makunduchi,True
KUSINI,2023,12,48,1,21.75,-6.2,39.43,Female,15-29 yrs,NO,Farmer,Index Case,KIZIMKAZI DIMBANI PHCU,MJINI,PUBLIC,UNGUJA,KIZIMKAZI DIMBANI,207927,11877,248000.0,10.76,31.14,23.7,81.45,94.0,Makunduchi,False
KUSINI,2023,12,49,4,24.22,-6.21,39.48,Male,30-44 yrs,NO,Business,Other Household Member,ZIWANI POLICE,MJINI,PUBLIC,UNGUJA,BWEJUU,208225,11667,248000.0,11.26,31.65,25.13,81.57,94.0,Makunduchi,True
KUSINI,2023,12,50,10,28.16,-6.25,39.49,Male,15-29 yrs,NO,Farmer,Index Case,PAJE MEDICAL CENTER,MJINI,PUBLIC,UNGUJA,BWEJUU,209848,13246,248000.0,10.71,31.12,24.82,80.97,94.0,Makunduchi,True
KUSINI,2023,12,51,17,25.03,-6.24,39.45,Male,15-29 yrs,NO,Farmer,Other Household Member,ZIWANI POLICE,MJINI,PUBLIC,UNGUJA,PAJE,211679,14367,248000.0,3.63,31.94,25.26,80.66,94.0,Makunduchi,True
KUSINI,2023,12,52,24,29.57,-6.21,39.43,Male,30-44 yrs,YES,Other,Index case,KITOGANI DISTRICT HOSPITAL,KUSINI,PUBLIC,UNGUJA,KITOGANI,NotInvest,17289,248000.0,16.3,31.45,25.79,81.02,94.0,Makunduchi,True
MAGHARIBI A,2018,1,1,1,21.86,-6.02,39.3,Male,5-14 yrs,NO,Other,Other Household Member,ZIWANI POLICE,MJINI,PUBLIC,UNGUJA,KIANGA,70536,116953,178072.0,1.44,33.13,25.46,73.48,95.0,KIZIMBANI-Zanzibar,True
MAGHARIBI A,2018,1,2,7,18.9,-6.06,39.28,Male,15-29 yrs,NO,Other,Index Case,MNAZI MMOJA HOSPITAL,MJINI,PUBLIC,UNGUJA,MBUZINI,70964,117299,178072.0,1.2,32.82,25.26,74.28,95.0,KIZIMBANI-Zanzibar,False
MAGHARIBI A,2018,1,3,14,19.53,-6.1,39.26,Female,5-14 yrs,YES,Other,Index Case,MINA DISPENSARY,MJINI,PRIVATE,UNGUJA,MTO PEPO,71286,117649,178072.0,0.16,32.26,25.53,73.81,95.0,KIZIMBANI-Zanzibar,True
MAGHARIBI A,2018,1,4,21,17.67,-6.1,39.25,Female,30-44 yrs,NO,Other,Index Case,BUBUBU MEDICAL DISPENSARY,MJINI,PRIVATE,UNGUJA,BUBUBU,71656,117571,178072.0,0.0,32.52,25.12,75.42,95.0,KIZIMBANI-Zanzibar,True
MAGHARIBI A,2018,1,5,28,21.22,-6.06,39.29,Male,5-14 yrs,NO,Other,Other Household Member,ZIWANI POLICE,MJINI,PUBLIC,UNGUJA,MBUZINI,71931,117299,178072.0,0.0,32.1,25.82,75.05,95.0,KIZIMBANI-Zanzibar,False
MAGHARIBI A,2018,2,5,1,22.2,-6.04,39.3,Male,< 5 yrs,NO,Other,Index Case,KOANI DISPENSARY,CENTRAL,PRIVATE,UNGUJA,MWERA,72285,117833,178072.0,0.0,32.61,24.59,71.66,95.0,KIZIMBANI-Zanzibar,False
MAGHARIBI A,2018,2,6,5,22.37,-6.05,39.27,Male,5-14 yrs,NO,Other,Other Household Member,ZIWANI POLICE,MJINI,PUBLIC,UNGUJA,MWERA,72370,117702,178072.0,0.0,32.3,25.11,72.56,95.0,KIZIMBANI-Zanzibar,True
MAGHARIBI A,2018,2,7,11,25.67,-6.04,39.3,Male,< 5 yrs,NO,Other,Index Case,MICHENZANI DISPENSARY,URBAN,PRIVATE,UNGUJA,MTONI,72610,117944,178072.0,1.59,31.13,25.36,72.92,95.0,KIZIMBANI-Zanzibar,False
MAGHARIBI A,2018,2,8,19,27.32,-6.09,39.27,Male,15-29 yrs,NO,Other,Index Case,AL-NAJID DISPENSARY,MJINI,PRIVATE,UNGUJA,MTONI,72851,118032,178072.0,1.54,31.59,25.33,72.77,95.0,KIZIMBANI-Zanzibar,False
MAGHARIBI A,2018,2,9,25,20.43,-6.15,39.24,Female,45+ yrs,NO,Other,Other Household Member,ZIWANI POLICE,MJINI,PUBLIC,UNGUJA,WELEZO,72979,118064,178072.0,0.0,32.21,26.01,72.43,95.0,KIZIMBANI-Zanzibar,False
MAGHARIBI A,2018,3,9,1,21.93,-6.1,39.25,Male,15-29 yrs,NO,Other,Other Household Member,ZIWANI POLICE,MJINI,PUBLIC,UNGUJA,MTO PEPO,73101,118095,178072.0,0.66,32.45,25.51,77.31,95.0,KIZIMBANI-Zanzibar,False
MAGHARIBI A,2018,3,10,4,31.33,-6.15,39.22,Male,45+ yrs,YES,Other,Index Case,ASSA-KHERI DISPENSARY,MJINI,PRIVATE,UNGUJA,DOLE,73196,118166,178072.0,2.95,32.58,24.85,76.8,95.0,KIZIMBANI-Zanzibar,False
MAGHARIBI A,2018,3,11,11,19.22,-6.13,39.24,Female,30-44 yrs,NO,Other,Other Household Member,ZIWANI POLICE,MJINI,PUBLIC,UNGUJA,DOLE,73346,118166,178072.0,4.19,32.65,25.22,77.47,95.0,KIZIMBANI-Zanzibar,False
MAGHARIBI A,2018,3,12,19,24.88,-6.09,39.24,Male,15-29 yrs,NO,Other,Index Case,MINA DISPENSARY,MJINI,PRIVATE,UNGUJA,MTO PEPO,73467,116010,178072.0,6.33,33.94,25.03,76.52,95.0,KIZIMBANI-Zanzibar,False
MAGHARIBI A,2018,3,13,25,21.85,-6.15,39.22,Male,15-29 yrs,NO,Other,Other Household Member,ZIWANI POLICE,MJINI,PUBLIC,UNGUJA,MTO PEPO,73652,115866,178072.0,13.56,33.73,25.41,77.34,95.0,KIZIMBANI-Zanzibar,False
MAGHARIBI A,2018,4,14,2,16.64,-6.12,39.24,Female,30-44 yrs,NO,Other,Index Case,MNAZI MMOJA HOSPITAL,MJINI,PUBLIC,UNGUJA,MWERA,73902,118381,178072.0,17.06,32.7,25.3,86.72,95.0,KIZIMBANI-Zanzibar,True
MAGHARIBI A,2018,4,15,8,23.0,-6.1,39.25,Male,5-14 yrs,NO,Other,Index Case,BUBUBU MEDICAL DISPENSARY,MJINI,PRIVATE,UNGUJA,BUBUBU,74107,118442,178072.0,9.22,30.46,24.8,86.62,95.0,KIZIMBANI-Zanzibar,False
MAGHARIBI A,2018,4,16,16,21.06,-6.11,39.24,Female,30-44 yrs,NO,Other,Other Household Member,ZIWANI POLICE,MJINI,PUBLIC,UNGUJA,MTO PEPO,74485,117792,178072.0,26.14,30.96,24.5,86.2,95.0,KIZIMBANI-Zanzibar,True
MAGHARIBI A,2018,4,17,22,24.96,-6.1,39.24,Male,5-14 yrs,NO,Other,Index Case,MINA DISPENSARY,MJINI,PRIVATE,UNGUJA,MTONI KIDATU,74850,118641,178072.0,18.69,31.67,24.99,87.32,95.0,KIZIMBANI-Zanzibar,False
MAGHARIBI A,2018,4,18,29,19.25,-6.06,39.29,Female,5-14 yrs,NO,Other,Index Case,MINA DISPENSARY,MJINI,PRIVATE,UNGUJA,MTO PEPO,75251,118712,178072.0,0.0,30.28,25.38,87.64,95.0,KIZIMBANI-Zanzibar,False
MAGHARIBI A,2018,5,18,2,22.86,-6.07,39.28,Male,< 5 yrs,NO,Other,Index Case,SELEM PHCU+,WEST,PUBLIC,UNGUJA,MFENESINI,75426,118719,178072.0,26.36,29.19,24.34,83.63,95.0,KIZIMBANI-Zanzibar,False
MAGHARIBI A,2018,5,19,6,22.85,-6.08,39.25,Male,15-29 yrs,NO,Other,Other Household Member,ZIWANI POLICE,MJINI,PUBLIC,UNGUJA,DOLE,75621,118681,178072.0,27.99,29.82,25.23,83.04,95.0,KIZIMBANI-Zanzibar,True
MAGHARIBI A,2018,5,20,13,21.75,-6.12,39.25,Female,45+ yrs,NO,Other,Other Household Member,ZIWANI POLICE,MJINI,PUBLIC,UNGUJA,KIANGA,76016,118848,178072.0,24.69,29.66,24.98,82.57,95.0,KIZIMBANI-Zanzibar,True
MAGHARIBI A,2018,5,21,20,24.69,-6.09,39.24,Male,15-29 yrs,NO,Other,Index Case,MNAZI MMOJA HOSPITAL,MJINI,PUBLIC,UNGUJA,BUBUBU,76751,119142,178072.0,7.34,29.84,24.01,82.71,95.0,KIZIMBANI-Zanzibar,True
MAGHARIBI A,2018,5,22,27,24.08,-6.08,39.25,Female,< 5 yrs,NO,Other,Other Household Member,ZIWANI POLICE,MJINI,PUBLIC,UNGUJA,MTONI,77241,119170,178072.0,5.72,29.78,24.69,82.58,95.0,KIZIMBANI-Zanzibar,True
MAGHARIBI A,2018,6,22,1,22.0,-5.98,39.34,Male,< 5 yrs,NO,Other,Index Case,UTAPOA DISPENSARY,URBAN,PRIVATE,UNGUJA,MWERA,77588,119367,178072.0,0.0,30.16,23.79,72.4,95.0,KIZIMBANI-Zanzibar,False
MAGHARIBI A,2018,6,23,3,19.91,-6.1,39.25,Male,15-29 yrs,NO,Other,Index Case,BUBUBU MEDICAL DISPENSARY,MJINI,PRIVATE,UNGUJA,CHUINI,77644,119377,178072.0,1.3,29.67,24.49,72.29,95.0,KIZIMBANI-Zanzibar,True
MAGHARIBI A,2018,6,24,10,23.33,-6.08,39.24,Female,5-14 yrs,NO,Other,Other Household Member,ZIWANI POLICE,MJINI,PUBLIC,UNGUJA,CHUINI,78174,118890,178072.0,2.97,29.43,23.82,73.78,95.0,KIZIMBANI-Zanzibar,True
MAGHARIBI A,2018,6,25,17,24.52,-6.05,39.28,Male,< 5 yrs,NO,Other,Index Case,BUBUBU MEDICAL DISPENSARY,WEST,PRIVATE,UNGUJA,BUBUBU,78613,119601,178072.0,0.0,29.39,23.52,73.04,95.0,KIZIMBANI-Zanzibar,True
MAGHARIBI A,2018,6,26,24,25.0,-6.01,39.31,Female,30-44 yrs,NO,Other,Other Household Member,ZIWANI POLICE,MJINI,PUBLIC,UNGUJA,BUBUBU,79201,119667,178072.0,0.74,29.37,23.63,73.91,95.0,KIZIMBANI-Zanzibar,True
MAGHARIBI A,2018,7,27,1,24.6,-6.04,39.28,Male,< 5 yrs,NO,Other,Index Case,BUBUBU MEDICAL DISPENSARY,WEST,PRIVATE,UNGUJA,KIJICHI,79794,120096,178072.0,8.11,30.21,23.7,71.66,95.0,KIZIMBANI-Zanzibar,True
MAGHARIBI A,2018,7,28,8,20.42,-6.06,39.27,Male,30-44 yrs,NO,Other,Index Case,MAFUNZO-MAKAOO MAKUU,MJINI,PUBLIC,UNGUJA,MTONI KIDATU,80323,120298,178072.0,0.92,29.73,23.91,71.77,95.0,KIZIMBANI-Zanzibar,True
MAGHARIBI A,2018,7,29,15,22.43,-6.09,39.24,Male,30-44 yrs,NO,Other,Index Case,KIBWENI KMKM,MJINI,PUBLIC,UNGUJA,KIHINANI,80804,120595,178072.0,0.2,28.93,23.91,71.63,95.0,KIZIMBANI-Zanzibar,True
MAGHARIBI A,2018,7,30,22,20.09,-6.1,39.24,Male,15-29 yrs,NO,Other,Other Household Member,ZIWANI POLICE,MJINI,PUBLIC,UNGUJA,MTONI KIDATU,81264,120596,178072.0,0.2,28.65,23.05,70.74,95.0,KIZIMBANI-Zanzibar,True
MAGHARIBI A,2018,7,31,30,22.0,-5.98,39.34,Male,< 5 yrs,NO,Other,Index Case,MWERA PHCU+,CENTRAL,PUBLIC,UNGUJA,KIANGA,81668,120817,178072.0,0.5,29.28,23.67,72.22,95.0,KIZIMBANI-Zanzibar,False
MAGHARIBI A,2018,8,31,1,21.51,-6.06,39.27,Male,30-44 yrs,YES,Other,Index Case,MNAZI MMOJA HOSPITAL,MJINI,PUBLIC,UNGUJA,MTONI,81817,120941,178072.0,0.0,29.24,23.34,74.43,95.0,KIZIMBANI-Zanzibar,True
MAGHARIBI A,2018,8,32,5,22.75,-6.07,39.28,Male,< 5 yrs,NO,Other,Index Case,MINA DISPENSARY,WEST,PRIVATE,UNGUJA,MTONI KIDATU,81938,120919,178072.0,0.07,29.46,23.16,73.68,95.0,KIZIMBANI-Zanzibar,True
MAGHARIBI A,2018,8,33,12,24.78,-6.11,39.25,Male,15-29 yrs,NO,Other,Other Household Member,ZIWANI POLICE,MJINI,PUBLIC,UNGUJA,BUBUBU,82204,120961,178072.0,0.38,29.16,22.8,73.55,95.0,KIZIMBANI-Zanzibar,True
MAGHARIBI A,2018,8,34,20,18.91,-6.03,39.31,Male,< 5 yrs,NO,Other,Index Case,BUBUBU MEDICAL DISPENSARY,WEST,PRIVATE,UNGUJA,KIHINANI,82758,121191,178072.0,0.12,29.3,23.8,75.45,95.0,KIZIMBANI-Zanzibar,True
MAGHARIBI A,2018,8,35,26,23.61,-6.03,39.28,Female,< 5 yrs,NO,Other,Index Case,MWERA PHCU+,MJINI,PUBLIC,UNGUJA,KIANGA,82968,121285,178072.0,2.86,29.53,23.2,74.69,95.0,KIZIMBANI-Zanzibar,True
MAGHARIBI A,2018,9,35,1,22.0,-5.98,39.34,Male,< 5 yrs,NO,Other,Index Case,MBUZINI DISPENSARY,WEST,PRIVATE,UNGUJA,MBUZINI,83195,121348,178072.0,0.88,29.64,22.74,68.05,95.0,KIZIMBANI-Zanzibar,False
MAGHARIBI A,2018,9,36,2,25.14,-6.04,39.28,Male,< 5 yrs,NO,Other,Index Case,ZANZIBAR CLINIC,WEST,PRIVATE,UNGUJA,MWERA,83231,121364,178072.0,0.9,28.85,22.82,67.6,95.0,KIZIMBANI-Zanzibar,True
MAGHARIBI A,2018,9,37,9,20.38,-6.09,39.26,Female,30-44 yrs,NO,Other,Index Case,ZANZIBAR CLINIC,MJINI,PRIVATE,UNGUJA,KIANGA,83427,121452,178072.0,0.5,29.41,23.28,67.83,95.0,KIZIMBANI-Zanzibar,True
MAGHARIBI A,2018,9,38,16,20.4,-6.06,39.29,Male,< 5 yrs,NO,Other,Index Case,JUMBI DISPENSARY,CENTRAL,PRIVATE,UNGUJA,MWERA,83695,121530,178072.0,3.5,29.54,22.19,69.11,95.0,KIZIMBANI-Zanzibar,True
MAGHARIBI A,2018,9,39,23,26.74,-6.06,39.26,Male,< 5 yrs,NO,Other,Index Case,MINA DISPENSARY,WEST,PRIVATE,UNGUJA,MTO PEPO,83893,121636,178072.0,1.55,29.66,23.0,68.18,95.0,KIZIMBANI-Zanzibar,True
MAGHARIBI A,2018,9,40,30,2.0,-6.16,39.19,Male,< 5 yrs,NO,Other,Index Case,BUBUBU MEDICAL DISPENSARY,MJINI,PRIVATE,UNGUJA,MBUZINI,84095,121726,178072.0,1.35,29.57,23.15,70.15,95.0,KIZIMBANI-Zanzibar,False
MAGHARIBI A,2018,10,40,1,19.19,-6.06,39.27,Female,15-29 yrs,NO,Other,Other Household Member,ZIWANI POLICE,MJINI,PUBLIC,UNGUJA,BUBUBU,84150,121725,178072.0,2.31,29.97,23.91,73.84,95.0,KIZIMBANI-Zanzibar,True
MAGHARIBI A,2018,10,41,7,21.73,-6.05,39.3,Male,< 5 yrs,NO,Other,Index Case,ASSA-KHERI DISPENSARY,URBAN,PRIVATE,UNGUJA,KIZIMBANI,84309,121806,178072.0,1.2,30.28,24.37,73.81,95.0,KIZIMBANI-Zanzibar,False
MAGHARIBI A,2018,10,42,14,23.3,-6.1,39.25,Male,< 5 yrs,YES,Other,Index Case,AL-RAHMA HOSPITAL,MJINI,PRIVATE,UNGUJA,BUBUBU,84501,121878,178072.0,1.46,29.14,23.31,73.52,95.0,KIZIMBANI-Zanzibar,True
MAGHARIBI A,2018,10,43,22,23.89,-6.08,39.25,Female,30-44 yrs,NO,Other,Other Household Member,ZIWANI POLICE,MJINI,PUBLIC,UNGUJA,MWERA,84727,121922,178072.0,4.67,29.97,23.39,74.49,95.0,KIZIMBANI-Zanzibar,True
MAGHARIBI A,2018,10,44,29,15.18,-6.1,39.25,Male,< 5 yrs,NO,Other,Index Case,MWERA PHCU+,MJINI,PUBLIC,UNGUJA,MWERA,84933,122014,178072.0,8.12,30.62,23.64,73.24,95.0,KIZIMBANI-Zanzibar,False
MAGHARIBI A,2018,11,44,1,17.33,-6.06,39.26,Female,5-14 yrs,NO,Other,Index Case,CHUINI PHCU,MJINI,PUBLIC,UNGUJA,CHUINI,85027,122035,178072.0,0.0,32.18,24.56,75.7,95.0,KIZIMBANI-Zanzibar,False
MAGHARIBI A,2018,11,45,4,21.06,-6.08,39.25,Male,< 5 yrs,NO,Other,Index Case,BUBUBU MEDICAL DISPENSARY,WEST,PRIVATE,UNGUJA,BUBUBU,85093,122064,178072.0,0.0,31.58,24.1,77.31,95.0,KIZIMBANI-Zanzibar,False
MAGHARIBI A,2018,11,46,11,22.38,-6.02,39.29,Male,< 5 yrs,NO,Other,Index Case,MINA DISPENSARY,WEST,PRIVATE,UNGUJA,MTO PEPO,85377,122131,178072.0,0.61,31.21,24.38,77.52,95.0,KIZIMBANI-Zanzibar,True
MAGHARIBI A,2018,11,47,20,25.33,-6.08,39.26,Male,15-29 yrs,NO,Other,Index Case,MBUZINI PHCU,MJINI,PUBLIC,UNGUJA,KIZIMBANI,85598,122206,178072.0,5.6,32.0,24.93,75.86,95.0,KIZIMBANI-Zanzibar,False
MAGHARIBI A,2018,11,48,25,22.58,-6.05,39.29,Male,< 5 yrs,NO,Other,Index Case,ALTABIB DISPENSARY,URBAN,PRIVATE,UNGUJA,WELEZO,85748,122258,178072.0,3.99,31.92,24.76,78.0,95.0,KIZIMBANI-Zanzibar,False
MAGHARIBI A,2018,12,48,1,22.0,-5.98,39.34,Male,< 5 yrs,NO,Other,Index Case,KIBWENI KMKM,WEST,PUBLIC,UNGUJA,KIBWENI,85897,122302,178072.0,1.36,32.76,24.32,75.8,95.0,KIZIMBANI-Zanzibar,False
MAGHARIBI A,2018,12,49,2,18.08,-6.09,39.25,Male,< 5 yrs,NO,Other,Index Case,BUBUBU MEDICAL DISPENSARY,WEST,PRIVATE,UNGUJA,KIKAANGONI,85902,122307,178072.0,1.24,31.92,24.69,76.21,95.0,KIZIMBANI-Zanzibar,True
MAGHARIBI A,2018,12,50,9,22.04,-6.11,39.26,Male,15-29 yrs,NO,Other,Other Household Member,ZIWANI POLICE,MJINI,PUBLIC,UNGUJA,BUMBWISUDI,86177,122384,178072.0,1.52,32.26,25.22,75.14,95.0,KIZIMBANI-Zanzibar,True
MAGHARIBI A,2018,12,51,16,23.15,-6.0,39.32,Male,5-14 yrs,NO,Other,Index Case,BUMBWISUDI PHCU,MJINI,PUBLIC,UNGUJA,BUMBWISUDI,86550,122704,178072.0,3.29,31.94,24.48,76.71,95.0,KIZIMBANI-Zanzibar,True
MAGHARIBI A,2018,12,52,24,21.71,-6.04,39.3,Male,5-14 yrs,NO,Student,Other Household Member,ZIWANI POLICE,MJINI,PUBLIC,UNGUJA,BUMBWISUDI,86909,122604,178072.0,1.44,32.36,24.8,76.54,95.0,KIZIMBANI-Zanzibar,True
MAGHARIBI A,2018,12,53,31,33.0,-6.07,39.28,Male,30-44 yrs,NO,Other,Index Case,BUMBWISUDI PHCU,MJINI,PUBLIC,UNGUJA,BUMBWISUDI,87171,122703,178072.0,0.0,32.07,25.82,76.05,95.0,KIZIMBANI-Zanzibar,False
MAGHARIBI A,2019,1,1,2,16.62,-6.09,39.26,Female,15-29 yrs,NO,Other,Other Household Member,ZIWANI POLICE,MJINI,PUBLIC,UNGUJA,CHUINI,87272,122490,222374.0,4.09,32.44,26.34,69.56,95.2,KIZIMBANI-Zanzibar,False
MAGHARIBI A,2019,1,2,7,19.57,-6.12,39.26,Male,5-14 yrs,NO,Other,Other Household Member,ZIWANI POLICE,MJINI,PUBLIC,UNGUJA,MWERA,87613,122694,222374.0,1.26,33.78,26.09,69.36,95.2,KIZIMBANI-Zanzibar,True
MAGHARIBI A,2019,1,3,13,21.5,-6.11,39.26,Male,15-29 yrs,NO,Other,Index Case,ASSA-KHERI DISPENSARY,MJINI,PRIVATE,UNGUJA,MTO PEPO,88208,122903,222374.0,1.26,32.41,26.2,69.4,95.2,KIZIMBANI-Zanzibar,True
MAGHARIBI A,2019,1,4,20,22.18,-6.09,39.27,Male,30-44 yrs,NO,Other,Index Case,UTAPOA DISPENSARY,MJINI,PRIVATE,UNGUJA,WELEZO,88624,123061,222374.0,5.94,32.79,25.74,69.42,95.2,KIZIMBANI-Zanzibar,True
MAGHARIBI A,2019,1,5,27,23.65,-6.08,39.27,Female,5-14 yrs,YES,Other,Index Case,KITOPE CHURCH DISPENSARY,MJINI,PRIVATE,UNGUJA,MFENESINI,89151,123166,222374.0,0.0,32.71,25.81,69.35,95.2,KIZIMBANI-Zanzibar,True
MAGHARIBI A,2019,2,5,1,26.67,-6.12,39.23,Male,30-44 yrs,NO,Other,Index Case,MWERA PHCU+,MJINI,PUBLIC,UNGUJA,KIANGA,89469,123224,222374.0,0.0,34.35,25.64,67.39,95.2,KIZIMBANI-Zanzibar,False
MAGHARIBI A,2019,2,6,3,21.69,-6.13,39.25,Male,5-14 yrs,NO,Other,Index Case,MNAZI MMOJA HOSPITAL,MJINI,PUBLIC,UNGUJA,MWERA,89518,123236,222374.0,1.03,33.95,24.58,66.53,95.2,KIZIMBANI-Zanzibar,True
MAGHARIBI A,2019,2,7,10,25.58,-6.08,39.27,Male,45+ yrs,NO,Other,Other Household Member,ZIWANI POLICE,MJINI,PUBLIC,UNGUJA,WELEZO,89749,123276,222374.0,4.78,31.49,24.7,67.34,95.2,KIZIMBANI-Zanzibar,True
MAGHARIBI A,2019,2,8,18,22.97,-6.03,39.28,Male,5-14 yrs,NO,Other,Other Household Member,ZIWANI POLICE,MJINI,PUBLIC,UNGUJA,MTONI KIDATU,90086,123363,222374.0,1.21,31.55,25.13,67.24,95.2,KIZIMBANI-Zanzibar,False
MAGHARIBI A,2019,2,9,25,25.8,-6.05,39.29,Male,15-29 yrs,YES,Other,Index Case,ALTABIB DISPENSARY,MJINI,PRIVATE,UNGUJA,WELEZO,90437,123511,222374.0,32.42,32.39,24.06,67.77,95.2,KIZIMBANI-Zanzibar,False
MAGHARIBI A,2019,3,9,1,28.25,-6.07,39.27,Male,30-44 yrs,NO,Other,Index Case,MWANAKWEREKWE KKKT DISPENSARY,MJINI,PRIVATE,UNGUJA,MTONI KIDATU,90568,123562,222374.0,6.84,34.66,24.42,70.81,95.2,KIZIMBANI-Zanzibar,False
MAGHARIBI A,2019,3,10,4,19.72,-6.04,39.31,Male,30-44 yrs,NO,Other,Index Case,KIZIMBANI PHCU,MJINI,PUBLIC,UNGUJA,KIANGA,90645,123531,222374.0,6.52,33.25,24.46,73.07,95.2,KIZIMBANI-Zanzibar,False
MAGHARIBI A,2019,3,11,10,19.69,-6.15,39.25,Male,15-29 yrs,NO,Other,Index Case,KUNDI DISPENSARY,MJINI,PRIVATE,UNGUJA,WELEZO,90839,123579,222374.0,0.0,33.13,25.26,73.86,95.2,KIZIMBANI-Zanzibar,False
MAGHARIBI A,2019,3,12,18,19.43,-6.11,39.26,Female,15-29 yrs,NO,Other,Index Case,BUBUBU MEDICAL DISPENSARY,MJINI,PRIVATE,UNGUJA,KIHINANI,91128,123657,222374.0,0.0,34.7,25.19,72.93,95.2,KIZIMBANI-Zanzibar,False
MAGHARIBI A,2019,3,13,24,19.85,-6.14,39.25,Male,30-44 yrs,YES,Other,Index Case,ASSA-KHERI DISPENSARY,MJINI,PRIVATE,UNGUJA,WELEZO,91327,123682,222374.0,3.31,34.93,26.11,72.44,95.2,KIZIMBANI-Zanzibar,False
MAGHARIBI A,2019,4,14,1,19.0,-6.0,39.33,Male,45+ yrs,NO,Other,Other Household Member,ZIWANI POLICE,MJINI,PUBLIC,UNGUJA,MBUZINI,91667,123708,222374.0,53.86,32.15,25.26,86.57,95.2,KIZIMBANI-Zanzibar,False
MAGHARIBI A,2019,4,15,8,21.86,-6.09,39.27,Male,30-44 yrs,NO,Other,Other Household Member,ZIWANI POLICE,MJINI,PUBLIC,UNGUJA,MFENESINI,91850,123752,222374.0,52.59,31.83,25.15,87.71,95.2,KIZIMBANI-Zanzibar,False
MAGHARIBI A,2019,4,16,14,20.11,-6.12,39.27,Female,30-44 yrs,YES,Other,Index Case,BUBUBU MEDICAL DISPENSARY,MJINI,PRIVATE,UNGUJA,KIZIMBANI,92017,123832,222374.0,28.71,31.35,25.62,86.89,95.2,KIZIMBANI-Zanzibar,True
MAGHARIBI A,2019,4,17,22,18.07,-6.1,39.26,Male,5-14 yrs,NO,Other,Other Household Member,ZIWANI POLICE,MJINI,PUBLIC,UNGUJA,MWERA,92261,123834,222374.0,10.24,32.15,25.5,86.97,95.2,KIZIMBANI-Zanzibar,False
MAGHARIBI A,2019,4,18,30,15.73,-5.98,39.34,Female,30-44 yrs,YES,Other,Index Case,MWERA PHCU+,MJINI,PUBLIC,UNGUJA,MWERA,92504,123973,222374.0,1.63,32.54,26.02,87.75,95.2,KIZIMBANI-Zanzibar,False
MAGHARIBI A,2019,5,18,1,24.07,-6.02,39.31,Male,< 5 yrs,NO,Other,Index Case,KIBWENI KMKM,WEST A,PUBLIC,UNGUJA,BUMBWISUDI,92506,123961,222374.0,159.11,31.34,24.8,86.36,95.2,KIZIMBANI-Zanzibar,False
MAGHARIBI A,2019,5,19,5,31.77,-6.03,39.3,Male,5-14 yrs,NO,Other,Index Case,BUMBWISUDI PHCU,MJINI,PUBLIC,UNGUJA,BUMBWISUDI,92674,124037,222374.0,140.84,30.06,25.11,85.32,95.2,KIZIMBANI-Zanzibar,True
MAGHARIBI A,2019,5,20,12,25.14,-6.1,39.25,Male,< 5 yrs,NO,Other,Index Case,MAFUNZO-MAKAOO MAKUU,URBAN,PUBLIC,UNGUJA,MTONI KIDATU,93015,124103,222374.0,108.35,28.69,25.37,86.9,95.2,KIZIMBANI-Zanzibar,True
MAGHARIBI A,2019,5,21,19,24.12,-6.08,39.28,Male,15-29 yrs,YES,Other,Index Case,MNAZI MMOJA HOSPITAL,MJINI,PUBLIC,UNGUJA,MWERA,93456,124199,222374.0,24.69,29.44,25.69,86.91,95.2,KIZIMBANI-Zanzibar,True
MAGHARIBI A,2019,5,22,26,21.52,-6.08,39.26,Female,30-44 yrs,NO,Other,Other Household Member,ZIWANI POLICE,MJINI,PUBLIC,UNGUJA,MBUZINI,93979,124300,222374.0,86.19,29.46,24.65,86.32,95.2,KIZIMBANI-Zanzibar,True
MAGHARIBI A,2019,6,22,1,22.38,-6.1,39.22,Male,< 5 yrs,NO,Other,Index Case,BUBUBU MEDICAL DISPENSARY,MJINI,PRIVATE,UNGUJA,DOLE,94351,124399,222374.0,0.0,29.95,23.69,71.1,95.2,KIZIMBANI-Zanzibar,False
MAGHARIBI A,2019,6,23,2,22.43,-6.07,39.28,Female,15-29 yrs,NO,Other,Other Household Member,ZIWANI POLICE,MJINI,PUBLIC,UNGUJA,KIANGA,94360,124352,222374.0,0.0,29.83,23.99,71.04,95.2,KIZIMBANI-Zanzibar,True
MAGHARIBI A,2019,6,24,9,24.81,-6.1,39.25,Female,30-44 yrs,NO,Other,Other Household Member,ZIWANI POLICE,MJINI,PUBLIC,UNGUJA,DOLE,94605,124406,222374.0,1.01,30.06,24.3,72.19,95.2,KIZIMBANI-Zanzibar,True
MAGHARIBI A,2019,6,25,16,20.15,-6.1,39.24,Male,15-29 yrs,NO,Other,Other Household Member,ZIWANI POLICE,MJINI,PUBLIC,UNGUJA,MTONI,95051,124400,222374.0,0.1,29.47,23.25,71.6,95.2,KIZIMBANI-Zanzibar,True
MAGHARIBI A,2019,6,26,24,21.18,-6.08,39.28,Male,< 5 yrs,NO,Other,Index Case,BUMBWISUDI PHCU,WEST A,PUBLIC,UNGUJA,BUMBWISUDI,95772,124804,222374.0,0.0,29.6,23.9,72.12,95.2,KIZIMBANI-Zanzibar,True
MAGHARIBI A,2019,6,27,30,25.38,-6.06,39.25,Female,5-14 yrs,YES,Student,Index Case,KIBWENI KMKM,MJINI,PUBLIC,UNGUJA,KIHINANI,96234,125050,222374.0,0.0,29.19,24.31,71.75,95.2,KIZIMBANI-Zanzibar,False
MAGHARIBI A,2019,7,27,1,18.64,-6.02,39.28,Female,5-14 yrs,NO,Other,Index Case,SELEM PHCU+,MJINI,PUBLIC,UNGUJA,MFENESINI,96386,125226,222374.0,1.26,29.8,23.59,68.7,95.2,KIZIMBANI-Zanzibar,True
MAGHARIBI A,2019,7,28,7,21.77,-6.09,39.25,Male,30-44 yrs,NO,Other,Index Case,KIBWENI KMKM,MJINI,PUBLIC,UNGUJA,CHUINI,96891,125342,222374.0,0.82,29.67,23.3,69.55,95.2,KIZIMBANI-Zanzibar,True
MAGHARIBI A,2019,7,29,14,26.98,-6.1,39.26,Male,30-44 yrs,NO,Civil Servant,Other Household Member,ZIWANI POLICE,MJINI,PUBLIC,UNGUJA,MTONI KIDATU,97308,125406,222374.0,10.14,29.33,23.26,68.62,95.2,KIZIMBANI-Zanzibar,True
MAGHARIBI A,2019,7,30,21,24.71,-6.1,39.25,Male,15-29 yrs,YES,Other,Index Case,M&J DISPENSARY,MJINI,PRIVATE,UNGUJA,MTONI KIDATU,98080,125691,222374.0,9.03,29.45,22.81,68.9,95.2,KIZIMBANI-Zanzibar,True
MAGHARIBI A,2019,7,31,28,21.71,-6.09,39.24,Male,< 5 yrs,NO,Other,Index Case,KIBWENI KMKM,WEST A,PUBLIC,UNGUJA,MWAKAJE,98797,125864,222374.0,0.0,28.77,23.05,68.47,95.2,KIZIMBANI-Zanzibar,True
MAGHARIBI A,2019,8,31,1,23.14,-6.08,39.26,Male,15-29 yrs,YES,Business,Index Case,RAHALEO PHCU+,MJINI,PUBLIC,UNGUJA,MWERA,99206,125983,222374.0,8.83,30.53,23.26,73.0,95.2,KIZIMBANI-Zanzibar,False
MAGHARIBI A,2019,8,32,4,23.11,-6.11,39.24,Female,30-44 yrs,NO,Other,Other Household Member,ZIWANI POLICE,MJINI,PUBLIC,UNGUJA,MFENESINI,99313,125223,222374.0,7.99,29.13,23.01,73.42,95.2,KIZIMBANI-Zanzibar,True
MAGHARIBI A,2019,8,33,11,25.86,-6.12,39.24,Male,15-29 yrs,YES,Other,Index Case,BUBUBU MEDICAL DISPENSARY,MJINI,PRIVATE,UNGUJA,MWAKAJE,99723,126127,222374.0,6.28,29.62,23.6,72.9,95.2,KIZIMBANI-Zanzibar,False
MAGHARIBI A,2019,8,34,18,21.58,-6.12,39.23,Female,15-29 yrs,YES,Other,Index Case,BUBUBU MEDICAL DISPENSARY,MJINI,PRIVATE,UNGUJA,KIHINANI,100135,126234,222374.0,4.59,29.2,23.6,72.77,95.2,KIZIMBANI-Zanzibar,False
MAGHARIBI A,2019,8,35,25,22.88,-6.11,39.25,Male,15-29 yrs,YES,Other,Index Case,GLORY DISPENSARY,MJINI,PRIVATE,UNGUJA,DOLE,100499,126352,222374.0,4.68,29.51,23.1,73.46,95.2,KIZIMBANI-Zanzibar,True
MAGHARIBI A,2019,9,36,1,26.0,-6.14,39.25,Male,15-29 yrs,NO,Other,Other Household Member,ZIWANI POLICE,MJINI,PUBLIC,UNGUJA,MWANYANYA,100754,126432,222374.0,3.15,29.01,21.47,74.3,95.2,KIZIMBANI-Zanzibar,False
MAGHARIBI A,2019,9,37,8,27.47,-6.1,39.24,Male,45+ yrs,NO,Other,Other Household Member,ZIWANI POLICE,MJINI,PUBLIC,UNGUJA,MTO PEPO,101092,126447,222374.0,28.07,30.33,21.48,74.38,95.2,KIZIMBANI-Zanzibar,True
MAGHARIBI A,2019,9,38,15,19.77,-6.09,39.26,Male,< 5 yrs,NO,Other,Index Case,MINA DISPENSARY,MJINI,PRIVATE,UNGUJA,WELEZO,101403,126636,222374.0,13.16,30.22,22.1,73.61,95.2,KIZIMBANI-Zanzibar,True
MAGHARIBI A,2019,9,39,23,25.43,-6.08,39.24,Female,15-29 yrs,YES,Business,Index Case,BUBUBU MEDICAL DISPENSARY,MJINI,PRIVATE,UNGUJA,KIBWENI,101706,126730,222374.0,14.12,30.46,23.41,73.34,95.2,KIZIMBANI-Zanzibar,True
MAGHARIBI A,2019,9,40,30,24.62,-6.14,39.29,Female,5-14 yrs,NO,Student,Other Household Member,ZIWANI POLICE,MJINI,PUBLIC,UNGUJA,MWERA,101863,126789,222374.0,43.31,29.0,23.31,73.1,95.2,KIZIMBANI-Zanzibar,False
MAGHARIBI A,2019,10,40,2,26.0,-6.06,39.26,Female,5-14 yrs,YES,Student,Index Case,UTAPOA DISPENSARY MFENESINI,MJINI,PRIVATE,UNGUJA,KAMA,101963,126837,222374.0,35.43,29.46,23.86,76.62,95.2,KIZIMBANI-Zanzibar,False
MAGHARIBI A,2019,10,41,6,24.42,-6.1,39.22,Female,15-29 yrs,NO,Student,Other Household Member,ZIWANI POLICE,MJINI,PUBLIC,UNGUJA,KAMA,102067,126837,222374.0,63.26,29.53,24.46,77.05,95.2,KIZIMBANI-Zanzibar,False
MAGHARIBI A,2019,10,42,13,23.04,-6.09,39.24,Male,< 5 yrs,YES,Other,Index Case,MAFUNZO-MAKAOO MAKUU,MJINI,PUBLIC,UNGUJA,MWERA,102247,126915,222374.0,91.67,29.04,24.44,78.26,95.2,KIZIMBANI-Zanzibar,True
MAGHARIBI A,2019,10,43,20,27.65,-6.1,39.26,Male,45+ yrs,YES,Other,Index Case,BUMBWISUDI PHCU,MJINI,PUBLIC,UNGUJA,MBUZINI,102678,127001,222374.0,33.85,29.76,23.69,76.89,95.2,KIZIMBANI-Zanzibar,True
MAGHARIBI A,2019,10,44,28,18.57,-6.11,39.25,Male,< 5 yrs,YES,Other,Index Case,ZIWANI POLICE,MJINI,PUBLIC,UNGUJA,MWERA,103043,127086,222374.0,18.28,30.2,23.81,77.27,95.2,KIZIMBANI-Zanzibar,True
MAGHARIBI A,2019,11,44,1,24.51,-6.1,39.25,Male,30-44 yrs,NO,Business,Other Household Member,ZIWANI POLICE,MJINI,PUBLIC,UNGUJA,MWERA,103154,127085,222374.0,67.45,32.01,25.61,77.85,95.2,KIZIMBANI-Zanzibar,False
MAGHARIBI A,2019,11,45,3,22.87,-6.08,39.25,Female,15-29 yrs,YES,Other,Index Case,MINA DISPENSARY,MJINI,PRIVATE,UNGUJA,MTONI KIDATU,103191,127106,222374.0,41.49,31.1,24.66,77.29,95.2,KIZIMBANI-Zanzibar,True
MAGHARIBI A,2019,11,46,10,25.51,-6.08,39.25,Male,45+ yrs,NO,Business,Other Household Member,ZIWANI POLICE,MJINI,PUBLIC,UNGUJA,MFENESINI,103504,127197,222374.0,2.52,31.02,24.84,76.95,95.2,KIZIMBANI-Zanzibar,True
MAGHARIBI A,2019,11,47,17,24.9,-6.07,39.26,Female,15-29 yrs,NO,Other,Other Household Member,ZIWANI POLICE,MJINI,PUBLIC,UNGUJA,MTO PEPO,103805,127255,222374.0,32.76,31.14,24.64,76.45,95.2,KIZIMBANI-Zanzibar,True
MAGHARIBI A,2019,11,48,24,24.62,-6.1,39.25,Female,30-44 yrs,NO,Business,Other Household Member,ZIWANI POLICE,MJINI,PUBLIC,UNGUJA,MWERA,104220,127395,222374.0,16.24,31.51,24.84,76.31,95.2,KIZIMBANI-Zanzibar,True
MAGHARIBI A,2019,12,49,1,25.0,-5.97,39.32,Male,15-29 yrs,YES,Business,Index Case,KIBWENI KMKM,MJINI,PUBLIC,UNGUJA,MTO PEPO,105026,127684,222374.0,51.03,32.48,24.27,75.16,95.2,KIZIMBANI-Zanzibar,True
MAGHARIBI A,2019,12,50,8,22.23,-6.08,39.25,Male,15-29 yrs,NO,Student,Index Case,KIBWENI KMKM,MJINI,PUBLIC,UNGUJA,BUBUBU,105714,127981,222374.0,32.55,33.13,24.84,75.61,95.2,KIZIMBANI-Zanzibar,True
MAGHARIBI A,2019,12,51,15,22.25,-6.08,39.25,Female,< 5 yrs,NO,Other,Other Household Member,ZIWANI POLICE,MJINI,PUBLIC,UNGUJA,KIJICHI,106752,128337,222374.0,62.02,31.76,25.01,75.37,95.2,KIZIMBANI-Zanzibar,True
MAGHARIBI A,2019,12,52,22,23.97,-6.07,39.27,Female,5-14 yrs,NO,Student,Other Household Member,ZIWANI POLICE,MJINI,PUBLIC,UNGUJA,BUMBWISUDI,108021,128548,222374.0,62.11,32.7,24.85,75.03,95.2,KIZIMBANI-Zanzibar,True
MAGHARIBI A,2019,12,53,29,23.29,-6.09,39.26,Male,< 5 yrs,NO,Other,Index Case,MNAZI MMOJA HOSPITAL,URBAN,PUBLIC,UNGUJA,DOLE,109353,129677,222374.0,20.73,31.96,25.59,77.21,95.2,KIZIMBANI-Zanzibar,True
MAGHARIBI A,2020,1,1,1,23.64,-6.06,39.26,Female,30-44 yrs,NO,Other,Other Household Member,ZIWANI POLICE,MJINI,PUBLIC,UNGUJA,MWERA,109877,129891,415012.0,0.0,33.1,25.51,74.69,96.9,KIZIMBANI-Zanzibar,True
MAGHARIBI A,2020,1,2,5,24.06,-6.08,39.26,Male,15-29 yrs,NO,Other,Index Case,AL-NAJID DISPENSARY,MJINI,PRIVATE,UNGUJA,MWANYANYA,110627,130313,415012.0,1.26,32.6,25.36,75.51,96.9,KIZIMBANI-Zanzibar,True
MAGHARIBI A,2020,1,3,12,21.31,-6.08,39.26,Female,30-44 yrs,NO,Other,Other Household Member,ZIWANI POLICE,MJINI,PUBLIC,UNGUJA,BUMBWISUDI,111896,130561,415012.0,35.71,32.02,25.25,74.49,96.9,KIZIMBANI-Zanzibar,True
MAGHARIBI A,2020,1,4,19,24.77,-6.07,39.26,Male,30-44 yrs,NO,Business,Other Household Member,ZIWANI POLICE,MJINI,PUBLIC,UNGUJA,KIHINANI,113594,131619,415012.0,93.11,31.48,25.91,74.26,96.9,KIZIMBANI-Zanzibar,True
MAGHARIBI A,2020,1,5,26,23.51,-6.09,39.25,Female,< 5 yrs,NO,Student,Index Case,BUBUBU MEDICAL DISPENSARY,MJINI,PRIVATE,UNGUJA,KIZIMBANI,115192,132582,415012.0,18.56,30.81,25.99,74.09,96.9,KIZIMBANI-Zanzibar,True
MAGHARIBI A,2020,2,5,1,25.09,-6.06,39.25,Female,5-14 yrs,NO,Student,Other Household Member,ZIWANI POLICE,MJINI,PUBLIC,UNGUJA,MBUZINI,116129,132937,415012.0,27.69,34.48,25.1,76.05,96.9,KIZIMBANI-Zanzibar,False
MAGHARIBI A,2020,2,6,2,20.94,-6.07,39.26,Female,5-14 yrs,NO,Student,Other Household Member,ZIWANI POLICE,MJINI,PUBLIC,UNGUJA,MFENESINI,116204,133172,415012.0,24.86,31.43,24.83,74.85,96.9,KIZIMBANI-Zanzibar,True
MAGHARIBI A,2020,2,7,9,19.97,-6.05,39.28,Female,15-29 yrs,NO,Other,Other Household Member,ZIWANI POLICE,MJINI,PUBLIC,UNGUJA,MTONI KIDATU,116942,132698,415012.0,10.54,31.49,24.82,75.02,96.9,KIZIMBANI-Zanzibar,True
MAGHARIBI A,2020,2,8,16,26.95,-6.07,39.26,Female,15-29 yrs,NO,Other,Other Household Member,ZIWANI POLICE,MJINI,PUBLIC,UNGUJA,KIANGA,117567,133650,415012.0,10.83,31.31,25.23,75.61,96.9,KIZIMBANI-Zanzibar,True
MAGHARIBI A,2020,2,9,23,25.32,-6.07,39.26,Male,15-29 yrs,NO,Other,Index Case,KVZ MTONI,MJINI,PUBLIC,UNGUJA,MTONI,118260,134301,415012.0,10.02,32.01,25.57,75.17,96.9,KIZIMBANI-Zanzibar,True
MAGHARIBI A,2020,3,10,1,20.57,-6.09,39.25,Male,15-29 yrs,NO,Fisherman,Other Household Member,ZIWANI POLICE,MJINI,PUBLIC,UNGUJA,MTONI,118884,134531,415012.0,6.01,32.06,25.34,78.67,96.9,KIZIMBANI-Zanzibar,True
MAGHARIBI A,2020,3,11,8,25.23,-6.1,39.24,Male,15-29 yrs,NO,Other,Index Case,KVZ MTONI,MJINI,PUBLIC,UNGUJA,MTONI,119551,134898,415012.0,17.33,31.68,25.26,78.45,96.9,KIZIMBANI-Zanzibar,True
MAGHARIBI A,2020,3,12,15,21.38,-6.09,39.25,Female,30-44 yrs,NO,Other,Other Household Member,ZIWANI POLICE,MJINI,PUBLIC,UNGUJA,MFENESINI,120151,135028,415012.0,29.43,31.91,25.36,78.52,96.9,KIZIMBANI-Zanzibar,True
MAGHARIBI A,2020,3,13,22,23.93,-6.11,39.24,Female,15-29 yrs,NO,Other,Other Household Member,ZIWANI POLICE,MJINI,PUBLIC,UNGUJA,BUBUBU,120755,135206,415012.0,38.34,31.54,25.5,78.7,96.9,KIZIMBANI-Zanzibar,True
MAGHARIBI A,2020,3,14,29,26.22,-6.13,39.23,Female,< 5 yrs,NO,Other,Other Household Member,ZIWANI POLICE,MJINI,PUBLIC,UNGUJA,MTO PEPO,121664,135377,415012.0,60.04,30.88,25.18,80.47,96.9,KIZIMBANI-Zanzibar,True
MAGHARIBI A,2020,4,14,1,22.0,-6.12,39.23,Female,30-44 yrs,NO,Other,Other Household Member,ZIWANI POLICE,MJINI,PUBLIC,UNGUJA,MBUZINI,122034,135477,415012.0,54.6,32.99,25.84,87.0,96.9,KIZIMBANI-Zanzibar,False
MAGHARIBI A,2020,4,15,5,24.01,-6.11,39.22,Female,15-29 yrs,NO,Other,Other Household Member,ZIWANI POLICE,MJINI,PUBLIC,UNGUJA,MTONI,122450,135624,415012.0,92.17,31.21,25.04,87.31,96.9,KIZIMBANI-Zanzibar,True
MAGHARIBI A,2020,4,16,12,26.47,-6.07,39.25,Male,30-44 yrs,NO,Business,Index Case,BUBUBU MEDICAL DISPENSARY,MJINI,PRIVATE,UNGUJA,CHUINI,123112,135881,415012.0,173.84,29.85,24.59,86.17,96.9,KIZIMBANI-Zanzibar,True
MAGHARIBI A,2020,4,17,19,23.59,-6.07,39.25,Male,5-14 yrs,YES,Student,Index Case,BUBUBU MEDICAL DISPENSARY,MJINI,PRIVATE,UNGUJA,MBUZINI,123791,136098,415012.0,234.86,29.09,24.37,86.14,96.9,KIZIMBANI-Zanzibar,True
MAGHARIBI A,2020,4,18,26,25.51,-6.08,39.24,Male,15-29 yrs,NO,Other,Index Case,BUBUBU MEDICAL DISPENSARY,MJINI,PRIVATE,UNGUJA,MBUZINI,124470,136279,415012.0,30.46,30.28,24.35,86.91,96.9,KIZIMBANI-Zanzibar,True
MAGHARIBI A,2020,5,18,1,24.14,-6.13,39.22,Male,30-44 yrs,NO,Business,Other Household Member,ZIWANI POLICE,MJINI,PUBLIC,UNGUJA,WELEZO,124937,136007,415012.0,87.98,30.49,24.97,83.57,96.9,KIZIMBANI-Zanzibar,False
MAGHARIBI A,2020,5,19,3,26.71,-6.1,39.25,Male,30-44 yrs,NO,Business,Other Household Member,ZIWANI POLICE,MJINI,PUBLIC,UNGUJA,KIJICHI,125066,133815,415012.0,65.59,29.4,24.92,83.86,96.9,KIZIMBANI-Zanzibar,True
MAGHARIBI A,2020,5,20,10,26.7,-6.09,39.24,Male,15-29 yrs,NO,Student,Other Household Member,ZIWANI POLICE,MJINI,PUBLIC,UNGUJA,KIJICHI,125636,134198,415012.0,6.17,29.32,24.65,83.63,96.9,KIZIMBANI-Zanzibar,True
MAGHARIBI A,2020,5,21,17,26.89,-6.12,39.24,Female,15-29 yrs,NO,Other,Other Household Member,ZIWANI POLICE,MJINI,PUBLIC,UNGUJA,MTONI,126348,136799,415012.0,21.96,29.58,24.23,83.85,96.9,KIZIMBANI-Zanzibar,True
MAGHARIBI A,2020,5,22,24,27.65,-6.1,39.23,Male,30-44 yrs,NO,Other,Index Case,ASSA-KHERI DISPENSARY,MJINI,PRIVATE,UNGUJA,KIANGA,127038,137116,415012.0,5.04,30.21,24.42,83.64,96.9,KIZIMBANI-Zanzibar,True
MAGHARIBI A,2020,5,23,31,21.17,-6.09,39.25,Female,15-29 yrs,NO,Other,Other Household Member,ZIWANI POLICE,MJINI,PUBLIC,UNGUJA,MTONI,127818,137321,415012.0,9.63,29.31,24.02,83.5,96.9,KIZIMBANI-Zanzibar,False
MAGHARIBI A,2020,6,23,1,26.41,-6.1,39.24,Male,45+ yrs,NO,Other,Index Case,KIANGA PHCU,MJINI,PUBLIC,UNGUJA,KIANGA,127980,137496,415012.0,0.0,30.14,24.86,77.76,96.9,KIZIMBANI-Zanzibar,True
MAGHARIBI A,2020,6,24,7,27.01,-6.11,39.23,Male,30-44 yrs,NO,Civil Servant,Other Household Member,ZIWANI POLICE,MJINI,PUBLIC,UNGUJA,KIJICHI,128521,137779,415012.0,0.42,29.38,25.1,77.33,96.9,KIZIMBANI-Zanzibar,True
MAGHARIBI A,2020,6,25,14,28.54,-6.11,39.23,Male,45+ yrs,NO,Business,Other Household Member,ZIWANI POLICE,MJINI,PUBLIC,UNGUJA,MASINGINI,129422,138157,415012.0,0.4,29.5,24.45,77.55,96.9,KIZIMBANI-Zanzibar,True
MAGHARIBI A,2020,6,26,21,22.98,-6.1,39.25,Male,15-29 yrs,NO,Student,Other Household Member,ZIWANI POLICE,MJINI,PUBLIC,UNGUJA,MTONI KIDATU,130266,138417,415012.0,0.47,28.77,23.68,77.43,96.9,KIZIMBANI-Zanzibar,True
MAGHARIBI A,2020,6,27,28,28.77,-6.09,39.24,Male,15-29 yrs,NO,Watchman/Police,Index Case,KIBWENI KMKM,MJINI,PUBLIC,UNGUJA,BUBUBU,131212,138985,415012.0,1.39,29.21,23.88,76.15,96.9,KIZIMBANI-Zanzibar,True
MAGHARIBI A,2020,7,27,1,26.25,-6.11,39.24,Male,45+ yrs,NO,Civil Servant,Other Household Member,ZIWANI POLICE,MJINI,PUBLIC,UNGUJA,MTO PEPO,131561,138873,415012.0,0.0,29.57,23.74,75.44,96.9,KIZIMBANI-Zanzibar,True
MAGHARIBI A,2020,7,28,5,26.65,-6.1,39.25,Female,15-29 yrs,NO,Other,Other Household Member,ZIWANI POLICE,MJINI,PUBLIC,UNGUJA,KIBWENI,132079,138977,415012.0,1.36,28.73,23.44,73.76,96.9,KIZIMBANI-Zanzibar,True
MAGHARIBI A,2020,7,29,12,22.88,-6.07,39.25,Female,< 5 yrs,YES,Other,Index Case,UTAPOA DISPENSARY MFENESINI,MJINI,PRIVATE,UNGUJA,MFENESINI,132924,139510,415012.0,3.54,28.41,23.51,74.4,96.9,KIZIMBANI-Zanzibar,True
MAGHARIBI A,2020,7,30,19,23.67,-6.11,39.24,Male,45+ yrs,NO,Other,Other Household Member,ZIWANI POLICE,MJINI,PUBLIC,UNGUJA,WELEZO,133532,139565,415012.0,6.75,27.97,23.31,75.07,96.9,KIZIMBANI-Zanzibar,True
MAGHARIBI A,2020,7,31,26,23.23,-6.1,39.24,Male,45+ yrs,NO,Civil Servant,Other Household Member,ZIWANI POLICE,MJINI,PUBLIC,UNGUJA,KIHINANI,134201,139952,415012.0,1.54,28.75,23.77,74.09,96.9,KIZIMBANI-Zanzibar,True
MAGHARIBI A,2020,8,31,1,38.33,-6.08,39.22,Female,15-29 yrs,NO,Other,Other Household Member,ZIWANI POLICE,MJINI,PUBLIC,UNGUJA,MWAKAJE,134689,140078,415012.0,2.05,30.59,22.5,76.85,96.9,KIZIMBANI-Zanzibar,False
MAGHARIBI A,2020,8,32,2,26.83,-6.11,39.23,Male,15-29 yrs,NO,Fisherman,Other Household Member,ZIWANI POLICE,MJINI,PUBLIC,UNGUJA,MTONI,134702,140082,415012.0,1.74,28.61,22.81,76.81,96.9,KIZIMBANI-Zanzibar,True
MAGHARIBI A,2020,8,33,9,25.7,-6.1,39.23,Male,15-29 yrs,NO,Student,Other Household Member,ZIWANI POLICE,MJINI,PUBLIC,UNGUJA,WELEZO,135150,140227,415012.0,0.0,28.66,22.19,77.79,96.9,KIZIMBANI-Zanzibar,True
MAGHARIBI A,2020,8,34,16,22.04,-6.09,39.24,Female,5-14 yrs,NO,Student,Other Household Member,ZIWANI POLICE,MJINI,PUBLIC,UNGUJA,KIHINANI,135591,140361,415012.0,4.42,28.72,22.85,77.72,96.9,KIZIMBANI-Zanzibar,True
MAGHARIBI A,2020,8,35,23,21.5,-6.1,39.25,Male,15-29 yrs,YES,Student,Index Case,MINA DISPENSARY,MJINI,PRIVATE,UNGUJA,MTO PEPO,136016,142121,415012.0,2.32,29.09,23.29,77.91,96.9,KIZIMBANI-Zanzibar,True
MAGHARIBI A,2020,8,36,30,31.83,-6.14,39.25,Female,15-29 yrs,NO,Other,Other Household Member,ZIWANI POLICE,MJINI,PUBLIC,UNGUJA,MTONI,136525,140580,415012.0,2.73,28.03,23.59,76.98,96.9,KIZIMBANI-Zanzibar,False
MAGHARIBI A,2020,9,36,1,26.77,-6.12,39.23,Male,15-29 yrs,NO,Other,Other Household Member,ZIWANI POLICE,MJINI,PUBLIC,UNGUJA,WELEZO,136713,140746,415012.0,1.0,30.25,22.8,81.01,96.9,KIZIMBANI-Zanzibar,True
MAGHARIBI A,2020,9,37,6,25.08,-6.1,39.24,Female,5-14 yrs,NO,Student,Other Household Member,ZIWANI POLICE,MJINI,PUBLIC,UNGUJA,CHUINI,137014,140816,415012.0,0.53,29.08,23.48,80.99,96.9,KIZIMBANI-Zanzibar,True
MAGHARIBI A,2020,9,38,13,22.85,-6.1,39.23,Male,5-14 yrs,NO,Student,Other Household Member,ZIWANI POLICE,MJINI,PUBLIC,UNGUJA,WELEZO,137449,140890,415012.0,2.42,29.7,23.12,82.39,96.9,KIZIMBANI-Zanzibar,True
MAGHARIBI A,2020,9,39,20,22.36,-6.08,39.28,Male,15-29 yrs,NO,Business,Other Household Member,ZIWANI POLICE,MJINI,PUBLIC,UNGUJA,CHUINI,137841,141024,415012.0,4.52,30.27,23.06,82.07,96.9,KIZIMBANI-Zanzibar,False
MAGHARIBI A,2020,9,40,27,27.55,-6.0,39.32,Female,15-29 yrs,NO,Other,Other Household Member,ZIWANI POLICE,MJINI,PUBLIC,UNGUJA,KIKAANGONI,138254,141257,415012.0,2.82,29.3,23.25,81.63,96.9,KIZIMBANI-Zanzibar,False
MAGHARIBI A,2020,10,40,1,22.91,-6.15,39.25,Female,30-44 yrs,YES,Business,Index Case,ASSA-KHERI DISPENSARY,MJINI,PRIVATE,UNGUJA,KIANGA,138592,141384,415012.0,19.35,32.33,24.19,82.21,96.9,KIZIMBANI-Zanzibar,False
MAGHARIBI A,2020,10,41,4,24.59,-6.09,39.27,Male,< 5 yrs,YES,Other,Index Case,ASSA-KHERI DISPENSARY,MJINI,PRIVATE,UNGUJA,MWERA,138746,141429,415012.0,18.68,31.04,23.75,81.95,96.9,KIZIMBANI-Zanzibar,False
MAGHARIBI A,2020,10,42,11,25.36,-6.09,39.28,Male,30-44 yrs,YES,Business,Index Case,AZHAR,MJINI,PRIVATE,UNGUJA,CHUINI,139126,141552,415012.0,21.23,31.46,23.84,82.11,96.9,KIZIMBANI-Zanzibar,True
MAGHARIBI A,2020,10,43,18,27.43,-6.08,39.25,Male,45+ yrs,NO,Other,Other Household Member,ZIWANI POLICE,MJINI,PUBLIC,UNGUJA,CHUINI,139489,141667,415012.0,29.24,30.84,23.43,82.02,96.9,KIZIMBANI-Zanzibar,True
MAGHARIBI A,2020,10,44,26,23.67,-6.11,39.24,Male,30-44 yrs,NO,Other,Other Household Member,ZIWANI POLICE,MJINI,PUBLIC,UNGUJA,KIANGA,139751,141737,415012.0,26.0,31.17,24.54,81.65,96.9,KIZIMBANI-Zanzibar,True
MAGHARIBI A,2020,11,45,1,24.05,-6.12,39.23,Female,30-44 yrs,NO,Other,Other Household Member,ZIWANI POLICE,MJINI,PUBLIC,UNGUJA,MTONI,139852,141746,415012.0,22.1,29.72,23.34,83.18,96.9,KIZIMBANI-Zanzibar,True
MAGHARIBI A,2020,11,46,10,22.44,-6.12,39.24,Male,15-29 yrs,YES,Student,Index Case,QUIK DISPENSARY,MJINI,PRIVATE,UNGUJA,MWERA,140030,142024,415012.0,48.01,30.06,24.49,83.33,96.9,KIZIMBANI-Zanzibar,True
MAGHARIBI A,2020,11,47,16,32.0,-6.1,39.24,Female,< 5 yrs,NO,Other,Index Case,KIANGA PHCU,MJINI,PUBLIC,UNGUJA,DOLE,140197,142821,415012.0,31.48,30.43,24.72,82.5,96.9,KIZIMBANI-Zanzibar,False
MAGHARIBI A,2020,11,48,23,27.58,-6.1,39.25,Male,45+ yrs,NO,Business,Other Household Member,ZIWANI POLICE,MJINI,PUBLIC,UNGUJA,MWERA,140422,142024,415012.0,18.71,30.23,24.87,83.15,96.9,KIZIMBANI-Zanzibar,True
MAGHARIBI A,2020,11,49,29,31.34,-6.11,39.24,Male,45+ yrs,NO,Other,Other Household Member,ZIWANI POLICE,MJINI,PUBLIC,UNGUJA,DOLE,140700,142157,415012.0,35.75,31.4,24.34,82.77,96.9,KIZIMBANI-Zanzibar,False
MAGHARIBI A,2020,12,49,1,26.12,-6.12,39.24,Male,15-29 yrs,NO,Student,Index Case,KITOPE CHURCH DISPENSARY,MJINI,PRIVATE,UNGUJA,KAMA,140872,142235,415012.0,16.68,31.12,24.29,79.26,96.9,KIZIMBANI-Zanzibar,True
MAGHARIBI A,2020,12,50,6,25.17,-6.1,39.24,Male,45+ yrs,YES,Fisherman,Index Case,KIBWENI KMKM,MJINI,PUBLIC,UNGUJA,MWANYANYA,141260,142393,415012.0,2.56,31.81,24.84,80.23,96.9,KIZIMBANI-Zanzibar,True
MAGHARIBI A,2020,12,51,13,25.39,-6.13,39.23,Male,15-29 yrs,NO,Student,Other Household Member,ZIWANI POLICE,MJINI,PUBLIC,UNGUJA,MTO PEPO,141775,142499,415012.0,7.54,31.62,24.59,80.64,96.9,KIZIMBANI-Zanzibar,True
MAGHARIBI A,2020,12,52,20,27.08,-6.1,39.24,Male,30-44 yrs,YES,Business,Index Case,BUBUBU MEDICAL DISPENSARY,MJINI,PRIVATE,UNGUJA,MWANYANYA,142735,142949,415012.0,30.42,31.03,24.9,80.67,96.9,KIZIMBANI-Zanzibar,True
MAGHARIBI A,2020,12,53,27,23.72,-6.1,39.25,Female,30-44 yrs,NO,Other,Other Household Member,ZIWANI POLICE,MJINI,PUBLIC,UNGUJA,KIHINANI,143493,142947,415012.0,39.37,31.41,26.15,80.62,96.9,KIZIMBANI-Zanzibar,True
MAGHARIBI A,2021,1,1,1,24.6,-6.12,39.24,Male,30-44 yrs,NO,Civil Servant,Other Household Member,ZIWANI POLICE,MJINI,PUBLIC,UNGUJA,KIHINANI,144252,143371,878264.0,9.35,30.92,25.05,79.14,94.7,KIZIMBANI-Zanzibar,False
MAGHARIBI A,2021,1,2,3,23.26,-6.1,39.24,Male,30-44 yrs,NO,Other,Other Household Member,ZIWANI POLICE,MJINI,PUBLIC,UNGUJA,MTO PEPO,144433,143404,878264.0,10.43,31.04,24.62,79.26,94.7,KIZIMBANI-Zanzibar,True
MAGHARIBI A,2021,1,3,10,24.42,-6.11,39.23,Male,30-44 yrs,NO,Other,Other Household Member,ZIWANI POLICE,MJINI,PUBLIC,UNGUJA,MASINGINI,145506,143688,878264.0,10.26,30.13,25.27,79.15,94.7,KIZIMBANI-Zanzibar,True
MAGHARIBI A,2021,1,4,17,23.96,-6.11,39.25,Male,< 5 yrs,NO,Other,Index Case,ZANZIBAR CLINIC,MJINI,PRIVATE,UNGUJA,MUWEMBEMCHOMEKE,146525,144063,878264.0,0.0,32.87,24.8,78.65,94.7,KIZIMBANI-Zanzibar,True
MAGHARIBI A,2021,1,5,24,24.88,-6.1,39.25,Male,15-29 yrs,NO,Other,Index Case,KVZ MTONI,MJINI,PUBLIC,UNGUJA,MTONI,147446,144369,878264.0,0.52,31.96,24.61,79.68,94.7,KIZIMBANI-Zanzibar,True
MAGHARIBI A,2021,1,6,31,36.12,-6.03,39.28,Male,45+ yrs,NO,Other,Other Household Member,ZIWANI POLICE,MJINI,PUBLIC,UNGUJA,BUMBWISUDI,148216,144520,878264.0,1.05,31.01,24.26,78.55,94.7,KIZIMBANI-Zanzibar,False
MAGHARIBI A,2021,2,6,1,25.33,-6.11,39.24,Male,15-29 yrs,NO,Business,Other Household Member,ZIWANI POLICE,MJINI,PUBLIC,UNGUJA,KIZIMBANI,148287,144490,878264.0,0.0,32.37,24.89,78.28,94.7,KIZIMBANI-Zanzibar,True
MAGHARIBI A,2021,2,7,7,26.63,-6.09,39.26,Female,< 5 yrs,NO,Other,Other Household Member,ZIWANI POLICE,MJINI,PUBLIC,UNGUJA,BUMBWISUDI,148904,144370,878264.0,4.01,31.36,24.93,78.62,94.7,KIZIMBANI-Zanzibar,True
MAGHARIBI A,2021,2,8,14,21.46,-6.11,39.25,Female,15-29 yrs,NO,Other,Other Household Member,ZIWANI POLICE,MJINI,PUBLIC,UNGUJA,MTONI KIDATU,149436,144854,878264.0,4.34,31.18,25.24,78.2,94.7,KIZIMBANI-Zanzibar,True
MAGHARIBI A,2021,2,9,21,24.02,-6.11,39.25,Male,15-29 yrs,YES,Other,Index Case,KIANGA PHCU,MJINI,PUBLIC,UNGUJA,DOLE,149999,145138,878264.0,1.7,32.21,24.46,77.88,94.7,KIZIMBANI-Zanzibar,True
MAGHARIBI A,2021,2,10,28,20.15,-6.13,39.25,Female,15-29 yrs,NO,Civil Servant,Other Household Member,ZIWANI POLICE,MJINI,PUBLIC,UNGUJA,MASINGINI,150468,145168,878264.0,2.08,32.48,24.26,77.1,94.7,KIZIMBANI-Zanzibar,False
MAGHARIBI A,2021,3,10,1,25.28,-6.15,39.23,Male,5-14 yrs,YES,Student,Index Case,CHUINI PHCU,MJINI,PUBLIC,UNGUJA,CHUINI,150534,145243,878264.0,3.16,33.12,25.64,77.47,94.7,KIZIMBANI-Zanzibar,True
MAGHARIBI A,2021,3,11,7,23.85,-6.12,39.23,Male,30-44 yrs,YES,Business,Index Case,BUBUBU MEDICAL DISPENSARY,MJINI,PRIVATE,UNGUJA,KIHINANI,150866,145352,878264.0,5.23,33.05,24.56,77.0,94.7,KIZIMBANI-Zanzibar,True
MAGHARIBI A,2021,3,12,15,24.48,-6.09,39.25,Male,< 5 yrs,NO,Other,Other Household Member,ZIWANI POLICE,MJINI,PUBLIC,UNGUJA,BUMBWISUDI,151342,145482,878264.0,36.93,32.81,24.56,77.2,94.7,KIZIMBANI-Zanzibar,True
MAGHARIBI A,2021,3,13,21,26.04,-6.1,39.24,Female,5-14 yrs,NO,Student,Other Household Member,ZIWANI POLICE,MJINI,PUBLIC,UNGUJA,KIANGA,151701,145564,878264.0,38.09,31.87,24.59,77.1,94.7,KIZIMBANI-Zanzibar,False
MAGHARIBI A,2021,3,14,28,26.32,-6.13,39.23,Male,30-44 yrs,NO,Farmer,Index Case,MINA DISPENSARY,MJINI,PRIVATE,UNGUJA,MTONI KIDATU,152079,145739,878264.0,7.06,31.21,24.66,76.9,94.7,KIZIMBANI-Zanzibar,True
MAGHARIBI A,2021,4,14,1,26.24,-6.12,39.25,Female,30-44 yrs,NO,Unemployed,Other Household Member,ZIWANI POLICE,MJINI,PUBLIC,UNGUJA,KIANGA,152316,145803,878264.0,34.96,31.52,25.14,85.46,94.7,KIZIMBANI-Zanzibar,False
MAGHARIBI A,2021,4,15,4,26.67,-6.12,39.24,Female,< 5 yrs,NO,Other,Index Case,SAHEL DISPENSARY,MJINI,PRIVATE,UNGUJA,MICHIKICHINI,152412,145848,878264.0,40.0,30.18,25.23,83.52,94.7,KIZIMBANI-Zanzibar,True
MAGHARIBI A,2021,4,16,11,23.41,-6.14,39.25,Male,45+ yrs,NO,Other,Index Case,ZANZIBAR CLINIC,MJINI,PRIVATE,UNGUJA,MUWEMBEMCHOMEKE,152712,145927,878264.0,48.16,29.58,24.48,83.88,94.7,KIZIMBANI-Zanzibar,True
MAGHARIBI A,2021,4,17,19,25.73,-6.12,39.24,Female,5-14 yrs,YES,Other,Index Case,KIANGA PHCU,MJINI,PUBLIC,UNGUJA,KIANGA,153134,146042,878264.0,34.65,28.71,24.35,83.97,94.7,KIZIMBANI-Zanzibar,True
MAGHARIBI A,2021,4,18,25,22.19,-6.11,39.23,Female,< 5 yrs,NO,Other,Index Case,CHUMBUNI PHCU+,MJINI,PUBLIC,UNGUJA,WELEZO,153524,146182,878264.0,49.87,30.83,25.01,85.05,94.7,KIZIMBANI-Zanzibar,True
MAGHARIBI A,2021,5,18,1,26.19,-6.13,39.23,Female,45+ yrs,NO,Business,Other Household Member,ZIWANI POLICE,MJINI,PUBLIC,UNGUJA,KIHINANI,153786,146252,878264.0,43.7,28.73,26.17,78.0,94.7,KIZIMBANI-Zanzibar,False
MAGHARIBI A,2021,5,19,2,25.06,-6.12,39.25,Female,15-29 yrs,NO,Student,Other Household Member,ZIWANI POLICE,MJINI,PUBLIC,UNGUJA,MWERA,153804,146171,878264.0,43.91,28.45,24.1,78.84,94.7,KIZIMBANI-Zanzibar,True
MAGHARIBI A,2021,5,20,9,22.24,-6.11,39.25,Female,30-44 yrs,NO,Housewife,Other Household Member,ZIWANI POLICE,MJINI,PUBLIC,UNGUJA,MWERA,154326,146387,878264.0,0.0,30.85,25.2,76.86,94.7,KIZIMBANI-Zanzibar,True
MAGHARIBI A,2021,5,21,16,23.39,-6.12,39.25,Female,5-14 yrs,NO,Student,Other Household Member,ZIWANI POLICE,MJINI,PUBLIC,UNGUJA,UHOLANZI,154590,146448,878264.0,5.35,30.32,25.2,78.38,94.7,KIZIMBANI-Zanzibar,True
MAGHARIBI A,2021,5,22,23,23.72,-6.11,39.24,Male,30-44 yrs,NO,Other,Index Case,HURUMA DISPENSARY,MJINI,PRIVATE,UNGUJA,MWERA,155269,146686,878264.0,0.6,30.8,24.92,78.65,94.7,KIZIMBANI-Zanzibar,True
MAGHARIBI A,2021,5,23,30,19.98,-6.13,39.23,Female,15-29 yrs,YES,Other,Index Case,UTAPOA DISPENSARY,MJINI,PRIVATE,UNGUJA,MASINGINI,155858,147048,878264.0,0.0,28.85,24.81,77.89,94.7,KIZIMBANI-Zanzibar,False
MAGHARIBI A,2021,6,23,2,21.2,-6.11,39.25,Male,< 5 yrs,NO,Under school age (<6 years),Other Household Member,ZIWANI POLICE,MJINI,PUBLIC,UNGUJA,DOLE,156024,146932,878264.0,3.22,29.93,23.88,74.04,94.7,KIZIMBANI-Zanzibar,False
MAGHARIBI A,2021,6,24,6,22.97,-6.11,39.24,Female,< 5 yrs,NO,Other,Other Household Member,ZIWANI POLICE,MJINI,PUBLIC,UNGUJA,MTONI,156266,146886,878264.0,2.65,29.44,23.89,75.28,94.7,KIZIMBANI-Zanzibar,True
MAGHARIBI A,2021,6,25,13,18.61,-6.1,39.26,Male,15-29 yrs,NO,Other,Index Case,RAHALEO PHCU+,MJINI,PUBLIC,UNGUJA,MTONI KIDATU,156689,147198,878264.0,8.05,28.48,23.46,74.38,94.7,KIZIMBANI-Zanzibar,True
MAGHARIBI A,2021,6,26,20,23.49,-6.09,39.25,Female,15-29 yrs,YES,Housewife,Index Case,BUBUBU MEDICAL DISPENSARY,MJINI,PRIVATE,UNGUJA,BUBUBU,157070,147284,878264.0,8.77,28.47,23.09,75.08,94.7,KIZIMBANI-Zanzibar,True
MAGHARIBI A,2021,6,27,27,24.77,-6.1,39.25,Male,30-44 yrs,NO,Other,Index Case,MINA DISPENSARY,MJINI,PRIVATE,UNGUJA,MTO PEPO,157644,147500,878264.0,0.0,27.6,22.53,75.23,94.7,KIZIMBANI-Zanzibar,True
MAGHARIBI A,2021,7,27,1,25.89,-6.06,39.24,Female,5-14 yrs,NO,Student,Other Household Member,ZIWANI POLICE,MJINI,PUBLIC,UNGUJA,CHUINI,157904,147526,878264.0,1.66,30.4,24.12,72.45,94.7,KIZIMBANI-Zanzibar,False
MAGHARIBI A,2021,7,28,4,24.38,-6.11,39.25,Female,15-29 yrs,NO,Housewife,Other Household Member,ZIWANI POLICE,MJINI,PUBLIC,UNGUJA,MTONI,158071,146414,878264.0,5.21,28.41,23.27,73.38,94.7,KIZIMBANI-Zanzibar,True
MAGHARIBI A,2021,7,29,11,22.18,-6.11,39.24,Female,15-29 yrs,NO,Business,Index Case,MNAZI MMOJA HOSPITAL,MJINI,PUBLIC,UNGUJA,MTO PEPO,158448,147823,878264.0,11.13,28.94,23.92,73.09,94.7,KIZIMBANI-Zanzibar,True
MAGHARIBI A,2021,7,30,19,16.21,-6.13,39.24,Female,< 5 yrs,NO,Other,Other Household Member,ZIWANI POLICE,MJINI,PUBLIC,UNGUJA,KIANGA,158964,147894,878264.0,5.41,29.65,24.18,74.24,94.7,KIZIMBANI-Zanzibar,True
MAGHARIBI A,2021,7,31,25,25.8,-6.13,39.24,Female,30-44 yrs,NO,Other,Other Household Member,ZIWANI POLICE,MJINI,PUBLIC,UNGUJA,MTONI KIDATU,159160,147901,878264.0,4.23,28.49,23.21,73.38,94.7,KIZIMBANI-Zanzibar,False
MAGHARIBI A,2021,8,32,1,28.06,-6.11,39.24,Female,15-29 yrs,NO,Other,Other Household Member,ZIWANI POLICE,MJINI,PUBLIC,UNGUJA,MTO PEPO,159533,148024,878264.0,0.0,28.39,22.9,76.65,94.7,KIZIMBANI-Zanzibar,False
MAGHARIBI A,2021,8,33,9,23.85,-6.11,39.25,Female,30-44 yrs,YES,Other,Index Case,BUBUBU MEDICAL DISPENSARY,MJINI,PRIVATE,UNGUJA,BUBUBU,159810,148159,878264.0,0.0,28.77,21.75,77.03,94.7,KIZIMBANI-Zanzibar,True
MAGHARIBI A,2021,8,34,15,21.66,-6.11,39.24,Male,15-29 yrs,NO,Other,Index Case,ZANZIBAR CLINIC,MJINI,PRIVATE,UNGUJA,MWERA,160047,148280,878264.0,2.52,29.1,22.57,76.1,94.7,KIZIMBANI-Zanzibar,True
MAGHARIBI A,2021,8,35,22,27.25,-6.13,39.24,Male,30-44 yrs,YES,Business,Index Case,ZANZIBAR CLINIC,MJINI,PRIVATE,UNGUJA,MASINGINI,160308,148362,878264.0,4.25,28.16,22.48,76.29,94.7,KIZIMBANI-Zanzibar,False
MAGHARIBI A,2021,8,36,29,25.0,-6.14,39.23,Female,45+ yrs,NO,Housewife,Index Case,BUBUBU MEDICAL DISPENSARY,MJINI,PRIVATE,UNGUJA,MWANYANYA,160528,148435,878264.0,5.77,27.88,21.74,77.44,94.7,KIZIMBANI-Zanzibar,False
MAGHARIBI A,2021,9,36,1,28.62,-6.11,39.24,Female,< 5 yrs,NO,Other,Other Household Member,ZIWANI POLICE,MJINI,PUBLIC,UNGUJA,KIANGA,160632,148450,878264.0,4.22,30.05,23.46,75.56,94.7,KIZIMBANI-Zanzibar,False
MAGHARIBI A,2021,9,37,5,25.11,-6.09,39.25,Female,15-29 yrs,NO,Other,Index Case,MPENDAE PHCU+,MJINI,PUBLIC,UNGUJA,MTONI KIDATU,160722,148477,878264.0,5.73,28.46,23.0,74.27,94.7,KIZIMBANI-Zanzibar,True
MAGHARIBI A,2021,9,38,12,22.79,-6.09,39.25,Female,5-14 yrs,NO,Student,Other Household Member,ZIWANI POLICE,MJINI,PUBLIC,UNGUJA,UHOLANZI,161088,148573,878264.0,6.67,29.04,23.2,75.08,94.7,KIZIMBANI-Zanzibar,True
MAGHARIBI A,2021,9,39,19,16.39,-6.1,39.25,Male,30-44 yrs,NO,Other,Other Household Member,ZIWANI POLICE,MJINI,PUBLIC,UNGUJA,KIANGA,161369,148616,878264.0,2.63,28.08,22.73,74.84,94.7,KIZIMBANI-Zanzibar,True
MAGHARIBI A,2021,9,40,27,19.24,-6.12,39.24,Female,15-29 yrs,NO,Other,Other Household Member,ZIWANI POLICE,MJINI,PUBLIC,UNGUJA,MWERA,161605,148665,878264.0,16.73,29.47,23.2,74.63,94.7,KIZIMBANI-Zanzibar,True
MAGHARIBI A,2021,10,40,1,10.67,-6.09,39.23,Female,< 5 yrs,YES,Under school age (<6 years),Index Case,SELEM PHCU+,MJINI,PUBLIC,UNGUJA,MFENESINI,161849,148788,878264.0,3.27,31.81,22.48,73.45,94.7,KIZIMBANI-Zanzibar,False
MAGHARIBI A,2021,10,41,3,16.36,-6.09,39.24,Male,< 5 yrs,YES,Under school age (<6 years),Index Case,BUBUBU MEDICAL DISPENSARY,MJINI,PRIVATE,UNGUJA,BUBUBU,161866,148791,878264.0,3.52,29.85,23.18,75.86,94.7,KIZIMBANI-Zanzibar,True
MAGHARIBI A,2021,10,42,10,22.49,-6.11,39.24,Male,< 5 yrs,NO,Other,Index Case,QUIK DISPENSARY,MJINI,PRIVATE,UNGUJA,MWERA,162143,148870,878264.0,2.61,30.79,23.91,75.78,94.7,KIZIMBANI-Zanzibar,True
MAGHARIBI A,2021,10,43,18,18.23,-6.13,39.24,Male,< 5 yrs,NO,Other,Index Case,MWERA PHCU+,MJINI,PUBLIC,UNGUJA,MWERA,162357,148902,878264.0,0.52,30.52,23.19,75.78,94.7,KIZIMBANI-Zanzibar,True
MAGHARIBI A,2021,10,44,24,19.73,-6.12,39.24,Female,30-44 yrs,NO,Farmer,Other Household Member,ZIWANI POLICE,MJINI,PUBLIC,UNGUJA,BUMBWISUDI,162601,148982,878264.0,3.39,31.52,23.23,75.8,94.7,KIZIMBANI-Zanzibar,True
MAGHARIBI A,2021,10,45,31,14.97,-6.13,39.24,Male,< 5 yrs,YES,Under school age (<6 years),Index Case,ZIWANI POLICE,MJINI,PUBLIC,UNGUJA,MASINGINI,162871,149157,878264.0,9.0,29.23,22.55,76.0,94.7,KIZIMBANI-Zanzibar,False
MAGHARIBI A,2021,11,45,1,19.72,-6.13,39.24,Male,5-14 yrs,YES,Student,Index Case,BUMBWISUDI PHCU,MJINI,PUBLIC,UNGUJA,BUMBWISUDI,162897,149107,878264.0,2.14,32.76,24.98,77.64,94.7,KIZIMBANI-Zanzibar,True
MAGHARIBI A,2021,11,46,7,23.35,-6.11,39.25,Male,45+ yrs,NO,Business,Index Case,HURUMA DISPENSARY,MJINI,PRIVATE,UNGUJA,MWERA,163131,149151,878264.0,1.68,32.38,24.13,77.89,94.7,KIZIMBANI-Zanzibar,True
MAGHARIBI A,2021,11,47,14,22.8,-6.13,39.23,Male,< 5 yrs,NO,Other,Index Case,LEYLA GUNES DISPENSARY,WEST A,PUBLIC,UNGUJA,MBUZINI,163364,149212,878264.0,2.62,32.09,23.79,77.82,94.7,KIZIMBANI-Zanzibar,False
MAGHARIBI A,2021,11,48,22,19.32,-6.1,39.24,Male,45+ yrs,YES,Farmer,Index Case,CHUINI PHCU,MJINI,PUBLIC,UNGUJA,CHUINI,163575,149296,878264.0,23.17,33.06,24.28,75.84,94.7,KIZIMBANI-Zanzibar,False
MAGHARIBI A,2021,11,49,28,20.73,-6.12,39.22,Female,5-14 yrs,NO,Student,Index Case,KIBWENI KMKM,MJINI,PUBLIC,UNGUJA,MTONI KIDATU,163821,149364,878264.0,48.45,31.41,25.89,78.52,94.7,KIZIMBANI-Zanzibar,True
MAGHARIBI A,2021,12,49,1,27.86,-6.1,39.24,Male,30-44 yrs,NO,Other,Other Household Member,ZIWANI POLICE,MJINI,PUBLIC,UNGUJA,KIANGA,163885,149331,878264.0,30.05,31.07,25.09,80.44,94.7,KIZIMBANI-Zanzibar,False
MAGHARIBI A,2021,12,50,6,26.08,-6.11,39.24,Female,< 5 yrs,NO,Student,Other Household Member,ZIWANI POLICE,MJINI,PUBLIC,UNGUJA,MTONI KIDATU,163993,149373,878264.0,42.66,30.56,24.41,80.33,94.7,KIZIMBANI-Zanzibar,False
MAGHARIBI A,2021,12,51,12,30.36,-6.08,39.24,Female,45+ yrs,YES,Business,Index Case,MNAZI MMOJA HOSPITAL,MJINI,PUBLIC,UNGUJA,BUBUBU,164183,149464,878264.0,41.64,31.11,24.75,80.94,94.7,KIZIMBANI-Zanzibar,False
MAGHARIBI A,2021,12,52,20,22.74,-6.09,39.24,Male,30-44 yrs,YES,Farmer,Index Case,MACHUI PHCU,MJINI,PUBLIC,UNGUJA,DOLE,164422,149525,878264.0,9.55,31.76,25.03,79.86,94.7,KIZIMBANI-Zanzibar,True
MAGHARIBI A,2021,12,53,26,24.08,-6.12,39.26,Male,5-14 yrs,YES,Student,Index Case,QUIK DISPENSARY,MJINI,PRIVATE,UNGUJA,KIANGA,164656,149580,878264.0,22.65,31.65,24.74,80.37,94.7,KIZIMBANI-Zanzibar,True
MAGHARIBI A,2022,1,1,1,22.0,-6.02,39.29,Male,< 5 yrs,NO,Other,Index Case,KVZ MTONI,WEST A,PUBLIC,UNGUJA,MWANYANYA,165039,149669,388344.4,0.0,33.54,26.12,78.9,97.8,KIZIMBANI-Zanzibar,False
MAGHARIBI A,2022,1,2,2,21.03,-6.1,39.25,Female,5-14 yrs,NO,Student,Index Case,KIBWENI KMKM,MJINI,PUBLIC,UNGUJA,BUBUBU,165068,149727,388344.4,0.0,32.78,25.76,78.4,97.8,KIZIMBANI-Zanzibar,True
MAGHARIBI A,2022,1,3,9,21.47,-6.11,39.25,Male,5-14 yrs,NO,Student,Other Household Member,ZIWANI POLICE,MJINI,PUBLIC,UNGUJA,MICHIKICHINI,165836,149751,388344.4,0.0,32.41,26.33,78.67,97.8,KIZIMBANI-Zanzibar,True
MAGHARIBI A,2022,1,4,16,22.58,-6.1,39.26,Female,15-29 yrs,NO,Student,Other Household Member,ZIWANI POLICE,MJINI,PUBLIC,UNGUJA,KIANGA,166713,150055,388344.4,27.61,32.68,24.97,78.22,97.8,KIZIMBANI-Zanzibar,True
MAGHARIBI A,2022,1,5,23,21.74,-6.08,39.26,Male,30-44 yrs,NO,Civil Servant,Index Case,ICB DISPENSARY,MJINI,PRIVATE,UNGUJA,BUBUBU,167505,150333,388344.4,19.19,30.75,24.33,77.99,97.8,KIZIMBANI-Zanzibar,True
MAGHARIBI A,2022,1,6,30,20.7,-6.12,39.25,Male,30-44 yrs,NO,Business,Index Case,ASSA-KHERI DISPENSARY,MJINI,PRIVATE,UNGUJA,MWERA,168110,150496,388344.4,29.54,29.79,24.97,78.67,97.8,KIZIMBANI-Zanzibar,False
MAGHARIBI A,2022,2,6,2,23.28,-6.13,39.24,Female,5-14 yrs,NO,Student,Other Household Member,ZIWANI POLICE,MJINI,PUBLIC,UNGUJA,KIJICHI,168292,150484,388344.4,22.91,31.57,24.94,80.39,97.8,KIZIMBANI-Zanzibar,True
MAGHARIBI A,2022,2,7,7,19.9,-6.07,39.25,Female,15-29 yrs,NO,Student,Other Household Member,ZIWANI POLICE,MJINI,PUBLIC,UNGUJA,KIZIMBANI,168507,150563,388344.4,13.25,31.7,24.53,80.1,97.8,KIZIMBANI-Zanzibar,True
MAGHARIBI A,2022,2,8,13,21.29,-6.03,39.28,Male,< 5 yrs,NO,Other,Index Case,KIBWENI KMKM,WEST A,PUBLIC,UNGUJA,CHUINI,168935,150699,388344.4,10.51,32.23,25.02,79.66,97.8,KIZIMBANI-Zanzibar,False
MAGHARIBI A,2022,2,9,21,19.54,-6.09,39.24,Female,15-29 yrs,NO,Housewife,Index Case,BUMBWISUDI PHCU,MJINI,PUBLIC,UNGUJA,BUMBWISUDI,169294,150799,388344.4,19.41,32.01,24.8,80.02,97.8,KIZIMBANI-Zanzibar,True
MAGHARIBI A,2022,2,10,27,20.51,-6.11,39.23,Female,< 5 yrs,NO,Under school age (<6 years),Index Case,KIBWENI KMKM,MJINI,PUBLIC,UNGUJA,KAMA,169551,150881,388344.4,3.24,30.56,24.99,80.75,97.8,KIZIMBANI-Zanzibar,False
MAGHARIBI A,2022,3,10,1,19.18,-6.09,39.23,Female,30-44 yrs,NO,Housewife,Index Case,CHUINI PHCU,MJINI,PUBLIC,UNGUJA,CHUINI,169633,150919,388344.4,0.0,33.73,24.44,77.24,97.8,KIZIMBANI-Zanzibar,False
MAGHARIBI A,2022,3,11,6,24.45,-6.08,39.24,Male,< 5 yrs,NO,Other,Index Case,KVZ MTONI,WEST A,PUBLIC,UNGUJA,MTONI,169830,150965,388344.4,0.0,32.37,24.43,77.16,97.8,KIZIMBANI-Zanzibar,True
MAGHARIBI A,2022,3,12,13,22.58,-6.11,39.23,Female,45+ yrs,NO,Other,Index Case,BANDARINI PHCU,MJINI,PUBLIC,UNGUJA,UHOLANZI,170303,151098,388344.4,0.0,32.96,25.05,77.92,97.8,KIZIMBANI-Zanzibar,True
MAGHARIBI A,2022,3,13,20,25.2,-6.11,39.24,Male,30-44 yrs,NO,Business,Index Case,TABASAM DISPENSARY,MJINI,PUBLIC,UNGUJA,MWERA,170644,151196,388344.4,1.5,32.35,25.23,77.07,97.8,KIZIMBANI-Zanzibar,True
MAGHARIBI A,2022,3,14,27,22.26,-6.12,39.24,Male,15-29 yrs,NO,Other,Other Household Member,ZIWANI POLICE,MJINI,PUBLIC,UNGUJA,MWERA,170916,151214,388344.4,6.92,32.47,26.07,77.5,97.8,KIZIMBANI-Zanzibar,True
MAGHARIBI A,2022,4,14,1,19.56,-6.07,39.26,Male,15-29 yrs,NO,Business,Index Case,KIBWENI KMKM,MJINI,PUBLIC,UNGUJA,MBUZINI,171163,151594,388344.4,17.18,32.28,26.41,83.88,97.8,KIZIMBANI-Zanzibar,False
MAGHARIBI A,2022,4,15,3,24.72,-6.12,39.24,Male,< 5 yrs,NO,Other,Other Household Member,ZIWANI POLICE,MJINI,PUBLIC,UNGUJA,MTONI KIDATU,171222,151209,388344.4,20.17,32.25,25.19,83.67,97.8,KIZIMBANI-Zanzibar,True
MAGHARIBI A,2022,4,16,10,28.71,-6.13,39.24,Male,45+ yrs,NO,Business,Index Case,MNAZI MMOJA HOSPITAL,MJINI,PUBLIC,UNGUJA,MTOFAANI,171631,151467,388344.4,21.05,31.3,25.12,83.92,97.8,KIZIMBANI-Zanzibar,True
MAGHARIBI A,2022,4,17,18,26.22,-6.13,39.24,Male,15-29 yrs,NO,Fisherman,Index Case,TRIPLE MEDICAL CLINIC,MJINI,PRIVATE,UNGUJA,KIHINANI,171937,151549,388344.4,60.52,30.17,24.44,83.96,97.8,KIZIMBANI-Zanzibar,True
MAGHARIBI A,2022,4,18,24,20.84,-6.11,39.24,Male,15-29 yrs,NO,Other,Index Case,BUBUBU MEDICAL DISPENSARY,MJINI,PRIVATE,UNGUJA,KIHINANI,172186,151653,388344.4,54.24,30.24,25.02,83.44,97.8,KIZIMBANI-Zanzibar,True
MAGHARIBI A,2022,5,19,2,28.73,-6.11,39.24,Male,30-44 yrs,NO,Other,Index Case,MWERA PHCU+,MJINI,PUBLIC,UNGUJA,MTOFAANI,172516,151729,388344.4,31.83,29.28,24.69,81.25,97.8,KIZIMBANI-Zanzibar,True
MAGHARIBI A,2022,5,20,8,20.44,-6.13,39.24,Male,30-44 yrs,NO,Business,Index Case,BUBUBU MEDICAL DISPENSARY,MJINI,PRIVATE,UNGUJA,MWANYANYA,172691,151790,388344.4,3.77,30.9,25.85,80.95,97.8,KIZIMBANI-Zanzibar,True
MAGHARIBI A,2022,5,21,15,24.82,-6.1,39.24,Male,5-14 yrs,NO,Student,Index Case,ZANZIBAR MILITARY HOSPITAL (JWTZ),MJINI,PUBLIC,UNGUJA,BUBUBU,172982,151897,388344.4,3.1,30.28,25.86,80.36,97.8,KIZIMBANI-Zanzibar,True
MAGHARIBI A,2022,5,22,22,27.42,-6.1,39.23,Female,15-29 yrs,NO,Unemployed,Index Case,LEYLA GUNES DISPENSARY,MJINI,PUBLIC,UNGUJA,MBUZINI,173301,152018,388344.4,4.49,31.37,25.65,80.68,97.8,KIZIMBANI-Zanzibar,True
MAGHARIBI A,2022,5,23,29,23.87,-6.12,39.24,Female,30-44 yrs,NO,Civil Servant,Other Household Member,ZIWANI POLICE,MJINI,PUBLIC,UNGUJA,MBUZINI,173648,152018,388344.4,3.99,30.36,24.97,81.25,97.8,KIZIMBANI-Zanzibar,False
MAGHARIBI A,2022,6,23,1,24.82,-6.09,39.24,Female,30-44 yrs,NO,Housewife,Other Household Member,ZIWANI POLICE,MJINI,PUBLIC,UNGUJA,BUMBWISUDI,173888,152177,388344.4,10.66,30.88,23.46,80.0,97.8,KIZIMBANI-Zanzibar,False
MAGHARIBI A,2022,6,24,5,23.15,-6.07,39.25,Male,15-29 yrs,YES,Other,Index Case,HURUMA DISPENSARY,MJINI,PRIVATE,UNGUJA,WELEZO,174058,152255,388344.4,3.31,30.11,24.57,79.14,97.8,KIZIMBANI-Zanzibar,True
MAGHARIBI A,2022,6,25,12,26.1,-6.07,39.26,Female,5-14 yrs,NO,Student,Index Case,KIBWENI KMKM,MJINI,PUBLIC,UNGUJA,MWAKAJE,174400,152374,388344.4,0.9,29.26,24.55,79.65,97.8,KIZIMBANI-Zanzibar,True
MAGHARIBI A,2022,6,26,19,24.49,-6.11,39.24,Male,15-29 yrs,NO,Unemployed,Index Case,KIBWENI KMKM,MJINI,PUBLIC,UNGUJA,MWANYANYA,174733,152465,388344.4,4.62,29.43,23.93,78.99,97.8,KIZIMBANI-Zanzibar,True
MAGHARIBI A,2022,6,27,27,21.0,-6.1,39.25,Male,5-14 yrs,NO,Student,Other Household Member,ZIWANI POLICE,MJINI,PUBLIC,UNGUJA,MWERA,175078,152474,388344.4,9.32,29.27,24.48,79.7,97.8,KIZIMBANI-Zanzibar,True
MAGHARIBI A,2022,7,27,1,23.12,-6.12,39.27,Female,30-44 yrs,NO,Farmer,Other Household Member,ZIWANI POLICE,MJINI,PUBLIC,UNGUJA,DOLE,175322,152583,388344.4,6.02,28.56,22.38,81.9,97.8,KIZIMBANI-Zanzibar,False
MAGHARIBI A,2022,7,28,3,23.2,-6.08,39.26,Female,15-29 yrs,NO,Other,Other Household Member,ZIWANI POLICE,MJINI,PUBLIC,UNGUJA,MWANYANYA,175373,152592,388344.4,6.27,27.71,22.55,81.24,97.8,KIZIMBANI-Zanzibar,True
MAGHARIBI A,2022,7,29,11,20.87,-6.1,39.25,Female,< 5 yrs,NO,Under school age (<6 years),Index Case,BUMBWISUDI PHCU,MJINI,PUBLIC,UNGUJA,BUMBWISUDI,175631,1109,388344.4,14.48,27.68,22.08,80.27,97.8,KIZIMBANI-Zanzibar,True
MAGHARIBI A,2022,7,30,18,27.05,-6.12,39.25,Female,15-29 yrs,NO,Other,Other Household Member,ZIWANI POLICE,MJINI,PUBLIC,UNGUJA,MWERA,175870,1136,388344.4,12.29,28.55,22.39,80.13,97.8,KIZIMBANI-Zanzibar,False
MAGHARIBI A,2022,7,31,24,27.62,-6.1,39.23,Male,15-29 yrs,NO,Other,Index Case,KIBWENI KMKM,MJINI,PUBLIC,UNGUJA,BUBUBU,176033,1198,388344.4,15.98,28.53,22.42,81.18,97.8,KIZIMBANI-Zanzibar,False
MAGHARIBI A,2022,7,32,31,4.0,-6.08,39.22,Female,< 5 yrs,NO,Under school age (<6 years),Index Case,KIBWENI KMKM,MJINI,PUBLIC,UNGUJA,BUBUBU,176245,1241,388344.4,30.16,26.43,22.6,81.15,97.8,KIZIMBANI-Zanzibar,False
MAGHARIBI A,2022,8,32,1,21.56,-6.13,39.23,Male,30-44 yrs,NO,Business,Other Household Member,ZIWANI POLICE,MJINI,PUBLIC,UNGUJA,MICHIKICHINI,176264,1202,388344.4,3.13,28.58,22.08,79.03,97.8,KIZIMBANI-Zanzibar,False
MAGHARIBI A,2022,8,33,9,27.65,-6.12,39.25,Male,15-29 yrs,YES,Other,Index case,MWERA PHCU+,KATI,PUBLIC,UNGUJA,MWERA,NotInvest,1305,388344.4,5.78,28.54,22.72,80.29,97.8,KIZIMBANI-Zanzibar,True
MAGHARIBI A,2022,8,34,14,20.58,-6.12,39.23,Male,45+ yrs,NO,Business,Other Household Member,ZIWANI POLICE,MJINI,PUBLIC,UNGUJA,MTO PEPO,176578,1328,388344.4,5.73,28.09,21.7,79.95,97.8,KIZIMBANI-Zanzibar,False
MAGHARIBI A,2022,8,35,21,20.42,-6.11,39.25,Male,< 5 yrs,NO,Other,Other Household Member,ZIWANI POLICE,MJINI,PUBLIC,UNGUJA,MWERA,176740,1367,388344.4,2.9,28.11,21.39,80.25,97.8,KIZIMBANI-Zanzibar,False
MAGHARIBI A,2022,8,36,28,19.7,-6.07,39.25,Male,15-29 yrs,NO,Student,Index Case,KIBWENI KMKM,MJINI,PUBLIC,UNGUJA,MWAKAJE,176882,1430,388344.4,1.12,27.69,22.11,79.17,97.8,KIZIMBANI-Zanzibar,False
MAGHARIBI A,2022,9,36,2,28.5,-6.14,39.25,Female,30-44 yrs,NO,Housewife,Index Case,Unknown,MJINI,PUBLIC,UNGUJA,MASINGINI,177055,1491,388344.4,4.21,30.18,22.17,73.9,97.8,KIZIMBANI-Zanzibar,False
MAGHARIBI A,2022,9,37,5,22.64,-6.1,39.25,Female,5-14 yrs,NO,Student,Other Household Member,ZIWANI POLICE,MJINI,PUBLIC,UNGUJA,MTONI KIDATU,177102,1468,388344.4,1.93,29.28,21.98,74.58,97.8,KIZIMBANI-Zanzibar,False
MAGHARIBI A,2022,9,38,11,23.59,-6.12,39.23,Female,15-29 yrs,NO,Other,Other Household Member,ZIWANI POLICE,MJINI,PUBLIC,UNGUJA,KIANGA,177213,1485,388344.4,0.0,29.63,21.84,74.89,97.8,KIZIMBANI-Zanzibar,False
MAGHARIBI A,2022,9,39,18,22.67,-6.09,39.25,Female,< 5 yrs,NO,Under school age (<6 years),Index Case,BUBUBU MEDICAL DISPENSARY,MJINI,PRIVATE,UNGUJA,MWANYANYA,177368,1606,388344.4,0.0,28.48,22.94,73.59,97.8,KIZIMBANI-Zanzibar,True
MAGHARIBI A,2022,9,40,25,23.55,-6.13,39.25,Female,15-29 yrs,NO,Student,Index Case,WELEZO CAMP,MJINI,PUBLIC,UNGUJA,MASINGINI,177503,1643,388344.4,0.0,29.45,23.05,75.13,97.8,KIZIMBANI-Zanzibar,False
MAGHARIBI A,2022,10,41,2,24.5,-6.1,39.26,Female,45+ yrs,YES,Other,Index case,KIBWENI KMKM,MAGHARIBI A,PUBLIC,UNGUJA,BUBUBU,NotInvest,1687,388344.4,1.46,28.84,22.38,71.92,97.8,KIZIMBANI-Zanzibar,False
MAGHARIBI A,2022,10,42,9,19.23,-6.11,39.25,Female,30-44 yrs,NO,Housewife,Other Household Member,ZIWANI POLICE,MJINI,PUBLIC,UNGUJA,KIANGA,177800,1717,388344.4,0.0,30.93,22.5,73.32,97.8,KIZIMBANI-Zanzibar,True
MAGHARIBI A,2022,10,43,17,22.92,-6.12,39.26,Male,15-29 yrs,NO,Other,Index Case,MNAZI MMOJA HOSPITAL,MJINI,PUBLIC,UNGUJA,KIANGA,177934,1747,388344.4,1.11,30.1,22.54,73.94,97.8,KIZIMBANI-Zanzibar,True
MAGHARIBI A,2022,10,44,24,23.32,-6.1,39.26,Male,5-14 yrs,NO,Under school age (<6 years),Index Case,KIANGA PHCU,MJINI,PUBLIC,UNGUJA,KIANGA,178085,1805,388344.4,0.07,29.69,23.31,73.2,97.8,KIZIMBANI-Zanzibar,False
MAGHARIBI A,2022,10,45,31,20.6,-6.12,39.25,Male,5-14 yrs,NO,Student,Other Household Member,ZIWANI POLICE,MJINI,PUBLIC,UNGUJA,KIANGA,178178,1840,388344.4,0.0,28.09,23.0,72.45,97.8,KIZIMBANI-Zanzibar,False
MAGHARIBI A,2022,11,45,2,23.57,-6.14,39.23,Female,5-14 yrs,NO,Student,Index Case,MINA DISPENSARY,MJINI,PRIVATE,UNGUJA,MUNDULI,178202,1856,388344.4,5.17,31.11,23.48,74.93,97.8,KIZIMBANI-Zanzibar,False
MAGHARIBI A,2022,11,46,6,21.55,-6.1,39.24,Female,15-29 yrs,NO,Other,Index Case,UTAPOA DISPENSARY,MJINI,PRIVATE,UNGUJA,MICHIKICHINI,178272,1886,388344.4,5.46,30.82,23.99,75.15,97.8,KIZIMBANI-Zanzibar,False
MAGHARIBI A,2022,11,47,13,24.29,-6.11,39.24,Female,5-14 yrs,NO,Student,Other Household Member,ZIWANI POLICE,MJINI,PUBLIC,UNGUJA,MWANYANYA,178399,1915,388344.4,6.56,31.11,24.05,74.79,97.8,KIZIMBANI-Zanzibar,False
MAGHARIBI A,2022,11,48,21,19.38,-6.09,39.23,Female,< 5 yrs,NO,Student,Other Household Member,ZIWANI POLICE,MJINI,PUBLIC,UNGUJA,CHUINI,178544,1959,388344.4,10.48,30.24,23.96,76.32,97.8,KIZIMBANI-Zanzibar,False
MAGHARIBI A,2022,11,49,27,39.5,-6.1,39.25,Male,15-29 yrs,NO,Other,Index Case,LEYLA GUNES DISPENSARY,MJINI,PUBLIC,UNGUJA,MBUZINI,178681,2006,388344.4,15.0,30.72,24.44,74.73,97.8,KIZIMBANI-Zanzibar,False
MAGHARIBI A,2022,12,49,1,25.95,-6.12,39.26,Male,45+ yrs,NO,Business,Index Case,KIANGA PHCU,MJINI,PUBLIC,UNGUJA,KIANGA,178770,2041,388344.4,0.56,32.27,24.75,78.77,97.8,KIZIMBANI-Zanzibar,False
MAGHARIBI A,2022,12,50,5,18.79,-6.09,39.23,Female,15-29 yrs,NO,Other,Other Household Member,ZIWANI POLICE,MJINI,PUBLIC,UNGUJA,KIBWENI,178846,2057,388344.4,3.86,31.8,24.34,77.69,97.8,KIZIMBANI-Zanzibar,False
MAGHARIBI A,2022,12,51,12,22.75,-6.09,39.24,Female,5-14 yrs,NO,Student,Index Case,CHUINI PHCU,MJINI,PUBLIC,UNGUJA,CHUINI,179028,2130,388344.4,26.9,31.61,24.36,78.54,97.8,KIZIMBANI-Zanzibar,True
MAGHARIBI A,2022,12,52,19,23.74,-6.12,39.25,Male,< 5 yrs,NO,Under school age (<6 years),Other Household Member,ZIWANI POLICE,MJINI,PUBLIC,UNGUJA,MWERA,179147,2151,388344.4,0.0,32.11,25.4,77.51,97.8,KIZIMBANI-Zanzibar,True
MAGHARIBI A,2022,12,53,26,23.1,-6.12,39.24,Female,15-29 yrs,NO,Housewife,Other Household Member,ZIWANI POLICE,MJINI,PUBLIC,UNGUJA,MTONI CHEMCHEM,179381,2217,388344.4,60.81,31.33,25.52,77.72,97.8,KIZIMBANI-Zanzibar,False
MAGHARIBI A,2023,1,1,1,22.6,-6.1,39.24,Female,15-29 yrs,YES,Business,Index Case,MELINANE DISPENSARY,MJINI,PUBLIC,UNGUJA,MBUZINI,179578,2451,248000.0,0.0,32.4,26.16,78.46,94.0,KIZIMBANI-Zanzibar,True
MAGHARIBI A,2023,1,2,8,21.73,-6.07,39.25,Female,15-29 yrs,YES,Other,Index Case,MNAZI MMOJA HOSPITAL,MJINI,PUBLIC,UNGUJA,KIANGA,179918,2378,248000.0,30.02,31.15,25.84,77.61,94.0,KIZIMBANI-Zanzibar,True
MAGHARIBI A,2023,1,3,15,22.98,-6.08,39.25,Female,15-29 yrs,YES,Student,Index Case,MELINANE DISPENSARY,MJINI,PUBLIC,UNGUJA,CHUINI,180417,2614,248000.0,9.3,32.48,25.11,78.05,94.0,KIZIMBANI-Zanzibar,True
MAGHARIBI A,2023,1,4,22,23.42,-6.09,39.24,Male,30-44 yrs,YES,Business,Index Case,KVZ MTONI,MJINI,PUBLIC,UNGUJA,MFENESINI,180885,2713,248000.0,1.02,32.25,25.32,77.79,94.0,KIZIMBANI-Zanzibar,True
MAGHARIBI A,2023,1,5,29,20.59,-6.11,39.25,Male,45+ yrs,NO,Business,Other Household Member,ZIWANI POLICE,MJINI,PUBLIC,UNGUJA,MWERA,181325,2806,248000.0,2.3,31.16,25.03,77.86,94.0,KIZIMBANI-Zanzibar,True
MAGHARIBI A,2023,2,5,1,20.17,-6.1,39.25,Female,5-14 yrs,NO,Student,Other Household Member,ZIWANI POLICE,MJINI,PUBLIC,UNGUJA,KIJICHI,181526,2896,248000.0,0.6,32.95,24.72,76.39,94.0,KIZIMBANI-Zanzibar,True
MAGHARIBI A,2023,2,6,5,24.54,-6.09,39.25,Female,45+ yrs,YES,Housewife,Index Case,KIBWENI KMKM,MJINI,PUBLIC,UNGUJA,MWAKAJE,181717,2985,248000.0,1.63,32.81,24.46,75.4,94.0,KIZIMBANI-Zanzibar,True
MAGHARIBI A,2023,2,7,12,25.71,-6.12,39.25,Male,15-29 yrs,YES,Fisherman,Index Case,KIBWENI KMKM,MJINI,PUBLIC,UNGUJA,MTO PEPO,182132,3071,248000.0,1.1,32.14,25.03,75.77,94.0,KIZIMBANI-Zanzibar,True
MAGHARIBI A,2023,2,8,20,23.38,-6.08,39.26,Female,15-29 yrs,YES,Business,Index Case,BUMBWISUDI PHCU,MJINI,PUBLIC,UNGUJA,MWAKAJE,182524,3193,248000.0,0.0,31.66,24.59,75.27,94.0,KIZIMBANI-Zanzibar,True
MAGHARIBI A,2023,2,9,26,20.57,-6.13,39.24,Male,15-29 yrs,NO,Other,Index Case,KIBWENI KMKM,MJINI,PUBLIC,UNGUJA,KIBWENI,182819,3384,248000.0,0.0,32.32,23.54,74.3,94.0,KIZIMBANI-Zanzibar,False
MAGHARIBI A,2023,3,9,1,24.65,-6.08,39.24,Female,< 5 yrs,NO,Other,Index Case,Unknown,MJINI,PUBLIC,UNGUJA,KIJICHI,182966,3396,248000.0,0.0,33.95,24.44,75.96,94.0,KIZIMBANI-Zanzibar,True
MAGHARIBI A,2023,3,10,5,21.77,-6.08,39.25,Female,30-44 yrs,NO,Other,Index Case,UTAPOA DISPENSARY,MJINI,PRIVATE,UNGUJA,MWERA,183119,3428,248000.0,0.0,33.24,25.18,77.03,94.0,KIZIMBANI-Zanzibar,True
MAGHARIBI A,2023,3,11,12,21.39,-6.11,39.25,Male,15-29 yrs,NO,Business,Other Household Member,ZIWANI POLICE,MJINI,PUBLIC,UNGUJA,MWANYANYA,183348,3504,248000.0,7.89,32.03,25.84,76.66,94.0,KIZIMBANI-Zanzibar,True
MAGHARIBI A,2023,3,12,19,26.25,-6.12,39.25,Male,30-44 yrs,NO,Business,Other Household Member,ZIWANI POLICE,MJINI,PUBLIC,UNGUJA,MWERA,183516,3522,248000.0,16.0,31.41,25.96,76.05,94.0,KIZIMBANI-Zanzibar,False
MAGHARIBI A,2023,3,13,26,20.74,-6.12,39.24,Female,30-44 yrs,NO,Housewife,Other Household Member,ZIWANI POLICE,MJINI,PUBLIC,UNGUJA,MWERA,183699,3475,248000.0,5.66,30.96,24.72,76.02,94.0,KIZIMBANI-Zanzibar,True
MAGHARIBI A,2023,4,13,1,38.0,-6.06,39.28,Male,30-44 yrs,NO,Business,Other Household Member,ZIWANI POLICE,MJINI,PUBLIC,UNGUJA,BUMBWISUDI,184073,3725,248000.0,34.86,31.59,26.19,86.65,94.0,KIZIMBANI-Zanzibar,False
MAGHARIBI A,2023,4,14,2,23.61,-6.08,39.24,Female,15-29 yrs,YES,Unemployed,Index Case,KIBWENI KMKM,MJINI,PUBLIC,UNGUJA,KIBWENI,184092,3996,248000.0,38.73,31.64,25.27,86.78,94.0,KIZIMBANI-Zanzibar,True
MAGHARIBI A,2023,4,15,9,21.18,-6.1,39.24,Female,15-29 yrs,NO,Housewife,Index Case,GLORY CLINIC(MFENESINI),MJINI,PUBLIC,UNGUJA,MWAKAJE,184186,3778,248000.0,32.55,31.58,25.46,86.12,94.0,KIZIMBANI-Zanzibar,True
MAGHARIBI A,2023,4,16,16,26.16,-6.08,39.24,Female,30-44 yrs,YES,Health worker,Index Case,AL-NAJID DISPENSARY,MJINI,PRIVATE,UNGUJA,MTONI,184415,4234,248000.0,102.18,28.76,24.77,86.61,94.0,KIZIMBANI-Zanzibar,True
MAGHARIBI A,2023,4,17,23,23.65,-6.11,39.24,Female,45+ yrs,YES,Farmer,Index Case,HABIBA DISPENSARY,MJINI,PRIVATE,UNGUJA,MTONI KIDATU,184619,3921,248000.0,91.93,29.34,24.63,85.8,94.0,KIZIMBANI-Zanzibar,True
MAGHARIBI A,2023,4,18,30,34.8,-6.08,39.26,Male,45+ yrs,NO,Farmer,Other Household Member,ZIWANI POLICE,MJINI,PUBLIC,UNGUJA,MWERA,184853,4015,248000.0,150.35,28.51,25.34,86.1,94.0,KIZIMBANI-Zanzibar,False
MAGHARIBI A,2023,5,18,2,23.4,-6.1,39.24,Female,30-44 yrs,NO,Housewife,Other Household Member,ZIWANI POLICE,MJINI,PUBLIC,UNGUJA,KIBWENI,184923,3968,248000.0,13.9,30.59,24.8,82.24,94.0,KIZIMBANI-Zanzibar,True
MAGHARIBI A,2023,5,19,7,24.17,-6.09,39.24,Male,15-29 yrs,YES,Fisherman,Index Case,BUMBWISUDI PHCU,MJINI,PUBLIC,UNGUJA,MWAKAJE,185291,4268,248000.0,28.02,30.3,25.17,82.19,94.0,KIZIMBANI-Zanzibar,True
MAGHARIBI A,2023,5,20,14,22.49,-6.1,39.23,Male,30-44 yrs,YES,Other,Index Case,HURUMA DISPENSARY,MJINI,PRIVATE,UNGUJA,MWERA,185690,4143,248000.0,21.5,30.31,25.21,82.15,94.0,KIZIMBANI-Zanzibar,True
MAGHARIBI A,2023,5,21,21,23.69,-6.1,39.24,Female,15-29 yrs,YES,Student,Index Case,KVZ MTONI,MJINI,PUBLIC,UNGUJA,MTONI CHEMCHEM,186329,4503,248000.0,7.37,30.54,24.69,82.07,94.0,KIZIMBANI-Zanzibar,True
MAGHARIBI A,2023,5,22,28,27.99,-6.11,39.24,Male,30-44 yrs,YES,Watchman/Police,Index Case,BUBUBU MEDICAL DISPENSARY,MJINI,PRIVATE,UNGUJA,BUBUBU,186979,4673,248000.0,11.71,29.21,24.51,82.74,94.0,KIZIMBANI-Zanzibar,True
MAGHARIBI A,2023,6,22,1,24.78,-6.13,39.25,Male,45+ yrs,NO,Business,Index Case,ZANZIBAR CLINIC,MJINI,PRIVATE,UNGUJA,KIANGA,187533,4815,248000.0,52.65,29.01,23.7,82.71,94.0,KIZIMBANI-Zanzibar,True
MAGHARIBI A,2023,6,23,4,22.46,-6.1,39.24,Male,5-14 yrs,YES,Student,Index Case,KIBWENI KMKM,MJINI,PUBLIC,UNGUJA,MTO PEPO,187751,4860,248000.0,32.29,29.07,23.37,82.06,94.0,KIZIMBANI-Zanzibar,True
MAGHARIBI A,2023,6,24,11,23.67,-6.11,39.24,Female,30-44 yrs,YES,Housewife,Index Case,ASSA-KHERI DISPENSARY,MJINI,PRIVATE,UNGUJA,KIANGA,188504,5179,248000.0,2.17,29.35,23.49,82.52,94.0,KIZIMBANI-Zanzibar,True
MAGHARIBI A,2023,6,25,18,23.62,-6.1,39.24,Male,5-14 yrs,NO,Student,Other Household Member,ZIWANI POLICE,MJINI,PUBLIC,UNGUJA,HAWAII,189408,5368,248000.0,0.26,29.56,23.65,82.8,94.0,KIZIMBANI-Zanzibar,True
MAGHARIBI A,2023,6,26,25,23.9,-6.1,39.26,Male,45+ yrs,NO,Other,Index Case,AL-HAJI DISPENSARY,MJINI,PRIVATE,UNGUJA,BUBUBU,190484,5704,248000.0,0.0,29.57,23.58,82.02,94.0,KIZIMBANI-Zanzibar,True
MAGHARIBI A,2023,7,26,1,25.4,-6.09,39.23,Female,15-29 yrs,NO,Other,Index Case,Unknown,MJINI,PUBLIC,UNGUJA,MASINGINI,191067,5997,248000.0,12.13,28.12,24.21,84.75,94.0,KIZIMBANI-Zanzibar,False
MAGHARIBI A,2023,7,27,2,23.76,-6.11,39.24,Male,30-44 yrs,NO,Business,Index Case,KUNDI DISPENSARY,MJINI,PRIVATE,UNGUJA,MTO PEPO,191160,5996,248000.0,13.03,28.45,23.41,83.31,94.0,KIZIMBANI-Zanzibar,True
MAGHARIBI A,2023,7,28,9,24.18,-6.1,39.23,Male,45+ yrs,NO,Civil Servant,Other Household Member,ZIWANI POLICE,MJINI,PUBLIC,UNGUJA,MFENESINI,191883,5732,248000.0,5.74,28.73,22.95,84.23,94.0,KIZIMBANI-Zanzibar,True
MAGHARIBI A,2023,7,29,16,25.54,-6.1,39.23,Male,5-14 yrs,NO,Student,Other Household Member,ZIWANI POLICE,MJINI,PUBLIC,UNGUJA,KIHINANI,192787,6271,248000.0,0.94,29.24,23.64,84.13,94.0,KIZIMBANI-Zanzibar,True
MAGHARIBI A,2023,7,30,23,25.15,-6.09,39.24,Male,30-44 yrs,NO,Civil Servant,Index Case,MELINANE DISPENSARY,MJINI,PUBLIC,UNGUJA,KIHINANI,193711,6720,248000.0,11.44,28.42,23.03,84.12,94.0,KIZIMBANI-Zanzibar,True
MAGHARIBI A,2023,7,31,30,24.28,-6.1,39.24,Female,< 5 yrs,YES,Other,Index case,QUIK DISPENSARY,MAGHARIBI A,PUBLIC,UNGUJA,MTOFAANI,NotInvest,7052,248000.0,20.46,28.14,22.9,82.81,94.0,KIZIMBANI-Zanzibar,True
MAGHARIBI A,2023,8,31,1,23.31,-6.12,39.25,Female,30-44 yrs,NO,Housewife,Index Case,MWERA PHCU+,MJINI,PUBLIC,UNGUJA,MWERA,194861,7004,248000.0,2.78,28.91,23.11,82.47,94.0,KIZIMBANI-Zanzibar,True
MAGHARIBI A,2023,8,32,6,23.71,-6.13,39.24,Male,30-44 yrs,NO,Watchman/Police,Index Case,ZANZIBAR CLINIC,MJINI,PRIVATE,UNGUJA,MTOFAANI,195512,7210,248000.0,0.95,29.59,22.97,81.94,94.0,KIZIMBANI-Zanzibar,True
MAGHARIBI A,2023,8,33,13,26.09,-6.11,39.25,Female,15-29 yrs,NO,Housewife,Index Case,FARAJA DISPENSARY,MJINI,PRIVATE,UNGUJA,MWERA,196261,7409,248000.0,1.41,30.16,22.9,81.71,94.0,KIZIMBANI-Zanzibar,True
MAGHARIBI A,2023,8,34,20,24.16,-6.1,39.23,Male,45+ yrs,NO,Other,Other Household Member,ZIWANI POLICE,MJINI,PUBLIC,UNGUJA,MTONI KIDATU,197018,7526,248000.0,3.0,29.37,22.84,80.95,94.0,KIZIMBANI-Zanzibar,True
MAGHARIBI A,2023,8,35,27,29.03,-6.11,39.24,Male,15-29 yrs,YES,Business,Index Case,HABIBA DISPENSARY,MJINI,PRIVATE,UNGUJA,MTONI,197638,7925,248000.0,8.03,29.82,22.69,81.16,94.0,KIZIMBANI-Zanzibar,True
MAGHARIBI A,2023,9,35,1,29.75,-6.1,39.25,Male,30-44 yrs,NO,Unemployed,Other Household Member,ZIWANI POLICE,MJINI,PUBLIC,UNGUJA,BUBUBU,198254,8038,248000.0,0.0,31.69,20.66,77.05,94.0,KIZIMBANI-Zanzibar,True
MAGHARIBI A,2023,9,36,3,23.71,-6.1,39.24,Female,< 5 yrs,NO,Under school age (<6 years),Index Case,ZANZIBAR CLINIC,MJINI,PRIVATE,UNGUJA,MTOFAANI,198348,8082,248000.0,0.05,29.2,22.7,77.1,94.0,KIZIMBANI-Zanzibar,True
MAGHARIBI A,2023,9,37,10,23.44,-6.11,39.24,Female,15-29 yrs,NO,Other,Index Case,MELINANE DISPENSARY,MJINI,PUBLIC,UNGUJA,KIHINANI,199174,8287,248000.0,1.42,30.52,22.78,76.94,94.0,KIZIMBANI-Zanzibar,True
MAGHARIBI A,2023,9,38,18,21.56,-6.11,39.24,Female,45+ yrs,NO,Farmer,Other Household Member,ZIWANI POLICE,MJINI,PUBLIC,UNGUJA,KIZIMBANI,199670,8421,248000.0,0.0,30.77,22.86,77.03,94.0,KIZIMBANI-Zanzibar,True
MAGHARIBI A,2023,9,39,24,21.55,-6.1,39.24,Female,5-14 yrs,NO,Student,Other Household Member,ZIWANI POLICE,MJINI,PUBLIC,UNGUJA,MTOFAANI,200269,8593,248000.0,7.59,30.76,23.2,76.41,94.0,KIZIMBANI-Zanzibar,True
MAGHARIBI A,2023,10,40,1,22.89,-6.08,39.25,Male,45+ yrs,YES,Other,Index Case,MWANYANYA,MJINI,PRIVATE,UNGUJA,MWANYANYA,200801,8714,248000.0,17.99,30.66,23.74,74.64,94.0,KIZIMBANI-Zanzibar,True
MAGHARIBI A,2023,10,41,8,23.48,-6.11,39.24,Male,30-44 yrs,YES,Other,Index Case,ASSA-KHERI DISPENSARY,MJINI,PRIVATE,UNGUJA,MASINGINI,201354,8930,248000.0,0.4,31.32,24.41,75.35,94.0,KIZIMBANI-Zanzibar,True
MAGHARIBI A,2023,10,42,15,21.79,-6.09,39.25,Male,5-14 yrs,NO,Student,Other Household Member,ZIWANI POLICE,MJINI,PUBLIC,UNGUJA,MWAKAJE,202078,9130,248000.0,0.77,31.36,24.15,74.72,94.0,KIZIMBANI-Zanzibar,True
MAGHARIBI A,2023,10,43,22,23.56,-6.11,39.24,Male,30-44 yrs,NO,Business,Other Household Member,ZIWANI POLICE,MJINI,PUBLIC,UNGUJA,HAWAII,202764,9268,248000.0,13.38,31.23,24.77,76.01,94.0,KIZIMBANI-Zanzibar,True
MAGHARIBI A,2023,10,44,29,27.21,-6.1,39.25,Male,5-14 yrs,NO,Student,Other Household Member,ZIWANI POLICE,MJINI,PUBLIC,UNGUJA,MASINGINI,203330,9378,248000.0,25.86,31.04,24.4,75.35,94.0,KIZIMBANI-Zanzibar,True
MAGHARIBI A,2023,11,44,1,20.58,-6.09,39.24,Female,5-14 yrs,NO,Student,Other Household Member,ZIWANI POLICE,MJINI,PUBLIC,UNGUJA,KIJICHI,203608,9534,248000.0,166.2,28.42,25.07,83.77,94.0,KIZIMBANI-Zanzibar,True
MAGHARIBI A,2023,11,45,5,23.21,-6.11,39.24,Female,15-29 yrs,NO,Student,Index Case,KIBWENI KMKM,MJINI,PUBLIC,UNGUJA,MTO PEPO,203890,9880,248000.0,80.02,29.31,24.38,83.0,94.0,KIZIMBANI-Zanzibar,True
MAGHARIBI A,2023,11,46,12,24.33,-6.08,39.25,Female,15-29 yrs,NO,Unemployed,Index Case,KIBWENI KMKM,MJINI,PUBLIC,UNGUJA,BUBUBU,204845,10172,248000.0,38.93,30.19,24.11,82.27,94.0,KIZIMBANI-Zanzibar,True
MAGHARIBI A,2023,11,47,19,24.66,-6.08,39.25,Female,30-44 yrs,NO,Farmer,Other Household Member,ZIWANI POLICE,MJINI,PUBLIC,UNGUJA,MBUZINI,205745,9627,248000.0,42.12,30.08,24.71,82.65,94.0,KIZIMBANI-Zanzibar,True
MAGHARIBI A,2023,11,48,26,23.82,-6.09,39.25,Male,15-29 yrs,NO,Student,Index Case,MBUZINI DISTRICT HOSPITAL,MJINI,PUBLIC,UNGUJA,CHUINI,206839,11373,248000.0,30.22,30.31,24.69,83.11,94.0,KIZIMBANI-Zanzibar,True
MAGHARIBI A,2023,12,48,1,24.38,-6.08,39.25,Female,5-14 yrs,NO,Student,Other Household Member,ZIWANI POLICE,MJINI,PUBLIC,UNGUJA,KIHINANI,207855,11764,248000.0,23.27,30.32,23.84,81.38,94.0,KIZIMBANI-Zanzibar,True
MAGHARIBI A,2023,12,49,3,23.96,-6.07,39.26,Male,45+ yrs,NO,Watchman/Police,Index Case,MELINANE DISPENSARY,MJINI,PUBLIC,UNGUJA,KIHINANI,208146,12060,248000.0,25.65,31.04,24.57,81.23,94.0,KIZIMBANI-Zanzibar,True
MAGHARIBI A,2023,12,50,10,27.06,-6.07,39.26,Female,30-44 yrs,NO,Housewife,Other Household Member,ZIWANI POLICE,MJINI,PUBLIC,UNGUJA,MICHIKICHINI,209779,12796,248000.0,54.44,30.98,25.02,81.35,94.0,KIZIMBANI-Zanzibar,True
MAGHARIBI A,2023,12,51,17,28.75,-6.01,39.3,Male,30-44 yrs,NO,Other,Index Case,KIBWENI KMKM,MJINI,PUBLIC,UNGUJA,MBUZINI,211642,13859,248000.0,21.95,31.84,25.56,80.73,94.0,KIZIMBANI-Zanzibar,True
MAGHARIBI A,2023,12,52,24,27.58,-6.02,39.3,Male,45+ yrs,NO,Other,Index case,KIBWENI KMKM,MAGHARIBI A,PUBLIC,UNGUJA,KIJICHI,NotInvest,17314,248000.0,10.84,31.85,25.49,80.68,94.0,KIZIMBANI-Zanzibar,True
MAGHARIBI B,2018,1,1,1,20.74,-6.04,39.3,Male,15-29 yrs,NO,Other,Other Household Member,ZIWANI POLICE,MJINI,PUBLIC,UNGUJA,MAGOGONI,70560,117032,178072.0,6.95,32.31,25.63,73.8,95.0,Zanzibar Airport,True
MAGHARIBI B,2018,1,2,7,23.99,-6.07,39.29,Male,15-29 yrs,NO,Other,Index Case,ALTABIB DISPENSARY,MJINI,PRIVATE,UNGUJA,KINUNI,70966,117305,178072.0,4.3,32.44,26.16,73.97,95.0,Zanzibar Airport,True
MAGHARIBI B,2018,1,3,14,21.78,-6.04,39.3,Male,15-29 yrs,YES,Other,Index Case,MINA DISPENSARY,MJINI,PRIVATE,UNGUJA,FUMBA,71287,117650,178072.0,0.34,32.41,25.22,73.81,95.0,Zanzibar Airport,True
MAGHARIBI B,2018,1,4,21,23.15,-6.02,39.31,Male,15-29 yrs,NO,Other,Index Case,CARE CLINIC,MJINI,PRIVATE,UNGUJA,KISAUNI,71655,117570,178072.0,0.0,32.34,25.15,74.5,95.0,Zanzibar Airport,True
MAGHARIBI B,2018,1,5,28,25.04,-6.08,39.28,Female,15-29 yrs,NO,Other,Other Household Member,ZIWANI POLICE,MJINI,PUBLIC,UNGUJA,KIEMBE SAMAKI,71929,117226,178072.0,0.0,32.29,25.55,74.29,95.0,Zanzibar Airport,True
MAGHARIBI B,2018,2,5,1,22.4,-6.14,39.25,Female,15-29 yrs,NO,Other,Other Household Member,ZIWANI POLICE,MJINI,PUBLIC,UNGUJA,TOMONDO,72255,117770,178072.0,0.0,32.74,25.23,71.8,95.0,Zanzibar Airport,False
MAGHARIBI B,2018,2,6,4,20.03,-6.12,39.27,Female,15-29 yrs,NO,Other,Index Case,HURUMA DISPENSARY,MJINI,PRIVATE,UNGUJA,MAGOGONI,72351,117867,178072.0,0.0,31.99,25.14,72.92,95.0,Zanzibar Airport,True
MAGHARIBI B,2018,2,7,11,16.5,-6.09,39.3,Female,15-29 yrs,NO,Other,Index Case,SANASA DISPENSARY,MJINI,PRIVATE,UNGUJA,MELINNE,72612,117946,178072.0,1.25,31.38,24.64,73.17,95.0,Zanzibar Airport,True
MAGHARIBI B,2018,2,8,19,21.45,-6.12,39.27,Male,< 5 yrs,NO,Other,Index Case,SHAKANI PHCU,WEST,PUBLIC,UNGUJA,SHAKANI,72842,118025,178072.0,4.27,31.04,25.67,72.55,95.0,Zanzibar Airport,True
MAGHARIBI B,2018,2,9,26,23.5,-6.15,39.24,Female,30-44 yrs,NO,Other,Index Case,CARE CLINIC,MJINI,PRIVATE,UNGUJA,KIEMBE SAMAKI,73013,118105,178072.0,0.0,33.08,26.11,73.34,95.0,Zanzibar Airport,False
MAGHARIBI B,2018,3,9,1,22.83,-6.1,39.27,Male,< 5 yrs,NO,Other,Index Case,KISAUNI PHCU,WEST,PUBLIC,UNGUJA,KISAUNI,73119,118137,178072.0,1.68,33.07,25.57,77.46,95.0,Zanzibar Airport,False
MAGHARIBI B,2018,3,10,5,23.31,-5.94,38.99,Male,5-14 yrs,NO,Other,Index Case,FUONI PHCU+,MJINI,PUBLIC,UNGUJA,FUONI KIBONDENI,73210,118179,178072.0,3.27,33.04,25.32,76.78,95.0,Zanzibar Airport,True
MAGHARIBI B,2018,3,11,11,27.73,-5.65,38.41,Male,< 5 yrs,NO,Other,Other Household Member,ZIWANI POLICE,MJINI,PUBLIC,UNGUJA,MELINNE,73350,118191,178072.0,4.23,31.89,25.31,77.07,95.0,Zanzibar Airport,True
MAGHARIBI B,2018,3,12,19,22.71,-6.09,39.27,Male,< 5 yrs,NO,Other,Index Case,ZIWANI POLICE,URBAN,PUBLIC,UNGUJA,FUONI KIBONDENI,73503,118283,178072.0,8.48,33.22,25.16,77.09,95.0,Zanzibar Airport,True
MAGHARIBI B,2018,3,13,26,20.76,-6.15,39.24,Female,5-14 yrs,NO,Other,Other Household Member,ZIWANI POLICE,MJINI,PUBLIC,UNGUJA,MWANAKWEREKWE,73700,117761,178072.0,0.46,33.39,25.38,76.44,95.0,Zanzibar Airport,False
MAGHARIBI B,2018,4,14,2,23.06,-6.15,39.24,Male,5-14 yrs,NO,Other,Other Household Member,ZIWANI POLICE,MJINI,PUBLIC,UNGUJA,KIEMBE SAMAKI,73895,118370,178072.0,4.45,32.47,25.74,86.23,95.0,Zanzibar Airport,False
MAGHARIBI B,2018,4,15,9,23.47,-6.16,39.24,Female,15-29 yrs,NO,Other,Index Case,CARE CLINIC,MJINI,PRIVATE,UNGUJA,CHUKWANI,74109,117328,178072.0,26.62,30.49,25.02,86.51,95.0,Zanzibar Airport,True
MAGHARIBI B,2018,4,16,15,22.86,-6.16,39.25,Male,30-44 yrs,NO,Other,Index Case,ASSA-KHERI DISPENSARY,MJINI,PRIVATE,UNGUJA,MWANAKWEREKWE,74466,118564,178072.0,38.62,30.77,24.65,85.52,95.0,Zanzibar Airport,True
MAGHARIBI B,2018,4,17,22,24.17,-6.18,39.24,Female,5-14 yrs,NO,Other,Other Household Member,ZIWANI POLICE,MJINI,PUBLIC,UNGUJA,FUONI KIBONDENI,74834,118503,178072.0,18.26,31.53,24.34,87.24,95.0,Zanzibar Airport,True
MAGHARIBI B,2018,4,18,30,22.0,-5.98,39.34,Male,< 5 yrs,NO,Other,Index Case,BWEFUMU PHCU,WEST,PUBLIC,UNGUJA,FUMBA,75293,118687,178072.0,0.64,30.61,25.19,87.95,95.0,Zanzibar Airport,False
MAGHARIBI B,2018,5,18,1,20.7,-6.16,39.24,Male,< 5 yrs,NO,Other,Other Household Member,ZIWANI POLICE,MJINI,PUBLIC,UNGUJA,KINUNI,75335,118701,178072.0,23.51,29.6,24.77,83.32,95.0,Zanzibar Airport,True
MAGHARIBI B,2018,5,19,6,30.13,-6.18,39.29,Male,30-44 yrs,YES,Other,Index Case,MNAZI MMOJA HOSPITAL,MJINI,PUBLIC,UNGUJA,PANGAWE,75641,118812,178072.0,25.3,29.29,24.96,82.98,95.0,Zanzibar Airport,True
MAGHARIBI B,2018,5,20,13,22.45,-6.16,39.26,Female,15-29 yrs,NO,Other,Other Household Member,ZIWANI POLICE,MJINI,PUBLIC,UNGUJA,PANGAWE,76011,118812,178072.0,22.16,29.66,24.94,82.63,95.0,Zanzibar Airport,True
MAGHARIBI B,2018,5,21,21,19.53,-6.13,39.26,Female,5-14 yrs,NO,Other,Other Household Member,ZIWANI POLICE,MJINI,PUBLIC,UNGUJA,CHUKWANI,76755,118776,178072.0,8.83,29.75,24.42,82.61,95.0,Zanzibar Airport,True
MAGHARIBI B,2018,5,22,27,22.27,-6.13,39.26,Male,5-14 yrs,NO,Other,Other Household Member,ZIWANI POLICE,MJINI,PUBLIC,UNGUJA,MAGOGONI,77258,119195,178072.0,1.72,29.62,24.4,82.97,95.0,Zanzibar Airport,True
MAGHARIBI B,2018,6,22,1,17.0,-6.12,39.27,Female,15-29 yrs,NO,Other,Index Case,ALTABIB DISPENSARY,MJINI,PRIVATE,UNGUJA,TOMONDO,77591,119370,178072.0,2.15,30.4,24.67,72.4,95.0,Zanzibar Airport,False
MAGHARIBI B,2018,6,23,3,22.97,-6.11,39.26,Female,30-44 yrs,NO,Other,Index Case,ASSA-KHERI DISPENSARY,MJINI,PRIVATE,UNGUJA,MOMBASA,77650,119424,178072.0,1.97,30.11,24.88,73.19,95.0,Zanzibar Airport,True
MAGHARIBI B,2018,6,24,10,24.56,-6.13,39.26,Female,< 5 yrs,NO,Other,Other Household Member,ZIWANI POLICE,MJINI,PUBLIC,UNGUJA,FUONI KIJITOUPELE,78201,119331,178072.0,0.13,29.49,24.07,72.86,95.0,Zanzibar Airport,True
MAGHARIBI B,2018,6,25,17,23.91,-6.13,39.26,Male,15-29 yrs,NO,Other,Index Case,M&J DISPENSARY,MJINI,PRIVATE,UNGUJA,FUMBA,78616,119605,178072.0,0.1,28.71,23.42,74.06,95.0,Zanzibar Airport,True
MAGHARIBI B,2018,6,26,24,21.04,-6.03,39.31,Male,< 5 yrs,NO,Other,Index Case,MNAZI MMOJA HOSPITAL,URBAN,PUBLIC,UNGUJA,KINUNI,79204,119814,178072.0,1.26,29.24,23.07,73.09,95.0,Zanzibar Airport,True
MAGHARIBI B,2018,7,27,1,17.87,-6.09,39.29,Male,< 5 yrs,NO,Other,Index Case,M&J DISPENSARY,URBAN,PRIVATE,UNGUJA,TOMONDO,79795,120097,178072.0,15.27,29.87,24.17,71.62,95.0,Zanzibar Airport,True
MAGHARIBI B,2018,7,28,8,23.11,-6.09,39.29,Male,< 5 yrs,NO,Other,Index Case,Unknown,URBAN,PUBLIC,UNGUJA,KIEMBE SAMAKI,80328,120305,178072.0,2.46,29.68,23.8,71.52,95.0,Zanzibar Airport,True
MAGHARIBI B,2018,7,29,15,20.54,-6.07,39.28,Male,< 5 yrs,NO,Other,Index Case,MARIE STOPES PRIVATE HOSPITAL ,URBAN,PRIVATE,UNGUJA,KIEMBE SAMAKI,80800,120501,178072.0,0.14,29.16,22.89,71.11,95.0,Zanzibar Airport,True
MAGHARIBI B,2018,7,30,23,20.47,-6.09,39.29,Male,< 5 yrs,NO,Other,Other Household Member,ZIWANI POLICE,MJINI,PUBLIC,UNGUJA,MWANAKWEREKWE,81360,120659,178072.0,0.07,28.64,23.11,70.61,95.0,Zanzibar Airport,True
MAGHARIBI B,2018,7,31,29,22.0,-6.0,39.32,Male,< 5 yrs,NO,Other,Index Case,KWAMCHINA DISPENSARY,URBAN,PRIVATE,UNGUJA,TOMONDO,81598,120785,178072.0,0.0,29.28,23.77,72.05,95.0,Zanzibar Airport,True
MAGHARIBI B,2018,8,31,1,25.06,-6.03,39.31,Male,< 5 yrs,NO,Other,Index Case,MWANAKWEREKWE KKKT DISPENSARY,WEST,PRIVATE,UNGUJA,MWANAKWEREKWE,81791,120852,178072.0,0.1,28.88,23.34,74.42,95.0,Zanzibar Airport,True
MAGHARIBI B,2018,8,32,5,20.73,-6.03,39.31,Male,15-29 yrs,NO,Other,Index Case,MAFUNZO-MAKAOO MAKUU,MJINI,PUBLIC,UNGUJA,KISAUNI,81944,120926,178072.0,0.06,29.07,22.96,73.13,95.0,Zanzibar Airport,True
MAGHARIBI B,2018,8,33,13,21.43,-6.13,39.27,Female,30-44 yrs,NO,Other,Other Household Member,ZIWANI POLICE,MJINI,PUBLIC,UNGUJA,FUONI KIJITOUPELE,82274,120670,178072.0,0.11,28.66,23.06,73.65,95.0,Zanzibar Airport,True
MAGHARIBI B,2018,8,34,19,26.18,-6.07,39.28,Male,< 5 yrs,NO,Other,Index Case,SANASA DISPENSARY,WEST,PRIVATE,UNGUJA,MELINNE,82700,121182,178072.0,0.44,29.3,23.52,74.68,95.0,Zanzibar Airport,False
MAGHARIBI B,2018,8,35,26,18.0,-6.07,39.29,Male,< 5 yrs,NO,Other,Index Case,ALTABIB DISPENSARY,URBAN,PRIVATE,UNGUJA,TOMONDO,82965,121275,178072.0,2.0,29.55,22.94,74.87,95.0,Zanzibar Airport,True
MAGHARIBI B,2018,9,36,3,26.92,-6.06,39.29,Male,< 5 yrs,NO,Other,Index Case,MNAZI MMOJA HOSPITAL,URBAN,PUBLIC,UNGUJA,TOMONDO,83260,121374,178072.0,1.98,28.78,22.63,67.61,95.0,Zanzibar Airport,False
MAGHARIBI B,2018,9,37,9,22.73,-6.05,39.29,Female,15-29 yrs,NO,Other,Index Case,SAFI MEDICAL DISPENSARY,MJINI,PRIVATE,UNGUJA,FUONI KIJITOUPELE,83428,121485,178072.0,0.83,28.58,23.23,68.26,95.0,Zanzibar Airport,True
MAGHARIBI B,2018,9,38,16,23.06,-6.02,39.32,Male,< 5 yrs,NO,Other,Index Case,JUMBI DISPENSARY,CENTRAL,PRIVATE,UNGUJA,MWANAKWEREKWE,83694,121529,178072.0,0.42,29.61,21.92,68.38,95.0,Zanzibar Airport,True
MAGHARIBI B,2018,9,39,23,22.14,-5.98,39.34,Male,< 5 yrs,NO,Other,Index Case,SANASA DISPENSARY,WEST,PRIVATE,UNGUJA,MELINNE,83892,121635,178072.0,0.64,29.79,22.32,67.86,95.0,Zanzibar Airport,True
MAGHARIBI B,2018,10,40,1,21.67,-6.0,39.32,Male,< 5 yrs,NO,Other,Index Case,MPENDAE PHCU+,URBAN,PUBLIC,UNGUJA,TOMONDO,84158,121731,178072.0,0.82,30.29,23.58,73.92,95.0,Zanzibar Airport,True
MAGHARIBI B,2018,10,41,7,24.33,-6.07,39.29,Female,5-14 yrs,NO,Other,Other Household Member,ZIWANI POLICE,MJINI,PUBLIC,UNGUJA,FUONI KIJITOUPELE,84307,121741,178072.0,0.74,29.67,23.77,73.9,95.0,Zanzibar Airport,True
MAGHARIBI B,2018,10,42,14,20.19,-6.16,39.26,Female,15-29 yrs,NO,Other,Index Case,JUMBI DISPENSARY,MJINI,PRIVATE,UNGUJA,FUONI KIBONDENI,84500,121874,178072.0,2.36,29.42,23.6,74.26,95.0,Zanzibar Airport,True
MAGHARIBI B,2018,10,43,22,20.62,-6.11,39.28,Male,30-44 yrs,YES,Other,Index Case,ALTABIB DISPENSARY,MJINI,PRIVATE,UNGUJA,FUONI KIJITOUPELE,84735,121931,178072.0,4.02,29.82,23.46,75.88,95.0,Zanzibar Airport,False
MAGHARIBI B,2018,10,44,28,21.57,-6.1,39.29,Male,< 5 yrs,NO,Other,Index Case,AL-RAHMA HOSPITAL,URBAN,PRIVATE,UNGUJA,KISAUNI,84884,121989,178072.0,7.46,30.53,23.33,74.13,95.0,Zanzibar Airport,True
MAGHARIBI B,2018,11,44,1,29.33,-6.07,39.28,Male,30-44 yrs,NO,Other,Index Case,FUONI PHCU+,MJINI,PUBLIC,UNGUJA,PANGAWE,85042,122434,178072.0,0.0,32.05,25.44,75.7,95.0,Zanzibar Airport,False
MAGHARIBI B,2018,11,45,4,24.6,-6.08,39.26,Male,< 5 yrs,NO,Other,Index Case,SAFI MEDICAL DISPENSARY,WEST,PRIVATE,UNGUJA,PANGAWE,85095,122066,178072.0,0.0,31.7,24.63,76.72,95.0,Zanzibar Airport,True
MAGHARIBI B,2018,11,46,11,24.0,-6.02,39.32,Male,30-44 yrs,YES,Other,Index Case,AL-RAHMA HOSPITAL,MJINI,PRIVATE,UNGUJA,FUMBA,85383,122163,178072.0,0.35,31.06,24.32,76.99,95.0,Zanzibar Airport,True
MAGHARIBI B,2018,11,47,18,19.64,-6.07,39.27,Male,15-29 yrs,NO,Other,Index Case,ZIWANI POLICE,MJINI,PUBLIC,UNGUJA,TOMONDO,85533,122203,178072.0,3.36,32.0,25.1,75.28,95.0,Zanzibar Airport,True
MAGHARIBI B,2018,11,48,25,26.0,-6.14,39.25,Male,45+ yrs,NO,Other,Index Case,ASSA-KHERI DISPENSARY,MJINI,PRIVATE,UNGUJA,MAGOGONI,85751,122262,178072.0,3.45,31.98,25.17,77.46,95.0,Zanzibar Airport,True
MAGHARIBI B,2018,12,49,2,28.92,-6.11,39.27,Female,15-29 yrs,NO,Other,Index Case,AL-RAHMA HOSPITAL,MJINI,PRIVATE,UNGUJA,FUONI KIJITOUPELE,85905,122361,178072.0,4.36,32.06,24.29,76.03,95.0,Zanzibar Airport,True
MAGHARIBI B,2018,12,50,9,23.41,-6.18,39.24,Female,5-14 yrs,NO,Other,Other Household Member,ZIWANI POLICE,MJINI,PUBLIC,UNGUJA,PANGAWE,86166,122313,178072.0,4.43,32.17,25.07,75.65,95.0,Zanzibar Airport,True
MAGHARIBI B,2018,12,51,16,21.02,-6.07,39.3,Male,15-29 yrs,NO,Other,Other Household Member,ZIWANI POLICE,MJINI,PUBLIC,UNGUJA,FUONI KIBONDENI,86517,122396,178072.0,10.32,31.56,24.22,76.58,95.0,Zanzibar Airport,True
MAGHARIBI B,2018,12,52,23,21.25,-6.01,39.32,Male,< 5 yrs,NO,Other,Index Case,MAFUNZO-MAKAOO MAKUU,URBAN,PUBLIC,UNGUJA,MICHUNGWANI,86833,122582,178072.0,4.73,32.43,24.83,76.78,95.0,Zanzibar Airport,True
MAGHARIBI B,2018,12,53,30,27.5,-6.1,39.26,Male,45+ yrs,NO,Other,Index Case,AL-RAHMA HOSPITAL,MJINI,PRIVATE,UNGUJA,KIEMBE SAMAKI,87103,122679,178072.0,0.33,33.41,25.52,76.01,95.0,Zanzibar Airport,False
MAGHARIBI B,2019,1,1,1,22.27,-6.04,39.3,Male,30-44 yrs,NO,Other,Other Household Member,ZIWANI POLICE,MJINI,PUBLIC,UNGUJA,KINUNI,87248,122675,222374.0,5.88,32.88,26.81,69.67,95.2,Zanzibar Airport,True
MAGHARIBI B,2019,1,2,6,22.67,-6.11,39.27,Male,15-29 yrs,NO,Other,Index Case,UTAPOA DISPENSARY,MJINI,PRIVATE,UNGUJA,MELINNE,87574,122773,222374.0,2.52,33.33,25.9,69.55,95.2,Zanzibar Airport,True
MAGHARIBI B,2019,1,3,13,24.34,-6.09,39.28,Male,30-44 yrs,NO,Other,Index Case,AL-RAHMA HOSPITAL,MJINI,PRIVATE,UNGUJA,MBWENI,88214,122914,222374.0,1.59,32.9,25.84,69.84,95.2,Zanzibar Airport,True
MAGHARIBI B,2019,1,4,20,25.57,-6.06,39.29,Female,30-44 yrs,NO,Other,Index Case,MARIE STOPES PRIVATE HOSPITAL ,MJINI,PRIVATE,UNGUJA,KIEMBE SAMAKI,88622,123032,222374.0,2.86,32.33,25.4,69.48,95.2,Zanzibar Airport,True
MAGHARIBI B,2019,1,5,27,25.44,-6.04,39.3,Female,15-29 yrs,NO,Other,Other Household Member,ZIWANI POLICE,MJINI,PUBLIC,UNGUJA,FUONI KIBONDENI,89146,123125,222374.0,0.0,32.78,25.85,69.27,95.2,Zanzibar Airport,True
MAGHARIBI B,2019,2,5,1,32.0,-6.03,39.3,Female,45+ yrs,NO,Other,Other Household Member,ZIWANI POLICE,MJINI,PUBLIC,UNGUJA,MELINNE,89442,123193,222374.0,0.0,35.05,24.64,67.23,95.2,Zanzibar Airport,False
MAGHARIBI B,2019,2,6,3,26.4,-6.15,39.25,Female,5-14 yrs,NO,Other,Index Case,ZIWANI POLICE,MJINI,PUBLIC,UNGUJA,FUONI CHUNGA,89516,123232,222374.0,0.12,31.54,24.87,66.82,95.2,Zanzibar Airport,True
MAGHARIBI B,2019,2,7,10,23.6,-6.14,39.25,Female,15-29 yrs,NO,Other,Index Case,MNAZI MMOJA HOSPITAL,MJINI,PUBLIC,UNGUJA,TOMONDO,89755,123317,222374.0,1.61,31.64,24.45,67.29,95.2,Zanzibar Airport,True
MAGHARIBI B,2019,2,8,17,21.41,-6.12,39.26,Female,15-29 yrs,YES,Other,Index Case,CARE CLINIC,MJINI,PRIVATE,UNGUJA,MOMBASA,90082,123410,222374.0,15.1,31.84,25.68,67.89,95.2,Zanzibar Airport,True
MAGHARIBI B,2019,2,9,24,21.68,-6.13,39.26,Male,30-44 yrs,NO,Other,Other Household Member,ZIWANI POLICE,MJINI,PUBLIC,UNGUJA,FUONI KIJITOUPELE,90352,123385,222374.0,64.39,32.32,25.01,67.39,95.2,Zanzibar Airport,False
MAGHARIBI B,2019,3,9,1,27.25,-6.13,39.25,Male,45+ yrs,NO,Other,Other Household Member,ZIWANI POLICE,MJINI,PUBLIC,UNGUJA,MWANAKWEREKWE,90554,123498,222374.0,5.79,34.0,25.4,70.75,95.2,Zanzibar Airport,False
MAGHARIBI B,2019,3,10,4,25.41,-6.17,39.26,Male,5-14 yrs,NO,Other,Other Household Member,ZIWANI POLICE,MJINI,PUBLIC,UNGUJA,FUONI UWANDANI,90631,123521,222374.0,6.74,33.3,24.54,72.68,95.2,Zanzibar Airport,True
MAGHARIBI B,2019,3,11,11,20.56,-6.16,39.26,Male,5-14 yrs,NO,Other,Other Household Member,ZIWANI POLICE,MJINI,PUBLIC,UNGUJA,KOMBENI,90870,123554,222374.0,0.0,33.23,25.09,73.61,95.2,Zanzibar Airport,True
MAGHARIBI B,2019,3,12,17,22.25,-6.08,39.28,Female,45+ yrs,NO,Other,Other Household Member,ZIWANI POLICE,MJINI,PUBLIC,UNGUJA,FUONI UWANDANI,91043,123596,222374.0,0.0,34.48,25.82,73.65,95.2,Zanzibar Airport,False
MAGHARIBI B,2019,3,13,25,21.83,-6.08,39.28,Female,15-29 yrs,NO,Other,Other Household Member,ZIWANI POLICE,MJINI,PUBLIC,UNGUJA,CHUKWANI,91369,123638,222374.0,2.0,34.73,25.63,72.71,95.2,Zanzibar Airport,True
MAGHARIBI B,2019,3,14,31,38.83,-5.98,39.34,Female,45+ yrs,NO,Other,Other Household Member,ZIWANI POLICE,MJINI,PUBLIC,UNGUJA,MOMBASA,91635,123685,222374.0,4.0,32.14,23.68,71.35,95.2,Zanzibar Airport,False
MAGHARIBI B,2019,4,14,2,24.2,-6.12,39.3,Male,15-29 yrs,NO,Other,Index Case,MARIE STOPES PRIVATE HOSPITAL ,MJINI,PRIVATE,UNGUJA,MBWENI,91724,123749,222374.0,52.61,32.68,25.52,86.06,95.2,Zanzibar Airport,False
MAGHARIBI B,2019,4,15,7,25.0,-6.11,39.28,Male,5-14 yrs,NO,Other,Index Case,SANASA DISPENSARY,MJINI,PRIVATE,UNGUJA,MELINNE,91844,123765,222374.0,36.75,31.86,24.91,87.65,95.2,Zanzibar Airport,True
MAGHARIBI B,2019,4,16,15,22.2,-6.15,39.26,Female,15-29 yrs,NO,Other,Other Household Member,ZIWANI POLICE,MJINI,PUBLIC,UNGUJA,FUONI MIGOMBANI,92050,123795,222374.0,20.14,31.06,24.69,87.53,95.2,Zanzibar Airport,True
MAGHARIBI B,2019,4,17,21,20.94,-6.09,39.3,Male,5-14 yrs,YES,Other,Index Case,UTAPOA DISPENSARY,MJINI,PRIVATE,UNGUJA,MWANAKWEREKWE,92255,123884,222374.0,4.06,31.34,25.03,87.24,95.2,Zanzibar Airport,True
MAGHARIBI B,2019,4,18,28,19.32,-5.98,39.33,Male,15-29 yrs,NO,Other,Other Household Member,ZIWANI POLICE,MJINI,PUBLIC,UNGUJA,CHUKWANI,92401,123924,222374.0,0.0,31.46,24.57,87.65,95.2,Zanzibar Airport,False
MAGHARIBI B,2019,5,18,1,22.83,-6.06,39.29,Male,5-14 yrs,YES,Other,Index Case,CARE CLINIC,MJINI,PRIVATE,UNGUJA,MBWENI,92505,123954,222374.0,175.94,31.61,24.95,85.56,95.2,Zanzibar Airport,True
MAGHARIBI B,2019,5,19,5,22.48,-6.07,39.29,Male,30-44 yrs,NO,Other,Index Case,CARE CLINIC,MJINI,PRIVATE,UNGUJA,MOMBASA,92675,124220,222374.0,164.15,30.52,24.75,85.9,95.2,Zanzibar Airport,True
MAGHARIBI B,2019,5,20,12,25.69,-6.12,39.27,Female,45+ yrs,NO,Other,Other Household Member,ZIWANI POLICE,MJINI,PUBLIC,UNGUJA,FUMBA,92957,123990,222374.0,133.78,29.43,24.96,86.27,95.2,Zanzibar Airport,True
MAGHARIBI B,2019,5,21,19,23.91,-6.15,39.25,Male,15-29 yrs,NO,Other,Other Household Member,ZIWANI POLICE,MJINI,PUBLIC,UNGUJA,CHUKWANI,93404,124127,222374.0,35.16,30.05,24.57,86.22,95.2,Zanzibar Airport,True
MAGHARIBI B,2019,5,22,26,22.14,-6.16,39.25,Female,15-29 yrs,NO,Other,Index Case,JUMBI DISPENSARY,MJINI,PRIVATE,UNGUJA,FUONI KIBONDENI,93984,124307,222374.0,83.01,29.92,24.55,85.72,95.2,Zanzibar Airport,True
MAGHARIBI B,2019,6,22,1,19.86,-6.19,39.23,Male,15-29 yrs,NO,Other,Other Household Member,ZIWANI POLICE,MJINI,PUBLIC,UNGUJA,FUONI KIJITOUPELE,94344,124353,222374.0,0.0,30.56,23.66,71.1,95.2,Zanzibar Airport,False
MAGHARIBI B,2019,6,23,2,26.62,-6.14,39.25,Male,15-29 yrs,NO,Other,Other Household Member,ZIWANI POLICE,MJINI,PUBLIC,UNGUJA,KISAUNI,94356,124011,222374.0,0.0,30.5,23.89,71.13,95.2,Zanzibar Airport,True
MAGHARIBI B,2019,6,24,9,22.96,-6.2,39.26,Female,< 5 yrs,YES,Other,Index Case,JUMBI DISPENSARY,MJINI,PRIVATE,UNGUJA,FUONI MIGOMBANI,94623,124501,222374.0,0.0,29.58,23.72,72.38,95.2,Zanzibar Airport,True
MAGHARIBI B,2019,6,25,16,23.07,-6.14,39.24,Male,30-44 yrs,NO,Other,Index Case,CARE CLINIC,MJINI,PRIVATE,UNGUJA,MOMBASA,95099,124697,222374.0,0.0,29.93,23.39,72.24,95.2,Zanzibar Airport,True
MAGHARIBI B,2019,6,26,23,24.41,-6.14,39.26,Male,15-29 yrs,YES,Business,Index Case,AL-RAHMA HOSPITAL,MJINI,PRIVATE,UNGUJA,KIEMBE SAMAKI,95680,124800,222374.0,0.0,28.64,24.02,71.44,95.2,Zanzibar Airport,True
MAGHARIBI B,2019,6,27,30,18.77,-6.19,39.24,Male,< 5 yrs,NO,Other,Index Case,JUMBI DISPENSARY,CENTRAL,PRIVATE,UNGUJA,FUONI MIGOMBANI,96229,125009,222374.0,0.0,28.64,23.68,71.75,95.2,Zanzibar Airport,False
MAGHARIBI B,2019,7,27,1,23.83,-6.16,39.25,Male,15-29 yrs,NO,Business,Other Household Member,ZIWANI POLICE,MJINI,PUBLIC,UNGUJA,CHUKWANI,96275,124889,222374.0,0.0,30.63,23.36,69.32,95.2,Zanzibar Airport,True
MAGHARIBI B,2019,7,28,7,21.43,-6.15,39.26,Female,5-14 yrs,NO,Business,Other Household Member,ZIWANI POLICE,MJINI,PUBLIC,UNGUJA,MOMBASA,96897,126201,222374.0,0.0,29.68,24.47,69.17,95.2,Zanzibar Airport,True
MAGHARIBI B,2019,7,29,14,24.22,-6.19,39.25,Female,15-29 yrs,NO,Other,Other Household Member,ZIWANI POLICE,MJINI,PUBLIC,UNGUJA,KIEMBE SAMAKI,97296,124800,222374.0,0.03,29.69,23.67,69.4,95.2,Zanzibar Airport,True
MAGHARIBI B,2019,7,30,21,22.44,-6.17,39.24,Female,30-44 yrs,NO,Other,Index Case,HURUMA DISPENSARY,MJINI,PRIVATE,UNGUJA,TOMONDO,98087,125725,222374.0,0.03,29.09,23.12,68.95,95.2,Zanzibar Airport,True
MAGHARIBI B,2019,7,31,28,23.9,-6.18,39.24,Male,15-29 yrs,NO,Business,Index Case,UTAPOA DISPENSARY,MJINI,PRIVATE,UNGUJA,MAGOGONI,98731,125018,222374.0,0.0,28.48,23.11,68.6,95.2,Zanzibar Airport,True
MAGHARIBI B,2019,8,31,1,26.51,-6.16,39.24,Male,45+ yrs,NO,Business,Other Household Member,ZIWANI POLICE,MJINI,PUBLIC,UNGUJA,TOMONDO,99204,125980,222374.0,6.08,30.01,22.67,73.3,95.2,Zanzibar Airport,True
MAGHARIBI B,2019,8,32,4,23.14,-6.19,39.24,Male,< 5 yrs,NO,Other,Index Case,AL AHLAM DISPENSARY,WEST B,PRIVATE,UNGUJA,FUONI KIJITOUPELE,99331,126019,222374.0,8.2,29.26,22.56,73.27,95.2,Zanzibar Airport,True
MAGHARIBI B,2019,8,33,11,23.55,-6.18,39.24,Male,< 5 yrs,NO,Other,Index Case,SHASH DISPENSARY,WEST B,PRIVATE,UNGUJA,MWANAKWEREKWE,99722,126126,222374.0,10.31,28.94,22.76,72.99,95.2,Zanzibar Airport,True
MAGHARIBI B,2019,8,34,18,24.88,-6.2,39.25,Female,30-44 yrs,NO,Civil Servant,Other Household Member,ZIWANI POLICE,MJINI,PUBLIC,UNGUJA,MBWENI,100104,126206,222374.0,0.0,29.28,23.72,73.17,95.2,Zanzibar Airport,True
MAGHARIBI B,2019,8,35,25,23.74,-6.17,39.25,Male,15-29 yrs,YES,Business,Index Case,ASSA-KHERI DISPENSARY,MJINI,PRIVATE,UNGUJA,MELINNE,100503,126357,222374.0,0.99,29.51,23.0,73.56,95.2,Zanzibar Airport,True
MAGHARIBI B,2019,9,36,1,23.49,-6.19,39.24,Male,15-29 yrs,NO,Student,Index Case,SAFI MEDICAL DISPENSARY,MJINI,PRIVATE,UNGUJA,FUONI CHUNGA,100761,126436,222374.0,7.0,29.09,21.72,73.64,95.2,Zanzibar Airport,True
MAGHARIBI B,2019,9,37,8,24.6,-6.17,39.25,Female,< 5 yrs,YES,Other,Index Case,SAFI MEDICAL DISPENSARY,MJINI,PRIVATE,UNGUJA,FUONI KIJITOUPELE,101109,126546,222374.0,16.46,29.75,21.87,74.14,95.2,Zanzibar Airport,True
MAGHARIBI B,2019,9,38,15,22.94,-6.18,39.24,Female,15-29 yrs,NO,Business,Other Household Member,ZIWANI POLICE,MJINI,PUBLIC,UNGUJA,FUONI KIBONDENI,101380,126576,222374.0,10.67,29.53,23.19,73.37,95.2,Zanzibar Airport,True
MAGHARIBI B,2019,9,39,23,22.86,-6.13,39.25,Male,15-29 yrs,NO,Business,Other Household Member,ZIWANI POLICE,MJINI,PUBLIC,UNGUJA,KOMBENI,101698,126715,222374.0,1.53,29.83,22.72,73.0,95.2,Zanzibar Airport,True
MAGHARIBI B,2019,9,40,29,23.92,-6.03,39.28,Male,15-29 yrs,NO,Business,Other Household Member,ZIWANI POLICE,MJINI,PUBLIC,UNGUJA,PANGAWE,101836,126727,222374.0,4.96,29.46,22.67,73.36,95.2,Zanzibar Airport,False
MAGHARIBI B,2019,10,40,1,18.1,-6.21,39.25,Male,15-29 yrs,NO,Business,Index Case,BWEFUMU PHCU,MJINI,PUBLIC,UNGUJA,BWELEO,101890,126811,222374.0,19.42,30.02,24.42,76.76,95.2,Zanzibar Airport,True
MAGHARIBI B,2019,10,41,6,23.19,-6.11,39.27,Male,5-14 yrs,NO,Other,Index Case,SAFI MEDICAL DISPENSARY,WEST B,PRIVATE,UNGUJA,MNARANI,102083,126873,222374.0,65.7,29.34,24.38,77.23,95.2,Zanzibar Airport,True
MAGHARIBI B,2019,10,42,13,23.29,-6.14,39.24,Male,30-44 yrs,YES,Business,Index Case,AL-RAHMA HOSPITAL,MJINI,PRIVATE,UNGUJA,TOMONDO,102250,126921,222374.0,93.56,29.39,24.19,78.0,95.2,Zanzibar Airport,True
MAGHARIBI B,2019,10,43,20,25.48,-6.16,39.24,Male,15-29 yrs,YES,Civil Servant,Index Case,MAFUNZO-MAKAOO MAKUU,MJINI,PUBLIC,UNGUJA,KINUNI,102667,126986,222374.0,63.2,29.41,23.64,77.64,95.2,Zanzibar Airport,True
MAGHARIBI B,2019,10,44,27,27.33,-6.17,39.25,Female,30-44 yrs,NO,Other,Other Household Member,ZIWANI POLICE,MJINI,PUBLIC,UNGUJA,KISAUNI,103003,127038,222374.0,80.88,30.31,24.44,77.31,95.2,Zanzibar Airport,False
MAGHARIBI B,2019,11,44,1,20.9,-6.21,39.23,Female,30-44 yrs,NO,Other,Other Household Member,ZIWANI POLICE,MJINI,PUBLIC,UNGUJA,KISAUNI,103162,127091,222374.0,6.66,32.74,26.29,77.85,95.2,Zanzibar Airport,False
MAGHARIBI B,2019,11,45,3,23.09,-6.18,39.25,Male,30-44 yrs,NO,Other,Index Case,AL AHLAM DISPENSARY,MJINI,PRIVATE,UNGUJA,TOMONDO,103202,127854,222374.0,11.44,30.57,25.17,77.52,95.2,Zanzibar Airport,True
MAGHARIBI B,2019,11,46,10,22.54,-6.18,39.23,Female,5-14 yrs,NO,Student,Other Household Member,ZIWANI POLICE,MJINI,PUBLIC,UNGUJA,CHUKWANI,103497,127195,222374.0,39.46,31.41,24.1,77.01,95.2,Zanzibar Airport,True
MAGHARIBI B,2019,11,47,17,22.3,-6.18,39.23,Male,45+ yrs,NO,Other,Index Case,AL AHLAM DISPENSARY,MJINI,PRIVATE,UNGUJA,FUONI UWANDANI,103829,127296,222374.0,39.26,31.39,24.68,76.45,95.2,Zanzibar Airport,True
MAGHARIBI B,2019,11,48,24,22.52,-6.17,39.24,Male,< 5 yrs,NO,Other,Index Case,FARHAM MARTENITY HOME,MJINI,PRIVATE,UNGUJA,FUONI UWANDANI,104229,127420,222374.0,7.93,31.73,24.42,76.46,95.2,Zanzibar Airport,True
MAGHARIBI B,2019,12,49,1,23.96,-6.15,39.25,Male,30-44 yrs,NO,Other,Other Household Member,ZIWANI POLICE,MJINI,PUBLIC,UNGUJA,FUONI CHUNGA,105021,127666,222374.0,51.13,32.26,24.33,75.08,95.2,Zanzibar Airport,True
MAGHARIBI B,2019,12,50,8,22.11,-6.13,39.27,Male,15-29 yrs,YES,Business,Index Case,AL-RAHMA HOSPITAL,MJINI,PRIVATE,UNGUJA,KIEMBE SAMAKI,105721,127990,222374.0,5.95,33.45,25.18,75.56,95.2,Zanzibar Airport,True
MAGHARIBI B,2019,12,51,15,22.75,-6.09,39.29,Male,15-29 yrs,NO,Student,Index Case,HURUMA DISPENSARY,MJINI,PRIVATE,UNGUJA,KIEMBE SAMAKI,106816,128411,222374.0,49.93,31.8,24.9,75.41,95.2,Zanzibar Airport,True
MAGHARIBI B,2019,12,52,22,21.68,-6.08,39.28,Male,30-44 yrs,NO,Other,Index Case,HURUMA DISPENSARY,MJINI,PRIVATE,UNGUJA,MWANAKWEREKWE,108152,128985,222374.0,36.24,33.06,24.99,75.41,95.2,Zanzibar Airport,True
MAGHARIBI B,2019,12,53,29,22.73,-6.14,39.26,Female,15-29 yrs,NO,Student,Other Household Member,ZIWANI POLICE,MJINI,PUBLIC,UNGUJA,FUONI IJITIMAI,109284,129514,222374.0,6.78,32.28,26.24,77.36,95.2,Zanzibar Airport,True
MAGHARIBI B,2020,1,1,1,22.71,-6.16,39.26,Male,30-44 yrs,YES,Other,Index Case,KIBWENI KMKM,MJINI,PUBLIC,UNGUJA,PANGAWE,109939,130033,415012.0,0.0,33.34,25.72,74.75,96.9,Zanzibar Airport,True
MAGHARIBI B,2020,1,2,5,21.71,-6.12,39.27,Female,15-29 yrs,NO,Business,Other Household Member,ZIWANI POLICE,MJINI,PUBLIC,UNGUJA,FUONI KIJITOUPELE,110560,130019,415012.0,7.48,32.9,25.62,75.72,96.9,Zanzibar Airport,True
MAGHARIBI B,2020,1,3,12,19.48,-6.09,39.28,Female,5-14 yrs,NO,Student,Other Household Member,ZIWANI POLICE,MJINI,PUBLIC,UNGUJA,FUONI KIBONDENI,111902,130657,415012.0,30.2,31.85,25.14,74.54,96.9,Zanzibar Airport,True
MAGHARIBI B,2020,1,4,19,24.69,-6.13,39.26,Male,15-29 yrs,NO,Other,Index Case,SHASH DISPENSARY,WEST B,PRIVATE,UNGUJA,MAGOGONI,113627,131807,415012.0,63.89,30.72,25.68,74.45,96.9,Zanzibar Airport,True
MAGHARIBI B,2020,1,5,26,22.4,-6.15,39.26,Male,< 5 yrs,NO,Other,Index Case,MAFUNZO-MAKAOO MAKUU,URBAN,PUBLIC,UNGUJA,KIEMBE SAMAKI,115174,132561,415012.0,16.96,30.88,25.81,73.84,96.9,Zanzibar Airport,True
MAGHARIBI B,2020,2,5,1,14.0,-6.03,39.31,Male,15-29 yrs,NO,Other,Index Case,MWANAKWEREKWE KKKT DISPENSARY,MJINI,PRIVATE,UNGUJA,MELINNE,116171,133177,415012.0,10.18,34.89,24.82,76.05,96.9,Zanzibar Airport,False
MAGHARIBI B,2020,2,6,2,21.83,-6.14,39.25,Female,30-44 yrs,NO,Watchman/Police,Index Case,ZIWANI POLICE,MJINI,PUBLIC,UNGUJA,MAGOGONI,116242,133285,415012.0,11.12,32.58,25.08,74.93,96.9,Zanzibar Airport,True
MAGHARIBI B,2020,2,7,9,20.1,-6.09,39.27,Male,< 5 yrs,NO,Other,Index Case,SHASH DISPENSARY,WEST B,PRIVATE,UNGUJA,MAGOGONI,117040,133616,415012.0,3.4,31.68,25.03,74.93,96.9,Zanzibar Airport,True
MAGHARIBI B,2020,2,8,16,21.43,-6.12,39.26,Male,45+ yrs,NO,Other,Index Case,CHUKWANI MATERNITY HOME PHCU+,MJINI,PUBLIC,UNGUJA,CHUKWANI,117575,133910,415012.0,4.03,31.3,26.02,75.32,96.9,Zanzibar Airport,True
MAGHARIBI B,2020,2,9,23,21.66,-6.08,39.28,Male,30-44 yrs,NO,Other,Index Case,ZIWANI POLICE,MJINI,PUBLIC,UNGUJA,MAGOGONI,118273,134464,415012.0,2.7,32.18,25.61,75.57,96.9,Zanzibar Airport,True
MAGHARIBI B,2020,3,10,1,25.38,-6.13,39.25,Male,< 5 yrs,NO,Other,Index Case,AL-RAHMA HOSPITAL,URBAN,PRIVATE,UNGUJA,KISAUNI,118907,134637,415012.0,20.2,31.96,25.32,78.36,96.9,Zanzibar Airport,True
MAGHARIBI B,2020,3,11,8,23.14,-6.16,39.24,Male,< 5 yrs,NO,Student,Other Household Member,ZIWANI POLICE,MJINI,PUBLIC,UNGUJA,PANGAWE,119533,134767,415012.0,38.97,32.26,25.36,78.48,96.9,Zanzibar Airport,True
MAGHARIBI B,2020,3,12,15,23.38,-6.21,39.24,Male,15-29 yrs,NO,Other,Index Case,CHUKWANI MATERNITY HOME PHCU+,MJINI,PUBLIC,UNGUJA,CHUKWANI,120157,135117,415012.0,12.19,31.72,25.96,78.49,96.9,Zanzibar Airport,True
MAGHARIBI B,2020,3,13,22,23.9,-6.21,39.24,Female,30-44 yrs,NO,Other,Other Household Member,ZIWANI POLICE,MJINI,PUBLIC,UNGUJA,UZI,120723,135096,415012.0,6.45,31.87,25.2,78.09,96.9,Zanzibar Airport,True
MAGHARIBI B,2020,3,14,29,25.26,-6.18,39.23,Male,15-29 yrs,NO,Other,Index Case,MPENDAE PHCU+,MJINI,PUBLIC,UNGUJA,TOMONDO,121702,135502,415012.0,7.73,31.61,24.76,80.31,96.9,Zanzibar Airport,True
MAGHARIBI B,2020,4,14,1,25.71,-6.18,39.23,Male,15-29 yrs,NO,Student,Index Case,CHUKWANI MATERNITY HOME PHCU+,MJINI,PUBLIC,UNGUJA,CHUKWANI,122113,135660,415012.0,21.07,32.66,25.75,86.71,96.9,Zanzibar Airport,True
MAGHARIBI B,2020,4,15,5,23.4,-6.18,39.23,Male,< 5 yrs,NO,Other,Other Household Member,ZIWANI POLICE,MJINI,PUBLIC,UNGUJA,FUONI KIBONDENI,122433,135469,415012.0,69.21,30.87,25.5,86.94,96.9,Zanzibar Airport,True
MAGHARIBI B,2020,4,16,12,23.24,-6.18,39.23,Male,15-29 yrs,NO,Business,Index Case,MAKAO MAKUU JKU,MJINI,PUBLIC,UNGUJA,MAGOGONI,123114,135885,415012.0,119.28,29.59,25.08,86.48,96.9,Zanzibar Airport,True
MAGHARIBI B,2020,4,17,19,22.37,-6.17,39.23,Female,< 5 yrs,NO,Other,Index Case,JUMBI DISPENSARY,MJINI,PRIVATE,UNGUJA,FUONI UWANDANI,123790,136096,415012.0,171.3,29.31,23.9,86.6,96.9,Zanzibar Airport,True
MAGHARIBI B,2020,4,18,26,25.04,-6.18,39.23,Female,15-29 yrs,YES,Other,Index Case,FUONI PHCU+,MJINI,PUBLIC,UNGUJA,PANGAWE,124482,136330,415012.0,28.26,30.45,24.74,86.44,96.9,Zanzibar Airport,True
MAGHARIBI B,2020,5,18,1,23.24,-6.11,39.24,Female,< 5 yrs,NO,Other,Other Household Member,ZIWANI POLICE,MJINI,PUBLIC,UNGUJA,KINUNI,124946,136309,415012.0,48.85,30.62,24.9,84.46,96.9,Zanzibar Airport,False
MAGHARIBI B,2020,5,19,3,24.14,-6.17,39.24,Male,15-29 yrs,NO,Student,Index Case,CARE CLINIC,MJINI,PRIVATE,UNGUJA,MBWENI,125101,136447,415012.0,53.97,29.5,24.39,83.65,96.9,Zanzibar Airport,True
MAGHARIBI B,2020,5,20,10,22.91,-6.17,39.24,Female,15-29 yrs,NO,Student,Other Household Member,ZIWANI POLICE,MJINI,PUBLIC,UNGUJA,KINUNI,125637,136359,415012.0,2.66,29.58,25.12,83.67,96.9,Zanzibar Airport,True
MAGHARIBI B,2020,5,21,17,22.39,-6.17,39.24,Female,15-29 yrs,NO,Business,Other Household Member,ZIWANI POLICE,MJINI,PUBLIC,UNGUJA,MAMBOSASA,126320,136662,415012.0,27.47,29.55,24.36,83.92,96.9,Zanzibar Airport,True
MAGHARIBI B,2020,5,22,24,23.83,-6.17,39.25,Male,5-14 yrs,NO,Student,Index Case,AL-MAJID DISPENSARY,MJINI,PRIVATE,UNGUJA,TOMONDO,127042,137118,415012.0,2.14,30.02,24.55,83.34,96.9,Zanzibar Airport,True
MAGHARIBI B,2020,5,23,31,24.68,-6.22,39.23,Male,45+ yrs,YES,Other,Index Case,SAFI MEDICAL DISPENSARY,MJINI,PRIVATE,UNGUJA,FUONI KIPUNGANI,127859,137539,415012.0,3.46,30.48,25.02,83.5,96.9,Zanzibar Airport,False
MAGHARIBI B,2020,6,23,1,22.91,-6.15,39.24,Female,30-44 yrs,NO,Business,Other Household Member,ZIWANI POLICE,MJINI,PUBLIC,UNGUJA,MBWENI,127946,137394,415012.0,0.0,30.07,25.14,77.28,96.9,Zanzibar Airport,True
MAGHARIBI B,2020,6,24,7,22.71,-6.18,39.24,Male,15-29 yrs,YES,Business,Index Case,CHUKWANI MATERNITY HOME PHCU+,MJINI,PUBLIC,UNGUJA,CHUKWANI,128528,137822,415012.0,0.46,30.53,23.93,77.35,96.9,Zanzibar Airport,True
MAGHARIBI B,2020,6,25,14,21.58,-6.18,39.24,Female,< 5 yrs,NO,Other,Other Household Member,ZIWANI POLICE,MJINI,PUBLIC,UNGUJA,FUONI KIJITOUPELE,129368,137806,415012.0,0.27,29.72,24.37,77.85,96.9,Zanzibar Airport,True
MAGHARIBI B,2020,6,26,21,21.01,-6.17,39.24,Female,5-14 yrs,NO,Student,Other Household Member,ZIWANI POLICE,MJINI,PUBLIC,UNGUJA,MAGOGONI,130245,138317,415012.0,0.0,28.76,24.33,77.42,96.9,Zanzibar Airport,True
MAGHARIBI B,2020,6,27,28,24.23,-6.22,39.25,Female,30-44 yrs,NO,Other,Other Household Member,ZIWANI POLICE,MJINI,PUBLIC,UNGUJA,KINUNI,131129,137502,415012.0,0.0,28.97,23.47,77.16,96.9,Zanzibar Airport,True
MAGHARIBI B,2020,7,27,1,25.64,-6.17,39.24,Female,30-44 yrs,NO,Other,Other Household Member,ZIWANI POLICE,MJINI,PUBLIC,UNGUJA,MELINNE,131578,138933,415012.0,0.0,29.69,24.07,75.46,96.9,Zanzibar Airport,True
MAGHARIBI B,2020,7,28,5,21.95,-6.19,39.24,Female,30-44 yrs,NO,Other,Other Household Member,ZIWANI POLICE,MJINI,PUBLIC,UNGUJA,KINUNI,132087,139095,415012.0,7.74,28.54,23.4,73.75,96.9,Zanzibar Airport,True
MAGHARIBI B,2020,7,29,12,21.91,-6.2,39.24,Female,15-29 yrs,NO,Other,Index Case,AL-RAHMA HOSPITAL,MJINI,PRIVATE,UNGUJA,MAGOGONI,132928,139515,415012.0,15.23,28.5,23.5,75.07,96.9,Zanzibar Airport,True
MAGHARIBI B,2020,7,30,19,23.71,-6.19,39.25,Male,30-44 yrs,YES,Business,Index Case,SAFI MEDICAL DISPENSARY,MJINI,PRIVATE,UNGUJA,FUONI CHUNGA,133571,139849,415012.0,0.89,28.23,22.89,75.13,96.9,Zanzibar Airport,True
MAGHARIBI B,2020,7,31,26,21.05,-6.18,39.24,Male,45+ yrs,NO,Other,Index Case,ZIWANI POLICE,MJINI,PUBLIC,UNGUJA,SHAKANI,134208,140334,415012.0,2.26,28.85,23.99,74.01,96.9,Zanzibar Airport,True
MAGHARIBI B,2020,8,31,1,27.5,-6.19,39.26,Male,15-29 yrs,YES,Other,Index Case,JUMBI DISPENSARY,MJINI,PRIVATE,UNGUJA,FUONI KIBONDENI,134700,140110,415012.0,0.0,29.53,23.47,76.85,96.9,Zanzibar Airport,False
MAGHARIBI B,2020,8,32,2,23.38,-6.17,39.25,Male,30-44 yrs,YES,Other,Index Case,MPENDAE PHCU+,MJINI,PUBLIC,UNGUJA,KISAUNI,134726,140115,415012.0,0.0,29.31,23.51,78.13,96.9,Zanzibar Airport,True
MAGHARIBI B,2020,8,33,9,22.4,-6.17,39.25,Female,15-29 yrs,NO,Other,Other Household Member,ZIWANI POLICE,MJINI,PUBLIC,UNGUJA,KOMBENI,135153,140234,415012.0,0.0,29.01,22.22,77.98,96.9,Zanzibar Airport,True
MAGHARIBI B,2020,8,34,16,20.94,-6.19,39.25,Female,15-29 yrs,NO,Other,Other Household Member,ZIWANI POLICE,MJINI,PUBLIC,UNGUJA,MOMBASA,135584,139920,415012.0,17.26,28.96,23.34,77.92,96.9,Zanzibar Airport,True
MAGHARIBI B,2020,8,35,23,19.66,-6.19,39.24,Female,45+ yrs,YES,Other,Index Case,MAYDA HEALTH CHARITABLE FOUNDATION,MJINI,PRIVATE,UNGUJA,FUONI KIPUNGANI,136007,140573,415012.0,6.13,28.99,22.85,77.71,96.9,Zanzibar Airport,True
MAGHARIBI B,2020,8,36,30,21.76,-6.19,39.23,Female,15-29 yrs,YES,Civil Servant,Index Case,MNAZI MMOJA HOSPITAL,MJINI,PUBLIC,UNGUJA,TOMONDO,136535,140740,415012.0,8.77,28.43,23.3,76.72,96.9,Zanzibar Airport,False
MAGHARIBI B,2020,9,36,1,19.37,-6.18,39.25,Female,30-44 yrs,NO,Civil Servant,Other Household Member,ZIWANI POLICE,MJINI,PUBLIC,UNGUJA,FUONI KIBONDENI,136698,140737,415012.0,0.26,29.89,22.99,81.9,96.9,Zanzibar Airport,True
MAGHARIBI B,2020,9,37,6,25.2,-6.18,39.24,Female,< 5 yrs,NO,Other,Other Household Member,ZIWANI POLICE,MJINI,PUBLIC,UNGUJA,FUONI UWANDANI,137010,140810,415012.0,0.38,28.79,23.05,81.11,96.9,Zanzibar Airport,True
MAGHARIBI B,2020,9,38,13,25.32,-6.2,39.24,Female,5-14 yrs,YES,Student,Index Case,KOMBENI PHCU+,MJINI,PUBLIC,UNGUJA,DIMANI,137439,140778,415012.0,1.37,30.32,23.14,83.11,96.9,Zanzibar Airport,True
MAGHARIBI B,2020,9,39,20,22.12,-6.17,39.24,Female,15-29 yrs,NO,Other,Index Case,FUONI PHCU+,MJINI,PUBLIC,UNGUJA,MELINNE,137869,141133,415012.0,1.69,28.73,22.8,81.42,96.9,Zanzibar Airport,True
MAGHARIBI B,2020,9,40,27,23.83,-6.18,39.24,Male,15-29 yrs,NO,Other,Index Case,ALTABIB DISPENSARY,MJINI,PRIVATE,UNGUJA,MWANAKWEREKWE,138256,141264,415012.0,1.38,30.4,22.51,82.43,96.9,Zanzibar Airport,True
MAGHARIBI B,2020,10,40,1,25.56,-6.16,39.24,Female,15-29 yrs,NO,Student,Index Case,FUONI PHCU+,MJINI,PUBLIC,UNGUJA,MELINNE,138583,141375,415012.0,7.56,31.92,23.75,82.1,96.9,Zanzibar Airport,True
MAGHARIBI B,2020,10,41,4,22.05,-6.17,39.24,Female,15-29 yrs,NO,Other,Other Household Member,ZIWANI POLICE,MJINI,PUBLIC,UNGUJA,SOKONI,138718,141385,415012.0,9.0,30.76,23.18,82.14,96.9,Zanzibar Airport,True
MAGHARIBI B,2020,10,42,11,25.9,-6.18,39.24,Male,5-14 yrs,NO,Other,Other Household Member,ZIWANI POLICE,MJINI,PUBLIC,UNGUJA,FUONI UWANDANI,139116,141524,415012.0,15.96,31.21,23.4,81.84,96.9,Zanzibar Airport,True
MAGHARIBI B,2020,10,43,18,19.57,-6.18,39.25,Male,15-29 yrs,NO,Watchman/Police,Index Case,MAFUNZO-MAKAOO MAKUU,MJINI,PUBLIC,UNGUJA,MAGOGONI,139499,141685,415012.0,16.11,30.9,23.58,81.4,96.9,Zanzibar Airport,True
MAGHARIBI B,2020,10,44,25,24.86,-6.08,39.29,Male,30-44 yrs,NO,Other,Index Case,ASSA-KHERI DISPENSARY,URBAN,PRIVATE,UNGUJA,MWANAKWEREKWE,139738,141749,415012.0,29.13,31.46,23.81,81.44,96.9,Zanzibar Airport,True
MAGHARIBI B,2020,11,45,1,23.5,-6.14,39.31,Male,5-14 yrs,NO,Student,Index Case,MNAZI MMOJA HOSPITAL,MJINI,PUBLIC,UNGUJA,FUONI IJITIMAI,139854,141817,415012.0,22.44,30.05,23.62,83.46,96.9,Zanzibar Airport,True
MAGHARIBI B,2020,11,46,8,21.26,-6.17,39.26,Male,30-44 yrs,NO,Other,Index Case,MAFUNZO-MAKAOO MAKUU,URBAN,PUBLIC,UNGUJA,KISAUNI,139995,141908,415012.0,46.68,30.06,24.52,82.67,96.9,Zanzibar Airport,True
MAGHARIBI B,2020,11,47,15,22.3,-6.19,39.24,Male,5-14 yrs,NO,Student,Index Case,MBWENI MATREKTA PHCU,MJINI,PUBLIC,UNGUJA,KIEMBE SAMAKI,140149,142012,415012.0,15.27,30.3,25.06,82.78,96.9,Zanzibar Airport,True
MAGHARIBI B,2020,11,48,22,23.13,-6.15,39.26,Male,< 5 yrs,YES,Other,Index Case,MNAZI MMOJA HOSPITAL,MJINI,PUBLIC,UNGUJA,MAGOGONI,140371,142060,415012.0,20.15,30.27,25.26,83.17,96.9,Zanzibar Airport,True
MAGHARIBI B,2020,11,49,30,22.48,-6.18,39.25,Male,30-44 yrs,NO,Other,Other Household Member,ZIWANI POLICE,MJINI,PUBLIC,UNGUJA,SOKONI,140771,142173,415012.0,95.5,30.33,24.58,82.8,96.9,Zanzibar Airport,False
MAGHARIBI B,2020,12,49,1,24.16,-6.18,39.25,Female,5-14 yrs,NO,Other,Other Household Member,ZIWANI POLICE,MJINI,PUBLIC,UNGUJA,FUONI KIJITOUPELE,140863,142227,415012.0,28.38,30.95,24.33,79.66,96.9,Zanzibar Airport,True
MAGHARIBI B,2020,12,50,6,23.21,-6.18,39.24,Female,15-29 yrs,NO,Other,Index Case,JUMBI DISPENSARY,MJINI,PRIVATE,UNGUJA,FUONI KIBONDENI,141239,142312,415012.0,16.81,31.69,24.76,80.61,96.9,Zanzibar Airport,True
MAGHARIBI B,2020,12,51,13,23.04,-6.14,39.27,Male,15-29 yrs,NO,Other,Other Household Member,ZIWANI POLICE,MJINI,PUBLIC,UNGUJA,KINUNI,141762,142230,415012.0,15.61,31.49,25.17,80.6,96.9,Zanzibar Airport,True
MAGHARIBI B,2020,12,52,20,21.38,-6.2,39.25,Male,< 5 yrs,NO,Other,Index Case,MNAZI MMOJA HOSPITAL,MJINI,PUBLIC,UNGUJA,FUONI KIJITOUPELE,142752,143200,415012.0,23.17,31.49,24.73,80.59,96.9,Zanzibar Airport,True
MAGHARIBI B,2020,12,53,27,22.68,-6.2,39.24,Male,30-44 yrs,NO,Other,Other Household Member,ZIWANI POLICE,MJINI,PUBLIC,UNGUJA,FUONI CHUNGA,143502,143016,415012.0,34.0,31.26,26.07,81.07,96.9,Zanzibar Airport,True
MAGHARIBI B,2021,1,1,1,20.75,-6.19,39.24,Male,30-44 yrs,NO,Watchman/Police,Index Case,JUMBI DISPENSARY,MJINI,PRIVATE,UNGUJA,FUONI CHUNGA,144291,143439,878264.0,5.68,31.9,25.37,79.15,94.7,Zanzibar Airport,True
MAGHARIBI B,2021,1,2,3,22.66,-6.19,39.24,Female,15-29 yrs,NO,Student,Other Household Member,ZIWANI POLICE,MJINI,PUBLIC,UNGUJA,KWAMCHINA,144432,143314,878264.0,5.26,30.94,25.02,79.29,94.7,Zanzibar Airport,True
MAGHARIBI B,2021,1,3,10,20.49,-6.19,39.23,Male,5-14 yrs,NO,Other,Other Household Member,ZIWANI POLICE,MJINI,PUBLIC,UNGUJA,KOMBENI,145482,143460,878264.0,2.57,30.22,24.78,78.94,94.7,Zanzibar Airport,True
MAGHARIBI B,2021,1,4,17,21.56,-6.2,39.24,Male,30-44 yrs,NO,Other,Index Case,MNAZI MMOJA HOSPITAL,MJINI,PUBLIC,UNGUJA,FUONI IJITIMAI,146528,144075,878264.0,0.0,32.1,24.7,78.54,94.7,Zanzibar Airport,True
MAGHARIBI B,2021,1,5,24,22.4,-6.2,39.24,Male,30-44 yrs,NO,Civil Servant,Other Household Member,ZIWANI POLICE,MJINI,PUBLIC,UNGUJA,FUONI CHUNGA,147419,144218,878264.0,5.39,32.01,24.69,79.36,94.7,Zanzibar Airport,True
MAGHARIBI B,2021,1,6,31,37.92,-6.2,39.24,Male,45+ yrs,NO,Other,Index Case,NYANGO DISPENSARY,MJINI,PRIVATE,UNGUJA,SHAKANI,148233,144603,878264.0,11.51,29.39,23.94,78.55,94.7,Zanzibar Airport,False
MAGHARIBI B,2021,2,6,1,23.7,-6.2,39.23,Female,30-44 yrs,NO,Other,Other Household Member,ZIWANI POLICE,MJINI,PUBLIC,UNGUJA,FUONI KIJITOUPELE,148346,144578,878264.0,3.41,31.96,24.69,78.38,94.7,Zanzibar Airport,True
MAGHARIBI B,2021,2,7,7,22.72,-6.2,39.23,Female,15-29 yrs,NO,Other,Other Household Member,ZIWANI POLICE,MJINI,PUBLIC,UNGUJA,KIEMBE SAMAKI,148901,144367,878264.0,6.17,30.81,24.79,78.73,94.7,Zanzibar Airport,True
MAGHARIBI B,2021,2,8,14,22.17,-6.2,39.23,Female,15-29 yrs,NO,Other,Other Household Member,ZIWANI POLICE,MJINI,PUBLIC,UNGUJA,MWANAKWEREKWE,149450,144855,878264.0,5.52,31.14,24.9,78.27,94.7,Zanzibar Airport,True
MAGHARIBI B,2021,2,9,21,23.72,-6.17,39.26,Male,30-44 yrs,NO,Other,Index Case,ASSA-KHERI DISPENSARY,MJINI,PRIVATE,UNGUJA,KINUNI,149986,145076,878264.0,4.58,31.28,24.85,77.69,94.7,Zanzibar Airport,True
MAGHARIBI B,2021,2,10,28,4.0,-6.23,39.25,Female,< 5 yrs,YES,Other,Index Case,GLORY CLINIC,MJINI,PRIVATE,UNGUJA,MAUNGANI,150496,145239,878264.0,15.5,30.99,24.86,77.1,94.7,Zanzibar Airport,False
MAGHARIBI B,2021,3,10,1,23.17,-6.16,39.25,Male,30-44 yrs,NO,Other,Other Household Member,ZIWANI POLICE,MJINI,PUBLIC,UNGUJA,KINUNI,150520,145219,878264.0,0.0,33.5,25.47,77.42,94.7,Zanzibar Airport,True
MAGHARIBI B,2021,3,11,7,22.7,-6.21,39.23,Male,30-44 yrs,NO,Other,Other Household Member,ZIWANI POLICE,MJINI,PUBLIC,UNGUJA,KISAUNI,150860,145317,878264.0,0.41,32.9,24.52,77.02,94.7,Zanzibar Airport,True
MAGHARIBI B,2021,3,12,14,22.28,-6.19,39.23,Male,< 5 yrs,NO,Student,Other Household Member,ZIWANI POLICE,MJINI,PUBLIC,UNGUJA,PANGAWE,151283,145346,878264.0,7.48,32.05,24.28,77.49,94.7,Zanzibar Airport,True
MAGHARIBI B,2021,3,13,21,25.46,-6.2,39.23,Female,15-29 yrs,NO,Business,Other Household Member,ZIWANI POLICE,MJINI,PUBLIC,UNGUJA,MAUNGANI,151682,145454,878264.0,8.74,32.12,24.69,77.33,94.7,Zanzibar Airport,True
MAGHARIBI B,2021,3,14,28,24.52,-6.2,39.24,Female,5-14 yrs,NO,Student,Other Household Member,ZIWANI POLICE,MJINI,PUBLIC,UNGUJA,KISAUNI,152061,145641,878264.0,3.09,31.67,23.94,76.71,94.7,Zanzibar Airport,True
MAGHARIBI B,2021,4,14,1,22.32,-6.21,39.23,Female,15-29 yrs,NO,Unemployed,Other Household Member,ZIWANI POLICE,MJINI,PUBLIC,UNGUJA,CHUKWANI,152330,145811,878264.0,7.64,31.98,25.03,85.49,94.7,Zanzibar Airport,True
MAGHARIBI B,2021,4,15,4,22.95,-6.2,39.24,Male,30-44 yrs,NO,Other,Index Case,ALTABIB DISPENSARY,MJINI,PRIVATE,UNGUJA,MAGOGONI,152411,145845,878264.0,18.73,30.46,25.01,83.14,94.7,Zanzibar Airport,True
MAGHARIBI B,2021,4,16,11,22.7,-6.21,39.24,Male,5-14 yrs,NO,Student,Other Household Member,ZIWANI POLICE,MJINI,PUBLIC,UNGUJA,PANGAWE,152687,145891,878264.0,40.43,29.64,24.54,84.37,94.7,Zanzibar Airport,True
MAGHARIBI B,2021,4,17,18,22.09,-6.19,39.24,Male,5-14 yrs,NO,Under school age (<6 years),Other Household Member,ZIWANI POLICE,MJINI,PUBLIC,UNGUJA,MICHUNGWANI,153089,146005,878264.0,35.04,29.44,24.8,84.16,94.7,Zanzibar Airport,True
MAGHARIBI B,2021,4,18,25,22.78,-6.18,39.25,Male,45+ yrs,NO,Other,Other Household Member,ZIWANI POLICE,MJINI,PUBLIC,UNGUJA,MWANAKWEREKWE,153486,146105,878264.0,35.76,31.26,25.44,84.55,94.7,Zanzibar Airport,True
MAGHARIBI B,2021,5,18,1,35.71,-6.2,39.24,Male,30-44 yrs,YES,Business,Index Case,SAFI MEDICAL DISPENSARY,MJINI,PRIVATE,UNGUJA,MAMBOSASA,153801,146385,878264.0,37.14,28.89,24.43,78.0,94.7,Zanzibar Airport,False
MAGHARIBI B,2021,5,19,2,21.89,-6.2,39.24,Male,30-44 yrs,YES,Business,Index Case,SAHEL DISPENSARY,MJINI,PRIVATE,UNGUJA,KINUNI,153836,146303,878264.0,36.85,28.07,24.73,79.46,94.7,Zanzibar Airport,True
MAGHARIBI B,2021,5,20,9,23.58,-6.2,39.25,Male,30-44 yrs,YES,Unemployed,Index Case,SAFI MEDICAL DISPENSARY,MJINI,PRIVATE,UNGUJA,FUONI CHUNGA,154342,146418,878264.0,0.0,31.04,25.16,77.73,94.7,Zanzibar Airport,True
MAGHARIBI B,2021,5,21,16,24.64,-6.2,39.24,Female,15-29 yrs,YES,Business,Index Case,LATIFA CLINIC,MJINI,PRIVATE,UNGUJA,MBWENI,154584,142379,878264.0,0.0,31.06,24.83,78.34,94.7,Zanzibar Airport,True
MAGHARIBI B,2021,5,22,23,22.88,-6.2,39.24,Male,15-29 yrs,NO,Student,Other Household Member,ZIWANI POLICE,MJINI,PUBLIC,UNGUJA,MICHUNGWANI,155253,146616,878264.0,0.0,30.23,25.26,78.64,94.7,Zanzibar Airport,True
MAGHARIBI B,2021,5,23,30,23.25,-6.2,39.24,Female,45+ yrs,NO,Housewife,Other Household Member,ZIWANI POLICE,MJINI,PUBLIC,UNGUJA,KIEMBE SAMAKI,155827,146802,878264.0,0.0,28.68,25.13,77.86,94.7,Zanzibar Airport,True
MAGHARIBI B,2021,6,23,1,22.95,-6.21,39.24,Female,15-29 yrs,NO,Business,Other Household Member,ZIWANI POLICE,MJINI,PUBLIC,UNGUJA,DIMANI,155972,146898,878264.0,21.18,30.11,23.74,75.04,94.7,Zanzibar Airport,True
MAGHARIBI B,2021,6,24,6,23.55,-6.2,39.24,Male,15-29 yrs,NO,Student,Index Case,ZMG DISPENSARY,MJINI,PRIVATE,UNGUJA,MBWENI,156300,147078,878264.0,8.96,29.67,23.87,75.11,94.7,Zanzibar Airport,True
MAGHARIBI B,2021,6,25,13,20.17,-6.2,39.25,Female,< 5 yrs,NO,Other,Index Case,SANASA DISPENSARY,MJINI,PRIVATE,UNGUJA,TOMONDO,156682,147174,878264.0,3.18,28.8,23.75,74.54,94.7,Zanzibar Airport,True
MAGHARIBI B,2021,6,26,20,23.49,-6.2,39.23,Male,15-29 yrs,YES,Other,Index Case,CHUKWANI MATERNITY HOME PHCU+,MJINI,PUBLIC,UNGUJA,CHUKWANI,157071,147285,878264.0,2.42,28.64,22.74,74.57,94.7,Zanzibar Airport,True
MAGHARIBI B,2021,6,27,27,22.15,-6.21,39.23,Male,5-14 yrs,NO,Student,Other Household Member,ZIWANI POLICE,MJINI,PUBLIC,UNGUJA,MBWENI,157603,147259,878264.0,6.18,28.83,22.99,75.82,94.7,Zanzibar Airport,True
MAGHARIBI B,2021,7,27,1,21.89,-6.21,39.23,Female,< 5 yrs,NO,Under school age (<6 years),Other Household Member,ZIWANI POLICE,MJINI,PUBLIC,UNGUJA,SOKONI,157888,147337,878264.0,0.0,30.23,23.09,73.4,94.7,Zanzibar Airport,True
MAGHARIBI B,2021,7,28,4,23.12,-6.22,39.24,Female,30-44 yrs,NO,Other,Other Household Member,ZIWANI POLICE,MJINI,PUBLIC,UNGUJA,TOMONDO,158072,147190,878264.0,3.42,28.78,23.72,73.19,94.7,Zanzibar Airport,True
MAGHARIBI B,2021,7,29,11,23.65,-6.21,39.23,Female,30-44 yrs,NO,Housewife,Other Household Member,ZIWANI POLICE,MJINI,PUBLIC,UNGUJA,MBWENI,158433,147726,878264.0,7.64,28.56,23.55,73.04,94.7,Zanzibar Airport,True
MAGHARIBI B,2021,7,30,19,27.48,-6.2,39.24,Female,30-44 yrs,NO,Other,Other Household Member,ZIWANI POLICE,MJINI,PUBLIC,UNGUJA,TOMONDO,158921,147845,878264.0,0.0,29.28,24.14,73.74,94.7,Zanzibar Airport,True
MAGHARIBI B,2021,7,31,25,24.04,-6.2,39.23,Male,15-29 yrs,NO,Business,Index Case,MNAZI MMOJA HOSPITAL,MJINI,PUBLIC,UNGUJA,MWANAKWEREKWE,159172,147983,878264.0,1.48,28.35,23.65,73.32,94.7,Zanzibar Airport,True
MAGHARIBI B,2021,8,32,1,21.22,-6.2,39.24,Male,30-44 yrs,NO,Business,Index Case,AL-RAHMA HOSPITAL,MJINI,PRIVATE,UNGUJA,SHAKANI,159543,148072,878264.0,0.0,28.9,22.82,76.15,94.7,Zanzibar Airport,True
MAGHARIBI B,2021,8,33,9,24.3,-6.22,39.25,Male,< 5 yrs,NO,Other,Index Case,JUMBI DISPENSARY,CENTRAL,PRIVATE,UNGUJA,FUONI KIBONDENI,159811,148160,878264.0,1.16,28.82,21.72,75.78,94.7,Zanzibar Airport,True
MAGHARIBI B,2021,8,34,15,23.45,-6.21,39.24,Male,30-44 yrs,NO,Civil Servant,Index Case,MAFUNZO-MAKAOO MAKUU,MJINI,PUBLIC,UNGUJA,MWANAKWEREKWE,160044,148277,878264.0,3.56,28.68,23.0,76.08,94.7,Zanzibar Airport,True
MAGHARIBI B,2021,8,35,22,22.79,-6.18,39.25,Male,30-44 yrs,YES,Other,Index Case,ZUHA DISPENSARY,MJINI,PRIVATE,UNGUJA,FUONI CHUNGA,160307,148360,878264.0,2.62,29.36,22.13,76.09,94.7,Zanzibar Airport,True
MAGHARIBI B,2021,8,36,29,26.09,-6.18,39.25,Female,45+ yrs,NO,Other,Index Case,MARIE STOPES PRIVATE HOSPITAL ,MJINI,PRIVATE,UNGUJA,CHUKWANI,160519,148408,878264.0,1.76,27.95,22.07,77.63,94.7,Zanzibar Airport,False
MAGHARIBI B,2021,9,36,1,24.27,-6.21,39.27,Female,15-29 yrs,YES,Other,Index Case,KIDONGO CHEKUNDU PHCU,MJINI,PUBLIC,UNGUJA,FUONI KIJITOUPELE,160642,148465,878264.0,0.0,30.18,23.75,75.64,94.7,Zanzibar Airport,False
MAGHARIBI B,2021,9,37,5,21.7,-6.21,39.25,Male,30-44 yrs,YES,Other,Index Case,ZIWANI POLICE,MJINI,PUBLIC,UNGUJA,MBWENI,160731,148504,878264.0,0.95,28.36,23.37,75.14,94.7,Zanzibar Airport,True
MAGHARIBI B,2021,9,38,12,23.82,-6.22,39.24,Male,5-14 yrs,NO,Student,Other Household Member,ZIWANI POLICE,MJINI,PUBLIC,UNGUJA,MBWENI,161070,148504,878264.0,2.23,29.08,23.03,74.96,94.7,Zanzibar Airport,True
MAGHARIBI B,2021,9,39,19,22.16,-6.2,39.24,Male,< 5 yrs,NO,Other,Index Case,ICB DISPENSARY,URBAN,PRIVATE,UNGUJA,MAUNGANI,161373,148654,878264.0,0.63,28.97,23.33,74.66,94.7,Zanzibar Airport,True
MAGHARIBI B,2021,9,40,26,21.69,-6.18,39.25,Female,15-29 yrs,NO,Business,Index Case,M&J DISPENSARY,MJINI,PRIVATE,UNGUJA,SOKONI,161601,148728,878264.0,3.32,29.95,23.33,74.95,94.7,Zanzibar Airport,True
MAGHARIBI B,2021,10,40,1,21.67,-6.21,39.25,Male,5-14 yrs,NO,Student,Other Household Member,ZIWANI POLICE,MJINI,PUBLIC,UNGUJA,CHUKWANI,161817,148761,878264.0,0.0,32.38,22.8,73.5,94.7,Zanzibar Airport,False
MAGHARIBI B,2021,10,41,3,21.87,-6.2,39.26,Female,15-29 yrs,NO,Student,Index Case,TAWAQAL HOSPITAL,MJINI,PRIVATE,UNGUJA,MNARANI,161867,148793,878264.0,0.08,30.07,22.95,75.84,94.7,Zanzibar Airport,True
MAGHARIBI B,2021,10,42,10,21.93,-6.18,39.25,Male,30-44 yrs,YES,Business,Index Case,MAFUNZO-MAKAOO MAKUU,MJINI,PUBLIC,UNGUJA,MAGOGONI,162144,148871,878264.0,2.43,30.0,23.55,74.77,94.7,Zanzibar Airport,True
MAGHARIBI B,2021,10,43,17,23.12,-6.2,39.23,Female,15-29 yrs,NO,Student,Other Household Member,ZIWANI POLICE,MJINI,PUBLIC,UNGUJA,MAUNGANI,162320,148881,878264.0,6.9,29.79,22.67,76.01,94.7,Zanzibar Airport,True
MAGHARIBI B,2021,10,44,24,17.17,-6.2,39.24,Female,5-14 yrs,NO,Student,Other Household Member,ZIWANI POLICE,MJINI,PUBLIC,UNGUJA,KISAUNI,162604,148990,878264.0,0.92,30.92,23.18,75.66,94.7,Zanzibar Airport,True
MAGHARIBI B,2021,10,45,31,7.0,-6.21,39.23,Female,5-14 yrs,YES,Student,Index Case,MJI MPYA MEDICAL CLINIC,MJINI,PRIVATE,UNGUJA,KISAUNI,162869,149075,878264.0,0.12,30.08,23.18,76.0,94.7,Zanzibar Airport,False
MAGHARIBI B,2021,11,45,1,20.43,-6.19,39.24,Female,< 5 yrs,NO,Other,Other Household Member,ZIWANI POLICE,MJINI,PUBLIC,UNGUJA,FUONI CHUNGA,162879,149073,878264.0,0.0,31.86,24.73,77.44,94.7,Zanzibar Airport,True
MAGHARIBI B,2021,11,46,7,22.51,-6.2,39.25,Male,30-44 yrs,YES,Other,Index Case,HURUMA DISPENSARY,MJINI,PRIVATE,UNGUJA,KINUNI,163133,149153,878264.0,0.44,31.8,24.2,78.05,94.7,Zanzibar Airport,True
MAGHARIBI B,2021,11,47,14,23.94,-6.19,39.24,Male,15-29 yrs,NO,Other,Index Case,JUMBI DISPENSARY,MJINI,PRIVATE,UNGUJA,FUONI KIBONDENI,163362,149189,878264.0,0.36,31.91,23.54,77.89,94.7,Zanzibar Airport,True
MAGHARIBI B,2021,11,48,21,21.13,-6.21,39.24,Male,45+ yrs,NO,Business,Other Household Member,ZIWANI POLICE,MJINI,PUBLIC,UNGUJA,KINUNI,163545,149207,878264.0,1.74,31.7,24.05,76.54,94.7,Zanzibar Airport,True
MAGHARIBI B,2021,11,49,29,19.94,-6.23,39.25,Male,< 5 yrs,YES,Under school age (<6 years),Index Case,KIEMBE SAMAKI PHCU,MJINI,PUBLIC,UNGUJA,KISAUNI,163869,149349,878264.0,6.53,32.17,25.85,78.76,94.7,Zanzibar Airport,False
MAGHARIBI B,2021,12,49,1,19.45,-6.19,39.25,Female,15-29 yrs,YES,Housewife,Index Case,MAGIRISI PHCU,MJINI,PUBLIC,UNGUJA,MELINNE,163895,149401,878264.0,47.75,31.45,24.65,81.61,94.7,Zanzibar Airport,False
MAGHARIBI B,2021,12,50,5,23.24,-6.2,39.24,Male,5-14 yrs,YES,Student,Index Case,TABASAM DISPENSARY,MJINI,PUBLIC,UNGUJA,FUONI UWANDANI,163979,149388,878264.0,40.88,30.65,25.2,79.86,94.7,Zanzibar Airport,True
MAGHARIBI B,2021,12,51,12,23.69,-6.22,39.25,Male,30-44 yrs,NO,Other,Index Case,JUMBI DISPENSARY,MJINI,PRIVATE,UNGUJA,FUONI KIBONDENI,164162,149391,878264.0,32.7,31.47,24.3,80.57,94.7,Zanzibar Airport,True
MAGHARIBI B,2021,12,52,19,23.49,-6.19,39.24,Female,15-29 yrs,NO,Student,Index Case,MJI MPYA MEDICAL CLINIC,MJINI,PRIVATE,UNGUJA,MOMBASA,164367,149507,878264.0,32.61,31.04,24.63,80.45,94.7,Zanzibar Airport,True
MAGHARIBI B,2021,12,53,26,23.51,-6.2,39.24,Female,30-44 yrs,NO,Other,Other Household Member,ZIWANI POLICE,MJINI,PUBLIC,UNGUJA,TOMONDO,164653,149576,878264.0,36.91,31.52,24.53,81.32,94.7,Zanzibar Airport,True
MAGHARIBI B,2022,1,1,1,25.33,-6.17,39.27,Female,45+ yrs,NO,Other,Index Case,MPENDAE PHCU+,MJINI,PUBLIC,UNGUJA,TOMONDO,165038,149668,388344.4,0.0,33.7,24.28,78.9,97.8,Zanzibar Airport,False
MAGHARIBI B,2022,1,2,2,22.42,-6.18,39.25,Female,30-44 yrs,NO,Housewife,Index Case,CHUKWANI MATERNITY HOME PHCU+,MJINI,PUBLIC,UNGUJA,MBWENI,165066,149708,388344.4,0.0,32.11,25.98,78.1,97.8,Zanzibar Airport,True
MAGHARIBI B,2022,1,3,9,21.89,-6.19,39.24,Male,15-29 yrs,NO,Student,Index Case,SHASH DISPENSARY,MJINI,PRIVATE,UNGUJA,MELINNE,165895,149913,388344.4,29.65,32.58,26.2,78.8,97.8,Zanzibar Airport,True
MAGHARIBI B,2022,1,4,16,21.9,-6.2,39.25,Female,5-14 yrs,NO,Student,Other Household Member,ZIWANI POLICE,MJINI,PUBLIC,UNGUJA,MAGOGONI,166723,150075,388344.4,1.84,32.64,25.39,78.17,97.8,Zanzibar Airport,True
MAGHARIBI B,2022,1,5,23,21.89,-6.18,39.25,Male,15-29 yrs,NO,Other,Other Household Member,ZIWANI POLICE,MJINI,PUBLIC,UNGUJA,MELINNE,167450,150137,388344.4,0.26,30.89,24.38,78.12,97.8,Zanzibar Airport,True
MAGHARIBI B,2022,1,6,30,20.02,-6.2,39.24,Male,< 5 yrs,NO,Under school age (<6 years),Other Household Member,ZIWANI POLICE,MJINI,PUBLIC,UNGUJA,CHUKWANI,168089,150437,388344.4,0.0,30.68,24.92,78.71,97.8,Zanzibar Airport,False
MAGHARIBI B,2022,2,6,1,29.31,-6.2,39.25,Female,45+ yrs,NO,Other,Index Case,ST CAMILAS DISPENSARY,MJINI,PRIVATE,UNGUJA,TOMONDO,168273,150533,388344.4,29.14,31.55,24.63,80.68,97.8,Zanzibar Airport,True
MAGHARIBI B,2022,2,7,6,19.37,-6.19,39.24,Female,15-29 yrs,NO,Other,Index Case,CHUKWANI MATERNITY HOME PHCU+,MJINI,PUBLIC,UNGUJA,CHUKWANI,168461,150588,388344.4,13.97,32.21,24.37,79.97,97.8,Zanzibar Airport,True
MAGHARIBI B,2022,2,8,14,21.58,-6.22,39.24,Male,30-44 yrs,NO,Unemployed,Other Household Member,ZIWANI POLICE,MJINI,PUBLIC,UNGUJA,MAGOGONI,168953,150661,388344.4,3.72,31.92,25.65,79.05,97.8,Zanzibar Airport,True
MAGHARIBI B,2022,2,9,20,21.93,-6.2,39.24,Male,15-29 yrs,NO,Other,Index Case,CHUKWANI MATERNITY HOME PHCU+,MJINI,PUBLIC,UNGUJA,CHUKWANI,169244,150786,388344.4,0.03,31.79,24.99,80.02,97.8,Zanzibar Airport,True
MAGHARIBI B,2022,2,10,27,31.33,-6.2,39.23,Female,15-29 yrs,NO,Business,Index Case,MNAZI MMOJA HOSPITAL,MJINI,PUBLIC,UNGUJA,FUONI MAHARIBIKO,169554,150886,388344.4,0.0,31.34,24.6,81.1,97.8,Zanzibar Airport,False
MAGHARIBI B,2022,3,10,1,21.06,-6.2,39.24,Female,15-29 yrs,NO,Business,Index Case,FUONI PHCU+,MJINI,PUBLIC,UNGUJA,FUONI KIBONDENI,169623,150908,388344.4,0.0,33.88,24.62,77.59,97.8,Zanzibar Airport,True
MAGHARIBI B,2022,3,11,6,26.47,-6.21,39.25,Female,15-29 yrs,NO,Other,Index Case,HURUMA DISPENSARY,MJINI,PRIVATE,UNGUJA,MAGOGONI,169833,150968,388344.4,0.0,32.81,24.84,76.91,97.8,Zanzibar Airport,True
MAGHARIBI B,2022,3,12,13,24.53,-6.2,39.24,Female,30-44 yrs,NO,Other,Index Case,SAFI MEDICAL DISPENSARY,MJINI,PRIVATE,UNGUJA,FUONI CHUNGA,170301,151095,388344.4,8.38,32.51,25.06,77.97,97.8,Zanzibar Airport,True
MAGHARIBI B,2022,3,13,20,23.62,-6.19,39.24,Female,30-44 yrs,NO,Other,Index Case,AFAA DISPENSARY,MJINI,PRIVATE,UNGUJA,PANGAWE,170646,151203,388344.4,30.16,31.54,25.92,76.81,97.8,Zanzibar Airport,True
MAGHARIBI B,2022,3,14,28,26.17,-6.18,39.24,Male,5-14 yrs,NO,Student,Other Household Member,ZIWANI POLICE,MJINI,PUBLIC,UNGUJA,MWANAKWEREKWE,170937,151228,388344.4,18.69,32.72,25.48,77.55,97.8,Zanzibar Airport,True
MAGHARIBI B,2022,4,14,1,22.12,-6.2,39.24,Male,45+ yrs,NO,Business,Index Case,TAWAQAL HOSPITAL,MJINI,PRIVATE,UNGUJA,TAVETA,171159,151365,388344.4,1.54,32.22,26.43,83.42,97.8,Zanzibar Airport,False
MAGHARIBI B,2022,4,15,3,22.75,-6.21,39.25,Male,30-44 yrs,NO,Other,Other Household Member,ZIWANI POLICE,MJINI,PUBLIC,UNGUJA,KISAUNI,171234,151357,388344.4,1.42,32.17,25.18,84.04,97.8,Zanzibar Airport,True
MAGHARIBI B,2022,4,16,10,18.96,-6.2,39.24,Male,< 5 yrs,NO,Under school age (<6 years),Other Household Member,ZIWANI POLICE,MJINI,PUBLIC,UNGUJA,PANGAWE,171625,151428,388344.4,2.77,31.09,25.67,83.89,97.8,Zanzibar Airport,True
MAGHARIBI B,2022,4,17,17,24.85,-6.22,39.24,Male,45+ yrs,NO,Business,Index Case,ASSA-KHERI DISPENSARY,MJINI,PRIVATE,UNGUJA,MWANAKWEREKWE,171922,151554,388344.4,80.51,30.18,24.54,84.04,97.8,Zanzibar Airport,True
MAGHARIBI B,2022,4,18,24,21.52,-6.2,39.26,Male,< 5 yrs,NO,Under school age (<6 years),Index Case,SHAKANI PHCU,MJINI,PUBLIC,UNGUJA,SHAKANI,172187,151693,388344.4,59.63,30.6,24.72,82.36,97.8,Zanzibar Airport,True
MAGHARIBI B,2022,5,19,1,27.0,-6.2,39.25,Male,30-44 yrs,NO,Watchman/Police,Index Case,CHUKWANI MILLITARY,MJINI,PUBLIC,UNGUJA,CHUKWANI,172467,152269,388344.4,18.05,29.83,24.45,81.33,97.8,Zanzibar Airport,True
MAGHARIBI B,2022,5,20,8,25.15,-6.19,39.24,Female,15-29 yrs,NO,Housewife,Other Household Member,ZIWANI POLICE,MJINI,PUBLIC,UNGUJA,TOMONDO,172673,151739,388344.4,16.49,30.36,25.08,80.35,97.8,Zanzibar Airport,True
MAGHARIBI B,2022,5,21,15,25.37,-6.18,39.24,Male,5-14 yrs,NO,Student,Index Case,CARE CLINIC,MJINI,PRIVATE,UNGUJA,MBWENI,172986,151906,388344.4,3.27,30.62,25.88,81.92,97.8,Zanzibar Airport,True
MAGHARIBI B,2022,5,22,22,27.98,-6.16,39.25,Female,45+ yrs,NO,Other,Index Case,MNAZI MMOJA HOSPITAL,MJINI,PUBLIC,UNGUJA,KIEMBE SAMAKI,173297,152011,388344.4,3.13,31.29,25.87,81.09,97.8,Zanzibar Airport,True
MAGHARIBI B,2022,5,23,29,23.85,-6.21,39.24,Male,5-14 yrs,NO,Student,Other Household Member,ZIWANI POLICE,MJINI,PUBLIC,UNGUJA,TOMONDO,173673,152113,388344.4,6.7,30.2,25.88,81.08,97.8,Zanzibar Airport,True
MAGHARIBI B,2022,6,23,1,23.74,-6.17,39.25,Male,< 5 yrs,NO,Other,Index Case,GLORY CLINIC,WEST B,PRIVATE,UNGUJA,BWELEO,173914,152207,388344.4,1.6,30.8,23.46,79.87,97.8,Zanzibar Airport,True
MAGHARIBI B,2022,6,24,5,23.66,-6.18,39.25,Female,45+ yrs,NO,Other,Index Case,NEW MAKONDEKO DISPENSARY,MJINI,PRIVATE,UNGUJA,KINUNI,174065,152271,388344.4,4.09,28.97,23.99,78.7,97.8,Zanzibar Airport,True
MAGHARIBI B,2022,6,25,12,24.04,-6.19,39.25,Female,5-14 yrs,NO,Business,Index Case,SANASA DISPENSARY,MJINI,PRIVATE,UNGUJA,UZI,174397,152371,388344.4,6.77,29.34,24.27,80.22,97.8,Zanzibar Airport,True
MAGHARIBI B,2022,6,26,19,25.55,-6.19,39.25,Male,15-29 yrs,NO,Other,Index Case,NEW MAKONDEKO DISPENSARY,MJINI,PRIVATE,UNGUJA,MAMBOSASA,174740,152473,388344.4,0.0,29.29,24.26,80.1,97.8,Zanzibar Airport,True
MAGHARIBI B,2022,6,27,26,21.63,-6.19,39.24,Male,15-29 yrs,NO,Other,Index Case,CARE CLINIC,MJINI,PRIVATE,UNGUJA,MBWENI,175065,152569,388344.4,0.0,28.57,24.5,79.95,97.8,Zanzibar Airport,True
MAGHARIBI B,2022,7,27,1,22.8,-6.14,39.25,Female,15-29 yrs,NO,Other,Index Case,MAGOGONI PHCU+,MJINI,PUBLIC,UNGUJA,MWANAKWEREKWE,175359,152655,388344.4,8.37,29.65,22.74,81.38,97.8,Zanzibar Airport,False
MAGHARIBI B,2022,7,28,3,24.16,-6.14,39.27,Female,< 5 yrs,YES,Other,Index case,Unknown,MJINI,PUBLIC,UNGUJA,UZI,NotInvest,1017,388344.4,8.37,27.72,22.91,81.1,97.8,Zanzibar Airport,True
MAGHARIBI B,2022,7,29,10,21.98,-6.19,39.25,Female,30-44 yrs,NO,Housewife,Other Household Member,ZIWANI POLICE,MJINI,PUBLIC,UNGUJA,DIMANI,175579,152582,388344.4,0.8,28.21,22.46,79.87,97.8,Zanzibar Airport,True
MAGHARIBI B,2022,7,30,17,23.69,-6.19,39.25,Male,15-29 yrs,NO,Other,Index Case,HURUMA DISPENSARY,MJINI,PRIVATE,UNGUJA,MAGOGONI,175827,1527,388344.4,2.33,27.86,22.86,80.14,97.8,Zanzibar Airport,True
MAGHARIBI B,2022,7,31,24,23.33,-6.2,39.24,Male,15-29 yrs,NO,Other,Index Case,ZIWANI POLICE,MJINI,PUBLIC,UNGUJA,KIEMBE SAMAKI,176032,1195,388344.4,4.31,28.75,21.18,81.49,97.8,Zanzibar Airport,False
MAGHARIBI B,2022,7,32,31,23.0,-6.18,39.24,Female,< 5 yrs,NO,Other,Other Household Member,ZIWANI POLICE,MJINI,PUBLIC,UNGUJA,FUONI KIJITOUPELE,176240,1180,388344.4,7.6,27.2,23.68,81.15,97.8,Zanzibar Airport,False
MAGHARIBI B,2022,8,32,1,24.3,-6.2,39.25,Male,5-14 yrs,NO,Student,Other Household Member,ZIWANI POLICE,MJINI,PUBLIC,UNGUJA,MWANAKWEREKWE,176269,1216,388344.4,1.29,28.26,21.69,78.48,97.8,Zanzibar Airport,True
MAGHARIBI B,2022,8,33,7,19.08,-6.17,39.26,Female,30-44 yrs,NO,Business,Index Case,NYANGO DISPENSARY,MJINI,PRIVATE,UNGUJA,KISAUNI,176411,1287,388344.4,0.67,28.05,22.14,79.43,97.8,Zanzibar Airport,True
MAGHARIBI B,2022,8,34,14,25.94,-6.21,39.24,Male,< 5 yrs,NO,Student,Index Case,CARE CLINIC,MJINI,PRIVATE,UNGUJA,MBWENI,176596,1356,388344.4,0.51,27.71,22.57,79.9,97.8,Zanzibar Airport,True
MAGHARIBI B,2022,8,35,21,19.21,-3.51,37.67,Female,30-44 yrs,NO,Housewife,Index Case,RAUDHAT MEDICAL CLINIC,MJINI,PRIVATE,UNGUJA,FUONI IJITIMAI,176741,1387,388344.4,0.21,29.12,20.66,79.31,97.8,Zanzibar Airport,True
MAGHARIBI B,2022,8,36,28,25.5,-6.22,39.25,Male,15-29 yrs,YES,Other,Index case,GLORY CLINIC,MAGHARIBI B,PUBLIC,UNGUJA,SHAKANI,NotInvest,1429,388344.4,0.17,27.37,21.93,79.78,97.8,Zanzibar Airport,True
MAGHARIBI B,2022,9,36,1,32.8,-6.14,39.28,Male,45+ yrs,NO,Other,Index case,SAFI MEDICAL DISPENSARY,MAGHARIBI B,PUBLIC,UNGUJA,MWANAKWEREKWE,NotInvest,1472,388344.4,0.0,30.25,21.6,75.24,97.8,Zanzibar Airport,False
MAGHARIBI B,2022,9,37,5,16.12,-6.13,39.28,Male,5-14 yrs,NO,Student,Index Case,HABIBA DISPENSARY,MJINI,PRIVATE,UNGUJA,MBWENI,177117,1521,388344.4,0.42,28.7,22.16,75.15,97.8,Zanzibar Airport,True
MAGHARIBI B,2022,9,38,11,29.88,-6.19,39.25,Female,30-44 yrs,NO,Other,Index Case,KIEMBE SAMAKI PHCU,MJINI,PUBLIC,UNGUJA,CHUKWANI,177215,1515,388344.4,1.65,29.24,21.36,75.01,97.8,Zanzibar Airport,True
MAGHARIBI B,2022,9,39,19,22.49,-6.21,39.25,Male,< 5 yrs,NO,Student,Index Case,ALTABIB DISPENSARY,MJINI,PRIVATE,UNGUJA,FUONI UZI,177412,1617,388344.4,1.08,30.1,22.85,74.5,97.8,Zanzibar Airport,True
MAGHARIBI B,2022,9,40,26,24.36,-6.22,39.26,Female,30-44 yrs,NO,Farmer,Other Household Member,ZIWANI POLICE,MJINI,PUBLIC,UNGUJA,KISAUNI,177517,1631,388344.4,5.89,30.68,23.41,75.08,97.8,Zanzibar Airport,True
MAGHARIBI B,2022,10,41,2,27.08,-6.18,39.23,Female,45+ yrs,NO,Housewife,Index Case,CITY HEALTH CLINIC,MJINI,PUBLIC,UNGUJA,TOMONDO,177679,1686,388344.4,1.86,30.29,23.01,72.73,97.8,Zanzibar Airport,False
MAGHARIBI B,2022,10,42,10,23.87,-6.14,39.26,Male,30-44 yrs,NO,Other,Index Case,MBWENI MATREKTA PHCU,MJINI,PUBLIC,UNGUJA,MBWENI,177815,1738,388344.4,0.0,29.35,22.97,73.1,97.8,Zanzibar Airport,False
MAGHARIBI B,2022,10,43,17,19.39,-6.2,39.25,Male,< 5 yrs,NO,Under school age (<6 years),Index Case,KOMBENI PHCU+,MJINI,PUBLIC,UNGUJA,KOMBENI,177938,1758,388344.4,3.64,30.75,22.77,73.64,97.8,Zanzibar Airport,True
MAGHARIBI B,2022,10,44,23,24.0,-6.14,39.27,Female,< 5 yrs,NO,Other,Index case,KHASAL DISPENSARY,MAGHARIBI B,PUBLIC,UNGUJA,FUONI KIJITOUPELE,NotInvest,2157,388344.4,11.52,29.72,23.34,72.84,97.8,Zanzibar Airport,True
MAGHARIBI B,2022,10,45,30,6.0,-6.18,39.23,Male,5-14 yrs,NO,Student,Other Household Member,ZIWANI POLICE,MJINI,PUBLIC,UNGUJA,MWANAKWEREKWE,178170,1837,388344.4,17.01,28.87,22.49,73.2,97.8,Zanzibar Airport,False
MAGHARIBI B,2022,11,45,3,22.81,-6.13,39.27,Female,15-29 yrs,NO,Housewife,Index Case,CHUKWANI MATERNITY HOME PHCU+,MJINI,PUBLIC,UNGUJA,CHUKWANI,178228,1865,388344.4,7.99,30.83,23.49,74.32,97.8,Zanzibar Airport,False
MAGHARIBI B,2022,11,46,6,27.43,-6.2,39.25,Female,15-29 yrs,YES,Other,Index case,TABASAM DISPENSARY,MAGHARIBI B,PUBLIC,UNGUJA,FUONI MAHARIBIKO,NotInvest,1878,388344.4,63.74,31.03,23.89,75.21,97.8,Zanzibar Airport,False
MAGHARIBI B,2022,11,47,13,28.92,-6.16,39.26,Female,30-44 yrs,NO,Housewife,Index Case,M&J DISPENSARY,MJINI,PRIVATE,UNGUJA,KWAMCHINA,178404,1938,388344.4,66.51,30.68,24.48,75.18,97.8,Zanzibar Airport,True
MAGHARIBI B,2022,11,48,20,24.82,-6.22,39.25,Male,5-14 yrs,NO,Student,Index Case,ZIWANI POLICE,MJINI,PUBLIC,UNGUJA,MAUNGANI,178521,1966,388344.4,42.94,30.28,24.26,76.64,97.8,Zanzibar Airport,True
MAGHARIBI B,2022,11,49,28,22.58,-6.18,39.25,Male,5-14 yrs,NO,Student,Other Household Member,ZIWANI POLICE,MJINI,PUBLIC,UNGUJA,FUONI KIJITOUPELE,178687,1955,388344.4,12.5,30.76,24.14,75.42,97.8,Zanzibar Airport,False
MAGHARIBI B,2022,12,49,1,24.03,-6.15,39.26,Male,30-44 yrs,NO,Other,Index Case,KIEMBE SAMAKI PHCU,MJINI,PUBLIC,UNGUJA,KIEMBE SAMAKI,178769,2031,388344.4,0.0,32.11,24.84,78.61,97.8,Zanzibar Airport,False
MAGHARIBI B,2022,12,50,5,30.29,-6.13,39.27,Male,30-44 yrs,NO,Other,Index Case,MOMBASA MEDICAL CENTRE,MJINI,PRIVATE,UNGUJA,MOMBASA,178860,2511,388344.4,0.0,31.52,24.93,77.78,97.8,Zanzibar Airport,False
MAGHARIBI B,2022,12,51,11,26.8,-6.18,39.24,Female,5-14 yrs,NO,Student,Other Household Member,ZIWANI POLICE,MJINI,PUBLIC,UNGUJA,CHUKWANI,178943,2081,388344.4,30.54,32.05,23.95,78.58,97.8,Zanzibar Airport,True
MAGHARIBI B,2022,12,52,18,21.67,-6.19,39.25,Female,15-29 yrs,NO,Student,Index Case,GLORY CLINIC,MJINI,PRIVATE,UNGUJA,MAUNGANI,179130,2163,388344.4,25.85,31.94,25.2,77.54,97.8,Zanzibar Airport,True
MAGHARIBI B,2022,12,53,25,22.03,-6.2,39.26,Female,15-29 yrs,NO,Student,Other Household Member,ZIWANI POLICE,MJINI,PUBLIC,UNGUJA,TOMONDO,179356,2050,388344.4,32.28,31.49,25.77,77.27,97.8,Zanzibar Airport,True
MAGHARIBI B,2023,1,1,1,23.56,-6.19,39.24,Female,45+ yrs,YES,Housewife,Index Case,FUONI PHCU+,MJINI,PUBLIC,UNGUJA,FUONI CHUNGA,179577,2385,248000.0,1.75,31.99,26.56,78.7,94.0,Zanzibar Airport,True
MAGHARIBI B,2023,1,2,8,23.25,-6.16,39.26,Male,30-44 yrs,NO,Other,Index case,SHASH DISPENSARY,MAGHARIBI B,PUBLIC,UNGUJA,MELINNE,NotInvest,21948,248000.0,32.27,31.61,26.07,78.15,94.0,Zanzibar Airport,True
MAGHARIBI B,2023,1,3,15,23.37,-6.2,39.25,Female,< 5 yrs,NO,Under school age (<6 years),Other Household Member,ZIWANI POLICE,MJINI,PUBLIC,UNGUJA,FUONI KIBONDENI,180397,2559,248000.0,8.87,31.99,25.06,77.56,94.0,Zanzibar Airport,True
MAGHARIBI B,2023,1,4,22,24.14,-6.19,39.25,Male,45+ yrs,NO,Business,Other Household Member,ZIWANI POLICE,MJINI,PUBLIC,UNGUJA,FUONI CHUNGA,180811,2581,248000.0,0.34,32.35,25.36,78.55,94.0,Zanzibar Airport,True
MAGHARIBI B,2023,1,5,29,27.91,-6.17,39.24,Female,15-29 yrs,NO,Student,Other Household Member,ZIWANI POLICE,MJINI,PUBLIC,UNGUJA,MOMBASA,181314,2777,248000.0,0.0,30.15,25.97,78.03,94.0,Zanzibar Airport,True
MAGHARIBI B,2023,2,5,1,26.78,-6.18,39.24,Female,5-14 yrs,NO,Student,Index Case,KOMBENI PHCU+,MJINI,PUBLIC,UNGUJA,KOMBENI,181558,2922,248000.0,0.0,33.3,24.52,76.19,94.0,Zanzibar Airport,True
MAGHARIBI B,2023,2,6,5,24.9,-6.19,39.24,Female,45+ yrs,YES,Other,Index case,MNAZI MMOJA HOSPITAL,MJINI,PUBLIC,UNGUJA,MWANAKWEREKWE,NotInvest,2983,248000.0,0.98,32.16,24.86,74.9,94.0,Zanzibar Airport,True
MAGHARIBI B,2023,2,7,12,23.09,-6.17,39.24,Male,15-29 yrs,NO,Other,Other Household Member,ZIWANI POLICE,MJINI,PUBLIC,UNGUJA,KIEMBE SAMAKI,182129,3061,248000.0,3.2,31.77,24.61,75.54,94.0,Zanzibar Airport,True
MAGHARIBI B,2023,2,8,19,29.39,-6.18,39.24,Female,15-29 yrs,NO,Housewife,Other Household Member,ZIWANI POLICE,MJINI,PUBLIC,UNGUJA,CHUKWANI,182454,3139,248000.0,0.05,32.12,25.56,75.11,94.0,Zanzibar Airport,True
MAGHARIBI B,2023,2,9,27,21.71,-6.18,39.24,Female,15-29 yrs,NO,Housewife,Other Household Member,ZIWANI POLICE,MJINI,PUBLIC,UNGUJA,TOMONDO,182839,3259,248000.0,0.0,31.37,23.67,74.23,94.0,Zanzibar Airport,True
MAGHARIBI B,2023,3,9,1,22.44,-6.19,39.25,Female,15-29 yrs,NO,Student,Other Household Member,ZIWANI POLICE,MJINI,PUBLIC,UNGUJA,CHUKWANI,182925,3246,248000.0,0.0,34.21,25.01,75.98,94.0,Zanzibar Airport,True
MAGHARIBI B,2023,3,10,6,26.07,-6.16,39.27,Female,15-29 yrs,NO,Other,Index case,GLORY CLINIC,MAGHARIBI B,PUBLIC,UNGUJA,SHAKANI,NotInvest,3444,248000.0,0.0,33.42,24.82,77.1,94.0,Zanzibar Airport,True
MAGHARIBI B,2023,3,11,12,24.04,-6.19,39.24,Male,15-29 yrs,NO,Other,Index Case,MNAZI MMOJA HOSPITAL,MJINI,PUBLIC,UNGUJA,MAUNGANI,183344,3497,248000.0,11.09,31.96,25.99,76.29,94.0,Zanzibar Airport,True
MAGHARIBI B,2023,3,12,19,25.25,-6.17,39.25,Male,5-14 yrs,YES,Student,Index Case,KOMBENI PHCU+,MJINI,PUBLIC,UNGUJA,NYAMANZI,183514,3218,248000.0,31.93,31.73,25.4,76.12,94.0,Zanzibar Airport,True
MAGHARIBI B,2023,3,13,26,23.04,-6.21,39.24,Female,15-29 yrs,YES,Housewife,Index Case,SHASH DISPENSARY,MJINI,PRIVATE,UNGUJA,MNARANI,183737,3658,248000.0,15.4,31.09,24.66,75.98,94.0,Zanzibar Airport,True
MAGHARIBI B,2023,4,13,1,35.0,-6.1,39.28,Male,45+ yrs,NO,Business,Index Case,SAFI MEDICAL DISPENSARY,MJINI,PRIVATE,UNGUJA,MELINNE,184083,3733,248000.0,26.25,32.17,25.45,86.65,94.0,Zanzibar Airport,False
MAGHARIBI B,2023,4,14,3,20.89,-6.2,39.26,Male,15-29 yrs,NO,Other,Index case,QUIK DISPENSARY,MAGHARIBI A,PUBLIC,UNGUJA,KINUNI,NotInvest,3742,248000.0,24.58,31.79,25.7,86.44,94.0,Zanzibar Airport,False
MAGHARIBI B,2023,4,15,9,23.67,-6.18,39.24,Male,30-44 yrs,YES,Other,Index Case,FARAJA DISPENSARY,MJINI,PRIVATE,UNGUJA,MAMBOSASA,184185,3776,248000.0,2.96,31.47,25.5,86.13,94.0,Zanzibar Airport,True
MAGHARIBI B,2023,4,16,16,25.72,-6.19,39.24,Male,45+ yrs,YES,Business,Index Case,CARE CLINIC,MJINI,PRIVATE,UNGUJA,MBWENI,184414,3855,248000.0,79.64,28.91,24.63,86.9,94.0,Zanzibar Airport,True
MAGHARIBI B,2023,4,17,23,27.02,-6.17,39.24,Female,15-29 yrs,YES,Other,Index Case,FARAJA DISPENSARY,MJINI,PRIVATE,UNGUJA,FUONI IJITIMAI,184621,3950,248000.0,48.29,29.61,25.03,85.82,94.0,Zanzibar Airport,True
MAGHARIBI B,2023,4,18,30,25.5,-6.13,39.27,Male,15-29 yrs,NO,Other,Index Case,ZIWANI POLICE,MJINI,PUBLIC,UNGUJA,MAUNGANI,184869,4040,248000.0,72.52,28.66,24.68,86.1,94.0,Zanzibar Airport,False
MAGHARIBI B,2023,5,18,1,28.55,-6.18,39.24,Male,15-29 yrs,NO,Business,Index Case,RAUDHAT MEDICAL CLINIC,MJINI,PRIVATE,UNGUJA,TOMONDO,184910,4056,248000.0,35.68,30.51,24.57,82.66,94.0,Zanzibar Airport,True
MAGHARIBI B,2023,5,19,7,23.59,-6.19,39.24,Male,30-44 yrs,NO,Other,Other Household Member,ZIWANI POLICE,MJINI,PUBLIC,UNGUJA,TAVETA,185260,4125,248000.0,23.97,30.46,25.15,82.65,94.0,Zanzibar Airport,True
MAGHARIBI B,2023,5,20,14,23.45,-6.2,39.24,Male,30-44 yrs,NO,Other,Other Household Member,ZIWANI POLICE,MJINI,PUBLIC,UNGUJA,PANGAWE,185706,4217,248000.0,7.03,31.1,25.47,82.68,94.0,Zanzibar Airport,True
MAGHARIBI B,2023,5,21,21,24.79,-6.2,39.24,Female,15-29 yrs,NO,Student,Index Case,TABASAM DISPENSARY,MJINI,PUBLIC,UNGUJA,FUONI KIBONDENI,186330,4509,248000.0,2.18,30.37,24.68,82.41,94.0,Zanzibar Airport,True
MAGHARIBI B,2023,5,22,28,26.29,-6.2,39.23,Male,30-44 yrs,YES,Other,Index case,SAFI MEDICAL DISPENSARY,MAGHARIBI B,PUBLIC,UNGUJA,PANGAWE,NotInvest,UNKNOWN_CASE,248000.0,5.16,29.48,24.1,82.75,94.0,Zanzibar Airport,True
MAGHARIBI B,2023,6,22,1,24.32,-6.21,39.24,Female,30-44 yrs,NO,Housewife,Other Household Member,ZIWANI POLICE,MJINI,PUBLIC,UNGUJA,CHUKWANI,187487,4773,248000.0,54.18,28.92,24.24,82.37,94.0,Zanzibar Airport,True
MAGHARIBI B,2023,6,23,4,23.5,-6.2,39.24,Male,15-29 yrs,NO,Business,Index Case,NYANGO DISPENSARY,MJINI,PRIVATE,UNGUJA,KISAUNI,187765,4884,248000.0,34.97,29.62,23.81,81.9,94.0,Zanzibar Airport,True
MAGHARIBI B,2023,6,24,11,23.36,-6.19,39.25,Male,15-29 yrs,NO,Other,Index case,SAHEL DISPENSARY,MAGHARIBI B,PUBLIC,UNGUJA,KINUNI,NotInvest,5150,248000.0,10.01,29.67,23.92,82.43,94.0,Zanzibar Airport,True
MAGHARIBI B,2023,6,25,18,23.89,-6.2,39.24,Male,15-29 yrs,NO,Other,Index Case,CHUKWANI MATERNITY HOME PHCU+,MJINI,PUBLIC,UNGUJA,CHUKWANI,189394,5299,248000.0,0.0,29.78,23.57,82.67,94.0,Zanzibar Airport,True
MAGHARIBI B,2023,6,26,25,26.79,-6.18,39.25,Female,30-44 yrs,NO,Housewife,Other Household Member,ZIWANI POLICE,MJINI,PUBLIC,UNGUJA,TAVETA,190435,5642,248000.0,0.0,29.57,23.47,81.83,94.0,Zanzibar Airport,True
MAGHARIBI B,2023,7,26,1,30.0,-6.14,39.25,Male,15-29 yrs,NO,Watchman/Police,Index Case,ZIWANI POLICE,MJINI,PUBLIC,UNGUJA,MICHUNGWANI,191066,5985,248000.0,27.95,28.44,23.65,84.75,94.0,Zanzibar Airport,False
MAGHARIBI B,2023,7,27,2,23.96,-6.2,39.24,Male,30-44 yrs,NO,Civil Servant,Other Household Member,ZIWANI POLICE,MJINI,PUBLIC,UNGUJA,FUONI CHUNGA,191091,5861,248000.0,23.73,28.43,23.96,83.6,94.0,Zanzibar Airport,True
MAGHARIBI B,2023,7,28,9,26.55,-6.2,39.24,Female,15-29 yrs,NO,Business,Other Household Member,ZIWANI POLICE,MJINI,PUBLIC,UNGUJA,KISAUNI,191878,5690,248000.0,0.86,28.93,23.05,84.37,94.0,Zanzibar Airport,True
MAGHARIBI B,2023,7,29,16,24.14,-6.18,39.24,Female,45+ yrs,NO,Housewife,Other Household Member,ZIWANI POLICE,MJINI,PUBLIC,UNGUJA,FUONI KIBONDENI,192780,6212,248000.0,2.31,29.76,23.23,83.57,94.0,Zanzibar Airport,True
MAGHARIBI B,2023,7,30,23,26.91,-6.18,39.25,Male,15-29 yrs,YES,Other,Index case,ZIWANI POLICE,MJINI,PUBLIC,UNGUJA,MWANAKWEREKWE,NotInvest,6646,248000.0,3.47,28.92,23.3,83.95,94.0,Zanzibar Airport,True
MAGHARIBI B,2023,7,31,30,24.02,-6.2,39.24,Female,5-14 yrs,NO,Other,Index case,MPENDAE PHCU+,MJINI,PUBLIC,UNGUJA,TOMONDO,NotInvest,6933,248000.0,6.87,28.76,23.24,83.06,94.0,Zanzibar Airport,True
MAGHARIBI B,2023,8,31,1,22.84,-6.2,39.25,Male,30-44 yrs,NO,Other,Index Case,ZIWANI POLICE,MJINI,PUBLIC,UNGUJA,MOMBASA,194860,7002,248000.0,1.44,29.38,23.49,82.78,94.0,Zanzibar Airport,True
MAGHARIBI B,2023,8,32,6,25.07,-6.18,39.24,Male,15-29 yrs,NO,Other,Index Case,CHUKWANI MATERNITY HOME PHCU+,MJINI,PUBLIC,UNGUJA,MBWENI,195482,7149,248000.0,1.13,28.93,23.47,82.09,94.0,Zanzibar Airport,True
MAGHARIBI B,2023,8,33,13,24.68,-6.18,39.24,Male,15-29 yrs,NO,Other,Index Case,ROYAL MEDICAL CLINIC,MJINI,PRIVATE,UNGUJA,MOMBASA,196242,7353,248000.0,0.45,29.13,22.89,81.65,94.0,Zanzibar Airport,True
MAGHARIBI B,2023,8,34,20,26.31,-6.17,39.25,Female,15-29 yrs,NO,Housewife,Other Household Member,ZIWANI POLICE,MJINI,PUBLIC,UNGUJA,FUONI MIGOMBANI,196991,7495,248000.0,0.2,30.15,22.36,80.2,94.0,Zanzibar Airport,True
MAGHARIBI B,2023,8,35,27,24.05,-6.17,39.25,Male,30-44 yrs,YES,Other,Index case,ALTABIB DISPENSARY,MJINI,PUBLIC,UNGUJA,MAGOGONI,NotInvest,7918,248000.0,0.19,29.45,23.21,81.14,94.0,Zanzibar Airport,True
MAGHARIBI B,2023,9,35,1,24.52,-6.12,39.28,Male,15-29 yrs,YES,Other,Index Case,SHAKANI PHCU,MJINI,PUBLIC,UNGUJA,SHAKANI,198267,8046,248000.0,0.0,31.14,21.24,76.88,94.0,Zanzibar Airport,True
MAGHARIBI B,2023,9,36,3,25.51,-6.17,39.24,Female,15-29 yrs,NO,Other,Index Case,GLORY CLINIC,MJINI,PRIVATE,UNGUJA,MAUNGANI,198334,8041,248000.0,0.35,30.13,22.31,76.77,94.0,Zanzibar Airport,True
MAGHARIBI B,2023,9,37,10,25.82,-6.18,39.25,Female,15-29 yrs,NO,Student,Other Household Member,ZIWANI POLICE,MJINI,PUBLIC,UNGUJA,FUONI UWANDANI,199116,8044,248000.0,1.64,29.95,21.85,77.27,94.0,Zanzibar Airport,True
MAGHARIBI B,2023,9,38,17,27.9,-6.17,39.25,Male,30-44 yrs,NO,Other,Index Case,AL-RAHMA HOSPITAL,MJINI,PRIVATE,UNGUJA,KISAUNI,199603,8381,248000.0,0.99,30.74,21.4,76.8,94.0,Zanzibar Airport,True
MAGHARIBI B,2023,9,39,24,23.75,-6.17,39.24,Female,15-29 yrs,NO,Other,Other Household Member,ZIWANI POLICE,MJINI,PUBLIC,UNGUJA,KISAUNI,200223,8564,248000.0,6.41,30.51,23.37,76.78,94.0,Zanzibar Airport,True
MAGHARIBI B,2023,10,40,1,23.04,-6.19,39.25,Male,30-44 yrs,NO,Other,Index Case,ALTABIB DISPENSARY,MJINI,PRIVATE,UNGUJA,MWANAKWEREKWE,200832,8786,248000.0,5.52,30.81,24.49,74.55,94.0,Zanzibar Airport,True
MAGHARIBI B,2023,10,41,8,26.38,-6.17,39.24,Male,15-29 yrs,NO,Farmer,Index Case,KOMBENI PHCU+,MJINI,PUBLIC,UNGUJA,KOMBENI,201368,8939,248000.0,0.95,31.14,24.02,75.53,94.0,Zanzibar Airport,True
MAGHARIBI B,2023,10,42,15,26.1,-6.19,39.25,Female,< 5 yrs,NO,Under school age (<6 years),Index Case,RAHALEO PHCU+,MJINI,PUBLIC,UNGUJA,CHUKWANI,202087,9140,248000.0,2.06,31.32,24.44,74.55,94.0,Zanzibar Airport,True
MAGHARIBI B,2023,10,43,22,24.97,-6.17,39.25,Female,30-44 yrs,NO,Housewife,Other Household Member,ZIWANI POLICE,MJINI,PUBLIC,UNGUJA,FUONI CHUNGA,202755,9187,248000.0,12.24,31.31,24.73,75.76,94.0,Zanzibar Airport,True
MAGHARIBI B,2023,10,44,29,21.55,-6.17,39.25,Male,45+ yrs,YES,Other,Index Case,AL-RAHMA HOSPITAL,MJINI,PRIVATE,UNGUJA,MWANAKWEREKWE,203386,9503,248000.0,20.93,31.85,24.31,75.21,94.0,Zanzibar Airport,True
MAGHARIBI B,2023,11,44,1,26.34,-6.18,39.24,Female,< 5 yrs,NO,Under school age (<6 years),Index Case,NEW MAKONDEKO DISPENSARY,MJINI,PRIVATE,UNGUJA,PANGAWE,203667,10329,248000.0,252.41,27.77,24.3,83.15,94.0,Zanzibar Airport,True
MAGHARIBI B,2023,11,45,5,24.08,-6.18,39.25,Male,45+ yrs,NO,Other,Index case,RAUDHAT MEDICAL CLINIC,MAGHARIBI B,PUBLIC,UNGUJA,FUONI KIJITOUPELE,NotInvest,9817,248000.0,189.5,29.35,24.58,82.92,94.0,Zanzibar Airport,True
MAGHARIBI B,2023,11,46,12,25.56,-6.13,39.26,Male,5-14 yrs,NO,Other,Index case,HURUMA DISPENSARY,MAGHARIBI B,PUBLIC,UNGUJA,MELINNE,NotInvest,10139,248000.0,75.76,29.89,24.39,82.39,94.0,Zanzibar Airport,True
MAGHARIBI B,2023,11,47,19,26.89,-6.13,39.27,Male,15-29 yrs,NO,Other,Index Case,ROYAL MEDICAL CLINIC,MJINI,PRIVATE,UNGUJA,CHUKWANI,205780,11025,248000.0,58.86,30.1,24.75,82.58,94.0,Zanzibar Airport,True
MAGHARIBI B,2023,11,48,26,26.56,-6.17,39.25,Male,15-29 yrs,NO,Student,Index Case,JITIMAI DISTRICT HOSPITAL,MJINI,PUBLIC,UNGUJA,MWANAKWEREKWE,206862,11488,248000.0,18.56,30.41,24.31,82.81,94.0,Zanzibar Airport,True
MAGHARIBI B,2023,12,48,1,26.71,-6.16,39.25,Male,5-14 yrs,NO,Student,Other Household Member,ZIWANI POLICE,MJINI,PUBLIC,UNGUJA,UZI,207816,11582,248000.0,28.59,31.28,23.86,81.44,94.0,Zanzibar Airport,True
MAGHARIBI B,2023,12,49,3,27.0,-6.14,39.26,Female,15-29 yrs,NO,Student,Index Case,HURUMA DISPENSARY,MJINI,PRIVATE,UNGUJA,MWANAKWEREKWE,208176,12263,248000.0,27.18,31.24,24.7,81.25,94.0,Zanzibar Airport,True
MAGHARIBI B,2023,12,50,10,27.19,-6.12,39.27,Male,15-29 yrs,NO,Other,Index Case,ROYAL MEDICAL CLINIC,MJINI,PRIVATE,UNGUJA,KIEMBE SAMAKI,209680,12023,248000.0,30.32,31.17,24.96,81.39,94.0,Zanzibar Airport,True
MAGHARIBI B,2023,12,51,17,29.11,-6.04,39.31,Female,15-29 yrs,NO,Other,Index Case,UTAPOA DISPENSARY,MJINI,PRIVATE,UNGUJA,FUONI MIGOMBANI,211637,13265,248000.0,24.85,32.14,25.03,80.6,94.0,Zanzibar Airport,True
MAGHARIBI B,2023,12,52,24,27.68,-6.06,39.3,Male,15-29 yrs,NO,Other,Index Case,AL-RAHMA HOSPITAL,MJINI,PRIVATE,UNGUJA,KIEMBE SAMAKI,213291,14603,248000.0,30.99,31.49,25.6,80.87,94.0,Zanzibar Airport,True
MICHEWENI,2018,1,1,1,21.95,-5.98,39.34,Male,5-14 yrs,NO,Other,Index Case,KUNDI DISPENSARY,MJINI,PRIVATE,PEMBA,KONDE,70576,117174,178072.0,0.72,33.22,26.22,90.78,95.0,Matangatuani,True
MICHEWENI,2018,1,2,8,21.86,-5.98,39.34,Male,30-44 yrs,NO,Other,Index Case,TUMBE PHCU,MJINI,PUBLIC,PEMBA,TUMBE MASHARIKI,71093,117311,178072.0,0.49,33.01,25.4,89.49,95.0,Matangatuani,True
MICHEWENI,2018,1,3,14,20.74,-5.98,39.34,Male,5-14 yrs,NO,Other,Index Case,KUNDI DISPENSARY,MJINI,PRIVATE,PEMBA,TUMBE MASHARIKI,71281,117396,178072.0,0.08,32.5,25.17,89.88,95.0,Matangatuani,True
MICHEWENI,2018,1,4,21,19.27,-5.98,39.34,Male,5-14 yrs,NO,Other,Other Household Member,ZIWANI POLICE,MJINI,PUBLIC,PEMBA,TUMBE MAGHARIBI,71648,117438,178072.0,0.0,32.38,25.42,89.46,95.0,Matangatuani,True
MICHEWENI,2018,1,5,28,22.0,-5.98,39.34,Male,< 5 yrs,NO,Other,Index Case,TUMBE PHCU,MICHEWENI,PUBLIC,PEMBA,TUMBE MASHARIKI,71968,117740,178072.0,0.0,32.08,25.4,90.65,95.0,Matangatuani,True
MICHEWENI,2018,2,5,2,20.29,-5.98,39.34,Male,< 5 yrs,NO,Other,Index Case,TUMBE PHCU,MICHEWENI,PUBLIC,PEMBA,TUMBE MASHARIKI,72322,117843,178072.0,0.0,32.85,24.47,90.1,95.0,Matangatuani,False
MICHEWENI,2018,2,6,5,18.81,-5.67,39.46,Male,< 5 yrs,NO,Other,Index Case,MICHEWENI COTTAGE HOSPITAL,MICHEWENI,PUBLIC,PEMBA,MAJENZI,72379,117864,178072.0,0.91,32.1,25.11,89.92,95.0,Matangatuani,True
MICHEWENI,2018,2,7,11,21.58,-5.65,39.47,Male,30-44 yrs,NO,Other,Index Case,MICHEWENI COTTAGE HOSPITAL,MJINI,PUBLIC,PEMBA,MIHOGONI,72614,117950,178072.0,1.5,31.27,25.1,89.87,95.0,Matangatuani,True
MICHEWENI,2018,2,8,20,22.25,-5.81,39.41,Male,15-29 yrs,NO,Other,Index Case,KONDE CLINIC,MJINI,PRIVATE,PEMBA,TUMBE MASHARIKI,72900,118079,178072.0,3.15,32.35,25.12,88.72,95.0,Matangatuani,True
MICHEWENI,2018,2,9,26,22.0,-5.98,39.34,Male,< 5 yrs,NO,Other,Index Case,KIUYU KIPANGANI PHCU,MICHEWENI,PUBLIC,PEMBA,KIFUNDI,73019,118110,178072.0,4.54,33.15,25.79,90.7,95.0,Matangatuani,False
MICHEWENI,2018,3,9,1,14.0,-5.06,39.72,Female,5-14 yrs,NO,Other,Index Case,MICHEWENI COTTAGE HOSPITAL,MJINI,PUBLIC,PEMBA,MAKANGALE,73124,118167,178072.0,10.47,32.92,24.48,91.7,95.0,Matangatuani,False
MICHEWENI,2018,3,10,5,22.0,-5.98,39.34,Male,15-29 yrs,YES,Other,Index Case,TUMBE PHCU,MJINI,PUBLIC,PEMBA,TUMBE MASHARIKI,73207,118176,178072.0,11.43,33.38,25.14,90.8,95.0,Matangatuani,False
MICHEWENI,2018,3,11,14,22.22,-5.21,39.66,Female,15-29 yrs,NO,Other,Other Household Member,ZIWANI POLICE,MJINI,PUBLIC,PEMBA,TUMBE MASHARIKI,73414,118175,178072.0,0.18,31.99,24.89,96.5,95.0,Matangatuani,False
MICHEWENI,2018,3,12,21,18.42,-4.95,39.75,Male,5-14 yrs,YES,Other,Index Case,TUMBE PHCU,MJINI,PUBLIC,PEMBA,TUMBE MASHARIKI,73578,118175,178072.0,3.65,33.9,25.04,91.05,95.0,Matangatuani,False
MICHEWENI,2018,3,13,26,22.17,-4.94,39.75,Female,< 5 yrs,NO,Other,Other Household Member,ZIWANI POLICE,MJINI,PUBLIC,PEMBA,TUMBE MASHARIKI,73720,118078,178072.0,10.51,33.66,26.03,93.2,95.0,Matangatuani,False
MICHEWENI,2018,4,14,3,15.83,-4.97,39.81,Male,5-14 yrs,NO,Other,Index Case,MICHEWENI COTTAGE HOSPITAL,MJINI,PUBLIC,PEMBA,SHUMBA MJINI,73937,118393,178072.0,10.75,31.91,24.86,93.38,95.0,Matangatuani,False
MICHEWENI,2018,4,15,9,20.85,-4.96,39.74,Female,15-29 yrs,NO,Other,Index Case,MICHEWENI COTTAGE HOSPITAL,MJINI,PUBLIC,PEMBA,MJINI WINGWI,74162,118530,178072.0,16.05,29.87,24.35,95.84,95.0,Matangatuani,False
MICHEWENI,2018,4,16,15,17.69,-5.09,39.73,Female,30-44 yrs,NO,Other,Index Case,KONDE CLINIC,MJINI,PRIVATE,PEMBA,MSUKA MASHARIKI,74467,118824,178072.0,14.93,31.36,24.56,94.01,95.0,Matangatuani,False
MICHEWENI,2018,4,17,23,20.07,-5.09,39.72,Male,15-29 yrs,NO,Other,Other Household Member,ZIWANI POLICE,MJINI,PUBLIC,PEMBA,TUMBE MASHARIKI,74980,118608,178072.0,14.93,30.92,24.81,93.1,95.0,Matangatuani,False
MICHEWENI,2018,4,18,30,19.0,-4.95,39.77,Male,15-29 yrs,NO,Other,Index Case,MICHEWENI COTTAGE HOSPITAL,MJINI,PUBLIC,PEMBA,KINOWE,75317,118759,178072.0,20.36,31.99,25.77,93.4,95.0,Matangatuani,False
MICHEWENI,2018,5,18,1,17.63,-5.0,39.74,Male,15-29 yrs,NO,Other,Index Case,KUNDI DISPENSARY,MJINI,PRIVATE,PEMBA,TONDOONI,75338,118714,178072.0,19.39,29.5,24.81,95.81,95.0,Matangatuani,False
MICHEWENI,2018,5,19,6,17.0,-5.22,39.65,Male,15-29 yrs,NO,Other,Index Case,TUMBE PHCU,MJINI,PUBLIC,PEMBA,TUMBE MASHARIKI,75643,119443,178072.0,14.4,30.08,24.5,93.04,95.0,Matangatuani,True
MICHEWENI,2018,5,20,16,13.0,-5.17,39.69,Male,< 5 yrs,NO,Other,Index Case,TUMBE PHCU,MICHEWENI,PUBLIC,PEMBA,TUMBE MAGHARIBI,76427,118968,178072.0,13.84,30.18,24.42,95.53,95.0,Matangatuani,False
MICHEWENI,2018,5,21,21,16.23,-5.14,39.69,Male,< 5 yrs,NO,Other,Index Case,MICHEWENI COTTAGE HOSPITAL,MICHEWENI,PUBLIC,PEMBA,MAJENZI,76796,119083,178072.0,16.05,29.44,24.36,95.22,95.0,Matangatuani,True
MICHEWENI,2018,5,22,28,22.68,-5.38,39.61,Female,15-29 yrs,NO,Other,Index Case,KONDE CLINIC,MJINI,PRIVATE,PEMBA,TUMBE MASHARIKI,77343,119279,178072.0,28.8,29.99,24.02,93.31,95.0,Matangatuani,False
MICHEWENI,2018,6,22,1,53.0,-4.94,39.75,Female,45+ yrs,NO,Other,Index Case,TUMBE PHCU,MJINI,PUBLIC,PEMBA,TUMBE MASHARIKI,77587,119366,178072.0,1.02,30.38,24.08,88.4,95.0,Matangatuani,False
MICHEWENI,2018,6,23,3,18.39,-4.96,39.76,Female,15-29 yrs,NO,Other,Other Household Member,ZIWANI POLICE,MJINI,PUBLIC,PEMBA,TUMBE MASHARIKI,77622,119159,178072.0,1.12,30.29,24.97,88.31,95.0,Matangatuani,False
MICHEWENI,2018,6,24,11,35.0,-5.38,39.58,Male,< 5 yrs,NO,Other,Index Case,TUMBE PHCU,MJINI,PUBLIC,PEMBA,TUMBE MAGHARIBI,78338,119516,178072.0,7.51,29.27,23.85,87.98,95.0,Matangatuani,False
MICHEWENI,2018,6,25,17,17.36,-4.99,39.74,Female,5-14 yrs,NO,Other,Index Case,MICHEWENI COTTAGE HOSPITAL,MJINI,PUBLIC,PEMBA,KIUYU MBUYUNI,78624,119749,178072.0,6.86,28.5,23.73,88.38,95.0,Matangatuani,True
MICHEWENI,2018,6,26,24,17.69,-5.11,39.7,Female,30-44 yrs,NO,Other,Index Case,TUMBE PHCU,MJINI,PUBLIC,PEMBA,TUMBE MASHARIKI,79215,119849,178072.0,1.93,29.47,23.55,88.3,95.0,Matangatuani,True
MICHEWENI,2018,7,27,2,17.7,-5.09,39.68,Male,15-29 yrs,NO,Other,Index Case,WINGWI PHCU+,MJINI,PUBLIC,PEMBA,MTEMANI,79849,120153,178072.0,1.73,30.34,24.03,86.9,95.0,Matangatuani,True
MICHEWENI,2018,7,28,8,19.05,-5.06,39.72,Male,30-44 yrs,NO,Other,Index Case,MKIA WA NGOMBE PHCU,MJINI,PUBLIC,PEMBA,TONDOONI,80330,120327,178072.0,0.37,29.62,23.63,85.89,95.0,Matangatuani,True
MICHEWENI,2018,7,29,15,17.97,-5.06,39.71,Male,30-44 yrs,NO,Other,Index Case,MICHEWENI COTTAGE HOSPITAL,MJINI,PUBLIC,PEMBA,TUMBE MASHARIKI,80806,120613,178072.0,2.02,28.9,23.24,84.82,95.0,Matangatuani,False
MICHEWENI,2018,7,30,23,17.46,-5.03,39.73,Female,30-44 yrs,NO,Other,Other Household Member,ZIWANI POLICE,MJINI,PUBLIC,PEMBA,MSUKA MAGHARIBI,81296,120372,178072.0,2.08,28.5,23.93,86.79,95.0,Matangatuani,False
MICHEWENI,2018,7,31,30,18.11,-5.29,39.64,Female,5-14 yrs,NO,Other,Other Household Member,ZIWANI POLICE,MJINI,PUBLIC,PEMBA,TUMBE MASHARIKI,81637,120761,178072.0,1.17,29.9,23.37,86.85,95.0,Matangatuani,False
MICHEWENI,2018,8,31,1,29.0,-5.98,39.34,Male,30-44 yrs,NO,Other,Index Case,TUMBE PHCU,MJINI,PUBLIC,PEMBA,TUMBE MAGHARIBI,81810,120874,178072.0,0.91,29.33,23.26,83.6,95.0,Matangatuani,False
MICHEWENI,2018,8,32,6,19.57,-5.23,39.67,Male,45+ yrs,NO,Other,Index Case,KONDE CLINIC,MJINI,PRIVATE,PEMBA,KINOWE,81988,120953,178072.0,0.84,29.62,22.85,83.26,95.0,Matangatuani,True
MICHEWENI,2018,8,33,13,20.88,-5.2,39.65,Male,< 5 yrs,NO,Other,Other Household Member,ZIWANI POLICE,MJINI,PUBLIC,PEMBA,KINOWE,82288,120953,178072.0,0.64,28.89,22.55,84.34,95.0,Matangatuani,True
MICHEWENI,2018,8,34,19,22.72,-5.07,39.74,Male,< 5 yrs,NO,Other,Index Case,SHAAM MEDICAL CLINIC,MICHEWENI,PRIVATE,PEMBA,KIFUNDI,82692,121176,178072.0,0.44,29.78,23.9,87.14,95.0,Matangatuani,False
MICHEWENI,2018,8,35,27,18.91,-5.04,39.74,Female,15-29 yrs,NO,Other,Index Case,TUMBE PHCU,MJINI,PUBLIC,PEMBA,TUMBE MASHARIKI,83061,121319,178072.0,0.5,29.32,23.18,84.79,95.0,Matangatuani,False
MICHEWENI,2018,9,36,3,22.0,-4.91,39.69,Female,< 5 yrs,NO,Other,Index Case,SIZINI PHCU,MJINI,PUBLIC,PEMBA,SIZINI,83266,121383,178072.0,1.13,29.19,23.04,84.72,95.0,Matangatuani,False
MICHEWENI,2018,9,37,10,20.5,-4.95,39.75,Female,15-29 yrs,NO,Other,Other Household Member,ZIWANI POLICE,MJINI,PUBLIC,PEMBA,TUMBE MASHARIKI,83438,121322,178072.0,0.72,29.73,23.21,82.08,95.0,Matangatuani,False
MICHEWENI,2018,9,38,17,20.54,-5.11,39.71,Female,15-29 yrs,NO,Other,Index Case,MICHEWENI COTTAGE HOSPITAL,MJINI,PUBLIC,PEMBA,TONDOONI,83724,121533,178072.0,0.52,29.24,22.64,85.52,95.0,Matangatuani,False
MICHEWENI,2018,9,39,24,21.6,-5.13,39.69,Male,30-44 yrs,YES,Other,Index Case,MAKANGALE PHCU+,MJINI,PUBLIC,PEMBA,MAKANGALE,83930,121667,178072.0,0.12,30.34,22.89,82.92,95.0,Matangatuani,False
MICHEWENI,2018,10,40,1,16.77,-5.0,39.76,Female,30-44 yrs,NO,Other,Index Case,TUMBE PHCU,MJINI,PUBLIC,PEMBA,TUMBE MASHARIKI,84166,121740,178072.0,0.0,29.89,23.34,87.82,95.0,Matangatuani,False
MICHEWENI,2018,10,41,7,28.27,-4.95,39.79,Female,45+ yrs,YES,Other,Index Case,KUNDI DISPENSARY,MJINI,PRIVATE,PEMBA,MAKANGALE,84312,121809,178072.0,0.0,30.26,23.49,88.49,95.0,Matangatuani,False
MICHEWENI,2018,10,42,19,24.25,-4.95,39.75,Female,45+ yrs,NO,Other,Other Household Member,ZIWANI POLICE,MJINI,PUBLIC,PEMBA,KINOWE,84671,121728,178072.0,0.53,29.32,23.26,88.6,95.0,Matangatuani,False
MICHEWENI,2018,10,43,22,18.33,-5.07,39.74,Male,5-14 yrs,NO,Other,Index Case,KONDE CLINIC,MJINI,PRIVATE,PEMBA,TUMBE MASHARIKI,84739,121940,178072.0,0.51,29.71,23.27,88.5,95.0,Matangatuani,False
MICHEWENI,2018,10,44,29,9.0,-5.98,39.34,Male,5-14 yrs,NO,Other,Index Case,TUMBE PHCU,MJINI,PUBLIC,PEMBA,TUMBE MASHARIKI,84930,122009,178072.0,4.4,30.51,24.86,87.6,95.0,Matangatuani,False
MICHEWENI,2018,11,44,3,15.5,-4.97,39.82,Male,5-14 yrs,YES,Other,Index Case,MAZIWA NGOMBE PHCU,MJINI,PUBLIC,PEMBA,KIUYU MAZIWA NGOMBE,85090,122071,178072.0,6.22,32.29,24.39,93.1,95.0,Matangatuani,False
MICHEWENI,2018,11,45,5,20.29,-4.95,39.77,Female,5-14 yrs,NO,Other,Other Household Member,ZIWANI POLICE,MJINI,PUBLIC,PEMBA,TUMBE MASHARIKI,85149,122063,178072.0,5.09,32.57,24.71,96.45,95.0,Matangatuani,False
MICHEWENI,2018,11,46,11,15.22,-5.04,39.68,Female,15-29 yrs,YES,Other,Index Case,SHAAM MEDICAL CLINIC,MJINI,PRIVATE,PEMBA,KONDE,85381,122136,178072.0,2.33,31.13,24.43,92.86,95.0,Matangatuani,False
MICHEWENI,2018,11,47,19,18.54,-4.92,39.73,Female,30-44 yrs,NO,Other,Other Household Member,ZIWANI POLICE,MJINI,PUBLIC,PEMBA,MAKANGALE,85549,122178,178072.0,2.1,31.06,24.95,94.09,95.0,Matangatuani,False
MICHEWENI,2018,11,48,25,15.06,-4.92,39.73,Male,5-14 yrs,NO,Other,Index Case,KUNDI DISPENSARY,MJINI,PRIVATE,PEMBA,MAKANGALE,85752,122263,178072.0,0.0,32.22,24.4,93.45,95.0,Matangatuani,False
MICHEWENI,2018,12,49,3,9.51,-5.01,39.77,Female,< 5 yrs,NO,Other,Index Case,TUMBE PHCU,MJINI,PUBLIC,PEMBA,TUMBE MASHARIKI,85952,122322,178072.0,0.0,32.2,24.1,92.78,95.0,Matangatuani,True
MICHEWENI,2018,12,50,10,12.85,-5.05,39.75,Male,15-29 yrs,NO,Other,Index Case,TUMBE PHCU,MJINI,PUBLIC,PEMBA,TUMBE MASHARIKI,86281,122441,178072.0,0.0,32.37,24.65,93.8,95.0,Matangatuani,True
MICHEWENI,2018,12,51,16,16.75,-5.09,39.71,Female,< 5 yrs,NO,Other,Index Case,MICHEWENI COTTAGE HOSPITAL,MJINI,PUBLIC,PEMBA,TUMBE MASHARIKI,86548,122484,178072.0,0.86,32.0,24.69,94.16,95.0,Matangatuani,True
MICHEWENI,2018,12,52,23,19.93,-4.96,39.78,Male,45+ yrs,NO,Other,Index Case,SHAAM MEDICAL CLINIC,MJINI,PRIVATE,PEMBA,KONDE,86832,122581,178072.0,0.68,32.56,25.27,93.36,95.0,Matangatuani,True
MICHEWENI,2018,12,53,30,11.0,-5.0,39.77,Male,5-14 yrs,NO,Other,Index Case,MICHEWENI COTTAGE HOSPITAL,MJINI,PUBLIC,PEMBA,SHUMBA VIAMBONI,87104,122682,178072.0,0.58,32.64,25.54,92.45,95.0,Matangatuani,False
MICHEWENI,2019,1,1,1,18.73,-4.99,39.78,Female,45+ yrs,NO,Other,Index Case,MICHEWENI COTTAGE HOSPITAL,MJINI,PUBLIC,PEMBA,SIZINI,87259,122715,222374.0,0.0,33.09,27.15,89.92,95.2,Matangatuani,True
MICHEWENI,2019,1,2,7,19.2,-4.95,39.76,Male,5-14 yrs,YES,Other,Index Case,KONDE CLINIC,MJINI,PRIVATE,PEMBA,KONDE,87711,122790,222374.0,0.0,33.08,25.73,87.23,95.2,Matangatuani,False
MICHEWENI,2019,1,3,14,24.73,-4.99,39.82,Male,15-29 yrs,NO,Other,Other Household Member,ZIWANI POLICE,MJINI,PUBLIC,PEMBA,KIUYU MAZIWA NGOMBE,88243,122834,222374.0,0.0,32.23,25.47,87.7,95.2,Matangatuani,False
MICHEWENI,2019,1,4,21,18.33,-4.96,39.78,Male,5-14 yrs,NO,Other,Index Case,MAKANGALE PHCU+,MJINI,PUBLIC,PEMBA,TONDOONI,88801,123074,222374.0,0.0,32.51,25.71,88.82,95.2,Matangatuani,False
MICHEWENI,2019,1,5,28,30.6,-5.36,39.57,Male,15-29 yrs,YES,Other,Index Case,MKIA WA NGOMBE PHCU,MJINI,PUBLIC,PEMBA,TONDOONI,89278,123179,222374.0,0.0,32.2,25.86,89.82,95.2,Matangatuani,False
MICHEWENI,2019,2,6,4,18.42,-5.01,39.75,Male,15-29 yrs,NO,Other,Index Case,KUNDI DISPENSARY,MJINI,PRIVATE,PEMBA,KINOWE,89558,123245,222374.0,0.0,30.74,25.24,88.45,95.2,Matangatuani,True
MICHEWENI,2019,2,7,11,22.04,-4.95,39.77,Female,5-14 yrs,NO,Other,Other Household Member,ZIWANI POLICE,MJINI,PUBLIC,PEMBA,KINOWE,89780,123284,222374.0,0.0,31.53,24.66,89.54,95.2,Matangatuani,True
MICHEWENI,2019,2,8,18,19.81,-4.9,39.69,Male,5-14 yrs,NO,Other,Index Case,KONDE CLINIC,MJINI,PRIVATE,PEMBA,KINOWE,90123,123422,222374.0,0.0,31.45,25.12,87.82,95.2,Matangatuani,False
MICHEWENI,2019,2,9,26,25.14,-4.98,39.79,Male,15-29 yrs,YES,Other,Index Case,KONDE CLINIC,MJINI,PRIVATE,PEMBA,KONDE,90448,123591,222374.0,6.57,32.97,25.51,85.53,95.2,Matangatuani,False
MICHEWENI,2019,3,9,2,14.13,-5.06,39.72,Male,15-29 yrs,NO,Other,Other Household Member,ZIWANI POLICE,MJINI,PUBLIC,PEMBA,KINOWE,90575,123422,222374.0,0.0,33.15,25.1,91.2,95.2,Matangatuani,False
MICHEWENI,2019,3,10,4,16.94,-4.96,39.78,Male,15-29 yrs,NO,Other,Index Case,MAZIWA NGOMBE PHCU,MJINI,PUBLIC,PEMBA,KIUYU MAZIWA NGOMBE,90644,123528,222374.0,0.0,33.53,24.08,91.88,95.2,Matangatuani,False
MICHEWENI,2019,3,11,11,17.0,-4.95,39.79,Male,< 5 yrs,NO,Other,Other Household Member,ZIWANI POLICE,MJINI,PUBLIC,PEMBA,KINOWE,90850,123361,222374.0,0.0,34.84,24.6,91.62,95.2,Matangatuani,False
MICHEWENI,2019,3,12,18,23.28,-5.28,39.66,Female,45+ yrs,NO,Other,Other Household Member,ZIWANI POLICE,MJINI,PUBLIC,PEMBA,KIUYU MBUYUNI,91074,123602,222374.0,0.0,34.61,24.3,93.7,95.2,Matangatuani,False
MICHEWENI,2019,3,13,27,22.12,-4.98,39.82,Female,15-29 yrs,NO,Other,Other Household Member,ZIWANI POLICE,MJINI,PUBLIC,PEMBA,SIZINI,91508,122450,222374.0,23.33,35.36,24.31,92.9,95.2,Matangatuani,False
MICHEWENI,2019,4,14,3,21.0,-5.88,39.39,Female,5-14 yrs,NO,Other,Other Household Member,ZIWANI POLICE,MJINI,PUBLIC,PEMBA,TONDOONI,91734,123179,222374.0,17.56,32.41,25.23,94.37,95.2,Matangatuani,False
MICHEWENI,2019,4,15,8,19.71,-4.96,39.79,Female,5-14 yrs,YES,Other,Index Case,TUMBE PHCU,MJINI,PUBLIC,PEMBA,TUMBE MAGHARIBI,91907,123788,222374.0,18.57,31.31,24.52,93.77,95.2,Matangatuani,False
MICHEWENI,2019,5,19,6,28.0,-4.96,39.77,Female,5-14 yrs,YES,Other,Index Case,TUMBE PHCU,MJINI,PUBLIC,PEMBA,TUMBE MAGHARIBI,92709,123993,222374.0,43.03,29.85,24.45,93.06,95.2,Matangatuani,False
MICHEWENI,2019,5,20,12,18.82,-5.13,39.7,Female,15-29 yrs,NO,Other,Index Case,MICHEWENI COTTAGE HOSPITAL,MJINI,PUBLIC,PEMBA,KINOWE,93018,124106,222374.0,63.48,28.8,24.75,94.25,95.2,Matangatuani,True
MICHEWENI,2019,5,21,19,18.14,-4.98,39.79,Male,5-14 yrs,NO,Other,Other Household Member,ZIWANI POLICE,MJINI,PUBLIC,PEMBA,KINOWE,93449,124194,222374.0,18.19,30.02,25.29,94.33,95.2,Matangatuani,False
MICHEWENI,2019,5,22,27,20.94,-4.97,39.78,Female,5-14 yrs,NO,Other,Index Case,TUMBE PHCU,MJINI,PUBLIC,PEMBA,TUMBE MAGHARIBI,94098,124345,222374.0,5.86,30.59,24.94,94.69,95.2,Matangatuani,False
MICHEWENI,2019,6,23,3,17.4,-4.95,39.76,Male,15-29 yrs,NO,Other,Index Case,TUMBE PHCU,MJINI,PUBLIC,PEMBA,KINOWE,94432,124430,222374.0,7.44,29.92,24.75,84.8,95.2,Matangatuani,False
MICHEWENI,2019,6,24,10,14.7,-4.97,39.78,Male,5-14 yrs,NO,Other,Index Case,KONDE CLINIC,MJINI,PRIVATE,PEMBA,KINOWE,94722,124537,222374.0,0.0,30.0,24.4,85.39,95.2,Matangatuani,False
MICHEWENI,2019,6,25,16,16.1,-4.97,39.79,Male,5-14 yrs,NO,Student,Other Household Member,ZIWANI POLICE,MJINI,PUBLIC,PEMBA,KONDE,95065,124575,222374.0,7.35,29.25,23.76,86.93,95.2,Matangatuani,False
MICHEWENI,2019,6,26,23,18.02,-4.98,39.77,Female,30-44 yrs,NO,Other,Other Household Member,ZIWANI POLICE,MJINI,PUBLIC,PEMBA,WINGWI NJUGUNI,95652,124716,222374.0,2.15,29.65,23.87,86.28,95.2,Matangatuani,True
MICHEWENI,2019,6,27,30,14.5,-4.93,39.74,Female,15-29 yrs,NO,Other,Index Case,MAKANGALE PHCU+,MJINI,PUBLIC,PEMBA,MAKANGALE,96235,125072,222374.0,1.04,29.6,24.39,85.0,95.2,Matangatuani,False
MICHEWENI,2019,7,27,1,18.87,-5.1,39.71,Male,5-14 yrs,NO,Student,Other Household Member,ZIWANI POLICE,MJINI,PUBLIC,PEMBA,TUMBE MASHARIKI,96365,125069,222374.0,13.65,29.9,23.66,88.7,95.2,Matangatuani,True
MICHEWENI,2019,7,28,7,17.75,-4.94,39.76,Female,15-29 yrs,NO,Business,Other Household Member,ZIWANI POLICE,MJINI,PUBLIC,PEMBA,TUMBE MASHARIKI,96874,125254,222374.0,10.09,29.47,23.49,89.38,95.2,Matangatuani,True
MICHEWENI,2019,7,29,15,14.86,-4.93,39.71,Male,30-44 yrs,YES,Other,Index Case,MAKANGALE PHCU+,MJINI,PUBLIC,PEMBA,MAKANGALE,97481,125525,222374.0,4.11,29.42,24.55,87.94,95.2,Matangatuani,True
MICHEWENI,2019,7,30,22,8.04,-4.95,39.79,Male,< 5 yrs,NO,Other,Other Household Member,ZIWANI POLICE,MJINI,PUBLIC,PEMBA,TUMBE MASHARIKI,98251,125721,222374.0,0.99,27.99,21.64,85.3,95.2,Matangatuani,False
MICHEWENI,2019,7,31,29,15.46,-4.94,39.74,Female,5-14 yrs,NO,Student,Index Case,KUNDI DISPENSARY,MJINI,PRIVATE,PEMBA,KONDE,98943,125906,222374.0,0.9,28.41,22.75,88.92,95.2,Matangatuani,True
MICHEWENI,2019,8,31,1,26.33,-4.96,39.77,Female,30-44 yrs,NO,Other,Other Household Member,ZIWANI POLICE,MJINI,PUBLIC,PEMBA,SIZINI,99185,125954,222374.0,0.0,31.04,22.36,92.3,95.2,Matangatuani,False
MICHEWENI,2019,8,32,6,17.0,-4.97,39.85,Male,15-29 yrs,NO,Student,Index Case,MICHEWENI COTTAGE HOSPITAL,MJINI,PUBLIC,PEMBA,MAJENZI,99502,126132,222374.0,0.0,29.11,22.46,90.9,95.2,Matangatuani,False
MICHEWENI,2019,8,33,13,19.0,-4.96,39.82,Female,5-14 yrs,NO,Other,Index Case,MICHEWENI COTTAGE HOSPITAL,MJINI,PUBLIC,PEMBA,MJINI WINGWI,99780,126214,222374.0,7.77,28.44,23.0,89.53,95.2,Matangatuani,False
MICHEWENI,2019,8,34,18,21.2,-4.96,39.82,Male,30-44 yrs,NO,Other,Other Household Member,ZIWANI POLICE,MJINI,PUBLIC,PEMBA,KONDE,100114,126218,222374.0,23.78,30.79,22.88,89.92,95.2,Matangatuani,False
MICHEWENI,2019,8,35,28,12.34,-4.97,39.82,Male,5-14 yrs,NO,Other,Index Case,MICHEWENI COTTAGE HOSPITAL,MJINI,PUBLIC,PEMBA,MICHEWENI,100654,126415,222374.0,0.27,29.67,23.34,90.85,95.2,Matangatuani,False
MICHEWENI,2019,9,37,12,4.33,-4.97,39.79,Male,< 5 yrs,NO,Other,Index Case,SHUMBA VIAMBONI PHCU,MJINI,PUBLIC,PEMBA,MIHOGONI,101327,126624,222374.0,1.18,29.35,23.61,88.77,95.2,Matangatuani,False
MICHEWENI,2019,9,38,19,24.0,-4.98,39.78,Male,30-44 yrs,YES,Other,Index Case,MICHEWENI COTTAGE HOSPITAL,MJINI,PUBLIC,PEMBA,MAJENZI,101623,126733,222374.0,0.15,30.94,24.16,89.3,95.2,Matangatuani,False
MICHEWENI,2019,10,40,3,35.0,-4.96,39.81,Male,45+ yrs,YES,Other,Index Case,MAKANGALE PHCU+,MJINI,PUBLIC,PEMBA,MAKANGALE,102022,126856,222374.0,1.41,29.57,24.44,92.8,95.2,Matangatuani,False
MICHEWENI,2019,10,41,8,35.0,-5.06,39.72,Female,30-44 yrs,NO,Other,Index Case,KIFUNDI PHCU,MJINI,PUBLIC,PEMBA,KIFUNDI,102127,126883,222374.0,1.71,29.07,24.13,96.1,95.2,Matangatuani,False
MICHEWENI,2019,10,42,15,19.73,-4.97,39.79,Female,5-14 yrs,NO,Student,Other Household Member,ZIWANI POLICE,MJINI,PUBLIC,PEMBA,MIHOGONI,102292,126624,222374.0,23.49,28.53,24.01,94.93,95.2,Matangatuani,False
MICHEWENI,2019,10,43,20,22.43,-4.93,39.72,Male,45+ yrs,NO,Other,Other Household Member,ZIWANI POLICE,MJINI,PUBLIC,PEMBA,MAKANGALE,102596,125524,222374.0,0.54,29.97,24.29,93.86,95.2,Matangatuani,False
MICHEWENI,2019,10,44,27,29.0,-4.96,39.8,Female,5-14 yrs,NO,Other,Other Household Member,ZIWANI POLICE,MJINI,PUBLIC,PEMBA,TUMBE MASHARIKI,103006,127046,222374.0,1.19,30.08,24.91,93.9,95.2,Matangatuani,False
MICHEWENI,2019,11,45,5,19.7,-5.03,39.73,Male,5-14 yrs,YES,Other,Index Case,MAKANGALE PHCU+,MJINI,PUBLIC,PEMBA,MAKANGALE,103301,127175,222374.0,5.96,30.39,24.84,92.6,95.2,Matangatuani,True
MICHEWENI,2019,11,46,12,15.31,-5.36,39.59,Male,15-29 yrs,YES,Fisherman,Index Case,MSUKA PHCU,MJINI,PUBLIC,PEMBA,MSUKA MAGHARIBI,103624,127251,222374.0,12.63,30.43,24.78,92.7,95.2,Matangatuani,False
MICHEWENI,2019,11,47,18,21.36,-4.97,39.79,Female,5-14 yrs,YES,Student,Index Case,MICHEWENI COTTAGE HOSPITAL,MJINI,PUBLIC,PEMBA,SHUMBA MJINI,103881,127327,222374.0,3.81,31.15,25.51,95.42,95.2,Matangatuani,False
MICHEWENI,2019,11,48,24,25.24,-4.98,39.83,Male,15-29 yrs,YES,Fisherman,Index Case,MICHEWENI COTTAGE HOSPITAL,MJINI,PUBLIC,PEMBA,KIUYU MBUYUNI,104243,127521,222374.0,29.61,31.7,24.51,93.74,95.2,Matangatuani,True
MICHEWENI,2019,12,49,2,20.2,-4.97,39.81,Female,30-44 yrs,NO,Other,Other Household Member,ZIWANI POLICE,MJINI,PUBLIC,PEMBA,KIUYU MAZIWA NGOMBE,105162,127716,222374.0,13.84,31.52,23.15,93.93,95.2,Matangatuani,True
MICHEWENI,2019,12,50,8,19.68,-4.95,39.76,Male,30-44 yrs,NO,Business,Other Household Member,ZIWANI POLICE,MJINI,PUBLIC,PEMBA,MSUKA MAGHARIBI,105690,127945,222374.0,27.91,32.95,24.84,92.18,95.2,Matangatuani,True
MICHEWENI,2019,12,51,15,19.24,-4.97,39.75,Male,15-29 yrs,NO,Student,Other Household Member,ZIWANI POLICE,MJINI,PUBLIC,PEMBA,MICHEWENI,106804,128400,222374.0,15.66,31.69,24.38,92.52,95.2,Matangatuani,True
MICHEWENI,2019,12,52,22,20.27,-4.97,39.77,Male,15-29 yrs,NO,Business,Index Case,SHAAM MEDICAL CLINIC,MJINI,PRIVATE,PEMBA,TUMBE MASHARIKI,108169,129069,222374.0,21.18,32.66,24.73,93.67,95.2,Matangatuani,True
MICHEWENI,2019,12,53,29,17.36,-5.0,39.73,Male,15-29 yrs,NO,Business,Other Household Member,ZIWANI POLICE,MJINI,PUBLIC,PEMBA,TONDOONI,109259,129279,222374.0,43.59,31.84,25.6,93.87,95.2,Matangatuani,True
MICHEWENI,2020,1,1,1,19.92,-4.98,39.72,Male,15-29 yrs,YES,Business,Index Case,KONDE CLINIC,MJINI,PRIVATE,PEMBA,KONDE,109931,129988,415012.0,7.9,34.34,26.38,86.5,96.9,Matangatuani,False
MICHEWENI,2020,1,2,5,19.66,-5.03,39.73,Female,< 5 yrs,NO,Other,Other Household Member,ZIWANI POLICE,MJINI,PUBLIC,PEMBA,TONDOONI,110564,130038,415012.0,5.98,32.29,25.73,85.74,96.9,Matangatuani,True
MICHEWENI,2020,1,3,12,18.31,-5.1,39.68,Female,15-29 yrs,NO,Civil Servant,Other Household Member,ZIWANI POLICE,MJINI,PUBLIC,PEMBA,KINOWE,111930,130953,415012.0,0.0,32.0,25.31,86.45,96.9,Matangatuani,True
MICHEWENI,2020,1,4,19,17.62,-5.98,39.34,Male,5-14 yrs,NO,Other,Index Case,KUNDI DISPENSARY,MICHEWENI,PRIVATE,PEMBA,KONDE,113647,131828,415012.0,0.0,30.69,26.04,86.62,96.9,Matangatuani,True
MICHEWENI,2020,1,5,26,18.05,-5.87,39.38,Male,< 5 yrs,NO,Other,Index Case,SHAAM MEDICAL CLINIC,MICHEWENI,PRIVATE,PEMBA,TUMBE MAGHARIBI,115177,132565,415012.0,0.0,30.94,26.55,86.13,96.9,Matangatuani,True
MICHEWENI,2020,2,5,1,2.8,-5.77,39.42,Male,5-14 yrs,YES,Student,Index Case,MICHEWENI COTTAGE HOSPITAL,MJINI,PUBLIC,PEMBA,KIUYU MAZIWA NGOMBE,116175,133204,415012.0,0.0,34.58,24.91,94.7,96.9,Matangatuani,False
MICHEWENI,2020,2,6,2,13.47,-5.74,39.43,Male,< 5 yrs,NO,Other,Index Case,MICHEWENI COTTAGE HOSPITAL,MICHEWENI,PUBLIC,PEMBA,MAJENZI,116227,133203,415012.0,0.0,34.15,24.37,93.22,96.9,Matangatuani,True
MICHEWENI,2020,2,7,9,6.89,-5.86,39.38,Male,< 5 yrs,NO,Other,Index Case,KUNDI DISPENSARY,MICHEWENI,PRIVATE,PEMBA,KONDE,117064,133640,415012.0,6.1,32.03,24.79,94.14,96.9,Matangatuani,True
MICHEWENI,2020,2,8,16,11.7,-5.38,39.6,Female,30-44 yrs,NO,Civil Servant,Index Case,MAKANGALE PHCU+,MJINI,PUBLIC,PEMBA,MAKANGALE,117601,134037,415012.0,0.54,31.59,25.43,92.59,96.9,Matangatuani,True
MICHEWENI,2020,2,9,23,14.3,-5.06,39.7,Female,5-14 yrs,NO,Student,Other Household Member,ZIWANI POLICE,MJINI,PUBLIC,PEMBA,KIFUNDI,118233,134265,415012.0,24.6,32.7,25.85,93.49,96.9,Matangatuani,True
MICHEWENI,2020,3,10,2,19.97,-5.25,39.64,Female,15-29 yrs,NO,Other,Index Case,VITONGOJI COTTAGE HOSPITAL,MJINI,PUBLIC,PEMBA,SHUMBA VIAMBONI,119056,134683,415012.0,0.0,32.29,25.58,93.61,96.9,Matangatuani,True
MICHEWENI,2020,3,11,9,20.08,-5.16,39.68,Male,45+ yrs,NO,Other,Index Case,SHUMBA VIAMBONI PHCU,MJINI,PUBLIC,PEMBA,MIHOGONI,119690,134986,415012.0,0.0,32.12,24.82,93.24,96.9,Matangatuani,True
MICHEWENI,2020,3,12,15,22.24,-5.1,39.69,Male,5-14 yrs,NO,Other,Other Household Member,ZIWANI POLICE,MJINI,PUBLIC,PEMBA,KIUYU MAZIWA NGOMBE,120128,133204,415012.0,0.0,31.45,25.79,94.09,96.9,Matangatuani,False
MICHEWENI,2020,3,13,22,18.4,-5.01,39.72,Female,15-29 yrs,NO,Civil Servant,Other Household Member,ZIWANI POLICE,MJINI,PUBLIC,PEMBA,MSUKA MAGHARIBI,120717,135082,415012.0,0.24,31.56,25.43,93.32,96.9,Matangatuani,True
MICHEWENI,2020,3,14,29,18.73,-5.31,39.61,Female,45+ yrs,NO,Civil Servant,Other Household Member,ZIWANI POLICE,MJINI,PUBLIC,PEMBA,KIFUNDI,121636,134586,415012.0,0.58,31.58,25.47,93.22,96.9,Matangatuani,True
MICHEWENI,2020,4,14,1,18.22,-5.04,39.72,Male,5-14 yrs,NO,Student,Other Household Member,ZIWANI POLICE,MJINI,PUBLIC,PEMBA,KONDE,122004,134400,415012.0,29.64,32.69,25.84,85.82,96.9,Matangatuani,True
MICHEWENI,2020,4,15,5,16.17,-5.06,39.73,Female,15-29 yrs,NO,Civil Servant,Other Household Member,ZIWANI POLICE,MJINI,PUBLIC,PEMBA,KONDE,122467,135669,415012.0,35.89,31.68,25.34,85.35,96.9,Matangatuani,True
MICHEWENI,2020,4,16,12,23.32,-5.06,39.75,Male,30-44 yrs,NO,Fisherman,Other Household Member,ZIWANI POLICE,MJINI,PUBLIC,PEMBA,SIZINI,123124,136089,415012.0,46.59,29.36,24.92,84.23,96.9,Matangatuani,True
MICHEWENI,2020,4,17,19,21.2,-4.98,39.8,Female,5-14 yrs,NO,Student,Index Case,SHAAM MEDICAL CLINIC,MJINI,PRIVATE,PEMBA,KIFUNDI,123786,136092,415012.0,28.88,28.87,24.23,85.33,96.9,Matangatuani,True
MICHEWENI,2020,4,18,26,20.12,-5.3,39.63,Male,5-14 yrs,NO,Student,Index Case,MSUKA PHCU,MJINI,PUBLIC,PEMBA,MSUKA MASHARIKI,124484,136338,415012.0,49.48,29.23,24.65,83.79,96.9,Matangatuani,True
MICHEWENI,2020,5,18,1,21.8,-4.98,39.83,Female,< 5 yrs,NO,Other,Other Household Member,ZIWANI POLICE,MJINI,PUBLIC,PEMBA,MIHOGONI,124956,136322,415012.0,45.02,29.86,25.13,91.0,96.9,Matangatuani,False
MICHEWENI,2020,5,19,3,20.21,-5.18,39.73,Female,5-14 yrs,NO,Other,Other Household Member,ZIWANI POLICE,MJINI,PUBLIC,PEMBA,KIFUNDI,125095,136426,415012.0,44.07,29.42,25.33,90.38,96.9,Matangatuani,False
MICHEWENI,2020,5,20,11,19.83,-5.01,39.76,Male,15-29 yrs,NO,Other,Index Case,MAZIWA NGOMBE PHCU,MJINI,PUBLIC,PEMBA,KIUYU MAZIWA NGOMBE,125774,136663,415012.0,112.36,29.0,24.67,92.85,96.9,Matangatuani,True
MICHEWENI,2020,5,21,17,18.93,-5.34,39.61,Male,5-14 yrs,NO,Student,Other Household Member,ZIWANI POLICE,MJINI,PUBLIC,PEMBA,MSUKA MASHARIKI,126330,136694,415012.0,45.48,29.91,24.38,91.17,96.9,Matangatuani,False
MICHEWENI,2020,5,22,24,15.81,-4.96,39.78,Female,< 5 yrs,NO,Other,Other Household Member,ZIWANI POLICE,MJINI,PUBLIC,PEMBA,MSUKA MASHARIKI,127033,137034,415012.0,158.17,30.35,24.14,91.3,96.9,Matangatuani,False
MICHEWENI,2020,6,23,1,27.2,-5.18,39.74,Male,15-29 yrs,NO,Other,Other Household Member,ZIWANI POLICE,MJINI,PUBLIC,PEMBA,WINGWI MAPOFU,127965,137441,415012.0,3.98,30.02,24.43,88.14,96.9,Matangatuani,False
MICHEWENI,2020,6,24,8,26.09,-4.97,39.83,Male,15-29 yrs,NO,Student,Index Case,MICHEWENI COTTAGE HOSPITAL,MJINI,PUBLIC,PEMBA,TUMBE MASHARIKI,128704,137919,415012.0,1.12,30.28,24.66,86.43,96.9,Matangatuani,False
MICHEWENI,2020,6,25,15,23.71,-5.08,39.74,Male,5-14 yrs,NO,Student,Index Case,MICHEWENI COTTAGE HOSPITAL,MJINI,PUBLIC,PEMBA,TUMBE MASHARIKI,129608,139285,415012.0,5.8,30.34,23.71,86.81,96.9,Matangatuani,True
MICHEWENI,2020,6,26,22,17.25,-5.0,39.78,Male,< 5 yrs,NO,Other,Index Case,KIUYU KIPANGANI PHCU,MJINI,PUBLIC,PEMBA,KIFUNDI,130528,138789,415012.0,1.4,29.98,24.68,86.84,96.9,Matangatuani,True
MICHEWENI,2020,6,27,28,20.79,-5.14,39.71,Male,5-14 yrs,NO,Student,Other Household Member,ZIWANI POLICE,MJINI,PUBLIC,PEMBA,TUMBE MASHARIKI,131160,138733,415012.0,0.0,28.24,23.96,87.8,96.9,Matangatuani,True
MICHEWENI,2020,7,27,1,20.32,-5.26,39.69,Male,15-29 yrs,NO,Student,Other Household Member,ZIWANI POLICE,MJINI,PUBLIC,PEMBA,MIHOGONI,131601,139012,415012.0,3.62,30.27,23.76,80.1,96.9,Matangatuani,False
MICHEWENI,2020,7,28,6,19.28,-5.14,39.71,Male,15-29 yrs,NO,Student,Other Household Member,ZIWANI POLICE,MJINI,PUBLIC,PEMBA,WINGWI MAPOFU,132249,139263,415012.0,0.68,29.15,23.72,81.04,96.9,Matangatuani,True
MICHEWENI,2020,7,29,13,19.68,-4.96,39.79,Female,< 5 yrs,NO,Other,Other Household Member,ZIWANI POLICE,MJINI,PUBLIC,PEMBA,KONDE,133015,139494,415012.0,0.0,29.12,23.28,80.07,96.9,Matangatuani,False
MICHEWENI,2020,7,30,21,17.46,-5.03,39.77,Male,5-14 yrs,NO,Student,Other Household Member,ZIWANI POLICE,MJINI,PUBLIC,PEMBA,WINGWI MAPOFU,133745,139790,415012.0,14.6,27.64,22.93,81.11,96.9,Matangatuani,False
MICHEWENI,2020,7,31,27,19.04,-4.94,39.74,Female,5-14 yrs,NO,Student,Index Case,MAKANGALE PHCU+,MJINI,PUBLIC,PEMBA,MAKANGALE,134340,139988,415012.0,0.0,28.61,23.98,80.16,96.9,Matangatuani,True
MICHEWENI,2020,8,32,3,24.0,-4.91,39.7,Female,5-14 yrs,NO,Student,Index Case,SHAAM MEDICAL CLINIC,MJINI,PRIVATE,PEMBA,MAKANGALE,134830,140156,415012.0,15.33,28.36,23.74,84.33,96.9,Matangatuani,False
MICHEWENI,2020,8,33,10,19.84,-4.94,39.74,Male,5-14 yrs,NO,Student,Index Case,MAKANGALE PHCU+,MJINI,PUBLIC,PEMBA,MAKANGALE,135213,140289,415012.0,0.0,28.75,22.13,87.29,96.9,Matangatuani,False
MICHEWENI,2020,8,34,16,22.88,-4.94,39.76,Male,30-44 yrs,NO,Civil Servant,Other Household Member,ZIWANI POLICE,MJINI,PUBLIC,PEMBA,TONDOONI,135595,140369,415012.0,0.0,29.19,22.93,84.91,96.9,Matangatuani,False
MICHEWENI,2020,8,35,24,20.94,-4.96,39.75,Female,5-14 yrs,NO,Student,Index Case,KIUYU MBUYUNI PHCU,MJINI,PUBLIC,PEMBA,KIUYU MAZIWA NGOMBE,136134,140604,415012.0,6.21,29.02,21.88,85.27,96.9,Matangatuani,True
MICHEWENI,2020,8,36,31,5.0,-4.98,39.83,Male,5-14 yrs,NO,Other,Index Case,TUMBE PHCU,MJINI,PUBLIC,PEMBA,TUMBE MASHARIKI,136665,140732,415012.0,15.33,28.48,24.06,86.1,96.9,Matangatuani,False
MICHEWENI,2020,9,36,1,19.14,-4.99,39.82,Female,5-14 yrs,NO,Student,Other Household Member,ZIWANI POLICE,MJINI,PUBLIC,PEMBA,TUMBE MASHARIKI,136685,140732,415012.0,0.0,30.39,23.11,86.17,96.9,Matangatuani,False
MICHEWENI,2020,9,37,7,19.52,-4.99,39.75,Male,5-14 yrs,NO,Other,Index Case,WETE DISTRICT HOSPITAL,MJINI,PUBLIC,PEMBA,MICHEWENI,137132,140893,415012.0,8.8,29.18,23.19,87.45,96.9,Matangatuani,False
MICHEWENI,2020,9,38,14,14.1,-5.77,39.43,Male,5-14 yrs,NO,Other,Index Case,SIZINI PHCU,MJINI,PUBLIC,PEMBA,SIZINI,137535,141003,415012.0,1.53,31.03,22.82,89.09,96.9,Matangatuani,False
MICHEWENI,2020,9,39,21,24.28,-4.94,39.76,Male,15-29 yrs,NO,Watchman/Police,Other Household Member,ZIWANI POLICE,MJINI,PUBLIC,PEMBA,SIZINI,137900,141113,415012.0,2.26,28.43,22.44,88.81,96.9,Matangatuani,False
MICHEWENI,2020,9,40,30,9.5,-4.98,39.8,Male,5-14 yrs,YES,Student,Index Case,TUMBE PHCU,MJINI,PUBLIC,PEMBA,TUMBE MAGHARIBI,138531,141361,415012.0,17.19,28.77,22.23,86.8,96.9,Matangatuani,False
MICHEWENI,2020,10,40,1,21.8,-4.96,39.79,Female,15-29 yrs,NO,Student,Other Household Member,ZIWANI POLICE,MJINI,PUBLIC,PEMBA,TUMBE MAGHARIBI,138556,141361,415012.0,19.09,30.74,25.04,90.98,96.9,Matangatuani,False
MICHEWENI,2020,10,41,4,22.81,-4.98,39.8,Female,5-14 yrs,NO,Student,Other Household Member,ZIWANI POLICE,MJINI,PUBLIC,PEMBA,WINGWI NJUGUNI,138725,141388,415012.0,22.11,30.9,23.06,90.49,96.9,Matangatuani,False
MICHEWENI,2020,10,42,11,30.36,-4.95,39.78,Female,5-14 yrs,NO,Student,Other Household Member,ZIWANI POLICE,MJINI,PUBLIC,PEMBA,TUMBE MASHARIKI,139121,141532,415012.0,55.4,31.11,23.39,88.65,96.9,Matangatuani,False
MICHEWENI,2020,10,43,18,21.47,-4.96,39.76,Male,5-14 yrs,NO,Student,Other Household Member,ZIWANI POLICE,MJINI,PUBLIC,PEMBA,KIUYU MBUYUNI,139482,141628,415012.0,32.08,31.04,23.25,90.23,96.9,Matangatuani,False
MICHEWENI,2020,11,45,1,24.98,-4.93,39.74,Female,5-14 yrs,NO,Student,Index Case,MAKANGALE PHCU+,MJINI,PUBLIC,PEMBA,MAKANGALE,139858,141834,415012.0,7.29,30.19,24.57,91.48,96.9,Matangatuani,False
MICHEWENI,2020,11,46,14,21.0,-4.9,39.69,Male,15-29 yrs,YES,Business,Index Case,SHAAM MEDICAL CLINIC,MJINI,PRIVATE,PEMBA,MAKANGALE,140140,141968,415012.0,42.32,29.62,23.18,92.2,96.9,Matangatuani,False
MICHEWENI,2020,11,47,16,19.04,-5.03,39.79,Female,5-14 yrs,YES,Other,Index Case,SIZINI PHCU,MJINI,PUBLIC,PEMBA,SIZINI,140187,141979,415012.0,9.05,30.44,24.9,90.37,96.9,Matangatuani,False
MICHEWENI,2020,11,48,26,14.5,-5.98,39.34,Male,5-14 yrs,NO,Student,Other Household Member,ZIWANI POLICE,MJINI,PUBLIC,PEMBA,MAKANGALE,140581,139164,415012.0,30.61,30.78,24.94,89.0,96.9,Matangatuani,False
MICHEWENI,2020,11,49,30,25.0,-4.96,39.79,Male,15-29 yrs,YES,Business,Index Case,SIZINI PHCU,MJINI,PUBLIC,PEMBA,TUMBE MASHARIKI,140792,142195,415012.0,67.91,30.92,23.82,89.8,96.9,Matangatuani,False
MICHEWENI,2020,12,49,2,25.6,-4.96,39.82,Male,15-29 yrs,NO,Other,Index Case,KIUYU MBUYUNI PHCU,MJINI,PUBLIC,PEMBA,KIUYU MAZIWA NGOMBE,141017,142307,415012.0,37.95,32.03,24.25,88.6,96.9,Matangatuani,False
MICHEWENI,2020,12,50,7,18.0,-4.99,39.7,Male,5-14 yrs,NO,Student,Index Case,TUMBE PHCU,MJINI,PUBLIC,PEMBA,TUMBE MASHARIKI,141355,142426,415012.0,22.75,31.82,24.66,89.9,96.9,Matangatuani,False
MICHEWENI,2020,12,51,13,31.29,-5.87,39.38,Female,45+ yrs,NO,Other,Other Household Member,ZIWANI POLICE,MJINI,PUBLIC,PEMBA,TUMBE MASHARIKI,141763,142426,415012.0,15.42,31.73,24.63,89.85,96.9,Matangatuani,False
MICHEWENI,2020,12,52,23,22.78,-4.95,39.75,Male,30-44 yrs,YES,Other,Index Case,KONDE PHCU+,MJINI,PUBLIC,PEMBA,KONDE,143170,143081,415012.0,11.34,31.35,25.74,91.96,96.9,Matangatuani,False
MICHEWENI,2020,12,53,28,28.29,-4.95,39.78,Female,5-14 yrs,NO,Other,Index Case,KIUYU KIPANGANI PHCU,MJINI,PUBLIC,PEMBA,KIFUNDI,143761,143286,415012.0,0.0,31.89,25.83,91.3,96.9,Matangatuani,False
MICHEWENI,2021,1,1,1,20.0,-5.98,39.34,Female,15-29 yrs,NO,Other,Index Case,MAKANGALE PHCU+,MJINI,PUBLIC,PEMBA,TONDOONI,144299,143485,878264.0,0.0,31.21,25.74,89.3,94.7,Matangatuani,False
MICHEWENI,2021,1,2,5,21.55,-5.13,39.69,Male,15-29 yrs,NO,Other,Index Case,UNGI PHCU,MJINI,PUBLIC,PEMBA,MSUKA MASHARIKI,144768,143632,878264.0,0.0,30.72,24.5,88.55,94.7,Matangatuani,False
MICHEWENI,2021,1,3,10,24.61,-4.97,39.81,Male,15-29 yrs,NO,Student,Index Case,KONDE CLINIC,MJINI,PRIVATE,PEMBA,TUMBE MASHARIKI,145518,143793,878264.0,0.0,30.37,24.8,89.82,94.7,Matangatuani,False
MICHEWENI,2021,1,4,18,18.67,-5.19,39.71,Female,5-14 yrs,NO,Other,Index Case,TUMBE PHCU,MJINI,PUBLIC,PEMBA,TUMBE MAGHARIBI,146674,144078,878264.0,0.0,32.7,24.04,90.28,94.7,Matangatuani,False
MICHEWENI,2021,1,5,24,21.33,-5.98,39.34,Female,15-29 yrs,YES,Student,Index Case,MICHEWENI COTTAGE HOSPITAL,MJINI,PUBLIC,PEMBA,MAJENZI,147454,144425,878264.0,4.52,33.22,25.28,88.77,94.7,Matangatuani,False
MICHEWENI,2021,2,6,1,21.47,-4.97,39.74,Male,15-29 yrs,NO,Other,Index Case,SIZINI PHCU,MJINI,PUBLIC,PEMBA,SIZINI,148411,144635,878264.0,0.0,32.61,24.7,89.43,94.7,Matangatuani,False
MICHEWENI,2021,2,7,8,19.4,-4.97,39.75,Female,30-44 yrs,NO,Other,Other Household Member,ZIWANI POLICE,MJINI,PUBLIC,PEMBA,TUMBE MAGHARIBI,149017,144727,878264.0,0.0,30.96,24.41,89.48,94.7,Matangatuani,False
MICHEWENI,2021,2,8,14,22.52,-5.63,39.48,Female,5-14 yrs,NO,Other,Index Case,MAKANGALE PHCU+,MJINI,PUBLIC,PEMBA,MAKANGALE,149434,144820,878264.0,0.0,30.96,25.13,90.75,94.7,Matangatuani,False
MICHEWENI,2021,2,9,22,27.1,-5.67,39.47,Female,15-29 yrs,NO,Other,Other Household Member,ZIWANI POLICE,MJINI,PUBLIC,PEMBA,MAJENZI,150080,145089,878264.0,0.0,30.93,24.72,86.73,94.7,Matangatuani,False
MICHEWENI,2021,3,10,1,18.0,-5.05,39.73,Male,15-29 yrs,NO,Other,Other Household Member,ZIWANI POLICE,MJINI,PUBLIC,PEMBA,KIFUNDI,150508,145147,878264.0,3.57,33.36,25.75,66.4,94.7,Matangatuani,False
MICHEWENI,2021,3,12,15,14.25,-5.0,39.79,Male,< 5 yrs,NO,Other,Index Case,MICHEWENI COTTAGE HOSPITAL,MJINI,PUBLIC,PEMBA,MIHOGONI,151362,145513,878264.0,4.3,31.4,24.38,68.75,94.7,Matangatuani,False
MICHEWENI,2021,3,14,29,24.36,-4.97,39.82,Male,15-29 yrs,NO,Other,Other Household Member,ZIWANI POLICE,MJINI,PUBLIC,PEMBA,KIUYU MAZIWA NGOMBE,152139,145745,878264.0,73.5,31.1,25.09,68.12,94.7,Matangatuani,False
MICHEWENI,2021,4,16,12,26.0,-5.63,39.47,Female,15-29 yrs,YES,Other,Index Case,SHAAM MEDICAL CLINIC,MJINI,PRIVATE,PEMBA,MAKANGALE,152780,145925,878264.0,41.91,29.98,25.18,85.13,94.7,Matangatuani,False
MICHEWENI,2021,4,17,19,17.5,-5.03,39.76,Male,5-14 yrs,NO,Other,Index Case,SIZINI PHCU,MJINI,PUBLIC,PEMBA,SIZINI,153145,146047,878264.0,48.52,28.99,24.79,84.9,94.7,Matangatuani,False
MICHEWENI,2021,4,18,25,16.44,-5.51,39.49,Male,15-29 yrs,NO,Other,Index Case,MICHEWENI COTTAGE HOSPITAL,MJINI,PUBLIC,PEMBA,MJINI WINGWI,153525,146188,878264.0,84.61,31.62,25.49,84.98,94.7,Matangatuani,False
MICHEWENI,2021,5,19,3,24.96,-5.77,39.43,Female,5-14 yrs,NO,Student,Index Case,TUMBE PHCU,MJINI,PUBLIC,PEMBA,SIZINI,153896,146318,878264.0,160.72,29.04,23.49,85.8,94.7,Matangatuani,False
MICHEWENI,2021,5,20,15,32.0,-4.95,39.74,Male,15-29 yrs,YES,Business,Index Case,WETE DISTRICT HOSPITAL,MJINI,PUBLIC,PEMBA,KONDE,154570,146534,878264.0,157.27,28.48,24.98,84.3,94.7,Matangatuani,False
MICHEWENI,2021,5,21,16,24.61,-4.95,39.75,Male,30-44 yrs,YES,Business,Index Case,KONDE CLINIC,MJINI,PRIVATE,PEMBA,KIFUNDI,154618,146550,878264.0,78.72,30.52,25.0,87.04,94.7,Matangatuani,False
MICHEWENI,2021,5,22,24,23.43,-5.1,39.7,Male,30-44 yrs,NO,Civil Servant,Index Case,SHAAM MEDICAL CLINIC,MJINI,PRIVATE,PEMBA,KINOWE,155399,146768,878264.0,68.21,30.58,24.13,88.63,94.7,Matangatuani,False
MICHEWENI,2021,5,23,30,12.67,-5.98,39.34,Female,< 5 yrs,NO,Other,Other Household Member,ZIWANI POLICE,MJINI,PUBLIC,PEMBA,KINOWE,155844,146878,878264.0,87.82,29.42,24.43,86.3,94.7,Matangatuani,False
MICHEWENI,2021,6,23,1,14.0,-5.98,39.34,Male,5-14 yrs,NO,Student,Index Case,SHAAM MEDICAL CLINIC,MJINI,PRIVATE,PEMBA,KINOWE,155980,146916,878264.0,5.54,30.03,24.21,83.83,94.7,Matangatuani,False
MICHEWENI,2021,6,24,12,5.0,-5.98,39.34,Male,5-14 yrs,NO,Other,Index Case,MICHEWENI COTTAGE HOSPITAL,MJINI,PUBLIC,PEMBA,MICHEWENI,156676,147170,878264.0,7.44,29.74,24.73,84.6,94.7,Matangatuani,False
MICHEWENI,2021,6,25,14,15.0,-5.98,39.34,Male,15-29 yrs,YES,Other,Index Case,KONDE PHCU+,MJINI,PUBLIC,PEMBA,KONDE,156723,147215,878264.0,18.67,28.61,23.24,85.58,94.7,Matangatuani,False
MICHEWENI,2021,6,26,20,18.14,-5.12,39.7,Male,45+ yrs,NO,Farmer,Index Case,KONDE PHCU+,MJINI,PUBLIC,PEMBA,TONDOONI,157080,147460,878264.0,20.49,29.79,22.39,85.61,94.7,Matangatuani,False
MICHEWENI,2021,6,27,27,17.07,-5.07,39.76,Male,5-14 yrs,NO,Under school age (<6 years),Index Case,MICHEWENI COTTAGE HOSPITAL,MJINI,PUBLIC,PEMBA,MJINI WINGWI,157640,147496,878264.0,29.56,28.49,22.77,84.38,94.7,Matangatuani,True
MICHEWENI,2021,7,27,1,19.38,-5.46,39.56,Female,15-29 yrs,NO,Student,Other Household Member,ZIWANI POLICE,MJINI,PUBLIC,PEMBA,KIPANGE,157893,147454,878264.0,4.33,29.56,23.18,86.0,94.7,Matangatuani,False
MICHEWENI,2021,7,28,7,23.0,-4.98,39.83,Male,15-29 yrs,NO,Other,Index Case,MICHEWENI COTTAGE HOSPITAL,MJINI,PUBLIC,PEMBA,MJINI WINGWI,158280,147690,878264.0,2.92,29.4,24.07,82.64,94.7,Matangatuani,False
MICHEWENI,2021,7,29,11,24.14,-4.99,39.82,Female,45+ yrs,NO,Housewife,Other Household Member,ZIWANI POLICE,MJINI,PUBLIC,PEMBA,MICHEWENI,158438,147737,878264.0,2.11,28.09,23.83,81.66,94.7,Matangatuani,False
MICHEWENI,2021,7,30,19,21.0,-4.98,39.78,Male,15-29 yrs,NO,Student,Index Case,MICHEWENI COTTAGE HOSPITAL,MJINI,PUBLIC,PEMBA,WINGWI NJUGUNI,159005,147981,878264.0,0.0,29.4,23.56,81.85,94.7,Matangatuani,False
MICHEWENI,2021,8,32,2,16.11,-4.95,39.83,Male,< 5 yrs,NO,Under school age (<6 years),Index Case,SIZINI PHCU,MJINI,PUBLIC,PEMBA,SIZINI,159551,147942,878264.0,12.86,28.29,23.33,85.33,94.7,Matangatuani,False
MICHEWENI,2021,8,33,8,15.6,-4.96,39.8,Female,30-44 yrs,NO,Housewife,Index Case,MICHEWENI COTTAGE HOSPITAL,MJINI,PUBLIC,PEMBA,MSUKA MAGHARIBI,159776,148146,878264.0,1.03,29.0,22.17,88.33,94.7,Matangatuani,False
MICHEWENI,2021,8,34,16,14.15,-4.93,39.75,Male,15-29 yrs,YES,Unemployed,Index Case,MAKANGALE PHCU+,MJINI,PUBLIC,PEMBA,MAKANGALE,160113,148287,878264.0,4.57,28.44,21.82,85.39,94.7,Matangatuani,False
MICHEWENI,2021,8,35,23,23.0,-4.88,39.68,Male,15-29 yrs,YES,Business,Index Case,MAKANGALE PHCU+,MJINI,PUBLIC,PEMBA,MAKANGALE,160367,148378,878264.0,2.62,29.27,22.44,85.95,94.7,Matangatuani,False
MICHEWENI,2021,8,36,29,25.0,-4.95,39.76,Female,30-44 yrs,YES,Housewife,Index Case,SHAAM MEDICAL CLINIC,MJINI,PRIVATE,PEMBA,KIPANGE,160525,148430,878264.0,0.0,27.61,21.66,85.56,94.7,Matangatuani,False
MICHEWENI,2021,9,36,1,16.0,-4.97,39.78,Male,15-29 yrs,NO,Farmer,Other Household Member,ZIWANI POLICE,MJINI,PUBLIC,PEMBA,TUMBE MAGHARIBI,160644,148467,878264.0,0.0,30.44,23.33,85.6,94.7,Matangatuani,False
MICHEWENI,2021,9,38,13,19.43,-4.98,39.81,Male,15-29 yrs,NO,Civil Servant,Index Case,MICHEWENI COTTAGE HOSPITAL,MJINI,PUBLIC,PEMBA,SHANAKE,161184,148599,878264.0,2.36,28.5,22.87,85.14,94.7,Matangatuani,False
MICHEWENI,2021,9,39,23,35.0,-4.96,39.77,Male,30-44 yrs,YES,Business,Index Case,TUMBE PHCU,MJINI,PUBLIC,PEMBA,CHIMBA,161525,148705,878264.0,7.25,27.65,23.72,83.1,94.7,Matangatuani,False
MICHEWENI,2021,10,41,4,24.42,-4.95,39.75,Male,5-14 yrs,NO,Student,Other Household Member,ZIWANI POLICE,MJINI,PUBLIC,PEMBA,WINGWI NJUGUNI,161886,147981,878264.0,0.66,30.55,23.85,88.57,94.7,Matangatuani,False
MICHEWENI,2021,10,42,11,20.38,-4.95,39.7,Female,30-44 yrs,NO,Housewife,Other Household Member,ZIWANI POLICE,MJINI,PUBLIC,PEMBA,TONDOONI,162151,147549,878264.0,0.0,31.51,24.31,90.31,94.7,Matangatuani,False
MICHEWENI,2021,10,43,18,22.83,-4.97,39.76,Male,30-44 yrs,YES,Civil Servant,Index Case,SHAAM MEDICAL CLINIC,MJINI,PRIVATE,PEMBA,KIFUNDI,162380,148935,878264.0,0.0,29.94,23.72,87.7,94.7,Matangatuani,False
MICHEWENI,2021,10,44,26,22.87,-4.97,39.81,Male,45+ yrs,YES,Fisherman,Index Case,MICHEWENI COTTAGE HOSPITAL,MJINI,PUBLIC,PEMBA,CHAMBONI,162653,149033,878264.0,59.63,31.88,22.53,88.07,94.7,Matangatuani,False
MICHEWENI,2021,10,45,31,18.0,-5.21,39.66,Female,< 5 yrs,NO,Under school age (<6 years),Other Household Member,ZIWANI POLICE,MJINI,PUBLIC,PEMBA,KINOWE,162853,146698,878264.0,112.06,30.45,22.72,86.5,94.7,Matangatuani,False
MICHEWENI,2021,11,45,3,23.2,-5.98,39.34,Male,15-29 yrs,NO,Civil Servant,Other Household Member,ZIWANI POLICE,MJINI,PUBLIC,PEMBA,TUMBE MAGHARIBI,162940,146319,878264.0,34.22,32.98,23.57,89.9,94.7,Matangatuani,False
MICHEWENI,2021,11,46,8,20.16,-5.29,39.65,Male,30-44 yrs,NO,Farmer,Other Household Member,ZIWANI POLICE,MJINI,PUBLIC,PEMBA,TUMBE MASHARIKI,163143,146407,878264.0,32.63,31.18,24.54,91.28,94.7,Matangatuani,False
MICHEWENI,2021,11,47,18,9.0,-4.95,39.79,Female,5-14 yrs,NO,Student,Index Case,TUMBE PHCU,MJINI,PUBLIC,PEMBA,TUMBE MASHARIKI,163506,149243,878264.0,6.29,33.14,24.23,88.0,94.7,Matangatuani,False
MICHEWENI,2021,11,48,23,19.23,-4.94,39.76,Male,5-14 yrs,NO,Student,Other Household Member,ZIWANI POLICE,MJINI,PUBLIC,PEMBA,TUMBE MASHARIKI,163593,149293,878264.0,7.39,31.28,24.14,89.34,94.7,Matangatuani,False
MICHEWENI,2021,11,49,29,5.0,-4.91,39.69,Male,5-14 yrs,YES,Under school age (<6 years),Index Case,MAKANGALE PHCU+,MJINI,PUBLIC,PEMBA,MAKANGALE,163867,149347,878264.0,26.63,31.69,25.67,86.8,94.7,Matangatuani,False
MICHEWENI,2021,12,49,2,37.5,-4.91,39.69,Female,30-44 yrs,NO,Housewife,Other Household Member,ZIWANI POLICE,MJINI,PUBLIC,PEMBA,MAKANGALE,163899,149347,878264.0,28.85,30.67,25.66,92.1,94.7,Matangatuani,False
MICHEWENI,2021,12,51,13,15.65,-5.07,39.74,Female,5-14 yrs,NO,Student,Other Household Member,ZIWANI POLICE,MJINI,PUBLIC,PEMBA,MAJENZI,164217,149463,878264.0,55.26,31.08,24.58,93.02,94.7,Matangatuani,False
MICHEWENI,2021,12,52,19,18.29,-4.97,39.78,Male,30-44 yrs,NO,Business,Index Case,MICHEWENI COTTAGE HOSPITAL,MJINI,PUBLIC,PEMBA,WINGWI MAPOFU,164371,149512,878264.0,0.95,31.25,25.03,92.74,94.7,Matangatuani,False
MICHEWENI,2021,12,53,27,20.67,-4.99,39.82,Female,15-29 yrs,NO,Farmer,Index Case,SIZINI PHCU,MJINI,PUBLIC,PEMBA,SIZINI,164715,149592,878264.0,0.0,31.84,25.02,90.77,94.7,Matangatuani,False
MICHEWENI,2022,1,2,4,24.0,-4.97,39.84,Female,45+ yrs,NO,Housewife,Other Household Member,ZIWANI POLICE,MJINI,PUBLIC,PEMBA,MICHEWENI,165174,149696,388344.4,0.0,33.37,25.24,77.4,97.8,Matangatuani,False
MICHEWENI,2022,1,3,9,26.1,-4.96,39.78,Male,15-29 yrs,NO,Fisherman,Index Case,SHAAM MEDICAL CLINIC,MJINI,PRIVATE,PEMBA,TONDOONI,165896,149917,388344.4,0.0,32.5,26.09,75.28,97.8,Matangatuani,False
MICHEWENI,2022,1,4,16,22.17,-4.97,39.79,Male,5-14 yrs,NO,Student,Other Household Member,ZIWANI POLICE,MJINI,PUBLIC,PEMBA,MAKANGALE,166737,150124,388344.4,11.96,32.82,24.23,75.6,97.8,Matangatuani,False
MICHEWENI,2022,1,5,24,17.48,-4.97,39.76,Male,5-14 yrs,NO,Student,Other Household Member,ZIWANI POLICE,MJINI,PUBLIC,PEMBA,MTEMANI,167629,150352,388344.4,3.79,31.8,24.3,76.41,97.8,Matangatuani,False
MICHEWENI,2022,2,6,1,28.67,-4.97,39.74,Female,15-29 yrs,NO,Unemployed,Other Household Member,ZIWANI POLICE,MJINI,PUBLIC,PEMBA,KIFUNDI,168252,150526,388344.4,0.0,31.75,24.52,78.0,97.8,Matangatuani,False
MICHEWENI,2022,2,7,6,21.33,-4.95,39.75,Male,45+ yrs,NO,Business,Index Case,SHAAM MEDICAL CLINIC,MJINI,PRIVATE,PEMBA,MSUKA MASHARIKI,168463,150590,388344.4,0.0,31.14,24.49,76.74,97.8,Matangatuani,False
MICHEWENI,2022,2,8,13,19.74,-4.95,39.71,Female,15-29 yrs,NO,Student,Index Case,SHAAM MEDICAL CLINIC,MJINI,PRIVATE,PEMBA,TONDOONI,168933,150697,388344.4,2.23,31.24,24.99,76.64,97.8,Matangatuani,False
MICHEWENI,2022,2,9,22,19.94,-4.95,39.78,Male,30-44 yrs,NO,Farmer,Index Case,TUMBE PHCU,MJINI,PUBLIC,PEMBA,TUMBE MASHARIKI,169353,150815,388344.4,14.53,31.99,24.55,78.14,97.8,Matangatuani,False
MICHEWENI,2022,2,10,28,23.0,-4.95,39.72,Male,15-29 yrs,NO,Student,Index Case,SHAAM MEDICAL CLINIC,MJINI,PRIVATE,PEMBA,KIPANGE,169604,150897,388344.4,0.5,31.23,25.16,75.4,97.8,Matangatuani,False
MICHEWENI,2022,3,10,1,18.67,-4.95,39.75,Female,15-29 yrs,NO,Housewife,Other Household Member,ZIWANI POLICE,MJINI,PUBLIC,PEMBA,KIPANGE,169619,150897,388344.4,0.0,33.51,25.51,68.28,97.8,Matangatuani,False
MICHEWENI,2022,3,11,7,25.15,-4.96,39.76,Male,15-29 yrs,NO,Fisherman,Index Case,MICHEWENI COTTAGE HOSPITAL,MJINI,PUBLIC,PEMBA,MJINI WINGWI,169927,150994,388344.4,0.0,32.8,25.06,68.77,97.8,Matangatuani,False
MICHEWENI,2022,3,12,13,23.62,-4.98,39.79,Female,30-44 yrs,NO,Housewife,Other Household Member,ZIWANI POLICE,MJINI,PUBLIC,PEMBA,MICHEWENI,170293,151077,388344.4,0.0,33.04,26.2,70.17,97.8,Matangatuani,False
MICHEWENI,2022,3,13,21,21.1,-4.98,39.82,Male,15-29 yrs,NO,Unemployed,Index Case,SHUMBA VIAMBONI PHCU,MJINI,PUBLIC,PEMBA,MIHOGONI,170735,151213,388344.4,11.67,32.28,25.55,70.09,97.8,Matangatuani,False
MICHEWENI,2022,3,14,28,20.5,-5.02,39.82,Female,< 5 yrs,NO,Under school age (<6 years),Index Case,MICHEWENI COTTAGE HOSPITAL,MJINI,PUBLIC,PEMBA,MTEMANI,170969,151290,388344.4,23.41,32.33,25.74,71.57,97.8,Matangatuani,False
MICHEWENI,2022,4,14,1,25.8,-5.02,39.81,Male,5-14 yrs,NO,Student,Other Household Member,ZIWANI POLICE,MJINI,PUBLIC,PEMBA,MTEMANI,171151,151354,388344.4,25.78,32.44,25.63,81.82,97.8,Matangatuani,False
MICHEWENI,2022,4,15,4,25.43,-4.99,39.83,Male,< 5 yrs,NO,Under school age (<6 years),Index Case,SIZINI PHCU,MJINI,PUBLIC,PEMBA,SIZINI,171337,151396,388344.4,25.4,32.08,24.93,79.38,97.8,Matangatuani,False
MICHEWENI,2022,4,16,11,19.25,-4.99,39.84,Male,15-29 yrs,NO,Fisherman,Index Case,MICHEWENI COTTAGE HOSPITAL,MJINI,PUBLIC,PEMBA,CHAMBONI,171693,151478,388344.4,6.13,31.32,25.62,80.24,97.8,Matangatuani,False
MICHEWENI,2022,4,17,17,17.3,-5.09,39.8,Male,< 5 yrs,NO,Other,Index Case,MICHEWENI COTTAGE HOSPITAL,MICHEWENI,PUBLIC,PEMBA,MAJENZI,171917,151541,388344.4,143.13,29.95,24.6,79.98,97.8,Matangatuani,False
MICHEWENI,2022,4,18,25,21.91,-4.99,39.83,Male,15-29 yrs,NO,Farmer,Index Case,KIUYU KIPANGANI PHCU,MJINI,PUBLIC,PEMBA,KIPANGE,172235,151643,388344.4,82.59,29.8,24.92,80.67,97.8,Matangatuani,False
MICHEWENI,2022,5,19,1,22.0,-4.97,39.81,Male,30-44 yrs,NO,Farmer,Index Case,SHAAM MEDICAL CLINIC,MJINI,PRIVATE,PEMBA,KIPANGE,172463,151726,388344.4,74.36,29.24,24.55,86.61,97.8,Matangatuani,False
MICHEWENI,2022,5,20,9,23.0,-4.98,39.75,Female,15-29 yrs,NO,Farmer,Index Case,SHUMBA VIAMBONI PHCU,MJINI,PUBLIC,PEMBA,MIHOGONI,172810,151814,388344.4,4.38,30.77,26.23,85.35,97.8,Matangatuani,False
MICHEWENI,2022,5,21,19,24.0,-5.02,39.79,Female,15-29 yrs,YES,Farmer,Index Case,KINYASINI PHCU,MJINI,PUBLIC,PEMBA,WINGWI MAPOFU,173158,151977,388344.4,27.05,32.17,25.26,83.0,97.8,Matangatuani,False
MICHEWENI,2022,5,22,23,22.69,-4.96,39.77,Female,< 5 yrs,NO,Under school age (<6 years),Other Household Member,ZIWANI POLICE,MJINI,PUBLIC,PEMBA,WINGWI MAPOFU,173328,151977,388344.4,8.02,31.8,26.25,86.28,97.8,Matangatuani,False
MICHEWENI,2022,5,23,30,31.2,-4.97,39.81,Male,15-29 yrs,NO,Student,Other Household Member,ZIWANI POLICE,MJINI,PUBLIC,PEMBA,KIUYU MBUYUNI,173725,152099,388344.4,9.8,30.57,25.51,84.48,97.8,Matangatuani,False
MICHEWENI,2022,6,23,1,16.45,-4.96,39.79,Female,5-14 yrs,NO,Student,Index Case,SIZINI PHCU,MJINI,PUBLIC,PEMBA,SIZINI,173906,152197,388344.4,30.99,30.37,23.58,9.71,97.8,Matangatuani,True
MICHEWENI,2022,6,24,6,32.75,-4.96,39.79,Female,30-44 yrs,NO,Housewife,Other Household Member,ZIWANI POLICE,MJINI,PUBLIC,PEMBA,SIZINI,174094,152197,388344.4,24.05,28.37,23.99,8.33,97.8,Matangatuani,False
MICHEWENI,2022,6,25,12,21.43,-4.96,39.79,Female,30-44 yrs,NO,Housewife,Other Household Member,ZIWANI POLICE,MJINI,PUBLIC,PEMBA,SIZINI,174389,152240,388344.4,11.25,29.57,24.52,8.87,97.8,Matangatuani,False
MICHEWENI,2022,6,26,19,23.23,-4.96,39.77,Male,30-44 yrs,NO,Business,Index Case,SHAAM MEDICAL CLINIC,MJINI,PRIVATE,PEMBA,KIPANGE,174736,152469,388344.4,11.61,29.29,25.12,9.35,97.8,Matangatuani,False
MICHEWENI,2022,6,27,26,20.9,-4.95,39.74,Male,15-29 yrs,NO,Student,Index Case,KIUYU KIPANGANI PHCU,MJINI,PUBLIC,PEMBA,KIFUNDI,175064,152549,388344.4,9.04,29.9,25.05,8.1,97.8,Matangatuani,False
MICHEWENI,2022,7,28,6,30.5,-4.95,39.78,Female,30-44 yrs,NO,Housewife,Index Case,TUMBE MAAFA PHCU,MJINI,PUBLIC,PEMBA,TUMBE MAGHARIBI,175498,1042,388344.4,23.41,28.22,22.79,93.95,97.8,Matangatuani,False
MICHEWENI,2022,7,29,11,20.0,-4.95,39.76,Female,45+ yrs,NO,Housewife,Other Household Member,ZIWANI POLICE,MJINI,PUBLIC,PEMBA,KIFUNDI,175633,152549,388344.4,25.65,28.25,22.44,94.53,97.8,Matangatuani,False
MICHEWENI,2022,7,30,18,20.71,-4.95,39.78,Male,15-29 yrs,NO,Student,Other Household Member,ZIWANI POLICE,MJINI,PUBLIC,PEMBA,TUMBE MAGHARIBI,175833,1042,388344.4,5.06,28.46,21.91,94.36,97.8,Matangatuani,False
MICHEWENI,2022,7,31,24,17.29,-4.95,39.78,Male,5-14 yrs,NO,Student,Index Case,MICHEWENI COTTAGE HOSPITAL,MJINI,PUBLIC,PEMBA,KINOWE,176035,1201,388344.4,1.37,28.37,22.97,93.29,97.8,Matangatuani,False
MICHEWENI,2022,8,32,1,31.21,-4.95,39.78,Male,30-44 yrs,NO,Business,Index Case,MICHEWENI COTTAGE HOSPITAL,MJINI,PUBLIC,PEMBA,KIUYU MBUYUNI,176300,1261,388344.4,0.0,27.89,21.94,89.8,97.8,Matangatuani,False
MICHEWENI,2022,8,33,9,19.62,-4.96,39.78,Female,30-44 yrs,NO,Housewife,Other Household Member,ZIWANI POLICE,MJINI,PUBLIC,PEMBA,MAJENZI,176437,1275,388344.4,3.85,29.03,21.83,89.7,97.8,Matangatuani,False
MICHEWENI,2022,8,35,26,28.43,-4.94,39.77,Male,< 5 yrs,NO,Under school age (<6 years),Index Case,MAKANGALE PHCU+,MJINI,PUBLIC,PEMBA,MAKANGALE,176861,1459,388344.4,6.33,29.21,22.64,90.7,97.8,Matangatuani,False
MICHEWENI,2022,8,36,30,32.67,-4.92,39.71,Male,30-44 yrs,NO,Business,Index Case,KONDE CLINIC,MJINI,PRIVATE,PEMBA,KONDE,176971,1461,388344.4,9.76,27.51,21.92,89.77,97.8,Matangatuani,False
MICHEWENI,2022,9,37,8,19.0,-5.02,39.8,Female,15-29 yrs,NO,Student,Index Case,SHUMBA VIAMBONI PHCU,MJINI,PUBLIC,PEMBA,MIHOGONI,177183,1559,388344.4,0.0,27.83,21.62,88.6,97.8,Matangatuani,False
MICHEWENI,2022,9,38,12,26.0,-5.01,39.79,Male,5-14 yrs,NO,Student,Other Household Member,ZIWANI POLICE,MJINI,PUBLIC,PEMBA,MIHOGONI,177237,1559,388344.4,0.0,29.62,21.76,87.82,97.8,Matangatuani,False
MICHEWENI,2022,9,39,18,23.0,-4.95,39.74,Male,15-29 yrs,NO,Civil Servant,Other Household Member,ZIWANI POLICE,MJINI,PUBLIC,PEMBA,SIZINI,177367,1604,388344.4,0.43,31.38,23.09,88.5,97.8,Matangatuani,False
MICHEWENI,2022,10,41,8,36.0,-4.99,39.81,Male,30-44 yrs,NO,Business,Index Case,AIGHAR MEDICAL CLINIC,MJINI,PRIVATE,PEMBA,TUMBE MAGHARIBI,177795,1736,388344.4,0.74,28.86,23.05,89.1,97.8,Matangatuani,False
MICHEWENI,2022,10,43,17,24.0,-4.99,39.81,Female,15-29 yrs,NO,Housewife,Other Household Member,ZIWANI POLICE,MJINI,PUBLIC,PEMBA,TUMBE MAGHARIBI,177932,1736,388344.4,8.58,30.54,21.6,89.8,97.8,Matangatuani,False
MICHEWENI,2022,10,44,27,19.0,-4.99,39.83,Male,15-29 yrs,NO,Fisherman,Index Case,MICHEWENI COTTAGE HOSPITAL,MJINI,PUBLIC,PEMBA,MJINI WINGWI,178128,1935,388344.4,6.82,31.1,23.34,88.7,97.8,Matangatuani,False
MICHEWENI,2022,11,45,1,16.88,-4.93,39.75,Male,30-44 yrs,NO,Business,Index Case,KONDE CLINIC,MJINI,PRIVATE,PEMBA,MAKANGALE,178197,1852,388344.4,6.54,30.37,23.43,92.75,97.8,Matangatuani,False
MICHEWENI,2022,11,46,10,22.25,-4.96,39.78,Female,30-44 yrs,NO,Housewife,Index Case,TUMBE PHCU,MJINI,PUBLIC,PEMBA,TUMBE MAGHARIBI,178332,1902,388344.4,17.95,31.51,24.16,93.65,97.8,Matangatuani,False
MICHEWENI,2022,11,47,13,18.33,-4.98,39.78,Female,15-29 yrs,NO,Fisherman,Index Case,MAKANGALE PHCU+,MJINI,PUBLIC,PEMBA,TONDOONI,178406,1976,388344.4,15.57,30.36,24.92,94.9,97.8,Matangatuani,False
MICHEWENI,2022,11,48,21,25.0,-4.98,39.8,Male,45+ yrs,NO,Civil Servant,Other Household Member,ZIWANI POLICE,MJINI,PUBLIC,PEMBA,TONDOONI,178550,1976,388344.4,23.57,30.0,24.39,92.49,97.8,Matangatuani,False
MICHEWENI,2022,12,50,5,12.0,-5.01,39.78,Female,15-29 yrs,NO,Housewife,Index Case,SHUMBA VIAMBONI PHCU,MJINI,PUBLIC,PEMBA,MIHOGONI,178859,2088,388344.4,0.0,31.62,24.26,91.15,97.8,Matangatuani,False
MICHEWENI,2022,12,51,11,24.0,-4.99,39.78,Male,45+ yrs,NO,Civil Servant,Other Household Member,ZIWANI POLICE,MJINI,PUBLIC,PEMBA,MIHOGONI,178945,2088,388344.4,12.35,32.02,23.41,94.69,97.8,Matangatuani,False
MICHEWENI,2022,12,52,18,21.5,-4.96,39.79,Female,15-29 yrs,NO,Housewife,Other Household Member,ZIWANI POLICE,MJINI,PUBLIC,PEMBA,KIPANGE,179128,2160,388344.4,5.43,32.98,25.09,94.6,97.8,Matangatuani,False
MICHEWENI,2022,12,53,27,31.67,-4.99,39.83,Male,45+ yrs,NO,Civil Servant,Other Household Member,ZIWANI POLICE,MJINI,PUBLIC,PEMBA,MJINI WINGWI,179408,2230,388344.4,2.04,30.3,25.79,93.1,97.8,Matangatuani,False
MICHEWENI,2023,1,1,3,19.0,-4.96,39.77,Male,15-29 yrs,YES,Student,Index Case,CHAKECHAKE DISTRICT HOSPITAL,MJINI,PUBLIC,PEMBA,CHIMBA,179713,2345,248000.0,3.1,32.23,26.01,85.0,94.0,Matangatuani,False
MICHEWENI,2023,1,2,9,31.25,-4.97,39.78,Male,30-44 yrs,YES,Civil Servant,Index Case,MICHEWENI COTTAGE HOSPITAL,MJINI,PUBLIC,PEMBA,MJINI WINGWI,179991,2408,248000.0,1.75,30.88,26.57,87.6,94.0,Matangatuani,False
MICHEWENI,2023,1,3,15,21.6,-4.96,39.78,Male,5-14 yrs,NO,Student,Other Household Member,ZIWANI POLICE,MJINI,PUBLIC,PEMBA,MJINI WINGWI,180368,2408,248000.0,1.51,31.53,24.41,87.87,94.0,Matangatuani,False
MICHEWENI,2023,1,4,23,20.12,-4.97,39.78,Female,5-14 yrs,NO,Student,Other Household Member,ZIWANI POLICE,MJINI,PUBLIC,PEMBA,MSUKA MASHARIKI,180953,2711,248000.0,0.24,32.43,25.34,87.54,94.0,Matangatuani,False
MICHEWENI,2023,1,5,31,22.6,-4.93,39.75,Male,5-14 yrs,NO,Student,Other Household Member,ZIWANI POLICE,MJINI,PUBLIC,PEMBA,MAKANGALE,181413,2833,248000.0,0.0,30.72,25.52,87.8,94.0,Matangatuani,False
MICHEWENI,2023,2,5,1,30.0,-5.02,39.81,Female,30-44 yrs,YES,Housewife,Index Case,WINGWI PHCU+,MJINI,PUBLIC,PEMBA,WINGWI MAPOFU,181562,2926,248000.0,0.0,32.44,25.22,91.0,94.0,Matangatuani,False
MICHEWENI,2023,2,6,6,26.94,-4.97,39.78,Female,30-44 yrs,NO,Housewife,Other Household Member,ZIWANI POLICE,MJINI,PUBLIC,PEMBA,TUMBE MAGHARIBI,181756,2907,248000.0,0.0,32.01,25.08,90.54,94.0,Matangatuani,False
MICHEWENI,2023,2,7,15,24.0,-5.98,39.34,Male,15-29 yrs,YES,Other,Index Case,KONDE PHCU+,MJINI,PUBLIC,PEMBA,KONDE,182260,6,248000.0,0.0,31.59,25.3,89.6,94.0,Matangatuani,False
MICHEWENI,2023,2,8,20,19.86,-5.17,39.68,Female,15-29 yrs,YES,Other,Index Case,KONDE CLINIC,MJINI,PRIVATE,PEMBA,KONDE,182528,3197,248000.0,0.0,32.14,25.03,88.84,94.0,Matangatuani,False
MICHEWENI,2023,3,10,6,31.8,-5.04,39.75,Female,45+ yrs,NO,Unemployed,Index Case,CHIMBA PHCU,MJINI,PUBLIC,PEMBA,CHIMBA,183149,3445,248000.0,0.0,33.28,24.62,91.32,94.0,Matangatuani,False
MICHEWENI,2023,3,11,13,0.58,-5.02,39.79,Male,< 5 yrs,YES,Under school age (<6 years),Index Case,CHIMBA PHCU,MJINI,PUBLIC,PEMBA,CHIMBA,183390,3524,248000.0,0.0,32.57,24.88,92.7,94.0,Matangatuani,False
MICHEWENI,2023,3,12,20,35.0,-4.98,39.85,Male,30-44 yrs,YES,Fisherman,Index Case,MICHEWENI COTTAGE HOSPITAL,MJINI,PUBLIC,PEMBA,MICHEWENI,183558,4254,248000.0,64.88,31.97,25.04,91.1,94.0,Matangatuani,False
MICHEWENI,2023,3,13,28,29.0,-5.01,39.81,Male,30-44 yrs,NO,Civil Servant,Other Household Member,ZIWANI POLICE,MJINI,PUBLIC,PEMBA,CHIMBA,183828,3524,248000.0,42.93,31.24,23.38,93.0,94.0,Matangatuani,False
MICHEWENI,2023,4,14,3,36.8,-4.95,39.75,Male,15-29 yrs,NO,Business,Index Case,SHAAM MEDICAL CLINIC,MJINI,PRIVATE,PEMBA,KONDE,184121,3746,248000.0,20.06,31.62,25.11,88.56,94.0,Matangatuani,False
MICHEWENI,2023,4,15,10,18.57,-4.96,39.78,Male,15-29 yrs,NO,Watchman/Police,Index Case,AIGHAR MEDICAL CLINIC,MJINI,PRIVATE,PEMBA,TUMBE MAGHARIBI,184212,3808,248000.0,55.6,31.18,25.25,89.3,94.0,Matangatuani,False
MICHEWENI,2023,4,17,25,40.75,-5.23,39.66,Male,30-44 yrs,YES,Civil Servant,Index Case,MICHEWENI COTTAGE HOSPITAL,MJINI,PUBLIC,PEMBA,MAJENZI,184707,4255,248000.0,75.64,29.92,24.85,89.82,94.0,Matangatuani,False
MICHEWENI,2023,4,18,30,13.45,-4.98,39.73,Male,15-29 yrs,NO,Unemployed,Other Household Member,ZIWANI POLICE,MJINI,PUBLIC,PEMBA,KIFUNDI,184829,3982,248000.0,100.02,29.37,24.84,90.0,94.0,Matangatuani,False
MICHEWENI,2023,5,19,9,24.8,-4.98,39.8,Female,30-44 yrs,NO,Housewife,Other Household Member,ZIWANI POLICE,MJINI,PUBLIC,PEMBA,KINOWE,185373,4098,248000.0,46.26,30.44,25.54,96.3,94.0,Matangatuani,False
MICHEWENI,2023,5,20,14,14.54,-4.99,39.79,Male,5-14 yrs,NO,Student,Other Household Member,ZIWANI POLICE,MJINI,PUBLIC,PEMBA,KIPANGE,185729,4318,248000.0,32.44,30.98,24.92,93.46,94.0,Matangatuani,False
MICHEWENI,2023,5,21,23,22.04,-4.96,39.73,Male,15-29 yrs,NO,Student,Index Case,KONDE PHCU+,MJINI,PUBLIC,PEMBA,MSUKA MASHARIKI,186450,4550,248000.0,11.82,30.31,24.68,95.1,94.0,Matangatuani,True
MICHEWENI,2023,5,22,28,18.02,-4.94,39.73,Female,5-14 yrs,NO,Student,Other Household Member,ZIWANI POLICE,MJINI,PUBLIC,PEMBA,KIFUNDI,186960,4636,248000.0,18.22,29.26,24.09,94.34,94.0,Matangatuani,False
MICHEWENI,2023,6,22,1,26.56,-4.94,39.78,Female,5-14 yrs,NO,Under school age (<6 years),Index Case,TUMBE PHCU,MJINI,PUBLIC,PEMBA,TUMBE MAGHARIBI,187513,4798,248000.0,77.63,28.51,24.08,89.6,94.0,Matangatuani,False
MICHEWENI,2023,6,23,7,17.17,-4.94,39.73,Female,30-44 yrs,NO,Housewife,Index Case,SHAAM MEDICAL CLINIC,MJINI,PRIVATE,PEMBA,KIPANGE,188054,4989,248000.0,21.11,29.81,23.95,89.12,94.0,Matangatuani,False
MICHEWENI,2023,6,24,12,19.48,-4.98,39.78,Male,15-29 yrs,NO,Fisherman,Index Case,MICHEWENI COTTAGE HOSPITAL,MJINI,PUBLIC,PEMBA,KIUYU MAZIWA NGOMBE,188637,5199,248000.0,18.14,29.04,23.6,89.68,94.0,Matangatuani,False
MICHEWENI,2023,6,25,18,20.85,-4.98,39.81,Male,15-29 yrs,YES,Fisherman,Index Case,MICHEWENI COTTAGE HOSPITAL,MJINI,PUBLIC,PEMBA,KIUYU MBUYUNI,189424,5418,248000.0,2.53,29.8,23.22,90.26,94.0,Matangatuani,False
MICHEWENI,2023,6,26,25,30.86,-4.99,39.72,Male,15-29 yrs,YES,Unemployed,Index Case,KONDE CLINIC,MJINI,PRIVATE,PEMBA,KONDE,190496,5730,248000.0,7.98,28.85,23.69,90.53,94.0,Matangatuani,False
MICHEWENI,2023,7,26,1,19.86,-4.94,39.74,Female,5-14 yrs,NO,Student,Other Household Member,ZIWANI POLICE,MJINI,PUBLIC,PEMBA,MAKANGALE,191027,5912,248000.0,19.69,28.91,23.16,85.4,94.0,Matangatuani,False
MICHEWENI,2023,7,27,3,18.69,-4.98,39.8,Female,< 5 yrs,NO,Under school age (<6 years),Index Case,MICHEWENI COTTAGE HOSPITAL,MJINI,PUBLIC,PEMBA,WINGWI MAPOFU,191339,6043,248000.0,16.87,27.85,23.48,84.98,94.0,Matangatuani,False
MICHEWENI,2023,7,28,14,21.83,-4.94,39.74,Male,15-29 yrs,YES,Student,Index Case,KONDE PHCU+,MJINI,PUBLIC,PEMBA,KONDE,192636,6325,248000.0,9.59,28.87,21.67,83.7,94.0,Matangatuani,False
MICHEWENI,2023,7,29,16,19.57,-4.94,39.77,Male,15-29 yrs,NO,Fisherman,Index Case,SHAAM MEDICAL CLINIC,MJINI,PRIVATE,PEMBA,MSUKA MAGHARIBI,192820,6388,248000.0,18.55,29.17,23.54,84.69,94.0,Matangatuani,False
MICHEWENI,2023,7,30,28,18.9,-4.92,39.72,Female,< 5 yrs,NO,Under school age (<6 years),Other Household Member,ZIWANI POLICE,MJINI,PUBLIC,PEMBA,MAKANGALE,194464,6880,248000.0,4.25,28.63,23.28,84.94,94.0,Matangatuani,False
MICHEWENI,2023,7,31,31,30.5,-4.98,39.77,Male,30-44 yrs,NO,Civil Servant,Index Case,MICHEWENI COTTAGE HOSPITAL,MJINI,PUBLIC,PEMBA,MAJENZI,194781,6964,248000.0,9.77,27.58,24.79,83.8,94.0,Matangatuani,False
MICHEWENI,2023,8,31,1,15.74,-4.98,39.76,Female,5-14 yrs,NO,Student,Other Household Member,ZIWANI POLICE,MJINI,PUBLIC,PEMBA,MAJENZI,194844,6964,248000.0,5.47,29.19,23.35,86.54,94.0,Matangatuani,False
MICHEWENI,2023,8,33,14,19.77,-4.95,39.76,Male,15-29 yrs,NO,Fisherman,Index Case,MAKANGALE PHCU+,MJINI,PUBLIC,PEMBA,TONDOONI,196399,7446,248000.0,2.75,30.25,23.17,87.93,94.0,Matangatuani,False
MICHEWENI,2023,8,34,24,28.14,-4.94,39.76,Male,15-29 yrs,NO,Unemployed,Index Case,SHAAM MEDICAL CLINIC,MJINI,PRIVATE,PEMBA,KINOWE,197411,7820,248000.0,2.17,30.8,23.01,86.67,94.0,Matangatuani,False
MICHEWENI,2023,8,35,27,19.38,-5.0,39.84,Female,15-29 yrs,YES,Housewife,Index Case,MICHEWENI COTTAGE HOSPITAL,MJINI,PUBLIC,PEMBA,MJINI WINGWI,197625,7893,248000.0,1.99,30.41,23.97,85.95,94.0,Matangatuani,False
MICHEWENI,2023,9,37,12,17.4,-5.03,39.74,Female,< 5 yrs,NO,Under school age (<6 years),Index Case,SIZINI PHCU,MJINI,PUBLIC,PEMBA,SIZINI,199301,8340,248000.0,1.16,29.11,20.72,88.14,94.0,Matangatuani,False
MICHEWENI,2023,9,38,18,19.56,-4.96,39.76,Female,< 5 yrs,NO,Under school age (<6 years),Other Household Member,ZIWANI POLICE,MJINI,PUBLIC,PEMBA,TUMBE MAGHARIBI,199706,8453,248000.0,0.87,30.99,22.01,88.59,94.0,Matangatuani,False
MICHEWENI,2023,9,39,29,19.0,-5.01,39.81,Male,15-29 yrs,NO,Fisherman,Index Case,KIUYU MBUYUNI PHCU,MJINI,PUBLIC,PEMBA,KIUYU MBUYUNI,200727,8795,248000.0,40.01,29.12,22.06,88.6,94.0,Matangatuani,False
MICHEWENI,2023,10,40,1,18.75,-5.02,39.81,Female,5-14 yrs,YES,Under school age (<6 years),Index Case,MICHEWENI COTTAGE HOSPITAL,MJINI,PUBLIC,PEMBA,WINGWI NJUGUNI,200830,8772,248000.0,7.24,31.1,24.57,92.5,94.0,Matangatuani,False
MICHEWENI,2023,10,41,13,30.0,-4.93,39.69,Male,30-44 yrs,NO,Other,Index Case,SHAAM MEDICAL CLINIC,MJINI,PRIVATE,PEMBA,TONDOONI,201956,9132,248000.0,0.0,31.58,23.93,90.8,94.0,Matangatuani,False
MICHEWENI,2023,10,42,15,16.0,-4.93,39.69,Male,30-44 yrs,NO,Other,Other Household Member,ZIWANI POLICE,MJINI,PUBLIC,PEMBA,TONDOONI,202083,9132,248000.0,14.16,32.09,24.61,92.25,94.0,Matangatuani,False
MICHEWENI,2023,10,43,22,38.0,-4.94,39.75,Female,45+ yrs,NO,Unemployed,Other Household Member,ZIWANI POLICE,MJINI,PUBLIC,PEMBA,TONDOONI,202766,9276,248000.0,33.76,30.93,24.54,91.53,94.0,Matangatuani,False
MICHEWENI,2023,10,44,30,21.75,-4.93,39.68,Female,45+ yrs,NO,Fisherman,Index Case,SHAAM MEDICAL CLINIC,MJINI,PRIVATE,PEMBA,TONDOONI,203497,9556,248000.0,54.11,31.1,24.82,92.7,94.0,Matangatuani,False
MICHEWENI,2023,11,44,2,28.6,-4.95,39.87,Female,5-14 yrs,NO,Unemployed,Index Case,KIUYU MBUYUNI PHCU,MJINI,PUBLIC,PEMBA,KIUYU MBUYUNI,203733,9641,248000.0,119.42,27.92,24.59,94.78,94.0,Matangatuani,False
MICHEWENI,2023,11,45,6,19.71,-5.01,39.75,Female,5-14 yrs,NO,Student,Other Household Member,ZIWANI POLICE,MJINI,PUBLIC,PEMBA,TONDOONI,204024,9775,248000.0,91.04,29.36,24.66,96.0,94.0,Matangatuani,False
MICHEWENI,2023,11,46,13,20.0,-5.14,39.65,Female,15-29 yrs,NO,Unemployed,Index Case,MAKANGALE PHCU+,MJINI,PUBLIC,PEMBA,MAKANGALE,205050,10238,248000.0,72.51,30.99,24.12,94.68,94.0,Matangatuani,False
MICHEWENI,2023,11,47,21,27.5,-5.02,39.85,Male,15-29 yrs,YES,Civil Servant,Index Case,MICHEWENI COTTAGE HOSPITAL,MJINI,PUBLIC,PEMBA,KIUYU MBUYUNI,206092,10943,248000.0,83.76,30.54,24.76,95.22,94.0,Matangatuani,False
MICHEWENI,2023,11,48,26,20.39,-5.01,39.86,Male,5-14 yrs,NO,Student,Other Household Member,ZIWANI POLICE,MJINI,PUBLIC,PEMBA,KIUYU MAZIWA NGOMBE,206806,11299,248000.0,151.81,30.75,24.48,94.4,94.0,Matangatuani,False
MICHEWENI,2023,12,48,1,18.0,-4.99,39.86,Male,15-29 yrs,NO,Student,Index Case,MAZIWA NGOMBE PHCU,MJINI,PUBLIC,PEMBA,KIUYU MAZIWA NGOMBE,207972,12127,248000.0,1.54,30.68,23.51,89.4,94.0,Matangatuani,False
MICHEWENI,2023,12,49,3,20.92,-4.97,39.8,Male,< 5 yrs,NO,Under school age (<6 years),Index Case,MICHEWENI COTTAGE HOSPITAL,MJINI,PUBLIC,PEMBA,CHIMBA,208153,12072,248000.0,1.7,31.23,25.12,89.11,94.0,Matangatuani,False
MICHEWENI,2023,12,50,10,22.98,-4.98,39.81,Male,30-44 yrs,NO,Housewife,Index Case,MICHEWENI COTTAGE HOSPITAL,MJINI,PUBLIC,PEMBA,SHUMBA VIAMBONI,209863,13304,248000.0,12.46,31.8,25.62,89.94,94.0,Matangatuani,False
MICHEWENI,2023,12,51,18,22.37,-4.98,39.77,Female,15-29 yrs,YES,Housewife,Index Case,SHAAM MEDICAL CLINIC,MJINI,PRIVATE,PEMBA,KONDE,211971,14958,248000.0,17.8,31.59,25.27,91.41,94.0,Matangatuani,True
MICHEWENI,2023,12,52,24,25.11,-4.97,39.79,Female,30-44 yrs,NO,Housewife,Other Household Member,ZIWANI POLICE,MJINI,PUBLIC,PEMBA,MICHEWENI,213360,16827,248000.0,2.71,31.62,25.67,91.28,94.0,Matangatuani,True
MJINI,2018,1,1,1,20.64,-6.07,39.28,Male,15-29 yrs,NO,Other,Other Household Member,ZIWANI POLICE,MJINI,PUBLIC,UNGUJA,KIKWAJUNI BONDENI,70550,117012,178072.0,3.65,32.47,25.79,73.68,95.0,VICTORIA GARDEN,True
MJINI,2018,1,2,7,21.51,-6.02,39.31,Male,< 5 yrs,NO,Other,Index Case,ZIWANI POLICE,URBAN,PUBLIC,UNGUJA,AMANI,70962,117267,178072.0,1.96,32.92,25.5,73.96,95.0,VICTORIA GARDEN,True
MJINI,2018,1,3,14,19.92,-6.07,39.28,Female,5-14 yrs,NO,Other,Index Case,ZIWANI POLICE,MJINI,PUBLIC,UNGUJA,SOGEA,71280,117395,178072.0,0.04,32.79,25.4,73.83,95.0,VICTORIA GARDEN,True
MJINI,2018,1,4,21,20.94,-6.07,39.27,Female,15-29 yrs,YES,Other,Index Case,ASSA-KHERI DISPENSARY,MJINI,PRIVATE,UNGUJA,NYERERE,71658,117591,178072.0,0.0,32.31,25.16,76.19,95.0,VICTORIA GARDEN,True
MJINI,2018,1,5,28,23.94,-6.04,39.3,Male,5-14 yrs,NO,Other,Other Household Member,ZIWANI POLICE,MJINI,PUBLIC,UNGUJA,JANGOMBE,71950,117358,178072.0,0.0,32.01,25.06,74.55,95.0,VICTORIA GARDEN,True
MJINI,2018,2,5,1,28.91,-6.17,39.22,Male,15-29 yrs,NO,Other,Other Household Member,ZIWANI POLICE,MJINI,PUBLIC,UNGUJA,SHAURIMOYO,72238,117698,178072.0,0.0,32.36,24.73,71.74,95.0,VICTORIA GARDEN,True
MJINI,2018,2,6,5,20.49,-6.15,39.22,Female,5-14 yrs,NO,Other,Index Case,IMANI CLINIC,MJINI,PRIVATE,UNGUJA,KWAHANI,72395,117885,178072.0,0.0,32.15,24.4,73.12,95.0,VICTORIA GARDEN,True
MJINI,2018,2,7,11,22.01,-6.13,39.24,Male,30-44 yrs,YES,Other,Index Case,UTAPOA DISPENSARY,MJINI,PRIVATE,UNGUJA,KWAALIMSHA,72616,117953,178072.0,1.39,31.33,24.81,72.92,95.0,VICTORIA GARDEN,True
MJINI,2018,2,8,18,25.3,-6.11,39.25,Male,45+ yrs,YES,Other,Index Case,BANDARINI PHCU,MJINI,PUBLIC,UNGUJA,MALINDI,72812,118022,178072.0,1.64,31.75,25.39,72.88,95.0,VICTORIA GARDEN,True
MJINI,2018,2,9,26,21.95,-6.02,39.29,Female,45+ yrs,NO,Other,Other Household Member,ZIWANI POLICE,MJINI,PUBLIC,UNGUJA,MIKUNGUNI,73004,118076,178072.0,0.0,32.22,25.46,72.79,95.0,VICTORIA GARDEN,False
MJINI,2018,3,9,1,19.86,-6.12,39.25,Male,< 5 yrs,NO,Other,Index Case,UTAPOA DISPENSARY,URBAN,PRIVATE,UNGUJA,JANGOMBE,73121,118139,178072.0,0.82,33.46,25.8,77.42,95.0,VICTORIA GARDEN,True
MJINI,2018,3,10,4,30.13,-6.15,39.23,Male,45+ yrs,YES,Other,Index Case,M&J DISPENSARY,MJINI,PRIVATE,UNGUJA,MPENDAE,73199,118271,178072.0,1.14,32.8,25.66,77.01,95.0,VICTORIA GARDEN,True
MJINI,2018,3,11,11,22.29,-6.1,39.27,Female,15-29 yrs,NO,Other,Other Household Member,ZIWANI POLICE,MJINI,PUBLIC,UNGUJA,KIDONGO CHEKUNDU,73341,118158,178072.0,2.27,32.76,25.43,77.31,95.0,VICTORIA GARDEN,True
MJINI,2018,3,12,19,20.42,-6.06,39.28,Male,< 5 yrs,NO,Other,Index Case,JANGOMBE MATARUMBETA PHCU,URBAN,PUBLIC,UNGUJA,JANGOMBE,73501,118281,178072.0,9.95,34.01,25.0,76.48,95.0,VICTORIA GARDEN,True
MJINI,2018,3,13,25,25.27,-6.17,39.22,Female,30-44 yrs,NO,Other,Other Household Member,ZIWANI POLICE,MJINI,PUBLIC,UNGUJA,CHUMBUNI,73655,115965,178072.0,4.25,33.42,24.98,76.64,95.0,VICTORIA GARDEN,True
MJINI,2018,4,14,2,24.41,-6.16,39.23,Male,< 5 yrs,NO,Other,Index Case,ICB DISPENSARY,URBAN,PRIVATE,UNGUJA,MALINDI,73901,118376,178072.0,7.51,32.16,25.44,86.74,95.0,VICTORIA GARDEN,True
MJINI,2018,4,15,8,26.74,-6.17,39.21,Female,5-14 yrs,NO,Other,Index Case,HURUMA DISPENSARY,MJINI,PRIVATE,UNGUJA,MAGOMENI,74108,118445,178072.0,20.33,30.32,24.31,86.31,95.0,VICTORIA GARDEN,True
MJINI,2018,4,16,16,23.62,-6.16,39.22,Male,30-44 yrs,NO,Other,Other Household Member,ZIWANI POLICE,MJINI,PUBLIC,UNGUJA,NYERERE,74482,117727,178072.0,25.19,30.92,24.62,85.12,95.0,VICTORIA GARDEN,True
MJINI,2018,4,17,22,25.71,-6.16,39.22,Female,15-29 yrs,YES,Other,Index Case,MNAZI MMOJA HOSPITAL,MJINI,PUBLIC,UNGUJA,KWAALIMSHA,74851,118698,178072.0,5.2,30.9,24.84,86.93,95.0,VICTORIA GARDEN,True
MJINI,2018,4,18,29,26.19,-6.17,39.21,Female,5-14 yrs,NO,Other,Other Household Member,ZIWANI POLICE,MJINI,PUBLIC,UNGUJA,NYERERE,75245,118070,178072.0,1.14,30.98,25.2,86.52,95.0,VICTORIA GARDEN,False
MJINI,2018,5,18,1,28.43,-6.14,39.23,Male,30-44 yrs,NO,Other,Other Household Member,ZIWANI POLICE,MJINI,PUBLIC,UNGUJA,KWAALIMSHA,75330,118698,178072.0,27.31,29.64,25.18,83.42,95.0,VICTORIA GARDEN,True
MJINI,2018,5,19,6,17.55,-6.17,39.22,Female,< 5 yrs,NO,Other,Other Household Member,ZIWANI POLICE,MJINI,PUBLIC,UNGUJA,JANGOMBE,75625,118742,178072.0,26.7,29.33,24.7,83.0,95.0,VICTORIA GARDEN,True
MJINI,2018,5,20,13,25.11,-6.15,39.22,Male,30-44 yrs,YES,Other,Index Case,ZIWANI POLICE,MJINI,PUBLIC,UNGUJA,JANGOMBE,76035,118910,178072.0,18.28,29.37,24.33,82.28,95.0,VICTORIA GARDEN,True
MJINI,2018,5,21,20,23.05,-6.12,39.24,Female,15-29 yrs,NO,Other,Index Case,MINA DISPENSARY,MJINI,PRIVATE,UNGUJA,KARAKANA,76746,119075,178072.0,10.98,29.53,24.11,82.22,95.0,VICTORIA GARDEN,True
MJINI,2018,5,22,27,24.64,-6.13,39.24,Female,15-29 yrs,NO,Other,Other Household Member,ZIWANI POLICE,MJINI,PUBLIC,UNGUJA,KARAKANA,77231,119000,178072.0,1.43,29.88,24.45,82.83,95.0,VICTORIA GARDEN,True
MJINI,2018,6,22,1,22.43,-6.17,39.21,Female,30-44 yrs,NO,Other,Index Case,JANGOMBE MATARUMBETA PHCU,MJINI,PUBLIC,UNGUJA,JANGOMBE,77584,119363,178072.0,0.0,30.42,25.17,72.29,95.0,VICTORIA GARDEN,False
MJINI,2018,6,23,3,22.25,-6.15,39.21,Male,45+ yrs,YES,Other,Index Case,HASSAN CLINIC,MJINI,PRIVATE,UNGUJA,MATARUMBETA ,77646,119379,178072.0,0.03,29.77,24.25,72.91,95.0,VICTORIA GARDEN,True
MJINI,2018,6,24,10,21.85,-6.12,39.24,Male,< 5 yrs,NO,Other,Index Case,MAFUNZO-MAKAOO MAKUU,URBAN,PUBLIC,UNGUJA,MPENDAE,78222,119486,178072.0,0.1,29.62,23.78,73.2,95.0,VICTORIA GARDEN,True
MJINI,2018,6,25,17,24.0,-6.08,39.27,Male,< 5 yrs,NO,Other,Index Case,ZIWANI POLICE,URBAN,PUBLIC,UNGUJA,MIEMBENI,78615,119603,178072.0,0.52,28.96,23.61,74.01,95.0,VICTORIA GARDEN,True
MJINI,2018,6,26,24,23.26,-6.04,39.3,Male,< 5 yrs,NO,Other,Index Case,MAFUNZO-MAKAOO MAKUU,URBAN,PUBLIC,UNGUJA,MIEMBENI,79212,119822,178072.0,2.13,29.15,23.61,73.11,95.0,VICTORIA GARDEN,True
MJINI,2018,7,27,1,22.59,-6.08,39.26,Male,< 5 yrs,NO,Other,Index Case,M&J DISPENSARY,URBAN,PRIVATE,UNGUJA,MPENDAE,79786,120083,178072.0,10.51,29.84,23.76,71.42,95.0,VICTORIA GARDEN,True
MJINI,2018,7,28,8,23.39,-6.04,39.29,Male,< 5 yrs,NO,Other,Index Case,ASSA-KHERI DISPENSARY,URBAN,PRIVATE,UNGUJA,SEBLENI,80315,120290,178072.0,1.08,29.63,24.19,71.74,95.0,VICTORIA GARDEN,True
MJINI,2018,7,29,15,21.29,-6.13,39.24,Male,15-29 yrs,NO,Other,Index Case,MAFUNZO-MAKAOO MAKUU,MJINI,PUBLIC,UNGUJA,NYERERE,80798,120498,178072.0,0.28,29.18,23.72,71.45,95.0,VICTORIA GARDEN,True
MJINI,2018,7,30,22,22.75,-6.14,39.23,Male,15-29 yrs,NO,Other,Other Household Member,ZIWANI POLICE,MJINI,PUBLIC,UNGUJA,JANGOMBE,81237,120240,178072.0,0.07,29.27,23.22,70.81,95.0,VICTORIA GARDEN,True
MJINI,2018,7,31,29,20.0,-6.03,39.3,Male,< 5 yrs,NO,Other,Index Case,MAFUNZO-MAKAOO MAKUU,URBAN,PUBLIC,UNGUJA,MUUNGANO,81599,120786,178072.0,0.0,29.12,23.86,71.76,95.0,VICTORIA GARDEN,True
MJINI,2018,8,31,1,25.62,-6.12,39.24,Female,15-29 yrs,YES,Other,Index Case,ZIWANI POLICE,MJINI,PUBLIC,UNGUJA,MATARUMBETA ,81818,120942,178072.0,0.0,29.57,23.36,74.7,95.0,VICTORIA GARDEN,True
MJINI,2018,8,32,5,25.55,-6.11,39.25,Male,< 5 yrs,NO,Other,Index Case,ALTABIB DISPENSARY,URBAN,PRIVATE,UNGUJA,NYERERE,81943,120925,178072.0,0.03,29.11,23.26,72.71,95.0,VICTORIA GARDEN,True
MJINI,2018,8,33,13,22.51,-6.11,39.24,Male,15-29 yrs,NO,Other,Other Household Member,ZIWANI POLICE,MJINI,PUBLIC,UNGUJA,JANGOMBE,82333,121037,178072.0,0.14,28.75,23.05,73.6,95.0,VICTORIA GARDEN,True
MJINI,2018,8,34,19,22.2,-6.02,39.28,Female,15-29 yrs,NO,Other,Index Case,MAWIMBINI DISPENSARY,MJINI,PRIVATE,UNGUJA,MIGOMBANI,82691,121174,178072.0,0.16,29.43,23.64,75.73,95.0,VICTORIA GARDEN,True
MJINI,2018,8,35,27,27.35,-6.12,39.23,Male,30-44 yrs,NO,Other,Other Household Member,ZIWANI POLICE,MJINI,PUBLIC,UNGUJA,MKELE,83009,121212,178072.0,2.06,29.68,23.56,74.66,95.0,VICTORIA GARDEN,True
MJINI,2018,9,36,2,22.0,-5.98,39.34,Male,< 5 yrs,NO,Other,Index Case,HASSAN CLINIC,URBAN,PRIVATE,UNGUJA,KIDONGO CHEKUNDU,83229,121361,178072.0,0.0,28.87,22.97,67.84,95.0,VICTORIA GARDEN,True
MJINI,2018,9,37,10,21.83,-6.0,39.32,Male,< 5 yrs,NO,Other,Index Case,MNAZI MMOJA HOSPITAL,URBAN,PUBLIC,UNGUJA,JANGOMBE,83496,121471,178072.0,1.32,29.12,22.74,67.74,95.0,VICTORIA GARDEN,True
MJINI,2018,9,38,16,22.0,-5.98,39.34,Male,< 5 yrs,NO,Other,Index Case,ALTABIB DISPENSARY,URBAN,PRIVATE,UNGUJA,MAGOMENI,83693,121528,178072.0,0.58,29.5,22.13,68.55,95.0,VICTORIA GARDEN,True
MJINI,2018,9,39,24,22.0,-5.98,39.34,Male,< 5 yrs,NO,Other,Index Case,ALTABIB DISPENSARY,URBAN,PRIVATE,UNGUJA,NYERERE,83918,121649,178072.0,0.6,29.99,22.74,68.1,95.0,VICTORIA GARDEN,True
MJINI,2018,10,40,1,20.67,-6.02,39.31,Male,< 5 yrs,NO,Other,Other Household Member,ZIWANI POLICE,MJINI,PUBLIC,UNGUJA,MAKADARA,84098,120357,178072.0,3.64,29.89,23.9,73.94,95.0,VICTORIA GARDEN,False
MJINI,2018,10,41,7,23.05,-6.0,39.32,Male,< 5 yrs,NO,Other,Index Case,Unknown,URBAN,PUBLIC,UNGUJA,MIGOMBANI,84310,121807,178072.0,1.61,29.62,24.18,73.86,95.0,VICTORIA GARDEN,True
MJINI,2018,10,42,15,21.26,-6.04,39.3,Male,< 5 yrs,NO,Other,Index Case,MAKAO MAKUU JKU,URBAN,PUBLIC,UNGUJA,SAATENI,84530,121886,178072.0,1.36,29.71,23.32,74.37,95.0,VICTORIA GARDEN,False
MJINI,2018,10,43,24,23.67,-6.0,39.32,Male,< 5 yrs,NO,Other,Index Case,SHAURIMOYO PHCU,URBAN,PUBLIC,UNGUJA,MBORIBORINI,84789,121949,178072.0,4.27,29.76,24.4,74.86,95.0,VICTORIA GARDEN,True
MJINI,2018,10,44,28,22.27,-6.04,39.3,Male,15-29 yrs,NO,Other,Index Case,ASSA-KHERI DISPENSARY,MJINI,PRIVATE,UNGUJA,MIKUNGUNI,84883,121988,178072.0,5.31,30.61,23.67,74.37,95.0,VICTORIA GARDEN,True
MJINI,2018,11,44,1,22.12,-6.12,39.23,Female,45+ yrs,NO,Other,Other Household Member,ZIWANI POLICE,MJINI,PUBLIC,UNGUJA,MALINDI,85015,122011,178072.0,0.0,32.09,23.55,75.75,95.0,VICTORIA GARDEN,False
MJINI,2018,11,45,6,24.39,-6.11,39.26,Male,< 5 yrs,NO,Other,Index Case,ASSA-KHERI DISPENSARY,URBAN,PRIVATE,UNGUJA,AMANI,85187,122084,178072.0,0.03,31.86,24.46,76.3,95.0,VICTORIA GARDEN,True
MJINI,2018,11,46,11,26.65,-6.13,39.24,Female,15-29 yrs,YES,Other,Index Case,ZIWANI POLICE,MJINI,PUBLIC,UNGUJA,MUUNGANO,85384,122174,178072.0,0.7,30.72,23.74,76.91,95.0,VICTORIA GARDEN,True
MJINI,2018,11,47,18,26.54,-6.1,39.26,Male,< 5 yrs,NO,Other,Index Case,ZIWANI POLICE,URBAN,PUBLIC,UNGUJA,KWAALINATU,85532,122200,178072.0,15.26,31.92,24.8,74.94,95.0,VICTORIA GARDEN,True
MJINI,2018,11,48,25,26.36,-6.14,39.23,Male,< 5 yrs,YES,Other,Index Case,SDA DISPENSARY,URBAN,PRIVATE,UNGUJA,MEYA,85746,122257,178072.0,6.61,32.3,24.79,76.65,95.0,VICTORIA GARDEN,True
MJINI,2018,12,49,3,22.04,-6.15,39.24,Male,< 5 yrs,NO,Other,Index Case,ZIWANI POLICE,URBAN,PUBLIC,UNGUJA,KWAHANI,85949,122318,178072.0,4.24,32.41,24.27,76.33,95.0,VICTORIA GARDEN,True
MJINI,2018,12,50,9,25.72,-6.15,39.23,Male,5-14 yrs,NO,Other,Other Household Member,ZIWANI POLICE,MJINI,PUBLIC,UNGUJA,MPENDAE,86182,122392,178072.0,1.17,32.22,25.22,76.05,95.0,VICTORIA GARDEN,True
MJINI,2018,12,51,16,21.39,-6.11,39.25,Male,15-29 yrs,NO,Other,Other Household Member,ZIWANI POLICE,MJINI,PUBLIC,UNGUJA,CHUMBUNI,86520,122406,178072.0,6.09,31.65,24.59,76.48,95.0,VICTORIA GARDEN,True
MJINI,2018,12,52,23,21.0,-6.03,39.3,Male,15-29 yrs,NO,Other,Index Case,UTAPOA DISPENSARY,MJINI,PRIVATE,UNGUJA,MIEMBENI,86837,122590,178072.0,1.97,32.2,25.35,76.55,95.0,VICTORIA GARDEN,True
MJINI,2018,12,53,30,23.56,-6.16,39.22,Male,30-44 yrs,NO,Other,Index Case,IMANI CLINIC,MJINI,PRIVATE,UNGUJA,MWEMBELADU,87105,122717,178072.0,0.07,33.08,25.45,76.04,95.0,VICTORIA GARDEN,False
MJINI,2019,1,1,1,23.28,-6.04,39.29,Female,30-44 yrs,NO,Other,Other Household Member,ZIWANI POLICE,MJINI,PUBLIC,UNGUJA,KARAKANA,87180,122509,222374.0,0.0,32.92,26.27,70.08,95.2,VICTORIA GARDEN,True
MJINI,2019,1,2,6,23.86,-6.13,39.24,Female,30-44 yrs,NO,Other,Index Case,ASSA-KHERI DISPENSARY,MJINI,PRIVATE,UNGUJA,MUUNGANO,87569,122766,222374.0,0.0,32.95,25.98,69.78,95.2,VICTORIA GARDEN,True
MJINI,2019,1,3,13,20.8,-6.12,39.24,Female,5-14 yrs,NO,Other,Index Case,HASSAN CLINIC,MJINI,PRIVATE,UNGUJA,MEYA,88212,122908,222374.0,0.0,32.88,26.13,69.63,95.2,VICTORIA GARDEN,True
MJINI,2019,1,4,20,23.13,-6.09,39.26,Male,15-29 yrs,NO,Other,Other Household Member,ZIWANI POLICE,MJINI,PUBLIC,UNGUJA,KWAALINATU,88612,122959,222374.0,0.0,32.72,24.99,69.69,95.2,VICTORIA GARDEN,True
MJINI,2019,1,5,28,24.03,-6.09,39.26,Male,15-29 yrs,NO,Other,Other Household Member,ZIWANI POLICE,MJINI,PUBLIC,UNGUJA,SEBLENI,89242,123141,222374.0,0.0,32.22,26.0,69.1,95.2,VICTORIA GARDEN,True
MJINI,2019,2,5,1,19.17,-6.13,39.23,Male,30-44 yrs,NO,Other,Other Household Member,ZIWANI POLICE,MJINI,PUBLIC,UNGUJA,MBORIBORINI,89434,123176,222374.0,0.36,33.81,24.85,67.46,95.2,VICTORIA GARDEN,False
MJINI,2019,2,6,3,24.71,-6.07,39.27,Male,15-29 yrs,NO,Other,Other Household Member,ZIWANI POLICE,MJINI,PUBLIC,UNGUJA,MAKADARA,89507,123186,222374.0,0.35,32.61,24.87,67.19,95.2,VICTORIA GARDEN,True
MJINI,2019,2,7,10,27.38,-6.06,39.29,Male,15-29 yrs,NO,Other,Index Case,UTAPOA DISPENSARY,MJINI,PRIVATE,UNGUJA,KWAALIMSHA,89754,123314,222374.0,0.0,31.74,24.8,67.45,95.2,VICTORIA GARDEN,True
MJINI,2019,2,8,17,26.28,-6.07,39.27,Female,15-29 yrs,NO,Other,Index Case,ASSA-KHERI DISPENSARY,MJINI,PRIVATE,UNGUJA,KIDONGO CHEKUNDU,90080,123408,222374.0,1.45,31.14,25.02,67.8,95.2,VICTORIA GARDEN,True
MJINI,2019,2,9,24,23.7,-6.16,39.22,Female,5-14 yrs,NO,Other,Index Case,ICB DISPENSARY,MJINI,PRIVATE,UNGUJA,SHANGANI,90355,123515,222374.0,91.17,32.71,24.65,67.55,95.2,VICTORIA GARDEN,True
MJINI,2019,3,9,1,28.08,-6.06,39.28,Male,5-14 yrs,NO,Other,Other Household Member,ZIWANI POLICE,MJINI,PUBLIC,UNGUJA,CHUMBUNI,90549,123472,222374.0,15.34,33.93,24.38,70.79,95.2,VICTORIA GARDEN,False
MJINI,2019,3,10,3,24.34,-6.16,39.21,Male,45+ yrs,YES,Other,Index Case,MNAZI MMOJA HOSPITAL,MJINI,PUBLIC,UNGUJA,KIPONDA,90592,123529,222374.0,13.31,34.02,24.96,72.72,95.2,VICTORIA GARDEN,True
MJINI,2019,3,11,10,19.38,-6.13,39.24,Female,45+ yrs,NO,Other,Other Household Member,ZIWANI POLICE,MJINI,PUBLIC,UNGUJA,NYERERE,90837,123566,222374.0,0.0,32.69,25.32,74.08,95.2,VICTORIA GARDEN,True
MJINI,2019,3,12,17,25.61,-6.13,39.24,Male,30-44 yrs,NO,Other,Other Household Member,ZIWANI POLICE,MJINI,PUBLIC,UNGUJA,KARAKANA,91040,123573,222374.0,0.0,34.11,25.47,73.64,95.2,VICTORIA GARDEN,True
MJINI,2019,3,13,25,22.39,-6.09,39.26,Female,30-44 yrs,NO,Other,Other Household Member,ZIWANI POLICE,MJINI,PUBLIC,UNGUJA,MKUNAZINI,91393,123672,222374.0,2.26,34.57,25.0,72.94,95.2,VICTORIA GARDEN,True
MJINI,2019,3,14,31,32.71,-6.03,39.3,Female,5-14 yrs,NO,Other,Other Household Member,ZIWANI POLICE,MJINI,PUBLIC,UNGUJA,KWAMTIPURA,91646,123735,222374.0,4.16,32.5,24.68,71.35,95.2,VICTORIA GARDEN,False
MJINI,2019,4,14,1,20.99,-6.1,39.24,Female,30-44 yrs,NO,Other,Other Household Member,ZIWANI POLICE,MJINI,PUBLIC,UNGUJA,JANGOMBE,91679,123724,222374.0,29.02,32.86,25.69,86.79,95.2,VICTORIA GARDEN,True
MJINI,2019,4,15,7,20.6,-6.13,39.23,Male,15-29 yrs,YES,Other,Index Case,BUBUBU MEDICAL DISPENSARY,MJINI,PRIVATE,UNGUJA,CHUMBUNI,91847,123782,222374.0,22.14,31.42,25.4,87.46,95.2,VICTORIA GARDEN,True
MJINI,2019,4,16,14,24.97,-6.06,39.3,Female,15-29 yrs,NO,Other,Index Case,ICB DISPENSARY,MJINI,PRIVATE,UNGUJA,KISIWANDUI,92019,123842,222374.0,16.86,31.53,25.26,87.2,95.2,VICTORIA GARDEN,True
MJINI,2019,4,17,21,24.7,-6.14,39.22,Male,15-29 yrs,NO,Other,Index Case,UTAPOA DISPENSARY,MJINI,PRIVATE,UNGUJA,SAATENI,92258,123887,222374.0,8.04,31.87,25.12,87.0,95.2,VICTORIA GARDEN,True
MJINI,2019,4,18,28,26.53,-6.01,39.31,Male,5-14 yrs,YES,Other,Index Case,ASSA-KHERI DISPENSARY,MJINI,PRIVATE,UNGUJA,MKELE,92411,123935,222374.0,0.0,31.68,25.13,87.75,95.2,VICTORIA GARDEN,False
MJINI,2019,5,18,1,34.5,-6.01,39.32,Male,45+ yrs,YES,Other,Index Case,ZIWANI POLICE,MJINI,PUBLIC,UNGUJA,MWEMBEMAKUMBI,92508,123985,222374.0,185.22,31.32,24.98,85.87,95.2,VICTORIA GARDEN,False
MJINI,2019,5,19,6,20.78,-6.08,39.26,Female,45+ yrs,NO,Other,Other Household Member,ZIWANI POLICE,MJINI,PUBLIC,UNGUJA,MKUNAZINI,92677,123905,222374.0,136.63,30.34,24.97,87.09,95.2,VICTORIA GARDEN,True
MJINI,2019,5,20,12,26.27,-6.14,39.22,Male,5-14 yrs,NO,Other,Other Household Member,ZIWANI POLICE,MJINI,PUBLIC,UNGUJA,MKUNAZINI,93010,124096,222374.0,91.09,29.27,25.16,86.39,95.2,VICTORIA GARDEN,True
MJINI,2019,5,21,19,26.5,-6.14,39.22,Female,< 5 yrs,NO,Other,Other Household Member,ZIWANI POLICE,MJINI,PUBLIC,UNGUJA,BANKO,93403,124060,222374.0,23.38,29.61,24.42,86.1,95.2,VICTORIA GARDEN,True
MJINI,2019,5,22,26,25.17,-6.15,39.22,Female,15-29 yrs,NO,Other,Index Case,ICB DISPENSARY,MJINI,PRIVATE,UNGUJA,MAGOMENI,93988,124316,222374.0,67.21,29.86,24.57,85.83,95.2,VICTORIA GARDEN,True
MJINI,2019,6,22,1,17.5,-6.12,39.25,Female,15-29 yrs,NO,Other,Other Household Member,ZIWANI POLICE,MJINI,PUBLIC,UNGUJA,SOGEA,94345,124366,222374.0,0.0,30.71,24.09,71.1,95.2,VICTORIA GARDEN,False
MJINI,2019,6,23,2,23.48,-6.11,39.25,Female,5-14 yrs,NO,Other,Other Household Member,ZIWANI POLICE,MJINI,PUBLIC,UNGUJA,NYERERE,94364,124354,222374.0,0.0,30.17,24.02,71.23,95.2,VICTORIA GARDEN,True
MJINI,2019,6,24,9,25.57,-6.11,39.23,Female,30-44 yrs,NO,Other,Other Household Member,ZIWANI POLICE,MJINI,PUBLIC,UNGUJA,KISIWANDUI,94618,124482,222374.0,0.0,29.44,24.08,72.02,95.2,VICTORIA GARDEN,True
MJINI,2019,6,25,16,25.03,-6.08,39.25,Female,15-29 yrs,NO,Other,Index Case,ZIWANI POLICE,MJINI,PUBLIC,UNGUJA,JANGOMBE,95098,124675,222374.0,0.0,29.96,23.62,72.22,95.2,VICTORIA GARDEN,True
MJINI,2019,6,26,23,25.81,-6.15,39.23,Female,30-44 yrs,NO,Other,Index Case,UTAPOA DISPENSARY,MJINI,PRIVATE,UNGUJA,KWAALIMSHA,95674,124793,222374.0,0.0,29.33,23.92,72.05,95.2,VICTORIA GARDEN,True
MJINI,2019,6,27,30,20.07,-6.17,39.21,Male,5-14 yrs,NO,Other,Index Case,HUDUMA DISPENSARY,MJINI,PRIVATE,UNGUJA,MWEMBEMAKUMBI,96232,125016,222374.0,0.0,29.07,23.97,71.75,95.2,VICTORIA GARDEN,False
MJINI,2019,7,27,1,23.18,-6.15,39.23,Male,30-44 yrs,NO,Civil Servant,Other Household Member,ZIWANI POLICE,MJINI,PUBLIC,UNGUJA,KWAALINATU,96289,124937,222374.0,0.0,30.31,23.39,68.93,95.2,VICTORIA GARDEN,True
MJINI,2019,7,28,7,26.1,-6.09,39.26,Male,30-44 yrs,YES,Business,Index Case,ZIWANI POLICE,MJINI,PUBLIC,UNGUJA,KWAHANI,96895,125367,222374.0,0.0,29.84,24.05,69.38,95.2,VICTORIA GARDEN,True
MJINI,2019,7,29,14,24.88,-6.16,39.22,Female,15-29 yrs,NO,Other,Index Case,GULIONI DISPENSARY,MJINI,PRIVATE,UNGUJA,MAKADARA,97326,125571,222374.0,0.2,29.03,23.41,69.07,95.2,VICTORIA GARDEN,True
MJINI,2019,7,30,21,26.81,-6.15,39.22,Female,30-44 yrs,YES,Other,Index Case,UTAPOA DISPENSARY,MJINI,PRIVATE,UNGUJA,MKUNAZINI,98086,125711,222374.0,0.2,29.22,23.12,69.0,95.2,VICTORIA GARDEN,True
MJINI,2019,7,31,28,26.1,-6.17,39.21,Male,30-44 yrs,NO,Business,Other Household Member,ZIWANI POLICE,MJINI,PUBLIC,UNGUJA,MPENDAE,98746,125632,222374.0,0.0,29.15,23.76,68.96,95.2,VICTORIA GARDEN,True
MJINI,2019,8,31,1,25.82,-6.15,39.22,Male,15-29 yrs,NO,Student,Other Household Member,ZIWANI POLICE,MJINI,PUBLIC,UNGUJA,MKELE,99170,125914,222374.0,9.77,30.41,21.78,74.11,95.2,VICTORIA GARDEN,True
MJINI,2019,8,32,4,28.23,-6.15,39.22,Male,15-29 yrs,NO,Civil Servant,Other Household Member,ZIWANI POLICE,MJINI,PUBLIC,UNGUJA,KIKWAJUNI JUU,99324,125964,222374.0,11.22,29.16,22.77,73.39,95.2,VICTORIA GARDEN,True
MJINI,2019,8,33,11,21.65,-6.15,39.21,Male,15-29 yrs,NO,Student,Other Household Member,ZIWANI POLICE,MJINI,PUBLIC,UNGUJA,MLANDEGE,99710,126095,222374.0,4.53,29.0,23.18,73.07,95.2,VICTORIA GARDEN,True
MJINI,2019,8,34,18,23.7,-6.17,39.21,Male,15-29 yrs,NO,Student,Other Household Member,ZIWANI POLICE,MJINI,PUBLIC,UNGUJA,KWAMTIPURA,100126,126224,222374.0,0.0,30.19,23.52,73.58,95.2,VICTORIA GARDEN,True
MJINI,2019,8,35,25,25.12,-6.16,39.21,Male,30-44 yrs,NO,Other,Index Case,ICB DISPENSARY,MJINI,PRIVATE,UNGUJA,KIKWAJUNI JUU,100514,126368,222374.0,6.23,29.5,22.76,73.44,95.2,VICTORIA GARDEN,True
MJINI,2019,9,36,1,22.02,-6.15,39.22,Female,< 5 yrs,NO,Other,Other Household Member,ZIWANI POLICE,MJINI,PUBLIC,UNGUJA,SAATENI,100749,126399,222374.0,0.09,28.54,23.01,74.12,95.2,VICTORIA GARDEN,True
MJINI,2019,9,37,8,26.13,-6.16,39.21,Female,45+ yrs,NO,Other,Other Household Member,ZIWANI POLICE,MJINI,PUBLIC,UNGUJA,SHAURIMOYO,101098,126523,222374.0,9.44,29.94,22.21,74.05,95.2,VICTORIA GARDEN,True
MJINI,2019,9,38,15,25.18,-6.14,39.22,Male,15-29 yrs,NO,Civil Servant,Other Household Member,ZIWANI POLICE,MJINI,PUBLIC,UNGUJA,KIKWAJUNI BONDENI,101395,126628,222374.0,4.32,30.16,22.65,73.46,95.2,VICTORIA GARDEN,True
MJINI,2019,9,39,22,25.0,-6.15,39.23,Male,45+ yrs,NO,Civil Servant,Index Case,ZIWANI POLICE,MJINI,PUBLIC,UNGUJA,MWEMBESHAURI,101688,126728,222374.0,1.14,30.03,22.89,72.89,95.2,VICTORIA GARDEN,True
MJINI,2019,9,40,29,19.4,-6.16,39.2,Female,5-14 yrs,YES,Student,Index Case,AL-RAHMA HOSPITAL,MJINI,PRIVATE,UNGUJA,MWEMBELADU,101851,126810,222374.0,9.86,30.02,24.38,73.17,95.2,VICTORIA GARDEN,False
MJINI,2019,10,40,1,31.52,-6.16,39.21,Male,15-29 yrs,YES,Business,Index Case,MPENDAE PHCU+,MJINI,PUBLIC,UNGUJA,MPENDAE,101896,126828,222374.0,42.36,30.25,24.59,76.68,95.2,VICTORIA GARDEN,False
MJINI,2019,10,41,6,27.25,-6.17,39.22,Female,15-29 yrs,YES,Student,Index Case,ZIWANI POLICE,MJINI,PUBLIC,UNGUJA,KWAHANI,102073,126867,222374.0,56.03,29.37,24.22,77.41,95.2,VICTORIA GARDEN,True
MJINI,2019,10,42,13,30.53,-6.16,39.21,Male,5-14 yrs,YES,Other,Index Case,HURUMA DISPENSARY,MJINI,PRIVATE,UNGUJA,MAGOMENI,102251,126950,222374.0,103.29,29.44,24.16,78.37,95.2,VICTORIA GARDEN,True
MJINI,2019,10,43,20,24.86,-6.16,39.22,Male,15-29 yrs,NO,Civil Servant,Index Case,HASSAN CLINIC,MJINI,PRIVATE,UNGUJA,AMANI,102672,126989,222374.0,94.2,29.33,23.95,77.32,95.2,VICTORIA GARDEN,True
MJINI,2019,10,44,27,29.18,-6.16,39.21,Male,30-44 yrs,YES,Business,Index Case,ASSA-KHERI DISPENSARY,MJINI,PRIVATE,UNGUJA,KILIMAHEWA BONDENI,103009,127047,222374.0,78.6,30.38,24.21,77.26,95.2,VICTORIA GARDEN,True
MJINI,2019,11,44,1,24.62,-6.15,39.22,Female,5-14 yrs,YES,Student,Index Case,MAGOGONI PHCU+,MJINI,PUBLIC,UNGUJA,MAGOMENI,103165,127095,222374.0,20.49,32.12,24.84,78.11,95.2,VICTORIA GARDEN,False
MJINI,2019,11,45,3,23.94,-6.16,39.21,Male,15-29 yrs,NO,Other,Other Household Member,ZIWANI POLICE,MJINI,PUBLIC,UNGUJA,JANGOMBE,103188,127102,222374.0,25.9,30.89,24.82,77.39,95.2,VICTORIA GARDEN,True
MJINI,2019,11,46,10,22.7,-6.14,39.22,Male,15-29 yrs,YES,Business,Index Case,ZIWANI POLICE,MJINI,PUBLIC,UNGUJA,MATARUMBETA ,103510,127217,222374.0,42.59,30.72,24.32,77.23,95.2,VICTORIA GARDEN,True
MJINI,2019,11,47,17,23.08,-6.17,39.21,Female,5-14 yrs,NO,Student,Other Household Member,ZIWANI POLICE,MJINI,PUBLIC,UNGUJA,MAKADARA,103821,127278,222374.0,30.08,31.01,24.69,76.26,95.2,VICTORIA GARDEN,True
MJINI,2019,11,48,24,27.06,-6.15,39.22,Male,15-29 yrs,NO,Business,Other Household Member,ZIWANI POLICE,MJINI,PUBLIC,UNGUJA,JANGOMBE,104224,127416,222374.0,10.35,31.3,24.48,76.08,95.2,VICTORIA GARDEN,True
MJINI,2019,12,49,1,28.82,-6.11,39.25,Male,15-29 yrs,YES,Business,Index Case,SEBLENI PHCU,MJINI,PUBLIC,UNGUJA,SEBLENI,105041,127740,222374.0,44.09,32.48,24.51,75.51,95.2,VICTORIA GARDEN,True
MJINI,2019,12,50,8,21.87,-6.09,39.25,Male,30-44 yrs,NO,Business,Other Household Member,ZIWANI POLICE,MJINI,PUBLIC,UNGUJA,KIKWAJUNI JUU,105664,127672,222374.0,7.79,32.36,25.27,75.75,95.2,VICTORIA GARDEN,True
MJINI,2019,12,51,15,24.5,-6.06,39.28,Female,15-29 yrs,YES,Student,Index Case,ZIWANI POLICE,MJINI,PUBLIC,UNGUJA,KWAALINATU,106835,128431,222374.0,50.43,32.07,24.89,75.41,95.2,VICTORIA GARDEN,True
MJINI,2019,12,52,22,24.19,-6.07,39.27,Male,15-29 yrs,NO,Other,Index Case,ZIWANI POLICE,URBAN,PUBLIC,UNGUJA,KWAALINATU,108150,128982,222374.0,35.09,33.12,25.13,75.55,95.2,VICTORIA GARDEN,True
MJINI,2019,12,53,29,21.59,-6.06,39.28,Male,< 5 yrs,NO,Other,Index Case,MNAZI MMOJA HOSPITAL,URBAN,PUBLIC,UNGUJA,MNAZIMMOJA,109351,129673,222374.0,7.27,31.69,26.06,77.29,95.2,VICTORIA GARDEN,True
MJINI,2020,1,1,1,21.49,-6.06,39.28,Male,30-44 yrs,NO,Other,Index Case,MNAZI MMOJA HOSPITAL,URBAN,PUBLIC,UNGUJA,MIEMBENI,109914,129972,415012.0,0.0,33.95,26.1,74.71,96.9,VICTORIA GARDEN,True
MJINI,2020,1,2,5,22.85,-6.06,39.28,Male,15-29 yrs,NO,Other,Index Case,MNAZI MMOJA HOSPITAL,URBAN,PUBLIC,UNGUJA,KARAKANA,110614,130293,415012.0,1.36,32.46,25.49,75.44,96.9,VICTORIA GARDEN,True
MJINI,2020,1,3,12,20.81,-6.09,39.26,Male,15-29 yrs,NO,Business,Other Household Member,ZIWANI POLICE,MJINI,PUBLIC,UNGUJA,MIEMBENI,111890,130296,415012.0,23.26,32.34,25.41,74.69,96.9,VICTORIA GARDEN,True
MJINI,2020,1,4,19,22.57,-6.09,39.26,Male,30-44 yrs,NO,Other,Index Case,MNAZI MMOJA HOSPITAL,URBAN,PUBLIC,UNGUJA,MNAZIMMOJA,113633,131811,415012.0,58.53,31.07,25.81,74.23,96.9,VICTORIA GARDEN,True
MJINI,2020,1,5,26,23.16,-6.1,39.26,Male,< 5 yrs,NO,Other,Index Case,ZIWANI POLICE,URBAN,PUBLIC,UNGUJA,KWAALINATU,115203,132601,415012.0,12.48,30.8,25.96,73.83,96.9,VICTORIA GARDEN,True
MJINI,2020,2,5,1,16.37,-6.08,39.27,Male,< 5 yrs,NO,Other,Index Case,MODERN DISPENSARY,CENTRAL,PRIVATE,UNGUJA,MWEMBESHAURI,116160,133165,415012.0,0.3,34.73,24.13,76.05,96.9,VICTORIA GARDEN,True
MJINI,2020,2,6,2,20.87,-6.1,39.25,Male,30-44 yrs,NO,Other,Index Case,M&J DISPENSARY,MJINI,PRIVATE,UNGUJA,MPENDAE,116236,133213,415012.0,0.29,32.51,24.99,74.61,96.9,VICTORIA GARDEN,True
MJINI,2020,2,7,9,21.09,-6.06,39.28,Male,30-44 yrs,NO,Business,Other Household Member,ZIWANI POLICE,MJINI,PUBLIC,UNGUJA,KIKWAJUNI JUU,116969,133280,415012.0,0.0,31.44,25.15,75.3,96.9,VICTORIA GARDEN,True
MJINI,2020,2,8,16,17.95,-6.05,39.29,Male,5-14 yrs,NO,Other,Index Case,UTAPOA DISPENSARY,MJINI,PRIVATE,UNGUJA,MIEMBENI,117566,131825,415012.0,15.03,31.52,25.65,75.13,96.9,VICTORIA GARDEN,True
MJINI,2020,2,9,23,24.96,-6.07,39.28,Male,15-29 yrs,NO,Other,Index Case,MAFUNZO-MAKAOO MAKUU,URBAN,PUBLIC,UNGUJA,KWAALINATU,118269,134312,415012.0,6.48,32.23,25.87,75.45,96.9,VICTORIA GARDEN,True
MJINI,2020,3,10,1,26.28,-6.14,39.24,Female,30-44 yrs,NO,Business,Index Case,UTAPOA DISPENSARY,MJINI,PRIVATE,UNGUJA,KWAHANI,118913,134660,415012.0,19.2,32.08,25.57,78.75,96.9,VICTORIA GARDEN,True
MJINI,2020,3,11,8,25.19,-6.13,39.24,Male,30-44 yrs,YES,Fisherman,Index Case,GULIONI DISPENSARY,MJINI,PRIVATE,UNGUJA,SHAURIMOYO,119548,134895,415012.0,39.4,31.74,25.18,78.6,96.9,VICTORIA GARDEN,True
MJINI,2020,3,12,15,26.29,-6.16,39.22,Female,45+ yrs,NO,Other,Other Household Member,ZIWANI POLICE,MJINI,PUBLIC,UNGUJA,SOGEA,120126,132838,415012.0,14.2,32.06,25.72,78.41,96.9,VICTORIA GARDEN,True
MJINI,2020,3,13,22,28.05,-6.15,39.22,Female,< 5 yrs,NO,Other,Other Household Member,ZIWANI POLICE,MJINI,PUBLIC,UNGUJA,SOGEA,120637,130390,415012.0,5.94,31.75,25.66,78.52,96.9,VICTORIA GARDEN,True
MJINI,2020,3,14,29,24.2,-6.15,39.22,Female,30-44 yrs,NO,Civil Servant,Other Household Member,ZIWANI POLICE,MJINI,PUBLIC,UNGUJA,SEBLENI,121642,135310,415012.0,7.29,31.18,25.56,80.53,96.9,VICTORIA GARDEN,True
MJINI,2020,4,14,1,27.3,-6.16,39.22,Male,15-29 yrs,NO,Watchman/Police,Index Case,AL-RAHMA HOSPITAL,MJINI,PRIVATE,UNGUJA,RAHALEO,122104,135593,415012.0,3.93,33.09,25.92,86.41,96.9,VICTORIA GARDEN,True
MJINI,2020,4,15,5,26.32,-6.16,39.22,Male,15-29 yrs,NO,Student,Index Case,ZIWANI POLICE,MJINI,PUBLIC,UNGUJA,RAHALEO,122497,135725,415012.0,41.25,30.89,24.84,86.73,96.9,VICTORIA GARDEN,True
MJINI,2020,4,16,12,26.88,-6.15,39.22,Male,30-44 yrs,NO,Other,Index Case,KVZ MTONI,MJINI,PUBLIC,UNGUJA,MAKADARA,123121,135899,415012.0,114.19,29.85,24.34,86.4,96.9,VICTORIA GARDEN,True
MJINI,2020,4,17,19,29.58,-6.17,39.21,Male,15-29 yrs,NO,Watchman/Police,Index Case,M&J DISPENSARY,MJINI,PRIVATE,UNGUJA,MPENDAE,123784,136088,415012.0,162.16,29.28,24.59,86.87,96.9,VICTORIA GARDEN,True
MJINI,2020,4,18,26,27.25,-6.17,39.21,Female,15-29 yrs,NO,Business,Index Case,MAFUNZO-MAKAOO MAKUU,MJINI,PUBLIC,UNGUJA,SOGEA,124471,136280,415012.0,133.49,30.06,24.59,86.61,96.9,VICTORIA GARDEN,True
MJINI,2020,5,18,1,33.29,-6.17,39.22,Female,45+ yrs,NO,Other,Other Household Member,ZIWANI POLICE,MJINI,PUBLIC,UNGUJA,MIEMBENI,124935,136006,415012.0,44.74,29.99,25.32,84.66,96.9,VICTORIA GARDEN,True
MJINI,2020,5,19,3,28.85,-6.17,39.21,Female,30-44 yrs,NO,Other,Other Household Member,ZIWANI POLICE,MJINI,PUBLIC,UNGUJA,MWEMBESHAURI,125069,136214,415012.0,36.21,29.83,24.89,83.68,96.9,VICTORIA GARDEN,True
MJINI,2020,5,20,10,27.58,-6.17,39.22,Female,30-44 yrs,NO,Civil Servant,Other Household Member,ZIWANI POLICE,MJINI,PUBLIC,UNGUJA,MWEMBESHAURI,125641,136532,415012.0,2.38,29.04,24.73,83.75,96.9,VICTORIA GARDEN,True
MJINI,2020,5,21,17,27.35,-6.17,39.22,Female,5-14 yrs,NO,Student,Other Household Member,ZIWANI POLICE,MJINI,PUBLIC,UNGUJA,SHAURIMOYO,126340,136775,415012.0,20.35,29.61,24.59,83.98,96.9,VICTORIA GARDEN,True
MJINI,2020,5,22,24,26.84,-6.15,39.23,Male,30-44 yrs,NO,Other,Index Case,ASSA-KHERI DISPENSARY,MJINI,PRIVATE,UNGUJA,MKELE,127043,137119,415012.0,3.91,30.41,24.42,83.65,96.9,VICTORIA GARDEN,True
MJINI,2020,5,23,31,30.84,-6.1,39.26,Male,15-29 yrs,NO,Other,Index Case,AL-RAHMA HOSPITAL,URBAN,PRIVATE,UNGUJA,MKUNAZINI,127852,137488,415012.0,4.99,30.4,23.3,83.5,96.9,VICTORIA GARDEN,True
MJINI,2020,6,23,1,26.66,-6.13,39.24,Male,30-44 yrs,NO,Civil Servant,Index Case,KIDONGO CHEKUNDU PHCU,MJINI,PUBLIC,UNGUJA,MKUNAZINI,128011,137526,415012.0,0.0,30.15,24.77,77.29,96.9,VICTORIA GARDEN,True
MJINI,2020,6,24,7,27.73,-6.14,39.23,Male,15-29 yrs,NO,Other,Index Case,AL-RAHMA HOSPITAL,MJINI,PRIVATE,UNGUJA,MPENDAE,128550,137848,415012.0,0.08,30.21,24.42,77.28,96.9,VICTORIA GARDEN,True
MJINI,2020,6,25,14,30.01,-6.15,39.22,Male,30-44 yrs,NO,Civil Servant,Index Case,HASSAN CLINIC,MJINI,PRIVATE,UNGUJA,JANGOMBE,129447,138237,415012.0,0.04,29.45,24.42,77.6,96.9,VICTORIA GARDEN,True
MJINI,2020,6,26,21,28.19,-6.15,39.21,Male,15-29 yrs,NO,Business,Other Household Member,ZIWANI POLICE,MJINI,PUBLIC,UNGUJA,MPENDAE,130293,138462,415012.0,0.0,29.23,24.06,77.54,96.9,VICTORIA GARDEN,True
MJINI,2020,6,27,28,27.91,-6.13,39.23,Male,30-44 yrs,NO,Business,Other Household Member,ZIWANI POLICE,MJINI,PUBLIC,UNGUJA,MWEMBEMAKUMBI,131164,138754,415012.0,0.0,28.1,24.31,76.46,96.9,VICTORIA GARDEN,True
MJINI,2020,7,27,1,26.85,-6.16,39.21,Female,15-29 yrs,NO,Business,Index Case,KIDUTANI PHCU,MJINI,PUBLIC,UNGUJA,MKUNAZINI,131656,139076,415012.0,0.0,29.77,23.6,75.38,96.9,VICTORIA GARDEN,True
MJINI,2020,7,28,5,26.93,-6.16,39.21,Male,45+ yrs,NO,Business,Other Household Member,ZIWANI POLICE,MJINI,PUBLIC,UNGUJA,CHUMBUNI,132106,139185,415012.0,5.03,28.38,23.56,73.78,96.9,VICTORIA GARDEN,True
MJINI,2020,7,29,12,27.46,-6.16,39.21,Male,15-29 yrs,NO,Other,Index Case,ZIWANI POLICE,MJINI,PUBLIC,UNGUJA,RAHALEO,132935,139578,415012.0,12.72,28.6,23.39,74.69,96.9,VICTORIA GARDEN,True
MJINI,2020,7,30,19,25.21,-6.15,39.21,Male,15-29 yrs,NO,Other,Other Household Member,ZIWANI POLICE,MJINI,PUBLIC,UNGUJA,KIPONDA,133531,139523,415012.0,1.04,27.97,22.98,75.22,96.9,VICTORIA GARDEN,True
MJINI,2020,7,31,26,28.53,-6.16,39.21,Female,30-44 yrs,NO,Other,Other Household Member,ZIWANI POLICE,MJINI,PUBLIC,UNGUJA,KIPONDA,134198,139907,415012.0,3.4,28.85,23.69,74.15,96.9,VICTORIA GARDEN,True
MJINI,2020,8,31,1,31.78,-6.17,39.21,Female,15-29 yrs,NO,Other,Other Household Member,ZIWANI POLICE,MJINI,PUBLIC,UNGUJA,MKUNAZINI,134695,140105,415012.0,0.0,29.31,22.37,76.85,96.9,VICTORIA GARDEN,False
MJINI,2020,8,32,2,30.58,-6.16,39.21,Male,30-44 yrs,NO,Business,Other Household Member,ZIWANI POLICE,MJINI,PUBLIC,UNGUJA,MPENDAE,134711,140103,415012.0,0.0,29.09,22.82,77.45,96.9,VICTORIA GARDEN,True
MJINI,2020,8,33,9,29.91,-6.16,39.21,Male,30-44 yrs,NO,Watchman/Police,Index Case,MAFUNZO-MAKAOO MAKUU,MJINI,PUBLIC,UNGUJA,MIGOMBANI,135161,140261,415012.0,0.0,28.67,22.02,77.73,96.9,VICTORIA GARDEN,True
MJINI,2020,8,34,16,29.02,-6.15,39.22,Female,15-29 yrs,NO,Civil Servant,Other Household Member,ZIWANI POLICE,MJINI,PUBLIC,UNGUJA,KILIMAHEWA JUU,135600,140421,415012.0,9.43,29.06,23.17,77.79,96.9,VICTORIA GARDEN,True
MJINI,2020,8,35,23,27.14,-6.16,39.21,Female,45+ yrs,YES,Other,Index Case,MINA DISPENSARY,MJINI,PRIVATE,UNGUJA,KARAKANA,136015,142120,415012.0,7.8,29.06,22.79,77.89,96.9,VICTORIA GARDEN,True
MJINI,2020,8,36,30,30.38,-6.16,39.2,Female,15-29 yrs,NO,Business,Other Household Member,ZIWANI POLICE,MJINI,PUBLIC,UNGUJA,MARUHUBI,136526,140654,415012.0,11.85,28.15,23.85,77.3,96.9,VICTORIA GARDEN,False
MJINI,2020,9,36,1,24.48,-6.17,39.21,Male,15-29 yrs,YES,Student,Index Case,ASSA-KHERI DISPENSARY,MJINI,PRIVATE,UNGUJA,SEBLENI,136745,140761,415012.0,0.49,29.68,23.52,81.75,96.9,VICTORIA GARDEN,True
MJINI,2020,9,37,6,25.65,-6.16,39.21,Male,30-44 yrs,NO,Business,Other Household Member,ZIWANI POLICE,MJINI,PUBLIC,UNGUJA,KWAMTUMWAJENI,137005,140801,415012.0,0.57,28.92,23.38,81.07,96.9,VICTORIA GARDEN,True
MJINI,2020,9,38,13,23.98,-6.16,39.21,Female,30-44 yrs,NO,Business,Other Household Member,ZIWANI POLICE,MJINI,PUBLIC,UNGUJA,SHAURIMOYO,137452,140946,415012.0,0.91,29.54,23.24,82.38,96.9,VICTORIA GARDEN,True
MJINI,2020,9,39,20,26.35,-6.17,39.21,Male,30-44 yrs,NO,Business,Other Household Member,ZIWANI POLICE,MJINI,PUBLIC,UNGUJA,MEYA,137859,141129,415012.0,2.07,28.89,23.0,81.48,96.9,VICTORIA GARDEN,True
MJINI,2020,9,40,27,24.16,-6.17,39.21,Female,5-14 yrs,NO,Student,Index Case,ICB DISPENSARY,MJINI,PRIVATE,UNGUJA,SHANGANI,138265,141278,415012.0,5.07,30.36,22.71,81.72,96.9,VICTORIA GARDEN,True
MJINI,2020,10,40,1,28.27,-6.17,39.21,Female,30-44 yrs,YES,Business,Index Case,ZANZIBAR MEDICAL GROUP,MJINI,PRIVATE,UNGUJA,MKUNAZINI,138591,141383,415012.0,5.69,31.95,23.44,82.19,96.9,VICTORIA GARDEN,True
MJINI,2020,10,41,4,25.68,-6.17,39.21,Male,45+ yrs,NO,Civil Servant,Other Household Member,ZIWANI POLICE,MJINI,PUBLIC,UNGUJA,MIEMBENI,138742,141414,415012.0,4.57,30.0,23.21,82.45,96.9,VICTORIA GARDEN,True
MJINI,2020,10,42,11,27.54,-6.16,39.21,Female,15-29 yrs,NO,Other,Other Household Member,ZIWANI POLICE,MJINI,PUBLIC,UNGUJA,JANGOMBE,139135,141557,415012.0,4.07,31.59,23.58,81.91,96.9,VICTORIA GARDEN,True
MJINI,2020,10,43,18,29.76,-6.16,39.21,Male,30-44 yrs,YES,Fisherman,Index Case,MAFUNZO-MAKAOO MAKUU,MJINI,PUBLIC,UNGUJA,KWAALINATU,139498,141684,415012.0,29.36,30.73,23.04,81.72,96.9,VICTORIA GARDEN,True
MJINI,2020,10,44,25,25.93,-6.16,39.22,Male,15-29 yrs,NO,Business,Other Household Member,ZIWANI POLICE,MJINI,PUBLIC,UNGUJA,KIDONGO CHEKUNDU,139729,141705,415012.0,17.3,31.0,24.49,82.21,96.9,VICTORIA GARDEN,True
MJINI,2020,11,45,1,29.67,-6.16,39.22,Male,15-29 yrs,YES,Business,Index Case,UTAPOA DISPENSARY,MJINI,PRIVATE,UNGUJA,MWEMBEMAKUMBI,139855,141818,415012.0,19.56,30.08,23.25,83.46,96.9,VICTORIA GARDEN,True
MJINI,2020,11,46,8,27.22,-6.16,39.22,Male,15-29 yrs,NO,Student,Index Case,GULIONI DISPENSARY,MJINI,PRIVATE,UNGUJA,MWEMBEMAKUMBI,139996,142096,415012.0,41.67,29.68,23.88,82.53,96.9,VICTORIA GARDEN,True
MJINI,2020,11,47,15,31.84,-6.16,39.21,Male,45+ yrs,YES,Fisherman,Index Case,UTAPOA DISPENSARY,MJINI,PRIVATE,UNGUJA,MAKADARA,140147,141971,415012.0,34.29,30.29,24.39,82.83,96.9,VICTORIA GARDEN,True
MJINI,2020,11,48,22,25.32,-6.16,39.22,Male,15-29 yrs,YES,Student,Index Case,KUNDI DISPENSARY,MJINI,PRIVATE,UNGUJA,CHUMBUNI,140377,142068,415012.0,48.45,30.43,25.01,82.89,96.9,VICTORIA GARDEN,True
MJINI,2020,11,49,29,28.06,-6.15,39.22,Female,15-29 yrs,NO,Business,Other Household Member,ZIWANI POLICE,MJINI,PUBLIC,UNGUJA,KWAHANI,140702,142179,415012.0,167.56,30.91,25.39,82.75,96.9,VICTORIA GARDEN,True
MJINI,2020,12,49,1,22.85,-6.17,39.22,Male,45+ yrs,NO,Fisherman,Index Case,ASSA-KHERI DISPENSARY,MJINI,PRIVATE,UNGUJA,SEBLENI,140895,142255,415012.0,10.19,31.34,24.54,80.46,96.9,VICTORIA GARDEN,True
MJINI,2020,12,50,6,29.52,-6.16,39.22,Male,5-14 yrs,NO,Other,Index Case,MNAZI MMOJA HOSPITAL,MJINI,PUBLIC,UNGUJA,NYERERE,141253,142363,415012.0,5.37,31.59,24.95,80.94,96.9,VICTORIA GARDEN,True
MJINI,2020,12,51,13,26.77,-6.17,39.22,Male,< 5 yrs,YES,Student,Index Case,ICB DISPENSARY,MJINI,PRIVATE,UNGUJA,MKUNAZINI,141814,142602,415012.0,2.8,31.46,24.79,80.48,96.9,VICTORIA GARDEN,True
MJINI,2020,12,52,20,26.11,-6.16,39.21,Male,< 5 yrs,NO,Other,Other Household Member,ZIWANI POLICE,MJINI,PUBLIC,UNGUJA,KILIMAHEWA BONDENI,142726,142848,415012.0,5.73,31.59,24.8,80.79,96.9,VICTORIA GARDEN,True
MJINI,2020,12,53,27,25.48,-6.17,39.21,Male,15-29 yrs,NO,Fisherman,Other Household Member,ZIWANI POLICE,MJINI,PUBLIC,UNGUJA,KIKWAJUNI BONDENI,143507,143146,415012.0,11.38,31.15,25.7,80.75,96.9,VICTORIA GARDEN,True
MJINI,2021,1,1,1,26.25,-6.17,39.21,Female,15-29 yrs,NO,Watchman/Police,Index Case,ZIWANI POLICE,MJINI,PUBLIC,UNGUJA,KWAALINATU,144300,143511,878264.0,4.55,32.09,25.16,79.14,94.7,VICTORIA GARDEN,True
MJINI,2021,1,2,3,27.85,-6.16,39.21,Male,45+ yrs,NO,Other,Index Case,ZIWANI POLICE,MJINI,PUBLIC,UNGUJA,MAGOMENI,144460,143508,878264.0,5.35,31.23,24.96,79.18,94.7,VICTORIA GARDEN,True
MJINI,2021,1,3,10,24.53,-6.17,39.21,Female,15-29 yrs,NO,Business,Other Household Member,ZIWANI POLICE,MJINI,PUBLIC,UNGUJA,MAGOMENI,145507,143699,878264.0,6.7,29.83,24.96,79.26,94.7,VICTORIA GARDEN,True
MJINI,2021,1,4,17,27.41,-6.16,39.21,Male,15-29 yrs,NO,Business,Index Case,ZMG DISPENSARY,MJINI,PRIVATE,UNGUJA,MNAZIMMOJA,146532,144096,878264.0,0.0,32.56,24.32,78.76,94.7,VICTORIA GARDEN,True
MJINI,2021,1,5,24,24.82,-6.16,39.21,Male,15-29 yrs,NO,Fisherman,Index Case,RAHALEO PHCU+,MJINI,PUBLIC,UNGUJA,KISIMA MAJONGOO,147430,144344,878264.0,0.0,32.16,24.72,79.26,94.7,VICTORIA GARDEN,True
MJINI,2021,1,6,31,24.0,-6.16,39.2,Male,15-29 yrs,YES,Business,Index Case,M&J DISPENSARY,MJINI,PRIVATE,UNGUJA,MAGOMENI,148235,144606,878264.0,0.0,30.22,23.84,78.55,94.7,VICTORIA GARDEN,False
MJINI,2021,2,6,1,25.94,-6.17,39.21,Female,15-29 yrs,NO,Other,Index Case,RAHALEO PHCU+,MJINI,PUBLIC,UNGUJA,MLANDEGE,148389,144622,878264.0,0.0,32.19,24.85,78.24,94.7,VICTORIA GARDEN,True
MJINI,2021,2,7,7,27.0,-6.17,39.21,Female,45+ yrs,NO,Other,Other Household Member,ZIWANI POLICE,MJINI,PUBLIC,UNGUJA,KILIMAHEWA BONDENI,148928,144709,878264.0,3.02,31.53,23.83,78.78,94.7,VICTORIA GARDEN,True
MJINI,2021,2,8,14,24.76,-6.17,39.21,Male,15-29 yrs,YES,Business,Index Case,ASSA-KHERI DISPENSARY,MJINI,PRIVATE,UNGUJA,MBORIBORINI,149472,144920,878264.0,1.74,32.35,25.17,78.78,94.7,VICTORIA GARDEN,True
MJINI,2021,2,9,21,29.02,-6.17,39.21,Female,15-29 yrs,NO,Other,Index Case,ZIWANI POLICE,MJINI,PUBLIC,UNGUJA,MUUNGANO,150001,145151,878264.0,2.6,31.66,25.0,77.7,94.7,VICTORIA GARDEN,True
MJINI,2021,2,10,28,27.14,-6.16,39.2,Female,15-29 yrs,NO,Business,Index Case,MAKAO MAKUU JKU,MJINI,PUBLIC,UNGUJA,MIKUNGUNI,150490,145229,878264.0,6.17,32.01,24.05,77.1,94.7,VICTORIA GARDEN,False
MJINI,2021,3,10,1,26.18,-6.17,39.21,Female,15-29 yrs,NO,Other,Index Case,KIDUTANI PHCU,MJINI,PUBLIC,UNGUJA,SHANGANI,150533,145242,878264.0,0.0,33.42,25.2,77.38,94.7,VICTORIA GARDEN,True
MJINI,2021,3,11,7,25.33,-6.17,39.21,Female,30-44 yrs,YES,Other,Index Case,MAFUNZO-MAKAOO MAKUU,MJINI,PUBLIC,UNGUJA,MAKADARA,150875,145391,878264.0,0.0,32.73,24.53,76.9,94.7,VICTORIA GARDEN,True
MJINI,2021,3,12,15,26.01,-6.16,39.21,Female,15-29 yrs,NO,Business,Other Household Member,ZIWANI POLICE,MJINI,PUBLIC,UNGUJA,MKELE,151327,145423,878264.0,4.98,32.19,24.52,77.17,94.7,VICTORIA GARDEN,True
MJINI,2021,3,13,21,26.15,-6.16,39.21,Male,30-44 yrs,NO,Other,Index Case,ZIWANI POLICE,MJINI,PUBLIC,UNGUJA,MUUNGANO,151717,145651,878264.0,4.93,31.98,25.11,77.77,94.7,VICTORIA GARDEN,True
MJINI,2021,3,14,28,25.0,-6.17,39.2,Male,15-29 yrs,NO,Other,Other Household Member,ZIWANI POLICE,MJINI,PUBLIC,UNGUJA,SHANGANI,152053,145626,878264.0,0.39,31.48,25.04,77.14,94.7,VICTORIA GARDEN,False
MJINI,2021,4,14,1,29.83,-6.17,39.21,Female,45+ yrs,NO,Business,Other Household Member,ZIWANI POLICE,MJINI,PUBLIC,UNGUJA,MATARUMBETA ,152303,145794,878264.0,14.69,31.74,25.76,85.52,94.7,VICTORIA GARDEN,False
MJINI,2021,4,15,4,31.88,-6.16,39.21,Male,15-29 yrs,NO,Fisherman,Other Household Member,ZIWANI POLICE,MJINI,PUBLIC,UNGUJA,SHANGANI,152405,145661,878264.0,28.69,30.84,25.02,83.88,94.7,VICTORIA GARDEN,False
MJINI,2021,4,16,11,24.92,-6.16,39.21,Female,15-29 yrs,YES,Business,Index Case,NYANGO DISPENSARY,MJINI,PRIVATE,UNGUJA,MAGOMENI,152675,145877,878264.0,67.54,29.96,24.25,84.68,94.7,VICTORIA GARDEN,True
MJINI,2021,4,17,18,24.04,-6.17,39.2,Female,30-44 yrs,YES,Other,Index Case,ZIWANI POLICE,MJINI,PUBLIC,UNGUJA,MATARUMBETA ,153098,146127,878264.0,34.16,28.78,24.46,84.78,94.7,VICTORIA GARDEN,True
MJINI,2021,4,18,25,30.28,-6.17,39.21,Male,15-29 yrs,NO,Business,Index Case,ASSA-KHERI DISPENSARY,MJINI,PRIVATE,UNGUJA,MKELE,153511,146169,878264.0,59.56,31.23,25.14,85.48,94.7,VICTORIA GARDEN,True
MJINI,2021,5,18,1,43.67,-6.16,39.2,Female,30-44 yrs,YES,Business,Index Case,KIPONDA MEDICAL CLINIC,MJINI,PRIVATE,UNGUJA,KIPONDA,153793,146280,878264.0,24.8,29.27,25.62,78.0,94.7,VICTORIA GARDEN,False
MJINI,2021,5,19,2,27.37,-6.16,39.2,Male,30-44 yrs,NO,Watchman/Police,Index Case,ZIWANI POLICE,MJINI,PUBLIC,UNGUJA,MIEMBENI,153835,146297,878264.0,25.84,28.68,24.06,79.26,94.7,VICTORIA GARDEN,True
MJINI,2021,5,20,9,26.12,-6.16,39.21,Female,45+ yrs,NO,Housewife,Other Household Member,ZIWANI POLICE,MJINI,PUBLIC,UNGUJA,AMANI,154340,146409,878264.0,1.62,30.77,24.71,77.65,94.7,VICTORIA GARDEN,True
MJINI,2021,5,21,16,28.25,-6.17,39.21,Male,5-14 yrs,NO,Other,Other Household Member,ZIWANI POLICE,MJINI,PUBLIC,UNGUJA,MUUNGANO,154586,146412,878264.0,0.16,30.86,25.1,78.56,94.7,VICTORIA GARDEN,True
MJINI,2021,5,22,23,26.35,-6.16,39.21,Male,45+ yrs,YES,Farmer,Index Case,ASSA-KHERI DISPENSARY,MJINI,PRIVATE,UNGUJA,AMANI,155298,146730,878264.0,0.0,30.14,24.86,78.6,94.7,VICTORIA GARDEN,True
MJINI,2021,5,23,30,21.03,-6.16,39.2,Female,15-29 yrs,YES,Business,Index Case,UTAPOA DISPENSARY,MJINI,PRIVATE,UNGUJA,MAKADARA,155857,147033,878264.0,0.0,29.31,25.39,77.88,94.7,VICTORIA GARDEN,False
MJINI,2021,6,23,1,28.57,-6.16,39.21,Male,15-29 yrs,NO,Business,Index Case,KWAMTIPURA PHCU,MJINI,PUBLIC,UNGUJA,MKELE,155986,146921,878264.0,1.14,29.46,24.13,74.5,94.7,VICTORIA GARDEN,True
MJINI,2021,6,24,6,28.05,-6.16,39.21,Male,45+ yrs,NO,Business,Index Case,MPENDAE PHCU+,MJINI,PUBLIC,UNGUJA,MIGOMBANI,156297,147028,878264.0,2.62,28.91,23.69,74.87,94.7,VICTORIA GARDEN,True
MJINI,2021,6,25,13,26.66,-6.15,39.22,Male,15-29 yrs,YES,Business,Index Case,JANGOMBE MATARUMBETA PHCU,MJINI,PUBLIC,UNGUJA,KIDONGO CHEKUNDU,156679,147139,878264.0,3.85,28.76,23.81,74.53,94.7,VICTORIA GARDEN,True
MJINI,2021,6,26,20,25.72,-6.14,39.23,Male,15-29 yrs,YES,Business,Index Case,ZIWANI POLICE,MJINI,PUBLIC,UNGUJA,KWAHANI,157079,147435,878264.0,1.93,28.57,22.92,74.72,94.7,VICTORIA GARDEN,True
MJINI,2021,6,27,27,22.47,-6.16,39.21,Male,5-14 yrs,NO,Student,Other Household Member,ZIWANI POLICE,MJINI,PUBLIC,UNGUJA,JANGOMBE,157619,147450,878264.0,0.55,28.08,22.75,75.43,94.7,VICTORIA GARDEN,True
MJINI,2021,7,27,1,22.55,-6.16,39.21,Female,5-14 yrs,NO,Student,Other Household Member,ZIWANI POLICE,MJINI,PUBLIC,UNGUJA,SHANGANI,157908,147541,878264.0,0.0,29.74,23.29,72.74,94.7,VICTORIA GARDEN,True
MJINI,2021,7,28,4,23.18,-6.16,39.21,Male,45+ yrs,YES,Watchman/Police,Index Case,ZIWANI POLICE,MJINI,PUBLIC,UNGUJA,KWAALINATU,158102,147659,878264.0,1.57,28.2,23.45,73.85,94.7,VICTORIA GARDEN,True
MJINI,2021,7,29,11,24.86,-6.17,39.21,Male,5-14 yrs,NO,Student,Other Household Member,ZIWANI POLICE,MJINI,PUBLIC,UNGUJA,RAHALEO,158427,147709,878264.0,10.07,28.58,24.17,72.9,94.7,VICTORIA GARDEN,True
MJINI,2021,7,30,18,25.11,-6.17,39.21,Female,15-29 yrs,NO,Other,Other Household Member,ZIWANI POLICE,MJINI,PUBLIC,UNGUJA,URUSI,158906,147876,878264.0,0.0,29.01,24.54,73.38,94.7,VICTORIA GARDEN,True
MJINI,2021,7,31,25,23.24,-6.15,39.22,Female,30-44 yrs,NO,Other,Other Household Member,ZIWANI POLICE,MJINI,PUBLIC,UNGUJA,MUUNGANO,159168,147954,878264.0,2.26,29.55,23.66,73.15,94.7,VICTORIA GARDEN,True
MJINI,2021,8,32,1,25.84,-6.17,39.21,Male,15-29 yrs,NO,Other,Other Household Member,ZIWANI POLICE,MJINI,PUBLIC,UNGUJA,JANGOMBE,159520,147919,878264.0,0.11,28.65,22.47,77.53,94.7,VICTORIA GARDEN,False
MJINI,2021,8,33,8,24.83,-6.16,39.22,Male,45+ yrs,NO,Business,Other Household Member,ZIWANI POLICE,MJINI,PUBLIC,UNGUJA,MKELE,159769,148125,878264.0,0.01,28.73,21.65,75.72,94.7,VICTORIA GARDEN,True
MJINI,2021,8,34,15,24.12,-6.14,39.23,Male,15-29 yrs,NO,Business,Other Household Member,ZIWANI POLICE,MJINI,PUBLIC,UNGUJA,NYERERE,160042,148264,878264.0,5.58,28.69,22.46,76.06,94.7,VICTORIA GARDEN,True
MJINI,2021,8,35,23,24.09,-6.16,39.21,Male,5-14 yrs,NO,Student,Other Household Member,ZIWANI POLICE,MJINI,PUBLIC,UNGUJA,MKELE,160332,148352,878264.0,5.36,29.75,22.06,76.25,94.7,VICTORIA GARDEN,True
MJINI,2021,8,36,30,14.51,-6.17,39.21,Male,< 5 yrs,NO,Under school age (<6 years),Other Household Member,ZIWANI POLICE,MJINI,PUBLIC,UNGUJA,MPENDAE,160564,148422,878264.0,2.8,28.45,21.86,77.88,94.7,VICTORIA GARDEN,False
MJINI,2021,9,36,1,39.33,-6.14,39.23,Female,15-29 yrs,NO,Other,Other Household Member,ZIWANI POLICE,MJINI,PUBLIC,UNGUJA,SOGEA,160641,148464,878264.0,0.0,30.34,23.67,75.67,94.7,VICTORIA GARDEN,False
MJINI,2021,9,37,5,23.38,-6.14,39.22,Male,< 5 yrs,YES,Other,Index Case,KMKM KAMA ,MJINI,PUBLIC,UNGUJA,CHUMBUNI,160733,148566,878264.0,2.47,28.61,23.76,74.71,94.7,VICTORIA GARDEN,True
MJINI,2021,9,38,13,27.11,-6.16,39.22,Female,15-29 yrs,NO,Housewife,Other Household Member,ZIWANI POLICE,MJINI,PUBLIC,UNGUJA,JANGOMBE,161176,148594,878264.0,5.36,28.61,23.4,74.81,94.7,VICTORIA GARDEN,True
MJINI,2021,9,39,19,22.53,-6.18,39.2,Male,5-14 yrs,NO,Student,Index Case,ZIWANI POLICE,MJINI,PUBLIC,UNGUJA,URUSI,161375,148658,878264.0,0.24,30.0,23.73,74.24,94.7,VICTORIA GARDEN,False
MJINI,2021,9,40,26,19.41,-6.17,39.21,Female,< 5 yrs,YES,Under school age (<6 years),Index Case,ZIWANI POLICE,MJINI,PUBLIC,UNGUJA,MIEMBENI,161604,148834,878264.0,0.27,30.28,22.48,74.89,94.7,VICTORIA GARDEN,True
MJINI,2021,10,40,1,24.0,-6.16,39.2,Male,15-29 yrs,YES,Business,Index Case,UTAPOA DISPENSARY,MJINI,PRIVATE,UNGUJA,KISIMA MAJONGOO,161851,148798,878264.0,0.0,32.91,22.99,73.45,94.7,VICTORIA GARDEN,False
MJINI,2021,10,41,3,23.4,-6.16,39.21,Male,15-29 yrs,YES,Watchman/Police,Index Case,MAFUNZO-MAKAOO MAKUU,MJINI,PUBLIC,UNGUJA,KIKWAJUNI JUU,161869,148795,878264.0,0.0,30.2,23.13,75.97,94.7,VICTORIA GARDEN,True
MJINI,2021,10,42,10,25.91,-6.16,39.21,Male,45+ yrs,NO,Farmer,Other Household Member,ZIWANI POLICE,MJINI,PUBLIC,UNGUJA,MARUHUBI,162115,148842,878264.0,1.91,31.54,24.31,75.24,94.7,VICTORIA GARDEN,True
MJINI,2021,10,43,17,22.69,-6.16,39.22,Male,30-44 yrs,NO,Other,Other Household Member,ZIWANI POLICE,MJINI,PUBLIC,UNGUJA,KILIMAHEWA JUU,162317,148877,878264.0,20.55,30.5,23.75,76.21,94.7,VICTORIA GARDEN,True
MJINI,2021,10,44,24,24.89,-6.17,39.21,Male,30-44 yrs,NO,Business,Other Household Member,ZIWANI POLICE,MJINI,PUBLIC,UNGUJA,MLANDEGE,162586,148938,878264.0,3.56,30.67,23.32,76.04,94.7,VICTORIA GARDEN,True
MJINI,2021,11,45,1,20.98,-6.15,39.22,Male,< 5 yrs,NO,Other,Index Case,MPENDAE PHCU+,MJINI,PUBLIC,UNGUJA,MPENDAE,162875,149039,878264.0,0.0,31.78,24.49,77.54,94.7,VICTORIA GARDEN,False
MJINI,2021,11,46,8,18.21,-6.17,39.21,Female,15-29 yrs,NO,Business,Index Case,KWAMTIPURA PHCU,MJINI,PUBLIC,UNGUJA,MUUNGANO,163210,149159,878264.0,0.0,31.42,24.58,77.42,94.7,VICTORIA GARDEN,True
MJINI,2021,11,47,14,20.88,-6.16,39.22,Male,15-29 yrs,YES,Business,Index Case,HASSAN CLINIC,MJINI,PRIVATE,UNGUJA,MATARUMBETA ,163363,149211,878264.0,0.0,31.7,23.78,77.61,94.7,VICTORIA GARDEN,True
MJINI,2021,11,48,21,23.49,-6.15,39.21,Female,30-44 yrs,NO,Business,Other Household Member,ZIWANI POLICE,MJINI,PUBLIC,UNGUJA,MKELE,163553,149236,878264.0,1.54,32.04,25.1,76.62,94.7,VICTORIA GARDEN,True
MJINI,2021,11,49,28,21.5,-6.16,39.22,Female,< 5 yrs,NO,Under school age (<6 years),Index Case,MNAZI MMOJA HOSPITAL,MJINI,PUBLIC,UNGUJA,MUUNGANO,163820,149343,878264.0,3.09,32.27,25.31,78.6,94.7,VICTORIA GARDEN,False
MJINI,2021,12,49,1,21.39,-6.17,39.21,Male,30-44 yrs,NO,Watchman/Police,Index Case,ASSA-KHERI DISPENSARY,MJINI,PRIVATE,UNGUJA,MAPINDUZI,163894,149372,878264.0,23.43,31.13,24.66,81.45,94.7,VICTORIA GARDEN,False
MJINI,2021,12,50,5,23.5,-6.15,39.22,Male,< 5 yrs,NO,Under school age (<6 years),Other Household Member,ZIWANI POLICE,MJINI,PUBLIC,UNGUJA,MAPINDUZI,163975,149383,878264.0,30.87,30.82,24.93,80.68,94.7,VICTORIA GARDEN,True
MJINI,2021,12,51,12,21.1,-6.15,39.21,Female,15-29 yrs,NO,Other,Other Household Member,ZIWANI POLICE,MJINI,PUBLIC,UNGUJA,CHUMBUNI,164170,149447,878264.0,37.9,31.05,24.73,80.65,94.7,VICTORIA GARDEN,True
MJINI,2021,12,52,19,20.95,-6.17,39.21,Male,15-29 yrs,NO,Business,Index Case,ASSA-KHERI DISPENSARY,MJINI,PRIVATE,UNGUJA,MWEMBEMAKUMBI,164370,149510,878264.0,14.76,31.25,24.83,79.3,94.7,VICTORIA GARDEN,True
MJINI,2021,12,53,26,23.15,-6.16,39.21,Male,15-29 yrs,NO,Student,Other Household Member,ZIWANI POLICE,MJINI,PUBLIC,UNGUJA,SHAURIMOYO,164648,149561,878264.0,21.54,31.75,24.94,81.69,94.7,VICTORIA GARDEN,True
MJINI,2022,1,1,1,28.2,-6.17,39.21,Female,5-14 yrs,NO,Student,Index Case,HURUMA DISPENSARY,MJINI,PRIVATE,UNGUJA,MAGOMENI,165047,149680,388344.4,0.0,33.54,25.23,78.9,97.8,VICTORIA GARDEN,False
MJINI,2022,1,2,2,23.04,-6.17,39.21,Female,5-14 yrs,NO,Under school age (<6 years),Index Case,ZIWANI POLICE,MJINI,PUBLIC,UNGUJA,SOGEA,165060,149688,388344.4,0.0,32.63,25.81,78.22,97.8,VICTORIA GARDEN,True
MJINI,2022,1,3,9,23.35,-6.16,39.21,Female,15-29 yrs,NO,Housewife,Other Household Member,ZIWANI POLICE,MJINI,PUBLIC,UNGUJA,KARAKANA,165851,149804,388344.4,0.0,32.7,25.95,78.3,97.8,VICTORIA GARDEN,True
MJINI,2022,1,4,16,23.11,-6.16,39.21,Female,5-14 yrs,NO,Student,Index Case,MNAZI MMOJA HOSPITAL,MJINI,PUBLIC,UNGUJA,KWAWAZEE,166744,150155,388344.4,103.35,32.82,25.18,78.18,97.8,VICTORIA GARDEN,True
MJINI,2022,1,5,23,22.92,-6.16,39.21,Male,30-44 yrs,NO,Business,Other Household Member,ZIWANI POLICE,MJINI,PUBLIC,UNGUJA,SHAURIMOYO,167444,150108,388344.4,75.34,31.08,24.04,77.5,97.8,VICTORIA GARDEN,True
MJINI,2022,1,6,31,28.88,-6.17,39.21,Male,45+ yrs,NO,Other,Other Household Member,ZIWANI POLICE,MJINI,PUBLIC,UNGUJA,KWAHANI,168152,150462,388344.4,99.5,30.23,24.9,78.6,97.8,VICTORIA GARDEN,False
MJINI,2022,2,6,1,24.37,-6.15,39.22,Male,45+ yrs,NO,Civil Servant,Other Household Member,ZIWANI POLICE,MJINI,PUBLIC,UNGUJA,SHAURIMOYO,168246,150523,388344.4,20.87,31.51,24.31,80.39,97.8,VICTORIA GARDEN,True
MJINI,2022,2,7,6,21.91,-6.16,39.21,Male,5-14 yrs,NO,Student,Index Case,TAWAQAL HOSPITAL,MJINI,PRIVATE,UNGUJA,KISIMA MAJONGOO,168454,150585,388344.4,7.01,32.04,24.62,80.32,97.8,VICTORIA GARDEN,True
MJINI,2022,2,8,13,27.01,-6.16,39.21,Female,15-29 yrs,NO,Other,Index Case,SHAURIMOYO PHCU,MJINI,PUBLIC,UNGUJA,MAKADARA,168924,150660,388344.4,3.97,31.7,25.71,79.13,97.8,VICTORIA GARDEN,True
MJINI,2022,2,9,20,29.42,-6.16,39.21,Female,30-44 yrs,NO,Business,Other Household Member,ZIWANI POLICE,MJINI,PUBLIC,UNGUJA,KWAALIMSHA,169239,150742,388344.4,11.37,31.45,24.65,80.34,97.8,VICTORIA GARDEN,False
MJINI,2022,2,10,27,23.62,-6.17,39.21,Male,30-44 yrs,NO,Business,Other Household Member,ZIWANI POLICE,MJINI,PUBLIC,UNGUJA,KARAKANA,169536,150831,388344.4,4.05,31.33,25.35,81.56,97.8,VICTORIA GARDEN,False
MJINI,2022,3,10,1,23.43,-6.16,39.21,Female,15-29 yrs,NO,Business,Index Case,ZIWANI POLICE,MJINI,PUBLIC,UNGUJA,KWAHANI,169628,150914,388344.4,0.0,34.18,25.06,77.64,97.8,VICTORIA GARDEN,False
MJINI,2022,3,11,6,23.14,-6.16,39.21,Male,15-29 yrs,NO,Student,Index Case,MNAZI MMOJA HOSPITAL,MJINI,PUBLIC,UNGUJA,MWEMBETANGA,169837,151081,388344.4,0.0,32.66,24.69,77.23,97.8,VICTORIA GARDEN,True
MJINI,2022,3,12,13,28.01,-6.16,39.21,Female,45+ yrs,NO,Housewife,Other Household Member,ZIWANI POLICE,MJINI,PUBLIC,UNGUJA,MALINDI,170299,151091,388344.4,0.0,33.0,25.15,77.69,97.8,VICTORIA GARDEN,True
MJINI,2022,3,13,20,24.99,-6.16,39.21,Male,30-44 yrs,NO,Watchman/Police,Index Case,UTAPOA DISPENSARY,MJINI,PRIVATE,UNGUJA,JANGOMBE,170643,151194,388344.4,0.22,31.93,25.21,76.85,97.8,VICTORIA GARDEN,True
MJINI,2022,3,14,27,20.82,-6.16,39.21,Male,15-29 yrs,NO,Business,Index Case,ZIWANI POLICE,MJINI,PUBLIC,UNGUJA,KWABITIAMRANI,170927,151309,388344.4,13.16,32.25,25.31,77.58,97.8,VICTORIA GARDEN,True
MJINI,2022,4,14,1,20.71,-6.17,39.22,Female,< 5 yrs,NO,Other,Index Case,ICB DISPENSARY,MJINI,PRIVATE,UNGUJA,MNAZIMMOJA,171162,151380,388344.4,0.0,33.25,25.82,83.78,97.8,VICTORIA GARDEN,False
MJINI,2022,4,15,3,25.44,-6.17,39.22,Female,5-14 yrs,NO,Under school age (<6 years),Index Case,MAFUNZO-MAKAOO MAKUU,MJINI,PUBLIC,UNGUJA,JANGOMBE,171236,151378,388344.4,0.75,31.7,26.06,84.06,97.8,VICTORIA GARDEN,True
MJINI,2022,4,16,10,23.79,-6.16,39.21,Male,45+ yrs,NO,Business,Index Case,UTAPOA DISPENSARY,MJINI,PRIVATE,UNGUJA,SEBLENI,171635,151472,388344.4,27.94,31.49,25.16,83.85,97.8,VICTORIA GARDEN,True
MJINI,2022,4,17,17,28.79,-6.17,39.21,Male,45+ yrs,NO,Farmer,Index Case,KUNDI DISPENSARY,MJINI,PRIVATE,UNGUJA,CHUMBUNI,171921,151551,388344.4,72.55,30.26,24.42,83.83,97.8,VICTORIA GARDEN,True
MJINI,2022,4,18,25,22.14,-6.17,39.2,Male,30-44 yrs,NO,Business,Other Household Member,ZIWANI POLICE,MJINI,PUBLIC,UNGUJA,MWEMBESHAURI,172207,151590,388344.4,31.72,29.58,24.9,84.26,97.8,VICTORIA GARDEN,False
MJINI,2022,5,19,1,23.24,-6.17,39.21,Male,15-29 yrs,NO,Business,Index Case,ZIWANI POLICE,MJINI,PUBLIC,UNGUJA,MPENDAE,172465,151733,388344.4,18.86,29.66,24.81,81.12,97.8,VICTORIA GARDEN,True
MJINI,2022,5,20,8,23.26,-6.17,39.21,Female,5-14 yrs,NO,Student,Other Household Member,ZIWANI POLICE,MJINI,PUBLIC,UNGUJA,NYERERE,172648,151657,388344.4,7.41,30.41,25.12,80.44,97.8,VICTORIA GARDEN,True
MJINI,2022,5,21,15,19.19,-6.16,39.21,Female,15-29 yrs,NO,Housewife,Other Household Member,ZIWANI POLICE,MJINI,PUBLIC,UNGUJA,MUUNGANO,172973,151884,388344.4,2.33,30.73,25.84,81.56,97.8,VICTORIA GARDEN,True
MJINI,2022,5,22,22,22.81,-6.15,39.22,Male,15-29 yrs,NO,Business,Other Household Member,ZIWANI POLICE,MJINI,PUBLIC,UNGUJA,MIGOMBANI,173291,151965,388344.4,2.3,30.55,25.31,81.35,97.8,VICTORIA GARDEN,True
MJINI,2022,5,23,29,27.84,-6.17,39.21,Female,30-44 yrs,NO,Business,Other Household Member,ZIWANI POLICE,MJINI,PUBLIC,UNGUJA,MUUNGANO,173640,151987,388344.4,0.7,30.07,24.62,81.69,97.8,VICTORIA GARDEN,True
MJINI,2022,6,23,1,26.17,-6.16,39.21,Female,15-29 yrs,NO,Other,Index Case,KIPONDA MEDICAL CLINIC,MJINI,PRIVATE,UNGUJA,MKUNAZINI,173912,152205,388344.4,5.45,31.05,24.02,80.43,97.8,VICTORIA GARDEN,False
MJINI,2022,6,24,5,30.02,-6.16,39.21,Male,30-44 yrs,NO,Business,Index Case,UTAPOA DISPENSARY,MJINI,PRIVATE,UNGUJA,MUUNGANO,174060,152258,388344.4,3.22,28.74,23.63,79.29,97.8,VICTORIA GARDEN,True
MJINI,2022,6,25,12,21.94,-6.16,39.22,Female,15-29 yrs,NO,Business,Index Case,ZIWANI POLICE,MJINI,PUBLIC,UNGUJA,JANGOMBE,174404,152389,388344.4,0.18,29.08,24.64,80.49,97.8,VICTORIA GARDEN,True
MJINI,2022,6,26,19,23.43,-6.14,39.23,Male,15-29 yrs,NO,Fisherman,Index Case,BANDARINI PHCU,MJINI,PUBLIC,UNGUJA,MALINDI,174738,152471,388344.4,2.47,29.88,25.03,77.89,97.8,VICTORIA GARDEN,False
MJINI,2022,6,27,26,26.14,-6.16,39.21,Female,15-29 yrs,NO,Other,Other Household Member,ZIWANI POLICE,MJINI,PUBLIC,UNGUJA,AMANI,175050,152525,388344.4,0.94,29.14,24.1,79.21,97.8,VICTORIA GARDEN,False
MJINI,2022,7,27,1,23.45,-6.17,39.22,Male,5-14 yrs,NO,Student,Other Household Member,ZIWANI POLICE,MJINI,PUBLIC,UNGUJA,MIGOMBANI,175343,152638,388344.4,6.16,27.87,22.19,81.58,97.8,VICTORIA GARDEN,True
MJINI,2022,7,28,3,28.57,-6.12,39.25,Male,< 5 yrs,NO,Other,Index Case,MINA DISPENSARY,WEST A,PRIVATE,UNGUJA,AMANI,175385,152664,388344.4,5.89,28.21,22.35,81.59,97.8,VICTORIA GARDEN,False
MJINI,2022,7,29,10,24.29,-6.14,39.23,Male,15-29 yrs,NO,Other,Index Case,ZIWANI POLICE,MJINI,PUBLIC,UNGUJA,URUSI,175571,1122,388344.4,4.01,28.09,22.95,80.31,97.8,VICTORIA GARDEN,True
MJINI,2022,7,30,17,24.32,-6.15,39.23,Male,30-44 yrs,NO,Other,Index Case,MINA DISPENSARY,MJINI,PRIVATE,UNGUJA,CHUMBUNI,175822,1141,388344.4,10.31,28.49,22.92,79.66,97.8,VICTORIA GARDEN,True
MJINI,2022,7,31,25,24.99,-6.16,39.21,Male,45+ yrs,NO,Business,Index Case,MAKAO MAKUU JKU,MJINI,PUBLIC,UNGUJA,MKELE,176098,1207,388344.4,6.57,28.12,21.89,81.67,97.8,VICTORIA GARDEN,False
MJINI,2022,8,32,1,32.25,-6.15,39.22,Female,45+ yrs,NO,Business,Other Household Member,ZIWANI POLICE,MJINI,PUBLIC,UNGUJA,MKELE,176265,1207,388344.4,2.42,29.03,21.67,79.24,97.8,VICTORIA GARDEN,False
MJINI,2022,8,33,7,28.36,-6.16,39.21,Male,15-29 yrs,NO,Business,Index Case,MAFUNZO-MAKAOO MAKUU,MJINI,PUBLIC,UNGUJA,SHANGANI,176408,1283,388344.4,8.29,28.61,22.13,79.75,97.8,VICTORIA GARDEN,True
MJINI,2022,8,34,14,23.04,-6.14,39.23,Male,< 5 yrs,NO,Under school age (<6 years),Index Case,MAKAO MAKUU JKU,MJINI,PUBLIC,UNGUJA,SAATENI,176593,1343,388344.4,6.29,27.99,22.16,80.43,97.8,VICTORIA GARDEN,True
MJINI,2022,8,35,21,25.36,-6.15,39.22,Female,15-29 yrs,NO,Business,Other Household Member,ZIWANI POLICE,MJINI,PUBLIC,UNGUJA,KWABITIAMRANI,176734,1358,388344.4,0.31,27.32,21.13,79.94,97.8,VICTORIA GARDEN,True
MJINI,2022,8,36,29,34.18,-6.15,39.21,Male,15-29 yrs,NO,Business,Index Case,KAUTHAR SPECIALIZED CLINIC,MJINI,PUBLIC,UNGUJA,KWABITIAMRANI,176949,1438,388344.4,4.16,27.32,21.41,79.44,97.8,VICTORIA GARDEN,True
MJINI,2022,9,36,1,23.27,-6.16,39.21,Male,45+ yrs,NO,Business,Other Household Member,ZIWANI POLICE,MJINI,PUBLIC,UNGUJA,KIPONDA,177019,1455,388344.4,0.0,29.88,22.33,74.04,97.8,VICTORIA GARDEN,False
MJINI,2022,9,37,4,25.15,-6.15,39.22,Male,45+ yrs,NO,Other,Index Case,ZANZIBAR MEDICAL GROUP,MJINI,PRIVATE,UNGUJA,KIPONDA,177068,1455,388344.4,0.03,28.6,22.29,75.75,97.8,VICTORIA GARDEN,False
MJINI,2022,9,38,11,22.06,-6.15,39.22,Male,30-44 yrs,NO,Business,Index Case,UTAPOA DISPENSARY,MJINI,PRIVATE,UNGUJA,MAKADARA,177218,1575,388344.4,0.96,28.58,22.02,74.82,97.8,VICTORIA GARDEN,False
MJINI,2022,9,39,19,24.59,-6.16,39.22,Male,45+ yrs,NO,Business,Index Case,KIPONDA MEDICAL CLINIC,MJINI,PRIVATE,UNGUJA,KIPONDA,177410,1611,388344.4,1.37,29.71,22.61,74.61,97.8,VICTORIA GARDEN,True
MJINI,2022,9,40,25,22.98,-6.16,39.21,Female,< 5 yrs,NO,Under school age (<6 years),Other Household Member,ZIWANI POLICE,MJINI,PUBLIC,UNGUJA,MAPINDUZI,177500,1621,388344.4,2.06,30.45,23.31,75.14,97.8,VICTORIA GARDEN,False
MJINI,2022,10,41,2,31.8,-6.13,39.22,Female,30-44 yrs,NO,Housewife,Other Household Member,ZIWANI POLICE,MJINI,PUBLIC,UNGUJA,MWEMBEMAKUMBI,177676,1649,388344.4,1.89,29.23,22.32,73.28,97.8,VICTORIA GARDEN,False
MJINI,2022,10,42,10,26.78,-6.16,39.21,Male,45+ yrs,NO,Business,Index Case,UTAPOA DISPENSARY,MJINI,PRIVATE,UNGUJA,MUUNGANO,177816,1741,388344.4,0.0,29.72,22.86,73.53,97.8,VICTORIA GARDEN,False
MJINI,2022,10,43,17,19.19,-6.15,39.21,Female,< 5 yrs,NO,Under school age (<6 years),Index Case,ZIWANI POLICE,MJINI,PUBLIC,UNGUJA,MIEMBENI,177945,1770,388344.4,0.0,29.46,22.4,73.64,97.8,VICTORIA GARDEN,False
MJINI,2022,10,44,23,23.3,-6.17,39.21,Male,15-29 yrs,NO,Business,Index Case,MIGOMBANI JESHINI,MJINI,PUBLIC,UNGUJA,MIGOMBANI,178068,1800,388344.4,2.49,29.63,22.91,72.86,97.8,VICTORIA GARDEN,True
MJINI,2022,10,45,30,19.4,-6.17,39.2,Female,15-29 yrs,NO,Housewife,Other Household Member,ZIWANI POLICE,MJINI,PUBLIC,UNGUJA,MAPINDUZI,178169,1833,388344.4,6.09,29.23,23.93,72.6,97.8,VICTORIA GARDEN,False
MJINI,2022,11,45,2,15.75,-6.12,39.24,Male,30-44 yrs,NO,Business,Index Case,RAHALEO PHCU+,MJINI,PUBLIC,UNGUJA,KIKWAJUNI BONDENI,178204,1859,388344.4,0.0,29.79,23.41,74.51,97.8,VICTORIA GARDEN,False
MJINI,2022,11,46,6,20.0,-6.14,39.23,Female,30-44 yrs,NO,Other,Index Case,HURUMA DISPENSARY,MJINI,PRIVATE,UNGUJA,NYERERE,178271,1876,388344.4,1.63,30.15,23.51,75.99,97.8,VICTORIA GARDEN,False
MJINI,2022,11,47,13,22.32,-6.15,39.22,Female,15-29 yrs,NO,Housewife,Other Household Member,ZIWANI POLICE,MJINI,PUBLIC,UNGUJA,MAGOMENI,178395,1912,388344.4,11.51,30.42,24.52,74.71,97.8,VICTORIA GARDEN,False
MJINI,2022,11,48,20,22.5,-6.14,39.23,Male,< 5 yrs,NO,Under school age (<6 years),Index Case,ZIWANI POLICE,MJINI,PUBLIC,UNGUJA,AMANI,178522,1967,388344.4,16.18,31.02,24.43,76.75,97.8,VICTORIA GARDEN,False
MJINI,2022,11,49,27,24.56,-6.15,39.23,Female,15-29 yrs,NO,Housewife,Other Household Member,ZIWANI POLICE,MJINI,PUBLIC,UNGUJA,KILIMAHEWA JUU,178667,1986,388344.4,15.47,30.53,24.64,74.93,97.8,VICTORIA GARDEN,False
MJINI,2022,12,49,1,25.81,-6.07,39.28,Female,30-44 yrs,YES,Other,Index case,SDA DISPENSARY,MJINI,PUBLIC,UNGUJA,KIDONGO CHEKUNDU,NotInvest,UNKNOWN_CASE,388344.4,0.54,31.78,23.98,78.24,97.8,VICTORIA GARDEN,False
MJINI,2022,12,50,4,20.44,-6.14,39.23,Female,< 5 yrs,NO,Other,Index Case,UTAPOA DISPENSARY,MJINI,PRIVATE,UNGUJA,AMANI,178818,2055,388344.4,2.0,31.49,24.18,77.83,97.8,VICTORIA GARDEN,True
MJINI,2022,12,51,11,25.22,-6.16,39.21,Male,45+ yrs,NO,Other,Other Household Member,ZIWANI POLICE,MJINI,PUBLIC,UNGUJA,MAPINDUZI,178951,2098,388344.4,12.62,32.16,23.9,78.19,97.8,VICTORIA GARDEN,False
MJINI,2022,12,52,18,24.17,-6.15,39.22,Female,5-14 yrs,NO,Student,Index Case,ZIWANI POLICE,MJINI,PUBLIC,UNGUJA,MUUNGANO,179134,2175,388344.4,14.28,31.67,25.71,77.57,97.8,VICTORIA GARDEN,True
MJINI,2022,12,53,25,26.22,-6.14,39.23,Male,15-29 yrs,NO,Other,Index case,ZIWANI POLICE,MJINI,PUBLIC,UNGUJA,MWEMBESHAURI,NotInvest,UNKNOWN_CASE,388344.4,33.4,31.23,25.92,77.62,97.8,VICTORIA GARDEN,True
MJINI,2023,1,1,1,28.15,-6.14,39.23,Male,30-44 yrs,NO,Other,Index case,MAKAO MAKUU JKU,MJINI,PUBLIC,UNGUJA,MUUNGANO,NotInvest,22297,248000.0,2.74,32.52,26.69,78.73,94.0,VICTORIA GARDEN,True
MJINI,2023,1,2,8,23.58,-6.16,39.22,Male,15-29 yrs,NO,Business,Index Case,ASSA-KHERI DISPENSARY,MJINI,PRIVATE,UNGUJA,AMANI,179926,2544,248000.0,10.29,31.32,25.65,78.1,94.0,VICTORIA GARDEN,True
MJINI,2023,1,3,15,23.96,-6.14,39.22,Female,45+ yrs,NO,Housewife,Other Household Member,ZIWANI POLICE,MJINI,PUBLIC,UNGUJA,MPENDAE,180381,2509,248000.0,4.48,32.28,24.55,78.33,94.0,VICTORIA GARDEN,True
MJINI,2023,1,4,22,26.05,-6.15,39.22,Male,15-29 yrs,NO,Business,Other Household Member,ZIWANI POLICE,MJINI,PUBLIC,UNGUJA,MWEMBEMAKUMBI,180883,2708,248000.0,0.0,31.97,25.9,78.13,94.0,VICTORIA GARDEN,True
MJINI,2023,1,5,30,21.25,-6.17,39.21,Male,15-29 yrs,NO,Other,Index Case,KIDONGO CHEKUNDU PHCU,MJINI,PUBLIC,UNGUJA,MEYA,181395,2874,248000.0,0.0,30.7,25.49,78.71,94.0,VICTORIA GARDEN,False
MJINI,2023,2,5,1,21.52,-6.14,39.23,Male,30-44 yrs,NO,Business,Other Household Member,ZIWANI POLICE,MJINI,PUBLIC,UNGUJA,MKELE,181493,2858,248000.0,0.0,33.45,24.41,76.09,94.0,VICTORIA GARDEN,False
MJINI,2023,2,6,5,22.53,-6.16,39.22,Male,30-44 yrs,NO,Fisherman,Index Case,AL-RAHMA HOSPITAL,MJINI,PRIVATE,UNGUJA,KISIMA MAJONGOO,181724,9420,248000.0,3.55,32.37,24.68,75.19,94.0,VICTORIA GARDEN,True
MJINI,2023,2,7,12,20.97,-6.16,39.22,Female,30-44 yrs,NO,Housewife,Other Household Member,ZIWANI POLICE,MJINI,PUBLIC,UNGUJA,JANGOMBE,182081,3003,248000.0,15.23,31.97,24.45,75.81,94.0,VICTORIA GARDEN,True
MJINI,2023,2,8,19,25.72,-6.16,39.22,Male,30-44 yrs,NO,Business,Other Household Member,ZIWANI POLICE,MJINI,PUBLIC,UNGUJA,MASUMBANI,182463,3163,248000.0,0.0,32.13,25.21,74.92,94.0,VICTORIA GARDEN,True
MJINI,2023,2,9,26,20.6,-6.14,39.22,Male,15-29 yrs,NO,Watchman/Police,Index Case,ZIWANI POLICE,MJINI,PUBLIC,UNGUJA,CHUMBUNI,182814,3314,248000.0,0.0,32.24,22.97,74.47,94.0,VICTORIA GARDEN,True
MJINI,2023,3,9,1,31.59,-6.14,39.22,Male,15-29 yrs,NO,Watchman/Police,Other Household Member,ZIWANI POLICE,MJINI,PUBLIC,UNGUJA,CHUMBUNI,182929,3314,248000.0,0.0,33.75,24.95,76.47,94.0,VICTORIA GARDEN,False
MJINI,2023,3,10,5,24.83,-6.16,39.23,Male,15-29 yrs,NO,Business,Other Household Member,ZIWANI POLICE,MJINI,PUBLIC,UNGUJA,KWAALIMSHA,183100,3367,248000.0,0.0,33.06,24.79,76.91,94.0,VICTORIA GARDEN,True
MJINI,2023,3,11,12,27.12,-6.16,39.22,Male,15-29 yrs,NO,Student,Other Household Member,ZIWANI POLICE,MJINI,PUBLIC,UNGUJA,MAGOMENI,183345,3503,248000.0,16.38,32.06,25.74,76.56,94.0,VICTORIA GARDEN,False
MJINI,2023,3,12,20,25.55,-6.15,39.22,Female,30-44 yrs,NO,Business,Other Household Member,ZIWANI POLICE,MJINI,PUBLIC,UNGUJA,BANKO,183530,3506,248000.0,22.79,31.74,25.82,75.42,94.0,VICTORIA GARDEN,True
MJINI,2023,3,13,26,24.59,-6.12,39.24,Male,15-29 yrs,YES,Watchman/Police,Index Case,MNAZI MMOJA HOSPITAL,MJINI,PUBLIC,UNGUJA,MWEMBEMAKUMBI,183740,3665,248000.0,11.13,31.69,24.93,76.51,94.0,VICTORIA GARDEN,True
MJINI,2023,4,13,1,29.95,-6.14,39.22,Female,15-29 yrs,NO,Other,Other Household Member,ZIWANI POLICE,MJINI,PUBLIC,UNGUJA,MLANDEGE,184064,3707,248000.0,19.6,30.65,25.98,86.65,94.0,VICTORIA GARDEN,False
MJINI,2023,4,14,2,26.5,-6.15,39.22,Female,15-29 yrs,NO,Housewife,Other Household Member,ZIWANI POLICE,MJINI,PUBLIC,UNGUJA,KIKWAJUNI JUU,184089,3722,248000.0,23.36,31.42,25.56,86.67,94.0,VICTORIA GARDEN,False
MJINI,2023,4,15,9,22.59,-6.15,39.22,Male,30-44 yrs,NO,Other,Index Case,MAFUNZO-MAKAOO MAKUU,MJINI,PUBLIC,UNGUJA,MIEMBENI,184181,3759,248000.0,18.52,31.49,25.43,86.15,94.0,VICTORIA GARDEN,True
MJINI,2023,4,16,16,27.12,-6.16,39.22,Female,15-29 yrs,NO,Other,Other Household Member,ZIWANI POLICE,MJINI,PUBLIC,UNGUJA,MIGOMBANI,184409,3826,248000.0,70.5,29.25,25.07,86.82,94.0,VICTORIA GARDEN,True
MJINI,2023,4,17,24,21.84,-6.17,39.22,Male,5-14 yrs,NO,Student,Index Case,MPENDAE PHCU+,MJINI,PUBLIC,UNGUJA,MIGOMBANI,184641,3925,248000.0,51.81,30.04,25.15,85.89,94.0,VICTORIA GARDEN,True
MJINI,2023,4,18,30,27.25,-6.15,39.22,Female,15-29 yrs,NO,Housewife,Other Household Member,ZIWANI POLICE,MJINI,PUBLIC,UNGUJA,MKELE,184825,3973,248000.0,79.79,29.4,24.82,86.1,94.0,VICTORIA GARDEN,False
MJINI,2023,5,18,1,23.64,-6.15,39.22,Female,30-44 yrs,NO,Housewife,Other Household Member,ZIWANI POLICE,MJINI,PUBLIC,UNGUJA,SEBLENI,184895,4048,248000.0,30.28,30.48,24.8,81.9,94.0,VICTORIA GARDEN,True
MJINI,2023,5,19,7,21.02,-6.15,39.22,Female,30-44 yrs,YES,Other,Index case,AL-AMIYN MEDICAL CLINIC,MJINI,PUBLIC,UNGUJA,MPENDAE,NotInvest,UNKNOWN_CASE,248000.0,15.16,30.63,25.04,82.9,94.0,VICTORIA GARDEN,True
MJINI,2023,5,20,14,26.29,-5.53,40.59,Male,15-29 yrs,YES,Student,Index Case,ZIWANI POLICE,MJINI,PUBLIC,UNGUJA,JANGOMBE,185759,4365,248000.0,9.73,30.22,25.62,82.51,94.0,VICTORIA GARDEN,True
MJINI,2023,5,21,21,25.22,-6.16,39.21,Female,15-29 yrs,NO,Business,Index Case,ASSA-KHERI DISPENSARY,MJINI,PRIVATE,UNGUJA,AMANI,186327,4500,248000.0,5.64,29.86,24.78,82.29,94.0,VICTORIA GARDEN,True
MJINI,2023,5,22,28,23.94,-5.47,40.71,Male,45+ yrs,NO,Business,Other Household Member,ZIWANI POLICE,MJINI,PUBLIC,UNGUJA,SAATENI,186933,4476,248000.0,4.73,29.91,24.19,82.68,94.0,VICTORIA GARDEN,True
MJINI,2023,6,22,1,25.86,-6.16,39.21,Male,45+ yrs,NO,Business,Other Household Member,ZIWANI POLICE,MJINI,PUBLIC,UNGUJA,MALINDI,187503,4777,248000.0,47.63,28.71,23.43,82.88,94.0,VICTORIA GARDEN,True
MJINI,2023,6,23,4,24.66,-5.46,40.77,Male,< 5 yrs,YES,Under school age (<6 years),Index Case,ZIWANI POLICE,MJINI,PUBLIC,UNGUJA,JANGOMBE,187744,4837,248000.0,47.99,28.92,23.45,82.07,94.0,VICTORIA GARDEN,True
MJINI,2023,6,24,11,25.23,-5.88,39.84,Male,45+ yrs,NO,Business,Other Household Member,ZIWANI POLICE,MJINI,PUBLIC,UNGUJA,MAPINDUZI,188430,5037,248000.0,0.0,29.34,23.8,82.57,94.0,VICTORIA GARDEN,True
MJINI,2023,6,25,18,25.35,-6.15,39.21,Male,15-29 yrs,NO,Business,Index Case,ZIWANI POLICE,MJINI,PUBLIC,UNGUJA,KWAHANI,189419,5408,248000.0,0.0,29.63,23.63,82.18,94.0,VICTORIA GARDEN,True
MJINI,2023,6,26,25,24.79,-6.16,39.21,Male,15-29 yrs,NO,Student,Other Household Member,ZIWANI POLICE,MJINI,PUBLIC,UNGUJA,KWABITIAMRANI,190442,5645,248000.0,0.0,29.32,23.85,81.88,94.0,VICTORIA GARDEN,True
MJINI,2023,7,26,1,24.0,-6.13,39.23,Female,15-29 yrs,NO,Housewife,Other Household Member,ZIWANI POLICE,MJINI,PUBLIC,UNGUJA,MKELE,191049,5950,248000.0,26.88,28.62,23.16,84.75,94.0,VICTORIA GARDEN,False
MJINI,2023,7,27,2,23.96,-6.16,39.21,Female,15-29 yrs,NO,Unemployed,Other Household Member,ZIWANI POLICE,MJINI,PUBLIC,UNGUJA,KIKWAJUNI BONDENI,191114,5939,248000.0,23.57,28.32,23.3,83.19,94.0,VICTORIA GARDEN,True
MJINI,2023,7,28,9,27.42,-6.16,39.21,Male,15-29 yrs,NO,Business,Index Case,RAHALEO PHCU+,MJINI,PUBLIC,UNGUJA,KWAALINATU,191909,6153,248000.0,0.0,28.86,22.89,84.46,94.0,VICTORIA GARDEN,True
MJINI,2023,7,29,16,26.39,-6.16,39.21,Male,5-14 yrs,NO,Student,Other Household Member,ZIWANI POLICE,MJINI,PUBLIC,UNGUJA,KWAHANI,192808,6378,248000.0,0.0,29.51,23.65,83.79,94.0,VICTORIA GARDEN,True
MJINI,2023,7,30,23,26.14,-6.16,39.21,Female,5-14 yrs,NO,Student,Other Household Member,ZIWANI POLICE,MJINI,PUBLIC,UNGUJA,MAKADARA,193667,6591,248000.0,4.0,28.72,23.41,83.86,94.0,VICTORIA GARDEN,True
MJINI,2023,7,31,30,24.07,-6.15,39.21,Male,30-44 yrs,NO,Business,Other Household Member,ZIWANI POLICE,MJINI,PUBLIC,UNGUJA,MWEMBELADU,194656,6903,248000.0,10.79,28.33,23.01,83.07,94.0,VICTORIA GARDEN,True
MJINI,2023,8,31,1,25.64,-6.15,39.21,Male,15-29 yrs,NO,Business,Index Case,SDA DISPENSARY,MJINI,PRIVATE,UNGUJA,JANGOMBE,194888,8154,248000.0,7.47,29.27,23.07,82.47,94.0,VICTORIA GARDEN,True
MJINI,2023,8,32,6,26.2,-6.16,39.22,Female,15-29 yrs,NO,Housewife,Other Household Member,ZIWANI POLICE,MJINI,PUBLIC,UNGUJA,SHAURIMOYO,195492,7156,248000.0,5.64,28.81,23.59,82.01,94.0,VICTORIA GARDEN,True
MJINI,2023,8,33,13,28.09,-6.15,39.21,Female,15-29 yrs,NO,Housewife,Other Household Member,ZIWANI POLICE,MJINI,PUBLIC,UNGUJA,AMANI,196226,7285,248000.0,3.67,29.57,22.66,82.07,94.0,VICTORIA GARDEN,True
MJINI,2023,8,34,20,26.92,-6.15,39.21,Male,30-44 yrs,NO,Business,Index Case,MICHENZANI DISPENSARY,MJINI,PRIVATE,UNGUJA,MWEMBETANGA,197048,7658,248000.0,3.15,29.56,22.86,81.06,94.0,VICTORIA GARDEN,True
MJINI,2023,8,35,27,28.82,-6.15,39.21,Male,5-14 yrs,NO,Student,Other Household Member,ZIWANI POLICE,MJINI,PUBLIC,UNGUJA,MKUNAZINI,197604,7860,248000.0,0.0,29.31,23.24,81.38,94.0,VICTORIA GARDEN,True
MJINI,2023,9,35,1,24.52,-6.16,39.2,Male,30-44 yrs,NO,Fisherman,Other Household Member,ZIWANI POLICE,MJINI,PUBLIC,UNGUJA,KIKWAJUNI BONDENI,198176,7949,248000.0,0.71,31.57,21.31,76.99,94.0,VICTORIA GARDEN,True
MJINI,2023,9,36,3,25.78,-6.16,39.21,Female,5-14 yrs,NO,Student,Other Household Member,ZIWANI POLICE,MJINI,PUBLIC,UNGUJA,MWEMBELADU,198326,7768,248000.0,0.63,29.8,22.57,76.97,94.0,VICTORIA GARDEN,True
MJINI,2023,9,37,10,24.64,-6.16,39.21,Male,15-29 yrs,NO,Other,Index Case,MIGOMBANI JESHINI,MJINI,PUBLIC,UNGUJA,MIGOMBANI,199175,8300,248000.0,0.0,30.06,22.29,77.31,94.0,VICTORIA GARDEN,True
MJINI,2023,9,38,17,25.8,-6.16,39.21,Male,45+ yrs,NO,Business,Index Case,ZIWANI POLICE,MJINI,PUBLIC,UNGUJA,KIPONDA,199613,8440,248000.0,0.0,30.3,22.22,76.88,94.0,VICTORIA GARDEN,True
MJINI,2023,9,39,24,27.97,-6.15,39.21,Male,5-14 yrs,YES,Student,Index Case,ZIWANI POLICE,MJINI,PUBLIC,UNGUJA,JANGOMBE,200282,8623,248000.0,3.08,30.43,23.7,76.58,94.0,VICTORIA GARDEN,True
MJINI,2023,10,40,1,26.37,-6.16,39.21,Male,30-44 yrs,NO,Fisherman,Index Case,ZIWANI POLICE,MJINI,PUBLIC,UNGUJA,JANGOMBE,200833,8788,248000.0,7.36,30.67,24.96,74.59,94.0,VICTORIA GARDEN,True
MJINI,2023,10,41,8,27.22,-6.16,39.21,Male,30-44 yrs,NO,Civil Servant,Other Household Member,ZIWANI POLICE,MJINI,PUBLIC,UNGUJA,MWEMBETANGA,201328,8898,248000.0,0.59,31.3,24.12,75.37,94.0,VICTORIA GARDEN,True
MJINI,2023,10,42,15,25.17,-6.16,39.21,Female,15-29 yrs,NO,Other,Index Case,SEBLENI PHCU,MJINI,PUBLIC,UNGUJA,KWAWAZEE,202046,9084,248000.0,0.0,31.89,24.14,74.78,94.0,VICTORIA GARDEN,True
MJINI,2023,10,43,22,27.05,-6.15,39.22,Male,5-14 yrs,NO,Other,Index Case,KIDUTANI PHCU,MJINI,PUBLIC,UNGUJA,KIPONDA,202765,9269,248000.0,11.61,31.32,25.11,75.94,94.0,VICTORIA GARDEN,True
MJINI,2023,10,44,29,26.67,-6.16,39.21,Male,45+ yrs,NO,Business,Index Case,MAKAO MAKUU JKU,MJINI,PUBLIC,UNGUJA,MAKADARA,203387,9522,248000.0,20.99,30.68,24.27,75.24,94.0,VICTORIA GARDEN,True
MJINI,2023,11,44,1,26.33,-6.13,39.23,Male,15-29 yrs,YES,Other,Index Case,AGAKHAN POLYLINIC,MJINI,PUBLIC,UNGUJA,MALINDI,203605,9527,248000.0,248.81,28.45,24.45,83.2,94.0,VICTORIA GARDEN,True
MJINI,2023,11,45,5,26.53,-6.11,39.24,Male,15-29 yrs,YES,Student,Index Case,GULIONI DISPENSARY,MJINI,PRIVATE,UNGUJA,GULIONI,203889,9866,248000.0,193.93,29.21,24.33,82.83,94.0,VICTORIA GARDEN,True
MJINI,2023,11,46,12,27.25,-6.09,39.26,Female,45+ yrs,YES,Other,Index case,SEBLENI PHCU,MJINI,PUBLIC,UNGUJA,AMANI,NotInvest,10138,248000.0,59.69,30.47,24.26,82.47,94.0,VICTORIA GARDEN,True
MJINI,2023,11,47,19,28.41,-6.06,39.28,Male,15-29 yrs,NO,Other,Index case,RAHALEO PHCU+,MJINI,PUBLIC,UNGUJA,GULIONI,NotInvest,10697,248000.0,44.95,29.77,25.04,82.67,94.0,VICTORIA GARDEN,True
MJINI,2023,11,48,26,26.38,-6.11,39.24,Male,45+ yrs,NO,Other,Other Household Member,ZIWANI POLICE,MJINI,PUBLIC,UNGUJA,KARAKANA,206769,10995,248000.0,60.67,30.13,24.18,82.93,94.0,VICTORIA GARDEN,True
MJINI,2023,12,48,1,28.38,-6.08,39.26,Male,30-44 yrs,NO,Other,Index case,RAHALEO PHCU+,MJINI,PUBLIC,UNGUJA,KIKWAJUNI JUU,NotInvest,11905,248000.0,25.79,30.81,23.75,81.41,94.0,VICTORIA GARDEN,True
MJINI,2023,12,49,3,28.08,-6.07,39.27,Male,15-29 yrs,NO,Other,Index case,MNAZI MMOJA HOSPITAL,MJINI,PUBLIC,UNGUJA,MALINDI,NotInvest,12377,248000.0,23.34,31.22,24.85,81.18,94.0,VICTORIA GARDEN,True
MJINI,2023,12,50,10,27.44,-6.05,39.28,Female,45+ yrs,NO,Other,Index case,AGAKHAN POLYLINIC,MJINI,PUBLIC,UNGUJA,MALINDI,NotInvest,16527,248000.0,14.27,31.2,24.73,81.39,94.0,VICTORIA GARDEN,True
MJINI,2023,12,51,17,29.06,-6.01,39.31,Female,30-44 yrs,NO,Other,Index case,UTAPOA DISPENSARY,MJINI,PUBLIC,UNGUJA,MLANDEGE,NotInvest,14812,248000.0,13.02,32.12,25.1,80.65,94.0,VICTORIA GARDEN,True
MJINI,2023,12,52,24,29.04,-6.0,39.32,Male,30-44 yrs,NO,Other,Index case,MNAZI MMOJA HOSPITAL,MJINI,PUBLIC,UNGUJA,MAGOMENI,NotInvest,17451,248000.0,12.4,31.67,26.2,80.94,94.0,VICTORIA GARDEN,True
MKOANI,2020,1,1,1,15.0,-5.53,39.58,Female,< 5 yrs,NO,Other,Other Household Member,ZIWANI POLICE,MJINI,PUBLIC,PEMBA,STAHABU,109869,129784,415012.0,4.88,34.28,25.64,87.04,96.9,Abdalla mzee-Mkoani,False
MKOANI,2020,1,2,6,27.33,-5.4,39.65,Male,15-29 yrs,YES,Other,Index Case,BOGOWA PHCU+,MJINI,PUBLIC,PEMBA,MKANYAGENI,110830,130435,415012.0,7.45,32.74,25.61,85.44,96.9,Abdalla mzee-Mkoani,True
MKOANI,2020,1,3,13,19.66,-5.39,39.64,Male,30-44 yrs,YES,Other,Index Case,ABDALLA MZEE REGIONAL HOSPITAL,MJINI,PUBLIC,PEMBA,WAMBAA,112278,131228,415012.0,11.13,31.98,25.03,86.34,96.9,Abdalla mzee-Mkoani,True
MKOANI,2020,1,4,19,18.36,-5.72,39.51,Female,45+ yrs,NO,Other,Other Household Member,ZIWANI POLICE,MJINI,PUBLIC,PEMBA,KANGANI,113610,131752,415012.0,20.61,30.69,25.49,86.19,96.9,Abdalla mzee-Mkoani,True
MKOANI,2020,1,5,26,23.36,-5.81,39.44,Male,30-44 yrs,NO,Other,Index Case,ABDALLA MZEE REGIONAL HOSPITAL,MJINI,PUBLIC,PEMBA,MAKOMBENI,115205,132623,415012.0,16.89,30.41,26.21,85.62,96.9,Abdalla mzee-Mkoani,True
MKOANI,2020,2,6,2,20.76,-5.83,39.42,Male,30-44 yrs,NO,Other,Index Case,KENDWA PHCU,MJINI,PUBLIC,PEMBA,KENDWA,116255,133463,415012.0,28.53,32.4,25.36,93.17,96.9,Abdalla mzee-Mkoani,True
MKOANI,2020,2,7,9,18.37,-5.35,39.65,Female,15-29 yrs,NO,Student,Other Household Member,ZIWANI POLICE,MJINI,PUBLIC,PEMBA,WAMBAA,116961,132997,415012.0,6.92,32.08,24.93,92.69,96.9,Abdalla mzee-Mkoani,False
MKOANI,2020,2,8,16,17.71,-5.75,39.47,Female,5-14 yrs,NO,Student,Other Household Member,ZIWANI POLICE,MJINI,PUBLIC,PEMBA,WAMBAA,117580,133912,415012.0,9.09,30.91,25.35,93.87,96.9,Abdalla mzee-Mkoani,True
MKOANI,2020,2,9,23,22.45,-5.52,39.61,Male,15-29 yrs,NO,Business,Other Household Member,ZIWANI POLICE,MJINI,PUBLIC,PEMBA,SHIDI,118226,134217,415012.0,6.65,32.3,25.81,94.6,96.9,Abdalla mzee-Mkoani,False
MKOANI,2020,3,10,1,21.11,-5.41,39.68,Male,15-29 yrs,YES,Business,Index Case,ABDALLA MZEE REGIONAL HOSPITAL,MJINI,PUBLIC,PEMBA,UWELENI,118915,134704,415012.0,65.66,31.9,25.58,93.53,96.9,Abdalla mzee-Mkoani,True
MKOANI,2020,3,11,9,16.54,-5.36,39.68,Male,15-29 yrs,NO,Student,Index Case,ABDALLA MZEE REGIONAL HOSPITAL,MJINI,PUBLIC,PEMBA,MTAMBILE,119687,134973,415012.0,18.36,31.48,25.26,95.93,96.9,Abdalla mzee-Mkoani,False
MKOANI,2020,3,12,16,17.92,-5.4,39.67,Female,5-14 yrs,NO,Student,Index Case,MICHENZANI PHCU,MJINI,PUBLIC,PEMBA,STAHABU,120229,135105,415012.0,7.43,31.61,26.16,93.54,96.9,Abdalla mzee-Mkoani,False
MKOANI,2020,3,13,22,23.89,-5.17,39.72,Female,5-14 yrs,NO,Student,Other Household Member,ZIWANI POLICE,MJINI,PUBLIC,PEMBA,KENDWA,120674,134801,415012.0,10.86,32.2,25.12,93.89,96.9,Abdalla mzee-Mkoani,False
MKOANI,2020,3,14,29,21.43,-5.47,39.64,Male,30-44 yrs,NO,Other,Index Case,RAHALEO PHCU+,URBAN,PUBLIC,PEMBA,MICHENZANI,121692,135454,415012.0,128.77,31.44,25.28,94.54,96.9,Abdalla mzee-Mkoani,False
MKOANI,2020,4,14,1,13.9,-5.35,39.72,Male,< 5 yrs,YES,Other,Index Case,CHAMBANI PHCU,MJINI,PUBLIC,PEMBA,CHAMBANI,122095,135581,415012.0,123.01,32.83,25.92,86.07,96.9,Abdalla mzee-Mkoani,False
MKOANI,2020,4,15,5,22.03,-5.37,39.57,Female,15-29 yrs,NO,Other,Other Household Member,ZIWANI POLICE,MJINI,PUBLIC,PEMBA,MKANYAGENI,122451,135635,415012.0,131.98,30.96,24.96,85.0,96.9,Abdalla mzee-Mkoani,False
MKOANI,2020,4,16,12,21.34,-5.4,39.68,Female,15-29 yrs,NO,Student,Other Household Member,ZIWANI POLICE,MJINI,PUBLIC,PEMBA,MBUYUNI,123081,135800,415012.0,144.49,29.65,24.45,83.98,96.9,Abdalla mzee-Mkoani,True
MKOANI,2020,4,17,20,18.15,-5.42,39.71,Female,30-44 yrs,NO,Other,Index Case,KENGEJA PHCU+,MJINI,PUBLIC,PEMBA,MKUNGU,123931,136271,415012.0,153.72,31.56,24.88,85.72,96.9,Abdalla mzee-Mkoani,False
MKOANI,2020,4,18,26,11.11,-5.37,39.65,Female,30-44 yrs,NO,Other,Other Household Member,ZIWANI POLICE,MJINI,PUBLIC,PEMBA,MIZINGANI,124429,136056,415012.0,155.65,30.37,25.11,84.99,96.9,Abdalla mzee-Mkoani,False
MKOANI,2020,5,18,1,25.0,-5.98,39.34,Male,15-29 yrs,NO,Other,Index Case,ABDALLA MZEE REGIONAL HOSPITAL,MJINI,PUBLIC,PEMBA,UWELENI,125006,136680,415012.0,179.12,30.44,25.53,91.0,96.9,Abdalla mzee-Mkoani,False
MKOANI,2020,5,19,3,22.67,-5.38,39.73,Female,30-44 yrs,NO,Other,Other Household Member,ZIWANI POLICE,MJINI,PUBLIC,PEMBA,UKUTINI,125084,136389,415012.0,173.0,29.95,24.45,89.82,96.9,Abdalla mzee-Mkoani,False
MKOANI,2020,5,20,11,22.98,-5.38,39.67,Male,5-14 yrs,NO,Student,Other Household Member,ZIWANI POLICE,MJINI,PUBLIC,PEMBA,MKANYAGENI,125715,136567,415012.0,132.86,29.74,24.67,91.81,96.9,Abdalla mzee-Mkoani,False
MKOANI,2020,5,21,17,21.33,-5.36,39.66,Female,5-14 yrs,NO,Student,Index Case,ABDALLA MZEE REGIONAL HOSPITAL,MJINI,PUBLIC,PEMBA,MGAGADU,126377,137045,415012.0,6.84,29.32,24.34,91.67,96.9,Abdalla mzee-Mkoani,False
MKOANI,2020,5,22,25,30.25,-5.39,39.65,Male,45+ yrs,NO,Other,Index Case,BAHJA DISPENSARY,MJINI,PRIVATE,PEMBA,DODO,127107,137150,415012.0,43.75,31.02,24.82,92.73,96.9,Abdalla mzee-Mkoani,False
MKOANI,2020,6,23,1,14.51,-5.4,39.68,Male,45+ yrs,NO,Business,Index Case,UKUTINI PHCU+,MJINI,PUBLIC,PEMBA,UKUTINI,128043,137592,415012.0,22.72,30.21,25.13,87.33,96.9,Abdalla mzee-Mkoani,False
MKOANI,2020,6,24,9,21.0,-5.39,39.67,Male,15-29 yrs,NO,Fisherman,Index Case,MICHENZANI PHCU,MJINI,PUBLIC,PEMBA,MICHENZANI,128777,137925,415012.0,22.16,30.01,23.4,85.92,96.9,Abdalla mzee-Mkoani,False
MKOANI,2020,6,25,16,20.35,-5.34,39.67,Male,15-29 yrs,NO,Fisherman,Index Case,SHIDI PHCU,MJINI,PUBLIC,PEMBA,SHIDI,129681,138335,415012.0,10.85,30.27,24.43,86.66,96.9,Abdalla mzee-Mkoani,False
MKOANI,2020,6,26,21,20.81,-5.37,39.66,Male,< 5 yrs,NO,Other,Other Household Member,ZIWANI POLICE,MJINI,PUBLIC,PEMBA,MIZINGANI,130325,138550,415012.0,5.62,28.73,24.08,87.21,96.9,Abdalla mzee-Mkoani,False
MKOANI,2020,6,27,28,15.78,-5.36,39.71,Female,15-29 yrs,NO,Other,Other Household Member,ZIWANI POLICE,MJINI,PUBLIC,PEMBA,CHAMBANI,131170,138762,415012.0,6.3,28.76,23.55,87.8,96.9,Abdalla mzee-Mkoani,False
MKOANI,2020,7,27,3,19.0,-5.38,39.68,Female,5-14 yrs,NO,Student,Index Case,ABDALLA MZEE REGIONAL HOSPITAL,MJINI,PUBLIC,PEMBA,SHIDI,131984,139217,415012.0,4.23,29.49,23.11,79.3,96.9,Abdalla mzee-Mkoani,False
MKOANI,2020,7,28,5,16.69,-5.38,39.68,Female,< 5 yrs,NO,Other,Other Household Member,ZIWANI POLICE,MJINI,PUBLIC,PEMBA,SHIDI,132122,139217,415012.0,19.15,29.37,23.04,79.14,96.9,Abdalla mzee-Mkoani,False
MKOANI,2020,7,30,19,24.48,-5.41,39.7,Male,15-29 yrs,NO,Other,Index Case,MWANAMASHUNGI DISPENSARY,MJINI,PRIVATE,PEMBA,MIZINGANI,133568,139745,415012.0,17.71,27.53,23.17,80.71,96.9,Abdalla mzee-Mkoani,False
MKOANI,2020,7,31,30,17.83,-5.36,39.71,Female,15-29 yrs,NO,Other,Index Case,MTAMBILE PHCU,MJINI,PUBLIC,PEMBA,MIZINGANI,134642,140088,415012.0,9.89,28.08,24.03,79.8,96.9,Abdalla mzee-Mkoani,False
MKOANI,2020,8,33,9,17.74,-5.45,39.62,Female,< 5 yrs,YES,Other,Index Case,NORTH VALLEY DISPENSARY,MJINI,PRIVATE,PEMBA,KENDWA,135163,140268,415012.0,7.25,29.09,22.2,87.01,96.9,Abdalla mzee-Mkoani,False
MKOANI,2020,8,34,17,29.3,-5.37,39.7,Male,15-29 yrs,NO,Other,Other Household Member,ZIWANI POLICE,MJINI,PUBLIC,PEMBA,NGOMBENI,135621,140414,415012.0,2.49,29.1,23.21,84.17,96.9,Abdalla mzee-Mkoani,False
MKOANI,2020,8,35,24,14.05,-5.37,39.7,Male,5-14 yrs,NO,Other,Index Case,MTAMBILE PHCU,MJINI,PUBLIC,PEMBA,MTAMBILE,136114,140586,415012.0,3.2,29.43,23.03,84.72,96.9,Abdalla mzee-Mkoani,False
MKOANI,2020,8,36,31,24.0,-5.36,39.71,Male,15-29 yrs,NO,Other,Other Household Member,ZIWANI POLICE,MJINI,PUBLIC,PEMBA,MIZINGANI,136656,140729,415012.0,6.3,28.08,23.12,86.1,96.9,Abdalla mzee-Mkoani,False
MKOANI,2020,9,36,2,25.1,-5.37,39.71,Male,30-44 yrs,NO,Other,Other Household Member,ZIWANI POLICE,MJINI,PUBLIC,PEMBA,MIZINGANI,136800,140776,415012.0,1.37,29.48,22.98,87.8,96.9,Abdalla mzee-Mkoani,False
MKOANI,2020,9,37,9,21.15,-5.36,39.74,Female,< 5 yrs,YES,Other,Index Case,UKUTINI PHCU+,MJINI,PUBLIC,PEMBA,CHAMBANI,137282,140929,415012.0,0.69,30.67,22.89,89.0,96.9,Abdalla mzee-Mkoani,False
MKOANI,2020,9,38,18,2.0,-5.22,39.78,Female,< 5 yrs,NO,Other,Index Case,NGOMENI PHCU,MJINI,PUBLIC,PEMBA,NGWACHANI,137801,141121,415012.0,0.0,29.87,22.23,90.5,96.9,Abdalla mzee-Mkoani,False
MKOANI,2020,9,39,24,23.75,-5.22,39.78,Female,15-29 yrs,NO,Other,Other Household Member,ZIWANI POLICE,MJINI,PUBLIC,PEMBA,NGWACHANI,138048,141121,415012.0,0.0,29.15,22.24,90.5,96.9,Abdalla mzee-Mkoani,False
MKOANI,2020,10,41,5,18.28,-5.4,39.67,Female,15-29 yrs,YES,Business,Index Case,BOGOWA PHCU+,MJINI,PUBLIC,PEMBA,MKANYAGENI,138816,141451,415012.0,2.19,30.29,24.06,90.51,96.9,Abdalla mzee-Mkoani,False
MKOANI,2020,11,45,5,6.0,-5.34,39.76,Male,5-14 yrs,YES,Other,Index Case,UKUTINI PHCU+,MJINI,PUBLIC,PEMBA,UKUTINI,139953,141935,415012.0,1.95,29.04,22.95,90.0,96.9,Abdalla mzee-Mkoani,False
MKOANI,2020,11,46,11,48.0,-5.41,39.65,Female,45+ yrs,NO,Other,Index Case,BOGOWA PHCU+,MJINI,PUBLIC,PEMBA,STAHABU,140058,141934,415012.0,50.93,30.71,24.64,92.1,96.9,Abdalla mzee-Mkoani,False
MKOANI,2020,11,48,22,21.26,-5.5,39.62,Female,45+ yrs,NO,Other,Index Case,DIRA DISPENSARY,MJINI,PRIVATE,PEMBA,KENDWA,140376,142067,415012.0,19.98,30.5,24.56,90.4,96.9,Abdalla mzee-Mkoani,False
MKOANI,2020,11,49,30,5.0,-5.39,39.67,Male,5-14 yrs,NO,Student,Index Case,ABDALLA MZEE REGIONAL HOSPITAL,MJINI,PUBLIC,PEMBA,MKANYAGENI,140828,142229,415012.0,65.7,31.57,24.35,89.8,96.9,Abdalla mzee-Mkoani,False
MKOANI,2020,12,49,1,20.21,-5.36,39.71,Female,15-29 yrs,NO,Student,Other Household Member,ZIWANI POLICE,MJINI,PUBLIC,PEMBA,STAHABU,140832,141934,415012.0,7.1,31.55,24.35,89.61,96.9,Abdalla mzee-Mkoani,False
MKOANI,2020,12,50,9,16.69,-5.38,39.71,Female,< 5 yrs,NO,Other,Index Case,ABDALLA MZEE REGIONAL HOSPITAL,MJINI,PUBLIC,PEMBA,MIZINGANI,141424,142478,415012.0,14.22,32.1,24.2,89.26,96.9,Abdalla mzee-Mkoani,False
MKOANI,2020,12,51,13,32.75,-5.43,39.7,Male,15-29 yrs,NO,Other,Other Household Member,ZIWANI POLICE,MJINI,PUBLIC,PEMBA,KANGANI,141800,142573,415012.0,13.46,30.46,24.7,89.24,96.9,Abdalla mzee-Mkoani,False
MKOANI,2020,12,52,21,10.0,-5.33,39.78,Female,5-14 yrs,YES,Student,Index Case,ABDALLA MZEE REGIONAL HOSPITAL,MJINI,PUBLIC,PEMBA,CHAMBANI,142954,143003,415012.0,20.07,30.61,24.83,88.4,96.9,Abdalla mzee-Mkoani,False
MKOANI,2020,12,53,28,23.07,-5.43,39.71,Male,30-44 yrs,YES,Other,Index Case,NORTH VALLEY DISPENSARY,MJINI,PRIVATE,PEMBA,KENDWA,143757,143279,415012.0,13.12,31.36,25.53,90.47,96.9,Abdalla mzee-Mkoani,False
MKOANI,2021,1,1,1,8.5,-5.38,39.65,Male,< 5 yrs,NO,Other,Index Case,ABDALLA MZEE REGIONAL HOSPITAL,MJINI,PUBLIC,PEMBA,CHANGAWENI,144303,143618,878264.0,0.0,31.7,24.99,89.7,94.7,Abdalla mzee-Mkoani,False
MKOANI,2021,1,2,4,20.92,-5.34,39.67,Female,30-44 yrs,NO,Other,Index Case,WAMBAA PHCU+,MJINI,PUBLIC,PEMBA,WAMBAA,144618,143519,878264.0,0.72,30.68,25.01,89.98,94.7,Abdalla mzee-Mkoani,False
MKOANI,2021,1,3,11,18.32,-5.34,39.72,Female,5-14 yrs,NO,Student,Index Case,ABDALLA MZEE REGIONAL HOSPITAL,MJINI,PUBLIC,PEMBA,MTAMBILE,145711,143853,878264.0,8.85,29.52,24.95,90.94,94.7,Abdalla mzee-Mkoani,False
MKOANI,2021,1,4,19,12.48,-5.36,39.69,Male,5-14 yrs,NO,Student,Index Case,ABDALLA MZEE REGIONAL HOSPITAL,MJINI,PUBLIC,PEMBA,MIZINGANI,146857,144203,878264.0,0.0,31.16,25.04,87.92,94.7,Abdalla mzee-Mkoani,False
MKOANI,2021,1,5,25,21.67,-5.38,39.71,Male,30-44 yrs,NO,Business,Index Case,MTAMBILE PHCU,MJINI,PUBLIC,PEMBA,MTAMBILE,147600,144412,878264.0,0.0,32.74,25.12,90.72,94.7,Abdalla mzee-Mkoani,False
MKOANI,2021,2,7,8,16.42,-5.39,39.66,Male,< 5 yrs,NO,Student,Index Case,ABDALLA MZEE REGIONAL HOSPITAL,MJINI,PUBLIC,PEMBA,MBUGUANI,149096,144819,878264.0,13.81,31.02,25.37,89.33,94.7,Abdalla mzee-Mkoani,False
MKOANI,2021,2,8,15,26.4,-5.32,39.7,Female,5-14 yrs,NO,Student,Index Case,CHAMBANI PHCU,MJINI,PUBLIC,PEMBA,CHAMBANI,149575,144976,878264.0,5.88,31.89,24.62,89.5,94.7,Abdalla mzee-Mkoani,False
MKOANI,2021,2,9,21,19.33,-5.37,39.72,Female,< 5 yrs,NO,Other,Other Household Member,ZIWANI POLICE,MJINI,PUBLIC,PEMBA,CHOKOCHO,149979,145068,878264.0,1.16,31.77,24.94,87.14,94.7,Abdalla mzee-Mkoani,False
MKOANI,2021,3,11,7,13.0,-5.4,39.73,Female,5-14 yrs,NO,Student,Index Case,ABDALLA MZEE REGIONAL HOSPITAL,MJINI,PUBLIC,PEMBA,MKUNGU,150874,145380,878264.0,0.0,32.0,24.63,68.4,94.7,Abdalla mzee-Mkoani,False
MKOANI,2021,3,12,14,20.1,-5.36,39.73,Male,15-29 yrs,NO,Student,Index Case,MICHENZANI PHCU,MJINI,PUBLIC,PEMBA,MTAMBILE,151305,145495,878264.0,7.59,32.56,23.52,68.86,94.7,Abdalla mzee-Mkoani,False
MKOANI,2021,3,13,21,17.7,-5.39,39.7,Male,5-14 yrs,NO,Student,Index Case,MWANAMASHUNGI DISPENSARY,MJINI,PRIVATE,PEMBA,MIZINGANI,151714,145647,878264.0,21.91,32.37,25.21,70.34,94.7,Abdalla mzee-Mkoani,False
MKOANI,2021,4,14,1,16.0,-5.34,39.7,Male,15-29 yrs,NO,Farmer,Index Case,NGOMENI PHCU,MJINI,PUBLIC,PEMBA,CHUMBAGENI,152327,145810,878264.0,28.82,31.99,25.35,85.3,94.7,Abdalla mzee-Mkoani,False
MKOANI,2021,4,15,8,23.25,-5.34,39.75,Female,15-29 yrs,NO,Farmer,Index Case,UKUTINI PHCU+,MJINI,PUBLIC,PEMBA,NGWACHANI,152568,145885,878264.0,69.18,29.55,24.68,84.3,94.7,Abdalla mzee-Mkoani,False
MKOANI,2021,4,16,16,18.0,-5.44,39.7,Female,15-29 yrs,YES,Other,Index Case,KANGANI PHCU,MJINI,PUBLIC,PEMBA,KUUKUU,153049,146016,878264.0,108.64,30.25,24.56,84.4,94.7,Abdalla mzee-Mkoani,False
MKOANI,2021,4,17,19,19.0,-5.35,39.71,Female,15-29 yrs,NO,Housewife,Index Case,MWANAMASHUNGI DISPENSARY,MJINI,PRIVATE,PEMBA,MGAGADU,153175,146130,878264.0,190.41,30.36,25.61,84.1,94.7,Abdalla mzee-Mkoani,False
MKOANI,2021,4,18,25,16.42,-5.31,39.68,Female,15-29 yrs,NO,Student,Other Household Member,ZIWANI POLICE,MJINI,PUBLIC,PEMBA,MGAGADU,153497,146130,878264.0,189.56,30.86,24.61,85.84,94.7,Abdalla mzee-Mkoani,False
MKOANI,2021,5,19,7,28.4,-5.27,39.75,Female,45+ yrs,NO,Housewife,Other Household Member,ZIWANI POLICE,MJINI,PUBLIC,PEMBA,MKUNGU,154275,146399,878264.0,143.2,28.45,23.77,87.3,94.7,Abdalla mzee-Mkoani,False
MKOANI,2021,5,20,9,21.25,-5.27,39.74,Male,15-29 yrs,NO,Farmer,Other Household Member,ZIWANI POLICE,MJINI,PUBLIC,PEMBA,MAKOONGWE,154325,146380,878264.0,9.82,31.03,24.8,87.4,94.7,Abdalla mzee-Mkoani,False
MKOANI,2021,5,22,28,36.0,-5.75,39.3,Male,30-44 yrs,YES,Fisherman,Index Case,KIVUNGE DISTRICT HOSPITAL,MJINI,PUBLIC,PEMBA,KENDWA,155768,146845,878264.0,6.25,30.19,25.14,88.1,94.7,Abdalla mzee-Mkoani,False
MKOANI,2021,6,23,3,21.5,-5.39,39.69,Male,15-29 yrs,NO,Business,Index Case,KENGEJA PHCU+,MJINI,PUBLIC,PEMBA,KENGEJA,156097,146951,878264.0,0.0,30.11,24.22,83.3,94.7,Abdalla mzee-Mkoani,False
MKOANI,2021,6,25,14,23.06,-5.39,39.72,Male,30-44 yrs,YES,Other,Index Case,ABDALLA MZEE REGIONAL HOSPITAL,MJINI,PUBLIC,PEMBA,MBUGUANI,156735,147234,878264.0,13.65,28.26,23.74,84.94,94.7,Abdalla mzee-Mkoani,False
MKOANI,2021,6,26,21,24.38,-5.39,39.73,Male,30-44 yrs,NO,Unemployed,Index Case,SHIDI PHCU,MJINI,PUBLIC,PEMBA,SHIDI,157138,147324,878264.0,3.2,28.1,23.54,85.56,94.7,Abdalla mzee-Mkoani,False
MKOANI,2021,6,27,30,7.0,-5.43,39.65,Male,5-14 yrs,NO,Student,Index Case,BOGOWA PHCU+,MJINI,PUBLIC,PEMBA,CHOKOCHO,157880,147579,878264.0,20.76,27.59,23.87,83.7,94.7,Abdalla mzee-Mkoani,False
MKOANI,2021,7,27,2,31.5,-5.43,39.65,Male,5-14 yrs,NO,Student,Other Household Member,ZIWANI POLICE,MJINI,PUBLIC,PEMBA,CHOKOCHO,157989,147579,878264.0,6.88,29.66,23.39,78.8,94.7,Abdalla mzee-Mkoani,False
MKOANI,2021,7,28,7,22.0,-5.41,39.73,Male,15-29 yrs,YES,Student,Index Case,MWAMBE PHCU,MJINI,PUBLIC,PEMBA,KENGEJA,158268,147669,878264.0,6.67,26.96,23.08,82.3,94.7,Abdalla mzee-Mkoani,False
MKOANI,2021,7,29,12,22.14,-5.41,39.71,Male,15-29 yrs,NO,Student,Other Household Member,ZIWANI POLICE,MJINI,PUBLIC,PEMBA,KENGEJA,158476,147669,878264.0,1.82,29.85,23.7,82.58,94.7,Abdalla mzee-Mkoani,False
MKOANI,2021,7,30,19,32.0,-5.41,39.66,Male,15-29 yrs,NO,Farmer,Index Case,BOGOWA PHCU+,MJINI,PUBLIC,PEMBA,MKANYAGENI,158994,147908,878264.0,15.58,29.99,25.19,85.2,94.7,Abdalla mzee-Mkoani,False
MKOANI,2021,7,31,30,18.0,-5.41,39.71,Male,15-29 yrs,NO,Business,Index Case,KIWANI PHCU,MJINI,PUBLIC,PEMBA,KENDWA,159503,148062,878264.0,4.09,28.41,24.63,85.9,94.7,Abdalla mzee-Mkoani,False
MKOANI,2021,8,32,1,8.04,-5.4,39.7,Female,15-29 yrs,NO,Housewife,Other Household Member,ZIWANI POLICE,MJINI,PUBLIC,PEMBA,MIZINGANI,159538,148060,878264.0,8.41,29.38,22.32,87.15,94.7,Abdalla mzee-Mkoani,False
MKOANI,2021,8,33,9,27.0,-5.38,39.7,Female,15-29 yrs,NO,Farmer,Index Case,MTAMBILE PHCU,MJINI,PUBLIC,PEMBA,MTAMBILE,159816,148195,878264.0,12.72,29.79,21.39,87.8,94.7,Abdalla mzee-Mkoani,False
MKOANI,2021,8,35,25,23.75,-5.37,39.78,Male,15-29 yrs,NO,Business,Index Case,MTANGANI PHCU,MJINI,PUBLIC,PEMBA,MTANGANI,160412,148396,878264.0,15.54,29.97,22.08,85.98,94.7,Abdalla mzee-Mkoani,False
MKOANI,2021,9,36,3,26.8,-5.34,39.71,Male,15-29 yrs,NO,Business,Other Household Member,ZIWANI POLICE,MJINI,PUBLIC,PEMBA,CHUMBAGENI,160689,148481,878264.0,16.82,30.32,23.75,85.06,94.7,Abdalla mzee-Mkoani,False
MKOANI,2021,9,37,6,22.95,-5.34,39.7,Female,15-29 yrs,NO,Business,Index Case,WAMBAA PHCU+,MJINI,PUBLIC,PEMBA,CHUMBAGENI,160796,148521,878264.0,14.48,27.3,24.23,85.93,94.7,Abdalla mzee-Mkoani,False
MKOANI,2021,9,39,20,1.9,-5.33,39.73,Male,< 5 yrs,NO,Under school age (<6 years),Index Case,NGOMENI PHCU,MJINI,PUBLIC,PEMBA,NGWACHANI,161418,148667,878264.0,11.68,31.1,22.99,85.5,94.7,Abdalla mzee-Mkoani,False
MKOANI,2021,9,40,28,23.5,-5.33,39.73,Male,15-29 yrs,NO,Business,Index Case,NGOMENI PHCU,MJINI,PUBLIC,PEMBA,NGWACHANI,161700,148752,878264.0,7.03,30.26,23.88,85.5,94.7,Abdalla mzee-Mkoani,False
MKOANI,2021,10,43,22,32.0,-5.37,39.78,Female,30-44 yrs,NO,Business,Index Case,MTANGANI PHCU,MJINI,PUBLIC,PEMBA,MTANGANI,162574,148991,878264.0,0.0,28.93,22.5,88.6,94.7,Abdalla mzee-Mkoani,False
MKOANI,2021,10,44,28,20.0,-5.64,39.41,Female,15-29 yrs,YES,Housewife,Index Case,KENDWA PHCU,MJINI,PUBLIC,PEMBA,KENDWA,162765,149050,878264.0,13.36,31.03,23.08,88.77,94.7,Abdalla mzee-Mkoani,False
MKOANI,2021,10,45,31,9.5,-5.43,39.65,Male,< 5 yrs,NO,Under school age (<6 years),Other Household Member,ZIWANI POLICE,MJINI,PUBLIC,PEMBA,CHOKOCHO,162864,149061,878264.0,28.89,30.15,22.17,86.5,94.7,Abdalla mzee-Mkoani,False
MKOANI,2021,11,47,15,24.56,-5.49,39.62,Female,5-14 yrs,NO,Student,Index Case,BOGOWA PHCU+,MJINI,PUBLIC,PEMBA,CHOKOCHO,163430,149225,878264.0,2.6,30.89,23.32,89.72,94.7,Abdalla mzee-Mkoani,False
MKOANI,2021,11,48,21,17.5,-5.34,39.66,Male,15-29 yrs,YES,Farmer,Index Case,MAKOMBENI PHCU,MJINI,PUBLIC,PEMBA,MAKOMBENI,163555,149250,878264.0,1.58,31.3,24.26,88.2,94.7,Abdalla mzee-Mkoani,False
MKOANI,2021,11,49,29,32.0,-5.42,39.69,Male,30-44 yrs,YES,Health worker,Index Case,KANGANI PHCU,MJINI,PUBLIC,PEMBA,KANGANI,163870,149354,878264.0,42.68,32.61,25.47,86.8,94.7,Abdalla mzee-Mkoani,False
MKOANI,2021,12,49,2,30.0,-5.34,39.66,Female,30-44 yrs,NO,Farmer,Other Household Member,ZIWANI POLICE,MJINI,PUBLIC,PEMBA,MBUGUANI,163897,149275,878264.0,71.31,32.57,25.57,92.1,94.7,Abdalla mzee-Mkoani,False
MKOANI,2021,12,52,19,25.55,-5.4,39.72,Female,45+ yrs,YES,Housewife,Index Case,MAKOONGWE PHCU,MJINI,PUBLIC,PEMBA,MAKOONGWE,164369,149509,878264.0,96.21,31.07,23.87,92.12,94.7,Abdalla mzee-Mkoani,False
MKOANI,2022,1,1,1,17.0,-5.06,39.72,Male,15-29 yrs,NO,Business,Index Case,BAHJA DISPENSARY,MJINI,PRIVATE,PEMBA,MGAGADU,165040,149674,388344.4,0.0,33.22,26.36,74.5,97.8,Abdalla mzee-Mkoani,False
MKOANI,2022,1,2,7,13.0,-5.42,39.65,Male,5-14 yrs,NO,Farmer,Index Case,BOGOWA PHCU+,MJINI,PUBLIC,PEMBA,CHOKOCHO,165683,149877,388344.4,0.0,32.0,25.18,74.4,97.8,Abdalla mzee-Mkoani,False
MKOANI,2022,1,3,11,21.15,-5.35,39.74,Male,15-29 yrs,NO,Business,Index Case,UKUTINI PHCU+,MJINI,PUBLIC,PEMBA,UKUTINI,166156,149992,388344.4,0.0,31.96,26.42,74.73,97.8,Abdalla mzee-Mkoani,False
MKOANI,2022,1,4,16,18.25,-5.5,39.63,Male,< 5 yrs,NO,Other,Index Case,KIBWENI KMKM,WEST A,PUBLIC,PEMBA,MKANYAGENI,166742,150142,388344.4,35.07,33.08,25.01,76.1,97.8,Abdalla mzee-Mkoani,False
MKOANI,2022,1,5,24,24.39,-5.38,39.69,Male,5-14 yrs,NO,Student,Index Case,ABDALLA MZEE REGIONAL HOSPITAL,MJINI,PUBLIC,PEMBA,CHOKOCHO,167650,150369,388344.4,21.8,31.13,23.97,75.81,97.8,Abdalla mzee-Mkoani,False
MKOANI,2022,1,6,31,19.0,-5.4,39.7,Female,5-14 yrs,NO,Student,Index Case,ABDALLA MZEE REGIONAL HOSPITAL,MJINI,PUBLIC,PEMBA,KISIWA PANZA,168208,150516,388344.4,17.63,30.77,24.96,74.5,97.8,Abdalla mzee-Mkoani,False
MKOANI,2022,2,6,1,12.92,-5.45,39.66,Female,< 5 yrs,NO,Under school age (<6 years),Other Household Member,ZIWANI POLICE,MJINI,PUBLIC,PEMBA,KISIWA PANZA,168234,150516,388344.4,0.0,31.78,24.49,78.0,97.8,Abdalla mzee-Mkoani,False
MKOANI,2022,2,7,10,3.5,-5.4,39.73,Male,< 5 yrs,NO,Under school age (<6 years),Index Case,KENGEJA PHCU+,MJINI,PUBLIC,PEMBA,MKUNGU,168824,150662,388344.4,4.44,33.06,26.44,76.0,97.8,Abdalla mzee-Mkoani,False
MKOANI,2022,2,8,15,15.83,-5.43,39.65,Male,5-14 yrs,NO,Student,Other Household Member,ZIWANI POLICE,MJINI,PUBLIC,PEMBA,MKANYAGENI,169066,150727,388344.4,4.33,30.46,24.49,73.58,97.8,Abdalla mzee-Mkoani,False
MKOANI,2022,2,9,20,21.33,-5.36,39.67,Male,5-14 yrs,NO,Student,Index Case,ABDALLA MZEE REGIONAL HOSPITAL,MJINI,PUBLIC,PEMBA,MBUYUNI,169246,150791,388344.4,0.0,32.05,25.04,78.03,97.8,Abdalla mzee-Mkoani,False
MKOANI,2022,3,11,6,20.5,-5.36,39.73,Male,5-14 yrs,NO,Farmer,Index Case,ABDALLA MZEE REGIONAL HOSPITAL,MJINI,PUBLIC,PEMBA,MGAGADU,169836,151011,388344.4,0.0,32.93,25.34,67.95,97.8,Abdalla mzee-Mkoani,False
MKOANI,2022,3,13,20,13.0,-5.27,39.71,Female,5-14 yrs,NO,Student,Other Household Member,ZIWANI POLICE,MJINI,PUBLIC,PEMBA,MIZINGANI,170650,151270,388344.4,5.38,32.3,25.32,69.17,97.8,Abdalla mzee-Mkoani,True
MKOANI,2022,3,14,28,18.8,-5.4,39.67,Male,45+ yrs,NO,Farmer,Index Case,ABDALLA MZEE REGIONAL HOSPITAL,MJINI,PUBLIC,PEMBA,MBUGUANI,170976,151313,388344.4,3.45,31.7,25.87,64.49,97.8,Abdalla mzee-Mkoani,False
MKOANI,2022,4,16,11,20.68,-6.05,39.24,Male,5-14 yrs,NO,Student,Index Case,MNAZI MMOJA HOSPITAL,MJINI,PUBLIC,PEMBA,MICHENZANI,171719,151507,388344.4,6.32,31.17,25.61,80.83,97.8,Abdalla mzee-Mkoani,False
MKOANI,2022,4,17,21,30.0,-6.05,39.25,Female,30-44 yrs,NO,Housewife,Index Case,KIBWENI KMKM,MJINI,PUBLIC,PEMBA,MKANYAGENI,172091,151593,388344.4,87.95,29.47,25.57,79.2,97.8,Abdalla mzee-Mkoani,False
MKOANI,2022,4,18,25,30.0,-5.39,39.69,Male,30-44 yrs,NO,Business,Index Case,CHAKECHAKE DISTRICT HOSPITAL,MJINI,PUBLIC,PEMBA,MJIMBINI,172246,151650,388344.4,109.34,30.09,25.44,77.7,97.8,Abdalla mzee-Mkoani,False
MKOANI,2022,5,19,6,30.0,-5.73,39.49,Male,15-29 yrs,NO,Civil Servant,Index Case,KENGEJA PHCU+,MJINI,PUBLIC,PEMBA,KENGEJA,172613,151770,388344.4,91.88,28.88,25.02,84.4,97.8,Abdalla mzee-Mkoani,False
MKOANI,2022,5,22,24,36.5,-5.36,39.75,Male,30-44 yrs,NO,Business,Index Case,MWAMBE PHCU,MJINI,PUBLIC,PEMBA,MCHAKWE,173395,152053,388344.4,31.66,30.5,25.45,85.6,97.8,Abdalla mzee-Mkoani,False
MKOANI,2022,5,23,29,11.92,-5.33,39.73,Female,30-44 yrs,NO,Farmer,Other Household Member,ZIWANI POLICE,MJINI,PUBLIC,PEMBA,NGWACHANI,173663,152091,388344.4,38.82,30.36,24.66,86.05,97.8,Abdalla mzee-Mkoani,False
MKOANI,2022,6,23,1,29.6,-5.38,39.73,Male,5-14 yrs,NO,Farmer,Index Case,MTAMBILE PHCU,MJINI,PUBLIC,PEMBA,MTAMBILE,173902,152193,388344.4,0.0,31.05,23.36,10.08,97.8,Abdalla mzee-Mkoani,False
MKOANI,2022,6,25,16,39.62,-5.36,39.65,Male,30-44 yrs,NO,Business,Index Case,BANDARINI MKOANI,MJINI,PUBLIC,PEMBA,MBUYUNI,174625,152443,388344.4,5.52,30.92,23.71,7.74,97.8,Abdalla mzee-Mkoani,False
MKOANI,2022,6,26,23,18.0,-5.35,39.65,Male,15-29 yrs,NO,Fisherman,Index Case,ABDALLA MZEE REGIONAL HOSPITAL,MJINI,PUBLIC,PEMBA,NGOMBENI,174947,152535,388344.4,4.77,27.92,24.52,8.6,97.8,Abdalla mzee-Mkoani,False
MKOANI,2022,6,27,29,18.0,-5.4,39.73,Female,15-29 yrs,NO,Unemployed,Index Case,KENGEJA PHCU+,MJINI,PUBLIC,PEMBA,KENGEJA,175221,152621,388344.4,20.18,27.6,23.62,8.8,97.8,Abdalla mzee-Mkoani,False
MKOANI,2022,7,28,8,16.75,-5.37,39.66,Female,< 5 yrs,NO,Under school age (<6 years),Index Case,ABDALLA MZEE REGIONAL HOSPITAL,MJINI,PUBLIC,PEMBA,NGOMENI,175546,1063,388344.4,24.25,27.01,22.48,93.8,97.8,Abdalla mzee-Mkoani,False
MKOANI,2022,7,29,10,32.5,-5.36,39.65,Female,15-29 yrs,NO,Housewife,Index Case,ABDALLA MZEE REGIONAL HOSPITAL,MJINI,PUBLIC,PEMBA,NGOMBENI,175570,1112,388344.4,13.44,27.78,22.45,93.3,97.8,Abdalla mzee-Mkoani,False
MKOANI,2022,8,32,1,22.17,-5.4,39.66,Male,< 5 yrs,NO,Under school age (<6 years),Other Household Member,ZIWANI POLICE,MJINI,PUBLIC,PEMBA,MKANYAGENI,176289,1252,388344.4,18.84,29.41,21.54,92.1,97.8,Abdalla mzee-Mkoani,False
MKOANI,2022,8,34,15,20.71,-5.37,39.7,Female,15-29 yrs,NO,Other,Index Case,MBUZINI PHCU,MJINI,PUBLIC,PEMBA,MBUYUNI,176644,1371,388344.4,7.48,29.6,20.3,88.59,97.8,Abdalla mzee-Mkoani,False
MKOANI,2022,8,35,24,13.0,-5.38,39.7,Female,5-14 yrs,NO,Student,Index Case,MTAMBILE PHCU,MJINI,PUBLIC,PEMBA,MTAMBILE,176801,1412,388344.4,7.99,27.0,22.22,88.0,97.8,Abdalla mzee-Mkoani,False
MKOANI,2022,9,40,30,19.0,-5.33,39.72,Male,15-29 yrs,NO,Farmer,Index Case,ALI KHAMIS CAMP,MJINI,PUBLIC,PEMBA,MGAGADU,177672,1685,388344.4,17.03,27.76,24.25,87.4,97.8,Abdalla mzee-Mkoani,False
MKOANI,2022,10,41,3,17.0,-5.33,39.72,Male,15-29 yrs,NO,Business,Other Household Member,ZIWANI POLICE,MJINI,PUBLIC,PEMBA,MGAGADU,177684,1685,388344.4,11.36,30.47,23.15,91.2,97.8,Abdalla mzee-Mkoani,False
MKOANI,2022,10,42,11,33.67,-5.35,39.71,Female,15-29 yrs,NO,Farmer,Index Case,WAMBAA PHCU+,MJINI,PUBLIC,PEMBA,MGAGADU,177827,1731,388344.4,8.33,31.02,23.97,90.3,97.8,Abdalla mzee-Mkoani,False
MKOANI,2022,11,47,16,19.5,-5.37,39.64,Female,30-44 yrs,NO,Housewife,Other Household Member,ZIWANI POLICE,MJINI,PUBLIC,PEMBA,MBUYUNI,178485,1936,388344.4,4.57,30.79,23.82,92.2,97.8,Abdalla mzee-Mkoani,False
MKOANI,2022,12,50,8,32.19,-5.29,39.67,Female,< 5 yrs,NO,Under school age (<6 years),Index Case,WAMBAA PHCU+,MJINI,PUBLIC,PEMBA,WAMBAA,178923,2108,388344.4,54.13,31.63,24.02,93.77,97.8,Abdalla mzee-Mkoani,False
MKOANI,2022,12,51,15,17.0,-5.98,39.34,Female,15-29 yrs,NO,Other,Index Case,KIBWENI KMKM,MJINI,PUBLIC,PEMBA,MKANYAGENI,179080,2140,388344.4,60.67,32.31,25.03,95.6,97.8,Abdalla mzee-Mkoani,False
MKOANI,2023,1,4,24,18.25,-5.4,39.7,Male,15-29 yrs,YES,Student,Index Case,KENGEJA PHCU+,MJINI,PUBLIC,PEMBA,MKUNGU,181072,4302,248000.0,15.03,33.17,25.82,87.18,94.0,Abdalla mzee-Mkoani,False
MKOANI,2023,1,5,29,17.98,-5.4,39.66,Male,< 5 yrs,NO,Under school age (<6 years),Other Household Member,ZIWANI POLICE,MJINI,PUBLIC,PEMBA,MICHENZANI,181293,2657,248000.0,24.03,30.83,25.68,85.92,94.0,Abdalla mzee-Mkoani,False
MKOANI,2023,2,5,1,17.25,-5.4,39.75,Female,15-29 yrs,NO,Business,Other Household Member,ZIWANI POLICE,MJINI,PUBLIC,PEMBA,MUAMBE,181522,2893,248000.0,11.54,33.37,25.46,90.48,94.0,Abdalla mzee-Mkoani,False
MKOANI,2023,2,6,6,42.0,-5.3,39.79,Male,30-44 yrs,YES,Business,Index Case,PUJINI PHCU+,MJINI,PUBLIC,PEMBA,DODO,181814,2993,248000.0,11.57,32.07,24.25,90.6,94.0,Abdalla mzee-Mkoani,False
MKOANI,2023,2,7,16,47.0,-5.36,39.65,Male,45+ yrs,NO,Business,Index Case,ABDALLA MZEE REGIONAL HOSPITAL,MJINI,PUBLIC,PEMBA,UWELENI,182369,3142,248000.0,8.46,31.26,25.95,88.7,94.0,Abdalla mzee-Mkoani,False
MKOANI,2023,2,8,21,19.9,-5.37,39.65,Female,30-44 yrs,NO,Housewife,Other Household Member,ZIWANI POLICE,MJINI,PUBLIC,PEMBA,STAHABU,182591,3220,248000.0,2.2,32.27,24.86,87.66,94.0,Abdalla mzee-Mkoani,False
MKOANI,2023,2,9,28,10.0,-5.4,39.64,Female,5-14 yrs,YES,Student,Index Case,ABDALLA MZEE REGIONAL HOSPITAL,MJINI,PUBLIC,PEMBA,MICHENZANI,182905,3350,248000.0,9.69,31.68,23.8,89.4,94.0,Abdalla mzee-Mkoani,False
MKOANI,2023,3,9,2,15.57,-5.4,39.64,Male,5-14 yrs,NO,Student,Other Household Member,ZIWANI POLICE,MJINI,PUBLIC,PEMBA,MICHENZANI,182974,3350,248000.0,4.59,34.59,24.81,91.9,94.0,Abdalla mzee-Mkoani,False
MKOANI,2023,3,10,8,31.0,-5.38,39.62,Male,30-44 yrs,YES,Watchman/Police,Index Case,MAKOONGWE PHCU,MJINI,PUBLIC,PEMBA,MAKOONGWE,183226,3470,248000.0,4.68,31.77,24.76,89.9,94.0,Abdalla mzee-Mkoani,False
MKOANI,2023,3,12,20,19.0,-5.4,39.64,Male,15-29 yrs,NO,Fisherman,Index Case,MICHENZANI PHCU,MJINI,PUBLIC,PEMBA,MICHENZANI,183554,3585,248000.0,28.81,32.53,25.02,91.1,94.0,Abdalla mzee-Mkoani,False
MKOANI,2023,3,13,31,10.0,-5.39,39.71,Male,5-14 yrs,YES,Student,Index Case,KENGEJA PHCU+,MJINI,PUBLIC,PEMBA,MKUNGU,184055,3728,248000.0,51.24,30.32,24.65,88.7,94.0,Abdalla mzee-Mkoani,False
MKOANI,2023,4,14,3,17.05,-5.39,39.71,Male,< 5 yrs,NO,Under school age (<6 years),Other Household Member,ZIWANI POLICE,MJINI,PUBLIC,PEMBA,MKUNGU,184109,3728,248000.0,99.81,31.53,25.48,88.4,94.0,Abdalla mzee-Mkoani,False
MKOANI,2023,4,15,15,2.33,-5.42,39.72,Male,< 5 yrs,NO,Under school age (<6 years),Index Case,ABDALLA MZEE REGIONAL HOSPITAL,MJINI,PUBLIC,PEMBA,KENGEJA,184398,3842,248000.0,55.77,32.47,25.53,90.3,94.0,Abdalla mzee-Mkoani,False
MKOANI,2023,4,17,24,35.0,-5.4,39.69,Male,30-44 yrs,NO,Business,Index Case,KANGANI PHCU,MJINI,PUBLIC,PEMBA,MJIMBINI,184643,3927,248000.0,226.02,28.31,25.66,89.9,94.0,Abdalla mzee-Mkoani,False
MKOANI,2023,5,18,2,63.0,-5.38,39.69,Male,45+ yrs,YES,Farmer,Index Case,ABDALLA MZEE REGIONAL HOSPITAL,MJINI,PUBLIC,PEMBA,MTAMBILE,184965,4184,248000.0,85.87,29.93,25.33,93.0,94.0,Abdalla mzee-Mkoani,False
MKOANI,2023,5,19,8,21.5,-5.38,39.69,Female,5-14 yrs,NO,Student,Other Household Member,ZIWANI POLICE,MJINI,PUBLIC,PEMBA,MTAMBILE,185336,4184,248000.0,97.34,29.58,25.59,97.7,94.0,Abdalla mzee-Mkoani,False
MKOANI,2023,5,20,19,28.0,-5.45,39.73,Male,15-29 yrs,YES,Watchman/Police,Index Case,KENGEJA PHCU+,MJINI,PUBLIC,PEMBA,SHAMIANI,186194,4522,248000.0,21.28,31.54,24.87,95.3,94.0,Abdalla mzee-Mkoani,False
MKOANI,2023,5,21,21,36.86,-5.5,39.67,Male,30-44 yrs,NO,Business,Index Case,ABDALLA MZEE REGIONAL HOSPITAL,MJINI,PUBLIC,PEMBA,UWELENI,186332,4537,248000.0,41.23,29.9,24.4,95.31,94.0,Abdalla mzee-Mkoani,False
MKOANI,2023,5,22,30,28.0,-5.36,39.65,Male,15-29 yrs,YES,Business,Index Case,ABDALLA MZEE REGIONAL HOSPITAL,MJINI,PUBLIC,PEMBA,UWELENI,187266,4759,248000.0,51.51,29.61,24.23,93.3,94.0,Abdalla mzee-Mkoani,False
MKOANI,2023,6,22,1,29.0,-5.36,39.65,Male,15-29 yrs,NO,Business,Other Household Member,ZIWANI POLICE,MJINI,PUBLIC,PEMBA,UWELENI,187467,4759,248000.0,38.01,29.41,24.57,89.2,94.0,Abdalla mzee-Mkoani,False
MKOANI,2023,6,24,12,31.0,-5.41,39.71,Male,15-29 yrs,NO,Business,Index Case,ABDALLA MZEE REGIONAL HOSPITAL,MJINI,PUBLIC,PEMBA,MJIMBINI,188621,5149,248000.0,16.08,29.49,23.74,90.9,94.0,Abdalla mzee-Mkoani,False
MKOANI,2023,6,25,21,20.17,-5.34,39.76,Male,15-29 yrs,YES,Fisherman,Index Case,CHAMBANI PHCU,MJINI,PUBLIC,PEMBA,CHAMBANI,189964,5610,248000.0,26.97,29.11,23.04,88.6,94.0,Abdalla mzee-Mkoani,False
MKOANI,2023,6,26,25,19.5,-5.35,39.68,Male,15-29 yrs,NO,Business,Other Household Member,ZIWANI POLICE,MJINI,PUBLIC,PEMBA,MAKOONGWE,190427,5578,248000.0,26.82,29.05,24.16,90.65,94.0,Abdalla mzee-Mkoani,False
MKOANI,2023,7,27,5,22.03,-5.29,39.67,Male,15-29 yrs,YES,Student,Index Case,ABDALLA MZEE REGIONAL HOSPITAL,MJINI,PUBLIC,PEMBA,WAMBAA,191508,6093,248000.0,16.5,28.54,23.98,84.37,94.0,Abdalla mzee-Mkoani,False
MKOANI,2023,7,28,9,26.5,-5.37,39.65,Male,15-29 yrs,NO,Business,Index Case,ABDALLA MZEE REGIONAL HOSPITAL,MJINI,PUBLIC,PEMBA,MBUYUNI,191918,6168,248000.0,5.7,28.89,23.06,84.26,94.0,Abdalla mzee-Mkoani,False
MKOANI,2023,7,30,23,29.33,-5.33,39.72,Male,45+ yrs,YES,Business,Index Case,AMAL HOSPITAL,MJINI,PUBLIC,PEMBA,NGWACHANI,193713,8724,248000.0,7.39,28.58,24.1,86.15,94.0,Abdalla mzee-Mkoani,False
MKOANI,2023,7,31,31,23.0,-5.38,39.74,Female,15-29 yrs,NO,Farmer,Index Case,KIWANI PHCU,MJINI,PUBLIC,PEMBA,KENDWA,194807,6999,248000.0,20.28,27.78,24.64,83.8,94.0,Abdalla mzee-Mkoani,False
MKOANI,2023,8,31,1,13.64,-5.35,39.71,Male,15-29 yrs,NO,Farmer,Other Household Member,ZIWANI POLICE,MJINI,PUBLIC,PEMBA,CHUMBAGENI,194883,7056,248000.0,4.39,29.71,22.56,87.35,94.0,Abdalla mzee-Mkoani,False
MKOANI,2023,8,32,10,23.0,-5.39,39.67,Male,15-29 yrs,NO,Farmer,Index Case,BOGOWA PHCU+,MJINI,PUBLIC,PEMBA,MKANYAGENI,196077,7380,248000.0,5.69,29.85,21.8,86.7,94.0,Abdalla mzee-Mkoani,False
MKOANI,2023,8,34,25,21.0,-5.32,39.69,Male,15-29 yrs,YES,Farmer,Index Case,WAMBAA PHCU+,MJINI,PUBLIC,PEMBA,CHUMBAGENI,197509,7857,248000.0,4.36,30.34,21.46,86.6,94.0,Abdalla mzee-Mkoani,False
MKOANI,2023,8,35,28,24.0,-5.4,39.73,Male,15-29 yrs,NO,Business,Index Case,KIWANI PHCU,MJINI,PUBLIC,PEMBA,KENDWA,197801,7929,248000.0,4.68,29.94,23.34,86.1,94.0,Abdalla mzee-Mkoani,False
MKOANI,2023,9,36,7,17.8,-5.4,39.69,Female,5-14 yrs,YES,Student,Index Case,ABDALLA MZEE REGIONAL HOSPITAL,MJINI,PUBLIC,PEMBA,MKANYAGENI,198873,8193,248000.0,2.23,28.98,23.78,87.86,94.0,Abdalla mzee-Mkoani,False
MKOANI,2023,9,38,21,19.0,-5.32,39.75,Female,15-29 yrs,YES,Housewife,Index Case,CHONGA PHCU,MJINI,PUBLIC,PEMBA,NGWACHANI,200024,8570,248000.0,5.74,29.35,19.75,89.3,94.0,Abdalla mzee-Mkoani,False
MKOANI,2023,9,39,28,17.0,-5.98,39.34,Male,15-29 yrs,YES,Other,Index Case,AMAL HOSPITAL,MJINI,PUBLIC,PEMBA,MUAMBE,200649,8723,248000.0,4.96,31.61,24.7,87.5,94.0,Abdalla mzee-Mkoani,False
MKOANI,2023,10,40,6,40.0,-5.98,39.34,Male,30-44 yrs,NO,Other,Index Case,AMAL HOSPITAL,MJINI,PUBLIC,PEMBA,CHAMBANI,201137,8726,248000.0,0.98,30.86,24.81,92.2,94.0,Abdalla mzee-Mkoani,False
MKOANI,2023,10,42,19,28.5,-5.79,39.46,Female,30-44 yrs,NO,Business,Index Case,MWEMBELADU HOSPITAL,MJINI,PUBLIC,PEMBA,MICHENZANI,202606,9275,248000.0,19.46,32.38,25.25,91.75,94.0,Abdalla mzee-Mkoani,False
MKOANI,2023,10,43,23,6.67,-5.89,39.38,Female,5-14 yrs,NO,Student,Other Household Member,ZIWANI POLICE,MJINI,PUBLIC,PEMBA,MICHENZANI,202827,9275,248000.0,20.01,31.11,25.39,92.63,94.0,Abdalla mzee-Mkoani,False
MKOANI,2023,11,44,2,26.0,-5.4,39.69,Male,30-44 yrs,NO,Business,Other Household Member,ZIWANI POLICE,MJINI,PUBLIC,PEMBA,MJIMBINI,203719,9634,248000.0,219.03,27.97,25.25,96.3,94.0,Abdalla mzee-Mkoani,False
MKOANI,2023,11,45,6,27.25,-5.57,39.51,Male,15-29 yrs,NO,Business,Index Case,KENGEJA PHCU+,MJINI,PUBLIC,PEMBA,KENGEJA,204052,9943,248000.0,184.12,28.57,24.15,94.48,94.0,Abdalla mzee-Mkoani,False
MKOANI,2023,11,46,13,17.76,-5.42,39.69,Female,5-14 yrs,NO,Student,Other Household Member,ZIWANI POLICE,MJINI,PUBLIC,PEMBA,KANGANI,205025,10206,248000.0,162.38,30.75,24.49,95.4,94.0,Abdalla mzee-Mkoani,False
MKOANI,2023,11,47,21,16.0,-5.37,39.7,Male,15-29 yrs,NO,Civil Servant,Index Case,KIWANI PHCU,MJINI,PUBLIC,PEMBA,KENDWA,206090,10935,248000.0,151.31,29.74,24.71,94.72,94.0,Abdalla mzee-Mkoani,False
MKOANI,2023,11,48,28,19.67,-5.55,39.6,Female,15-29 yrs,NO,Housewife,Index Case,CHAKECHAKE DISTRICT HOSPITAL,MJINI,PUBLIC,PEMBA,NGWACHANI,207180,11627,248000.0,123.88,30.44,24.43,95.67,94.0,Abdalla mzee-Mkoani,False
MKOANI,2023,12,48,1,18.0,-5.35,39.74,Male,15-29 yrs,NO,Business,Other Household Member,ZIWANI POLICE,MJINI,PUBLIC,PEMBA,NGWACHANI,207819,11627,248000.0,33.28,30.62,23.84,89.4,94.0,Abdalla mzee-Mkoani,False
MKOANI,2023,12,49,5,25.0,-5.52,39.63,Male,15-29 yrs,NO,Business,Index Case,KANGANI PHCU,MJINI,PUBLIC,PEMBA,MJIMBINI,208648,12442,248000.0,34.76,30.93,24.77,90.22,94.0,Abdalla mzee-Mkoani,False
MKOANI,2023,12,50,11,22.85,-5.48,39.63,Female,< 5 yrs,NO,Under school age (<6 years),Index Case,BOGOWA PHCU+,MJINI,PUBLIC,PEMBA,MKANYAGENI,210209,14047,248000.0,45.54,32.0,24.88,89.7,94.0,Abdalla mzee-Mkoani,True
MKOANI,2023,12,51,18,21.27,-5.38,39.7,Male,15-29 yrs,NO,Business,Index Case,ABDALLA MZEE REGIONAL HOSPITAL,MJINI,PUBLIC,PEMBA,CHOKOCHO,212020,15074,248000.0,24.81,31.77,25.0,90.3,94.0,Abdalla mzee-Mkoani,True
MKOANI,2023,12,52,24,26.15,-5.41,39.67,Female,< 5 yrs,NO,Under school age (<6 years),Other Household Member,ZIWANI POLICE,MJINI,PUBLIC,PEMBA,NGOMBENI,213358,16809,248000.0,7.23,31.97,25.85,89.82,94.0,Abdalla mzee-Mkoani,True
WETE,2018,1,1,1,16.53,-5.08,39.74,Male,15-29 yrs,NO,Other,Index Case,UKUNJWI PHCU,MJINI,PUBLIC,PEMBA,UKUNJWI,70579,117365,178072.0,8.36,33.07,25.83,92.22,95.0,Weni,False
WETE,2018,1,2,7,24.06,-5.08,39.74,Female,5-14 yrs,NO,Other,Other Household Member,ZIWANI POLICE,MJINI,PUBLIC,PEMBA,UTAANI,70949,117134,178072.0,7.77,32.65,25.64,88.22,95.0,Weni,False
WETE,2018,1,3,14,20.52,-5.19,39.75,Female,5-14 yrs,NO,Other,Index Case,CITIZEN DISPENSARY,MJINI,PRIVATE,PEMBA,GANDO,71284,117427,178072.0,0.07,32.21,25.03,89.59,95.0,Weni,True
WETE,2018,1,4,22,23.88,-5.32,39.73,Male,5-14 yrs,YES,Other,Index Case,KMKM WETE,MJINI,PUBLIC,PEMBA,LIMBANI,71706,117627,178072.0,0.02,32.08,24.6,90.06,95.0,Weni,True
WETE,2018,1,5,28,15.26,-5.17,39.78,Male,5-14 yrs,NO,Other,Index Case,WETE DISTRICT HOSPITAL,MJINI,PUBLIC,PEMBA,UKUNJWI,71995,117914,178072.0,0.0,32.06,25.74,88.97,95.0,Weni,False
WETE,2018,2,5,1,13.0,-5.98,39.34,Female,5-14 yrs,NO,Other,Index Case,DIRA DISPENSARY,MJINI,PRIVATE,PEMBA,WINGWI MJANANZA,72289,117837,178072.0,0.0,32.76,25.09,90.1,95.0,Weni,False
WETE,2018,2,6,4,15.48,-5.26,39.64,Male,15-29 yrs,YES,Other,Index Case,KISIWANI PHCU,MJINI,PUBLIC,PEMBA,KOJANI,72352,117877,178072.0,0.0,32.43,24.79,90.25,95.0,Weni,False
WETE,2018,2,7,11,18.55,-5.17,39.8,Male,< 5 yrs,YES,Other,Index Case,KIUNGONI PHCU,MJINI,PUBLIC,PEMBA,KIUNGONI,72617,117965,178072.0,0.0,30.84,24.94,90.44,95.0,Weni,True
WETE,2018,2,8,19,19.7,-5.19,39.72,Male,30-44 yrs,NO,Other,Other Household Member,ZIWANI POLICE,MJINI,PUBLIC,PEMBA,UKUNJWI,72823,117771,178072.0,0.0,31.79,24.97,90.2,95.0,Weni,False
WETE,2018,2,9,28,21.33,-5.19,39.81,Female,< 5 yrs,NO,Other,Other Household Member,ZIWANI POLICE,MJINI,PUBLIC,PEMBA,JUNGUNI,73061,118051,178072.0,0.0,33.3,25.29,90.9,95.0,Weni,False
WETE,2018,3,9,1,12.29,-5.3,39.74,Female,5-14 yrs,NO,Other,Other Household Member,ZIWANI POLICE,MJINI,PUBLIC,PEMBA,FUNDO,73109,118103,178072.0,2.34,32.74,26.28,91.7,95.0,Weni,False
WETE,2018,3,10,6,23.93,-5.04,39.69,Male,< 5 yrs,NO,Other,Index Case,UKUNJWI PHCU,MJINI,PUBLIC,PEMBA,UKUNJWI,73229,118180,178072.0,2.44,33.39,24.78,91.6,95.0,Weni,False
WETE,2018,3,11,15,12.0,-5.19,39.81,Female,5-14 yrs,YES,Other,Index Case,UONDWE PHCU,MJINI,PUBLIC,PEMBA,MTAMBWE KUSINI,73431,118250,178072.0,5.31,32.67,25.85,92.8,95.0,Weni,False
WETE,2018,3,12,19,17.59,-5.11,39.75,Male,5-14 yrs,NO,Other,Index Case,KMKM WETE,MJINI,PUBLIC,PEMBA,LIMBANI,73504,118284,178072.0,6.19,33.92,24.82,90.15,95.0,Weni,False
WETE,2018,4,14,3,18.75,-5.08,39.73,Female,15-29 yrs,NO,Other,Index Case,WETE DISTRICT HOSPITAL,MJINI,PUBLIC,PEMBA,KIZIMBANI,73942,118409,178072.0,5.46,32.17,25.36,93.42,95.0,Weni,False
WETE,2018,4,15,9,16.91,-5.11,39.75,Male,5-14 yrs,NO,Other,Index Case,KISIWANI PHCU,MJINI,PUBLIC,PEMBA,PIKI,74159,118497,178072.0,16.21,30.24,24.75,96.29,95.0,Weni,True
WETE,2018,4,16,18,25.17,-5.14,39.7,Male,30-44 yrs,NO,Other,Other Household Member,ZIWANI POLICE,MJINI,PUBLIC,PEMBA,FUNDO,74576,117208,178072.0,19.49,31.38,25.06,93.85,95.0,Weni,False
WETE,2018,4,17,23,14.44,-5.04,39.7,Male,5-14 yrs,NO,Other,Other Household Member,ZIWANI POLICE,MJINI,PUBLIC,PEMBA,GANDO,74964,118603,178072.0,10.36,31.54,24.36,94.0,95.0,Weni,True
WETE,2018,4,18,30,17.78,-5.09,39.74,Male,5-14 yrs,NO,Other,Index Case,UKUNJWI PHCU,MJINI,PUBLIC,PEMBA,UKUNJWI,75307,118703,178072.0,5.16,30.96,24.6,93.4,95.0,Weni,False
WETE,2018,5,18,2,16.98,-5.24,39.64,Female,15-29 yrs,NO,Other,Other Household Member,ZIWANI POLICE,MJINI,PUBLIC,PEMBA,MGOGONI,75368,118672,178072.0,25.19,29.81,24.03,95.82,95.0,Weni,True
WETE,2018,5,19,7,25.16,-5.39,39.61,Male,15-29 yrs,NO,Other,Index Case,WETE DISTRICT HOSPITAL,MJINI,PUBLIC,PEMBA,GANDO,75719,118813,178072.0,28.81,29.67,24.64,93.84,95.0,Weni,True
WETE,2018,5,20,13,18.49,-5.12,39.71,Female,30-44 yrs,NO,Other,Other Household Member,ZIWANI POLICE,MJINI,PUBLIC,PEMBA,GANDO,76024,118870,178072.0,24.92,29.56,25.07,94.14,95.0,Weni,True
WETE,2018,5,21,20,18.56,-5.13,39.71,Male,< 5 yrs,NO,Other,Index Case,KMKM WETE,WETE,PUBLIC,PEMBA,SELEM,76743,119071,178072.0,1.86,30.0,24.3,94.11,95.0,Weni,True
WETE,2018,5,22,27,16.42,-5.09,39.73,Male,15-29 yrs,NO,Other,Index Case,DIRA DISPENSARY,MJINI,PRIVATE,PEMBA,KIUYU MINUNGWINI,77263,119239,178072.0,0.84,29.28,24.19,94.62,95.0,Weni,True
WETE,2018,6,22,1,22.73,-5.07,39.73,Male,45+ yrs,NO,Other,Other Household Member,ZIWANI POLICE,MJINI,PUBLIC,PEMBA,JUNGUNI,77563,119309,178072.0,0.14,30.92,24.72,88.67,95.0,Weni,False
WETE,2018,6,23,4,18.88,-5.1,39.72,Male,15-29 yrs,NO,Other,Index Case,KUNDI DISPENSARY,MJINI,PRIVATE,PEMBA,MGOGONI,77741,119391,178072.0,0.12,30.54,24.71,87.97,95.0,Weni,False
WETE,2018,6,24,10,28.75,-5.25,39.72,Male,5-14 yrs,NO,Other,Index Case,DIRA DISPENSARY,MJINI,PRIVATE,PEMBA,MCHANGA MDOGO,78231,119676,178072.0,3.73,29.78,23.68,89.14,95.0,Weni,False
WETE,2018,6,25,17,20.31,-5.28,39.66,Male,15-29 yrs,NO,Other,Index Case,UKUNJWI PHCU,MJINI,PUBLIC,PEMBA,UKUNJWI,78601,119533,178072.0,4.75,29.02,23.56,88.5,95.0,Weni,True
WETE,2018,6,26,25,20.19,-5.17,39.76,Female,5-14 yrs,NO,Other,Index Case,VUMBA PHCU,MJINI,PUBLIC,PEMBA,MCHANGA MDOGO,79314,119939,178072.0,4.1,29.01,24.1,88.72,95.0,Weni,True
WETE,2018,7,27,1,23.36,-5.12,39.76,Female,5-14 yrs,NO,Other,Other Household Member,ZIWANI POLICE,MJINI,PUBLIC,PEMBA,MTAMBWE KASKAZINI,79777,120081,178072.0,4.43,30.38,23.95,87.35,95.0,Weni,False
WETE,2018,7,28,9,20.44,-5.07,39.73,Female,45+ yrs,NO,Other,Other Household Member,ZIWANI POLICE,MJINI,PUBLIC,PEMBA,MTAMBWE KASKAZINI,80343,119455,178072.0,2.84,29.45,23.37,85.72,95.0,Weni,False
WETE,2018,7,29,17,22.21,-5.19,39.81,Male,5-14 yrs,NO,Other,Other Household Member,ZIWANI POLICE,MJINI,PUBLIC,PEMBA,MLINDO,80927,120488,178072.0,0.4,28.68,22.93,83.9,95.0,Weni,False
WETE,2018,7,30,22,14.31,-5.09,39.75,Female,< 5 yrs,NO,Other,Other Household Member,ZIWANI POLICE,MJINI,PUBLIC,PEMBA,JUNGUNI,81256,120509,178072.0,0.74,29.14,23.18,85.12,95.0,Weni,False
WETE,2018,8,31,1,56.0,-5.18,39.81,Male,45+ yrs,YES,Other,Index Case,DIRA DISPENSARY,MJINI,PRIVATE,PEMBA,PANDANI,81819,121362,178072.0,0.0,30.34,22.98,85.1,95.0,Weni,False
WETE,2018,8,32,6,13.3,-5.22,39.79,Female,< 5 yrs,YES,Other,Index Case,PANDANI PHCU,MJINI,PUBLIC,PEMBA,PANDANI,81999,120997,178072.0,1.11,28.61,22.89,83.69,95.0,Weni,False
WETE,2018,8,33,13,18.37,-5.19,39.75,Male,30-44 yrs,YES,Other,Index Case,WETE DISTRICT HOSPITAL,MJINI,PUBLIC,PEMBA,KANGAGANI,82372,121189,178072.0,0.52,28.8,22.89,83.07,95.0,Weni,False
WETE,2018,8,34,20,33.45,-5.37,39.66,Female,45+ yrs,NO,Other,Other Household Member,ZIWANI POLICE,MJINI,PUBLIC,PEMBA,KIZIMBANI,82755,121190,178072.0,0.33,29.64,23.49,84.36,95.0,Weni,False
WETE,2018,8,35,27,24.14,-5.5,39.59,Male,30-44 yrs,YES,Other,Index Case,Unknown,MJINI,PUBLIC,PEMBA,MTAMBWE KUSINI,83060,121318,178072.0,0.88,29.22,23.16,84.02,95.0,Weni,False
WETE,2018,9,36,3,20.4,-5.13,39.79,Female,15-29 yrs,NO,Other,Other Household Member,ZIWANI POLICE,MJINI,PUBLIC,PEMBA,KOJANI,83243,121337,178072.0,1.96,28.82,22.93,82.83,95.0,Weni,False
WETE,2018,9,37,12,22.0,-5.98,39.34,Male,< 5 yrs,NO,Other,Index Case,KMKM WETE,WETE,PUBLIC,PEMBA,FUNDO,83526,121487,178072.0,0.0,29.03,23.65,82.2,95.0,Weni,False
WETE,2018,9,39,24,16.45,-5.57,39.51,Female,5-14 yrs,NO,Other,Index Case,KAMBINI PHCU,MJINI,PUBLIC,PEMBA,KAMBINI,83928,121659,178072.0,6.53,29.63,22.96,82.66,95.0,Weni,False
WETE,2018,9,40,30,22.0,-5.98,39.34,Male,< 5 yrs,NO,Other,Index Case,CITIZEN DISPENSARY,WETE,PRIVATE,PEMBA,LIMBANI,84096,121727,178072.0,6.28,29.15,22.45,83.8,95.0,Weni,False
WETE,2018,10,40,1,22.86,-5.45,39.6,Female,5-14 yrs,NO,Other,Index Case,WETE DISTRICT HOSPITAL,MJINI,PUBLIC,PEMBA,BOPWE,84163,121737,178072.0,0.19,30.19,23.73,88.67,95.0,Weni,False
WETE,2018,10,41,9,29.25,-5.52,39.53,Male,15-29 yrs,NO,Other,Index Case,WETE DISTRICT HOSPITAL,MJINI,PUBLIC,PEMBA,BOPWE,84374,122231,178072.0,0.0,29.98,23.74,90.15,95.0,Weni,False
WETE,2018,10,42,16,25.0,-5.06,39.76,Male,< 5 yrs,NO,Other,Index Case,PANDANI PHCU,MJINI,PUBLIC,PEMBA,PANDANI,84563,121900,178072.0,3.34,29.37,23.65,86.63,95.0,Weni,False
WETE,2018,10,44,29,21.33,-5.16,39.79,Male,15-29 yrs,YES,Other,Index Case,KOJANI PHCU+,MJINI,PUBLIC,PEMBA,KOJANI,84927,122006,178072.0,28.3,30.48,24.15,87.92,95.0,Weni,False
WETE,2018,11,44,1,22.74,-5.13,39.68,Male,5-14 yrs,NO,Other,Index Case,CITIZEN DISPENSARY,MJINI,PRIVATE,PEMBA,UKUNJWI,85034,122043,178072.0,0.0,32.05,24.55,94.91,95.0,Weni,False
WETE,2018,11,45,5,16.93,-5.16,39.66,Female,5-14 yrs,NO,Other,Other Household Member,ZIWANI POLICE,MJINI,PUBLIC,PEMBA,JUNGUNI,85127,122039,178072.0,0.0,31.99,24.38,96.05,95.0,Weni,False
WETE,2018,11,47,21,14.8,-5.34,39.71,Male,< 5 yrs,NO,Other,Index Case,WETE DISTRICT HOSPITAL,WETE,PUBLIC,PEMBA,SELEM,85629,122232,178072.0,10.96,31.58,25.11,95.54,95.0,Weni,False
WETE,2018,11,48,26,23.78,-5.02,39.71,Male,< 5 yrs,YES,Other,Index Case,GOMBANI PHCU,MJINI,PUBLIC,PEMBA,CHWALE,85790,122267,178072.0,8.45,31.86,25.45,93.48,95.0,Weni,False
WETE,2018,12,49,3,22.0,-5.11,39.7,Male,15-29 yrs,YES,Other,Index Case,KOJANI PHCU+,MJINI,PUBLIC,PEMBA,KOJANI,85956,122327,178072.0,1.1,31.95,24.64,92.76,95.0,Weni,False
WETE,2018,12,50,10,16.07,-5.02,39.7,Female,45+ yrs,NO,Other,Other Household Member,ZIWANI POLICE,MJINI,PUBLIC,PEMBA,UKUNJWI,86273,122410,178072.0,5.09,32.24,25.33,93.49,95.0,Weni,False
WETE,2018,12,51,18,22.0,-5.98,39.34,Male,< 5 yrs,NO,Other,Index Case,UKUNJWI PHCU,WETE,PUBLIC,PEMBA,UKUNJWI,86626,122506,178072.0,4.72,30.78,24.3,90.5,95.0,Weni,False
WETE,2018,12,52,24,12.78,-5.19,39.81,Male,< 5 yrs,NO,Other,Other Household Member,ZIWANI POLICE,MJINI,PUBLIC,PEMBA,SHENGEJUU,86924,122608,178072.0,3.84,31.26,24.8,91.34,95.0,Weni,False
WETE,2018,12,53,30,51.0,-4.99,39.69,Male,45+ yrs,NO,Other,Index Case,SELEM PHCU+,MJINI,PUBLIC,PEMBA,UKUNJWI,87097,122465,178072.0,4.26,32.63,26.16,92.9,95.0,Weni,False
WETE,2019,1,1,1,10.92,-5.17,39.8,Male,5-14 yrs,NO,Other,Other Household Member,ZIWANI POLICE,MJINI,PUBLIC,PEMBA,KAMBINI,87229,122650,222374.0,9.7,32.44,26.7,88.9,95.2,Weni,False
WETE,2019,1,2,8,21.26,-5.14,39.74,Female,< 5 yrs,NO,Other,Other Household Member,ZIWANI POLICE,MJINI,PUBLIC,PEMBA,MTAMBWE KASKAZINI,87727,122375,222374.0,2.72,33.47,25.64,88.58,95.2,Weni,False
WETE,2019,1,3,14,23.45,-5.13,39.73,Male,< 5 yrs,YES,Other,Index Case,UONDWE PHCU,MJINI,PUBLIC,PEMBA,MTAMBWE KASKAZINI,88335,122938,222374.0,0.0,33.29,25.72,89.09,95.2,Weni,True
WETE,2019,1,4,21,15.88,-5.34,39.64,Female,5-14 yrs,NO,Other,Other Household Member,ZIWANI POLICE,MJINI,PUBLIC,PEMBA,UKUNJWI,88630,122464,222374.0,0.0,32.17,25.37,89.43,95.2,Weni,False
WETE,2019,1,5,28,19.61,-5.04,39.75,Male,15-29 yrs,YES,Other,Index Case,POLISI WETE,MJINI,PUBLIC,PEMBA,KIPANGANI,89270,123164,222374.0,0.0,32.15,25.71,88.79,95.2,Weni,False
WETE,2019,2,6,4,13.57,-5.16,39.66,Male,15-29 yrs,YES,Other,Index Case,KIFUNDI PHCU,MJINI,PUBLIC,PEMBA,MGOGONI,89551,123238,222374.0,0.0,31.06,25.36,87.29,95.2,Weni,False
WETE,2019,2,7,11,24.78,-5.07,39.76,Male,15-29 yrs,YES,Other,Index Case,KIFUNDI PHCU,MJINI,PUBLIC,PEMBA,MGOGONI,89814,123319,222374.0,6.04,31.65,24.91,88.5,95.2,Weni,False
WETE,2019,2,8,18,25.0,-5.03,39.81,Male,15-29 yrs,YES,Other,Index Case,WINGWI PHCU+,MJINI,PUBLIC,PEMBA,WINGWI MJANANZA,90124,123423,222374.0,0.0,31.03,24.85,86.9,95.2,Weni,False
WETE,2019,2,9,25,20.16,-5.11,39.72,Male,< 5 yrs,NO,Other,Index Case,WETE DISTRICT HOSPITAL,MJINI,PUBLIC,PEMBA,KIPANGANI,90434,123503,222374.0,41.72,32.88,23.86,87.04,95.2,Weni,False
WETE,2019,3,9,1,25.33,-5.03,39.76,Female,15-29 yrs,NO,Other,Other Household Member,ZIWANI POLICE,MJINI,PUBLIC,PEMBA,FINYA,90541,123295,222374.0,0.0,33.74,24.68,92.0,95.2,Weni,False
WETE,2019,3,10,7,4.0,-5.1,39.7,Male,< 5 yrs,NO,Other,Index Case,WETE DISTRICT HOSPITAL,MJINI,PUBLIC,PEMBA,MTAMBWE KASKAZINI,90783,123571,222374.0,0.0,34.06,24.94,90.5,95.2,Weni,False
WETE,2019,3,11,11,17.44,-5.1,39.72,Male,< 5 yrs,NO,Other,Other Household Member,ZIWANI POLICE,MJINI,PUBLIC,PEMBA,MTAMBWE KASKAZINI,90896,123580,222374.0,0.0,33.2,25.24,90.21,95.2,Weni,False
WETE,2019,3,12,19,16.38,-5.11,39.79,Female,15-29 yrs,NO,Other,Other Household Member,ZIWANI POLICE,MJINI,PUBLIC,PEMBA,KOJANI,91194,123653,222374.0,0.0,35.4,23.75,94.0,95.2,Weni,False
WETE,2019,3,13,29,46.0,-4.99,39.74,Male,45+ yrs,YES,Other,Index Case,KIFUNDI PHCU,MJINI,PUBLIC,PEMBA,MGOGONI,91622,123736,222374.0,0.5,32.58,26.25,91.3,95.2,Weni,False
WETE,2019,4,14,1,15.55,-5.05,39.73,Female,30-44 yrs,NO,Other,Other Household Member,ZIWANI POLICE,MJINI,PUBLIC,PEMBA,MGOGONI,91691,123736,222374.0,31.36,32.62,25.84,95.38,95.2,Weni,False
WETE,2019,4,15,8,21.83,-5.01,39.73,Female,< 5 yrs,NO,Other,Other Household Member,ZIWANI POLICE,MJINI,PUBLIC,PEMBA,MGOGONI,91890,123774,222374.0,36.83,32.13,24.82,93.8,95.2,Weni,False
WETE,2019,4,16,15,26.93,-5.21,39.7,Female,< 5 yrs,NO,Other,Other Household Member,ZIWANI POLICE,MJINI,PUBLIC,PEMBA,MTAMBWE KASKAZINI,92093,123821,222374.0,43.64,31.32,24.84,94.14,95.2,Weni,False
WETE,2019,4,17,22,26.33,-5.18,39.7,Male,5-14 yrs,NO,Other,Index Case,WETE DISTRICT HOSPITAL,MJINI,PUBLIC,PEMBA,MTAMBWE KASKAZINI,92294,123901,222374.0,30.19,31.48,25.33,94.78,95.2,Weni,False
WETE,2019,4,18,29,26.2,-5.98,39.34,Male,< 5 yrs,NO,Other,Index Case,UONDWE PHCU,MJINI,PUBLIC,PEMBA,MTAMBWE KASKAZINI,92422,123908,222374.0,58.87,31.55,24.07,94.22,95.2,Weni,False
WETE,2019,5,18,2,19.78,-5.3,39.65,Female,15-29 yrs,YES,Other,Index Case,UONDWE PHCU,MJINI,PUBLIC,PEMBA,MTAMBWE KASKAZINI,92551,123969,222374.0,34.8,31.56,25.24,94.05,95.2,Weni,False
WETE,2019,5,19,6,15.97,-5.13,39.78,Male,15-29 yrs,NO,Other,Index Case,UONDWE PHCU,MJINI,PUBLIC,PEMBA,MTAMBWE KASKAZINI,92715,124014,222374.0,55.14,29.23,24.67,94.66,95.2,Weni,False
WETE,2019,5,20,13,17.67,-5.1,39.76,Male,5-14 yrs,NO,Other,Other Household Member,ZIWANI POLICE,MJINI,PUBLIC,PEMBA,PIKI,93071,124085,222374.0,85.56,28.89,25.04,95.04,95.2,Weni,True
WETE,2019,5,21,19,19.28,-5.09,39.77,Male,5-14 yrs,NO,Other,Other Household Member,ZIWANI POLICE,MJINI,PUBLIC,PEMBA,KINYASINI,93438,124193,222374.0,52.08,30.45,24.79,93.61,95.2,Weni,True
WETE,2019,5,22,27,27.93,-5.19,39.79,Female,15-29 yrs,YES,Other,Index Case,KOJANI PHCU+,MJINI,PUBLIC,PEMBA,KOJANI,94085,124325,222374.0,213.19,29.68,24.37,95.13,95.2,Weni,False
WETE,2019,6,23,2,31.19,-5.07,39.73,Male,15-29 yrs,YES,Other,Index Case,WETE DISTRICT HOSPITAL,MJINI,PUBLIC,PEMBA,SELEM,94383,124431,222374.0,4.39,30.0,24.61,87.2,95.2,Weni,False
WETE,2019,6,24,10,25.2,-5.15,39.79,Male,5-14 yrs,NO,Other,Index Case,CHWALE PHCU,MJINI,PUBLIC,PEMBA,SHENGEJUU,94710,124524,222374.0,0.69,29.89,23.78,84.61,95.2,Weni,True
WETE,2019,6,25,16,23.11,-5.1,39.75,Female,5-14 yrs,NO,Other,Other Household Member,ZIWANI POLICE,MJINI,PUBLIC,PEMBA,PIKI,95074,124581,222374.0,6.13,29.7,23.13,86.63,95.2,Weni,True
WETE,2019,6,26,24,19.67,-5.24,39.64,Male,15-29 yrs,NO,Other,Index Case,CITIZEN DISPENSARY,MJINI,PRIVATE,PEMBA,MTAMBWE KASKAZINI,95819,124981,222374.0,1.41,29.91,24.05,87.47,95.2,Weni,False
WETE,2019,7,27,1,17.18,-5.25,39.72,Male,5-14 yrs,NO,Student,Index Case,CHWALE PHCU,MJINI,PUBLIC,PEMBA,SHENGEJUU,96377,125085,222374.0,3.8,31.03,23.49,88.81,95.2,Weni,True
WETE,2019,7,28,7,21.36,-5.23,39.77,Female,15-29 yrs,NO,Other,Other Household Member,ZIWANI POLICE,MJINI,PUBLIC,PEMBA,CHWALE,96866,125235,222374.0,0.94,30.05,24.02,88.39,95.2,Weni,True
WETE,2019,7,29,14,20.43,-5.14,39.8,Male,< 5 yrs,NO,Other,Index Case,WETE DISTRICT HOSPITAL,WETE,PUBLIC,PEMBA,KOJANI,97321,125489,222374.0,9.32,29.37,23.71,89.18,95.2,Weni,True
WETE,2019,7,30,22,17.54,-5.08,39.78,Male,5-14 yrs,NO,Civil Servant,Other Household Member,ZIWANI POLICE,MJINI,PUBLIC,PEMBA,KIPANGANI,98132,125522,222374.0,12.14,29.12,23.48,89.54,95.2,Weni,True
WETE,2019,7,31,29,21.01,-5.12,39.78,Female,30-44 yrs,NO,Other,Other Household Member,ZIWANI POLICE,MJINI,PUBLIC,PEMBA,KIPANGANI,98877,125786,222374.0,0.0,27.99,23.06,89.33,95.2,Weni,True
WETE,2019,8,31,2,43.0,-5.1,39.77,Female,30-44 yrs,NO,Other,Other Household Member,ZIWANI POLICE,MJINI,PUBLIC,PEMBA,PANDANI,99223,125890,222374.0,14.29,30.33,22.03,89.6,95.2,Weni,False
WETE,2019,8,32,6,24.0,-5.09,39.82,Female,30-44 yrs,NO,Other,Other Household Member,ZIWANI POLICE,MJINI,PUBLIC,PEMBA,KOJANI,99442,125935,222374.0,14.57,28.37,22.7,90.94,95.2,Weni,False
WETE,2019,8,33,12,14.5,-5.06,39.77,Male,5-14 yrs,NO,Student,Index Case,WETE DISTRICT HOSPITAL,MJINI,PUBLIC,PEMBA,GANDO,99735,126142,222374.0,0.0,28.79,24.19,90.82,95.2,Weni,False
WETE,2019,8,34,24,20.0,-5.06,39.72,Male,15-29 yrs,NO,Other,Index Case,CITIZEN DISPENSARY,MJINI,PRIVATE,PEMBA,UTAANI,100490,126553,222374.0,0.0,28.68,24.66,91.9,95.2,Weni,False
WETE,2019,8,35,31,16.0,-5.98,39.34,Male,15-29 yrs,NO,Other,Index Case,SELEMU DISPENSARY,WETE,PRIVATE,PEMBA,SELEM,100746,126431,222374.0,14.1,29.16,24.14,89.9,95.2,Weni,False
WETE,2019,9,36,1,22.1,-5.11,39.82,Male,5-14 yrs,NO,Student,Index Case,WETE DISTRICT HOSPITAL,MJINI,PUBLIC,PEMBA,KIUYU MINUNGWINI,100765,126443,222374.0,0.0,29.44,21.3,88.32,95.2,Weni,False
WETE,2019,9,37,8,18.62,-5.18,39.79,Male,15-29 yrs,NO,Fisherman,Other Household Member,ZIWANI POLICE,MJINI,PUBLIC,PEMBA,KOJANI,101096,126518,222374.0,13.01,29.71,22.31,88.65,95.2,Weni,False
WETE,2019,9,38,17,32.33,-5.18,39.64,Male,30-44 yrs,YES,Other,Index Case,FUNDO PHCU+,MJINI,PUBLIC,PEMBA,FUNDO,101556,126686,222374.0,0.0,30.47,21.84,90.6,95.2,Weni,False
WETE,2019,9,39,23,23.0,-5.23,39.7,Male,15-29 yrs,YES,Student,Index Case,KANGANI PHCU,MJINI,PUBLIC,PEMBA,KANGAGANI,101719,126742,222374.0,4.34,29.87,23.21,88.78,95.2,Weni,False
WETE,2019,9,40,29,34.67,-5.18,39.81,Male,30-44 yrs,NO,Other,Other Household Member,ZIWANI POLICE,MJINI,PUBLIC,PEMBA,PANDANI,101841,126751,222374.0,18.42,29.76,23.35,88.5,95.2,Weni,False
WETE,2019,10,40,1,17.0,-5.08,39.81,Male,15-29 yrs,NO,Student,Other Household Member,ZIWANI POLICE,MJINI,PUBLIC,PEMBA,KOJANI,101889,126786,222374.0,22.91,29.61,24.32,94.27,95.2,Weni,False
WETE,2019,10,41,7,21.56,-5.04,39.73,Female,45+ yrs,YES,Other,Index Case,POLISI WETE,MJINI,PUBLIC,PEMBA,PIKI,102117,126911,222374.0,60.41,29.05,24.3,94.32,95.2,Weni,True
WETE,2019,10,42,15,22.87,-5.06,39.76,Male,45+ yrs,NO,Other,Other Household Member,ZIWANI POLICE,MJINI,PUBLIC,PEMBA,PIKI,102328,126911,222374.0,67.05,28.7,24.69,95.07,95.2,Weni,False
WETE,2019,10,43,20,22.13,-5.08,39.72,Male,< 5 yrs,NO,Other,Other Household Member,ZIWANI POLICE,MJINI,PUBLIC,PEMBA,FINYA,102574,125311,222374.0,32.71,29.59,24.22,93.53,95.2,Weni,True
WETE,2019,10,44,30,27.7,-5.13,39.81,Male,15-29 yrs,NO,Other,Index Case,DIRA DISPENSARY,MJINI,PRIVATE,PEMBA,PIKI,103070,110469,222374.0,85.67,30.29,24.23,96.68,95.2,Weni,False
WETE,2019,11,45,5,24.8,-5.07,39.74,Male,15-29 yrs,YES,Other,Index Case,CITIZEN DISPENSARY,MJINI,PRIVATE,PEMBA,BOPWE,103299,127157,222374.0,8.09,29.93,24.73,92.74,95.2,Weni,False
WETE,2019,11,47,17,16.28,-5.0,39.73,Male,< 5 yrs,NO,Student,Index Case,WETE DISTRICT HOSPITAL,MJINI,PUBLIC,PEMBA,MGOGONI,103833,127331,222374.0,7.69,30.65,23.83,94.87,95.2,Weni,False
WETE,2019,11,48,26,20.14,-5.1,39.8,Male,15-29 yrs,NO,Fisherman,Index Case,KOJANI PHCU+,MJINI,PUBLIC,PEMBA,KOJANI,104494,127516,222374.0,57.93,31.39,24.16,94.7,95.2,Weni,False
WETE,2019,12,49,4,22.39,-5.11,39.76,Female,< 5 yrs,NO,Other,Other Household Member,ZIWANI POLICE,MJINI,PUBLIC,PEMBA,PIKI,105334,127817,222374.0,40.46,32.73,25.23,90.99,95.2,Weni,False
WETE,2019,12,50,8,15.53,-5.07,39.78,Female,15-29 yrs,NO,Student,Other Household Member,ZIWANI POLICE,MJINI,PUBLIC,PEMBA,KIUNGONI,105691,127946,222374.0,5.58,33.11,25.14,92.88,95.2,Weni,True
WETE,2019,12,51,15,18.29,-5.11,39.74,Female,45+ yrs,NO,Other,Other Household Member,ZIWANI POLICE,MJINI,PUBLIC,PEMBA,SHENGEJUU,106725,128208,222374.0,21.25,32.36,24.64,92.54,95.2,Weni,True
WETE,2019,12,52,22,16.56,-5.16,39.73,Male,30-44 yrs,NO,Other,Other Household Member,ZIWANI POLICE,MJINI,PUBLIC,PEMBA,MTAMBWE KUSINI,108065,128704,222374.0,16.08,32.51,25.08,92.97,95.2,Weni,True
WETE,2019,12,53,30,19.45,-5.17,39.82,Male,15-29 yrs,YES,Fisherman,Index Case,KOJANI PHCU+,MJINI,PUBLIC,PEMBA,KOJANI,109598,129814,222374.0,0.0,31.91,25.4,93.99,95.2,Weni,False
WETE,2020,1,1,1,25.62,-5.3,39.67,Male,15-29 yrs,NO,Other,Index Case,CHAKECHAKE DISTRICT HOSPITAL,MJINI,PUBLIC,PEMBA,PANDANI,109928,129986,415012.0,0.0,33.76,26.46,86.81,96.9,Weni,True
WETE,2020,1,2,5,22.59,-5.21,39.66,Female,15-29 yrs,NO,Student,Other Household Member,ZIWANI POLICE,MJINI,PUBLIC,PEMBA,MLINDO,110528,129524,415012.0,0.0,32.52,26.1,85.93,96.9,Weni,True
WETE,2020,1,3,12,20.02,-5.16,39.73,Male,15-29 yrs,NO,Other,Index Case,CITIZEN DISPENSARY,MJINI,PRIVATE,PEMBA,KINYASINI,111993,131207,415012.0,3.87,32.11,25.53,86.47,96.9,Weni,True
WETE,2020,1,4,19,19.68,-5.32,39.66,Female,5-14 yrs,NO,Other,Index Case,WETE DISTRICT HOSPITAL,MJINI,PUBLIC,PEMBA,UKUNJWI,113666,132003,415012.0,15.87,30.8,25.54,86.43,96.9,Weni,True
WETE,2020,1,5,26,17.68,-5.47,39.6,Male,30-44 yrs,NO,Other,Index Case,SELEMU DISPENSARY,MJINI,PRIVATE,PEMBA,GANDO,115216,133007,415012.0,5.05,30.19,25.84,86.55,96.9,Weni,True
WETE,2020,2,5,1,8.67,-5.65,39.46,Male,< 5 yrs,NO,Other,Index Case,WETE DISTRICT HOSPITAL,WETE,PUBLIC,PEMBA,SELEM,116144,133149,415012.0,0.0,34.92,25.54,94.7,96.9,Weni,False
WETE,2020,2,6,2,15.55,-5.35,39.64,Male,15-29 yrs,YES,Fisherman,Index Case,WETE DISTRICT HOSPITAL,MJINI,PUBLIC,PEMBA,KOJANI,116197,132955,415012.0,0.0,33.04,24.45,92.68,96.9,Weni,True
WETE,2020,2,7,10,22.96,-5.27,39.71,Male,< 5 yrs,NO,Other,Other Household Member,ZIWANI POLICE,MJINI,PUBLIC,PEMBA,KISIWANI,117095,133247,415012.0,0.0,31.89,25.37,93.76,96.9,Weni,True
WETE,2020,2,8,16,21.86,-5.24,39.71,Male,15-29 yrs,NO,Other,Index Case,WETE DISTRICT HOSPITAL,MJINI,PUBLIC,PEMBA,JADIDA,117599,134027,415012.0,0.0,31.49,25.85,93.57,96.9,Weni,True
WETE,2020,2,9,23,20.48,-5.33,39.64,Male,15-29 yrs,YES,Fisherman,Index Case,CHWALE PHCU,MJINI,PUBLIC,PEMBA,KOJANI,118274,134469,415012.0,5.62,33.14,26.11,93.23,96.9,Weni,True
WETE,2020,3,10,1,22.77,-5.18,39.7,Female,30-44 yrs,NO,Other,Other Household Member,ZIWANI POLICE,MJINI,PUBLIC,PEMBA,GANDO,118867,133567,415012.0,32.27,32.1,25.51,93.75,96.9,Weni,True
WETE,2020,3,11,9,24.66,-5.19,39.7,Female,15-29 yrs,NO,Other,Other Household Member,ZIWANI POLICE,MJINI,PUBLIC,PEMBA,CHWALE,119567,134691,415012.0,13.99,31.82,25.1,92.77,96.9,Weni,True
WETE,2020,3,12,15,21.27,-5.16,39.65,Male,45+ yrs,NO,Other,Other Household Member,ZIWANI POLICE,MJINI,PUBLIC,PEMBA,GANDO,120148,135021,415012.0,17.97,32.32,26.04,93.68,96.9,Weni,False
WETE,2020,3,13,22,17.35,-5.17,39.66,Female,5-14 yrs,NO,Other,Other Household Member,ZIWANI POLICE,MJINI,PUBLIC,PEMBA,JUNGUNI,120707,135042,415012.0,24.75,31.81,25.1,93.41,96.9,Weni,True
WETE,2020,3,14,29,20.36,-5.1,39.75,Female,15-29 yrs,NO,Civil Servant,Other Household Member,ZIWANI POLICE,MJINI,PUBLIC,PEMBA,MGOGONI,121625,134321,415012.0,62.68,31.64,25.67,94.48,96.9,Weni,True
WETE,2020,4,14,1,16.84,-5.06,39.74,Male,15-29 yrs,NO,Other,Index Case,KISIWANI PHCU,MJINI,PUBLIC,PEMBA,KISIWANI,122094,135580,415012.0,49.75,32.81,25.67,85.83,96.9,Weni,True
WETE,2020,4,15,5,16.78,-5.05,39.7,Male,< 5 yrs,NO,Other,Other Household Member,ZIWANI POLICE,MJINI,PUBLIC,PEMBA,KIPANGANI,122487,135685,415012.0,60.26,31.64,25.43,84.58,96.9,Weni,False
WETE,2020,4,16,12,18.08,-5.04,39.7,Male,15-29 yrs,NO,Student,Index Case,MAKONGENI PHCU+,MJINI,PUBLIC,PEMBA,MTAMBWE KUSINI,123123,135937,415012.0,178.28,29.25,24.84,84.21,96.9,Weni,False
WETE,2020,4,17,20,16.09,-5.06,39.71,Female,30-44 yrs,NO,Other,Other Household Member,ZIWANI POLICE,MJINI,PUBLIC,PEMBA,FINYA,123804,135781,415012.0,54.84,29.36,24.57,85.33,96.9,Weni,True
WETE,2020,4,18,26,19.86,-5.04,39.75,Male,30-44 yrs,NO,Other,Other Household Member,ZIWANI POLICE,MJINI,PUBLIC,PEMBA,MGOGONI,124465,136269,415012.0,116.94,29.72,24.76,84.47,96.9,Weni,True
WETE,2020,5,18,1,19.0,-5.06,39.72,Male,15-29 yrs,NO,Student,Other Household Member,ZIWANI POLICE,MJINI,PUBLIC,PEMBA,KOJANI,124949,136312,415012.0,94.83,30.98,23.97,91.0,96.9,Weni,False
WETE,2020,5,19,3,21.89,-5.11,39.71,Male,30-44 yrs,NO,Other,Index Case,DIRA DISPENSARY,MJINI,PRIVATE,PEMBA,KIUYU KIGONGONI,125099,136436,415012.0,94.6,29.23,24.37,90.46,96.9,Weni,True
WETE,2020,5,20,11,20.85,-5.12,39.78,Female,15-29 yrs,NO,Other,Other Household Member,ZIWANI POLICE,MJINI,PUBLIC,PEMBA,MPAMBANI,125709,136542,415012.0,49.86,29.77,25.23,91.87,96.9,Weni,True
WETE,2020,5,21,17,24.85,-5.13,39.75,Female,5-14 yrs,NO,Student,Index Case,MICHEWENI COTTAGE HOSPITAL,MJINI,PUBLIC,PEMBA,KIUNGONI,126369,136841,415012.0,25.11,30.08,24.34,91.24,96.9,Weni,True
WETE,2020,5,22,26,30.15,-5.08,39.82,Male,15-29 yrs,NO,Other,Index Case,ALI KHAMIS CAMP,MJINI,PUBLIC,PEMBA,WINGWI MJANANZA,127203,137216,415012.0,2.95,30.04,24.63,91.93,96.9,Weni,False
WETE,2020,6,23,1,28.24,-5.1,39.77,Male,15-29 yrs,YES,Other,Index Case,KOJANI PHCU+,MJINI,PUBLIC,PEMBA,KOJANI,128003,137518,415012.0,13.67,30.1,24.96,87.3,96.9,Weni,False
WETE,2020,6,24,7,18.21,-5.14,39.79,Male,15-29 yrs,NO,Other,Index Case,WETE DISTRICT HOSPITAL,MJINI,PUBLIC,PEMBA,BOPWE,128554,137882,415012.0,12.89,29.88,24.46,86.21,96.9,Weni,False
WETE,2020,6,25,14,23.6,-5.18,39.81,Male,30-44 yrs,NO,Student,Index Case,CITIZEN DISPENSARY,MJINI,PRIVATE,PEMBA,MCHANGA MDOGO,129454,138249,415012.0,3.7,29.99,23.8,86.92,96.9,Weni,False
WETE,2020,6,26,23,20.75,-5.11,39.76,Male,15-29 yrs,NO,Other,Other Household Member,ZIWANI POLICE,MJINI,PUBLIC,PEMBA,KIUNGONI,130612,138671,415012.0,7.85,29.9,24.74,85.61,96.9,Weni,False
WETE,2020,6,27,29,37.25,-5.09,39.75,Male,30-44 yrs,YES,Other,Index Case,POLISI WETE,MJINI,PUBLIC,PEMBA,MTEMANI,131341,138936,415012.0,19.04,27.95,23.62,87.8,96.9,Weni,False
WETE,2020,7,27,1,17.73,-5.13,39.77,Female,5-14 yrs,NO,Other,Other Household Member,ZIWANI POLICE,MJINI,PUBLIC,PEMBA,BOPWE,131569,138912,415012.0,7.5,29.62,23.44,80.06,96.9,Weni,False
WETE,2020,7,28,5,19.76,-5.18,39.81,Female,5-14 yrs,NO,Student,Index Case,WETE DISTRICT HOSPITAL,MJINI,PUBLIC,PEMBA,BOPWE,132140,139302,415012.0,7.01,27.99,23.4,80.85,96.9,Weni,False
WETE,2020,7,29,13,22.49,-5.29,39.7,Female,15-29 yrs,YES,Other,Index Case,BWAGAMOYO PHCU,MJINI,PUBLIC,PEMBA,PIKI,133085,139581,415012.0,4.92,28.43,23.45,79.8,96.9,Weni,False
WETE,2020,7,30,20,23.29,-5.09,39.76,Female,15-29 yrs,NO,Other,Other Household Member,ZIWANI POLICE,MJINI,PUBLIC,PEMBA,UKUNJWI,133619,139743,415012.0,3.76,27.97,23.41,81.16,96.9,Weni,False
WETE,2020,7,31,27,17.64,-5.14,39.77,Female,15-29 yrs,NO,Other,Other Household Member,ZIWANI POLICE,MJINI,PUBLIC,PEMBA,KOJANI,134238,139832,415012.0,2.61,28.12,22.95,81.46,96.9,Weni,False
WETE,2020,8,31,1,57.0,-5.18,39.82,Male,45+ yrs,NO,Other,Other Household Member,ZIWANI POLICE,MJINI,PUBLIC,PEMBA,KIUNGONI,134681,140042,415012.0,0.0,30.42,22.62,86.7,96.9,Weni,False
WETE,2020,8,32,2,28.32,-5.14,39.8,Male,15-29 yrs,YES,Other,Index Case,DIRA DISPENSARY,MJINI,PRIVATE,PEMBA,KOJANI,134727,140116,415012.0,0.0,28.58,22.89,84.95,96.9,Weni,True
WETE,2020,8,33,10,22.42,-5.09,39.75,Male,15-29 yrs,YES,Fisherman,Index Case,KOJANI PHCU+,MJINI,PUBLIC,PEMBA,KOJANI,135202,140278,415012.0,0.0,28.49,21.86,86.81,96.9,Weni,True
WETE,2020,8,34,16,22.76,-5.1,39.76,Female,< 5 yrs,NO,Other,Index Case,CITIZEN DISPENSARY,MJINI,PRIVATE,PEMBA,JADIDA,135604,140467,415012.0,4.9,28.13,23.17,85.23,96.9,Weni,True
WETE,2020,8,35,24,19.74,-5.13,39.79,Male,5-14 yrs,YES,Fisherman,Index Case,KANGAGANI PHCU,MJINI,PUBLIC,PEMBA,KIUYU MINUNGWINI,136145,140623,415012.0,0.47,29.32,22.61,84.92,96.9,Weni,True
WETE,2020,8,36,30,8.0,-5.3,39.7,Male,15-29 yrs,NO,Other,Index Case,MZAMBARAUNI TAKAO PHCU,MJINI,PUBLIC,PEMBA,MCHANGA MDOGO,136536,140745,415012.0,0.0,28.44,23.32,86.08,96.9,Weni,False
WETE,2020,9,36,1,18.34,-5.07,39.74,Male,< 5 yrs,NO,Other,Other Household Member,ZIWANI POLICE,MJINI,PUBLIC,PEMBA,SHENGEJUU,136721,140751,415012.0,0.0,29.88,23.31,88.78,96.9,Weni,False
WETE,2020,9,37,11,8.0,-5.04,39.69,Male,5-14 yrs,YES,Student,Index Case,UKUNJWI PHCU,MJINI,PUBLIC,PEMBA,UKUNJWI,137404,140989,415012.0,0.0,29.89,23.11,87.8,96.9,Weni,False
WETE,2020,9,38,14,17.33,-5.04,39.71,Male,< 5 yrs,NO,Other,Other Household Member,ZIWANI POLICE,MJINI,PUBLIC,PEMBA,UKUNJWI,137507,140989,415012.0,7.91,29.88,22.6,88.96,96.9,Weni,False
WETE,2020,9,39,21,20.76,-5.05,39.74,Male,15-29 yrs,NO,Other,Other Household Member,ZIWANI POLICE,MJINI,PUBLIC,PEMBA,LIMBANI,137915,141148,415012.0,14.26,28.83,22.78,89.24,96.9,Weni,False
WETE,2020,9,40,30,35.57,-5.05,39.74,Male,5-14 yrs,NO,Student,Other Household Member,ZIWANI POLICE,MJINI,PUBLIC,PEMBA,KIZIMBANI,138538,141362,415012.0,8.83,28.92,22.81,86.8,96.9,Weni,False
WETE,2020,10,41,5,21.05,-5.09,39.78,Male,15-29 yrs,NO,Business,Other Household Member,ZIWANI POLICE,MJINI,PUBLIC,PEMBA,LIMBANI,138831,141506,415012.0,1.7,30.56,23.66,91.16,96.9,Weni,False
WETE,2020,10,42,11,21.7,-5.1,39.78,Male,15-29 yrs,NO,Student,Index Case,WETE DISTRICT HOSPITAL,MJINI,PUBLIC,PEMBA,KINYASINI,139146,141567,415012.0,9.07,31.45,23.74,89.51,96.9,Weni,False
WETE,2020,10,44,26,15.33,-5.01,39.71,Female,< 5 yrs,NO,Other,Index Case,JUNGUNI PHCU,MJINI,PUBLIC,PEMBA,JUNGUNI,139764,141757,415012.0,3.17,31.48,24.55,88.86,96.9,Weni,False
WETE,2020,11,45,3,13.17,-5.04,39.76,Female,15-29 yrs,NO,Civil Servant,Other Household Member,ZIWANI POLICE,MJINI,PUBLIC,PEMBA,FINYA,139873,141820,415012.0,0.0,29.99,25.58,91.2,96.9,Weni,False
WETE,2020,11,46,13,15.17,-5.06,39.73,Female,5-14 yrs,NO,Student,Index Case,JADIDA PHCU,MJINI,PUBLIC,PEMBA,UTAANI,140115,141953,415012.0,26.99,29.78,24.03,91.1,96.9,Weni,False
WETE,2020,11,47,17,14.2,-5.02,39.73,Female,15-29 yrs,NO,Civil Servant,Other Household Member,ZIWANI POLICE,MJINI,PUBLIC,PEMBA,JUNGUNI,140213,141996,415012.0,6.47,31.24,25.48,91.06,96.9,Weni,False
WETE,2020,11,48,23,20.0,-5.07,39.74,Male,15-29 yrs,NO,Civil Servant,Index Case,JADIDA PHCU,MJINI,PUBLIC,PEMBA,BOPWE,140469,142083,415012.0,5.85,30.62,24.89,90.06,96.9,Weni,False
WETE,2020,11,49,30,16.75,-5.18,39.81,Male,5-14 yrs,NO,Student,Other Household Member,ZIWANI POLICE,MJINI,PUBLIC,PEMBA,KIUYU MINUNGWINI,140775,142174,415012.0,9.39,30.66,24.79,89.8,96.9,Weni,False
WETE,2020,12,49,1,17.7,-5.1,39.75,Female,30-44 yrs,NO,Other,Index Case,JADIDA PHCU,MJINI,PUBLIC,PEMBA,LIMBANI,140855,142223,415012.0,30.03,31.05,23.92,91.62,96.9,Weni,False
WETE,2020,12,50,7,16.09,-5.16,39.74,Male,45+ yrs,NO,Other,Other Household Member,ZIWANI POLICE,MJINI,PUBLIC,PEMBA,MZAMBARAUNI TAKAO,141295,142372,415012.0,6.43,32.01,24.91,90.08,96.9,Weni,True
WETE,2020,12,51,14,18.85,-5.08,39.75,Female,15-29 yrs,NO,Housewife,Other Household Member,ZIWANI POLICE,MJINI,PUBLIC,PEMBA,MGOGONI,141817,130714,415012.0,9.84,31.68,24.66,90.81,96.9,Weni,True
WETE,2020,12,52,21,18.95,-5.04,39.71,Male,< 5 yrs,NO,Other,Other Household Member,ZIWANI POLICE,MJINI,PUBLIC,PEMBA,LIMBANI,142767,142617,415012.0,21.3,31.61,24.28,89.05,96.9,Weni,False
WETE,2020,12,53,28,29.59,-5.09,39.73,Female,45+ yrs,NO,Other,Other Household Member,ZIWANI POLICE,MJINI,PUBLIC,PEMBA,JADIDA,143667,143180,415012.0,0.0,31.55,26.42,89.92,96.9,Weni,False
WETE,2021,1,1,1,17.67,-5.12,39.76,Male,15-29 yrs,NO,Student,Other Household Member,ZIWANI POLICE,MJINI,PUBLIC,PEMBA,MTAMBWE KASKAZINI,144274,143417,878264.0,28.12,31.43,25.42,89.52,94.7,Weni,False
WETE,2021,1,2,3,19.59,-5.1,39.73,Male,5-14 yrs,NO,Other,Index Case,WETE DISTRICT HOSPITAL,MJINI,PUBLIC,PEMBA,PIKI,144451,143475,878264.0,34.4,31.19,24.76,90.53,94.7,Weni,True
WETE,2021,1,3,10,23.63,-5.12,39.72,Male,15-29 yrs,YES,Civil Servant,Index Case,WETE DISTRICT HOSPITAL,MJINI,PUBLIC,PEMBA,LIMBANI,145525,143802,878264.0,34.84,31.27,24.67,89.86,94.7,Weni,False
WETE,2021,1,4,19,21.77,-5.08,39.75,Female,45+ yrs,NO,Other,Other Household Member,ZIWANI POLICE,MJINI,PUBLIC,PEMBA,JADIDA,146775,143918,878264.0,0.0,31.3,24.62,90.27,94.7,Weni,False
WETE,2021,1,5,26,26.72,-5.13,39.76,Male,15-29 yrs,YES,Student,Index Case,KOJANI PHCU+,MJINI,PUBLIC,PEMBA,KOJANI,147697,144446,878264.0,0.0,33.16,24.38,88.89,94.7,Weni,False
WETE,2021,2,6,1,25.75,-5.07,39.74,Male,15-29 yrs,YES,Student,Index Case,VITONGOJI COTTAGE HOSPITAL,MJINI,PUBLIC,PEMBA,KIUYU MINUNGWINI,148372,144615,878264.0,4.19,33.24,23.92,91.61,94.7,Weni,False
WETE,2021,2,7,10,16.0,-5.14,39.77,Male,15-29 yrs,YES,Fisherman,Index Case,WETE DISTRICT HOSPITAL,MJINI,PUBLIC,PEMBA,BOPWE,149137,133760,878264.0,0.0,30.98,24.94,89.3,94.7,Weni,False
WETE,2021,2,8,14,27.31,-5.33,39.67,Female,15-29 yrs,NO,Business,Index Case,DIRA DISPENSARY,MJINI,PRIVATE,PEMBA,PIKI,149477,144924,878264.0,0.0,31.67,24.98,90.07,94.7,Weni,True
WETE,2021,2,9,21,17.09,-5.08,39.74,Male,45+ yrs,YES,Business,Index Case,CITIZEN DISPENSARY,MJINI,PRIVATE,PEMBA,KIPANGANI,149993,145079,878264.0,0.0,32.68,24.69,88.38,94.7,Weni,True
WETE,2021,2,10,28,23.0,-5.06,39.72,Female,30-44 yrs,NO,Other,Other Household Member,ZIWANI POLICE,MJINI,PUBLIC,PEMBA,BOPWE,150481,145216,878264.0,0.0,31.31,24.64,91.3,94.7,Weni,False
WETE,2021,3,11,8,13.69,-5.1,39.74,Female,< 5 yrs,NO,Other,Other Household Member,ZIWANI POLICE,MJINI,PUBLIC,PEMBA,JUNGUNI,150879,133097,878264.0,0.0,33.26,25.19,68.25,94.7,Weni,False
WETE,2021,3,12,16,21.89,-5.09,39.76,Male,45+ yrs,NO,Other,Other Household Member,ZIWANI POLICE,MJINI,PUBLIC,PEMBA,KIZIMBANI,151374,133749,878264.0,11.26,32.53,24.29,67.61,94.7,Weni,True
WETE,2021,3,13,21,25.0,-5.06,39.72,Male,15-29 yrs,YES,Civil Servant,Index Case,KMKM WETE,MJINI,PUBLIC,PEMBA,KIPANGANI,151715,145648,878264.0,12.71,30.82,24.26,69.8,94.7,Weni,False
WETE,2021,3,14,29,16.37,-5.09,39.77,Male,15-29 yrs,YES,Fisherman,Index Case,ALI KHAMIS CAMP,MJINI,PUBLIC,PEMBA,KIUYU MINUNGWINI,152164,145764,878264.0,64.92,31.6,24.22,68.18,94.7,Weni,False
WETE,2021,4,14,1,27.92,-5.08,39.76,Male,15-29 yrs,NO,Civil Servant,Other Household Member,ZIWANI POLICE,MJINI,PUBLIC,PEMBA,KIPANGANI,152275,145648,878264.0,22.47,31.02,26.46,81.7,94.7,Weni,False
WETE,2021,4,15,4,18.56,-5.06,39.75,Female,15-29 yrs,NO,Housewife,Index Case,CITIZEN DISPENSARY,MJINI,PRIVATE,PEMBA,FINYA,152413,145855,878264.0,26.62,30.69,24.9,84.66,94.7,Weni,False
WETE,2021,4,16,11,21.7,-5.17,39.8,Male,15-29 yrs,NO,Farmer,Other Household Member,ZIWANI POLICE,MJINI,PUBLIC,PEMBA,KIUNGONI,152667,145858,878264.0,38.51,29.69,25.17,85.08,94.7,Weni,False
WETE,2021,4,17,19,19.01,-5.08,39.76,Male,45+ yrs,NO,Farmer,Index Case,CITIZEN DISPENSARY,MJINI,PRIVATE,PEMBA,KIZIMBANI,153172,146066,878264.0,59.99,28.55,24.4,84.57,94.7,Weni,True
WETE,2021,4,18,25,22.21,-5.05,39.75,Female,< 5 yrs,NO,Under school age (<6 years),Other Household Member,ZIWANI POLICE,MJINI,PUBLIC,PEMBA,GANDO,153507,146165,878264.0,40.16,30.97,25.41,86.0,94.7,Weni,False
WETE,2021,5,19,2,19.28,-5.1,39.79,Female,30-44 yrs,NO,Housewife,Other Household Member,ZIWANI POLICE,MJINI,PUBLIC,PEMBA,KIPANGANI,153825,146273,878264.0,70.42,28.49,24.67,85.96,94.7,Weni,True
WETE,2021,5,20,10,22.33,-5.24,39.77,Female,15-29 yrs,NO,Housewife,Other Household Member,ZIWANI POLICE,MJINI,PUBLIC,PEMBA,CHWALE,154355,146424,878264.0,0.0,30.93,23.61,87.23,94.7,Weni,False
WETE,2021,5,21,16,22.09,-5.11,39.75,Male,30-44 yrs,YES,Business,Index Case,WETE DISTRICT HOSPITAL,MJINI,PUBLIC,PEMBA,LIMBANI,154615,146546,878264.0,1.67,31.14,24.39,86.16,94.7,Weni,True
WETE,2021,5,22,23,24.62,-5.24,39.74,Male,15-29 yrs,NO,Fisherman,Other Household Member,ZIWANI POLICE,MJINI,PUBLIC,PEMBA,KOJANI,155284,146713,878264.0,1.76,30.58,24.24,87.52,94.7,Weni,False
WETE,2021,5,23,31,23.0,-5.14,39.79,Female,< 5 yrs,NO,Under school age (<6 years),Other Household Member,ZIWANI POLICE,MJINI,PUBLIC,PEMBA,KISIWANI,155866,146808,878264.0,0.0,28.79,25.3,86.3,94.7,Weni,False
WETE,2021,6,23,1,17.83,-5.05,39.76,Male,15-29 yrs,NO,Unemployed,Index Case,UKUNJWI PHCU,MJINI,PUBLIC,PEMBA,UKUNJWI,155996,146935,878264.0,2.44,29.85,23.94,84.17,94.7,Weni,True
WETE,2021,6,24,7,18.84,-5.12,39.79,Male,15-29 yrs,NO,Business,Other Household Member,ZIWANI POLICE,MJINI,PUBLIC,PEMBA,MTAMBWE KUSINI,156387,147055,878264.0,13.9,29.11,23.97,86.58,94.7,Weni,False
WETE,2021,6,25,14,24.73,-5.07,39.79,Male,45+ yrs,NO,Farmer,Index Case,FINYA PHCU,MJINI,PUBLIC,PEMBA,FINYA,156707,147196,878264.0,3.86,28.93,23.85,85.52,94.7,Weni,False
WETE,2021,6,26,21,24.47,-5.09,39.77,Female,< 5 yrs,NO,Under school age (<6 years),Index Case,MICHEWENI COTTAGE HOSPITAL,MJINI,PUBLIC,PEMBA,KIUNGONI,157131,147314,878264.0,1.22,28.86,23.47,84.06,94.7,Weni,True
WETE,2021,6,27,27,18.72,-5.06,39.77,Female,45+ yrs,NO,Other,Other Household Member,ZIWANI POLICE,MJINI,PUBLIC,PEMBA,KOJANI,157625,147470,878264.0,20.23,28.14,22.35,86.14,94.7,Weni,False
WETE,2021,7,27,1,24.25,-5.08,39.74,Female,15-29 yrs,NO,Other,Other Household Member,ZIWANI POLICE,MJINI,PUBLIC,PEMBA,JADIDA,157923,147554,878264.0,0.0,30.65,22.81,85.1,94.7,Weni,False
WETE,2021,7,28,4,17.19,-5.06,39.74,Female,5-14 yrs,NO,Student,Other Household Member,ZIWANI POLICE,MJINI,PUBLIC,PEMBA,MTAMBWE KASKAZINI,158083,147598,878264.0,0.0,28.66,23.57,82.41,94.7,Weni,False
WETE,2021,7,29,11,21.2,-5.11,39.77,Female,5-14 yrs,NO,Under school age (<6 years),Other Household Member,ZIWANI POLICE,MJINI,PUBLIC,PEMBA,KIUYU MINUNGWINI,158420,147695,878264.0,1.14,28.62,24.2,82.45,94.7,Weni,False
WETE,2021,7,30,19,18.78,-5.11,39.76,Male,5-14 yrs,NO,Student,Index Case,KISIWANI PHCU,MJINI,PUBLIC,PEMBA,MTAMBWE KUSINI,159001,147918,878264.0,0.0,29.6,24.39,84.76,94.7,Weni,False
WETE,2021,7,31,26,22.9,-5.08,39.77,Male,< 5 yrs,NO,Farmer,Index Case,MICHEWENI COTTAGE HOSPITAL,MJINI,PUBLIC,PEMBA,SHENGEJUU,159258,148000,878264.0,0.0,29.55,23.57,80.98,94.7,Weni,False
WETE,2021,8,32,1,23.77,-5.12,39.82,Male,< 5 yrs,NO,Under school age (<6 years),Other Household Member,ZIWANI POLICE,MJINI,PUBLIC,PEMBA,SHENGEJUU,159525,148000,878264.0,8.93,28.91,22.75,86.47,94.7,Weni,False
WETE,2021,8,33,9,22.08,-5.09,39.74,Male,15-29 yrs,YES,Farmer,Index Case,KISIWANI PHCU,MJINI,PUBLIC,PEMBA,KISIWANI,159809,148156,878264.0,0.0,29.12,22.04,87.15,94.7,Weni,False
WETE,2021,8,34,16,19.49,-5.08,39.77,Male,15-29 yrs,YES,Fisherman,Index Case,KOJANI PHCU+,MJINI,PUBLIC,PEMBA,KOJANI,160125,148291,878264.0,2.27,29.55,22.69,85.92,94.7,Weni,False
WETE,2021,8,36,31,17.0,-5.02,39.7,Female,15-29 yrs,YES,Farmer,Index Case,JUNGUNI PHCU,MJINI,PUBLIC,PEMBA,JUNGUNI,160622,148463,878264.0,2.09,27.77,22.31,85.4,94.7,Weni,False
WETE,2021,9,36,1,26.75,-5.12,39.75,Male,15-29 yrs,NO,Farmer,Other Household Member,ZIWANI POLICE,MJINI,PUBLIC,PEMBA,JUNGUNI,160638,148463,878264.0,1.06,30.42,24.07,84.83,94.7,Weni,False
WETE,2021,9,37,6,28.0,-5.15,39.81,Male,15-29 yrs,NO,Other,Other Household Member,ZIWANI POLICE,MJINI,PUBLIC,PEMBA,KIUYU MINUNGWINI,160754,148484,878264.0,1.02,27.2,23.6,85.85,94.7,Weni,False
WETE,2021,9,38,13,25.77,-5.1,39.76,Female,45+ yrs,NO,Unemployed,Other Household Member,ZIWANI POLICE,MJINI,PUBLIC,PEMBA,PANDANI,161157,148582,878264.0,2.68,29.14,22.8,85.52,94.7,Weni,False
WETE,2021,10,40,2,15.64,-5.05,39.74,Female,15-29 yrs,NO,Housewife,Other Household Member,ZIWANI POLICE,MJINI,PUBLIC,PEMBA,KIZIMBANI,161857,147872,878264.0,0.0,31.76,22.23,88.5,94.7,Weni,False
WETE,2021,10,41,4,16.67,-5.09,39.78,Female,30-44 yrs,NO,Housewife,Other Household Member,ZIWANI POLICE,MJINI,PUBLIC,PEMBA,CHWALE,161913,148779,878264.0,0.0,31.74,23.33,88.3,94.7,Weni,False
WETE,2021,10,42,11,43.0,-5.13,39.78,Male,30-44 yrs,YES,Business,Index Case,KMKM WETE,MJINI,PUBLIC,PEMBA,FUNDO,162205,148867,878264.0,0.0,30.39,24.25,90.5,94.7,Weni,False
WETE,2021,10,43,18,25.0,-5.09,39.74,Male,15-29 yrs,NO,Student,Other Household Member,ZIWANI POLICE,MJINI,PUBLIC,PEMBA,JADIDA,162385,148940,878264.0,5.54,30.52,23.55,88.41,94.7,Weni,False
WETE,2021,10,45,31,1.5,-5.03,39.7,Male,< 5 yrs,YES,Under school age (<6 years),Index Case,WETE DISTRICT HOSPITAL,MJINI,PUBLIC,PEMBA,BOPWE,162870,149076,878264.0,2.05,30.04,22.47,86.5,94.7,Weni,False
WETE,2021,11,45,1,21.77,-5.11,39.74,Male,5-14 yrs,NO,Other,Other Household Member,ZIWANI POLICE,MJINI,PUBLIC,PEMBA,BOPWE,162884,149076,878264.0,0.0,32.07,24.79,89.31,94.7,Weni,False
WETE,2021,11,46,11,21.78,-5.01,39.71,Female,< 5 yrs,YES,Farmer,Index Case,JUNGUNI PHCU,MJINI,PUBLIC,PEMBA,JUNGUNI,163323,149194,878264.0,0.0,32.55,24.14,90.48,94.7,Weni,False
WETE,2021,11,47,15,24.75,-5.06,39.73,Female,5-14 yrs,NO,Student,Other Household Member,ZIWANI POLICE,MJINI,PUBLIC,PEMBA,JADIDA,163409,149209,878264.0,0.0,30.65,23.18,89.5,94.7,Weni,False
WETE,2021,11,48,25,25.8,-5.04,39.69,Male,45+ yrs,YES,Business,Index Case,SELEMU DISPENSARY,MJINI,PRIVATE,PEMBA,JADIDA,163703,149322,878264.0,21.08,33.21,25.7,90.04,94.7,Weni,False
WETE,2021,12,50,5,27.14,-5.07,39.75,Male,15-29 yrs,NO,Farmer,Index Case,WETE DISTRICT HOSPITAL,MJINI,PUBLIC,PEMBA,BOPWE,163980,149393,878264.0,51.16,30.36,24.93,91.43,94.7,Weni,False
WETE,2021,12,51,13,22.0,-5.2,39.72,Male,15-29 yrs,NO,Business,Other Household Member,ZIWANI POLICE,MJINI,PUBLIC,PEMBA,MTAMBWE KUSINI,164184,149115,878264.0,51.56,30.93,24.66,90.67,94.7,Weni,False
WETE,2021,12,52,20,22.64,-5.05,39.7,Female,5-14 yrs,YES,Student,Index Case,POLISI WETE,MJINI,PUBLIC,PEMBA,LIMBANI,164421,149524,878264.0,15.45,31.54,24.78,91.92,94.7,Weni,True
WETE,2022,1,2,2,16.23,-5.06,39.73,Female,5-14 yrs,NO,Student,Index Case,SELEMU DISPENSARY,MJINI,PRIVATE,PEMBA,FINYA,165063,149693,388344.4,0.0,32.68,25.41,75.11,97.8,Weni,True
WETE,2022,1,3,9,20.88,-5.08,39.75,Male,5-14 yrs,NO,Student,Index Case,WETE DISTRICT HOSPITAL,MJINI,PUBLIC,PEMBA,UKUNJWI,165891,149907,388344.4,0.0,33.14,26.29,75.64,97.8,Weni,True
WETE,2022,1,4,16,17.46,-5.07,39.76,Male,5-14 yrs,NO,Student,Index Case,KMKM WETE,MJINI,PUBLIC,PEMBA,LIMBANI,166735,150120,388344.4,4.7,33.0,24.81,75.52,97.8,Weni,True
WETE,2022,1,5,24,16.38,-5.11,39.76,Male,15-29 yrs,NO,Fisherman,Index Case,MZAMBARAUNI TAKAO PHCU,MJINI,PUBLIC,PEMBA,KOJANI,167663,150407,388344.4,0.28,31.04,24.64,75.87,97.8,Weni,False
WETE,2022,1,6,31,33.0,-5.06,39.72,Male,30-44 yrs,NO,Business,Index Case,KMKM WETE,MJINI,PUBLIC,PEMBA,MTAMBWE KASKAZINI,168204,150512,388344.4,0.0,30.6,25.92,74.5,97.8,Weni,False
WETE,2022,2,6,1,17.83,-5.05,39.74,Female,45+ yrs,NO,Housewife,Other Household Member,ZIWANI POLICE,MJINI,PUBLIC,PEMBA,KINYASINI,168261,150528,388344.4,0.0,31.39,25.11,77.6,97.8,Weni,False
WETE,2022,2,7,6,21.17,-5.05,39.7,Male,5-14 yrs,NO,Student,Index Case,CITIZEN DISPENSARY,MJINI,PRIVATE,PEMBA,FUNDO,168460,150587,388344.4,0.0,31.77,25.15,76.04,97.8,Weni,False
WETE,2022,2,8,14,28.3,-5.04,39.73,Male,30-44 yrs,NO,Civil Servant,Other Household Member,ZIWANI POLICE,MJINI,PUBLIC,PEMBA,BOPWE,168985,150684,388344.4,10.49,31.38,25.68,77.57,97.8,Weni,False
WETE,2022,2,9,21,19.61,-5.05,39.7,Male,5-14 yrs,NO,Student,Other Household Member,ZIWANI POLICE,MJINI,PUBLIC,PEMBA,JUNGUNI,169279,150780,388344.4,28.1,32.43,24.77,77.16,97.8,Weni,False
WETE,2022,3,10,3,19.73,-5.04,39.72,Male,5-14 yrs,NO,Student,Index Case,JUNGUNI PHCU,MJINI,PUBLIC,PEMBA,JUNGUNI,169748,150943,388344.4,0.0,33.33,24.54,68.91,97.8,Weni,False
WETE,2022,3,11,7,23.1,-5.06,39.72,Female,15-29 yrs,NO,Other,Other Household Member,ZIWANI POLICE,MJINI,PUBLIC,PEMBA,KIUYU MINUNGWINI,169906,150960,388344.4,0.0,32.53,24.69,67.98,97.8,Weni,True
WETE,2022,3,12,14,20.04,-5.05,39.73,Male,30-44 yrs,NO,Farmer,Other Household Member,ZIWANI POLICE,MJINI,PUBLIC,PEMBA,JUNGUNI,170350,151109,388344.4,0.0,32.06,25.01,68.92,97.8,Weni,False
WETE,2022,3,13,21,20.85,-5.09,39.76,Female,15-29 yrs,NO,Farmer,Index Case,UONDWE PHCU,MJINI,PUBLIC,PEMBA,MTAMBWE KASKAZINI,170723,151206,388344.4,3.66,31.24,25.35,69.23,97.8,Weni,False
WETE,2022,3,14,28,18.93,-5.09,39.81,Female,15-29 yrs,NO,Other,Other Household Member,ZIWANI POLICE,MJINI,PUBLIC,PEMBA,CHWALE,170947,151262,388344.4,13.7,32.79,25.14,71.68,97.8,Weni,False
WETE,2022,4,14,1,27.81,-5.06,39.78,Female,30-44 yrs,NO,Housewife,Other Household Member,ZIWANI POLICE,MJINI,PUBLIC,PEMBA,KOJANI,171150,151349,388344.4,5.01,32.53,25.26,82.34,97.8,Weni,False
WETE,2022,4,15,4,24.86,-5.1,39.82,Male,15-29 yrs,NO,Fisherman,Index Case,KMKM WETE,MJINI,PUBLIC,PEMBA,KOJANI,171318,151384,388344.4,5.13,32.02,24.9,79.66,97.8,Weni,True
WETE,2022,4,16,11,24.35,-5.1,39.81,Male,15-29 yrs,NO,Fisherman,Index Case,UONDWE PHCU,MJINI,PUBLIC,PEMBA,MTAMBWE KASKAZINI,171688,151477,388344.4,9.75,31.38,25.73,78.35,97.8,Weni,True
WETE,2022,4,17,18,20.9,-5.09,39.8,Male,15-29 yrs,NO,Fisherman,Index Case,KOJANI PHCU+,MJINI,PUBLIC,PEMBA,KOJANI,171934,151536,388344.4,85.67,29.95,24.82,79.84,97.8,Weni,True
WETE,2022,4,18,24,22.23,-5.06,39.75,Female,< 5 yrs,NO,Under school age (<6 years),Other Household Member,ZIWANI POLICE,MJINI,PUBLIC,PEMBA,JUNGUNI,172181,151619,388344.4,91.68,30.3,24.9,81.14,97.8,Weni,False
WETE,2022,5,19,2,20.87,-5.06,39.76,Male,15-29 yrs,NO,Fisherman,Index Case,KOJANI PHCU+,MJINI,PUBLIC,PEMBA,KOJANI,172510,151724,388344.4,39.28,29.58,25.24,86.57,97.8,Weni,True
WETE,2022,5,20,8,19.43,-5.08,39.77,Male,15-29 yrs,NO,Fisherman,Index Case,KOJANI PHCU+,MJINI,PUBLIC,PEMBA,KOJANI,172695,151812,388344.4,2.58,30.99,26.09,86.1,97.8,Weni,True
WETE,2022,5,21,16,22.22,-5.11,39.78,Female,15-29 yrs,NO,Other,Index Case,KAMBINI PHCU,MJINI,PUBLIC,PEMBA,KAMBINI,173031,151910,388344.4,11.69,30.67,25.3,86.01,97.8,Weni,True
WETE,2022,5,22,23,26.07,-5.06,39.77,Male,45+ yrs,NO,Civil Servant,Other Household Member,ZIWANI POLICE,MJINI,PUBLIC,PEMBA,KINYASINI,173330,151996,388344.4,13.9,31.9,25.64,85.49,97.8,Weni,True
WETE,2022,5,23,30,28.0,-5.52,39.53,Male,< 5 yrs,NO,Other,Index Case,KISIWANI PHCU,WETE,PUBLIC,PEMBA,KISIWANI,173741,152145,388344.4,24.24,30.07,26.24,84.2,97.8,Weni,False
WETE,2022,6,23,2,24.62,-5.07,39.72,Male,5-14 yrs,NO,Student,Other Household Member,ZIWANI POLICE,MJINI,PUBLIC,PEMBA,MTAMBWE KASKAZINI,173948,152178,388344.4,33.14,30.28,22.84,9.6,97.8,Weni,False
WETE,2022,6,24,7,21.71,-5.07,39.74,Male,15-29 yrs,NO,Fisherman,Other Household Member,ZIWANI POLICE,MJINI,PUBLIC,PEMBA,LIMBANI,174169,152291,388344.4,30.8,28.06,24.79,8.8,97.8,Weni,False
WETE,2022,6,25,16,20.0,-5.06,39.72,Male,15-29 yrs,NO,Business,Index Case,POLISI WETE,MJINI,PUBLIC,PEMBA,KIPANGANI,174616,152435,388344.4,5.67,29.19,24.9,9.55,97.8,Weni,False
WETE,2022,6,26,19,21.94,-5.06,39.74,Male,30-44 yrs,NO,Business,Index Case,KMKM WETE,MJINI,PUBLIC,PEMBA,KIZIMBANI,174732,152458,388344.4,1.74,29.07,24.51,9.7,97.8,Weni,False
WETE,2022,6,27,27,17.1,-5.04,39.73,Female,< 5 yrs,NO,Under school age (<6 years),Other Household Member,ZIWANI POLICE,MJINI,PUBLIC,PEMBA,KANGAGANI,175111,152564,388344.4,10.68,28.88,24.38,8.45,97.8,Weni,False
WETE,2022,7,27,1,11.8,-4.99,39.69,Female,< 5 yrs,NO,Under school age (<6 years),Other Household Member,ZIWANI POLICE,MJINI,PUBLIC,PEMBA,KIPANGANI,175334,152637,388344.4,16.56,29.24,21.7,95.9,97.8,Weni,False
WETE,2022,7,28,5,16.16,-5.22,39.72,Female,5-14 yrs,NO,Student,Other Household Member,ZIWANI POLICE,MJINI,PUBLIC,PEMBA,PIKI,175435,1024,388344.4,15.09,26.57,22.89,95.08,97.8,Weni,False
WETE,2022,7,29,10,24.33,-5.15,39.79,Female,30-44 yrs,NO,Housewife,Other Household Member,ZIWANI POLICE,MJINI,PUBLIC,PEMBA,KOJANI,175565,1048,388344.4,10.1,28.39,22.69,94.27,97.8,Weni,False
WETE,2022,7,30,18,18.52,-5.1,39.77,Male,15-29 yrs,NO,Fisherman,Index Case,KANGAGANI PHCU,MJINI,PUBLIC,PEMBA,KIUYU MINUNGWINI,175879,1150,388344.4,6.48,28.09,23.08,93.9,97.8,Weni,False
WETE,2022,7,31,27,18.0,-5.11,39.74,Female,5-14 yrs,NO,Student,Other Household Member,ZIWANI POLICE,MJINI,PUBLIC,PEMBA,KIZIMBANI,176174,1217,388344.4,0.0,28.25,22.39,93.94,97.8,Weni,False
WETE,2022,7,32,31,19.0,-5.22,39.78,Female,15-29 yrs,NO,Farmer,Index Case,WETE DISTRICT HOSPITAL,MJINI,PUBLIC,PEMBA,MGOGONI,176249,1257,388344.4,0.0,27.44,23.08,92.7,97.8,Weni,False
WETE,2022,8,32,2,34.25,-5.3,39.66,Female,30-44 yrs,NO,Other,Index Case,POLISI WETE,MJINI,PUBLIC,PEMBA,PIKI,176303,1244,388344.4,0.0,28.76,20.88,88.52,97.8,Weni,False
WETE,2022,8,33,9,33.75,-5.07,39.76,Male,30-44 yrs,NO,Business,Index Case,WETE DISTRICT HOSPITAL,MJINI,PUBLIC,PEMBA,BOPWE,176456,1307,388344.4,0.0,28.3,22.16,88.75,97.8,Weni,False
WETE,2022,8,34,15,26.81,-5.08,39.8,Male,< 5 yrs,NO,Under school age (<6 years),Other Household Member,ZIWANI POLICE,MJINI,PUBLIC,PEMBA,KOJANI,176637,1349,388344.4,0.0,27.29,21.57,87.8,97.8,Weni,False
WETE,2022,9,37,8,20.0,-5.24,39.64,Female,5-14 yrs,NO,Under school age (<6 years),Index Case,UONDWE PHCU,MJINI,PUBLIC,PEMBA,MTAMBWE KASKAZINI,177185,2273,388344.4,0.0,29.29,21.89,89.53,97.8,Weni,False
WETE,2022,9,38,12,22.5,-5.85,39.41,Male,15-29 yrs,NO,Student,Index Case,UONDWE PHCU,MJINI,PUBLIC,PEMBA,MTAMBWE KASKAZINI,177255,1784,388344.4,0.0,28.52,21.78,86.42,97.8,Weni,False
WETE,2022,9,40,30,24.5,-5.14,39.71,Female,15-29 yrs,NO,Farmer,Index Case,MAKONGENI PHCU+,MJINI,PUBLIC,PEMBA,MTAMBWE KUSINI,177669,1681,388344.4,5.13,29.12,23.55,87.4,97.8,Weni,False
WETE,2022,10,42,14,22.0,-5.17,39.82,Female,15-29 yrs,NO,Other,Index Case,CHAKECHAKE DISTRICT HOSPITAL,MJINI,PUBLIC,PEMBA,KANGAGANI,177910,1968,388344.4,0.0,28.63,21.39,90.4,97.8,Weni,False
WETE,2022,10,43,19,21.85,-5.03,39.71,Male,< 5 yrs,NO,Under school age (<6 years),Index Case,JUNGUNI PHCU,MJINI,PUBLIC,PEMBA,JUNGUNI,177991,1779,388344.4,5.39,30.25,22.66,89.46,97.8,Weni,False
WETE,2022,10,45,31,28.0,-5.05,39.75,Female,15-29 yrs,NO,Business,Index Case,FINYA PHCU,MJINI,PUBLIC,PEMBA,FINYA,178181,1843,388344.4,54.39,29.55,24.25,91.4,97.8,Weni,False
WETE,2022,11,45,1,27.74,-5.08,39.75,Female,45+ yrs,NO,Farmer,Other Household Member,ZIWANI POLICE,MJINI,PUBLIC,PEMBA,FINYA,178191,1843,388344.4,0.0,31.46,23.7,92.66,97.8,Weni,False
WETE,2022,11,46,7,23.14,-5.22,39.67,Female,5-14 yrs,NO,Student,Index Case,JADIDA PHCU,MJINI,PUBLIC,PEMBA,JADIDA,178276,1883,388344.4,0.0,29.53,23.16,92.19,97.8,Weni,False
WETE,2022,11,47,14,18.48,-5.1,39.78,Female,15-29 yrs,NO,Farmer,Index Case,JUNGUNI PHCU,MJINI,PUBLIC,PEMBA,JUNGUNI,178433,1925,388344.4,10.43,30.27,24.01,93.81,97.8,Weni,False
WETE,2022,11,48,21,22.0,-5.06,39.76,Male,15-29 yrs,NO,Business,Index Case,KANGAGANI PHCU,MJINI,PUBLIC,PEMBA,KANGAGANI,178557,1993,388344.4,15.74,30.69,24.05,94.28,97.8,Weni,False
WETE,2022,11,49,27,26.36,-5.02,39.78,Male,5-14 yrs,NO,Student,Other Household Member,ZIWANI POLICE,MJINI,PUBLIC,PEMBA,MGOGONI,178679,2004,388344.4,42.43,30.52,25.03,92.03,97.8,Weni,False
WETE,2022,12,49,2,25.0,-4.99,39.7,Male,5-14 yrs,NO,Student,Other Household Member,ZIWANI POLICE,MJINI,PUBLIC,PEMBA,GANDO,178782,2028,388344.4,0.0,31.62,24.28,95.0,97.8,Weni,False
WETE,2022,12,51,16,25.5,-5.18,39.81,Female,30-44 yrs,NO,Housewife,Index Case,KAMBINI PHCU,MJINI,PUBLIC,PEMBA,KAMBINI,179104,2155,388344.4,5.12,31.77,25.33,94.62,97.8,Weni,False
WETE,2022,12,52,19,23.42,-5.01,39.7,Male,15-29 yrs,NO,Student,Index Case,JUNGUNI PHCU,MJINI,PUBLIC,PEMBA,GANDO,179160,2167,388344.4,5.22,32.87,25.01,93.55,97.8,Weni,False
WETE,2022,12,53,27,25.14,-5.1,39.76,Male,15-29 yrs,NO,Fisherman,Index Case,KAMBINI PHCU,MJINI,PUBLIC,PEMBA,KISIWANI,179414,2248,388344.4,4.89,31.4,26.07,93.4,97.8,Weni,False
WETE,2023,1,2,9,17.15,-5.12,39.78,Male,15-29 yrs,YES,Watchman/Police,Index Case,POLISI WETE,MJINI,PUBLIC,PEMBA,UTAANI,180009,2428,248000.0,7.33,31.85,25.83,87.75,94.0,Weni,False
WETE,2023,1,3,18,12.63,-5.02,39.71,Female,15-29 yrs,NO,Farmer,Index Case,JUNGUNI PHCU,MJINI,PUBLIC,PEMBA,JUNGUNI,180653,2643,248000.0,0.0,32.15,25.35,85.68,94.0,Weni,False
WETE,2023,1,4,23,19.5,-5.13,39.7,Female,5-14 yrs,NO,Student,Other Household Member,ZIWANI POLICE,MJINI,PUBLIC,PEMBA,MTEMANI,180978,2739,248000.0,1.8,31.89,25.05,87.6,94.0,Weni,False
WETE,2023,1,5,30,20.0,-5.06,39.77,Male,30-44 yrs,YES,Farmer,Index Case,KIUNGONI PHCU,MJINI,PUBLIC,PEMBA,SHENGEJUU,181403,2895,248000.0,9.56,30.9,25.27,87.55,94.0,Weni,False
WETE,2023,2,5,1,26.67,-5.05,39.73,Male,15-29 yrs,NO,Farmer,Index Case,JADIDA PHCU,MJINI,PUBLIC,PEMBA,BOPWE,181556,2919,248000.0,0.0,33.11,24.85,90.53,94.0,Weni,False
WETE,2023,2,6,6,17.71,-5.11,39.73,Male,30-44 yrs,NO,Civil Servant,Other Household Member,ZIWANI POLICE,MJINI,PUBLIC,PEMBA,MTAMBWE KASKAZINI,181725,1784,248000.0,0.0,32.18,24.89,90.68,94.0,Weni,False
WETE,2023,2,7,13,22.1,-5.06,39.76,Female,15-29 yrs,NO,Student,Index Case,WETE DISTRICT HOSPITAL,MJINI,PUBLIC,PEMBA,LIMBANI,182164,3077,248000.0,0.0,31.2,24.69,89.78,94.0,Weni,False
WETE,2023,2,8,19,20.68,-5.07,39.75,Male,< 5 yrs,NO,Under school age (<6 years),Other Household Member,ZIWANI POLICE,MJINI,PUBLIC,PEMBA,KINYASINI,182470,3195,248000.0,0.0,32.17,25.16,89.16,94.0,Weni,False
WETE,2023,2,9,28,28.0,-5.29,39.63,Female,5-14 yrs,NO,Unemployed,Index Case,WETE DISTRICT HOSPITAL,MJINI,PUBLIC,PEMBA,SELEM,182900,3346,248000.0,0.0,31.96,23.66,89.4,94.0,Weni,False
WETE,2023,3,9,2,25.17,-5.14,39.83,Male,15-29 yrs,NO,Fisherman,Index Case,DIRA DISPENSARY,MJINI,PRIVATE,PEMBA,KIUYU MINUNGWINI,183018,3401,248000.0,0.0,33.6,24.31,91.7,94.0,Weni,False
WETE,2023,3,10,5,21.75,-5.07,39.74,Male,30-44 yrs,NO,Business,Index Case,WETE DISTRICT HOSPITAL,MJINI,PUBLIC,PEMBA,MGOGONI,183121,4377,248000.0,0.0,31.79,24.3,90.02,94.0,Weni,False
WETE,2023,3,12,23,23.0,-5.04,39.7,Male,15-29 yrs,YES,Business,Index Case,UKUNJWI PHCU,MJINI,PUBLIC,PEMBA,UKUNJWI,183649,3936,248000.0,23.33,31.63,25.3,92.65,94.0,Weni,False
WETE,2023,3,13,29,40.55,-5.09,39.71,Female,< 5 yrs,NO,Business,Index Case,WETE DISTRICT HOSPITAL,MJINI,PUBLIC,PEMBA,LIMBANI,183949,3710,248000.0,17.17,31.14,25.8,91.62,94.0,Weni,False
WETE,2023,4,14,8,15.0,-5.18,39.81,Female,15-29 yrs,NO,Business,Other Household Member,ZIWANI POLICE,MJINI,PUBLIC,PEMBA,LIMBANI,184171,3710,248000.0,10.86,31.16,25.34,90.5,94.0,Weni,False
WETE,2023,4,15,11,24.9,-5.1,39.83,Male,15-29 yrs,YES,Fisherman,Index Case,KOJANI PHCU+,MJINI,PUBLIC,PEMBA,MPAMBANI,184242,3800,248000.0,29.99,31.79,24.98,89.38,94.0,Weni,False
WETE,2023,4,16,17,18.0,-5.13,39.73,Female,15-29 yrs,NO,Housewife,Other Household Member,ZIWANI POLICE,MJINI,PUBLIC,PEMBA,SHENGEJUU,184436,3849,248000.0,83.17,28.3,24.18,89.51,94.0,Weni,False
WETE,2023,4,17,24,27.42,-5.05,39.71,Male,30-44 yrs,YES,Fisherman,Index Case,UKUNJWI PHCU,MJINI,PUBLIC,PEMBA,UKUNJWI,184649,3937,248000.0,81.87,29.75,24.69,90.26,94.0,Weni,False
WETE,2023,5,18,4,22.65,-5.0,39.74,Male,30-44 yrs,YES,Business,Index Case,WETE DISTRICT HOSPITAL,MJINI,PUBLIC,PEMBA,MGOGONI,185092,4129,248000.0,0.0,30.69,24.53,95.36,94.0,Weni,False
WETE,2023,5,19,7,22.98,-5.16,39.72,Male,15-29 yrs,YES,Other,Index Case,KMKM WETE,MJINI,PUBLIC,PEMBA,UTAANI,185271,4155,248000.0,5.84,30.39,25.0,95.92,94.0,Weni,False
WETE,2023,5,20,19,35.0,-5.17,39.83,Male,45+ yrs,NO,Farmer,Other Household Member,ZIWANI POLICE,MJINI,PUBLIC,PEMBA,KANGAGANI,186109,4276,248000.0,0.0,30.74,25.28,95.3,94.0,Weni,False
WETE,2023,5,21,22,21.15,-5.07,39.74,Female,15-29 yrs,NO,Health worker,Index Case,JADIDA PHCU,MJINI,PUBLIC,PEMBA,JADIDA,186393,4518,248000.0,30.38,30.07,25.03,95.38,94.0,Weni,False
WETE,2023,5,22,29,23.8,-5.08,39.68,Male,15-29 yrs,NO,Farmer,Index Case,JUNGUNI PHCU,MJINI,PUBLIC,PEMBA,JUNGUNI,187087,4709,248000.0,81.03,29.48,24.82,94.75,94.0,Weni,False
WETE,2023,6,22,3,22.0,-5.06,39.72,Male,15-29 yrs,NO,Business,Index Case,KMKM WETE,MJINI,PUBLIC,PEMBA,KIPANGANI,187713,4876,248000.0,0.0,29.41,22.53,88.7,94.0,Weni,False
WETE,2023,6,23,5,28.0,-5.08,39.75,Male,30-44 yrs,NO,Business,Other Household Member,ZIWANI POLICE,MJINI,PUBLIC,PEMBA,KIPANGANI,187829,4876,248000.0,26.33,29.14,23.55,88.48,94.0,Weni,False
WETE,2023,6,24,12,30.68,-5.06,39.75,Female,< 5 yrs,NO,Under school age (<6 years),Other Household Member,ZIWANI POLICE,MJINI,PUBLIC,PEMBA,KIUNGONI,188572,5052,248000.0,89.38,28.99,24.33,89.75,94.0,Weni,False
WETE,2023,6,25,18,26.68,-5.08,39.71,Female,15-29 yrs,NO,Student,Index Case,MWANAMASHUNGI DISPENSARY,MJINI,PRIVATE,PEMBA,PIKI,189433,5506,248000.0,0.0,29.88,23.57,89.89,94.0,Weni,False
WETE,2023,6,26,26,22.56,-5.06,39.74,Male,15-29 yrs,YES,Business,Index Case,POLISI WETE,MJINI,PUBLIC,PEMBA,UTAANI,190622,5823,248000.0,4.69,29.8,23.56,90.75,94.0,Weni,False
WETE,2023,7,27,5,30.0,-5.98,39.34,Male,30-44 yrs,NO,Other,Index Case,TASAKHTAA GLOBAL HOSPITAL,MJINI,PRIVATE,PEMBA,MTEMANI,191495,6067,248000.0,15.65,28.35,22.87,85.1,94.0,Weni,False
WETE,2023,7,28,11,18.29,-5.07,39.76,Male,15-29 yrs,NO,Fisherman,Index Case,KANGAGANI PHCU,MJINI,PUBLIC,PEMBA,KIUYU MINUNGWINI,192200,6235,248000.0,6.11,29.06,23.26,85.52,94.0,Weni,False
WETE,2023,7,29,16,21.71,-5.1,39.76,Female,5-14 yrs,NO,Student,Other Household Member,ZIWANI POLICE,MJINI,PUBLIC,PEMBA,MTAMBWE KASKAZINI,192795,6356,248000.0,6.25,29.23,22.64,85.19,94.0,Weni,False
WETE,2023,7,30,24,22.54,-5.05,39.74,Female,15-29 yrs,NO,Housewife,Other Household Member,ZIWANI POLICE,MJINI,PUBLIC,PEMBA,KISIWANI,193826,6691,248000.0,2.38,28.69,23.41,85.0,94.0,Weni,False
WETE,2023,7,31,31,20.12,-5.12,39.79,Male,15-29 yrs,NO,Farmer,Index Case,BWAGAMOYO PHCU,MJINI,PUBLIC,PEMBA,MTAMBWE KUSINI,194791,6976,248000.0,2.8,28.32,23.21,83.8,94.0,Weni,False
WETE,2023,8,31,3,16.88,-5.31,39.7,Female,30-44 yrs,NO,Housewife,Other Household Member,ZIWANI POLICE,MJINI,PUBLIC,PEMBA,MGOGONI,195019,4377,248000.0,0.0,28.87,23.49,88.1,94.0,Weni,False
WETE,2023,8,32,7,21.76,-5.1,39.76,Male,30-44 yrs,NO,Farmer,Other Household Member,ZIWANI POLICE,MJINI,PUBLIC,PEMBA,MZAMBARAUNI TAKAO,195638,7221,248000.0,0.0,29.4,23.83,85.0,94.0,Weni,False
WETE,2023,8,33,13,28.21,-5.12,39.73,Female,45+ yrs,NO,Housewife,Index Case,WETE DISTRICT HOSPITAL,MJINI,PUBLIC,PEMBA,PANDANI,196271,7536,248000.0,0.75,29.7,22.55,87.21,94.0,Weni,True
WETE,2023,8,34,21,24.25,-5.06,39.73,Male,15-29 yrs,YES,Fisherman,Index Case,KOJANI PHCU+,MJINI,PUBLIC,PEMBA,KOJANI,197134,7716,248000.0,6.76,29.4,22.35,86.5,94.0,Weni,False
WETE,2023,8,35,28,22.11,-5.13,39.78,Female,< 5 yrs,NO,Under school age (<6 years),Other Household Member,ZIWANI POLICE,MJINI,PUBLIC,PEMBA,MGOGONI,197792,7922,248000.0,8.85,29.0,22.88,87.53,94.0,Weni,False
WETE,2023,9,35,1,31.5,-5.05,39.72,Male,15-29 yrs,NO,Student,Index Case,ALI KHAMIS CAMP,MJINI,PUBLIC,PEMBA,SHENGEJUU,198279,8069,248000.0,0.0,30.9,21.42,88.75,94.0,Weni,False
WETE,2023,9,36,4,16.33,-5.07,39.73,Male,15-29 yrs,NO,Farmer,Other Household Member,ZIWANI POLICE,MJINI,PUBLIC,PEMBA,LIMBANI,198402,7848,248000.0,0.0,30.74,23.16,87.99,94.0,Weni,False
WETE,2023,9,37,12,28.71,-5.1,39.83,Male,30-44 yrs,YES,Fisherman,Index Case,KOJANI PHCU+,MJINI,PUBLIC,PEMBA,KOJANI,199298,8335,248000.0,0.0,29.48,22.35,87.51,94.0,Weni,False
WETE,2023,9,38,17,14.5,-5.51,39.54,Male,5-14 yrs,YES,Other,Index case,WETE DISTRICT HOSPITAL,WETE,PUBLIC,PEMBA,KIZIMBANI,NotInvest,8845,248000.0,0.0,30.59,21.86,89.9,94.0,Weni,False
WETE,2023,9,39,25,16.5,-5.17,39.69,Female,5-14 yrs,NO,Student,Other Household Member,ZIWANI POLICE,MJINI,PUBLIC,PEMBA,KIZIMBANI,200411,8621,248000.0,0.0,30.52,22.14,87.94,94.0,Weni,False
WETE,2023,10,40,2,26.5,-5.09,39.76,Male,15-29 yrs,NO,Under school age (<6 years),Other Household Member,ZIWANI POLICE,MJINI,PUBLIC,PEMBA,JADIDA,200899,8782,248000.0,12.24,31.04,25.64,91.1,94.0,Weni,False
WETE,2023,10,41,10,20.82,-5.12,39.81,Female,5-14 yrs,NO,Student,Index Case,MINUNGWINI PHCU,MJINI,PUBLIC,PEMBA,KIUYU MINUNGWINI,201606,9002,248000.0,0.0,31.03,23.85,90.97,94.0,Weni,False
WETE,2023,10,42,16,22.64,-5.08,39.75,Male,5-14 yrs,YES,Student,Index Case,ABDALLA MZEE REGIONAL HOSPITAL,MJINI,PUBLIC,PEMBA,LIMBANI,202254,9177,248000.0,31.6,31.83,23.45,92.28,94.0,Weni,False
WETE,2023,10,43,25,27.71,-5.16,39.64,Female,< 5 yrs,NO,Under school age (<6 years),Other Household Member,ZIWANI POLICE,MJINI,PUBLIC,PEMBA,JUNGUNI,203063,9403,248000.0,15.39,31.52,24.74,91.54,94.0,Weni,False
WETE,2023,10,44,29,32.0,-5.55,39.57,Male,30-44 yrs,YES,Other,Index case,WETE DISTRICT HOSPITAL,WETE,PUBLIC,PEMBA,UTAANI,NotInvest,9510,248000.0,23.36,31.55,23.42,92.55,94.0,Weni,False
WETE,2023,11,44,1,28.92,-5.1,39.77,Male,5-14 yrs,NO,Student,Other Household Member,ZIWANI POLICE,MJINI,PUBLIC,PEMBA,MCHANGA MDOGO,203612,9546,248000.0,79.02,27.61,24.53,96.02,94.0,Weni,False
WETE,2023,11,45,8,20.2,-5.05,39.73,Female,5-14 yrs,NO,Under school age (<6 years),Other Household Member,ZIWANI POLICE,MJINI,PUBLIC,PEMBA,KIZIMBANI,204322,9865,248000.0,72.23,28.33,25.06,93.0,94.0,Weni,False
WETE,2023,11,46,13,21.63,-5.1,39.72,Female,< 5 yrs,NO,Under school age (<6 years),Index Case,MAKONGENI PHCU+,MJINI,PUBLIC,PEMBA,MTAMBWE KUSINI,205070,10275,248000.0,47.55,30.52,24.16,96.27,94.0,Weni,False
WETE,2023,11,47,20,21.52,-5.08,39.77,Female,30-44 yrs,NO,Housewife,Other Household Member,ZIWANI POLICE,MJINI,PUBLIC,PEMBA,JUNGUNI,205925,10735,248000.0,48.76,29.95,24.73,94.73,94.0,Weni,False
WETE,2023,11,48,26,33.67,-5.06,39.79,Female,45+ yrs,NO,Housewife,Index Case,WETE DISTRICT HOSPITAL,MJINI,PUBLIC,PEMBA,SELEM,206870,12560,248000.0,46.81,30.28,24.42,92.7,94.0,Weni,False
WETE,2023,12,48,2,25.0,-5.37,39.6,Male,15-29 yrs,YES,Other,Index case,WETE DISTRICT HOSPITAL,WETE,PUBLIC,PEMBA,SELEM,NotInvest,12561,248000.0,5.25,30.95,23.93,94.4,94.0,Weni,False
WETE,2023,12,49,3,27.56,-5.15,39.71,Male,30-44 yrs,NO,Watchman/Police,Other Household Member,ZIWANI POLICE,MJINI,PUBLIC,PEMBA,KIPANGANI,208140,12011,248000.0,7.78,30.99,25.04,89.58,94.0,Weni,True
WETE,2023,12,50,10,22.95,-5.06,39.74,Male,15-29 yrs,NO,Business,Other Household Member,ZIWANI POLICE,MJINI,PUBLIC,PEMBA,KOJANI,209813,12919,248000.0,30.77,30.95,24.91,89.41,94.0,Weni,True
WETE,2023,12,51,17,26.21,-5.18,39.69,Male,15-29 yrs,YES,Other,Index case,KMKM WETE,WETE,PUBLIC,PEMBA,MTEMANI,NotInvest,UNKNOWN_CASE,248000.0,14.07,31.94,25.17,90.89,94.0,Weni,True
WETE,2023,12,52,24,25.07,-5.23,39.71,Male,15-29 yrs,NO,Unemployed,Index Case,KMKM WETE,MJINI,PUBLIC,PEMBA,FUNDO,213383,17177,248000.0,14.48,31.79,26.07,91.27,94.0,Weni,True
