District,Station,Year,Month,Week,Rainfall
Zanzibar Airport,Zanzibar Airport,2023,Jan,1st week,3.8
Zanzibar Airport,Zanzibar Airport,2023,Feb,1st week,0.0
Zanzibar Airport,Zanzibar Airport,2023,Mar,1st week,0.0
Zanzibar Airport,Zanzibar Airport,2023,Apr,1st week,51.6
Zanzibar Airport,Zanzibar Airport,2023,May,1st week,69.6
Zanzibar Airport,Zanzibar Airport,2023,Jun,1st week,96.89999999999999
Zanzibar Airport,Zanzibar Airport,2023,Jul,1st week,51.1
Zanzibar Airport,Zanzibar Airport,2023,Aug,1st week,2.8000000000000003
Zanzibar Airport,Zanzibar Airport,2023,Sep,1st week,0.0
Zanzibar Airport,Zanzibar Airport,2023,Oct,1st week,12.2
Zanzibar Airport,Zanzibar Airport,2023,Nov,1st week,487.9
Zanzibar Airport,Zanzibar Airport,2023,Dec,1st week,55.9
Zanzibar Airport,Zanzibar Airport,2023,Jan,2nd week,58.39999999999999
Zanzibar Airport,Zanzibar Airport,2023,Feb,2nd week,7.8
Zanzibar Airport,Zanzibar Airport,2023,Mar,2nd week,0.0
Zanzibar Airport,Zanzibar Airport,2023,Apr,2nd week,6.000000000000001
Zanzibar Airport,Zanzibar Airport,2023,May,2nd week,35.0
Zanzibar Airport,Zanzibar Airport,2023,Jun,2nd week,21.8
Zanzibar Airport,Zanzibar Airport,2023,Jul,2nd week,1.6
Zanzibar Airport,Zanzibar Airport,2023,Aug,2nd week,1.2
Zanzibar Airport,Zanzibar Airport,2023,Sep,2nd week,3.4
Zanzibar Airport,Zanzibar Airport,2023,Oct,2nd week,0.0
Zanzibar Airport,Zanzibar Airport,2023,Nov,2nd week,146.5
Zanzibar Airport,Zanzibar Airport,2023,Dec,2nd week,59.5
Zanzibar Airport,Zanzibar Airport,2023,Jan,3rd week,1.4
Zanzibar Airport,Zanzibar Airport,2023,Feb,3rd week,0.1
Zanzibar Airport,Zanzibar Airport,2023,Mar,3rd week,64.2
Zanzibar Airport,Zanzibar Airport,2023,Apr,3rd week,156.7
Zanzibar Airport,Zanzibar Airport,2023,May,3rd week,0.0
Zanzibar Airport,Zanzibar Airport,2023,Jun,3rd week,0.0
Zanzibar Airport,Zanzibar Airport,2023,Jul,3rd week,4.8999999999999995
Zanzibar Airport,Zanzibar Airport,2023,Aug,3rd week,0.5
Zanzibar Airport,Zanzibar Airport,2023,Sep,3rd week,2.1
Zanzibar Airport,Zanzibar Airport,2023,Oct,3rd week,7.699999999999999
Zanzibar Airport,Zanzibar Airport,2023,Nov,3rd week,129.89999999999998
Zanzibar Airport,Zanzibar Airport,2023,Dec,3rd week,49.0
Zanzibar Airport,Zanzibar Airport,2023,Jan,4th week,0.0
Zanzibar Airport,Zanzibar Airport,2023,Feb,4th week,0.0
Zanzibar Airport,Zanzibar Airport,2023,Mar,4th week,26.9
Zanzibar Airport,Zanzibar Airport,2023,Apr,4th week,67.8
Zanzibar Airport,Zanzibar Airport,2023,May,4th week,9.1
Zanzibar Airport,Zanzibar Airport,2023,Jun,4th week,0.0
Zanzibar Airport,Zanzibar Airport,2023,Jul,4th week,8.1
Zanzibar Airport,Zanzibar Airport,2023,Aug,4th week,0.3
Zanzibar Airport,Zanzibar Airport,2023,Sep,4th week,10.1
Zanzibar Airport,Zanzibar Airport,2023,Oct,4th week,33.4
Zanzibar Airport,Zanzibar Airport,2023,Nov,4th week,24.699999999999996
Zanzibar Airport,Zanzibar Airport,2023,Dec,4th week,54.800000000000004
Zanzibar Airport,Zanzibar Airport,2022,Jan,1st week,0.0
Zanzibar Airport,Zanzibar Airport,2022,Feb,1st week,60.50000000000001
Zanzibar Airport,Zanzibar Airport,2022,Mar,1st week,0.0
Zanzibar Airport,Zanzibar Airport,2022,Apr,1st week,2.8000000000000003
Zanzibar Airport,Zanzibar Airport,2022,May,1st week,34.7
Zanzibar Airport,Zanzibar Airport,2022,Jun,1st week,3.0
Zanzibar Airport,Zanzibar Airport,2022,Jul,1st week,18.9
Zanzibar Airport,Zanzibar Airport,2022,Aug,1st week,2.4
Zanzibar Airport,Zanzibar Airport,2022,Sep,1st week,0.0
Zanzibar Airport,Zanzibar Airport,2022,Oct,1st week,3.5
Zanzibar Airport,Zanzibar Airport,2022,Nov,1st week,18.0
Zanzibar Airport,Zanzibar Airport,2022,Dec,1st week,0.0
Zanzibar Airport,Zanzibar Airport,2022,Jan,2nd week,58.39999999999999
Zanzibar Airport,Zanzibar Airport,2022,Feb,2nd week,7.8
Zanzibar Airport,Zanzibar Airport,2022,Mar,2nd week,0.0
Zanzibar Airport,Zanzibar Airport,2022,Apr,2nd week,6.000000000000001
Zanzibar Airport,Zanzibar Airport,2022,May,2nd week,35.0
Zanzibar Airport,Zanzibar Airport,2022,Jun,2nd week,21.8
Zanzibar Airport,Zanzibar Airport,2022,Jul,2nd week,1.6
Zanzibar Airport,Zanzibar Airport,2022,Aug,2nd week,1.2
Zanzibar Airport,Zanzibar Airport,2022,Sep,2nd week,3.4
Zanzibar Airport,Zanzibar Airport,2022,Oct,2nd week,0.0
Zanzibar Airport,Zanzibar Airport,2022,Nov,2nd week,146.5
Zanzibar Airport,Zanzibar Airport,2022,Dec,2nd week,59.5
Zanzibar Airport,Zanzibar Airport,2022,Jan,3rd week,1.4
Zanzibar Airport,Zanzibar Airport,2022,Feb,3rd week,0.1
Zanzibar Airport,Zanzibar Airport,2022,Mar,3rd week,64.2
Zanzibar Airport,Zanzibar Airport,2022,Apr,3rd week,156.7
Zanzibar Airport,Zanzibar Airport,2022,May,3rd week,0.0
Zanzibar Airport,Zanzibar Airport,2022,Jun,3rd week,0.0
Zanzibar Airport,Zanzibar Airport,2022,Jul,3rd week,4.8999999999999995
Zanzibar Airport,Zanzibar Airport,2022,Aug,3rd week,0.5
Zanzibar Airport,Zanzibar Airport,2022,Sep,3rd week,2.1
Zanzibar Airport,Zanzibar Airport,2022,Oct,3rd week,7.699999999999999
Zanzibar Airport,Zanzibar Airport,2022,Nov,3rd week,129.89999999999998
Zanzibar Airport,Zanzibar Airport,2022,Dec,3rd week,49.0
Zanzibar Airport,Zanzibar Airport,2022,Jan,4th week,0.0
Zanzibar Airport,Zanzibar Airport,2022,Feb,4th week,0.0
Zanzibar Airport,Zanzibar Airport,2022,Mar,4th week,26.9
Zanzibar Airport,Zanzibar Airport,2022,Apr,4th week,67.8
Zanzibar Airport,Zanzibar Airport,2022,May,4th week,9.1
Zanzibar Airport,Zanzibar Airport,2022,Jun,4th week,0.0
Zanzibar Airport,Zanzibar Airport,2022,Jul,4th week,8.1
Zanzibar Airport,Zanzibar Airport,2022,Aug,4th week,0.3
Zanzibar Airport,Zanzibar Airport,2022,Sep,4th week,10.1
Zanzibar Airport,Zanzibar Airport,2022,Oct,4th week,33.4
Zanzibar Airport,Zanzibar Airport,2022,Nov,4th week,24.699999999999996
Zanzibar Airport,Zanzibar Airport,2022,Dec,4th week,54.800000000000004
Zanzibar Airport,Zanzibar Airport,2021,Jan,1st week,10.7
Zanzibar Airport,Zanzibar Airport,2021,Feb,1st week,6.8
Zanzibar Airport,Zanzibar Airport,2021,Mar,1st week,0.0
Zanzibar Airport,Zanzibar Airport,2021,Apr,1st week,16.2
Zanzibar Airport,Zanzibar Airport,2021,May,1st week,70.80000000000001
Zanzibar Airport,Zanzibar Airport,2021,Jun,1st week,41.5
Zanzibar Airport,Zanzibar Airport,2021,Jul,1st week,0.0
Zanzibar Airport,Zanzibar Airport,2021,Aug,1st week,0.0
Zanzibar Airport,Zanzibar Airport,2021,Sep,1st week,0.0
Zanzibar Airport,Zanzibar Airport,2021,Oct,1st week,0.0
Zanzibar Airport,Zanzibar Airport,2021,Nov,1st week,0.0
Zanzibar Airport,Zanzibar Airport,2021,Dec,1st week,90.3
Zanzibar Airport,Zanzibar Airport,2021,Jan,2nd week,5.7
Zanzibar Airport,Zanzibar Airport,2021,Feb,2nd week,18.3
Zanzibar Airport,Zanzibar Airport,2021,Mar,2nd week,1.1
Zanzibar Airport,Zanzibar Airport,2021,Apr,2nd week,82.60000000000001
Zanzibar Airport,Zanzibar Airport,2021,May,2nd week,0.0
Zanzibar Airport,Zanzibar Airport,2021,Jun,2nd week,7.8
Zanzibar Airport,Zanzibar Airport,2021,Jul,2nd week,17.1
Zanzibar Airport,Zanzibar Airport,2021,Aug,2nd week,2.2
Zanzibar Airport,Zanzibar Airport,2021,Sep,2nd week,6.0
Zanzibar Airport,Zanzibar Airport,2021,Oct,2nd week,4.800000000000001
Zanzibar Airport,Zanzibar Airport,2021,Nov,2nd week,1.2
Zanzibar Airport,Zanzibar Airport,2021,Dec,2nd week,70.60000000000001
Zanzibar Airport,Zanzibar Airport,2021,Jan,3rd week,0.0
Zanzibar Airport,Zanzibar Airport,2021,Feb,3rd week,0.0
Zanzibar Airport,Zanzibar Airport,2021,Mar,3rd week,25.200000000000003
Zanzibar Airport,Zanzibar Airport,2021,Apr,3rd week,72.9
Zanzibar Airport,Zanzibar Airport,2021,May,3rd week,0.0
Zanzibar Airport,Zanzibar Airport,2021,Jun,3rd week,1.3
Zanzibar Airport,Zanzibar Airport,2021,Jul,3rd week,0.0
Zanzibar Airport,Zanzibar Airport,2021,Aug,3rd week,10.4
Zanzibar Airport,Zanzibar Airport,2021,Sep,3rd week,0.8
Zanzibar Airport,Zanzibar Airport,2021,Oct,3rd week,13.0
Zanzibar Airport,Zanzibar Airport,2021,Nov,3rd week,0.0
Zanzibar Airport,Zanzibar Airport,2021,Dec,3rd week,63.9
Zanzibar Airport,Zanzibar Airport,2021,Jan,4th week,11.9
Zanzibar Airport,Zanzibar Airport,2021,Feb,4th week,12.0
Zanzibar Airport,Zanzibar Airport,2021,Mar,4th week,4.2
Zanzibar Airport,Zanzibar Airport,2021,Apr,4th week,57.0
Zanzibar Airport,Zanzibar Airport,2021,May,4th week,0.0
Zanzibar Airport,Zanzibar Airport,2021,Jun,4th week,9.7
Zanzibar Airport,Zanzibar Airport,2021,Jul,4th week,2.9
Zanzibar Airport,Zanzibar Airport,2021,Aug,4th week,3.5999999999999996
Zanzibar Airport,Zanzibar Airport,2021,Sep,4th week,4.6
Zanzibar Airport,Zanzibar Airport,2021,Oct,4th week,0.1
Zanzibar Airport,Zanzibar Airport,2021,Nov,4th week,6.2
Zanzibar Airport,Zanzibar Airport,2021,Dec,4th week,62.10000000000001
Zanzibar Airport,Zanzibar Airport,2020,Jan,1st week,0.0
Zanzibar Airport,Zanzibar Airport,2020,Feb,1st week,21.6
Zanzibar Airport,Zanzibar Airport,2020,Mar,1st week,41.099999999999994
Zanzibar Airport,Zanzibar Airport,2020,Apr,1st week,42.7
Zanzibar Airport,Zanzibar Airport,2020,May,1st week,101.8
Zanzibar Airport,Zanzibar Airport,2020,Jun,1st week,0.0
Zanzibar Airport,Zanzibar Airport,2020,Jul,1st week,0.0
Zanzibar Airport,Zanzibar Airport,2020,Aug,1st week,0.0
Zanzibar Airport,Zanzibar Airport,2020,Sep,1st week,0.5
Zanzibar Airport,Zanzibar Airport,2020,Oct,1st week,14.9
Zanzibar Airport,Zanzibar Airport,2020,Nov,1st week,45.00000000000001
Zanzibar Airport,Zanzibar Airport,2020,Dec,1st week,57.4
Zanzibar Airport,Zanzibar Airport,2020,Jan,2nd week,41.1
Zanzibar Airport,Zanzibar Airport,2020,Feb,2nd week,6.8
Zanzibar Airport,Zanzibar Airport,2020,Mar,2nd week,84.7
Zanzibar Airport,Zanzibar Airport,2020,Apr,2nd week,225.1
Zanzibar Airport,Zanzibar Airport,2020,May,2nd week,5.4
Zanzibar Airport,Zanzibar Airport,2020,Jun,2nd week,1.1
Zanzibar Airport,Zanzibar Airport,2020,Jul,2nd week,36.5
Zanzibar Airport,Zanzibar Airport,2020,Aug,2nd week,0.0
Zanzibar Airport,Zanzibar Airport,2020,Sep,2nd week,1.1
Zanzibar Airport,Zanzibar Airport,2020,Oct,2nd week,31.8
Zanzibar Airport,Zanzibar Airport,2020,Nov,2nd week,107.10000000000001
Zanzibar Airport,Zanzibar Airport,2020,Dec,2nd week,23.8
Zanzibar Airport,Zanzibar Airport,2020,Jan,3rd week,141.0
Zanzibar Airport,Zanzibar Airport,2020,Feb,3rd week,8.1
Zanzibar Airport,Zanzibar Airport,2020,Mar,3rd week,14.4
Zanzibar Airport,Zanzibar Airport,2020,Apr,3rd week,365.2
Zanzibar Airport,Zanzibar Airport,2020,May,3rd week,54.8
Zanzibar Airport,Zanzibar Airport,2020,Jun,3rd week,0.0
Zanzibar Airport,Zanzibar Airport,2020,Jul,3rd week,1.0
Zanzibar Airport,Zanzibar Airport,2020,Aug,3rd week,39.1
Zanzibar Airport,Zanzibar Airport,2020,Sep,3rd week,3.6999999999999997
Zanzibar Airport,Zanzibar Airport,2020,Oct,3rd week,32.2
Zanzibar Airport,Zanzibar Airport,2020,Nov,3rd week,14.9
Zanzibar Airport,Zanzibar Airport,2020,Dec,3rd week,45.400000000000006
Zanzibar Airport,Zanzibar Airport,2020,Jan,4th week,27.9
Zanzibar Airport,Zanzibar Airport,2020,Feb,4th week,2.3
Zanzibar Airport,Zanzibar Airport,2020,Mar,4th week,10.799999999999999
Zanzibar Airport,Zanzibar Airport,2020,Apr,4th week,45.4
Zanzibar Airport,Zanzibar Airport,2020,May,4th week,3.4
Zanzibar Airport,Zanzibar Airport,2020,Jun,4th week,0.0
Zanzibar Airport,Zanzibar Airport,2020,Jul,4th week,4.3
Zanzibar Airport,Zanzibar Airport,2020,Aug,4th week,7.6
Zanzibar Airport,Zanzibar Airport,2020,Sep,4th week,2.5
Zanzibar Airport,Zanzibar Airport,2020,Oct,4th week,49.6
Zanzibar Airport,Zanzibar Airport,2020,Nov,4th week,91.2
Zanzibar Airport,Zanzibar Airport,2020,Dec,4th week,59.9
Zanzibar Airport,Zanzibar Airport,2019,Jan,1st week,12.2
Zanzibar Airport,Zanzibar Airport,2019,Feb,1st week,0.0
Zanzibar Airport,Zanzibar Airport,2019,Mar,1st week,13.7
Zanzibar Airport,Zanzibar Airport,2019,Apr,1st week,100.80000000000001
Zanzibar Airport,Zanzibar Airport,2019,May,1st week,368.1
Zanzibar Airport,Zanzibar Airport,2019,Jun,1st week,0.0
Zanzibar Airport,Zanzibar Airport,2019,Jul,1st week,0.0
Zanzibar Airport,Zanzibar Airport,2019,Aug,1st week,13.8
Zanzibar Airport,Zanzibar Airport,2019,Sep,1st week,13.700000000000001
Zanzibar Airport,Zanzibar Airport,2019,Oct,1st week,39.0
Zanzibar Airport,Zanzibar Airport,2019,Nov,1st week,13.6
Zanzibar Airport,Zanzibar Airport,2019,Dec,1st week,108.0
Zanzibar Airport,Zanzibar Airport,2019,Jan,2nd week,0.0
Zanzibar Airport,Zanzibar Airport,2019,Feb,2nd week,3.3
Zanzibar Airport,Zanzibar Airport,2019,Mar,2nd week,0.0
Zanzibar Airport,Zanzibar Airport,2019,Apr,2nd week,45.3
Zanzibar Airport,Zanzibar Airport,2019,May,2nd week,275.70000000000005
Zanzibar Airport,Zanzibar Airport,2019,Jun,2nd week,0.0
Zanzibar Airport,Zanzibar Airport,2019,Jul,2nd week,0.0
Zanzibar Airport,Zanzibar Airport,2019,Aug,2nd week,24.900000000000002
Zanzibar Airport,Zanzibar Airport,2019,Sep,2nd week,36.1
Zanzibar Airport,Zanzibar Airport,2019,Oct,2nd week,206.5
Zanzibar Airport,Zanzibar Airport,2019,Nov,2nd week,80.3
Zanzibar Airport,Zanzibar Airport,2019,Dec,2nd week,10.6
Zanzibar Airport,Zanzibar Airport,2019,Jan,3rd week,6.800000000000001
Zanzibar Airport,Zanzibar Airport,2019,Feb,3rd week,29.5
Zanzibar Airport,Zanzibar Airport,2019,Mar,3rd week,0.0
Zanzibar Airport,Zanzibar Airport,2019,Apr,3rd week,19.1
Zanzibar Airport,Zanzibar Airport,2019,May,3rd week,62.099999999999994
Zanzibar Airport,Zanzibar Airport,2019,Jun,3rd week,0.0
Zanzibar Airport,Zanzibar Airport,2019,Jul,3rd week,0.1
Zanzibar Airport,Zanzibar Airport,2019,Aug,3rd week,0.0
Zanzibar Airport,Zanzibar Airport,2019,Sep,3rd week,0.3
Zanzibar Airport,Zanzibar Airport,2019,Oct,3rd week,128.1
Zanzibar Airport,Zanzibar Airport,2019,Nov,3rd week,80.7
Zanzibar Airport,Zanzibar Airport,2019,Dec,3rd week,137.0
Zanzibar Airport,Zanzibar Airport,2019,Jan,4th week,0.0
Zanzibar Airport,Zanzibar Airport,2019,Feb,4th week,72.6
Zanzibar Airport,Zanzibar Airport,2019,Mar,4th week,3.8
Zanzibar Airport,Zanzibar Airport,2019,Apr,4th week,0.0
Zanzibar Airport,Zanzibar Airport,2019,May,4th week,133.0
Zanzibar Airport,Zanzibar Airport,2019,Jun,4th week,0.0
Zanzibar Airport,Zanzibar Airport,2019,Jul,4th week,0.0
Zanzibar Airport,Zanzibar Airport,2019,Aug,4th week,1.9
Zanzibar Airport,Zanzibar Airport,2019,Sep,4th week,6.2
Zanzibar Airport,Zanzibar Airport,2019,Oct,4th week,144.8
Zanzibar Airport,Zanzibar Airport,2019,Nov,4th week,9.200000000000001
Zanzibar Airport,Zanzibar Airport,2019,Dec,4th week,11.6
Zanzibar Airport,Zanzibar Airport,2018,Jan,1st week,53.800000000000004
Zanzibar Airport,Zanzibar Airport,2018,Feb,1st week,0.0
Zanzibar Airport,Zanzibar Airport,2018,Mar,1st week,12.1
Zanzibar Airport,Zanzibar Airport,2018,Apr,1st week,34.599999999999994
Zanzibar Airport,Zanzibar Airport,2018,May,1st week,191.6
Zanzibar Airport,Zanzibar Airport,2018,Jun,1st week,17.1
Zanzibar Airport,Zanzibar Airport,2018,Jul,1st week,119.5
Zanzibar Airport,Zanzibar Airport,2018,Aug,1st week,0.8
Zanzibar Airport,Zanzibar Airport,2018,Sep,1st week,15.4
Zanzibar Airport,Zanzibar Airport,2018,Oct,1st week,6.9
Zanzibar Airport,Zanzibar Airport,2018,Nov,1st week,0.0
Zanzibar Airport,Zanzibar Airport,2018,Dec,1st week,34.300000000000004
Zanzibar Airport,Zanzibar Airport,2018,Jan,2nd week,6.3
Zanzibar Airport,Zanzibar Airport,2018,Feb,2nd week,0.0
Zanzibar Airport,Zanzibar Airport,2018,Mar,2nd week,35.5
Zanzibar Airport,Zanzibar Airport,2018,Apr,2nd week,222.0
Zanzibar Airport,Zanzibar Airport,2018,May,2nd week,213.2
Zanzibar Airport,Zanzibar Airport,2018,Jun,2nd week,1.0
Zanzibar Airport,Zanzibar Airport,2018,Jul,2nd week,1.0
Zanzibar Airport,Zanzibar Airport,2018,Aug,2nd week,0.0
Zanzibar Airport,Zanzibar Airport,2018,Sep,2nd week,7.1
Zanzibar Airport,Zanzibar Airport,2018,Oct,2nd week,5.7
Zanzibar Airport,Zanzibar Airport,2018,Nov,2nd week,0.0
Zanzibar Airport,Zanzibar Airport,2018,Dec,2nd week,38.0
Zanzibar Airport,Zanzibar Airport,2018,Jan,3rd week,0.0
Zanzibar Airport,Zanzibar Airport,2018,Feb,3rd week,39.6
Zanzibar Airport,Zanzibar Airport,2018,Mar,3rd week,68.5
Zanzibar Airport,Zanzibar Airport,2018,Apr,3rd week,329.5999999999999
Zanzibar Airport,Zanzibar Airport,2018,May,3rd week,108.10000000000001
Zanzibar Airport,Zanzibar Airport,2018,Jun,3rd week,0.7
Zanzibar Airport,Zanzibar Airport,2018,Jul,3rd week,1.0
Zanzibar Airport,Zanzibar Airport,2018,Aug,3rd week,2.7
Zanzibar Airport,Zanzibar Airport,2018,Sep,3rd week,2.6
Zanzibar Airport,Zanzibar Airport,2018,Oct,3rd week,27.0
Zanzibar Airport,Zanzibar Airport,2018,Nov,3rd week,22.7
Zanzibar Airport,Zanzibar Airport,2018,Dec,3rd week,93.60000000000001
Zanzibar Airport,Zanzibar Airport,2018,Jan,4th week,0.0
Zanzibar Airport,Zanzibar Airport,2018,Feb,4th week,0.0
Zanzibar Airport,Zanzibar Airport,2018,Mar,4th week,3.4000000000000004
Zanzibar Airport,Zanzibar Airport,2018,Apr,4th week,4.5
Zanzibar Airport,Zanzibar Airport,2018,May,4th week,11.6
Zanzibar Airport,Zanzibar Airport,2018,Jun,4th week,8.8
Zanzibar Airport,Zanzibar Airport,2018,Jul,4th week,0.0
Zanzibar Airport,Zanzibar Airport,2018,Aug,4th week,13.0
Zanzibar Airport,Zanzibar Airport,2018,Sep,4th week,5.5
Zanzibar Airport,Zanzibar Airport,2018,Oct,4th week,58.10000000000001
Zanzibar Airport,Zanzibar Airport,2018,Nov,4th week,22.700000000000003
Zanzibar Airport,Zanzibar Airport,2018,Dec,4th week,2.5
Weni,Weni,2023,Jan,1st week,25.0
Weni,Weni,2023,Feb,1st week,0.0
Weni,Weni,2023,Mar,1st week,0.0
Weni,Weni,2023,Apr,1st week,25.0
Weni,Weni,2023,May,1st week,0.0
Weni,Weni,2023,Jun,1st week,0.0
Weni,Weni,2023,Jul,1st week,31.0
Weni,Weni,2023,Aug,1st week,0.0
Weni,Weni,2023,Sep,1st week,0.0
Weni,Weni,2023,Oct,1st week,24.0
Weni,Weni,2023,Nov,1st week,160.89999999999998
Weni,Weni,2023,Dec,1st week,10.0
Weni,Weni,2023,Jan,2nd week,14.0
Weni,Weni,2023,Feb,2nd week,0.0
Weni,Weni,2023,Mar,2nd week,0.0
Weni,Weni,2023,Apr,2nd week,55.0
Weni,Weni,2023,May,2nd week,13.0
Weni,Weni,2023,Jun,2nd week,172.0
Weni,Weni,2023,Jul,2nd week,12.0
Weni,Weni,2023,Aug,2nd week,0.0
Weni,Weni,2023,Sep,2nd week,0.0
Weni,Weni,2023,Oct,2nd week,0.0
Weni,Weni,2023,Nov,2nd week,99.1
Weni,Weni,2023,Dec,2nd week,63.0
Weni,Weni,2023,Jan,3rd week,0.0
Weni,Weni,2023,Feb,3rd week,0.0
Weni,Weni,2023,Mar,3rd week,43.0
Weni,Weni,2023,Apr,3rd week,182.0
Weni,Weni,2023,May,3rd week,0.0
Weni,Weni,2023,Jun,3rd week,0.0
Weni,Weni,2023,Jul,3rd week,14.0
Weni,Weni,2023,Aug,3rd week,4.0
Weni,Weni,2023,Sep,3rd week,0.0
Weni,Weni,2023,Oct,3rd week,75.0
Weni,Weni,2023,Nov,3rd week,95.4
Weni,Weni,2023,Dec,3rd week,28.0
Weni,Weni,2023,Jan,4th week,10.0
Weni,Weni,2023,Feb,4th week,0.0
Weni,Weni,2023,Mar,4th week,29.5
Weni,Weni,2023,Apr,4th week,164.0
Weni,Weni,2023,May,4th week,107.0
Weni,Weni,2023,Jun,4th week,9.0
Weni,Weni,2023,Jul,4th week,3.0
Weni,Weni,2023,Aug,4th week,19.0
Weni,Weni,2023,Sep,4th week,0.0
Weni,Weni,2023,Oct,4th week,33.0
Weni,Weni,2023,Nov,4th week,85.8
Weni,Weni,2023,Dec,4th week,25.0
Weni,Weni,2022,Jan,1st week,0.0
Weni,Weni,2022,Feb,1st week,0.0
Weni,Weni,2022,Mar,1st week,0.0
Weni,Weni,2022,Apr,1st week,10.0
Weni,Weni,2022,May,1st week,80.0
Weni,Weni,2022,Jun,1st week,59.0
Weni,Weni,2022,Jul,1st week,27.0
Weni,Weni,2022,Aug,1st week,0.0
Weni,Weni,2022,Sep,1st week,0.0
Weni,Weni,2022,Oct,1st week,0.0
Weni,Weni,2022,Nov,1st week,0.0
Weni,Weni,2022,Dec,1st week,0.0
Weni,Weni,2022,Jan,2nd week,0.0
Weni,Weni,2022,Feb,2nd week,0.0
Weni,Weni,2022,Mar,2nd week,0.0
Weni,Weni,2022,Apr,2nd week,20.0
Weni,Weni,2022,May,2nd week,4.0
Weni,Weni,2022,Jun,2nd week,15.0
Weni,Weni,2022,Jul,2nd week,20.0
Weni,Weni,2022,Aug,2nd week,0.0
Weni,Weni,2022,Sep,2nd week,0.0
Weni,Weni,2022,Oct,2nd week,0.0
Weni,Weni,2022,Nov,2nd week,19.0
Weni,Weni,2022,Dec,2nd week,12.0
Weni,Weni,2022,Jan,3rd week,11.0
Weni,Weni,2022,Feb,3rd week,53.0
Weni,Weni,2022,Mar,3rd week,0.0
Weni,Weni,2022,Apr,3rd week,159.0
Weni,Weni,2022,May,3rd week,30.0
Weni,Weni,2022,Jun,3rd week,3.0
Weni,Weni,2022,Jul,3rd week,14.0
Weni,Weni,2022,Aug,3rd week,0.0
Weni,Weni,2022,Sep,3rd week,2.0
Weni,Weni,2022,Oct,3rd week,10.0
Weni,Weni,2022,Nov,3rd week,21.0
Weni,Weni,2022,Dec,3rd week,10.0
Weni,Weni,2022,Jan,4th week,0.0
Weni,Weni,2022,Feb,4th week,0.0
Weni,Weni,2022,Mar,4th week,25.0
Weni,Weni,2022,Apr,4th week,114.0
Weni,Weni,2022,May,4th week,29.0
Weni,Weni,2022,Jun,4th week,13.0
Weni,Weni,2022,Jul,4th week,0.0
Weni,Weni,2022,Aug,4th week,0.0
Weni,Weni,2022,Sep,4th week,5.0
Weni,Weni,2022,Oct,4th week,45.0
Weni,Weni,2022,Nov,4th week,90.0
Weni,Weni,2022,Dec,4th week,10.0
Weni,Weni,2021,Jan,1st week,70.0
Weni,Weni,2021,Feb,1st week,8.0
Weni,Weni,2021,Mar,1st week,0.0
Weni,Weni,2021,Apr,1st week,46.0
Weni,Weni,2021,May,1st week,135.0
Weni,Weni,2021,Jun,1st week,5.0
Weni,Weni,2021,Jul,1st week,0.0
Weni,Weni,2021,Aug,1st week,19.0
Weni,Weni,2021,Sep,1st week,2.0
Weni,Weni,2021,Oct,1st week,0.0
Weni,Weni,2021,Nov,1st week,0.0
Weni,Weni,2021,Dec,1st week,57.0
Weni,Weni,2021,Jan,2nd week,68.0
Weni,Weni,2021,Feb,2nd week,0.0
Weni,Weni,2021,Mar,2nd week,0.0
Weni,Weni,2021,Apr,2nd week,72.5
Weni,Weni,2021,May,2nd week,0.0
Weni,Weni,2021,Jun,2nd week,36.0
Weni,Weni,2021,Jul,2nd week,2.5
Weni,Weni,2021,Aug,2nd week,0.0
Weni,Weni,2021,Sep,2nd week,8.0
Weni,Weni,2021,Oct,2nd week,0.0
Weni,Weni,2021,Nov,2nd week,0.0
Weni,Weni,2021,Dec,2nd week,115.0
Weni,Weni,2021,Jan,3rd week,0.0
Weni,Weni,2021,Feb,3rd week,0.0
Weni,Weni,2021,Mar,3rd week,25.5
Weni,Weni,2021,Apr,3rd week,123.5
Weni,Weni,2021,May,3rd week,4.0
Weni,Weni,2021,Jun,3rd week,0.0
Weni,Weni,2021,Jul,3rd week,0.0
Weni,Weni,2021,Aug,3rd week,5.0
Weni,Weni,2021,Sep,3rd week,2.0
Weni,Weni,2021,Oct,3rd week,10.5
Weni,Weni,2021,Nov,3rd week,0.0
Weni,Weni,2021,Dec,3rd week,30.5
Weni,Weni,2021,Jan,4th week,0.0
Weni,Weni,2021,Feb,4th week,0.0
Weni,Weni,2021,Mar,4th week,65.0
Weni,Weni,2021,Apr,4th week,69.0
Weni,Weni,2021,May,4th week,0.0
Weni,Weni,2021,Jun,4th week,24.5
Weni,Weni,2021,Jul,4th week,0.0
Weni,Weni,2021,Aug,4th week,2.0
Weni,Weni,2021,Sep,4th week,0.0
Weni,Weni,2021,Oct,4th week,2.0
Weni,Weni,2021,Nov,4th week,40.0
Weni,Weni,2021,Dec,4th week,14.0
Weni,Weni,2020,Jan,1st week,0.0
Weni,Weni,2020,Feb,1st week,0.0
Weni,Weni,2020,Mar,1st week,66.5
Weni,Weni,2020,Apr,1st week,113.0
Weni,Weni,2020,May,1st week,193.9
Weni,Weni,2020,Jun,1st week,27.5
Weni,Weni,2020,Jul,1st week,15.0
Weni,Weni,2020,Aug,1st week,0.0
Weni,Weni,2020,Sep,1st week,0.0
Weni,Weni,2020,Oct,1st week,0.0
Weni,Weni,2020,Nov,1st week,0.0
Weni,Weni,2020,Dec,1st week,62.3
Weni,Weni,2020,Jan,2nd week,0.0
Weni,Weni,2020,Feb,2nd week,0.0
Weni,Weni,2020,Mar,2nd week,26.5
Weni,Weni,2020,Apr,2nd week,343.5
Weni,Weni,2020,May,2nd week,92.4
Weni,Weni,2020,Jun,2nd week,23.2
Weni,Weni,2020,Jul,2nd week,10.5
Weni,Weni,2020,Aug,2nd week,0.0
Weni,Weni,2020,Sep,2nd week,0.0
Weni,Weni,2020,Oct,2nd week,18.5
Weni,Weni,2020,Nov,2nd week,50.5
Weni,Weni,2020,Dec,2nd week,0.0
Weni,Weni,2020,Jan,3rd week,32.0
Weni,Weni,2020,Feb,3rd week,0.0
Weni,Weni,2020,Mar,3rd week,43.8
Weni,Weni,2020,Apr,3rd week,99.5
Weni,Weni,2020,May,3rd week,52.0
Weni,Weni,2020,Jun,3rd week,5.2
Weni,Weni,2020,Jul,3rd week,7.7
Weni,Weni,2020,Aug,3rd week,10.5
Weni,Weni,2020,Sep,3rd week,30.5
Weni,Weni,2020,Oct,3rd week,16.0
Weni,Weni,2020,Nov,3rd week,15.0
Weni,Weni,2020,Dec,3rd week,44.0
Weni,Weni,2020,Jan,4th week,9.0
Weni,Weni,2020,Feb,4th week,10.5
Weni,Weni,2020,Mar,4th week,71.0
Weni,Weni,2020,Apr,4th week,163.5
Weni,Weni,2020,May,4th week,6.0
Weni,Weni,2020,Jun,4th week,20.0
Weni,Weni,2020,Jul,4th week,5.0
Weni,Weni,2020,Aug,4th week,0.0
Weni,Weni,2020,Sep,4th week,11.5
Weni,Weni,2020,Oct,4th week,5.5
Weni,Weni,2020,Nov,4th week,10.0
Weni,Weni,2020,Dec,4th week,0.0
Weni,Weni,2019,Jan,1st week,17.5
Weni,Weni,2019,Feb,1st week,0.0
Weni,Weni,2019,Mar,1st week,0.0
Weni,Weni,2019,Apr,1st week,61.1
Weni,Weni,2019,May,1st week,76.7
Weni,Weni,2019,Jun,1st week,7.9
Weni,Weni,2019,Jul,1st week,7.2
Weni,Weni,2019,Aug,1st week,28.0
Weni,Weni,2019,Sep,1st week,0.0
Weni,Weni,2019,Oct,1st week,40.9
Weni,Weni,2019,Nov,1st week,16.6
Weni,Weni,2019,Dec,1st week,77.4
Weni,Weni,2019,Jan,2nd week,0.0
Weni,Weni,2019,Feb,2nd week,11.7
Weni,Weni,2019,Mar,2nd week,0.0
Weni,Weni,2019,Apr,2nd week,88.3
Weni,Weni,2019,May,2nd week,219.0
Weni,Weni,2019,Jun,2nd week,1.5
Weni,Weni,2019,Jul,2nd week,0.0
Weni,Weni,2019,Aug,2nd week,0.0
Weni,Weni,2019,Sep,2nd week,30.0
Weni,Weni,2019,Oct,2nd week,148.9
Weni,Weni,2019,Nov,2nd week,83.4
Weni,Weni,2019,Dec,2nd week,6.5
Weni,Weni,2019,Jan,3rd week,0.0
Weni,Weni,2019,Feb,3rd week,0.0
Weni,Weni,2019,Mar,3rd week,0.0
Weni,Weni,2019,Apr,3rd week,58.7
Weni,Weni,2019,May,3rd week,100.0
Weni,Weni,2019,Jun,3rd week,13.4
Weni,Weni,2019,Jul,3rd week,31.7
Weni,Weni,2019,Aug,3rd week,0.0
Weni,Weni,2019,Sep,3rd week,0.0
Weni,Weni,2019,Oct,3rd week,67.3
Weni,Weni,2019,Nov,3rd week,16.7
Weni,Weni,2019,Dec,3rd week,48.0
Weni,Weni,2019,Jan,4th week,0.0
Weni,Weni,2019,Feb,4th week,41.3
Weni,Weni,2019,Mar,4th week,1.0
Weni,Weni,2019,Apr,4th week,54.3
Weni,Weni,2019,May,4th week,398.5
Weni,Weni,2019,Jun,4th week,0.0
Weni,Weni,2019,Jul,4th week,0.0
Weni,Weni,2019,Aug,4th week,14.8
Weni,Weni,2019,Sep,4th week,18.0
Weni,Weni,2019,Oct,4th week,93.5
Weni,Weni,2019,Nov,4th week,67.1
Weni,Weni,2019,Dec,4th week,0.0
Weni,Weni,2018,Jan,1st week,69.1
Weni,Weni,2018,Feb,1st week,0.0
Weni,Weni,2018,Mar,1st week,19.5
Weni,Weni,2018,Apr,1st week,45.2
Weni,Weni,2018,May,1st week,201.2
Weni,Weni,2018,Jun,1st week,1.0
Weni,Weni,2018,Jul,1st week,34.5
Weni,Weni,2018,Aug,1st week,0.0
Weni,Weni,2018,Sep,1st week,14.0
Weni,Weni,2018,Oct,1st week,1.5
Weni,Weni,2018,Nov,1st week,0.0
Weni,Weni,2018,Dec,1st week,9.0
Weni,Weni,2018,Jan,2nd week,1.5
Weni,Weni,2018,Feb,2nd week,0.0
Weni,Weni,2018,Mar,2nd week,44.0
Weni,Weni,2018,Apr,2nd week,121.5
Weni,Weni,2018,May,2nd week,265.5
Weni,Weni,2018,Jun,2nd week,32.0
Weni,Weni,2018,Jul,2nd week,20.9
Weni,Weni,2018,Aug,2nd week,8.7
Weni,Weni,2018,Sep,2nd week,0.0
Weni,Weni,2018,Oct,2nd week,0.0
Weni,Weni,2018,Nov,2nd week,15.0
Weni,Weni,2018,Dec,2nd week,43.8
Weni,Weni,2018,Jan,3rd week,0.2
Weni,Weni,2018,Feb,3rd week,0.0
Weni,Weni,2018,Mar,3rd week,51.2
Weni,Weni,2018,Apr,3rd week,130.4
Weni,Weni,2018,May,3rd week,16.9
Weni,Weni,2018,Jun,3rd week,32.3
Weni,Weni,2018,Jul,3rd week,3.0
Weni,Weni,2018,Aug,3rd week,0.0
Weni,Weni,2018,Sep,3rd week,19.0
Weni,Weni,2018,Oct,3rd week,32.5
Weni,Weni,2018,Nov,3rd week,75.39999999999999
Weni,Weni,2018,Dec,3rd week,34.800000000000004
Weni,Weni,2018,Jan,4th week,0.0
Weni,Weni,2018,Feb,4th week,0.0
Weni,Weni,2018,Mar,4th week,81.7
Weni,Weni,2018,Apr,4th week,34.0
Weni,Weni,2018,May,4th week,6.0
Weni,Weni,2018,Jun,4th week,31.5
Weni,Weni,2018,Jul,4th week,8.0
Weni,Weni,2018,Aug,4th week,6.0
Weni,Weni,2018,Sep,4th week,45.0
Weni,Weni,2018,Oct,4th week,186.0
Weni,Weni,2018,Nov,4th week,67.3
Weni,Weni,2018,Dec,4th week,29.2
Makunduchi,Makunduchi,2023,Jan,1st week,9.4
Makunduchi,Makunduchi,2023,Feb,1st week,28.9
Makunduchi,Makunduchi,2023,Mar,1st week,3.3
Makunduchi,Makunduchi,2023,Apr,1st week,38.2
Makunduchi,Makunduchi,2023,May,1st week,86.3
Makunduchi,Makunduchi,2023,Jun,1st week,68.0
Makunduchi,Makunduchi,2023,Jul,1st week,62.5
Makunduchi,Makunduchi,2023,Aug,1st week,0.0
Makunduchi,Makunduchi,2023,Sep,1st week,0.0
Makunduchi,Makunduchi,2023,Oct,1st week,18.0
Makunduchi,Makunduchi,2023,Nov,1st week,77.7
Makunduchi,Makunduchi,2023,Dec,1st week,23.200000000000003
Makunduchi,Makunduchi,2023,Jan,2nd week,0.0
Makunduchi,Makunduchi,2023,Feb,2nd week,38.9
Makunduchi,Makunduchi,2023,Mar,2nd week,30.5
Makunduchi,Makunduchi,2023,Apr,2nd week,57.900000000000006
Makunduchi,Makunduchi,2023,May,2nd week,30.5
Makunduchi,Makunduchi,2023,Jun,2nd week,0.0
Makunduchi,Makunduchi,2023,Jul,2nd week,0.0
Makunduchi,Makunduchi,2023,Aug,2nd week,10.5
Makunduchi,Makunduchi,2023,Sep,2nd week,0.0
Makunduchi,Makunduchi,2023,Oct,2nd week,0.0
Makunduchi,Makunduchi,2023,Nov,2nd week,97.80000000000001
Makunduchi,Makunduchi,2023,Dec,2nd week,19.6
Makunduchi,Makunduchi,2023,Jan,3rd week,6.6
Makunduchi,Makunduchi,2023,Feb,3rd week,0.0
Makunduchi,Makunduchi,2023,Mar,3rd week,16.5
Makunduchi,Makunduchi,2023,Apr,3rd week,151.1
Makunduchi,Makunduchi,2023,May,3rd week,16.5
Makunduchi,Makunduchi,2023,Jun,3rd week,0.0
Makunduchi,Makunduchi,2023,Jul,3rd week,0.0
Makunduchi,Makunduchi,2023,Aug,3rd week,28.3
Makunduchi,Makunduchi,2023,Sep,3rd week,0.0
Makunduchi,Makunduchi,2023,Oct,3rd week,0.0
Makunduchi,Makunduchi,2023,Nov,3rd week,42.7
Makunduchi,Makunduchi,2023,Dec,3rd week,7.4
Makunduchi,Makunduchi,2023,Jan,4th week,0.0
Makunduchi,Makunduchi,2023,Feb,4th week,0.0
Makunduchi,Makunduchi,2023,Mar,4th week,25.2
Makunduchi,Makunduchi,2023,Apr,4th week,150.6
Makunduchi,Makunduchi,2023,May,4th week,25.2
Makunduchi,Makunduchi,2023,Jun,4th week,22.6
Makunduchi,Makunduchi,2023,Jul,4th week,0.0
Makunduchi,Makunduchi,2023,Aug,4th week,0.0
Makunduchi,Makunduchi,2023,Sep,4th week,0.0
Makunduchi,Makunduchi,2023,Oct,4th week,0.0
Makunduchi,Makunduchi,2023,Nov,4th week,16.1
Makunduchi,Makunduchi,2023,Dec,4th week,30.1
Makunduchi,Makunduchi,2022,Jan,1st week,0.0
Makunduchi,Makunduchi,2022,Feb,1st week,30.1
Makunduchi,Makunduchi,2022,Mar,1st week,0.0
Makunduchi,Makunduchi,2022,Apr,1st week,0.0
Makunduchi,Makunduchi,2022,May,1st week,76.0
Makunduchi,Makunduchi,2022,Jun,1st week,80.1
Makunduchi,Makunduchi,2022,Jul,1st week,26.499999999999996
Makunduchi,Makunduchi,2022,Aug,1st week,0.0
Makunduchi,Makunduchi,2022,Sep,1st week,0.0
Makunduchi,Makunduchi,2022,Oct,1st week,0.0
Makunduchi,Makunduchi,2022,Nov,1st week,0.0
Makunduchi,Makunduchi,2022,Dec,1st week,0.0
Makunduchi,Makunduchi,2022,Jan,2nd week,0.0
Makunduchi,Makunduchi,2022,Feb,2nd week,12.8
Makunduchi,Makunduchi,2022,Mar,2nd week,0.0
Makunduchi,Makunduchi,2022,Apr,2nd week,82.4
Makunduchi,Makunduchi,2022,May,2nd week,0.0
Makunduchi,Makunduchi,2022,Jun,2nd week,0.0
Makunduchi,Makunduchi,2022,Jul,2nd week,12.8
Makunduchi,Makunduchi,2022,Aug,2nd week,1.5
Makunduchi,Makunduchi,2022,Sep,2nd week,0.0
Makunduchi,Makunduchi,2022,Oct,2nd week,0.0
Makunduchi,Makunduchi,2022,Nov,2nd week,0.0
Makunduchi,Makunduchi,2022,Dec,2nd week,0.0
Makunduchi,Makunduchi,2022,Jan,3rd week,41.9
Makunduchi,Makunduchi,2022,Feb,3rd week,11.3
Makunduchi,Makunduchi,2022,Mar,3rd week,2.3
Makunduchi,Makunduchi,2022,Apr,3rd week,123.00000000000001
Makunduchi,Makunduchi,2022,May,3rd week,0.0
Makunduchi,Makunduchi,2022,Jun,3rd week,0.0
Makunduchi,Makunduchi,2022,Jul,3rd week,35.3
Makunduchi,Makunduchi,2022,Aug,3rd week,9.5
Makunduchi,Makunduchi,2022,Sep,3rd week,0.0
Makunduchi,Makunduchi,2022,Oct,3rd week,0.0
Makunduchi,Makunduchi,2022,Nov,3rd week,22.7
Makunduchi,Makunduchi,2022,Dec,3rd week,0.0
Makunduchi,Makunduchi,2022,Jan,4th week,44.1
Makunduchi,Makunduchi,2022,Feb,4th week,46.6
Makunduchi,Makunduchi,2022,Mar,4th week,0.0
Makunduchi,Makunduchi,2022,Apr,4th week,83.7
Makunduchi,Makunduchi,2022,May,4th week,32.2
Makunduchi,Makunduchi,2022,Jun,4th week,0.0
Makunduchi,Makunduchi,2022,Jul,4th week,0.0
Makunduchi,Makunduchi,2022,Aug,4th week,0.0
Makunduchi,Makunduchi,2022,Sep,4th week,0.0
Makunduchi,Makunduchi,2022,Oct,4th week,0.0
Makunduchi,Makunduchi,2022,Nov,4th week,36.6
Makunduchi,Makunduchi,2022,Dec,4th week,13.3
Makunduchi,Makunduchi,2021,Jan,1st week,0.0
Makunduchi,Makunduchi,2021,Feb,1st week,0.0
Makunduchi,Makunduchi,2021,Mar,1st week,0.0
Makunduchi,Makunduchi,2021,Apr,1st week,61.0
Makunduchi,Makunduchi,2021,May,1st week,169.9
Makunduchi,Makunduchi,2021,Jun,1st week,18.9
Makunduchi,Makunduchi,2021,Jul,1st week,0.0
Makunduchi,Makunduchi,2021,Aug,1st week,0.0
Makunduchi,Makunduchi,2021,Sep,1st week,0.0
Makunduchi,Makunduchi,2021,Oct,1st week,0.0
Makunduchi,Makunduchi,2021,Nov,1st week,0.0
Makunduchi,Makunduchi,2021,Dec,1st week,40.5
Makunduchi,Makunduchi,2021,Jan,2nd week,100.5
Makunduchi,Makunduchi,2021,Feb,2nd week,55.9
Makunduchi,Makunduchi,2021,Mar,2nd week,0.0
Makunduchi,Makunduchi,2021,Apr,2nd week,189.0
Makunduchi,Makunduchi,2021,May,2nd week,0.0
Makunduchi,Makunduchi,2021,Jun,2nd week,0.0
Makunduchi,Makunduchi,2021,Jul,2nd week,44.4
Makunduchi,Makunduchi,2021,Aug,2nd week,7.4
Makunduchi,Makunduchi,2021,Sep,2nd week,11.0
Makunduchi,Makunduchi,2021,Oct,2nd week,0.0
Makunduchi,Makunduchi,2021,Nov,2nd week,0.0
Makunduchi,Makunduchi,2021,Dec,2nd week,36.099999999999994
Makunduchi,Makunduchi,2021,Jan,3rd week,0.0
Makunduchi,Makunduchi,2021,Feb,3rd week,0.0
Makunduchi,Makunduchi,2021,Mar,3rd week,32.1
Makunduchi,Makunduchi,2021,Apr,3rd week,117.3
Makunduchi,Makunduchi,2021,May,3rd week,18.6
Makunduchi,Makunduchi,2021,Jun,3rd week,14.4
Makunduchi,Makunduchi,2021,Jul,3rd week,0.0
Makunduchi,Makunduchi,2021,Aug,3rd week,12.7
Makunduchi,Makunduchi,2021,Sep,3rd week,1.2
Makunduchi,Makunduchi,2021,Oct,3rd week,0.0
Makunduchi,Makunduchi,2021,Nov,3rd week,0.0
Makunduchi,Makunduchi,2021,Dec,3rd week,38.0
Makunduchi,Makunduchi,2021,Jan,4th week,0.0
Makunduchi,Makunduchi,2021,Feb,4th week,5.5
Makunduchi,Makunduchi,2021,Mar,4th week,18.2
Makunduchi,Makunduchi,2021,Apr,4th week,72.4
Makunduchi,Makunduchi,2021,May,4th week,0.0
Makunduchi,Makunduchi,2021,Jun,4th week,6.3
Makunduchi,Makunduchi,2021,Jul,4th week,0.0
Makunduchi,Makunduchi,2021,Aug,4th week,8.4
Makunduchi,Makunduchi,2021,Sep,4th week,0.0
Makunduchi,Makunduchi,2021,Oct,4th week,9.5
Makunduchi,Makunduchi,2021,Nov,4th week,12.2
Makunduchi,Makunduchi,2021,Dec,4th week,0.0
Makunduchi,Makunduchi,2020,Jan,1st week,61.7
Makunduchi,Makunduchi,2020,Feb,1st week,66.7
Makunduchi,Makunduchi,2020,Mar,1st week,41.5
Makunduchi,Makunduchi,2020,Apr,1st week,92.5
Makunduchi,Makunduchi,2020,May,1st week,179.5
Makunduchi,Makunduchi,2020,Jun,1st week,0.0
Makunduchi,Makunduchi,2020,Jul,1st week,15.799999999999999
Makunduchi,Makunduchi,2020,Aug,1st week,5.6
Makunduchi,Makunduchi,2020,Sep,1st week,0.0
Makunduchi,Makunduchi,2020,Oct,1st week,0.0
Makunduchi,Makunduchi,2020,Nov,1st week,0.0
Makunduchi,Makunduchi,2020,Dec,1st week,0.0
Makunduchi,Makunduchi,2020,Jan,2nd week,0.0
Makunduchi,Makunduchi,2020,Feb,2nd week,34.4
Makunduchi,Makunduchi,2020,Mar,2nd week,101.1
Makunduchi,Makunduchi,2020,Apr,2nd week,271.5
Makunduchi,Makunduchi,2020,May,2nd week,9.6
Makunduchi,Makunduchi,2020,Jun,2nd week,22.2
Makunduchi,Makunduchi,2020,Jul,2nd week,18.3
Makunduchi,Makunduchi,2020,Aug,2nd week,0.0
Makunduchi,Makunduchi,2020,Sep,2nd week,0.0
Makunduchi,Makunduchi,2020,Oct,2nd week,2.3
Makunduchi,Makunduchi,2020,Nov,2nd week,82.6
Makunduchi,Makunduchi,2020,Dec,2nd week,0.0
Makunduchi,Makunduchi,2020,Jan,3rd week,10.5
Makunduchi,Makunduchi,2020,Feb,3rd week,0.0
Makunduchi,Makunduchi,2020,Mar,3rd week,40.6
Makunduchi,Makunduchi,2020,Apr,3rd week,273.2
Makunduchi,Makunduchi,2020,May,3rd week,86.9
Makunduchi,Makunduchi,2020,Jun,3rd week,0.0
Makunduchi,Makunduchi,2020,Jul,3rd week,29.1
Makunduchi,Makunduchi,2020,Aug,3rd week,19.499999999999996
Makunduchi,Makunduchi,2020,Sep,3rd week,0.0
Makunduchi,Makunduchi,2020,Oct,3rd week,30.0
Makunduchi,Makunduchi,2020,Nov,3rd week,23.3
Makunduchi,Makunduchi,2020,Dec,3rd week,0.0
Makunduchi,Makunduchi,2020,Jan,4th week,62.4
Makunduchi,Makunduchi,2020,Feb,4th week,0.0
Makunduchi,Makunduchi,2020,Mar,4th week,8.4
Makunduchi,Makunduchi,2020,Apr,4th week,232.9
Makunduchi,Makunduchi,2020,May,4th week,0.0
Makunduchi,Makunduchi,2020,Jun,4th week,18.5
Makunduchi,Makunduchi,2020,Jul,4th week,0.0
Makunduchi,Makunduchi,2020,Aug,4th week,3.2
Makunduchi,Makunduchi,2020,Sep,4th week,8.3
Makunduchi,Makunduchi,2020,Oct,4th week,13.600000000000001
Makunduchi,Makunduchi,2020,Nov,4th week,15.1
Makunduchi,Makunduchi,2020,Dec,4th week,0.0
Makunduchi,Makunduchi,2019,Jan,1st week,10.8
Makunduchi,Makunduchi,2019,Feb,1st week,0.0
Makunduchi,Makunduchi,2019,Mar,1st week,20.7
Makunduchi,Makunduchi,2019,Apr,1st week,160.39999999999998
Makunduchi,Makunduchi,2019,May,1st week,199.4
Makunduchi,Makunduchi,2019,Jun,1st week,0.0
Makunduchi,Makunduchi,2019,Jul,1st week,0.0
Makunduchi,Makunduchi,2019,Aug,1st week,16.0
Makunduchi,Makunduchi,2019,Sep,1st week,0.0
Makunduchi,Makunduchi,2019,Oct,1st week,46.4
Makunduchi,Makunduchi,2019,Nov,1st week,35.1
Makunduchi,Makunduchi,2019,Dec,1st week,75.2
Makunduchi,Makunduchi,2019,Jan,2nd week,0.0
Makunduchi,Makunduchi,2019,Feb,2nd week,0.0
Makunduchi,Makunduchi,2019,Mar,2nd week,0.0
Makunduchi,Makunduchi,2019,Apr,2nd week,90.0
Makunduchi,Makunduchi,2019,May,2nd week,237.10000000000002
Makunduchi,Makunduchi,2019,Jun,2nd week,0.0
Makunduchi,Makunduchi,2019,Jul,2nd week,3.5
Makunduchi,Makunduchi,2019,Aug,2nd week,0.0
Makunduchi,Makunduchi,2019,Sep,2nd week,0.0
Makunduchi,Makunduchi,2019,Oct,2nd week,157.0
Makunduchi,Makunduchi,2019,Nov,2nd week,32.4
Makunduchi,Makunduchi,2019,Dec,2nd week,8.9
Makunduchi,Makunduchi,2019,Jan,3rd week,0.0
Makunduchi,Makunduchi,2019,Feb,3rd week,0.0
Makunduchi,Makunduchi,2019,Mar,3rd week,0.0
Makunduchi,Makunduchi,2019,Apr,3rd week,0.0
Makunduchi,Makunduchi,2019,May,3rd week,52.2
Makunduchi,Makunduchi,2019,Jun,3rd week,0.0
Makunduchi,Makunduchi,2019,Jul,3rd week,4.4
Makunduchi,Makunduchi,2019,Aug,3rd week,0.0
Makunduchi,Makunduchi,2019,Sep,3rd week,0.0
Makunduchi,Makunduchi,2019,Oct,3rd week,54.6
Makunduchi,Makunduchi,2019,Nov,3rd week,30.0
Makunduchi,Makunduchi,2019,Dec,3rd week,235.3
Makunduchi,Makunduchi,2019,Jan,4th week,0.0
Makunduchi,Makunduchi,2019,Feb,4th week,25.4
Makunduchi,Makunduchi,2019,Mar,4th week,25.0
Makunduchi,Makunduchi,2019,Apr,4th week,31.5
Makunduchi,Makunduchi,2019,May,4th week,141.9
Makunduchi,Makunduchi,2019,Jun,4th week,0.0
Makunduchi,Makunduchi,2019,Jul,4th week,0.0
Makunduchi,Makunduchi,2019,Aug,4th week,0.0
Makunduchi,Makunduchi,2019,Sep,4th week,6.2
Makunduchi,Makunduchi,2019,Oct,4th week,19.2
Makunduchi,Makunduchi,2019,Nov,4th week,18.5
Makunduchi,Makunduchi,2019,Dec,4th week,2.7
Makunduchi,Makunduchi,2018,Jan,1st week,63.1
Makunduchi,Makunduchi,2018,Feb,1st week,0.0
Makunduchi,Makunduchi,2018,Mar,1st week,30.6
Makunduchi,Makunduchi,2018,Apr,1st week,112.6
Makunduchi,Makunduchi,2018,May,1st week,454.5
Makunduchi,Makunduchi,2018,Jun,1st week,13.7
Makunduchi,Makunduchi,2018,Jul,1st week,92.60000000000001
Makunduchi,Makunduchi,2018,Aug,1st week,0.0
Makunduchi,Makunduchi,2018,Sep,1st week,11.100000000000001
Makunduchi,Makunduchi,2018,Oct,1st week,0.0
Makunduchi,Makunduchi,2018,Nov,1st week,0.0
Makunduchi,Makunduchi,2018,Dec,1st week,0.0
Makunduchi,Makunduchi,2018,Jan,2nd week,4.1
Makunduchi,Makunduchi,2018,Feb,2nd week,0.0
Makunduchi,Makunduchi,2018,Mar,2nd week,6.5
Makunduchi,Makunduchi,2018,Apr,2nd week,96.9
Makunduchi,Makunduchi,2018,May,2nd week,209.29999999999998
Makunduchi,Makunduchi,2018,Jun,2nd week,12.600000000000001
Makunduchi,Makunduchi,2018,Jul,2nd week,4.6
Makunduchi,Makunduchi,2018,Aug,2nd week,0.0
Makunduchi,Makunduchi,2018,Sep,2nd week,0.0
Makunduchi,Makunduchi,2018,Oct,2nd week,0.0
Makunduchi,Makunduchi,2018,Nov,2nd week,0.0
Makunduchi,Makunduchi,2018,Dec,2nd week,41.3
Makunduchi,Makunduchi,2018,Jan,3rd week,0.0
Makunduchi,Makunduchi,2018,Feb,3rd week,0.0
Makunduchi,Makunduchi,2018,Mar,3rd week,10.0
Makunduchi,Makunduchi,2018,Apr,3rd week,244.6
Makunduchi,Makunduchi,2018,May,3rd week,76.7
Makunduchi,Makunduchi,2018,Jun,3rd week,0.0
Makunduchi,Makunduchi,2018,Jul,3rd week,0.0
Makunduchi,Makunduchi,2018,Aug,3rd week,0.0
Makunduchi,Makunduchi,2018,Sep,3rd week,20.5
Makunduchi,Makunduchi,2018,Oct,3rd week,0.0
Makunduchi,Makunduchi,2018,Nov,3rd week,31.200000000000003
Makunduchi,Makunduchi,2018,Dec,3rd week,35.8
Makunduchi,Makunduchi,2018,Jan,4th week,0.0
Makunduchi,Makunduchi,2018,Feb,4th week,0.0
Makunduchi,Makunduchi,2018,Mar,4th week,61.8
Makunduchi,Makunduchi,2018,Apr,4th week,20.1
Makunduchi,Makunduchi,2018,May,4th week,119.6
Makunduchi,Makunduchi,2018,Jun,4th week,0.0
Makunduchi,Makunduchi,2018,Jul,4th week,5.5
Makunduchi,Makunduchi,2018,Aug,4th week,12.0
Makunduchi,Makunduchi,2018,Sep,4th week,5.7
Makunduchi,Makunduchi,2018,Oct,4th week,46.7
Makunduchi,Makunduchi,2018,Nov,4th week,33.4
Makunduchi,Makunduchi,2018,Dec,4th week,0.0
VICTORIA GARDEN,VICTORIA GARDEN,2023,Jan,1st week,5.2
VICTORIA GARDEN,VICTORIA GARDEN,2023,Feb,1st week,0.0
VICTORIA GARDEN,VICTORIA GARDEN,2023,Mar,1st week,0.0
VICTORIA GARDEN,VICTORIA GARDEN,2023,Apr,1st week,46.099999999999994
VICTORIA GARDEN,VICTORIA GARDEN,2023,May,1st week,60.199999999999996
VICTORIA GARDEN,VICTORIA GARDEN,2023,Jun,1st week,107.6
VICTORIA GARDEN,VICTORIA GARDEN,2023,Jul,1st week,47.5
VICTORIA GARDEN,VICTORIA GARDEN,2023,Aug,1st week,14.3
VICTORIA GARDEN,VICTORIA GARDEN,2023,Sep,1st week,1.3
VICTORIA GARDEN,VICTORIA GARDEN,2023,Oct,1st week,14.100000000000001
VICTORIA GARDEN,VICTORIA GARDEN,2023,Nov,1st week,503.2
VICTORIA GARDEN,VICTORIA GARDEN,2023,Dec,1st week,51.3
VICTORIA GARDEN,VICTORIA GARDEN,2023,Jan,2nd week,19.5
VICTORIA GARDEN,VICTORIA GARDEN,2023,Feb,2nd week,33.0
VICTORIA GARDEN,VICTORIA GARDEN,2023,Mar,2nd week,0.0
VICTORIA GARDEN,VICTORIA GARDEN,2023,Apr,2nd week,35.8
VICTORIA GARDEN,VICTORIA GARDEN,2023,May,2nd week,26.0
VICTORIA GARDEN,VICTORIA GARDEN,2023,Jun,2nd week,0.0
VICTORIA GARDEN,VICTORIA GARDEN,2023,Jul,2nd week,0.0
VICTORIA GARDEN,VICTORIA GARDEN,2023,Aug,2nd week,6.9
VICTORIA GARDEN,VICTORIA GARDEN,2023,Sep,2nd week,0.0
VICTORIA GARDEN,VICTORIA GARDEN,2023,Oct,2nd week,0.0
VICTORIA GARDEN,VICTORIA GARDEN,2023,Nov,2nd week,141.4
VICTORIA GARDEN,VICTORIA GARDEN,2023,Dec,2nd week,27.7
VICTORIA GARDEN,VICTORIA GARDEN,2023,Jan,3rd week,0.0
VICTORIA GARDEN,VICTORIA GARDEN,2023,Feb,3rd week,0.0
VICTORIA GARDEN,VICTORIA GARDEN,2023,Mar,3rd week,62.2
VICTORIA GARDEN,VICTORIA GARDEN,2023,Apr,3rd week,178.7
VICTORIA GARDEN,VICTORIA GARDEN,2023,May,3rd week,15.1
VICTORIA GARDEN,VICTORIA GARDEN,2023,Jun,3rd week,0.0
VICTORIA GARDEN,VICTORIA GARDEN,2023,Jul,3rd week,0.0
VICTORIA GARDEN,VICTORIA GARDEN,2023,Aug,3rd week,8.3
VICTORIA GARDEN,VICTORIA GARDEN,2023,Sep,3rd week,0.0
VICTORIA GARDEN,VICTORIA GARDEN,2023,Oct,3rd week,0.0
VICTORIA GARDEN,VICTORIA GARDEN,2023,Nov,3rd week,93.1
VICTORIA GARDEN,VICTORIA GARDEN,2023,Dec,3rd week,25.3
VICTORIA GARDEN,VICTORIA GARDEN,2023,Jan,4th week,0.0
VICTORIA GARDEN,VICTORIA GARDEN,2023,Feb,4th week,0.0
VICTORIA GARDEN,VICTORIA GARDEN,2023,Mar,4th week,19.6
VICTORIA GARDEN,VICTORIA GARDEN,2023,Apr,4th week,73.0
VICTORIA GARDEN,VICTORIA GARDEN,2023,May,4th week,7.2
VICTORIA GARDEN,VICTORIA GARDEN,2023,Jun,4th week,0.0
VICTORIA GARDEN,VICTORIA GARDEN,2023,Jul,4th week,12.1
VICTORIA GARDEN,VICTORIA GARDEN,2023,Aug,4th week,0.0
VICTORIA GARDEN,VICTORIA GARDEN,2023,Sep,4th week,5.1
VICTORIA GARDEN,VICTORIA GARDEN,2023,Oct,4th week,34.4
VICTORIA GARDEN,VICTORIA GARDEN,2023,Nov,4th week,78.6
VICTORIA GARDEN,VICTORIA GARDEN,2023,Dec,4th week,22.8
VICTORIA GARDEN,VICTORIA GARDEN,2022,Jan,1st week,0.0
VICTORIA GARDEN,VICTORIA GARDEN,2022,Feb,1st week,38.6
VICTORIA GARDEN,VICTORIA GARDEN,2022,Mar,1st week,0.0
VICTORIA GARDEN,VICTORIA GARDEN,2022,Apr,1st week,0.0
VICTORIA GARDEN,VICTORIA GARDEN,2022,May,1st week,39.8
VICTORIA GARDEN,VICTORIA GARDEN,2022,Jun,1st week,11.2
VICTORIA GARDEN,VICTORIA GARDEN,2022,Jul,1st week,12.2
VICTORIA GARDEN,VICTORIA GARDEN,2022,Aug,1st week,4.9
VICTORIA GARDEN,VICTORIA GARDEN,2022,Sep,1st week,0.0
VICTORIA GARDEN,VICTORIA GARDEN,2022,Oct,1st week,4.0
VICTORIA GARDEN,VICTORIA GARDEN,2022,Nov,1st week,0.0
VICTORIA GARDEN,VICTORIA GARDEN,2022,Dec,1st week,1.2
VICTORIA GARDEN,VICTORIA GARDEN,2022,Jan,2nd week,0.0
VICTORIA GARDEN,VICTORIA GARDEN,2022,Feb,2nd week,0.1
VICTORIA GARDEN,VICTORIA GARDEN,2022,Mar,2nd week,0.0
VICTORIA GARDEN,VICTORIA GARDEN,2022,Apr,2nd week,55.300000000000004
VICTORIA GARDEN,VICTORIA GARDEN,2022,May,2nd week,0.0
VICTORIA GARDEN,VICTORIA GARDEN,2022,Jun,2nd week,0.0
VICTORIA GARDEN,VICTORIA GARDEN,2022,Jul,2nd week,8.0
VICTORIA GARDEN,VICTORIA GARDEN,2022,Aug,2nd week,17.7
VICTORIA GARDEN,VICTORIA GARDEN,2022,Sep,2nd week,1.9000000000000001
VICTORIA GARDEN,VICTORIA GARDEN,2022,Oct,2nd week,0.0
VICTORIA GARDEN,VICTORIA GARDEN,2022,Nov,2nd week,11.0
VICTORIA GARDEN,VICTORIA GARDEN,2022,Dec,2nd week,25.4
VICTORIA GARDEN,VICTORIA GARDEN,2022,Jan,3rd week,215.3
VICTORIA GARDEN,VICTORIA GARDEN,2022,Feb,3rd week,27.3
VICTORIA GARDEN,VICTORIA GARDEN,2022,Mar,3rd week,0.0
VICTORIA GARDEN,VICTORIA GARDEN,2022,Apr,3rd week,130.1
VICTORIA GARDEN,VICTORIA GARDEN,2022,May,3rd week,6.5
VICTORIA GARDEN,VICTORIA GARDEN,2022,Jun,3rd week,5.8
VICTORIA GARDEN,VICTORIA GARDEN,2022,Jul,3rd week,21.3
VICTORIA GARDEN,VICTORIA GARDEN,2022,Aug,3rd week,0.0
VICTORIA GARDEN,VICTORIA GARDEN,2022,Sep,3rd week,2.6
VICTORIA GARDEN,VICTORIA GARDEN,2022,Oct,3rd week,0.0
VICTORIA GARDEN,VICTORIA GARDEN,2022,Nov,3rd week,48.0
VICTORIA GARDEN,VICTORIA GARDEN,2022,Dec,3rd week,27.2
VICTORIA GARDEN,VICTORIA GARDEN,2022,Jan,4th week,110.19999999999999
VICTORIA GARDEN,VICTORIA GARDEN,2022,Feb,4th week,4.5
VICTORIA GARDEN,VICTORIA GARDEN,2022,Mar,4th week,15.600000000000001
VICTORIA GARDEN,VICTORIA GARDEN,2022,Apr,4th week,47.6
VICTORIA GARDEN,VICTORIA GARDEN,2022,May,4th week,1.2
VICTORIA GARDEN,VICTORIA GARDEN,2022,Jun,4th week,1.5
VICTORIA GARDEN,VICTORIA GARDEN,2022,Jul,4th week,12.100000000000001
VICTORIA GARDEN,VICTORIA GARDEN,2022,Aug,4th week,7.4
VICTORIA GARDEN,VICTORIA GARDEN,2022,Sep,4th week,3.5
VICTORIA GARDEN,VICTORIA GARDEN,2022,Oct,4th week,6.4
VICTORIA GARDEN,VICTORIA GARDEN,2022,Nov,4th week,19.700000000000003
VICTORIA GARDEN,VICTORIA GARDEN,2022,Dec,4th week,65.5
VICTORIA GARDEN,VICTORIA GARDEN,2021,Jan,1st week,9.6
VICTORIA GARDEN,VICTORIA GARDEN,2021,Feb,1st week,0.0
VICTORIA GARDEN,VICTORIA GARDEN,2021,Mar,1st week,0.0
VICTORIA GARDEN,VICTORIA GARDEN,2021,Apr,1st week,30.9
VICTORIA GARDEN,VICTORIA GARDEN,2021,May,1st week,56.4
VICTORIA GARDEN,VICTORIA GARDEN,2021,Jun,1st week,2.1
VICTORIA GARDEN,VICTORIA GARDEN,2021,Jul,1st week,0.0
VICTORIA GARDEN,VICTORIA GARDEN,2021,Aug,1st week,0.2
VICTORIA GARDEN,VICTORIA GARDEN,2021,Sep,1st week,0.0
VICTORIA GARDEN,VICTORIA GARDEN,2021,Oct,1st week,0.0
VICTORIA GARDEN,VICTORIA GARDEN,2021,Nov,1st week,0.0
VICTORIA GARDEN,VICTORIA GARDEN,2021,Dec,1st week,45.1
VICTORIA GARDEN,VICTORIA GARDEN,2021,Jan,2nd week,14.1
VICTORIA GARDEN,VICTORIA GARDEN,2021,Feb,2nd week,15.299999999999999
VICTORIA GARDEN,VICTORIA GARDEN,2021,Mar,2nd week,0.0
VICTORIA GARDEN,VICTORIA GARDEN,2021,Apr,2nd week,153.7
VICTORIA GARDEN,VICTORIA GARDEN,2021,May,2nd week,3.2
VICTORIA GARDEN,VICTORIA GARDEN,2021,Jun,2nd week,8.9
VICTORIA GARDEN,VICTORIA GARDEN,2021,Jul,2nd week,19.7
VICTORIA GARDEN,VICTORIA GARDEN,2021,Aug,2nd week,0.0
VICTORIA GARDEN,VICTORIA GARDEN,2021,Sep,2nd week,13.3
VICTORIA GARDEN,VICTORIA GARDEN,2021,Oct,2nd week,3.8
VICTORIA GARDEN,VICTORIA GARDEN,2021,Nov,2nd week,0.0
VICTORIA GARDEN,VICTORIA GARDEN,2021,Dec,2nd week,81.89999999999999
VICTORIA GARDEN,VICTORIA GARDEN,2021,Jan,3rd week,0.0
VICTORIA GARDEN,VICTORIA GARDEN,2021,Feb,3rd week,0.0
VICTORIA GARDEN,VICTORIA GARDEN,2021,Mar,3rd week,13.799999999999999
VICTORIA GARDEN,VICTORIA GARDEN,2021,Apr,3rd week,68.5
VICTORIA GARDEN,VICTORIA GARDEN,2021,May,3rd week,0.0
VICTORIA GARDEN,VICTORIA GARDEN,2021,Jun,3rd week,6.3
VICTORIA GARDEN,VICTORIA GARDEN,2021,Jul,3rd week,0.0
VICTORIA GARDEN,VICTORIA GARDEN,2021,Aug,3rd week,24.0
VICTORIA GARDEN,VICTORIA GARDEN,2021,Sep,3rd week,0.5
VICTORIA GARDEN,VICTORIA GARDEN,2021,Oct,3rd week,40.3
VICTORIA GARDEN,VICTORIA GARDEN,2021,Nov,3rd week,0.0
VICTORIA GARDEN,VICTORIA GARDEN,2021,Dec,3rd week,28.2
VICTORIA GARDEN,VICTORIA GARDEN,2021,Jan,4th week,0.0
VICTORIA GARDEN,VICTORIA GARDEN,2021,Feb,4th week,6.1
VICTORIA GARDEN,VICTORIA GARDEN,2021,Mar,4th week,0.6
VICTORIA GARDEN,VICTORIA GARDEN,2021,Apr,4th week,88.2
VICTORIA GARDEN,VICTORIA GARDEN,2021,May,4th week,0.0
VICTORIA GARDEN,VICTORIA GARDEN,2021,Jun,4th week,0.6
VICTORIA GARDEN,VICTORIA GARDEN,2021,Jul,4th week,3.5
VICTORIA GARDEN,VICTORIA GARDEN,2021,Aug,4th week,3.9
VICTORIA GARDEN,VICTORIA GARDEN,2021,Sep,4th week,0.4
VICTORIA GARDEN,VICTORIA GARDEN,2021,Oct,4th week,0.0
VICTORIA GARDEN,VICTORIA GARDEN,2021,Nov,4th week,4.4
VICTORIA GARDEN,VICTORIA GARDEN,2021,Dec,4th week,30.5
VICTORIA GARDEN,VICTORIA GARDEN,2020,Jan,1st week,0.0
VICTORIA GARDEN,VICTORIA GARDEN,2020,Feb,1st week,0.6
VICTORIA GARDEN,VICTORIA GARDEN,2020,Mar,1st week,39.1
VICTORIA GARDEN,VICTORIA GARDEN,2020,Apr,1st week,7.8999999999999995
VICTORIA GARDEN,VICTORIA GARDEN,2020,May,1st week,90.9
VICTORIA GARDEN,VICTORIA GARDEN,2020,Jun,1st week,0.0
VICTORIA GARDEN,VICTORIA GARDEN,2020,Jul,1st week,0.0
VICTORIA GARDEN,VICTORIA GARDEN,2020,Aug,1st week,0.0
VICTORIA GARDEN,VICTORIA GARDEN,2020,Sep,1st week,1.0
VICTORIA GARDEN,VICTORIA GARDEN,2020,Oct,1st week,11.0
VICTORIA GARDEN,VICTORIA GARDEN,2020,Nov,1st week,41.599999999999994
VICTORIA GARDEN,VICTORIA GARDEN,2020,Dec,1st week,20.0
VICTORIA GARDEN,VICTORIA GARDEN,2020,Jan,2nd week,5.699999999999999
VICTORIA GARDEN,VICTORIA GARDEN,2020,Feb,2nd week,0.0
VICTORIA GARDEN,VICTORIA GARDEN,2020,Mar,2nd week,80.0
VICTORIA GARDEN,VICTORIA GARDEN,2020,Apr,2nd week,172.6
VICTORIA GARDEN,VICTORIA GARDEN,2020,May,2nd week,4.4
VICTORIA GARDEN,VICTORIA GARDEN,2020,Jun,2nd week,0.2
VICTORIA GARDEN,VICTORIA GARDEN,2020,Jul,2nd week,31.2
VICTORIA GARDEN,VICTORIA GARDEN,2020,Aug,2nd week,0.0
VICTORIA GARDEN,VICTORIA GARDEN,2020,Sep,2nd week,1.2
VICTORIA GARDEN,VICTORIA GARDEN,2020,Oct,2nd week,3.6
VICTORIA GARDEN,VICTORIA GARDEN,2020,Nov,2nd week,89.7
VICTORIA GARDEN,VICTORIA GARDEN,2020,Dec,2nd week,3.5
VICTORIA GARDEN,VICTORIA GARDEN,2020,Jan,3rd week,130.49999999999997
VICTORIA GARDEN,VICTORIA GARDEN,2020,Feb,3rd week,32.4
VICTORIA GARDEN,VICTORIA GARDEN,2020,Mar,3rd week,13.5
VICTORIA GARDEN,VICTORIA GARDEN,2020,Apr,3rd week,351.5
VICTORIA GARDEN,VICTORIA GARDEN,2020,May,3rd week,41.6
VICTORIA GARDEN,VICTORIA GARDEN,2020,Jun,3rd week,0.0
VICTORIA GARDEN,VICTORIA GARDEN,2020,Jul,3rd week,0.9
VICTORIA GARDEN,VICTORIA GARDEN,2020,Aug,3rd week,20.900000000000002
VICTORIA GARDEN,VICTORIA GARDEN,2020,Sep,3rd week,3.4
VICTORIA GARDEN,VICTORIA GARDEN,2020,Oct,3rd week,56.7
VICTORIA GARDEN,VICTORIA GARDEN,2020,Nov,3rd week,37.199999999999996
VICTORIA GARDEN,VICTORIA GARDEN,2020,Dec,3rd week,8.1
VICTORIA GARDEN,VICTORIA GARDEN,2020,Jan,4th week,22.1
VICTORIA GARDEN,VICTORIA GARDEN,2020,Feb,4th week,0.6
VICTORIA GARDEN,VICTORIA GARDEN,2020,Mar,4th week,10.8
VICTORIA GARDEN,VICTORIA GARDEN,2020,Apr,4th week,187.8
VICTORIA GARDEN,VICTORIA GARDEN,2020,May,4th week,4.6
VICTORIA GARDEN,VICTORIA GARDEN,2020,Jun,4th week,0.0
VICTORIA GARDEN,VICTORIA GARDEN,2020,Jul,4th week,6.5
VICTORIA GARDEN,VICTORIA GARDEN,2020,Aug,4th week,13.7
VICTORIA GARDEN,VICTORIA GARDEN,2020,Sep,4th week,7.0
VICTORIA GARDEN,VICTORIA GARDEN,2020,Oct,4th week,33.0
VICTORIA GARDEN,VICTORIA GARDEN,2020,Nov,4th week,170.0
VICTORIA GARDEN,VICTORIA GARDEN,2020,Dec,4th week,19.1
VICTORIA GARDEN,VICTORIA GARDEN,2019,Jan,1st week,0.0
VICTORIA GARDEN,VICTORIA GARDEN,2019,Feb,1st week,0.7
VICTORIA GARDEN,VICTORIA GARDEN,2019,Mar,1st week,26.400000000000002
VICTORIA GARDEN,VICTORIA GARDEN,2019,Apr,1st week,53.9
VICTORIA GARDEN,VICTORIA GARDEN,2019,May,1st week,379.5
VICTORIA GARDEN,VICTORIA GARDEN,2019,Jun,1st week,0.0
VICTORIA GARDEN,VICTORIA GARDEN,2019,Jul,1st week,0.0
VICTORIA GARDEN,VICTORIA GARDEN,2019,Aug,1st week,22.7
VICTORIA GARDEN,VICTORIA GARDEN,2019,Sep,1st week,0.2
VICTORIA GARDEN,VICTORIA GARDEN,2019,Oct,1st week,83.1
VICTORIA GARDEN,VICTORIA GARDEN,2019,Nov,1st week,45.9
VICTORIA GARDEN,VICTORIA GARDEN,2019,Dec,1st week,93.9
VICTORIA GARDEN,VICTORIA GARDEN,2019,Jan,2nd week,0.0
VICTORIA GARDEN,VICTORIA GARDEN,2019,Feb,2nd week,0.0
VICTORIA GARDEN,VICTORIA GARDEN,2019,Mar,2nd week,0.0
VICTORIA GARDEN,VICTORIA GARDEN,2019,Apr,2nd week,40.4
VICTORIA GARDEN,VICTORIA GARDEN,2019,May,2nd week,199.9
VICTORIA GARDEN,VICTORIA GARDEN,2019,Jun,2nd week,0.0
VICTORIA GARDEN,VICTORIA GARDEN,2019,Jul,2nd week,0.0
VICTORIA GARDEN,VICTORIA GARDEN,2019,Aug,2nd week,11.399999999999999
VICTORIA GARDEN,VICTORIA GARDEN,2019,Sep,2nd week,22.000000000000004
VICTORIA GARDEN,VICTORIA GARDEN,2019,Oct,2nd week,225.00000000000003
VICTORIA GARDEN,VICTORIA GARDEN,2019,Nov,2nd week,86.4
VICTORIA GARDEN,VICTORIA GARDEN,2019,Dec,2nd week,0.0
VICTORIA GARDEN,VICTORIA GARDEN,2019,Jan,3rd week,0.0
VICTORIA GARDEN,VICTORIA GARDEN,2019,Feb,3rd week,2.8
VICTORIA GARDEN,VICTORIA GARDEN,2019,Mar,3rd week,0.0
VICTORIA GARDEN,VICTORIA GARDEN,2019,Apr,3rd week,20.6
VICTORIA GARDEN,VICTORIA GARDEN,2019,May,3rd week,51.0
VICTORIA GARDEN,VICTORIA GARDEN,2019,Jun,3rd week,0.0
VICTORIA GARDEN,VICTORIA GARDEN,2019,Jul,3rd week,0.6
VICTORIA GARDEN,VICTORIA GARDEN,2019,Aug,3rd week,0.0
VICTORIA GARDEN,VICTORIA GARDEN,2019,Sep,3rd week,0.0
VICTORIA GARDEN,VICTORIA GARDEN,2019,Oct,3rd week,199.29999999999998
VICTORIA GARDEN,VICTORIA GARDEN,2019,Nov,3rd week,57.2
VICTORIA GARDEN,VICTORIA GARDEN,2019,Dec,3rd week,133.5
VICTORIA GARDEN,VICTORIA GARDEN,2019,Jan,4th week,0.0
VICTORIA GARDEN,VICTORIA GARDEN,2019,Feb,4th week,83.9
VICTORIA GARDEN,VICTORIA GARDEN,2019,Mar,4th week,4.2
VICTORIA GARDEN,VICTORIA GARDEN,2019,Apr,4th week,0.0
VICTORIA GARDEN,VICTORIA GARDEN,2019,May,4th week,114.3
VICTORIA GARDEN,VICTORIA GARDEN,2019,Jun,4th week,0.0
VICTORIA GARDEN,VICTORIA GARDEN,2019,Jul,4th week,0.0
VICTORIA GARDEN,VICTORIA GARDEN,2019,Aug,4th week,11.3
VICTORIA GARDEN,VICTORIA GARDEN,2019,Sep,4th week,10.0
VICTORIA GARDEN,VICTORIA GARDEN,2019,Oct,4th week,129.8
VICTORIA GARDEN,VICTORIA GARDEN,2019,Nov,4th week,14.7
VICTORIA GARDEN,VICTORIA GARDEN,2019,Dec,4th week,9.9
VICTORIA GARDEN,VICTORIA GARDEN,2018,Jan,1st week,28.1
VICTORIA GARDEN,VICTORIA GARDEN,2018,Feb,1st week,0.0
VICTORIA GARDEN,VICTORIA GARDEN,2018,Mar,1st week,6.6
VICTORIA GARDEN,VICTORIA GARDEN,2018,Apr,1st week,61.7
VICTORIA GARDEN,VICTORIA GARDEN,2018,May,1st week,226.1
VICTORIA GARDEN,VICTORIA GARDEN,2018,Jun,1st week,0.0
VICTORIA GARDEN,VICTORIA GARDEN,2018,Jul,1st week,84.6
VICTORIA GARDEN,VICTORIA GARDEN,2018,Aug,1st week,0.0
VICTORIA GARDEN,VICTORIA GARDEN,2018,Sep,1st week,0.0
VICTORIA GARDEN,VICTORIA GARDEN,2018,Oct,1st week,29.4
VICTORIA GARDEN,VICTORIA GARDEN,2018,Nov,1st week,0.0
VICTORIA GARDEN,VICTORIA GARDEN,2018,Dec,1st week,32.5
VICTORIA GARDEN,VICTORIA GARDEN,2018,Jan,2nd week,0.5
VICTORIA GARDEN,VICTORIA GARDEN,2018,Feb,2nd week,0.0
VICTORIA GARDEN,VICTORIA GARDEN,2018,Mar,2nd week,13.299999999999999
VICTORIA GARDEN,VICTORIA GARDEN,2018,Apr,2nd week,175.2
VICTORIA GARDEN,VICTORIA GARDEN,2018,May,2nd week,194.3
VICTORIA GARDEN,VICTORIA GARDEN,2018,Jun,2nd week,0.8
VICTORIA GARDEN,VICTORIA GARDEN,2018,Jul,2nd week,4.6
VICTORIA GARDEN,VICTORIA GARDEN,2018,Aug,2nd week,1.2
VICTORIA GARDEN,VICTORIA GARDEN,2018,Sep,2nd week,9.8
VICTORIA GARDEN,VICTORIA GARDEN,2018,Oct,2nd week,4.1
VICTORIA GARDEN,VICTORIA GARDEN,2018,Nov,2nd week,1.0
VICTORIA GARDEN,VICTORIA GARDEN,2018,Dec,2nd week,8.6
VICTORIA GARDEN,VICTORIA GARDEN,2018,Jan,3rd week,0.0
VICTORIA GARDEN,VICTORIA GARDEN,2018,Feb,3rd week,19.9
VICTORIA GARDEN,VICTORIA GARDEN,2018,Mar,3rd week,71.5
VICTORIA GARDEN,VICTORIA GARDEN,2018,Apr,3rd week,194.79999999999998
VICTORIA GARDEN,VICTORIA GARDEN,2018,May,3rd week,96.6
VICTORIA GARDEN,VICTORIA GARDEN,2018,Jun,3rd week,3.7
VICTORIA GARDEN,VICTORIA GARDEN,2018,Jul,3rd week,1.0
VICTORIA GARDEN,VICTORIA GARDEN,2018,Aug,3rd week,1.3
VICTORIA GARDEN,VICTORIA GARDEN,2018,Sep,3rd week,3.7
VICTORIA GARDEN,VICTORIA GARDEN,2018,Oct,3rd week,17.8
VICTORIA GARDEN,VICTORIA GARDEN,2018,Nov,3rd week,103.30000000000001
VICTORIA GARDEN,VICTORIA GARDEN,2018,Dec,3rd week,60.199999999999996
VICTORIA GARDEN,VICTORIA GARDEN,2018,Jan,4th week,0.0
VICTORIA GARDEN,VICTORIA GARDEN,2018,Feb,4th week,0.0
VICTORIA GARDEN,VICTORIA GARDEN,2018,Mar,4th week,31.6
VICTORIA GARDEN,VICTORIA GARDEN,2018,Apr,4th week,8.1
VICTORIA GARDEN,VICTORIA GARDEN,2018,May,4th week,9.6
VICTORIA GARDEN,VICTORIA GARDEN,2018,Jun,4th week,14.9
VICTORIA GARDEN,VICTORIA GARDEN,2018,Jul,4th week,0.0
VICTORIA GARDEN,VICTORIA GARDEN,2018,Aug,4th week,15.0
VICTORIA GARDEN,VICTORIA GARDEN,2018,Sep,4th week,4.5
VICTORIA GARDEN,VICTORIA GARDEN,2018,Oct,4th week,35.8
VICTORIA GARDEN,VICTORIA GARDEN,2018,Nov,4th week,44.6
VICTORIA GARDEN,VICTORIA GARDEN,2018,Dec,4th week,0.5
Matangatuani,Matangatuani,2023,Jan,1st week,5.6
Matangatuani,Matangatuani,2023,Feb,1st week,0.0
Matangatuani,Matangatuani,2023,Mar,1st week,0.0
Matangatuani,Matangatuani,2023,Apr,1st week,43.300000000000004
Matangatuani,Matangatuani,2023,May,1st week,122.7
Matangatuani,Matangatuani,2023,Jun,1st week,153.8
Matangatuani,Matangatuani,2023,Jul,1st week,34.199999999999996
Matangatuani,Matangatuani,2023,Aug,1st week,10.4
Matangatuani,Matangatuani,2023,Sep,1st week,0.0
Matangatuani,Matangatuani,2023,Oct,1st week,14.6
Matangatuani,Matangatuani,2023,Nov,1st week,273.20000000000005
Matangatuani,Matangatuani,2023,Dec,1st week,3.4
Matangatuani,Matangatuani,2023,Jan,2nd week,3.5
Matangatuani,Matangatuani,2023,Feb,2nd week,0.0
Matangatuani,Matangatuani,2023,Mar,2nd week,0.0
Matangatuani,Matangatuani,2023,Apr,2nd week,105.6
Matangatuani,Matangatuani,2023,May,2nd week,95.4
Matangatuani,Matangatuani,2023,Jun,2nd week,36.8
Matangatuani,Matangatuani,2023,Jul,2nd week,20.3
Matangatuani,Matangatuani,2023,Aug,2nd week,5.5
Matangatuani,Matangatuani,2023,Sep,2nd week,2.3
Matangatuani,Matangatuani,2023,Oct,2nd week,0.0
Matangatuani,Matangatuani,2023,Nov,2nd week,110.60000000000001
Matangatuani,Matangatuani,2023,Dec,2nd week,26.399999999999995
Matangatuani,Matangatuani,2023,Jan,3rd week,1.0
Matangatuani,Matangatuani,2023,Feb,3rd week,0.0
Matangatuani,Matangatuani,2023,Mar,3rd week,130.8
Matangatuani,Matangatuani,2023,Apr,3rd week,212.79999999999998
Matangatuani,Matangatuani,2023,May,3rd week,1.6
Matangatuani,Matangatuani,2023,Jun,3rd week,5.1
Matangatuani,Matangatuani,2023,Jul,3rd week,35.8
Matangatuani,Matangatuani,2023,Aug,3rd week,5.699999999999999
Matangatuani,Matangatuani,2023,Sep,3rd week,1.6
Matangatuani,Matangatuani,2023,Oct,3rd week,68.0
Matangatuani,Matangatuani,2023,Nov,3rd week,176.6
Matangatuani,Matangatuani,2023,Dec,3rd week,34.8
Matangatuani,Matangatuani,2023,Jan,4th week,0.0
Matangatuani,Matangatuani,2023,Feb,4th week,0.0
Matangatuani,Matangatuani,2023,Mar,4th week,74.0
Matangatuani,Matangatuani,2023,Apr,4th week,125.4
Matangatuani,Matangatuani,2023,May,4th week,35.1
Matangatuani,Matangatuani,2023,Jun,4th week,9.7
Matangatuani,Matangatuani,2023,Jul,4th week,9.2
Matangatuani,Matangatuani,2023,Aug,4th week,3.8
Matangatuani,Matangatuani,2023,Sep,4th week,35.4
Matangatuani,Matangatuani,2023,Oct,4th week,59.1
Matangatuani,Matangatuani,2023,Nov,4th week,208.89999999999998
Matangatuani,Matangatuani,2023,Dec,4th week,1.3
Matangatuani,Matangatuani,2022,Jan,1st week,0.0
Matangatuani,Matangatuani,2022,Feb,1st week,0.0
Matangatuani,Matangatuani,2022,Mar,1st week,0.0
Matangatuani,Matangatuani,2022,Apr,1st week,54.9
Matangatuani,Matangatuani,2022,May,1st week,135.7
Matangatuani,Matangatuani,2022,Jun,1st week,58.0
Matangatuani,Matangatuani,2022,Jul,1st week,34.6
Matangatuani,Matangatuani,2022,Aug,1st week,0.0
Matangatuani,Matangatuani,2022,Sep,1st week,0.0
Matangatuani,Matangatuani,2022,Oct,1st week,1.5
Matangatuani,Matangatuani,2022,Nov,1st week,12.0
Matangatuani,Matangatuani,2022,Dec,1st week,0.0
Matangatuani,Matangatuani,2022,Jan,2nd week,0.0
Matangatuani,Matangatuani,2022,Feb,2nd week,0.0
Matangatuani,Matangatuani,2022,Mar,2nd week,0.0
Matangatuani,Matangatuani,2022,Apr,2nd week,12.5
Matangatuani,Matangatuani,2022,May,2nd week,8.3
Matangatuani,Matangatuani,2022,Jun,2nd week,24.4
Matangatuani,Matangatuani,2022,Jul,2nd week,49.9
Matangatuani,Matangatuani,2022,Aug,2nd week,7.5
Matangatuani,Matangatuani,2022,Sep,2nd week,0.0
Matangatuani,Matangatuani,2022,Oct,2nd week,2.0
Matangatuani,Matangatuani,2022,Nov,2nd week,34.7
Matangatuani,Matangatuani,2022,Dec,2nd week,23.8
Matangatuani,Matangatuani,2022,Jan,3rd week,27.0
Matangatuani,Matangatuani,2022,Feb,3rd week,30.5
Matangatuani,Matangatuani,2022,Mar,3rd week,0.0
Matangatuani,Matangatuani,2022,Apr,3rd week,260.4
Matangatuani,Matangatuani,2022,May,3rd week,55.1
Matangatuani,Matangatuani,2022,Jun,3rd week,21.7
Matangatuani,Matangatuani,2022,Jul,3rd week,10.1
Matangatuani,Matangatuani,2022,Aug,3rd week,3.0
Matangatuani,Matangatuani,2022,Sep,3rd week,1.0
Matangatuani,Matangatuani,2022,Oct,3rd week,16.1
Matangatuani,Matangatuani,2022,Nov,3rd week,44.9
Matangatuani,Matangatuani,2022,Dec,3rd week,9.8
Matangatuani,Matangatuani,2022,Jan,4th week,0.0
Matangatuani,Matangatuani,2022,Feb,4th week,0.5
Matangatuani,Matangatuani,2022,Mar,4th week,43.599999999999994
Matangatuani,Matangatuani,2022,Apr,4th week,154.5
Matangatuani,Matangatuani,2022,May,4th week,12.5
Matangatuani,Matangatuani,2022,Jun,4th week,16.7
Matangatuani,Matangatuani,2022,Jul,4th week,0.0
Matangatuani,Matangatuani,2022,Aug,4th week,11.1
Matangatuani,Matangatuani,2022,Sep,4th week,26.9
Matangatuani,Matangatuani,2022,Oct,4th week,13.0
Matangatuani,Matangatuani,2022,Nov,4th week,20.4
Matangatuani,Matangatuani,2022,Dec,4th week,3.7
Matangatuani,Matangatuani,2021,Jan,1st week,0.0
Matangatuani,Matangatuani,2021,Feb,1st week,0.0
Matangatuani,Matangatuani,2021,Mar,1st week,6.8
Matangatuani,Matangatuani,2021,Apr,1st week,72.8
Matangatuani,Matangatuani,2021,May,1st week,367.4
Matangatuani,Matangatuani,2021,Jun,1st week,13.399999999999999
Matangatuani,Matangatuani,2021,Jul,1st week,8.5
Matangatuani,Matangatuani,2021,Aug,1st week,25.5
Matangatuani,Matangatuani,2021,Sep,1st week,0.0
Matangatuani,Matangatuani,2021,Oct,1st week,1.6
Matangatuani,Matangatuani,2021,Nov,1st week,67.89999999999999
Matangatuani,Matangatuani,2021,Dec,1st week,56.5
Matangatuani,Matangatuani,2021,Jan,2nd week,0.0
Matangatuani,Matangatuani,2021,Feb,2nd week,0.0
Matangatuani,Matangatuani,2021,Mar,2nd week,0.0
Matangatuani,Matangatuani,2021,Apr,2nd week,77.2
Matangatuani,Matangatuani,2021,May,2nd week,336.0
Matangatuani,Matangatuani,2021,Jun,2nd week,14.0
Matangatuani,Matangatuani,2021,Jul,2nd week,4.4
Matangatuani,Matangatuani,2021,Aug,2nd week,1.0
Matangatuani,Matangatuani,2021,Sep,2nd week,3.3
Matangatuani,Matangatuani,2021,Oct,2nd week,0.0
Matangatuani,Matangatuani,2021,Nov,2nd week,4.2
Matangatuani,Matangatuani,2021,Dec,2nd week,103.19999999999999
Matangatuani,Matangatuani,2021,Jan,3rd week,0.0
Matangatuani,Matangatuani,2021,Feb,3rd week,0.0
Matangatuani,Matangatuani,2021,Mar,3rd week,30.299999999999997
Matangatuani,Matangatuani,2021,Apr,3rd week,92.3
Matangatuani,Matangatuani,2021,May,3rd week,138.9
Matangatuani,Matangatuani,2021,Jun,3rd week,32.5
Matangatuani,Matangatuani,2021,Jul,3rd week,0.0
Matangatuani,Matangatuani,2021,Aug,3rd week,13.5
Matangatuani,Matangatuani,2021,Sep,3rd week,13.0
Matangatuani,Matangatuani,2021,Oct,3rd week,0.0
Matangatuani,Matangatuani,2021,Nov,3rd week,15.0
Matangatuani,Matangatuani,2021,Dec,3rd week,2.0
Matangatuani,Matangatuani,2021,Jan,4th week,10.5
Matangatuani,Matangatuani,2021,Feb,4th week,35.8
Matangatuani,Matangatuani,2021,Mar,4th week,89.9
Matangatuani,Matangatuani,2021,Apr,4th week,88.5
Matangatuani,Matangatuani,2021,May,4th week,156.89999999999998
Matangatuani,Matangatuani,2021,Jun,4th week,43.3
Matangatuani,Matangatuani,2021,Jul,4th week,0.0
Matangatuani,Matangatuani,2021,Aug,4th week,0.0
Matangatuani,Matangatuani,2021,Sep,4th week,0.0
Matangatuani,Matangatuani,2021,Oct,4th week,116.9
Matangatuani,Matangatuani,2021,Nov,4th week,31.800000000000004
Matangatuani,Matangatuani,2021,Dec,4th week,0.0
Matangatuani,Matangatuani,2020,Jan,1st week,17.5
Matangatuani,Matangatuani,2020,Feb,1st week,0.0
Matangatuani,Matangatuani,2020,Mar,1st week,0.0
Matangatuani,Matangatuani,2020,Apr,1st week,61.1
Matangatuani,Matangatuani,2020,May,1st week,76.7
Matangatuani,Matangatuani,2020,Jun,1st week,7.9
Matangatuani,Matangatuani,2020,Jul,1st week,7.2
Matangatuani,Matangatuani,2020,Aug,1st week,28.0
Matangatuani,Matangatuani,2020,Sep,1st week,0.0
Matangatuani,Matangatuani,2020,Oct,1st week,40.9
Matangatuani,Matangatuani,2020,Nov,1st week,16.6
Matangatuani,Matangatuani,2020,Dec,1st week,77.4
Matangatuani,Matangatuani,2020,Jan,2nd week,0.0
Matangatuani,Matangatuani,2020,Feb,2nd week,11.7
Matangatuani,Matangatuani,2020,Mar,2nd week,0.0
Matangatuani,Matangatuani,2020,Apr,2nd week,88.8
Matangatuani,Matangatuani,2020,May,2nd week,220.0
Matangatuani,Matangatuani,2020,Jun,2nd week,1.5
Matangatuani,Matangatuani,2020,Jul,2nd week,0.0
Matangatuani,Matangatuani,2020,Aug,2nd week,0.0
Matangatuani,Matangatuani,2020,Sep,2nd week,30.0
Matangatuani,Matangatuani,2020,Oct,2nd week,151.9
Matangatuani,Matangatuani,2020,Nov,2nd week,83.4
Matangatuani,Matangatuani,2020,Dec,2nd week,6.5
Matangatuani,Matangatuani,2020,Jan,3rd week,0.0
Matangatuani,Matangatuani,2020,Feb,3rd week,0.0
Matangatuani,Matangatuani,2020,Mar,3rd week,0.0
Matangatuani,Matangatuani,2020,Apr,3rd week,58.2
Matangatuani,Matangatuani,2020,May,3rd week,99.0
Matangatuani,Matangatuani,2020,Jun,3rd week,13.4
Matangatuani,Matangatuani,2020,Jul,3rd week,31.7
Matangatuani,Matangatuani,2020,Aug,3rd week,0.0
Matangatuani,Matangatuani,2020,Sep,3rd week,0.0
Matangatuani,Matangatuani,2020,Oct,3rd week,64.3
Matangatuani,Matangatuani,2020,Nov,3rd week,16.7
Matangatuani,Matangatuani,2020,Dec,3rd week,48.0
Matangatuani,Matangatuani,2020,Jan,4th week,0.0
Matangatuani,Matangatuani,2020,Feb,4th week,41.3
Matangatuani,Matangatuani,2020,Mar,4th week,1.0
Matangatuani,Matangatuani,2020,Apr,4th week,54.3
Matangatuani,Matangatuani,2020,May,4th week,398.5
Matangatuani,Matangatuani,2020,Jun,4th week,0.0
Matangatuani,Matangatuani,2020,Jul,4th week,0.0
Matangatuani,Matangatuani,2020,Aug,4th week,14.8
Matangatuani,Matangatuani,2020,Sep,4th week,18.0
Matangatuani,Matangatuani,2020,Oct,4th week,93.5
Matangatuani,Matangatuani,2020,Nov,4th week,67.1
Matangatuani,Matangatuani,2020,Dec,4th week,0.0
Matangatuani,Matangatuani,2019,Jan,1st week,0.0
Matangatuani,Matangatuani,2019,Feb,1st week,0.0
Matangatuani,Matangatuani,2019,Mar,1st week,0.0
Matangatuani,Matangatuani,2019,Apr,1st week,36.2
Matangatuani,Matangatuani,2019,May,1st week,37.1
Matangatuani,Matangatuani,2019,Jun,1st week,17.0
Matangatuani,Matangatuani,2019,Jul,1st week,29.1
Matangatuani,Matangatuani,2019,Aug,1st week,0.0
Matangatuani,Matangatuani,2019,Sep,1st week,1.6
Matangatuani,Matangatuani,2019,Oct,1st week,3.3
Matangatuani,Matangatuani,2019,Nov,1st week,10.2
Matangatuani,Matangatuani,2019,Dec,1st week,27.700000000000003
Matangatuani,Matangatuani,2019,Jan,2nd week,0.0
Matangatuani,Matangatuani,2019,Feb,2nd week,0.0
Matangatuani,Matangatuani,2019,Mar,2nd week,0.0
Matangatuani,Matangatuani,2019,Apr,2nd week,45.2
Matangatuani,Matangatuani,2019,May,2nd week,147.79999999999998
Matangatuani,Matangatuani,2019,Jun,2nd week,0.0
Matangatuani,Matangatuani,2019,Jul,2nd week,9.1
Matangatuani,Matangatuani,2019,Aug,2nd week,14.799999999999999
Matangatuani,Matangatuani,2019,Sep,2nd week,2.3
Matangatuani,Matangatuani,2019,Oct,2nd week,52.2
Matangatuani,Matangatuani,2019,Nov,2nd week,23.1
Matangatuani,Matangatuani,2019,Dec,2nd week,62.3
Matangatuani,Matangatuani,2019,Jan,3rd week,0.0
Matangatuani,Matangatuani,2019,Feb,3rd week,0.0
Matangatuani,Matangatuani,2019,Mar,3rd week,0.0
Matangatuani,Matangatuani,2019,Apr,3rd week,63.400000000000006
Matangatuani,Matangatuani,2019,May,3rd week,36.1
Matangatuani,Matangatuani,2019,Jun,3rd week,21.1
Matangatuani,Matangatuani,2019,Jul,3rd week,2.1
Matangatuani,Matangatuani,2019,Aug,3rd week,47.00000000000001
Matangatuani,Matangatuani,2019,Sep,3rd week,0.3
Matangatuani,Matangatuani,2019,Oct,3rd week,1.1
Matangatuani,Matangatuani,2019,Nov,3rd week,7.199999999999999
Matangatuani,Matangatuani,2019,Dec,3rd week,18.299999999999997
Matangatuani,Matangatuani,2019,Jan,4th week,0.0
Matangatuani,Matangatuani,2019,Feb,4th week,6.3
Matangatuani,Matangatuani,2019,Mar,4th week,44.5
Matangatuani,Matangatuani,2019,Apr,4th week,68.6
Matangatuani,Matangatuani,2019,May,4th week,11.2
Matangatuani,Matangatuani,2019,Jun,4th week,1.0
Matangatuani,Matangatuani,2019,Jul,4th week,1.4
Matangatuani,Matangatuani,2019,Aug,4th week,0.5
Matangatuani,Matangatuani,2019,Sep,4th week,7.7
Matangatuani,Matangatuani,2019,Oct,4th week,2.2
Matangatuani,Matangatuani,2019,Nov,4th week,50.4
Matangatuani,Matangatuani,2019,Dec,4th week,67.5
Matangatuani,Matangatuani,2018,Jan,1st week,6.1
Matangatuani,Matangatuani,2018,Feb,1st week,0.0
Matangatuani,Matangatuani,2018,Mar,1st week,85.5
Matangatuani,Matangatuani,2018,Apr,1st week,85.5
Matangatuani,Matangatuani,2018,May,1st week,186.29999999999998
Matangatuani,Matangatuani,2018,Jun,1st week,8.5
Matangatuani,Matangatuani,2018,Jul,1st week,14.899999999999999
Matangatuani,Matangatuani,2018,Aug,1st week,7.2
Matangatuani,Matangatuani,2018,Sep,1st week,8.2
Matangatuani,Matangatuani,2018,Oct,1st week,0.0
Matangatuani,Matangatuani,2018,Nov,1st week,41.5
Matangatuani,Matangatuani,2018,Dec,1st week,0.0
Matangatuani,Matangatuani,2018,Jan,2nd week,3.6
Matangatuani,Matangatuani,2018,Feb,2nd week,28.0
Matangatuani,Matangatuani,2018,Mar,2nd week,1.4
Matangatuani,Matangatuani,2018,Apr,2nd week,130.6
Matangatuani,Matangatuani,2018,May,2nd week,87.7
Matangatuani,Matangatuani,2018,Jun,2nd week,59.4
Matangatuani,Matangatuani,2018,Jul,2nd week,2.8
Matangatuani,Matangatuani,2018,Aug,2nd week,5.4
Matangatuani,Matangatuani,2018,Sep,2nd week,6.1
Matangatuani,Matangatuani,2018,Oct,2nd week,0.0
Matangatuani,Matangatuani,2018,Nov,2nd week,19.3
Matangatuani,Matangatuani,2018,Dec,2nd week,0.0
Matangatuani,Matangatuani,2018,Jan,3rd week,0.0
Matangatuani,Matangatuani,2018,Feb,3rd week,0.8
Matangatuani,Matangatuani,2018,Mar,3rd week,28.1
Matangatuani,Matangatuani,2018,Apr,3rd week,104.5
Matangatuani,Matangatuani,2018,May,3rd week,117.9
Matangatuani,Matangatuani,2018,Jun,3rd week,50.300000000000004
Matangatuani,Matangatuani,2018,Jul,3rd week,25.1
Matangatuani,Matangatuani,2018,Aug,3rd week,3.5
Matangatuani,Matangatuani,2018,Sep,3rd week,3.5
Matangatuani,Matangatuani,2018,Oct,3rd week,4.7
Matangatuani,Matangatuani,2018,Nov,3rd week,13.5
Matangatuani,Matangatuani,2018,Dec,3rd week,7.0
Matangatuani,Matangatuani,2018,Jan,4th week,0.0
Matangatuani,Matangatuani,2018,Feb,4th week,28.9
Matangatuani,Matangatuani,2018,Mar,4th week,78.9
Matangatuani,Matangatuani,2018,Apr,4th week,132.0
Matangatuani,Matangatuani,2018,May,4th week,217.40000000000003
Matangatuani,Matangatuani,2018,Jun,4th week,13.2
Matangatuani,Matangatuani,2018,Jul,4th week,8.8
Matangatuani,Matangatuani,2018,Aug,4th week,3.5
Matangatuani,Matangatuani,2018,Sep,4th week,0.9
Matangatuani,Matangatuani,2018,Oct,4th week,30.0
Matangatuani,Matangatuani,2018,Nov,4th week,0.0
Matangatuani,Matangatuani,2018,Dec,4th week,3.8
Mahonda,Mahonda,2023,Jan,1st week,0.0
Mahonda,Mahonda,2023,Feb,1st week,0.0
Mahonda,Mahonda,2023,Mar,1st week,0.0
Mahonda,Mahonda,2023,Apr,1st week,33.1
Mahonda,Mahonda,2023,May,1st week,21.7
Mahonda,Mahonda,2023,Jun,1st week,56.3
Mahonda,Mahonda,2023,Jul,1st week,13.4
Mahonda,Mahonda,2023,Aug,1st week,9.5
Mahonda,Mahonda,2023,Sep,1st week,19.3
Mahonda,Mahonda,2023,Oct,1st week,26.8
Mahonda,Mahonda,2023,Nov,1st week,302.2
Mahonda,Mahonda,2023,Dec,1st week,23.900000000000002
Mahonda,Mahonda,2023,Jan,2nd week,0.0
Mahonda,Mahonda,2023,Feb,2nd week,2.1
Mahonda,Mahonda,2023,Mar,2nd week,0.0
Mahonda,Mahonda,2023,Apr,2nd week,42.6
Mahonda,Mahonda,2023,May,2nd week,88.3
Mahonda,Mahonda,2023,Jun,2nd week,2.8
Mahonda,Mahonda,2023,Jul,2nd week,0.0
Mahonda,Mahonda,2023,Aug,2nd week,7.3
Mahonda,Mahonda,2023,Sep,2nd week,7.7
Mahonda,Mahonda,2023,Oct,2nd week,0.0
Mahonda,Mahonda,2023,Nov,2nd week,126.7
Mahonda,Mahonda,2023,Dec,2nd week,56.5
Mahonda,Mahonda,2023,Jan,3rd week,2.5
Mahonda,Mahonda,2023,Feb,3rd week,0.0
Mahonda,Mahonda,2023,Mar,3rd week,93.8
Mahonda,Mahonda,2023,Apr,3rd week,104.2
Mahonda,Mahonda,2023,May,3rd week,3.7
Mahonda,Mahonda,2023,Jun,3rd week,5.9
Mahonda,Mahonda,2023,Jul,3rd week,0.0
Mahonda,Mahonda,2023,Aug,3rd week,3.6999999999999997
Mahonda,Mahonda,2023,Sep,3rd week,18.2
Mahonda,Mahonda,2023,Oct,3rd week,0.0
Mahonda,Mahonda,2023,Nov,3rd week,82.6
Mahonda,Mahonda,2023,Dec,3rd week,51.4
Mahonda,Mahonda,2023,Jan,4th week,5.1
Mahonda,Mahonda,2023,Feb,4th week,0.0
Mahonda,Mahonda,2023,Mar,4th week,8.3
Mahonda,Mahonda,2023,Apr,4th week,109.8
Mahonda,Mahonda,2023,May,4th week,43.8
Mahonda,Mahonda,2023,Jun,4th week,0.0
Mahonda,Mahonda,2023,Jul,4th week,29.3
Mahonda,Mahonda,2023,Aug,4th week,9.3
Mahonda,Mahonda,2023,Sep,4th week,27.8
Mahonda,Mahonda,2023,Oct,4th week,66.9
Mahonda,Mahonda,2023,Nov,4th week,57.3
Mahonda,Mahonda,2023,Dec,4th week,12.0
Mahonda,Mahonda,2022,Jan,1st week,0.0
Mahonda,Mahonda,2022,Feb,1st week,64.5
Mahonda,Mahonda,2022,Mar,1st week,0.0
Mahonda,Mahonda,2022,Apr,1st week,22.3
Mahonda,Mahonda,2022,May,1st week,32.3
Mahonda,Mahonda,2022,Jun,1st week,31.5
Mahonda,Mahonda,2022,Jul,1st week,2.8
Mahonda,Mahonda,2022,Aug,1st week,0.0
Mahonda,Mahonda,2022,Sep,1st week,1.2
Mahonda,Mahonda,2022,Oct,1st week,1.9
Mahonda,Mahonda,2022,Nov,1st week,28.0
Mahonda,Mahonda,2022,Dec,1st week,0.0
Mahonda,Mahonda,2022,Jan,2nd week,0.0
Mahonda,Mahonda,2022,Feb,2nd week,4.5
Mahonda,Mahonda,2022,Mar,2nd week,0.0
Mahonda,Mahonda,2022,Apr,2nd week,45.3
Mahonda,Mahonda,2022,May,2nd week,0.0
Mahonda,Mahonda,2022,Jun,2nd week,0.0
Mahonda,Mahonda,2022,Jul,2nd week,13.599999999999998
Mahonda,Mahonda,2022,Aug,2nd week,18.400000000000002
Mahonda,Mahonda,2022,Sep,2nd week,6.0
Mahonda,Mahonda,2022,Oct,2nd week,3.9
Mahonda,Mahonda,2022,Nov,2nd week,0.0
Mahonda,Mahonda,2022,Dec,2nd week,2.4
Mahonda,Mahonda,2022,Jan,3rd week,82.5
Mahonda,Mahonda,2022,Feb,3rd week,52.0
Mahonda,Mahonda,2022,Mar,3rd week,0.0
Mahonda,Mahonda,2022,Apr,3rd week,91.1
Mahonda,Mahonda,2022,May,3rd week,3.7
Mahonda,Mahonda,2022,Jun,3rd week,0.0
Mahonda,Mahonda,2022,Jul,3rd week,16.8
Mahonda,Mahonda,2022,Aug,3rd week,2.3
Mahonda,Mahonda,2022,Sep,3rd week,4.6
Mahonda,Mahonda,2022,Oct,3rd week,7.300000000000001
Mahonda,Mahonda,2022,Nov,3rd week,26.3
Mahonda,Mahonda,2022,Dec,3rd week,26.599999999999998
Mahonda,Mahonda,2022,Jan,4th week,23.9
Mahonda,Mahonda,2022,Feb,4th week,14.8
Mahonda,Mahonda,2022,Mar,4th week,24.700000000000003
Mahonda,Mahonda,2022,Apr,4th week,146.00000000000003
Mahonda,Mahonda,2022,May,4th week,7.0
Mahonda,Mahonda,2022,Jun,4th week,18.8
Mahonda,Mahonda,2022,Jul,4th week,8.3
Mahonda,Mahonda,2022,Aug,4th week,7.4
Mahonda,Mahonda,2022,Sep,4th week,7.3
Mahonda,Mahonda,2022,Oct,4th week,2.5
Mahonda,Mahonda,2022,Nov,4th week,39.0
Mahonda,Mahonda,2022,Dec,4th week,67.7
Mahonda,Mahonda,2021,Jan,1st week,14.0
Mahonda,Mahonda,2021,Feb,1st week,0.0
Mahonda,Mahonda,2021,Mar,1st week,0.0
Mahonda,Mahonda,2021,Apr,1st week,23.599999999999998
Mahonda,Mahonda,2021,May,1st week,75.0
Mahonda,Mahonda,2021,Jun,1st week,16.6
Mahonda,Mahonda,2021,Jul,1st week,1.6
Mahonda,Mahonda,2021,Aug,1st week,5.9
Mahonda,Mahonda,2021,Sep,1st week,0.0
Mahonda,Mahonda,2021,Oct,1st week,2.2
Mahonda,Mahonda,2021,Nov,1st week,3.4
Mahonda,Mahonda,2021,Dec,1st week,93.6
Mahonda,Mahonda,2021,Jan,2nd week,11.2
Mahonda,Mahonda,2021,Feb,2nd week,4.5
Mahonda,Mahonda,2021,Mar,2nd week,0.0
Mahonda,Mahonda,2021,Apr,2nd week,48.800000000000004
Mahonda,Mahonda,2021,May,2nd week,0.0
Mahonda,Mahonda,2021,Jun,2nd week,0.0
Mahonda,Mahonda,2021,Jul,2nd week,17.2
Mahonda,Mahonda,2021,Aug,2nd week,0.0
Mahonda,Mahonda,2021,Sep,2nd week,30.900000000000002
Mahonda,Mahonda,2021,Oct,2nd week,0.0
Mahonda,Mahonda,2021,Nov,2nd week,0.0
Mahonda,Mahonda,2021,Dec,2nd week,60.2
Mahonda,Mahonda,2021,Jan,3rd week,0.0
Mahonda,Mahonda,2021,Feb,3rd week,0.0
Mahonda,Mahonda,2021,Mar,3rd week,15.1
Mahonda,Mahonda,2021,Apr,3rd week,83.9
Mahonda,Mahonda,2021,May,3rd week,0.0
Mahonda,Mahonda,2021,Jun,3rd week,4.4
Mahonda,Mahonda,2021,Jul,3rd week,2.0
Mahonda,Mahonda,2021,Aug,3rd week,40.900000000000006
Mahonda,Mahonda,2021,Sep,3rd week,1.2
Mahonda,Mahonda,2021,Oct,3rd week,22.7
Mahonda,Mahonda,2021,Nov,3rd week,5.4
Mahonda,Mahonda,2021,Dec,3rd week,25.799999999999997
Mahonda,Mahonda,2021,Jan,4th week,0.0
Mahonda,Mahonda,2021,Feb,4th week,9.6
Mahonda,Mahonda,2021,Mar,4th week,41.8
Mahonda,Mahonda,2021,Apr,4th week,62.7
Mahonda,Mahonda,2021,May,4th week,0.0
Mahonda,Mahonda,2021,Jun,4th week,13.6
Mahonda,Mahonda,2021,Jul,4th week,4.8
Mahonda,Mahonda,2021,Aug,4th week,9.6
Mahonda,Mahonda,2021,Sep,4th week,24.2
Mahonda,Mahonda,2021,Oct,4th week,5.0
Mahonda,Mahonda,2021,Nov,4th week,0.0
Mahonda,Mahonda,2021,Dec,4th week,70.2
Mahonda,Mahonda,2020,Jan,1st week,0.0
Mahonda,Mahonda,2020,Feb,1st week,2.6
Mahonda,Mahonda,2020,Mar,1st week,29.8
Mahonda,Mahonda,2020,Apr,1st week,62.099999999999994
Mahonda,Mahonda,2020,May,1st week,98.10000000000001
Mahonda,Mahonda,2020,Jun,1st week,0.0
Mahonda,Mahonda,2020,Jul,1st week,0.0
Mahonda,Mahonda,2020,Aug,1st week,2.3
Mahonda,Mahonda,2020,Sep,1st week,31.0
Mahonda,Mahonda,2020,Oct,1st week,0.0
Mahonda,Mahonda,2020,Nov,1st week,170.8
Mahonda,Mahonda,2020,Dec,1st week,51.5
Mahonda,Mahonda,2020,Jan,2nd week,42.5
Mahonda,Mahonda,2020,Feb,2nd week,9.7
Mahonda,Mahonda,2020,Mar,2nd week,45.9
Mahonda,Mahonda,2020,Apr,2nd week,223.2
Mahonda,Mahonda,2020,May,2nd week,0.0
Mahonda,Mahonda,2020,Jun,2nd week,2.3
Mahonda,Mahonda,2020,Jul,2nd week,18.299999999999997
Mahonda,Mahonda,2020,Aug,2nd week,0.0
Mahonda,Mahonda,2020,Sep,2nd week,13.0
Mahonda,Mahonda,2020,Oct,2nd week,5.0
Mahonda,Mahonda,2020,Nov,2nd week,176.4
Mahonda,Mahonda,2020,Dec,2nd week,0.0
Mahonda,Mahonda,2020,Jan,3rd week,188.3
Mahonda,Mahonda,2020,Feb,3rd week,16.4
Mahonda,Mahonda,2020,Mar,3rd week,18.1
Mahonda,Mahonda,2020,Apr,3rd week,384.4
Mahonda,Mahonda,2020,May,3rd week,38.300000000000004
Mahonda,Mahonda,2020,Jun,3rd week,0.0
Mahonda,Mahonda,2020,Jul,3rd week,10.4
Mahonda,Mahonda,2020,Aug,3rd week,34.3
Mahonda,Mahonda,2020,Sep,3rd week,20.1
Mahonda,Mahonda,2020,Oct,3rd week,65.4
Mahonda,Mahonda,2020,Nov,3rd week,30.3
Mahonda,Mahonda,2020,Dec,3rd week,15.9
Mahonda,Mahonda,2020,Jan,4th week,36.1
Mahonda,Mahonda,2020,Feb,4th week,0.0
Mahonda,Mahonda,2020,Mar,4th week,41.5
Mahonda,Mahonda,2020,Apr,4th week,210.5
Mahonda,Mahonda,2020,May,4th week,0.0
Mahonda,Mahonda,2020,Jun,4th week,3.1
Mahonda,Mahonda,2020,Jul,4th week,1.5
Mahonda,Mahonda,2020,Aug,4th week,7.5
Mahonda,Mahonda,2020,Sep,4th week,24.0
Mahonda,Mahonda,2020,Oct,4th week,36.3
Mahonda,Mahonda,2020,Nov,4th week,121.2
Mahonda,Mahonda,2020,Dec,4th week,7.7
Mahonda,Mahonda,2019,Jan,1st week,21.7
Mahonda,Mahonda,2019,Feb,1st week,13.6
Mahonda,Mahonda,2019,Mar,1st week,8.4
Mahonda,Mahonda,2019,Apr,1st week,29.7
Mahonda,Mahonda,2019,May,1st week,259.7
Mahonda,Mahonda,2019,Jun,1st week,0.0
Mahonda,Mahonda,2019,Jul,1st week,0.0
Mahonda,Mahonda,2019,Aug,1st week,0.0
Mahonda,Mahonda,2019,Sep,1st week,2.0
Mahonda,Mahonda,2019,Oct,1st week,99.5
Mahonda,Mahonda,2019,Nov,1st week,117.69999999999999
Mahonda,Mahonda,2019,Dec,1st week,73.5
Mahonda,Mahonda,2019,Jan,2nd week,0.0
Mahonda,Mahonda,2019,Feb,2nd week,0.0
Mahonda,Mahonda,2019,Mar,2nd week,0.0
Mahonda,Mahonda,2019,Apr,2nd week,40.4
Mahonda,Mahonda,2019,May,2nd week,226.29999999999998
Mahonda,Mahonda,2019,Jun,2nd week,3.1
Mahonda,Mahonda,2019,Jul,2nd week,0.0
Mahonda,Mahonda,2019,Aug,2nd week,20.0
Mahonda,Mahonda,2019,Sep,2nd week,21.1
Mahonda,Mahonda,2019,Oct,2nd week,177.2
Mahonda,Mahonda,2019,Nov,2nd week,41.800000000000004
Mahonda,Mahonda,2019,Dec,2nd week,3.3
Mahonda,Mahonda,2019,Jan,3rd week,22.0
Mahonda,Mahonda,2019,Feb,3rd week,42.0
Mahonda,Mahonda,2019,Mar,3rd week,0.0
Mahonda,Mahonda,2019,Apr,3rd week,4.0
Mahonda,Mahonda,2019,May,3rd week,98.0
Mahonda,Mahonda,2019,Jun,3rd week,0.0
Mahonda,Mahonda,2019,Jul,3rd week,15.8
Mahonda,Mahonda,2019,Aug,3rd week,7.0
Mahonda,Mahonda,2019,Sep,3rd week,31.3
Mahonda,Mahonda,2019,Oct,3rd week,98.4
Mahonda,Mahonda,2019,Nov,3rd week,82.0
Mahonda,Mahonda,2019,Dec,3rd week,94.0
Mahonda,Mahonda,2019,Jan,4th week,7.0
Mahonda,Mahonda,2019,Feb,4th week,10.0
Mahonda,Mahonda,2019,Mar,4th week,39.0
Mahonda,Mahonda,2019,Apr,4th week,0.0
Mahonda,Mahonda,2019,May,4th week,0.0
Mahonda,Mahonda,2019,Jun,4th week,0.0
Mahonda,Mahonda,2019,Jul,4th week,0.0
Mahonda,Mahonda,2019,Aug,4th week,0.0
Mahonda,Mahonda,2019,Sep,4th week,20.9
Mahonda,Mahonda,2019,Oct,4th week,74.6
Mahonda,Mahonda,2019,Nov,4th week,25.7
Mahonda,Mahonda,2019,Dec,4th week,21.3
Mahonda,Mahonda,2018,Jan,1st week,5.3
Mahonda,Mahonda,2018,Feb,1st week,0.0
Mahonda,Mahonda,2018,Mar,1st week,32.7
Mahonda,Mahonda,2018,Apr,1st week,63.0
Mahonda,Mahonda,2018,May,1st week,205.99999999999997
Mahonda,Mahonda,2018,Jun,1st week,0.0
Mahonda,Mahonda,2018,Jul,1st week,63.8
Mahonda,Mahonda,2018,Aug,1st week,0.0
Mahonda,Mahonda,2018,Sep,1st week,15.2
Mahonda,Mahonda,2018,Oct,1st week,4.3
Mahonda,Mahonda,2018,Nov,1st week,0.0
Mahonda,Mahonda,2018,Dec,1st week,2.9
Mahonda,Mahonda,2018,Jan,2nd week,0.0
Mahonda,Mahonda,2018,Feb,2nd week,0.0
Mahonda,Mahonda,2018,Mar,2nd week,58.7
Mahonda,Mahonda,2018,Apr,2nd week,75.3
Mahonda,Mahonda,2018,May,2nd week,192.3
Mahonda,Mahonda,2018,Jun,2nd week,22.7
Mahonda,Mahonda,2018,Jul,2nd week,0.0
Mahonda,Mahonda,2018,Aug,2nd week,0.0
Mahonda,Mahonda,2018,Sep,2nd week,11.5
Mahonda,Mahonda,2018,Oct,2nd week,0.0
Mahonda,Mahonda,2018,Nov,2nd week,11.4
Mahonda,Mahonda,2018,Dec,2nd week,35.6
Mahonda,Mahonda,2018,Jan,3rd week,0.0
Mahonda,Mahonda,2018,Feb,3rd week,25.0
Mahonda,Mahonda,2018,Mar,3rd week,92.1
Mahonda,Mahonda,2018,Apr,3rd week,171.5
Mahonda,Mahonda,2018,May,3rd week,72.0
Mahonda,Mahonda,2018,Jun,3rd week,0.0
Mahonda,Mahonda,2018,Jul,3rd week,0.0
Mahonda,Mahonda,2018,Aug,3rd week,5.4
Mahonda,Mahonda,2018,Sep,3rd week,18.6
Mahonda,Mahonda,2018,Oct,3rd week,0.0
Mahonda,Mahonda,2018,Nov,3rd week,47.2
Mahonda,Mahonda,2018,Dec,3rd week,49.1
Mahonda,Mahonda,2018,Jan,4th week,0.0
Mahonda,Mahonda,2018,Feb,4th week,0.0
Mahonda,Mahonda,2018,Mar,4th week,31.9
Mahonda,Mahonda,2018,Apr,4th week,15.4
Mahonda,Mahonda,2018,May,4th week,45.0
Mahonda,Mahonda,2018,Jun,4th week,16.599999999999998
Mahonda,Mahonda,2018,Jul,4th week,0.0
Mahonda,Mahonda,2018,Aug,4th week,2.5
Mahonda,Mahonda,2018,Sep,4th week,41.0
Mahonda,Mahonda,2018,Oct,4th week,59.900000000000006
Mahonda,Mahonda,2018,Nov,4th week,32.4
Mahonda,Mahonda,2018,Dec,4th week,0.0
KIZIMBANI-Zanzibar,KIZIMBANI-Zanzibar,2023,Jan,1st week,0.0
KIZIMBANI-Zanzibar,KIZIMBANI-Zanzibar,2023,Feb,1st week,1.1
KIZIMBANI-Zanzibar,KIZIMBANI-Zanzibar,2023,Mar,1st week,0.0
KIZIMBANI-Zanzibar,KIZIMBANI-Zanzibar,2023,Apr,1st week,73.60000000000001
KIZIMBANI-Zanzibar,KIZIMBANI-Zanzibar,2023,May,1st week,27.6
KIZIMBANI-Zanzibar,KIZIMBANI-Zanzibar,2023,Jun,1st week,97.6
KIZIMBANI-Zanzibar,KIZIMBANI-Zanzibar,2023,Jul,1st week,27.7
KIZIMBANI-Zanzibar,KIZIMBANI-Zanzibar,2023,Aug,1st week,5.5
KIZIMBANI-Zanzibar,KIZIMBANI-Zanzibar,2023,Sep,1st week,0.0
KIZIMBANI-Zanzibar,KIZIMBANI-Zanzibar,2023,Oct,1st week,33.7
KIZIMBANI-Zanzibar,KIZIMBANI-Zanzibar,2023,Nov,1st week,325.1
KIZIMBANI-Zanzibar,KIZIMBANI-Zanzibar,2023,Dec,1st week,48.0
KIZIMBANI-Zanzibar,KIZIMBANI-Zanzibar,2023,Jan,2nd week,65.0
KIZIMBANI-Zanzibar,KIZIMBANI-Zanzibar,2023,Feb,2nd week,4.7
KIZIMBANI-Zanzibar,KIZIMBANI-Zanzibar,2023,Mar,2nd week,0.0
KIZIMBANI-Zanzibar,KIZIMBANI-Zanzibar,2023,Apr,2nd week,65.9
KIZIMBANI-Zanzibar,KIZIMBANI-Zanzibar,2023,May,2nd week,79.69999999999999
KIZIMBANI-Zanzibar,KIZIMBANI-Zanzibar,2023,Jun,2nd week,5.4
KIZIMBANI-Zanzibar,KIZIMBANI-Zanzibar,2023,Jul,2nd week,11.0
KIZIMBANI-Zanzibar,KIZIMBANI-Zanzibar,2023,Aug,2nd week,0.0
KIZIMBANI-Zanzibar,KIZIMBANI-Zanzibar,2023,Sep,2nd week,3.0
KIZIMBANI-Zanzibar,KIZIMBANI-Zanzibar,2023,Oct,2nd week,0.0
KIZIMBANI-Zanzibar,KIZIMBANI-Zanzibar,2023,Nov,2nd week,71.5
KIZIMBANI-Zanzibar,KIZIMBANI-Zanzibar,2023,Dec,2nd week,114.4
KIZIMBANI-Zanzibar,KIZIMBANI-Zanzibar,2023,Jan,3rd week,0.0
KIZIMBANI-Zanzibar,KIZIMBANI-Zanzibar,2023,Feb,3rd week,0.0
KIZIMBANI-Zanzibar,KIZIMBANI-Zanzibar,2023,Mar,3rd week,30.7
KIZIMBANI-Zanzibar,KIZIMBANI-Zanzibar,2023,Apr,3rd week,186.39999999999998
KIZIMBANI-Zanzibar,KIZIMBANI-Zanzibar,2023,May,3rd week,12.200000000000001
KIZIMBANI-Zanzibar,KIZIMBANI-Zanzibar,2023,Jun,3rd week,0.5
KIZIMBANI-Zanzibar,KIZIMBANI-Zanzibar,2023,Jul,3rd week,0.6
KIZIMBANI-Zanzibar,KIZIMBANI-Zanzibar,2023,Aug,3rd week,5.4
KIZIMBANI-Zanzibar,KIZIMBANI-Zanzibar,2023,Sep,3rd week,0.0
KIZIMBANI-Zanzibar,KIZIMBANI-Zanzibar,2023,Oct,3rd week,2.7
KIZIMBANI-Zanzibar,KIZIMBANI-Zanzibar,2023,Nov,3rd week,96.5
KIZIMBANI-Zanzibar,KIZIMBANI-Zanzibar,2023,Dec,3rd week,44.599999999999994
KIZIMBANI-Zanzibar,KIZIMBANI-Zanzibar,2023,Jan,4th week,3.4
KIZIMBANI-Zanzibar,KIZIMBANI-Zanzibar,2023,Feb,4th week,0.0
KIZIMBANI-Zanzibar,KIZIMBANI-Zanzibar,2023,Mar,4th week,10.0
KIZIMBANI-Zanzibar,KIZIMBANI-Zanzibar,2023,Apr,4th week,167.29999999999998
KIZIMBANI-Zanzibar,KIZIMBANI-Zanzibar,2023,May,4th week,19.0
KIZIMBANI-Zanzibar,KIZIMBANI-Zanzibar,2023,Jun,4th week,0.0
KIZIMBANI-Zanzibar,KIZIMBANI-Zanzibar,2023,Jul,4th week,27.599999999999998
KIZIMBANI-Zanzibar,KIZIMBANI-Zanzibar,2023,Aug,4th week,12.7
KIZIMBANI-Zanzibar,KIZIMBANI-Zanzibar,2023,Sep,4th week,18.8
KIZIMBANI-Zanzibar,KIZIMBANI-Zanzibar,2023,Oct,4th week,46.4
KIZIMBANI-Zanzibar,KIZIMBANI-Zanzibar,2023,Nov,4th week,29.6
KIZIMBANI-Zanzibar,KIZIMBANI-Zanzibar,2023,Dec,4th week,18.2
KIZIMBANI-Zanzibar,KIZIMBANI-Zanzibar,2022,Jan,1st week,0.0
KIZIMBANI-Zanzibar,KIZIMBANI-Zanzibar,2022,Feb,1st week,42.8
KIZIMBANI-Zanzibar,KIZIMBANI-Zanzibar,2022,Mar,1st week,0.0
KIZIMBANI-Zanzibar,KIZIMBANI-Zanzibar,2022,Apr,1st week,38.3
KIZIMBANI-Zanzibar,KIZIMBANI-Zanzibar,2022,May,1st week,63.5
KIZIMBANI-Zanzibar,KIZIMBANI-Zanzibar,2022,Jun,1st week,22.0
KIZIMBANI-Zanzibar,KIZIMBANI-Zanzibar,2022,Jul,1st week,12.100000000000001
KIZIMBANI-Zanzibar,KIZIMBANI-Zanzibar,2022,Aug,1st week,6.1
KIZIMBANI-Zanzibar,KIZIMBANI-Zanzibar,2022,Sep,1st week,8.4
KIZIMBANI-Zanzibar,KIZIMBANI-Zanzibar,2022,Oct,1st week,2.8
KIZIMBANI-Zanzibar,KIZIMBANI-Zanzibar,2022,Nov,1st week,11.299999999999999
KIZIMBANI-Zanzibar,KIZIMBANI-Zanzibar,2022,Dec,1st week,1.2
KIZIMBANI-Zanzibar,KIZIMBANI-Zanzibar,2022,Jan,2nd week,0.0
KIZIMBANI-Zanzibar,KIZIMBANI-Zanzibar,2022,Feb,2nd week,0.0
KIZIMBANI-Zanzibar,KIZIMBANI-Zanzibar,2022,Mar,2nd week,0.0
KIZIMBANI-Zanzibar,KIZIMBANI-Zanzibar,2022,Apr,2nd week,41.0
KIZIMBANI-Zanzibar,KIZIMBANI-Zanzibar,2022,May,2nd week,0.0
KIZIMBANI-Zanzibar,KIZIMBANI-Zanzibar,2022,Jun,2nd week,0.0
KIZIMBANI-Zanzibar,KIZIMBANI-Zanzibar,2022,Jul,2nd week,27.4
KIZIMBANI-Zanzibar,KIZIMBANI-Zanzibar,2022,Aug,2nd week,12.4
KIZIMBANI-Zanzibar,KIZIMBANI-Zanzibar,2022,Sep,2nd week,0.0
KIZIMBANI-Zanzibar,KIZIMBANI-Zanzibar,2022,Oct,2nd week,0.0
KIZIMBANI-Zanzibar,KIZIMBANI-Zanzibar,2022,Nov,2nd week,9.9
KIZIMBANI-Zanzibar,KIZIMBANI-Zanzibar,2022,Dec,2nd week,57.400000000000006
KIZIMBANI-Zanzibar,KIZIMBANI-Zanzibar,2022,Jan,3rd week,62.2
KIZIMBANI-Zanzibar,KIZIMBANI-Zanzibar,2022,Feb,3rd week,45.4
KIZIMBANI-Zanzibar,KIZIMBANI-Zanzibar,2022,Mar,3rd week,0.0
KIZIMBANI-Zanzibar,KIZIMBANI-Zanzibar,2022,Apr,3rd week,117.6
KIZIMBANI-Zanzibar,KIZIMBANI-Zanzibar,2022,May,3rd week,15.899999999999999
KIZIMBANI-Zanzibar,KIZIMBANI-Zanzibar,2022,Jun,3rd week,7.5
KIZIMBANI-Zanzibar,KIZIMBANI-Zanzibar,2022,Jul,3rd week,22.799999999999997
KIZIMBANI-Zanzibar,KIZIMBANI-Zanzibar,2022,Aug,3rd week,10.2
KIZIMBANI-Zanzibar,KIZIMBANI-Zanzibar,2022,Sep,3rd week,0.0
KIZIMBANI-Zanzibar,KIZIMBANI-Zanzibar,2022,Oct,3rd week,2.4
KIZIMBANI-Zanzibar,KIZIMBANI-Zanzibar,2022,Nov,3rd week,22.7
KIZIMBANI-Zanzibar,KIZIMBANI-Zanzibar,2022,Dec,3rd week,0.0
KIZIMBANI-Zanzibar,KIZIMBANI-Zanzibar,2022,Jan,4th week,29.7
KIZIMBANI-Zanzibar,KIZIMBANI-Zanzibar,2022,Feb,4th week,3.2
KIZIMBANI-Zanzibar,KIZIMBANI-Zanzibar,2022,Mar,4th week,10.6
KIZIMBANI-Zanzibar,KIZIMBANI-Zanzibar,2022,Apr,4th week,76.60000000000001
KIZIMBANI-Zanzibar,KIZIMBANI-Zanzibar,2022,May,4th week,5.8
KIZIMBANI-Zanzibar,KIZIMBANI-Zanzibar,2022,Jun,4th week,13.1
KIZIMBANI-Zanzibar,KIZIMBANI-Zanzibar,2022,Jul,4th week,32.2
KIZIMBANI-Zanzibar,KIZIMBANI-Zanzibar,2022,Aug,4th week,1.2
KIZIMBANI-Zanzibar,KIZIMBANI-Zanzibar,2022,Sep,4th week,0.0
KIZIMBANI-Zanzibar,KIZIMBANI-Zanzibar,2022,Oct,4th week,0.0
KIZIMBANI-Zanzibar,KIZIMBANI-Zanzibar,2022,Nov,4th week,16.7
KIZIMBANI-Zanzibar,KIZIMBANI-Zanzibar,2022,Dec,4th week,97.10000000000001
KIZIMBANI-Zanzibar,KIZIMBANI-Zanzibar,2021,Jan,1st week,19.7
KIZIMBANI-Zanzibar,KIZIMBANI-Zanzibar,2021,Feb,1st week,0.0
KIZIMBANI-Zanzibar,KIZIMBANI-Zanzibar,2021,Mar,1st week,6.0
KIZIMBANI-Zanzibar,KIZIMBANI-Zanzibar,2021,Apr,1st week,76.30000000000001
KIZIMBANI-Zanzibar,KIZIMBANI-Zanzibar,2021,May,1st week,87.2
KIZIMBANI-Zanzibar,KIZIMBANI-Zanzibar,2021,Jun,1st week,6.8
KIZIMBANI-Zanzibar,KIZIMBANI-Zanzibar,2021,Jul,1st week,2.9000000000000004
KIZIMBANI-Zanzibar,KIZIMBANI-Zanzibar,2021,Aug,1st week,0.0
KIZIMBANI-Zanzibar,KIZIMBANI-Zanzibar,2021,Sep,1st week,8.600000000000001
KIZIMBANI-Zanzibar,KIZIMBANI-Zanzibar,2021,Oct,1st week,6.6
KIZIMBANI-Zanzibar,KIZIMBANI-Zanzibar,2021,Nov,1st week,4.2
KIZIMBANI-Zanzibar,KIZIMBANI-Zanzibar,2021,Dec,1st week,56.4
KIZIMBANI-Zanzibar,KIZIMBANI-Zanzibar,2021,Jan,2nd week,21.2
KIZIMBANI-Zanzibar,KIZIMBANI-Zanzibar,2021,Feb,2nd week,12.1
KIZIMBANI-Zanzibar,KIZIMBANI-Zanzibar,2021,Mar,2nd week,10.8
KIZIMBANI-Zanzibar,KIZIMBANI-Zanzibar,2021,Apr,2nd week,89.6
KIZIMBANI-Zanzibar,KIZIMBANI-Zanzibar,2021,May,2nd week,0.0
KIZIMBANI-Zanzibar,KIZIMBANI-Zanzibar,2021,Jun,2nd week,4.4
KIZIMBANI-Zanzibar,KIZIMBANI-Zanzibar,2021,Jul,2nd week,24.7
KIZIMBANI-Zanzibar,KIZIMBANI-Zanzibar,2021,Aug,2nd week,0.0
KIZIMBANI-Zanzibar,KIZIMBANI-Zanzibar,2021,Sep,2nd week,14.8
KIZIMBANI-Zanzibar,KIZIMBANI-Zanzibar,2021,Oct,2nd week,5.7
KIZIMBANI-Zanzibar,KIZIMBANI-Zanzibar,2021,Nov,2nd week,2.6
KIZIMBANI-Zanzibar,KIZIMBANI-Zanzibar,2021,Dec,2nd week,142.7
KIZIMBANI-Zanzibar,KIZIMBANI-Zanzibar,2021,Jan,3rd week,0.0
KIZIMBANI-Zanzibar,KIZIMBANI-Zanzibar,2021,Feb,3rd week,2.4
KIZIMBANI-Zanzibar,KIZIMBANI-Zanzibar,2021,Mar,3rd week,106.3
KIZIMBANI-Zanzibar,KIZIMBANI-Zanzibar,2021,Apr,3rd week,70.4
KIZIMBANI-Zanzibar,KIZIMBANI-Zanzibar,2021,May,3rd week,12.6
KIZIMBANI-Zanzibar,KIZIMBANI-Zanzibar,2021,Jun,3rd week,21.7
KIZIMBANI-Zanzibar,KIZIMBANI-Zanzibar,2021,Jul,3rd week,10.1
KIZIMBANI-Zanzibar,KIZIMBANI-Zanzibar,2021,Aug,3rd week,8.5
KIZIMBANI-Zanzibar,KIZIMBANI-Zanzibar,2021,Sep,3rd week,5.6
KIZIMBANI-Zanzibar,KIZIMBANI-Zanzibar,2021,Oct,3rd week,1.0
KIZIMBANI-Zanzibar,KIZIMBANI-Zanzibar,2021,Nov,3rd week,8.1
KIZIMBANI-Zanzibar,KIZIMBANI-Zanzibar,2021,Dec,3rd week,11.3
KIZIMBANI-Zanzibar,KIZIMBANI-Zanzibar,2021,Jan,4th week,1.1
KIZIMBANI-Zanzibar,KIZIMBANI-Zanzibar,2021,Feb,4th week,2.2
KIZIMBANI-Zanzibar,KIZIMBANI-Zanzibar,2021,Mar,4th week,9.600000000000001
KIZIMBANI-Zanzibar,KIZIMBANI-Zanzibar,2021,Apr,4th week,84.1
KIZIMBANI-Zanzibar,KIZIMBANI-Zanzibar,2021,May,4th week,0.0
KIZIMBANI-Zanzibar,KIZIMBANI-Zanzibar,2021,Jun,4th week,0.0
KIZIMBANI-Zanzibar,KIZIMBANI-Zanzibar,2021,Jul,4th week,7.3
KIZIMBANI-Zanzibar,KIZIMBANI-Zanzibar,2021,Aug,4th week,9.399999999999999
KIZIMBANI-Zanzibar,KIZIMBANI-Zanzibar,2021,Sep,4th week,23.1
KIZIMBANI-Zanzibar,KIZIMBANI-Zanzibar,2021,Oct,4th week,8.2
KIZIMBANI-Zanzibar,KIZIMBANI-Zanzibar,2021,Nov,4th week,47.8
KIZIMBANI-Zanzibar,KIZIMBANI-Zanzibar,2021,Dec,4th week,43.5
KIZIMBANI-Zanzibar,KIZIMBANI-Zanzibar,2020,Jan,1st week,0.0
KIZIMBANI-Zanzibar,KIZIMBANI-Zanzibar,2020,Feb,1st week,50.699999999999996
KIZIMBANI-Zanzibar,KIZIMBANI-Zanzibar,2020,Mar,1st week,13.1
KIZIMBANI-Zanzibar,KIZIMBANI-Zanzibar,2020,Apr,1st week,115.3
KIZIMBANI-Zanzibar,KIZIMBANI-Zanzibar,2020,May,1st week,169.5
KIZIMBANI-Zanzibar,KIZIMBANI-Zanzibar,2020,Jun,1st week,0.0
KIZIMBANI-Zanzibar,KIZIMBANI-Zanzibar,2020,Jul,1st week,0.0
KIZIMBANI-Zanzibar,KIZIMBANI-Zanzibar,2020,Aug,1st week,3.7
KIZIMBANI-Zanzibar,KIZIMBANI-Zanzibar,2020,Sep,1st week,1.9
KIZIMBANI-Zanzibar,KIZIMBANI-Zanzibar,2020,Oct,1st week,40.1
KIZIMBANI-Zanzibar,KIZIMBANI-Zanzibar,2020,Nov,1st week,45.800000000000004
KIZIMBANI-Zanzibar,KIZIMBANI-Zanzibar,2020,Dec,1st week,35.0
KIZIMBANI-Zanzibar,KIZIMBANI-Zanzibar,2020,Jan,2nd week,5.2
KIZIMBANI-Zanzibar,KIZIMBANI-Zanzibar,2020,Feb,2nd week,22.5
KIZIMBANI-Zanzibar,KIZIMBANI-Zanzibar,2020,Mar,2nd week,35.1
KIZIMBANI-Zanzibar,KIZIMBANI-Zanzibar,2020,Apr,2nd week,261.90000000000003
KIZIMBANI-Zanzibar,KIZIMBANI-Zanzibar,2020,May,2nd week,12.899999999999999
KIZIMBANI-Zanzibar,KIZIMBANI-Zanzibar,2020,Jun,2nd week,1.3
KIZIMBANI-Zanzibar,KIZIMBANI-Zanzibar,2020,Jul,2nd week,5.8
KIZIMBANI-Zanzibar,KIZIMBANI-Zanzibar,2020,Aug,2nd week,0.0
KIZIMBANI-Zanzibar,KIZIMBANI-Zanzibar,2020,Sep,2nd week,0.0
KIZIMBANI-Zanzibar,KIZIMBANI-Zanzibar,2020,Oct,2nd week,33.6
KIZIMBANI-Zanzibar,KIZIMBANI-Zanzibar,2020,Nov,2nd week,102.1
KIZIMBANI-Zanzibar,KIZIMBANI-Zanzibar,2020,Dec,2nd week,0.0
KIZIMBANI-Zanzibar,KIZIMBANI-Zanzibar,2020,Jan,3rd week,194.79999999999995
KIZIMBANI-Zanzibar,KIZIMBANI-Zanzibar,2020,Feb,3rd week,21.4
KIZIMBANI-Zanzibar,KIZIMBANI-Zanzibar,2020,Mar,3rd week,64.3
KIZIMBANI-Zanzibar,KIZIMBANI-Zanzibar,2020,Apr,3rd week,488.29999999999995
KIZIMBANI-Zanzibar,KIZIMBANI-Zanzibar,2020,May,3rd week,40.800000000000004
KIZIMBANI-Zanzibar,KIZIMBANI-Zanzibar,2020,Jun,3rd week,0.4
KIZIMBANI-Zanzibar,KIZIMBANI-Zanzibar,2020,Jul,3rd week,15.799999999999999
KIZIMBANI-Zanzibar,KIZIMBANI-Zanzibar,2020,Aug,3rd week,10.0
KIZIMBANI-Zanzibar,KIZIMBANI-Zanzibar,2020,Sep,3rd week,19.099999999999998
KIZIMBANI-Zanzibar,KIZIMBANI-Zanzibar,2020,Oct,3rd week,59.5
KIZIMBANI-Zanzibar,KIZIMBANI-Zanzibar,2020,Nov,3rd week,41.300000000000004
KIZIMBANI-Zanzibar,KIZIMBANI-Zanzibar,2020,Dec,3rd week,55.8
KIZIMBANI-Zanzibar,KIZIMBANI-Zanzibar,2020,Jan,4th week,34.89999999999999
KIZIMBANI-Zanzibar,KIZIMBANI-Zanzibar,2020,Feb,4th week,13.299999999999999
KIZIMBANI-Zanzibar,KIZIMBANI-Zanzibar,2020,Mar,4th week,95.1
KIZIMBANI-Zanzibar,KIZIMBANI-Zanzibar,2020,Apr,4th week,41.39999999999999
KIZIMBANI-Zanzibar,KIZIMBANI-Zanzibar,2020,May,4th week,9.4
KIZIMBANI-Zanzibar,KIZIMBANI-Zanzibar,2020,Jun,4th week,2.0
KIZIMBANI-Zanzibar,KIZIMBANI-Zanzibar,2020,Jul,4th week,2.9
KIZIMBANI-Zanzibar,KIZIMBANI-Zanzibar,2020,Aug,4th week,2.9000000000000004
KIZIMBANI-Zanzibar,KIZIMBANI-Zanzibar,2020,Sep,4th week,3.4000000000000004
KIZIMBANI-Zanzibar,KIZIMBANI-Zanzibar,2020,Oct,4th week,44.800000000000004
KIZIMBANI-Zanzibar,KIZIMBANI-Zanzibar,2020,Nov,4th week,36.0
KIZIMBANI-Zanzibar,KIZIMBANI-Zanzibar,2020,Dec,4th week,71.8
KIZIMBANI-Zanzibar,KIZIMBANI-Zanzibar,2019,Jan,1st week,8.600000000000001
KIZIMBANI-Zanzibar,KIZIMBANI-Zanzibar,2019,Feb,1st week,0.0
KIZIMBANI-Zanzibar,KIZIMBANI-Zanzibar,2019,Mar,1st week,12.9
KIZIMBANI-Zanzibar,KIZIMBANI-Zanzibar,2019,Apr,1st week,112.6
KIZIMBANI-Zanzibar,KIZIMBANI-Zanzibar,2019,May,1st week,319.0
KIZIMBANI-Zanzibar,KIZIMBANI-Zanzibar,2019,Jun,1st week,0.0
KIZIMBANI-Zanzibar,KIZIMBANI-Zanzibar,2019,Jul,1st week,2.6999999999999997
KIZIMBANI-Zanzibar,KIZIMBANI-Zanzibar,2019,Aug,1st week,16.7
KIZIMBANI-Zanzibar,KIZIMBANI-Zanzibar,2019,Sep,1st week,5.8999999999999995
KIZIMBANI-Zanzibar,KIZIMBANI-Zanzibar,2019,Oct,1st week,78.0
KIZIMBANI-Zanzibar,KIZIMBANI-Zanzibar,2019,Nov,1st week,119.4
KIZIMBANI-Zanzibar,KIZIMBANI-Zanzibar,2019,Dec,1st week,100.4
KIZIMBANI-Zanzibar,KIZIMBANI-Zanzibar,2019,Jan,2nd week,0.0
KIZIMBANI-Zanzibar,KIZIMBANI-Zanzibar,2019,Feb,2nd week,10.0
KIZIMBANI-Zanzibar,KIZIMBANI-Zanzibar,2019,Mar,2nd week,0.0
KIZIMBANI-Zanzibar,KIZIMBANI-Zanzibar,2019,Apr,2nd week,96.80000000000001
KIZIMBANI-Zanzibar,KIZIMBANI-Zanzibar,2019,May,2nd week,232.7
KIZIMBANI-Zanzibar,KIZIMBANI-Zanzibar,2019,Jun,2nd week,2.0
KIZIMBANI-Zanzibar,KIZIMBANI-Zanzibar,2019,Jul,2nd week,1.4000000000000001
KIZIMBANI-Zanzibar,KIZIMBANI-Zanzibar,2019,Aug,2nd week,12.799999999999999
KIZIMBANI-Zanzibar,KIZIMBANI-Zanzibar,2019,Sep,2nd week,62.3
KIZIMBANI-Zanzibar,KIZIMBANI-Zanzibar,2019,Oct,2nd week,210.9
KIZIMBANI-Zanzibar,KIZIMBANI-Zanzibar,2019,Nov,2nd week,4.8
KIZIMBANI-Zanzibar,KIZIMBANI-Zanzibar,2019,Dec,2nd week,58.199999999999996
KIZIMBANI-Zanzibar,KIZIMBANI-Zanzibar,2019,Jan,3rd week,12.899999999999999
KIZIMBANI-Zanzibar,KIZIMBANI-Zanzibar,2019,Feb,3rd week,2.6
KIZIMBANI-Zanzibar,KIZIMBANI-Zanzibar,2019,Mar,3rd week,0.0
KIZIMBANI-Zanzibar,KIZIMBANI-Zanzibar,2019,Apr,3rd week,19.2
KIZIMBANI-Zanzibar,KIZIMBANI-Zanzibar,2019,May,3rd week,54.699999999999996
KIZIMBANI-Zanzibar,KIZIMBANI-Zanzibar,2019,Jun,3rd week,0.0
KIZIMBANI-Zanzibar,KIZIMBANI-Zanzibar,2019,Jul,3rd week,35.8
KIZIMBANI-Zanzibar,KIZIMBANI-Zanzibar,2019,Aug,3rd week,9.6
KIZIMBANI-Zanzibar,KIZIMBANI-Zanzibar,2019,Sep,3rd week,4.0
KIZIMBANI-Zanzibar,KIZIMBANI-Zanzibar,2019,Oct,3rd week,90.6
KIZIMBANI-Zanzibar,KIZIMBANI-Zanzibar,2019,Nov,3rd week,62.900000000000006
KIZIMBANI-Zanzibar,KIZIMBANI-Zanzibar,2019,Dec,3rd week,160.5
KIZIMBANI-Zanzibar,KIZIMBANI-Zanzibar,2019,Jan,4th week,0.0
KIZIMBANI-Zanzibar,KIZIMBANI-Zanzibar,2019,Feb,4th week,32.8
KIZIMBANI-Zanzibar,KIZIMBANI-Zanzibar,2019,Mar,4th week,8.2
KIZIMBANI-Zanzibar,KIZIMBANI-Zanzibar,2019,Apr,4th week,1.6
KIZIMBANI-Zanzibar,KIZIMBANI-Zanzibar,2019,May,4th week,158.29999999999998
KIZIMBANI-Zanzibar,KIZIMBANI-Zanzibar,2019,Jun,4th week,0.0
KIZIMBANI-Zanzibar,KIZIMBANI-Zanzibar,2019,Jul,4th week,0.0
KIZIMBANI-Zanzibar,KIZIMBANI-Zanzibar,2019,Aug,4th week,9.100000000000001
KIZIMBANI-Zanzibar,KIZIMBANI-Zanzibar,2019,Sep,4th week,44.1
KIZIMBANI-Zanzibar,KIZIMBANI-Zanzibar,2019,Oct,4th week,31.400000000000002
KIZIMBANI-Zanzibar,KIZIMBANI-Zanzibar,2019,Nov,4th week,23.3
KIZIMBANI-Zanzibar,KIZIMBANI-Zanzibar,2019,Dec,4th week,27.599999999999998
KIZIMBANI-Zanzibar,KIZIMBANI-Zanzibar,2018,Jan,1st week,11.8
KIZIMBANI-Zanzibar,KIZIMBANI-Zanzibar,2018,Feb,1st week,0.0
KIZIMBANI-Zanzibar,KIZIMBANI-Zanzibar,2018,Mar,1st week,5.199999999999999
KIZIMBANI-Zanzibar,KIZIMBANI-Zanzibar,2018,Apr,1st week,148.29999999999998
KIZIMBANI-Zanzibar,KIZIMBANI-Zanzibar,2018,May,1st week,218.19999999999996
KIZIMBANI-Zanzibar,KIZIMBANI-Zanzibar,2018,Jun,1st week,0.0
KIZIMBANI-Zanzibar,KIZIMBANI-Zanzibar,2018,Jul,1st week,71.3
KIZIMBANI-Zanzibar,KIZIMBANI-Zanzibar,2018,Aug,1st week,0.0
KIZIMBANI-Zanzibar,KIZIMBANI-Zanzibar,2018,Sep,1st week,7.1
KIZIMBANI-Zanzibar,KIZIMBANI-Zanzibar,2018,Oct,1st week,18.4
KIZIMBANI-Zanzibar,KIZIMBANI-Zanzibar,2018,Nov,1st week,0.0
KIZIMBANI-Zanzibar,KIZIMBANI-Zanzibar,2018,Dec,1st week,10.1
KIZIMBANI-Zanzibar,KIZIMBANI-Zanzibar,2018,Jan,2nd week,3.0
KIZIMBANI-Zanzibar,KIZIMBANI-Zanzibar,2018,Feb,2nd week,0.0
KIZIMBANI-Zanzibar,KIZIMBANI-Zanzibar,2018,Mar,2nd week,32.1
KIZIMBANI-Zanzibar,KIZIMBANI-Zanzibar,2018,Apr,2nd week,68.0
KIZIMBANI-Zanzibar,KIZIMBANI-Zanzibar,2018,May,2nd week,220.29999999999998
KIZIMBANI-Zanzibar,KIZIMBANI-Zanzibar,2018,Jun,2nd week,23.500000000000004
KIZIMBANI-Zanzibar,KIZIMBANI-Zanzibar,2018,Jul,2nd week,4.0
KIZIMBANI-Zanzibar,KIZIMBANI-Zanzibar,2018,Aug,2nd week,3.2
KIZIMBANI-Zanzibar,KIZIMBANI-Zanzibar,2018,Sep,2nd week,3.8000000000000003
KIZIMBANI-Zanzibar,KIZIMBANI-Zanzibar,2018,Oct,2nd week,0.0
KIZIMBANI-Zanzibar,KIZIMBANI-Zanzibar,2018,Nov,2nd week,4.9
KIZIMBANI-Zanzibar,KIZIMBANI-Zanzibar,2018,Dec,2nd week,12.1
KIZIMBANI-Zanzibar,KIZIMBANI-Zanzibar,2018,Jan,3rd week,0.0
KIZIMBANI-Zanzibar,KIZIMBANI-Zanzibar,2018,Feb,3rd week,15.5
KIZIMBANI-Zanzibar,KIZIMBANI-Zanzibar,2018,Mar,3rd week,53.3
KIZIMBANI-Zanzibar,KIZIMBANI-Zanzibar,2018,Apr,3rd week,206.7
KIZIMBANI-Zanzibar,KIZIMBANI-Zanzibar,2018,May,3rd week,58.800000000000004
KIZIMBANI-Zanzibar,KIZIMBANI-Zanzibar,2018,Jun,3rd week,0.0
KIZIMBANI-Zanzibar,KIZIMBANI-Zanzibar,2018,Jul,3rd week,0.0
KIZIMBANI-Zanzibar,KIZIMBANI-Zanzibar,2018,Aug,3rd week,1.0
KIZIMBANI-Zanzibar,KIZIMBANI-Zanzibar,2018,Sep,3rd week,26.299999999999997
KIZIMBANI-Zanzibar,KIZIMBANI-Zanzibar,2018,Oct,3rd week,12.899999999999999
KIZIMBANI-Zanzibar,KIZIMBANI-Zanzibar,2018,Nov,3rd week,41.4
KIZIMBANI-Zanzibar,KIZIMBANI-Zanzibar,2018,Dec,3rd week,27.7
KIZIMBANI-Zanzibar,KIZIMBANI-Zanzibar,2018,Jan,4th week,0.0
KIZIMBANI-Zanzibar,KIZIMBANI-Zanzibar,2018,Feb,4th week,0.0
KIZIMBANI-Zanzibar,KIZIMBANI-Zanzibar,2018,Mar,4th week,89.7
KIZIMBANI-Zanzibar,KIZIMBANI-Zanzibar,2018,Apr,4th week,0.0
KIZIMBANI-Zanzibar,KIZIMBANI-Zanzibar,2018,May,4th week,43.9
KIZIMBANI-Zanzibar,KIZIMBANI-Zanzibar,2018,Jun,4th week,5.5
KIZIMBANI-Zanzibar,KIZIMBANI-Zanzibar,2018,Jul,4th week,3.5
KIZIMBANI-Zanzibar,KIZIMBANI-Zanzibar,2018,Aug,4th week,20.299999999999997
KIZIMBANI-Zanzibar,KIZIMBANI-Zanzibar,2018,Sep,4th week,9.6
KIZIMBANI-Zanzibar,KIZIMBANI-Zanzibar,2018,Oct,4th week,47.2
KIZIMBANI-Zanzibar,KIZIMBANI-Zanzibar,2018,Nov,4th week,28.8
KIZIMBANI-Zanzibar,KIZIMBANI-Zanzibar,2018,Dec,4th week,0.0
MKOKOTONI-Zanzibar,MKOKOTONI-Zanzibar,2023,Jan,1st week,4.0
MKOKOTONI-Zanzibar,MKOKOTONI-Zanzibar,2023,Feb,1st week,0.0
MKOKOTONI-Zanzibar,MKOKOTONI-Zanzibar,2023,Mar,1st week,0.0
MKOKOTONI-Zanzibar,MKOKOTONI-Zanzibar,2023,Apr,1st week,24.0
MKOKOTONI-Zanzibar,MKOKOTONI-Zanzibar,2023,May,1st week,18.0
MKOKOTONI-Zanzibar,MKOKOTONI-Zanzibar,2023,Jun,1st week,108.3
MKOKOTONI-Zanzibar,MKOKOTONI-Zanzibar,2023,Jul,1st week,22.5
MKOKOTONI-Zanzibar,MKOKOTONI-Zanzibar,2023,Aug,1st week,0.0
MKOKOTONI-Zanzibar,MKOKOTONI-Zanzibar,2023,Sep,1st week,0.0
MKOKOTONI-Zanzibar,MKOKOTONI-Zanzibar,2023,Oct,1st week,0.0
MKOKOTONI-Zanzibar,MKOKOTONI-Zanzibar,2023,Nov,1st week,284.6
MKOKOTONI-Zanzibar,MKOKOTONI-Zanzibar,2023,Dec,1st week,52.0
MKOKOTONI-Zanzibar,MKOKOTONI-Zanzibar,2023,Jan,2nd week,4.0
MKOKOTONI-Zanzibar,MKOKOTONI-Zanzibar,2023,Feb,2nd week,0.0
MKOKOTONI-Zanzibar,MKOKOTONI-Zanzibar,2023,Mar,2nd week,0.0
MKOKOTONI-Zanzibar,MKOKOTONI-Zanzibar,2023,Apr,2nd week,20.0
MKOKOTONI-Zanzibar,MKOKOTONI-Zanzibar,2023,May,2nd week,140.3
MKOKOTONI-Zanzibar,MKOKOTONI-Zanzibar,2023,Jun,2nd week,0.0
MKOKOTONI-Zanzibar,MKOKOTONI-Zanzibar,2023,Jul,2nd week,31.0
MKOKOTONI-Zanzibar,MKOKOTONI-Zanzibar,2023,Aug,2nd week,24.5
MKOKOTONI-Zanzibar,MKOKOTONI-Zanzibar,2023,Sep,2nd week,0.0
MKOKOTONI-Zanzibar,MKOKOTONI-Zanzibar,2023,Oct,2nd week,0.0
MKOKOTONI-Zanzibar,MKOKOTONI-Zanzibar,2023,Nov,2nd week,156.0
MKOKOTONI-Zanzibar,MKOKOTONI-Zanzibar,2023,Dec,2nd week,15.5
MKOKOTONI-Zanzibar,MKOKOTONI-Zanzibar,2023,Jan,3rd week,6.0
MKOKOTONI-Zanzibar,MKOKOTONI-Zanzibar,2023,Feb,3rd week,0.0
MKOKOTONI-Zanzibar,MKOKOTONI-Zanzibar,2023,Mar,3rd week,85.0
MKOKOTONI-Zanzibar,MKOKOTONI-Zanzibar,2023,Apr,3rd week,209.0
MKOKOTONI-Zanzibar,MKOKOTONI-Zanzibar,2023,May,3rd week,10.0
MKOKOTONI-Zanzibar,MKOKOTONI-Zanzibar,2023,Jun,3rd week,0.0
MKOKOTONI-Zanzibar,MKOKOTONI-Zanzibar,2023,Jul,3rd week,10.8
MKOKOTONI-Zanzibar,MKOKOTONI-Zanzibar,2023,Aug,3rd week,6.0
MKOKOTONI-Zanzibar,MKOKOTONI-Zanzibar,2023,Sep,3rd week,0.0
MKOKOTONI-Zanzibar,MKOKOTONI-Zanzibar,2023,Oct,3rd week,0.0
MKOKOTONI-Zanzibar,MKOKOTONI-Zanzibar,2023,Nov,3rd week,52.5
MKOKOTONI-Zanzibar,MKOKOTONI-Zanzibar,2023,Dec,3rd week,40.6
MKOKOTONI-Zanzibar,MKOKOTONI-Zanzibar,2023,Jan,4th week,0.0
MKOKOTONI-Zanzibar,MKOKOTONI-Zanzibar,2023,Feb,4th week,0.0
MKOKOTONI-Zanzibar,MKOKOTONI-Zanzibar,2023,Mar,4th week,48.2
MKOKOTONI-Zanzibar,MKOKOTONI-Zanzibar,2023,Apr,4th week,125.2
MKOKOTONI-Zanzibar,MKOKOTONI-Zanzibar,2023,May,4th week,25.0
MKOKOTONI-Zanzibar,MKOKOTONI-Zanzibar,2023,Jun,4th week,0.0
MKOKOTONI-Zanzibar,MKOKOTONI-Zanzibar,2023,Jul,4th week,13.0
MKOKOTONI-Zanzibar,MKOKOTONI-Zanzibar,2023,Aug,4th week,2.0
MKOKOTONI-Zanzibar,MKOKOTONI-Zanzibar,2023,Sep,4th week,7.0
MKOKOTONI-Zanzibar,MKOKOTONI-Zanzibar,2023,Oct,4th week,29.6
MKOKOTONI-Zanzibar,MKOKOTONI-Zanzibar,2023,Nov,4th week,47.2
MKOKOTONI-Zanzibar,MKOKOTONI-Zanzibar,2023,Dec,4th week,0.0
MKOKOTONI-Zanzibar,MKOKOTONI-Zanzibar,2022,Jan,1st week,0.0
MKOKOTONI-Zanzibar,MKOKOTONI-Zanzibar,2022,Feb,1st week,47.7
MKOKOTONI-Zanzibar,MKOKOTONI-Zanzibar,2022,Mar,1st week,0.0
MKOKOTONI-Zanzibar,MKOKOTONI-Zanzibar,2022,Apr,1st week,0.0
MKOKOTONI-Zanzibar,MKOKOTONI-Zanzibar,2022,May,1st week,38.7
MKOKOTONI-Zanzibar,MKOKOTONI-Zanzibar,2022,Jun,1st week,17.0
MKOKOTONI-Zanzibar,MKOKOTONI-Zanzibar,2022,Jul,1st week,0.0
MKOKOTONI-Zanzibar,MKOKOTONI-Zanzibar,2022,Aug,1st week,7.0
MKOKOTONI-Zanzibar,MKOKOTONI-Zanzibar,2022,Sep,1st week,0.0
MKOKOTONI-Zanzibar,MKOKOTONI-Zanzibar,2022,Oct,1st week,0.0
MKOKOTONI-Zanzibar,MKOKOTONI-Zanzibar,2022,Nov,1st week,36.0
MKOKOTONI-Zanzibar,MKOKOTONI-Zanzibar,2022,Dec,1st week,0.0
MKOKOTONI-Zanzibar,MKOKOTONI-Zanzibar,2022,Jan,2nd week,0.0
MKOKOTONI-Zanzibar,MKOKOTONI-Zanzibar,2022,Feb,2nd week,0.0
MKOKOTONI-Zanzibar,MKOKOTONI-Zanzibar,2022,Mar,2nd week,0.0
MKOKOTONI-Zanzibar,MKOKOTONI-Zanzibar,2022,Apr,2nd week,109.3
MKOKOTONI-Zanzibar,MKOKOTONI-Zanzibar,2022,May,2nd week,0.0
MKOKOTONI-Zanzibar,MKOKOTONI-Zanzibar,2022,Jun,2nd week,0.0
MKOKOTONI-Zanzibar,MKOKOTONI-Zanzibar,2022,Jul,2nd week,26.7
MKOKOTONI-Zanzibar,MKOKOTONI-Zanzibar,2022,Aug,2nd week,20.0
MKOKOTONI-Zanzibar,MKOKOTONI-Zanzibar,2022,Sep,2nd week,4.0
MKOKOTONI-Zanzibar,MKOKOTONI-Zanzibar,2022,Oct,2nd week,18.5
MKOKOTONI-Zanzibar,MKOKOTONI-Zanzibar,2022,Nov,2nd week,0.0
MKOKOTONI-Zanzibar,MKOKOTONI-Zanzibar,2022,Dec,2nd week,28.6
MKOKOTONI-Zanzibar,MKOKOTONI-Zanzibar,2022,Jan,3rd week,81.5
MKOKOTONI-Zanzibar,MKOKOTONI-Zanzibar,2022,Feb,3rd week,70.5
MKOKOTONI-Zanzibar,MKOKOTONI-Zanzibar,2022,Mar,3rd week,0.0
MKOKOTONI-Zanzibar,MKOKOTONI-Zanzibar,2022,Apr,3rd week,310.2
MKOKOTONI-Zanzibar,MKOKOTONI-Zanzibar,2022,May,3rd week,25.7
MKOKOTONI-Zanzibar,MKOKOTONI-Zanzibar,2022,Jun,3rd week,17.0
MKOKOTONI-Zanzibar,MKOKOTONI-Zanzibar,2022,Jul,3rd week,7.0
MKOKOTONI-Zanzibar,MKOKOTONI-Zanzibar,2022,Aug,3rd week,0.0
MKOKOTONI-Zanzibar,MKOKOTONI-Zanzibar,2022,Sep,3rd week,0.0
MKOKOTONI-Zanzibar,MKOKOTONI-Zanzibar,2022,Oct,3rd week,0.0
MKOKOTONI-Zanzibar,MKOKOTONI-Zanzibar,2022,Nov,3rd week,6.3
MKOKOTONI-Zanzibar,MKOKOTONI-Zanzibar,2022,Dec,3rd week,0.0
MKOKOTONI-Zanzibar,MKOKOTONI-Zanzibar,2022,Jan,4th week,45.6
MKOKOTONI-Zanzibar,MKOKOTONI-Zanzibar,2022,Feb,4th week,20.7
MKOKOTONI-Zanzibar,MKOKOTONI-Zanzibar,2022,Mar,4th week,35.3
MKOKOTONI-Zanzibar,MKOKOTONI-Zanzibar,2022,Apr,4th week,111.5
MKOKOTONI-Zanzibar,MKOKOTONI-Zanzibar,2022,May,4th week,12.3
MKOKOTONI-Zanzibar,MKOKOTONI-Zanzibar,2022,Jun,4th week,20.3
MKOKOTONI-Zanzibar,MKOKOTONI-Zanzibar,2022,Jul,4th week,0.0
MKOKOTONI-Zanzibar,MKOKOTONI-Zanzibar,2022,Aug,4th week,28.0
MKOKOTONI-Zanzibar,MKOKOTONI-Zanzibar,2022,Sep,4th week,0.0
MKOKOTONI-Zanzibar,MKOKOTONI-Zanzibar,2022,Oct,4th week,0.0
MKOKOTONI-Zanzibar,MKOKOTONI-Zanzibar,2022,Nov,4th week,68.9
MKOKOTONI-Zanzibar,MKOKOTONI-Zanzibar,2022,Dec,4th week,12.4
MKOKOTONI-Zanzibar,MKOKOTONI-Zanzibar,2021,Jan,1st week,25.2
MKOKOTONI-Zanzibar,MKOKOTONI-Zanzibar,2021,Feb,1st week,0.0
MKOKOTONI-Zanzibar,MKOKOTONI-Zanzibar,2021,Mar,1st week,0.0
MKOKOTONI-Zanzibar,MKOKOTONI-Zanzibar,2021,Apr,1st week,96.3
MKOKOTONI-Zanzibar,MKOKOTONI-Zanzibar,2021,May,1st week,81.8
MKOKOTONI-Zanzibar,MKOKOTONI-Zanzibar,2021,Jun,1st week,0.0
MKOKOTONI-Zanzibar,MKOKOTONI-Zanzibar,2021,Jul,1st week,0.0
MKOKOTONI-Zanzibar,MKOKOTONI-Zanzibar,2021,Aug,1st week,0.0
MKOKOTONI-Zanzibar,MKOKOTONI-Zanzibar,2021,Sep,1st week,0.0
MKOKOTONI-Zanzibar,MKOKOTONI-Zanzibar,2021,Oct,1st week,0.0
MKOKOTONI-Zanzibar,MKOKOTONI-Zanzibar,2021,Nov,1st week,0.0
MKOKOTONI-Zanzibar,MKOKOTONI-Zanzibar,2021,Dec,1st week,0.0
MKOKOTONI-Zanzibar,MKOKOTONI-Zanzibar,2021,Jan,2nd week,51.2
MKOKOTONI-Zanzibar,MKOKOTONI-Zanzibar,2021,Feb,2nd week,9.8
MKOKOTONI-Zanzibar,MKOKOTONI-Zanzibar,2021,Mar,2nd week,0.0
MKOKOTONI-Zanzibar,MKOKOTONI-Zanzibar,2021,Apr,2nd week,69.4
MKOKOTONI-Zanzibar,MKOKOTONI-Zanzibar,2021,May,2nd week,0.0
MKOKOTONI-Zanzibar,MKOKOTONI-Zanzibar,2021,Jun,2nd week,0.0
MKOKOTONI-Zanzibar,MKOKOTONI-Zanzibar,2021,Jul,2nd week,41.599999999999994
MKOKOTONI-Zanzibar,MKOKOTONI-Zanzibar,2021,Aug,2nd week,0.0
MKOKOTONI-Zanzibar,MKOKOTONI-Zanzibar,2021,Sep,2nd week,0.0
MKOKOTONI-Zanzibar,MKOKOTONI-Zanzibar,2021,Oct,2nd week,0.0
MKOKOTONI-Zanzibar,MKOKOTONI-Zanzibar,2021,Nov,2nd week,0.0
MKOKOTONI-Zanzibar,MKOKOTONI-Zanzibar,2021,Dec,2nd week,34.3
MKOKOTONI-Zanzibar,MKOKOTONI-Zanzibar,2021,Jan,3rd week,0.0
MKOKOTONI-Zanzibar,MKOKOTONI-Zanzibar,2021,Feb,3rd week,0.0
MKOKOTONI-Zanzibar,MKOKOTONI-Zanzibar,2021,Mar,3rd week,0.0
MKOKOTONI-Zanzibar,MKOKOTONI-Zanzibar,2021,Apr,3rd week,126.6
MKOKOTONI-Zanzibar,MKOKOTONI-Zanzibar,2021,May,3rd week,0.0
MKOKOTONI-Zanzibar,MKOKOTONI-Zanzibar,2021,Jun,3rd week,2.5
MKOKOTONI-Zanzibar,MKOKOTONI-Zanzibar,2021,Jul,3rd week,0.0
MKOKOTONI-Zanzibar,MKOKOTONI-Zanzibar,2021,Aug,3rd week,6.3
MKOKOTONI-Zanzibar,MKOKOTONI-Zanzibar,2021,Sep,3rd week,0.0
MKOKOTONI-Zanzibar,MKOKOTONI-Zanzibar,2021,Oct,3rd week,18.0
MKOKOTONI-Zanzibar,MKOKOTONI-Zanzibar,2021,Nov,3rd week,0.0
MKOKOTONI-Zanzibar,MKOKOTONI-Zanzibar,2021,Dec,3rd week,25.0
MKOKOTONI-Zanzibar,MKOKOTONI-Zanzibar,2021,Jan,4th week,19.3
MKOKOTONI-Zanzibar,MKOKOTONI-Zanzibar,2021,Feb,4th week,64.0
MKOKOTONI-Zanzibar,MKOKOTONI-Zanzibar,2021,Mar,4th week,20.0
MKOKOTONI-Zanzibar,MKOKOTONI-Zanzibar,2021,Apr,4th week,58.1
MKOKOTONI-Zanzibar,MKOKOTONI-Zanzibar,2021,May,4th week,0.0
MKOKOTONI-Zanzibar,MKOKOTONI-Zanzibar,2021,Jun,4th week,4.2
MKOKOTONI-Zanzibar,MKOKOTONI-Zanzibar,2021,Jul,4th week,0.0
MKOKOTONI-Zanzibar,MKOKOTONI-Zanzibar,2021,Aug,4th week,3.4
MKOKOTONI-Zanzibar,MKOKOTONI-Zanzibar,2021,Sep,4th week,0.0
MKOKOTONI-Zanzibar,MKOKOTONI-Zanzibar,2021,Oct,4th week,8.6
MKOKOTONI-Zanzibar,MKOKOTONI-Zanzibar,2021,Nov,4th week,30.5
MKOKOTONI-Zanzibar,MKOKOTONI-Zanzibar,2021,Dec,4th week,0.0
MKOKOTONI-Zanzibar,MKOKOTONI-Zanzibar,2020,Jan,1st week,0.0
MKOKOTONI-Zanzibar,MKOKOTONI-Zanzibar,2020,Feb,1st week,0.0
MKOKOTONI-Zanzibar,MKOKOTONI-Zanzibar,2020,Mar,1st week,92.2
MKOKOTONI-Zanzibar,MKOKOTONI-Zanzibar,2020,Apr,1st week,74.0
MKOKOTONI-Zanzibar,MKOKOTONI-Zanzibar,2020,May,1st week,212.5
MKOKOTONI-Zanzibar,MKOKOTONI-Zanzibar,2020,Jun,1st week,0.0
MKOKOTONI-Zanzibar,MKOKOTONI-Zanzibar,2020,Jul,1st week,2.3
MKOKOTONI-Zanzibar,MKOKOTONI-Zanzibar,2020,Aug,1st week,2.3
MKOKOTONI-Zanzibar,MKOKOTONI-Zanzibar,2020,Sep,1st week,0.0
MKOKOTONI-Zanzibar,MKOKOTONI-Zanzibar,2020,Oct,1st week,15.5
MKOKOTONI-Zanzibar,MKOKOTONI-Zanzibar,2020,Nov,1st week,50.0
MKOKOTONI-Zanzibar,MKOKOTONI-Zanzibar,2020,Dec,1st week,10.0
MKOKOTONI-Zanzibar,MKOKOTONI-Zanzibar,2020,Jan,2nd week,20.0
MKOKOTONI-Zanzibar,MKOKOTONI-Zanzibar,2020,Feb,2nd week,13.2
MKOKOTONI-Zanzibar,MKOKOTONI-Zanzibar,2020,Mar,2nd week,73.2
MKOKOTONI-Zanzibar,MKOKOTONI-Zanzibar,2020,Apr,2nd week,243.6
MKOKOTONI-Zanzibar,MKOKOTONI-Zanzibar,2020,May,2nd week,15.7
MKOKOTONI-Zanzibar,MKOKOTONI-Zanzibar,2020,Jun,2nd week,3.0
MKOKOTONI-Zanzibar,MKOKOTONI-Zanzibar,2020,Jul,2nd week,11.6
MKOKOTONI-Zanzibar,MKOKOTONI-Zanzibar,2020,Aug,2nd week,0.0
MKOKOTONI-Zanzibar,MKOKOTONI-Zanzibar,2020,Sep,2nd week,0.0
MKOKOTONI-Zanzibar,MKOKOTONI-Zanzibar,2020,Oct,2nd week,29.5
MKOKOTONI-Zanzibar,MKOKOTONI-Zanzibar,2020,Nov,2nd week,109.6
MKOKOTONI-Zanzibar,MKOKOTONI-Zanzibar,2020,Dec,2nd week,0.0
MKOKOTONI-Zanzibar,MKOKOTONI-Zanzibar,2020,Jan,3rd week,71.5
MKOKOTONI-Zanzibar,MKOKOTONI-Zanzibar,2020,Feb,3rd week,3.0
MKOKOTONI-Zanzibar,MKOKOTONI-Zanzibar,2020,Mar,3rd week,70.3
MKOKOTONI-Zanzibar,MKOKOTONI-Zanzibar,2020,Apr,3rd week,315.4
MKOKOTONI-Zanzibar,MKOKOTONI-Zanzibar,2020,May,3rd week,42.2
MKOKOTONI-Zanzibar,MKOKOTONI-Zanzibar,2020,Jun,3rd week,0.0
MKOKOTONI-Zanzibar,MKOKOTONI-Zanzibar,2020,Jul,3rd week,40.0
MKOKOTONI-Zanzibar,MKOKOTONI-Zanzibar,2020,Aug,3rd week,29.7
MKOKOTONI-Zanzibar,MKOKOTONI-Zanzibar,2020,Sep,3rd week,0.0
MKOKOTONI-Zanzibar,MKOKOTONI-Zanzibar,2020,Oct,3rd week,0.0
MKOKOTONI-Zanzibar,MKOKOTONI-Zanzibar,2020,Nov,3rd week,71.0
MKOKOTONI-Zanzibar,MKOKOTONI-Zanzibar,2020,Dec,3rd week,24.0
MKOKOTONI-Zanzibar,MKOKOTONI-Zanzibar,2020,Jan,4th week,20.0
MKOKOTONI-Zanzibar,MKOKOTONI-Zanzibar,2020,Feb,4th week,0.0
MKOKOTONI-Zanzibar,MKOKOTONI-Zanzibar,2020,Mar,4th week,75.0
MKOKOTONI-Zanzibar,MKOKOTONI-Zanzibar,2020,Apr,4th week,191.2
MKOKOTONI-Zanzibar,MKOKOTONI-Zanzibar,2020,May,4th week,6.4
MKOKOTONI-Zanzibar,MKOKOTONI-Zanzibar,2020,Jun,4th week,5.0
MKOKOTONI-Zanzibar,MKOKOTONI-Zanzibar,2020,Jul,4th week,3.2
MKOKOTONI-Zanzibar,MKOKOTONI-Zanzibar,2020,Aug,4th week,9.0
MKOKOTONI-Zanzibar,MKOKOTONI-Zanzibar,2020,Sep,4th week,25.5
MKOKOTONI-Zanzibar,MKOKOTONI-Zanzibar,2020,Oct,4th week,19.3
MKOKOTONI-Zanzibar,MKOKOTONI-Zanzibar,2020,Nov,4th week,16.2
MKOKOTONI-Zanzibar,MKOKOTONI-Zanzibar,2020,Dec,4th week,27.2
MKOKOTONI-Zanzibar,MKOKOTONI-Zanzibar,2019,Jan,1st week,9.4
MKOKOTONI-Zanzibar,MKOKOTONI-Zanzibar,2019,Feb,1st week,0.0
MKOKOTONI-Zanzibar,MKOKOTONI-Zanzibar,2019,Mar,1st week,33.5
MKOKOTONI-Zanzibar,MKOKOTONI-Zanzibar,2019,Apr,1st week,123.8
MKOKOTONI-Zanzibar,MKOKOTONI-Zanzibar,2019,May,1st week,73.80000000000001
MKOKOTONI-Zanzibar,MKOKOTONI-Zanzibar,2019,Jun,1st week,0.0
MKOKOTONI-Zanzibar,MKOKOTONI-Zanzibar,2019,Jul,1st week,0.0
MKOKOTONI-Zanzibar,MKOKOTONI-Zanzibar,2019,Aug,1st week,1.5
MKOKOTONI-Zanzibar,MKOKOTONI-Zanzibar,2019,Sep,1st week,28.3
MKOKOTONI-Zanzibar,MKOKOTONI-Zanzibar,2019,Oct,1st week,0.0
MKOKOTONI-Zanzibar,MKOKOTONI-Zanzibar,2019,Nov,1st week,30.2
MKOKOTONI-Zanzibar,MKOKOTONI-Zanzibar,2019,Dec,1st week,3.0
MKOKOTONI-Zanzibar,MKOKOTONI-Zanzibar,2019,Jan,2nd week,5.5
MKOKOTONI-Zanzibar,MKOKOTONI-Zanzibar,2019,Feb,2nd week,0.0
MKOKOTONI-Zanzibar,MKOKOTONI-Zanzibar,2019,Mar,2nd week,5.4
MKOKOTONI-Zanzibar,MKOKOTONI-Zanzibar,2019,Apr,2nd week,7.0
MKOKOTONI-Zanzibar,MKOKOTONI-Zanzibar,2019,May,2nd week,100.6
MKOKOTONI-Zanzibar,MKOKOTONI-Zanzibar,2019,Jun,2nd week,1.1
MKOKOTONI-Zanzibar,MKOKOTONI-Zanzibar,2019,Jul,2nd week,13.2
MKOKOTONI-Zanzibar,MKOKOTONI-Zanzibar,2019,Aug,2nd week,8.3
MKOKOTONI-Zanzibar,MKOKOTONI-Zanzibar,2019,Sep,2nd week,10.5
MKOKOTONI-Zanzibar,MKOKOTONI-Zanzibar,2019,Oct,2nd week,11.0
MKOKOTONI-Zanzibar,MKOKOTONI-Zanzibar,2019,Nov,2nd week,26.3
MKOKOTONI-Zanzibar,MKOKOTONI-Zanzibar,2019,Dec,2nd week,0.0
MKOKOTONI-Zanzibar,MKOKOTONI-Zanzibar,2019,Jan,3rd week,8.6
MKOKOTONI-Zanzibar,MKOKOTONI-Zanzibar,2019,Feb,3rd week,0.0
MKOKOTONI-Zanzibar,MKOKOTONI-Zanzibar,2019,Mar,3rd week,23.0
MKOKOTONI-Zanzibar,MKOKOTONI-Zanzibar,2019,Apr,3rd week,19.3
MKOKOTONI-Zanzibar,MKOKOTONI-Zanzibar,2019,May,3rd week,16.0
MKOKOTONI-Zanzibar,MKOKOTONI-Zanzibar,2019,Jun,3rd week,13.399999999999999
MKOKOTONI-Zanzibar,MKOKOTONI-Zanzibar,2019,Jul,3rd week,10.3
MKOKOTONI-Zanzibar,MKOKOTONI-Zanzibar,2019,Aug,3rd week,9.2
MKOKOTONI-Zanzibar,MKOKOTONI-Zanzibar,2019,Sep,3rd week,0.0
MKOKOTONI-Zanzibar,MKOKOTONI-Zanzibar,2019,Oct,3rd week,0.0
MKOKOTONI-Zanzibar,MKOKOTONI-Zanzibar,2019,Nov,3rd week,15.600000000000001
MKOKOTONI-Zanzibar,MKOKOTONI-Zanzibar,2019,Dec,3rd week,6.2
MKOKOTONI-Zanzibar,MKOKOTONI-Zanzibar,2019,Jan,4th week,0.0
MKOKOTONI-Zanzibar,MKOKOTONI-Zanzibar,2019,Feb,4th week,41.0
MKOKOTONI-Zanzibar,MKOKOTONI-Zanzibar,2019,Mar,4th week,28.0
MKOKOTONI-Zanzibar,MKOKOTONI-Zanzibar,2019,Apr,4th week,52.199999999999996
MKOKOTONI-Zanzibar,MKOKOTONI-Zanzibar,2019,May,4th week,7.5
MKOKOTONI-Zanzibar,MKOKOTONI-Zanzibar,2019,Jun,4th week,34.6
MKOKOTONI-Zanzibar,MKOKOTONI-Zanzibar,2019,Jul,4th week,0.0
MKOKOTONI-Zanzibar,MKOKOTONI-Zanzibar,2019,Aug,4th week,12.7
MKOKOTONI-Zanzibar,MKOKOTONI-Zanzibar,2019,Sep,4th week,73.2
MKOKOTONI-Zanzibar,MKOKOTONI-Zanzibar,2019,Oct,4th week,0.0
MKOKOTONI-Zanzibar,MKOKOTONI-Zanzibar,2019,Nov,4th week,48.2
MKOKOTONI-Zanzibar,MKOKOTONI-Zanzibar,2019,Dec,4th week,3.2
MKOKOTONI-Zanzibar,MKOKOTONI-Zanzibar,2018,Jan,1st week,15.0
MKOKOTONI-Zanzibar,MKOKOTONI-Zanzibar,2018,Feb,1st week,0.0
MKOKOTONI-Zanzibar,MKOKOTONI-Zanzibar,2018,Mar,1st week,23.0
MKOKOTONI-Zanzibar,MKOKOTONI-Zanzibar,2018,Apr,1st week,0.0
MKOKOTONI-Zanzibar,MKOKOTONI-Zanzibar,2018,May,1st week,183.9
MKOKOTONI-Zanzibar,MKOKOTONI-Zanzibar,2018,Jun,1st week,0.0
MKOKOTONI-Zanzibar,MKOKOTONI-Zanzibar,2018,Jul,1st week,45.3
MKOKOTONI-Zanzibar,MKOKOTONI-Zanzibar,2018,Aug,1st week,0.0
MKOKOTONI-Zanzibar,MKOKOTONI-Zanzibar,2018,Sep,1st week,8.3
MKOKOTONI-Zanzibar,MKOKOTONI-Zanzibar,2018,Oct,1st week,0.0
MKOKOTONI-Zanzibar,MKOKOTONI-Zanzibar,2018,Nov,1st week,35.3
MKOKOTONI-Zanzibar,MKOKOTONI-Zanzibar,2018,Dec,1st week,8.6
MKOKOTONI-Zanzibar,MKOKOTONI-Zanzibar,2018,Jan,2nd week,0.0
MKOKOTONI-Zanzibar,MKOKOTONI-Zanzibar,2018,Feb,2nd week,0.0
MKOKOTONI-Zanzibar,MKOKOTONI-Zanzibar,2018,Mar,2nd week,31.5
MKOKOTONI-Zanzibar,MKOKOTONI-Zanzibar,2018,Apr,2nd week,147.29999999999998
MKOKOTONI-Zanzibar,MKOKOTONI-Zanzibar,2018,May,2nd week,273.5
MKOKOTONI-Zanzibar,MKOKOTONI-Zanzibar,2018,Jun,2nd week,34.3
MKOKOTONI-Zanzibar,MKOKOTONI-Zanzibar,2018,Jul,2nd week,0.0
MKOKOTONI-Zanzibar,MKOKOTONI-Zanzibar,2018,Aug,2nd week,0.0
MKOKOTONI-Zanzibar,MKOKOTONI-Zanzibar,2018,Sep,2nd week,12.8
MKOKOTONI-Zanzibar,MKOKOTONI-Zanzibar,2018,Oct,2nd week,0.0
MKOKOTONI-Zanzibar,MKOKOTONI-Zanzibar,2018,Nov,2nd week,0.0
MKOKOTONI-Zanzibar,MKOKOTONI-Zanzibar,2018,Dec,2nd week,0.0
MKOKOTONI-Zanzibar,MKOKOTONI-Zanzibar,2018,Jan,3rd week,0.0
MKOKOTONI-Zanzibar,MKOKOTONI-Zanzibar,2018,Feb,3rd week,19.0
MKOKOTONI-Zanzibar,MKOKOTONI-Zanzibar,2018,Mar,3rd week,61.6
MKOKOTONI-Zanzibar,MKOKOTONI-Zanzibar,2018,Apr,3rd week,95.7
MKOKOTONI-Zanzibar,MKOKOTONI-Zanzibar,2018,May,3rd week,104.9
MKOKOTONI-Zanzibar,MKOKOTONI-Zanzibar,2018,Jun,3rd week,2.2
MKOKOTONI-Zanzibar,MKOKOTONI-Zanzibar,2018,Jul,3rd week,0.0
MKOKOTONI-Zanzibar,MKOKOTONI-Zanzibar,2018,Aug,3rd week,5.3
MKOKOTONI-Zanzibar,MKOKOTONI-Zanzibar,2018,Sep,3rd week,6.2
MKOKOTONI-Zanzibar,MKOKOTONI-Zanzibar,2018,Oct,3rd week,48.2
MKOKOTONI-Zanzibar,MKOKOTONI-Zanzibar,2018,Nov,3rd week,46.0
MKOKOTONI-Zanzibar,MKOKOTONI-Zanzibar,2018,Dec,3rd week,64.0
MKOKOTONI-Zanzibar,MKOKOTONI-Zanzibar,2018,Jan,4th week,0.0
MKOKOTONI-Zanzibar,MKOKOTONI-Zanzibar,2018,Feb,4th week,0.0
MKOKOTONI-Zanzibar,MKOKOTONI-Zanzibar,2018,Mar,4th week,116.39999999999999
MKOKOTONI-Zanzibar,MKOKOTONI-Zanzibar,2018,Apr,4th week,15.2
MKOKOTONI-Zanzibar,MKOKOTONI-Zanzibar,2018,May,4th week,41.0
MKOKOTONI-Zanzibar,MKOKOTONI-Zanzibar,2018,Jun,4th week,0.0
MKOKOTONI-Zanzibar,MKOKOTONI-Zanzibar,2018,Jul,4th week,32.3
MKOKOTONI-Zanzibar,MKOKOTONI-Zanzibar,2018,Aug,4th week,10.0
MKOKOTONI-Zanzibar,MKOKOTONI-Zanzibar,2018,Sep,4th week,0.0
MKOKOTONI-Zanzibar,MKOKOTONI-Zanzibar,2018,Oct,4th week,22.2
MKOKOTONI-Zanzibar,MKOKOTONI-Zanzibar,2018,Nov,4th week,76.3
MKOKOTONI-Zanzibar,MKOKOTONI-Zanzibar,2018,Dec,4th week,0.0
Abdalla mzee-Mkoani,Abdalla mzee-Mkoani,2023,Jan,1st week,2.4
Abdalla mzee-Mkoani,Abdalla mzee-Mkoani,2023,Feb,1st week,22.9
Abdalla mzee-Mkoani,Abdalla mzee-Mkoani,2023,Mar,1st week,9.3
Abdalla mzee-Mkoani,Abdalla mzee-Mkoani,2023,Apr,1st week,205.9
Abdalla mzee-Mkoani,Abdalla mzee-Mkoani,2023,May,1st week,178.4
Abdalla mzee-Mkoani,Abdalla mzee-Mkoani,2023,Jun,1st week,91.20000000000002
Abdalla mzee-Mkoani,Abdalla mzee-Mkoani,2023,Jul,1st week,35.8
Abdalla mzee-Mkoani,Abdalla mzee-Mkoani,2023,Aug,1st week,8.600000000000001
Abdalla mzee-Mkoani,Abdalla mzee-Mkoani,2023,Sep,1st week,4.1
Abdalla mzee-Mkoani,Abdalla mzee-Mkoani,2023,Oct,1st week,2.3
Abdalla mzee-Mkoani,Abdalla mzee-Mkoani,2023,Nov,1st week,390.4
Abdalla mzee-Mkoani,Abdalla mzee-Mkoani,2023,Dec,1st week,68.30000000000001
Abdalla mzee-Mkoani,Abdalla mzee-Mkoani,2023,Jan,2nd week,46.3
Abdalla mzee-Mkoani,Abdalla mzee-Mkoani,2023,Feb,2nd week,14.700000000000001
Abdalla mzee-Mkoani,Abdalla mzee-Mkoani,2023,Mar,2nd week,13.799999999999999
Abdalla mzee-Mkoani,Abdalla mzee-Mkoani,2023,Apr,2nd week,114.80000000000001
Abdalla mzee-Mkoani,Abdalla mzee-Mkoani,2023,May,2nd week,306.3
Abdalla mzee-Mkoani,Abdalla mzee-Mkoani,2023,Jun,2nd week,33.9
Abdalla mzee-Mkoani,Abdalla mzee-Mkoani,2023,Jul,2nd week,12.2
Abdalla mzee-Mkoani,Abdalla mzee-Mkoani,2023,Aug,2nd week,12.5
Abdalla mzee-Mkoani,Abdalla mzee-Mkoani,2023,Sep,2nd week,21.700000000000003
Abdalla mzee-Mkoani,Abdalla mzee-Mkoani,2023,Oct,2nd week,20.0
Abdalla mzee-Mkoani,Abdalla mzee-Mkoani,2023,Nov,2nd week,282.70000000000005
Abdalla mzee-Mkoani,Abdalla mzee-Mkoani,2023,Dec,2nd week,94.0
Abdalla mzee-Mkoani,Abdalla mzee-Mkoani,2023,Jan,3rd week,2.6
Abdalla mzee-Mkoani,Abdalla mzee-Mkoani,2023,Feb,3rd week,2.8
Abdalla mzee-Mkoani,Abdalla mzee-Mkoani,2023,Mar,3rd week,50.8
Abdalla mzee-Mkoani,Abdalla mzee-Mkoani,2023,Apr,3rd week,489.69999999999993
Abdalla mzee-Mkoani,Abdalla mzee-Mkoani,2023,May,3rd week,43.4
Abdalla mzee-Mkoani,Abdalla mzee-Mkoani,2023,Jun,3rd week,50.2
Abdalla mzee-Mkoani,Abdalla mzee-Mkoani,2023,Jul,3rd week,13.1
Abdalla mzee-Mkoani,Abdalla mzee-Mkoani,2023,Aug,3rd week,4.3
Abdalla mzee-Mkoani,Abdalla mzee-Mkoani,2023,Sep,3rd week,11.7
Abdalla mzee-Mkoani,Abdalla mzee-Mkoani,2023,Oct,3rd week,37.5
Abdalla mzee-Mkoani,Abdalla mzee-Mkoani,2023,Nov,3rd week,295.79999999999995
Abdalla mzee-Mkoani,Abdalla mzee-Mkoani,2023,Dec,3rd week,50.6
Abdalla mzee-Mkoani,Abdalla mzee-Mkoani,2023,Jan,4th week,36.0
Abdalla mzee-Mkoani,Abdalla mzee-Mkoani,2023,Feb,4th week,11.8
Abdalla mzee-Mkoani,Abdalla mzee-Mkoani,2023,Mar,4th week,57.3
Abdalla mzee-Mkoani,Abdalla mzee-Mkoani,2023,Apr,4th week,482.09999999999997
Abdalla mzee-Mkoani,Abdalla mzee-Mkoani,2023,May,4th week,103.0
Abdalla mzee-Mkoani,Abdalla mzee-Mkoani,2023,Jun,4th week,34.400000000000006
Abdalla mzee-Mkoani,Abdalla mzee-Mkoani,2023,Jul,4th week,19.799999999999997
Abdalla mzee-Mkoani,Abdalla mzee-Mkoani,2023,Aug,4th week,8.6
Abdalla mzee-Mkoani,Abdalla mzee-Mkoani,2023,Sep,4th week,11.7
Abdalla mzee-Mkoani,Abdalla mzee-Mkoani,2023,Oct,4th week,70.89999999999999
Abdalla mzee-Mkoani,Abdalla mzee-Mkoani,2023,Nov,4th week,148.6
Abdalla mzee-Mkoani,Abdalla mzee-Mkoani,2023,Dec,4th week,0.0
Abdalla mzee-Mkoani,Abdalla mzee-Mkoani,2022,Jan,1st week,0.0
Abdalla mzee-Mkoani,Abdalla mzee-Mkoani,2022,Feb,1st week,0.0
Abdalla mzee-Mkoani,Abdalla mzee-Mkoani,2022,Mar,1st week,0.0
Abdalla mzee-Mkoani,Abdalla mzee-Mkoani,2022,Apr,1st week,4.1
Abdalla mzee-Mkoani,Abdalla mzee-Mkoani,2022,May,1st week,179.79999999999995
Abdalla mzee-Mkoani,Abdalla mzee-Mkoani,2022,Jun,1st week,0.0
Abdalla mzee-Mkoani,Abdalla mzee-Mkoani,2022,Jul,1st week,51.5
Abdalla mzee-Mkoani,Abdalla mzee-Mkoani,2022,Aug,1st week,37.1
Abdalla mzee-Mkoani,Abdalla mzee-Mkoani,2022,Sep,1st week,13.100000000000001
Abdalla mzee-Mkoani,Abdalla mzee-Mkoani,2022,Oct,1st week,27.5
Abdalla mzee-Mkoani,Abdalla mzee-Mkoani,2022,Nov,1st week,65.0
Abdalla mzee-Mkoani,Abdalla mzee-Mkoani,2022,Dec,1st week,51.099999999999994
Abdalla mzee-Mkoani,Abdalla mzee-Mkoani,2022,Jan,2nd week,0.0
Abdalla mzee-Mkoani,Abdalla mzee-Mkoani,2022,Feb,2nd week,8.9
Abdalla mzee-Mkoani,Abdalla mzee-Mkoani,2022,Mar,2nd week,0.0
Abdalla mzee-Mkoani,Abdalla mzee-Mkoani,2022,Apr,2nd week,11.1
Abdalla mzee-Mkoani,Abdalla mzee-Mkoani,2022,May,2nd week,159.89999999999998
Abdalla mzee-Mkoani,Abdalla mzee-Mkoani,2022,Jun,2nd week,34.3
Abdalla mzee-Mkoani,Abdalla mzee-Mkoani,2022,Jul,2nd week,26.700000000000003
Abdalla mzee-Mkoani,Abdalla mzee-Mkoani,2022,Aug,2nd week,20.8
Abdalla mzee-Mkoani,Abdalla mzee-Mkoani,2022,Sep,2nd week,25.299999999999997
Abdalla mzee-Mkoani,Abdalla mzee-Mkoani,2022,Oct,2nd week,18.7
Abdalla mzee-Mkoani,Abdalla mzee-Mkoani,2022,Nov,2nd week,10.700000000000001
Abdalla mzee-Mkoani,Abdalla mzee-Mkoani,2022,Dec,2nd week,124.30000000000001
Abdalla mzee-Mkoani,Abdalla mzee-Mkoani,2022,Jan,3rd week,97.19999999999999
Abdalla mzee-Mkoani,Abdalla mzee-Mkoani,2022,Feb,3rd week,0.0
Abdalla mzee-Mkoani,Abdalla mzee-Mkoani,2022,Mar,3rd week,18.1
Abdalla mzee-Mkoani,Abdalla mzee-Mkoani,2022,Apr,3rd week,144.40000000000003
Abdalla mzee-Mkoani,Abdalla mzee-Mkoani,2022,May,3rd week,65.3
Abdalla mzee-Mkoani,Abdalla mzee-Mkoani,2022,Jun,3rd week,9.600000000000001
Abdalla mzee-Mkoani,Abdalla mzee-Mkoani,2022,Jul,3rd week,36.1
Abdalla mzee-Mkoani,Abdalla mzee-Mkoani,2022,Aug,3rd week,14.200000000000001
Abdalla mzee-Mkoani,Abdalla mzee-Mkoani,2022,Sep,3rd week,3.8
Abdalla mzee-Mkoani,Abdalla mzee-Mkoani,2022,Oct,3rd week,55.3
Abdalla mzee-Mkoani,Abdalla mzee-Mkoani,2022,Nov,3rd week,135.9
Abdalla mzee-Mkoani,Abdalla mzee-Mkoani,2022,Dec,3rd week,70.80000000000001
Abdalla mzee-Mkoani,Abdalla mzee-Mkoani,2022,Jan,4th week,17.7
Abdalla mzee-Mkoani,Abdalla mzee-Mkoani,2022,Feb,4th week,0.0
Abdalla mzee-Mkoani,Abdalla mzee-Mkoani,2022,Mar,4th week,6.9
Abdalla mzee-Mkoani,Abdalla mzee-Mkoani,2022,Apr,4th week,231.70000000000002
Abdalla mzee-Mkoani,Abdalla mzee-Mkoani,2022,May,4th week,77.4
Abdalla mzee-Mkoani,Abdalla mzee-Mkoani,2022,Jun,4th week,19.3
Abdalla mzee-Mkoani,Abdalla mzee-Mkoani,2022,Jul,4th week,28.9
Abdalla mzee-Mkoani,Abdalla mzee-Mkoani,2022,Aug,4th week,34.5
Abdalla mzee-Mkoani,Abdalla mzee-Mkoani,2022,Sep,4th week,15.6
Abdalla mzee-Mkoani,Abdalla mzee-Mkoani,2022,Oct,4th week,32.6
Abdalla mzee-Mkoani,Abdalla mzee-Mkoani,2022,Nov,4th week,50.6
Abdalla mzee-Mkoani,Abdalla mzee-Mkoani,2022,Dec,4th week,44.2
Abdalla mzee-Mkoani,Abdalla mzee-Mkoani,2021,Jan,1st week,0.0
Abdalla mzee-Mkoani,Abdalla mzee-Mkoani,2021,Feb,1st week,0.0
Abdalla mzee-Mkoani,Abdalla mzee-Mkoani,2021,Mar,1st week,0.0
Abdalla mzee-Mkoani,Abdalla mzee-Mkoani,2021,Apr,1st week,50.0
Abdalla mzee-Mkoani,Abdalla mzee-Mkoani,2021,May,1st week,258.29999999999995
Abdalla mzee-Mkoani,Abdalla mzee-Mkoani,2021,Jun,1st week,0.0
Abdalla mzee-Mkoani,Abdalla mzee-Mkoani,2021,Jul,1st week,13.4
Abdalla mzee-Mkoani,Abdalla mzee-Mkoani,2021,Aug,1st week,16.3
Abdalla mzee-Mkoani,Abdalla mzee-Mkoani,2021,Sep,1st week,33.1
Abdalla mzee-Mkoani,Abdalla mzee-Mkoani,2021,Oct,1st week,8.0
Abdalla mzee-Mkoani,Abdalla mzee-Mkoani,2021,Nov,1st week,7.7
Abdalla mzee-Mkoani,Abdalla mzee-Mkoani,2021,Dec,1st week,129.3
Abdalla mzee-Mkoani,Abdalla mzee-Mkoani,2021,Jan,2nd week,17.8
Abdalla mzee-Mkoani,Abdalla mzee-Mkoani,2021,Feb,2nd week,29.2
Abdalla mzee-Mkoani,Abdalla mzee-Mkoani,2021,Mar,2nd week,12.100000000000001
Abdalla mzee-Mkoani,Abdalla mzee-Mkoani,2021,Apr,2nd week,178.39999999999998
Abdalla mzee-Mkoani,Abdalla mzee-Mkoani,2021,May,2nd week,19.0
Abdalla mzee-Mkoani,Abdalla mzee-Mkoani,2021,Jun,2nd week,29.2
Abdalla mzee-Mkoani,Abdalla mzee-Mkoani,2021,Jul,2nd week,3.8
Abdalla mzee-Mkoani,Abdalla mzee-Mkoani,2021,Aug,2nd week,24.4
Abdalla mzee-Mkoani,Abdalla mzee-Mkoani,2021,Sep,2nd week,20.0
Abdalla mzee-Mkoani,Abdalla mzee-Mkoani,2021,Oct,2nd week,16.0
Abdalla mzee-Mkoani,Abdalla mzee-Mkoani,2021,Nov,2nd week,5.4
Abdalla mzee-Mkoani,Abdalla mzee-Mkoani,2021,Dec,2nd week,137.3
Abdalla mzee-Mkoani,Abdalla mzee-Mkoani,2021,Jan,3rd week,0.0
Abdalla mzee-Mkoani,Abdalla mzee-Mkoani,2021,Feb,3rd week,0.0
Abdalla mzee-Mkoani,Abdalla mzee-Mkoani,2021,Mar,3rd week,15.2
Abdalla mzee-Mkoani,Abdalla mzee-Mkoani,2021,Apr,3rd week,425.3
Abdalla mzee-Mkoani,Abdalla mzee-Mkoani,2021,May,3rd week,11.8
Abdalla mzee-Mkoani,Abdalla mzee-Mkoani,2021,Jun,3rd week,7.999999999999999
Abdalla mzee-Mkoani,Abdalla mzee-Mkoani,2021,Jul,3rd week,32.6
Abdalla mzee-Mkoani,Abdalla mzee-Mkoani,2021,Aug,3rd week,16.2
Abdalla mzee-Mkoani,Abdalla mzee-Mkoani,2021,Sep,3rd week,26.400000000000002
Abdalla mzee-Mkoani,Abdalla mzee-Mkoani,2021,Oct,3rd week,0.0
Abdalla mzee-Mkoani,Abdalla mzee-Mkoani,2021,Nov,3rd week,3.1
Abdalla mzee-Mkoani,Abdalla mzee-Mkoani,2021,Dec,3rd week,222.4
Abdalla mzee-Mkoani,Abdalla mzee-Mkoani,2021,Jan,4th week,0.0
Abdalla mzee-Mkoani,Abdalla mzee-Mkoani,2021,Feb,4th week,4.3
Abdalla mzee-Mkoani,Abdalla mzee-Mkoani,2021,Mar,4th week,108.6
Abdalla mzee-Mkoani,Abdalla mzee-Mkoani,2021,Apr,4th week,197.39999999999998
Abdalla mzee-Mkoani,Abdalla mzee-Mkoani,2021,May,4th week,10.6
Abdalla mzee-Mkoani,Abdalla mzee-Mkoani,2021,Jun,4th week,25.700000000000003
Abdalla mzee-Mkoani,Abdalla mzee-Mkoani,2021,Jul,4th week,8.2
Abdalla mzee-Mkoani,Abdalla mzee-Mkoani,2021,Aug,4th week,31.2
Abdalla mzee-Mkoani,Abdalla mzee-Mkoani,2021,Sep,4th week,14.5
Abdalla mzee-Mkoani,Abdalla mzee-Mkoani,2021,Oct,4th week,26.4
Abdalla mzee-Mkoani,Abdalla mzee-Mkoani,2021,Nov,4th week,44.7
Abdalla mzee-Mkoani,Abdalla mzee-Mkoani,2021,Dec,4th week,70.3
Abdalla mzee-Mkoani,Abdalla mzee-Mkoani,2020,Jan,1st week,10.1
Abdalla mzee-Mkoani,Abdalla mzee-Mkoani,2020,Feb,1st week,55.5
Abdalla mzee-Mkoani,Abdalla mzee-Mkoani,2020,Mar,1st week,135.20000000000002
Abdalla mzee-Mkoani,Abdalla mzee-Mkoani,2020,Apr,1st week,223.5
Abdalla mzee-Mkoani,Abdalla mzee-Mkoani,2020,May,1st week,329.4
Abdalla mzee-Mkoani,Abdalla mzee-Mkoani,2020,Jun,1st week,46.1
Abdalla mzee-Mkoani,Abdalla mzee-Mkoani,2020,Jul,1st week,9.1
Abdalla mzee-Mkoani,Abdalla mzee-Mkoani,2020,Aug,1st week,14.900000000000002
Abdalla mzee-Mkoani,Abdalla mzee-Mkoani,2020,Sep,1st week,2.8
Abdalla mzee-Mkoani,Abdalla mzee-Mkoani,2020,Oct,1st week,5.0
Abdalla mzee-Mkoani,Abdalla mzee-Mkoani,2020,Nov,1st week,4.4
Abdalla mzee-Mkoani,Abdalla mzee-Mkoani,2020,Dec,1st week,14.2
Abdalla mzee-Mkoani,Abdalla mzee-Mkoani,2020,Jan,2nd week,20.7
Abdalla mzee-Mkoani,Abdalla mzee-Mkoani,2020,Feb,2nd week,13.899999999999999
Abdalla mzee-Mkoani,Abdalla mzee-Mkoani,2020,Mar,2nd week,37.5
Abdalla mzee-Mkoani,Abdalla mzee-Mkoani,2020,Apr,2nd week,311.90000000000003
Abdalla mzee-Mkoani,Abdalla mzee-Mkoani,2020,May,2nd week,256.2
Abdalla mzee-Mkoani,Abdalla mzee-Mkoani,2020,Jun,2nd week,48.3
Abdalla mzee-Mkoani,Abdalla mzee-Mkoani,2020,Jul,2nd week,55.3
Abdalla mzee-Mkoani,Abdalla mzee-Mkoani,2020,Aug,2nd week,14.600000000000001
Abdalla mzee-Mkoani,Abdalla mzee-Mkoani,2020,Sep,2nd week,1.3
Abdalla mzee-Mkoani,Abdalla mzee-Mkoani,2020,Oct,2nd week,6.6
Abdalla mzee-Mkoani,Abdalla mzee-Mkoani,2020,Nov,2nd week,108.49999999999999
Abdalla mzee-Mkoani,Abdalla mzee-Mkoani,2020,Dec,2nd week,28.0
Abdalla mzee-Mkoani,Abdalla mzee-Mkoani,2020,Jan,3rd week,46.199999999999996
Abdalla mzee-Mkoani,Abdalla mzee-Mkoani,2020,Feb,3rd week,24.4
Abdalla mzee-Mkoani,Abdalla mzee-Mkoani,2020,Mar,3rd week,12.7
Abdalla mzee-Mkoani,Abdalla mzee-Mkoani,2020,Apr,3rd week,210.7
Abdalla mzee-Mkoani,Abdalla mzee-Mkoani,2020,May,3rd week,14.6
Abdalla mzee-Mkoani,Abdalla mzee-Mkoani,2020,Jun,3rd week,18.0
Abdalla mzee-Mkoani,Abdalla mzee-Mkoani,2020,Jul,3rd week,37.400000000000006
Abdalla mzee-Mkoani,Abdalla mzee-Mkoani,2020,Aug,3rd week,5.5
Abdalla mzee-Mkoani,Abdalla mzee-Mkoani,2020,Sep,3rd week,0.0
Abdalla mzee-Mkoani,Abdalla mzee-Mkoani,2020,Oct,3rd week,24.1
Abdalla mzee-Mkoani,Abdalla mzee-Mkoani,2020,Nov,3rd week,20.5
Abdalla mzee-Mkoani,Abdalla mzee-Mkoani,2020,Dec,3rd week,42.4
Abdalla mzee-Mkoani,Abdalla mzee-Mkoani,2020,Jan,4th week,25.8
Abdalla mzee-Mkoani,Abdalla mzee-Mkoani,2020,Feb,4th week,4.4
Abdalla mzee-Mkoani,Abdalla mzee-Mkoani,2020,Mar,4th week,138.8
Abdalla mzee-Mkoani,Abdalla mzee-Mkoani,2020,Apr,4th week,304.5
Abdalla mzee-Mkoani,Abdalla mzee-Mkoani,2020,May,4th week,85.30000000000001
Abdalla mzee-Mkoani,Abdalla mzee-Mkoani,2020,Jun,4th week,7.3
Abdalla mzee-Mkoani,Abdalla mzee-Mkoani,2020,Jul,4th week,11.5
Abdalla mzee-Mkoani,Abdalla mzee-Mkoani,2020,Aug,4th week,6.4
Abdalla mzee-Mkoani,Abdalla mzee-Mkoani,2020,Sep,4th week,6.8
Abdalla mzee-Mkoani,Abdalla mzee-Mkoani,2020,Oct,4th week,5.3999999999999995
Abdalla mzee-Mkoani,Abdalla mzee-Mkoani,2020,Nov,4th week,68.30000000000001
Abdalla mzee-Mkoani,Abdalla mzee-Mkoani,2020,Dec,4th week,24.6
Abdalla mzee-Mkoani,Abdalla mzee-Mkoani,2019,Jan,1st week,
Abdalla mzee-Mkoani,Abdalla mzee-Mkoani,2019,Feb,1st week,
Abdalla mzee-Mkoani,Abdalla mzee-Mkoani,2019,Mar,1st week,
Abdalla mzee-Mkoani,Abdalla mzee-Mkoani,2019,Apr,1st week,
Abdalla mzee-Mkoani,Abdalla mzee-Mkoani,2019,May,1st week,
Abdalla mzee-Mkoani,Abdalla mzee-Mkoani,2019,Jun,1st week,
Abdalla mzee-Mkoani,Abdalla mzee-Mkoani,2019,Jul,1st week,
Abdalla mzee-Mkoani,Abdalla mzee-Mkoani,2019,Aug,1st week,
Abdalla mzee-Mkoani,Abdalla mzee-Mkoani,2019,Sep,1st week,
Abdalla mzee-Mkoani,Abdalla mzee-Mkoani,2019,Oct,1st week,
Abdalla mzee-Mkoani,Abdalla mzee-Mkoani,2019,Nov,1st week,
Abdalla mzee-Mkoani,Abdalla mzee-Mkoani,2019,Dec,1st week,
Abdalla mzee-Mkoani,Abdalla mzee-Mkoani,2019,Jan,2nd week,
Abdalla mzee-Mkoani,Abdalla mzee-Mkoani,2019,Feb,2nd week,
Abdalla mzee-Mkoani,Abdalla mzee-Mkoani,2019,Mar,2nd week,
Abdalla mzee-Mkoani,Abdalla mzee-Mkoani,2019,Apr,2nd week,
Abdalla mzee-Mkoani,Abdalla mzee-Mkoani,2019,May,2nd week,
Abdalla mzee-Mkoani,Abdalla mzee-Mkoani,2019,Jun,2nd week,
Abdalla mzee-Mkoani,Abdalla mzee-Mkoani,2019,Jul,2nd week,
Abdalla mzee-Mkoani,Abdalla mzee-Mkoani,2019,Aug,2nd week,
Abdalla mzee-Mkoani,Abdalla mzee-Mkoani,2019,Sep,2nd week,
Abdalla mzee-Mkoani,Abdalla mzee-Mkoani,2019,Oct,2nd week,
Abdalla mzee-Mkoani,Abdalla mzee-Mkoani,2019,Nov,2nd week,
Abdalla mzee-Mkoani,Abdalla mzee-Mkoani,2019,Dec,2nd week,
Abdalla mzee-Mkoani,Abdalla mzee-Mkoani,2019,Jan,3rd week,
Abdalla mzee-Mkoani,Abdalla mzee-Mkoani,2019,Feb,3rd week,
Abdalla mzee-Mkoani,Abdalla mzee-Mkoani,2019,Mar,3rd week,
Abdalla mzee-Mkoani,Abdalla mzee-Mkoani,2019,Apr,3rd week,
Abdalla mzee-Mkoani,Abdalla mzee-Mkoani,2019,May,3rd week,
Abdalla mzee-Mkoani,Abdalla mzee-Mkoani,2019,Jun,3rd week,
Abdalla mzee-Mkoani,Abdalla mzee-Mkoani,2019,Jul,3rd week,
Abdalla mzee-Mkoani,Abdalla mzee-Mkoani,2019,Aug,3rd week,
Abdalla mzee-Mkoani,Abdalla mzee-Mkoani,2019,Sep,3rd week,
Abdalla mzee-Mkoani,Abdalla mzee-Mkoani,2019,Oct,3rd week,
Abdalla mzee-Mkoani,Abdalla mzee-Mkoani,2019,Nov,3rd week,
Abdalla mzee-Mkoani,Abdalla mzee-Mkoani,2019,Dec,3rd week,
Abdalla mzee-Mkoani,Abdalla mzee-Mkoani,2019,Jan,4th week,
Abdalla mzee-Mkoani,Abdalla mzee-Mkoani,2019,Feb,4th week,
Abdalla mzee-Mkoani,Abdalla mzee-Mkoani,2019,Mar,4th week,
Abdalla mzee-Mkoani,Abdalla mzee-Mkoani,2019,Apr,4th week,
Abdalla mzee-Mkoani,Abdalla mzee-Mkoani,2019,May,4th week,
Abdalla mzee-Mkoani,Abdalla mzee-Mkoani,2019,Jun,4th week,
Abdalla mzee-Mkoani,Abdalla mzee-Mkoani,2019,Jul,4th week,
Abdalla mzee-Mkoani,Abdalla mzee-Mkoani,2019,Aug,4th week,
Abdalla mzee-Mkoani,Abdalla mzee-Mkoani,2019,Sep,4th week,
Abdalla mzee-Mkoani,Abdalla mzee-Mkoani,2019,Oct,4th week,
Abdalla mzee-Mkoani,Abdalla mzee-Mkoani,2019,Nov,4th week,
Abdalla mzee-Mkoani,Abdalla mzee-Mkoani,2019,Dec,4th week,
Abdalla mzee-Mkoani,Abdalla mzee-Mkoani,2018,Jan,1st week,
Abdalla mzee-Mkoani,Abdalla mzee-Mkoani,2018,Feb,1st week,
Abdalla mzee-Mkoani,Abdalla mzee-Mkoani,2018,Mar,1st week,
Abdalla mzee-Mkoani,Abdalla mzee-Mkoani,2018,Apr,1st week,
Abdalla mzee-Mkoani,Abdalla mzee-Mkoani,2018,May,1st week,
Abdalla mzee-Mkoani,Abdalla mzee-Mkoani,2018,Jun,1st week,
Abdalla mzee-Mkoani,Abdalla mzee-Mkoani,2018,Jul,1st week,
Abdalla mzee-Mkoani,Abdalla mzee-Mkoani,2018,Aug,1st week,
Abdalla mzee-Mkoani,Abdalla mzee-Mkoani,2018,Sep,1st week,
Abdalla mzee-Mkoani,Abdalla mzee-Mkoani,2018,Oct,1st week,
Abdalla mzee-Mkoani,Abdalla mzee-Mkoani,2018,Nov,1st week,
Abdalla mzee-Mkoani,Abdalla mzee-Mkoani,2018,Dec,1st week,
Abdalla mzee-Mkoani,Abdalla mzee-Mkoani,2018,Jan,2nd week,
Abdalla mzee-Mkoani,Abdalla mzee-Mkoani,2018,Feb,2nd week,
Abdalla mzee-Mkoani,Abdalla mzee-Mkoani,2018,Mar,2nd week,
Abdalla mzee-Mkoani,Abdalla mzee-Mkoani,2018,Apr,2nd week,
Abdalla mzee-Mkoani,Abdalla mzee-Mkoani,2018,May,2nd week,
Abdalla mzee-Mkoani,Abdalla mzee-Mkoani,2018,Jun,2nd week,
Abdalla mzee-Mkoani,Abdalla mzee-Mkoani,2018,Jul,2nd week,
Abdalla mzee-Mkoani,Abdalla mzee-Mkoani,2018,Aug,2nd week,
Abdalla mzee-Mkoani,Abdalla mzee-Mkoani,2018,Sep,2nd week,
Abdalla mzee-Mkoani,Abdalla mzee-Mkoani,2018,Oct,2nd week,
Abdalla mzee-Mkoani,Abdalla mzee-Mkoani,2018,Nov,2nd week,
Abdalla mzee-Mkoani,Abdalla mzee-Mkoani,2018,Dec,2nd week,
Abdalla mzee-Mkoani,Abdalla mzee-Mkoani,2018,Jan,3rd week,
Abdalla mzee-Mkoani,Abdalla mzee-Mkoani,2018,Feb,3rd week,
Abdalla mzee-Mkoani,Abdalla mzee-Mkoani,2018,Mar,3rd week,
Abdalla mzee-Mkoani,Abdalla mzee-Mkoani,2018,Apr,3rd week,
Abdalla mzee-Mkoani,Abdalla mzee-Mkoani,2018,May,3rd week,
Abdalla mzee-Mkoani,Abdalla mzee-Mkoani,2018,Jun,3rd week,
Abdalla mzee-Mkoani,Abdalla mzee-Mkoani,2018,Jul,3rd week,
Abdalla mzee-Mkoani,Abdalla mzee-Mkoani,2018,Aug,3rd week,
Abdalla mzee-Mkoani,Abdalla mzee-Mkoani,2018,Sep,3rd week,
Abdalla mzee-Mkoani,Abdalla mzee-Mkoani,2018,Oct,3rd week,
Abdalla mzee-Mkoani,Abdalla mzee-Mkoani,2018,Nov,3rd week,
Abdalla mzee-Mkoani,Abdalla mzee-Mkoani,2018,Dec,3rd week,
Abdalla mzee-Mkoani,Abdalla mzee-Mkoani,2018,Jan,4th week,
Abdalla mzee-Mkoani,Abdalla mzee-Mkoani,2018,Feb,4th week,
Abdalla mzee-Mkoani,Abdalla mzee-Mkoani,2018,Mar,4th week,
Abdalla mzee-Mkoani,Abdalla mzee-Mkoani,2018,Apr,4th week,
Abdalla mzee-Mkoani,Abdalla mzee-Mkoani,2018,May,4th week,
Abdalla mzee-Mkoani,Abdalla mzee-Mkoani,2018,Jun,4th week,
Abdalla mzee-Mkoani,Abdalla mzee-Mkoani,2018,Jul,4th week,
Abdalla mzee-Mkoani,Abdalla mzee-Mkoani,2018,Aug,4th week,
Abdalla mzee-Mkoani,Abdalla mzee-Mkoani,2018,Sep,4th week,
Abdalla mzee-Mkoani,Abdalla mzee-Mkoani,2018,Oct,4th week,
Abdalla mzee-Mkoani,Abdalla mzee-Mkoani,2018,Nov,4th week,
Abdalla mzee-Mkoani,Abdalla mzee-Mkoani,2018,Dec,4th week,
Karume airport Pemba,Karume airport Pemba,2023,Jan,1st week,5.2
Karume airport Pemba,Karume airport Pemba,2023,Feb,1st week,7.2
Karume airport Pemba,Karume airport Pemba,2023,Mar,1st week,0.0
Karume airport Pemba,Karume airport Pemba,2023,Apr,1st week,37.99999999999999
Karume airport Pemba,Karume airport Pemba,2023,May,1st week,15.1
Karume airport Pemba,Karume airport Pemba,2023,Jun,1st week,147.1
Karume airport Pemba,Karume airport Pemba,2023,Jul,1st week,22.5
Karume airport Pemba,Karume airport Pemba,2023,Aug,1st week,8.4
Karume airport Pemba,Karume airport Pemba,2023,Sep,1st week,0.0
Karume airport Pemba,Karume airport Pemba,2023,Oct,1st week,5.3
Karume airport Pemba,Karume airport Pemba,2023,Nov,1st week,168.79999999999998
Karume airport Pemba,Karume airport Pemba,2023,Dec,1st week,39.0
Karume airport Pemba,Karume airport Pemba,2023,Jan,2nd week,29.5
Karume airport Pemba,Karume airport Pemba,2023,Feb,2nd week,16.5
Karume airport Pemba,Karume airport Pemba,2023,Mar,2nd week,0.6
Karume airport Pemba,Karume airport Pemba,2023,Apr,2nd week,20.7
Karume airport Pemba,Karume airport Pemba,2023,May,2nd week,29.5
Karume airport Pemba,Karume airport Pemba,2023,Jun,2nd week,66.8
Karume airport Pemba,Karume airport Pemba,2023,Jul,2nd week,7.0
Karume airport Pemba,Karume airport Pemba,2023,Aug,2nd week,8.399999999999999
Karume airport Pemba,Karume airport Pemba,2023,Sep,2nd week,0.6
Karume airport Pemba,Karume airport Pemba,2023,Oct,2nd week,0.0
Karume airport Pemba,Karume airport Pemba,2023,Nov,2nd week,94.3
Karume airport Pemba,Karume airport Pemba,2023,Dec,2nd week,16.7
Karume airport Pemba,Karume airport Pemba,2023,Jan,3rd week,4.7
Karume airport Pemba,Karume airport Pemba,2023,Feb,3rd week,0.0
Karume airport Pemba,Karume airport Pemba,2023,Mar,3rd week,3.8000000000000007
Karume airport Pemba,Karume airport Pemba,2023,Apr,3rd week,433.7
Karume airport Pemba,Karume airport Pemba,2023,May,3rd week,9.399999999999999
Karume airport Pemba,Karume airport Pemba,2023,Jun,3rd week,0.0
Karume airport Pemba,Karume airport Pemba,2023,Jul,3rd week,1.5
Karume airport Pemba,Karume airport Pemba,2023,Aug,3rd week,9.100000000000001
Karume airport Pemba,Karume airport Pemba,2023,Sep,3rd week,0.0
Karume airport Pemba,Karume airport Pemba,2023,Oct,3rd week,63.0
Karume airport Pemba,Karume airport Pemba,2023,Nov,3rd week,92.69999999999999
Karume airport Pemba,Karume airport Pemba,2023,Dec,3rd week,37.900000000000006
Karume airport Pemba,Karume airport Pemba,2023,Jan,4th week,4.4
Karume airport Pemba,Karume airport Pemba,2023,Feb,4th week,0.0
Karume airport Pemba,Karume airport Pemba,2023,Mar,4th week,22.499999999999996
Karume airport Pemba,Karume airport Pemba,2023,Apr,4th week,237.7
Karume airport Pemba,Karume airport Pemba,2023,May,4th week,90.9
Karume airport Pemba,Karume airport Pemba,2023,Jun,4th week,10.600000000000001
Karume airport Pemba,Karume airport Pemba,2023,Jul,4th week,6.9
Karume airport Pemba,Karume airport Pemba,2023,Aug,4th week,0.0
Karume airport Pemba,Karume airport Pemba,2023,Sep,4th week,9.1
Karume airport Pemba,Karume airport Pemba,2023,Oct,4th week,3.5999999999999996
Karume airport Pemba,Karume airport Pemba,2023,Nov,4th week,108.1
Karume airport Pemba,Karume airport Pemba,2023,Dec,4th week,0.0
Karume airport Pemba,Karume airport Pemba,2022,Jan,1st week,0.0
Karume airport Pemba,Karume airport Pemba,2022,Feb,1st week,9.5
Karume airport Pemba,Karume airport Pemba,2022,Mar,1st week,0.0
Karume airport Pemba,Karume airport Pemba,2022,Apr,1st week,6.6
Karume airport Pemba,Karume airport Pemba,2022,May,1st week,88.2
Karume airport Pemba,Karume airport Pemba,2022,Jun,1st week,77.2
Karume airport Pemba,Karume airport Pemba,2022,Jul,1st week,28.400000000000002
Karume airport Pemba,Karume airport Pemba,2022,Aug,1st week,2.0
Karume airport Pemba,Karume airport Pemba,2022,Sep,1st week,0.6
Karume airport Pemba,Karume airport Pemba,2022,Oct,1st week,0.0
Karume airport Pemba,Karume airport Pemba,2022,Nov,1st week,0.0
Karume airport Pemba,Karume airport Pemba,2022,Dec,1st week,0.0
Karume airport Pemba,Karume airport Pemba,2022,Jan,2nd week,0.9
Karume airport Pemba,Karume airport Pemba,2022,Feb,2nd week,0.0
Karume airport Pemba,Karume airport Pemba,2022,Mar,2nd week,0.0
Karume airport Pemba,Karume airport Pemba,2022,Apr,2nd week,25.3
Karume airport Pemba,Karume airport Pemba,2022,May,2nd week,0.7
Karume airport Pemba,Karume airport Pemba,2022,Jun,2nd week,18.5
Karume airport Pemba,Karume airport Pemba,2022,Jul,2nd week,21.9
Karume airport Pemba,Karume airport Pemba,2022,Aug,2nd week,10.6
Karume airport Pemba,Karume airport Pemba,2022,Sep,2nd week,2.0
Karume airport Pemba,Karume airport Pemba,2022,Oct,2nd week,1.4
Karume airport Pemba,Karume airport Pemba,2022,Nov,2nd week,3.7
Karume airport Pemba,Karume airport Pemba,2022,Dec,2nd week,0.0
Karume airport Pemba,Karume airport Pemba,2022,Jan,3rd week,51.7
Karume airport Pemba,Karume airport Pemba,2022,Feb,3rd week,6.1
Karume airport Pemba,Karume airport Pemba,2022,Mar,3rd week,0.0
Karume airport Pemba,Karume airport Pemba,2022,Apr,3rd week,185.40000000000003
Karume airport Pemba,Karume airport Pemba,2022,May,3rd week,6.1
Karume airport Pemba,Karume airport Pemba,2022,Jun,3rd week,1.6
Karume airport Pemba,Karume airport Pemba,2022,Jul,3rd week,22.7
Karume airport Pemba,Karume airport Pemba,2022,Aug,3rd week,1.4
Karume airport Pemba,Karume airport Pemba,2022,Sep,3rd week,3.4
Karume airport Pemba,Karume airport Pemba,2022,Oct,3rd week,0.0
Karume airport Pemba,Karume airport Pemba,2022,Nov,3rd week,21.799999999999997
Karume airport Pemba,Karume airport Pemba,2022,Dec,3rd week,0.0
Karume airport Pemba,Karume airport Pemba,2022,Jan,4th week,0.0
Karume airport Pemba,Karume airport Pemba,2022,Feb,4th week,20.400000000000002
Karume airport Pemba,Karume airport Pemba,2022,Mar,4th week,21.200000000000003
Karume airport Pemba,Karume airport Pemba,2022,Apr,4th week,110.6
Karume airport Pemba,Karume airport Pemba,2022,May,4th week,6.8
Karume airport Pemba,Karume airport Pemba,2022,Jun,4th week,7.3999999999999995
Karume airport Pemba,Karume airport Pemba,2022,Jul,4th week,0.5
Karume airport Pemba,Karume airport Pemba,2022,Aug,4th week,8.7
Karume airport Pemba,Karume airport Pemba,2022,Sep,4th week,8.8
Karume airport Pemba,Karume airport Pemba,2022,Oct,4th week,20.799999999999997
Karume airport Pemba,Karume airport Pemba,2022,Nov,4th week,7.3
Karume airport Pemba,Karume airport Pemba,2022,Dec,4th week,9.1
Karume airport Pemba,Karume airport Pemba,2021,Jan,1st week,6.0
Karume airport Pemba,Karume airport Pemba,2021,Feb,1st week,0.0
Karume airport Pemba,Karume airport Pemba,2021,Mar,1st week,0.0
Karume airport Pemba,Karume airport Pemba,2021,Apr,1st week,88.1
Karume airport Pemba,Karume airport Pemba,2021,May,1st week,177.10000000000002
Karume airport Pemba,Karume airport Pemba,2021,Jun,1st week,19.1
Karume airport Pemba,Karume airport Pemba,2021,Jul,1st week,1.7
Karume airport Pemba,Karume airport Pemba,2021,Aug,1st week,5.8
Karume airport Pemba,Karume airport Pemba,2021,Sep,1st week,1.0
Karume airport Pemba,Karume airport Pemba,2021,Oct,1st week,0.0
Karume airport Pemba,Karume airport Pemba,2021,Nov,1st week,0.9
Karume airport Pemba,Karume airport Pemba,2021,Dec,1st week,31.700000000000003
Karume airport Pemba,Karume airport Pemba,2021,Jan,2nd week,75.7
Karume airport Pemba,Karume airport Pemba,2021,Feb,2nd week,18.2
Karume airport Pemba,Karume airport Pemba,2021,Mar,2nd week,0.0
Karume airport Pemba,Karume airport Pemba,2021,Apr,2nd week,85.20000000000002
Karume airport Pemba,Karume airport Pemba,2021,May,2nd week,0.0
Karume airport Pemba,Karume airport Pemba,2021,Jun,2nd week,10.799999999999999
Karume airport Pemba,Karume airport Pemba,2021,Jul,2nd week,4.8
Karume airport Pemba,Karume airport Pemba,2021,Aug,2nd week,0.0
Karume airport Pemba,Karume airport Pemba,2021,Sep,2nd week,14.3
Karume airport Pemba,Karume airport Pemba,2021,Oct,2nd week,0.0
Karume airport Pemba,Karume airport Pemba,2021,Nov,2nd week,0.0
Karume airport Pemba,Karume airport Pemba,2021,Dec,2nd week,25.599999999999998
Karume airport Pemba,Karume airport Pemba,2021,Jan,3rd week,0.0
Karume airport Pemba,Karume airport Pemba,2021,Feb,3rd week,0.0
Karume airport Pemba,Karume airport Pemba,2021,Mar,3rd week,15.299999999999999
Karume airport Pemba,Karume airport Pemba,2021,Apr,3rd week,149.49999999999997
Karume airport Pemba,Karume airport Pemba,2021,May,3rd week,1.6
Karume airport Pemba,Karume airport Pemba,2021,Jun,3rd week,1.5
Karume airport Pemba,Karume airport Pemba,2021,Jul,3rd week,7.5
Karume airport Pemba,Karume airport Pemba,2021,Aug,3rd week,15.700000000000001
Karume airport Pemba,Karume airport Pemba,2021,Sep,3rd week,5.6
Karume airport Pemba,Karume airport Pemba,2021,Oct,3rd week,18.7
Karume airport Pemba,Karume airport Pemba,2021,Nov,3rd week,0.0
Karume airport Pemba,Karume airport Pemba,2021,Dec,3rd week,26.699999999999996
Karume airport Pemba,Karume airport Pemba,2021,Jan,4th week,15.799999999999999
Karume airport Pemba,Karume airport Pemba,2021,Feb,4th week,12.5
Karume airport Pemba,Karume airport Pemba,2021,Mar,4th week,61.6
Karume airport Pemba,Karume airport Pemba,2021,Apr,4th week,56.699999999999996
Karume airport Pemba,Karume airport Pemba,2021,May,4th week,5.8
Karume airport Pemba,Karume airport Pemba,2021,Jun,4th week,31.6
Karume airport Pemba,Karume airport Pemba,2021,Jul,4th week,2.2
Karume airport Pemba,Karume airport Pemba,2021,Aug,4th week,2.4000000000000004
Karume airport Pemba,Karume airport Pemba,2021,Sep,4th week,2.7
Karume airport Pemba,Karume airport Pemba,2021,Oct,4th week,2.0
Karume airport Pemba,Karume airport Pemba,2021,Nov,4th week,0.4
Karume airport Pemba,Karume airport Pemba,2021,Dec,4th week,17.0
Karume airport Pemba,Karume airport Pemba,2020,Jan,1st week,6.0
Karume airport Pemba,Karume airport Pemba,2020,Feb,1st week,0.0
Karume airport Pemba,Karume airport Pemba,2020,Mar,1st week,0.0
Karume airport Pemba,Karume airport Pemba,2020,Apr,1st week,88.1
Karume airport Pemba,Karume airport Pemba,2020,May,1st week,177.10000000000002
Karume airport Pemba,Karume airport Pemba,2020,Jun,1st week,19.1
Karume airport Pemba,Karume airport Pemba,2020,Jul,1st week,1.7
Karume airport Pemba,Karume airport Pemba,2020,Aug,1st week,5.8
Karume airport Pemba,Karume airport Pemba,2020,Sep,1st week,1.0
Karume airport Pemba,Karume airport Pemba,2020,Oct,1st week,0.0
Karume airport Pemba,Karume airport Pemba,2020,Nov,1st week,0.9
Karume airport Pemba,Karume airport Pemba,2020,Dec,1st week,31.700000000000003
Karume airport Pemba,Karume airport Pemba,2020,Jan,2nd week,75.7
Karume airport Pemba,Karume airport Pemba,2020,Feb,2nd week,18.2
Karume airport Pemba,Karume airport Pemba,2020,Mar,2nd week,0.0
Karume airport Pemba,Karume airport Pemba,2020,Apr,2nd week,85.20000000000002
Karume airport Pemba,Karume airport Pemba,2020,May,2nd week,0.0
Karume airport Pemba,Karume airport Pemba,2020,Jun,2nd week,10.799999999999999
Karume airport Pemba,Karume airport Pemba,2020,Jul,2nd week,4.8
Karume airport Pemba,Karume airport Pemba,2020,Aug,2nd week,0.0
Karume airport Pemba,Karume airport Pemba,2020,Sep,2nd week,14.3
Karume airport Pemba,Karume airport Pemba,2020,Oct,2nd week,0.0
Karume airport Pemba,Karume airport Pemba,2020,Nov,2nd week,0.0
Karume airport Pemba,Karume airport Pemba,2020,Dec,2nd week,25.599999999999998
Karume airport Pemba,Karume airport Pemba,2020,Jan,3rd week,0.0
Karume airport Pemba,Karume airport Pemba,2020,Feb,3rd week,0.0
Karume airport Pemba,Karume airport Pemba,2020,Mar,3rd week,15.299999999999999
Karume airport Pemba,Karume airport Pemba,2020,Apr,3rd week,149.49999999999997
Karume airport Pemba,Karume airport Pemba,2020,May,3rd week,1.6
Karume airport Pemba,Karume airport Pemba,2020,Jun,3rd week,1.5
Karume airport Pemba,Karume airport Pemba,2020,Jul,3rd week,7.5
Karume airport Pemba,Karume airport Pemba,2020,Aug,3rd week,15.700000000000001
Karume airport Pemba,Karume airport Pemba,2020,Sep,3rd week,5.6
Karume airport Pemba,Karume airport Pemba,2020,Oct,3rd week,18.7
Karume airport Pemba,Karume airport Pemba,2020,Nov,3rd week,0.0
Karume airport Pemba,Karume airport Pemba,2020,Dec,3rd week,26.699999999999996
Karume airport Pemba,Karume airport Pemba,2020,Jan,4th week,15.799999999999999
Karume airport Pemba,Karume airport Pemba,2020,Feb,4th week,12.5
Karume airport Pemba,Karume airport Pemba,2020,Mar,4th week,61.6
Karume airport Pemba,Karume airport Pemba,2020,Apr,4th week,56.699999999999996
Karume airport Pemba,Karume airport Pemba,2020,May,4th week,5.8
Karume airport Pemba,Karume airport Pemba,2020,Jun,4th week,31.6
Karume airport Pemba,Karume airport Pemba,2020,Jul,4th week,2.2
Karume airport Pemba,Karume airport Pemba,2020,Aug,4th week,2.4000000000000004
Karume airport Pemba,Karume airport Pemba,2020,Sep,4th week,2.7
Karume airport Pemba,Karume airport Pemba,2020,Oct,4th week,2.0
Karume airport Pemba,Karume airport Pemba,2020,Nov,4th week,0.4
Karume airport Pemba,Karume airport Pemba,2020,Dec,4th week,17.0
Karume airport Pemba,Karume airport Pemba,2019,Jan,1st week,9.0
Karume airport Pemba,Karume airport Pemba,2019,Feb,1st week,1.0
Karume airport Pemba,Karume airport Pemba,2019,Mar,1st week,0.0
Karume airport Pemba,Karume airport Pemba,2019,Apr,1st week,45.5
Karume airport Pemba,Karume airport Pemba,2019,May,1st week,385.8
Karume airport Pemba,Karume airport Pemba,2019,Jun,1st week,13.5
Karume airport Pemba,Karume airport Pemba,2019,Jul,1st week,0.0
Karume airport Pemba,Karume airport Pemba,2019,Aug,1st week,14.0
Karume airport Pemba,Karume airport Pemba,2019,Sep,1st week,0.0
Karume airport Pemba,Karume airport Pemba,2019,Oct,1st week,29.099999999999998
Karume airport Pemba,Karume airport Pemba,2019,Nov,1st week,28.0
Karume airport Pemba,Karume airport Pemba,2019,Dec,1st week,7.699999999999999
Karume airport Pemba,Karume airport Pemba,2019,Jan,2nd week,0.0
Karume airport Pemba,Karume airport Pemba,2019,Feb,2nd week,0.5
Karume airport Pemba,Karume airport Pemba,2019,Mar,2nd week,0.0
Karume airport Pemba,Karume airport Pemba,2019,Apr,2nd week,2.3
Karume airport Pemba,Karume airport Pemba,2019,May,2nd week,339.0
Karume airport Pemba,Karume airport Pemba,2019,Jun,2nd week,5.5
Karume airport Pemba,Karume airport Pemba,2019,Jul,2nd week,3.7
Karume airport Pemba,Karume airport Pemba,2019,Aug,2nd week,0.4
Karume airport Pemba,Karume airport Pemba,2019,Sep,2nd week,16.700000000000003
Karume airport Pemba,Karume airport Pemba,2019,Oct,2nd week,188.70000000000002
Karume airport Pemba,Karume airport Pemba,2019,Nov,2nd week,10.7
Karume airport Pemba,Karume airport Pemba,2019,Dec,2nd week,5.199999999999999
Karume airport Pemba,Karume airport Pemba,2019,Jan,3rd week,1.0
Karume airport Pemba,Karume airport Pemba,2019,Feb,3rd week,6.8
Karume airport Pemba,Karume airport Pemba,2019,Mar,3rd week,0.0
Karume airport Pemba,Karume airport Pemba,2019,Apr,3rd week,17.6
Karume airport Pemba,Karume airport Pemba,2019,May,3rd week,57.699999999999996
Karume airport Pemba,Karume airport Pemba,2019,Jun,3rd week,14.4
Karume airport Pemba,Karume airport Pemba,2019,Jul,3rd week,12.7
Karume airport Pemba,Karume airport Pemba,2019,Aug,3rd week,5.4
Karume airport Pemba,Karume airport Pemba,2019,Sep,3rd week,0.0
Karume airport Pemba,Karume airport Pemba,2019,Oct,3rd week,137.1
Karume airport Pemba,Karume airport Pemba,2019,Nov,3rd week,50.3
Karume airport Pemba,Karume airport Pemba,2019,Dec,3rd week,215.59999999999997
Karume airport Pemba,Karume airport Pemba,2019,Jan,4th week,0.0
Karume airport Pemba,Karume airport Pemba,2019,Feb,4th week,33.0
Karume airport Pemba,Karume airport Pemba,2019,Mar,4th week,5.1
Karume airport Pemba,Karume airport Pemba,2019,Apr,4th week,68.5
Karume airport Pemba,Karume airport Pemba,2019,May,4th week,263.2
Karume airport Pemba,Karume airport Pemba,2019,Jun,4th week,0.0
Karume airport Pemba,Karume airport Pemba,2019,Jul,4th week,0.1
Karume airport Pemba,Karume airport Pemba,2019,Aug,4th week,7.1
Karume airport Pemba,Karume airport Pemba,2019,Sep,4th week,6.9
Karume airport Pemba,Karume airport Pemba,2019,Oct,4th week,126.3
Karume airport Pemba,Karume airport Pemba,2019,Nov,4th week,61.0
Karume airport Pemba,Karume airport Pemba,2019,Dec,4th week,44.00000000000001
Karume airport Pemba,Karume airport Pemba,2018,Jan,1st week,14.1
Karume airport Pemba,Karume airport Pemba,2018,Feb,1st week,0.0
Karume airport Pemba,Karume airport Pemba,2018,Mar,1st week,130.8
Karume airport Pemba,Karume airport Pemba,2018,Apr,1st week,66.1
Karume airport Pemba,Karume airport Pemba,2018,May,1st week,321.59999999999997
Karume airport Pemba,Karume airport Pemba,2018,Jun,1st week,50.199999999999996
Karume airport Pemba,Karume airport Pemba,2018,Jul,1st week,14.8
Karume airport Pemba,Karume airport Pemba,2018,Aug,1st week,0.0
Karume airport Pemba,Karume airport Pemba,2018,Sep,1st week,7.0
Karume airport Pemba,Karume airport Pemba,2018,Oct,1st week,0.0
Karume airport Pemba,Karume airport Pemba,2018,Nov,1st week,0.0
Karume airport Pemba,Karume airport Pemba,2018,Dec,1st week,0.0
Karume airport Pemba,Karume airport Pemba,2018,Jan,2nd week,1.1
Karume airport Pemba,Karume airport Pemba,2018,Feb,2nd week,0.0
Karume airport Pemba,Karume airport Pemba,2018,Mar,2nd week,61.2
Karume airport Pemba,Karume airport Pemba,2018,Apr,2nd week,152.5
Karume airport Pemba,Karume airport Pemba,2018,May,2nd week,210.5
Karume airport Pemba,Karume airport Pemba,2018,Jun,2nd week,19.1
Karume airport Pemba,Karume airport Pemba,2018,Jul,2nd week,4.9
Karume airport Pemba,Karume airport Pemba,2018,Aug,2nd week,0.0
Karume airport Pemba,Karume airport Pemba,2018,Sep,2nd week,4.2
Karume airport Pemba,Karume airport Pemba,2018,Oct,2nd week,1.6
Karume airport Pemba,Karume airport Pemba,2018,Nov,2nd week,13.5
Karume airport Pemba,Karume airport Pemba,2018,Dec,2nd week,34.400000000000006
Karume airport Pemba,Karume airport Pemba,2018,Jan,3rd week,0.0
Karume airport Pemba,Karume airport Pemba,2018,Feb,3rd week,0.0
Karume airport Pemba,Karume airport Pemba,2018,Mar,3rd week,50.0
Karume airport Pemba,Karume airport Pemba,2018,Apr,3rd week,131.7
Karume airport Pemba,Karume airport Pemba,2018,May,3rd week,65.39999999999999
Karume airport Pemba,Karume airport Pemba,2018,Jun,3rd week,0.2
Karume airport Pemba,Karume airport Pemba,2018,Jul,3rd week,10.4
Karume airport Pemba,Karume airport Pemba,2018,Aug,3rd week,0.0
Karume airport Pemba,Karume airport Pemba,2018,Sep,3rd week,5.0
Karume airport Pemba,Karume airport Pemba,2018,Oct,3rd week,5.1000000000000005
Karume airport Pemba,Karume airport Pemba,2018,Nov,3rd week,16.8
Karume airport Pemba,Karume airport Pemba,2018,Dec,3rd week,13.7
Karume airport Pemba,Karume airport Pemba,2018,Jan,4th week,0.0
Karume airport Pemba,Karume airport Pemba,2018,Feb,4th week,0.0
Karume airport Pemba,Karume airport Pemba,2018,Mar,4th week,64.7
Karume airport Pemba,Karume airport Pemba,2018,Apr,4th week,44.4
Karume airport Pemba,Karume airport Pemba,2018,May,4th week,83.89999999999999
Karume airport Pemba,Karume airport Pemba,2018,Jun,4th week,16.999999999999996
Karume airport Pemba,Karume airport Pemba,2018,Jul,4th week,11.400000000000002
Karume airport Pemba,Karume airport Pemba,2018,Aug,4th week,0.0
Karume airport Pemba,Karume airport Pemba,2018,Sep,4th week,38.5
Karume airport Pemba,Karume airport Pemba,2018,Oct,4th week,61.3
Karume airport Pemba,Karume airport Pemba,2018,Nov,4th week,3.3000000000000003
Karume airport Pemba,Karume airport Pemba,2018,Dec,4th week,0.6
