Date,Humidity,Region,Island,Year,Week
2018-01-07,90.0,CHAKE-CHAKE,Pemba,2018,1
2018-01-14,90.0,CHAKE-CHAKE,Pemba,2018,2
2018-01-21,90.0,CHAKE-CHAKE,Pemba,2018,3
2018-01-28,90.0,CHAKE-CHAKE,Pemba,2018,4
2018-02-04,90.0,CHAKE-CHAKE,Pemba,2018,5
2018-02-11,90.5,CHAKE-CHAKE,Pemba,2018,6
2018-02-18,91.0,CHAKE-CHAKE,Pemba,2018,7
2018-02-25,91.5,CHAKE-CHAKE,Pemba,2018,8
2018-03-04,92.0,CHAKE-CHAKE,Pemba,2018,9
2018-03-11,92.75,CHAKE-CHAKE,Pemba,2018,10
2018-03-18,93.5,CHAKE-CHAKE,Pemba,2018,11
2018-03-25,94.25,CHAKE-CHAKE,Pemba,2018,12
2018-04-01,95.0,CHAKE-CHAKE,Pemba,2018,13
2018-04-08,94.8,CHAKE-CHAKE,Pemba,2018,14
2018-04-15,94.6,CHAKE-CHAKE,Pemba,2018,15
2018-04-22,94.4,CHAKE-CHAKE,Pemba,2018,16
2018-04-29,94.2,CHAKE-CHAKE,Pemba,2018,17
2018-05-06,94.0,CHAKE-CHAKE,Pemba,2018,18
2018-05-13,92.5,CHAKE-CHAKE,Pemba,2018,19
2018-05-20,91.0,CHAKE-CHAKE,Pemba,2018,20
2018-05-27,89.5,CHAKE-CHAKE,Pemba,2018,21
2018-06-03,88.0,CHAKE-CHAKE,Pemba,2018,22
2018-06-10,87.5,CHAKE-CHAKE,Pemba,2018,23
2018-06-17,87.0,CHAKE-CHAKE,Pemba,2018,24
2018-06-24,86.5,CHAKE-CHAKE,Pemba,2018,25
2018-07-01,86.0,CHAKE-CHAKE,Pemba,2018,26
2018-07-08,85.6,CHAKE-CHAKE,Pemba,2018,27
2018-07-15,85.2,CHAKE-CHAKE,Pemba,2018,28
2018-07-22,84.8,CHAKE-CHAKE,Pemba,2018,29
2018-07-29,84.4,CHAKE-CHAKE,Pemba,2018,30
2018-08-05,84.0,CHAKE-CHAKE,Pemba,2018,31
2018-08-12,84.0,CHAKE-CHAKE,Pemba,2018,32
2018-08-19,84.0,CHAKE-CHAKE,Pemba,2018,33
2018-08-26,84.0,CHAKE-CHAKE,Pemba,2018,34
2018-09-02,84.0,CHAKE-CHAKE,Pemba,2018,35
2018-09-09,85.0,CHAKE-CHAKE,Pemba,2018,36
2018-09-16,86.0,CHAKE-CHAKE,Pemba,2018,37
2018-09-23,87.0,CHAKE-CHAKE,Pemba,2018,38
2018-09-30,88.0,CHAKE-CHAKE,Pemba,2018,39
2018-10-07,89.0,CHAKE-CHAKE,Pemba,2018,40
2018-10-14,90.25,CHAKE-CHAKE,Pemba,2018,41
2018-10-21,91.5,CHAKE-CHAKE,Pemba,2018,42
2018-10-28,92.75,CHAKE-CHAKE,Pemba,2018,43
2018-11-04,94.0,CHAKE-CHAKE,Pemba,2018,44
2018-11-11,93.75,CHAKE-CHAKE,Pemba,2018,45
2018-11-18,93.5,CHAKE-CHAKE,Pemba,2018,46
2018-11-25,93.25,CHAKE-CHAKE,Pemba,2018,47
2018-12-02,93.0,CHAKE-CHAKE,Pemba,2018,48
2018-12-09,92.2,CHAKE-CHAKE,Pemba,2018,49
2018-12-16,91.4,CHAKE-CHAKE,Pemba,2018,50
2018-12-23,90.6,CHAKE-CHAKE,Pemba,2018,51
2018-12-30,89.8,CHAKE-CHAKE,Pemba,2018,52
2019-01-06,89.0,CHAKE-CHAKE,Pemba,2019,1
2019-01-13,88.75,CHAKE-CHAKE,Pemba,2019,2
2019-01-20,88.5,CHAKE-CHAKE,Pemba,2019,3
2019-01-27,88.25,CHAKE-CHAKE,Pemba,2019,4
2019-02-03,88.0,CHAKE-CHAKE,Pemba,2019,5
2019-02-10,89.0,CHAKE-CHAKE,Pemba,2019,6
2019-02-17,90.0,CHAKE-CHAKE,Pemba,2019,7
2019-02-24,91.0,CHAKE-CHAKE,Pemba,2019,8
2019-03-03,92.0,CHAKE-CHAKE,Pemba,2019,9
2019-03-10,92.4,CHAKE-CHAKE,Pemba,2019,10
2019-03-17,92.8,CHAKE-CHAKE,Pemba,2019,11
2019-03-24,93.2,CHAKE-CHAKE,Pemba,2019,12
2019-03-31,93.6,CHAKE-CHAKE,Pemba,2019,13
2019-04-07,94.0,CHAKE-CHAKE,Pemba,2019,14
2019-04-14,94.25,CHAKE-CHAKE,Pemba,2019,15
2019-04-21,94.5,CHAKE-CHAKE,Pemba,2019,16
2019-04-28,94.75,CHAKE-CHAKE,Pemba,2019,17
2019-05-05,95.0,CHAKE-CHAKE,Pemba,2019,18
2019-05-12,92.75,CHAKE-CHAKE,Pemba,2019,19
2019-05-19,90.5,CHAKE-CHAKE,Pemba,2019,20
2019-05-26,88.25,CHAKE-CHAKE,Pemba,2019,21
2019-06-02,86.0,CHAKE-CHAKE,Pemba,2019,22
2019-06-09,86.6,CHAKE-CHAKE,Pemba,2019,23
2019-06-16,87.2,CHAKE-CHAKE,Pemba,2019,24
2019-06-23,87.8,CHAKE-CHAKE,Pemba,2019,25
2019-06-30,88.4,CHAKE-CHAKE,Pemba,2019,26
2019-07-07,89.0,CHAKE-CHAKE,Pemba,2019,27
2019-07-14,89.5,CHAKE-CHAKE,Pemba,2019,28
2019-07-21,90.0,CHAKE-CHAKE,Pemba,2019,29
2019-07-28,90.5,CHAKE-CHAKE,Pemba,2019,30
2019-08-04,91.0,CHAKE-CHAKE,Pemba,2019,31
2019-08-11,90.5,CHAKE-CHAKE,Pemba,2019,32
2019-08-18,90.0,CHAKE-CHAKE,Pemba,2019,33
2019-08-25,89.5,CHAKE-CHAKE,Pemba,2019,34
2019-09-01,89.0,CHAKE-CHAKE,Pemba,2019,35
2019-09-08,90.2,CHAKE-CHAKE,Pemba,2019,36
2019-09-15,91.4,CHAKE-CHAKE,Pemba,2019,37
2019-09-22,92.6,CHAKE-CHAKE,Pemba,2019,38
2019-09-29,93.8,CHAKE-CHAKE,Pemba,2019,39
2019-10-06,95.0,CHAKE-CHAKE,Pemba,2019,40
2019-10-13,95.0,CHAKE-CHAKE,Pemba,2019,41
2019-10-20,95.0,CHAKE-CHAKE,Pemba,2019,42
2019-10-27,95.0,CHAKE-CHAKE,Pemba,2019,43
2019-11-03,95.0,CHAKE-CHAKE,Pemba,2019,44
2019-11-10,94.5,CHAKE-CHAKE,Pemba,2019,45
2019-11-17,94.0,CHAKE-CHAKE,Pemba,2019,46
2019-11-24,93.5,CHAKE-CHAKE,Pemba,2019,47
2019-12-01,93.0,CHAKE-CHAKE,Pemba,2019,48
2019-12-08,91.6,CHAKE-CHAKE,Pemba,2019,49
2019-12-15,90.2,CHAKE-CHAKE,Pemba,2019,50
2019-12-22,88.8,CHAKE-CHAKE,Pemba,2019,51
2019-12-29,87.4,CHAKE-CHAKE,Pemba,2019,52
2020-01-05,86.0,CHAKE-CHAKE,Pemba,2020,1
2020-01-12,87.75,CHAKE-CHAKE,Pemba,2020,2
2020-01-19,89.5,CHAKE-CHAKE,Pemba,2020,3
2020-01-26,91.25,CHAKE-CHAKE,Pemba,2020,4
2020-02-02,93.0,CHAKE-CHAKE,Pemba,2020,5
2020-02-09,93.0,CHAKE-CHAKE,Pemba,2020,6
2020-02-16,93.0,CHAKE-CHAKE,Pemba,2020,7
2020-02-23,93.0,CHAKE-CHAKE,Pemba,2020,8
2020-03-01,93.0,CHAKE-CHAKE,Pemba,2020,9
2020-03-08,91.4,CHAKE-CHAKE,Pemba,2020,10
2020-03-15,89.8,CHAKE-CHAKE,Pemba,2020,11
2020-03-22,88.2,CHAKE-CHAKE,Pemba,2020,12
2020-03-29,86.6,CHAKE-CHAKE,Pemba,2020,13
2020-04-05,85.0,CHAKE-CHAKE,Pemba,2020,14
2020-04-12,86.5,CHAKE-CHAKE,Pemba,2020,15
2020-04-19,88.0,CHAKE-CHAKE,Pemba,2020,16
2020-04-26,89.5,CHAKE-CHAKE,Pemba,2020,17
2020-05-03,91.0,CHAKE-CHAKE,Pemba,2020,18
2020-05-10,90.2,CHAKE-CHAKE,Pemba,2020,19
2020-05-17,89.4,CHAKE-CHAKE,Pemba,2020,20
2020-05-24,88.6,CHAKE-CHAKE,Pemba,2020,21
2020-05-31,87.8,CHAKE-CHAKE,Pemba,2020,22
2020-06-07,87.0,CHAKE-CHAKE,Pemba,2020,23
2020-06-14,85.25,CHAKE-CHAKE,Pemba,2020,24
2020-06-21,83.5,CHAKE-CHAKE,Pemba,2020,25
2020-06-28,81.75,CHAKE-CHAKE,Pemba,2020,26
2020-07-05,80.0,CHAKE-CHAKE,Pemba,2020,27
2020-07-12,81.5,CHAKE-CHAKE,Pemba,2020,28
2020-07-19,83.0,CHAKE-CHAKE,Pemba,2020,29
2020-07-26,84.5,CHAKE-CHAKE,Pemba,2020,30
2020-08-02,86.0,CHAKE-CHAKE,Pemba,2020,31
2020-08-09,86.4,CHAKE-CHAKE,Pemba,2020,32
2020-08-16,86.8,CHAKE-CHAKE,Pemba,2020,33
2020-08-23,87.2,CHAKE-CHAKE,Pemba,2020,34
2020-08-30,87.6,CHAKE-CHAKE,Pemba,2020,35
2020-09-06,88.0,CHAKE-CHAKE,Pemba,2020,36
2020-09-13,88.5,CHAKE-CHAKE,Pemba,2020,37
2020-09-20,89.0,CHAKE-CHAKE,Pemba,2020,38
2020-09-27,89.5,CHAKE-CHAKE,Pemba,2020,39
2020-10-04,90.0,CHAKE-CHAKE,Pemba,2020,40
2020-10-11,90.25,CHAKE-CHAKE,Pemba,2020,41
2020-10-18,90.5,CHAKE-CHAKE,Pemba,2020,42
2020-10-25,90.75,CHAKE-CHAKE,Pemba,2020,43
2020-11-01,91.0,CHAKE-CHAKE,Pemba,2020,44
2020-11-08,90.8,CHAKE-CHAKE,Pemba,2020,45
2020-11-15,90.6,CHAKE-CHAKE,Pemba,2020,46
2020-11-22,90.4,CHAKE-CHAKE,Pemba,2020,47
2020-11-29,90.2,CHAKE-CHAKE,Pemba,2020,48
2020-12-06,90.0,CHAKE-CHAKE,Pemba,2020,49
2020-12-13,90.0,CHAKE-CHAKE,Pemba,2020,50
2020-12-20,90.0,CHAKE-CHAKE,Pemba,2020,51
2020-12-27,90.0,CHAKE-CHAKE,Pemba,2020,52
2021-01-10,90.0,CHAKE-CHAKE,Pemba,2021,1
2021-01-17,90.0,CHAKE-CHAKE,Pemba,2021,2
2021-01-24,90.0,CHAKE-CHAKE,Pemba,2021,3
2021-01-31,90.0,CHAKE-CHAKE,Pemba,2021,4
2021-02-07,90.0,CHAKE-CHAKE,Pemba,2021,5
2021-02-14,84.75,CHAKE-CHAKE,Pemba,2021,6
2021-02-21,79.5,CHAKE-CHAKE,Pemba,2021,7
2021-02-28,74.25,CHAKE-CHAKE,Pemba,2021,8
2021-03-07,69.0,CHAKE-CHAKE,Pemba,2021,9
2021-03-14,73.0,CHAKE-CHAKE,Pemba,2021,10
2021-03-21,77.0,CHAKE-CHAKE,Pemba,2021,11
2021-03-28,81.0,CHAKE-CHAKE,Pemba,2021,12
2021-04-04,85.0,CHAKE-CHAKE,Pemba,2021,13
2021-04-11,85.5,CHAKE-CHAKE,Pemba,2021,14
2021-04-18,86.0,CHAKE-CHAKE,Pemba,2021,15
2021-04-25,86.5,CHAKE-CHAKE,Pemba,2021,16
2021-05-02,87.0,CHAKE-CHAKE,Pemba,2021,17
2021-05-09,86.6,CHAKE-CHAKE,Pemba,2021,18
2021-05-16,86.2,CHAKE-CHAKE,Pemba,2021,19
2021-05-23,85.8,CHAKE-CHAKE,Pemba,2021,20
2021-05-30,85.4,CHAKE-CHAKE,Pemba,2021,21
2021-06-06,85.0,CHAKE-CHAKE,Pemba,2021,22
2021-06-13,84.5,CHAKE-CHAKE,Pemba,2021,23
2021-06-20,84.0,CHAKE-CHAKE,Pemba,2021,24
2021-06-27,83.5,CHAKE-CHAKE,Pemba,2021,25
2021-07-04,83.0,CHAKE-CHAKE,Pemba,2021,26
2021-07-11,83.75,CHAKE-CHAKE,Pemba,2021,27
2021-07-18,84.5,CHAKE-CHAKE,Pemba,2021,28
2021-07-25,85.25,CHAKE-CHAKE,Pemba,2021,29
2021-08-01,86.0,CHAKE-CHAKE,Pemba,2021,30
2021-08-08,85.8,CHAKE-CHAKE,Pemba,2021,31
2021-08-15,85.6,CHAKE-CHAKE,Pemba,2021,32
2021-08-22,85.4,CHAKE-CHAKE,Pemba,2021,33
2021-08-29,85.2,CHAKE-CHAKE,Pemba,2021,34
2021-09-05,85.0,CHAKE-CHAKE,Pemba,2021,35
2021-09-12,85.75,CHAKE-CHAKE,Pemba,2021,36
2021-09-19,86.5,CHAKE-CHAKE,Pemba,2021,37
2021-09-26,87.25,CHAKE-CHAKE,Pemba,2021,38
2021-10-03,88.0,CHAKE-CHAKE,Pemba,2021,39
2021-10-10,88.2,CHAKE-CHAKE,Pemba,2021,40
2021-10-17,88.4,CHAKE-CHAKE,Pemba,2021,41
2021-10-24,88.6,CHAKE-CHAKE,Pemba,2021,42
2021-10-31,88.8,CHAKE-CHAKE,Pemba,2021,43
2021-11-07,89.0,CHAKE-CHAKE,Pemba,2021,44
2021-11-14,89.75,CHAKE-CHAKE,Pemba,2021,45
2021-11-21,90.5,CHAKE-CHAKE,Pemba,2021,46
2021-11-28,91.25,CHAKE-CHAKE,Pemba,2021,47
2021-12-05,92.0,CHAKE-CHAKE,Pemba,2021,48
2021-12-12,88.0,CHAKE-CHAKE,Pemba,2021,49
2021-12-19,84.0,CHAKE-CHAKE,Pemba,2021,50
2021-12-26,80.0,CHAKE-CHAKE,Pemba,2021,51
2022-01-02,76.0,CHAKE-CHAKE,Pemba,2021,52
2022-01-09,76.2,CHAKE-CHAKE,Pemba,2022,1
2022-01-16,76.4,CHAKE-CHAKE,Pemba,2022,2
2022-01-23,76.6,CHAKE-CHAKE,Pemba,2022,3
2022-01-30,76.8,CHAKE-CHAKE,Pemba,2022,4
2022-02-06,77.0,CHAKE-CHAKE,Pemba,2022,5
2022-02-13,75.0,CHAKE-CHAKE,Pemba,2022,6
2022-02-20,73.0,CHAKE-CHAKE,Pemba,2022,7
2022-02-27,71.0,CHAKE-CHAKE,Pemba,2022,8
2022-03-06,69.0,CHAKE-CHAKE,Pemba,2022,9
2022-03-13,71.75,CHAKE-CHAKE,Pemba,2022,10
2022-03-20,74.5,CHAKE-CHAKE,Pemba,2022,11
2022-03-27,77.25,CHAKE-CHAKE,Pemba,2022,12
2022-04-03,80.0,CHAKE-CHAKE,Pemba,2022,13
2022-04-10,81.5,CHAKE-CHAKE,Pemba,2022,14
2022-04-17,83.0,CHAKE-CHAKE,Pemba,2022,15
2022-04-24,84.5,CHAKE-CHAKE,Pemba,2022,16
2022-05-01,86.0,CHAKE-CHAKE,Pemba,2022,17
2022-05-08,70.56,CHAKE-CHAKE,Pemba,2022,18
2022-05-15,55.12,CHAKE-CHAKE,Pemba,2022,19
2022-05-22,39.67999999999999,CHAKE-CHAKE,Pemba,2022,20
2022-05-29,24.239999999999995,CHAKE-CHAKE,Pemba,2022,21
2022-06-05,8.8,CHAKE-CHAKE,Pemba,2022,22
2022-06-12,30.1,CHAKE-CHAKE,Pemba,2022,23
2022-06-19,51.400000000000006,CHAKE-CHAKE,Pemba,2022,24
2022-06-26,72.7,CHAKE-CHAKE,Pemba,2022,25
2022-07-03,94.0,CHAKE-CHAKE,Pemba,2022,26
2022-07-10,93.0,CHAKE-CHAKE,Pemba,2022,27
2022-07-17,92.0,CHAKE-CHAKE,Pemba,2022,28
2022-07-24,91.0,CHAKE-CHAKE,Pemba,2022,29
2022-07-31,90.0,CHAKE-CHAKE,Pemba,2022,30
2022-08-07,89.0,CHAKE-CHAKE,Pemba,2022,31
2022-08-14,88.75,CHAKE-CHAKE,Pemba,2022,32
2022-08-21,88.5,CHAKE-CHAKE,Pemba,2022,33
2022-08-28,88.25,CHAKE-CHAKE,Pemba,2022,34
2022-09-04,88.0,CHAKE-CHAKE,Pemba,2022,35
2022-09-11,88.5,CHAKE-CHAKE,Pemba,2022,36
2022-09-18,89.0,CHAKE-CHAKE,Pemba,2022,37
2022-09-25,89.5,CHAKE-CHAKE,Pemba,2022,38
2022-10-02,90.0,CHAKE-CHAKE,Pemba,2022,39
2022-10-09,90.6,CHAKE-CHAKE,Pemba,2022,40
2022-10-16,91.2,CHAKE-CHAKE,Pemba,2022,41
2022-10-23,91.8,CHAKE-CHAKE,Pemba,2022,42
2022-10-30,92.4,CHAKE-CHAKE,Pemba,2022,43
2022-11-06,93.0,CHAKE-CHAKE,Pemba,2022,44
2022-11-13,93.25,CHAKE-CHAKE,Pemba,2022,45
2022-11-20,93.5,CHAKE-CHAKE,Pemba,2022,46
2022-11-27,93.75,CHAKE-CHAKE,Pemba,2022,47
2022-12-04,94.0,CHAKE-CHAKE,Pemba,2022,48
2022-12-11,92.25,CHAKE-CHAKE,Pemba,2022,49
2022-12-18,90.5,CHAKE-CHAKE,Pemba,2022,50
2022-12-25,88.75,CHAKE-CHAKE,Pemba,2022,51
2023-01-01,87.0,CHAKE-CHAKE,Pemba,2022,52
2023-01-08,87.6,CHAKE-CHAKE,Pemba,2023,1
2023-01-15,88.2,CHAKE-CHAKE,Pemba,2023,2
2023-01-22,88.8,CHAKE-CHAKE,Pemba,2023,3
2023-01-29,89.4,CHAKE-CHAKE,Pemba,2023,4
2023-02-05,90.0,CHAKE-CHAKE,Pemba,2023,5
2023-02-12,90.5,CHAKE-CHAKE,Pemba,2023,6
2023-02-19,91.0,CHAKE-CHAKE,Pemba,2023,7
2023-02-26,91.5,CHAKE-CHAKE,Pemba,2023,8
2023-03-05,92.0,CHAKE-CHAKE,Pemba,2023,9
2023-03-12,91.5,CHAKE-CHAKE,Pemba,2023,10
2023-03-19,91.0,CHAKE-CHAKE,Pemba,2023,11
2023-03-26,90.5,CHAKE-CHAKE,Pemba,2023,12
2023-04-02,90.0,CHAKE-CHAKE,Pemba,2023,13
2023-04-09,91.2,CHAKE-CHAKE,Pemba,2023,14
2023-04-16,92.4,CHAKE-CHAKE,Pemba,2023,15
2023-04-23,93.6,CHAKE-CHAKE,Pemba,2023,16
2023-04-30,94.8,CHAKE-CHAKE,Pemba,2023,17
2023-05-07,96.0,CHAKE-CHAKE,Pemba,2023,18
2023-05-14,94.5,CHAKE-CHAKE,Pemba,2023,19
2023-05-21,93.0,CHAKE-CHAKE,Pemba,2023,20
2023-05-28,91.5,CHAKE-CHAKE,Pemba,2023,21
2023-06-04,90.0,CHAKE-CHAKE,Pemba,2023,22
2023-06-11,88.75,CHAKE-CHAKE,Pemba,2023,23
2023-06-18,87.5,CHAKE-CHAKE,Pemba,2023,24
2023-06-25,86.25,CHAKE-CHAKE,Pemba,2023,25
2023-07-02,85.0,CHAKE-CHAKE,Pemba,2023,26
2023-07-09,85.4,CHAKE-CHAKE,Pemba,2023,27
2023-07-16,85.8,CHAKE-CHAKE,Pemba,2023,28
2023-07-23,86.2,CHAKE-CHAKE,Pemba,2023,29
2023-07-30,86.6,CHAKE-CHAKE,Pemba,2023,30
2023-08-06,87.0,CHAKE-CHAKE,Pemba,2023,31
2023-08-13,87.5,CHAKE-CHAKE,Pemba,2023,32
2023-08-20,88.0,CHAKE-CHAKE,Pemba,2023,33
2023-08-27,88.5,CHAKE-CHAKE,Pemba,2023,34
2023-09-03,89.0,CHAKE-CHAKE,Pemba,2023,35
2023-09-10,89.75,CHAKE-CHAKE,Pemba,2023,36
2023-09-17,90.5,CHAKE-CHAKE,Pemba,2023,37
2023-09-24,91.25,CHAKE-CHAKE,Pemba,2023,38
2023-10-01,92.0,CHAKE-CHAKE,Pemba,2023,39
2023-10-08,92.6,CHAKE-CHAKE,Pemba,2023,40
2023-10-15,93.2,CHAKE-CHAKE,Pemba,2023,41
2023-10-22,93.8,CHAKE-CHAKE,Pemba,2023,42
2023-10-29,94.4,CHAKE-CHAKE,Pemba,2023,43
2023-11-05,95.0,CHAKE-CHAKE,Pemba,2023,44
2023-11-12,93.75,CHAKE-CHAKE,Pemba,2023,45
2023-11-19,92.5,CHAKE-CHAKE,Pemba,2023,46
2023-11-26,91.25,CHAKE-CHAKE,Pemba,2023,47
2023-12-03,90.0,CHAKE-CHAKE,Pemba,2023,48
2018-01-07,80.97013888888888,KASKAZINI A,Unguja,2018,1
2018-01-14,80.97013888888888,KASKAZINI A,Unguja,2018,2
2018-01-21,80.97013888888888,KASKAZINI A,Unguja,2018,3
2018-01-28,80.97013888888888,KASKAZINI A,Unguja,2018,4
2018-02-04,80.97013888888888,KASKAZINI A,Unguja,2018,5
2018-02-11,80.97013888888888,KASKAZINI A,Unguja,2018,6
2018-02-18,80.97013888888888,KASKAZINI A,Unguja,2018,7
2018-02-25,80.97013888888888,KASKAZINI A,Unguja,2018,8
2018-03-04,80.97013888888888,KASKAZINI A,Unguja,2018,9
2018-03-11,80.97013888888888,KASKAZINI A,Unguja,2018,10
2018-03-18,80.97013888888888,KASKAZINI A,Unguja,2018,11
2018-03-25,80.97013888888888,KASKAZINI A,Unguja,2018,12
2018-04-01,80.97013888888888,KASKAZINI A,Unguja,2018,13
2018-04-08,80.97013888888888,KASKAZINI A,Unguja,2018,14
2018-04-15,80.97013888888888,KASKAZINI A,Unguja,2018,15
2018-04-22,80.97013888888888,KASKAZINI A,Unguja,2018,16
2018-04-29,80.97013888888888,KASKAZINI A,Unguja,2018,17
2018-05-06,80.97013888888888,KASKAZINI A,Unguja,2018,18
2018-05-13,80.97013888888888,KASKAZINI A,Unguja,2018,19
2018-05-20,80.97013888888888,KASKAZINI A,Unguja,2018,20
2018-05-27,80.97013888888888,KASKAZINI A,Unguja,2018,21
2018-06-03,80.97013888888888,KASKAZINI A,Unguja,2018,22
2018-06-10,80.97013888888888,KASKAZINI A,Unguja,2018,23
2018-06-17,80.97013888888888,KASKAZINI A,Unguja,2018,24
2018-06-24,80.97013888888888,KASKAZINI A,Unguja,2018,25
2018-07-01,80.97013888888888,KASKAZINI A,Unguja,2018,26
2018-07-08,80.97013888888888,KASKAZINI A,Unguja,2018,27
2018-07-15,80.97013888888888,KASKAZINI A,Unguja,2018,28
2018-07-22,80.97013888888888,KASKAZINI A,Unguja,2018,29
2018-07-29,80.97013888888888,KASKAZINI A,Unguja,2018,30
2018-08-05,80.97013888888888,KASKAZINI A,Unguja,2018,31
2018-08-12,80.97013888888888,KASKAZINI A,Unguja,2018,32
2018-08-19,80.97013888888888,KASKAZINI A,Unguja,2018,33
2018-08-26,80.97013888888888,KASKAZINI A,Unguja,2018,34
2018-09-02,80.97013888888888,KASKAZINI A,Unguja,2018,35
2018-09-09,80.97013888888888,KASKAZINI A,Unguja,2018,36
2018-09-16,80.97013888888888,KASKAZINI A,Unguja,2018,37
2018-09-23,80.97013888888888,KASKAZINI A,Unguja,2018,38
2018-09-30,80.97013888888888,KASKAZINI A,Unguja,2018,39
2018-10-07,80.97013888888888,KASKAZINI A,Unguja,2018,40
2018-10-14,80.97013888888888,KASKAZINI A,Unguja,2018,41
2018-10-21,80.97013888888888,KASKAZINI A,Unguja,2018,42
2018-10-28,80.97013888888888,KASKAZINI A,Unguja,2018,43
2018-11-04,80.97013888888888,KASKAZINI A,Unguja,2018,44
2018-11-11,80.97013888888888,KASKAZINI A,Unguja,2018,45
2018-11-18,80.97013888888888,KASKAZINI A,Unguja,2018,46
2018-11-25,80.97013888888888,KASKAZINI A,Unguja,2018,47
2018-12-02,80.97013888888888,KASKAZINI A,Unguja,2018,48
2018-12-09,80.97013888888888,KASKAZINI A,Unguja,2018,49
2018-12-16,80.97013888888888,KASKAZINI A,Unguja,2018,50
2018-12-23,80.97013888888888,KASKAZINI A,Unguja,2018,51
2018-12-30,80.97013888888888,KASKAZINI A,Unguja,2018,52
2019-01-06,80.97013888888888,KASKAZINI A,Unguja,2019,1
2019-01-13,80.97013888888888,KASKAZINI A,Unguja,2019,2
2019-01-20,80.97013888888888,KASKAZINI A,Unguja,2019,3
2019-01-27,80.97013888888888,KASKAZINI A,Unguja,2019,4
2019-02-03,80.97013888888888,KASKAZINI A,Unguja,2019,5
2019-02-10,80.97013888888888,KASKAZINI A,Unguja,2019,6
2019-02-17,80.97013888888888,KASKAZINI A,Unguja,2019,7
2019-02-24,80.97013888888888,KASKAZINI A,Unguja,2019,8
2019-03-03,80.97013888888888,KASKAZINI A,Unguja,2019,9
2019-03-10,80.97013888888888,KASKAZINI A,Unguja,2019,10
2019-03-17,80.97013888888888,KASKAZINI A,Unguja,2019,11
2019-03-24,80.97013888888888,KASKAZINI A,Unguja,2019,12
2019-03-31,80.97013888888888,KASKAZINI A,Unguja,2019,13
2019-04-07,80.97013888888888,KASKAZINI A,Unguja,2019,14
2019-04-14,80.97013888888888,KASKAZINI A,Unguja,2019,15
2019-04-21,80.97013888888888,KASKAZINI A,Unguja,2019,16
2019-04-28,80.97013888888888,KASKAZINI A,Unguja,2019,17
2019-05-05,80.97013888888888,KASKAZINI A,Unguja,2019,18
2019-05-12,80.97013888888888,KASKAZINI A,Unguja,2019,19
2019-05-19,80.97013888888888,KASKAZINI A,Unguja,2019,20
2019-05-26,80.97013888888888,KASKAZINI A,Unguja,2019,21
2019-06-02,80.97013888888888,KASKAZINI A,Unguja,2019,22
2019-06-09,80.97013888888888,KASKAZINI A,Unguja,2019,23
2019-06-16,80.97013888888888,KASKAZINI A,Unguja,2019,24
2019-06-23,80.97013888888888,KASKAZINI A,Unguja,2019,25
2019-06-30,80.97013888888888,KASKAZINI A,Unguja,2019,26
2019-07-07,80.97013888888888,KASKAZINI A,Unguja,2019,27
2019-07-14,80.97013888888888,KASKAZINI A,Unguja,2019,28
2019-07-21,80.97013888888888,KASKAZINI A,Unguja,2019,29
2019-07-28,80.97013888888888,KASKAZINI A,Unguja,2019,30
2019-08-04,80.97013888888888,KASKAZINI A,Unguja,2019,31
2019-08-11,80.97013888888888,KASKAZINI A,Unguja,2019,32
2019-08-18,80.97013888888888,KASKAZINI A,Unguja,2019,33
2019-08-25,80.97013888888888,KASKAZINI A,Unguja,2019,34
2019-09-01,80.97013888888888,KASKAZINI A,Unguja,2019,35
2019-09-08,80.97013888888888,KASKAZINI A,Unguja,2019,36
2019-09-15,80.97013888888888,KASKAZINI A,Unguja,2019,37
2019-09-22,80.97013888888888,KASKAZINI A,Unguja,2019,38
2019-09-29,80.97013888888888,KASKAZINI A,Unguja,2019,39
2019-10-06,80.97013888888888,KASKAZINI A,Unguja,2019,40
2019-10-13,80.97013888888888,KASKAZINI A,Unguja,2019,41
2019-10-20,80.97013888888888,KASKAZINI A,Unguja,2019,42
2019-10-27,80.97013888888888,KASKAZINI A,Unguja,2019,43
2019-11-03,80.97013888888888,KASKAZINI A,Unguja,2019,44
2019-11-10,80.97013888888888,KASKAZINI A,Unguja,2019,45
2019-11-17,80.97013888888888,KASKAZINI A,Unguja,2019,46
2019-11-24,80.97013888888888,KASKAZINI A,Unguja,2019,47
2019-12-01,80.97013888888888,KASKAZINI A,Unguja,2019,48
2019-12-08,80.97013888888888,KASKAZINI A,Unguja,2019,49
2019-12-15,80.97013888888888,KASKAZINI A,Unguja,2019,50
2019-12-22,80.97013888888888,KASKAZINI A,Unguja,2019,51
2019-12-29,80.97013888888888,KASKAZINI A,Unguja,2019,52
2020-01-05,80.97013888888888,KASKAZINI A,Unguja,2020,1
2020-01-12,80.97013888888888,KASKAZINI A,Unguja,2020,2
2020-01-19,80.97013888888888,KASKAZINI A,Unguja,2020,3
2020-01-26,80.97013888888888,KASKAZINI A,Unguja,2020,4
2020-02-02,80.97013888888888,KASKAZINI A,Unguja,2020,5
2020-02-09,80.97013888888888,KASKAZINI A,Unguja,2020,6
2020-02-16,80.97013888888888,KASKAZINI A,Unguja,2020,7
2020-02-23,80.97013888888888,KASKAZINI A,Unguja,2020,8
2020-03-01,80.97013888888888,KASKAZINI A,Unguja,2020,9
2020-03-08,80.97013888888888,KASKAZINI A,Unguja,2020,10
2020-03-15,80.97013888888888,KASKAZINI A,Unguja,2020,11
2020-03-22,80.97013888888888,KASKAZINI A,Unguja,2020,12
2020-03-29,80.97013888888888,KASKAZINI A,Unguja,2020,13
2020-04-05,80.97013888888888,KASKAZINI A,Unguja,2020,14
2020-04-12,80.97013888888888,KASKAZINI A,Unguja,2020,15
2020-04-19,80.97013888888888,KASKAZINI A,Unguja,2020,16
2020-04-26,80.97013888888888,KASKAZINI A,Unguja,2020,17
2020-05-03,80.97013888888888,KASKAZINI A,Unguja,2020,18
2020-05-10,80.97013888888888,KASKAZINI A,Unguja,2020,19
2020-05-17,80.97013888888888,KASKAZINI A,Unguja,2020,20
2020-05-24,80.97013888888888,KASKAZINI A,Unguja,2020,21
2020-05-31,80.97013888888888,KASKAZINI A,Unguja,2020,22
2020-06-07,80.97013888888888,KASKAZINI A,Unguja,2020,23
2020-06-14,80.97013888888888,KASKAZINI A,Unguja,2020,24
2020-06-21,80.97013888888888,KASKAZINI A,Unguja,2020,25
2020-06-28,80.97013888888888,KASKAZINI A,Unguja,2020,26
2020-07-05,80.97013888888888,KASKAZINI A,Unguja,2020,27
2020-07-12,80.97013888888888,KASKAZINI A,Unguja,2020,28
2020-07-19,80.97013888888888,KASKAZINI A,Unguja,2020,29
2020-07-26,80.97013888888888,KASKAZINI A,Unguja,2020,30
2020-08-02,80.97013888888888,KASKAZINI A,Unguja,2020,31
2020-08-09,80.97013888888888,KASKAZINI A,Unguja,2020,32
2020-08-16,80.97013888888888,KASKAZINI A,Unguja,2020,33
2020-08-23,80.97013888888888,KASKAZINI A,Unguja,2020,34
2020-08-30,80.97013888888888,KASKAZINI A,Unguja,2020,35
2020-09-06,80.97013888888888,KASKAZINI A,Unguja,2020,36
2020-09-13,80.97013888888888,KASKAZINI A,Unguja,2020,37
2020-09-20,80.97013888888888,KASKAZINI A,Unguja,2020,38
2020-09-27,80.97013888888888,KASKAZINI A,Unguja,2020,39
2020-10-04,80.97013888888888,KASKAZINI A,Unguja,2020,40
2020-10-11,80.97013888888888,KASKAZINI A,Unguja,2020,41
2020-10-18,80.97013888888888,KASKAZINI A,Unguja,2020,42
2020-10-25,80.97013888888888,KASKAZINI A,Unguja,2020,43
2020-11-01,80.97013888888888,KASKAZINI A,Unguja,2020,44
2020-11-08,80.97013888888888,KASKAZINI A,Unguja,2020,45
2020-11-15,80.97013888888888,KASKAZINI A,Unguja,2020,46
2020-11-22,80.97013888888888,KASKAZINI A,Unguja,2020,47
2020-11-29,80.97013888888888,KASKAZINI A,Unguja,2020,48
2020-12-06,80.97013888888888,KASKAZINI A,Unguja,2020,49
2020-12-13,80.97013888888888,KASKAZINI A,Unguja,2020,50
2020-12-20,80.97013888888888,KASKAZINI A,Unguja,2020,51
2020-12-27,80.97013888888888,KASKAZINI A,Unguja,2020,52
2021-01-10,80.97013888888888,KASKAZINI A,Unguja,2021,1
2021-01-17,80.97013888888888,KASKAZINI A,Unguja,2021,2
2021-01-24,80.97013888888888,KASKAZINI A,Unguja,2021,3
2021-01-31,80.97013888888888,KASKAZINI A,Unguja,2021,4
2021-02-07,80.97013888888888,KASKAZINI A,Unguja,2021,5
2021-02-14,80.97013888888888,KASKAZINI A,Unguja,2021,6
2021-02-21,80.97013888888888,KASKAZINI A,Unguja,2021,7
2021-02-28,80.97013888888888,KASKAZINI A,Unguja,2021,8
2021-03-07,80.97013888888888,KASKAZINI A,Unguja,2021,9
2021-03-14,80.97013888888888,KASKAZINI A,Unguja,2021,10
2021-03-21,80.97013888888888,KASKAZINI A,Unguja,2021,11
2021-03-28,80.97013888888888,KASKAZINI A,Unguja,2021,12
2021-04-04,80.97013888888888,KASKAZINI A,Unguja,2021,13
2021-04-11,80.97013888888888,KASKAZINI A,Unguja,2021,14
2021-04-18,80.97013888888888,KASKAZINI A,Unguja,2021,15
2021-04-25,80.97013888888888,KASKAZINI A,Unguja,2021,16
2021-05-02,80.97013888888888,KASKAZINI A,Unguja,2021,17
2021-05-09,80.97013888888888,KASKAZINI A,Unguja,2021,18
2021-05-16,80.97013888888888,KASKAZINI A,Unguja,2021,19
2021-05-23,80.97013888888888,KASKAZINI A,Unguja,2021,20
2021-05-30,80.97013888888888,KASKAZINI A,Unguja,2021,21
2021-06-06,80.97013888888888,KASKAZINI A,Unguja,2021,22
2021-06-13,80.97013888888888,KASKAZINI A,Unguja,2021,23
2021-06-20,80.97013888888888,KASKAZINI A,Unguja,2021,24
2021-06-27,80.97013888888888,KASKAZINI A,Unguja,2021,25
2021-07-04,80.97013888888888,KASKAZINI A,Unguja,2021,26
2021-07-11,80.97013888888888,KASKAZINI A,Unguja,2021,27
2021-07-18,80.97013888888888,KASKAZINI A,Unguja,2021,28
2021-07-25,80.97013888888888,KASKAZINI A,Unguja,2021,29
2021-08-01,80.97013888888888,KASKAZINI A,Unguja,2021,30
2021-08-08,80.97013888888888,KASKAZINI A,Unguja,2021,31
2021-08-15,80.97013888888888,KASKAZINI A,Unguja,2021,32
2021-08-22,80.97013888888888,KASKAZINI A,Unguja,2021,33
2021-08-29,80.97013888888888,KASKAZINI A,Unguja,2021,34
2021-09-05,80.97013888888888,KASKAZINI A,Unguja,2021,35
2021-09-12,80.97013888888888,KASKAZINI A,Unguja,2021,36
2021-09-19,80.97013888888888,KASKAZINI A,Unguja,2021,37
2021-09-26,80.97013888888888,KASKAZINI A,Unguja,2021,38
2021-10-03,80.97013888888888,KASKAZINI A,Unguja,2021,39
2021-10-10,80.97013888888888,KASKAZINI A,Unguja,2021,40
2021-10-17,80.97013888888888,KASKAZINI A,Unguja,2021,41
2021-10-24,80.97013888888888,KASKAZINI A,Unguja,2021,42
2021-10-31,80.97013888888888,KASKAZINI A,Unguja,2021,43
2021-11-07,80.97013888888888,KASKAZINI A,Unguja,2021,44
2021-11-14,80.97013888888888,KASKAZINI A,Unguja,2021,45
2021-11-21,80.97013888888888,KASKAZINI A,Unguja,2021,46
2021-11-28,80.97013888888888,KASKAZINI A,Unguja,2021,47
2021-12-05,80.97013888888888,KASKAZINI A,Unguja,2021,48
2021-12-12,80.97013888888888,KASKAZINI A,Unguja,2021,49
2021-12-19,80.97013888888888,KASKAZINI A,Unguja,2021,50
2021-12-26,80.97013888888888,KASKAZINI A,Unguja,2021,51
2022-01-02,80.97013888888888,KASKAZINI A,Unguja,2021,52
2022-01-09,80.97013888888888,KASKAZINI A,Unguja,2022,1
2022-01-16,80.97013888888888,KASKAZINI A,Unguja,2022,2
2022-01-23,80.97013888888888,KASKAZINI A,Unguja,2022,3
2022-01-30,80.97013888888888,KASKAZINI A,Unguja,2022,4
2022-02-06,80.97013888888888,KASKAZINI A,Unguja,2022,5
2022-02-13,80.97013888888888,KASKAZINI A,Unguja,2022,6
2022-02-20,80.97013888888888,KASKAZINI A,Unguja,2022,7
2022-02-27,80.97013888888888,KASKAZINI A,Unguja,2022,8
2022-03-06,80.97013888888888,KASKAZINI A,Unguja,2022,9
2022-03-13,80.97013888888888,KASKAZINI A,Unguja,2022,10
2022-03-20,80.97013888888888,KASKAZINI A,Unguja,2022,11
2022-03-27,80.97013888888888,KASKAZINI A,Unguja,2022,12
2022-04-03,80.97013888888888,KASKAZINI A,Unguja,2022,13
2022-04-10,80.97013888888888,KASKAZINI A,Unguja,2022,14
2022-04-17,80.97013888888888,KASKAZINI A,Unguja,2022,15
2022-04-24,80.97013888888888,KASKAZINI A,Unguja,2022,16
2022-05-01,80.97013888888888,KASKAZINI A,Unguja,2022,17
2022-05-08,80.97013888888888,KASKAZINI A,Unguja,2022,18
2022-05-15,80.97013888888888,KASKAZINI A,Unguja,2022,19
2022-05-22,80.97013888888888,KASKAZINI A,Unguja,2022,20
2022-05-29,80.97013888888888,KASKAZINI A,Unguja,2022,21
2022-06-05,80.97013888888888,KASKAZINI A,Unguja,2022,22
2022-06-12,80.97013888888888,KASKAZINI A,Unguja,2022,23
2022-06-19,80.97013888888888,KASKAZINI A,Unguja,2022,24
2022-06-26,80.97013888888888,KASKAZINI A,Unguja,2022,25
2022-07-03,80.97013888888888,KASKAZINI A,Unguja,2022,26
2022-07-10,80.97013888888888,KASKAZINI A,Unguja,2022,27
2022-07-17,80.97013888888888,KASKAZINI A,Unguja,2022,28
2022-07-24,80.97013888888888,KASKAZINI A,Unguja,2022,29
2022-07-31,80.97013888888888,KASKAZINI A,Unguja,2022,30
2022-08-07,80.97013888888888,KASKAZINI A,Unguja,2022,31
2022-08-14,80.97013888888888,KASKAZINI A,Unguja,2022,32
2022-08-21,80.97013888888888,KASKAZINI A,Unguja,2022,33
2022-08-28,80.97013888888888,KASKAZINI A,Unguja,2022,34
2022-09-04,80.97013888888888,KASKAZINI A,Unguja,2022,35
2022-09-11,80.97013888888888,KASKAZINI A,Unguja,2022,36
2022-09-18,80.97013888888888,KASKAZINI A,Unguja,2022,37
2022-09-25,80.97013888888888,KASKAZINI A,Unguja,2022,38
2022-10-02,80.97013888888888,KASKAZINI A,Unguja,2022,39
2022-10-09,80.97013888888888,KASKAZINI A,Unguja,2022,40
2022-10-16,80.97013888888888,KASKAZINI A,Unguja,2022,41
2022-10-23,80.97013888888888,KASKAZINI A,Unguja,2022,42
2022-10-30,80.97013888888888,KASKAZINI A,Unguja,2022,43
2022-11-06,80.97013888888888,KASKAZINI A,Unguja,2022,44
2022-11-13,80.97013888888888,KASKAZINI A,Unguja,2022,45
2022-11-20,80.97013888888888,KASKAZINI A,Unguja,2022,46
2022-11-27,80.97013888888888,KASKAZINI A,Unguja,2022,47
2022-12-04,80.97013888888888,KASKAZINI A,Unguja,2022,48
2022-12-11,80.97013888888888,KASKAZINI A,Unguja,2022,49
2022-12-18,80.97013888888888,KASKAZINI A,Unguja,2022,50
2022-12-25,80.97013888888888,KASKAZINI A,Unguja,2022,51
2023-01-01,80.97013888888888,KASKAZINI A,Unguja,2022,52
2023-01-08,80.97013888888888,KASKAZINI A,Unguja,2023,1
2023-01-15,80.97013888888888,KASKAZINI A,Unguja,2023,2
2023-01-22,80.97013888888888,KASKAZINI A,Unguja,2023,3
2023-01-29,80.97013888888888,KASKAZINI A,Unguja,2023,4
2023-02-05,80.97013888888888,KASKAZINI A,Unguja,2023,5
2023-02-12,80.97013888888888,KASKAZINI A,Unguja,2023,6
2023-02-19,80.97013888888888,KASKAZINI A,Unguja,2023,7
2023-02-26,80.97013888888888,KASKAZINI A,Unguja,2023,8
2023-03-05,80.97013888888888,KASKAZINI A,Unguja,2023,9
2023-03-12,80.97013888888888,KASKAZINI A,Unguja,2023,10
2023-03-19,80.97013888888888,KASKAZINI A,Unguja,2023,11
2023-03-26,80.97013888888888,KASKAZINI A,Unguja,2023,12
2023-04-02,80.97013888888888,KASKAZINI A,Unguja,2023,13
2023-04-09,80.97013888888888,KASKAZINI A,Unguja,2023,14
2023-04-16,80.97013888888888,KASKAZINI A,Unguja,2023,15
2023-04-23,80.97013888888888,KASKAZINI A,Unguja,2023,16
2023-04-30,80.97013888888888,KASKAZINI A,Unguja,2023,17
2023-05-07,80.97013888888888,KASKAZINI A,Unguja,2023,18
2023-05-14,80.97013888888888,KASKAZINI A,Unguja,2023,19
2023-05-21,80.97013888888888,KASKAZINI A,Unguja,2023,20
2023-05-28,80.97013888888888,KASKAZINI A,Unguja,2023,21
2023-06-04,80.97013888888888,KASKAZINI A,Unguja,2023,22
2023-06-11,80.97013888888888,KASKAZINI A,Unguja,2023,23
2023-06-18,80.97013888888888,KASKAZINI A,Unguja,2023,24
2023-06-25,80.97013888888888,KASKAZINI A,Unguja,2023,25
2023-07-02,80.97013888888888,KASKAZINI A,Unguja,2023,26
2023-07-09,80.97013888888888,KASKAZINI A,Unguja,2023,27
2023-07-16,80.97013888888888,KASKAZINI A,Unguja,2023,28
2023-07-23,80.97013888888888,KASKAZINI A,Unguja,2023,29
2023-07-30,80.97013888888888,KASKAZINI A,Unguja,2023,30
2023-08-06,80.97013888888888,KASKAZINI A,Unguja,2023,31
2023-08-13,80.97013888888888,KASKAZINI A,Unguja,2023,32
2023-08-20,80.97013888888888,KASKAZINI A,Unguja,2023,33
2023-08-27,80.97013888888888,KASKAZINI A,Unguja,2023,34
2023-09-03,80.97013888888888,KASKAZINI A,Unguja,2023,35
2023-09-10,80.97013888888888,KASKAZINI A,Unguja,2023,36
2023-09-17,80.97013888888888,KASKAZINI A,Unguja,2023,37
2023-09-24,80.97013888888888,KASKAZINI A,Unguja,2023,38
2023-10-01,80.97013888888888,KASKAZINI A,Unguja,2023,39
2023-10-08,80.97013888888888,KASKAZINI A,Unguja,2023,40
2023-10-15,80.97013888888888,KASKAZINI A,Unguja,2023,41
2023-10-22,80.97013888888888,KASKAZINI A,Unguja,2023,42
2023-10-29,80.97013888888888,KASKAZINI A,Unguja,2023,43
2023-11-05,80.97013888888888,KASKAZINI A,Unguja,2023,44
2023-11-12,80.97013888888888,KASKAZINI A,Unguja,2023,45
2023-11-19,80.97013888888888,KASKAZINI A,Unguja,2023,46
2023-11-26,80.97013888888888,KASKAZINI A,Unguja,2023,47
2023-12-03,80.97013888888888,KASKAZINI A,Unguja,2023,48
2018-01-07,80.97013888888888,KASKAZINI B,Unguja,2018,1
2018-01-14,80.97013888888888,KASKAZINI B,Unguja,2018,2
2018-01-21,80.97013888888888,KASKAZINI B,Unguja,2018,3
2018-01-28,80.97013888888888,KASKAZINI B,Unguja,2018,4
2018-02-04,80.97013888888888,KASKAZINI B,Unguja,2018,5
2018-02-11,80.97013888888888,KASKAZINI B,Unguja,2018,6
2018-02-18,80.97013888888888,KASKAZINI B,Unguja,2018,7
2018-02-25,80.97013888888888,KASKAZINI B,Unguja,2018,8
2018-03-04,80.97013888888888,KASKAZINI B,Unguja,2018,9
2018-03-11,80.97013888888888,KASKAZINI B,Unguja,2018,10
2018-03-18,80.97013888888888,KASKAZINI B,Unguja,2018,11
2018-03-25,80.97013888888888,KASKAZINI B,Unguja,2018,12
2018-04-01,80.97013888888888,KASKAZINI B,Unguja,2018,13
2018-04-08,80.97013888888888,KASKAZINI B,Unguja,2018,14
2018-04-15,80.97013888888888,KASKAZINI B,Unguja,2018,15
2018-04-22,80.97013888888888,KASKAZINI B,Unguja,2018,16
2018-04-29,80.97013888888888,KASKAZINI B,Unguja,2018,17
2018-05-06,80.97013888888888,KASKAZINI B,Unguja,2018,18
2018-05-13,80.97013888888888,KASKAZINI B,Unguja,2018,19
2018-05-20,80.97013888888888,KASKAZINI B,Unguja,2018,20
2018-05-27,80.97013888888888,KASKAZINI B,Unguja,2018,21
2018-06-03,80.97013888888888,KASKAZINI B,Unguja,2018,22
2018-06-10,80.97013888888888,KASKAZINI B,Unguja,2018,23
2018-06-17,80.97013888888888,KASKAZINI B,Unguja,2018,24
2018-06-24,80.97013888888888,KASKAZINI B,Unguja,2018,25
2018-07-01,80.97013888888888,KASKAZINI B,Unguja,2018,26
2018-07-08,80.97013888888888,KASKAZINI B,Unguja,2018,27
2018-07-15,80.97013888888888,KASKAZINI B,Unguja,2018,28
2018-07-22,80.97013888888888,KASKAZINI B,Unguja,2018,29
2018-07-29,80.97013888888888,KASKAZINI B,Unguja,2018,30
2018-08-05,80.97013888888888,KASKAZINI B,Unguja,2018,31
2018-08-12,80.97013888888888,KASKAZINI B,Unguja,2018,32
2018-08-19,80.97013888888888,KASKAZINI B,Unguja,2018,33
2018-08-26,80.97013888888888,KASKAZINI B,Unguja,2018,34
2018-09-02,80.97013888888888,KASKAZINI B,Unguja,2018,35
2018-09-09,80.97013888888888,KASKAZINI B,Unguja,2018,36
2018-09-16,80.97013888888888,KASKAZINI B,Unguja,2018,37
2018-09-23,80.97013888888888,KASKAZINI B,Unguja,2018,38
2018-09-30,80.97013888888888,KASKAZINI B,Unguja,2018,39
2018-10-07,80.97013888888888,KASKAZINI B,Unguja,2018,40
2018-10-14,80.97013888888888,KASKAZINI B,Unguja,2018,41
2018-10-21,80.97013888888888,KASKAZINI B,Unguja,2018,42
2018-10-28,80.97013888888888,KASKAZINI B,Unguja,2018,43
2018-11-04,80.97013888888888,KASKAZINI B,Unguja,2018,44
2018-11-11,80.97013888888888,KASKAZINI B,Unguja,2018,45
2018-11-18,80.97013888888888,KASKAZINI B,Unguja,2018,46
2018-11-25,80.97013888888888,KASKAZINI B,Unguja,2018,47
2018-12-02,80.97013888888888,KASKAZINI B,Unguja,2018,48
2018-12-09,80.97013888888888,KASKAZINI B,Unguja,2018,49
2018-12-16,80.97013888888888,KASKAZINI B,Unguja,2018,50
2018-12-23,80.97013888888888,KASKAZINI B,Unguja,2018,51
2018-12-30,80.97013888888888,KASKAZINI B,Unguja,2018,52
2019-01-06,80.97013888888888,KASKAZINI B,Unguja,2019,1
2019-01-13,80.97013888888888,KASKAZINI B,Unguja,2019,2
2019-01-20,80.97013888888888,KASKAZINI B,Unguja,2019,3
2019-01-27,80.97013888888888,KASKAZINI B,Unguja,2019,4
2019-02-03,80.97013888888888,KASKAZINI B,Unguja,2019,5
2019-02-10,80.97013888888888,KASKAZINI B,Unguja,2019,6
2019-02-17,80.97013888888888,KASKAZINI B,Unguja,2019,7
2019-02-24,80.97013888888888,KASKAZINI B,Unguja,2019,8
2019-03-03,80.97013888888888,KASKAZINI B,Unguja,2019,9
2019-03-10,80.97013888888888,KASKAZINI B,Unguja,2019,10
2019-03-17,80.97013888888888,KASKAZINI B,Unguja,2019,11
2019-03-24,80.97013888888888,KASKAZINI B,Unguja,2019,12
2019-03-31,80.97013888888888,KASKAZINI B,Unguja,2019,13
2019-04-07,80.97013888888888,KASKAZINI B,Unguja,2019,14
2019-04-14,80.97013888888888,KASKAZINI B,Unguja,2019,15
2019-04-21,80.97013888888888,KASKAZINI B,Unguja,2019,16
2019-04-28,80.97013888888888,KASKAZINI B,Unguja,2019,17
2019-05-05,80.97013888888888,KASKAZINI B,Unguja,2019,18
2019-05-12,80.97013888888888,KASKAZINI B,Unguja,2019,19
2019-05-19,80.97013888888888,KASKAZINI B,Unguja,2019,20
2019-05-26,80.97013888888888,KASKAZINI B,Unguja,2019,21
2019-06-02,80.97013888888888,KASKAZINI B,Unguja,2019,22
2019-06-09,80.97013888888888,KASKAZINI B,Unguja,2019,23
2019-06-16,80.97013888888888,KASKAZINI B,Unguja,2019,24
2019-06-23,80.97013888888888,KASKAZINI B,Unguja,2019,25
2019-06-30,80.97013888888888,KASKAZINI B,Unguja,2019,26
2019-07-07,80.97013888888888,KASKAZINI B,Unguja,2019,27
2019-07-14,80.97013888888888,KASKAZINI B,Unguja,2019,28
2019-07-21,80.97013888888888,KASKAZINI B,Unguja,2019,29
2019-07-28,80.97013888888888,KASKAZINI B,Unguja,2019,30
2019-08-04,80.97013888888888,KASKAZINI B,Unguja,2019,31
2019-08-11,80.97013888888888,KASKAZINI B,Unguja,2019,32
2019-08-18,80.97013888888888,KASKAZINI B,Unguja,2019,33
2019-08-25,80.97013888888888,KASKAZINI B,Unguja,2019,34
2019-09-01,80.97013888888888,KASKAZINI B,Unguja,2019,35
2019-09-08,80.97013888888888,KASKAZINI B,Unguja,2019,36
2019-09-15,80.97013888888888,KASKAZINI B,Unguja,2019,37
2019-09-22,80.97013888888888,KASKAZINI B,Unguja,2019,38
2019-09-29,80.97013888888888,KASKAZINI B,Unguja,2019,39
2019-10-06,80.97013888888888,KASKAZINI B,Unguja,2019,40
2019-10-13,80.97013888888888,KASKAZINI B,Unguja,2019,41
2019-10-20,80.97013888888888,KASKAZINI B,Unguja,2019,42
2019-10-27,80.97013888888888,KASKAZINI B,Unguja,2019,43
2019-11-03,80.97013888888888,KASKAZINI B,Unguja,2019,44
2019-11-10,80.97013888888888,KASKAZINI B,Unguja,2019,45
2019-11-17,80.97013888888888,KASKAZINI B,Unguja,2019,46
2019-11-24,80.97013888888888,KASKAZINI B,Unguja,2019,47
2019-12-01,80.97013888888888,KASKAZINI B,Unguja,2019,48
2019-12-08,80.97013888888888,KASKAZINI B,Unguja,2019,49
2019-12-15,80.97013888888888,KASKAZINI B,Unguja,2019,50
2019-12-22,80.97013888888888,KASKAZINI B,Unguja,2019,51
2019-12-29,80.97013888888888,KASKAZINI B,Unguja,2019,52
2020-01-05,80.97013888888888,KASKAZINI B,Unguja,2020,1
2020-01-12,80.97013888888888,KASKAZINI B,Unguja,2020,2
2020-01-19,80.97013888888888,KASKAZINI B,Unguja,2020,3
2020-01-26,80.97013888888888,KASKAZINI B,Unguja,2020,4
2020-02-02,80.97013888888888,KASKAZINI B,Unguja,2020,5
2020-02-09,80.97013888888888,KASKAZINI B,Unguja,2020,6
2020-02-16,80.97013888888888,KASKAZINI B,Unguja,2020,7
2020-02-23,80.97013888888888,KASKAZINI B,Unguja,2020,8
2020-03-01,80.97013888888888,KASKAZINI B,Unguja,2020,9
2020-03-08,80.97013888888888,KASKAZINI B,Unguja,2020,10
2020-03-15,80.97013888888888,KASKAZINI B,Unguja,2020,11
2020-03-22,80.97013888888888,KASKAZINI B,Unguja,2020,12
2020-03-29,80.97013888888888,KASKAZINI B,Unguja,2020,13
2020-04-05,80.97013888888888,KASKAZINI B,Unguja,2020,14
2020-04-12,80.97013888888888,KASKAZINI B,Unguja,2020,15
2020-04-19,80.97013888888888,KASKAZINI B,Unguja,2020,16
2020-04-26,80.97013888888888,KASKAZINI B,Unguja,2020,17
2020-05-03,80.97013888888888,KASKAZINI B,Unguja,2020,18
2020-05-10,80.97013888888888,KASKAZINI B,Unguja,2020,19
2020-05-17,80.97013888888888,KASKAZINI B,Unguja,2020,20
2020-05-24,80.97013888888888,KASKAZINI B,Unguja,2020,21
2020-05-31,80.97013888888888,KASKAZINI B,Unguja,2020,22
2020-06-07,80.97013888888888,KASKAZINI B,Unguja,2020,23
2020-06-14,80.97013888888888,KASKAZINI B,Unguja,2020,24
2020-06-21,80.97013888888888,KASKAZINI B,Unguja,2020,25
2020-06-28,80.97013888888888,KASKAZINI B,Unguja,2020,26
2020-07-05,80.97013888888888,KASKAZINI B,Unguja,2020,27
2020-07-12,80.97013888888888,KASKAZINI B,Unguja,2020,28
2020-07-19,80.97013888888888,KASKAZINI B,Unguja,2020,29
2020-07-26,80.97013888888888,KASKAZINI B,Unguja,2020,30
2020-08-02,80.97013888888888,KASKAZINI B,Unguja,2020,31
2020-08-09,80.97013888888888,KASKAZINI B,Unguja,2020,32
2020-08-16,80.97013888888888,KASKAZINI B,Unguja,2020,33
2020-08-23,80.97013888888888,KASKAZINI B,Unguja,2020,34
2020-08-30,80.97013888888888,KASKAZINI B,Unguja,2020,35
2020-09-06,80.97013888888888,KASKAZINI B,Unguja,2020,36
2020-09-13,80.97013888888888,KASKAZINI B,Unguja,2020,37
2020-09-20,80.97013888888888,KASKAZINI B,Unguja,2020,38
2020-09-27,80.97013888888888,KASKAZINI B,Unguja,2020,39
2020-10-04,80.97013888888888,KASKAZINI B,Unguja,2020,40
2020-10-11,80.97013888888888,KASKAZINI B,Unguja,2020,41
2020-10-18,80.97013888888888,KASKAZINI B,Unguja,2020,42
2020-10-25,80.97013888888888,KASKAZINI B,Unguja,2020,43
2020-11-01,80.97013888888888,KASKAZINI B,Unguja,2020,44
2020-11-08,80.97013888888888,KASKAZINI B,Unguja,2020,45
2020-11-15,80.97013888888888,KASKAZINI B,Unguja,2020,46
2020-11-22,80.97013888888888,KASKAZINI B,Unguja,2020,47
2020-11-29,80.97013888888888,KASKAZINI B,Unguja,2020,48
2020-12-06,80.97013888888888,KASKAZINI B,Unguja,2020,49
2020-12-13,80.97013888888888,KASKAZINI B,Unguja,2020,50
2020-12-20,80.97013888888888,KASKAZINI B,Unguja,2020,51
2020-12-27,80.97013888888888,KASKAZINI B,Unguja,2020,52
2021-01-10,80.97013888888888,KASKAZINI B,Unguja,2021,1
2021-01-17,80.97013888888888,KASKAZINI B,Unguja,2021,2
2021-01-24,80.97013888888888,KASKAZINI B,Unguja,2021,3
2021-01-31,80.97013888888888,KASKAZINI B,Unguja,2021,4
2021-02-07,80.97013888888888,KASKAZINI B,Unguja,2021,5
2021-02-14,80.97013888888888,KASKAZINI B,Unguja,2021,6
2021-02-21,80.97013888888888,KASKAZINI B,Unguja,2021,7
2021-02-28,80.97013888888888,KASKAZINI B,Unguja,2021,8
2021-03-07,80.97013888888888,KASKAZINI B,Unguja,2021,9
2021-03-14,80.97013888888888,KASKAZINI B,Unguja,2021,10
2021-03-21,80.97013888888888,KASKAZINI B,Unguja,2021,11
2021-03-28,80.97013888888888,KASKAZINI B,Unguja,2021,12
2021-04-04,80.97013888888888,KASKAZINI B,Unguja,2021,13
2021-04-11,80.97013888888888,KASKAZINI B,Unguja,2021,14
2021-04-18,80.97013888888888,KASKAZINI B,Unguja,2021,15
2021-04-25,80.97013888888888,KASKAZINI B,Unguja,2021,16
2021-05-02,80.97013888888888,KASKAZINI B,Unguja,2021,17
2021-05-09,80.97013888888888,KASKAZINI B,Unguja,2021,18
2021-05-16,80.97013888888888,KASKAZINI B,Unguja,2021,19
2021-05-23,80.97013888888888,KASKAZINI B,Unguja,2021,20
2021-05-30,80.97013888888888,KASKAZINI B,Unguja,2021,21
2021-06-06,80.97013888888888,KASKAZINI B,Unguja,2021,22
2021-06-13,80.97013888888888,KASKAZINI B,Unguja,2021,23
2021-06-20,80.97013888888888,KASKAZINI B,Unguja,2021,24
2021-06-27,80.97013888888888,KASKAZINI B,Unguja,2021,25
2021-07-04,80.97013888888888,KASKAZINI B,Unguja,2021,26
2021-07-11,80.97013888888888,KASKAZINI B,Unguja,2021,27
2021-07-18,80.97013888888888,KASKAZINI B,Unguja,2021,28
2021-07-25,80.97013888888888,KASKAZINI B,Unguja,2021,29
2021-08-01,80.97013888888888,KASKAZINI B,Unguja,2021,30
2021-08-08,80.97013888888888,KASKAZINI B,Unguja,2021,31
2021-08-15,80.97013888888888,KASKAZINI B,Unguja,2021,32
2021-08-22,80.97013888888888,KASKAZINI B,Unguja,2021,33
2021-08-29,80.97013888888888,KASKAZINI B,Unguja,2021,34
2021-09-05,80.97013888888888,KASKAZINI B,Unguja,2021,35
2021-09-12,80.97013888888888,KASKAZINI B,Unguja,2021,36
2021-09-19,80.97013888888888,KASKAZINI B,Unguja,2021,37
2021-09-26,80.97013888888888,KASKAZINI B,Unguja,2021,38
2021-10-03,80.97013888888888,KASKAZINI B,Unguja,2021,39
2021-10-10,80.97013888888888,KASKAZINI B,Unguja,2021,40
2021-10-17,80.97013888888888,KASKAZINI B,Unguja,2021,41
2021-10-24,80.97013888888888,KASKAZINI B,Unguja,2021,42
2021-10-31,80.97013888888888,KASKAZINI B,Unguja,2021,43
2021-11-07,80.97013888888888,KASKAZINI B,Unguja,2021,44
2021-11-14,80.97013888888888,KASKAZINI B,Unguja,2021,45
2021-11-21,80.97013888888888,KASKAZINI B,Unguja,2021,46
2021-11-28,80.97013888888888,KASKAZINI B,Unguja,2021,47
2021-12-05,80.97013888888888,KASKAZINI B,Unguja,2021,48
2021-12-12,80.97013888888888,KASKAZINI B,Unguja,2021,49
2021-12-19,80.97013888888888,KASKAZINI B,Unguja,2021,50
2021-12-26,80.97013888888888,KASKAZINI B,Unguja,2021,51
2022-01-02,80.97013888888888,KASKAZINI B,Unguja,2021,52
2022-01-09,80.97013888888888,KASKAZINI B,Unguja,2022,1
2022-01-16,80.97013888888888,KASKAZINI B,Unguja,2022,2
2022-01-23,80.97013888888888,KASKAZINI B,Unguja,2022,3
2022-01-30,80.97013888888888,KASKAZINI B,Unguja,2022,4
2022-02-06,80.97013888888888,KASKAZINI B,Unguja,2022,5
2022-02-13,80.97013888888888,KASKAZINI B,Unguja,2022,6
2022-02-20,80.97013888888888,KASKAZINI B,Unguja,2022,7
2022-02-27,80.97013888888888,KASKAZINI B,Unguja,2022,8
2022-03-06,80.97013888888888,KASKAZINI B,Unguja,2022,9
2022-03-13,80.97013888888888,KASKAZINI B,Unguja,2022,10
2022-03-20,80.97013888888888,KASKAZINI B,Unguja,2022,11
2022-03-27,80.97013888888888,KASKAZINI B,Unguja,2022,12
2022-04-03,80.97013888888888,KASKAZINI B,Unguja,2022,13
2022-04-10,80.97013888888888,KASKAZINI B,Unguja,2022,14
2022-04-17,80.97013888888888,KASKAZINI B,Unguja,2022,15
2022-04-24,80.97013888888888,KASKAZINI B,Unguja,2022,16
2022-05-01,80.97013888888888,KASKAZINI B,Unguja,2022,17
2022-05-08,80.97013888888888,KASKAZINI B,Unguja,2022,18
2022-05-15,80.97013888888888,KASKAZINI B,Unguja,2022,19
2022-05-22,80.97013888888888,KASKAZINI B,Unguja,2022,20
2022-05-29,80.97013888888888,KASKAZINI B,Unguja,2022,21
2022-06-05,80.97013888888888,KASKAZINI B,Unguja,2022,22
2022-06-12,80.97013888888888,KASKAZINI B,Unguja,2022,23
2022-06-19,80.97013888888888,KASKAZINI B,Unguja,2022,24
2022-06-26,80.97013888888888,KASKAZINI B,Unguja,2022,25
2022-07-03,80.97013888888888,KASKAZINI B,Unguja,2022,26
2022-07-10,80.97013888888888,KASKAZINI B,Unguja,2022,27
2022-07-17,80.97013888888888,KASKAZINI B,Unguja,2022,28
2022-07-24,80.97013888888888,KASKAZINI B,Unguja,2022,29
2022-07-31,80.97013888888888,KASKAZINI B,Unguja,2022,30
2022-08-07,80.97013888888888,KASKAZINI B,Unguja,2022,31
2022-08-14,80.97013888888888,KASKAZINI B,Unguja,2022,32
2022-08-21,80.97013888888888,KASKAZINI B,Unguja,2022,33
2022-08-28,80.97013888888888,KASKAZINI B,Unguja,2022,34
2022-09-04,80.97013888888888,KASKAZINI B,Unguja,2022,35
2022-09-11,80.97013888888888,KASKAZINI B,Unguja,2022,36
2022-09-18,80.97013888888888,KASKAZINI B,Unguja,2022,37
2022-09-25,80.97013888888888,KASKAZINI B,Unguja,2022,38
2022-10-02,80.97013888888888,KASKAZINI B,Unguja,2022,39
2022-10-09,80.97013888888888,KASKAZINI B,Unguja,2022,40
2022-10-16,80.97013888888888,KASKAZINI B,Unguja,2022,41
2022-10-23,80.97013888888888,KASKAZINI B,Unguja,2022,42
2022-10-30,80.97013888888888,KASKAZINI B,Unguja,2022,43
2022-11-06,80.97013888888888,KASKAZINI B,Unguja,2022,44
2022-11-13,80.97013888888888,KASKAZINI B,Unguja,2022,45
2022-11-20,80.97013888888888,KASKAZINI B,Unguja,2022,46
2022-11-27,80.97013888888888,KASKAZINI B,Unguja,2022,47
2022-12-04,80.97013888888888,KASKAZINI B,Unguja,2022,48
2022-12-11,80.97013888888888,KASKAZINI B,Unguja,2022,49
2022-12-18,80.97013888888888,KASKAZINI B,Unguja,2022,50
2022-12-25,80.97013888888888,KASKAZINI B,Unguja,2022,51
2023-01-01,80.97013888888888,KASKAZINI B,Unguja,2022,52
2023-01-08,80.97013888888888,KASKAZINI B,Unguja,2023,1
2023-01-15,80.97013888888888,KASKAZINI B,Unguja,2023,2
2023-01-22,80.97013888888888,KASKAZINI B,Unguja,2023,3
2023-01-29,80.97013888888888,KASKAZINI B,Unguja,2023,4
2023-02-05,80.97013888888888,KASKAZINI B,Unguja,2023,5
2023-02-12,80.97013888888888,KASKAZINI B,Unguja,2023,6
2023-02-19,80.97013888888888,KASKAZINI B,Unguja,2023,7
2023-02-26,80.97013888888888,KASKAZINI B,Unguja,2023,8
2023-03-05,80.97013888888888,KASKAZINI B,Unguja,2023,9
2023-03-12,80.97013888888888,KASKAZINI B,Unguja,2023,10
2023-03-19,80.97013888888888,KASKAZINI B,Unguja,2023,11
2023-03-26,80.97013888888888,KASKAZINI B,Unguja,2023,12
2023-04-02,80.97013888888888,KASKAZINI B,Unguja,2023,13
2023-04-09,80.97013888888888,KASKAZINI B,Unguja,2023,14
2023-04-16,80.97013888888888,KASKAZINI B,Unguja,2023,15
2023-04-23,80.97013888888888,KASKAZINI B,Unguja,2023,16
2023-04-30,80.97013888888888,KASKAZINI B,Unguja,2023,17
2023-05-07,80.97013888888888,KASKAZINI B,Unguja,2023,18
2023-05-14,80.97013888888888,KASKAZINI B,Unguja,2023,19
2023-05-21,80.97013888888888,KASKAZINI B,Unguja,2023,20
2023-05-28,80.97013888888888,KASKAZINI B,Unguja,2023,21
2023-06-04,80.97013888888888,KASKAZINI B,Unguja,2023,22
2023-06-11,80.97013888888888,KASKAZINI B,Unguja,2023,23
2023-06-18,80.97013888888888,KASKAZINI B,Unguja,2023,24
2023-06-25,80.97013888888888,KASKAZINI B,Unguja,2023,25
2023-07-02,80.97013888888888,KASKAZINI B,Unguja,2023,26
2023-07-09,80.97013888888888,KASKAZINI B,Unguja,2023,27
2023-07-16,80.97013888888888,KASKAZINI B,Unguja,2023,28
2023-07-23,80.97013888888888,KASKAZINI B,Unguja,2023,29
2023-07-30,80.97013888888888,KASKAZINI B,Unguja,2023,30
2023-08-06,80.97013888888888,KASKAZINI B,Unguja,2023,31
2023-08-13,80.97013888888888,KASKAZINI B,Unguja,2023,32
2023-08-20,80.97013888888888,KASKAZINI B,Unguja,2023,33
2023-08-27,80.97013888888888,KASKAZINI B,Unguja,2023,34
2023-09-03,80.97013888888888,KASKAZINI B,Unguja,2023,35
2023-09-10,80.97013888888888,KASKAZINI B,Unguja,2023,36
2023-09-17,80.97013888888888,KASKAZINI B,Unguja,2023,37
2023-09-24,80.97013888888888,KASKAZINI B,Unguja,2023,38
2023-10-01,80.97013888888888,KASKAZINI B,Unguja,2023,39
2023-10-08,80.97013888888888,KASKAZINI B,Unguja,2023,40
2023-10-15,80.97013888888888,KASKAZINI B,Unguja,2023,41
2023-10-22,80.97013888888888,KASKAZINI B,Unguja,2023,42
2023-10-29,80.97013888888888,KASKAZINI B,Unguja,2023,43
2023-11-05,80.97013888888888,KASKAZINI B,Unguja,2023,44
2023-11-12,80.97013888888888,KASKAZINI B,Unguja,2023,45
2023-11-19,80.97013888888888,KASKAZINI B,Unguja,2023,46
2023-11-26,80.97013888888888,KASKAZINI B,Unguja,2023,47
2023-12-03,80.97013888888888,KASKAZINI B,Unguja,2023,48
2018-01-07,80.97013888888888,KATI,Unguja,2018,1
2018-01-14,80.97013888888888,KATI,Unguja,2018,2
2018-01-21,80.97013888888888,KATI,Unguja,2018,3
2018-01-28,80.97013888888888,KATI,Unguja,2018,4
2018-02-04,80.97013888888888,KATI,Unguja,2018,5
2018-02-11,80.97013888888888,KATI,Unguja,2018,6
2018-02-18,80.97013888888888,KATI,Unguja,2018,7
2018-02-25,80.97013888888888,KATI,Unguja,2018,8
2018-03-04,80.97013888888888,KATI,Unguja,2018,9
2018-03-11,80.97013888888888,KATI,Unguja,2018,10
2018-03-18,80.97013888888888,KATI,Unguja,2018,11
2018-03-25,80.97013888888888,KATI,Unguja,2018,12
2018-04-01,80.97013888888888,KATI,Unguja,2018,13
2018-04-08,80.97013888888888,KATI,Unguja,2018,14
2018-04-15,80.97013888888888,KATI,Unguja,2018,15
2018-04-22,80.97013888888888,KATI,Unguja,2018,16
2018-04-29,80.97013888888888,KATI,Unguja,2018,17
2018-05-06,80.97013888888888,KATI,Unguja,2018,18
2018-05-13,80.97013888888888,KATI,Unguja,2018,19
2018-05-20,80.97013888888888,KATI,Unguja,2018,20
2018-05-27,80.97013888888888,KATI,Unguja,2018,21
2018-06-03,80.97013888888888,KATI,Unguja,2018,22
2018-06-10,80.97013888888888,KATI,Unguja,2018,23
2018-06-17,80.97013888888888,KATI,Unguja,2018,24
2018-06-24,80.97013888888888,KATI,Unguja,2018,25
2018-07-01,80.97013888888888,KATI,Unguja,2018,26
2018-07-08,80.97013888888888,KATI,Unguja,2018,27
2018-07-15,80.97013888888888,KATI,Unguja,2018,28
2018-07-22,80.97013888888888,KATI,Unguja,2018,29
2018-07-29,80.97013888888888,KATI,Unguja,2018,30
2018-08-05,80.97013888888888,KATI,Unguja,2018,31
2018-08-12,80.97013888888888,KATI,Unguja,2018,32
2018-08-19,80.97013888888888,KATI,Unguja,2018,33
2018-08-26,80.97013888888888,KATI,Unguja,2018,34
2018-09-02,80.97013888888888,KATI,Unguja,2018,35
2018-09-09,80.97013888888888,KATI,Unguja,2018,36
2018-09-16,80.97013888888888,KATI,Unguja,2018,37
2018-09-23,80.97013888888888,KATI,Unguja,2018,38
2018-09-30,80.97013888888888,KATI,Unguja,2018,39
2018-10-07,80.97013888888888,KATI,Unguja,2018,40
2018-10-14,80.97013888888888,KATI,Unguja,2018,41
2018-10-21,80.97013888888888,KATI,Unguja,2018,42
2018-10-28,80.97013888888888,KATI,Unguja,2018,43
2018-11-04,80.97013888888888,KATI,Unguja,2018,44
2018-11-11,80.97013888888888,KATI,Unguja,2018,45
2018-11-18,80.97013888888888,KATI,Unguja,2018,46
2018-11-25,80.97013888888888,KATI,Unguja,2018,47
2018-12-02,80.97013888888888,KATI,Unguja,2018,48
2018-12-09,80.97013888888888,KATI,Unguja,2018,49
2018-12-16,80.97013888888888,KATI,Unguja,2018,50
2018-12-23,80.97013888888888,KATI,Unguja,2018,51
2018-12-30,80.97013888888888,KATI,Unguja,2018,52
2019-01-06,80.97013888888888,KATI,Unguja,2019,1
2019-01-13,80.97013888888888,KATI,Unguja,2019,2
2019-01-20,80.97013888888888,KATI,Unguja,2019,3
2019-01-27,80.97013888888888,KATI,Unguja,2019,4
2019-02-03,80.97013888888888,KATI,Unguja,2019,5
2019-02-10,80.97013888888888,KATI,Unguja,2019,6
2019-02-17,80.97013888888888,KATI,Unguja,2019,7
2019-02-24,80.97013888888888,KATI,Unguja,2019,8
2019-03-03,80.97013888888888,KATI,Unguja,2019,9
2019-03-10,80.97013888888888,KATI,Unguja,2019,10
2019-03-17,80.97013888888888,KATI,Unguja,2019,11
2019-03-24,80.97013888888888,KATI,Unguja,2019,12
2019-03-31,80.97013888888888,KATI,Unguja,2019,13
2019-04-07,80.97013888888888,KATI,Unguja,2019,14
2019-04-14,80.97013888888888,KATI,Unguja,2019,15
2019-04-21,80.97013888888888,KATI,Unguja,2019,16
2019-04-28,80.97013888888888,KATI,Unguja,2019,17
2019-05-05,80.97013888888888,KATI,Unguja,2019,18
2019-05-12,80.97013888888888,KATI,Unguja,2019,19
2019-05-19,80.97013888888888,KATI,Unguja,2019,20
2019-05-26,80.97013888888888,KATI,Unguja,2019,21
2019-06-02,80.97013888888888,KATI,Unguja,2019,22
2019-06-09,80.97013888888888,KATI,Unguja,2019,23
2019-06-16,80.97013888888888,KATI,Unguja,2019,24
2019-06-23,80.97013888888888,KATI,Unguja,2019,25
2019-06-30,80.97013888888888,KATI,Unguja,2019,26
2019-07-07,80.97013888888888,KATI,Unguja,2019,27
2019-07-14,80.97013888888888,KATI,Unguja,2019,28
2019-07-21,80.97013888888888,KATI,Unguja,2019,29
2019-07-28,80.97013888888888,KATI,Unguja,2019,30
2019-08-04,80.97013888888888,KATI,Unguja,2019,31
2019-08-11,80.97013888888888,KATI,Unguja,2019,32
2019-08-18,80.97013888888888,KATI,Unguja,2019,33
2019-08-25,80.97013888888888,KATI,Unguja,2019,34
2019-09-01,80.97013888888888,KATI,Unguja,2019,35
2019-09-08,80.97013888888888,KATI,Unguja,2019,36
2019-09-15,80.97013888888888,KATI,Unguja,2019,37
2019-09-22,80.97013888888888,KATI,Unguja,2019,38
2019-09-29,80.97013888888888,KATI,Unguja,2019,39
2019-10-06,80.97013888888888,KATI,Unguja,2019,40
2019-10-13,80.97013888888888,KATI,Unguja,2019,41
2019-10-20,80.97013888888888,KATI,Unguja,2019,42
2019-10-27,80.97013888888888,KATI,Unguja,2019,43
2019-11-03,80.97013888888888,KATI,Unguja,2019,44
2019-11-10,80.97013888888888,KATI,Unguja,2019,45
2019-11-17,80.97013888888888,KATI,Unguja,2019,46
2019-11-24,80.97013888888888,KATI,Unguja,2019,47
2019-12-01,80.97013888888888,KATI,Unguja,2019,48
2019-12-08,80.97013888888888,KATI,Unguja,2019,49
2019-12-15,80.97013888888888,KATI,Unguja,2019,50
2019-12-22,80.97013888888888,KATI,Unguja,2019,51
2019-12-29,80.97013888888888,KATI,Unguja,2019,52
2020-01-05,80.97013888888888,KATI,Unguja,2020,1
2020-01-12,80.97013888888888,KATI,Unguja,2020,2
2020-01-19,80.97013888888888,KATI,Unguja,2020,3
2020-01-26,80.97013888888888,KATI,Unguja,2020,4
2020-02-02,80.97013888888888,KATI,Unguja,2020,5
2020-02-09,80.97013888888888,KATI,Unguja,2020,6
2020-02-16,80.97013888888888,KATI,Unguja,2020,7
2020-02-23,80.97013888888888,KATI,Unguja,2020,8
2020-03-01,80.97013888888888,KATI,Unguja,2020,9
2020-03-08,80.97013888888888,KATI,Unguja,2020,10
2020-03-15,80.97013888888888,KATI,Unguja,2020,11
2020-03-22,80.97013888888888,KATI,Unguja,2020,12
2020-03-29,80.97013888888888,KATI,Unguja,2020,13
2020-04-05,80.97013888888888,KATI,Unguja,2020,14
2020-04-12,80.97013888888888,KATI,Unguja,2020,15
2020-04-19,80.97013888888888,KATI,Unguja,2020,16
2020-04-26,80.97013888888888,KATI,Unguja,2020,17
2020-05-03,80.97013888888888,KATI,Unguja,2020,18
2020-05-10,80.97013888888888,KATI,Unguja,2020,19
2020-05-17,80.97013888888888,KATI,Unguja,2020,20
2020-05-24,80.97013888888888,KATI,Unguja,2020,21
2020-05-31,80.97013888888888,KATI,Unguja,2020,22
2020-06-07,80.97013888888888,KATI,Unguja,2020,23
2020-06-14,80.97013888888888,KATI,Unguja,2020,24
2020-06-21,80.97013888888888,KATI,Unguja,2020,25
2020-06-28,80.97013888888888,KATI,Unguja,2020,26
2020-07-05,80.97013888888888,KATI,Unguja,2020,27
2020-07-12,80.97013888888888,KATI,Unguja,2020,28
2020-07-19,80.97013888888888,KATI,Unguja,2020,29
2020-07-26,80.97013888888888,KATI,Unguja,2020,30
2020-08-02,80.97013888888888,KATI,Unguja,2020,31
2020-08-09,80.97013888888888,KATI,Unguja,2020,32
2020-08-16,80.97013888888888,KATI,Unguja,2020,33
2020-08-23,80.97013888888888,KATI,Unguja,2020,34
2020-08-30,80.97013888888888,KATI,Unguja,2020,35
2020-09-06,80.97013888888888,KATI,Unguja,2020,36
2020-09-13,80.97013888888888,KATI,Unguja,2020,37
2020-09-20,80.97013888888888,KATI,Unguja,2020,38
2020-09-27,80.97013888888888,KATI,Unguja,2020,39
2020-10-04,80.97013888888888,KATI,Unguja,2020,40
2020-10-11,80.97013888888888,KATI,Unguja,2020,41
2020-10-18,80.97013888888888,KATI,Unguja,2020,42
2020-10-25,80.97013888888888,KATI,Unguja,2020,43
2020-11-01,80.97013888888888,KATI,Unguja,2020,44
2020-11-08,80.97013888888888,KATI,Unguja,2020,45
2020-11-15,80.97013888888888,KATI,Unguja,2020,46
2020-11-22,80.97013888888888,KATI,Unguja,2020,47
2020-11-29,80.97013888888888,KATI,Unguja,2020,48
2020-12-06,80.97013888888888,KATI,Unguja,2020,49
2020-12-13,80.97013888888888,KATI,Unguja,2020,50
2020-12-20,80.97013888888888,KATI,Unguja,2020,51
2020-12-27,80.97013888888888,KATI,Unguja,2020,52
2021-01-10,80.97013888888888,KATI,Unguja,2021,1
2021-01-17,80.97013888888888,KATI,Unguja,2021,2
2021-01-24,80.97013888888888,KATI,Unguja,2021,3
2021-01-31,80.97013888888888,KATI,Unguja,2021,4
2021-02-07,80.97013888888888,KATI,Unguja,2021,5
2021-02-14,80.97013888888888,KATI,Unguja,2021,6
2021-02-21,80.97013888888888,KATI,Unguja,2021,7
2021-02-28,80.97013888888888,KATI,Unguja,2021,8
2021-03-07,80.97013888888888,KATI,Unguja,2021,9
2021-03-14,80.97013888888888,KATI,Unguja,2021,10
2021-03-21,80.97013888888888,KATI,Unguja,2021,11
2021-03-28,80.97013888888888,KATI,Unguja,2021,12
2021-04-04,80.97013888888888,KATI,Unguja,2021,13
2021-04-11,80.97013888888888,KATI,Unguja,2021,14
2021-04-18,80.97013888888888,KATI,Unguja,2021,15
2021-04-25,80.97013888888888,KATI,Unguja,2021,16
2021-05-02,80.97013888888888,KATI,Unguja,2021,17
2021-05-09,80.97013888888888,KATI,Unguja,2021,18
2021-05-16,80.97013888888888,KATI,Unguja,2021,19
2021-05-23,80.97013888888888,KATI,Unguja,2021,20
2021-05-30,80.97013888888888,KATI,Unguja,2021,21
2021-06-06,80.97013888888888,KATI,Unguja,2021,22
2021-06-13,80.97013888888888,KATI,Unguja,2021,23
2021-06-20,80.97013888888888,KATI,Unguja,2021,24
2021-06-27,80.97013888888888,KATI,Unguja,2021,25
2021-07-04,80.97013888888888,KATI,Unguja,2021,26
2021-07-11,80.97013888888888,KATI,Unguja,2021,27
2021-07-18,80.97013888888888,KATI,Unguja,2021,28
2021-07-25,80.97013888888888,KATI,Unguja,2021,29
2021-08-01,80.97013888888888,KATI,Unguja,2021,30
2021-08-08,80.97013888888888,KATI,Unguja,2021,31
2021-08-15,80.97013888888888,KATI,Unguja,2021,32
2021-08-22,80.97013888888888,KATI,Unguja,2021,33
2021-08-29,80.97013888888888,KATI,Unguja,2021,34
2021-09-05,80.97013888888888,KATI,Unguja,2021,35
2021-09-12,80.97013888888888,KATI,Unguja,2021,36
2021-09-19,80.97013888888888,KATI,Unguja,2021,37
2021-09-26,80.97013888888888,KATI,Unguja,2021,38
2021-10-03,80.97013888888888,KATI,Unguja,2021,39
2021-10-10,80.97013888888888,KATI,Unguja,2021,40
2021-10-17,80.97013888888888,KATI,Unguja,2021,41
2021-10-24,80.97013888888888,KATI,Unguja,2021,42
2021-10-31,80.97013888888888,KATI,Unguja,2021,43
2021-11-07,80.97013888888888,KATI,Unguja,2021,44
2021-11-14,80.97013888888888,KATI,Unguja,2021,45
2021-11-21,80.97013888888888,KATI,Unguja,2021,46
2021-11-28,80.97013888888888,KATI,Unguja,2021,47
2021-12-05,80.97013888888888,KATI,Unguja,2021,48
2021-12-12,80.97013888888888,KATI,Unguja,2021,49
2021-12-19,80.97013888888888,KATI,Unguja,2021,50
2021-12-26,80.97013888888888,KATI,Unguja,2021,51
2022-01-02,80.97013888888888,KATI,Unguja,2021,52
2022-01-09,80.97013888888888,KATI,Unguja,2022,1
2022-01-16,80.97013888888888,KATI,Unguja,2022,2
2022-01-23,80.97013888888888,KATI,Unguja,2022,3
2022-01-30,80.97013888888888,KATI,Unguja,2022,4
2022-02-06,80.97013888888888,KATI,Unguja,2022,5
2022-02-13,80.97013888888888,KATI,Unguja,2022,6
2022-02-20,80.97013888888888,KATI,Unguja,2022,7
2022-02-27,80.97013888888888,KATI,Unguja,2022,8
2022-03-06,80.97013888888888,KATI,Unguja,2022,9
2022-03-13,80.97013888888888,KATI,Unguja,2022,10
2022-03-20,80.97013888888888,KATI,Unguja,2022,11
2022-03-27,80.97013888888888,KATI,Unguja,2022,12
2022-04-03,80.97013888888888,KATI,Unguja,2022,13
2022-04-10,80.97013888888888,KATI,Unguja,2022,14
2022-04-17,80.97013888888888,KATI,Unguja,2022,15
2022-04-24,80.97013888888888,KATI,Unguja,2022,16
2022-05-01,80.97013888888888,KATI,Unguja,2022,17
2022-05-08,80.97013888888888,KATI,Unguja,2022,18
2022-05-15,80.97013888888888,KATI,Unguja,2022,19
2022-05-22,80.97013888888888,KATI,Unguja,2022,20
2022-05-29,80.97013888888888,KATI,Unguja,2022,21
2022-06-05,80.97013888888888,KATI,Unguja,2022,22
2022-06-12,80.97013888888888,KATI,Unguja,2022,23
2022-06-19,80.97013888888888,KATI,Unguja,2022,24
2022-06-26,80.97013888888888,KATI,Unguja,2022,25
2022-07-03,80.97013888888888,KATI,Unguja,2022,26
2022-07-10,80.97013888888888,KATI,Unguja,2022,27
2022-07-17,80.97013888888888,KATI,Unguja,2022,28
2022-07-24,80.97013888888888,KATI,Unguja,2022,29
2022-07-31,80.97013888888888,KATI,Unguja,2022,30
2022-08-07,80.97013888888888,KATI,Unguja,2022,31
2022-08-14,80.97013888888888,KATI,Unguja,2022,32
2022-08-21,80.97013888888888,KATI,Unguja,2022,33
2022-08-28,80.97013888888888,KATI,Unguja,2022,34
2022-09-04,80.97013888888888,KATI,Unguja,2022,35
2022-09-11,80.97013888888888,KATI,Unguja,2022,36
2022-09-18,80.97013888888888,KATI,Unguja,2022,37
2022-09-25,80.97013888888888,KATI,Unguja,2022,38
2022-10-02,80.97013888888888,KATI,Unguja,2022,39
2022-10-09,80.97013888888888,KATI,Unguja,2022,40
2022-10-16,80.97013888888888,KATI,Unguja,2022,41
2022-10-23,80.97013888888888,KATI,Unguja,2022,42
2022-10-30,80.97013888888888,KATI,Unguja,2022,43
2022-11-06,80.97013888888888,KATI,Unguja,2022,44
2022-11-13,80.97013888888888,KATI,Unguja,2022,45
2022-11-20,80.97013888888888,KATI,Unguja,2022,46
2022-11-27,80.97013888888888,KATI,Unguja,2022,47
2022-12-04,80.97013888888888,KATI,Unguja,2022,48
2022-12-11,80.97013888888888,KATI,Unguja,2022,49
2022-12-18,80.97013888888888,KATI,Unguja,2022,50
2022-12-25,80.97013888888888,KATI,Unguja,2022,51
2023-01-01,80.97013888888888,KATI,Unguja,2022,52
2023-01-08,80.97013888888888,KATI,Unguja,2023,1
2023-01-15,80.97013888888888,KATI,Unguja,2023,2
2023-01-22,80.97013888888888,KATI,Unguja,2023,3
2023-01-29,80.97013888888888,KATI,Unguja,2023,4
2023-02-05,80.97013888888888,KATI,Unguja,2023,5
2023-02-12,80.97013888888888,KATI,Unguja,2023,6
2023-02-19,80.97013888888888,KATI,Unguja,2023,7
2023-02-26,80.97013888888888,KATI,Unguja,2023,8
2023-03-05,80.97013888888888,KATI,Unguja,2023,9
2023-03-12,80.97013888888888,KATI,Unguja,2023,10
2023-03-19,80.97013888888888,KATI,Unguja,2023,11
2023-03-26,80.97013888888888,KATI,Unguja,2023,12
2023-04-02,80.97013888888888,KATI,Unguja,2023,13
2023-04-09,80.97013888888888,KATI,Unguja,2023,14
2023-04-16,80.97013888888888,KATI,Unguja,2023,15
2023-04-23,80.97013888888888,KATI,Unguja,2023,16
2023-04-30,80.97013888888888,KATI,Unguja,2023,17
2023-05-07,80.97013888888888,KATI,Unguja,2023,18
2023-05-14,80.97013888888888,KATI,Unguja,2023,19
2023-05-21,80.97013888888888,KATI,Unguja,2023,20
2023-05-28,80.97013888888888,KATI,Unguja,2023,21
2023-06-04,80.97013888888888,KATI,Unguja,2023,22
2023-06-11,80.97013888888888,KATI,Unguja,2023,23
2023-06-18,80.97013888888888,KATI,Unguja,2023,24
2023-06-25,80.97013888888888,KATI,Unguja,2023,25
2023-07-02,80.97013888888888,KATI,Unguja,2023,26
2023-07-09,80.97013888888888,KATI,Unguja,2023,27
2023-07-16,80.97013888888888,KATI,Unguja,2023,28
2023-07-23,80.97013888888888,KATI,Unguja,2023,29
2023-07-30,80.97013888888888,KATI,Unguja,2023,30
2023-08-06,80.97013888888888,KATI,Unguja,2023,31
2023-08-13,80.97013888888888,KATI,Unguja,2023,32
2023-08-20,80.97013888888888,KATI,Unguja,2023,33
2023-08-27,80.97013888888888,KATI,Unguja,2023,34
2023-09-03,80.97013888888888,KATI,Unguja,2023,35
2023-09-10,80.97013888888888,KATI,Unguja,2023,36
2023-09-17,80.97013888888888,KATI,Unguja,2023,37
2023-09-24,80.97013888888888,KATI,Unguja,2023,38
2023-10-01,80.97013888888888,KATI,Unguja,2023,39
2023-10-08,80.97013888888888,KATI,Unguja,2023,40
2023-10-15,80.97013888888888,KATI,Unguja,2023,41
2023-10-22,80.97013888888888,KATI,Unguja,2023,42
2023-10-29,80.97013888888888,KATI,Unguja,2023,43
2023-11-05,80.97013888888888,KATI,Unguja,2023,44
2023-11-12,80.97013888888888,KATI,Unguja,2023,45
2023-11-19,80.97013888888888,KATI,Unguja,2023,46
2023-11-26,80.97013888888888,KATI,Unguja,2023,47
2023-12-03,80.97013888888888,KATI,Unguja,2023,48
2018-01-07,80.97013888888888,KUSINI,Unguja,2018,1
2018-01-14,80.97013888888888,KUSINI,Unguja,2018,2
2018-01-21,80.97013888888888,KUSINI,Unguja,2018,3
2018-01-28,80.97013888888888,KUSINI,Unguja,2018,4
2018-02-04,80.97013888888888,KUSINI,Unguja,2018,5
2018-02-11,80.97013888888888,KUSINI,Unguja,2018,6
2018-02-18,80.97013888888888,KUSINI,Unguja,2018,7
2018-02-25,80.97013888888888,KUSINI,Unguja,2018,8
2018-03-04,80.97013888888888,KUSINI,Unguja,2018,9
2018-03-11,80.97013888888888,KUSINI,Unguja,2018,10
2018-03-18,80.97013888888888,KUSINI,Unguja,2018,11
2018-03-25,80.97013888888888,KUSINI,Unguja,2018,12
2018-04-01,80.97013888888888,KUSINI,Unguja,2018,13
2018-04-08,80.97013888888888,KUSINI,Unguja,2018,14
2018-04-15,80.97013888888888,KUSINI,Unguja,2018,15
2018-04-22,80.97013888888888,KUSINI,Unguja,2018,16
2018-04-29,80.97013888888888,KUSINI,Unguja,2018,17
2018-05-06,80.97013888888888,KUSINI,Unguja,2018,18
2018-05-13,80.97013888888888,KUSINI,Unguja,2018,19
2018-05-20,80.97013888888888,KUSINI,Unguja,2018,20
2018-05-27,80.97013888888888,KUSINI,Unguja,2018,21
2018-06-03,80.97013888888888,KUSINI,Unguja,2018,22
2018-06-10,80.97013888888888,KUSINI,Unguja,2018,23
2018-06-17,80.97013888888888,KUSINI,Unguja,2018,24
2018-06-24,80.97013888888888,KUSINI,Unguja,2018,25
2018-07-01,80.97013888888888,KUSINI,Unguja,2018,26
2018-07-08,80.97013888888888,KUSINI,Unguja,2018,27
2018-07-15,80.97013888888888,KUSINI,Unguja,2018,28
2018-07-22,80.97013888888888,KUSINI,Unguja,2018,29
2018-07-29,80.97013888888888,KUSINI,Unguja,2018,30
2018-08-05,80.97013888888888,KUSINI,Unguja,2018,31
2018-08-12,80.97013888888888,KUSINI,Unguja,2018,32
2018-08-19,80.97013888888888,KUSINI,Unguja,2018,33
2018-08-26,80.97013888888888,KUSINI,Unguja,2018,34
2018-09-02,80.97013888888888,KUSINI,Unguja,2018,35
2018-09-09,80.97013888888888,KUSINI,Unguja,2018,36
2018-09-16,80.97013888888888,KUSINI,Unguja,2018,37
2018-09-23,80.97013888888888,KUSINI,Unguja,2018,38
2018-09-30,80.97013888888888,KUSINI,Unguja,2018,39
2018-10-07,80.97013888888888,KUSINI,Unguja,2018,40
2018-10-14,80.97013888888888,KUSINI,Unguja,2018,41
2018-10-21,80.97013888888888,KUSINI,Unguja,2018,42
2018-10-28,80.97013888888888,KUSINI,Unguja,2018,43
2018-11-04,80.97013888888888,KUSINI,Unguja,2018,44
2018-11-11,80.97013888888888,KUSINI,Unguja,2018,45
2018-11-18,80.97013888888888,KUSINI,Unguja,2018,46
2018-11-25,80.97013888888888,KUSINI,Unguja,2018,47
2018-12-02,80.97013888888888,KUSINI,Unguja,2018,48
2018-12-09,80.97013888888888,KUSINI,Unguja,2018,49
2018-12-16,80.97013888888888,KUSINI,Unguja,2018,50
2018-12-23,80.97013888888888,KUSINI,Unguja,2018,51
2018-12-30,80.97013888888888,KUSINI,Unguja,2018,52
2019-01-06,80.97013888888888,KUSINI,Unguja,2019,1
2019-01-13,80.97013888888888,KUSINI,Unguja,2019,2
2019-01-20,80.97013888888888,KUSINI,Unguja,2019,3
2019-01-27,80.97013888888888,KUSINI,Unguja,2019,4
2019-02-03,80.97013888888888,KUSINI,Unguja,2019,5
2019-02-10,80.97013888888888,KUSINI,Unguja,2019,6
2019-02-17,80.97013888888888,KUSINI,Unguja,2019,7
2019-02-24,80.97013888888888,KUSINI,Unguja,2019,8
2019-03-03,80.97013888888888,KUSINI,Unguja,2019,9
2019-03-10,80.97013888888888,KUSINI,Unguja,2019,10
2019-03-17,80.97013888888888,KUSINI,Unguja,2019,11
2019-03-24,80.97013888888888,KUSINI,Unguja,2019,12
2019-03-31,80.97013888888888,KUSINI,Unguja,2019,13
2019-04-07,80.97013888888888,KUSINI,Unguja,2019,14
2019-04-14,80.97013888888888,KUSINI,Unguja,2019,15
2019-04-21,80.97013888888888,KUSINI,Unguja,2019,16
2019-04-28,80.97013888888888,KUSINI,Unguja,2019,17
2019-05-05,80.97013888888888,KUSINI,Unguja,2019,18
2019-05-12,80.97013888888888,KUSINI,Unguja,2019,19
2019-05-19,80.97013888888888,KUSINI,Unguja,2019,20
2019-05-26,80.97013888888888,KUSINI,Unguja,2019,21
2019-06-02,80.97013888888888,KUSINI,Unguja,2019,22
2019-06-09,80.97013888888888,KUSINI,Unguja,2019,23
2019-06-16,80.97013888888888,KUSINI,Unguja,2019,24
2019-06-23,80.97013888888888,KUSINI,Unguja,2019,25
2019-06-30,80.97013888888888,KUSINI,Unguja,2019,26
2019-07-07,80.97013888888888,KUSINI,Unguja,2019,27
2019-07-14,80.97013888888888,KUSINI,Unguja,2019,28
2019-07-21,80.97013888888888,KUSINI,Unguja,2019,29
2019-07-28,80.97013888888888,KUSINI,Unguja,2019,30
2019-08-04,80.97013888888888,KUSINI,Unguja,2019,31
2019-08-11,80.97013888888888,KUSINI,Unguja,2019,32
2019-08-18,80.97013888888888,KUSINI,Unguja,2019,33
2019-08-25,80.97013888888888,KUSINI,Unguja,2019,34
2019-09-01,80.97013888888888,KUSINI,Unguja,2019,35
2019-09-08,80.97013888888888,KUSINI,Unguja,2019,36
2019-09-15,80.97013888888888,KUSINI,Unguja,2019,37
2019-09-22,80.97013888888888,KUSINI,Unguja,2019,38
2019-09-29,80.97013888888888,KUSINI,Unguja,2019,39
2019-10-06,80.97013888888888,KUSINI,Unguja,2019,40
2019-10-13,80.97013888888888,KUSINI,Unguja,2019,41
2019-10-20,80.97013888888888,KUSINI,Unguja,2019,42
2019-10-27,80.97013888888888,KUSINI,Unguja,2019,43
2019-11-03,80.97013888888888,KUSINI,Unguja,2019,44
2019-11-10,80.97013888888888,KUSINI,Unguja,2019,45
2019-11-17,80.97013888888888,KUSINI,Unguja,2019,46
2019-11-24,80.97013888888888,KUSINI,Unguja,2019,47
2019-12-01,80.97013888888888,KUSINI,Unguja,2019,48
2019-12-08,80.97013888888888,KUSINI,Unguja,2019,49
2019-12-15,80.97013888888888,KUSINI,Unguja,2019,50
2019-12-22,80.97013888888888,KUSINI,Unguja,2019,51
2019-12-29,80.97013888888888,KUSINI,Unguja,2019,52
2020-01-05,80.97013888888888,KUSINI,Unguja,2020,1
2020-01-12,80.97013888888888,KUSINI,Unguja,2020,2
2020-01-19,80.97013888888888,KUSINI,Unguja,2020,3
2020-01-26,80.97013888888888,KUSINI,Unguja,2020,4
2020-02-02,80.97013888888888,KUSINI,Unguja,2020,5
2020-02-09,80.97013888888888,KUSINI,Unguja,2020,6
2020-02-16,80.97013888888888,KUSINI,Unguja,2020,7
2020-02-23,80.97013888888888,KUSINI,Unguja,2020,8
2020-03-01,80.97013888888888,KUSINI,Unguja,2020,9
2020-03-08,80.97013888888888,KUSINI,Unguja,2020,10
2020-03-15,80.97013888888888,KUSINI,Unguja,2020,11
2020-03-22,80.97013888888888,KUSINI,Unguja,2020,12
2020-03-29,80.97013888888888,KUSINI,Unguja,2020,13
2020-04-05,80.97013888888888,KUSINI,Unguja,2020,14
2020-04-12,80.97013888888888,KUSINI,Unguja,2020,15
2020-04-19,80.97013888888888,KUSINI,Unguja,2020,16
2020-04-26,80.97013888888888,KUSINI,Unguja,2020,17
2020-05-03,80.97013888888888,KUSINI,Unguja,2020,18
2020-05-10,80.97013888888888,KUSINI,Unguja,2020,19
2020-05-17,80.97013888888888,KUSINI,Unguja,2020,20
2020-05-24,80.97013888888888,KUSINI,Unguja,2020,21
2020-05-31,80.97013888888888,KUSINI,Unguja,2020,22
2020-06-07,80.97013888888888,KUSINI,Unguja,2020,23
2020-06-14,80.97013888888888,KUSINI,Unguja,2020,24
2020-06-21,80.97013888888888,KUSINI,Unguja,2020,25
2020-06-28,80.97013888888888,KUSINI,Unguja,2020,26
2020-07-05,80.97013888888888,KUSINI,Unguja,2020,27
2020-07-12,80.97013888888888,KUSINI,Unguja,2020,28
2020-07-19,80.97013888888888,KUSINI,Unguja,2020,29
2020-07-26,80.97013888888888,KUSINI,Unguja,2020,30
2020-08-02,80.97013888888888,KUSINI,Unguja,2020,31
2020-08-09,80.97013888888888,KUSINI,Unguja,2020,32
2020-08-16,80.97013888888888,KUSINI,Unguja,2020,33
2020-08-23,80.97013888888888,KUSINI,Unguja,2020,34
2020-08-30,80.97013888888888,KUSINI,Unguja,2020,35
2020-09-06,80.97013888888888,KUSINI,Unguja,2020,36
2020-09-13,80.97013888888888,KUSINI,Unguja,2020,37
2020-09-20,80.97013888888888,KUSINI,Unguja,2020,38
2020-09-27,80.97013888888888,KUSINI,Unguja,2020,39
2020-10-04,80.97013888888888,KUSINI,Unguja,2020,40
2020-10-11,80.97013888888888,KUSINI,Unguja,2020,41
2020-10-18,80.97013888888888,KUSINI,Unguja,2020,42
2020-10-25,80.97013888888888,KUSINI,Unguja,2020,43
2020-11-01,80.97013888888888,KUSINI,Unguja,2020,44
2020-11-08,80.97013888888888,KUSINI,Unguja,2020,45
2020-11-15,80.97013888888888,KUSINI,Unguja,2020,46
2020-11-22,80.97013888888888,KUSINI,Unguja,2020,47
2020-11-29,80.97013888888888,KUSINI,Unguja,2020,48
2020-12-06,80.97013888888888,KUSINI,Unguja,2020,49
2020-12-13,80.97013888888888,KUSINI,Unguja,2020,50
2020-12-20,80.97013888888888,KUSINI,Unguja,2020,51
2020-12-27,80.97013888888888,KUSINI,Unguja,2020,52
2021-01-10,80.97013888888888,KUSINI,Unguja,2021,1
2021-01-17,80.97013888888888,KUSINI,Unguja,2021,2
2021-01-24,80.97013888888888,KUSINI,Unguja,2021,3
2021-01-31,80.97013888888888,KUSINI,Unguja,2021,4
2021-02-07,80.97013888888888,KUSINI,Unguja,2021,5
2021-02-14,80.97013888888888,KUSINI,Unguja,2021,6
2021-02-21,80.97013888888888,KUSINI,Unguja,2021,7
2021-02-28,80.97013888888888,KUSINI,Unguja,2021,8
2021-03-07,80.97013888888888,KUSINI,Unguja,2021,9
2021-03-14,80.97013888888888,KUSINI,Unguja,2021,10
2021-03-21,80.97013888888888,KUSINI,Unguja,2021,11
2021-03-28,80.97013888888888,KUSINI,Unguja,2021,12
2021-04-04,80.97013888888888,KUSINI,Unguja,2021,13
2021-04-11,80.97013888888888,KUSINI,Unguja,2021,14
2021-04-18,80.97013888888888,KUSINI,Unguja,2021,15
2021-04-25,80.97013888888888,KUSINI,Unguja,2021,16
2021-05-02,80.97013888888888,KUSINI,Unguja,2021,17
2021-05-09,80.97013888888888,KUSINI,Unguja,2021,18
2021-05-16,80.97013888888888,KUSINI,Unguja,2021,19
2021-05-23,80.97013888888888,KUSINI,Unguja,2021,20
2021-05-30,80.97013888888888,KUSINI,Unguja,2021,21
2021-06-06,80.97013888888888,KUSINI,Unguja,2021,22
2021-06-13,80.97013888888888,KUSINI,Unguja,2021,23
2021-06-20,80.97013888888888,KUSINI,Unguja,2021,24
2021-06-27,80.97013888888888,KUSINI,Unguja,2021,25
2021-07-04,80.97013888888888,KUSINI,Unguja,2021,26
2021-07-11,80.97013888888888,KUSINI,Unguja,2021,27
2021-07-18,80.97013888888888,KUSINI,Unguja,2021,28
2021-07-25,80.97013888888888,KUSINI,Unguja,2021,29
2021-08-01,80.97013888888888,KUSINI,Unguja,2021,30
2021-08-08,80.97013888888888,KUSINI,Unguja,2021,31
2021-08-15,80.97013888888888,KUSINI,Unguja,2021,32
2021-08-22,80.97013888888888,KUSINI,Unguja,2021,33
2021-08-29,80.97013888888888,KUSINI,Unguja,2021,34
2021-09-05,80.97013888888888,KUSINI,Unguja,2021,35
2021-09-12,80.97013888888888,KUSINI,Unguja,2021,36
2021-09-19,80.97013888888888,KUSINI,Unguja,2021,37
2021-09-26,80.97013888888888,KUSINI,Unguja,2021,38
2021-10-03,80.97013888888888,KUSINI,Unguja,2021,39
2021-10-10,80.97013888888888,KUSINI,Unguja,2021,40
2021-10-17,80.97013888888888,KUSINI,Unguja,2021,41
2021-10-24,80.97013888888888,KUSINI,Unguja,2021,42
2021-10-31,80.97013888888888,KUSINI,Unguja,2021,43
2021-11-07,80.97013888888888,KUSINI,Unguja,2021,44
2021-11-14,80.97013888888888,KUSINI,Unguja,2021,45
2021-11-21,80.97013888888888,KUSINI,Unguja,2021,46
2021-11-28,80.97013888888888,KUSINI,Unguja,2021,47
2021-12-05,80.97013888888888,KUSINI,Unguja,2021,48
2021-12-12,80.97013888888888,KUSINI,Unguja,2021,49
2021-12-19,80.97013888888888,KUSINI,Unguja,2021,50
2021-12-26,80.97013888888888,KUSINI,Unguja,2021,51
2022-01-02,80.97013888888888,KUSINI,Unguja,2021,52
2022-01-09,80.97013888888888,KUSINI,Unguja,2022,1
2022-01-16,80.97013888888888,KUSINI,Unguja,2022,2
2022-01-23,80.97013888888888,KUSINI,Unguja,2022,3
2022-01-30,80.97013888888888,KUSINI,Unguja,2022,4
2022-02-06,80.97013888888888,KUSINI,Unguja,2022,5
2022-02-13,80.97013888888888,KUSINI,Unguja,2022,6
2022-02-20,80.97013888888888,KUSINI,Unguja,2022,7
2022-02-27,80.97013888888888,KUSINI,Unguja,2022,8
2022-03-06,80.97013888888888,KUSINI,Unguja,2022,9
2022-03-13,80.97013888888888,KUSINI,Unguja,2022,10
2022-03-20,80.97013888888888,KUSINI,Unguja,2022,11
2022-03-27,80.97013888888888,KUSINI,Unguja,2022,12
2022-04-03,80.97013888888888,KUSINI,Unguja,2022,13
2022-04-10,80.97013888888888,KUSINI,Unguja,2022,14
2022-04-17,80.97013888888888,KUSINI,Unguja,2022,15
2022-04-24,80.97013888888888,KUSINI,Unguja,2022,16
2022-05-01,80.97013888888888,KUSINI,Unguja,2022,17
2022-05-08,80.97013888888888,KUSINI,Unguja,2022,18
2022-05-15,80.97013888888888,KUSINI,Unguja,2022,19
2022-05-22,80.97013888888888,KUSINI,Unguja,2022,20
2022-05-29,80.97013888888888,KUSINI,Unguja,2022,21
2022-06-05,80.97013888888888,KUSINI,Unguja,2022,22
2022-06-12,80.97013888888888,KUSINI,Unguja,2022,23
2022-06-19,80.97013888888888,KUSINI,Unguja,2022,24
2022-06-26,80.97013888888888,KUSINI,Unguja,2022,25
2022-07-03,80.97013888888888,KUSINI,Unguja,2022,26
2022-07-10,80.97013888888888,KUSINI,Unguja,2022,27
2022-07-17,80.97013888888888,KUSINI,Unguja,2022,28
2022-07-24,80.97013888888888,KUSINI,Unguja,2022,29
2022-07-31,80.97013888888888,KUSINI,Unguja,2022,30
2022-08-07,80.97013888888888,KUSINI,Unguja,2022,31
2022-08-14,80.97013888888888,KUSINI,Unguja,2022,32
2022-08-21,80.97013888888888,KUSINI,Unguja,2022,33
2022-08-28,80.97013888888888,KUSINI,Unguja,2022,34
2022-09-04,80.97013888888888,KUSINI,Unguja,2022,35
2022-09-11,80.97013888888888,KUSINI,Unguja,2022,36
2022-09-18,80.97013888888888,KUSINI,Unguja,2022,37
2022-09-25,80.97013888888888,KUSINI,Unguja,2022,38
2022-10-02,80.97013888888888,KUSINI,Unguja,2022,39
2022-10-09,80.97013888888888,KUSINI,Unguja,2022,40
2022-10-16,80.97013888888888,KUSINI,Unguja,2022,41
2022-10-23,80.97013888888888,KUSINI,Unguja,2022,42
2022-10-30,80.97013888888888,KUSINI,Unguja,2022,43
2022-11-06,80.97013888888888,KUSINI,Unguja,2022,44
2022-11-13,80.97013888888888,KUSINI,Unguja,2022,45
2022-11-20,80.97013888888888,KUSINI,Unguja,2022,46
2022-11-27,80.97013888888888,KUSINI,Unguja,2022,47
2022-12-04,80.97013888888888,KUSINI,Unguja,2022,48
2022-12-11,80.97013888888888,KUSINI,Unguja,2022,49
2022-12-18,80.97013888888888,KUSINI,Unguja,2022,50
2022-12-25,80.97013888888888,KUSINI,Unguja,2022,51
2023-01-01,80.97013888888888,KUSINI,Unguja,2022,52
2023-01-08,80.97013888888888,KUSINI,Unguja,2023,1
2023-01-15,80.97013888888888,KUSINI,Unguja,2023,2
2023-01-22,80.97013888888888,KUSINI,Unguja,2023,3
2023-01-29,80.97013888888888,KUSINI,Unguja,2023,4
2023-02-05,80.97013888888888,KUSINI,Unguja,2023,5
2023-02-12,80.97013888888888,KUSINI,Unguja,2023,6
2023-02-19,80.97013888888888,KUSINI,Unguja,2023,7
2023-02-26,80.97013888888888,KUSINI,Unguja,2023,8
2023-03-05,80.97013888888888,KUSINI,Unguja,2023,9
2023-03-12,80.97013888888888,KUSINI,Unguja,2023,10
2023-03-19,80.97013888888888,KUSINI,Unguja,2023,11
2023-03-26,80.97013888888888,KUSINI,Unguja,2023,12
2023-04-02,80.97013888888888,KUSINI,Unguja,2023,13
2023-04-09,80.97013888888888,KUSINI,Unguja,2023,14
2023-04-16,80.97013888888888,KUSINI,Unguja,2023,15
2023-04-23,80.97013888888888,KUSINI,Unguja,2023,16
2023-04-30,80.97013888888888,KUSINI,Unguja,2023,17
2023-05-07,80.97013888888888,KUSINI,Unguja,2023,18
2023-05-14,80.97013888888888,KUSINI,Unguja,2023,19
2023-05-21,80.97013888888888,KUSINI,Unguja,2023,20
2023-05-28,80.97013888888888,KUSINI,Unguja,2023,21
2023-06-04,80.97013888888888,KUSINI,Unguja,2023,22
2023-06-11,80.97013888888888,KUSINI,Unguja,2023,23
2023-06-18,80.97013888888888,KUSINI,Unguja,2023,24
2023-06-25,80.97013888888888,KUSINI,Unguja,2023,25
2023-07-02,80.97013888888888,KUSINI,Unguja,2023,26
2023-07-09,80.97013888888888,KUSINI,Unguja,2023,27
2023-07-16,80.97013888888888,KUSINI,Unguja,2023,28
2023-07-23,80.97013888888888,KUSINI,Unguja,2023,29
2023-07-30,80.97013888888888,KUSINI,Unguja,2023,30
2023-08-06,80.97013888888888,KUSINI,Unguja,2023,31
2023-08-13,80.97013888888888,KUSINI,Unguja,2023,32
2023-08-20,80.97013888888888,KUSINI,Unguja,2023,33
2023-08-27,80.97013888888888,KUSINI,Unguja,2023,34
2023-09-03,80.97013888888888,KUSINI,Unguja,2023,35
2023-09-10,80.97013888888888,KUSINI,Unguja,2023,36
2023-09-17,80.97013888888888,KUSINI,Unguja,2023,37
2023-09-24,80.97013888888888,KUSINI,Unguja,2023,38
2023-10-01,80.97013888888888,KUSINI,Unguja,2023,39
2023-10-08,80.97013888888888,KUSINI,Unguja,2023,40
2023-10-15,80.97013888888888,KUSINI,Unguja,2023,41
2023-10-22,80.97013888888888,KUSINI,Unguja,2023,42
2023-10-29,80.97013888888888,KUSINI,Unguja,2023,43
2023-11-05,80.97013888888888,KUSINI,Unguja,2023,44
2023-11-12,80.97013888888888,KUSINI,Unguja,2023,45
2023-11-19,80.97013888888888,KUSINI,Unguja,2023,46
2023-11-26,80.97013888888888,KUSINI,Unguja,2023,47
2023-12-03,80.97013888888888,KUSINI,Unguja,2023,48
2018-01-07,80.97013888888888,MAGHARIBI A,Unguja,2018,1
2018-01-14,80.97013888888888,MAGHARIBI A,Unguja,2018,2
2018-01-21,80.97013888888888,MAGHARIBI A,Unguja,2018,3
2018-01-28,80.97013888888888,MAGHARIBI A,Unguja,2018,4
2018-02-04,80.97013888888888,MAGHARIBI A,Unguja,2018,5
2018-02-11,80.97013888888888,MAGHARIBI A,Unguja,2018,6
2018-02-18,80.97013888888888,MAGHARIBI A,Unguja,2018,7
2018-02-25,80.97013888888888,MAGHARIBI A,Unguja,2018,8
2018-03-04,80.97013888888888,MAGHARIBI A,Unguja,2018,9
2018-03-11,80.97013888888888,MAGHARIBI A,Unguja,2018,10
2018-03-18,80.97013888888888,MAGHARIBI A,Unguja,2018,11
2018-03-25,80.97013888888888,MAGHARIBI A,Unguja,2018,12
2018-04-01,80.97013888888888,MAGHARIBI A,Unguja,2018,13
2018-04-08,80.97013888888888,MAGHARIBI A,Unguja,2018,14
2018-04-15,80.97013888888888,MAGHARIBI A,Unguja,2018,15
2018-04-22,80.97013888888888,MAGHARIBI A,Unguja,2018,16
2018-04-29,80.97013888888888,MAGHARIBI A,Unguja,2018,17
2018-05-06,80.97013888888888,MAGHARIBI A,Unguja,2018,18
2018-05-13,80.97013888888888,MAGHARIBI A,Unguja,2018,19
2018-05-20,80.97013888888888,MAGHARIBI A,Unguja,2018,20
2018-05-27,80.97013888888888,MAGHARIBI A,Unguja,2018,21
2018-06-03,80.97013888888888,MAGHARIBI A,Unguja,2018,22
2018-06-10,80.97013888888888,MAGHARIBI A,Unguja,2018,23
2018-06-17,80.97013888888888,MAGHARIBI A,Unguja,2018,24
2018-06-24,80.97013888888888,MAGHARIBI A,Unguja,2018,25
2018-07-01,80.97013888888888,MAGHARIBI A,Unguja,2018,26
2018-07-08,80.97013888888888,MAGHARIBI A,Unguja,2018,27
2018-07-15,80.97013888888888,MAGHARIBI A,Unguja,2018,28
2018-07-22,80.97013888888888,MAGHARIBI A,Unguja,2018,29
2018-07-29,80.97013888888888,MAGHARIBI A,Unguja,2018,30
2018-08-05,80.97013888888888,MAGHARIBI A,Unguja,2018,31
2018-08-12,80.97013888888888,MAGHARIBI A,Unguja,2018,32
2018-08-19,80.97013888888888,MAGHARIBI A,Unguja,2018,33
2018-08-26,80.97013888888888,MAGHARIBI A,Unguja,2018,34
2018-09-02,80.97013888888888,MAGHARIBI A,Unguja,2018,35
2018-09-09,80.97013888888888,MAGHARIBI A,Unguja,2018,36
2018-09-16,80.97013888888888,MAGHARIBI A,Unguja,2018,37
2018-09-23,80.97013888888888,MAGHARIBI A,Unguja,2018,38
2018-09-30,80.97013888888888,MAGHARIBI A,Unguja,2018,39
2018-10-07,80.97013888888888,MAGHARIBI A,Unguja,2018,40
2018-10-14,80.97013888888888,MAGHARIBI A,Unguja,2018,41
2018-10-21,80.97013888888888,MAGHARIBI A,Unguja,2018,42
2018-10-28,80.97013888888888,MAGHARIBI A,Unguja,2018,43
2018-11-04,80.97013888888888,MAGHARIBI A,Unguja,2018,44
2018-11-11,80.97013888888888,MAGHARIBI A,Unguja,2018,45
2018-11-18,80.97013888888888,MAGHARIBI A,Unguja,2018,46
2018-11-25,80.97013888888888,MAGHARIBI A,Unguja,2018,47
2018-12-02,80.97013888888888,MAGHARIBI A,Unguja,2018,48
2018-12-09,80.97013888888888,MAGHARIBI A,Unguja,2018,49
2018-12-16,80.97013888888888,MAGHARIBI A,Unguja,2018,50
2018-12-23,80.97013888888888,MAGHARIBI A,Unguja,2018,51
2018-12-30,80.97013888888888,MAGHARIBI A,Unguja,2018,52
2019-01-06,80.97013888888888,MAGHARIBI A,Unguja,2019,1
2019-01-13,80.97013888888888,MAGHARIBI A,Unguja,2019,2
2019-01-20,80.97013888888888,MAGHARIBI A,Unguja,2019,3
2019-01-27,80.97013888888888,MAGHARIBI A,Unguja,2019,4
2019-02-03,80.97013888888888,MAGHARIBI A,Unguja,2019,5
2019-02-10,80.97013888888888,MAGHARIBI A,Unguja,2019,6
2019-02-17,80.97013888888888,MAGHARIBI A,Unguja,2019,7
2019-02-24,80.97013888888888,MAGHARIBI A,Unguja,2019,8
2019-03-03,80.97013888888888,MAGHARIBI A,Unguja,2019,9
2019-03-10,80.97013888888888,MAGHARIBI A,Unguja,2019,10
2019-03-17,80.97013888888888,MAGHARIBI A,Unguja,2019,11
2019-03-24,80.97013888888888,MAGHARIBI A,Unguja,2019,12
2019-03-31,80.97013888888888,MAGHARIBI A,Unguja,2019,13
2019-04-07,80.97013888888888,MAGHARIBI A,Unguja,2019,14
2019-04-14,80.97013888888888,MAGHARIBI A,Unguja,2019,15
2019-04-21,80.97013888888888,MAGHARIBI A,Unguja,2019,16
2019-04-28,80.97013888888888,MAGHARIBI A,Unguja,2019,17
2019-05-05,80.97013888888888,MAGHARIBI A,Unguja,2019,18
2019-05-12,80.97013888888888,MAGHARIBI A,Unguja,2019,19
2019-05-19,80.97013888888888,MAGHARIBI A,Unguja,2019,20
2019-05-26,80.97013888888888,MAGHARIBI A,Unguja,2019,21
2019-06-02,80.97013888888888,MAGHARIBI A,Unguja,2019,22
2019-06-09,80.97013888888888,MAGHARIBI A,Unguja,2019,23
2019-06-16,80.97013888888888,MAGHARIBI A,Unguja,2019,24
2019-06-23,80.97013888888888,MAGHARIBI A,Unguja,2019,25
2019-06-30,80.97013888888888,MAGHARIBI A,Unguja,2019,26
2019-07-07,80.97013888888888,MAGHARIBI A,Unguja,2019,27
2019-07-14,80.97013888888888,MAGHARIBI A,Unguja,2019,28
2019-07-21,80.97013888888888,MAGHARIBI A,Unguja,2019,29
2019-07-28,80.97013888888888,MAGHARIBI A,Unguja,2019,30
2019-08-04,80.97013888888888,MAGHARIBI A,Unguja,2019,31
2019-08-11,80.97013888888888,MAGHARIBI A,Unguja,2019,32
2019-08-18,80.97013888888888,MAGHARIBI A,Unguja,2019,33
2019-08-25,80.97013888888888,MAGHARIBI A,Unguja,2019,34
2019-09-01,80.97013888888888,MAGHARIBI A,Unguja,2019,35
2019-09-08,80.97013888888888,MAGHARIBI A,Unguja,2019,36
2019-09-15,80.97013888888888,MAGHARIBI A,Unguja,2019,37
2019-09-22,80.97013888888888,MAGHARIBI A,Unguja,2019,38
2019-09-29,80.97013888888888,MAGHARIBI A,Unguja,2019,39
2019-10-06,80.97013888888888,MAGHARIBI A,Unguja,2019,40
2019-10-13,80.97013888888888,MAGHARIBI A,Unguja,2019,41
2019-10-20,80.97013888888888,MAGHARIBI A,Unguja,2019,42
2019-10-27,80.97013888888888,MAGHARIBI A,Unguja,2019,43
2019-11-03,80.97013888888888,MAGHARIBI A,Unguja,2019,44
2019-11-10,80.97013888888888,MAGHARIBI A,Unguja,2019,45
2019-11-17,80.97013888888888,MAGHARIBI A,Unguja,2019,46
2019-11-24,80.97013888888888,MAGHARIBI A,Unguja,2019,47
2019-12-01,80.97013888888888,MAGHARIBI A,Unguja,2019,48
2019-12-08,80.97013888888888,MAGHARIBI A,Unguja,2019,49
2019-12-15,80.97013888888888,MAGHARIBI A,Unguja,2019,50
2019-12-22,80.97013888888888,MAGHARIBI A,Unguja,2019,51
2019-12-29,80.97013888888888,MAGHARIBI A,Unguja,2019,52
2020-01-05,80.97013888888888,MAGHARIBI A,Unguja,2020,1
2020-01-12,80.97013888888888,MAGHARIBI A,Unguja,2020,2
2020-01-19,80.97013888888888,MAGHARIBI A,Unguja,2020,3
2020-01-26,80.97013888888888,MAGHARIBI A,Unguja,2020,4
2020-02-02,80.97013888888888,MAGHARIBI A,Unguja,2020,5
2020-02-09,80.97013888888888,MAGHARIBI A,Unguja,2020,6
2020-02-16,80.97013888888888,MAGHARIBI A,Unguja,2020,7
2020-02-23,80.97013888888888,MAGHARIBI A,Unguja,2020,8
2020-03-01,80.97013888888888,MAGHARIBI A,Unguja,2020,9
2020-03-08,80.97013888888888,MAGHARIBI A,Unguja,2020,10
2020-03-15,80.97013888888888,MAGHARIBI A,Unguja,2020,11
2020-03-22,80.97013888888888,MAGHARIBI A,Unguja,2020,12
2020-03-29,80.97013888888888,MAGHARIBI A,Unguja,2020,13
2020-04-05,80.97013888888888,MAGHARIBI A,Unguja,2020,14
2020-04-12,80.97013888888888,MAGHARIBI A,Unguja,2020,15
2020-04-19,80.97013888888888,MAGHARIBI A,Unguja,2020,16
2020-04-26,80.97013888888888,MAGHARIBI A,Unguja,2020,17
2020-05-03,80.97013888888888,MAGHARIBI A,Unguja,2020,18
2020-05-10,80.97013888888888,MAGHARIBI A,Unguja,2020,19
2020-05-17,80.97013888888888,MAGHARIBI A,Unguja,2020,20
2020-05-24,80.97013888888888,MAGHARIBI A,Unguja,2020,21
2020-05-31,80.97013888888888,MAGHARIBI A,Unguja,2020,22
2020-06-07,80.97013888888888,MAGHARIBI A,Unguja,2020,23
2020-06-14,80.97013888888888,MAGHARIBI A,Unguja,2020,24
2020-06-21,80.97013888888888,MAGHARIBI A,Unguja,2020,25
2020-06-28,80.97013888888888,MAGHARIBI A,Unguja,2020,26
2020-07-05,80.97013888888888,MAGHARIBI A,Unguja,2020,27
2020-07-12,80.97013888888888,MAGHARIBI A,Unguja,2020,28
2020-07-19,80.97013888888888,MAGHARIBI A,Unguja,2020,29
2020-07-26,80.97013888888888,MAGHARIBI A,Unguja,2020,30
2020-08-02,80.97013888888888,MAGHARIBI A,Unguja,2020,31
2020-08-09,80.97013888888888,MAGHARIBI A,Unguja,2020,32
2020-08-16,80.97013888888888,MAGHARIBI A,Unguja,2020,33
2020-08-23,80.97013888888888,MAGHARIBI A,Unguja,2020,34
2020-08-30,80.97013888888888,MAGHARIBI A,Unguja,2020,35
2020-09-06,80.97013888888888,MAGHARIBI A,Unguja,2020,36
2020-09-13,80.97013888888888,MAGHARIBI A,Unguja,2020,37
2020-09-20,80.97013888888888,MAGHARIBI A,Unguja,2020,38
2020-09-27,80.97013888888888,MAGHARIBI A,Unguja,2020,39
2020-10-04,80.97013888888888,MAGHARIBI A,Unguja,2020,40
2020-10-11,80.97013888888888,MAGHARIBI A,Unguja,2020,41
2020-10-18,80.97013888888888,MAGHARIBI A,Unguja,2020,42
2020-10-25,80.97013888888888,MAGHARIBI A,Unguja,2020,43
2020-11-01,80.97013888888888,MAGHARIBI A,Unguja,2020,44
2020-11-08,80.97013888888888,MAGHARIBI A,Unguja,2020,45
2020-11-15,80.97013888888888,MAGHARIBI A,Unguja,2020,46
2020-11-22,80.97013888888888,MAGHARIBI A,Unguja,2020,47
2020-11-29,80.97013888888888,MAGHARIBI A,Unguja,2020,48
2020-12-06,80.97013888888888,MAGHARIBI A,Unguja,2020,49
2020-12-13,80.97013888888888,MAGHARIBI A,Unguja,2020,50
2020-12-20,80.97013888888888,MAGHARIBI A,Unguja,2020,51
2020-12-27,80.97013888888888,MAGHARIBI A,Unguja,2020,52
2021-01-10,80.97013888888888,MAGHARIBI A,Unguja,2021,1
2021-01-17,80.97013888888888,MAGHARIBI A,Unguja,2021,2
2021-01-24,80.97013888888888,MAGHARIBI A,Unguja,2021,3
2021-01-31,80.97013888888888,MAGHARIBI A,Unguja,2021,4
2021-02-07,80.97013888888888,MAGHARIBI A,Unguja,2021,5
2021-02-14,80.97013888888888,MAGHARIBI A,Unguja,2021,6
2021-02-21,80.97013888888888,MAGHARIBI A,Unguja,2021,7
2021-02-28,80.97013888888888,MAGHARIBI A,Unguja,2021,8
2021-03-07,80.97013888888888,MAGHARIBI A,Unguja,2021,9
2021-03-14,80.97013888888888,MAGHARIBI A,Unguja,2021,10
2021-03-21,80.97013888888888,MAGHARIBI A,Unguja,2021,11
2021-03-28,80.97013888888888,MAGHARIBI A,Unguja,2021,12
2021-04-04,80.97013888888888,MAGHARIBI A,Unguja,2021,13
2021-04-11,80.97013888888888,MAGHARIBI A,Unguja,2021,14
2021-04-18,80.97013888888888,MAGHARIBI A,Unguja,2021,15
2021-04-25,80.97013888888888,MAGHARIBI A,Unguja,2021,16
2021-05-02,80.97013888888888,MAGHARIBI A,Unguja,2021,17
2021-05-09,80.97013888888888,MAGHARIBI A,Unguja,2021,18
2021-05-16,80.97013888888888,MAGHARIBI A,Unguja,2021,19
2021-05-23,80.97013888888888,MAGHARIBI A,Unguja,2021,20
2021-05-30,80.97013888888888,MAGHARIBI A,Unguja,2021,21
2021-06-06,80.97013888888888,MAGHARIBI A,Unguja,2021,22
2021-06-13,80.97013888888888,MAGHARIBI A,Unguja,2021,23
2021-06-20,80.97013888888888,MAGHARIBI A,Unguja,2021,24
2021-06-27,80.97013888888888,MAGHARIBI A,Unguja,2021,25
2021-07-04,80.97013888888888,MAGHARIBI A,Unguja,2021,26
2021-07-11,80.97013888888888,MAGHARIBI A,Unguja,2021,27
2021-07-18,80.97013888888888,MAGHARIBI A,Unguja,2021,28
2021-07-25,80.97013888888888,MAGHARIBI A,Unguja,2021,29
2021-08-01,80.97013888888888,MAGHARIBI A,Unguja,2021,30
2021-08-08,80.97013888888888,MAGHARIBI A,Unguja,2021,31
2021-08-15,80.97013888888888,MAGHARIBI A,Unguja,2021,32
2021-08-22,80.97013888888888,MAGHARIBI A,Unguja,2021,33
2021-08-29,80.97013888888888,MAGHARIBI A,Unguja,2021,34
2021-09-05,80.97013888888888,MAGHARIBI A,Unguja,2021,35
2021-09-12,80.97013888888888,MAGHARIBI A,Unguja,2021,36
2021-09-19,80.97013888888888,MAGHARIBI A,Unguja,2021,37
2021-09-26,80.97013888888888,MAGHARIBI A,Unguja,2021,38
2021-10-03,80.97013888888888,MAGHARIBI A,Unguja,2021,39
2021-10-10,80.97013888888888,MAGHARIBI A,Unguja,2021,40
2021-10-17,80.97013888888888,MAGHARIBI A,Unguja,2021,41
2021-10-24,80.97013888888888,MAGHARIBI A,Unguja,2021,42
2021-10-31,80.97013888888888,MAGHARIBI A,Unguja,2021,43
2021-11-07,80.97013888888888,MAGHARIBI A,Unguja,2021,44
2021-11-14,80.97013888888888,MAGHARIBI A,Unguja,2021,45
2021-11-21,80.97013888888888,MAGHARIBI A,Unguja,2021,46
2021-11-28,80.97013888888888,MAGHARIBI A,Unguja,2021,47
2021-12-05,80.97013888888888,MAGHARIBI A,Unguja,2021,48
2021-12-12,80.97013888888888,MAGHARIBI A,Unguja,2021,49
2021-12-19,80.97013888888888,MAGHARIBI A,Unguja,2021,50
2021-12-26,80.97013888888888,MAGHARIBI A,Unguja,2021,51
2022-01-02,80.97013888888888,MAGHARIBI A,Unguja,2021,52
2022-01-09,80.97013888888888,MAGHARIBI A,Unguja,2022,1
2022-01-16,80.97013888888888,MAGHARIBI A,Unguja,2022,2
2022-01-23,80.97013888888888,MAGHARIBI A,Unguja,2022,3
2022-01-30,80.97013888888888,MAGHARIBI A,Unguja,2022,4
2022-02-06,80.97013888888888,MAGHARIBI A,Unguja,2022,5
2022-02-13,80.97013888888888,MAGHARIBI A,Unguja,2022,6
2022-02-20,80.97013888888888,MAGHARIBI A,Unguja,2022,7
2022-02-27,80.97013888888888,MAGHARIBI A,Unguja,2022,8
2022-03-06,80.97013888888888,MAGHARIBI A,Unguja,2022,9
2022-03-13,80.97013888888888,MAGHARIBI A,Unguja,2022,10
2022-03-20,80.97013888888888,MAGHARIBI A,Unguja,2022,11
2022-03-27,80.97013888888888,MAGHARIBI A,Unguja,2022,12
2022-04-03,80.97013888888888,MAGHARIBI A,Unguja,2022,13
2022-04-10,80.97013888888888,MAGHARIBI A,Unguja,2022,14
2022-04-17,80.97013888888888,MAGHARIBI A,Unguja,2022,15
2022-04-24,80.97013888888888,MAGHARIBI A,Unguja,2022,16
2022-05-01,80.97013888888888,MAGHARIBI A,Unguja,2022,17
2022-05-08,80.97013888888888,MAGHARIBI A,Unguja,2022,18
2022-05-15,80.97013888888888,MAGHARIBI A,Unguja,2022,19
2022-05-22,80.97013888888888,MAGHARIBI A,Unguja,2022,20
2022-05-29,80.97013888888888,MAGHARIBI A,Unguja,2022,21
2022-06-05,80.97013888888888,MAGHARIBI A,Unguja,2022,22
2022-06-12,80.97013888888888,MAGHARIBI A,Unguja,2022,23
2022-06-19,80.97013888888888,MAGHARIBI A,Unguja,2022,24
2022-06-26,80.97013888888888,MAGHARIBI A,Unguja,2022,25
2022-07-03,80.97013888888888,MAGHARIBI A,Unguja,2022,26
2022-07-10,80.97013888888888,MAGHARIBI A,Unguja,2022,27
2022-07-17,80.97013888888888,MAGHARIBI A,Unguja,2022,28
2022-07-24,80.97013888888888,MAGHARIBI A,Unguja,2022,29
2022-07-31,80.97013888888888,MAGHARIBI A,Unguja,2022,30
2022-08-07,80.97013888888888,MAGHARIBI A,Unguja,2022,31
2022-08-14,80.97013888888888,MAGHARIBI A,Unguja,2022,32
2022-08-21,80.97013888888888,MAGHARIBI A,Unguja,2022,33
2022-08-28,80.97013888888888,MAGHARIBI A,Unguja,2022,34
2022-09-04,80.97013888888888,MAGHARIBI A,Unguja,2022,35
2022-09-11,80.97013888888888,MAGHARIBI A,Unguja,2022,36
2022-09-18,80.97013888888888,MAGHARIBI A,Unguja,2022,37
2022-09-25,80.97013888888888,MAGHARIBI A,Unguja,2022,38
2022-10-02,80.97013888888888,MAGHARIBI A,Unguja,2022,39
2022-10-09,80.97013888888888,MAGHARIBI A,Unguja,2022,40
2022-10-16,80.97013888888888,MAGHARIBI A,Unguja,2022,41
2022-10-23,80.97013888888888,MAGHARIBI A,Unguja,2022,42
2022-10-30,80.97013888888888,MAGHARIBI A,Unguja,2022,43
2022-11-06,80.97013888888888,MAGHARIBI A,Unguja,2022,44
2022-11-13,80.97013888888888,MAGHARIBI A,Unguja,2022,45
2022-11-20,80.97013888888888,MAGHARIBI A,Unguja,2022,46
2022-11-27,80.97013888888888,MAGHARIBI A,Unguja,2022,47
2022-12-04,80.97013888888888,MAGHARIBI A,Unguja,2022,48
2022-12-11,80.97013888888888,MAGHARIBI A,Unguja,2022,49
2022-12-18,80.97013888888888,MAGHARIBI A,Unguja,2022,50
2022-12-25,80.97013888888888,MAGHARIBI A,Unguja,2022,51
2023-01-01,80.97013888888888,MAGHARIBI A,Unguja,2022,52
2023-01-08,80.97013888888888,MAGHARIBI A,Unguja,2023,1
2023-01-15,80.97013888888888,MAGHARIBI A,Unguja,2023,2
2023-01-22,80.97013888888888,MAGHARIBI A,Unguja,2023,3
2023-01-29,80.97013888888888,MAGHARIBI A,Unguja,2023,4
2023-02-05,80.97013888888888,MAGHARIBI A,Unguja,2023,5
2023-02-12,80.97013888888888,MAGHARIBI A,Unguja,2023,6
2023-02-19,80.97013888888888,MAGHARIBI A,Unguja,2023,7
2023-02-26,80.97013888888888,MAGHARIBI A,Unguja,2023,8
2023-03-05,80.97013888888888,MAGHARIBI A,Unguja,2023,9
2023-03-12,80.97013888888888,MAGHARIBI A,Unguja,2023,10
2023-03-19,80.97013888888888,MAGHARIBI A,Unguja,2023,11
2023-03-26,80.97013888888888,MAGHARIBI A,Unguja,2023,12
2023-04-02,80.97013888888888,MAGHARIBI A,Unguja,2023,13
2023-04-09,80.97013888888888,MAGHARIBI A,Unguja,2023,14
2023-04-16,80.97013888888888,MAGHARIBI A,Unguja,2023,15
2023-04-23,80.97013888888888,MAGHARIBI A,Unguja,2023,16
2023-04-30,80.97013888888888,MAGHARIBI A,Unguja,2023,17
2023-05-07,80.97013888888888,MAGHARIBI A,Unguja,2023,18
2023-05-14,80.97013888888888,MAGHARIBI A,Unguja,2023,19
2023-05-21,80.97013888888888,MAGHARIBI A,Unguja,2023,20
2023-05-28,80.97013888888888,MAGHARIBI A,Unguja,2023,21
2023-06-04,80.97013888888888,MAGHARIBI A,Unguja,2023,22
2023-06-11,80.97013888888888,MAGHARIBI A,Unguja,2023,23
2023-06-18,80.97013888888888,MAGHARIBI A,Unguja,2023,24
2023-06-25,80.97013888888888,MAGHARIBI A,Unguja,2023,25
2023-07-02,80.97013888888888,MAGHARIBI A,Unguja,2023,26
2023-07-09,80.97013888888888,MAGHARIBI A,Unguja,2023,27
2023-07-16,80.97013888888888,MAGHARIBI A,Unguja,2023,28
2023-07-23,80.97013888888888,MAGHARIBI A,Unguja,2023,29
2023-07-30,80.97013888888888,MAGHARIBI A,Unguja,2023,30
2023-08-06,80.97013888888888,MAGHARIBI A,Unguja,2023,31
2023-08-13,80.97013888888888,MAGHARIBI A,Unguja,2023,32
2023-08-20,80.97013888888888,MAGHARIBI A,Unguja,2023,33
2023-08-27,80.97013888888888,MAGHARIBI A,Unguja,2023,34
2023-09-03,80.97013888888888,MAGHARIBI A,Unguja,2023,35
2023-09-10,80.97013888888888,MAGHARIBI A,Unguja,2023,36
2023-09-17,80.97013888888888,MAGHARIBI A,Unguja,2023,37
2023-09-24,80.97013888888888,MAGHARIBI A,Unguja,2023,38
2023-10-01,80.97013888888888,MAGHARIBI A,Unguja,2023,39
2023-10-08,80.97013888888888,MAGHARIBI A,Unguja,2023,40
2023-10-15,80.97013888888888,MAGHARIBI A,Unguja,2023,41
2023-10-22,80.97013888888888,MAGHARIBI A,Unguja,2023,42
2023-10-29,80.97013888888888,MAGHARIBI A,Unguja,2023,43
2023-11-05,80.97013888888888,MAGHARIBI A,Unguja,2023,44
2023-11-12,80.97013888888888,MAGHARIBI A,Unguja,2023,45
2023-11-19,80.97013888888888,MAGHARIBI A,Unguja,2023,46
2023-11-26,80.97013888888888,MAGHARIBI A,Unguja,2023,47
2023-12-03,80.97013888888888,MAGHARIBI A,Unguja,2023,48
2018-01-07,80.97013888888888,MAGHARIBI B,Unguja,2018,1
2018-01-14,80.97013888888888,MAGHARIBI B,Unguja,2018,2
2018-01-21,80.97013888888888,MAGHARIBI B,Unguja,2018,3
2018-01-28,80.97013888888888,MAGHARIBI B,Unguja,2018,4
2018-02-04,80.97013888888888,MAGHARIBI B,Unguja,2018,5
2018-02-11,80.97013888888888,MAGHARIBI B,Unguja,2018,6
2018-02-18,80.97013888888888,MAGHARIBI B,Unguja,2018,7
2018-02-25,80.97013888888888,MAGHARIBI B,Unguja,2018,8
2018-03-04,80.97013888888888,MAGHARIBI B,Unguja,2018,9
2018-03-11,80.97013888888888,MAGHARIBI B,Unguja,2018,10
2018-03-18,80.97013888888888,MAGHARIBI B,Unguja,2018,11
2018-03-25,80.97013888888888,MAGHARIBI B,Unguja,2018,12
2018-04-01,80.97013888888888,MAGHARIBI B,Unguja,2018,13
2018-04-08,80.97013888888888,MAGHARIBI B,Unguja,2018,14
2018-04-15,80.97013888888888,MAGHARIBI B,Unguja,2018,15
2018-04-22,80.97013888888888,MAGHARIBI B,Unguja,2018,16
2018-04-29,80.97013888888888,MAGHARIBI B,Unguja,2018,17
2018-05-06,80.97013888888888,MAGHARIBI B,Unguja,2018,18
2018-05-13,80.97013888888888,MAGHARIBI B,Unguja,2018,19
2018-05-20,80.97013888888888,MAGHARIBI B,Unguja,2018,20
2018-05-27,80.97013888888888,MAGHARIBI B,Unguja,2018,21
2018-06-03,80.97013888888888,MAGHARIBI B,Unguja,2018,22
2018-06-10,80.97013888888888,MAGHARIBI B,Unguja,2018,23
2018-06-17,80.97013888888888,MAGHARIBI B,Unguja,2018,24
2018-06-24,80.97013888888888,MAGHARIBI B,Unguja,2018,25
2018-07-01,80.97013888888888,MAGHARIBI B,Unguja,2018,26
2018-07-08,80.97013888888888,MAGHARIBI B,Unguja,2018,27
2018-07-15,80.97013888888888,MAGHARIBI B,Unguja,2018,28
2018-07-22,80.97013888888888,MAGHARIBI B,Unguja,2018,29
2018-07-29,80.97013888888888,MAGHARIBI B,Unguja,2018,30
2018-08-05,80.97013888888888,MAGHARIBI B,Unguja,2018,31
2018-08-12,80.97013888888888,MAGHARIBI B,Unguja,2018,32
2018-08-19,80.97013888888888,MAGHARIBI B,Unguja,2018,33
2018-08-26,80.97013888888888,MAGHARIBI B,Unguja,2018,34
2018-09-02,80.97013888888888,MAGHARIBI B,Unguja,2018,35
2018-09-09,80.97013888888888,MAGHARIBI B,Unguja,2018,36
2018-09-16,80.97013888888888,MAGHARIBI B,Unguja,2018,37
2018-09-23,80.97013888888888,MAGHARIBI B,Unguja,2018,38
2018-09-30,80.97013888888888,MAGHARIBI B,Unguja,2018,39
2018-10-07,80.97013888888888,MAGHARIBI B,Unguja,2018,40
2018-10-14,80.97013888888888,MAGHARIBI B,Unguja,2018,41
2018-10-21,80.97013888888888,MAGHARIBI B,Unguja,2018,42
2018-10-28,80.97013888888888,MAGHARIBI B,Unguja,2018,43
2018-11-04,80.97013888888888,MAGHARIBI B,Unguja,2018,44
2018-11-11,80.97013888888888,MAGHARIBI B,Unguja,2018,45
2018-11-18,80.97013888888888,MAGHARIBI B,Unguja,2018,46
2018-11-25,80.97013888888888,MAGHARIBI B,Unguja,2018,47
2018-12-02,80.97013888888888,MAGHARIBI B,Unguja,2018,48
2018-12-09,80.97013888888888,MAGHARIBI B,Unguja,2018,49
2018-12-16,80.97013888888888,MAGHARIBI B,Unguja,2018,50
2018-12-23,80.97013888888888,MAGHARIBI B,Unguja,2018,51
2018-12-30,80.97013888888888,MAGHARIBI B,Unguja,2018,52
2019-01-06,80.97013888888888,MAGHARIBI B,Unguja,2019,1
2019-01-13,80.97013888888888,MAGHARIBI B,Unguja,2019,2
2019-01-20,80.97013888888888,MAGHARIBI B,Unguja,2019,3
2019-01-27,80.97013888888888,MAGHARIBI B,Unguja,2019,4
2019-02-03,80.97013888888888,MAGHARIBI B,Unguja,2019,5
2019-02-10,80.97013888888888,MAGHARIBI B,Unguja,2019,6
2019-02-17,80.97013888888888,MAGHARIBI B,Unguja,2019,7
2019-02-24,80.97013888888888,MAGHARIBI B,Unguja,2019,8
2019-03-03,80.97013888888888,MAGHARIBI B,Unguja,2019,9
2019-03-10,80.97013888888888,MAGHARIBI B,Unguja,2019,10
2019-03-17,80.97013888888888,MAGHARIBI B,Unguja,2019,11
2019-03-24,80.97013888888888,MAGHARIBI B,Unguja,2019,12
2019-03-31,80.97013888888888,MAGHARIBI B,Unguja,2019,13
2019-04-07,80.97013888888888,MAGHARIBI B,Unguja,2019,14
2019-04-14,80.97013888888888,MAGHARIBI B,Unguja,2019,15
2019-04-21,80.97013888888888,MAGHARIBI B,Unguja,2019,16
2019-04-28,80.97013888888888,MAGHARIBI B,Unguja,2019,17
2019-05-05,80.97013888888888,MAGHARIBI B,Unguja,2019,18
2019-05-12,80.97013888888888,MAGHARIBI B,Unguja,2019,19
2019-05-19,80.97013888888888,MAGHARIBI B,Unguja,2019,20
2019-05-26,80.97013888888888,MAGHARIBI B,Unguja,2019,21
2019-06-02,80.97013888888888,MAGHARIBI B,Unguja,2019,22
2019-06-09,80.97013888888888,MAGHARIBI B,Unguja,2019,23
2019-06-16,80.97013888888888,MAGHARIBI B,Unguja,2019,24
2019-06-23,80.97013888888888,MAGHARIBI B,Unguja,2019,25
2019-06-30,80.97013888888888,MAGHARIBI B,Unguja,2019,26
2019-07-07,80.97013888888888,MAGHARIBI B,Unguja,2019,27
2019-07-14,80.97013888888888,MAGHARIBI B,Unguja,2019,28
2019-07-21,80.97013888888888,MAGHARIBI B,Unguja,2019,29
2019-07-28,80.97013888888888,MAGHARIBI B,Unguja,2019,30
2019-08-04,80.97013888888888,MAGHARIBI B,Unguja,2019,31
2019-08-11,80.97013888888888,MAGHARIBI B,Unguja,2019,32
2019-08-18,80.97013888888888,MAGHARIBI B,Unguja,2019,33
2019-08-25,80.97013888888888,MAGHARIBI B,Unguja,2019,34
2019-09-01,80.97013888888888,MAGHARIBI B,Unguja,2019,35
2019-09-08,80.97013888888888,MAGHARIBI B,Unguja,2019,36
2019-09-15,80.97013888888888,MAGHARIBI B,Unguja,2019,37
2019-09-22,80.97013888888888,MAGHARIBI B,Unguja,2019,38
2019-09-29,80.97013888888888,MAGHARIBI B,Unguja,2019,39
2019-10-06,80.97013888888888,MAGHARIBI B,Unguja,2019,40
2019-10-13,80.97013888888888,MAGHARIBI B,Unguja,2019,41
2019-10-20,80.97013888888888,MAGHARIBI B,Unguja,2019,42
2019-10-27,80.97013888888888,MAGHARIBI B,Unguja,2019,43
2019-11-03,80.97013888888888,MAGHARIBI B,Unguja,2019,44
2019-11-10,80.97013888888888,MAGHARIBI B,Unguja,2019,45
2019-11-17,80.97013888888888,MAGHARIBI B,Unguja,2019,46
2019-11-24,80.97013888888888,MAGHARIBI B,Unguja,2019,47
2019-12-01,80.97013888888888,MAGHARIBI B,Unguja,2019,48
2019-12-08,80.97013888888888,MAGHARIBI B,Unguja,2019,49
2019-12-15,80.97013888888888,MAGHARIBI B,Unguja,2019,50
2019-12-22,80.97013888888888,MAGHARIBI B,Unguja,2019,51
2019-12-29,80.97013888888888,MAGHARIBI B,Unguja,2019,52
2020-01-05,80.97013888888888,MAGHARIBI B,Unguja,2020,1
2020-01-12,80.97013888888888,MAGHARIBI B,Unguja,2020,2
2020-01-19,80.97013888888888,MAGHARIBI B,Unguja,2020,3
2020-01-26,80.97013888888888,MAGHARIBI B,Unguja,2020,4
2020-02-02,80.97013888888888,MAGHARIBI B,Unguja,2020,5
2020-02-09,80.97013888888888,MAGHARIBI B,Unguja,2020,6
2020-02-16,80.97013888888888,MAGHARIBI B,Unguja,2020,7
2020-02-23,80.97013888888888,MAGHARIBI B,Unguja,2020,8
2020-03-01,80.97013888888888,MAGHARIBI B,Unguja,2020,9
2020-03-08,80.97013888888888,MAGHARIBI B,Unguja,2020,10
2020-03-15,80.97013888888888,MAGHARIBI B,Unguja,2020,11
2020-03-22,80.97013888888888,MAGHARIBI B,Unguja,2020,12
2020-03-29,80.97013888888888,MAGHARIBI B,Unguja,2020,13
2020-04-05,80.97013888888888,MAGHARIBI B,Unguja,2020,14
2020-04-12,80.97013888888888,MAGHARIBI B,Unguja,2020,15
2020-04-19,80.97013888888888,MAGHARIBI B,Unguja,2020,16
2020-04-26,80.97013888888888,MAGHARIBI B,Unguja,2020,17
2020-05-03,80.97013888888888,MAGHARIBI B,Unguja,2020,18
2020-05-10,80.97013888888888,MAGHARIBI B,Unguja,2020,19
2020-05-17,80.97013888888888,MAGHARIBI B,Unguja,2020,20
2020-05-24,80.97013888888888,MAGHARIBI B,Unguja,2020,21
2020-05-31,80.97013888888888,MAGHARIBI B,Unguja,2020,22
2020-06-07,80.97013888888888,MAGHARIBI B,Unguja,2020,23
2020-06-14,80.97013888888888,MAGHARIBI B,Unguja,2020,24
2020-06-21,80.97013888888888,MAGHARIBI B,Unguja,2020,25
2020-06-28,80.97013888888888,MAGHARIBI B,Unguja,2020,26
2020-07-05,80.97013888888888,MAGHARIBI B,Unguja,2020,27
2020-07-12,80.97013888888888,MAGHARIBI B,Unguja,2020,28
2020-07-19,80.97013888888888,MAGHARIBI B,Unguja,2020,29
2020-07-26,80.97013888888888,MAGHARIBI B,Unguja,2020,30
2020-08-02,80.97013888888888,MAGHARIBI B,Unguja,2020,31
2020-08-09,80.97013888888888,MAGHARIBI B,Unguja,2020,32
2020-08-16,80.97013888888888,MAGHARIBI B,Unguja,2020,33
2020-08-23,80.97013888888888,MAGHARIBI B,Unguja,2020,34
2020-08-30,80.97013888888888,MAGHARIBI B,Unguja,2020,35
2020-09-06,80.97013888888888,MAGHARIBI B,Unguja,2020,36
2020-09-13,80.97013888888888,MAGHARIBI B,Unguja,2020,37
2020-09-20,80.97013888888888,MAGHARIBI B,Unguja,2020,38
2020-09-27,80.97013888888888,MAGHARIBI B,Unguja,2020,39
2020-10-04,80.97013888888888,MAGHARIBI B,Unguja,2020,40
2020-10-11,80.97013888888888,MAGHARIBI B,Unguja,2020,41
2020-10-18,80.97013888888888,MAGHARIBI B,Unguja,2020,42
2020-10-25,80.97013888888888,MAGHARIBI B,Unguja,2020,43
2020-11-01,80.97013888888888,MAGHARIBI B,Unguja,2020,44
2020-11-08,80.97013888888888,MAGHARIBI B,Unguja,2020,45
2020-11-15,80.97013888888888,MAGHARIBI B,Unguja,2020,46
2020-11-22,80.97013888888888,MAGHARIBI B,Unguja,2020,47
2020-11-29,80.97013888888888,MAGHARIBI B,Unguja,2020,48
2020-12-06,80.97013888888888,MAGHARIBI B,Unguja,2020,49
2020-12-13,80.97013888888888,MAGHARIBI B,Unguja,2020,50
2020-12-20,80.97013888888888,MAGHARIBI B,Unguja,2020,51
2020-12-27,80.97013888888888,MAGHARIBI B,Unguja,2020,52
2021-01-10,80.97013888888888,MAGHARIBI B,Unguja,2021,1
2021-01-17,80.97013888888888,MAGHARIBI B,Unguja,2021,2
2021-01-24,80.97013888888888,MAGHARIBI B,Unguja,2021,3
2021-01-31,80.97013888888888,MAGHARIBI B,Unguja,2021,4
2021-02-07,80.97013888888888,MAGHARIBI B,Unguja,2021,5
2021-02-14,80.97013888888888,MAGHARIBI B,Unguja,2021,6
2021-02-21,80.97013888888888,MAGHARIBI B,Unguja,2021,7
2021-02-28,80.97013888888888,MAGHARIBI B,Unguja,2021,8
2021-03-07,80.97013888888888,MAGHARIBI B,Unguja,2021,9
2021-03-14,80.97013888888888,MAGHARIBI B,Unguja,2021,10
2021-03-21,80.97013888888888,MAGHARIBI B,Unguja,2021,11
2021-03-28,80.97013888888888,MAGHARIBI B,Unguja,2021,12
2021-04-04,80.97013888888888,MAGHARIBI B,Unguja,2021,13
2021-04-11,80.97013888888888,MAGHARIBI B,Unguja,2021,14
2021-04-18,80.97013888888888,MAGHARIBI B,Unguja,2021,15
2021-04-25,80.97013888888888,MAGHARIBI B,Unguja,2021,16
2021-05-02,80.97013888888888,MAGHARIBI B,Unguja,2021,17
2021-05-09,80.97013888888888,MAGHARIBI B,Unguja,2021,18
2021-05-16,80.97013888888888,MAGHARIBI B,Unguja,2021,19
2021-05-23,80.97013888888888,MAGHARIBI B,Unguja,2021,20
2021-05-30,80.97013888888888,MAGHARIBI B,Unguja,2021,21
2021-06-06,80.97013888888888,MAGHARIBI B,Unguja,2021,22
2021-06-13,80.97013888888888,MAGHARIBI B,Unguja,2021,23
2021-06-20,80.97013888888888,MAGHARIBI B,Unguja,2021,24
2021-06-27,80.97013888888888,MAGHARIBI B,Unguja,2021,25
2021-07-04,80.97013888888888,MAGHARIBI B,Unguja,2021,26
2021-07-11,80.97013888888888,MAGHARIBI B,Unguja,2021,27
2021-07-18,80.97013888888888,MAGHARIBI B,Unguja,2021,28
2021-07-25,80.97013888888888,MAGHARIBI B,Unguja,2021,29
2021-08-01,80.97013888888888,MAGHARIBI B,Unguja,2021,30
2021-08-08,80.97013888888888,MAGHARIBI B,Unguja,2021,31
2021-08-15,80.97013888888888,MAGHARIBI B,Unguja,2021,32
2021-08-22,80.97013888888888,MAGHARIBI B,Unguja,2021,33
2021-08-29,80.97013888888888,MAGHARIBI B,Unguja,2021,34
2021-09-05,80.97013888888888,MAGHARIBI B,Unguja,2021,35
2021-09-12,80.97013888888888,MAGHARIBI B,Unguja,2021,36
2021-09-19,80.97013888888888,MAGHARIBI B,Unguja,2021,37
2021-09-26,80.97013888888888,MAGHARIBI B,Unguja,2021,38
2021-10-03,80.97013888888888,MAGHARIBI B,Unguja,2021,39
2021-10-10,80.97013888888888,MAGHARIBI B,Unguja,2021,40
2021-10-17,80.97013888888888,MAGHARIBI B,Unguja,2021,41
2021-10-24,80.97013888888888,MAGHARIBI B,Unguja,2021,42
2021-10-31,80.97013888888888,MAGHARIBI B,Unguja,2021,43
2021-11-07,80.97013888888888,MAGHARIBI B,Unguja,2021,44
2021-11-14,80.97013888888888,MAGHARIBI B,Unguja,2021,45
2021-11-21,80.97013888888888,MAGHARIBI B,Unguja,2021,46
2021-11-28,80.97013888888888,MAGHARIBI B,Unguja,2021,47
2021-12-05,80.97013888888888,MAGHARIBI B,Unguja,2021,48
2021-12-12,80.97013888888888,MAGHARIBI B,Unguja,2021,49
2021-12-19,80.97013888888888,MAGHARIBI B,Unguja,2021,50
2021-12-26,80.97013888888888,MAGHARIBI B,Unguja,2021,51
2022-01-02,80.97013888888888,MAGHARIBI B,Unguja,2021,52
2022-01-09,80.97013888888888,MAGHARIBI B,Unguja,2022,1
2022-01-16,80.97013888888888,MAGHARIBI B,Unguja,2022,2
2022-01-23,80.97013888888888,MAGHARIBI B,Unguja,2022,3
2022-01-30,80.97013888888888,MAGHARIBI B,Unguja,2022,4
2022-02-06,80.97013888888888,MAGHARIBI B,Unguja,2022,5
2022-02-13,80.97013888888888,MAGHARIBI B,Unguja,2022,6
2022-02-20,80.97013888888888,MAGHARIBI B,Unguja,2022,7
2022-02-27,80.97013888888888,MAGHARIBI B,Unguja,2022,8
2022-03-06,80.97013888888888,MAGHARIBI B,Unguja,2022,9
2022-03-13,80.97013888888888,MAGHARIBI B,Unguja,2022,10
2022-03-20,80.97013888888888,MAGHARIBI B,Unguja,2022,11
2022-03-27,80.97013888888888,MAGHARIBI B,Unguja,2022,12
2022-04-03,80.97013888888888,MAGHARIBI B,Unguja,2022,13
2022-04-10,80.97013888888888,MAGHARIBI B,Unguja,2022,14
2022-04-17,80.97013888888888,MAGHARIBI B,Unguja,2022,15
2022-04-24,80.97013888888888,MAGHARIBI B,Unguja,2022,16
2022-05-01,80.97013888888888,MAGHARIBI B,Unguja,2022,17
2022-05-08,80.97013888888888,MAGHARIBI B,Unguja,2022,18
2022-05-15,80.97013888888888,MAGHARIBI B,Unguja,2022,19
2022-05-22,80.97013888888888,MAGHARIBI B,Unguja,2022,20
2022-05-29,80.97013888888888,MAGHARIBI B,Unguja,2022,21
2022-06-05,80.97013888888888,MAGHARIBI B,Unguja,2022,22
2022-06-12,80.97013888888888,MAGHARIBI B,Unguja,2022,23
2022-06-19,80.97013888888888,MAGHARIBI B,Unguja,2022,24
2022-06-26,80.97013888888888,MAGHARIBI B,Unguja,2022,25
2022-07-03,80.97013888888888,MAGHARIBI B,Unguja,2022,26
2022-07-10,80.97013888888888,MAGHARIBI B,Unguja,2022,27
2022-07-17,80.97013888888888,MAGHARIBI B,Unguja,2022,28
2022-07-24,80.97013888888888,MAGHARIBI B,Unguja,2022,29
2022-07-31,80.97013888888888,MAGHARIBI B,Unguja,2022,30
2022-08-07,80.97013888888888,MAGHARIBI B,Unguja,2022,31
2022-08-14,80.97013888888888,MAGHARIBI B,Unguja,2022,32
2022-08-21,80.97013888888888,MAGHARIBI B,Unguja,2022,33
2022-08-28,80.97013888888888,MAGHARIBI B,Unguja,2022,34
2022-09-04,80.97013888888888,MAGHARIBI B,Unguja,2022,35
2022-09-11,80.97013888888888,MAGHARIBI B,Unguja,2022,36
2022-09-18,80.97013888888888,MAGHARIBI B,Unguja,2022,37
2022-09-25,80.97013888888888,MAGHARIBI B,Unguja,2022,38
2022-10-02,80.97013888888888,MAGHARIBI B,Unguja,2022,39
2022-10-09,80.97013888888888,MAGHARIBI B,Unguja,2022,40
2022-10-16,80.97013888888888,MAGHARIBI B,Unguja,2022,41
2022-10-23,80.97013888888888,MAGHARIBI B,Unguja,2022,42
2022-10-30,80.97013888888888,MAGHARIBI B,Unguja,2022,43
2022-11-06,80.97013888888888,MAGHARIBI B,Unguja,2022,44
2022-11-13,80.97013888888888,MAGHARIBI B,Unguja,2022,45
2022-11-20,80.97013888888888,MAGHARIBI B,Unguja,2022,46
2022-11-27,80.97013888888888,MAGHARIBI B,Unguja,2022,47
2022-12-04,80.97013888888888,MAGHARIBI B,Unguja,2022,48
2022-12-11,80.97013888888888,MAGHARIBI B,Unguja,2022,49
2022-12-18,80.97013888888888,MAGHARIBI B,Unguja,2022,50
2022-12-25,80.97013888888888,MAGHARIBI B,Unguja,2022,51
2023-01-01,80.97013888888888,MAGHARIBI B,Unguja,2022,52
2023-01-08,80.97013888888888,MAGHARIBI B,Unguja,2023,1
2023-01-15,80.97013888888888,MAGHARIBI B,Unguja,2023,2
2023-01-22,80.97013888888888,MAGHARIBI B,Unguja,2023,3
2023-01-29,80.97013888888888,MAGHARIBI B,Unguja,2023,4
2023-02-05,80.97013888888888,MAGHARIBI B,Unguja,2023,5
2023-02-12,80.97013888888888,MAGHARIBI B,Unguja,2023,6
2023-02-19,80.97013888888888,MAGHARIBI B,Unguja,2023,7
2023-02-26,80.97013888888888,MAGHARIBI B,Unguja,2023,8
2023-03-05,80.97013888888888,MAGHARIBI B,Unguja,2023,9
2023-03-12,80.97013888888888,MAGHARIBI B,Unguja,2023,10
2023-03-19,80.97013888888888,MAGHARIBI B,Unguja,2023,11
2023-03-26,80.97013888888888,MAGHARIBI B,Unguja,2023,12
2023-04-02,80.97013888888888,MAGHARIBI B,Unguja,2023,13
2023-04-09,80.97013888888888,MAGHARIBI B,Unguja,2023,14
2023-04-16,80.97013888888888,MAGHARIBI B,Unguja,2023,15
2023-04-23,80.97013888888888,MAGHARIBI B,Unguja,2023,16
2023-04-30,80.97013888888888,MAGHARIBI B,Unguja,2023,17
2023-05-07,80.97013888888888,MAGHARIBI B,Unguja,2023,18
2023-05-14,80.97013888888888,MAGHARIBI B,Unguja,2023,19
2023-05-21,80.97013888888888,MAGHARIBI B,Unguja,2023,20
2023-05-28,80.97013888888888,MAGHARIBI B,Unguja,2023,21
2023-06-04,80.97013888888888,MAGHARIBI B,Unguja,2023,22
2023-06-11,80.97013888888888,MAGHARIBI B,Unguja,2023,23
2023-06-18,80.97013888888888,MAGHARIBI B,Unguja,2023,24
2023-06-25,80.97013888888888,MAGHARIBI B,Unguja,2023,25
2023-07-02,80.97013888888888,MAGHARIBI B,Unguja,2023,26
2023-07-09,80.97013888888888,MAGHARIBI B,Unguja,2023,27
2023-07-16,80.97013888888888,MAGHARIBI B,Unguja,2023,28
2023-07-23,80.97013888888888,MAGHARIBI B,Unguja,2023,29
2023-07-30,80.97013888888888,MAGHARIBI B,Unguja,2023,30
2023-08-06,80.97013888888888,MAGHARIBI B,Unguja,2023,31
2023-08-13,80.97013888888888,MAGHARIBI B,Unguja,2023,32
2023-08-20,80.97013888888888,MAGHARIBI B,Unguja,2023,33
2023-08-27,80.97013888888888,MAGHARIBI B,Unguja,2023,34
2023-09-03,80.97013888888888,MAGHARIBI B,Unguja,2023,35
2023-09-10,80.97013888888888,MAGHARIBI B,Unguja,2023,36
2023-09-17,80.97013888888888,MAGHARIBI B,Unguja,2023,37
2023-09-24,80.97013888888888,MAGHARIBI B,Unguja,2023,38
2023-10-01,80.97013888888888,MAGHARIBI B,Unguja,2023,39
2023-10-08,80.97013888888888,MAGHARIBI B,Unguja,2023,40
2023-10-15,80.97013888888888,MAGHARIBI B,Unguja,2023,41
2023-10-22,80.97013888888888,MAGHARIBI B,Unguja,2023,42
2023-10-29,80.97013888888888,MAGHARIBI B,Unguja,2023,43
2023-11-05,80.97013888888888,MAGHARIBI B,Unguja,2023,44
2023-11-12,80.97013888888888,MAGHARIBI B,Unguja,2023,45
2023-11-19,80.97013888888888,MAGHARIBI B,Unguja,2023,46
2023-11-26,80.97013888888888,MAGHARIBI B,Unguja,2023,47
2023-12-03,80.97013888888888,MAGHARIBI B,Unguja,2023,48
2018-01-07,90.0,MICHEWENI,Pemba,2018,1
2018-01-14,90.0,MICHEWENI,Pemba,2018,2
2018-01-21,90.0,MICHEWENI,Pemba,2018,3
2018-01-28,90.0,MICHEWENI,Pemba,2018,4
2018-02-04,90.0,MICHEWENI,Pemba,2018,5
2018-02-11,90.5,MICHEWENI,Pemba,2018,6
2018-02-18,91.0,MICHEWENI,Pemba,2018,7
2018-02-25,91.5,MICHEWENI,Pemba,2018,8
2018-03-04,92.0,MICHEWENI,Pemba,2018,9
2018-03-11,92.75,MICHEWENI,Pemba,2018,10
2018-03-18,93.5,MICHEWENI,Pemba,2018,11
2018-03-25,94.25,MICHEWENI,Pemba,2018,12
2018-04-01,95.0,MICHEWENI,Pemba,2018,13
2018-04-08,94.8,MICHEWENI,Pemba,2018,14
2018-04-15,94.6,MICHEWENI,Pemba,2018,15
2018-04-22,94.4,MICHEWENI,Pemba,2018,16
2018-04-29,94.2,MICHEWENI,Pemba,2018,17
2018-05-06,94.0,MICHEWENI,Pemba,2018,18
2018-05-13,92.5,MICHEWENI,Pemba,2018,19
2018-05-20,91.0,MICHEWENI,Pemba,2018,20
2018-05-27,89.5,MICHEWENI,Pemba,2018,21
2018-06-03,88.0,MICHEWENI,Pemba,2018,22
2018-06-10,87.5,MICHEWENI,Pemba,2018,23
2018-06-17,87.0,MICHEWENI,Pemba,2018,24
2018-06-24,86.5,MICHEWENI,Pemba,2018,25
2018-07-01,86.0,MICHEWENI,Pemba,2018,26
2018-07-08,85.6,MICHEWENI,Pemba,2018,27
2018-07-15,85.2,MICHEWENI,Pemba,2018,28
2018-07-22,84.8,MICHEWENI,Pemba,2018,29
2018-07-29,84.4,MICHEWENI,Pemba,2018,30
2018-08-05,84.0,MICHEWENI,Pemba,2018,31
2018-08-12,84.0,MICHEWENI,Pemba,2018,32
2018-08-19,84.0,MICHEWENI,Pemba,2018,33
2018-08-26,84.0,MICHEWENI,Pemba,2018,34
2018-09-02,84.0,MICHEWENI,Pemba,2018,35
2018-09-09,85.0,MICHEWENI,Pemba,2018,36
2018-09-16,86.0,MICHEWENI,Pemba,2018,37
2018-09-23,87.0,MICHEWENI,Pemba,2018,38
2018-09-30,88.0,MICHEWENI,Pemba,2018,39
2018-10-07,89.0,MICHEWENI,Pemba,2018,40
2018-10-14,90.25,MICHEWENI,Pemba,2018,41
2018-10-21,91.5,MICHEWENI,Pemba,2018,42
2018-10-28,92.75,MICHEWENI,Pemba,2018,43
2018-11-04,94.0,MICHEWENI,Pemba,2018,44
2018-11-11,93.75,MICHEWENI,Pemba,2018,45
2018-11-18,93.5,MICHEWENI,Pemba,2018,46
2018-11-25,93.25,MICHEWENI,Pemba,2018,47
2018-12-02,93.0,MICHEWENI,Pemba,2018,48
2018-12-09,92.2,MICHEWENI,Pemba,2018,49
2018-12-16,91.4,MICHEWENI,Pemba,2018,50
2018-12-23,90.6,MICHEWENI,Pemba,2018,51
2018-12-30,89.8,MICHEWENI,Pemba,2018,52
2019-01-06,89.0,MICHEWENI,Pemba,2019,1
2019-01-13,88.75,MICHEWENI,Pemba,2019,2
2019-01-20,88.5,MICHEWENI,Pemba,2019,3
2019-01-27,88.25,MICHEWENI,Pemba,2019,4
2019-02-03,88.0,MICHEWENI,Pemba,2019,5
2019-02-10,89.0,MICHEWENI,Pemba,2019,6
2019-02-17,90.0,MICHEWENI,Pemba,2019,7
2019-02-24,91.0,MICHEWENI,Pemba,2019,8
2019-03-03,92.0,MICHEWENI,Pemba,2019,9
2019-03-10,92.4,MICHEWENI,Pemba,2019,10
2019-03-17,92.8,MICHEWENI,Pemba,2019,11
2019-03-24,93.2,MICHEWENI,Pemba,2019,12
2019-03-31,93.6,MICHEWENI,Pemba,2019,13
2019-04-07,94.0,MICHEWENI,Pemba,2019,14
2019-04-14,94.25,MICHEWENI,Pemba,2019,15
2019-04-21,94.5,MICHEWENI,Pemba,2019,16
2019-04-28,94.75,MICHEWENI,Pemba,2019,17
2019-05-05,95.0,MICHEWENI,Pemba,2019,18
2019-05-12,92.75,MICHEWENI,Pemba,2019,19
2019-05-19,90.5,MICHEWENI,Pemba,2019,20
2019-05-26,88.25,MICHEWENI,Pemba,2019,21
2019-06-02,86.0,MICHEWENI,Pemba,2019,22
2019-06-09,86.6,MICHEWENI,Pemba,2019,23
2019-06-16,87.2,MICHEWENI,Pemba,2019,24
2019-06-23,87.8,MICHEWENI,Pemba,2019,25
2019-06-30,88.4,MICHEWENI,Pemba,2019,26
2019-07-07,89.0,MICHEWENI,Pemba,2019,27
2019-07-14,89.5,MICHEWENI,Pemba,2019,28
2019-07-21,90.0,MICHEWENI,Pemba,2019,29
2019-07-28,90.5,MICHEWENI,Pemba,2019,30
2019-08-04,91.0,MICHEWENI,Pemba,2019,31
2019-08-11,90.5,MICHEWENI,Pemba,2019,32
2019-08-18,90.0,MICHEWENI,Pemba,2019,33
2019-08-25,89.5,MICHEWENI,Pemba,2019,34
2019-09-01,89.0,MICHEWENI,Pemba,2019,35
2019-09-08,90.2,MICHEWENI,Pemba,2019,36
2019-09-15,91.4,MICHEWENI,Pemba,2019,37
2019-09-22,92.6,MICHEWENI,Pemba,2019,38
2019-09-29,93.8,MICHEWENI,Pemba,2019,39
2019-10-06,95.0,MICHEWENI,Pemba,2019,40
2019-10-13,95.0,MICHEWENI,Pemba,2019,41
2019-10-20,95.0,MICHEWENI,Pemba,2019,42
2019-10-27,95.0,MICHEWENI,Pemba,2019,43
2019-11-03,95.0,MICHEWENI,Pemba,2019,44
2019-11-10,94.5,MICHEWENI,Pemba,2019,45
2019-11-17,94.0,MICHEWENI,Pemba,2019,46
2019-11-24,93.5,MICHEWENI,Pemba,2019,47
2019-12-01,93.0,MICHEWENI,Pemba,2019,48
2019-12-08,91.6,MICHEWENI,Pemba,2019,49
2019-12-15,90.2,MICHEWENI,Pemba,2019,50
2019-12-22,88.8,MICHEWENI,Pemba,2019,51
2019-12-29,87.4,MICHEWENI,Pemba,2019,52
2020-01-05,86.0,MICHEWENI,Pemba,2020,1
2020-01-12,87.75,MICHEWENI,Pemba,2020,2
2020-01-19,89.5,MICHEWENI,Pemba,2020,3
2020-01-26,91.25,MICHEWENI,Pemba,2020,4
2020-02-02,93.0,MICHEWENI,Pemba,2020,5
2020-02-09,93.0,MICHEWENI,Pemba,2020,6
2020-02-16,93.0,MICHEWENI,Pemba,2020,7
2020-02-23,93.0,MICHEWENI,Pemba,2020,8
2020-03-01,93.0,MICHEWENI,Pemba,2020,9
2020-03-08,91.4,MICHEWENI,Pemba,2020,10
2020-03-15,89.8,MICHEWENI,Pemba,2020,11
2020-03-22,88.2,MICHEWENI,Pemba,2020,12
2020-03-29,86.6,MICHEWENI,Pemba,2020,13
2020-04-05,85.0,MICHEWENI,Pemba,2020,14
2020-04-12,86.5,MICHEWENI,Pemba,2020,15
2020-04-19,88.0,MICHEWENI,Pemba,2020,16
2020-04-26,89.5,MICHEWENI,Pemba,2020,17
2020-05-03,91.0,MICHEWENI,Pemba,2020,18
2020-05-10,90.2,MICHEWENI,Pemba,2020,19
2020-05-17,89.4,MICHEWENI,Pemba,2020,20
2020-05-24,88.6,MICHEWENI,Pemba,2020,21
2020-05-31,87.8,MICHEWENI,Pemba,2020,22
2020-06-07,87.0,MICHEWENI,Pemba,2020,23
2020-06-14,85.25,MICHEWENI,Pemba,2020,24
2020-06-21,83.5,MICHEWENI,Pemba,2020,25
2020-06-28,81.75,MICHEWENI,Pemba,2020,26
2020-07-05,80.0,MICHEWENI,Pemba,2020,27
2020-07-12,81.5,MICHEWENI,Pemba,2020,28
2020-07-19,83.0,MICHEWENI,Pemba,2020,29
2020-07-26,84.5,MICHEWENI,Pemba,2020,30
2020-08-02,86.0,MICHEWENI,Pemba,2020,31
2020-08-09,86.4,MICHEWENI,Pemba,2020,32
2020-08-16,86.8,MICHEWENI,Pemba,2020,33
2020-08-23,87.2,MICHEWENI,Pemba,2020,34
2020-08-30,87.6,MICHEWENI,Pemba,2020,35
2020-09-06,88.0,MICHEWENI,Pemba,2020,36
2020-09-13,88.5,MICHEWENI,Pemba,2020,37
2020-09-20,89.0,MICHEWENI,Pemba,2020,38
2020-09-27,89.5,MICHEWENI,Pemba,2020,39
2020-10-04,90.0,MICHEWENI,Pemba,2020,40
2020-10-11,90.25,MICHEWENI,Pemba,2020,41
2020-10-18,90.5,MICHEWENI,Pemba,2020,42
2020-10-25,90.75,MICHEWENI,Pemba,2020,43
2020-11-01,91.0,MICHEWENI,Pemba,2020,44
2020-11-08,90.8,MICHEWENI,Pemba,2020,45
2020-11-15,90.6,MICHEWENI,Pemba,2020,46
2020-11-22,90.4,MICHEWENI,Pemba,2020,47
2020-11-29,90.2,MICHEWENI,Pemba,2020,48
2020-12-06,90.0,MICHEWENI,Pemba,2020,49
2020-12-13,90.0,MICHEWENI,Pemba,2020,50
2020-12-20,90.0,MICHEWENI,Pemba,2020,51
2020-12-27,90.0,MICHEWENI,Pemba,2020,52
2021-01-10,90.0,MICHEWENI,Pemba,2021,1
2021-01-17,90.0,MICHEWENI,Pemba,2021,2
2021-01-24,90.0,MICHEWENI,Pemba,2021,3
2021-01-31,90.0,MICHEWENI,Pemba,2021,4
2021-02-07,90.0,MICHEWENI,Pemba,2021,5
2021-02-14,84.75,MICHEWENI,Pemba,2021,6
2021-02-21,79.5,MICHEWENI,Pemba,2021,7
2021-02-28,74.25,MICHEWENI,Pemba,2021,8
2021-03-07,69.0,MICHEWENI,Pemba,2021,9
2021-03-14,73.0,MICHEWENI,Pemba,2021,10
2021-03-21,77.0,MICHEWENI,Pemba,2021,11
2021-03-28,81.0,MICHEWENI,Pemba,2021,12
2021-04-04,85.0,MICHEWENI,Pemba,2021,13
2021-04-11,85.5,MICHEWENI,Pemba,2021,14
2021-04-18,86.0,MICHEWENI,Pemba,2021,15
2021-04-25,86.5,MICHEWENI,Pemba,2021,16
2021-05-02,87.0,MICHEWENI,Pemba,2021,17
2021-05-09,86.6,MICHEWENI,Pemba,2021,18
2021-05-16,86.2,MICHEWENI,Pemba,2021,19
2021-05-23,85.8,MICHEWENI,Pemba,2021,20
2021-05-30,85.4,MICHEWENI,Pemba,2021,21
2021-06-06,85.0,MICHEWENI,Pemba,2021,22
2021-06-13,84.5,MICHEWENI,Pemba,2021,23
2021-06-20,84.0,MICHEWENI,Pemba,2021,24
2021-06-27,83.5,MICHEWENI,Pemba,2021,25
2021-07-04,83.0,MICHEWENI,Pemba,2021,26
2021-07-11,83.75,MICHEWENI,Pemba,2021,27
2021-07-18,84.5,MICHEWENI,Pemba,2021,28
2021-07-25,85.25,MICHEWENI,Pemba,2021,29
2021-08-01,86.0,MICHEWENI,Pemba,2021,30
2021-08-08,85.8,MICHEWENI,Pemba,2021,31
2021-08-15,85.6,MICHEWENI,Pemba,2021,32
2021-08-22,85.4,MICHEWENI,Pemba,2021,33
2021-08-29,85.2,MICHEWENI,Pemba,2021,34
2021-09-05,85.0,MICHEWENI,Pemba,2021,35
2021-09-12,85.75,MICHEWENI,Pemba,2021,36
2021-09-19,86.5,MICHEWENI,Pemba,2021,37
2021-09-26,87.25,MICHEWENI,Pemba,2021,38
2021-10-03,88.0,MICHEWENI,Pemba,2021,39
2021-10-10,88.2,MICHEWENI,Pemba,2021,40
2021-10-17,88.4,MICHEWENI,Pemba,2021,41
2021-10-24,88.6,MICHEWENI,Pemba,2021,42
2021-10-31,88.8,MICHEWENI,Pemba,2021,43
2021-11-07,89.0,MICHEWENI,Pemba,2021,44
2021-11-14,89.75,MICHEWENI,Pemba,2021,45
2021-11-21,90.5,MICHEWENI,Pemba,2021,46
2021-11-28,91.25,MICHEWENI,Pemba,2021,47
2021-12-05,92.0,MICHEWENI,Pemba,2021,48
2021-12-12,88.0,MICHEWENI,Pemba,2021,49
2021-12-19,84.0,MICHEWENI,Pemba,2021,50
2021-12-26,80.0,MICHEWENI,Pemba,2021,51
2022-01-02,76.0,MICHEWENI,Pemba,2021,52
2022-01-09,76.2,MICHEWENI,Pemba,2022,1
2022-01-16,76.4,MICHEWENI,Pemba,2022,2
2022-01-23,76.6,MICHEWENI,Pemba,2022,3
2022-01-30,76.8,MICHEWENI,Pemba,2022,4
2022-02-06,77.0,MICHEWENI,Pemba,2022,5
2022-02-13,75.0,MICHEWENI,Pemba,2022,6
2022-02-20,73.0,MICHEWENI,Pemba,2022,7
2022-02-27,71.0,MICHEWENI,Pemba,2022,8
2022-03-06,69.0,MICHEWENI,Pemba,2022,9
2022-03-13,71.75,MICHEWENI,Pemba,2022,10
2022-03-20,74.5,MICHEWENI,Pemba,2022,11
2022-03-27,77.25,MICHEWENI,Pemba,2022,12
2022-04-03,80.0,MICHEWENI,Pemba,2022,13
2022-04-10,81.5,MICHEWENI,Pemba,2022,14
2022-04-17,83.0,MICHEWENI,Pemba,2022,15
2022-04-24,84.5,MICHEWENI,Pemba,2022,16
2022-05-01,86.0,MICHEWENI,Pemba,2022,17
2022-05-08,70.56,MICHEWENI,Pemba,2022,18
2022-05-15,55.12,MICHEWENI,Pemba,2022,19
2022-05-22,39.67999999999999,MICHEWENI,Pemba,2022,20
2022-05-29,24.239999999999995,MICHEWENI,Pemba,2022,21
2022-06-05,8.8,MICHEWENI,Pemba,2022,22
2022-06-12,30.1,MICHEWENI,Pemba,2022,23
2022-06-19,51.400000000000006,MICHEWENI,Pemba,2022,24
2022-06-26,72.7,MICHEWENI,Pemba,2022,25
2022-07-03,94.0,MICHEWENI,Pemba,2022,26
2022-07-10,93.0,MICHEWENI,Pemba,2022,27
2022-07-17,92.0,MICHEWENI,Pemba,2022,28
2022-07-24,91.0,MICHEWENI,Pemba,2022,29
2022-07-31,90.0,MICHEWENI,Pemba,2022,30
2022-08-07,89.0,MICHEWENI,Pemba,2022,31
2022-08-14,88.75,MICHEWENI,Pemba,2022,32
2022-08-21,88.5,MICHEWENI,Pemba,2022,33
2022-08-28,88.25,MICHEWENI,Pemba,2022,34
2022-09-04,88.0,MICHEWENI,Pemba,2022,35
2022-09-11,88.5,MICHEWENI,Pemba,2022,36
2022-09-18,89.0,MICHEWENI,Pemba,2022,37
2022-09-25,89.5,MICHEWENI,Pemba,2022,38
2022-10-02,90.0,MICHEWENI,Pemba,2022,39
2022-10-09,90.6,MICHEWENI,Pemba,2022,40
2022-10-16,91.2,MICHEWENI,Pemba,2022,41
2022-10-23,91.8,MICHEWENI,Pemba,2022,42
2022-10-30,92.4,MICHEWENI,Pemba,2022,43
2022-11-06,93.0,MICHEWENI,Pemba,2022,44
2022-11-13,93.25,MICHEWENI,Pemba,2022,45
2022-11-20,93.5,MICHEWENI,Pemba,2022,46
2022-11-27,93.75,MICHEWENI,Pemba,2022,47
2022-12-04,94.0,MICHEWENI,Pemba,2022,48
2022-12-11,92.25,MICHEWENI,Pemba,2022,49
2022-12-18,90.5,MICHEWENI,Pemba,2022,50
2022-12-25,88.75,MICHEWENI,Pemba,2022,51
2023-01-01,87.0,MICHEWENI,Pemba,2022,52
2023-01-08,87.6,MICHEWENI,Pemba,2023,1
2023-01-15,88.2,MICHEWENI,Pemba,2023,2
2023-01-22,88.8,MICHEWENI,Pemba,2023,3
2023-01-29,89.4,MICHEWENI,Pemba,2023,4
2023-02-05,90.0,MICHEWENI,Pemba,2023,5
2023-02-12,90.5,MICHEWENI,Pemba,2023,6
2023-02-19,91.0,MICHEWENI,Pemba,2023,7
2023-02-26,91.5,MICHEWENI,Pemba,2023,8
2023-03-05,92.0,MICHEWENI,Pemba,2023,9
2023-03-12,91.5,MICHEWENI,Pemba,2023,10
2023-03-19,91.0,MICHEWENI,Pemba,2023,11
2023-03-26,90.5,MICHEWENI,Pemba,2023,12
2023-04-02,90.0,MICHEWENI,Pemba,2023,13
2023-04-09,91.2,MICHEWENI,Pemba,2023,14
2023-04-16,92.4,MICHEWENI,Pemba,2023,15
2023-04-23,93.6,MICHEWENI,Pemba,2023,16
2023-04-30,94.8,MICHEWENI,Pemba,2023,17
2023-05-07,96.0,MICHEWENI,Pemba,2023,18
2023-05-14,94.5,MICHEWENI,Pemba,2023,19
2023-05-21,93.0,MICHEWENI,Pemba,2023,20
2023-05-28,91.5,MICHEWENI,Pemba,2023,21
2023-06-04,90.0,MICHEWENI,Pemba,2023,22
2023-06-11,88.75,MICHEWENI,Pemba,2023,23
2023-06-18,87.5,MICHEWENI,Pemba,2023,24
2023-06-25,86.25,MICHEWENI,Pemba,2023,25
2023-07-02,85.0,MICHEWENI,Pemba,2023,26
2023-07-09,85.4,MICHEWENI,Pemba,2023,27
2023-07-16,85.8,MICHEWENI,Pemba,2023,28
2023-07-23,86.2,MICHEWENI,Pemba,2023,29
2023-07-30,86.6,MICHEWENI,Pemba,2023,30
2023-08-06,87.0,MICHEWENI,Pemba,2023,31
2023-08-13,87.5,MICHEWENI,Pemba,2023,32
2023-08-20,88.0,MICHEWENI,Pemba,2023,33
2023-08-27,88.5,MICHEWENI,Pemba,2023,34
2023-09-03,89.0,MICHEWENI,Pemba,2023,35
2023-09-10,89.75,MICHEWENI,Pemba,2023,36
2023-09-17,90.5,MICHEWENI,Pemba,2023,37
2023-09-24,91.25,MICHEWENI,Pemba,2023,38
2023-10-01,92.0,MICHEWENI,Pemba,2023,39
2023-10-08,92.6,MICHEWENI,Pemba,2023,40
2023-10-15,93.2,MICHEWENI,Pemba,2023,41
2023-10-22,93.8,MICHEWENI,Pemba,2023,42
2023-10-29,94.4,MICHEWENI,Pemba,2023,43
2023-11-05,95.0,MICHEWENI,Pemba,2023,44
2023-11-12,93.75,MICHEWENI,Pemba,2023,45
2023-11-19,92.5,MICHEWENI,Pemba,2023,46
2023-11-26,91.25,MICHEWENI,Pemba,2023,47
2023-12-03,90.0,MICHEWENI,Pemba,2023,48
2018-01-07,80.97013888888888,MJINI,Unguja,2018,1
2018-01-14,80.97013888888888,MJINI,Unguja,2018,2
2018-01-21,80.97013888888888,MJINI,Unguja,2018,3
2018-01-28,80.97013888888888,MJINI,Unguja,2018,4
2018-02-04,80.97013888888888,MJINI,Unguja,2018,5
2018-02-11,80.97013888888888,MJINI,Unguja,2018,6
2018-02-18,80.97013888888888,MJINI,Unguja,2018,7
2018-02-25,80.97013888888888,MJINI,Unguja,2018,8
2018-03-04,80.97013888888888,MJINI,Unguja,2018,9
2018-03-11,80.97013888888888,MJINI,Unguja,2018,10
2018-03-18,80.97013888888888,MJINI,Unguja,2018,11
2018-03-25,80.97013888888888,MJINI,Unguja,2018,12
2018-04-01,80.97013888888888,MJINI,Unguja,2018,13
2018-04-08,80.97013888888888,MJINI,Unguja,2018,14
2018-04-15,80.97013888888888,MJINI,Unguja,2018,15
2018-04-22,80.97013888888888,MJINI,Unguja,2018,16
2018-04-29,80.97013888888888,MJINI,Unguja,2018,17
2018-05-06,80.97013888888888,MJINI,Unguja,2018,18
2018-05-13,80.97013888888888,MJINI,Unguja,2018,19
2018-05-20,80.97013888888888,MJINI,Unguja,2018,20
2018-05-27,80.97013888888888,MJINI,Unguja,2018,21
2018-06-03,80.97013888888888,MJINI,Unguja,2018,22
2018-06-10,80.97013888888888,MJINI,Unguja,2018,23
2018-06-17,80.97013888888888,MJINI,Unguja,2018,24
2018-06-24,80.97013888888888,MJINI,Unguja,2018,25
2018-07-01,80.97013888888888,MJINI,Unguja,2018,26
2018-07-08,80.97013888888888,MJINI,Unguja,2018,27
2018-07-15,80.97013888888888,MJINI,Unguja,2018,28
2018-07-22,80.97013888888888,MJINI,Unguja,2018,29
2018-07-29,80.97013888888888,MJINI,Unguja,2018,30
2018-08-05,80.97013888888888,MJINI,Unguja,2018,31
2018-08-12,80.97013888888888,MJINI,Unguja,2018,32
2018-08-19,80.97013888888888,MJINI,Unguja,2018,33
2018-08-26,80.97013888888888,MJINI,Unguja,2018,34
2018-09-02,80.97013888888888,MJINI,Unguja,2018,35
2018-09-09,80.97013888888888,MJINI,Unguja,2018,36
2018-09-16,80.97013888888888,MJINI,Unguja,2018,37
2018-09-23,80.97013888888888,MJINI,Unguja,2018,38
2018-09-30,80.97013888888888,MJINI,Unguja,2018,39
2018-10-07,80.97013888888888,MJINI,Unguja,2018,40
2018-10-14,80.97013888888888,MJINI,Unguja,2018,41
2018-10-21,80.97013888888888,MJINI,Unguja,2018,42
2018-10-28,80.97013888888888,MJINI,Unguja,2018,43
2018-11-04,80.97013888888888,MJINI,Unguja,2018,44
2018-11-11,80.97013888888888,MJINI,Unguja,2018,45
2018-11-18,80.97013888888888,MJINI,Unguja,2018,46
2018-11-25,80.97013888888888,MJINI,Unguja,2018,47
2018-12-02,80.97013888888888,MJINI,Unguja,2018,48
2018-12-09,80.97013888888888,MJINI,Unguja,2018,49
2018-12-16,80.97013888888888,MJINI,Unguja,2018,50
2018-12-23,80.97013888888888,MJINI,Unguja,2018,51
2018-12-30,80.97013888888888,MJINI,Unguja,2018,52
2019-01-06,80.97013888888888,MJINI,Unguja,2019,1
2019-01-13,80.97013888888888,MJINI,Unguja,2019,2
2019-01-20,80.97013888888888,MJINI,Unguja,2019,3
2019-01-27,80.97013888888888,MJINI,Unguja,2019,4
2019-02-03,80.97013888888888,MJINI,Unguja,2019,5
2019-02-10,80.97013888888888,MJINI,Unguja,2019,6
2019-02-17,80.97013888888888,MJINI,Unguja,2019,7
2019-02-24,80.97013888888888,MJINI,Unguja,2019,8
2019-03-03,80.97013888888888,MJINI,Unguja,2019,9
2019-03-10,80.97013888888888,MJINI,Unguja,2019,10
2019-03-17,80.97013888888888,MJINI,Unguja,2019,11
2019-03-24,80.97013888888888,MJINI,Unguja,2019,12
2019-03-31,80.97013888888888,MJINI,Unguja,2019,13
2019-04-07,80.97013888888888,MJINI,Unguja,2019,14
2019-04-14,80.97013888888888,MJINI,Unguja,2019,15
2019-04-21,80.97013888888888,MJINI,Unguja,2019,16
2019-04-28,80.97013888888888,MJINI,Unguja,2019,17
2019-05-05,80.97013888888888,MJINI,Unguja,2019,18
2019-05-12,80.97013888888888,MJINI,Unguja,2019,19
2019-05-19,80.97013888888888,MJINI,Unguja,2019,20
2019-05-26,80.97013888888888,MJINI,Unguja,2019,21
2019-06-02,80.97013888888888,MJINI,Unguja,2019,22
2019-06-09,80.97013888888888,MJINI,Unguja,2019,23
2019-06-16,80.97013888888888,MJINI,Unguja,2019,24
2019-06-23,80.97013888888888,MJINI,Unguja,2019,25
2019-06-30,80.97013888888888,MJINI,Unguja,2019,26
2019-07-07,80.97013888888888,MJINI,Unguja,2019,27
2019-07-14,80.97013888888888,MJINI,Unguja,2019,28
2019-07-21,80.97013888888888,MJINI,Unguja,2019,29
2019-07-28,80.97013888888888,MJINI,Unguja,2019,30
2019-08-04,80.97013888888888,MJINI,Unguja,2019,31
2019-08-11,80.97013888888888,MJINI,Unguja,2019,32
2019-08-18,80.97013888888888,MJINI,Unguja,2019,33
2019-08-25,80.97013888888888,MJINI,Unguja,2019,34
2019-09-01,80.97013888888888,MJINI,Unguja,2019,35
2019-09-08,80.97013888888888,MJINI,Unguja,2019,36
2019-09-15,80.97013888888888,MJINI,Unguja,2019,37
2019-09-22,80.97013888888888,MJINI,Unguja,2019,38
2019-09-29,80.97013888888888,MJINI,Unguja,2019,39
2019-10-06,80.97013888888888,MJINI,Unguja,2019,40
2019-10-13,80.97013888888888,MJINI,Unguja,2019,41
2019-10-20,80.97013888888888,MJINI,Unguja,2019,42
2019-10-27,80.97013888888888,MJINI,Unguja,2019,43
2019-11-03,80.97013888888888,MJINI,Unguja,2019,44
2019-11-10,80.97013888888888,MJINI,Unguja,2019,45
2019-11-17,80.97013888888888,MJINI,Unguja,2019,46
2019-11-24,80.97013888888888,MJINI,Unguja,2019,47
2019-12-01,80.97013888888888,MJINI,Unguja,2019,48
2019-12-08,80.97013888888888,MJINI,Unguja,2019,49
2019-12-15,80.97013888888888,MJINI,Unguja,2019,50
2019-12-22,80.97013888888888,MJINI,Unguja,2019,51
2019-12-29,80.97013888888888,MJINI,Unguja,2019,52
2020-01-05,80.97013888888888,MJINI,Unguja,2020,1
2020-01-12,80.97013888888888,MJINI,Unguja,2020,2
2020-01-19,80.97013888888888,MJINI,Unguja,2020,3
2020-01-26,80.97013888888888,MJINI,Unguja,2020,4
2020-02-02,80.97013888888888,MJINI,Unguja,2020,5
2020-02-09,80.97013888888888,MJINI,Unguja,2020,6
2020-02-16,80.97013888888888,MJINI,Unguja,2020,7
2020-02-23,80.97013888888888,MJINI,Unguja,2020,8
2020-03-01,80.97013888888888,MJINI,Unguja,2020,9
2020-03-08,80.97013888888888,MJINI,Unguja,2020,10
2020-03-15,80.97013888888888,MJINI,Unguja,2020,11
2020-03-22,80.97013888888888,MJINI,Unguja,2020,12
2020-03-29,80.97013888888888,MJINI,Unguja,2020,13
2020-04-05,80.97013888888888,MJINI,Unguja,2020,14
2020-04-12,80.97013888888888,MJINI,Unguja,2020,15
2020-04-19,80.97013888888888,MJINI,Unguja,2020,16
2020-04-26,80.97013888888888,MJINI,Unguja,2020,17
2020-05-03,80.97013888888888,MJINI,Unguja,2020,18
2020-05-10,80.97013888888888,MJINI,Unguja,2020,19
2020-05-17,80.97013888888888,MJINI,Unguja,2020,20
2020-05-24,80.97013888888888,MJINI,Unguja,2020,21
2020-05-31,80.97013888888888,MJINI,Unguja,2020,22
2020-06-07,80.97013888888888,MJINI,Unguja,2020,23
2020-06-14,80.97013888888888,MJINI,Unguja,2020,24
2020-06-21,80.97013888888888,MJINI,Unguja,2020,25
2020-06-28,80.97013888888888,MJINI,Unguja,2020,26
2020-07-05,80.97013888888888,MJINI,Unguja,2020,27
2020-07-12,80.97013888888888,MJINI,Unguja,2020,28
2020-07-19,80.97013888888888,MJINI,Unguja,2020,29
2020-07-26,80.97013888888888,MJINI,Unguja,2020,30
2020-08-02,80.97013888888888,MJINI,Unguja,2020,31
2020-08-09,80.97013888888888,MJINI,Unguja,2020,32
2020-08-16,80.97013888888888,MJINI,Unguja,2020,33
2020-08-23,80.97013888888888,MJINI,Unguja,2020,34
2020-08-30,80.97013888888888,MJINI,Unguja,2020,35
2020-09-06,80.97013888888888,MJINI,Unguja,2020,36
2020-09-13,80.97013888888888,MJINI,Unguja,2020,37
2020-09-20,80.97013888888888,MJINI,Unguja,2020,38
2020-09-27,80.97013888888888,MJINI,Unguja,2020,39
2020-10-04,80.97013888888888,MJINI,Unguja,2020,40
2020-10-11,80.97013888888888,MJINI,Unguja,2020,41
2020-10-18,80.97013888888888,MJINI,Unguja,2020,42
2020-10-25,80.97013888888888,MJINI,Unguja,2020,43
2020-11-01,80.97013888888888,MJINI,Unguja,2020,44
2020-11-08,80.97013888888888,MJINI,Unguja,2020,45
2020-11-15,80.97013888888888,MJINI,Unguja,2020,46
2020-11-22,80.97013888888888,MJINI,Unguja,2020,47
2020-11-29,80.97013888888888,MJINI,Unguja,2020,48
2020-12-06,80.97013888888888,MJINI,Unguja,2020,49
2020-12-13,80.97013888888888,MJINI,Unguja,2020,50
2020-12-20,80.97013888888888,MJINI,Unguja,2020,51
2020-12-27,80.97013888888888,MJINI,Unguja,2020,52
2021-01-10,80.97013888888888,MJINI,Unguja,2021,1
2021-01-17,80.97013888888888,MJINI,Unguja,2021,2
2021-01-24,80.97013888888888,MJINI,Unguja,2021,3
2021-01-31,80.97013888888888,MJINI,Unguja,2021,4
2021-02-07,80.97013888888888,MJINI,Unguja,2021,5
2021-02-14,80.97013888888888,MJINI,Unguja,2021,6
2021-02-21,80.97013888888888,MJINI,Unguja,2021,7
2021-02-28,80.97013888888888,MJINI,Unguja,2021,8
2021-03-07,80.97013888888888,MJINI,Unguja,2021,9
2021-03-14,80.97013888888888,MJINI,Unguja,2021,10
2021-03-21,80.97013888888888,MJINI,Unguja,2021,11
2021-03-28,80.97013888888888,MJINI,Unguja,2021,12
2021-04-04,80.97013888888888,MJINI,Unguja,2021,13
2021-04-11,80.97013888888888,MJINI,Unguja,2021,14
2021-04-18,80.97013888888888,MJINI,Unguja,2021,15
2021-04-25,80.97013888888888,MJINI,Unguja,2021,16
2021-05-02,80.97013888888888,MJINI,Unguja,2021,17
2021-05-09,80.97013888888888,MJINI,Unguja,2021,18
2021-05-16,80.97013888888888,MJINI,Unguja,2021,19
2021-05-23,80.97013888888888,MJINI,Unguja,2021,20
2021-05-30,80.97013888888888,MJINI,Unguja,2021,21
2021-06-06,80.97013888888888,MJINI,Unguja,2021,22
2021-06-13,80.97013888888888,MJINI,Unguja,2021,23
2021-06-20,80.97013888888888,MJINI,Unguja,2021,24
2021-06-27,80.97013888888888,MJINI,Unguja,2021,25
2021-07-04,80.97013888888888,MJINI,Unguja,2021,26
2021-07-11,80.97013888888888,MJINI,Unguja,2021,27
2021-07-18,80.97013888888888,MJINI,Unguja,2021,28
2021-07-25,80.97013888888888,MJINI,Unguja,2021,29
2021-08-01,80.97013888888888,MJINI,Unguja,2021,30
2021-08-08,80.97013888888888,MJINI,Unguja,2021,31
2021-08-15,80.97013888888888,MJINI,Unguja,2021,32
2021-08-22,80.97013888888888,MJINI,Unguja,2021,33
2021-08-29,80.97013888888888,MJINI,Unguja,2021,34
2021-09-05,80.97013888888888,MJINI,Unguja,2021,35
2021-09-12,80.97013888888888,MJINI,Unguja,2021,36
2021-09-19,80.97013888888888,MJINI,Unguja,2021,37
2021-09-26,80.97013888888888,MJINI,Unguja,2021,38
2021-10-03,80.97013888888888,MJINI,Unguja,2021,39
2021-10-10,80.97013888888888,MJINI,Unguja,2021,40
2021-10-17,80.97013888888888,MJINI,Unguja,2021,41
2021-10-24,80.97013888888888,MJINI,Unguja,2021,42
2021-10-31,80.97013888888888,MJINI,Unguja,2021,43
2021-11-07,80.97013888888888,MJINI,Unguja,2021,44
2021-11-14,80.97013888888888,MJINI,Unguja,2021,45
2021-11-21,80.97013888888888,MJINI,Unguja,2021,46
2021-11-28,80.97013888888888,MJINI,Unguja,2021,47
2021-12-05,80.97013888888888,MJINI,Unguja,2021,48
2021-12-12,80.97013888888888,MJINI,Unguja,2021,49
2021-12-19,80.97013888888888,MJINI,Unguja,2021,50
2021-12-26,80.97013888888888,MJINI,Unguja,2021,51
2022-01-02,80.97013888888888,MJINI,Unguja,2021,52
2022-01-09,80.97013888888888,MJINI,Unguja,2022,1
2022-01-16,80.97013888888888,MJINI,Unguja,2022,2
2022-01-23,80.97013888888888,MJINI,Unguja,2022,3
2022-01-30,80.97013888888888,MJINI,Unguja,2022,4
2022-02-06,80.97013888888888,MJINI,Unguja,2022,5
2022-02-13,80.97013888888888,MJINI,Unguja,2022,6
2022-02-20,80.97013888888888,MJINI,Unguja,2022,7
2022-02-27,80.97013888888888,MJINI,Unguja,2022,8
2022-03-06,80.97013888888888,MJINI,Unguja,2022,9
2022-03-13,80.97013888888888,MJINI,Unguja,2022,10
2022-03-20,80.97013888888888,MJINI,Unguja,2022,11
2022-03-27,80.97013888888888,MJINI,Unguja,2022,12
2022-04-03,80.97013888888888,MJINI,Unguja,2022,13
2022-04-10,80.97013888888888,MJINI,Unguja,2022,14
2022-04-17,80.97013888888888,MJINI,Unguja,2022,15
2022-04-24,80.97013888888888,MJINI,Unguja,2022,16
2022-05-01,80.97013888888888,MJINI,Unguja,2022,17
2022-05-08,80.97013888888888,MJINI,Unguja,2022,18
2022-05-15,80.97013888888888,MJINI,Unguja,2022,19
2022-05-22,80.97013888888888,MJINI,Unguja,2022,20
2022-05-29,80.97013888888888,MJINI,Unguja,2022,21
2022-06-05,80.97013888888888,MJINI,Unguja,2022,22
2022-06-12,80.97013888888888,MJINI,Unguja,2022,23
2022-06-19,80.97013888888888,MJINI,Unguja,2022,24
2022-06-26,80.97013888888888,MJINI,Unguja,2022,25
2022-07-03,80.97013888888888,MJINI,Unguja,2022,26
2022-07-10,80.97013888888888,MJINI,Unguja,2022,27
2022-07-17,80.97013888888888,MJINI,Unguja,2022,28
2022-07-24,80.97013888888888,MJINI,Unguja,2022,29
2022-07-31,80.97013888888888,MJINI,Unguja,2022,30
2022-08-07,80.97013888888888,MJINI,Unguja,2022,31
2022-08-14,80.97013888888888,MJINI,Unguja,2022,32
2022-08-21,80.97013888888888,MJINI,Unguja,2022,33
2022-08-28,80.97013888888888,MJINI,Unguja,2022,34
2022-09-04,80.97013888888888,MJINI,Unguja,2022,35
2022-09-11,80.97013888888888,MJINI,Unguja,2022,36
2022-09-18,80.97013888888888,MJINI,Unguja,2022,37
2022-09-25,80.97013888888888,MJINI,Unguja,2022,38
2022-10-02,80.97013888888888,MJINI,Unguja,2022,39
2022-10-09,80.97013888888888,MJINI,Unguja,2022,40
2022-10-16,80.97013888888888,MJINI,Unguja,2022,41
2022-10-23,80.97013888888888,MJINI,Unguja,2022,42
2022-10-30,80.97013888888888,MJINI,Unguja,2022,43
2022-11-06,80.97013888888888,MJINI,Unguja,2022,44
2022-11-13,80.97013888888888,MJINI,Unguja,2022,45
2022-11-20,80.97013888888888,MJINI,Unguja,2022,46
2022-11-27,80.97013888888888,MJINI,Unguja,2022,47
2022-12-04,80.97013888888888,MJINI,Unguja,2022,48
2022-12-11,80.97013888888888,MJINI,Unguja,2022,49
2022-12-18,80.97013888888888,MJINI,Unguja,2022,50
2022-12-25,80.97013888888888,MJINI,Unguja,2022,51
2023-01-01,80.97013888888888,MJINI,Unguja,2022,52
2023-01-08,80.97013888888888,MJINI,Unguja,2023,1
2023-01-15,80.97013888888888,MJINI,Unguja,2023,2
2023-01-22,80.97013888888888,MJINI,Unguja,2023,3
2023-01-29,80.97013888888888,MJINI,Unguja,2023,4
2023-02-05,80.97013888888888,MJINI,Unguja,2023,5
2023-02-12,80.97013888888888,MJINI,Unguja,2023,6
2023-02-19,80.97013888888888,MJINI,Unguja,2023,7
2023-02-26,80.97013888888888,MJINI,Unguja,2023,8
2023-03-05,80.97013888888888,MJINI,Unguja,2023,9
2023-03-12,80.97013888888888,MJINI,Unguja,2023,10
2023-03-19,80.97013888888888,MJINI,Unguja,2023,11
2023-03-26,80.97013888888888,MJINI,Unguja,2023,12
2023-04-02,80.97013888888888,MJINI,Unguja,2023,13
2023-04-09,80.97013888888888,MJINI,Unguja,2023,14
2023-04-16,80.97013888888888,MJINI,Unguja,2023,15
2023-04-23,80.97013888888888,MJINI,Unguja,2023,16
2023-04-30,80.97013888888888,MJINI,Unguja,2023,17
2023-05-07,80.97013888888888,MJINI,Unguja,2023,18
2023-05-14,80.97013888888888,MJINI,Unguja,2023,19
2023-05-21,80.97013888888888,MJINI,Unguja,2023,20
2023-05-28,80.97013888888888,MJINI,Unguja,2023,21
2023-06-04,80.97013888888888,MJINI,Unguja,2023,22
2023-06-11,80.97013888888888,MJINI,Unguja,2023,23
2023-06-18,80.97013888888888,MJINI,Unguja,2023,24
2023-06-25,80.97013888888888,MJINI,Unguja,2023,25
2023-07-02,80.97013888888888,MJINI,Unguja,2023,26
2023-07-09,80.97013888888888,MJINI,Unguja,2023,27
2023-07-16,80.97013888888888,MJINI,Unguja,2023,28
2023-07-23,80.97013888888888,MJINI,Unguja,2023,29
2023-07-30,80.97013888888888,MJINI,Unguja,2023,30
2023-08-06,80.97013888888888,MJINI,Unguja,2023,31
2023-08-13,80.97013888888888,MJINI,Unguja,2023,32
2023-08-20,80.97013888888888,MJINI,Unguja,2023,33
2023-08-27,80.97013888888888,MJINI,Unguja,2023,34
2023-09-03,80.97013888888888,MJINI,Unguja,2023,35
2023-09-10,80.97013888888888,MJINI,Unguja,2023,36
2023-09-17,80.97013888888888,MJINI,Unguja,2023,37
2023-09-24,80.97013888888888,MJINI,Unguja,2023,38
2023-10-01,80.97013888888888,MJINI,Unguja,2023,39
2023-10-08,80.97013888888888,MJINI,Unguja,2023,40
2023-10-15,80.97013888888888,MJINI,Unguja,2023,41
2023-10-22,80.97013888888888,MJINI,Unguja,2023,42
2023-10-29,80.97013888888888,MJINI,Unguja,2023,43
2023-11-05,80.97013888888888,MJINI,Unguja,2023,44
2023-11-12,80.97013888888888,MJINI,Unguja,2023,45
2023-11-19,80.97013888888888,MJINI,Unguja,2023,46
2023-11-26,80.97013888888888,MJINI,Unguja,2023,47
2023-12-03,80.97013888888888,MJINI,Unguja,2023,48
2018-01-07,90.0,MKOANI,Pemba,2018,1
2018-01-14,90.0,MKOANI,Pemba,2018,2
2018-01-21,90.0,MKOANI,Pemba,2018,3
2018-01-28,90.0,MKOANI,Pemba,2018,4
2018-02-04,90.0,MKOANI,Pemba,2018,5
2018-02-11,90.5,MKOANI,Pemba,2018,6
2018-02-18,91.0,MKOANI,Pemba,2018,7
2018-02-25,91.5,MKOANI,Pemba,2018,8
2018-03-04,92.0,MKOANI,Pemba,2018,9
2018-03-11,92.75,MKOANI,Pemba,2018,10
2018-03-18,93.5,MKOANI,Pemba,2018,11
2018-03-25,94.25,MKOANI,Pemba,2018,12
2018-04-01,95.0,MKOANI,Pemba,2018,13
2018-04-08,94.8,MKOANI,Pemba,2018,14
2018-04-15,94.6,MKOANI,Pemba,2018,15
2018-04-22,94.4,MKOANI,Pemba,2018,16
2018-04-29,94.2,MKOANI,Pemba,2018,17
2018-05-06,94.0,MKOANI,Pemba,2018,18
2018-05-13,92.5,MKOANI,Pemba,2018,19
2018-05-20,91.0,MKOANI,Pemba,2018,20
2018-05-27,89.5,MKOANI,Pemba,2018,21
2018-06-03,88.0,MKOANI,Pemba,2018,22
2018-06-10,87.5,MKOANI,Pemba,2018,23
2018-06-17,87.0,MKOANI,Pemba,2018,24
2018-06-24,86.5,MKOANI,Pemba,2018,25
2018-07-01,86.0,MKOANI,Pemba,2018,26
2018-07-08,85.6,MKOANI,Pemba,2018,27
2018-07-15,85.2,MKOANI,Pemba,2018,28
2018-07-22,84.8,MKOANI,Pemba,2018,29
2018-07-29,84.4,MKOANI,Pemba,2018,30
2018-08-05,84.0,MKOANI,Pemba,2018,31
2018-08-12,84.0,MKOANI,Pemba,2018,32
2018-08-19,84.0,MKOANI,Pemba,2018,33
2018-08-26,84.0,MKOANI,Pemba,2018,34
2018-09-02,84.0,MKOANI,Pemba,2018,35
2018-09-09,85.0,MKOANI,Pemba,2018,36
2018-09-16,86.0,MKOANI,Pemba,2018,37
2018-09-23,87.0,MKOANI,Pemba,2018,38
2018-09-30,88.0,MKOANI,Pemba,2018,39
2018-10-07,89.0,MKOANI,Pemba,2018,40
2018-10-14,90.25,MKOANI,Pemba,2018,41
2018-10-21,91.5,MKOANI,Pemba,2018,42
2018-10-28,92.75,MKOANI,Pemba,2018,43
2018-11-04,94.0,MKOANI,Pemba,2018,44
2018-11-11,93.75,MKOANI,Pemba,2018,45
2018-11-18,93.5,MKOANI,Pemba,2018,46
2018-11-25,93.25,MKOANI,Pemba,2018,47
2018-12-02,93.0,MKOANI,Pemba,2018,48
2018-12-09,92.2,MKOANI,Pemba,2018,49
2018-12-16,91.4,MKOANI,Pemba,2018,50
2018-12-23,90.6,MKOANI,Pemba,2018,51
2018-12-30,89.8,MKOANI,Pemba,2018,52
2019-01-06,89.0,MKOANI,Pemba,2019,1
2019-01-13,88.75,MKOANI,Pemba,2019,2
2019-01-20,88.5,MKOANI,Pemba,2019,3
2019-01-27,88.25,MKOANI,Pemba,2019,4
2019-02-03,88.0,MKOANI,Pemba,2019,5
2019-02-10,89.0,MKOANI,Pemba,2019,6
2019-02-17,90.0,MKOANI,Pemba,2019,7
2019-02-24,91.0,MKOANI,Pemba,2019,8
2019-03-03,92.0,MKOANI,Pemba,2019,9
2019-03-10,92.4,MKOANI,Pemba,2019,10
2019-03-17,92.8,MKOANI,Pemba,2019,11
2019-03-24,93.2,MKOANI,Pemba,2019,12
2019-03-31,93.6,MKOANI,Pemba,2019,13
2019-04-07,94.0,MKOANI,Pemba,2019,14
2019-04-14,94.25,MKOANI,Pemba,2019,15
2019-04-21,94.5,MKOANI,Pemba,2019,16
2019-04-28,94.75,MKOANI,Pemba,2019,17
2019-05-05,95.0,MKOANI,Pemba,2019,18
2019-05-12,92.75,MKOANI,Pemba,2019,19
2019-05-19,90.5,MKOANI,Pemba,2019,20
2019-05-26,88.25,MKOANI,Pemba,2019,21
2019-06-02,86.0,MKOANI,Pemba,2019,22
2019-06-09,86.6,MKOANI,Pemba,2019,23
2019-06-16,87.2,MKOANI,Pemba,2019,24
2019-06-23,87.8,MKOANI,Pemba,2019,25
2019-06-30,88.4,MKOANI,Pemba,2019,26
2019-07-07,89.0,MKOANI,Pemba,2019,27
2019-07-14,89.5,MKOANI,Pemba,2019,28
2019-07-21,90.0,MKOANI,Pemba,2019,29
2019-07-28,90.5,MKOANI,Pemba,2019,30
2019-08-04,91.0,MKOANI,Pemba,2019,31
2019-08-11,90.5,MKOANI,Pemba,2019,32
2019-08-18,90.0,MKOANI,Pemba,2019,33
2019-08-25,89.5,MKOANI,Pemba,2019,34
2019-09-01,89.0,MKOANI,Pemba,2019,35
2019-09-08,90.2,MKOANI,Pemba,2019,36
2019-09-15,91.4,MKOANI,Pemba,2019,37
2019-09-22,92.6,MKOANI,Pemba,2019,38
2019-09-29,93.8,MKOANI,Pemba,2019,39
2019-10-06,95.0,MKOANI,Pemba,2019,40
2019-10-13,95.0,MKOANI,Pemba,2019,41
2019-10-20,95.0,MKOANI,Pemba,2019,42
2019-10-27,95.0,MKOANI,Pemba,2019,43
2019-11-03,95.0,MKOANI,Pemba,2019,44
2019-11-10,94.5,MKOANI,Pemba,2019,45
2019-11-17,94.0,MKOANI,Pemba,2019,46
2019-11-24,93.5,MKOANI,Pemba,2019,47
2019-12-01,93.0,MKOANI,Pemba,2019,48
2019-12-08,91.6,MKOANI,Pemba,2019,49
2019-12-15,90.2,MKOANI,Pemba,2019,50
2019-12-22,88.8,MKOANI,Pemba,2019,51
2019-12-29,87.4,MKOANI,Pemba,2019,52
2020-01-05,86.0,MKOANI,Pemba,2020,1
2020-01-12,87.75,MKOANI,Pemba,2020,2
2020-01-19,89.5,MKOANI,Pemba,2020,3
2020-01-26,91.25,MKOANI,Pemba,2020,4
2020-02-02,93.0,MKOANI,Pemba,2020,5
2020-02-09,93.0,MKOANI,Pemba,2020,6
2020-02-16,93.0,MKOANI,Pemba,2020,7
2020-02-23,93.0,MKOANI,Pemba,2020,8
2020-03-01,93.0,MKOANI,Pemba,2020,9
2020-03-08,91.4,MKOANI,Pemba,2020,10
2020-03-15,89.8,MKOANI,Pemba,2020,11
2020-03-22,88.2,MKOANI,Pemba,2020,12
2020-03-29,86.6,MKOANI,Pemba,2020,13
2020-04-05,85.0,MKOANI,Pemba,2020,14
2020-04-12,86.5,MKOANI,Pemba,2020,15
2020-04-19,88.0,MKOANI,Pemba,2020,16
2020-04-26,89.5,MKOANI,Pemba,2020,17
2020-05-03,91.0,MKOANI,Pemba,2020,18
2020-05-10,90.2,MKOANI,Pemba,2020,19
2020-05-17,89.4,MKOANI,Pemba,2020,20
2020-05-24,88.6,MKOANI,Pemba,2020,21
2020-05-31,87.8,MKOANI,Pemba,2020,22
2020-06-07,87.0,MKOANI,Pemba,2020,23
2020-06-14,85.25,MKOANI,Pemba,2020,24
2020-06-21,83.5,MKOANI,Pemba,2020,25
2020-06-28,81.75,MKOANI,Pemba,2020,26
2020-07-05,80.0,MKOANI,Pemba,2020,27
2020-07-12,81.5,MKOANI,Pemba,2020,28
2020-07-19,83.0,MKOANI,Pemba,2020,29
2020-07-26,84.5,MKOANI,Pemba,2020,30
2020-08-02,86.0,MKOANI,Pemba,2020,31
2020-08-09,86.4,MKOANI,Pemba,2020,32
2020-08-16,86.8,MKOANI,Pemba,2020,33
2020-08-23,87.2,MKOANI,Pemba,2020,34
2020-08-30,87.6,MKOANI,Pemba,2020,35
2020-09-06,88.0,MKOANI,Pemba,2020,36
2020-09-13,88.5,MKOANI,Pemba,2020,37
2020-09-20,89.0,MKOANI,Pemba,2020,38
2020-09-27,89.5,MKOANI,Pemba,2020,39
2020-10-04,90.0,MKOANI,Pemba,2020,40
2020-10-11,90.25,MKOANI,Pemba,2020,41
2020-10-18,90.5,MKOANI,Pemba,2020,42
2020-10-25,90.75,MKOANI,Pemba,2020,43
2020-11-01,91.0,MKOANI,Pemba,2020,44
2020-11-08,90.8,MKOANI,Pemba,2020,45
2020-11-15,90.6,MKOANI,Pemba,2020,46
2020-11-22,90.4,MKOANI,Pemba,2020,47
2020-11-29,90.2,MKOANI,Pemba,2020,48
2020-12-06,90.0,MKOANI,Pemba,2020,49
2020-12-13,90.0,MKOANI,Pemba,2020,50
2020-12-20,90.0,MKOANI,Pemba,2020,51
2020-12-27,90.0,MKOANI,Pemba,2020,52
2021-01-10,90.0,MKOANI,Pemba,2021,1
2021-01-17,90.0,MKOANI,Pemba,2021,2
2021-01-24,90.0,MKOANI,Pemba,2021,3
2021-01-31,90.0,MKOANI,Pemba,2021,4
2021-02-07,90.0,MKOANI,Pemba,2021,5
2021-02-14,84.75,MKOANI,Pemba,2021,6
2021-02-21,79.5,MKOANI,Pemba,2021,7
2021-02-28,74.25,MKOANI,Pemba,2021,8
2021-03-07,69.0,MKOANI,Pemba,2021,9
2021-03-14,73.0,MKOANI,Pemba,2021,10
2021-03-21,77.0,MKOANI,Pemba,2021,11
2021-03-28,81.0,MKOANI,Pemba,2021,12
2021-04-04,85.0,MKOANI,Pemba,2021,13
2021-04-11,85.5,MKOANI,Pemba,2021,14
2021-04-18,86.0,MKOANI,Pemba,2021,15
2021-04-25,86.5,MKOANI,Pemba,2021,16
2021-05-02,87.0,MKOANI,Pemba,2021,17
2021-05-09,86.6,MKOANI,Pemba,2021,18
2021-05-16,86.2,MKOANI,Pemba,2021,19
2021-05-23,85.8,MKOANI,Pemba,2021,20
2021-05-30,85.4,MKOANI,Pemba,2021,21
2021-06-06,85.0,MKOANI,Pemba,2021,22
2021-06-13,84.5,MKOANI,Pemba,2021,23
2021-06-20,84.0,MKOANI,Pemba,2021,24
2021-06-27,83.5,MKOANI,Pemba,2021,25
2021-07-04,83.0,MKOANI,Pemba,2021,26
2021-07-11,83.75,MKOANI,Pemba,2021,27
2021-07-18,84.5,MKOANI,Pemba,2021,28
2021-07-25,85.25,MKOANI,Pemba,2021,29
2021-08-01,86.0,MKOANI,Pemba,2021,30
2021-08-08,85.8,MKOANI,Pemba,2021,31
2021-08-15,85.6,MKOANI,Pemba,2021,32
2021-08-22,85.4,MKOANI,Pemba,2021,33
2021-08-29,85.2,MKOANI,Pemba,2021,34
2021-09-05,85.0,MKOANI,Pemba,2021,35
2021-09-12,85.75,MKOANI,Pemba,2021,36
2021-09-19,86.5,MKOANI,Pemba,2021,37
2021-09-26,87.25,MKOANI,Pemba,2021,38
2021-10-03,88.0,MKOANI,Pemba,2021,39
2021-10-10,88.2,MKOANI,Pemba,2021,40
2021-10-17,88.4,MKOANI,Pemba,2021,41
2021-10-24,88.6,MKOANI,Pemba,2021,42
2021-10-31,88.8,MKOANI,Pemba,2021,43
2021-11-07,89.0,MKOANI,Pemba,2021,44
2021-11-14,89.75,MKOANI,Pemba,2021,45
2021-11-21,90.5,MKOANI,Pemba,2021,46
2021-11-28,91.25,MKOANI,Pemba,2021,47
2021-12-05,92.0,MKOANI,Pemba,2021,48
2021-12-12,88.0,MKOANI,Pemba,2021,49
2021-12-19,84.0,MKOANI,Pemba,2021,50
2021-12-26,80.0,MKOANI,Pemba,2021,51
2022-01-02,76.0,MKOANI,Pemba,2021,52
2022-01-09,76.2,MKOANI,Pemba,2022,1
2022-01-16,76.4,MKOANI,Pemba,2022,2
2022-01-23,76.6,MKOANI,Pemba,2022,3
2022-01-30,76.8,MKOANI,Pemba,2022,4
2022-02-06,77.0,MKOANI,Pemba,2022,5
2022-02-13,75.0,MKOANI,Pemba,2022,6
2022-02-20,73.0,MKOANI,Pemba,2022,7
2022-02-27,71.0,MKOANI,Pemba,2022,8
2022-03-06,69.0,MKOANI,Pemba,2022,9
2022-03-13,71.75,MKOANI,Pemba,2022,10
2022-03-20,74.5,MKOANI,Pemba,2022,11
2022-03-27,77.25,MKOANI,Pemba,2022,12
2022-04-03,80.0,MKOANI,Pemba,2022,13
2022-04-10,81.5,MKOANI,Pemba,2022,14
2022-04-17,83.0,MKOANI,Pemba,2022,15
2022-04-24,84.5,MKOANI,Pemba,2022,16
2022-05-01,86.0,MKOANI,Pemba,2022,17
2022-05-08,70.56,MKOANI,Pemba,2022,18
2022-05-15,55.12,MKOANI,Pemba,2022,19
2022-05-22,39.67999999999999,MKOANI,Pemba,2022,20
2022-05-29,24.239999999999995,MKOANI,Pemba,2022,21
2022-06-05,8.8,MKOANI,Pemba,2022,22
2022-06-12,30.1,MKOANI,Pemba,2022,23
2022-06-19,51.400000000000006,MKOANI,Pemba,2022,24
2022-06-26,72.7,MKOANI,Pemba,2022,25
2022-07-03,94.0,MKOANI,Pemba,2022,26
2022-07-10,93.0,MKOANI,Pemba,2022,27
2022-07-17,92.0,MKOANI,Pemba,2022,28
2022-07-24,91.0,MKOANI,Pemba,2022,29
2022-07-31,90.0,MKOANI,Pemba,2022,30
2022-08-07,89.0,MKOANI,Pemba,2022,31
2022-08-14,88.75,MKOANI,Pemba,2022,32
2022-08-21,88.5,MKOANI,Pemba,2022,33
2022-08-28,88.25,MKOANI,Pemba,2022,34
2022-09-04,88.0,MKOANI,Pemba,2022,35
2022-09-11,88.5,MKOANI,Pemba,2022,36
2022-09-18,89.0,MKOANI,Pemba,2022,37
2022-09-25,89.5,MKOANI,Pemba,2022,38
2022-10-02,90.0,MKOANI,Pemba,2022,39
2022-10-09,90.6,MKOANI,Pemba,2022,40
2022-10-16,91.2,MKOANI,Pemba,2022,41
2022-10-23,91.8,MKOANI,Pemba,2022,42
2022-10-30,92.4,MKOANI,Pemba,2022,43
2022-11-06,93.0,MKOANI,Pemba,2022,44
2022-11-13,93.25,MKOANI,Pemba,2022,45
2022-11-20,93.5,MKOANI,Pemba,2022,46
2022-11-27,93.75,MKOANI,Pemba,2022,47
2022-12-04,94.0,MKOANI,Pemba,2022,48
2022-12-11,92.25,MKOANI,Pemba,2022,49
2022-12-18,90.5,MKOANI,Pemba,2022,50
2022-12-25,88.75,MKOANI,Pemba,2022,51
2023-01-01,87.0,MKOANI,Pemba,2022,52
2023-01-08,87.6,MKOANI,Pemba,2023,1
2023-01-15,88.2,MKOANI,Pemba,2023,2
2023-01-22,88.8,MKOANI,Pemba,2023,3
2023-01-29,89.4,MKOANI,Pemba,2023,4
2023-02-05,90.0,MKOANI,Pemba,2023,5
2023-02-12,90.5,MKOANI,Pemba,2023,6
2023-02-19,91.0,MKOANI,Pemba,2023,7
2023-02-26,91.5,MKOANI,Pemba,2023,8
2023-03-05,92.0,MKOANI,Pemba,2023,9
2023-03-12,91.5,MKOANI,Pemba,2023,10
2023-03-19,91.0,MKOANI,Pemba,2023,11
2023-03-26,90.5,MKOANI,Pemba,2023,12
2023-04-02,90.0,MKOANI,Pemba,2023,13
2023-04-09,91.2,MKOANI,Pemba,2023,14
2023-04-16,92.4,MKOANI,Pemba,2023,15
2023-04-23,93.6,MKOANI,Pemba,2023,16
2023-04-30,94.8,MKOANI,Pemba,2023,17
2023-05-07,96.0,MKOANI,Pemba,2023,18
2023-05-14,94.5,MKOANI,Pemba,2023,19
2023-05-21,93.0,MKOANI,Pemba,2023,20
2023-05-28,91.5,MKOANI,Pemba,2023,21
2023-06-04,90.0,MKOANI,Pemba,2023,22
2023-06-11,88.75,MKOANI,Pemba,2023,23
2023-06-18,87.5,MKOANI,Pemba,2023,24
2023-06-25,86.25,MKOANI,Pemba,2023,25
2023-07-02,85.0,MKOANI,Pemba,2023,26
2023-07-09,85.4,MKOANI,Pemba,2023,27
2023-07-16,85.8,MKOANI,Pemba,2023,28
2023-07-23,86.2,MKOANI,Pemba,2023,29
2023-07-30,86.6,MKOANI,Pemba,2023,30
2023-08-06,87.0,MKOANI,Pemba,2023,31
2023-08-13,87.5,MKOANI,Pemba,2023,32
2023-08-20,88.0,MKOANI,Pemba,2023,33
2023-08-27,88.5,MKOANI,Pemba,2023,34
2023-09-03,89.0,MKOANI,Pemba,2023,35
2023-09-10,89.75,MKOANI,Pemba,2023,36
2023-09-17,90.5,MKOANI,Pemba,2023,37
2023-09-24,91.25,MKOANI,Pemba,2023,38
2023-10-01,92.0,MKOANI,Pemba,2023,39
2023-10-08,92.6,MKOANI,Pemba,2023,40
2023-10-15,93.2,MKOANI,Pemba,2023,41
2023-10-22,93.8,MKOANI,Pemba,2023,42
2023-10-29,94.4,MKOANI,Pemba,2023,43
2023-11-05,95.0,MKOANI,Pemba,2023,44
2023-11-12,93.75,MKOANI,Pemba,2023,45
2023-11-19,92.5,MKOANI,Pemba,2023,46
2023-11-26,91.25,MKOANI,Pemba,2023,47
2023-12-03,90.0,MKOANI,Pemba,2023,48
2018-01-07,90.0,WETE,Pemba,2018,1
2018-01-14,90.0,WETE,Pemba,2018,2
2018-01-21,90.0,WETE,Pemba,2018,3
2018-01-28,90.0,WETE,Pemba,2018,4
2018-02-04,90.0,WETE,Pemba,2018,5
2018-02-11,90.5,WETE,Pemba,2018,6
2018-02-18,91.0,WETE,Pemba,2018,7
2018-02-25,91.5,WETE,Pemba,2018,8
2018-03-04,92.0,WETE,Pemba,2018,9
2018-03-11,92.75,WETE,Pemba,2018,10
2018-03-18,93.5,WETE,Pemba,2018,11
2018-03-25,94.25,WETE,Pemba,2018,12
2018-04-01,95.0,WETE,Pemba,2018,13
2018-04-08,94.8,WETE,Pemba,2018,14
2018-04-15,94.6,WETE,Pemba,2018,15
2018-04-22,94.4,WETE,Pemba,2018,16
2018-04-29,94.2,WETE,Pemba,2018,17
2018-05-06,94.0,WETE,Pemba,2018,18
2018-05-13,92.5,WETE,Pemba,2018,19
2018-05-20,91.0,WETE,Pemba,2018,20
2018-05-27,89.5,WETE,Pemba,2018,21
2018-06-03,88.0,WETE,Pemba,2018,22
2018-06-10,87.5,WETE,Pemba,2018,23
2018-06-17,87.0,WETE,Pemba,2018,24
2018-06-24,86.5,WETE,Pemba,2018,25
2018-07-01,86.0,WETE,Pemba,2018,26
2018-07-08,85.6,WETE,Pemba,2018,27
2018-07-15,85.2,WETE,Pemba,2018,28
2018-07-22,84.8,WETE,Pemba,2018,29
2018-07-29,84.4,WETE,Pemba,2018,30
2018-08-05,84.0,WETE,Pemba,2018,31
2018-08-12,84.0,WETE,Pemba,2018,32
2018-08-19,84.0,WETE,Pemba,2018,33
2018-08-26,84.0,WETE,Pemba,2018,34
2018-09-02,84.0,WETE,Pemba,2018,35
2018-09-09,85.0,WETE,Pemba,2018,36
2018-09-16,86.0,WETE,Pemba,2018,37
2018-09-23,87.0,WETE,Pemba,2018,38
2018-09-30,88.0,WETE,Pemba,2018,39
2018-10-07,89.0,WETE,Pemba,2018,40
2018-10-14,90.25,WETE,Pemba,2018,41
2018-10-21,91.5,WETE,Pemba,2018,42
2018-10-28,92.75,WETE,Pemba,2018,43
2018-11-04,94.0,WETE,Pemba,2018,44
2018-11-11,93.75,WETE,Pemba,2018,45
2018-11-18,93.5,WETE,Pemba,2018,46
2018-11-25,93.25,WETE,Pemba,2018,47
2018-12-02,93.0,WETE,Pemba,2018,48
2018-12-09,92.2,WETE,Pemba,2018,49
2018-12-16,91.4,WETE,Pemba,2018,50
2018-12-23,90.6,WETE,Pemba,2018,51
2018-12-30,89.8,WETE,Pemba,2018,52
2019-01-06,89.0,WETE,Pemba,2019,1
2019-01-13,88.75,WETE,Pemba,2019,2
2019-01-20,88.5,WETE,Pemba,2019,3
2019-01-27,88.25,WETE,Pemba,2019,4
2019-02-03,88.0,WETE,Pemba,2019,5
2019-02-10,89.0,WETE,Pemba,2019,6
2019-02-17,90.0,WETE,Pemba,2019,7
2019-02-24,91.0,WETE,Pemba,2019,8
2019-03-03,92.0,WETE,Pemba,2019,9
2019-03-10,92.4,WETE,Pemba,2019,10
2019-03-17,92.8,WETE,Pemba,2019,11
2019-03-24,93.2,WETE,Pemba,2019,12
2019-03-31,93.6,WETE,Pemba,2019,13
2019-04-07,94.0,WETE,Pemba,2019,14
2019-04-14,94.25,WETE,Pemba,2019,15
2019-04-21,94.5,WETE,Pemba,2019,16
2019-04-28,94.75,WETE,Pemba,2019,17
2019-05-05,95.0,WETE,Pemba,2019,18
2019-05-12,92.75,WETE,Pemba,2019,19
2019-05-19,90.5,WETE,Pemba,2019,20
2019-05-26,88.25,WETE,Pemba,2019,21
2019-06-02,86.0,WETE,Pemba,2019,22
2019-06-09,86.6,WETE,Pemba,2019,23
2019-06-16,87.2,WETE,Pemba,2019,24
2019-06-23,87.8,WETE,Pemba,2019,25
2019-06-30,88.4,WETE,Pemba,2019,26
2019-07-07,89.0,WETE,Pemba,2019,27
2019-07-14,89.5,WETE,Pemba,2019,28
2019-07-21,90.0,WETE,Pemba,2019,29
2019-07-28,90.5,WETE,Pemba,2019,30
2019-08-04,91.0,WETE,Pemba,2019,31
2019-08-11,90.5,WETE,Pemba,2019,32
2019-08-18,90.0,WETE,Pemba,2019,33
2019-08-25,89.5,WETE,Pemba,2019,34
2019-09-01,89.0,WETE,Pemba,2019,35
2019-09-08,90.2,WETE,Pemba,2019,36
2019-09-15,91.4,WETE,Pemba,2019,37
2019-09-22,92.6,WETE,Pemba,2019,38
2019-09-29,93.8,WETE,Pemba,2019,39
2019-10-06,95.0,WETE,Pemba,2019,40
2019-10-13,95.0,WETE,Pemba,2019,41
2019-10-20,95.0,WETE,Pemba,2019,42
2019-10-27,95.0,WETE,Pemba,2019,43
2019-11-03,95.0,WETE,Pemba,2019,44
2019-11-10,94.5,WETE,Pemba,2019,45
2019-11-17,94.0,WETE,Pemba,2019,46
2019-11-24,93.5,WETE,Pemba,2019,47
2019-12-01,93.0,WETE,Pemba,2019,48
2019-12-08,91.6,WETE,Pemba,2019,49
2019-12-15,90.2,WETE,Pemba,2019,50
2019-12-22,88.8,WETE,Pemba,2019,51
2019-12-29,87.4,WETE,Pemba,2019,52
2020-01-05,86.0,WETE,Pemba,2020,1
2020-01-12,87.75,WETE,Pemba,2020,2
2020-01-19,89.5,WETE,Pemba,2020,3
2020-01-26,91.25,WETE,Pemba,2020,4
2020-02-02,93.0,WETE,Pemba,2020,5
2020-02-09,93.0,WETE,Pemba,2020,6
2020-02-16,93.0,WETE,Pemba,2020,7
2020-02-23,93.0,WETE,Pemba,2020,8
2020-03-01,93.0,WETE,Pemba,2020,9
2020-03-08,91.4,WETE,Pemba,2020,10
2020-03-15,89.8,WETE,Pemba,2020,11
2020-03-22,88.2,WETE,Pemba,2020,12
2020-03-29,86.6,WETE,Pemba,2020,13
2020-04-05,85.0,WETE,Pemba,2020,14
2020-04-12,86.5,WETE,Pemba,2020,15
2020-04-19,88.0,WETE,Pemba,2020,16
2020-04-26,89.5,WETE,Pemba,2020,17
2020-05-03,91.0,WETE,Pemba,2020,18
2020-05-10,90.2,WETE,Pemba,2020,19
2020-05-17,89.4,WETE,Pemba,2020,20
2020-05-24,88.6,WETE,Pemba,2020,21
2020-05-31,87.8,WETE,Pemba,2020,22
2020-06-07,87.0,WETE,Pemba,2020,23
2020-06-14,85.25,WETE,Pemba,2020,24
2020-06-21,83.5,WETE,Pemba,2020,25
2020-06-28,81.75,WETE,Pemba,2020,26
2020-07-05,80.0,WETE,Pemba,2020,27
2020-07-12,81.5,WETE,Pemba,2020,28
2020-07-19,83.0,WETE,Pemba,2020,29
2020-07-26,84.5,WETE,Pemba,2020,30
2020-08-02,86.0,WETE,Pemba,2020,31
2020-08-09,86.4,WETE,Pemba,2020,32
2020-08-16,86.8,WETE,Pemba,2020,33
2020-08-23,87.2,WETE,Pemba,2020,34
2020-08-30,87.6,WETE,Pemba,2020,35
2020-09-06,88.0,WETE,Pemba,2020,36
2020-09-13,88.5,WETE,Pemba,2020,37
2020-09-20,89.0,WETE,Pemba,2020,38
2020-09-27,89.5,WETE,Pemba,2020,39
2020-10-04,90.0,WETE,Pemba,2020,40
2020-10-11,90.25,WETE,Pemba,2020,41
2020-10-18,90.5,WETE,Pemba,2020,42
2020-10-25,90.75,WETE,Pemba,2020,43
2020-11-01,91.0,WETE,Pemba,2020,44
2020-11-08,90.8,WETE,Pemba,2020,45
2020-11-15,90.6,WETE,Pemba,2020,46
2020-11-22,90.4,WETE,Pemba,2020,47
2020-11-29,90.2,WETE,Pemba,2020,48
2020-12-06,90.0,WETE,Pemba,2020,49
2020-12-13,90.0,WETE,Pemba,2020,50
2020-12-20,90.0,WETE,Pemba,2020,51
2020-12-27,90.0,WETE,Pemba,2020,52
2021-01-10,90.0,WETE,Pemba,2021,1
2021-01-17,90.0,WETE,Pemba,2021,2
2021-01-24,90.0,WETE,Pemba,2021,3
2021-01-31,90.0,WETE,Pemba,2021,4
2021-02-07,90.0,WETE,Pemba,2021,5
2021-02-14,84.75,WETE,Pemba,2021,6
2021-02-21,79.5,WETE,Pemba,2021,7
2021-02-28,74.25,WETE,Pemba,2021,8
2021-03-07,69.0,WETE,Pemba,2021,9
2021-03-14,73.0,WETE,Pemba,2021,10
2021-03-21,77.0,WETE,Pemba,2021,11
2021-03-28,81.0,WETE,Pemba,2021,12
2021-04-04,85.0,WETE,Pemba,2021,13
2021-04-11,85.5,WETE,Pemba,2021,14
2021-04-18,86.0,WETE,Pemba,2021,15
2021-04-25,86.5,WETE,Pemba,2021,16
2021-05-02,87.0,WETE,Pemba,2021,17
2021-05-09,86.6,WETE,Pemba,2021,18
2021-05-16,86.2,WETE,Pemba,2021,19
2021-05-23,85.8,WETE,Pemba,2021,20
2021-05-30,85.4,WETE,Pemba,2021,21
2021-06-06,85.0,WETE,Pemba,2021,22
2021-06-13,84.5,WETE,Pemba,2021,23
2021-06-20,84.0,WETE,Pemba,2021,24
2021-06-27,83.5,WETE,Pemba,2021,25
2021-07-04,83.0,WETE,Pemba,2021,26
2021-07-11,83.75,WETE,Pemba,2021,27
2021-07-18,84.5,WETE,Pemba,2021,28
2021-07-25,85.25,WETE,Pemba,2021,29
2021-08-01,86.0,WETE,Pemba,2021,30
2021-08-08,85.8,WETE,Pemba,2021,31
2021-08-15,85.6,WETE,Pemba,2021,32
2021-08-22,85.4,WETE,Pemba,2021,33
2021-08-29,85.2,WETE,Pemba,2021,34
2021-09-05,85.0,WETE,Pemba,2021,35
2021-09-12,85.75,WETE,Pemba,2021,36
2021-09-19,86.5,WETE,Pemba,2021,37
2021-09-26,87.25,WETE,Pemba,2021,38
2021-10-03,88.0,WETE,Pemba,2021,39
2021-10-10,88.2,WETE,Pemba,2021,40
2021-10-17,88.4,WETE,Pemba,2021,41
2021-10-24,88.6,WETE,Pemba,2021,42
2021-10-31,88.8,WETE,Pemba,2021,43
2021-11-07,89.0,WETE,Pemba,2021,44
2021-11-14,89.75,WETE,Pemba,2021,45
2021-11-21,90.5,WETE,Pemba,2021,46
2021-11-28,91.25,WETE,Pemba,2021,47
2021-12-05,92.0,WETE,Pemba,2021,48
2021-12-12,88.0,WETE,Pemba,2021,49
2021-12-19,84.0,WETE,Pemba,2021,50
2021-12-26,80.0,WETE,Pemba,2021,51
2022-01-02,76.0,WETE,Pemba,2021,52
2022-01-09,76.2,WETE,Pemba,2022,1
2022-01-16,76.4,WETE,Pemba,2022,2
2022-01-23,76.6,WETE,Pemba,2022,3
2022-01-30,76.8,WETE,Pemba,2022,4
2022-02-06,77.0,WETE,Pemba,2022,5
2022-02-13,75.0,WETE,Pemba,2022,6
2022-02-20,73.0,WETE,Pemba,2022,7
2022-02-27,71.0,WETE,Pemba,2022,8
2022-03-06,69.0,WETE,Pemba,2022,9
2022-03-13,71.75,WETE,Pemba,2022,10
2022-03-20,74.5,WETE,Pemba,2022,11
2022-03-27,77.25,WETE,Pemba,2022,12
2022-04-03,80.0,WETE,Pemba,2022,13
2022-04-10,81.5,WETE,Pemba,2022,14
2022-04-17,83.0,WETE,Pemba,2022,15
2022-04-24,84.5,WETE,Pemba,2022,16
2022-05-01,86.0,WETE,Pemba,2022,17
2022-05-08,70.56,WETE,Pemba,2022,18
2022-05-15,55.12,WETE,Pemba,2022,19
2022-05-22,39.67999999999999,WETE,Pemba,2022,20
2022-05-29,24.239999999999995,WETE,Pemba,2022,21
2022-06-05,8.8,WETE,Pemba,2022,22
2022-06-12,30.1,WETE,Pemba,2022,23
2022-06-19,51.400000000000006,WETE,Pemba,2022,24
2022-06-26,72.7,WETE,Pemba,2022,25
2022-07-03,94.0,WETE,Pemba,2022,26
2022-07-10,93.0,WETE,Pemba,2022,27
2022-07-17,92.0,WETE,Pemba,2022,28
2022-07-24,91.0,WETE,Pemba,2022,29
2022-07-31,90.0,WETE,Pemba,2022,30
2022-08-07,89.0,WETE,Pemba,2022,31
2022-08-14,88.75,WETE,Pemba,2022,32
2022-08-21,88.5,WETE,Pemba,2022,33
2022-08-28,88.25,WETE,Pemba,2022,34
2022-09-04,88.0,WETE,Pemba,2022,35
2022-09-11,88.5,WETE,Pemba,2022,36
2022-09-18,89.0,WETE,Pemba,2022,37
2022-09-25,89.5,WETE,Pemba,2022,38
2022-10-02,90.0,WETE,Pemba,2022,39
2022-10-09,90.6,WETE,Pemba,2022,40
2022-10-16,91.2,WETE,Pemba,2022,41
2022-10-23,91.8,WETE,Pemba,2022,42
2022-10-30,92.4,WETE,Pemba,2022,43
2022-11-06,93.0,WETE,Pemba,2022,44
2022-11-13,93.25,WETE,Pemba,2022,45
2022-11-20,93.5,WETE,Pemba,2022,46
2022-11-27,93.75,WETE,Pemba,2022,47
2022-12-04,94.0,WETE,Pemba,2022,48
2022-12-11,92.25,WETE,Pemba,2022,49
2022-12-18,90.5,WETE,Pemba,2022,50
2022-12-25,88.75,WETE,Pemba,2022,51
2023-01-01,87.0,WETE,Pemba,2022,52
2023-01-08,87.6,WETE,Pemba,2023,1
2023-01-15,88.2,WETE,Pemba,2023,2
2023-01-22,88.8,WETE,Pemba,2023,3
2023-01-29,89.4,WETE,Pemba,2023,4
2023-02-05,90.0,WETE,Pemba,2023,5
2023-02-12,90.5,WETE,Pemba,2023,6
2023-02-19,91.0,WETE,Pemba,2023,7
2023-02-26,91.5,WETE,Pemba,2023,8
2023-03-05,92.0,WETE,Pemba,2023,9
2023-03-12,91.5,WETE,Pemba,2023,10
2023-03-19,91.0,WETE,Pemba,2023,11
2023-03-26,90.5,WETE,Pemba,2023,12
2023-04-02,90.0,WETE,Pemba,2023,13
2023-04-09,91.2,WETE,Pemba,2023,14
2023-04-16,92.4,WETE,Pemba,2023,15
2023-04-23,93.6,WETE,Pemba,2023,16
2023-04-30,94.8,WETE,Pemba,2023,17
2023-05-07,96.0,WETE,Pemba,2023,18
2023-05-14,94.5,WETE,Pemba,2023,19
2023-05-21,93.0,WETE,Pemba,2023,20
2023-05-28,91.5,WETE,Pemba,2023,21
2023-06-04,90.0,WETE,Pemba,2023,22
2023-06-11,88.75,WETE,Pemba,2023,23
2023-06-18,87.5,WETE,Pemba,2023,24
2023-06-25,86.25,WETE,Pemba,2023,25
2023-07-02,85.0,WETE,Pemba,2023,26
2023-07-09,85.4,WETE,Pemba,2023,27
2023-07-16,85.8,WETE,Pemba,2023,28
2023-07-23,86.2,WETE,Pemba,2023,29
2023-07-30,86.6,WETE,Pemba,2023,30
2023-08-06,87.0,WETE,Pemba,2023,31
2023-08-13,87.5,WETE,Pemba,2023,32
2023-08-20,88.0,WETE,Pemba,2023,33
2023-08-27,88.5,WETE,Pemba,2023,34
2023-09-03,89.0,WETE,Pemba,2023,35
2023-09-10,89.75,WETE,Pemba,2023,36
2023-09-17,90.5,WETE,Pemba,2023,37
2023-09-24,91.25,WETE,Pemba,2023,38
2023-10-01,92.0,WETE,Pemba,2023,39
2023-10-08,92.6,WETE,Pemba,2023,40
2023-10-15,93.2,WETE,Pemba,2023,41
2023-10-22,93.8,WETE,Pemba,2023,42
2023-10-29,94.4,WETE,Pemba,2023,43
2023-11-05,95.0,WETE,Pemba,2023,44
2023-11-12,93.75,WETE,Pemba,2023,45
2023-11-19,92.5,WETE,Pemba,2023,46
2023-11-26,91.25,WETE,Pemba,2023,47
2023-12-03,90.0,WETE,Pemba,2023,48
