District,Station,Year,Month,Week,Rainfall,Region,Max Temperature,Min Temperature
MAGHARIBI  B,MAGHARIBI  B,2023,Jan,1st week,3.8,Pemba,32.1142857142857,25.2
MAGHARIBI  B,MAGHARIBI  B,2023,Feb,1st week,0.0,Pemba,31.8571428571429,24.2571428571429
MAGHARIBI  B,MAGHARIBI  B,2023,Mar,1st week,0.0,Pemba,31.9571428571429,24.2571428571429
MAGHARIBI  B,MAGHARIBI  B,2023,Apr,1st week,51.6,Pemba,31.4857142857143,25.3142857142857
MAGHARIBI  B,MAGHARIBI  B,2023,May,1st week,69.6,Pemba,30.1428571428571,25.2285714285714
MAGHARIBI  B,MAGHARIBI  B,2023,Jun,1st week,96.9,Pemba,28.9571428571429,23.0
MAGHARIBI  B,MAGHARIBI  B,2023,Jul,1st week,51.1,Pemba,28.4285714285714,23.6
MAGHARIBI  B,MAGHARIBI  B,2023,Aug,1st week,2.8000000000000003,Pemba,28.4285714285714,23.8285714285714
MAGHARIBI  B,MAGHARIBI  B,2023,Sep,1st week,0.0,Pemba,29.1714285714286,23.2857142857143
MAGHARIBI  B,MAGHARIBI  B,2023,Oct,1st week,12.2,Pemba,30.4857142857143,23.9714285714286
MAGHARIBI  B,MAGHARIBI  B,2023,Nov,1st week,487.9,Pemba,28.7428571428571,24.0857142857143
MAGHARIBI  B,MAGHARIBI  B,2023,Dec,1st week,55.9,Pemba,31.3142857142857,25.5714285714286
MAGHARIBI  B,MAGHARIBI  B,2023,Jan,2nd week,58.39999999999999,Pemba,31.85,24.6571428571429
MAGHARIBI  B,MAGHARIBI  B,2023,Feb,2nd week,7.8,Pemba,31.1875,25.0142857142857
MAGHARIBI  B,MAGHARIBI  B,2023,Mar,2nd week,0.0,Pemba,32.3875,25.0142857142857
MAGHARIBI  B,MAGHARIBI  B,2023,Apr,2nd week,6.000000000000001,Pemba,31.6625,25.5714285714286
MAGHARIBI  B,MAGHARIBI  B,2023,May,2nd week,35.0,Pemba,30.075,25.3714285714286
MAGHARIBI  B,MAGHARIBI  B,2023,Jun,2nd week,21.8,Pemba,29.3125,23.7857142857143
MAGHARIBI  B,MAGHARIBI  B,2023,Jul,2nd week,1.6,Pemba,28.675,23.1714285714286
MAGHARIBI  B,MAGHARIBI  B,2023,Aug,2nd week,1.2,Pemba,28.675,23.7142857142857
MAGHARIBI  B,MAGHARIBI  B,2023,Sep,2nd week,3.4,Pemba,29.5,23.8285714285714
MAGHARIBI  B,MAGHARIBI  B,2023,Oct,2nd week,0.0,Pemba,31.0375,23.7285714285714
MAGHARIBI  B,MAGHARIBI  B,2023,Nov,2nd week,146.5,Pemba,30.5,24.5571428571429
MAGHARIBI  B,MAGHARIBI  B,2023,Dec,2nd week,59.5,Pemba,31.3625,24.5285714285714
MAGHARIBI  B,MAGHARIBI  B,2023,Jan,3rd week,1.4,Pemba,31.7333333333333,24.7
MAGHARIBI  B,MAGHARIBI  B,2023,Feb,3rd week,0.1,Pemba,31.5,25.3
MAGHARIBI  B,MAGHARIBI  B,2023,Mar,3rd week,64.2,Pemba,31.6666666666667,25.3
MAGHARIBI  B,MAGHARIBI  B,2023,Apr,3rd week,156.7,Pemba,28.7333333333333,25.1857142857143
MAGHARIBI  B,MAGHARIBI  B,2023,May,3rd week,0.0,Pemba,30.45,25.5142857142857
MAGHARIBI  B,MAGHARIBI  B,2023,Jun,3rd week,0.0,Pemba,29.4333333333333,23.8142857142857
MAGHARIBI  B,MAGHARIBI  B,2023,Jul,3rd week,4.9,Pemba,28.8,24.4
MAGHARIBI  B,MAGHARIBI  B,2023,Aug,3rd week,0.5,Pemba,28.8,22.8285714285714
MAGHARIBI  B,MAGHARIBI  B,2023,Sep,3rd week,2.1,Pemba,29.8666666666667,23.9857142857143
MAGHARIBI  B,MAGHARIBI  B,2023,Oct,3rd week,7.699999999999999,Pemba,31.1166666666667,25.2142857142857
MAGHARIBI  B,MAGHARIBI  B,2023,Nov,3rd week,129.89999999999998,Pemba,30.0833333333333,24.9714285714286
MAGHARIBI  B,MAGHARIBI  B,2023,Dec,3rd week,49.0,Pemba,31.5833333333333,25.4142857142857
MAGHARIBI  B,MAGHARIBI  B,2023,Jan,4th week,0.0,Pemba,30.8571428571429,25.6857142857143
MAGHARIBI  B,MAGHARIBI  B,2023,Feb,4th week,0.0,Pemba,31.6857142857143,23.5714285714286
MAGHARIBI  B,MAGHARIBI  B,2023,Mar,4th week,26.9,Pemba,31.0571428571429,23.5714285714286
MAGHARIBI  B,MAGHARIBI  B,2023,Apr,4th week,67.8,Pemba,29.2857142857143,25.1
MAGHARIBI  B,MAGHARIBI  B,2023,May,4th week,9.1,Pemba,29.2714285714286,24.5142857142857
MAGHARIBI  B,MAGHARIBI  B,2023,Jun,4th week,0.0,Pemba,28.7,23.9714285714286
MAGHARIBI  B,MAGHARIBI  B,2023,Jul,4th week,8.1,Pemba,28.5142857142857,24.1714285714286
MAGHARIBI  B,MAGHARIBI  B,2023,Aug,4th week,0.3,Pemba,28.5142857142857,23.3857142857143
MAGHARIBI  B,MAGHARIBI  B,2023,Sep,4th week,10.1,Pemba,30.2142857142857,24.3857142857143
MAGHARIBI  B,MAGHARIBI  B,2023,Oct,4th week,33.4,Pemba,31.1857142857143,24.6285714285714
MAGHARIBI  B,MAGHARIBI  B,2023,Nov,4th week,24.7,Pemba,30.5571428571429,24.3428571428571
MAGHARIBI  B,MAGHARIBI  B,2023,Dec,4th week,54.8,Pemba,31.7285714285714,26.1857142857143
MAGHARIBI  B,MAGHARIBI  B,2022,Jan,1st week,0.0,Pemba,32.3428571428571,25.4428571428571
MAGHARIBI  B,MAGHARIBI  B,2022,Feb,1st week,60.50000000000001,Pemba,31.2142857142857,24.0714285714286
MAGHARIBI  B,MAGHARIBI  B,2022,Mar,1st week,0.0,Pemba,31.3285714285714,24.2714285714286
MAGHARIBI  B,MAGHARIBI  B,2022,Apr,1st week,2.8000000000000003,Pemba,31.8714285714286,25.2
MAGHARIBI  B,MAGHARIBI  B,2022,May,1st week,34.7,Pemba,29.2285714285714,24.3428571428571
MAGHARIBI  B,MAGHARIBI  B,2022,Jun,1st week,3.0,Pemba,27.7428571428571,23.7
MAGHARIBI  B,MAGHARIBI  B,2022,Jul,1st week,18.9,Pemba,27.0285714285714,22.9571428571429
MAGHARIBI  B,MAGHARIBI  B,2022,Aug,1st week,2.4,Pemba,27.2285714285714,21.3714285714286
MAGHARIBI  B,MAGHARIBI  B,2022,Sep,1st week,0.0,Pemba,27.7285714285714,21.5571428571429
MAGHARIBI  B,MAGHARIBI  B,2022,Oct,1st week,3.5,Pemba,28.1857142857143,22.8428571428571
MAGHARIBI  B,MAGHARIBI  B,2022,Nov,1st week,18.0,Pemba,29.9857142857143,23.2428571428571
MAGHARIBI  B,MAGHARIBI  B,2022,Dec,1st week,0.0,Pemba,31.4857142857143,24.4
MAGHARIBI  B,MAGHARIBI  B,2022,Jan,2nd week,58.39999999999999,Pemba,31.9285714285714,26.0428571428571
MAGHARIBI  B,MAGHARIBI  B,2022,Feb,2nd week,7.8,Pemba,31.1428571428571,24.5571428571429
MAGHARIBI  B,MAGHARIBI  B,2022,Mar,2nd week,0.0,Pemba,32.0,24.4571428571429
MAGHARIBI  B,MAGHARIBI  B,2022,Apr,2nd week,6.000000000000001,Pemba,30.9142857142857,25.5142857142857
MAGHARIBI  B,MAGHARIBI  B,2022,May,2nd week,35.0,Pemba,29.9714285714286,25.9714285714286
MAGHARIBI  B,MAGHARIBI  B,2022,Jun,2nd week,21.8,Pemba,28.8428571428571,24.3857142857143
MAGHARIBI  B,MAGHARIBI  B,2022,Jul,2nd week,1.6,Pemba,27.1571428571429,22.5142857142857
MAGHARIBI  B,MAGHARIBI  B,2022,Aug,2nd week,1.2,Pemba,27.3714285714286,22.6142857142857
MAGHARIBI  B,MAGHARIBI  B,2022,Sep,2nd week,3.4,Pemba,28.0571428571429,21.7285714285714
MAGHARIBI  B,MAGHARIBI  B,2022,Oct,2nd week,0.0,Pemba,28.4428571428571,23.5
MAGHARIBI  B,MAGHARIBI  B,2022,Nov,2nd week,146.5,Pemba,30.3571428571429,24.0142857142857
MAGHARIBI  B,MAGHARIBI  B,2022,Dec,2nd week,59.5,Pemba,31.8,24.0857142857143
MAGHARIBI  B,MAGHARIBI  B,2022,Jan,3rd week,1.4,Pemba,31.2857142857143,24.0571428571429
MAGHARIBI  B,MAGHARIBI  B,2022,Feb,3rd week,0.1,Pemba,31.8,24.1428571428571
MAGHARIBI  B,MAGHARIBI  B,2022,Mar,3rd week,64.2,Pemba,31.7142857142857,24.3
MAGHARIBI  B,MAGHARIBI  B,2022,Apr,3rd week,156.7,Pemba,29.5714285714286,24.5428571428571
MAGHARIBI  B,MAGHARIBI  B,2022,May,3rd week,0.0,Pemba,29.9571428571429,25.8
MAGHARIBI  B,MAGHARIBI  B,2022,Jun,3rd week,0.0,Pemba,28.7857142857143,24.8142857142857
MAGHARIBI  B,MAGHARIBI  B,2022,Jul,3rd week,4.9,Pemba,27.4285714285714,22.9714285714286
MAGHARIBI  B,MAGHARIBI  B,2022,Aug,3rd week,0.5,Pemba,27.6428571428571,21.7571428571429
MAGHARIBI  B,MAGHARIBI  B,2022,Sep,3rd week,2.1,Pemba,28.1142857142857,22.9714285714286
MAGHARIBI  B,MAGHARIBI  B,2022,Oct,3rd week,7.699999999999999,Pemba,28.7,22.9142857142857
MAGHARIBI  B,MAGHARIBI  B,2022,Nov,3rd week,129.89999999999998,Pemba,30.2857142857143,24.1142857142857
MAGHARIBI  B,MAGHARIBI  B,2022,Dec,3rd week,49.0,Pemba,31.8142857142857,25.4714285714286
MAGHARIBI  B,MAGHARIBI  B,2022,Jan,4th week,0.0,Pemba,30.3142857142857,25.0714285714286
MAGHARIBI  B,MAGHARIBI  B,2022,Feb,4th week,0.0,Pemba,31.1714285714286,25.3
MAGHARIBI  B,MAGHARIBI  B,2022,Mar,4th week,26.9,Pemba,32.0428571428571,25.6428571428571
MAGHARIBI  B,MAGHARIBI  B,2022,Apr,4th week,67.8,Pemba,30.6571428571429,24.8857142857143
MAGHARIBI  B,MAGHARIBI  B,2022,May,4th week,9.1,Pemba,30.2,26.3142857142857
MAGHARIBI  B,MAGHARIBI  B,2022,Jun,4th week,0.0,Pemba,28.1714285714286,24.5428571428571
MAGHARIBI  B,MAGHARIBI  B,2022,Jul,4th week,8.1,Pemba,27.2285714285714,23.2142857142857
MAGHARIBI  B,MAGHARIBI  B,2022,Aug,4th week,0.3,Pemba,27.4714285714286,22.4857142857143
MAGHARIBI  B,MAGHARIBI  B,2022,Sep,4th week,10.1,Pemba,28.4857142857143,23.4857142857143
MAGHARIBI  B,MAGHARIBI  B,2022,Oct,4th week,33.4,Pemba,28.8285714285714,23.6714285714286
MAGHARIBI  B,MAGHARIBI  B,2022,Nov,4th week,24.7,Pemba,30.6428571428571,24.3571428571429
MAGHARIBI  B,MAGHARIBI  B,2022,Dec,4th week,54.8,Pemba,31.3428571428571,26.0285714285714
MAGHARIBI  B,MAGHARIBI  B,2021,Jan,1st week,10.7,Pemba,30.6857142857143,24.4714285714286
MAGHARIBI  B,MAGHARIBI  B,2021,Feb,1st week,6.8,Pemba,31.0142857142857,23.5
MAGHARIBI  B,MAGHARIBI  B,2021,Mar,1st week,0.0,Pemba,31.8571428571429,24.3571428571429
MAGHARIBI  B,MAGHARIBI  B,2021,Apr,1st week,16.2,Pemba,30.7571428571429,25.2571428571429
MAGHARIBI  B,MAGHARIBI  B,2021,May,1st week,70.80000000000001,Pemba,28.3285714285714,23.8714285714286
MAGHARIBI  B,MAGHARIBI  B,2021,Jun,1st week,41.5,Pemba,29.0714285714286,23.9714285714286
MAGHARIBI  B,MAGHARIBI  B,2021,Jul,1st week,0.0,Pemba,27.9571428571429,23.5
MAGHARIBI  B,MAGHARIBI  B,2021,Aug,1st week,0.0,Pemba,27.4142857142857,22.4428571428571
MAGHARIBI  B,MAGHARIBI  B,2021,Sep,1st week,0.0,Pemba,27.4142857142857,24.1428571428571
MAGHARIBI  B,MAGHARIBI  B,2021,Oct,1st week,0.0,Pemba,29.1142857142857,23.1714285714286
MAGHARIBI  B,MAGHARIBI  B,2021,Nov,1st week,0.0,Pemba,30.6714285714286,24.4285714285714
MAGHARIBI  B,MAGHARIBI  B,2021,Dec,1st week,90.3,Pemba,30.8857142857143,24.5571428571429
MAGHARIBI  B,MAGHARIBI  B,2021,Jan,2nd week,5.7,Pemba,29.625,24.5428571428571
MAGHARIBI  B,MAGHARIBI  B,2021,Feb,2nd week,18.3,Pemba,30.4125,25.3714285714286
MAGHARIBI  B,MAGHARIBI  B,2021,Mar,2nd week,1.1,Pemba,31.4625,24.1285714285714
MAGHARIBI  B,MAGHARIBI  B,2021,Apr,2nd week,82.60000000000001,Pemba,29.75,24.6714285714286
MAGHARIBI  B,MAGHARIBI  B,2021,May,2nd week,0.0,Pemba,29.625,25.0571428571429
MAGHARIBI  B,MAGHARIBI  B,2021,Jun,2nd week,7.8,Pemba,28.25,24.4
MAGHARIBI  B,MAGHARIBI  B,2021,Jul,2nd week,17.1,Pemba,27.925,24.1
MAGHARIBI  B,MAGHARIBI  B,2021,Aug,2nd week,2.2,Pemba,27.9875,22.2
MAGHARIBI  B,MAGHARIBI  B,2021,Sep,2nd week,6.0,Pemba,27.9875,23.6857142857143
MAGHARIBI  B,MAGHARIBI  B,2021,Oct,2nd week,4.800000000000001,Pemba,29.5125,23.9428571428571
MAGHARIBI  B,MAGHARIBI  B,2021,Nov,2nd week,1.2,Pemba,31.075,23.5857142857143
MAGHARIBI  B,MAGHARIBI  B,2021,Dec,2nd week,70.60000000000001,Pemba,31.0,24.4714285714286
MAGHARIBI  B,MAGHARIBI  B,2021,Jan,3rd week,0.0,Pemba,30.6857142857143,23.7571428571429
MAGHARIBI  B,MAGHARIBI  B,2021,Feb,3rd week,0.0,Pemba,30.9142857142857,24.6142857142857
MAGHARIBI  B,MAGHARIBI  B,2021,Mar,3rd week,25.200000000000003,Pemba,31.9571428571429,23.9714285714286
MAGHARIBI  B,MAGHARIBI  B,2021,Apr,3rd week,72.9,Pemba,28.2,24.4571428571429
MAGHARIBI  B,MAGHARIBI  B,2021,May,3rd week,0.0,Pemba,29.7,24.7857142857143
MAGHARIBI  B,MAGHARIBI  B,2021,Jun,3rd week,1.3,Pemba,28.2857142857143,23.4285714285714
MAGHARIBI  B,MAGHARIBI  B,2021,Jul,3rd week,0.0,Pemba,27.8285714285714,24.2285714285714
MAGHARIBI  B,MAGHARIBI  B,2021,Aug,3rd week,10.4,Pemba,27.9142857142857,22.9142857142857
MAGHARIBI  B,MAGHARIBI  B,2021,Sep,3rd week,0.8,Pemba,27.9142857142857,23.4
MAGHARIBI  B,MAGHARIBI  B,2021,Oct,3rd week,13.0,Pemba,29.4,24.5285714285714
MAGHARIBI  B,MAGHARIBI  B,2021,Nov,3rd week,0.0,Pemba,31.1714285714286,23.8428571428571
MAGHARIBI  B,MAGHARIBI  B,2021,Dec,3rd week,63.9,Pemba,31.1428571428571,24.6857142857143
MAGHARIBI  B,MAGHARIBI  B,2021,Jan,4th week,11.9,Pemba,30.4333333333333,24.4571428571429
MAGHARIBI  B,MAGHARIBI  B,2021,Feb,4th week,12.0,Pemba,31.5833333333333,24.4142857142857
MAGHARIBI  B,MAGHARIBI  B,2021,Mar,4th week,4.2,Pemba,30.9666666666667,23.9714285714286
MAGHARIBI  B,MAGHARIBI  B,2021,Apr,4th week,57.0,Pemba,30.4666666666667,24.9
MAGHARIBI  B,MAGHARIBI  B,2021,May,4th week,0.0,Pemba,29.2166666666667,25.2285714285714
MAGHARIBI  B,MAGHARIBI  B,2021,Jun,4th week,9.7,Pemba,27.7,23.0142857142857
MAGHARIBI  B,MAGHARIBI  B,2021,Jul,4th week,2.9,Pemba,27.3,23.5714285714286
MAGHARIBI  B,MAGHARIBI  B,2021,Aug,4th week,3.6,Pemba,27.85,22.2714285714286
MAGHARIBI  B,MAGHARIBI  B,2021,Sep,4th week,4.6,Pemba,27.85,23.1142857142857
MAGHARIBI  B,MAGHARIBI  B,2021,Oct,4th week,0.1,Pemba,30.1833333333333,22.5142857142857
MAGHARIBI  B,MAGHARIBI  B,2021,Nov,4th week,6.2,Pemba,31.5666666666667,25.0857142857143
MAGHARIBI  B,MAGHARIBI  B,2021,Dec,4th week,62.10000000000001,Pemba,31.6,24.7571428571429
MAGHARIBI  B,MAGHARIBI  B,2020,Jan,1st week,0.0,Pemba,32.0714285714286,25.8142857142857
MAGHARIBI  B,MAGHARIBI  B,2020,Feb,1st week,21.6,Pemba,30.7142857142857,24.7857142857143
MAGHARIBI  B,MAGHARIBI  B,2020,Mar,1st week,41.1,Pemba,31.8714285714286,25.5857142857143
MAGHARIBI  B,MAGHARIBI  B,2020,Apr,1st week,42.7,Pemba,31.5,25.5
MAGHARIBI  B,MAGHARIBI  B,2020,May,1st week,101.8,Pemba,28.9714285714286,24.4
MAGHARIBI  B,MAGHARIBI  B,2020,Jun,1st week,0.0,Pemba,29.0857142857143,25.1285714285714
MAGHARIBI  B,MAGHARIBI  B,2020,Jul,1st week,0.0,Pemba,27.7571428571429,24.1428571428571
MAGHARIBI  B,MAGHARIBI  B,2020,Aug,1st week,0.0,Pemba,27.9714285714286,23.2142857142857
MAGHARIBI  B,MAGHARIBI  B,2020,Sep,1st week,0.5,Pemba,28.0714285714286,23.0
MAGHARIBI  B,MAGHARIBI  B,2020,Oct,1st week,14.9,Pemba,29.6,22.6142857142857
MAGHARIBI  B,MAGHARIBI  B,2020,Nov,1st week,45.00000000000001,Pemba,30.0428571428571,25.0142857142857
MAGHARIBI  B,MAGHARIBI  B,2020,Dec,1st week,57.4,Pemba,31.2285714285714,24.4857142857143
MAGHARIBI  B,MAGHARIBI  B,2020,Jan,2nd week,41.1,Pemba,31.7714285714286,25.6
MAGHARIBI  B,MAGHARIBI  B,2020,Feb,2nd week,6.8,Pemba,31.2428571428571,24.8625
MAGHARIBI  B,MAGHARIBI  B,2020,Mar,2nd week,84.7,Pemba,31.7428571428571,25.7625
MAGHARIBI  B,MAGHARIBI  B,2020,Apr,2nd week,225.1,Pemba,29.6571428571429,24.9
MAGHARIBI  B,MAGHARIBI  B,2020,May,2nd week,5.4,Pemba,29.2857142857143,24.3625
MAGHARIBI  B,MAGHARIBI  B,2020,Jun,2nd week,1.1,Pemba,28.9714285714286,24.5625
MAGHARIBI  B,MAGHARIBI  B,2020,Jul,2nd week,36.5,Pemba,28.2571428571429,23.4625
MAGHARIBI  B,MAGHARIBI  B,2020,Aug,2nd week,0.0,Pemba,27.6428571428571,22.3625
MAGHARIBI  B,MAGHARIBI  B,2020,Sep,2nd week,1.1,Pemba,28.8,22.5625
MAGHARIBI  B,MAGHARIBI  B,2020,Oct,2nd week,31.8,Pemba,30.4428571428571,23.8
MAGHARIBI  B,MAGHARIBI  B,2020,Nov,2nd week,107.1,Pemba,29.7571428571429,24.1125
MAGHARIBI  B,MAGHARIBI  B,2020,Dec,2nd week,23.8,Pemba,31.4857142857143,24.8375
MAGHARIBI  B,MAGHARIBI  B,2020,Jan,3rd week,141.0,Pemba,30.6714285714286,26.0142857142857
MAGHARIBI  B,MAGHARIBI  B,2020,Feb,3rd week,8.1,Pemba,31.6571428571429,25.1428571428571
MAGHARIBI  B,MAGHARIBI  B,2020,Mar,3rd week,14.4,Pemba,31.6714285714286,25.4285714285714
MAGHARIBI  B,MAGHARIBI  B,2020,Apr,3rd week,365.2,Pemba,29.0,23.9857142857143
MAGHARIBI  B,MAGHARIBI  B,2020,May,3rd week,54.8,Pemba,29.2714285714286,24.2142857142857
MAGHARIBI  B,MAGHARIBI  B,2020,Jun,3rd week,0.0,Pemba,27.9142857142857,24.8
MAGHARIBI  B,MAGHARIBI  B,2020,Jul,3rd week,1.0,Pemba,27.5,23.3857142857143
MAGHARIBI  B,MAGHARIBI  B,2020,Aug,3rd week,39.1,Pemba,28.2,23.7
MAGHARIBI  B,MAGHARIBI  B,2020,Sep,3rd week,3.7,Pemba,28.5285714285714,22.8
MAGHARIBI  B,MAGHARIBI  B,2020,Oct,3rd week,32.2,Pemba,30.0428571428571,23.2428571428571
MAGHARIBI  B,MAGHARIBI  B,2020,Nov,3rd week,14.9,Pemba,30.3142857142857,25.3285714285714
MAGHARIBI  B,MAGHARIBI  B,2020,Dec,3rd week,45.400000000000006,Pemba,31.1142857142857,25.1571428571429
MAGHARIBI  B,MAGHARIBI  B,2020,Jan,4th week,27.9,Pemba,30.725,25.8428571428571
MAGHARIBI  B,MAGHARIBI  B,2020,Feb,4th week,2.3,Pemba,32.3625,25.6428571428571
MAGHARIBI  B,MAGHARIBI  B,2020,Mar,4th week,10.8,Pemba,31.425,25.0142857142857
MAGHARIBI  B,MAGHARIBI  B,2020,Apr,4th week,45.4,Pemba,29.25,24.5142857142857
MAGHARIBI  B,MAGHARIBI  B,2020,May,4th week,3.4,Pemba,29.7125,24.5428571428571
MAGHARIBI  B,MAGHARIBI  B,2020,Jun,4th week,0.0,Pemba,28.2375,23.7
MAGHARIBI  B,MAGHARIBI  B,2020,Jul,4th week,4.3,Pemba,27.65,24.3142857142857
MAGHARIBI  B,MAGHARIBI  B,2020,Aug,4th week,7.6,Pemba,28.2875,23.2428571428571
MAGHARIBI  B,MAGHARIBI  B,2020,Sep,4th week,2.5,Pemba,28.7625,22.9142857142857
MAGHARIBI  B,MAGHARIBI  B,2020,Oct,4th week,49.6,Pemba,30.5,24.7714285714286
MAGHARIBI  B,MAGHARIBI  B,2020,Nov,4th week,91.2,Pemba,31.025,24.4857142857143
MAGHARIBI  B,MAGHARIBI  B,2020,Dec,4th week,59.9,Pemba,31.2125,26.3142857142857
MAGHARIBI  B,MAGHARIBI  B,2019,Jan,1st week,12.2,Pemba,32.3285714285714,25.5571428571429
MAGHARIBI  B,MAGHARIBI  B,2019,Feb,1st week,0.0,Pemba,30.7142857142857,24.7857142857143
MAGHARIBI  B,MAGHARIBI  B,2019,Mar,1st week,13.7,Pemba,33.1142857142857,25.0142857142857
MAGHARIBI  B,MAGHARIBI  B,2019,Apr,1st week,100.8,Pemba,31.8142857142857,24.9428571428571
MAGHARIBI  B,MAGHARIBI  B,2019,May,1st week,368.1,Pemba,29.4142857142857,24.8285714285714
MAGHARIBI  B,MAGHARIBI  B,2019,Jun,1st week,0.0,Pemba,29.4142857142857,24.1571428571429
MAGHARIBI  B,MAGHARIBI  B,2019,Jul,1st week,0.0,Pemba,29.3571428571429,24.1857142857143
MAGHARIBI  B,MAGHARIBI  B,2019,Aug,1st week,13.8,Pemba,28.9571428571429,23.7571428571429
MAGHARIBI  B,MAGHARIBI  B,2019,Sep,1st week,13.7,Pemba,29.4428571428571,23.1857142857143
MAGHARIBI  B,MAGHARIBI  B,2019,Oct,1st week,39.0,Pemba,29.5285714285714,23.8
MAGHARIBI  B,MAGHARIBI  B,2019,Nov,1st week,13.6,Pemba,30.4285714285714,24.6857142857143
MAGHARIBI  B,MAGHARIBI  B,2019,Dec,1st week,108.0,Pemba,32.1,25.1428571428571
MAGHARIBI  B,MAGHARIBI  B,2019,Jan,2nd week,0.0,Pemba,32.3571428571429,25.7
MAGHARIBI  B,MAGHARIBI  B,2019,Feb,2nd week,3.3,Pemba,31.2428571428571,24.6857142857143
MAGHARIBI  B,MAGHARIBI  B,2019,Mar,2nd week,0.0,Pemba,32.5714285714286,25.1142857142857
MAGHARIBI  B,MAGHARIBI  B,2019,Apr,2nd week,45.3,Pemba,31.0714285714286,25.0142857142857
MAGHARIBI  B,MAGHARIBI  B,2019,May,2nd week,275.70000000000005,Pemba,28.1428571428571,25.0428571428571
MAGHARIBI  B,MAGHARIBI  B,2019,Jun,2nd week,0.0,Pemba,29.1428571428571,23.7714285714286
MAGHARIBI  B,MAGHARIBI  B,2019,Jul,2nd week,0.0,Pemba,29.0857142857143,24.6428571428571
MAGHARIBI  B,MAGHARIBI  B,2019,Aug,2nd week,24.9,Pemba,28.9285714285714,24.0428571428571
MAGHARIBI  B,MAGHARIBI  B,2019,Sep,2nd week,36.1,Pemba,28.9714285714286,23.9285714285714
MAGHARIBI  B,MAGHARIBI  B,2019,Oct,2nd week,206.5,Pemba,28.8285714285714,24.0857142857143
MAGHARIBI  B,MAGHARIBI  B,2019,Nov,2nd week,80.3,Pemba,30.5571428571429,24.6285714285714
MAGHARIBI  B,MAGHARIBI  B,2019,Dec,2nd week,10.6,Pemba,31.9857142857143,24.8285714285714
MAGHARIBI  B,MAGHARIBI  B,2019,Jan,3rd week,6.800000000000001,Pemba,32.3,24.4857142857143
MAGHARIBI  B,MAGHARIBI  B,2019,Feb,3rd week,29.5,Pemba,31.6571428571429,25.2571428571429
MAGHARIBI  B,MAGHARIBI  B,2019,Mar,3rd week,0.0,Pemba,32.7,24.1714285714286
MAGHARIBI  B,MAGHARIBI  B,2019,Apr,3rd week,19.1,Pemba,32.3571428571429,25.6428571428571
MAGHARIBI  B,MAGHARIBI  B,2019,May,3rd week,62.1,Pemba,29.2285714285714,24.4428571428571
MAGHARIBI  B,MAGHARIBI  B,2019,Jun,3rd week,0.0,Pemba,28.8714285714286,24.3
MAGHARIBI  B,MAGHARIBI  B,2019,Jul,3rd week,0.1,Pemba,28.3857142857143,23.5
MAGHARIBI  B,MAGHARIBI  B,2019,Aug,3rd week,0.0,Pemba,28.8571428571429,24.3
MAGHARIBI  B,MAGHARIBI  B,2019,Sep,3rd week,0.3,Pemba,29.6571428571429,23.5428571428571
MAGHARIBI  B,MAGHARIBI  B,2019,Oct,3rd week,128.1,Pemba,29.3,23.6428571428571
MAGHARIBI  B,MAGHARIBI  B,2019,Nov,3rd week,80.7,Pemba,31.1857142857143,25.6714285714286
MAGHARIBI  B,MAGHARIBI  B,2019,Dec,3rd week,137.0,Pemba,32.2,24.2857142857143
MAGHARIBI  B,MAGHARIBI  B,2019,Jan,4th week,0.0,Pemba,31.825,25.725
MAGHARIBI  B,MAGHARIBI  B,2019,Feb,4th week,72.6,Pemba,32.3625,25.6
MAGHARIBI  B,MAGHARIBI  B,2019,Mar,4th week,3.8,Pemba,32.9125,24.5125
MAGHARIBI  B,MAGHARIBI  B,2019,Apr,4th week,0.0,Pemba,32.125,25.2125
MAGHARIBI  B,MAGHARIBI  B,2019,May,4th week,133.0,Pemba,28.75,24.55
MAGHARIBI  B,MAGHARIBI  B,2019,Jun,4th week,0.0,Pemba,29.1875,24.175
MAGHARIBI  B,MAGHARIBI  B,2019,Jul,4th week,0.0,Pemba,28.2375,24.4
MAGHARIBI  B,MAGHARIBI  B,2019,Aug,4th week,1.9,Pemba,29.0375,23.8375
MAGHARIBI  B,MAGHARIBI  B,2019,Sep,4th week,6.2,Pemba,29.875,24.2375
MAGHARIBI  B,MAGHARIBI  B,2019,Oct,4th week,144.8,Pemba,30.0,24.6375
MAGHARIBI  B,MAGHARIBI  B,2019,Nov,4th week,9.2,Pemba,30.8625,24.6875
MAGHARIBI  B,MAGHARIBI  B,2019,Dec,4th week,11.6,Pemba,32.0375,25.375
MAGHARIBI  B,MAGHARIBI  B,2018,Jan,1st week,53.8,Pemba,29.8166666666667,24.3428571428571
MAGHARIBI  B,MAGHARIBI  B,2018,Feb,1st week,0.0,Pemba,31.4142857142857,23.8571428571429
MAGHARIBI  B,MAGHARIBI  B,2018,Mar,1st week,12.1,Pemba,31.5333333333333,23.7714285714286
MAGHARIBI  B,MAGHARIBI  B,2018,Apr,1st week,34.599999999999994,Pemba,31.8714285714286,24.5857142857143
MAGHARIBI  B,MAGHARIBI  B,2018,May,1st week,191.6,Pemba,28.3285714285714,22.8714285714286
MAGHARIBI  B,MAGHARIBI  B,2018,Jun,1st week,17.1,Pemba,28.9571428571429,23.9714285714286
MAGHARIBI  B,MAGHARIBI  B,2018,Jul,1st week,119.5,Pemba,28.4285714285714,22.7714285714286
MAGHARIBI  B,MAGHARIBI  B,2018,Aug,1st week,0.8,Pemba,27.6142857142857,22.9857142857143
MAGHARIBI  B,MAGHARIBI  B,2018,Sep,1st week,15.4,Pemba,29.2,23.3142857142857
MAGHARIBI  B,MAGHARIBI  B,2018,Oct,1st week,6.9,Pemba,28.8,23.2
MAGHARIBI  B,MAGHARIBI  B,2018,Nov,1st week,0.0,Pemba,30.8285714285714,22.9857142857143
MAGHARIBI  B,MAGHARIBI  B,2018,Dec,1st week,34.300000000000004,Pemba,30.7857142857143,24.3166666666667
MAGHARIBI  B,MAGHARIBI  B,2018,Jan,2nd week,6.3,Pemba,29.6428571428571,23.8
MAGHARIBI  B,MAGHARIBI  B,2018,Feb,2nd week,0.0,Pemba,31.5428571428571,24.5714285714286
MAGHARIBI  B,MAGHARIBI  B,2018,Mar,2nd week,35.5,Pemba,30.3,23.8428571428571
MAGHARIBI  B,MAGHARIBI  B,2018,Apr,2nd week,222.0,Pemba,30.9142857142857,24.1857142857143
MAGHARIBI  B,MAGHARIBI  B,2018,May,2nd week,213.2,Pemba,29.4571428571429,23.4285714285714
MAGHARIBI  B,MAGHARIBI  B,2018,Jun,2nd week,1.0,Pemba,29.2714285714286,22.8714285714286
MAGHARIBI  B,MAGHARIBI  B,2018,Jul,2nd week,1.0,Pemba,28.7428571428571,23.0857142857143
MAGHARIBI  B,MAGHARIBI  B,2018,Aug,2nd week,0.0,Pemba,28.6428571428571,23.5714285714286
MAGHARIBI  B,MAGHARIBI  B,2018,Sep,2nd week,7.1,Pemba,29.6428571428571,23.6571428571429
MAGHARIBI  B,MAGHARIBI  B,2018,Oct,2nd week,5.7,Pemba,29.3,23.5428571428571
MAGHARIBI  B,MAGHARIBI  B,2018,Nov,2nd week,0.0,Pemba,30.4714285714286,23.5714285714286
MAGHARIBI  B,MAGHARIBI  B,2018,Dec,2nd week,38.0,Pemba,30.0714285714286,24.35
MAGHARIBI  B,MAGHARIBI  B,2018,Jan,3rd week,0.0,Pemba,30.2285714285714,23.3571428571429
MAGHARIBI  B,MAGHARIBI  B,2018,Feb,3rd week,39.6,Pemba,32.1,24.4
MAGHARIBI  B,MAGHARIBI  B,2018,Mar,3rd week,68.5,Pemba,31.9714285714286,24.4428571428571
MAGHARIBI  B,MAGHARIBI  B,2018,Apr,3rd week,329.5999999999999,Pemba,28.5714285714286,23.7142857142857
MAGHARIBI  B,MAGHARIBI  B,2018,May,3rd week,108.1,Pemba,29.6428571428571,24.1142857142857
MAGHARIBI  B,MAGHARIBI  B,2018,Jun,3rd week,0.7,Pemba,29.4714285714286,23.1857142857143
MAGHARIBI  B,MAGHARIBI  B,2018,Jul,3rd week,1.0,Pemba,28.3,22.9285714285714
MAGHARIBI  B,MAGHARIBI  B,2018,Aug,3rd week,2.7,Pemba,29.1571428571429,24.0142857142857
MAGHARIBI  B,MAGHARIBI  B,2018,Sep,3rd week,2.6,Pemba,29.7285714285714,22.2
MAGHARIBI  B,MAGHARIBI  B,2018,Oct,3rd week,27.0,Pemba,30.3857142857143,23.2285714285714
MAGHARIBI  B,MAGHARIBI  B,2018,Nov,3rd week,22.7,Pemba,30.7142857142857,24.0142857142857
MAGHARIBI  B,MAGHARIBI  B,2018,Dec,3rd week,93.6,Pemba,30.5714285714286,24.7714285714286
MAGHARIBI  B,MAGHARIBI  B,2018,Jan,4th week,0.0,Pemba,30.4428571428571,22.8285714285714
MAGHARIBI  B,MAGHARIBI  B,2018,Feb,4th week,0.0,Pemba,32.4714285714286,23.7428571428571
MAGHARIBI  B,MAGHARIBI  B,2018,Mar,4th week,3.4000000000000004,Pemba,31.4,24.0285714285714
MAGHARIBI  B,MAGHARIBI  B,2018,Apr,4th week,4.5,Pemba,29.8,24.7714285714286
MAGHARIBI  B,MAGHARIBI  B,2018,May,4th week,11.6,Pemba,29.7285714285714,23.9571428571429
MAGHARIBI  B,MAGHARIBI  B,2018,Jun,4th week,8.8,Pemba,28.6285714285714,23.5714285714286
MAGHARIBI  B,MAGHARIBI  B,2018,Jul,4th week,0.0,Pemba,27.5285714285714,23.2142857142857
MAGHARIBI  B,MAGHARIBI  B,2018,Aug,4th week,13.0,Pemba,28.6571428571429,24.6714285714286
MAGHARIBI  B,MAGHARIBI  B,2018,Sep,4th week,5.5,Pemba,29.3714285714286,23.2
MAGHARIBI  B,MAGHARIBI  B,2018,Oct,4th week,58.10000000000001,Pemba,29.6714285714286,23.7571428571429
MAGHARIBI  B,MAGHARIBI  B,2018,Nov,4th week,22.700000000000003,Pemba,31.4857142857143,24.6714285714286
MAGHARIBI  B,MAGHARIBI  B,2018,Dec,4th week,2.5,Pemba,30.7714285714286,24.8428571428571
WETE,WETE,2023,Jan,1st week,25.0,Zanzibar,32.1428571428571,26.8857142857143
WETE,WETE,2023,Feb,1st week,0.0,Zanzibar,33.3571428571429,25.0428571428571
WETE,WETE,2023,Mar,1st week,0.0,Zanzibar,33.9142857142857,24.7714285714286
WETE,WETE,2023,Apr,1st week,25.0,Zanzibar,31.5857142857143,25.5285714285714
WETE,WETE,2023,May,1st week,0.0,Zanzibar,30.8857142857143,24.6571428571429
WETE,WETE,2023,Jun,1st week,0.0,Zanzibar,28.7571428571429,23.8714285714286
WETE,WETE,2023,Jul,1st week,31.0,Zanzibar,28.4428571428571,23.2
WETE,WETE,2023,Aug,1st week,0.0,Zanzibar,29.3857142857143,22.4428571428571
WETE,WETE,2023,Sep,1st week,0.0,Zanzibar,31.2428571428571,21.2285714285714
WETE,WETE,2023,Oct,1st week,24.0,Zanzibar,30.7142857142857,24.8714285714286
WETE,WETE,2023,Nov,1st week,160.89999999999998,Zanzibar,27.8714285714286,25.0142857142857
WETE,WETE,2023,Dec,1st week,10.0,Zanzibar,30.7142857142857,23.6857142857143
WETE,WETE,2023,Jan,2nd week,14.0,Zanzibar,31.3285714285714,26.0714285714286
WETE,WETE,2023,Feb,2nd week,0.0,Zanzibar,33.2571428571429,24.3571428571429
WETE,WETE,2023,Mar,2nd week,0.0,Zanzibar,34.1428571428571,25.5714285714286
WETE,WETE,2023,Apr,2nd week,55.0,Zanzibar,31.2714285714286,25.3
WETE,WETE,2023,May,2nd week,13.0,Zanzibar,30.5142857142857,24.9571428571429
WETE,WETE,2023,Jun,2nd week,172.0,Zanzibar,29.6714285714286,23.9714285714286
WETE,WETE,2023,Jul,2nd week,12.0,Zanzibar,29.1571428571429,22.8142857142857
WETE,WETE,2023,Aug,2nd week,0.0,Zanzibar,29.9428571428571,22.4
WETE,WETE,2023,Sep,2nd week,0.0,Zanzibar,31.0571428571429,20.9857142857143
WETE,WETE,2023,Oct,2nd week,0.0,Zanzibar,31.5285714285714,24.2
WETE,WETE,2023,Nov,2nd week,99.1,Zanzibar,29.7,24.3857142857143
WETE,WETE,2023,Dec,2nd week,63.0,Zanzibar,31.5285714285714,25.0714285714286
WETE,WETE,2023,Jan,3rd week,0.0,Zanzibar,32.4142857142857,25.7285714285714
WETE,WETE,2023,Feb,3rd week,0.0,Zanzibar,33.4714285714286,25.1857142857143
WETE,WETE,2023,Mar,3rd week,43.0,Zanzibar,31.7571428571429,26.0142857142857
WETE,WETE,2023,Apr,3rd week,182.0,Zanzibar,28.8142857142857,24.8714285714286
WETE,WETE,2023,May,3rd week,0.0,Zanzibar,31.0714285714286,25.3571428571429
WETE,WETE,2023,Jun,3rd week,0.0,Zanzibar,30.1285714285714,23.1
WETE,WETE,2023,Jul,3rd week,14.0,Zanzibar,29.6285714285714,22.6714285714286
WETE,WETE,2023,Aug,3rd week,4.0,Zanzibar,30.6571428571429,22.5714285714286
WETE,WETE,2023,Sep,3rd week,0.0,Zanzibar,31.4285714285714,20.4285714285714
WETE,WETE,2023,Oct,3rd week,75.0,Zanzibar,32.1571428571429,24.0
WETE,WETE,2023,Nov,3rd week,95.4,Zanzibar,30.1,24.1428571428571
WETE,WETE,2023,Dec,3rd week,28.0,Zanzibar,32.1571428571429,25.1142857142857
WETE,WETE,2023,Jan,4th week,10.0,Zanzibar,32.7142857142857,25.5428571428571
WETE,WETE,2023,Feb,4th week,0.0,Zanzibar,33.5142857142857,24.1142857142857
WETE,WETE,2023,Mar,4th week,29.5,Zanzibar,31.3,25.9857142857143
WETE,WETE,2023,Apr,4th week,164.0,Zanzibar,30.0571428571429,24.7
WETE,WETE,2023,May,4th week,107.0,Zanzibar,29.9,24.3
WETE,WETE,2023,Jun,4th week,9.0,Zanzibar,29.6,23.6142857142857
WETE,WETE,2023,Jul,4th week,3.0,Zanzibar,28.5857142857143,22.0142857142857
WETE,WETE,2023,Aug,4th week,19.0,Zanzibar,30.4285714285714,22.4285714285714
WETE,WETE,2023,Sep,4th week,0.0,Zanzibar,30.8857142857143,22.1571428571429
WETE,WETE,2023,Oct,4th week,33.0,Zanzibar,31.3285714285714,24.1
WETE,WETE,2023,Nov,4th week,85.8,Zanzibar,30.3714285714286,24.7
WETE,WETE,2023,Dec,4th week,25.0,Zanzibar,31.3285714285714,25.6428571428571
WETE,WETE,2022,Jan,1st week,0.0,Zanzibar,33.6142857142857,26.0
WETE,WETE,2022,Feb,1st week,0.0,Zanzibar,31.3714285714286,24.8285714285714
WETE,WETE,2022,Mar,1st week,0.0,Zanzibar,33.8571428571429,25.5714285714286
WETE,WETE,2022,Apr,1st week,10.0,Zanzibar,32.9285714285714,25.7571428571429
WETE,WETE,2022,May,1st week,80.0,Zanzibar,30.4,24.8142857142857
WETE,WETE,2022,Jun,1st week,59.0,Zanzibar,30.8142857142857,23.6142857142857
WETE,WETE,2022,Jul,1st week,27.0,Zanzibar,28.6857142857143,22.2428571428571
WETE,WETE,2022,Aug,1st week,0.0,Zanzibar,29.0857142857143,21.7428571428571
WETE,WETE,2022,Sep,1st week,0.0,Zanzibar,30.0285714285714,22.2571428571429
WETE,WETE,2022,Oct,1st week,0.0,Zanzibar,30.6714285714286,22.5285714285714
WETE,WETE,2022,Nov,1st week,0.0,Zanzibar,31.4,23.4142857142857
WETE,WETE,2022,Dec,1st week,0.0,Zanzibar,32.1,24.4
WETE,WETE,2022,Jan,2nd week,0.0,Zanzibar,33.7571428571429,26.2142857142857
WETE,WETE,2022,Feb,2nd week,0.0,Zanzibar,32.2714285714286,25.7142857142857
WETE,WETE,2022,Mar,2nd week,0.0,Zanzibar,33.7285714285714,25.7714285714286
WETE,WETE,2022,Apr,2nd week,20.0,Zanzibar,31.5285714285714,25.4142857142857
WETE,WETE,2022,May,2nd week,4.0,Zanzibar,31.5285714285714,25.7285714285714
WETE,WETE,2022,Jun,2nd week,15.0,Zanzibar,30.9714285714286,24.6428571428571
WETE,WETE,2022,Jul,2nd week,20.0,Zanzibar,29.0428571428571,22.1285714285714
WETE,WETE,2022,Aug,2nd week,0.0,Zanzibar,28.6857142857143,21.8285714285714
WETE,WETE,2022,Sep,2nd week,0.0,Zanzibar,30.2571428571429,21.7285714285714
WETE,WETE,2022,Oct,2nd week,0.0,Zanzibar,31.2428571428571,22.2714285714286
WETE,WETE,2022,Nov,2nd week,19.0,Zanzibar,31.3,24.4
WETE,WETE,2022,Dec,2nd week,12.0,Zanzibar,31.9857142857143,24.4428571428571
WETE,WETE,2022,Jan,3rd week,11.0,Zanzibar,33.0285714285714,25.3142857142857
WETE,WETE,2022,Feb,3rd week,53.0,Zanzibar,33.3428571428571,25.6285714285714
WETE,WETE,2022,Mar,3rd week,0.0,Zanzibar,33.8714285714286,26.1714285714286
WETE,WETE,2022,Apr,3rd week,159.0,Zanzibar,30.4,24.8285714285714
WETE,WETE,2022,May,3rd week,30.0,Zanzibar,31.2428571428571,25.1714285714286
WETE,WETE,2022,Jun,3rd week,3.0,Zanzibar,30.2285714285714,23.6
WETE,WETE,2022,Jul,3rd week,14.0,Zanzibar,28.4428571428571,22.4857142857143
WETE,WETE,2022,Aug,3rd week,0.0,Zanzibar,29.5571428571429,20.5285714285714
WETE,WETE,2022,Sep,3rd week,2.0,Zanzibar,30.5714285714286,23.0857142857143
WETE,WETE,2022,Oct,3rd week,10.0,Zanzibar,31.0428571428571,22.4142857142857
WETE,WETE,2022,Nov,3rd week,21.0,Zanzibar,31.2,24.4714285714286
WETE,WETE,2022,Dec,3rd week,10.0,Zanzibar,32.2857142857143,25.2857142857143
WETE,WETE,2022,Jan,4th week,0.0,Zanzibar,31.0571428571429,24.4714285714286
WETE,WETE,2022,Feb,4th week,0.0,Zanzibar,32.1285714285714,25.7857142857143
WETE,WETE,2022,Mar,4th week,25.0,Zanzibar,32.8714285714286,25.5857142857143
WETE,WETE,2022,Apr,4th week,114.0,Zanzibar,29.9714285714286,25.1857142857143
WETE,WETE,2022,May,4th week,29.0,Zanzibar,31.7571428571429,24.9857142857143
WETE,WETE,2022,Jun,4th week,13.0,Zanzibar,29.6571428571429,24.1142857142857
WETE,WETE,2022,Jul,4th week,0.0,Zanzibar,28.6571428571429,21.9571428571429
WETE,WETE,2022,Aug,4th week,0.0,Zanzibar,28.9857142857143,21.6
WETE,WETE,2022,Sep,4th week,5.0,Zanzibar,30.8714285714286,23.0
WETE,WETE,2022,Oct,4th week,45.0,Zanzibar,30.5714285714286,23.0714285714286
WETE,WETE,2022,Nov,4th week,90.0,Zanzibar,30.5714285714286,24.4285714285714
WETE,WETE,2022,Dec,4th week,10.0,Zanzibar,31.4,24.9571428571429
WETE,WETE,2021,Jan,1st week,70.0,Zanzibar,31.4571428571429,25.3142857142857
WETE,WETE,2021,Feb,1st week,8.0,Zanzibar,32.9428571428571,24.9571428571429
WETE,WETE,2021,Mar,1st week,0.0,Zanzibar,33.9,26.1571428571429
WETE,WETE,2021,Apr,1st week,46.0,Zanzibar,31.9142857142857,25.5285714285714
WETE,WETE,2021,May,1st week,135.0,Zanzibar,28.9142857142857,24.9142857142857
WETE,WETE,2021,Jun,1st week,5.0,Zanzibar,30.1714285714286,23.9
WETE,WETE,2021,Jul,1st week,0.0,Zanzibar,29.7857142857143,23.1571428571429
WETE,WETE,2021,Aug,1st week,19.0,Zanzibar,29.4,22.8571428571429
WETE,WETE,2021,Sep,1st week,2.0,Zanzibar,30.2571428571429,23.1428571428571
WETE,WETE,2021,Oct,1st week,0.0,Zanzibar,31.8857142857143,22.9
WETE,WETE,2021,Nov,1st week,0.0,Zanzibar,33.0428571428571,24.8571428571429
WETE,WETE,2021,Dec,1st week,57.0,Zanzibar,31.1714285714286,25.5285714285714
WETE,WETE,2021,Jan,2nd week,68.0,Zanzibar,31.2,25.2714285714286
WETE,WETE,2021,Feb,2nd week,0.0,Zanzibar,31.3714285714286,25.7285714285714
WETE,WETE,2021,Mar,2nd week,0.0,Zanzibar,33.5285714285714,25.0428571428571
WETE,WETE,2021,Apr,2nd week,72.5,Zanzibar,29.5857142857143,24.3571428571429
WETE,WETE,2021,May,2nd week,0.0,Zanzibar,30.9857142857143,24.8
WETE,WETE,2021,Jun,2nd week,36.0,Zanzibar,29.2,23.3428571428571
WETE,WETE,2021,Jul,2nd week,2.5,Zanzibar,29.6428571428571,23.7142857142857
WETE,WETE,2021,Aug,2nd week,0.0,Zanzibar,29.3714285714286,21.6571428571429
WETE,WETE,2021,Sep,2nd week,8.0,Zanzibar,30.0285714285714,22.9
WETE,WETE,2021,Oct,2nd week,0.0,Zanzibar,31.6,23.5142857142857
WETE,WETE,2021,Nov,2nd week,0.0,Zanzibar,32.7142857142857,24.1428571428571
WETE,WETE,2021,Dec,2nd week,115.0,Zanzibar,30.7428571428571,24.3571428571429
WETE,WETE,2021,Jan,3rd week,0.0,Zanzibar,33.2428571428572,25.0714285714286
WETE,WETE,2021,Feb,3rd week,0.0,Zanzibar,32.5,25.0857142857143
WETE,WETE,2021,Mar,3rd week,25.5,Zanzibar,32.8714285714286,25.0
WETE,WETE,2021,Apr,3rd week,123.5,Zanzibar,29.9571428571429,24.5428571428571
WETE,WETE,2021,May,3rd week,4.0,Zanzibar,31.2285714285714,24.7142857142857
WETE,WETE,2021,Jun,3rd week,0.0,Zanzibar,29.1571428571429,23.3714285714286
WETE,WETE,2021,Jul,3rd week,0.0,Zanzibar,30.0571428571429,23.4857142857143
WETE,WETE,2021,Aug,3rd week,5.0,Zanzibar,29.3714285714286,22.7571428571429
WETE,WETE,2021,Sep,3rd week,2.0,Zanzibar,30.8,22.3714285714286
WETE,WETE,2021,Oct,3rd week,10.5,Zanzibar,31.0714285714286,22.9
WETE,WETE,2021,Nov,3rd week,0.0,Zanzibar,32.9714285714286,24.0714285714286
WETE,WETE,2021,Dec,3rd week,30.5,Zanzibar,31.3714285714286,25.1142857142857
WETE,WETE,2021,Jan,4th week,0.0,Zanzibar,32.9428571428571,25.0857142857143
WETE,WETE,2021,Feb,4th week,0.0,Zanzibar,33.2428571428572,25.2428571428571
WETE,WETE,2021,Mar,4th week,65.0,Zanzibar,32.8571428571429,25.7714285714286
WETE,WETE,2021,Apr,4th week,69.0,Zanzibar,31.2571428571429,25.5428571428571
WETE,WETE,2021,May,4th week,0.0,Zanzibar,30.7857142857143,24.3428571428571
WETE,WETE,2021,Jun,4th week,24.5,Zanzibar,29.5142857142857,21.8428571428571
WETE,WETE,2021,Jul,4th week,0.0,Zanzibar,29.5571428571429,23.2857142857143
WETE,WETE,2021,Aug,4th week,2.0,Zanzibar,30.1,21.5285714285714
WETE,WETE,2021,Sep,4th week,0.0,Zanzibar,30.7,22.8714285714286
WETE,WETE,2021,Oct,4th week,2.0,Zanzibar,31.8571428571429,23.5285714285714
WETE,WETE,2021,Nov,4th week,40.0,Zanzibar,32.6833333333333,25.6571428571429
WETE,WETE,2021,Dec,4th week,14.0,Zanzibar,31.5285714285714,25.0571428571429
WETE,WETE,2020,Jan,1st week,0.0,Zanzibar,33.7,25.8428571428571
WETE,WETE,2020,Feb,1st week,0.0,Zanzibar,34.5142857142857,25.0571428571429
WETE,WETE,2020,Mar,1st week,66.5,Zanzibar,32.2571428571429,25.4
WETE,WETE,2020,Apr,1st week,113.0,Zanzibar,32.8857142857143,25.7714285714286
WETE,WETE,2020,May,1st week,193.9,Zanzibar,30.2142857142857,24.9285714285714
WETE,WETE,2020,Jun,1st week,27.5,Zanzibar,30.4571428571429,24.9428571428571
WETE,WETE,2020,Jul,1st week,15.0,Zanzibar,29.7714285714286,23.5857142857143
WETE,WETE,2020,Aug,1st week,0.0,Zanzibar,29.8571428571429,23.0285714285714
WETE,WETE,2020,Sep,1st week,0.0,Zanzibar,29.9,23.0428571428571
WETE,WETE,2020,Oct,1st week,0.0,Zanzibar,31.7857142857143,24.0857142857143
WETE,WETE,2020,Nov,1st week,0.0,Zanzibar,30.0428571428571,22.8
WETE,WETE,2020,Dec,1st week,62.3,Zanzibar,31.5285714285714,24.5285714285714
WETE,WETE,2020,Jan,2nd week,0.0,Zanzibar,33.1285714285714,25.4857142857143
WETE,WETE,2020,Feb,2nd week,0.0,Zanzibar,31.9857142857143,25.1428571428571
WETE,WETE,2020,Mar,2nd week,26.5,Zanzibar,32.1857142857143,24.9428571428571
WETE,WETE,2020,Apr,2nd week,343.5,Zanzibar,30.1571428571429,24.3857142857143
WETE,WETE,2020,May,2nd week,92.4,Zanzibar,30.4571428571429,25.7285714285714
WETE,WETE,2020,Jun,2nd week,23.2,Zanzibar,30.6428571428571,24.2428571428571
WETE,WETE,2020,Jul,2nd week,10.5,Zanzibar,29.6,23.1
WETE,WETE,2020,Aug,2nd week,0.0,Zanzibar,29.3285714285714,22.0571428571429
WETE,WETE,2020,Sep,2nd week,0.0,Zanzibar,30.7,23.7142857142857
WETE,WETE,2020,Oct,2nd week,18.5,Zanzibar,32.1142857142857,23.4857142857143
WETE,WETE,2020,Nov,2nd week,50.5,Zanzibar,29.9428571428571,24.1857142857143
WETE,WETE,2020,Dec,2nd week,0.0,Zanzibar,31.9428571428571,25.0571428571429
WETE,WETE,2020,Jan,3rd week,32.0,Zanzibar,31.6714285714286,24.9285714285714
WETE,WETE,2020,Feb,3rd week,0.0,Zanzibar,31.3285714285714,25.9714285714286
WETE,WETE,2020,Mar,3rd week,43.8,Zanzibar,32.0571428571429,25.8428571428571
WETE,WETE,2020,Apr,3rd week,99.5,Zanzibar,29.1857142857143,24.6571428571429
WETE,WETE,2020,May,3rd week,52.0,Zanzibar,29.9285714285714,24.5142857142857
WETE,WETE,2020,Jun,3rd week,5.2,Zanzibar,30.3857142857143,23.5
WETE,WETE,2020,Jul,3rd week,7.7,Zanzibar,28.8285714285714,22.7285714285714
WETE,WETE,2020,Aug,3rd week,10.5,Zanzibar,29.2285714285714,22.6857142857143
WETE,WETE,2020,Sep,3rd week,30.5,Zanzibar,31.0714285714286,22.1857142857143
WETE,WETE,2020,Oct,3rd week,16.0,Zanzibar,31.3428571428571,23.5285714285714
WETE,WETE,2020,Nov,3rd week,15.0,Zanzibar,30.9714285714286,24.6285714285714
WETE,WETE,2020,Dec,3rd week,44.0,Zanzibar,31.7,24.5428571428571
WETE,WETE,2020,Jan,4th week,9.0,Zanzibar,30.7571428571429,25.8
WETE,WETE,2020,Feb,4th week,10.5,Zanzibar,32.7285714285714,26.375
WETE,WETE,2020,Mar,4th week,71.0,Zanzibar,31.8714285714286,25.5375
WETE,WETE,2020,Apr,4th week,163.5,Zanzibar,30.9571428571429,25.0
WETE,WETE,2020,May,4th week,6.0,Zanzibar,30.7714285714286,24.325
WETE,WETE,2020,Jun,4th week,20.0,Zanzibar,29.8714285714286,24.225
WETE,WETE,2020,Jul,4th week,5.0,Zanzibar,29.3428571428571,22.75
WETE,WETE,2020,Aug,4th week,0.0,Zanzibar,29.5,21.95
WETE,WETE,2020,Sep,4th week,11.5,Zanzibar,30.6857142857143,23.1
WETE,WETE,2020,Oct,4th week,5.5,Zanzibar,31.3142857142857,23.875
WETE,WETE,2020,Nov,4th week,10.0,Zanzibar,30.6714285714286,24.7875
WETE,WETE,2020,Dec,4th week,0.0,Zanzibar,31.8,25.55
WETE,WETE,2019,Jan,1st week,17.5,Zanzibar,33.0571428571429,26.8857142857143
WETE,WETE,2019,Feb,1st week,0.0,Zanzibar,34.5142857142857,25.0428571428571
WETE,WETE,2019,Mar,1st week,0.0,Zanzibar,33.8,24.7714285714286
WETE,WETE,2019,Apr,1st week,61.1,Zanzibar,32.4714285714286,25.5285714285714
WETE,WETE,2019,May,1st week,76.7,Zanzibar,31.4142857142857,24.6571428571429
WETE,WETE,2019,Jun,1st week,7.9,Zanzibar,30.3285714285714,23.8714285714286
WETE,WETE,2019,Jul,1st week,7.2,Zanzibar,30.8,23.2
WETE,WETE,2019,Aug,1st week,28.0,Zanzibar,30.3285714285714,22.4428571428571
WETE,WETE,2019,Sep,1st week,0.0,Zanzibar,29.2142857142857,21.2285714285714
WETE,WETE,2019,Oct,1st week,40.9,Zanzibar,29.9142857142857,24.8714285714286
WETE,WETE,2019,Nov,1st week,16.6,Zanzibar,32.0285714285714,25.0142857142857
WETE,WETE,2019,Dec,1st week,77.4,Zanzibar,32.6571428571429,23.6857142857143
WETE,WETE,2019,Jan,2nd week,0.0,Zanzibar,33.8142857142857,26.0714285714286
WETE,WETE,2019,Feb,2nd week,11.7,Zanzibar,31.9857142857143,24.3571428571429
WETE,WETE,2019,Mar,2nd week,0.0,Zanzibar,34.1285714285714,25.5714285714286
WETE,WETE,2019,Apr,2nd week,88.3,Zanzibar,32.0428571428571,25.3
WETE,WETE,2019,May,2nd week,219.0,Zanzibar,30.7285714285714,24.9571428571429
WETE,WETE,2019,Jun,2nd week,1.5,Zanzibar,30.3142857142857,23.9714285714286
WETE,WETE,2019,Jul,2nd week,0.0,Zanzibar,30.2571428571429,22.8142857142857
WETE,WETE,2019,Aug,2nd week,0.0,Zanzibar,29.8857142857143,22.4
WETE,WETE,2019,Sep,2nd week,30.0,Zanzibar,30.3,20.9857142857143
WETE,WETE,2019,Oct,2nd week,148.9,Zanzibar,29.0,24.2
WETE,WETE,2019,Nov,2nd week,83.4,Zanzibar,31.2428571428571,24.3857142857143
WETE,WETE,2019,Dec,2nd week,6.5,Zanzibar,33.3142857142857,25.0714285714286
WETE,WETE,2019,Jan,3rd week,0.0,Zanzibar,33.6,25.7285714285714
WETE,WETE,2019,Feb,3rd week,0.0,Zanzibar,31.3285714285714,25.1857142857143
WETE,WETE,2019,Mar,3rd week,0.0,Zanzibar,35.2714285714286,26.0142857142857
WETE,WETE,2019,Apr,3rd week,58.7,Zanzibar,31.4142857142857,24.8714285714286
WETE,WETE,2019,May,3rd week,100.0,Zanzibar,31.4714285714286,25.3571428571429
WETE,WETE,2019,Jun,3rd week,13.4,Zanzibar,29.9,23.1
WETE,WETE,2019,Jul,3rd week,31.7,Zanzibar,29.5,22.6714285714286
WETE,WETE,2019,Aug,3rd week,0.0,Zanzibar,30.6714285714286,22.5714285714286
WETE,WETE,2019,Sep,3rd week,0.0,Zanzibar,30.7142857142857,20.4285714285714
WETE,WETE,2019,Oct,3rd week,67.3,Zanzibar,29.7428571428571,24.0
WETE,WETE,2019,Nov,3rd week,16.7,Zanzibar,31.1857142857143,24.1428571428571
WETE,WETE,2019,Dec,3rd week,48.0,Zanzibar,31.8714285714286,25.1142857142857
WETE,WETE,2019,Jan,4th week,0.0,Zanzibar,33.2571428571429,25.5428571428571
WETE,WETE,2019,Feb,4th week,41.3,Zanzibar,32.7285714285714,24.1142857142857
WETE,WETE,2019,Mar,4th week,1.0,Zanzibar,34.8285714285714,25.9857142857143
WETE,WETE,2019,Apr,4th week,54.3,Zanzibar,30.2,24.7
WETE,WETE,2019,May,4th week,398.5,Zanzibar,30.6571428571429,24.3
WETE,WETE,2019,Jun,4th week,0.0,Zanzibar,29.6857142857143,23.6142857142857
WETE,WETE,2019,Jul,4th week,0.0,Zanzibar,30.3714285714286,22.0142857142857
WETE,WETE,2019,Aug,4th week,14.8,Zanzibar,30.1857142857143,22.4285714285714
WETE,WETE,2019,Sep,4th week,18.0,Zanzibar,30.5285714285714,22.1571428571429
WETE,WETE,2019,Oct,4th week,93.5,Zanzibar,30.6,24.1
WETE,WETE,2019,Nov,4th week,67.1,Zanzibar,31.9285714285714,24.7
WETE,WETE,2019,Dec,4th week,0.0,Zanzibar,33.8,25.6428571428571
WETE,WETE,2018,Jan,1st week,69.1,Zanzibar,,
WETE,WETE,2018,Feb,1st week,0.0,Zanzibar,,
WETE,WETE,2018,Mar,1st week,19.5,Zanzibar,,
WETE,WETE,2018,Apr,1st week,45.2,Zanzibar,,
WETE,WETE,2018,May,1st week,201.2,Zanzibar,,
WETE,WETE,2018,Jun,1st week,1.0,Zanzibar,,
WETE,WETE,2018,Jul,1st week,34.5,Zanzibar,,
WETE,WETE,2018,Aug,1st week,0.0,Zanzibar,,
WETE,WETE,2018,Sep,1st week,14.0,Zanzibar,,
WETE,WETE,2018,Oct,1st week,1.5,Zanzibar,,
WETE,WETE,2018,Nov,1st week,0.0,Zanzibar,,
WETE,WETE,2018,Dec,1st week,9.0,Zanzibar,,
WETE,WETE,2018,Jan,2nd week,1.5,Zanzibar,,
WETE,WETE,2018,Feb,2nd week,0.0,Zanzibar,,
WETE,WETE,2018,Mar,2nd week,44.0,Zanzibar,,
WETE,WETE,2018,Apr,2nd week,121.5,Zanzibar,,
WETE,WETE,2018,May,2nd week,265.5,Zanzibar,,
WETE,WETE,2018,Jun,2nd week,32.0,Zanzibar,,
WETE,WETE,2018,Jul,2nd week,20.9,Zanzibar,,
WETE,WETE,2018,Aug,2nd week,8.7,Zanzibar,,
WETE,WETE,2018,Sep,2nd week,0.0,Zanzibar,,
WETE,WETE,2018,Oct,2nd week,0.0,Zanzibar,,
WETE,WETE,2018,Nov,2nd week,15.0,Zanzibar,,
WETE,WETE,2018,Dec,2nd week,43.8,Zanzibar,,
WETE,WETE,2018,Jan,3rd week,0.2,Zanzibar,,
WETE,WETE,2018,Feb,3rd week,0.0,Zanzibar,,
WETE,WETE,2018,Mar,3rd week,51.2,Zanzibar,,
WETE,WETE,2018,Apr,3rd week,130.4,Zanzibar,,
WETE,WETE,2018,May,3rd week,16.9,Zanzibar,,
WETE,WETE,2018,Jun,3rd week,32.3,Zanzibar,,
WETE,WETE,2018,Jul,3rd week,3.0,Zanzibar,,
WETE,WETE,2018,Aug,3rd week,0.0,Zanzibar,,
WETE,WETE,2018,Sep,3rd week,19.0,Zanzibar,,
WETE,WETE,2018,Oct,3rd week,32.5,Zanzibar,,
WETE,WETE,2018,Nov,3rd week,75.39999999999999,Zanzibar,,
WETE,WETE,2018,Dec,3rd week,34.800000000000004,Zanzibar,,
WETE,WETE,2018,Jan,4th week,0.0,Zanzibar,,
WETE,WETE,2018,Feb,4th week,0.0,Zanzibar,,
WETE,WETE,2018,Mar,4th week,81.7,Zanzibar,,
WETE,WETE,2018,Apr,4th week,34.0,Zanzibar,,
WETE,WETE,2018,May,4th week,6.0,Zanzibar,,
WETE,WETE,2018,Jun,4th week,31.5,Zanzibar,,
WETE,WETE,2018,Jul,4th week,8.0,Zanzibar,,
WETE,WETE,2018,Aug,4th week,6.0,Zanzibar,,
WETE,WETE,2018,Sep,4th week,45.0,Zanzibar,,
WETE,WETE,2018,Oct,4th week,186.0,Zanzibar,,
WETE,WETE,2018,Nov,4th week,67.3,Zanzibar,,
WETE,WETE,2018,Dec,4th week,29.2,Zanzibar,,
KUSINI,KUSINI,2023,Jan,1st week,9.4,Pemba,32.1142857142857,25.2
KUSINI,KUSINI,2023,Feb,1st week,28.9,Pemba,31.8571428571429,24.2571428571429
KUSINI,KUSINI,2023,Mar,1st week,3.3,Pemba,31.9571428571429,24.2571428571429
KUSINI,KUSINI,2023,Apr,1st week,38.2,Pemba,31.4857142857143,25.3142857142857
KUSINI,KUSINI,2023,May,1st week,86.3,Pemba,30.1428571428571,25.2285714285714
KUSINI,KUSINI,2023,Jun,1st week,68.0,Pemba,28.9571428571429,23.0
KUSINI,KUSINI,2023,Jul,1st week,62.5,Pemba,28.4285714285714,23.6
KUSINI,KUSINI,2023,Aug,1st week,0.0,Pemba,28.4285714285714,23.8285714285714
KUSINI,KUSINI,2023,Sep,1st week,0.0,Pemba,29.1714285714286,23.2857142857143
KUSINI,KUSINI,2023,Oct,1st week,18.0,Pemba,30.4857142857143,23.9714285714286
KUSINI,KUSINI,2023,Nov,1st week,77.7,Pemba,28.7428571428571,24.0857142857143
KUSINI,KUSINI,2023,Dec,1st week,23.200000000000003,Pemba,31.3142857142857,25.5714285714286
KUSINI,KUSINI,2023,Jan,2nd week,0.0,Pemba,31.85,24.6571428571429
KUSINI,KUSINI,2023,Feb,2nd week,38.9,Pemba,31.1875,25.0142857142857
KUSINI,KUSINI,2023,Mar,2nd week,30.5,Pemba,32.3875,25.0142857142857
KUSINI,KUSINI,2023,Apr,2nd week,57.900000000000006,Pemba,31.6625,25.5714285714286
KUSINI,KUSINI,2023,May,2nd week,30.5,Pemba,30.075,25.3714285714286
KUSINI,KUSINI,2023,Jun,2nd week,0.0,Pemba,29.3125,23.7857142857143
KUSINI,KUSINI,2023,Jul,2nd week,0.0,Pemba,28.675,23.1714285714286
KUSINI,KUSINI,2023,Aug,2nd week,10.5,Pemba,28.675,23.7142857142857
KUSINI,KUSINI,2023,Sep,2nd week,0.0,Pemba,29.5,23.8285714285714
KUSINI,KUSINI,2023,Oct,2nd week,0.0,Pemba,31.0375,23.7285714285714
KUSINI,KUSINI,2023,Nov,2nd week,97.8,Pemba,30.5,24.5571428571429
KUSINI,KUSINI,2023,Dec,2nd week,19.6,Pemba,31.3625,24.5285714285714
KUSINI,KUSINI,2023,Jan,3rd week,6.6,Pemba,31.7333333333333,24.7
KUSINI,KUSINI,2023,Feb,3rd week,0.0,Pemba,31.5,25.3
KUSINI,KUSINI,2023,Mar,3rd week,16.5,Pemba,31.6666666666667,25.3
KUSINI,KUSINI,2023,Apr,3rd week,151.1,Pemba,28.7333333333333,25.1857142857143
KUSINI,KUSINI,2023,May,3rd week,16.5,Pemba,30.45,25.5142857142857
KUSINI,KUSINI,2023,Jun,3rd week,0.0,Pemba,29.4333333333333,23.8142857142857
KUSINI,KUSINI,2023,Jul,3rd week,0.0,Pemba,28.8,24.4
KUSINI,KUSINI,2023,Aug,3rd week,28.3,Pemba,28.8,22.8285714285714
KUSINI,KUSINI,2023,Sep,3rd week,0.0,Pemba,29.8666666666667,23.9857142857143
KUSINI,KUSINI,2023,Oct,3rd week,0.0,Pemba,31.1166666666667,25.2142857142857
KUSINI,KUSINI,2023,Nov,3rd week,42.7,Pemba,30.0833333333333,24.9714285714286
KUSINI,KUSINI,2023,Dec,3rd week,7.4,Pemba,31.5833333333333,25.4142857142857
KUSINI,KUSINI,2023,Jan,4th week,0.0,Pemba,30.8571428571429,25.6857142857143
KUSINI,KUSINI,2023,Feb,4th week,0.0,Pemba,31.6857142857143,23.5714285714286
KUSINI,KUSINI,2023,Mar,4th week,25.2,Pemba,31.0571428571429,23.5714285714286
KUSINI,KUSINI,2023,Apr,4th week,150.6,Pemba,29.2857142857143,25.1
KUSINI,KUSINI,2023,May,4th week,25.2,Pemba,29.2714285714286,24.5142857142857
KUSINI,KUSINI,2023,Jun,4th week,22.6,Pemba,28.7,23.9714285714286
KUSINI,KUSINI,2023,Jul,4th week,0.0,Pemba,28.5142857142857,24.1714285714286
KUSINI,KUSINI,2023,Aug,4th week,0.0,Pemba,28.5142857142857,23.3857142857143
KUSINI,KUSINI,2023,Sep,4th week,0.0,Pemba,30.2142857142857,24.3857142857143
KUSINI,KUSINI,2023,Oct,4th week,0.0,Pemba,31.1857142857143,24.6285714285714
KUSINI,KUSINI,2023,Nov,4th week,16.1,Pemba,30.5571428571429,24.3428571428571
KUSINI,KUSINI,2023,Dec,4th week,30.1,Pemba,31.7285714285714,26.1857142857143
KUSINI,KUSINI,2022,Jan,1st week,0.0,Pemba,32.3428571428571,25.4428571428571
KUSINI,KUSINI,2022,Feb,1st week,30.1,Pemba,31.2142857142857,24.0714285714286
KUSINI,KUSINI,2022,Mar,1st week,0.0,Pemba,31.3285714285714,24.2714285714286
KUSINI,KUSINI,2022,Apr,1st week,0.0,Pemba,31.8714285714286,25.2
KUSINI,KUSINI,2022,May,1st week,76.0,Pemba,29.2285714285714,24.3428571428571
KUSINI,KUSINI,2022,Jun,1st week,80.1,Pemba,27.7428571428571,23.7
KUSINI,KUSINI,2022,Jul,1st week,26.5,Pemba,27.0285714285714,22.9571428571429
KUSINI,KUSINI,2022,Aug,1st week,0.0,Pemba,27.2285714285714,21.3714285714286
KUSINI,KUSINI,2022,Sep,1st week,0.0,Pemba,27.7285714285714,21.5571428571429
KUSINI,KUSINI,2022,Oct,1st week,0.0,Pemba,28.1857142857143,22.8428571428571
KUSINI,KUSINI,2022,Nov,1st week,0.0,Pemba,29.9857142857143,23.2428571428571
KUSINI,KUSINI,2022,Dec,1st week,0.0,Pemba,31.4857142857143,24.4
KUSINI,KUSINI,2022,Jan,2nd week,0.0,Pemba,31.9285714285714,26.0428571428571
KUSINI,KUSINI,2022,Feb,2nd week,12.8,Pemba,31.1428571428571,24.5571428571429
KUSINI,KUSINI,2022,Mar,2nd week,0.0,Pemba,32.0,24.4571428571429
KUSINI,KUSINI,2022,Apr,2nd week,82.4,Pemba,30.9142857142857,25.5142857142857
KUSINI,KUSINI,2022,May,2nd week,0.0,Pemba,29.9714285714286,25.9714285714286
KUSINI,KUSINI,2022,Jun,2nd week,0.0,Pemba,28.8428571428571,24.3857142857143
KUSINI,KUSINI,2022,Jul,2nd week,12.8,Pemba,27.1571428571429,22.5142857142857
KUSINI,KUSINI,2022,Aug,2nd week,1.5,Pemba,27.3714285714286,22.6142857142857
KUSINI,KUSINI,2022,Sep,2nd week,0.0,Pemba,28.0571428571429,21.7285714285714
KUSINI,KUSINI,2022,Oct,2nd week,0.0,Pemba,28.4428571428571,23.5
KUSINI,KUSINI,2022,Nov,2nd week,0.0,Pemba,30.3571428571429,24.0142857142857
KUSINI,KUSINI,2022,Dec,2nd week,0.0,Pemba,31.8,24.0857142857143
KUSINI,KUSINI,2022,Jan,3rd week,41.9,Pemba,31.2857142857143,24.0571428571429
KUSINI,KUSINI,2022,Feb,3rd week,11.3,Pemba,31.8,24.1428571428571
KUSINI,KUSINI,2022,Mar,3rd week,2.3,Pemba,31.7142857142857,24.3
KUSINI,KUSINI,2022,Apr,3rd week,123.0,Pemba,29.5714285714286,24.5428571428571
KUSINI,KUSINI,2022,May,3rd week,0.0,Pemba,29.9571428571429,25.8
KUSINI,KUSINI,2022,Jun,3rd week,0.0,Pemba,28.7857142857143,24.8142857142857
KUSINI,KUSINI,2022,Jul,3rd week,35.3,Pemba,27.4285714285714,22.9714285714286
KUSINI,KUSINI,2022,Aug,3rd week,9.5,Pemba,27.6428571428571,21.7571428571429
KUSINI,KUSINI,2022,Sep,3rd week,0.0,Pemba,28.1142857142857,22.9714285714286
KUSINI,KUSINI,2022,Oct,3rd week,0.0,Pemba,28.7,22.9142857142857
KUSINI,KUSINI,2022,Nov,3rd week,22.7,Pemba,30.2857142857143,24.1142857142857
KUSINI,KUSINI,2022,Dec,3rd week,0.0,Pemba,31.8142857142857,25.4714285714286
KUSINI,KUSINI,2022,Jan,4th week,44.1,Pemba,30.3142857142857,25.0714285714286
KUSINI,KUSINI,2022,Feb,4th week,46.6,Pemba,31.1714285714286,25.3
KUSINI,KUSINI,2022,Mar,4th week,0.0,Pemba,32.0428571428571,25.6428571428571
KUSINI,KUSINI,2022,Apr,4th week,83.7,Pemba,30.6571428571429,24.8857142857143
KUSINI,KUSINI,2022,May,4th week,32.2,Pemba,30.2,26.3142857142857
KUSINI,KUSINI,2022,Jun,4th week,0.0,Pemba,28.1714285714286,24.5428571428571
KUSINI,KUSINI,2022,Jul,4th week,0.0,Pemba,27.2285714285714,23.2142857142857
KUSINI,KUSINI,2022,Aug,4th week,0.0,Pemba,27.4714285714286,22.4857142857143
KUSINI,KUSINI,2022,Sep,4th week,0.0,Pemba,28.4857142857143,23.4857142857143
KUSINI,KUSINI,2022,Oct,4th week,0.0,Pemba,28.8285714285714,23.6714285714286
KUSINI,KUSINI,2022,Nov,4th week,36.6,Pemba,30.6428571428571,24.3571428571429
KUSINI,KUSINI,2022,Dec,4th week,13.3,Pemba,31.3428571428571,26.0285714285714
KUSINI,KUSINI,2021,Jan,1st week,0.0,Pemba,30.6857142857143,24.4714285714286
KUSINI,KUSINI,2021,Feb,1st week,0.0,Pemba,31.0142857142857,23.5
KUSINI,KUSINI,2021,Mar,1st week,0.0,Pemba,31.8571428571429,24.3571428571429
KUSINI,KUSINI,2021,Apr,1st week,61.0,Pemba,30.7571428571429,25.2571428571429
KUSINI,KUSINI,2021,May,1st week,169.9,Pemba,28.3285714285714,23.8714285714286
KUSINI,KUSINI,2021,Jun,1st week,18.9,Pemba,29.0714285714286,23.9714285714286
KUSINI,KUSINI,2021,Jul,1st week,0.0,Pemba,27.9571428571429,23.5
KUSINI,KUSINI,2021,Aug,1st week,0.0,Pemba,27.4142857142857,22.4428571428571
KUSINI,KUSINI,2021,Sep,1st week,0.0,Pemba,27.4142857142857,24.1428571428571
KUSINI,KUSINI,2021,Oct,1st week,0.0,Pemba,29.1142857142857,23.1714285714286
KUSINI,KUSINI,2021,Nov,1st week,0.0,Pemba,30.6714285714286,24.4285714285714
KUSINI,KUSINI,2021,Dec,1st week,40.5,Pemba,30.8857142857143,24.5571428571429
KUSINI,KUSINI,2021,Jan,2nd week,100.5,Pemba,29.625,24.5428571428571
KUSINI,KUSINI,2021,Feb,2nd week,55.9,Pemba,30.4125,25.3714285714286
KUSINI,KUSINI,2021,Mar,2nd week,0.0,Pemba,31.4625,24.1285714285714
KUSINI,KUSINI,2021,Apr,2nd week,189.0,Pemba,29.75,24.6714285714286
KUSINI,KUSINI,2021,May,2nd week,0.0,Pemba,29.625,25.0571428571429
KUSINI,KUSINI,2021,Jun,2nd week,0.0,Pemba,28.25,24.4
KUSINI,KUSINI,2021,Jul,2nd week,44.4,Pemba,27.925,24.1
KUSINI,KUSINI,2021,Aug,2nd week,7.4,Pemba,27.9875,22.2
KUSINI,KUSINI,2021,Sep,2nd week,11.0,Pemba,27.9875,23.6857142857143
KUSINI,KUSINI,2021,Oct,2nd week,0.0,Pemba,29.5125,23.9428571428571
KUSINI,KUSINI,2021,Nov,2nd week,0.0,Pemba,31.075,23.5857142857143
KUSINI,KUSINI,2021,Dec,2nd week,36.1,Pemba,31.0,24.4714285714286
KUSINI,KUSINI,2021,Jan,3rd week,0.0,Pemba,30.6857142857143,23.7571428571429
KUSINI,KUSINI,2021,Feb,3rd week,0.0,Pemba,30.9142857142857,24.6142857142857
KUSINI,KUSINI,2021,Mar,3rd week,32.1,Pemba,31.9571428571429,23.9714285714286
KUSINI,KUSINI,2021,Apr,3rd week,117.3,Pemba,28.2,24.4571428571429
KUSINI,KUSINI,2021,May,3rd week,18.6,Pemba,29.7,24.7857142857143
KUSINI,KUSINI,2021,Jun,3rd week,14.4,Pemba,28.2857142857143,23.4285714285714
KUSINI,KUSINI,2021,Jul,3rd week,0.0,Pemba,27.8285714285714,24.2285714285714
KUSINI,KUSINI,2021,Aug,3rd week,12.7,Pemba,27.9142857142857,22.9142857142857
KUSINI,KUSINI,2021,Sep,3rd week,1.2,Pemba,27.9142857142857,23.4
KUSINI,KUSINI,2021,Oct,3rd week,0.0,Pemba,29.4,24.5285714285714
KUSINI,KUSINI,2021,Nov,3rd week,0.0,Pemba,31.1714285714286,23.8428571428571
KUSINI,KUSINI,2021,Dec,3rd week,38.0,Pemba,31.1428571428571,24.6857142857143
KUSINI,KUSINI,2021,Jan,4th week,0.0,Pemba,30.4333333333333,24.4571428571429
KUSINI,KUSINI,2021,Feb,4th week,5.5,Pemba,31.5833333333333,24.4142857142857
KUSINI,KUSINI,2021,Mar,4th week,18.2,Pemba,30.9666666666667,23.9714285714286
KUSINI,KUSINI,2021,Apr,4th week,72.4,Pemba,30.4666666666667,24.9
KUSINI,KUSINI,2021,May,4th week,0.0,Pemba,29.2166666666667,25.2285714285714
KUSINI,KUSINI,2021,Jun,4th week,6.3,Pemba,27.7,23.0142857142857
KUSINI,KUSINI,2021,Jul,4th week,0.0,Pemba,27.3,23.5714285714286
KUSINI,KUSINI,2021,Aug,4th week,8.4,Pemba,27.85,22.2714285714286
KUSINI,KUSINI,2021,Sep,4th week,0.0,Pemba,27.85,23.1142857142857
KUSINI,KUSINI,2021,Oct,4th week,9.5,Pemba,30.1833333333333,22.5142857142857
KUSINI,KUSINI,2021,Nov,4th week,12.2,Pemba,31.5666666666667,25.0857142857143
KUSINI,KUSINI,2021,Dec,4th week,0.0,Pemba,31.6,24.7571428571429
KUSINI,KUSINI,2020,Jan,1st week,61.7,Pemba,32.0714285714286,25.8142857142857
KUSINI,KUSINI,2020,Feb,1st week,66.7,Pemba,30.7142857142857,24.7857142857143
KUSINI,KUSINI,2020,Mar,1st week,41.5,Pemba,31.8714285714286,25.5857142857143
KUSINI,KUSINI,2020,Apr,1st week,92.5,Pemba,31.5,25.5
KUSINI,KUSINI,2020,May,1st week,179.5,Pemba,28.9714285714286,24.4
KUSINI,KUSINI,2020,Jun,1st week,0.0,Pemba,29.0857142857143,25.1285714285714
KUSINI,KUSINI,2020,Jul,1st week,15.8,Pemba,27.7571428571429,24.1428571428571
KUSINI,KUSINI,2020,Aug,1st week,5.6,Pemba,27.9714285714286,23.2142857142857
KUSINI,KUSINI,2020,Sep,1st week,0.0,Pemba,28.0714285714286,23.0
KUSINI,KUSINI,2020,Oct,1st week,0.0,Pemba,29.6,22.6142857142857
KUSINI,KUSINI,2020,Nov,1st week,0.0,Pemba,30.0428571428571,25.0142857142857
KUSINI,KUSINI,2020,Dec,1st week,0.0,Pemba,31.2285714285714,24.4857142857143
KUSINI,KUSINI,2020,Jan,2nd week,0.0,Pemba,31.7714285714286,25.6
KUSINI,KUSINI,2020,Feb,2nd week,34.4,Pemba,31.2428571428571,24.8625
KUSINI,KUSINI,2020,Mar,2nd week,101.1,Pemba,31.7428571428571,25.7625
KUSINI,KUSINI,2020,Apr,2nd week,271.5,Pemba,29.6571428571429,24.9
KUSINI,KUSINI,2020,May,2nd week,9.6,Pemba,29.2857142857143,24.3625
KUSINI,KUSINI,2020,Jun,2nd week,22.2,Pemba,28.9714285714286,24.5625
KUSINI,KUSINI,2020,Jul,2nd week,18.3,Pemba,28.2571428571429,23.4625
KUSINI,KUSINI,2020,Aug,2nd week,0.0,Pemba,27.6428571428571,22.3625
KUSINI,KUSINI,2020,Sep,2nd week,0.0,Pemba,28.8,22.5625
KUSINI,KUSINI,2020,Oct,2nd week,2.3,Pemba,30.4428571428571,23.8
KUSINI,KUSINI,2020,Nov,2nd week,82.6,Pemba,29.7571428571429,24.1125
KUSINI,KUSINI,2020,Dec,2nd week,0.0,Pemba,31.4857142857143,24.8375
KUSINI,KUSINI,2020,Jan,3rd week,10.5,Pemba,30.6714285714286,26.0142857142857
KUSINI,KUSINI,2020,Feb,3rd week,0.0,Pemba,31.6571428571429,25.1428571428571
KUSINI,KUSINI,2020,Mar,3rd week,40.6,Pemba,31.6714285714286,25.4285714285714
KUSINI,KUSINI,2020,Apr,3rd week,273.2,Pemba,29.0,23.9857142857143
KUSINI,KUSINI,2020,May,3rd week,86.9,Pemba,29.2714285714286,24.2142857142857
KUSINI,KUSINI,2020,Jun,3rd week,0.0,Pemba,27.9142857142857,24.8
KUSINI,KUSINI,2020,Jul,3rd week,29.1,Pemba,27.5,23.3857142857143
KUSINI,KUSINI,2020,Aug,3rd week,19.5,Pemba,28.2,23.7
KUSINI,KUSINI,2020,Sep,3rd week,0.0,Pemba,28.5285714285714,22.8
KUSINI,KUSINI,2020,Oct,3rd week,30.0,Pemba,30.0428571428571,23.2428571428571
KUSINI,KUSINI,2020,Nov,3rd week,23.3,Pemba,30.3142857142857,25.3285714285714
KUSINI,KUSINI,2020,Dec,3rd week,0.0,Pemba,31.1142857142857,25.1571428571429
KUSINI,KUSINI,2020,Jan,4th week,62.4,Pemba,30.725,25.8428571428571
KUSINI,KUSINI,2020,Feb,4th week,0.0,Pemba,32.3625,25.6428571428571
KUSINI,KUSINI,2020,Mar,4th week,8.4,Pemba,31.425,25.0142857142857
KUSINI,KUSINI,2020,Apr,4th week,232.9,Pemba,29.25,24.5142857142857
KUSINI,KUSINI,2020,May,4th week,0.0,Pemba,29.7125,24.5428571428571
KUSINI,KUSINI,2020,Jun,4th week,18.5,Pemba,28.2375,23.7
KUSINI,KUSINI,2020,Jul,4th week,0.0,Pemba,27.65,24.3142857142857
KUSINI,KUSINI,2020,Aug,4th week,3.2,Pemba,28.2875,23.2428571428571
KUSINI,KUSINI,2020,Sep,4th week,8.3,Pemba,28.7625,22.9142857142857
KUSINI,KUSINI,2020,Oct,4th week,13.6,Pemba,30.5,24.7714285714286
KUSINI,KUSINI,2020,Nov,4th week,15.1,Pemba,31.025,24.4857142857143
KUSINI,KUSINI,2020,Dec,4th week,0.0,Pemba,31.2125,26.3142857142857
KUSINI,KUSINI,2019,Jan,1st week,10.8,Pemba,32.3285714285714,25.5571428571429
KUSINI,KUSINI,2019,Feb,1st week,0.0,Pemba,30.7142857142857,24.7857142857143
KUSINI,KUSINI,2019,Mar,1st week,20.7,Pemba,33.1142857142857,25.0142857142857
KUSINI,KUSINI,2019,Apr,1st week,160.39999999999998,Pemba,31.8142857142857,24.9428571428571
KUSINI,KUSINI,2019,May,1st week,199.4,Pemba,29.4142857142857,24.8285714285714
KUSINI,KUSINI,2019,Jun,1st week,0.0,Pemba,29.4142857142857,24.1571428571429
KUSINI,KUSINI,2019,Jul,1st week,0.0,Pemba,29.3571428571429,24.1857142857143
KUSINI,KUSINI,2019,Aug,1st week,16.0,Pemba,28.9571428571429,23.7571428571429
KUSINI,KUSINI,2019,Sep,1st week,0.0,Pemba,29.4428571428571,23.1857142857143
KUSINI,KUSINI,2019,Oct,1st week,46.4,Pemba,29.5285714285714,23.8
KUSINI,KUSINI,2019,Nov,1st week,35.1,Pemba,30.4285714285714,24.6857142857143
KUSINI,KUSINI,2019,Dec,1st week,75.2,Pemba,32.1,25.1428571428571
KUSINI,KUSINI,2019,Jan,2nd week,0.0,Pemba,32.3571428571429,25.7
KUSINI,KUSINI,2019,Feb,2nd week,0.0,Pemba,31.2428571428571,24.6857142857143
KUSINI,KUSINI,2019,Mar,2nd week,0.0,Pemba,32.5714285714286,25.1142857142857
KUSINI,KUSINI,2019,Apr,2nd week,90.0,Pemba,31.0714285714286,25.0142857142857
KUSINI,KUSINI,2019,May,2nd week,237.1,Pemba,28.1428571428571,25.0428571428571
KUSINI,KUSINI,2019,Jun,2nd week,0.0,Pemba,29.1428571428571,23.7714285714286
KUSINI,KUSINI,2019,Jul,2nd week,3.5,Pemba,29.0857142857143,24.6428571428571
KUSINI,KUSINI,2019,Aug,2nd week,0.0,Pemba,28.9285714285714,24.0428571428571
KUSINI,KUSINI,2019,Sep,2nd week,0.0,Pemba,28.9714285714286,23.9285714285714
KUSINI,KUSINI,2019,Oct,2nd week,157.0,Pemba,28.8285714285714,24.0857142857143
KUSINI,KUSINI,2019,Nov,2nd week,32.4,Pemba,30.5571428571429,24.6285714285714
KUSINI,KUSINI,2019,Dec,2nd week,8.9,Pemba,31.9857142857143,24.8285714285714
KUSINI,KUSINI,2019,Jan,3rd week,0.0,Pemba,32.3,24.4857142857143
KUSINI,KUSINI,2019,Feb,3rd week,0.0,Pemba,31.6571428571429,25.2571428571429
KUSINI,KUSINI,2019,Mar,3rd week,0.0,Pemba,32.7,24.1714285714286
KUSINI,KUSINI,2019,Apr,3rd week,0.0,Pemba,32.3571428571429,25.6428571428571
KUSINI,KUSINI,2019,May,3rd week,52.2,Pemba,29.2285714285714,24.4428571428571
KUSINI,KUSINI,2019,Jun,3rd week,0.0,Pemba,28.8714285714286,24.3
KUSINI,KUSINI,2019,Jul,3rd week,4.4,Pemba,28.3857142857143,23.5
KUSINI,KUSINI,2019,Aug,3rd week,0.0,Pemba,28.8571428571429,24.3
KUSINI,KUSINI,2019,Sep,3rd week,0.0,Pemba,29.6571428571429,23.5428571428571
KUSINI,KUSINI,2019,Oct,3rd week,54.6,Pemba,29.3,23.6428571428571
KUSINI,KUSINI,2019,Nov,3rd week,30.0,Pemba,31.1857142857143,25.6714285714286
KUSINI,KUSINI,2019,Dec,3rd week,235.3,Pemba,32.2,24.2857142857143
KUSINI,KUSINI,2019,Jan,4th week,0.0,Pemba,31.825,25.725
KUSINI,KUSINI,2019,Feb,4th week,25.4,Pemba,32.3625,25.6
KUSINI,KUSINI,2019,Mar,4th week,25.0,Pemba,32.9125,24.5125
KUSINI,KUSINI,2019,Apr,4th week,31.5,Pemba,32.125,25.2125
KUSINI,KUSINI,2019,May,4th week,141.9,Pemba,28.75,24.55
KUSINI,KUSINI,2019,Jun,4th week,0.0,Pemba,29.1875,24.175
KUSINI,KUSINI,2019,Jul,4th week,0.0,Pemba,28.2375,24.4
KUSINI,KUSINI,2019,Aug,4th week,0.0,Pemba,29.0375,23.8375
KUSINI,KUSINI,2019,Sep,4th week,6.2,Pemba,29.875,24.2375
KUSINI,KUSINI,2019,Oct,4th week,19.2,Pemba,30.0,24.6375
KUSINI,KUSINI,2019,Nov,4th week,18.5,Pemba,30.8625,24.6875
KUSINI,KUSINI,2019,Dec,4th week,2.7,Pemba,32.0375,25.375
KUSINI,KUSINI,2018,Jan,1st week,63.1,Pemba,29.8166666666667,24.3428571428571
KUSINI,KUSINI,2018,Feb,1st week,0.0,Pemba,31.4142857142857,23.8571428571429
KUSINI,KUSINI,2018,Mar,1st week,30.6,Pemba,31.5333333333333,23.7714285714286
KUSINI,KUSINI,2018,Apr,1st week,112.6,Pemba,31.8714285714286,24.5857142857143
KUSINI,KUSINI,2018,May,1st week,454.5,Pemba,28.3285714285714,22.8714285714286
KUSINI,KUSINI,2018,Jun,1st week,13.7,Pemba,28.9571428571429,23.9714285714286
KUSINI,KUSINI,2018,Jul,1st week,92.6,Pemba,28.4285714285714,22.7714285714286
KUSINI,KUSINI,2018,Aug,1st week,0.0,Pemba,27.6142857142857,22.9857142857143
KUSINI,KUSINI,2018,Sep,1st week,11.1,Pemba,29.2,23.3142857142857
KUSINI,KUSINI,2018,Oct,1st week,0.0,Pemba,28.8,23.2
KUSINI,KUSINI,2018,Nov,1st week,0.0,Pemba,30.8285714285714,22.9857142857143
KUSINI,KUSINI,2018,Dec,1st week,0.0,Pemba,30.7857142857143,24.3166666666667
KUSINI,KUSINI,2018,Jan,2nd week,4.1,Pemba,29.6428571428571,23.8
KUSINI,KUSINI,2018,Feb,2nd week,0.0,Pemba,31.5428571428571,24.5714285714286
KUSINI,KUSINI,2018,Mar,2nd week,6.5,Pemba,30.3,23.8428571428571
KUSINI,KUSINI,2018,Apr,2nd week,96.9,Pemba,30.9142857142857,24.1857142857143
KUSINI,KUSINI,2018,May,2nd week,209.3,Pemba,29.4571428571429,23.4285714285714
KUSINI,KUSINI,2018,Jun,2nd week,12.6,Pemba,29.2714285714286,22.8714285714286
KUSINI,KUSINI,2018,Jul,2nd week,4.6,Pemba,28.7428571428571,23.0857142857143
KUSINI,KUSINI,2018,Aug,2nd week,0.0,Pemba,28.6428571428571,23.5714285714286
KUSINI,KUSINI,2018,Sep,2nd week,0.0,Pemba,29.6428571428571,23.6571428571429
KUSINI,KUSINI,2018,Oct,2nd week,0.0,Pemba,29.3,23.5428571428571
KUSINI,KUSINI,2018,Nov,2nd week,0.0,Pemba,30.4714285714286,23.5714285714286
KUSINI,KUSINI,2018,Dec,2nd week,41.3,Pemba,30.0714285714286,24.35
KUSINI,KUSINI,2018,Jan,3rd week,0.0,Pemba,30.2285714285714,23.3571428571429
KUSINI,KUSINI,2018,Feb,3rd week,0.0,Pemba,32.1,24.4
KUSINI,KUSINI,2018,Mar,3rd week,10.0,Pemba,31.9714285714286,24.4428571428571
KUSINI,KUSINI,2018,Apr,3rd week,244.6,Pemba,28.5714285714286,23.7142857142857
KUSINI,KUSINI,2018,May,3rd week,76.7,Pemba,29.6428571428571,24.1142857142857
KUSINI,KUSINI,2018,Jun,3rd week,0.0,Pemba,29.4714285714286,23.1857142857143
KUSINI,KUSINI,2018,Jul,3rd week,0.0,Pemba,28.3,22.9285714285714
KUSINI,KUSINI,2018,Aug,3rd week,0.0,Pemba,29.1571428571429,24.0142857142857
KUSINI,KUSINI,2018,Sep,3rd week,20.5,Pemba,29.7285714285714,22.2
KUSINI,KUSINI,2018,Oct,3rd week,0.0,Pemba,30.3857142857143,23.2285714285714
KUSINI,KUSINI,2018,Nov,3rd week,31.200000000000003,Pemba,30.7142857142857,24.0142857142857
KUSINI,KUSINI,2018,Dec,3rd week,35.8,Pemba,30.5714285714286,24.7714285714286
KUSINI,KUSINI,2018,Jan,4th week,0.0,Pemba,30.4428571428571,22.8285714285714
KUSINI,KUSINI,2018,Feb,4th week,0.0,Pemba,32.4714285714286,23.7428571428571
KUSINI,KUSINI,2018,Mar,4th week,61.8,Pemba,31.4,24.0285714285714
KUSINI,KUSINI,2018,Apr,4th week,20.1,Pemba,29.8,24.7714285714286
KUSINI,KUSINI,2018,May,4th week,119.6,Pemba,29.7285714285714,23.9571428571429
KUSINI,KUSINI,2018,Jun,4th week,0.0,Pemba,28.6285714285714,23.5714285714286
KUSINI,KUSINI,2018,Jul,4th week,5.5,Pemba,27.5285714285714,23.2142857142857
KUSINI,KUSINI,2018,Aug,4th week,12.0,Pemba,28.6571428571429,24.6714285714286
KUSINI,KUSINI,2018,Sep,4th week,5.7,Pemba,29.3714285714286,23.2
KUSINI,KUSINI,2018,Oct,4th week,46.7,Pemba,29.6714285714286,23.7571428571429
KUSINI,KUSINI,2018,Nov,4th week,33.4,Pemba,31.4857142857143,24.6714285714286
KUSINI,KUSINI,2018,Dec,4th week,0.0,Pemba,30.7714285714286,24.8428571428571
MJINI,MJINI,2023,Jan,1st week,5.2,Pemba,32.1142857142857,25.2
MJINI,MJINI,2023,Feb,1st week,0.0,Pemba,31.8571428571429,24.2571428571429
MJINI,MJINI,2023,Mar,1st week,0.0,Pemba,31.9571428571429,24.2571428571429
MJINI,MJINI,2023,Apr,1st week,46.1,Pemba,31.4857142857143,25.3142857142857
MJINI,MJINI,2023,May,1st week,60.2,Pemba,30.1428571428571,25.2285714285714
MJINI,MJINI,2023,Jun,1st week,107.6,Pemba,28.9571428571429,23.0
MJINI,MJINI,2023,Jul,1st week,47.5,Pemba,28.4285714285714,23.6
MJINI,MJINI,2023,Aug,1st week,14.3,Pemba,28.4285714285714,23.8285714285714
MJINI,MJINI,2023,Sep,1st week,1.3,Pemba,29.1714285714286,23.2857142857143
MJINI,MJINI,2023,Oct,1st week,14.1,Pemba,30.4857142857143,23.9714285714286
MJINI,MJINI,2023,Nov,1st week,503.2,Pemba,28.7428571428571,24.0857142857143
MJINI,MJINI,2023,Dec,1st week,51.3,Pemba,31.3142857142857,25.5714285714286
MJINI,MJINI,2023,Jan,2nd week,19.5,Pemba,31.85,24.6571428571429
MJINI,MJINI,2023,Feb,2nd week,33.0,Pemba,31.1875,25.0142857142857
MJINI,MJINI,2023,Mar,2nd week,0.0,Pemba,32.3875,25.0142857142857
MJINI,MJINI,2023,Apr,2nd week,35.8,Pemba,31.6625,25.5714285714286
MJINI,MJINI,2023,May,2nd week,26.0,Pemba,30.075,25.3714285714286
MJINI,MJINI,2023,Jun,2nd week,0.0,Pemba,29.3125,23.7857142857143
MJINI,MJINI,2023,Jul,2nd week,0.0,Pemba,28.675,23.1714285714286
MJINI,MJINI,2023,Aug,2nd week,6.9,Pemba,28.675,23.7142857142857
MJINI,MJINI,2023,Sep,2nd week,0.0,Pemba,29.5,23.8285714285714
MJINI,MJINI,2023,Oct,2nd week,0.0,Pemba,31.0375,23.7285714285714
MJINI,MJINI,2023,Nov,2nd week,141.4,Pemba,30.5,24.5571428571429
MJINI,MJINI,2023,Dec,2nd week,27.7,Pemba,31.3625,24.5285714285714
MJINI,MJINI,2023,Jan,3rd week,0.0,Pemba,31.7333333333333,24.7
MJINI,MJINI,2023,Feb,3rd week,0.0,Pemba,31.5,25.3
MJINI,MJINI,2023,Mar,3rd week,62.2,Pemba,31.6666666666667,25.3
MJINI,MJINI,2023,Apr,3rd week,178.7,Pemba,28.7333333333333,25.1857142857143
MJINI,MJINI,2023,May,3rd week,15.1,Pemba,30.45,25.5142857142857
MJINI,MJINI,2023,Jun,3rd week,0.0,Pemba,29.4333333333333,23.8142857142857
MJINI,MJINI,2023,Jul,3rd week,0.0,Pemba,28.8,24.4
MJINI,MJINI,2023,Aug,3rd week,8.3,Pemba,28.8,22.8285714285714
MJINI,MJINI,2023,Sep,3rd week,0.0,Pemba,29.8666666666667,23.9857142857143
MJINI,MJINI,2023,Oct,3rd week,0.0,Pemba,31.1166666666667,25.2142857142857
MJINI,MJINI,2023,Nov,3rd week,93.1,Pemba,30.0833333333333,24.9714285714286
MJINI,MJINI,2023,Dec,3rd week,25.3,Pemba,31.5833333333333,25.4142857142857
MJINI,MJINI,2023,Jan,4th week,0.0,Pemba,30.8571428571429,25.6857142857143
MJINI,MJINI,2023,Feb,4th week,0.0,Pemba,31.6857142857143,23.5714285714286
MJINI,MJINI,2023,Mar,4th week,19.6,Pemba,31.0571428571429,23.5714285714286
MJINI,MJINI,2023,Apr,4th week,73.0,Pemba,29.2857142857143,25.1
MJINI,MJINI,2023,May,4th week,7.2,Pemba,29.2714285714286,24.5142857142857
MJINI,MJINI,2023,Jun,4th week,0.0,Pemba,28.7,23.9714285714286
MJINI,MJINI,2023,Jul,4th week,12.1,Pemba,28.5142857142857,24.1714285714286
MJINI,MJINI,2023,Aug,4th week,0.0,Pemba,28.5142857142857,23.3857142857143
MJINI,MJINI,2023,Sep,4th week,5.1,Pemba,30.2142857142857,24.3857142857143
MJINI,MJINI,2023,Oct,4th week,34.4,Pemba,31.1857142857143,24.6285714285714
MJINI,MJINI,2023,Nov,4th week,78.6,Pemba,30.5571428571429,24.3428571428571
MJINI,MJINI,2023,Dec,4th week,22.8,Pemba,31.7285714285714,26.1857142857143
MJINI,MJINI,2022,Jan,1st week,0.0,Pemba,32.3428571428571,25.4428571428571
MJINI,MJINI,2022,Feb,1st week,38.6,Pemba,31.2142857142857,24.0714285714286
MJINI,MJINI,2022,Mar,1st week,0.0,Pemba,31.3285714285714,24.2714285714286
MJINI,MJINI,2022,Apr,1st week,0.0,Pemba,31.8714285714286,25.2
MJINI,MJINI,2022,May,1st week,39.8,Pemba,29.2285714285714,24.3428571428571
MJINI,MJINI,2022,Jun,1st week,11.2,Pemba,27.7428571428571,23.7
MJINI,MJINI,2022,Jul,1st week,12.2,Pemba,27.0285714285714,22.9571428571429
MJINI,MJINI,2022,Aug,1st week,4.9,Pemba,27.2285714285714,21.3714285714286
MJINI,MJINI,2022,Sep,1st week,0.0,Pemba,27.7285714285714,21.5571428571429
MJINI,MJINI,2022,Oct,1st week,4.0,Pemba,28.1857142857143,22.8428571428571
MJINI,MJINI,2022,Nov,1st week,0.0,Pemba,29.9857142857143,23.2428571428571
MJINI,MJINI,2022,Dec,1st week,1.2,Pemba,31.4857142857143,24.4
MJINI,MJINI,2022,Jan,2nd week,0.0,Pemba,31.9285714285714,26.0428571428571
MJINI,MJINI,2022,Feb,2nd week,0.1,Pemba,31.1428571428571,24.5571428571429
MJINI,MJINI,2022,Mar,2nd week,0.0,Pemba,32.0,24.4571428571429
MJINI,MJINI,2022,Apr,2nd week,55.3,Pemba,30.9142857142857,25.5142857142857
MJINI,MJINI,2022,May,2nd week,0.0,Pemba,29.9714285714286,25.9714285714286
MJINI,MJINI,2022,Jun,2nd week,0.0,Pemba,28.8428571428571,24.3857142857143
MJINI,MJINI,2022,Jul,2nd week,8.0,Pemba,27.1571428571429,22.5142857142857
MJINI,MJINI,2022,Aug,2nd week,17.7,Pemba,27.3714285714286,22.6142857142857
MJINI,MJINI,2022,Sep,2nd week,1.9,Pemba,28.0571428571429,21.7285714285714
MJINI,MJINI,2022,Oct,2nd week,0.0,Pemba,28.4428571428571,23.5
MJINI,MJINI,2022,Nov,2nd week,11.0,Pemba,30.3571428571429,24.0142857142857
MJINI,MJINI,2022,Dec,2nd week,25.4,Pemba,31.8,24.0857142857143
MJINI,MJINI,2022,Jan,3rd week,215.3,Pemba,31.2857142857143,24.0571428571429
MJINI,MJINI,2022,Feb,3rd week,27.3,Pemba,31.8,24.1428571428571
MJINI,MJINI,2022,Mar,3rd week,0.0,Pemba,31.7142857142857,24.3
MJINI,MJINI,2022,Apr,3rd week,130.1,Pemba,29.5714285714286,24.5428571428571
MJINI,MJINI,2022,May,3rd week,6.5,Pemba,29.9571428571429,25.8
MJINI,MJINI,2022,Jun,3rd week,5.8,Pemba,28.7857142857143,24.8142857142857
MJINI,MJINI,2022,Jul,3rd week,21.3,Pemba,27.4285714285714,22.9714285714286
MJINI,MJINI,2022,Aug,3rd week,0.0,Pemba,27.6428571428571,21.7571428571429
MJINI,MJINI,2022,Sep,3rd week,2.6,Pemba,28.1142857142857,22.9714285714286
MJINI,MJINI,2022,Oct,3rd week,0.0,Pemba,28.7,22.9142857142857
MJINI,MJINI,2022,Nov,3rd week,48.0,Pemba,30.2857142857143,24.1142857142857
MJINI,MJINI,2022,Dec,3rd week,27.2,Pemba,31.8142857142857,25.4714285714286
MJINI,MJINI,2022,Jan,4th week,110.2,Pemba,30.3142857142857,25.0714285714286
MJINI,MJINI,2022,Feb,4th week,4.5,Pemba,31.1714285714286,25.3
MJINI,MJINI,2022,Mar,4th week,15.6,Pemba,32.0428571428571,25.6428571428571
MJINI,MJINI,2022,Apr,4th week,47.6,Pemba,30.6571428571429,24.8857142857143
MJINI,MJINI,2022,May,4th week,1.2,Pemba,30.2,26.3142857142857
MJINI,MJINI,2022,Jun,4th week,1.5,Pemba,28.1714285714286,24.5428571428571
MJINI,MJINI,2022,Jul,4th week,12.1,Pemba,27.2285714285714,23.2142857142857
MJINI,MJINI,2022,Aug,4th week,7.4,Pemba,27.4714285714286,22.4857142857143
MJINI,MJINI,2022,Sep,4th week,3.5,Pemba,28.4857142857143,23.4857142857143
MJINI,MJINI,2022,Oct,4th week,6.4,Pemba,28.8285714285714,23.6714285714286
MJINI,MJINI,2022,Nov,4th week,19.700000000000003,Pemba,30.6428571428571,24.3571428571429
MJINI,MJINI,2022,Dec,4th week,65.5,Pemba,31.3428571428571,26.0285714285714
MJINI,MJINI,2021,Jan,1st week,9.6,Pemba,30.6857142857143,24.4714285714286
MJINI,MJINI,2021,Feb,1st week,0.0,Pemba,31.0142857142857,23.5
MJINI,MJINI,2021,Mar,1st week,0.0,Pemba,31.8571428571429,24.3571428571429
MJINI,MJINI,2021,Apr,1st week,30.9,Pemba,30.7571428571429,25.2571428571429
MJINI,MJINI,2021,May,1st week,56.4,Pemba,28.3285714285714,23.8714285714286
MJINI,MJINI,2021,Jun,1st week,2.1,Pemba,29.0714285714286,23.9714285714286
MJINI,MJINI,2021,Jul,1st week,0.0,Pemba,27.9571428571429,23.5
MJINI,MJINI,2021,Aug,1st week,0.2,Pemba,27.4142857142857,22.4428571428571
MJINI,MJINI,2021,Sep,1st week,0.0,Pemba,27.4142857142857,24.1428571428571
MJINI,MJINI,2021,Oct,1st week,0.0,Pemba,29.1142857142857,23.1714285714286
MJINI,MJINI,2021,Nov,1st week,0.0,Pemba,30.6714285714286,24.4285714285714
MJINI,MJINI,2021,Dec,1st week,45.1,Pemba,30.8857142857143,24.5571428571429
MJINI,MJINI,2021,Jan,2nd week,14.1,Pemba,29.625,24.5428571428571
MJINI,MJINI,2021,Feb,2nd week,15.3,Pemba,30.4125,25.3714285714286
MJINI,MJINI,2021,Mar,2nd week,0.0,Pemba,31.4625,24.1285714285714
MJINI,MJINI,2021,Apr,2nd week,153.7,Pemba,29.75,24.6714285714286
MJINI,MJINI,2021,May,2nd week,3.2,Pemba,29.625,25.0571428571429
MJINI,MJINI,2021,Jun,2nd week,8.9,Pemba,28.25,24.4
MJINI,MJINI,2021,Jul,2nd week,19.7,Pemba,27.925,24.1
MJINI,MJINI,2021,Aug,2nd week,0.0,Pemba,27.9875,22.2
MJINI,MJINI,2021,Sep,2nd week,13.3,Pemba,27.9875,23.6857142857143
MJINI,MJINI,2021,Oct,2nd week,3.8,Pemba,29.5125,23.9428571428571
MJINI,MJINI,2021,Nov,2nd week,0.0,Pemba,31.075,23.5857142857143
MJINI,MJINI,2021,Dec,2nd week,81.89999999999999,Pemba,31.0,24.4714285714286
MJINI,MJINI,2021,Jan,3rd week,0.0,Pemba,30.6857142857143,23.7571428571429
MJINI,MJINI,2021,Feb,3rd week,0.0,Pemba,30.9142857142857,24.6142857142857
MJINI,MJINI,2021,Mar,3rd week,13.8,Pemba,31.9571428571429,23.9714285714286
MJINI,MJINI,2021,Apr,3rd week,68.5,Pemba,28.2,24.4571428571429
MJINI,MJINI,2021,May,3rd week,0.0,Pemba,29.7,24.7857142857143
MJINI,MJINI,2021,Jun,3rd week,6.3,Pemba,28.2857142857143,23.4285714285714
MJINI,MJINI,2021,Jul,3rd week,0.0,Pemba,27.8285714285714,24.2285714285714
MJINI,MJINI,2021,Aug,3rd week,24.0,Pemba,27.9142857142857,22.9142857142857
MJINI,MJINI,2021,Sep,3rd week,0.5,Pemba,27.9142857142857,23.4
MJINI,MJINI,2021,Oct,3rd week,40.3,Pemba,29.4,24.5285714285714
MJINI,MJINI,2021,Nov,3rd week,0.0,Pemba,31.1714285714286,23.8428571428571
MJINI,MJINI,2021,Dec,3rd week,28.2,Pemba,31.1428571428571,24.6857142857143
MJINI,MJINI,2021,Jan,4th week,0.0,Pemba,30.4333333333333,24.4571428571429
MJINI,MJINI,2021,Feb,4th week,6.1,Pemba,31.5833333333333,24.4142857142857
MJINI,MJINI,2021,Mar,4th week,0.6,Pemba,30.9666666666667,23.9714285714286
MJINI,MJINI,2021,Apr,4th week,88.2,Pemba,30.4666666666667,24.9
MJINI,MJINI,2021,May,4th week,0.0,Pemba,29.2166666666667,25.2285714285714
MJINI,MJINI,2021,Jun,4th week,0.6,Pemba,27.7,23.0142857142857
MJINI,MJINI,2021,Jul,4th week,3.5,Pemba,27.3,23.5714285714286
MJINI,MJINI,2021,Aug,4th week,3.9,Pemba,27.85,22.2714285714286
MJINI,MJINI,2021,Sep,4th week,0.4,Pemba,27.85,23.1142857142857
MJINI,MJINI,2021,Oct,4th week,0.0,Pemba,30.1833333333333,22.5142857142857
MJINI,MJINI,2021,Nov,4th week,4.4,Pemba,31.5666666666667,25.0857142857143
MJINI,MJINI,2021,Dec,4th week,30.5,Pemba,31.6,24.7571428571429
MJINI,MJINI,2020,Jan,1st week,0.0,Pemba,32.0714285714286,25.8142857142857
MJINI,MJINI,2020,Feb,1st week,0.6,Pemba,30.7142857142857,24.7857142857143
MJINI,MJINI,2020,Mar,1st week,39.1,Pemba,31.8714285714286,25.5857142857143
MJINI,MJINI,2020,Apr,1st week,7.899999999999999,Pemba,31.5,25.5
MJINI,MJINI,2020,May,1st week,90.9,Pemba,28.9714285714286,24.4
MJINI,MJINI,2020,Jun,1st week,0.0,Pemba,29.0857142857143,25.1285714285714
MJINI,MJINI,2020,Jul,1st week,0.0,Pemba,27.7571428571429,24.1428571428571
MJINI,MJINI,2020,Aug,1st week,0.0,Pemba,27.9714285714286,23.2142857142857
MJINI,MJINI,2020,Sep,1st week,1.0,Pemba,28.0714285714286,23.0
MJINI,MJINI,2020,Oct,1st week,11.0,Pemba,29.6,22.6142857142857
MJINI,MJINI,2020,Nov,1st week,41.6,Pemba,30.0428571428571,25.0142857142857
MJINI,MJINI,2020,Dec,1st week,20.0,Pemba,31.2285714285714,24.4857142857143
MJINI,MJINI,2020,Jan,2nd week,5.699999999999999,Pemba,31.7714285714286,25.6
MJINI,MJINI,2020,Feb,2nd week,0.0,Pemba,31.2428571428571,24.8625
MJINI,MJINI,2020,Mar,2nd week,80.0,Pemba,31.7428571428571,25.7625
MJINI,MJINI,2020,Apr,2nd week,172.6,Pemba,29.6571428571429,24.9
MJINI,MJINI,2020,May,2nd week,4.4,Pemba,29.2857142857143,24.3625
MJINI,MJINI,2020,Jun,2nd week,0.2,Pemba,28.9714285714286,24.5625
MJINI,MJINI,2020,Jul,2nd week,31.2,Pemba,28.2571428571429,23.4625
MJINI,MJINI,2020,Aug,2nd week,0.0,Pemba,27.6428571428571,22.3625
MJINI,MJINI,2020,Sep,2nd week,1.2,Pemba,28.8,22.5625
MJINI,MJINI,2020,Oct,2nd week,3.6,Pemba,30.4428571428571,23.8
MJINI,MJINI,2020,Nov,2nd week,89.7,Pemba,29.7571428571429,24.1125
MJINI,MJINI,2020,Dec,2nd week,3.5,Pemba,31.4857142857143,24.8375
MJINI,MJINI,2020,Jan,3rd week,130.49999999999997,Pemba,30.6714285714286,26.0142857142857
MJINI,MJINI,2020,Feb,3rd week,32.4,Pemba,31.6571428571429,25.1428571428571
MJINI,MJINI,2020,Mar,3rd week,13.5,Pemba,31.6714285714286,25.4285714285714
MJINI,MJINI,2020,Apr,3rd week,351.5,Pemba,29.0,23.9857142857143
MJINI,MJINI,2020,May,3rd week,41.6,Pemba,29.2714285714286,24.2142857142857
MJINI,MJINI,2020,Jun,3rd week,0.0,Pemba,27.9142857142857,24.8
MJINI,MJINI,2020,Jul,3rd week,0.9,Pemba,27.5,23.3857142857143
MJINI,MJINI,2020,Aug,3rd week,20.9,Pemba,28.2,23.7
MJINI,MJINI,2020,Sep,3rd week,3.4,Pemba,28.5285714285714,22.8
MJINI,MJINI,2020,Oct,3rd week,56.7,Pemba,30.0428571428571,23.2428571428571
MJINI,MJINI,2020,Nov,3rd week,37.2,Pemba,30.3142857142857,25.3285714285714
MJINI,MJINI,2020,Dec,3rd week,8.1,Pemba,31.1142857142857,25.1571428571429
MJINI,MJINI,2020,Jan,4th week,22.1,Pemba,30.725,25.8428571428571
MJINI,MJINI,2020,Feb,4th week,0.6,Pemba,32.3625,25.6428571428571
MJINI,MJINI,2020,Mar,4th week,10.8,Pemba,31.425,25.0142857142857
MJINI,MJINI,2020,Apr,4th week,187.8,Pemba,29.25,24.5142857142857
MJINI,MJINI,2020,May,4th week,4.6,Pemba,29.7125,24.5428571428571
MJINI,MJINI,2020,Jun,4th week,0.0,Pemba,28.2375,23.7
MJINI,MJINI,2020,Jul,4th week,6.5,Pemba,27.65,24.3142857142857
MJINI,MJINI,2020,Aug,4th week,13.7,Pemba,28.2875,23.2428571428571
MJINI,MJINI,2020,Sep,4th week,7.0,Pemba,28.7625,22.9142857142857
MJINI,MJINI,2020,Oct,4th week,33.0,Pemba,30.5,24.7714285714286
MJINI,MJINI,2020,Nov,4th week,170.0,Pemba,31.025,24.4857142857143
MJINI,MJINI,2020,Dec,4th week,19.1,Pemba,31.2125,26.3142857142857
MJINI,MJINI,2019,Jan,1st week,0.0,Pemba,32.3285714285714,25.5571428571429
MJINI,MJINI,2019,Feb,1st week,0.7,Pemba,30.7142857142857,24.7857142857143
MJINI,MJINI,2019,Mar,1st week,26.4,Pemba,33.1142857142857,25.0142857142857
MJINI,MJINI,2019,Apr,1st week,53.9,Pemba,31.8142857142857,24.9428571428571
MJINI,MJINI,2019,May,1st week,379.5,Pemba,29.4142857142857,24.8285714285714
MJINI,MJINI,2019,Jun,1st week,0.0,Pemba,29.4142857142857,24.1571428571429
MJINI,MJINI,2019,Jul,1st week,0.0,Pemba,29.3571428571429,24.1857142857143
MJINI,MJINI,2019,Aug,1st week,22.7,Pemba,28.9571428571429,23.7571428571429
MJINI,MJINI,2019,Sep,1st week,0.2,Pemba,29.4428571428571,23.1857142857143
MJINI,MJINI,2019,Oct,1st week,83.1,Pemba,29.5285714285714,23.8
MJINI,MJINI,2019,Nov,1st week,45.9,Pemba,30.4285714285714,24.6857142857143
MJINI,MJINI,2019,Dec,1st week,93.9,Pemba,32.1,25.1428571428571
MJINI,MJINI,2019,Jan,2nd week,0.0,Pemba,32.3571428571429,25.7
MJINI,MJINI,2019,Feb,2nd week,0.0,Pemba,31.2428571428571,24.6857142857143
MJINI,MJINI,2019,Mar,2nd week,0.0,Pemba,32.5714285714286,25.1142857142857
MJINI,MJINI,2019,Apr,2nd week,40.4,Pemba,31.0714285714286,25.0142857142857
MJINI,MJINI,2019,May,2nd week,199.9,Pemba,28.1428571428571,25.0428571428571
MJINI,MJINI,2019,Jun,2nd week,0.0,Pemba,29.1428571428571,23.7714285714286
MJINI,MJINI,2019,Jul,2nd week,0.0,Pemba,29.0857142857143,24.6428571428571
MJINI,MJINI,2019,Aug,2nd week,11.4,Pemba,28.9285714285714,24.0428571428571
MJINI,MJINI,2019,Sep,2nd week,22.000000000000004,Pemba,28.9714285714286,23.9285714285714
MJINI,MJINI,2019,Oct,2nd week,225.00000000000003,Pemba,28.8285714285714,24.0857142857143
MJINI,MJINI,2019,Nov,2nd week,86.4,Pemba,30.5571428571429,24.6285714285714
MJINI,MJINI,2019,Dec,2nd week,0.0,Pemba,31.9857142857143,24.8285714285714
MJINI,MJINI,2019,Jan,3rd week,0.0,Pemba,32.3,24.4857142857143
MJINI,MJINI,2019,Feb,3rd week,2.8,Pemba,31.6571428571429,25.2571428571429
MJINI,MJINI,2019,Mar,3rd week,0.0,Pemba,32.7,24.1714285714286
MJINI,MJINI,2019,Apr,3rd week,20.6,Pemba,32.3571428571429,25.6428571428571
MJINI,MJINI,2019,May,3rd week,51.0,Pemba,29.2285714285714,24.4428571428571
MJINI,MJINI,2019,Jun,3rd week,0.0,Pemba,28.8714285714286,24.3
MJINI,MJINI,2019,Jul,3rd week,0.6,Pemba,28.3857142857143,23.5
MJINI,MJINI,2019,Aug,3rd week,0.0,Pemba,28.8571428571429,24.3
MJINI,MJINI,2019,Sep,3rd week,0.0,Pemba,29.6571428571429,23.5428571428571
MJINI,MJINI,2019,Oct,3rd week,199.3,Pemba,29.3,23.6428571428571
MJINI,MJINI,2019,Nov,3rd week,57.2,Pemba,31.1857142857143,25.6714285714286
MJINI,MJINI,2019,Dec,3rd week,133.5,Pemba,32.2,24.2857142857143
MJINI,MJINI,2019,Jan,4th week,0.0,Pemba,31.825,25.725
MJINI,MJINI,2019,Feb,4th week,83.9,Pemba,32.3625,25.6
MJINI,MJINI,2019,Mar,4th week,4.2,Pemba,32.9125,24.5125
MJINI,MJINI,2019,Apr,4th week,0.0,Pemba,32.125,25.2125
MJINI,MJINI,2019,May,4th week,114.3,Pemba,28.75,24.55
MJINI,MJINI,2019,Jun,4th week,0.0,Pemba,29.1875,24.175
MJINI,MJINI,2019,Jul,4th week,0.0,Pemba,28.2375,24.4
MJINI,MJINI,2019,Aug,4th week,11.3,Pemba,29.0375,23.8375
MJINI,MJINI,2019,Sep,4th week,10.0,Pemba,29.875,24.2375
MJINI,MJINI,2019,Oct,4th week,129.8,Pemba,30.0,24.6375
MJINI,MJINI,2019,Nov,4th week,14.7,Pemba,30.8625,24.6875
MJINI,MJINI,2019,Dec,4th week,9.9,Pemba,32.0375,25.375
MJINI,MJINI,2018,Jan,1st week,28.1,Pemba,29.8166666666667,24.3428571428571
MJINI,MJINI,2018,Feb,1st week,0.0,Pemba,31.4142857142857,23.8571428571429
MJINI,MJINI,2018,Mar,1st week,6.6,Pemba,31.5333333333333,23.7714285714286
MJINI,MJINI,2018,Apr,1st week,61.7,Pemba,31.8714285714286,24.5857142857143
MJINI,MJINI,2018,May,1st week,226.1,Pemba,28.3285714285714,22.8714285714286
MJINI,MJINI,2018,Jun,1st week,0.0,Pemba,28.9571428571429,23.9714285714286
MJINI,MJINI,2018,Jul,1st week,84.6,Pemba,28.4285714285714,22.7714285714286
MJINI,MJINI,2018,Aug,1st week,0.0,Pemba,27.6142857142857,22.9857142857143
MJINI,MJINI,2018,Sep,1st week,0.0,Pemba,29.2,23.3142857142857
MJINI,MJINI,2018,Oct,1st week,29.4,Pemba,28.8,23.2
MJINI,MJINI,2018,Nov,1st week,0.0,Pemba,30.8285714285714,22.9857142857143
MJINI,MJINI,2018,Dec,1st week,32.5,Pemba,30.7857142857143,24.3166666666667
MJINI,MJINI,2018,Jan,2nd week,0.5,Pemba,29.6428571428571,23.8
MJINI,MJINI,2018,Feb,2nd week,0.0,Pemba,31.5428571428571,24.5714285714286
MJINI,MJINI,2018,Mar,2nd week,13.3,Pemba,30.3,23.8428571428571
MJINI,MJINI,2018,Apr,2nd week,175.2,Pemba,30.9142857142857,24.1857142857143
MJINI,MJINI,2018,May,2nd week,194.3,Pemba,29.4571428571429,23.4285714285714
MJINI,MJINI,2018,Jun,2nd week,0.8,Pemba,29.2714285714286,22.8714285714286
MJINI,MJINI,2018,Jul,2nd week,4.6,Pemba,28.7428571428571,23.0857142857143
MJINI,MJINI,2018,Aug,2nd week,1.2,Pemba,28.6428571428571,23.5714285714286
MJINI,MJINI,2018,Sep,2nd week,9.8,Pemba,29.6428571428571,23.6571428571429
MJINI,MJINI,2018,Oct,2nd week,4.1,Pemba,29.3,23.5428571428571
MJINI,MJINI,2018,Nov,2nd week,1.0,Pemba,30.4714285714286,23.5714285714286
MJINI,MJINI,2018,Dec,2nd week,8.6,Pemba,30.0714285714286,24.35
MJINI,MJINI,2018,Jan,3rd week,0.0,Pemba,30.2285714285714,23.3571428571429
MJINI,MJINI,2018,Feb,3rd week,19.9,Pemba,32.1,24.4
MJINI,MJINI,2018,Mar,3rd week,71.5,Pemba,31.9714285714286,24.4428571428571
MJINI,MJINI,2018,Apr,3rd week,194.8,Pemba,28.5714285714286,23.7142857142857
MJINI,MJINI,2018,May,3rd week,96.6,Pemba,29.6428571428571,24.1142857142857
MJINI,MJINI,2018,Jun,3rd week,3.7,Pemba,29.4714285714286,23.1857142857143
MJINI,MJINI,2018,Jul,3rd week,1.0,Pemba,28.3,22.9285714285714
MJINI,MJINI,2018,Aug,3rd week,1.3,Pemba,29.1571428571429,24.0142857142857
MJINI,MJINI,2018,Sep,3rd week,3.7,Pemba,29.7285714285714,22.2
MJINI,MJINI,2018,Oct,3rd week,17.8,Pemba,30.3857142857143,23.2285714285714
MJINI,MJINI,2018,Nov,3rd week,103.3,Pemba,30.7142857142857,24.0142857142857
MJINI,MJINI,2018,Dec,3rd week,60.2,Pemba,30.5714285714286,24.7714285714286
MJINI,MJINI,2018,Jan,4th week,0.0,Pemba,30.4428571428571,22.8285714285714
MJINI,MJINI,2018,Feb,4th week,0.0,Pemba,32.4714285714286,23.7428571428571
MJINI,MJINI,2018,Mar,4th week,31.6,Pemba,31.4,24.0285714285714
MJINI,MJINI,2018,Apr,4th week,8.1,Pemba,29.8,24.7714285714286
MJINI,MJINI,2018,May,4th week,9.6,Pemba,29.7285714285714,23.9571428571429
MJINI,MJINI,2018,Jun,4th week,14.9,Pemba,28.6285714285714,23.5714285714286
MJINI,MJINI,2018,Jul,4th week,0.0,Pemba,27.5285714285714,23.2142857142857
MJINI,MJINI,2018,Aug,4th week,15.0,Pemba,28.6571428571429,24.6714285714286
MJINI,MJINI,2018,Sep,4th week,4.5,Pemba,29.3714285714286,23.2
MJINI,MJINI,2018,Oct,4th week,35.8,Pemba,29.6714285714286,23.7571428571429
MJINI,MJINI,2018,Nov,4th week,44.6,Pemba,31.4857142857143,24.6714285714286
MJINI,MJINI,2018,Dec,4th week,0.5,Pemba,30.7714285714286,24.8428571428571
MICHEWENI,MICHEWENI,2023,Jan,1st week,5.6,Zanzibar,32.1428571428571,26.8857142857143
MICHEWENI,MICHEWENI,2023,Feb,1st week,0.0,Zanzibar,33.3571428571429,25.0428571428571
MICHEWENI,MICHEWENI,2023,Mar,1st week,0.0,Zanzibar,33.9142857142857,24.7714285714286
MICHEWENI,MICHEWENI,2023,Apr,1st week,43.3,Zanzibar,31.5857142857143,25.5285714285714
MICHEWENI,MICHEWENI,2023,May,1st week,122.7,Zanzibar,30.8857142857143,24.6571428571429
MICHEWENI,MICHEWENI,2023,Jun,1st week,153.8,Zanzibar,28.7571428571429,23.8714285714286
MICHEWENI,MICHEWENI,2023,Jul,1st week,34.2,Zanzibar,28.4428571428571,23.2
MICHEWENI,MICHEWENI,2023,Aug,1st week,10.4,Zanzibar,29.3857142857143,22.4428571428571
MICHEWENI,MICHEWENI,2023,Sep,1st week,0.0,Zanzibar,31.2428571428571,21.2285714285714
MICHEWENI,MICHEWENI,2023,Oct,1st week,14.6,Zanzibar,30.7142857142857,24.8714285714286
MICHEWENI,MICHEWENI,2023,Nov,1st week,273.20000000000005,Zanzibar,27.8714285714286,25.0142857142857
MICHEWENI,MICHEWENI,2023,Dec,1st week,3.4,Zanzibar,30.7142857142857,23.6857142857143
MICHEWENI,MICHEWENI,2023,Jan,2nd week,3.5,Zanzibar,31.3285714285714,26.0714285714286
MICHEWENI,MICHEWENI,2023,Feb,2nd week,0.0,Zanzibar,33.2571428571429,24.3571428571429
MICHEWENI,MICHEWENI,2023,Mar,2nd week,0.0,Zanzibar,34.1428571428571,25.5714285714286
MICHEWENI,MICHEWENI,2023,Apr,2nd week,105.6,Zanzibar,31.2714285714286,25.3
MICHEWENI,MICHEWENI,2023,May,2nd week,95.4,Zanzibar,30.5142857142857,24.9571428571429
MICHEWENI,MICHEWENI,2023,Jun,2nd week,36.8,Zanzibar,29.6714285714286,23.9714285714286
MICHEWENI,MICHEWENI,2023,Jul,2nd week,20.3,Zanzibar,29.1571428571429,22.8142857142857
MICHEWENI,MICHEWENI,2023,Aug,2nd week,5.5,Zanzibar,29.9428571428571,22.4
MICHEWENI,MICHEWENI,2023,Sep,2nd week,2.3,Zanzibar,31.0571428571429,20.9857142857143
MICHEWENI,MICHEWENI,2023,Oct,2nd week,0.0,Zanzibar,31.5285714285714,24.2
MICHEWENI,MICHEWENI,2023,Nov,2nd week,110.6,Zanzibar,29.7,24.3857142857143
MICHEWENI,MICHEWENI,2023,Dec,2nd week,26.399999999999995,Zanzibar,31.5285714285714,25.0714285714286
MICHEWENI,MICHEWENI,2023,Jan,3rd week,1.0,Zanzibar,32.4142857142857,25.7285714285714
MICHEWENI,MICHEWENI,2023,Feb,3rd week,0.0,Zanzibar,33.4714285714286,25.1857142857143
MICHEWENI,MICHEWENI,2023,Mar,3rd week,130.8,Zanzibar,31.7571428571429,26.0142857142857
MICHEWENI,MICHEWENI,2023,Apr,3rd week,212.8,Zanzibar,28.8142857142857,24.8714285714286
MICHEWENI,MICHEWENI,2023,May,3rd week,1.6,Zanzibar,31.0714285714286,25.3571428571429
MICHEWENI,MICHEWENI,2023,Jun,3rd week,5.1,Zanzibar,30.1285714285714,23.1
MICHEWENI,MICHEWENI,2023,Jul,3rd week,35.8,Zanzibar,29.6285714285714,22.6714285714286
MICHEWENI,MICHEWENI,2023,Aug,3rd week,5.699999999999999,Zanzibar,30.6571428571429,22.5714285714286
MICHEWENI,MICHEWENI,2023,Sep,3rd week,1.6,Zanzibar,31.4285714285714,20.4285714285714
MICHEWENI,MICHEWENI,2023,Oct,3rd week,68.0,Zanzibar,32.1571428571429,24.0
MICHEWENI,MICHEWENI,2023,Nov,3rd week,176.6,Zanzibar,30.1,24.1428571428571
MICHEWENI,MICHEWENI,2023,Dec,3rd week,34.8,Zanzibar,32.1571428571429,25.1142857142857
MICHEWENI,MICHEWENI,2023,Jan,4th week,0.0,Zanzibar,32.7142857142857,25.5428571428571
MICHEWENI,MICHEWENI,2023,Feb,4th week,0.0,Zanzibar,33.5142857142857,24.1142857142857
MICHEWENI,MICHEWENI,2023,Mar,4th week,74.0,Zanzibar,31.3,25.9857142857143
MICHEWENI,MICHEWENI,2023,Apr,4th week,125.4,Zanzibar,30.0571428571429,24.7
MICHEWENI,MICHEWENI,2023,May,4th week,35.1,Zanzibar,29.9,24.3
MICHEWENI,MICHEWENI,2023,Jun,4th week,9.7,Zanzibar,29.6,23.6142857142857
MICHEWENI,MICHEWENI,2023,Jul,4th week,9.2,Zanzibar,28.5857142857143,22.0142857142857
MICHEWENI,MICHEWENI,2023,Aug,4th week,3.8,Zanzibar,30.4285714285714,22.4285714285714
MICHEWENI,MICHEWENI,2023,Sep,4th week,35.4,Zanzibar,30.8857142857143,22.1571428571429
MICHEWENI,MICHEWENI,2023,Oct,4th week,59.1,Zanzibar,31.3285714285714,24.1
MICHEWENI,MICHEWENI,2023,Nov,4th week,208.9,Zanzibar,30.3714285714286,24.7
MICHEWENI,MICHEWENI,2023,Dec,4th week,1.3,Zanzibar,31.3285714285714,25.6428571428571
MICHEWENI,MICHEWENI,2022,Jan,1st week,0.0,Zanzibar,33.6142857142857,26.0
MICHEWENI,MICHEWENI,2022,Feb,1st week,0.0,Zanzibar,31.3714285714286,24.8285714285714
MICHEWENI,MICHEWENI,2022,Mar,1st week,0.0,Zanzibar,33.8571428571429,25.5714285714286
MICHEWENI,MICHEWENI,2022,Apr,1st week,54.9,Zanzibar,32.9285714285714,25.7571428571429
MICHEWENI,MICHEWENI,2022,May,1st week,135.7,Zanzibar,30.4,24.8142857142857
MICHEWENI,MICHEWENI,2022,Jun,1st week,58.0,Zanzibar,30.8142857142857,23.6142857142857
MICHEWENI,MICHEWENI,2022,Jul,1st week,34.6,Zanzibar,28.6857142857143,22.2428571428571
MICHEWENI,MICHEWENI,2022,Aug,1st week,0.0,Zanzibar,29.0857142857143,21.7428571428571
MICHEWENI,MICHEWENI,2022,Sep,1st week,0.0,Zanzibar,30.0285714285714,22.2571428571429
MICHEWENI,MICHEWENI,2022,Oct,1st week,1.5,Zanzibar,30.6714285714286,22.5285714285714
MICHEWENI,MICHEWENI,2022,Nov,1st week,12.0,Zanzibar,31.4,23.4142857142857
MICHEWENI,MICHEWENI,2022,Dec,1st week,0.0,Zanzibar,32.1,24.4
MICHEWENI,MICHEWENI,2022,Jan,2nd week,0.0,Zanzibar,33.7571428571429,26.2142857142857
MICHEWENI,MICHEWENI,2022,Feb,2nd week,0.0,Zanzibar,32.2714285714286,25.7142857142857
MICHEWENI,MICHEWENI,2022,Mar,2nd week,0.0,Zanzibar,33.7285714285714,25.7714285714286
MICHEWENI,MICHEWENI,2022,Apr,2nd week,12.5,Zanzibar,31.5285714285714,25.4142857142857
MICHEWENI,MICHEWENI,2022,May,2nd week,8.3,Zanzibar,31.5285714285714,25.7285714285714
MICHEWENI,MICHEWENI,2022,Jun,2nd week,24.4,Zanzibar,30.9714285714286,24.6428571428571
MICHEWENI,MICHEWENI,2022,Jul,2nd week,49.9,Zanzibar,29.0428571428571,22.1285714285714
MICHEWENI,MICHEWENI,2022,Aug,2nd week,7.5,Zanzibar,28.6857142857143,21.8285714285714
MICHEWENI,MICHEWENI,2022,Sep,2nd week,0.0,Zanzibar,30.2571428571429,21.7285714285714
MICHEWENI,MICHEWENI,2022,Oct,2nd week,2.0,Zanzibar,31.2428571428571,22.2714285714286
MICHEWENI,MICHEWENI,2022,Nov,2nd week,34.7,Zanzibar,31.3,24.4
MICHEWENI,MICHEWENI,2022,Dec,2nd week,23.8,Zanzibar,31.9857142857143,24.4428571428571
MICHEWENI,MICHEWENI,2022,Jan,3rd week,27.0,Zanzibar,33.0285714285714,25.3142857142857
MICHEWENI,MICHEWENI,2022,Feb,3rd week,30.5,Zanzibar,33.3428571428571,25.6285714285714
MICHEWENI,MICHEWENI,2022,Mar,3rd week,0.0,Zanzibar,33.8714285714286,26.1714285714286
MICHEWENI,MICHEWENI,2022,Apr,3rd week,260.4,Zanzibar,30.4,24.8285714285714
MICHEWENI,MICHEWENI,2022,May,3rd week,55.1,Zanzibar,31.2428571428571,25.1714285714286
MICHEWENI,MICHEWENI,2022,Jun,3rd week,21.7,Zanzibar,30.2285714285714,23.6
MICHEWENI,MICHEWENI,2022,Jul,3rd week,10.1,Zanzibar,28.4428571428571,22.4857142857143
MICHEWENI,MICHEWENI,2022,Aug,3rd week,3.0,Zanzibar,29.5571428571429,20.5285714285714
MICHEWENI,MICHEWENI,2022,Sep,3rd week,1.0,Zanzibar,30.5714285714286,23.0857142857143
MICHEWENI,MICHEWENI,2022,Oct,3rd week,16.1,Zanzibar,31.0428571428571,22.4142857142857
MICHEWENI,MICHEWENI,2022,Nov,3rd week,44.9,Zanzibar,31.2,24.4714285714286
MICHEWENI,MICHEWENI,2022,Dec,3rd week,9.8,Zanzibar,32.2857142857143,25.2857142857143
MICHEWENI,MICHEWENI,2022,Jan,4th week,0.0,Zanzibar,31.0571428571429,24.4714285714286
MICHEWENI,MICHEWENI,2022,Feb,4th week,0.5,Zanzibar,32.1285714285714,25.7857142857143
MICHEWENI,MICHEWENI,2022,Mar,4th week,43.6,Zanzibar,32.8714285714286,25.5857142857143
MICHEWENI,MICHEWENI,2022,Apr,4th week,154.5,Zanzibar,29.9714285714286,25.1857142857143
MICHEWENI,MICHEWENI,2022,May,4th week,12.5,Zanzibar,31.7571428571429,24.9857142857143
MICHEWENI,MICHEWENI,2022,Jun,4th week,16.7,Zanzibar,29.6571428571429,24.1142857142857
MICHEWENI,MICHEWENI,2022,Jul,4th week,0.0,Zanzibar,28.6571428571429,21.9571428571429
MICHEWENI,MICHEWENI,2022,Aug,4th week,11.1,Zanzibar,28.9857142857143,21.6
MICHEWENI,MICHEWENI,2022,Sep,4th week,26.9,Zanzibar,30.8714285714286,23.0
MICHEWENI,MICHEWENI,2022,Oct,4th week,13.0,Zanzibar,30.5714285714286,23.0714285714286
MICHEWENI,MICHEWENI,2022,Nov,4th week,20.4,Zanzibar,30.5714285714286,24.4285714285714
MICHEWENI,MICHEWENI,2022,Dec,4th week,3.7,Zanzibar,31.4,24.9571428571429
MICHEWENI,MICHEWENI,2021,Jan,1st week,0.0,Zanzibar,31.4571428571429,25.3142857142857
MICHEWENI,MICHEWENI,2021,Feb,1st week,0.0,Zanzibar,32.9428571428571,24.9571428571429
MICHEWENI,MICHEWENI,2021,Mar,1st week,6.8,Zanzibar,33.9,26.1571428571429
MICHEWENI,MICHEWENI,2021,Apr,1st week,72.8,Zanzibar,31.9142857142857,25.5285714285714
MICHEWENI,MICHEWENI,2021,May,1st week,367.4,Zanzibar,28.9142857142857,24.9142857142857
MICHEWENI,MICHEWENI,2021,Jun,1st week,13.4,Zanzibar,30.1714285714286,23.9
MICHEWENI,MICHEWENI,2021,Jul,1st week,8.5,Zanzibar,29.7857142857143,23.1571428571429
MICHEWENI,MICHEWENI,2021,Aug,1st week,25.5,Zanzibar,29.4,22.8571428571429
MICHEWENI,MICHEWENI,2021,Sep,1st week,0.0,Zanzibar,30.2571428571429,23.1428571428571
MICHEWENI,MICHEWENI,2021,Oct,1st week,1.6,Zanzibar,31.8857142857143,22.9
MICHEWENI,MICHEWENI,2021,Nov,1st week,67.89999999999999,Zanzibar,33.0428571428571,24.8571428571429
MICHEWENI,MICHEWENI,2021,Dec,1st week,56.5,Zanzibar,31.1714285714286,25.5285714285714
MICHEWENI,MICHEWENI,2021,Jan,2nd week,0.0,Zanzibar,31.2,25.2714285714286
MICHEWENI,MICHEWENI,2021,Feb,2nd week,0.0,Zanzibar,31.3714285714286,25.7285714285714
MICHEWENI,MICHEWENI,2021,Mar,2nd week,0.0,Zanzibar,33.5285714285714,25.0428571428571
MICHEWENI,MICHEWENI,2021,Apr,2nd week,77.2,Zanzibar,29.5857142857143,24.3571428571429
MICHEWENI,MICHEWENI,2021,May,2nd week,336.0,Zanzibar,30.9857142857143,24.8
MICHEWENI,MICHEWENI,2021,Jun,2nd week,14.0,Zanzibar,29.2,23.3428571428571
MICHEWENI,MICHEWENI,2021,Jul,2nd week,4.4,Zanzibar,29.6428571428571,23.7142857142857
MICHEWENI,MICHEWENI,2021,Aug,2nd week,1.0,Zanzibar,29.3714285714286,21.6571428571429
MICHEWENI,MICHEWENI,2021,Sep,2nd week,3.3,Zanzibar,30.0285714285714,22.9
MICHEWENI,MICHEWENI,2021,Oct,2nd week,0.0,Zanzibar,31.6,23.5142857142857
MICHEWENI,MICHEWENI,2021,Nov,2nd week,4.2,Zanzibar,32.7142857142857,24.1428571428571
MICHEWENI,MICHEWENI,2021,Dec,2nd week,103.2,Zanzibar,30.7428571428571,24.3571428571429
MICHEWENI,MICHEWENI,2021,Jan,3rd week,0.0,Zanzibar,33.2428571428572,25.0714285714286
MICHEWENI,MICHEWENI,2021,Feb,3rd week,0.0,Zanzibar,32.5,25.0857142857143
MICHEWENI,MICHEWENI,2021,Mar,3rd week,30.3,Zanzibar,32.8714285714286,25.0
MICHEWENI,MICHEWENI,2021,Apr,3rd week,92.3,Zanzibar,29.9571428571429,24.5428571428571
MICHEWENI,MICHEWENI,2021,May,3rd week,138.9,Zanzibar,31.2285714285714,24.7142857142857
MICHEWENI,MICHEWENI,2021,Jun,3rd week,32.5,Zanzibar,29.1571428571429,23.3714285714286
MICHEWENI,MICHEWENI,2021,Jul,3rd week,0.0,Zanzibar,30.0571428571429,23.4857142857143
MICHEWENI,MICHEWENI,2021,Aug,3rd week,13.5,Zanzibar,29.3714285714286,22.7571428571429
MICHEWENI,MICHEWENI,2021,Sep,3rd week,13.0,Zanzibar,30.8,22.3714285714286
MICHEWENI,MICHEWENI,2021,Oct,3rd week,0.0,Zanzibar,31.0714285714286,22.9
MICHEWENI,MICHEWENI,2021,Nov,3rd week,15.0,Zanzibar,32.9714285714286,24.0714285714286
MICHEWENI,MICHEWENI,2021,Dec,3rd week,2.0,Zanzibar,31.3714285714286,25.1142857142857
MICHEWENI,MICHEWENI,2021,Jan,4th week,10.5,Zanzibar,32.9428571428571,25.0857142857143
MICHEWENI,MICHEWENI,2021,Feb,4th week,35.8,Zanzibar,33.2428571428572,25.2428571428571
MICHEWENI,MICHEWENI,2021,Mar,4th week,89.9,Zanzibar,32.8571428571429,25.7714285714286
MICHEWENI,MICHEWENI,2021,Apr,4th week,88.5,Zanzibar,31.2571428571429,25.5428571428571
MICHEWENI,MICHEWENI,2021,May,4th week,156.89999999999998,Zanzibar,30.7857142857143,24.3428571428571
MICHEWENI,MICHEWENI,2021,Jun,4th week,43.3,Zanzibar,29.5142857142857,21.8428571428571
MICHEWENI,MICHEWENI,2021,Jul,4th week,0.0,Zanzibar,29.5571428571429,23.2857142857143
MICHEWENI,MICHEWENI,2021,Aug,4th week,0.0,Zanzibar,30.1,21.5285714285714
MICHEWENI,MICHEWENI,2021,Sep,4th week,0.0,Zanzibar,30.7,22.8714285714286
MICHEWENI,MICHEWENI,2021,Oct,4th week,116.9,Zanzibar,31.8571428571429,23.5285714285714
MICHEWENI,MICHEWENI,2021,Nov,4th week,31.800000000000004,Zanzibar,32.6833333333333,25.6571428571429
MICHEWENI,MICHEWENI,2021,Dec,4th week,0.0,Zanzibar,31.5285714285714,25.0571428571429
MICHEWENI,MICHEWENI,2020,Jan,1st week,17.5,Zanzibar,33.7,25.8428571428571
MICHEWENI,MICHEWENI,2020,Feb,1st week,0.0,Zanzibar,34.5142857142857,25.0571428571429
MICHEWENI,MICHEWENI,2020,Mar,1st week,0.0,Zanzibar,32.2571428571429,25.4
MICHEWENI,MICHEWENI,2020,Apr,1st week,61.1,Zanzibar,32.8857142857143,25.7714285714286
MICHEWENI,MICHEWENI,2020,May,1st week,76.7,Zanzibar,30.2142857142857,24.9285714285714
MICHEWENI,MICHEWENI,2020,Jun,1st week,7.9,Zanzibar,30.4571428571429,24.9428571428571
MICHEWENI,MICHEWENI,2020,Jul,1st week,7.2,Zanzibar,29.7714285714286,23.5857142857143
MICHEWENI,MICHEWENI,2020,Aug,1st week,28.0,Zanzibar,29.8571428571429,23.0285714285714
MICHEWENI,MICHEWENI,2020,Sep,1st week,0.0,Zanzibar,29.9,23.0428571428571
MICHEWENI,MICHEWENI,2020,Oct,1st week,40.9,Zanzibar,31.7857142857143,24.0857142857143
MICHEWENI,MICHEWENI,2020,Nov,1st week,16.6,Zanzibar,30.0428571428571,22.8
MICHEWENI,MICHEWENI,2020,Dec,1st week,77.4,Zanzibar,31.5285714285714,24.5285714285714
MICHEWENI,MICHEWENI,2020,Jan,2nd week,0.0,Zanzibar,33.1285714285714,25.4857142857143
MICHEWENI,MICHEWENI,2020,Feb,2nd week,11.7,Zanzibar,31.9857142857143,25.1428571428571
MICHEWENI,MICHEWENI,2020,Mar,2nd week,0.0,Zanzibar,32.1857142857143,24.9428571428571
MICHEWENI,MICHEWENI,2020,Apr,2nd week,88.8,Zanzibar,30.1571428571429,24.3857142857143
MICHEWENI,MICHEWENI,2020,May,2nd week,220.0,Zanzibar,30.4571428571429,25.7285714285714
MICHEWENI,MICHEWENI,2020,Jun,2nd week,1.5,Zanzibar,30.6428571428571,24.2428571428571
MICHEWENI,MICHEWENI,2020,Jul,2nd week,0.0,Zanzibar,29.6,23.1
MICHEWENI,MICHEWENI,2020,Aug,2nd week,0.0,Zanzibar,29.3285714285714,22.0571428571429
MICHEWENI,MICHEWENI,2020,Sep,2nd week,30.0,Zanzibar,30.7,23.7142857142857
MICHEWENI,MICHEWENI,2020,Oct,2nd week,151.9,Zanzibar,32.1142857142857,23.4857142857143
MICHEWENI,MICHEWENI,2020,Nov,2nd week,83.4,Zanzibar,29.9428571428571,24.1857142857143
MICHEWENI,MICHEWENI,2020,Dec,2nd week,6.5,Zanzibar,31.9428571428571,25.0571428571429
MICHEWENI,MICHEWENI,2020,Jan,3rd week,0.0,Zanzibar,31.6714285714286,24.9285714285714
MICHEWENI,MICHEWENI,2020,Feb,3rd week,0.0,Zanzibar,31.3285714285714,25.9714285714286
MICHEWENI,MICHEWENI,2020,Mar,3rd week,0.0,Zanzibar,32.0571428571429,25.8428571428571
MICHEWENI,MICHEWENI,2020,Apr,3rd week,58.2,Zanzibar,29.1857142857143,24.6571428571429
MICHEWENI,MICHEWENI,2020,May,3rd week,99.0,Zanzibar,29.9285714285714,24.5142857142857
MICHEWENI,MICHEWENI,2020,Jun,3rd week,13.4,Zanzibar,30.3857142857143,23.5
MICHEWENI,MICHEWENI,2020,Jul,3rd week,31.7,Zanzibar,28.8285714285714,22.7285714285714
MICHEWENI,MICHEWENI,2020,Aug,3rd week,0.0,Zanzibar,29.2285714285714,22.6857142857143
MICHEWENI,MICHEWENI,2020,Sep,3rd week,0.0,Zanzibar,31.0714285714286,22.1857142857143
MICHEWENI,MICHEWENI,2020,Oct,3rd week,64.3,Zanzibar,31.3428571428571,23.5285714285714
MICHEWENI,MICHEWENI,2020,Nov,3rd week,16.7,Zanzibar,30.9714285714286,24.6285714285714
MICHEWENI,MICHEWENI,2020,Dec,3rd week,48.0,Zanzibar,31.7,24.5428571428571
MICHEWENI,MICHEWENI,2020,Jan,4th week,0.0,Zanzibar,30.7571428571429,25.8
MICHEWENI,MICHEWENI,2020,Feb,4th week,41.3,Zanzibar,32.7285714285714,26.375
MICHEWENI,MICHEWENI,2020,Mar,4th week,1.0,Zanzibar,31.8714285714286,25.5375
MICHEWENI,MICHEWENI,2020,Apr,4th week,54.3,Zanzibar,30.9571428571429,25.0
MICHEWENI,MICHEWENI,2020,May,4th week,398.5,Zanzibar,30.7714285714286,24.325
MICHEWENI,MICHEWENI,2020,Jun,4th week,0.0,Zanzibar,29.8714285714286,24.225
MICHEWENI,MICHEWENI,2020,Jul,4th week,0.0,Zanzibar,29.3428571428571,22.75
MICHEWENI,MICHEWENI,2020,Aug,4th week,14.8,Zanzibar,29.5,21.95
MICHEWENI,MICHEWENI,2020,Sep,4th week,18.0,Zanzibar,30.6857142857143,23.1
MICHEWENI,MICHEWENI,2020,Oct,4th week,93.5,Zanzibar,31.3142857142857,23.875
MICHEWENI,MICHEWENI,2020,Nov,4th week,67.1,Zanzibar,30.6714285714286,24.7875
MICHEWENI,MICHEWENI,2020,Dec,4th week,0.0,Zanzibar,31.8,25.55
MICHEWENI,MICHEWENI,2019,Jan,1st week,0.0,Zanzibar,33.0571428571429,26.8857142857143
MICHEWENI,MICHEWENI,2019,Feb,1st week,0.0,Zanzibar,34.5142857142857,25.0428571428571
MICHEWENI,MICHEWENI,2019,Mar,1st week,0.0,Zanzibar,33.8,24.7714285714286
MICHEWENI,MICHEWENI,2019,Apr,1st week,36.2,Zanzibar,32.4714285714286,25.5285714285714
MICHEWENI,MICHEWENI,2019,May,1st week,37.1,Zanzibar,31.4142857142857,24.6571428571429
MICHEWENI,MICHEWENI,2019,Jun,1st week,17.0,Zanzibar,30.3285714285714,23.8714285714286
MICHEWENI,MICHEWENI,2019,Jul,1st week,29.1,Zanzibar,30.8,23.2
MICHEWENI,MICHEWENI,2019,Aug,1st week,0.0,Zanzibar,30.3285714285714,22.4428571428571
MICHEWENI,MICHEWENI,2019,Sep,1st week,1.6,Zanzibar,29.2142857142857,21.2285714285714
MICHEWENI,MICHEWENI,2019,Oct,1st week,3.3,Zanzibar,29.9142857142857,24.8714285714286
MICHEWENI,MICHEWENI,2019,Nov,1st week,10.2,Zanzibar,32.0285714285714,25.0142857142857
MICHEWENI,MICHEWENI,2019,Dec,1st week,27.700000000000003,Zanzibar,32.6571428571429,23.6857142857143
MICHEWENI,MICHEWENI,2019,Jan,2nd week,0.0,Zanzibar,33.8142857142857,26.0714285714286
MICHEWENI,MICHEWENI,2019,Feb,2nd week,0.0,Zanzibar,31.9857142857143,24.3571428571429
MICHEWENI,MICHEWENI,2019,Mar,2nd week,0.0,Zanzibar,34.1285714285714,25.5714285714286
MICHEWENI,MICHEWENI,2019,Apr,2nd week,45.2,Zanzibar,32.0428571428571,25.3
MICHEWENI,MICHEWENI,2019,May,2nd week,147.79999999999998,Zanzibar,30.7285714285714,24.9571428571429
MICHEWENI,MICHEWENI,2019,Jun,2nd week,0.0,Zanzibar,30.3142857142857,23.9714285714286
MICHEWENI,MICHEWENI,2019,Jul,2nd week,9.1,Zanzibar,30.2571428571429,22.8142857142857
MICHEWENI,MICHEWENI,2019,Aug,2nd week,14.8,Zanzibar,29.8857142857143,22.4
MICHEWENI,MICHEWENI,2019,Sep,2nd week,2.3,Zanzibar,30.3,20.9857142857143
MICHEWENI,MICHEWENI,2019,Oct,2nd week,52.2,Zanzibar,29.0,24.2
MICHEWENI,MICHEWENI,2019,Nov,2nd week,23.1,Zanzibar,31.2428571428571,24.3857142857143
MICHEWENI,MICHEWENI,2019,Dec,2nd week,62.3,Zanzibar,33.3142857142857,25.0714285714286
MICHEWENI,MICHEWENI,2019,Jan,3rd week,0.0,Zanzibar,33.6,25.7285714285714
MICHEWENI,MICHEWENI,2019,Feb,3rd week,0.0,Zanzibar,31.3285714285714,25.1857142857143
MICHEWENI,MICHEWENI,2019,Mar,3rd week,0.0,Zanzibar,35.2714285714286,26.0142857142857
MICHEWENI,MICHEWENI,2019,Apr,3rd week,63.400000000000006,Zanzibar,31.4142857142857,24.8714285714286
MICHEWENI,MICHEWENI,2019,May,3rd week,36.1,Zanzibar,31.4714285714286,25.3571428571429
MICHEWENI,MICHEWENI,2019,Jun,3rd week,21.1,Zanzibar,29.9,23.1
MICHEWENI,MICHEWENI,2019,Jul,3rd week,2.1,Zanzibar,29.5,22.6714285714286
MICHEWENI,MICHEWENI,2019,Aug,3rd week,47.00000000000001,Zanzibar,30.6714285714286,22.5714285714286
MICHEWENI,MICHEWENI,2019,Sep,3rd week,0.3,Zanzibar,30.7142857142857,20.4285714285714
MICHEWENI,MICHEWENI,2019,Oct,3rd week,1.1,Zanzibar,29.7428571428571,24.0
MICHEWENI,MICHEWENI,2019,Nov,3rd week,7.199999999999999,Zanzibar,31.1857142857143,24.1428571428571
MICHEWENI,MICHEWENI,2019,Dec,3rd week,18.3,Zanzibar,31.8714285714286,25.1142857142857
MICHEWENI,MICHEWENI,2019,Jan,4th week,0.0,Zanzibar,33.2571428571429,25.5428571428571
MICHEWENI,MICHEWENI,2019,Feb,4th week,6.3,Zanzibar,32.7285714285714,24.1142857142857
MICHEWENI,MICHEWENI,2019,Mar,4th week,44.5,Zanzibar,34.8285714285714,25.9857142857143
MICHEWENI,MICHEWENI,2019,Apr,4th week,68.6,Zanzibar,30.2,24.7
MICHEWENI,MICHEWENI,2019,May,4th week,11.2,Zanzibar,30.6571428571429,24.3
MICHEWENI,MICHEWENI,2019,Jun,4th week,1.0,Zanzibar,29.6857142857143,23.6142857142857
MICHEWENI,MICHEWENI,2019,Jul,4th week,1.4,Zanzibar,30.3714285714286,22.0142857142857
MICHEWENI,MICHEWENI,2019,Aug,4th week,0.5,Zanzibar,30.1857142857143,22.4285714285714
MICHEWENI,MICHEWENI,2019,Sep,4th week,7.7,Zanzibar,30.5285714285714,22.1571428571429
MICHEWENI,MICHEWENI,2019,Oct,4th week,2.2,Zanzibar,30.6,24.1
MICHEWENI,MICHEWENI,2019,Nov,4th week,50.4,Zanzibar,31.9285714285714,24.7
MICHEWENI,MICHEWENI,2019,Dec,4th week,67.5,Zanzibar,33.8,25.6428571428571
MICHEWENI,MICHEWENI,2018,Jan,1st week,6.1,Zanzibar,,
MICHEWENI,MICHEWENI,2018,Feb,1st week,0.0,Zanzibar,,
MICHEWENI,MICHEWENI,2018,Mar,1st week,85.5,Zanzibar,,
MICHEWENI,MICHEWENI,2018,Apr,1st week,85.5,Zanzibar,,
MICHEWENI,MICHEWENI,2018,May,1st week,186.3,Zanzibar,,
MICHEWENI,MICHEWENI,2018,Jun,1st week,8.5,Zanzibar,,
MICHEWENI,MICHEWENI,2018,Jul,1st week,14.9,Zanzibar,,
MICHEWENI,MICHEWENI,2018,Aug,1st week,7.2,Zanzibar,,
MICHEWENI,MICHEWENI,2018,Sep,1st week,8.2,Zanzibar,,
MICHEWENI,MICHEWENI,2018,Oct,1st week,0.0,Zanzibar,,
MICHEWENI,MICHEWENI,2018,Nov,1st week,41.5,Zanzibar,,
MICHEWENI,MICHEWENI,2018,Dec,1st week,0.0,Zanzibar,,
MICHEWENI,MICHEWENI,2018,Jan,2nd week,3.6,Zanzibar,,
MICHEWENI,MICHEWENI,2018,Feb,2nd week,28.0,Zanzibar,,
MICHEWENI,MICHEWENI,2018,Mar,2nd week,1.4,Zanzibar,,
MICHEWENI,MICHEWENI,2018,Apr,2nd week,130.6,Zanzibar,,
MICHEWENI,MICHEWENI,2018,May,2nd week,87.7,Zanzibar,,
MICHEWENI,MICHEWENI,2018,Jun,2nd week,59.4,Zanzibar,,
MICHEWENI,MICHEWENI,2018,Jul,2nd week,2.8,Zanzibar,,
MICHEWENI,MICHEWENI,2018,Aug,2nd week,5.4,Zanzibar,,
MICHEWENI,MICHEWENI,2018,Sep,2nd week,6.1,Zanzibar,,
MICHEWENI,MICHEWENI,2018,Oct,2nd week,0.0,Zanzibar,,
MICHEWENI,MICHEWENI,2018,Nov,2nd week,19.3,Zanzibar,,
MICHEWENI,MICHEWENI,2018,Dec,2nd week,0.0,Zanzibar,,
MICHEWENI,MICHEWENI,2018,Jan,3rd week,0.0,Zanzibar,,
MICHEWENI,MICHEWENI,2018,Feb,3rd week,0.8,Zanzibar,,
MICHEWENI,MICHEWENI,2018,Mar,3rd week,28.1,Zanzibar,,
MICHEWENI,MICHEWENI,2018,Apr,3rd week,104.5,Zanzibar,,
MICHEWENI,MICHEWENI,2018,May,3rd week,117.9,Zanzibar,,
MICHEWENI,MICHEWENI,2018,Jun,3rd week,50.3,Zanzibar,,
MICHEWENI,MICHEWENI,2018,Jul,3rd week,25.1,Zanzibar,,
MICHEWENI,MICHEWENI,2018,Aug,3rd week,3.5,Zanzibar,,
MICHEWENI,MICHEWENI,2018,Sep,3rd week,3.5,Zanzibar,,
MICHEWENI,MICHEWENI,2018,Oct,3rd week,4.7,Zanzibar,,
MICHEWENI,MICHEWENI,2018,Nov,3rd week,13.5,Zanzibar,,
MICHEWENI,MICHEWENI,2018,Dec,3rd week,7.0,Zanzibar,,
MICHEWENI,MICHEWENI,2018,Jan,4th week,0.0,Zanzibar,,
MICHEWENI,MICHEWENI,2018,Feb,4th week,28.9,Zanzibar,,
MICHEWENI,MICHEWENI,2018,Mar,4th week,78.9,Zanzibar,,
MICHEWENI,MICHEWENI,2018,Apr,4th week,132.0,Zanzibar,,
MICHEWENI,MICHEWENI,2018,May,4th week,217.40000000000003,Zanzibar,,
MICHEWENI,MICHEWENI,2018,Jun,4th week,13.2,Zanzibar,,
MICHEWENI,MICHEWENI,2018,Jul,4th week,8.8,Zanzibar,,
MICHEWENI,MICHEWENI,2018,Aug,4th week,3.5,Zanzibar,,
MICHEWENI,MICHEWENI,2018,Sep,4th week,0.9,Zanzibar,,
MICHEWENI,MICHEWENI,2018,Oct,4th week,30.0,Zanzibar,,
MICHEWENI,MICHEWENI,2018,Nov,4th week,0.0,Zanzibar,,
MICHEWENI,MICHEWENI,2018,Dec,4th week,3.8,Zanzibar,,
KASKAZINI B,KASKAZINI B,2023,Jan,1st week,0.0,Pemba,32.1142857142857,25.2
KASKAZINI B,KASKAZINI B,2023,Feb,1st week,0.0,Pemba,31.8571428571429,24.2571428571429
KASKAZINI B,KASKAZINI B,2023,Mar,1st week,0.0,Pemba,31.9571428571429,24.2571428571429
KASKAZINI B,KASKAZINI B,2023,Apr,1st week,33.1,Pemba,31.4857142857143,25.3142857142857
KASKAZINI B,KASKAZINI B,2023,May,1st week,21.7,Pemba,30.1428571428571,25.2285714285714
KASKAZINI B,KASKAZINI B,2023,Jun,1st week,56.3,Pemba,28.9571428571429,23.0
KASKAZINI B,KASKAZINI B,2023,Jul,1st week,13.4,Pemba,28.4285714285714,23.6
KASKAZINI B,KASKAZINI B,2023,Aug,1st week,9.5,Pemba,28.4285714285714,23.8285714285714
KASKAZINI B,KASKAZINI B,2023,Sep,1st week,19.3,Pemba,29.1714285714286,23.2857142857143
KASKAZINI B,KASKAZINI B,2023,Oct,1st week,26.8,Pemba,30.4857142857143,23.9714285714286
KASKAZINI B,KASKAZINI B,2023,Nov,1st week,302.2,Pemba,28.7428571428571,24.0857142857143
KASKAZINI B,KASKAZINI B,2023,Dec,1st week,23.9,Pemba,31.3142857142857,25.5714285714286
KASKAZINI B,KASKAZINI B,2023,Jan,2nd week,0.0,Pemba,31.85,24.6571428571429
KASKAZINI B,KASKAZINI B,2023,Feb,2nd week,2.1,Pemba,31.1875,25.0142857142857
KASKAZINI B,KASKAZINI B,2023,Mar,2nd week,0.0,Pemba,32.3875,25.0142857142857
KASKAZINI B,KASKAZINI B,2023,Apr,2nd week,42.6,Pemba,31.6625,25.5714285714286
KASKAZINI B,KASKAZINI B,2023,May,2nd week,88.3,Pemba,30.075,25.3714285714286
KASKAZINI B,KASKAZINI B,2023,Jun,2nd week,2.8,Pemba,29.3125,23.7857142857143
KASKAZINI B,KASKAZINI B,2023,Jul,2nd week,0.0,Pemba,28.675,23.1714285714286
KASKAZINI B,KASKAZINI B,2023,Aug,2nd week,7.3,Pemba,28.675,23.7142857142857
KASKAZINI B,KASKAZINI B,2023,Sep,2nd week,7.7,Pemba,29.5,23.8285714285714
KASKAZINI B,KASKAZINI B,2023,Oct,2nd week,0.0,Pemba,31.0375,23.7285714285714
KASKAZINI B,KASKAZINI B,2023,Nov,2nd week,126.7,Pemba,30.5,24.5571428571429
KASKAZINI B,KASKAZINI B,2023,Dec,2nd week,56.5,Pemba,31.3625,24.5285714285714
KASKAZINI B,KASKAZINI B,2023,Jan,3rd week,2.5,Pemba,31.7333333333333,24.7
KASKAZINI B,KASKAZINI B,2023,Feb,3rd week,0.0,Pemba,31.5,25.3
KASKAZINI B,KASKAZINI B,2023,Mar,3rd week,93.8,Pemba,31.6666666666667,25.3
KASKAZINI B,KASKAZINI B,2023,Apr,3rd week,104.2,Pemba,28.7333333333333,25.1857142857143
KASKAZINI B,KASKAZINI B,2023,May,3rd week,3.7,Pemba,30.45,25.5142857142857
KASKAZINI B,KASKAZINI B,2023,Jun,3rd week,5.9,Pemba,29.4333333333333,23.8142857142857
KASKAZINI B,KASKAZINI B,2023,Jul,3rd week,0.0,Pemba,28.8,24.4
KASKAZINI B,KASKAZINI B,2023,Aug,3rd week,3.7,Pemba,28.8,22.8285714285714
KASKAZINI B,KASKAZINI B,2023,Sep,3rd week,18.2,Pemba,29.8666666666667,23.9857142857143
KASKAZINI B,KASKAZINI B,2023,Oct,3rd week,0.0,Pemba,31.1166666666667,25.2142857142857
KASKAZINI B,KASKAZINI B,2023,Nov,3rd week,82.6,Pemba,30.0833333333333,24.9714285714286
KASKAZINI B,KASKAZINI B,2023,Dec,3rd week,51.4,Pemba,31.5833333333333,25.4142857142857
KASKAZINI B,KASKAZINI B,2023,Jan,4th week,5.1,Pemba,30.8571428571429,25.6857142857143
KASKAZINI B,KASKAZINI B,2023,Feb,4th week,0.0,Pemba,31.6857142857143,23.5714285714286
KASKAZINI B,KASKAZINI B,2023,Mar,4th week,8.3,Pemba,31.0571428571429,23.5714285714286
KASKAZINI B,KASKAZINI B,2023,Apr,4th week,109.8,Pemba,29.2857142857143,25.1
KASKAZINI B,KASKAZINI B,2023,May,4th week,43.8,Pemba,29.2714285714286,24.5142857142857
KASKAZINI B,KASKAZINI B,2023,Jun,4th week,0.0,Pemba,28.7,23.9714285714286
KASKAZINI B,KASKAZINI B,2023,Jul,4th week,29.3,Pemba,28.5142857142857,24.1714285714286
KASKAZINI B,KASKAZINI B,2023,Aug,4th week,9.3,Pemba,28.5142857142857,23.3857142857143
KASKAZINI B,KASKAZINI B,2023,Sep,4th week,27.8,Pemba,30.2142857142857,24.3857142857143
KASKAZINI B,KASKAZINI B,2023,Oct,4th week,66.9,Pemba,31.1857142857143,24.6285714285714
KASKAZINI B,KASKAZINI B,2023,Nov,4th week,57.3,Pemba,30.5571428571429,24.3428571428571
KASKAZINI B,KASKAZINI B,2023,Dec,4th week,12.0,Pemba,31.7285714285714,26.1857142857143
KASKAZINI B,KASKAZINI B,2022,Jan,1st week,0.0,Pemba,32.3428571428571,25.4428571428571
KASKAZINI B,KASKAZINI B,2022,Feb,1st week,64.5,Pemba,31.2142857142857,24.0714285714286
KASKAZINI B,KASKAZINI B,2022,Mar,1st week,0.0,Pemba,31.3285714285714,24.2714285714286
KASKAZINI B,KASKAZINI B,2022,Apr,1st week,22.3,Pemba,31.8714285714286,25.2
KASKAZINI B,KASKAZINI B,2022,May,1st week,32.3,Pemba,29.2285714285714,24.3428571428571
KASKAZINI B,KASKAZINI B,2022,Jun,1st week,31.5,Pemba,27.7428571428571,23.7
KASKAZINI B,KASKAZINI B,2022,Jul,1st week,2.8,Pemba,27.0285714285714,22.9571428571429
KASKAZINI B,KASKAZINI B,2022,Aug,1st week,0.0,Pemba,27.2285714285714,21.3714285714286
KASKAZINI B,KASKAZINI B,2022,Sep,1st week,1.2,Pemba,27.7285714285714,21.5571428571429
KASKAZINI B,KASKAZINI B,2022,Oct,1st week,1.9,Pemba,28.1857142857143,22.8428571428571
KASKAZINI B,KASKAZINI B,2022,Nov,1st week,28.0,Pemba,29.9857142857143,23.2428571428571
KASKAZINI B,KASKAZINI B,2022,Dec,1st week,0.0,Pemba,31.4857142857143,24.4
KASKAZINI B,KASKAZINI B,2022,Jan,2nd week,0.0,Pemba,31.9285714285714,26.0428571428571
KASKAZINI B,KASKAZINI B,2022,Feb,2nd week,4.5,Pemba,31.1428571428571,24.5571428571429
KASKAZINI B,KASKAZINI B,2022,Mar,2nd week,0.0,Pemba,32.0,24.4571428571429
KASKAZINI B,KASKAZINI B,2022,Apr,2nd week,45.3,Pemba,30.9142857142857,25.5142857142857
KASKAZINI B,KASKAZINI B,2022,May,2nd week,0.0,Pemba,29.9714285714286,25.9714285714286
KASKAZINI B,KASKAZINI B,2022,Jun,2nd week,0.0,Pemba,28.8428571428571,24.3857142857143
KASKAZINI B,KASKAZINI B,2022,Jul,2nd week,13.599999999999998,Pemba,27.1571428571429,22.5142857142857
KASKAZINI B,KASKAZINI B,2022,Aug,2nd week,18.4,Pemba,27.3714285714286,22.6142857142857
KASKAZINI B,KASKAZINI B,2022,Sep,2nd week,6.0,Pemba,28.0571428571429,21.7285714285714
KASKAZINI B,KASKAZINI B,2022,Oct,2nd week,3.9,Pemba,28.4428571428571,23.5
KASKAZINI B,KASKAZINI B,2022,Nov,2nd week,0.0,Pemba,30.3571428571429,24.0142857142857
KASKAZINI B,KASKAZINI B,2022,Dec,2nd week,2.4,Pemba,31.8,24.0857142857143
KASKAZINI B,KASKAZINI B,2022,Jan,3rd week,82.5,Pemba,31.2857142857143,24.0571428571429
KASKAZINI B,KASKAZINI B,2022,Feb,3rd week,52.0,Pemba,31.8,24.1428571428571
KASKAZINI B,KASKAZINI B,2022,Mar,3rd week,0.0,Pemba,31.7142857142857,24.3
KASKAZINI B,KASKAZINI B,2022,Apr,3rd week,91.1,Pemba,29.5714285714286,24.5428571428571
KASKAZINI B,KASKAZINI B,2022,May,3rd week,3.7,Pemba,29.9571428571429,25.8
KASKAZINI B,KASKAZINI B,2022,Jun,3rd week,0.0,Pemba,28.7857142857143,24.8142857142857
KASKAZINI B,KASKAZINI B,2022,Jul,3rd week,16.8,Pemba,27.4285714285714,22.9714285714286
KASKAZINI B,KASKAZINI B,2022,Aug,3rd week,2.3,Pemba,27.6428571428571,21.7571428571429
KASKAZINI B,KASKAZINI B,2022,Sep,3rd week,4.6,Pemba,28.1142857142857,22.9714285714286
KASKAZINI B,KASKAZINI B,2022,Oct,3rd week,7.300000000000001,Pemba,28.7,22.9142857142857
KASKAZINI B,KASKAZINI B,2022,Nov,3rd week,26.3,Pemba,30.2857142857143,24.1142857142857
KASKAZINI B,KASKAZINI B,2022,Dec,3rd week,26.6,Pemba,31.8142857142857,25.4714285714286
KASKAZINI B,KASKAZINI B,2022,Jan,4th week,23.9,Pemba,30.3142857142857,25.0714285714286
KASKAZINI B,KASKAZINI B,2022,Feb,4th week,14.8,Pemba,31.1714285714286,25.3
KASKAZINI B,KASKAZINI B,2022,Mar,4th week,24.700000000000003,Pemba,32.0428571428571,25.6428571428571
KASKAZINI B,KASKAZINI B,2022,Apr,4th week,146.00000000000003,Pemba,30.6571428571429,24.8857142857143
KASKAZINI B,KASKAZINI B,2022,May,4th week,7.0,Pemba,30.2,26.3142857142857
KASKAZINI B,KASKAZINI B,2022,Jun,4th week,18.8,Pemba,28.1714285714286,24.5428571428571
KASKAZINI B,KASKAZINI B,2022,Jul,4th week,8.3,Pemba,27.2285714285714,23.2142857142857
KASKAZINI B,KASKAZINI B,2022,Aug,4th week,7.4,Pemba,27.4714285714286,22.4857142857143
KASKAZINI B,KASKAZINI B,2022,Sep,4th week,7.3,Pemba,28.4857142857143,23.4857142857143
KASKAZINI B,KASKAZINI B,2022,Oct,4th week,2.5,Pemba,28.8285714285714,23.6714285714286
KASKAZINI B,KASKAZINI B,2022,Nov,4th week,39.0,Pemba,30.6428571428571,24.3571428571429
KASKAZINI B,KASKAZINI B,2022,Dec,4th week,67.7,Pemba,31.3428571428571,26.0285714285714
KASKAZINI B,KASKAZINI B,2021,Jan,1st week,14.0,Pemba,30.6857142857143,24.4714285714286
KASKAZINI B,KASKAZINI B,2021,Feb,1st week,0.0,Pemba,31.0142857142857,23.5
KASKAZINI B,KASKAZINI B,2021,Mar,1st week,0.0,Pemba,31.8571428571429,24.3571428571429
KASKAZINI B,KASKAZINI B,2021,Apr,1st week,23.6,Pemba,30.7571428571429,25.2571428571429
KASKAZINI B,KASKAZINI B,2021,May,1st week,75.0,Pemba,28.3285714285714,23.8714285714286
KASKAZINI B,KASKAZINI B,2021,Jun,1st week,16.6,Pemba,29.0714285714286,23.9714285714286
KASKAZINI B,KASKAZINI B,2021,Jul,1st week,1.6,Pemba,27.9571428571429,23.5
KASKAZINI B,KASKAZINI B,2021,Aug,1st week,5.9,Pemba,27.4142857142857,22.4428571428571
KASKAZINI B,KASKAZINI B,2021,Sep,1st week,0.0,Pemba,27.4142857142857,24.1428571428571
KASKAZINI B,KASKAZINI B,2021,Oct,1st week,2.2,Pemba,29.1142857142857,23.1714285714286
KASKAZINI B,KASKAZINI B,2021,Nov,1st week,3.4,Pemba,30.6714285714286,24.4285714285714
KASKAZINI B,KASKAZINI B,2021,Dec,1st week,93.6,Pemba,30.8857142857143,24.5571428571429
KASKAZINI B,KASKAZINI B,2021,Jan,2nd week,11.2,Pemba,29.625,24.5428571428571
KASKAZINI B,KASKAZINI B,2021,Feb,2nd week,4.5,Pemba,30.4125,25.3714285714286
KASKAZINI B,KASKAZINI B,2021,Mar,2nd week,0.0,Pemba,31.4625,24.1285714285714
KASKAZINI B,KASKAZINI B,2021,Apr,2nd week,48.8,Pemba,29.75,24.6714285714286
KASKAZINI B,KASKAZINI B,2021,May,2nd week,0.0,Pemba,29.625,25.0571428571429
KASKAZINI B,KASKAZINI B,2021,Jun,2nd week,0.0,Pemba,28.25,24.4
KASKAZINI B,KASKAZINI B,2021,Jul,2nd week,17.2,Pemba,27.925,24.1
KASKAZINI B,KASKAZINI B,2021,Aug,2nd week,0.0,Pemba,27.9875,22.2
KASKAZINI B,KASKAZINI B,2021,Sep,2nd week,30.9,Pemba,27.9875,23.6857142857143
KASKAZINI B,KASKAZINI B,2021,Oct,2nd week,0.0,Pemba,29.5125,23.9428571428571
KASKAZINI B,KASKAZINI B,2021,Nov,2nd week,0.0,Pemba,31.075,23.5857142857143
KASKAZINI B,KASKAZINI B,2021,Dec,2nd week,60.2,Pemba,31.0,24.4714285714286
KASKAZINI B,KASKAZINI B,2021,Jan,3rd week,0.0,Pemba,30.6857142857143,23.7571428571429
KASKAZINI B,KASKAZINI B,2021,Feb,3rd week,0.0,Pemba,30.9142857142857,24.6142857142857
KASKAZINI B,KASKAZINI B,2021,Mar,3rd week,15.1,Pemba,31.9571428571429,23.9714285714286
KASKAZINI B,KASKAZINI B,2021,Apr,3rd week,83.9,Pemba,28.2,24.4571428571429
KASKAZINI B,KASKAZINI B,2021,May,3rd week,0.0,Pemba,29.7,24.7857142857143
KASKAZINI B,KASKAZINI B,2021,Jun,3rd week,4.4,Pemba,28.2857142857143,23.4285714285714
KASKAZINI B,KASKAZINI B,2021,Jul,3rd week,2.0,Pemba,27.8285714285714,24.2285714285714
KASKAZINI B,KASKAZINI B,2021,Aug,3rd week,40.900000000000006,Pemba,27.9142857142857,22.9142857142857
KASKAZINI B,KASKAZINI B,2021,Sep,3rd week,1.2,Pemba,27.9142857142857,23.4
KASKAZINI B,KASKAZINI B,2021,Oct,3rd week,22.7,Pemba,29.4,24.5285714285714
KASKAZINI B,KASKAZINI B,2021,Nov,3rd week,5.4,Pemba,31.1714285714286,23.8428571428571
KASKAZINI B,KASKAZINI B,2021,Dec,3rd week,25.8,Pemba,31.1428571428571,24.6857142857143
KASKAZINI B,KASKAZINI B,2021,Jan,4th week,0.0,Pemba,30.4333333333333,24.4571428571429
KASKAZINI B,KASKAZINI B,2021,Feb,4th week,9.6,Pemba,31.5833333333333,24.4142857142857
KASKAZINI B,KASKAZINI B,2021,Mar,4th week,41.8,Pemba,30.9666666666667,23.9714285714286
KASKAZINI B,KASKAZINI B,2021,Apr,4th week,62.7,Pemba,30.4666666666667,24.9
KASKAZINI B,KASKAZINI B,2021,May,4th week,0.0,Pemba,29.2166666666667,25.2285714285714
KASKAZINI B,KASKAZINI B,2021,Jun,4th week,13.6,Pemba,27.7,23.0142857142857
KASKAZINI B,KASKAZINI B,2021,Jul,4th week,4.8,Pemba,27.3,23.5714285714286
KASKAZINI B,KASKAZINI B,2021,Aug,4th week,9.6,Pemba,27.85,22.2714285714286
KASKAZINI B,KASKAZINI B,2021,Sep,4th week,24.2,Pemba,27.85,23.1142857142857
KASKAZINI B,KASKAZINI B,2021,Oct,4th week,5.0,Pemba,30.1833333333333,22.5142857142857
KASKAZINI B,KASKAZINI B,2021,Nov,4th week,0.0,Pemba,31.5666666666667,25.0857142857143
KASKAZINI B,KASKAZINI B,2021,Dec,4th week,70.2,Pemba,31.6,24.7571428571429
KASKAZINI B,KASKAZINI B,2020,Jan,1st week,0.0,Pemba,32.0714285714286,25.8142857142857
KASKAZINI B,KASKAZINI B,2020,Feb,1st week,2.6,Pemba,30.7142857142857,24.7857142857143
KASKAZINI B,KASKAZINI B,2020,Mar,1st week,29.8,Pemba,31.8714285714286,25.5857142857143
KASKAZINI B,KASKAZINI B,2020,Apr,1st week,62.1,Pemba,31.5,25.5
KASKAZINI B,KASKAZINI B,2020,May,1st week,98.1,Pemba,28.9714285714286,24.4
KASKAZINI B,KASKAZINI B,2020,Jun,1st week,0.0,Pemba,29.0857142857143,25.1285714285714
KASKAZINI B,KASKAZINI B,2020,Jul,1st week,0.0,Pemba,27.7571428571429,24.1428571428571
KASKAZINI B,KASKAZINI B,2020,Aug,1st week,2.3,Pemba,27.9714285714286,23.2142857142857
KASKAZINI B,KASKAZINI B,2020,Sep,1st week,31.0,Pemba,28.0714285714286,23.0
KASKAZINI B,KASKAZINI B,2020,Oct,1st week,0.0,Pemba,29.6,22.6142857142857
KASKAZINI B,KASKAZINI B,2020,Nov,1st week,170.8,Pemba,30.0428571428571,25.0142857142857
KASKAZINI B,KASKAZINI B,2020,Dec,1st week,51.5,Pemba,31.2285714285714,24.4857142857143
KASKAZINI B,KASKAZINI B,2020,Jan,2nd week,42.5,Pemba,31.7714285714286,25.6
KASKAZINI B,KASKAZINI B,2020,Feb,2nd week,9.7,Pemba,31.2428571428571,24.8625
KASKAZINI B,KASKAZINI B,2020,Mar,2nd week,45.9,Pemba,31.7428571428571,25.7625
KASKAZINI B,KASKAZINI B,2020,Apr,2nd week,223.2,Pemba,29.6571428571429,24.9
KASKAZINI B,KASKAZINI B,2020,May,2nd week,0.0,Pemba,29.2857142857143,24.3625
KASKAZINI B,KASKAZINI B,2020,Jun,2nd week,2.3,Pemba,28.9714285714286,24.5625
KASKAZINI B,KASKAZINI B,2020,Jul,2nd week,18.3,Pemba,28.2571428571429,23.4625
KASKAZINI B,KASKAZINI B,2020,Aug,2nd week,0.0,Pemba,27.6428571428571,22.3625
KASKAZINI B,KASKAZINI B,2020,Sep,2nd week,13.0,Pemba,28.8,22.5625
KASKAZINI B,KASKAZINI B,2020,Oct,2nd week,5.0,Pemba,30.4428571428571,23.8
KASKAZINI B,KASKAZINI B,2020,Nov,2nd week,176.4,Pemba,29.7571428571429,24.1125
KASKAZINI B,KASKAZINI B,2020,Dec,2nd week,0.0,Pemba,31.4857142857143,24.8375
KASKAZINI B,KASKAZINI B,2020,Jan,3rd week,188.3,Pemba,30.6714285714286,26.0142857142857
KASKAZINI B,KASKAZINI B,2020,Feb,3rd week,16.4,Pemba,31.6571428571429,25.1428571428571
KASKAZINI B,KASKAZINI B,2020,Mar,3rd week,18.1,Pemba,31.6714285714286,25.4285714285714
KASKAZINI B,KASKAZINI B,2020,Apr,3rd week,384.4,Pemba,29.0,23.9857142857143
KASKAZINI B,KASKAZINI B,2020,May,3rd week,38.3,Pemba,29.2714285714286,24.2142857142857
KASKAZINI B,KASKAZINI B,2020,Jun,3rd week,0.0,Pemba,27.9142857142857,24.8
KASKAZINI B,KASKAZINI B,2020,Jul,3rd week,10.4,Pemba,27.5,23.3857142857143
KASKAZINI B,KASKAZINI B,2020,Aug,3rd week,34.3,Pemba,28.2,23.7
KASKAZINI B,KASKAZINI B,2020,Sep,3rd week,20.1,Pemba,28.5285714285714,22.8
KASKAZINI B,KASKAZINI B,2020,Oct,3rd week,65.4,Pemba,30.0428571428571,23.2428571428571
KASKAZINI B,KASKAZINI B,2020,Nov,3rd week,30.3,Pemba,30.3142857142857,25.3285714285714
KASKAZINI B,KASKAZINI B,2020,Dec,3rd week,15.9,Pemba,31.1142857142857,25.1571428571429
KASKAZINI B,KASKAZINI B,2020,Jan,4th week,36.1,Pemba,30.725,25.8428571428571
KASKAZINI B,KASKAZINI B,2020,Feb,4th week,0.0,Pemba,32.3625,25.6428571428571
KASKAZINI B,KASKAZINI B,2020,Mar,4th week,41.5,Pemba,31.425,25.0142857142857
KASKAZINI B,KASKAZINI B,2020,Apr,4th week,210.5,Pemba,29.25,24.5142857142857
KASKAZINI B,KASKAZINI B,2020,May,4th week,0.0,Pemba,29.7125,24.5428571428571
KASKAZINI B,KASKAZINI B,2020,Jun,4th week,3.1,Pemba,28.2375,23.7
KASKAZINI B,KASKAZINI B,2020,Jul,4th week,1.5,Pemba,27.65,24.3142857142857
KASKAZINI B,KASKAZINI B,2020,Aug,4th week,7.5,Pemba,28.2875,23.2428571428571
KASKAZINI B,KASKAZINI B,2020,Sep,4th week,24.0,Pemba,28.7625,22.9142857142857
KASKAZINI B,KASKAZINI B,2020,Oct,4th week,36.3,Pemba,30.5,24.7714285714286
KASKAZINI B,KASKAZINI B,2020,Nov,4th week,121.2,Pemba,31.025,24.4857142857143
KASKAZINI B,KASKAZINI B,2020,Dec,4th week,7.7,Pemba,31.2125,26.3142857142857
KASKAZINI B,KASKAZINI B,2019,Jan,1st week,21.7,Pemba,32.3285714285714,25.5571428571429
KASKAZINI B,KASKAZINI B,2019,Feb,1st week,13.6,Pemba,30.7142857142857,24.7857142857143
KASKAZINI B,KASKAZINI B,2019,Mar,1st week,8.4,Pemba,33.1142857142857,25.0142857142857
KASKAZINI B,KASKAZINI B,2019,Apr,1st week,29.7,Pemba,31.8142857142857,24.9428571428571
KASKAZINI B,KASKAZINI B,2019,May,1st week,259.7,Pemba,29.4142857142857,24.8285714285714
KASKAZINI B,KASKAZINI B,2019,Jun,1st week,0.0,Pemba,29.4142857142857,24.1571428571429
KASKAZINI B,KASKAZINI B,2019,Jul,1st week,0.0,Pemba,29.3571428571429,24.1857142857143
KASKAZINI B,KASKAZINI B,2019,Aug,1st week,0.0,Pemba,28.9571428571429,23.7571428571429
KASKAZINI B,KASKAZINI B,2019,Sep,1st week,2.0,Pemba,29.4428571428571,23.1857142857143
KASKAZINI B,KASKAZINI B,2019,Oct,1st week,99.5,Pemba,29.5285714285714,23.8
KASKAZINI B,KASKAZINI B,2019,Nov,1st week,117.7,Pemba,30.4285714285714,24.6857142857143
KASKAZINI B,KASKAZINI B,2019,Dec,1st week,73.5,Pemba,32.1,25.1428571428571
KASKAZINI B,KASKAZINI B,2019,Jan,2nd week,0.0,Pemba,32.3571428571429,25.7
KASKAZINI B,KASKAZINI B,2019,Feb,2nd week,0.0,Pemba,31.2428571428571,24.6857142857143
KASKAZINI B,KASKAZINI B,2019,Mar,2nd week,0.0,Pemba,32.5714285714286,25.1142857142857
KASKAZINI B,KASKAZINI B,2019,Apr,2nd week,40.4,Pemba,31.0714285714286,25.0142857142857
KASKAZINI B,KASKAZINI B,2019,May,2nd week,226.3,Pemba,28.1428571428571,25.0428571428571
KASKAZINI B,KASKAZINI B,2019,Jun,2nd week,3.1,Pemba,29.1428571428571,23.7714285714286
KASKAZINI B,KASKAZINI B,2019,Jul,2nd week,0.0,Pemba,29.0857142857143,24.6428571428571
KASKAZINI B,KASKAZINI B,2019,Aug,2nd week,20.0,Pemba,28.9285714285714,24.0428571428571
KASKAZINI B,KASKAZINI B,2019,Sep,2nd week,21.1,Pemba,28.9714285714286,23.9285714285714
KASKAZINI B,KASKAZINI B,2019,Oct,2nd week,177.2,Pemba,28.8285714285714,24.0857142857143
KASKAZINI B,KASKAZINI B,2019,Nov,2nd week,41.8,Pemba,30.5571428571429,24.6285714285714
KASKAZINI B,KASKAZINI B,2019,Dec,2nd week,3.3,Pemba,31.9857142857143,24.8285714285714
KASKAZINI B,KASKAZINI B,2019,Jan,3rd week,22.0,Pemba,32.3,24.4857142857143
KASKAZINI B,KASKAZINI B,2019,Feb,3rd week,42.0,Pemba,31.6571428571429,25.2571428571429
KASKAZINI B,KASKAZINI B,2019,Mar,3rd week,0.0,Pemba,32.7,24.1714285714286
KASKAZINI B,KASKAZINI B,2019,Apr,3rd week,4.0,Pemba,32.3571428571429,25.6428571428571
KASKAZINI B,KASKAZINI B,2019,May,3rd week,98.0,Pemba,29.2285714285714,24.4428571428571
KASKAZINI B,KASKAZINI B,2019,Jun,3rd week,0.0,Pemba,28.8714285714286,24.3
KASKAZINI B,KASKAZINI B,2019,Jul,3rd week,15.8,Pemba,28.3857142857143,23.5
KASKAZINI B,KASKAZINI B,2019,Aug,3rd week,7.0,Pemba,28.8571428571429,24.3
KASKAZINI B,KASKAZINI B,2019,Sep,3rd week,31.3,Pemba,29.6571428571429,23.5428571428571
KASKAZINI B,KASKAZINI B,2019,Oct,3rd week,98.4,Pemba,29.3,23.6428571428571
KASKAZINI B,KASKAZINI B,2019,Nov,3rd week,82.0,Pemba,31.1857142857143,25.6714285714286
KASKAZINI B,KASKAZINI B,2019,Dec,3rd week,94.0,Pemba,32.2,24.2857142857143
KASKAZINI B,KASKAZINI B,2019,Jan,4th week,7.0,Pemba,31.825,25.725
KASKAZINI B,KASKAZINI B,2019,Feb,4th week,10.0,Pemba,32.3625,25.6
KASKAZINI B,KASKAZINI B,2019,Mar,4th week,39.0,Pemba,32.9125,24.5125
KASKAZINI B,KASKAZINI B,2019,Apr,4th week,0.0,Pemba,32.125,25.2125
KASKAZINI B,KASKAZINI B,2019,May,4th week,0.0,Pemba,28.75,24.55
KASKAZINI B,KASKAZINI B,2019,Jun,4th week,0.0,Pemba,29.1875,24.175
KASKAZINI B,KASKAZINI B,2019,Jul,4th week,0.0,Pemba,28.2375,24.4
KASKAZINI B,KASKAZINI B,2019,Aug,4th week,0.0,Pemba,29.0375,23.8375
KASKAZINI B,KASKAZINI B,2019,Sep,4th week,20.9,Pemba,29.875,24.2375
KASKAZINI B,KASKAZINI B,2019,Oct,4th week,74.6,Pemba,30.0,24.6375
KASKAZINI B,KASKAZINI B,2019,Nov,4th week,25.7,Pemba,30.8625,24.6875
KASKAZINI B,KASKAZINI B,2019,Dec,4th week,21.3,Pemba,32.0375,25.375
KASKAZINI B,KASKAZINI B,2018,Jan,1st week,5.3,Pemba,29.8166666666667,24.3428571428571
KASKAZINI B,KASKAZINI B,2018,Feb,1st week,0.0,Pemba,31.4142857142857,23.8571428571429
KASKAZINI B,KASKAZINI B,2018,Mar,1st week,32.7,Pemba,31.5333333333333,23.7714285714286
KASKAZINI B,KASKAZINI B,2018,Apr,1st week,63.0,Pemba,31.8714285714286,24.5857142857143
KASKAZINI B,KASKAZINI B,2018,May,1st week,206.0,Pemba,28.3285714285714,22.8714285714286
KASKAZINI B,KASKAZINI B,2018,Jun,1st week,0.0,Pemba,28.9571428571429,23.9714285714286
KASKAZINI B,KASKAZINI B,2018,Jul,1st week,63.8,Pemba,28.4285714285714,22.7714285714286
KASKAZINI B,KASKAZINI B,2018,Aug,1st week,0.0,Pemba,27.6142857142857,22.9857142857143
KASKAZINI B,KASKAZINI B,2018,Sep,1st week,15.2,Pemba,29.2,23.3142857142857
KASKAZINI B,KASKAZINI B,2018,Oct,1st week,4.3,Pemba,28.8,23.2
KASKAZINI B,KASKAZINI B,2018,Nov,1st week,0.0,Pemba,30.8285714285714,22.9857142857143
KASKAZINI B,KASKAZINI B,2018,Dec,1st week,2.9,Pemba,30.7857142857143,24.3166666666667
KASKAZINI B,KASKAZINI B,2018,Jan,2nd week,0.0,Pemba,29.6428571428571,23.8
KASKAZINI B,KASKAZINI B,2018,Feb,2nd week,0.0,Pemba,31.5428571428571,24.5714285714286
KASKAZINI B,KASKAZINI B,2018,Mar,2nd week,58.7,Pemba,30.3,23.8428571428571
KASKAZINI B,KASKAZINI B,2018,Apr,2nd week,75.3,Pemba,30.9142857142857,24.1857142857143
KASKAZINI B,KASKAZINI B,2018,May,2nd week,192.3,Pemba,29.4571428571429,23.4285714285714
KASKAZINI B,KASKAZINI B,2018,Jun,2nd week,22.7,Pemba,29.2714285714286,22.8714285714286
KASKAZINI B,KASKAZINI B,2018,Jul,2nd week,0.0,Pemba,28.7428571428571,23.0857142857143
KASKAZINI B,KASKAZINI B,2018,Aug,2nd week,0.0,Pemba,28.6428571428571,23.5714285714286
KASKAZINI B,KASKAZINI B,2018,Sep,2nd week,11.5,Pemba,29.6428571428571,23.6571428571429
KASKAZINI B,KASKAZINI B,2018,Oct,2nd week,0.0,Pemba,29.3,23.5428571428571
KASKAZINI B,KASKAZINI B,2018,Nov,2nd week,11.4,Pemba,30.4714285714286,23.5714285714286
KASKAZINI B,KASKAZINI B,2018,Dec,2nd week,35.6,Pemba,30.0714285714286,24.35
KASKAZINI B,KASKAZINI B,2018,Jan,3rd week,0.0,Pemba,30.2285714285714,23.3571428571429
KASKAZINI B,KASKAZINI B,2018,Feb,3rd week,25.0,Pemba,32.1,24.4
KASKAZINI B,KASKAZINI B,2018,Mar,3rd week,92.1,Pemba,31.9714285714286,24.4428571428571
KASKAZINI B,KASKAZINI B,2018,Apr,3rd week,171.5,Pemba,28.5714285714286,23.7142857142857
KASKAZINI B,KASKAZINI B,2018,May,3rd week,72.0,Pemba,29.6428571428571,24.1142857142857
KASKAZINI B,KASKAZINI B,2018,Jun,3rd week,0.0,Pemba,29.4714285714286,23.1857142857143
KASKAZINI B,KASKAZINI B,2018,Jul,3rd week,0.0,Pemba,28.3,22.9285714285714
KASKAZINI B,KASKAZINI B,2018,Aug,3rd week,5.4,Pemba,29.1571428571429,24.0142857142857
KASKAZINI B,KASKAZINI B,2018,Sep,3rd week,18.6,Pemba,29.7285714285714,22.2
KASKAZINI B,KASKAZINI B,2018,Oct,3rd week,0.0,Pemba,30.3857142857143,23.2285714285714
KASKAZINI B,KASKAZINI B,2018,Nov,3rd week,47.2,Pemba,30.7142857142857,24.0142857142857
KASKAZINI B,KASKAZINI B,2018,Dec,3rd week,49.1,Pemba,30.5714285714286,24.7714285714286
KASKAZINI B,KASKAZINI B,2018,Jan,4th week,0.0,Pemba,30.4428571428571,22.8285714285714
KASKAZINI B,KASKAZINI B,2018,Feb,4th week,0.0,Pemba,32.4714285714286,23.7428571428571
KASKAZINI B,KASKAZINI B,2018,Mar,4th week,31.9,Pemba,31.4,24.0285714285714
KASKAZINI B,KASKAZINI B,2018,Apr,4th week,15.4,Pemba,29.8,24.7714285714286
KASKAZINI B,KASKAZINI B,2018,May,4th week,45.0,Pemba,29.7285714285714,23.9571428571429
KASKAZINI B,KASKAZINI B,2018,Jun,4th week,16.599999999999998,Pemba,28.6285714285714,23.5714285714286
KASKAZINI B,KASKAZINI B,2018,Jul,4th week,0.0,Pemba,27.5285714285714,23.2142857142857
KASKAZINI B,KASKAZINI B,2018,Aug,4th week,2.5,Pemba,28.6571428571429,24.6714285714286
KASKAZINI B,KASKAZINI B,2018,Sep,4th week,41.0,Pemba,29.3714285714286,23.2
KASKAZINI B,KASKAZINI B,2018,Oct,4th week,59.900000000000006,Pemba,29.6714285714286,23.7571428571429
KASKAZINI B,KASKAZINI B,2018,Nov,4th week,32.4,Pemba,31.4857142857143,24.6714285714286
KASKAZINI B,KASKAZINI B,2018,Dec,4th week,0.0,Pemba,30.7714285714286,24.8428571428571
MAGHARIBI  A,MAGHARIBI  A,2023,Jan,1st week,0.0,Pemba,32.1142857142857,25.2
MAGHARIBI  A,MAGHARIBI  A,2023,Feb,1st week,1.1,Pemba,31.8571428571429,24.2571428571429
MAGHARIBI  A,MAGHARIBI  A,2023,Mar,1st week,0.0,Pemba,31.9571428571429,24.2571428571429
MAGHARIBI  A,MAGHARIBI  A,2023,Apr,1st week,73.60000000000001,Pemba,31.4857142857143,25.3142857142857
MAGHARIBI  A,MAGHARIBI  A,2023,May,1st week,27.6,Pemba,30.1428571428571,25.2285714285714
MAGHARIBI  A,MAGHARIBI  A,2023,Jun,1st week,97.6,Pemba,28.9571428571429,23.0
MAGHARIBI  A,MAGHARIBI  A,2023,Jul,1st week,27.7,Pemba,28.4285714285714,23.6
MAGHARIBI  A,MAGHARIBI  A,2023,Aug,1st week,5.5,Pemba,28.4285714285714,23.8285714285714
MAGHARIBI  A,MAGHARIBI  A,2023,Sep,1st week,0.0,Pemba,29.1714285714286,23.2857142857143
MAGHARIBI  A,MAGHARIBI  A,2023,Oct,1st week,33.7,Pemba,30.4857142857143,23.9714285714286
MAGHARIBI  A,MAGHARIBI  A,2023,Nov,1st week,325.1,Pemba,28.7428571428571,24.0857142857143
MAGHARIBI  A,MAGHARIBI  A,2023,Dec,1st week,48.0,Pemba,31.3142857142857,25.5714285714286
MAGHARIBI  A,MAGHARIBI  A,2023,Jan,2nd week,65.0,Pemba,31.85,24.6571428571429
MAGHARIBI  A,MAGHARIBI  A,2023,Feb,2nd week,4.7,Pemba,31.1875,25.0142857142857
MAGHARIBI  A,MAGHARIBI  A,2023,Mar,2nd week,0.0,Pemba,32.3875,25.0142857142857
MAGHARIBI  A,MAGHARIBI  A,2023,Apr,2nd week,65.9,Pemba,31.6625,25.5714285714286
MAGHARIBI  A,MAGHARIBI  A,2023,May,2nd week,79.69999999999999,Pemba,30.075,25.3714285714286
MAGHARIBI  A,MAGHARIBI  A,2023,Jun,2nd week,5.4,Pemba,29.3125,23.7857142857143
MAGHARIBI  A,MAGHARIBI  A,2023,Jul,2nd week,11.0,Pemba,28.675,23.1714285714286
MAGHARIBI  A,MAGHARIBI  A,2023,Aug,2nd week,0.0,Pemba,28.675,23.7142857142857
MAGHARIBI  A,MAGHARIBI  A,2023,Sep,2nd week,3.0,Pemba,29.5,23.8285714285714
MAGHARIBI  A,MAGHARIBI  A,2023,Oct,2nd week,0.0,Pemba,31.0375,23.7285714285714
MAGHARIBI  A,MAGHARIBI  A,2023,Nov,2nd week,71.5,Pemba,30.5,24.5571428571429
MAGHARIBI  A,MAGHARIBI  A,2023,Dec,2nd week,114.4,Pemba,31.3625,24.5285714285714
MAGHARIBI  A,MAGHARIBI  A,2023,Jan,3rd week,0.0,Pemba,31.7333333333333,24.7
MAGHARIBI  A,MAGHARIBI  A,2023,Feb,3rd week,0.0,Pemba,31.5,25.3
MAGHARIBI  A,MAGHARIBI  A,2023,Mar,3rd week,30.7,Pemba,31.6666666666667,25.3
MAGHARIBI  A,MAGHARIBI  A,2023,Apr,3rd week,186.4,Pemba,28.7333333333333,25.1857142857143
MAGHARIBI  A,MAGHARIBI  A,2023,May,3rd week,12.2,Pemba,30.45,25.5142857142857
MAGHARIBI  A,MAGHARIBI  A,2023,Jun,3rd week,0.5,Pemba,29.4333333333333,23.8142857142857
MAGHARIBI  A,MAGHARIBI  A,2023,Jul,3rd week,0.6,Pemba,28.8,24.4
MAGHARIBI  A,MAGHARIBI  A,2023,Aug,3rd week,5.4,Pemba,28.8,22.8285714285714
MAGHARIBI  A,MAGHARIBI  A,2023,Sep,3rd week,0.0,Pemba,29.8666666666667,23.9857142857143
MAGHARIBI  A,MAGHARIBI  A,2023,Oct,3rd week,2.7,Pemba,31.1166666666667,25.2142857142857
MAGHARIBI  A,MAGHARIBI  A,2023,Nov,3rd week,96.5,Pemba,30.0833333333333,24.9714285714286
MAGHARIBI  A,MAGHARIBI  A,2023,Dec,3rd week,44.6,Pemba,31.5833333333333,25.4142857142857
MAGHARIBI  A,MAGHARIBI  A,2023,Jan,4th week,3.4,Pemba,30.8571428571429,25.6857142857143
MAGHARIBI  A,MAGHARIBI  A,2023,Feb,4th week,0.0,Pemba,31.6857142857143,23.5714285714286
MAGHARIBI  A,MAGHARIBI  A,2023,Mar,4th week,10.0,Pemba,31.0571428571429,23.5714285714286
MAGHARIBI  A,MAGHARIBI  A,2023,Apr,4th week,167.29999999999998,Pemba,29.2857142857143,25.1
MAGHARIBI  A,MAGHARIBI  A,2023,May,4th week,19.0,Pemba,29.2714285714286,24.5142857142857
MAGHARIBI  A,MAGHARIBI  A,2023,Jun,4th week,0.0,Pemba,28.7,23.9714285714286
MAGHARIBI  A,MAGHARIBI  A,2023,Jul,4th week,27.6,Pemba,28.5142857142857,24.1714285714286
MAGHARIBI  A,MAGHARIBI  A,2023,Aug,4th week,12.7,Pemba,28.5142857142857,23.3857142857143
MAGHARIBI  A,MAGHARIBI  A,2023,Sep,4th week,18.8,Pemba,30.2142857142857,24.3857142857143
MAGHARIBI  A,MAGHARIBI  A,2023,Oct,4th week,46.4,Pemba,31.1857142857143,24.6285714285714
MAGHARIBI  A,MAGHARIBI  A,2023,Nov,4th week,29.6,Pemba,30.5571428571429,24.3428571428571
MAGHARIBI  A,MAGHARIBI  A,2023,Dec,4th week,18.2,Pemba,31.7285714285714,26.1857142857143
MAGHARIBI  A,MAGHARIBI  A,2022,Jan,1st week,0.0,Pemba,32.3428571428571,25.4428571428571
MAGHARIBI  A,MAGHARIBI  A,2022,Feb,1st week,42.8,Pemba,31.2142857142857,24.0714285714286
MAGHARIBI  A,MAGHARIBI  A,2022,Mar,1st week,0.0,Pemba,31.3285714285714,24.2714285714286
MAGHARIBI  A,MAGHARIBI  A,2022,Apr,1st week,38.3,Pemba,31.8714285714286,25.2
MAGHARIBI  A,MAGHARIBI  A,2022,May,1st week,63.5,Pemba,29.2285714285714,24.3428571428571
MAGHARIBI  A,MAGHARIBI  A,2022,Jun,1st week,22.0,Pemba,27.7428571428571,23.7
MAGHARIBI  A,MAGHARIBI  A,2022,Jul,1st week,12.1,Pemba,27.0285714285714,22.9571428571429
MAGHARIBI  A,MAGHARIBI  A,2022,Aug,1st week,6.1,Pemba,27.2285714285714,21.3714285714286
MAGHARIBI  A,MAGHARIBI  A,2022,Sep,1st week,8.4,Pemba,27.7285714285714,21.5571428571429
MAGHARIBI  A,MAGHARIBI  A,2022,Oct,1st week,2.8,Pemba,28.1857142857143,22.8428571428571
MAGHARIBI  A,MAGHARIBI  A,2022,Nov,1st week,11.3,Pemba,29.9857142857143,23.2428571428571
MAGHARIBI  A,MAGHARIBI  A,2022,Dec,1st week,1.2,Pemba,31.4857142857143,24.4
MAGHARIBI  A,MAGHARIBI  A,2022,Jan,2nd week,0.0,Pemba,31.9285714285714,26.0428571428571
MAGHARIBI  A,MAGHARIBI  A,2022,Feb,2nd week,0.0,Pemba,31.1428571428571,24.5571428571429
MAGHARIBI  A,MAGHARIBI  A,2022,Mar,2nd week,0.0,Pemba,32.0,24.4571428571429
MAGHARIBI  A,MAGHARIBI  A,2022,Apr,2nd week,41.0,Pemba,30.9142857142857,25.5142857142857
MAGHARIBI  A,MAGHARIBI  A,2022,May,2nd week,0.0,Pemba,29.9714285714286,25.9714285714286
MAGHARIBI  A,MAGHARIBI  A,2022,Jun,2nd week,0.0,Pemba,28.8428571428571,24.3857142857143
MAGHARIBI  A,MAGHARIBI  A,2022,Jul,2nd week,27.4,Pemba,27.1571428571429,22.5142857142857
MAGHARIBI  A,MAGHARIBI  A,2022,Aug,2nd week,12.4,Pemba,27.3714285714286,22.6142857142857
MAGHARIBI  A,MAGHARIBI  A,2022,Sep,2nd week,0.0,Pemba,28.0571428571429,21.7285714285714
MAGHARIBI  A,MAGHARIBI  A,2022,Oct,2nd week,0.0,Pemba,28.4428571428571,23.5
MAGHARIBI  A,MAGHARIBI  A,2022,Nov,2nd week,9.9,Pemba,30.3571428571429,24.0142857142857
MAGHARIBI  A,MAGHARIBI  A,2022,Dec,2nd week,57.400000000000006,Pemba,31.8,24.0857142857143
MAGHARIBI  A,MAGHARIBI  A,2022,Jan,3rd week,62.2,Pemba,31.2857142857143,24.0571428571429
MAGHARIBI  A,MAGHARIBI  A,2022,Feb,3rd week,45.4,Pemba,31.8,24.1428571428571
MAGHARIBI  A,MAGHARIBI  A,2022,Mar,3rd week,0.0,Pemba,31.7142857142857,24.3
MAGHARIBI  A,MAGHARIBI  A,2022,Apr,3rd week,117.6,Pemba,29.5714285714286,24.5428571428571
MAGHARIBI  A,MAGHARIBI  A,2022,May,3rd week,15.9,Pemba,29.9571428571429,25.8
MAGHARIBI  A,MAGHARIBI  A,2022,Jun,3rd week,7.5,Pemba,28.7857142857143,24.8142857142857
MAGHARIBI  A,MAGHARIBI  A,2022,Jul,3rd week,22.8,Pemba,27.4285714285714,22.9714285714286
MAGHARIBI  A,MAGHARIBI  A,2022,Aug,3rd week,10.2,Pemba,27.6428571428571,21.7571428571429
MAGHARIBI  A,MAGHARIBI  A,2022,Sep,3rd week,0.0,Pemba,28.1142857142857,22.9714285714286
MAGHARIBI  A,MAGHARIBI  A,2022,Oct,3rd week,2.4,Pemba,28.7,22.9142857142857
MAGHARIBI  A,MAGHARIBI  A,2022,Nov,3rd week,22.7,Pemba,30.2857142857143,24.1142857142857
MAGHARIBI  A,MAGHARIBI  A,2022,Dec,3rd week,0.0,Pemba,31.8142857142857,25.4714285714286
MAGHARIBI  A,MAGHARIBI  A,2022,Jan,4th week,29.7,Pemba,30.3142857142857,25.0714285714286
MAGHARIBI  A,MAGHARIBI  A,2022,Feb,4th week,3.2,Pemba,31.1714285714286,25.3
MAGHARIBI  A,MAGHARIBI  A,2022,Mar,4th week,10.6,Pemba,32.0428571428571,25.6428571428571
MAGHARIBI  A,MAGHARIBI  A,2022,Apr,4th week,76.60000000000001,Pemba,30.6571428571429,24.8857142857143
MAGHARIBI  A,MAGHARIBI  A,2022,May,4th week,5.8,Pemba,30.2,26.3142857142857
MAGHARIBI  A,MAGHARIBI  A,2022,Jun,4th week,13.1,Pemba,28.1714285714286,24.5428571428571
MAGHARIBI  A,MAGHARIBI  A,2022,Jul,4th week,32.2,Pemba,27.2285714285714,23.2142857142857
MAGHARIBI  A,MAGHARIBI  A,2022,Aug,4th week,1.2,Pemba,27.4714285714286,22.4857142857143
MAGHARIBI  A,MAGHARIBI  A,2022,Sep,4th week,0.0,Pemba,28.4857142857143,23.4857142857143
MAGHARIBI  A,MAGHARIBI  A,2022,Oct,4th week,0.0,Pemba,28.8285714285714,23.6714285714286
MAGHARIBI  A,MAGHARIBI  A,2022,Nov,4th week,16.7,Pemba,30.6428571428571,24.3571428571429
MAGHARIBI  A,MAGHARIBI  A,2022,Dec,4th week,97.1,Pemba,31.3428571428571,26.0285714285714
MAGHARIBI  A,MAGHARIBI  A,2021,Jan,1st week,19.7,Pemba,30.6857142857143,24.4714285714286
MAGHARIBI  A,MAGHARIBI  A,2021,Feb,1st week,0.0,Pemba,31.0142857142857,23.5
MAGHARIBI  A,MAGHARIBI  A,2021,Mar,1st week,6.0,Pemba,31.8571428571429,24.3571428571429
MAGHARIBI  A,MAGHARIBI  A,2021,Apr,1st week,76.30000000000001,Pemba,30.7571428571429,25.2571428571429
MAGHARIBI  A,MAGHARIBI  A,2021,May,1st week,87.2,Pemba,28.3285714285714,23.8714285714286
MAGHARIBI  A,MAGHARIBI  A,2021,Jun,1st week,6.8,Pemba,29.0714285714286,23.9714285714286
MAGHARIBI  A,MAGHARIBI  A,2021,Jul,1st week,2.9000000000000004,Pemba,27.9571428571429,23.5
MAGHARIBI  A,MAGHARIBI  A,2021,Aug,1st week,0.0,Pemba,27.4142857142857,22.4428571428571
MAGHARIBI  A,MAGHARIBI  A,2021,Sep,1st week,8.600000000000001,Pemba,27.4142857142857,24.1428571428571
MAGHARIBI  A,MAGHARIBI  A,2021,Oct,1st week,6.6,Pemba,29.1142857142857,23.1714285714286
MAGHARIBI  A,MAGHARIBI  A,2021,Nov,1st week,4.2,Pemba,30.6714285714286,24.4285714285714
MAGHARIBI  A,MAGHARIBI  A,2021,Dec,1st week,56.4,Pemba,30.8857142857143,24.5571428571429
MAGHARIBI  A,MAGHARIBI  A,2021,Jan,2nd week,21.2,Pemba,29.625,24.5428571428571
MAGHARIBI  A,MAGHARIBI  A,2021,Feb,2nd week,12.1,Pemba,30.4125,25.3714285714286
MAGHARIBI  A,MAGHARIBI  A,2021,Mar,2nd week,10.8,Pemba,31.4625,24.1285714285714
MAGHARIBI  A,MAGHARIBI  A,2021,Apr,2nd week,89.6,Pemba,29.75,24.6714285714286
MAGHARIBI  A,MAGHARIBI  A,2021,May,2nd week,0.0,Pemba,29.625,25.0571428571429
MAGHARIBI  A,MAGHARIBI  A,2021,Jun,2nd week,4.4,Pemba,28.25,24.4
MAGHARIBI  A,MAGHARIBI  A,2021,Jul,2nd week,24.7,Pemba,27.925,24.1
MAGHARIBI  A,MAGHARIBI  A,2021,Aug,2nd week,0.0,Pemba,27.9875,22.2
MAGHARIBI  A,MAGHARIBI  A,2021,Sep,2nd week,14.8,Pemba,27.9875,23.6857142857143
MAGHARIBI  A,MAGHARIBI  A,2021,Oct,2nd week,5.7,Pemba,29.5125,23.9428571428571
MAGHARIBI  A,MAGHARIBI  A,2021,Nov,2nd week,2.6,Pemba,31.075,23.5857142857143
MAGHARIBI  A,MAGHARIBI  A,2021,Dec,2nd week,142.7,Pemba,31.0,24.4714285714286
MAGHARIBI  A,MAGHARIBI  A,2021,Jan,3rd week,0.0,Pemba,30.6857142857143,23.7571428571429
MAGHARIBI  A,MAGHARIBI  A,2021,Feb,3rd week,2.4,Pemba,30.9142857142857,24.6142857142857
MAGHARIBI  A,MAGHARIBI  A,2021,Mar,3rd week,106.3,Pemba,31.9571428571429,23.9714285714286
MAGHARIBI  A,MAGHARIBI  A,2021,Apr,3rd week,70.4,Pemba,28.2,24.4571428571429
MAGHARIBI  A,MAGHARIBI  A,2021,May,3rd week,12.6,Pemba,29.7,24.7857142857143
MAGHARIBI  A,MAGHARIBI  A,2021,Jun,3rd week,21.7,Pemba,28.2857142857143,23.4285714285714
MAGHARIBI  A,MAGHARIBI  A,2021,Jul,3rd week,10.1,Pemba,27.8285714285714,24.2285714285714
MAGHARIBI  A,MAGHARIBI  A,2021,Aug,3rd week,8.5,Pemba,27.9142857142857,22.9142857142857
MAGHARIBI  A,MAGHARIBI  A,2021,Sep,3rd week,5.6,Pemba,27.9142857142857,23.4
MAGHARIBI  A,MAGHARIBI  A,2021,Oct,3rd week,1.0,Pemba,29.4,24.5285714285714
MAGHARIBI  A,MAGHARIBI  A,2021,Nov,3rd week,8.1,Pemba,31.1714285714286,23.8428571428571
MAGHARIBI  A,MAGHARIBI  A,2021,Dec,3rd week,11.3,Pemba,31.1428571428571,24.6857142857143
MAGHARIBI  A,MAGHARIBI  A,2021,Jan,4th week,1.1,Pemba,30.4333333333333,24.4571428571429
MAGHARIBI  A,MAGHARIBI  A,2021,Feb,4th week,2.2,Pemba,31.5833333333333,24.4142857142857
MAGHARIBI  A,MAGHARIBI  A,2021,Mar,4th week,9.6,Pemba,30.9666666666667,23.9714285714286
MAGHARIBI  A,MAGHARIBI  A,2021,Apr,4th week,84.1,Pemba,30.4666666666667,24.9
MAGHARIBI  A,MAGHARIBI  A,2021,May,4th week,0.0,Pemba,29.2166666666667,25.2285714285714
MAGHARIBI  A,MAGHARIBI  A,2021,Jun,4th week,0.0,Pemba,27.7,23.0142857142857
MAGHARIBI  A,MAGHARIBI  A,2021,Jul,4th week,7.3,Pemba,27.3,23.5714285714286
MAGHARIBI  A,MAGHARIBI  A,2021,Aug,4th week,9.4,Pemba,27.85,22.2714285714286
MAGHARIBI  A,MAGHARIBI  A,2021,Sep,4th week,23.1,Pemba,27.85,23.1142857142857
MAGHARIBI  A,MAGHARIBI  A,2021,Oct,4th week,8.2,Pemba,30.1833333333333,22.5142857142857
MAGHARIBI  A,MAGHARIBI  A,2021,Nov,4th week,47.8,Pemba,31.5666666666667,25.0857142857143
MAGHARIBI  A,MAGHARIBI  A,2021,Dec,4th week,43.5,Pemba,31.6,24.7571428571429
MAGHARIBI  A,MAGHARIBI  A,2020,Jan,1st week,0.0,Pemba,32.0714285714286,25.8142857142857
MAGHARIBI  A,MAGHARIBI  A,2020,Feb,1st week,50.7,Pemba,30.7142857142857,24.7857142857143
MAGHARIBI  A,MAGHARIBI  A,2020,Mar,1st week,13.1,Pemba,31.8714285714286,25.5857142857143
MAGHARIBI  A,MAGHARIBI  A,2020,Apr,1st week,115.3,Pemba,31.5,25.5
MAGHARIBI  A,MAGHARIBI  A,2020,May,1st week,169.5,Pemba,28.9714285714286,24.4
MAGHARIBI  A,MAGHARIBI  A,2020,Jun,1st week,0.0,Pemba,29.0857142857143,25.1285714285714
MAGHARIBI  A,MAGHARIBI  A,2020,Jul,1st week,0.0,Pemba,27.7571428571429,24.1428571428571
MAGHARIBI  A,MAGHARIBI  A,2020,Aug,1st week,3.7,Pemba,27.9714285714286,23.2142857142857
MAGHARIBI  A,MAGHARIBI  A,2020,Sep,1st week,1.9,Pemba,28.0714285714286,23.0
MAGHARIBI  A,MAGHARIBI  A,2020,Oct,1st week,40.1,Pemba,29.6,22.6142857142857
MAGHARIBI  A,MAGHARIBI  A,2020,Nov,1st week,45.8,Pemba,30.0428571428571,25.0142857142857
MAGHARIBI  A,MAGHARIBI  A,2020,Dec,1st week,35.0,Pemba,31.2285714285714,24.4857142857143
MAGHARIBI  A,MAGHARIBI  A,2020,Jan,2nd week,5.2,Pemba,31.7714285714286,25.6
MAGHARIBI  A,MAGHARIBI  A,2020,Feb,2nd week,22.5,Pemba,31.2428571428571,24.8625
MAGHARIBI  A,MAGHARIBI  A,2020,Mar,2nd week,35.1,Pemba,31.7428571428571,25.7625
MAGHARIBI  A,MAGHARIBI  A,2020,Apr,2nd week,261.90000000000003,Pemba,29.6571428571429,24.9
MAGHARIBI  A,MAGHARIBI  A,2020,May,2nd week,12.9,Pemba,29.2857142857143,24.3625
MAGHARIBI  A,MAGHARIBI  A,2020,Jun,2nd week,1.3,Pemba,28.9714285714286,24.5625
MAGHARIBI  A,MAGHARIBI  A,2020,Jul,2nd week,5.8,Pemba,28.2571428571429,23.4625
MAGHARIBI  A,MAGHARIBI  A,2020,Aug,2nd week,0.0,Pemba,27.6428571428571,22.3625
MAGHARIBI  A,MAGHARIBI  A,2020,Sep,2nd week,0.0,Pemba,28.8,22.5625
MAGHARIBI  A,MAGHARIBI  A,2020,Oct,2nd week,33.6,Pemba,30.4428571428571,23.8
MAGHARIBI  A,MAGHARIBI  A,2020,Nov,2nd week,102.1,Pemba,29.7571428571429,24.1125
MAGHARIBI  A,MAGHARIBI  A,2020,Dec,2nd week,0.0,Pemba,31.4857142857143,24.8375
MAGHARIBI  A,MAGHARIBI  A,2020,Jan,3rd week,194.79999999999995,Pemba,30.6714285714286,26.0142857142857
MAGHARIBI  A,MAGHARIBI  A,2020,Feb,3rd week,21.4,Pemba,31.6571428571429,25.1428571428571
MAGHARIBI  A,MAGHARIBI  A,2020,Mar,3rd week,64.3,Pemba,31.6714285714286,25.4285714285714
MAGHARIBI  A,MAGHARIBI  A,2020,Apr,3rd week,488.3,Pemba,29.0,23.9857142857143
MAGHARIBI  A,MAGHARIBI  A,2020,May,3rd week,40.8,Pemba,29.2714285714286,24.2142857142857
MAGHARIBI  A,MAGHARIBI  A,2020,Jun,3rd week,0.4,Pemba,27.9142857142857,24.8
MAGHARIBI  A,MAGHARIBI  A,2020,Jul,3rd week,15.8,Pemba,27.5,23.3857142857143
MAGHARIBI  A,MAGHARIBI  A,2020,Aug,3rd week,10.0,Pemba,28.2,23.7
MAGHARIBI  A,MAGHARIBI  A,2020,Sep,3rd week,19.1,Pemba,28.5285714285714,22.8
MAGHARIBI  A,MAGHARIBI  A,2020,Oct,3rd week,59.5,Pemba,30.0428571428571,23.2428571428571
MAGHARIBI  A,MAGHARIBI  A,2020,Nov,3rd week,41.3,Pemba,30.3142857142857,25.3285714285714
MAGHARIBI  A,MAGHARIBI  A,2020,Dec,3rd week,55.8,Pemba,31.1142857142857,25.1571428571429
MAGHARIBI  A,MAGHARIBI  A,2020,Jan,4th week,34.89999999999999,Pemba,30.725,25.8428571428571
MAGHARIBI  A,MAGHARIBI  A,2020,Feb,4th week,13.3,Pemba,32.3625,25.6428571428571
MAGHARIBI  A,MAGHARIBI  A,2020,Mar,4th week,95.1,Pemba,31.425,25.0142857142857
MAGHARIBI  A,MAGHARIBI  A,2020,Apr,4th week,41.39999999999999,Pemba,29.25,24.5142857142857
MAGHARIBI  A,MAGHARIBI  A,2020,May,4th week,9.4,Pemba,29.7125,24.5428571428571
MAGHARIBI  A,MAGHARIBI  A,2020,Jun,4th week,2.0,Pemba,28.2375,23.7
MAGHARIBI  A,MAGHARIBI  A,2020,Jul,4th week,2.9,Pemba,27.65,24.3142857142857
MAGHARIBI  A,MAGHARIBI  A,2020,Aug,4th week,2.9000000000000004,Pemba,28.2875,23.2428571428571
MAGHARIBI  A,MAGHARIBI  A,2020,Sep,4th week,3.4000000000000004,Pemba,28.7625,22.9142857142857
MAGHARIBI  A,MAGHARIBI  A,2020,Oct,4th week,44.8,Pemba,30.5,24.7714285714286
MAGHARIBI  A,MAGHARIBI  A,2020,Nov,4th week,36.0,Pemba,31.025,24.4857142857143
MAGHARIBI  A,MAGHARIBI  A,2020,Dec,4th week,71.8,Pemba,31.2125,26.3142857142857
MAGHARIBI  A,MAGHARIBI  A,2019,Jan,1st week,8.600000000000001,Pemba,32.3285714285714,25.5571428571429
MAGHARIBI  A,MAGHARIBI  A,2019,Feb,1st week,0.0,Pemba,30.7142857142857,24.7857142857143
MAGHARIBI  A,MAGHARIBI  A,2019,Mar,1st week,12.9,Pemba,33.1142857142857,25.0142857142857
MAGHARIBI  A,MAGHARIBI  A,2019,Apr,1st week,112.6,Pemba,31.8142857142857,24.9428571428571
MAGHARIBI  A,MAGHARIBI  A,2019,May,1st week,319.0,Pemba,29.4142857142857,24.8285714285714
MAGHARIBI  A,MAGHARIBI  A,2019,Jun,1st week,0.0,Pemba,29.4142857142857,24.1571428571429
MAGHARIBI  A,MAGHARIBI  A,2019,Jul,1st week,2.7,Pemba,29.3571428571429,24.1857142857143
MAGHARIBI  A,MAGHARIBI  A,2019,Aug,1st week,16.7,Pemba,28.9571428571429,23.7571428571429
MAGHARIBI  A,MAGHARIBI  A,2019,Sep,1st week,5.9,Pemba,29.4428571428571,23.1857142857143
MAGHARIBI  A,MAGHARIBI  A,2019,Oct,1st week,78.0,Pemba,29.5285714285714,23.8
MAGHARIBI  A,MAGHARIBI  A,2019,Nov,1st week,119.4,Pemba,30.4285714285714,24.6857142857143
MAGHARIBI  A,MAGHARIBI  A,2019,Dec,1st week,100.4,Pemba,32.1,25.1428571428571
MAGHARIBI  A,MAGHARIBI  A,2019,Jan,2nd week,0.0,Pemba,32.3571428571429,25.7
MAGHARIBI  A,MAGHARIBI  A,2019,Feb,2nd week,10.0,Pemba,31.2428571428571,24.6857142857143
MAGHARIBI  A,MAGHARIBI  A,2019,Mar,2nd week,0.0,Pemba,32.5714285714286,25.1142857142857
MAGHARIBI  A,MAGHARIBI  A,2019,Apr,2nd week,96.8,Pemba,31.0714285714286,25.0142857142857
MAGHARIBI  A,MAGHARIBI  A,2019,May,2nd week,232.7,Pemba,28.1428571428571,25.0428571428571
MAGHARIBI  A,MAGHARIBI  A,2019,Jun,2nd week,2.0,Pemba,29.1428571428571,23.7714285714286
MAGHARIBI  A,MAGHARIBI  A,2019,Jul,2nd week,1.4,Pemba,29.0857142857143,24.6428571428571
MAGHARIBI  A,MAGHARIBI  A,2019,Aug,2nd week,12.8,Pemba,28.9285714285714,24.0428571428571
MAGHARIBI  A,MAGHARIBI  A,2019,Sep,2nd week,62.3,Pemba,28.9714285714286,23.9285714285714
MAGHARIBI  A,MAGHARIBI  A,2019,Oct,2nd week,210.9,Pemba,28.8285714285714,24.0857142857143
MAGHARIBI  A,MAGHARIBI  A,2019,Nov,2nd week,4.8,Pemba,30.5571428571429,24.6285714285714
MAGHARIBI  A,MAGHARIBI  A,2019,Dec,2nd week,58.2,Pemba,31.9857142857143,24.8285714285714
MAGHARIBI  A,MAGHARIBI  A,2019,Jan,3rd week,12.9,Pemba,32.3,24.4857142857143
MAGHARIBI  A,MAGHARIBI  A,2019,Feb,3rd week,2.6,Pemba,31.6571428571429,25.2571428571429
MAGHARIBI  A,MAGHARIBI  A,2019,Mar,3rd week,0.0,Pemba,32.7,24.1714285714286
MAGHARIBI  A,MAGHARIBI  A,2019,Apr,3rd week,19.2,Pemba,32.3571428571429,25.6428571428571
MAGHARIBI  A,MAGHARIBI  A,2019,May,3rd week,54.7,Pemba,29.2285714285714,24.4428571428571
MAGHARIBI  A,MAGHARIBI  A,2019,Jun,3rd week,0.0,Pemba,28.8714285714286,24.3
MAGHARIBI  A,MAGHARIBI  A,2019,Jul,3rd week,35.8,Pemba,28.3857142857143,23.5
MAGHARIBI  A,MAGHARIBI  A,2019,Aug,3rd week,9.6,Pemba,28.8571428571429,24.3
MAGHARIBI  A,MAGHARIBI  A,2019,Sep,3rd week,4.0,Pemba,29.6571428571429,23.5428571428571
MAGHARIBI  A,MAGHARIBI  A,2019,Oct,3rd week,90.6,Pemba,29.3,23.6428571428571
MAGHARIBI  A,MAGHARIBI  A,2019,Nov,3rd week,62.900000000000006,Pemba,31.1857142857143,25.6714285714286
MAGHARIBI  A,MAGHARIBI  A,2019,Dec,3rd week,160.5,Pemba,32.2,24.2857142857143
MAGHARIBI  A,MAGHARIBI  A,2019,Jan,4th week,0.0,Pemba,31.825,25.725
MAGHARIBI  A,MAGHARIBI  A,2019,Feb,4th week,32.8,Pemba,32.3625,25.6
MAGHARIBI  A,MAGHARIBI  A,2019,Mar,4th week,8.2,Pemba,32.9125,24.5125
MAGHARIBI  A,MAGHARIBI  A,2019,Apr,4th week,1.6,Pemba,32.125,25.2125
MAGHARIBI  A,MAGHARIBI  A,2019,May,4th week,158.29999999999998,Pemba,28.75,24.55
MAGHARIBI  A,MAGHARIBI  A,2019,Jun,4th week,0.0,Pemba,29.1875,24.175
MAGHARIBI  A,MAGHARIBI  A,2019,Jul,4th week,0.0,Pemba,28.2375,24.4
MAGHARIBI  A,MAGHARIBI  A,2019,Aug,4th week,9.1,Pemba,29.0375,23.8375
MAGHARIBI  A,MAGHARIBI  A,2019,Sep,4th week,44.1,Pemba,29.875,24.2375
MAGHARIBI  A,MAGHARIBI  A,2019,Oct,4th week,31.4,Pemba,30.0,24.6375
MAGHARIBI  A,MAGHARIBI  A,2019,Nov,4th week,23.3,Pemba,30.8625,24.6875
MAGHARIBI  A,MAGHARIBI  A,2019,Dec,4th week,27.6,Pemba,32.0375,25.375
MAGHARIBI  A,MAGHARIBI  A,2018,Jan,1st week,11.8,Pemba,29.8166666666667,24.3428571428571
MAGHARIBI  A,MAGHARIBI  A,2018,Feb,1st week,0.0,Pemba,31.4142857142857,23.8571428571429
MAGHARIBI  A,MAGHARIBI  A,2018,Mar,1st week,5.199999999999999,Pemba,31.5333333333333,23.7714285714286
MAGHARIBI  A,MAGHARIBI  A,2018,Apr,1st week,148.29999999999998,Pemba,31.8714285714286,24.5857142857143
MAGHARIBI  A,MAGHARIBI  A,2018,May,1st week,218.2,Pemba,28.3285714285714,22.8714285714286
MAGHARIBI  A,MAGHARIBI  A,2018,Jun,1st week,0.0,Pemba,28.9571428571429,23.9714285714286
MAGHARIBI  A,MAGHARIBI  A,2018,Jul,1st week,71.3,Pemba,28.4285714285714,22.7714285714286
MAGHARIBI  A,MAGHARIBI  A,2018,Aug,1st week,0.0,Pemba,27.6142857142857,22.9857142857143
MAGHARIBI  A,MAGHARIBI  A,2018,Sep,1st week,7.1,Pemba,29.2,23.3142857142857
MAGHARIBI  A,MAGHARIBI  A,2018,Oct,1st week,18.4,Pemba,28.8,23.2
MAGHARIBI  A,MAGHARIBI  A,2018,Nov,1st week,0.0,Pemba,30.8285714285714,22.9857142857143
MAGHARIBI  A,MAGHARIBI  A,2018,Dec,1st week,10.1,Pemba,30.7857142857143,24.3166666666667
MAGHARIBI  A,MAGHARIBI  A,2018,Jan,2nd week,3.0,Pemba,29.6428571428571,23.8
MAGHARIBI  A,MAGHARIBI  A,2018,Feb,2nd week,0.0,Pemba,31.5428571428571,24.5714285714286
MAGHARIBI  A,MAGHARIBI  A,2018,Mar,2nd week,32.1,Pemba,30.3,23.8428571428571
MAGHARIBI  A,MAGHARIBI  A,2018,Apr,2nd week,68.0,Pemba,30.9142857142857,24.1857142857143
MAGHARIBI  A,MAGHARIBI  A,2018,May,2nd week,220.3,Pemba,29.4571428571429,23.4285714285714
MAGHARIBI  A,MAGHARIBI  A,2018,Jun,2nd week,23.500000000000004,Pemba,29.2714285714286,22.8714285714286
MAGHARIBI  A,MAGHARIBI  A,2018,Jul,2nd week,4.0,Pemba,28.7428571428571,23.0857142857143
MAGHARIBI  A,MAGHARIBI  A,2018,Aug,2nd week,3.2,Pemba,28.6428571428571,23.5714285714286
MAGHARIBI  A,MAGHARIBI  A,2018,Sep,2nd week,3.8,Pemba,29.6428571428571,23.6571428571429
MAGHARIBI  A,MAGHARIBI  A,2018,Oct,2nd week,0.0,Pemba,29.3,23.5428571428571
MAGHARIBI  A,MAGHARIBI  A,2018,Nov,2nd week,4.9,Pemba,30.4714285714286,23.5714285714286
MAGHARIBI  A,MAGHARIBI  A,2018,Dec,2nd week,12.1,Pemba,30.0714285714286,24.35
MAGHARIBI  A,MAGHARIBI  A,2018,Jan,3rd week,0.0,Pemba,30.2285714285714,23.3571428571429
MAGHARIBI  A,MAGHARIBI  A,2018,Feb,3rd week,15.5,Pemba,32.1,24.4
MAGHARIBI  A,MAGHARIBI  A,2018,Mar,3rd week,53.3,Pemba,31.9714285714286,24.4428571428571
MAGHARIBI  A,MAGHARIBI  A,2018,Apr,3rd week,206.7,Pemba,28.5714285714286,23.7142857142857
MAGHARIBI  A,MAGHARIBI  A,2018,May,3rd week,58.8,Pemba,29.6428571428571,24.1142857142857
MAGHARIBI  A,MAGHARIBI  A,2018,Jun,3rd week,0.0,Pemba,29.4714285714286,23.1857142857143
MAGHARIBI  A,MAGHARIBI  A,2018,Jul,3rd week,0.0,Pemba,28.3,22.9285714285714
MAGHARIBI  A,MAGHARIBI  A,2018,Aug,3rd week,1.0,Pemba,29.1571428571429,24.0142857142857
MAGHARIBI  A,MAGHARIBI  A,2018,Sep,3rd week,26.3,Pemba,29.7285714285714,22.2
MAGHARIBI  A,MAGHARIBI  A,2018,Oct,3rd week,12.9,Pemba,30.3857142857143,23.2285714285714
MAGHARIBI  A,MAGHARIBI  A,2018,Nov,3rd week,41.4,Pemba,30.7142857142857,24.0142857142857
MAGHARIBI  A,MAGHARIBI  A,2018,Dec,3rd week,27.7,Pemba,30.5714285714286,24.7714285714286
MAGHARIBI  A,MAGHARIBI  A,2018,Jan,4th week,0.0,Pemba,30.4428571428571,22.8285714285714
MAGHARIBI  A,MAGHARIBI  A,2018,Feb,4th week,0.0,Pemba,32.4714285714286,23.7428571428571
MAGHARIBI  A,MAGHARIBI  A,2018,Mar,4th week,89.7,Pemba,31.4,24.0285714285714
MAGHARIBI  A,MAGHARIBI  A,2018,Apr,4th week,0.0,Pemba,29.8,24.7714285714286
MAGHARIBI  A,MAGHARIBI  A,2018,May,4th week,43.9,Pemba,29.7285714285714,23.9571428571429
MAGHARIBI  A,MAGHARIBI  A,2018,Jun,4th week,5.5,Pemba,28.6285714285714,23.5714285714286
MAGHARIBI  A,MAGHARIBI  A,2018,Jul,4th week,3.5,Pemba,27.5285714285714,23.2142857142857
MAGHARIBI  A,MAGHARIBI  A,2018,Aug,4th week,20.3,Pemba,28.6571428571429,24.6714285714286
MAGHARIBI  A,MAGHARIBI  A,2018,Sep,4th week,9.6,Pemba,29.3714285714286,23.2
MAGHARIBI  A,MAGHARIBI  A,2018,Oct,4th week,47.2,Pemba,29.6714285714286,23.7571428571429
MAGHARIBI  A,MAGHARIBI  A,2018,Nov,4th week,28.8,Pemba,31.4857142857143,24.6714285714286
MAGHARIBI  A,MAGHARIBI  A,2018,Dec,4th week,0.0,Pemba,30.7714285714286,24.8428571428571
KASKAZINI A,KASKAZINI A,2023,Jan,1st week,4.0,Pemba,32.1142857142857,25.2
KASKAZINI A,KASKAZINI A,2023,Feb,1st week,0.0,Pemba,31.8571428571429,24.2571428571429
KASKAZINI A,KASKAZINI A,2023,Mar,1st week,0.0,Pemba,31.9571428571429,24.2571428571429
KASKAZINI A,KASKAZINI A,2023,Apr,1st week,24.0,Pemba,31.4857142857143,25.3142857142857
KASKAZINI A,KASKAZINI A,2023,May,1st week,18.0,Pemba,30.1428571428571,25.2285714285714
KASKAZINI A,KASKAZINI A,2023,Jun,1st week,108.3,Pemba,28.9571428571429,23.0
KASKAZINI A,KASKAZINI A,2023,Jul,1st week,22.5,Pemba,28.4285714285714,23.6
KASKAZINI A,KASKAZINI A,2023,Aug,1st week,0.0,Pemba,28.4285714285714,23.8285714285714
KASKAZINI A,KASKAZINI A,2023,Sep,1st week,0.0,Pemba,29.1714285714286,23.2857142857143
KASKAZINI A,KASKAZINI A,2023,Oct,1st week,0.0,Pemba,30.4857142857143,23.9714285714286
KASKAZINI A,KASKAZINI A,2023,Nov,1st week,284.6,Pemba,28.7428571428571,24.0857142857143
KASKAZINI A,KASKAZINI A,2023,Dec,1st week,52.0,Pemba,31.3142857142857,25.5714285714286
KASKAZINI A,KASKAZINI A,2023,Jan,2nd week,4.0,Pemba,31.85,24.6571428571429
KASKAZINI A,KASKAZINI A,2023,Feb,2nd week,0.0,Pemba,31.1875,25.0142857142857
KASKAZINI A,KASKAZINI A,2023,Mar,2nd week,0.0,Pemba,32.3875,25.0142857142857
KASKAZINI A,KASKAZINI A,2023,Apr,2nd week,20.0,Pemba,31.6625,25.5714285714286
KASKAZINI A,KASKAZINI A,2023,May,2nd week,140.3,Pemba,30.075,25.3714285714286
KASKAZINI A,KASKAZINI A,2023,Jun,2nd week,0.0,Pemba,29.3125,23.7857142857143
KASKAZINI A,KASKAZINI A,2023,Jul,2nd week,31.0,Pemba,28.675,23.1714285714286
KASKAZINI A,KASKAZINI A,2023,Aug,2nd week,24.5,Pemba,28.675,23.7142857142857
KASKAZINI A,KASKAZINI A,2023,Sep,2nd week,0.0,Pemba,29.5,23.8285714285714
KASKAZINI A,KASKAZINI A,2023,Oct,2nd week,0.0,Pemba,31.0375,23.7285714285714
KASKAZINI A,KASKAZINI A,2023,Nov,2nd week,156.0,Pemba,30.5,24.5571428571429
KASKAZINI A,KASKAZINI A,2023,Dec,2nd week,15.5,Pemba,31.3625,24.5285714285714
KASKAZINI A,KASKAZINI A,2023,Jan,3rd week,6.0,Pemba,31.7333333333333,24.7
KASKAZINI A,KASKAZINI A,2023,Feb,3rd week,0.0,Pemba,31.5,25.3
KASKAZINI A,KASKAZINI A,2023,Mar,3rd week,85.0,Pemba,31.6666666666667,25.3
KASKAZINI A,KASKAZINI A,2023,Apr,3rd week,209.0,Pemba,28.7333333333333,25.1857142857143
KASKAZINI A,KASKAZINI A,2023,May,3rd week,10.0,Pemba,30.45,25.5142857142857
KASKAZINI A,KASKAZINI A,2023,Jun,3rd week,0.0,Pemba,29.4333333333333,23.8142857142857
KASKAZINI A,KASKAZINI A,2023,Jul,3rd week,10.8,Pemba,28.8,24.4
KASKAZINI A,KASKAZINI A,2023,Aug,3rd week,6.0,Pemba,28.8,22.8285714285714
KASKAZINI A,KASKAZINI A,2023,Sep,3rd week,0.0,Pemba,29.8666666666667,23.9857142857143
KASKAZINI A,KASKAZINI A,2023,Oct,3rd week,0.0,Pemba,31.1166666666667,25.2142857142857
KASKAZINI A,KASKAZINI A,2023,Nov,3rd week,52.5,Pemba,30.0833333333333,24.9714285714286
KASKAZINI A,KASKAZINI A,2023,Dec,3rd week,40.6,Pemba,31.5833333333333,25.4142857142857
KASKAZINI A,KASKAZINI A,2023,Jan,4th week,0.0,Pemba,30.8571428571429,25.6857142857143
KASKAZINI A,KASKAZINI A,2023,Feb,4th week,0.0,Pemba,31.6857142857143,23.5714285714286
KASKAZINI A,KASKAZINI A,2023,Mar,4th week,48.2,Pemba,31.0571428571429,23.5714285714286
KASKAZINI A,KASKAZINI A,2023,Apr,4th week,125.2,Pemba,29.2857142857143,25.1
KASKAZINI A,KASKAZINI A,2023,May,4th week,25.0,Pemba,29.2714285714286,24.5142857142857
KASKAZINI A,KASKAZINI A,2023,Jun,4th week,0.0,Pemba,28.7,23.9714285714286
KASKAZINI A,KASKAZINI A,2023,Jul,4th week,13.0,Pemba,28.5142857142857,24.1714285714286
KASKAZINI A,KASKAZINI A,2023,Aug,4th week,2.0,Pemba,28.5142857142857,23.3857142857143
KASKAZINI A,KASKAZINI A,2023,Sep,4th week,7.0,Pemba,30.2142857142857,24.3857142857143
KASKAZINI A,KASKAZINI A,2023,Oct,4th week,29.6,Pemba,31.1857142857143,24.6285714285714
KASKAZINI A,KASKAZINI A,2023,Nov,4th week,47.2,Pemba,30.5571428571429,24.3428571428571
KASKAZINI A,KASKAZINI A,2023,Dec,4th week,0.0,Pemba,31.7285714285714,26.1857142857143
KASKAZINI A,KASKAZINI A,2022,Jan,1st week,0.0,Pemba,32.3428571428571,25.4428571428571
KASKAZINI A,KASKAZINI A,2022,Feb,1st week,47.7,Pemba,31.2142857142857,24.0714285714286
KASKAZINI A,KASKAZINI A,2022,Mar,1st week,0.0,Pemba,31.3285714285714,24.2714285714286
KASKAZINI A,KASKAZINI A,2022,Apr,1st week,0.0,Pemba,31.8714285714286,25.2
KASKAZINI A,KASKAZINI A,2022,May,1st week,38.7,Pemba,29.2285714285714,24.3428571428571
KASKAZINI A,KASKAZINI A,2022,Jun,1st week,17.0,Pemba,27.7428571428571,23.7
KASKAZINI A,KASKAZINI A,2022,Jul,1st week,0.0,Pemba,27.0285714285714,22.9571428571429
KASKAZINI A,KASKAZINI A,2022,Aug,1st week,7.0,Pemba,27.2285714285714,21.3714285714286
KASKAZINI A,KASKAZINI A,2022,Sep,1st week,0.0,Pemba,27.7285714285714,21.5571428571429
KASKAZINI A,KASKAZINI A,2022,Oct,1st week,0.0,Pemba,28.1857142857143,22.8428571428571
KASKAZINI A,KASKAZINI A,2022,Nov,1st week,36.0,Pemba,29.9857142857143,23.2428571428571
KASKAZINI A,KASKAZINI A,2022,Dec,1st week,0.0,Pemba,31.4857142857143,24.4
KASKAZINI A,KASKAZINI A,2022,Jan,2nd week,0.0,Pemba,31.9285714285714,26.0428571428571
KASKAZINI A,KASKAZINI A,2022,Feb,2nd week,0.0,Pemba,31.1428571428571,24.5571428571429
KASKAZINI A,KASKAZINI A,2022,Mar,2nd week,0.0,Pemba,32.0,24.4571428571429
KASKAZINI A,KASKAZINI A,2022,Apr,2nd week,109.3,Pemba,30.9142857142857,25.5142857142857
KASKAZINI A,KASKAZINI A,2022,May,2nd week,0.0,Pemba,29.9714285714286,25.9714285714286
KASKAZINI A,KASKAZINI A,2022,Jun,2nd week,0.0,Pemba,28.8428571428571,24.3857142857143
KASKAZINI A,KASKAZINI A,2022,Jul,2nd week,26.7,Pemba,27.1571428571429,22.5142857142857
KASKAZINI A,KASKAZINI A,2022,Aug,2nd week,20.0,Pemba,27.3714285714286,22.6142857142857
KASKAZINI A,KASKAZINI A,2022,Sep,2nd week,4.0,Pemba,28.0571428571429,21.7285714285714
KASKAZINI A,KASKAZINI A,2022,Oct,2nd week,18.5,Pemba,28.4428571428571,23.5
KASKAZINI A,KASKAZINI A,2022,Nov,2nd week,0.0,Pemba,30.3571428571429,24.0142857142857
KASKAZINI A,KASKAZINI A,2022,Dec,2nd week,28.6,Pemba,31.8,24.0857142857143
KASKAZINI A,KASKAZINI A,2022,Jan,3rd week,81.5,Pemba,31.2857142857143,24.0571428571429
KASKAZINI A,KASKAZINI A,2022,Feb,3rd week,70.5,Pemba,31.8,24.1428571428571
KASKAZINI A,KASKAZINI A,2022,Mar,3rd week,0.0,Pemba,31.7142857142857,24.3
KASKAZINI A,KASKAZINI A,2022,Apr,3rd week,310.2,Pemba,29.5714285714286,24.5428571428571
KASKAZINI A,KASKAZINI A,2022,May,3rd week,25.7,Pemba,29.9571428571429,25.8
KASKAZINI A,KASKAZINI A,2022,Jun,3rd week,17.0,Pemba,28.7857142857143,24.8142857142857
KASKAZINI A,KASKAZINI A,2022,Jul,3rd week,7.0,Pemba,27.4285714285714,22.9714285714286
KASKAZINI A,KASKAZINI A,2022,Aug,3rd week,0.0,Pemba,27.6428571428571,21.7571428571429
KASKAZINI A,KASKAZINI A,2022,Sep,3rd week,0.0,Pemba,28.1142857142857,22.9714285714286
KASKAZINI A,KASKAZINI A,2022,Oct,3rd week,0.0,Pemba,28.7,22.9142857142857
KASKAZINI A,KASKAZINI A,2022,Nov,3rd week,6.3,Pemba,30.2857142857143,24.1142857142857
KASKAZINI A,KASKAZINI A,2022,Dec,3rd week,0.0,Pemba,31.8142857142857,25.4714285714286
KASKAZINI A,KASKAZINI A,2022,Jan,4th week,45.6,Pemba,30.3142857142857,25.0714285714286
KASKAZINI A,KASKAZINI A,2022,Feb,4th week,20.7,Pemba,31.1714285714286,25.3
KASKAZINI A,KASKAZINI A,2022,Mar,4th week,35.3,Pemba,32.0428571428571,25.6428571428571
KASKAZINI A,KASKAZINI A,2022,Apr,4th week,111.5,Pemba,30.6571428571429,24.8857142857143
KASKAZINI A,KASKAZINI A,2022,May,4th week,12.3,Pemba,30.2,26.3142857142857
KASKAZINI A,KASKAZINI A,2022,Jun,4th week,20.3,Pemba,28.1714285714286,24.5428571428571
KASKAZINI A,KASKAZINI A,2022,Jul,4th week,0.0,Pemba,27.2285714285714,23.2142857142857
KASKAZINI A,KASKAZINI A,2022,Aug,4th week,28.0,Pemba,27.4714285714286,22.4857142857143
KASKAZINI A,KASKAZINI A,2022,Sep,4th week,0.0,Pemba,28.4857142857143,23.4857142857143
KASKAZINI A,KASKAZINI A,2022,Oct,4th week,0.0,Pemba,28.8285714285714,23.6714285714286
KASKAZINI A,KASKAZINI A,2022,Nov,4th week,68.9,Pemba,30.6428571428571,24.3571428571429
KASKAZINI A,KASKAZINI A,2022,Dec,4th week,12.4,Pemba,31.3428571428571,26.0285714285714
KASKAZINI A,KASKAZINI A,2021,Jan,1st week,25.2,Pemba,30.6857142857143,24.4714285714286
KASKAZINI A,KASKAZINI A,2021,Feb,1st week,0.0,Pemba,31.0142857142857,23.5
KASKAZINI A,KASKAZINI A,2021,Mar,1st week,0.0,Pemba,31.8571428571429,24.3571428571429
KASKAZINI A,KASKAZINI A,2021,Apr,1st week,96.3,Pemba,30.7571428571429,25.2571428571429
KASKAZINI A,KASKAZINI A,2021,May,1st week,81.8,Pemba,28.3285714285714,23.8714285714286
KASKAZINI A,KASKAZINI A,2021,Jun,1st week,0.0,Pemba,29.0714285714286,23.9714285714286
KASKAZINI A,KASKAZINI A,2021,Jul,1st week,0.0,Pemba,27.9571428571429,23.5
KASKAZINI A,KASKAZINI A,2021,Aug,1st week,0.0,Pemba,27.4142857142857,22.4428571428571
KASKAZINI A,KASKAZINI A,2021,Sep,1st week,0.0,Pemba,27.4142857142857,24.1428571428571
KASKAZINI A,KASKAZINI A,2021,Oct,1st week,0.0,Pemba,29.1142857142857,23.1714285714286
KASKAZINI A,KASKAZINI A,2021,Nov,1st week,0.0,Pemba,30.6714285714286,24.4285714285714
KASKAZINI A,KASKAZINI A,2021,Dec,1st week,0.0,Pemba,30.8857142857143,24.5571428571429
KASKAZINI A,KASKAZINI A,2021,Jan,2nd week,51.2,Pemba,29.625,24.5428571428571
KASKAZINI A,KASKAZINI A,2021,Feb,2nd week,9.8,Pemba,30.4125,25.3714285714286
KASKAZINI A,KASKAZINI A,2021,Mar,2nd week,0.0,Pemba,31.4625,24.1285714285714
KASKAZINI A,KASKAZINI A,2021,Apr,2nd week,69.4,Pemba,29.75,24.6714285714286
KASKAZINI A,KASKAZINI A,2021,May,2nd week,0.0,Pemba,29.625,25.0571428571429
KASKAZINI A,KASKAZINI A,2021,Jun,2nd week,0.0,Pemba,28.25,24.4
KASKAZINI A,KASKAZINI A,2021,Jul,2nd week,41.6,Pemba,27.925,24.1
KASKAZINI A,KASKAZINI A,2021,Aug,2nd week,0.0,Pemba,27.9875,22.2
KASKAZINI A,KASKAZINI A,2021,Sep,2nd week,0.0,Pemba,27.9875,23.6857142857143
KASKAZINI A,KASKAZINI A,2021,Oct,2nd week,0.0,Pemba,29.5125,23.9428571428571
KASKAZINI A,KASKAZINI A,2021,Nov,2nd week,0.0,Pemba,31.075,23.5857142857143
KASKAZINI A,KASKAZINI A,2021,Dec,2nd week,34.3,Pemba,31.0,24.4714285714286
KASKAZINI A,KASKAZINI A,2021,Jan,3rd week,0.0,Pemba,30.6857142857143,23.7571428571429
KASKAZINI A,KASKAZINI A,2021,Feb,3rd week,0.0,Pemba,30.9142857142857,24.6142857142857
KASKAZINI A,KASKAZINI A,2021,Mar,3rd week,0.0,Pemba,31.9571428571429,23.9714285714286
KASKAZINI A,KASKAZINI A,2021,Apr,3rd week,126.6,Pemba,28.2,24.4571428571429
KASKAZINI A,KASKAZINI A,2021,May,3rd week,0.0,Pemba,29.7,24.7857142857143
KASKAZINI A,KASKAZINI A,2021,Jun,3rd week,2.5,Pemba,28.2857142857143,23.4285714285714
KASKAZINI A,KASKAZINI A,2021,Jul,3rd week,0.0,Pemba,27.8285714285714,24.2285714285714
KASKAZINI A,KASKAZINI A,2021,Aug,3rd week,6.3,Pemba,27.9142857142857,22.9142857142857
KASKAZINI A,KASKAZINI A,2021,Sep,3rd week,0.0,Pemba,27.9142857142857,23.4
KASKAZINI A,KASKAZINI A,2021,Oct,3rd week,18.0,Pemba,29.4,24.5285714285714
KASKAZINI A,KASKAZINI A,2021,Nov,3rd week,0.0,Pemba,31.1714285714286,23.8428571428571
KASKAZINI A,KASKAZINI A,2021,Dec,3rd week,25.0,Pemba,31.1428571428571,24.6857142857143
KASKAZINI A,KASKAZINI A,2021,Jan,4th week,19.3,Pemba,30.4333333333333,24.4571428571429
KASKAZINI A,KASKAZINI A,2021,Feb,4th week,64.0,Pemba,31.5833333333333,24.4142857142857
KASKAZINI A,KASKAZINI A,2021,Mar,4th week,20.0,Pemba,30.9666666666667,23.9714285714286
KASKAZINI A,KASKAZINI A,2021,Apr,4th week,58.1,Pemba,30.4666666666667,24.9
KASKAZINI A,KASKAZINI A,2021,May,4th week,0.0,Pemba,29.2166666666667,25.2285714285714
KASKAZINI A,KASKAZINI A,2021,Jun,4th week,4.2,Pemba,27.7,23.0142857142857
KASKAZINI A,KASKAZINI A,2021,Jul,4th week,0.0,Pemba,27.3,23.5714285714286
KASKAZINI A,KASKAZINI A,2021,Aug,4th week,3.4,Pemba,27.85,22.2714285714286
KASKAZINI A,KASKAZINI A,2021,Sep,4th week,0.0,Pemba,27.85,23.1142857142857
KASKAZINI A,KASKAZINI A,2021,Oct,4th week,8.6,Pemba,30.1833333333333,22.5142857142857
KASKAZINI A,KASKAZINI A,2021,Nov,4th week,30.5,Pemba,31.5666666666667,25.0857142857143
KASKAZINI A,KASKAZINI A,2021,Dec,4th week,0.0,Pemba,31.6,24.7571428571429
KASKAZINI A,KASKAZINI A,2020,Jan,1st week,0.0,Pemba,32.0714285714286,25.8142857142857
KASKAZINI A,KASKAZINI A,2020,Feb,1st week,0.0,Pemba,30.7142857142857,24.7857142857143
KASKAZINI A,KASKAZINI A,2020,Mar,1st week,92.2,Pemba,31.8714285714286,25.5857142857143
KASKAZINI A,KASKAZINI A,2020,Apr,1st week,74.0,Pemba,31.5,25.5
KASKAZINI A,KASKAZINI A,2020,May,1st week,212.5,Pemba,28.9714285714286,24.4
KASKAZINI A,KASKAZINI A,2020,Jun,1st week,0.0,Pemba,29.0857142857143,25.1285714285714
KASKAZINI A,KASKAZINI A,2020,Jul,1st week,2.3,Pemba,27.7571428571429,24.1428571428571
KASKAZINI A,KASKAZINI A,2020,Aug,1st week,2.3,Pemba,27.9714285714286,23.2142857142857
KASKAZINI A,KASKAZINI A,2020,Sep,1st week,0.0,Pemba,28.0714285714286,23.0
KASKAZINI A,KASKAZINI A,2020,Oct,1st week,15.5,Pemba,29.6,22.6142857142857
KASKAZINI A,KASKAZINI A,2020,Nov,1st week,50.0,Pemba,30.0428571428571,25.0142857142857
KASKAZINI A,KASKAZINI A,2020,Dec,1st week,10.0,Pemba,31.2285714285714,24.4857142857143
KASKAZINI A,KASKAZINI A,2020,Jan,2nd week,20.0,Pemba,31.7714285714286,25.6
KASKAZINI A,KASKAZINI A,2020,Feb,2nd week,13.2,Pemba,31.2428571428571,24.8625
KASKAZINI A,KASKAZINI A,2020,Mar,2nd week,73.2,Pemba,31.7428571428571,25.7625
KASKAZINI A,KASKAZINI A,2020,Apr,2nd week,243.6,Pemba,29.6571428571429,24.9
KASKAZINI A,KASKAZINI A,2020,May,2nd week,15.7,Pemba,29.2857142857143,24.3625
KASKAZINI A,KASKAZINI A,2020,Jun,2nd week,3.0,Pemba,28.9714285714286,24.5625
KASKAZINI A,KASKAZINI A,2020,Jul,2nd week,11.6,Pemba,28.2571428571429,23.4625
KASKAZINI A,KASKAZINI A,2020,Aug,2nd week,0.0,Pemba,27.6428571428571,22.3625
KASKAZINI A,KASKAZINI A,2020,Sep,2nd week,0.0,Pemba,28.8,22.5625
KASKAZINI A,KASKAZINI A,2020,Oct,2nd week,29.5,Pemba,30.4428571428571,23.8
KASKAZINI A,KASKAZINI A,2020,Nov,2nd week,109.6,Pemba,29.7571428571429,24.1125
KASKAZINI A,KASKAZINI A,2020,Dec,2nd week,0.0,Pemba,31.4857142857143,24.8375
KASKAZINI A,KASKAZINI A,2020,Jan,3rd week,71.5,Pemba,30.6714285714286,26.0142857142857
KASKAZINI A,KASKAZINI A,2020,Feb,3rd week,3.0,Pemba,31.6571428571429,25.1428571428571
KASKAZINI A,KASKAZINI A,2020,Mar,3rd week,70.3,Pemba,31.6714285714286,25.4285714285714
KASKAZINI A,KASKAZINI A,2020,Apr,3rd week,315.4,Pemba,29.0,23.9857142857143
KASKAZINI A,KASKAZINI A,2020,May,3rd week,42.2,Pemba,29.2714285714286,24.2142857142857
KASKAZINI A,KASKAZINI A,2020,Jun,3rd week,0.0,Pemba,27.9142857142857,24.8
KASKAZINI A,KASKAZINI A,2020,Jul,3rd week,40.0,Pemba,27.5,23.3857142857143
KASKAZINI A,KASKAZINI A,2020,Aug,3rd week,29.7,Pemba,28.2,23.7
KASKAZINI A,KASKAZINI A,2020,Sep,3rd week,0.0,Pemba,28.5285714285714,22.8
KASKAZINI A,KASKAZINI A,2020,Oct,3rd week,0.0,Pemba,30.0428571428571,23.2428571428571
KASKAZINI A,KASKAZINI A,2020,Nov,3rd week,71.0,Pemba,30.3142857142857,25.3285714285714
KASKAZINI A,KASKAZINI A,2020,Dec,3rd week,24.0,Pemba,31.1142857142857,25.1571428571429
KASKAZINI A,KASKAZINI A,2020,Jan,4th week,20.0,Pemba,30.725,25.8428571428571
KASKAZINI A,KASKAZINI A,2020,Feb,4th week,0.0,Pemba,32.3625,25.6428571428571
KASKAZINI A,KASKAZINI A,2020,Mar,4th week,75.0,Pemba,31.425,25.0142857142857
KASKAZINI A,KASKAZINI A,2020,Apr,4th week,191.2,Pemba,29.25,24.5142857142857
KASKAZINI A,KASKAZINI A,2020,May,4th week,6.4,Pemba,29.7125,24.5428571428571
KASKAZINI A,KASKAZINI A,2020,Jun,4th week,5.0,Pemba,28.2375,23.7
KASKAZINI A,KASKAZINI A,2020,Jul,4th week,3.2,Pemba,27.65,24.3142857142857
KASKAZINI A,KASKAZINI A,2020,Aug,4th week,9.0,Pemba,28.2875,23.2428571428571
KASKAZINI A,KASKAZINI A,2020,Sep,4th week,25.5,Pemba,28.7625,22.9142857142857
KASKAZINI A,KASKAZINI A,2020,Oct,4th week,19.3,Pemba,30.5,24.7714285714286
KASKAZINI A,KASKAZINI A,2020,Nov,4th week,16.2,Pemba,31.025,24.4857142857143
KASKAZINI A,KASKAZINI A,2020,Dec,4th week,27.2,Pemba,31.2125,26.3142857142857
KASKAZINI A,KASKAZINI A,2019,Jan,1st week,9.4,Pemba,32.3285714285714,25.5571428571429
KASKAZINI A,KASKAZINI A,2019,Feb,1st week,0.0,Pemba,30.7142857142857,24.7857142857143
KASKAZINI A,KASKAZINI A,2019,Mar,1st week,33.5,Pemba,33.1142857142857,25.0142857142857
KASKAZINI A,KASKAZINI A,2019,Apr,1st week,123.8,Pemba,31.8142857142857,24.9428571428571
KASKAZINI A,KASKAZINI A,2019,May,1st week,73.80000000000001,Pemba,29.4142857142857,24.8285714285714
KASKAZINI A,KASKAZINI A,2019,Jun,1st week,0.0,Pemba,29.4142857142857,24.1571428571429
KASKAZINI A,KASKAZINI A,2019,Jul,1st week,0.0,Pemba,29.3571428571429,24.1857142857143
KASKAZINI A,KASKAZINI A,2019,Aug,1st week,1.5,Pemba,28.9571428571429,23.7571428571429
KASKAZINI A,KASKAZINI A,2019,Sep,1st week,28.3,Pemba,29.4428571428571,23.1857142857143
KASKAZINI A,KASKAZINI A,2019,Oct,1st week,0.0,Pemba,29.5285714285714,23.8
KASKAZINI A,KASKAZINI A,2019,Nov,1st week,30.2,Pemba,30.4285714285714,24.6857142857143
KASKAZINI A,KASKAZINI A,2019,Dec,1st week,3.0,Pemba,32.1,25.1428571428571
KASKAZINI A,KASKAZINI A,2019,Jan,2nd week,5.5,Pemba,32.3571428571429,25.7
KASKAZINI A,KASKAZINI A,2019,Feb,2nd week,0.0,Pemba,31.2428571428571,24.6857142857143
KASKAZINI A,KASKAZINI A,2019,Mar,2nd week,5.4,Pemba,32.5714285714286,25.1142857142857
KASKAZINI A,KASKAZINI A,2019,Apr,2nd week,7.0,Pemba,31.0714285714286,25.0142857142857
KASKAZINI A,KASKAZINI A,2019,May,2nd week,100.6,Pemba,28.1428571428571,25.0428571428571
KASKAZINI A,KASKAZINI A,2019,Jun,2nd week,1.1,Pemba,29.1428571428571,23.7714285714286
KASKAZINI A,KASKAZINI A,2019,Jul,2nd week,13.2,Pemba,29.0857142857143,24.6428571428571
KASKAZINI A,KASKAZINI A,2019,Aug,2nd week,8.3,Pemba,28.9285714285714,24.0428571428571
KASKAZINI A,KASKAZINI A,2019,Sep,2nd week,10.5,Pemba,28.9714285714286,23.9285714285714
KASKAZINI A,KASKAZINI A,2019,Oct,2nd week,11.0,Pemba,28.8285714285714,24.0857142857143
KASKAZINI A,KASKAZINI A,2019,Nov,2nd week,26.3,Pemba,30.5571428571429,24.6285714285714
KASKAZINI A,KASKAZINI A,2019,Dec,2nd week,0.0,Pemba,31.9857142857143,24.8285714285714
KASKAZINI A,KASKAZINI A,2019,Jan,3rd week,8.6,Pemba,32.3,24.4857142857143
KASKAZINI A,KASKAZINI A,2019,Feb,3rd week,0.0,Pemba,31.6571428571429,25.2571428571429
KASKAZINI A,KASKAZINI A,2019,Mar,3rd week,23.0,Pemba,32.7,24.1714285714286
KASKAZINI A,KASKAZINI A,2019,Apr,3rd week,19.3,Pemba,32.3571428571429,25.6428571428571
KASKAZINI A,KASKAZINI A,2019,May,3rd week,16.0,Pemba,29.2285714285714,24.4428571428571
KASKAZINI A,KASKAZINI A,2019,Jun,3rd week,13.4,Pemba,28.8714285714286,24.3
KASKAZINI A,KASKAZINI A,2019,Jul,3rd week,10.3,Pemba,28.3857142857143,23.5
KASKAZINI A,KASKAZINI A,2019,Aug,3rd week,9.2,Pemba,28.8571428571429,24.3
KASKAZINI A,KASKAZINI A,2019,Sep,3rd week,0.0,Pemba,29.6571428571429,23.5428571428571
KASKAZINI A,KASKAZINI A,2019,Oct,3rd week,0.0,Pemba,29.3,23.6428571428571
KASKAZINI A,KASKAZINI A,2019,Nov,3rd week,15.6,Pemba,31.1857142857143,25.6714285714286
KASKAZINI A,KASKAZINI A,2019,Dec,3rd week,6.2,Pemba,32.2,24.2857142857143
KASKAZINI A,KASKAZINI A,2019,Jan,4th week,0.0,Pemba,31.825,25.725
KASKAZINI A,KASKAZINI A,2019,Feb,4th week,41.0,Pemba,32.3625,25.6
KASKAZINI A,KASKAZINI A,2019,Mar,4th week,28.0,Pemba,32.9125,24.5125
KASKAZINI A,KASKAZINI A,2019,Apr,4th week,52.2,Pemba,32.125,25.2125
KASKAZINI A,KASKAZINI A,2019,May,4th week,7.5,Pemba,28.75,24.55
KASKAZINI A,KASKAZINI A,2019,Jun,4th week,34.6,Pemba,29.1875,24.175
KASKAZINI A,KASKAZINI A,2019,Jul,4th week,0.0,Pemba,28.2375,24.4
KASKAZINI A,KASKAZINI A,2019,Aug,4th week,12.7,Pemba,29.0375,23.8375
KASKAZINI A,KASKAZINI A,2019,Sep,4th week,73.2,Pemba,29.875,24.2375
KASKAZINI A,KASKAZINI A,2019,Oct,4th week,0.0,Pemba,30.0,24.6375
KASKAZINI A,KASKAZINI A,2019,Nov,4th week,48.2,Pemba,30.8625,24.6875
KASKAZINI A,KASKAZINI A,2019,Dec,4th week,3.2,Pemba,32.0375,25.375
KASKAZINI A,KASKAZINI A,2018,Jan,1st week,15.0,Pemba,29.8166666666667,24.3428571428571
KASKAZINI A,KASKAZINI A,2018,Feb,1st week,0.0,Pemba,31.4142857142857,23.8571428571429
KASKAZINI A,KASKAZINI A,2018,Mar,1st week,23.0,Pemba,31.5333333333333,23.7714285714286
KASKAZINI A,KASKAZINI A,2018,Apr,1st week,0.0,Pemba,31.8714285714286,24.5857142857143
KASKAZINI A,KASKAZINI A,2018,May,1st week,183.9,Pemba,28.3285714285714,22.8714285714286
KASKAZINI A,KASKAZINI A,2018,Jun,1st week,0.0,Pemba,28.9571428571429,23.9714285714286
KASKAZINI A,KASKAZINI A,2018,Jul,1st week,45.3,Pemba,28.4285714285714,22.7714285714286
KASKAZINI A,KASKAZINI A,2018,Aug,1st week,0.0,Pemba,27.6142857142857,22.9857142857143
KASKAZINI A,KASKAZINI A,2018,Sep,1st week,8.3,Pemba,29.2,23.3142857142857
KASKAZINI A,KASKAZINI A,2018,Oct,1st week,0.0,Pemba,28.8,23.2
KASKAZINI A,KASKAZINI A,2018,Nov,1st week,35.3,Pemba,30.8285714285714,22.9857142857143
KASKAZINI A,KASKAZINI A,2018,Dec,1st week,8.6,Pemba,30.7857142857143,24.3166666666667
KASKAZINI A,KASKAZINI A,2018,Jan,2nd week,0.0,Pemba,29.6428571428571,23.8
KASKAZINI A,KASKAZINI A,2018,Feb,2nd week,0.0,Pemba,31.5428571428571,24.5714285714286
KASKAZINI A,KASKAZINI A,2018,Mar,2nd week,31.5,Pemba,30.3,23.8428571428571
KASKAZINI A,KASKAZINI A,2018,Apr,2nd week,147.29999999999998,Pemba,30.9142857142857,24.1857142857143
KASKAZINI A,KASKAZINI A,2018,May,2nd week,273.5,Pemba,29.4571428571429,23.4285714285714
KASKAZINI A,KASKAZINI A,2018,Jun,2nd week,34.3,Pemba,29.2714285714286,22.8714285714286
KASKAZINI A,KASKAZINI A,2018,Jul,2nd week,0.0,Pemba,28.7428571428571,23.0857142857143
KASKAZINI A,KASKAZINI A,2018,Aug,2nd week,0.0,Pemba,28.6428571428571,23.5714285714286
KASKAZINI A,KASKAZINI A,2018,Sep,2nd week,12.8,Pemba,29.6428571428571,23.6571428571429
KASKAZINI A,KASKAZINI A,2018,Oct,2nd week,0.0,Pemba,29.3,23.5428571428571
KASKAZINI A,KASKAZINI A,2018,Nov,2nd week,0.0,Pemba,30.4714285714286,23.5714285714286
KASKAZINI A,KASKAZINI A,2018,Dec,2nd week,0.0,Pemba,30.0714285714286,24.35
KASKAZINI A,KASKAZINI A,2018,Jan,3rd week,0.0,Pemba,30.2285714285714,23.3571428571429
KASKAZINI A,KASKAZINI A,2018,Feb,3rd week,19.0,Pemba,32.1,24.4
KASKAZINI A,KASKAZINI A,2018,Mar,3rd week,61.6,Pemba,31.9714285714286,24.4428571428571
KASKAZINI A,KASKAZINI A,2018,Apr,3rd week,95.7,Pemba,28.5714285714286,23.7142857142857
KASKAZINI A,KASKAZINI A,2018,May,3rd week,104.9,Pemba,29.6428571428571,24.1142857142857
KASKAZINI A,KASKAZINI A,2018,Jun,3rd week,2.2,Pemba,29.4714285714286,23.1857142857143
KASKAZINI A,KASKAZINI A,2018,Jul,3rd week,0.0,Pemba,28.3,22.9285714285714
KASKAZINI A,KASKAZINI A,2018,Aug,3rd week,5.3,Pemba,29.1571428571429,24.0142857142857
KASKAZINI A,KASKAZINI A,2018,Sep,3rd week,6.2,Pemba,29.7285714285714,22.2
KASKAZINI A,KASKAZINI A,2018,Oct,3rd week,48.2,Pemba,30.3857142857143,23.2285714285714
KASKAZINI A,KASKAZINI A,2018,Nov,3rd week,46.0,Pemba,30.7142857142857,24.0142857142857
KASKAZINI A,KASKAZINI A,2018,Dec,3rd week,64.0,Pemba,30.5714285714286,24.7714285714286
KASKAZINI A,KASKAZINI A,2018,Jan,4th week,0.0,Pemba,30.4428571428571,22.8285714285714
KASKAZINI A,KASKAZINI A,2018,Feb,4th week,0.0,Pemba,32.4714285714286,23.7428571428571
KASKAZINI A,KASKAZINI A,2018,Mar,4th week,116.4,Pemba,31.4,24.0285714285714
KASKAZINI A,KASKAZINI A,2018,Apr,4th week,15.2,Pemba,29.8,24.7714285714286
KASKAZINI A,KASKAZINI A,2018,May,4th week,41.0,Pemba,29.7285714285714,23.9571428571429
KASKAZINI A,KASKAZINI A,2018,Jun,4th week,0.0,Pemba,28.6285714285714,23.5714285714286
KASKAZINI A,KASKAZINI A,2018,Jul,4th week,32.3,Pemba,27.5285714285714,23.2142857142857
KASKAZINI A,KASKAZINI A,2018,Aug,4th week,10.0,Pemba,28.6571428571429,24.6714285714286
KASKAZINI A,KASKAZINI A,2018,Sep,4th week,0.0,Pemba,29.3714285714286,23.2
KASKAZINI A,KASKAZINI A,2018,Oct,4th week,22.2,Pemba,29.6714285714286,23.7571428571429
KASKAZINI A,KASKAZINI A,2018,Nov,4th week,76.3,Pemba,31.4857142857143,24.6714285714286
KASKAZINI A,KASKAZINI A,2018,Dec,4th week,0.0,Pemba,30.7714285714286,24.8428571428571
MKOANI,MKOANI,2023,Jan,1st week,2.4,Zanzibar,32.1428571428571,26.8857142857143
MKOANI,MKOANI,2023,Feb,1st week,22.9,Zanzibar,33.3571428571429,25.0428571428571
MKOANI,MKOANI,2023,Mar,1st week,9.3,Zanzibar,33.9142857142857,24.7714285714286
MKOANI,MKOANI,2023,Apr,1st week,205.9,Zanzibar,31.5857142857143,25.5285714285714
MKOANI,MKOANI,2023,May,1st week,178.4,Zanzibar,30.8857142857143,24.6571428571429
MKOANI,MKOANI,2023,Jun,1st week,91.20000000000002,Zanzibar,28.7571428571429,23.8714285714286
MKOANI,MKOANI,2023,Jul,1st week,35.8,Zanzibar,28.4428571428571,23.2
MKOANI,MKOANI,2023,Aug,1st week,8.600000000000001,Zanzibar,29.3857142857143,22.4428571428571
MKOANI,MKOANI,2023,Sep,1st week,4.1,Zanzibar,31.2428571428571,21.2285714285714
MKOANI,MKOANI,2023,Oct,1st week,2.3,Zanzibar,30.7142857142857,24.8714285714286
MKOANI,MKOANI,2023,Nov,1st week,390.4,Zanzibar,27.8714285714286,25.0142857142857
MKOANI,MKOANI,2023,Dec,1st week,68.30000000000001,Zanzibar,30.7142857142857,23.6857142857143
MKOANI,MKOANI,2023,Jan,2nd week,46.3,Zanzibar,31.3285714285714,26.0714285714286
MKOANI,MKOANI,2023,Feb,2nd week,14.7,Zanzibar,33.2571428571429,24.3571428571429
MKOANI,MKOANI,2023,Mar,2nd week,13.8,Zanzibar,34.1428571428571,25.5714285714286
MKOANI,MKOANI,2023,Apr,2nd week,114.8,Zanzibar,31.2714285714286,25.3
MKOANI,MKOANI,2023,May,2nd week,306.3,Zanzibar,30.5142857142857,24.9571428571429
MKOANI,MKOANI,2023,Jun,2nd week,33.9,Zanzibar,29.6714285714286,23.9714285714286
MKOANI,MKOANI,2023,Jul,2nd week,12.2,Zanzibar,29.1571428571429,22.8142857142857
MKOANI,MKOANI,2023,Aug,2nd week,12.5,Zanzibar,29.9428571428571,22.4
MKOANI,MKOANI,2023,Sep,2nd week,21.700000000000003,Zanzibar,31.0571428571429,20.9857142857143
MKOANI,MKOANI,2023,Oct,2nd week,20.0,Zanzibar,31.5285714285714,24.2
MKOANI,MKOANI,2023,Nov,2nd week,282.70000000000005,Zanzibar,29.7,24.3857142857143
MKOANI,MKOANI,2023,Dec,2nd week,94.0,Zanzibar,31.5285714285714,25.0714285714286
MKOANI,MKOANI,2023,Jan,3rd week,2.6,Zanzibar,32.4142857142857,25.7285714285714
MKOANI,MKOANI,2023,Feb,3rd week,2.8,Zanzibar,33.4714285714286,25.1857142857143
MKOANI,MKOANI,2023,Mar,3rd week,50.8,Zanzibar,31.7571428571429,26.0142857142857
MKOANI,MKOANI,2023,Apr,3rd week,489.69999999999993,Zanzibar,28.8142857142857,24.8714285714286
MKOANI,MKOANI,2023,May,3rd week,43.4,Zanzibar,31.0714285714286,25.3571428571429
MKOANI,MKOANI,2023,Jun,3rd week,50.2,Zanzibar,30.1285714285714,23.1
MKOANI,MKOANI,2023,Jul,3rd week,13.1,Zanzibar,29.6285714285714,22.6714285714286
MKOANI,MKOANI,2023,Aug,3rd week,4.3,Zanzibar,30.6571428571429,22.5714285714286
MKOANI,MKOANI,2023,Sep,3rd week,11.7,Zanzibar,31.4285714285714,20.4285714285714
MKOANI,MKOANI,2023,Oct,3rd week,37.5,Zanzibar,32.1571428571429,24.0
MKOANI,MKOANI,2023,Nov,3rd week,295.79999999999995,Zanzibar,30.1,24.1428571428571
MKOANI,MKOANI,2023,Dec,3rd week,50.6,Zanzibar,32.1571428571429,25.1142857142857
MKOANI,MKOANI,2023,Jan,4th week,36.0,Zanzibar,32.7142857142857,25.5428571428571
MKOANI,MKOANI,2023,Feb,4th week,11.8,Zanzibar,33.5142857142857,24.1142857142857
MKOANI,MKOANI,2023,Mar,4th week,57.3,Zanzibar,31.3,25.9857142857143
MKOANI,MKOANI,2023,Apr,4th week,482.1,Zanzibar,30.0571428571429,24.7
MKOANI,MKOANI,2023,May,4th week,103.0,Zanzibar,29.9,24.3
MKOANI,MKOANI,2023,Jun,4th week,34.400000000000006,Zanzibar,29.6,23.6142857142857
MKOANI,MKOANI,2023,Jul,4th week,19.8,Zanzibar,28.5857142857143,22.0142857142857
MKOANI,MKOANI,2023,Aug,4th week,8.6,Zanzibar,30.4285714285714,22.4285714285714
MKOANI,MKOANI,2023,Sep,4th week,11.7,Zanzibar,30.8857142857143,22.1571428571429
MKOANI,MKOANI,2023,Oct,4th week,70.89999999999999,Zanzibar,31.3285714285714,24.1
MKOANI,MKOANI,2023,Nov,4th week,148.6,Zanzibar,30.3714285714286,24.7
MKOANI,MKOANI,2023,Dec,4th week,0.0,Zanzibar,31.3285714285714,25.6428571428571
MKOANI,MKOANI,2022,Jan,1st week,0.0,Zanzibar,33.6142857142857,26.0
MKOANI,MKOANI,2022,Feb,1st week,0.0,Zanzibar,31.3714285714286,24.8285714285714
MKOANI,MKOANI,2022,Mar,1st week,0.0,Zanzibar,33.8571428571429,25.5714285714286
MKOANI,MKOANI,2022,Apr,1st week,4.1,Zanzibar,32.9285714285714,25.7571428571429
MKOANI,MKOANI,2022,May,1st week,179.79999999999995,Zanzibar,30.4,24.8142857142857
MKOANI,MKOANI,2022,Jun,1st week,0.0,Zanzibar,30.8142857142857,23.6142857142857
MKOANI,MKOANI,2022,Jul,1st week,51.5,Zanzibar,28.6857142857143,22.2428571428571
MKOANI,MKOANI,2022,Aug,1st week,37.1,Zanzibar,29.0857142857143,21.7428571428571
MKOANI,MKOANI,2022,Sep,1st week,13.1,Zanzibar,30.0285714285714,22.2571428571429
MKOANI,MKOANI,2022,Oct,1st week,27.5,Zanzibar,30.6714285714286,22.5285714285714
MKOANI,MKOANI,2022,Nov,1st week,65.0,Zanzibar,31.4,23.4142857142857
MKOANI,MKOANI,2022,Dec,1st week,51.1,Zanzibar,32.1,24.4
MKOANI,MKOANI,2022,Jan,2nd week,0.0,Zanzibar,33.7571428571429,26.2142857142857
MKOANI,MKOANI,2022,Feb,2nd week,8.9,Zanzibar,32.2714285714286,25.7142857142857
MKOANI,MKOANI,2022,Mar,2nd week,0.0,Zanzibar,33.7285714285714,25.7714285714286
MKOANI,MKOANI,2022,Apr,2nd week,11.1,Zanzibar,31.5285714285714,25.4142857142857
MKOANI,MKOANI,2022,May,2nd week,159.89999999999998,Zanzibar,31.5285714285714,25.7285714285714
MKOANI,MKOANI,2022,Jun,2nd week,34.3,Zanzibar,30.9714285714286,24.6428571428571
MKOANI,MKOANI,2022,Jul,2nd week,26.700000000000003,Zanzibar,29.0428571428571,22.1285714285714
MKOANI,MKOANI,2022,Aug,2nd week,20.8,Zanzibar,28.6857142857143,21.8285714285714
MKOANI,MKOANI,2022,Sep,2nd week,25.3,Zanzibar,30.2571428571429,21.7285714285714
MKOANI,MKOANI,2022,Oct,2nd week,18.7,Zanzibar,31.2428571428571,22.2714285714286
MKOANI,MKOANI,2022,Nov,2nd week,10.7,Zanzibar,31.3,24.4
MKOANI,MKOANI,2022,Dec,2nd week,124.3,Zanzibar,31.9857142857143,24.4428571428571
MKOANI,MKOANI,2022,Jan,3rd week,97.2,Zanzibar,33.0285714285714,25.3142857142857
MKOANI,MKOANI,2022,Feb,3rd week,0.0,Zanzibar,33.3428571428571,25.6285714285714
MKOANI,MKOANI,2022,Mar,3rd week,18.1,Zanzibar,33.8714285714286,26.1714285714286
MKOANI,MKOANI,2022,Apr,3rd week,144.40000000000003,Zanzibar,30.4,24.8285714285714
MKOANI,MKOANI,2022,May,3rd week,65.3,Zanzibar,31.2428571428571,25.1714285714286
MKOANI,MKOANI,2022,Jun,3rd week,9.6,Zanzibar,30.2285714285714,23.6
MKOANI,MKOANI,2022,Jul,3rd week,36.1,Zanzibar,28.4428571428571,22.4857142857143
MKOANI,MKOANI,2022,Aug,3rd week,14.2,Zanzibar,29.5571428571429,20.5285714285714
MKOANI,MKOANI,2022,Sep,3rd week,3.8,Zanzibar,30.5714285714286,23.0857142857143
MKOANI,MKOANI,2022,Oct,3rd week,55.3,Zanzibar,31.0428571428571,22.4142857142857
MKOANI,MKOANI,2022,Nov,3rd week,135.9,Zanzibar,31.2,24.4714285714286
MKOANI,MKOANI,2022,Dec,3rd week,70.80000000000001,Zanzibar,32.2857142857143,25.2857142857143
MKOANI,MKOANI,2022,Jan,4th week,17.7,Zanzibar,31.0571428571429,24.4714285714286
MKOANI,MKOANI,2022,Feb,4th week,0.0,Zanzibar,32.1285714285714,25.7857142857143
MKOANI,MKOANI,2022,Mar,4th week,6.9,Zanzibar,32.8714285714286,25.5857142857143
MKOANI,MKOANI,2022,Apr,4th week,231.7,Zanzibar,29.9714285714286,25.1857142857143
MKOANI,MKOANI,2022,May,4th week,77.4,Zanzibar,31.7571428571429,24.9857142857143
MKOANI,MKOANI,2022,Jun,4th week,19.3,Zanzibar,29.6571428571429,24.1142857142857
MKOANI,MKOANI,2022,Jul,4th week,28.9,Zanzibar,28.6571428571429,21.9571428571429
MKOANI,MKOANI,2022,Aug,4th week,34.5,Zanzibar,28.9857142857143,21.6
MKOANI,MKOANI,2022,Sep,4th week,15.6,Zanzibar,30.8714285714286,23.0
MKOANI,MKOANI,2022,Oct,4th week,32.6,Zanzibar,30.5714285714286,23.0714285714286
MKOANI,MKOANI,2022,Nov,4th week,50.6,Zanzibar,30.5714285714286,24.4285714285714
MKOANI,MKOANI,2022,Dec,4th week,44.2,Zanzibar,31.4,24.9571428571429
MKOANI,MKOANI,2021,Jan,1st week,0.0,Zanzibar,31.4571428571429,25.3142857142857
MKOANI,MKOANI,2021,Feb,1st week,0.0,Zanzibar,32.9428571428571,24.9571428571429
MKOANI,MKOANI,2021,Mar,1st week,0.0,Zanzibar,33.9,26.1571428571429
MKOANI,MKOANI,2021,Apr,1st week,50.0,Zanzibar,31.9142857142857,25.5285714285714
MKOANI,MKOANI,2021,May,1st week,258.29999999999995,Zanzibar,28.9142857142857,24.9142857142857
MKOANI,MKOANI,2021,Jun,1st week,0.0,Zanzibar,30.1714285714286,23.9
MKOANI,MKOANI,2021,Jul,1st week,13.4,Zanzibar,29.7857142857143,23.1571428571429
MKOANI,MKOANI,2021,Aug,1st week,16.3,Zanzibar,29.4,22.8571428571429
MKOANI,MKOANI,2021,Sep,1st week,33.1,Zanzibar,30.2571428571429,23.1428571428571
MKOANI,MKOANI,2021,Oct,1st week,8.0,Zanzibar,31.8857142857143,22.9
MKOANI,MKOANI,2021,Nov,1st week,7.7,Zanzibar,33.0428571428571,24.8571428571429
MKOANI,MKOANI,2021,Dec,1st week,129.3,Zanzibar,31.1714285714286,25.5285714285714
MKOANI,MKOANI,2021,Jan,2nd week,17.8,Zanzibar,31.2,25.2714285714286
MKOANI,MKOANI,2021,Feb,2nd week,29.2,Zanzibar,31.3714285714286,25.7285714285714
MKOANI,MKOANI,2021,Mar,2nd week,12.1,Zanzibar,33.5285714285714,25.0428571428571
MKOANI,MKOANI,2021,Apr,2nd week,178.39999999999998,Zanzibar,29.5857142857143,24.3571428571429
MKOANI,MKOANI,2021,May,2nd week,19.0,Zanzibar,30.9857142857143,24.8
MKOANI,MKOANI,2021,Jun,2nd week,29.2,Zanzibar,29.2,23.3428571428571
MKOANI,MKOANI,2021,Jul,2nd week,3.8,Zanzibar,29.6428571428571,23.7142857142857
MKOANI,MKOANI,2021,Aug,2nd week,24.4,Zanzibar,29.3714285714286,21.6571428571429
MKOANI,MKOANI,2021,Sep,2nd week,20.0,Zanzibar,30.0285714285714,22.9
MKOANI,MKOANI,2021,Oct,2nd week,16.0,Zanzibar,31.6,23.5142857142857
MKOANI,MKOANI,2021,Nov,2nd week,5.4,Zanzibar,32.7142857142857,24.1428571428571
MKOANI,MKOANI,2021,Dec,2nd week,137.3,Zanzibar,30.7428571428571,24.3571428571429
MKOANI,MKOANI,2021,Jan,3rd week,0.0,Zanzibar,33.2428571428572,25.0714285714286
MKOANI,MKOANI,2021,Feb,3rd week,0.0,Zanzibar,32.5,25.0857142857143
MKOANI,MKOANI,2021,Mar,3rd week,15.2,Zanzibar,32.8714285714286,25.0
MKOANI,MKOANI,2021,Apr,3rd week,425.3,Zanzibar,29.9571428571429,24.5428571428571
MKOANI,MKOANI,2021,May,3rd week,11.8,Zanzibar,31.2285714285714,24.7142857142857
MKOANI,MKOANI,2021,Jun,3rd week,7.999999999999999,Zanzibar,29.1571428571429,23.3714285714286
MKOANI,MKOANI,2021,Jul,3rd week,32.6,Zanzibar,30.0571428571429,23.4857142857143
MKOANI,MKOANI,2021,Aug,3rd week,16.2,Zanzibar,29.3714285714286,22.7571428571429
MKOANI,MKOANI,2021,Sep,3rd week,26.4,Zanzibar,30.8,22.3714285714286
MKOANI,MKOANI,2021,Oct,3rd week,0.0,Zanzibar,31.0714285714286,22.9
MKOANI,MKOANI,2021,Nov,3rd week,3.1,Zanzibar,32.9714285714286,24.0714285714286
MKOANI,MKOANI,2021,Dec,3rd week,222.4,Zanzibar,31.3714285714286,25.1142857142857
MKOANI,MKOANI,2021,Jan,4th week,0.0,Zanzibar,32.9428571428571,25.0857142857143
MKOANI,MKOANI,2021,Feb,4th week,4.3,Zanzibar,33.2428571428572,25.2428571428571
MKOANI,MKOANI,2021,Mar,4th week,108.6,Zanzibar,32.8571428571429,25.7714285714286
MKOANI,MKOANI,2021,Apr,4th week,197.4,Zanzibar,31.2571428571429,25.5428571428571
MKOANI,MKOANI,2021,May,4th week,10.6,Zanzibar,30.7857142857143,24.3428571428571
MKOANI,MKOANI,2021,Jun,4th week,25.700000000000003,Zanzibar,29.5142857142857,21.8428571428571
MKOANI,MKOANI,2021,Jul,4th week,8.2,Zanzibar,29.5571428571429,23.2857142857143
MKOANI,MKOANI,2021,Aug,4th week,31.2,Zanzibar,30.1,21.5285714285714
MKOANI,MKOANI,2021,Sep,4th week,14.5,Zanzibar,30.7,22.8714285714286
MKOANI,MKOANI,2021,Oct,4th week,26.4,Zanzibar,31.8571428571429,23.5285714285714
MKOANI,MKOANI,2021,Nov,4th week,44.7,Zanzibar,32.6833333333333,25.6571428571429
MKOANI,MKOANI,2021,Dec,4th week,70.3,Zanzibar,31.5285714285714,25.0571428571429
MKOANI,MKOANI,2020,Jan,1st week,10.1,Zanzibar,33.7,25.8428571428571
MKOANI,MKOANI,2020,Feb,1st week,55.5,Zanzibar,34.5142857142857,25.0571428571429
MKOANI,MKOANI,2020,Mar,1st week,135.20000000000002,Zanzibar,32.2571428571429,25.4
MKOANI,MKOANI,2020,Apr,1st week,223.5,Zanzibar,32.8857142857143,25.7714285714286
MKOANI,MKOANI,2020,May,1st week,329.4,Zanzibar,30.2142857142857,24.9285714285714
MKOANI,MKOANI,2020,Jun,1st week,46.1,Zanzibar,30.4571428571429,24.9428571428571
MKOANI,MKOANI,2020,Jul,1st week,9.1,Zanzibar,29.7714285714286,23.5857142857143
MKOANI,MKOANI,2020,Aug,1st week,14.900000000000002,Zanzibar,29.8571428571429,23.0285714285714
MKOANI,MKOANI,2020,Sep,1st week,2.8,Zanzibar,29.9,23.0428571428571
MKOANI,MKOANI,2020,Oct,1st week,5.0,Zanzibar,31.7857142857143,24.0857142857143
MKOANI,MKOANI,2020,Nov,1st week,4.4,Zanzibar,30.0428571428571,22.8
MKOANI,MKOANI,2020,Dec,1st week,14.2,Zanzibar,31.5285714285714,24.5285714285714
MKOANI,MKOANI,2020,Jan,2nd week,20.7,Zanzibar,33.1285714285714,25.4857142857143
MKOANI,MKOANI,2020,Feb,2nd week,13.9,Zanzibar,31.9857142857143,25.1428571428571
MKOANI,MKOANI,2020,Mar,2nd week,37.5,Zanzibar,32.1857142857143,24.9428571428571
MKOANI,MKOANI,2020,Apr,2nd week,311.90000000000003,Zanzibar,30.1571428571429,24.3857142857143
MKOANI,MKOANI,2020,May,2nd week,256.2,Zanzibar,30.4571428571429,25.7285714285714
MKOANI,MKOANI,2020,Jun,2nd week,48.3,Zanzibar,30.6428571428571,24.2428571428571
MKOANI,MKOANI,2020,Jul,2nd week,55.3,Zanzibar,29.6,23.1
MKOANI,MKOANI,2020,Aug,2nd week,14.6,Zanzibar,29.3285714285714,22.0571428571429
MKOANI,MKOANI,2020,Sep,2nd week,1.3,Zanzibar,30.7,23.7142857142857
MKOANI,MKOANI,2020,Oct,2nd week,6.6,Zanzibar,32.1142857142857,23.4857142857143
MKOANI,MKOANI,2020,Nov,2nd week,108.5,Zanzibar,29.9428571428571,24.1857142857143
MKOANI,MKOANI,2020,Dec,2nd week,28.0,Zanzibar,31.9428571428571,25.0571428571429
MKOANI,MKOANI,2020,Jan,3rd week,46.2,Zanzibar,31.6714285714286,24.9285714285714
MKOANI,MKOANI,2020,Feb,3rd week,24.4,Zanzibar,31.3285714285714,25.9714285714286
MKOANI,MKOANI,2020,Mar,3rd week,12.7,Zanzibar,32.0571428571429,25.8428571428571
MKOANI,MKOANI,2020,Apr,3rd week,210.7,Zanzibar,29.1857142857143,24.6571428571429
MKOANI,MKOANI,2020,May,3rd week,14.6,Zanzibar,29.9285714285714,24.5142857142857
MKOANI,MKOANI,2020,Jun,3rd week,18.0,Zanzibar,30.3857142857143,23.5
MKOANI,MKOANI,2020,Jul,3rd week,37.400000000000006,Zanzibar,28.8285714285714,22.7285714285714
MKOANI,MKOANI,2020,Aug,3rd week,5.5,Zanzibar,29.2285714285714,22.6857142857143
MKOANI,MKOANI,2020,Sep,3rd week,0.0,Zanzibar,31.0714285714286,22.1857142857143
MKOANI,MKOANI,2020,Oct,3rd week,24.1,Zanzibar,31.3428571428571,23.5285714285714
MKOANI,MKOANI,2020,Nov,3rd week,20.5,Zanzibar,30.9714285714286,24.6285714285714
MKOANI,MKOANI,2020,Dec,3rd week,42.4,Zanzibar,31.7,24.5428571428571
MKOANI,MKOANI,2020,Jan,4th week,25.8,Zanzibar,30.7571428571429,25.8
MKOANI,MKOANI,2020,Feb,4th week,4.4,Zanzibar,32.7285714285714,26.375
MKOANI,MKOANI,2020,Mar,4th week,138.8,Zanzibar,31.8714285714286,25.5375
MKOANI,MKOANI,2020,Apr,4th week,304.5,Zanzibar,30.9571428571429,25.0
MKOANI,MKOANI,2020,May,4th week,85.30000000000001,Zanzibar,30.7714285714286,24.325
MKOANI,MKOANI,2020,Jun,4th week,7.3,Zanzibar,29.8714285714286,24.225
MKOANI,MKOANI,2020,Jul,4th week,11.5,Zanzibar,29.3428571428571,22.75
MKOANI,MKOANI,2020,Aug,4th week,6.4,Zanzibar,29.5,21.95
MKOANI,MKOANI,2020,Sep,4th week,6.8,Zanzibar,30.6857142857143,23.1
MKOANI,MKOANI,2020,Oct,4th week,5.4,Zanzibar,31.3142857142857,23.875
MKOANI,MKOANI,2020,Nov,4th week,68.30000000000001,Zanzibar,30.6714285714286,24.7875
MKOANI,MKOANI,2020,Dec,4th week,24.6,Zanzibar,31.8,25.55
MKOANI,MKOANI,2019,Jan,1st week,,Zanzibar,33.0571428571429,26.8857142857143
MKOANI,MKOANI,2019,Feb,1st week,,Zanzibar,34.5142857142857,25.0428571428571
MKOANI,MKOANI,2019,Mar,1st week,,Zanzibar,33.8,24.7714285714286
MKOANI,MKOANI,2019,Apr,1st week,,Zanzibar,32.4714285714286,25.5285714285714
MKOANI,MKOANI,2019,May,1st week,,Zanzibar,31.4142857142857,24.6571428571429
MKOANI,MKOANI,2019,Jun,1st week,,Zanzibar,30.3285714285714,23.8714285714286
MKOANI,MKOANI,2019,Jul,1st week,,Zanzibar,30.8,23.2
MKOANI,MKOANI,2019,Aug,1st week,,Zanzibar,30.3285714285714,22.4428571428571
MKOANI,MKOANI,2019,Sep,1st week,,Zanzibar,29.2142857142857,21.2285714285714
MKOANI,MKOANI,2019,Oct,1st week,,Zanzibar,29.9142857142857,24.8714285714286
MKOANI,MKOANI,2019,Nov,1st week,,Zanzibar,32.0285714285714,25.0142857142857
MKOANI,MKOANI,2019,Dec,1st week,,Zanzibar,32.6571428571429,23.6857142857143
MKOANI,MKOANI,2019,Jan,2nd week,,Zanzibar,33.8142857142857,26.0714285714286
MKOANI,MKOANI,2019,Feb,2nd week,,Zanzibar,31.9857142857143,24.3571428571429
MKOANI,MKOANI,2019,Mar,2nd week,,Zanzibar,34.1285714285714,25.5714285714286
MKOANI,MKOANI,2019,Apr,2nd week,,Zanzibar,32.0428571428571,25.3
MKOANI,MKOANI,2019,May,2nd week,,Zanzibar,30.7285714285714,24.9571428571429
MKOANI,MKOANI,2019,Jun,2nd week,,Zanzibar,30.3142857142857,23.9714285714286
MKOANI,MKOANI,2019,Jul,2nd week,,Zanzibar,30.2571428571429,22.8142857142857
MKOANI,MKOANI,2019,Aug,2nd week,,Zanzibar,29.8857142857143,22.4
MKOANI,MKOANI,2019,Sep,2nd week,,Zanzibar,30.3,20.9857142857143
MKOANI,MKOANI,2019,Oct,2nd week,,Zanzibar,29.0,24.2
MKOANI,MKOANI,2019,Nov,2nd week,,Zanzibar,31.2428571428571,24.3857142857143
MKOANI,MKOANI,2019,Dec,2nd week,,Zanzibar,33.3142857142857,25.0714285714286
MKOANI,MKOANI,2019,Jan,3rd week,,Zanzibar,33.6,25.7285714285714
MKOANI,MKOANI,2019,Feb,3rd week,,Zanzibar,31.3285714285714,25.1857142857143
MKOANI,MKOANI,2019,Mar,3rd week,,Zanzibar,35.2714285714286,26.0142857142857
MKOANI,MKOANI,2019,Apr,3rd week,,Zanzibar,31.4142857142857,24.8714285714286
MKOANI,MKOANI,2019,May,3rd week,,Zanzibar,31.4714285714286,25.3571428571429
MKOANI,MKOANI,2019,Jun,3rd week,,Zanzibar,29.9,23.1
MKOANI,MKOANI,2019,Jul,3rd week,,Zanzibar,29.5,22.6714285714286
MKOANI,MKOANI,2019,Aug,3rd week,,Zanzibar,30.6714285714286,22.5714285714286
MKOANI,MKOANI,2019,Sep,3rd week,,Zanzibar,30.7142857142857,20.4285714285714
MKOANI,MKOANI,2019,Oct,3rd week,,Zanzibar,29.7428571428571,24.0
MKOANI,MKOANI,2019,Nov,3rd week,,Zanzibar,31.1857142857143,24.1428571428571
MKOANI,MKOANI,2019,Dec,3rd week,,Zanzibar,31.8714285714286,25.1142857142857
MKOANI,MKOANI,2019,Jan,4th week,,Zanzibar,33.2571428571429,25.5428571428571
MKOANI,MKOANI,2019,Feb,4th week,,Zanzibar,32.7285714285714,24.1142857142857
MKOANI,MKOANI,2019,Mar,4th week,,Zanzibar,34.8285714285714,25.9857142857143
MKOANI,MKOANI,2019,Apr,4th week,,Zanzibar,30.2,24.7
MKOANI,MKOANI,2019,May,4th week,,Zanzibar,30.6571428571429,24.3
MKOANI,MKOANI,2019,Jun,4th week,,Zanzibar,29.6857142857143,23.6142857142857
MKOANI,MKOANI,2019,Jul,4th week,,Zanzibar,30.3714285714286,22.0142857142857
MKOANI,MKOANI,2019,Aug,4th week,,Zanzibar,30.1857142857143,22.4285714285714
MKOANI,MKOANI,2019,Sep,4th week,,Zanzibar,30.5285714285714,22.1571428571429
MKOANI,MKOANI,2019,Oct,4th week,,Zanzibar,30.6,24.1
MKOANI,MKOANI,2019,Nov,4th week,,Zanzibar,31.9285714285714,24.7
MKOANI,MKOANI,2019,Dec,4th week,,Zanzibar,33.8,25.6428571428571
MKOANI,MKOANI,2018,Jan,1st week,,Zanzibar,,
MKOANI,MKOANI,2018,Feb,1st week,,Zanzibar,,
MKOANI,MKOANI,2018,Mar,1st week,,Zanzibar,,
MKOANI,MKOANI,2018,Apr,1st week,,Zanzibar,,
MKOANI,MKOANI,2018,May,1st week,,Zanzibar,,
MKOANI,MKOANI,2018,Jun,1st week,,Zanzibar,,
MKOANI,MKOANI,2018,Jul,1st week,,Zanzibar,,
MKOANI,MKOANI,2018,Aug,1st week,,Zanzibar,,
MKOANI,MKOANI,2018,Sep,1st week,,Zanzibar,,
MKOANI,MKOANI,2018,Oct,1st week,,Zanzibar,,
MKOANI,MKOANI,2018,Nov,1st week,,Zanzibar,,
MKOANI,MKOANI,2018,Dec,1st week,,Zanzibar,,
MKOANI,MKOANI,2018,Jan,2nd week,,Zanzibar,,
MKOANI,MKOANI,2018,Feb,2nd week,,Zanzibar,,
MKOANI,MKOANI,2018,Mar,2nd week,,Zanzibar,,
MKOANI,MKOANI,2018,Apr,2nd week,,Zanzibar,,
MKOANI,MKOANI,2018,May,2nd week,,Zanzibar,,
MKOANI,MKOANI,2018,Jun,2nd week,,Zanzibar,,
MKOANI,MKOANI,2018,Jul,2nd week,,Zanzibar,,
MKOANI,MKOANI,2018,Aug,2nd week,,Zanzibar,,
MKOANI,MKOANI,2018,Sep,2nd week,,Zanzibar,,
MKOANI,MKOANI,2018,Oct,2nd week,,Zanzibar,,
MKOANI,MKOANI,2018,Nov,2nd week,,Zanzibar,,
MKOANI,MKOANI,2018,Dec,2nd week,,Zanzibar,,
MKOANI,MKOANI,2018,Jan,3rd week,,Zanzibar,,
MKOANI,MKOANI,2018,Feb,3rd week,,Zanzibar,,
MKOANI,MKOANI,2018,Mar,3rd week,,Zanzibar,,
MKOANI,MKOANI,2018,Apr,3rd week,,Zanzibar,,
MKOANI,MKOANI,2018,May,3rd week,,Zanzibar,,
MKOANI,MKOANI,2018,Jun,3rd week,,Zanzibar,,
MKOANI,MKOANI,2018,Jul,3rd week,,Zanzibar,,
MKOANI,MKOANI,2018,Aug,3rd week,,Zanzibar,,
MKOANI,MKOANI,2018,Sep,3rd week,,Zanzibar,,
MKOANI,MKOANI,2018,Oct,3rd week,,Zanzibar,,
MKOANI,MKOANI,2018,Nov,3rd week,,Zanzibar,,
MKOANI,MKOANI,2018,Dec,3rd week,,Zanzibar,,
MKOANI,MKOANI,2018,Jan,4th week,,Zanzibar,,
MKOANI,MKOANI,2018,Feb,4th week,,Zanzibar,,
MKOANI,MKOANI,2018,Mar,4th week,,Zanzibar,,
MKOANI,MKOANI,2018,Apr,4th week,,Zanzibar,,
MKOANI,MKOANI,2018,May,4th week,,Zanzibar,,
MKOANI,MKOANI,2018,Jun,4th week,,Zanzibar,,
MKOANI,MKOANI,2018,Jul,4th week,,Zanzibar,,
MKOANI,MKOANI,2018,Aug,4th week,,Zanzibar,,
MKOANI,MKOANI,2018,Sep,4th week,,Zanzibar,,
MKOANI,MKOANI,2018,Oct,4th week,,Zanzibar,,
MKOANI,MKOANI,2018,Nov,4th week,,Zanzibar,,
MKOANI,MKOANI,2018,Dec,4th week,,Zanzibar,,
CHAKE-CHAKE,CHAKE-CHAKE,2023,Jan,1st week,5.2,Zanzibar,32.1428571428571,26.8857142857143
CHAKE-CHAKE,CHAKE-CHAKE,2023,Feb,1st week,7.2,Zanzibar,33.3571428571429,25.0428571428571
CHAKE-CHAKE,CHAKE-CHAKE,2023,Mar,1st week,0.0,Zanzibar,33.9142857142857,24.7714285714286
CHAKE-CHAKE,CHAKE-CHAKE,2023,Apr,1st week,37.99999999999999,Zanzibar,31.5857142857143,25.5285714285714
CHAKE-CHAKE,CHAKE-CHAKE,2023,May,1st week,15.1,Zanzibar,30.8857142857143,24.6571428571429
CHAKE-CHAKE,CHAKE-CHAKE,2023,Jun,1st week,147.1,Zanzibar,28.7571428571429,23.8714285714286
CHAKE-CHAKE,CHAKE-CHAKE,2023,Jul,1st week,22.5,Zanzibar,28.4428571428571,23.2
CHAKE-CHAKE,CHAKE-CHAKE,2023,Aug,1st week,8.4,Zanzibar,29.3857142857143,22.4428571428571
CHAKE-CHAKE,CHAKE-CHAKE,2023,Sep,1st week,0.0,Zanzibar,31.2428571428571,21.2285714285714
CHAKE-CHAKE,CHAKE-CHAKE,2023,Oct,1st week,5.3,Zanzibar,30.7142857142857,24.8714285714286
CHAKE-CHAKE,CHAKE-CHAKE,2023,Nov,1st week,168.79999999999998,Zanzibar,27.8714285714286,25.0142857142857
CHAKE-CHAKE,CHAKE-CHAKE,2023,Dec,1st week,39.0,Zanzibar,30.7142857142857,23.6857142857143
CHAKE-CHAKE,CHAKE-CHAKE,2023,Jan,2nd week,29.5,Zanzibar,31.3285714285714,26.0714285714286
CHAKE-CHAKE,CHAKE-CHAKE,2023,Feb,2nd week,16.5,Zanzibar,33.2571428571429,24.3571428571429
CHAKE-CHAKE,CHAKE-CHAKE,2023,Mar,2nd week,0.6,Zanzibar,34.1428571428571,25.5714285714286
CHAKE-CHAKE,CHAKE-CHAKE,2023,Apr,2nd week,20.7,Zanzibar,31.2714285714286,25.3
CHAKE-CHAKE,CHAKE-CHAKE,2023,May,2nd week,29.5,Zanzibar,30.5142857142857,24.9571428571429
CHAKE-CHAKE,CHAKE-CHAKE,2023,Jun,2nd week,66.8,Zanzibar,29.6714285714286,23.9714285714286
CHAKE-CHAKE,CHAKE-CHAKE,2023,Jul,2nd week,7.0,Zanzibar,29.1571428571429,22.8142857142857
CHAKE-CHAKE,CHAKE-CHAKE,2023,Aug,2nd week,8.399999999999999,Zanzibar,29.9428571428571,22.4
CHAKE-CHAKE,CHAKE-CHAKE,2023,Sep,2nd week,0.6,Zanzibar,31.0571428571429,20.9857142857143
CHAKE-CHAKE,CHAKE-CHAKE,2023,Oct,2nd week,0.0,Zanzibar,31.5285714285714,24.2
CHAKE-CHAKE,CHAKE-CHAKE,2023,Nov,2nd week,94.3,Zanzibar,29.7,24.3857142857143
CHAKE-CHAKE,CHAKE-CHAKE,2023,Dec,2nd week,16.7,Zanzibar,31.5285714285714,25.0714285714286
CHAKE-CHAKE,CHAKE-CHAKE,2023,Jan,3rd week,4.7,Zanzibar,32.4142857142857,25.7285714285714
CHAKE-CHAKE,CHAKE-CHAKE,2023,Feb,3rd week,0.0,Zanzibar,33.4714285714286,25.1857142857143
CHAKE-CHAKE,CHAKE-CHAKE,2023,Mar,3rd week,3.8000000000000007,Zanzibar,31.7571428571429,26.0142857142857
CHAKE-CHAKE,CHAKE-CHAKE,2023,Apr,3rd week,433.7,Zanzibar,28.8142857142857,24.8714285714286
CHAKE-CHAKE,CHAKE-CHAKE,2023,May,3rd week,9.4,Zanzibar,31.0714285714286,25.3571428571429
CHAKE-CHAKE,CHAKE-CHAKE,2023,Jun,3rd week,0.0,Zanzibar,30.1285714285714,23.1
CHAKE-CHAKE,CHAKE-CHAKE,2023,Jul,3rd week,1.5,Zanzibar,29.6285714285714,22.6714285714286
CHAKE-CHAKE,CHAKE-CHAKE,2023,Aug,3rd week,9.1,Zanzibar,30.6571428571429,22.5714285714286
CHAKE-CHAKE,CHAKE-CHAKE,2023,Sep,3rd week,0.0,Zanzibar,31.4285714285714,20.4285714285714
CHAKE-CHAKE,CHAKE-CHAKE,2023,Oct,3rd week,63.0,Zanzibar,32.1571428571429,24.0
CHAKE-CHAKE,CHAKE-CHAKE,2023,Nov,3rd week,92.7,Zanzibar,30.1,24.1428571428571
CHAKE-CHAKE,CHAKE-CHAKE,2023,Dec,3rd week,37.900000000000006,Zanzibar,32.1571428571429,25.1142857142857
CHAKE-CHAKE,CHAKE-CHAKE,2023,Jan,4th week,4.4,Zanzibar,32.7142857142857,25.5428571428571
CHAKE-CHAKE,CHAKE-CHAKE,2023,Feb,4th week,0.0,Zanzibar,33.5142857142857,24.1142857142857
CHAKE-CHAKE,CHAKE-CHAKE,2023,Mar,4th week,22.5,Zanzibar,31.3,25.9857142857143
CHAKE-CHAKE,CHAKE-CHAKE,2023,Apr,4th week,237.7,Zanzibar,30.0571428571429,24.7
CHAKE-CHAKE,CHAKE-CHAKE,2023,May,4th week,90.9,Zanzibar,29.9,24.3
CHAKE-CHAKE,CHAKE-CHAKE,2023,Jun,4th week,10.6,Zanzibar,29.6,23.6142857142857
CHAKE-CHAKE,CHAKE-CHAKE,2023,Jul,4th week,6.9,Zanzibar,28.5857142857143,22.0142857142857
CHAKE-CHAKE,CHAKE-CHAKE,2023,Aug,4th week,0.0,Zanzibar,30.4285714285714,22.4285714285714
CHAKE-CHAKE,CHAKE-CHAKE,2023,Sep,4th week,9.1,Zanzibar,30.8857142857143,22.1571428571429
CHAKE-CHAKE,CHAKE-CHAKE,2023,Oct,4th week,3.6,Zanzibar,31.3285714285714,24.1
CHAKE-CHAKE,CHAKE-CHAKE,2023,Nov,4th week,108.1,Zanzibar,30.3714285714286,24.7
CHAKE-CHAKE,CHAKE-CHAKE,2023,Dec,4th week,0.0,Zanzibar,31.3285714285714,25.6428571428571
CHAKE-CHAKE,CHAKE-CHAKE,2022,Jan,1st week,0.0,Zanzibar,33.6142857142857,26.0
CHAKE-CHAKE,CHAKE-CHAKE,2022,Feb,1st week,9.5,Zanzibar,31.3714285714286,24.8285714285714
CHAKE-CHAKE,CHAKE-CHAKE,2022,Mar,1st week,0.0,Zanzibar,33.8571428571429,25.5714285714286
CHAKE-CHAKE,CHAKE-CHAKE,2022,Apr,1st week,6.6,Zanzibar,32.9285714285714,25.7571428571429
CHAKE-CHAKE,CHAKE-CHAKE,2022,May,1st week,88.2,Zanzibar,30.4,24.8142857142857
CHAKE-CHAKE,CHAKE-CHAKE,2022,Jun,1st week,77.2,Zanzibar,30.8142857142857,23.6142857142857
CHAKE-CHAKE,CHAKE-CHAKE,2022,Jul,1st week,28.4,Zanzibar,28.6857142857143,22.2428571428571
CHAKE-CHAKE,CHAKE-CHAKE,2022,Aug,1st week,2.0,Zanzibar,29.0857142857143,21.7428571428571
CHAKE-CHAKE,CHAKE-CHAKE,2022,Sep,1st week,0.6,Zanzibar,30.0285714285714,22.2571428571429
CHAKE-CHAKE,CHAKE-CHAKE,2022,Oct,1st week,0.0,Zanzibar,30.6714285714286,22.5285714285714
CHAKE-CHAKE,CHAKE-CHAKE,2022,Nov,1st week,0.0,Zanzibar,31.4,23.4142857142857
CHAKE-CHAKE,CHAKE-CHAKE,2022,Dec,1st week,0.0,Zanzibar,32.1,24.4
CHAKE-CHAKE,CHAKE-CHAKE,2022,Jan,2nd week,0.9,Zanzibar,33.7571428571429,26.2142857142857
CHAKE-CHAKE,CHAKE-CHAKE,2022,Feb,2nd week,0.0,Zanzibar,32.2714285714286,25.7142857142857
CHAKE-CHAKE,CHAKE-CHAKE,2022,Mar,2nd week,0.0,Zanzibar,33.7285714285714,25.7714285714286
CHAKE-CHAKE,CHAKE-CHAKE,2022,Apr,2nd week,25.3,Zanzibar,31.5285714285714,25.4142857142857
CHAKE-CHAKE,CHAKE-CHAKE,2022,May,2nd week,0.7,Zanzibar,31.5285714285714,25.7285714285714
CHAKE-CHAKE,CHAKE-CHAKE,2022,Jun,2nd week,18.5,Zanzibar,30.9714285714286,24.6428571428571
CHAKE-CHAKE,CHAKE-CHAKE,2022,Jul,2nd week,21.9,Zanzibar,29.0428571428571,22.1285714285714
CHAKE-CHAKE,CHAKE-CHAKE,2022,Aug,2nd week,10.6,Zanzibar,28.6857142857143,21.8285714285714
CHAKE-CHAKE,CHAKE-CHAKE,2022,Sep,2nd week,2.0,Zanzibar,30.2571428571429,21.7285714285714
CHAKE-CHAKE,CHAKE-CHAKE,2022,Oct,2nd week,1.4,Zanzibar,31.2428571428571,22.2714285714286
CHAKE-CHAKE,CHAKE-CHAKE,2022,Nov,2nd week,3.7,Zanzibar,31.3,24.4
CHAKE-CHAKE,CHAKE-CHAKE,2022,Dec,2nd week,0.0,Zanzibar,31.9857142857143,24.4428571428571
CHAKE-CHAKE,CHAKE-CHAKE,2022,Jan,3rd week,51.7,Zanzibar,33.0285714285714,25.3142857142857
CHAKE-CHAKE,CHAKE-CHAKE,2022,Feb,3rd week,6.1,Zanzibar,33.3428571428571,25.6285714285714
CHAKE-CHAKE,CHAKE-CHAKE,2022,Mar,3rd week,0.0,Zanzibar,33.8714285714286,26.1714285714286
CHAKE-CHAKE,CHAKE-CHAKE,2022,Apr,3rd week,185.40000000000003,Zanzibar,30.4,24.8285714285714
CHAKE-CHAKE,CHAKE-CHAKE,2022,May,3rd week,6.1,Zanzibar,31.2428571428571,25.1714285714286
CHAKE-CHAKE,CHAKE-CHAKE,2022,Jun,3rd week,1.6,Zanzibar,30.2285714285714,23.6
CHAKE-CHAKE,CHAKE-CHAKE,2022,Jul,3rd week,22.7,Zanzibar,28.4428571428571,22.4857142857143
CHAKE-CHAKE,CHAKE-CHAKE,2022,Aug,3rd week,1.4,Zanzibar,29.5571428571429,20.5285714285714
CHAKE-CHAKE,CHAKE-CHAKE,2022,Sep,3rd week,3.4,Zanzibar,30.5714285714286,23.0857142857143
CHAKE-CHAKE,CHAKE-CHAKE,2022,Oct,3rd week,0.0,Zanzibar,31.0428571428571,22.4142857142857
CHAKE-CHAKE,CHAKE-CHAKE,2022,Nov,3rd week,21.8,Zanzibar,31.2,24.4714285714286
CHAKE-CHAKE,CHAKE-CHAKE,2022,Dec,3rd week,0.0,Zanzibar,32.2857142857143,25.2857142857143
CHAKE-CHAKE,CHAKE-CHAKE,2022,Jan,4th week,0.0,Zanzibar,31.0571428571429,24.4714285714286
CHAKE-CHAKE,CHAKE-CHAKE,2022,Feb,4th week,20.4,Zanzibar,32.1285714285714,25.7857142857143
CHAKE-CHAKE,CHAKE-CHAKE,2022,Mar,4th week,21.200000000000003,Zanzibar,32.8714285714286,25.5857142857143
CHAKE-CHAKE,CHAKE-CHAKE,2022,Apr,4th week,110.6,Zanzibar,29.9714285714286,25.1857142857143
CHAKE-CHAKE,CHAKE-CHAKE,2022,May,4th week,6.8,Zanzibar,31.7571428571429,24.9857142857143
CHAKE-CHAKE,CHAKE-CHAKE,2022,Jun,4th week,7.399999999999999,Zanzibar,29.6571428571429,24.1142857142857
CHAKE-CHAKE,CHAKE-CHAKE,2022,Jul,4th week,0.5,Zanzibar,28.6571428571429,21.9571428571429
CHAKE-CHAKE,CHAKE-CHAKE,2022,Aug,4th week,8.7,Zanzibar,28.9857142857143,21.6
CHAKE-CHAKE,CHAKE-CHAKE,2022,Sep,4th week,8.8,Zanzibar,30.8714285714286,23.0
CHAKE-CHAKE,CHAKE-CHAKE,2022,Oct,4th week,20.8,Zanzibar,30.5714285714286,23.0714285714286
CHAKE-CHAKE,CHAKE-CHAKE,2022,Nov,4th week,7.3,Zanzibar,30.5714285714286,24.4285714285714
CHAKE-CHAKE,CHAKE-CHAKE,2022,Dec,4th week,9.1,Zanzibar,31.4,24.9571428571429
CHAKE-CHAKE,CHAKE-CHAKE,2021,Jan,1st week,6.0,Zanzibar,31.4571428571429,25.3142857142857
CHAKE-CHAKE,CHAKE-CHAKE,2021,Feb,1st week,0.0,Zanzibar,32.9428571428571,24.9571428571429
CHAKE-CHAKE,CHAKE-CHAKE,2021,Mar,1st week,0.0,Zanzibar,33.9,26.1571428571429
CHAKE-CHAKE,CHAKE-CHAKE,2021,Apr,1st week,88.1,Zanzibar,31.9142857142857,25.5285714285714
CHAKE-CHAKE,CHAKE-CHAKE,2021,May,1st week,177.10000000000002,Zanzibar,28.9142857142857,24.9142857142857
CHAKE-CHAKE,CHAKE-CHAKE,2021,Jun,1st week,19.1,Zanzibar,30.1714285714286,23.9
CHAKE-CHAKE,CHAKE-CHAKE,2021,Jul,1st week,1.7,Zanzibar,29.7857142857143,23.1571428571429
CHAKE-CHAKE,CHAKE-CHAKE,2021,Aug,1st week,5.8,Zanzibar,29.4,22.8571428571429
CHAKE-CHAKE,CHAKE-CHAKE,2021,Sep,1st week,1.0,Zanzibar,30.2571428571429,23.1428571428571
CHAKE-CHAKE,CHAKE-CHAKE,2021,Oct,1st week,0.0,Zanzibar,31.8857142857143,22.9
CHAKE-CHAKE,CHAKE-CHAKE,2021,Nov,1st week,0.9,Zanzibar,33.0428571428571,24.8571428571429
CHAKE-CHAKE,CHAKE-CHAKE,2021,Dec,1st week,31.700000000000003,Zanzibar,31.1714285714286,25.5285714285714
CHAKE-CHAKE,CHAKE-CHAKE,2021,Jan,2nd week,75.7,Zanzibar,31.2,25.2714285714286
CHAKE-CHAKE,CHAKE-CHAKE,2021,Feb,2nd week,18.2,Zanzibar,31.3714285714286,25.7285714285714
CHAKE-CHAKE,CHAKE-CHAKE,2021,Mar,2nd week,0.0,Zanzibar,33.5285714285714,25.0428571428571
CHAKE-CHAKE,CHAKE-CHAKE,2021,Apr,2nd week,85.20000000000002,Zanzibar,29.5857142857143,24.3571428571429
CHAKE-CHAKE,CHAKE-CHAKE,2021,May,2nd week,0.0,Zanzibar,30.9857142857143,24.8
CHAKE-CHAKE,CHAKE-CHAKE,2021,Jun,2nd week,10.8,Zanzibar,29.2,23.3428571428571
CHAKE-CHAKE,CHAKE-CHAKE,2021,Jul,2nd week,4.8,Zanzibar,29.6428571428571,23.7142857142857
CHAKE-CHAKE,CHAKE-CHAKE,2021,Aug,2nd week,0.0,Zanzibar,29.3714285714286,21.6571428571429
CHAKE-CHAKE,CHAKE-CHAKE,2021,Sep,2nd week,14.3,Zanzibar,30.0285714285714,22.9
CHAKE-CHAKE,CHAKE-CHAKE,2021,Oct,2nd week,0.0,Zanzibar,31.6,23.5142857142857
CHAKE-CHAKE,CHAKE-CHAKE,2021,Nov,2nd week,0.0,Zanzibar,32.7142857142857,24.1428571428571
CHAKE-CHAKE,CHAKE-CHAKE,2021,Dec,2nd week,25.6,Zanzibar,30.7428571428571,24.3571428571429
CHAKE-CHAKE,CHAKE-CHAKE,2021,Jan,3rd week,0.0,Zanzibar,33.2428571428572,25.0714285714286
CHAKE-CHAKE,CHAKE-CHAKE,2021,Feb,3rd week,0.0,Zanzibar,32.5,25.0857142857143
CHAKE-CHAKE,CHAKE-CHAKE,2021,Mar,3rd week,15.3,Zanzibar,32.8714285714286,25.0
CHAKE-CHAKE,CHAKE-CHAKE,2021,Apr,3rd week,149.49999999999997,Zanzibar,29.9571428571429,24.5428571428571
CHAKE-CHAKE,CHAKE-CHAKE,2021,May,3rd week,1.6,Zanzibar,31.2285714285714,24.7142857142857
CHAKE-CHAKE,CHAKE-CHAKE,2021,Jun,3rd week,1.5,Zanzibar,29.1571428571429,23.3714285714286
CHAKE-CHAKE,CHAKE-CHAKE,2021,Jul,3rd week,7.5,Zanzibar,30.0571428571429,23.4857142857143
CHAKE-CHAKE,CHAKE-CHAKE,2021,Aug,3rd week,15.7,Zanzibar,29.3714285714286,22.7571428571429
CHAKE-CHAKE,CHAKE-CHAKE,2021,Sep,3rd week,5.6,Zanzibar,30.8,22.3714285714286
CHAKE-CHAKE,CHAKE-CHAKE,2021,Oct,3rd week,18.7,Zanzibar,31.0714285714286,22.9
CHAKE-CHAKE,CHAKE-CHAKE,2021,Nov,3rd week,0.0,Zanzibar,32.9714285714286,24.0714285714286
CHAKE-CHAKE,CHAKE-CHAKE,2021,Dec,3rd week,26.7,Zanzibar,31.3714285714286,25.1142857142857
CHAKE-CHAKE,CHAKE-CHAKE,2021,Jan,4th week,15.8,Zanzibar,32.9428571428571,25.0857142857143
CHAKE-CHAKE,CHAKE-CHAKE,2021,Feb,4th week,12.5,Zanzibar,33.2428571428572,25.2428571428571
CHAKE-CHAKE,CHAKE-CHAKE,2021,Mar,4th week,61.6,Zanzibar,32.8571428571429,25.7714285714286
CHAKE-CHAKE,CHAKE-CHAKE,2021,Apr,4th week,56.7,Zanzibar,31.2571428571429,25.5428571428571
CHAKE-CHAKE,CHAKE-CHAKE,2021,May,4th week,5.8,Zanzibar,30.7857142857143,24.3428571428571
CHAKE-CHAKE,CHAKE-CHAKE,2021,Jun,4th week,31.6,Zanzibar,29.5142857142857,21.8428571428571
CHAKE-CHAKE,CHAKE-CHAKE,2021,Jul,4th week,2.2,Zanzibar,29.5571428571429,23.2857142857143
CHAKE-CHAKE,CHAKE-CHAKE,2021,Aug,4th week,2.4000000000000004,Zanzibar,30.1,21.5285714285714
CHAKE-CHAKE,CHAKE-CHAKE,2021,Sep,4th week,2.7,Zanzibar,30.7,22.8714285714286
CHAKE-CHAKE,CHAKE-CHAKE,2021,Oct,4th week,2.0,Zanzibar,31.8571428571429,23.5285714285714
CHAKE-CHAKE,CHAKE-CHAKE,2021,Nov,4th week,0.4,Zanzibar,32.6833333333333,25.6571428571429
CHAKE-CHAKE,CHAKE-CHAKE,2021,Dec,4th week,17.0,Zanzibar,31.5285714285714,25.0571428571429
CHAKE-CHAKE,CHAKE-CHAKE,2020,Jan,1st week,6.0,Zanzibar,33.7,25.8428571428571
CHAKE-CHAKE,CHAKE-CHAKE,2020,Feb,1st week,0.0,Zanzibar,34.5142857142857,25.0571428571429
CHAKE-CHAKE,CHAKE-CHAKE,2020,Mar,1st week,0.0,Zanzibar,32.2571428571429,25.4
CHAKE-CHAKE,CHAKE-CHAKE,2020,Apr,1st week,88.1,Zanzibar,32.8857142857143,25.7714285714286
CHAKE-CHAKE,CHAKE-CHAKE,2020,May,1st week,177.10000000000002,Zanzibar,30.2142857142857,24.9285714285714
CHAKE-CHAKE,CHAKE-CHAKE,2020,Jun,1st week,19.1,Zanzibar,30.4571428571429,24.9428571428571
CHAKE-CHAKE,CHAKE-CHAKE,2020,Jul,1st week,1.7,Zanzibar,29.7714285714286,23.5857142857143
CHAKE-CHAKE,CHAKE-CHAKE,2020,Aug,1st week,5.8,Zanzibar,29.8571428571429,23.0285714285714
CHAKE-CHAKE,CHAKE-CHAKE,2020,Sep,1st week,1.0,Zanzibar,29.9,23.0428571428571
CHAKE-CHAKE,CHAKE-CHAKE,2020,Oct,1st week,0.0,Zanzibar,31.7857142857143,24.0857142857143
CHAKE-CHAKE,CHAKE-CHAKE,2020,Nov,1st week,0.9,Zanzibar,30.0428571428571,22.8
CHAKE-CHAKE,CHAKE-CHAKE,2020,Dec,1st week,31.700000000000003,Zanzibar,31.5285714285714,24.5285714285714
CHAKE-CHAKE,CHAKE-CHAKE,2020,Jan,2nd week,75.7,Zanzibar,33.1285714285714,25.4857142857143
CHAKE-CHAKE,CHAKE-CHAKE,2020,Feb,2nd week,18.2,Zanzibar,31.9857142857143,25.1428571428571
CHAKE-CHAKE,CHAKE-CHAKE,2020,Mar,2nd week,0.0,Zanzibar,32.1857142857143,24.9428571428571
CHAKE-CHAKE,CHAKE-CHAKE,2020,Apr,2nd week,85.20000000000002,Zanzibar,30.1571428571429,24.3857142857143
CHAKE-CHAKE,CHAKE-CHAKE,2020,May,2nd week,0.0,Zanzibar,30.4571428571429,25.7285714285714
CHAKE-CHAKE,CHAKE-CHAKE,2020,Jun,2nd week,10.8,Zanzibar,30.6428571428571,24.2428571428571
CHAKE-CHAKE,CHAKE-CHAKE,2020,Jul,2nd week,4.8,Zanzibar,29.6,23.1
CHAKE-CHAKE,CHAKE-CHAKE,2020,Aug,2nd week,0.0,Zanzibar,29.3285714285714,22.0571428571429
CHAKE-CHAKE,CHAKE-CHAKE,2020,Sep,2nd week,14.3,Zanzibar,30.7,23.7142857142857
CHAKE-CHAKE,CHAKE-CHAKE,2020,Oct,2nd week,0.0,Zanzibar,32.1142857142857,23.4857142857143
CHAKE-CHAKE,CHAKE-CHAKE,2020,Nov,2nd week,0.0,Zanzibar,29.9428571428571,24.1857142857143
CHAKE-CHAKE,CHAKE-CHAKE,2020,Dec,2nd week,25.6,Zanzibar,31.9428571428571,25.0571428571429
CHAKE-CHAKE,CHAKE-CHAKE,2020,Jan,3rd week,0.0,Zanzibar,31.6714285714286,24.9285714285714
CHAKE-CHAKE,CHAKE-CHAKE,2020,Feb,3rd week,0.0,Zanzibar,31.3285714285714,25.9714285714286
CHAKE-CHAKE,CHAKE-CHAKE,2020,Mar,3rd week,15.3,Zanzibar,32.0571428571429,25.8428571428571
CHAKE-CHAKE,CHAKE-CHAKE,2020,Apr,3rd week,149.49999999999997,Zanzibar,29.1857142857143,24.6571428571429
CHAKE-CHAKE,CHAKE-CHAKE,2020,May,3rd week,1.6,Zanzibar,29.9285714285714,24.5142857142857
CHAKE-CHAKE,CHAKE-CHAKE,2020,Jun,3rd week,1.5,Zanzibar,30.3857142857143,23.5
CHAKE-CHAKE,CHAKE-CHAKE,2020,Jul,3rd week,7.5,Zanzibar,28.8285714285714,22.7285714285714
CHAKE-CHAKE,CHAKE-CHAKE,2020,Aug,3rd week,15.7,Zanzibar,29.2285714285714,22.6857142857143
CHAKE-CHAKE,CHAKE-CHAKE,2020,Sep,3rd week,5.6,Zanzibar,31.0714285714286,22.1857142857143
CHAKE-CHAKE,CHAKE-CHAKE,2020,Oct,3rd week,18.7,Zanzibar,31.3428571428571,23.5285714285714
CHAKE-CHAKE,CHAKE-CHAKE,2020,Nov,3rd week,0.0,Zanzibar,30.9714285714286,24.6285714285714
CHAKE-CHAKE,CHAKE-CHAKE,2020,Dec,3rd week,26.7,Zanzibar,31.7,24.5428571428571
CHAKE-CHAKE,CHAKE-CHAKE,2020,Jan,4th week,15.8,Zanzibar,30.7571428571429,25.8
CHAKE-CHAKE,CHAKE-CHAKE,2020,Feb,4th week,12.5,Zanzibar,32.7285714285714,26.375
CHAKE-CHAKE,CHAKE-CHAKE,2020,Mar,4th week,61.6,Zanzibar,31.8714285714286,25.5375
CHAKE-CHAKE,CHAKE-CHAKE,2020,Apr,4th week,56.7,Zanzibar,30.9571428571429,25.0
CHAKE-CHAKE,CHAKE-CHAKE,2020,May,4th week,5.8,Zanzibar,30.7714285714286,24.325
CHAKE-CHAKE,CHAKE-CHAKE,2020,Jun,4th week,31.6,Zanzibar,29.8714285714286,24.225
CHAKE-CHAKE,CHAKE-CHAKE,2020,Jul,4th week,2.2,Zanzibar,29.3428571428571,22.75
CHAKE-CHAKE,CHAKE-CHAKE,2020,Aug,4th week,2.4000000000000004,Zanzibar,29.5,21.95
CHAKE-CHAKE,CHAKE-CHAKE,2020,Sep,4th week,2.7,Zanzibar,30.6857142857143,23.1
CHAKE-CHAKE,CHAKE-CHAKE,2020,Oct,4th week,2.0,Zanzibar,31.3142857142857,23.875
CHAKE-CHAKE,CHAKE-CHAKE,2020,Nov,4th week,0.4,Zanzibar,30.6714285714286,24.7875
CHAKE-CHAKE,CHAKE-CHAKE,2020,Dec,4th week,17.0,Zanzibar,31.8,25.55
CHAKE-CHAKE,CHAKE-CHAKE,2019,Jan,1st week,9.0,Zanzibar,33.0571428571429,26.8857142857143
CHAKE-CHAKE,CHAKE-CHAKE,2019,Feb,1st week,1.0,Zanzibar,34.5142857142857,25.0428571428571
CHAKE-CHAKE,CHAKE-CHAKE,2019,Mar,1st week,0.0,Zanzibar,33.8,24.7714285714286
CHAKE-CHAKE,CHAKE-CHAKE,2019,Apr,1st week,45.5,Zanzibar,32.4714285714286,25.5285714285714
CHAKE-CHAKE,CHAKE-CHAKE,2019,May,1st week,385.8,Zanzibar,31.4142857142857,24.6571428571429
CHAKE-CHAKE,CHAKE-CHAKE,2019,Jun,1st week,13.5,Zanzibar,30.3285714285714,23.8714285714286
CHAKE-CHAKE,CHAKE-CHAKE,2019,Jul,1st week,0.0,Zanzibar,30.8,23.2
CHAKE-CHAKE,CHAKE-CHAKE,2019,Aug,1st week,14.0,Zanzibar,30.3285714285714,22.4428571428571
CHAKE-CHAKE,CHAKE-CHAKE,2019,Sep,1st week,0.0,Zanzibar,29.2142857142857,21.2285714285714
CHAKE-CHAKE,CHAKE-CHAKE,2019,Oct,1st week,29.1,Zanzibar,29.9142857142857,24.8714285714286
CHAKE-CHAKE,CHAKE-CHAKE,2019,Nov,1st week,28.0,Zanzibar,32.0285714285714,25.0142857142857
CHAKE-CHAKE,CHAKE-CHAKE,2019,Dec,1st week,7.699999999999999,Zanzibar,32.6571428571429,23.6857142857143
CHAKE-CHAKE,CHAKE-CHAKE,2019,Jan,2nd week,0.0,Zanzibar,33.8142857142857,26.0714285714286
CHAKE-CHAKE,CHAKE-CHAKE,2019,Feb,2nd week,0.5,Zanzibar,31.9857142857143,24.3571428571429
CHAKE-CHAKE,CHAKE-CHAKE,2019,Mar,2nd week,0.0,Zanzibar,34.1285714285714,25.5714285714286
CHAKE-CHAKE,CHAKE-CHAKE,2019,Apr,2nd week,2.3,Zanzibar,32.0428571428571,25.3
CHAKE-CHAKE,CHAKE-CHAKE,2019,May,2nd week,339.0,Zanzibar,30.7285714285714,24.9571428571429
CHAKE-CHAKE,CHAKE-CHAKE,2019,Jun,2nd week,5.5,Zanzibar,30.3142857142857,23.9714285714286
CHAKE-CHAKE,CHAKE-CHAKE,2019,Jul,2nd week,3.7,Zanzibar,30.2571428571429,22.8142857142857
CHAKE-CHAKE,CHAKE-CHAKE,2019,Aug,2nd week,0.4,Zanzibar,29.8857142857143,22.4
CHAKE-CHAKE,CHAKE-CHAKE,2019,Sep,2nd week,16.700000000000003,Zanzibar,30.3,20.9857142857143
CHAKE-CHAKE,CHAKE-CHAKE,2019,Oct,2nd week,188.7,Zanzibar,29.0,24.2
CHAKE-CHAKE,CHAKE-CHAKE,2019,Nov,2nd week,10.7,Zanzibar,31.2428571428571,24.3857142857143
CHAKE-CHAKE,CHAKE-CHAKE,2019,Dec,2nd week,5.199999999999999,Zanzibar,33.3142857142857,25.0714285714286
CHAKE-CHAKE,CHAKE-CHAKE,2019,Jan,3rd week,1.0,Zanzibar,33.6,25.7285714285714
CHAKE-CHAKE,CHAKE-CHAKE,2019,Feb,3rd week,6.8,Zanzibar,31.3285714285714,25.1857142857143
CHAKE-CHAKE,CHAKE-CHAKE,2019,Mar,3rd week,0.0,Zanzibar,35.2714285714286,26.0142857142857
CHAKE-CHAKE,CHAKE-CHAKE,2019,Apr,3rd week,17.6,Zanzibar,31.4142857142857,24.8714285714286
CHAKE-CHAKE,CHAKE-CHAKE,2019,May,3rd week,57.7,Zanzibar,31.4714285714286,25.3571428571429
CHAKE-CHAKE,CHAKE-CHAKE,2019,Jun,3rd week,14.4,Zanzibar,29.9,23.1
CHAKE-CHAKE,CHAKE-CHAKE,2019,Jul,3rd week,12.7,Zanzibar,29.5,22.6714285714286
CHAKE-CHAKE,CHAKE-CHAKE,2019,Aug,3rd week,5.4,Zanzibar,30.6714285714286,22.5714285714286
CHAKE-CHAKE,CHAKE-CHAKE,2019,Sep,3rd week,0.0,Zanzibar,30.7142857142857,20.4285714285714
CHAKE-CHAKE,CHAKE-CHAKE,2019,Oct,3rd week,137.1,Zanzibar,29.7428571428571,24.0
CHAKE-CHAKE,CHAKE-CHAKE,2019,Nov,3rd week,50.3,Zanzibar,31.1857142857143,24.1428571428571
CHAKE-CHAKE,CHAKE-CHAKE,2019,Dec,3rd week,215.6,Zanzibar,31.8714285714286,25.1142857142857
CHAKE-CHAKE,CHAKE-CHAKE,2019,Jan,4th week,0.0,Zanzibar,33.2571428571429,25.5428571428571
CHAKE-CHAKE,CHAKE-CHAKE,2019,Feb,4th week,33.0,Zanzibar,32.7285714285714,24.1142857142857
CHAKE-CHAKE,CHAKE-CHAKE,2019,Mar,4th week,5.1,Zanzibar,34.8285714285714,25.9857142857143
CHAKE-CHAKE,CHAKE-CHAKE,2019,Apr,4th week,68.5,Zanzibar,30.2,24.7
CHAKE-CHAKE,CHAKE-CHAKE,2019,May,4th week,263.2,Zanzibar,30.6571428571429,24.3
CHAKE-CHAKE,CHAKE-CHAKE,2019,Jun,4th week,0.0,Zanzibar,29.6857142857143,23.6142857142857
CHAKE-CHAKE,CHAKE-CHAKE,2019,Jul,4th week,0.1,Zanzibar,30.3714285714286,22.0142857142857
CHAKE-CHAKE,CHAKE-CHAKE,2019,Aug,4th week,7.1,Zanzibar,30.1857142857143,22.4285714285714
CHAKE-CHAKE,CHAKE-CHAKE,2019,Sep,4th week,6.9,Zanzibar,30.5285714285714,22.1571428571429
CHAKE-CHAKE,CHAKE-CHAKE,2019,Oct,4th week,126.3,Zanzibar,30.6,24.1
CHAKE-CHAKE,CHAKE-CHAKE,2019,Nov,4th week,61.0,Zanzibar,31.9285714285714,24.7
CHAKE-CHAKE,CHAKE-CHAKE,2019,Dec,4th week,44.00000000000001,Zanzibar,33.8,25.6428571428571
CHAKE-CHAKE,CHAKE-CHAKE,2018,Jan,1st week,14.1,Zanzibar,,
CHAKE-CHAKE,CHAKE-CHAKE,2018,Feb,1st week,0.0,Zanzibar,,
CHAKE-CHAKE,CHAKE-CHAKE,2018,Mar,1st week,130.8,Zanzibar,,
CHAKE-CHAKE,CHAKE-CHAKE,2018,Apr,1st week,66.1,Zanzibar,,
CHAKE-CHAKE,CHAKE-CHAKE,2018,May,1st week,321.6,Zanzibar,,
CHAKE-CHAKE,CHAKE-CHAKE,2018,Jun,1st week,50.2,Zanzibar,,
CHAKE-CHAKE,CHAKE-CHAKE,2018,Jul,1st week,14.8,Zanzibar,,
CHAKE-CHAKE,CHAKE-CHAKE,2018,Aug,1st week,0.0,Zanzibar,,
CHAKE-CHAKE,CHAKE-CHAKE,2018,Sep,1st week,7.0,Zanzibar,,
CHAKE-CHAKE,CHAKE-CHAKE,2018,Oct,1st week,0.0,Zanzibar,,
CHAKE-CHAKE,CHAKE-CHAKE,2018,Nov,1st week,0.0,Zanzibar,,
CHAKE-CHAKE,CHAKE-CHAKE,2018,Dec,1st week,0.0,Zanzibar,,
CHAKE-CHAKE,CHAKE-CHAKE,2018,Jan,2nd week,1.1,Zanzibar,,
CHAKE-CHAKE,CHAKE-CHAKE,2018,Feb,2nd week,0.0,Zanzibar,,
CHAKE-CHAKE,CHAKE-CHAKE,2018,Mar,2nd week,61.2,Zanzibar,,
CHAKE-CHAKE,CHAKE-CHAKE,2018,Apr,2nd week,152.5,Zanzibar,,
CHAKE-CHAKE,CHAKE-CHAKE,2018,May,2nd week,210.5,Zanzibar,,
CHAKE-CHAKE,CHAKE-CHAKE,2018,Jun,2nd week,19.1,Zanzibar,,
CHAKE-CHAKE,CHAKE-CHAKE,2018,Jul,2nd week,4.9,Zanzibar,,
CHAKE-CHAKE,CHAKE-CHAKE,2018,Aug,2nd week,0.0,Zanzibar,,
CHAKE-CHAKE,CHAKE-CHAKE,2018,Sep,2nd week,4.2,Zanzibar,,
CHAKE-CHAKE,CHAKE-CHAKE,2018,Oct,2nd week,1.6,Zanzibar,,
CHAKE-CHAKE,CHAKE-CHAKE,2018,Nov,2nd week,13.5,Zanzibar,,
CHAKE-CHAKE,CHAKE-CHAKE,2018,Dec,2nd week,34.400000000000006,Zanzibar,,
CHAKE-CHAKE,CHAKE-CHAKE,2018,Jan,3rd week,0.0,Zanzibar,,
CHAKE-CHAKE,CHAKE-CHAKE,2018,Feb,3rd week,0.0,Zanzibar,,
CHAKE-CHAKE,CHAKE-CHAKE,2018,Mar,3rd week,50.0,Zanzibar,,
CHAKE-CHAKE,CHAKE-CHAKE,2018,Apr,3rd week,131.7,Zanzibar,,
CHAKE-CHAKE,CHAKE-CHAKE,2018,May,3rd week,65.39999999999999,Zanzibar,,
CHAKE-CHAKE,CHAKE-CHAKE,2018,Jun,3rd week,0.2,Zanzibar,,
CHAKE-CHAKE,CHAKE-CHAKE,2018,Jul,3rd week,10.4,Zanzibar,,
CHAKE-CHAKE,CHAKE-CHAKE,2018,Aug,3rd week,0.0,Zanzibar,,
CHAKE-CHAKE,CHAKE-CHAKE,2018,Sep,3rd week,5.0,Zanzibar,,
CHAKE-CHAKE,CHAKE-CHAKE,2018,Oct,3rd week,5.1000000000000005,Zanzibar,,
CHAKE-CHAKE,CHAKE-CHAKE,2018,Nov,3rd week,16.8,Zanzibar,,
CHAKE-CHAKE,CHAKE-CHAKE,2018,Dec,3rd week,13.7,Zanzibar,,
CHAKE-CHAKE,CHAKE-CHAKE,2018,Jan,4th week,0.0,Zanzibar,,
CHAKE-CHAKE,CHAKE-CHAKE,2018,Feb,4th week,0.0,Zanzibar,,
CHAKE-CHAKE,CHAKE-CHAKE,2018,Mar,4th week,64.7,Zanzibar,,
CHAKE-CHAKE,CHAKE-CHAKE,2018,Apr,4th week,44.4,Zanzibar,,
CHAKE-CHAKE,CHAKE-CHAKE,2018,May,4th week,83.89999999999999,Zanzibar,,
CHAKE-CHAKE,CHAKE-CHAKE,2018,Jun,4th week,16.999999999999996,Zanzibar,,
CHAKE-CHAKE,CHAKE-CHAKE,2018,Jul,4th week,11.400000000000002,Zanzibar,,
CHAKE-CHAKE,CHAKE-CHAKE,2018,Aug,4th week,0.0,Zanzibar,,
CHAKE-CHAKE,CHAKE-CHAKE,2018,Sep,4th week,38.5,Zanzibar,,
CHAKE-CHAKE,CHAKE-CHAKE,2018,Oct,4th week,61.3,Zanzibar,,
CHAKE-CHAKE,CHAKE-CHAKE,2018,Nov,4th week,3.3000000000000003,Zanzibar,,
CHAKE-CHAKE,CHAKE-CHAKE,2018,Dec,4th week,0.6,Zanzibar,,
